0.464180 -0.068768 0.060212 0.000000
0.629383 -1.349613 0.116922 1.000000
-0.136434 -0.597674 0.126317 0.000000
0.403122 -0.817363 0.416445 0.000000
0.174224 -0.266940 0.575480 0.000000
0.347272 0.488805 0.151575 0.000000
0.071524 -0.244902 -0.049845 0.000000
0.343206 -0.466372 0.187804 0.000000
0.594463 -0.054130 0.454303 0.000000
0.292235 -1.149117 0.216840 0.000000
0.240007 -0.009048 0.332945 0.000000
0.321333 0.191576 0.114362 0.000000
0.057660 -0.406940 0.170878 0.000000
0.442830 -0.990936 0.613004 0.000000
0.215087 -0.201615 0.161260 0.000000
0.355421 -0.896419 0.177006 1.000000
0.518349 -0.280384 0.196451 0.000000
0.501038 -0.278094 -0.072086 0.000000
0.527784 -1.134742 0.162965 1.000000
0.327070 -0.683394 0.208669 0.000000
0.662060 -0.177504 0.084250 0.000000
0.441492 -0.016085 0.328183 0.000000
0.295960 -0.006322 0.146462 0.000000
0.276890 -0.131633 -0.006125 0.000000
0.205953 -0.162324 0.428417 0.000000
0.397444 -0.210585 0.310955 0.000000
0.468249 0.095596 0.127184 0.000000
0.377870 -0.566635 0.316893 0.000000
0.326310 0.113132 0.262643 0.000000
0.399544 0.332802 0.162990 0.000000
0.336164 -0.305447 0.191007 0.000000
0.286309 -1.004489 0.272033 0.000000
0.437023 -1.020038 0.191962 1.000000
0.531064 -0.143606 0.160651 0.000000
0.391982 0.047299 0.018833 0.000000
0.390391 -0.929977 0.498664 0.000000
0.335207 -0.136869 0.189235 0.000000
-0.037458 -0.502773 0.142598 0.000000
0.458012 -0.027102 0.190773 0.000000
0.394199 -0.694364 0.359618 0.000000
0.117814 -0.289641 0.168247 0.000000
0.508429 -0.175574 0.004911 0.000000
0.402445 0.211785 0.210507 0.000000
0.551818 -1.253117 0.128373 1.000000
0.372602 -0.063654 -0.040603 0.000000
0.185963 -0.206509 -0.036031 0.000000
0.429755 -0.119898 0.248928 0.000000
0.332064 -0.794849 0.217204 0.000000
0.328912 -0.575226 0.191621 0.000000
0.307259 -0.034761 0.041697 0.000000
0.359731 0.099730 0.156265 0.000000
0.386130 0.026586 0.247456 0.000000
0.323477 0.293954 0.106088 0.000000
0.253073 -0.099321 0.141316 0.000000
0.396491 0.138253 0.063958 0.000000
0.516387 -0.033312 0.397712 0.000000
0.408417 0.243594 0.118002 0.000000
0.338277 -0.389194 0.247477 0.000000
0.307729 0.060587 0.065099 0.000000
0.332787 0.393644 0.134212 0.000000
0.360003 -0.074837 0.292698 0.000000
0.228634 -0.088415 0.377768 0.000000
0.192444 -0.221712 0.497734 0.000000
0.292099 -0.919853 0.238054 0.000000
0.443154 0.015707 0.086821 0.000000
0.338559 0.273027 0.196185 0.000000
0.271553 -1.091869 0.282028 0.000000
0.294880 -1.059114 0.203736 0.000000
0.353526 -0.475405 0.274005 0.000000
0.390020 -0.957517 0.229976 1.000000
0.533600 -0.219087 0.117743 0.000000
0.330194 -0.221249 0.191465 0.000000
0.273197 0.051182 0.284018 0.000000
0.431753 0.083981 0.206139 0.000000
0.506868 -0.064062 0.133118 0.000000
0.444042 0.172392 0.130458 0.000000
0.332645 0.173345 0.210662 0.000000
0.356864 -0.642989 0.308511 0.000000
0.594442 -0.147374 0.113248 0.000000
0.473934 -1.077835 0.151311 1.000000
0.328053 -0.060650 0.190489 0.000000
0.412441 0.466624 0.119719 0.000000
0.375646 -0.879186 0.446035 0.000000
0.325865 0.128360 0.076351 0.000000
0.396883 0.143440 0.228846 0.000000
0.184822 -0.265250 0.168301 0.000000
0.405905 -0.961431 0.559416 0.000000
0.001861 -0.452905 0.171877 0.000000
0.108765 -0.358667 0.167759 0.000000
-0.085493 -0.550098 0.125498 0.000000
0.473195 -0.098599 0.181588 0.000000
0.325996 -0.980773 0.221677 0.000000
0.329121 0.040437 0.182062 0.000000
0.321664 -0.859350 0.233739 0.000000
0.332134 -0.400309 0.181065 0.000000
0.469744 0.023902 0.147986 0.000000
0.399856 0.396044 0.143129 0.000000
0.605297 -1.289199 0.116950 1.000000
0.484513 -0.127705 0.041759 0.000000
0.381705 -0.765639 0.384162 0.000000
0.555163 -1.191219 0.145507 1.000000
0.508592 -0.223933 -0.037180 0.000000
0.386336 -0.009691 -0.009508 0.000000
0.401087 -0.956754 0.167692 1.000000
0.322461 -1.099931 0.243243 0.000000
0.361474 -0.537653 0.263486 0.000000
0.432479 0.080317 0.077804 0.000000
0.403492 0.276864 0.190377 0.000000
0.237632 -0.178777 -0.015790 0.000000
0.366967 0.343792 0.111450 0.000000
0.130223 -0.230123 -0.042862 0.000000
0.395474 0.196782 0.081582 0.000000
0.339750 0.325515 0.162502 0.000000
0.335404 0.220080 0.167910 0.000000
0.428320 0.138821 0.178042 0.000000
0.349198 0.240892 0.095912 0.000000
0.296050 -0.092835 0.036744 0.000000
0.442025 0.025353 0.212325 0.000000
0.377918 -0.030783 0.256819 0.000000
0.250709 -1.053350 0.243086 0.000000
0.242559 -0.150760 0.168585 0.000000
0.432518 -0.066787 0.224709 0.000000
0.411662 -0.169983 0.271742 0.000000
0.536514 -0.116459 0.110034 0.000000
0.341983 -0.738852 0.206509 0.000000
0.246663 -1.129434 0.245763 0.000000
0.336184 -0.520036 0.206347 0.000000
0.482649 -0.020151 0.107646 0.000000
0.357481 -0.910582 0.231013 1.000000
0.340767 -0.629070 0.199404 0.000000
0.368913 0.432731 0.114047 0.000000
0.328739 0.140657 0.134619 0.000000
0.274675 -0.062136 0.176223 0.000000
0.532216 -0.231399 0.171559 0.000000
0.404047 0.008527 0.296266 0.000000
0.385106 0.292587 0.126735 0.000000
0.289369 0.010377 0.319148 0.000000
0.363560 -0.440162 0.233453 0.000000
0.355518 -0.351935 0.211868 0.000000
0.422129 0.124920 0.122087 0.000000
0.475371 -0.017867 0.368410 0.000000
0.258214 -0.053775 0.352367 0.000000
0.330249 -1.161072 0.250302 0.000000
0.321898 0.012792 0.053633 0.000000
0.267382 -0.969836 0.239604 0.000000
0.391042 0.091402 0.044780 0.000000
0.318519 -1.029030 0.237244 0.000000
0.370308 0.054672 0.208535 0.000000
0.197544 -0.113446 0.407978 0.000000
0.418232 0.227486 0.165735 0.000000
0.360181 -0.730456 0.356600 0.000000
0.555308 -0.044047 0.425158 0.000000
0.356210 -0.599173 0.288443 0.000000
0.185445 -0.179079 0.468395 0.000000
0.329001 -0.013931 0.181047 0.000000
0.443889 -0.025665 0.061885 0.000000
0.337711 0.230016 0.215373 0.000000
0.390384 -0.642138 0.341413 0.000000
0.266457 -1.138171 0.287771 0.000000
0.446978 0.052949 0.119048 0.000000
0.348042 0.436512 0.155693 0.000000
0.189411 -0.237948 0.541238 0.000000
0.358297 -0.682422 0.332945 0.000000
0.512391 -0.181976 0.144017 0.000000
0.398432 0.080125 0.237310 0.000000
0.311848 0.075424 0.283876 0.000000
0.327486 0.124034 0.176551 0.000000
0.441979 0.051228 0.175411 0.000000
0.317704 -0.891024 0.201942 0.000000
0.509485 -1.173414 0.149238 1.000000
0.334998 0.175437 0.164508 0.000000
0.408604 0.200172 0.128728 0.000000
0.481367 -1.061993 0.192172 1.000000
0.335261 0.172371 0.077002 0.000000
0.517119 -0.102462 0.152720 0.000000
0.376747 -0.933496 0.195750 1.000000
0.291703 -1.063762 0.254130 0.000000
0.487393 -0.029798 0.151683 0.000000
0.415315 0.161788 0.099542 0.000000
0.485931 -1.119366 0.155345 1.000000
0.367936 -0.512245 0.298006 0.000000
0.323782 -0.178593 0.191651 0.000000
0.321736 0.081576 0.171701 0.000000
0.367742 0.476441 0.115846 0.000000
0.138331 -0.327367 0.169640 0.000000
0.325011 -0.263803 0.193325 0.000000
0.406556 -0.899564 0.467608 0.000000
0.424443 0.180868 0.170780 0.000000
0.326228 0.353570 0.120772 0.000000
0.334602 -0.834397 0.201623 0.000000
0.299275 -1.010473 0.204389 0.000000
0.295359 -1.103060 0.210926 0.000000
0.343485 0.367160 0.168399 0.000000
0.312228 0.130657 0.226975 0.000000
0.386967 0.453993 0.150632 0.000000
0.304879 -0.945384 0.207464 0.000000
0.178503 -0.218813 0.150575 0.000000
0.320885 -0.099704 0.179235 0.000000
0.340906 0.260370 0.157251 0.000000
0.369096 0.384764 0.117734 0.000000
0.493124 -0.133084 0.171373 0.000000
0.290073 -0.025165 0.185735 0.000000
0.423901 -0.994482 0.220409 1.000000
0.070224 -0.364898 0.177895 0.000000
0.376660 -0.607711 0.322092 0.000000
0.627287 -0.167270 0.101390 0.000000
0.267097 -1.091549 0.239370 0.000000
0.036337 -0.438214 0.158330 0.000000
0.273049 -1.021009 0.236555 0.000000
0.408279 -0.857216 0.441080 0.000000
0.437475 0.101274 0.169314 0.000000
0.324459 -0.329085 0.220091 0.000000
0.255464 -0.111118 0.178638 0.000000
0.284328 -1.123975 0.255922 0.000000
0.216981 -0.167424 0.142356 0.000000
-0.006261 -0.479577 0.144487 0.000000
0.401858 0.327417 0.122765 0.000000
0.335532 0.156594 0.245389 0.000000
0.304397 -0.968547 0.251161 0.000000
0.567901 -1.287754 0.123958 1.000000
0.153029 -0.248406 0.156911 0.000000
0.322834 -0.355058 0.193047 0.000000
0.358188 0.280918 0.100430 0.000000
0.426584 -0.986530 0.578046 0.000000
0.294082 0.085831 0.252724 0.000000
0.335413 -0.432315 0.200974 0.000000
0.384207 0.362279 0.144662 0.000000
0.366930 -0.823919 0.410634 0.000000
0.468184 -0.062836 0.191330 0.000000
0.255405 0.020573 0.308296 0.000000
0.330942 0.091792 0.073072 0.000000
-0.065090 -0.527150 0.146220 0.000000
0.451901 -1.037880 0.163292 1.000000
0.457322 0.135693 0.124402 0.000000
0.470647 0.014320 0.111498 0.000000
0.101478 -0.323348 0.173865 0.000000
0.570907 -1.222794 0.136049 1.000000
0.154726 -0.285708 0.167386 0.000000
0.426693 -0.998856 0.164356 1.000000
0.282385 -0.045278 0.145057 0.000000
0.588019 -1.254311 0.127665 1.000000
0.355459 0.078315 0.185140 0.000000
0.347670 -0.427894 0.263565 0.000000
0.408348 -0.945340 0.527103 0.000000
0.360013 -0.498894 0.247423 0.000000
0.446517 -0.011081 0.220900 0.000000
0.391598 -0.732053 0.374077 0.000000
0.317505 -0.894689 0.238859 0.000000
0.447345 0.005912 0.182320 0.000000
0.406688 0.297995 0.160392 0.000000
0.400761 0.176690 0.215925 0.000000
0.434169 0.085586 0.121141 0.000000
0.429208 0.113556 0.089684 0.000000
0.272358 -1.038521 0.268854 0.000000
0.236587 -0.130297 0.140836 0.000000
0.317457 0.020272 0.153510 0.000000
0.343178 0.204757 0.087364 0.000000
0.362747 -0.794045 0.391257 0.000000
-0.108614 -0.576031 0.128287 0.000000
0.360650 -0.564445 0.286740 0.000000
0.534761 -1.217673 0.136141 1.000000
0.511674 -0.092557 0.112652 0.000000
0.220326 -0.057447 0.364975 0.000000
0.327240 -0.921396 0.217939 0.000000
0.351238 0.294408 0.171647 0.000000
0.435330 0.044803 0.070269 0.000000
0.313555 -1.132826 0.239625 0.000000
0.348143 -0.881321 0.214025 1.000000
0.319698 -1.067624 0.232547 0.000000
0.396630 0.245435 0.201271 0.000000
0.338701 0.196459 0.234673 0.000000
0.325496 0.225740 0.114760 0.000000
0.358564 -0.406604 0.226955 0.000000
0.350162 0.401130 0.162091 0.000000
0.331781 -0.358803 0.234686 0.000000
0.398586 0.255261 0.165272 0.000000
0.226231 -0.123765 0.394491 0.000000
0.607861 -1.324215 0.115852 1.000000
0.326587 -0.495117 0.185743 0.000000
0.339942 0.325170 0.106143 0.000000
0.345381 0.204051 0.196141 0.000000
0.347638 0.164189 0.120822 0.000000
0.399380 0.111325 0.221056 0.000000
0.377220 0.419896 0.146699 0.000000
0.565034 -0.132522 0.115899 0.000000
0.400404 -0.968512 0.200611 1.000000
0.480108 0.046635 0.126414 0.000000
0.326634 0.261445 0.110756 0.000000
0.398415 -0.788300 0.401707 0.000000
0.534273 -0.199238 0.164841 0.000000
0.338828 -0.544748 0.184133 0.000000
0.503374 -0.246368 -0.060568 0.000000
0.470926 -0.099733 0.052091 0.000000
0.271897 -0.015527 0.331326 0.000000
0.281918 -0.119178 0.023955 0.000000
0.498828 -0.151610 0.025010 0.000000
0.508275 -0.196001 -0.019987 0.000000
0.487592 -0.001365 0.133935 0.000000
0.387084 0.016265 0.009278 0.000000
0.294148 -0.983740 0.223505 0.000000
0.347821 0.243681 0.185637 0.000000
0.305719 -0.064405 0.025832 0.000000
0.377586 -0.037208 -0.022967 0.000000
0.491736 -0.050288 0.107838 0.000000
0.378184 0.485740 0.146659 0.000000
0.390700 0.310139 0.184531 0.000000
0.257090 -0.159365 -0.000620 0.000000
0.538592 -1.165229 0.157502 1.000000
0.410563 0.274464 0.124624 0.000000
0.099987 -0.232018 -0.051381 0.000000
0.400781 0.205089 0.178800 0.000000
0.212963 -0.189467 -0.031688 0.000000
0.395359 0.222175 0.099547 0.000000
0.451297 -1.066877 0.174484 1.000000
0.388850 -0.003470 0.240342 0.000000
0.337513 -0.768728 0.199847 0.000000
0.358361 -0.468462 0.244381 0.000000
0.391062 0.165593 0.076546 0.000000
0.310675 0.016181 0.184651 0.000000
0.082205 -0.389609 0.164509 0.000000
0.432290 -0.037413 0.214845 0.000000
0.325815 -0.603042 0.204696 0.000000
0.341545 -0.708015 0.198506 0.000000
0.299604 -0.007733 0.052995 0.000000
0.157617 -0.217399 -0.041321 0.000000
0.477704 -1.092304 0.177355 1.000000
0.382615 -0.903568 0.486827 0.000000
0.389730 0.473739 0.095682 0.000000
0.413706 -0.144088 0.256291 0.000000
0.301093 0.049625 0.294699 0.000000
0.233359 -0.034121 0.347757 0.000000
0.371357 -0.055511 0.272965 0.000000
0.341170 -0.658392 0.194425 0.000000
0.353843 0.125352 0.139023 0.000000
0.381231 -0.670488 0.347462 0.000000
0.346633 -0.379767 0.219957 0.000000
0.504888 -0.158598 0.160561 0.000000
0.268182 -0.075600 0.150314 0.000000
0.284040 -0.947814 0.228188 0.000000
0.404460 -0.193256 0.288296 0.000000
0.393992 0.051379 0.233363 0.000000
0.292946 -1.043419 0.233068 0.000000
0.342616 0.412141 0.113788 0.000000
0.297148 -1.087340 0.236012 0.000000
0.434047 -0.092868 0.237350 0.000000
0.240455 -1.101421 0.249259 0.000000
0.383806 -0.848845 0.428188 0.000000
0.336300 0.063807 0.067977 0.000000
0.521735 -0.256983 0.179768 0.000000
0.386179 0.024182 0.276069 0.000000
0.259535 -0.996882 0.244240 0.000000
0.411535 0.161560 0.187282 0.000000
0.512943 -0.073052 0.159399 0.000000
0.417954 -0.994302 0.190982 1.000000
0.210437 -0.139443 0.412241 0.000000
0.500512 -1.136740 0.172369 1.000000
0.358734 -0.908761 0.202786 1.000000
0.298672 -0.881818 0.220655 0.000000
0.362789 0.307957 0.106983 0.000000
0.030103 -0.415809 0.174217 0.000000
0.202070 -0.226241 0.165285 0.000000
0.231840 -0.179952 0.167355 0.000000
0.435816 0.056317 0.206746 0.000000
0.351959 -0.325695 0.201934 0.000000
0.420545 -0.000804 0.316748 0.000000
0.496058 -0.035568 0.378960 0.000000
0.367233 -0.539950 0.298180 0.000000
0.464410 0.069205 0.134600 0.000000
0.324833 0.039315 0.060969 0.000000
0.348271 0.461681 0.144807 0.000000
-0.025046 -0.480843 0.164270 0.000000
0.444213 0.111978 0.131595 0.000000
0.306235 -0.942128 0.244835 0.000000
0.424151 0.224417 0.129226 0.000000
0.355222 -0.512225 0.270811 0.000000
0.267733 -1.070989 0.265051 0.000000
0.279888 0.031260 0.301215 0.000000
0.017570 -0.455368 0.148936 0.000000
0.298482 -1.009292 0.231373 0.000000
0.326146 -0.947457 0.224610 0.000000
0.397418 0.359032 0.168667 0.000000
0.533041 -0.170437 0.161518 0.000000
0.200447 -0.184350 0.446725 0.000000
0.455348 -0.012849 0.350984 0.000000
0.285116 -1.095207 0.258971 0.000000
0.339573 -0.821251 0.224435 0.000000
0.331850 -0.860932 0.203826 0.000000
0.414000 0.188048 0.104449 0.000000
0.322369 0.149804 0.171684 0.000000
0.460664 -0.044495 0.070571 0.000000
0.348289 0.368290 0.115876 0.000000
0.400633 0.070175 0.029183 0.000000
0.336817 -0.556098 0.207965 0.000000
0.288970 0.067951 0.271504 0.000000
0.430222 0.151543 0.122696 0.000000
0.431485 0.057482 0.092834 0.000000
0.191142 -0.201968 0.479636 0.000000
0.367416 -0.656554 0.330247 0.000000
0.264396 -0.086043 0.178155 0.000000
0.242596 -0.071190 0.363921 0.000000
0.417216 0.135574 0.096798 0.000000
0.308636 0.105752 0.244342 0.000000
0.519440 -0.125738 0.141417 0.000000
0.388307 0.115456 0.054203 0.000000
0.426058 0.112113 0.189731 0.000000
0.529333 -1.192511 0.137580 1.000000
0.201212 -0.187750 0.143874 0.000000
0.207759 -0.096722 0.391246 0.000000
0.291184 -0.990906 0.247972 0.000000
0.440027 0.077576 0.182762 0.000000
0.451952 -1.040779 0.190682 1.000000
0.318972 -0.039074 0.180332 0.000000
0.441975 -0.000788 0.067169 0.000000
0.419351 -0.962546 0.582792 0.000000
0.190785 -0.142430 0.433196 0.000000
0.392289 0.482154 0.120538 0.000000
0.298207 -1.112765 0.236599 0.000000
0.387638 0.270317 0.114559 0.000000
0.327830 -0.329325 0.193030 0.000000
0.496957 -0.037241 0.129453 0.000000
0.335875 -0.375975 0.187339 0.000000
0.337515 0.148613 0.085912 0.000000
0.265654 -1.114603 0.269935 0.000000
0.384317 0.407352 0.126183 0.000000
0.308907 -0.973488 0.204900 0.000000
0.379057 -0.714514 0.360565 0.000000
0.422314 0.090553 0.098093 0.000000
0.393304 0.377319 0.127107 0.000000
0.405850 -0.921113 0.479891 0.000000
0.337078 0.112662 0.156730 0.000000
0.353122 -0.452043 0.262744 0.000000
0.396563 0.351617 0.126086 0.000000
0.321944 -0.012312 0.043563 0.000000
0.432887 0.201289 0.124636 0.000000
0.377102 -0.938608 0.221133 1.000000
0.342571 -0.284359 0.201713 0.000000
0.498430 -0.053989 0.154388 0.000000
0.371125 -0.632831 0.325595 0.000000
0.271284 -1.067618 0.237066 0.000000
0.184124 -0.221194 0.520667 0.000000
0.176834 -0.241373 0.159680 0.000000
0.525491 -0.199942 0.134084 0.000000
0.328612 0.132624 0.248229 0.000000
0.086573 -0.342391 0.176660 0.000000
0.367974 -0.588326 0.306765 0.000000
0.184882 -0.257022 0.555579 0.000000
0.302756 -0.002987 0.172019 0.000000
0.447128 0.030404 0.186787 0.000000
0.372253 0.454905 0.125981 0.000000
0.370928 -0.922908 0.174805 1.000000
0.291199 -0.027386 0.158708 0.000000
0.380350 0.316705 0.123105 0.000000
0.382818 -0.893617 0.464990 0.000000
0.300274 -1.036133 0.207767 0.000000
0.370763 0.045836 0.231769 0.000000
0.326841 0.197787 0.166261 0.000000
0.391628 0.381112 0.159788 0.000000
0.134746 -0.273392 0.163272 0.000000
-0.065619 -0.536101 0.124150 0.000000
0.327156 -0.811840 0.200743 0.000000
0.315295 0.092414 0.266374 0.000000
0.342890 0.094466 0.173071 0.000000
0.401510 -0.881557 0.452958 0.000000
0.248368 -0.126216 0.161757 0.000000
0.292765 -0.059662 0.045004 0.000000
0.500711 -1.112855 0.172545 1.000000
0.137604 -0.302471 0.168053 0.000000
0.499004 -0.072415 0.110994 0.000000
0.399279 0.008269 0.264786 0.000000
0.327939 0.152073 0.223664 0.000000
0.321286 -0.155818 0.186779 0.000000
0.290273 -0.106011 0.006482 0.000000
0.324333 0.162439 0.121536 0.000000
0.339087 -0.847105 0.221187 0.000000
0.386999 0.320846 0.147360 0.000000
0.395961 0.232783 0.170871 0.000000
-0.050071 -0.518350 0.130763 0.000000
0.354126 0.257815 0.110996 0.000000
0.260477 -0.033049 0.342261 0.000000
0.343584 0.348092 0.155339 0.000000
0.360692 -0.494507 0.285102 0.000000
0.338889 0.251592 0.207234 0.000000
0.337609 -0.488001 0.204741 0.000000
0.337415 -0.199513 0.194212 0.000000
0.016609 -0.434033 0.170212 0.000000
0.344946 -0.598153 0.192859 0.000000
0.347213 -0.421351 0.241537 0.000000
0.387461 0.285822 0.157271 0.000000
0.343057 0.187671 0.108200 0.000000
0.272950 -1.046849 0.246604 0.000000
0.265230 0.002990 0.319589 0.000000
0.319644 -0.241564 0.194033 0.000000
0.458311 0.032862 0.116735 0.000000
0.384061 0.435778 0.131729 0.000000
0.337833 -0.517333 0.183724 0.000000
0.390851 -0.950446 0.189957 1.000000
0.315069 -0.918648 0.236979 0.000000
0.434359 0.160721 0.167081 0.000000
0.254497 -1.029721 0.246424 0.000000
0.190837 -0.163734 0.446588 0.000000
0.420900 0.204676 0.168240 0.000000
0.348148 -0.684644 0.200297 0.000000
0.319530 -0.309897 0.205643 0.000000
0.231156 -0.150824 0.148434 0.000000
0.272250 -0.137833 0.014850 0.000000
0.463017 0.044415 0.140602 0.000000
0.427863 -0.979986 0.599348 0.000000
0.349092 -0.890015 0.234512 0.000000
0.467367 -0.031574 0.350946 0.000000
0.441084 0.001829 0.203273 0.000000
0.507019 -1.146576 0.153524 1.000000
0.335935 -0.444441 0.182365 0.000000
0.326946 0.039435 0.159336 0.000000
0.348943 0.270691 0.176785 0.000000
0.361011 -0.620760 0.310109 0.000000
0.350065 0.220417 0.103929 0.000000
0.372022 0.363092 0.120725 0.000000
0.291328 -1.066653 0.228089 0.000000
0.294938 -1.080651 0.208135 0.000000
0.320841 0.103704 0.168489 0.000000
0.327420 0.006041 0.172152 0.000000
0.450056 0.085645 0.136546 0.000000
0.119076 -0.337766 0.169006 0.000000
0.329270 0.243746 0.165314 0.000000
0.379377 0.396989 0.150612 0.000000
0.348912 0.408231 0.135652 0.000000
0.334916 -0.408043 0.201246 0.000000
0.403165 0.305700 0.123677 0.000000
0.585953 -1.275594 0.123513 1.000000
0.319075 -0.875053 0.217231 0.000000
0.311192 -0.906256 0.216039 0.000000
0.316064 -0.849080 0.215431 0.000000
0.291093 -1.012243 0.252007 0.000000
0.354297 0.068930 0.204684 0.000000
0.318349 -1.001175 0.234432 0.000000
0.348077 -0.878368 0.192552 1.000000
0.436004 -1.019661 0.170381 1.000000
0.325803 -0.420570 0.185060 0.000000
0.522378 -0.156426 0.145626 0.000000
0.586945 -1.300165 0.119641 1.000000
0.485917 -1.095143 0.155833 1.000000
0.297255 -1.128755 0.212223 0.000000
0.340171 0.305026 0.098357 0.000000
0.335654 -0.583486 0.210239 0.000000
0.328859 -0.647923 0.208519 0.000000
0.337442 0.277234 0.096530 0.000000
0.406848 0.179142 0.122556 0.000000
0.326386 0.060347 0.174725 0.000000
0.323323 -0.473476 0.191081 0.000000
0.306818 0.027210 0.057909 0.000000
0.300751 -0.960318 0.221943 0.000000
0.336530 0.175428 0.231317 0.000000
0.340802 0.207995 0.217120 0.000000
0.386354 -0.829997 0.418385 0.000000
0.325637 -0.117656 0.189150 0.000000
0.162572 -0.266474 0.164062 0.000000
0.329729 -0.080870 0.182276 0.000000
0.476197 -0.012261 0.148704 0.000000
0.196324 -0.206426 0.152170 0.000000
0.337704 0.281428 0.162202 0.000000
0.120389 -0.314768 0.170873 0.000000
0.332716 0.207638 0.105202 0.000000
0.259381 -0.096949 0.161141 0.000000
0.402212 -0.944787 0.546955 0.000000
0.056209 -0.386808 0.175667 0.000000
0.346483 0.171084 0.094398 0.000000
0.438560 0.019609 0.066952 0.000000
0.464038 0.116172 0.123262 0.000000
0.479809 -0.082222 0.061609 0.000000
0.389296 -0.865350 0.439261 0.000000
0.569438 -1.263475 0.125232 1.000000
0.288533 -0.969914 0.237621 0.000000
0.345102 0.224577 0.195651 0.000000
0.417991 0.131320 0.194074 0.000000
0.312285 -1.020676 0.219602 0.000000
0.532461 -0.038150 0.409449 0.000000
0.418014 0.247874 0.163813 0.000000
0.325562 -0.536107 0.199400 0.000000
0.338119 -0.344340 0.219541 0.000000
0.329779 0.243172 0.101994 0.000000
0.371398 0.466570 0.144348 0.000000
0.437122 0.122899 0.168669 0.000000
0.360598 -0.527542 0.283228 0.000000
0.403473 0.367030 0.149553 0.000000
0.470212 -1.073224 0.178864 1.000000
0.089926 -0.366086 0.170410 0.000000
0.283424 -0.045051 0.169301 0.000000
0.408288 0.186521 0.182660 0.000000
0.432344 -1.005212 0.205257 1.000000
0.386619 0.342516 0.150562 0.000000
0.333592 -0.721204 0.212281 0.000000
0.392047 -0.934177 0.518526 0.000000
0.296319 -0.898906 0.231461 0.000000
0.510937 -0.083287 0.138395 0.000000
0.276138 -0.988003 0.234597 0.000000
0.413759 0.207955 0.110690 0.000000
0.380715 -0.798108 0.399994 0.000000
-0.007878 -0.466665 0.160578 0.000000
0.238197 -0.052865 0.356443 0.000000
0.326237 -0.752447 0.204167 0.000000
0.390079 -0.953815 0.209967 1.000000
0.646081 -0.169981 0.094353 0.000000
0.399185 -0.767735 0.394157 0.000000
0.554194 -1.211242 0.142886 1.000000
0.484514 -0.114872 0.177692 0.000000
0.310824 0.036581 0.171088 0.000000
0.338413 -0.250845 0.185808 0.000000
0.232970 -0.108217 0.383688 0.000000
0.549353 -1.230655 0.131439 1.000000
0.397924 0.255326 0.105545 0.000000
0.327762 -0.894705 0.218903 0.000000
0.342639 0.382580 0.155607 0.000000
0.340429 -0.762929 0.218815 0.000000
0.343124 0.344172 0.111616 0.000000
0.406623 -0.941510 0.496530 0.000000
0.611392 -0.157151 0.108108 0.000000
0.251194 -0.162981 -0.019388 0.000000
0.322929 0.316081 0.111416 0.000000
0.416313 -0.958998 0.542594 0.000000
0.366607 -0.922313 0.216645 1.000000
0.339721 -0.453201 0.202265 0.000000
0.503381 -1.126496 0.149209 1.000000
0.417068 -0.006414 0.296330 0.000000
0.047624 -0.422756 0.163290 0.000000
-0.023622 -0.490766 0.135241 0.000000
0.317806 0.078844 0.066052 0.000000
0.263915 -1.120731 0.241809 0.000000
0.568736 -1.242115 0.132760 1.000000
0.333499 0.373123 0.127914 0.000000
0.404695 0.273819 0.163286 0.000000
0.307129 -0.934208 0.223391 0.000000
0.403771 0.157382 0.215150 0.000000
0.365860 -0.745783 0.367332 0.000000
0.465958 -0.004501 0.112778 0.000000
0.386205 -0.622780 0.332614 0.000000
0.300641 -1.147017 0.236728 0.000000
0.340745 -0.347787 0.192419 0.000000
-0.074414 -0.544609 0.140330 0.000000
0.336776 0.306704 0.168254 0.000000
0.304013 -1.051920 0.219100 0.000000
0.296655 -0.090324 0.017676 0.000000
0.350151 -0.440923 0.247179 0.000000
0.332109 -0.282826 0.185691 0.000000
0.372056 0.443417 0.144834 0.000000
0.450635 0.071701 0.120470 0.000000
0.272620 -1.138423 0.251375 0.000000
0.371867 0.413767 0.113150 0.000000
0.247574 -1.072219 0.243107 0.000000
0.526596 -0.100758 0.121343 0.000000
0.348944 0.387544 0.126040 0.000000
0.347987 0.224049 0.085347 0.000000
0.322701 0.108777 0.070577 0.000000
0.194783 -0.197040 0.459723 0.000000
0.315237 -0.918875 0.202391 0.000000
0.479835 -0.037264 0.115408 0.000000
0.448184 -0.030179 0.222329 0.000000
-0.054795 -0.511843 0.150760 0.000000
0.344975 -0.782254 0.211269 0.000000
0.290959 -0.913553 0.220182 0.000000
0.338921 0.291001 0.185668 0.000000
0.483748 0.017068 0.131714 0.000000
0.432223 0.030856 0.083773 0.000000
0.428410 0.182933 0.123971 0.000000
0.399801 0.177689 0.088106 0.000000
0.218316 -0.182105 0.154372 0.000000
0.437177 -1.041543 0.179004 1.000000
0.276297 -0.058984 0.157726 0.000000
0.430378 0.094095 0.185184 0.000000
0.520552 -1.160902 0.160537 1.000000
0.393726 0.413992 0.153481 0.000000
0.327914 -0.784887 0.199887 0.000000
0.336823 -0.164901 0.181445 0.000000
0.316717 -0.965897 0.230004 0.000000
0.342699 0.129769 0.084451 0.000000
0.456918 -0.007493 0.191217 0.000000
0.460455 -0.045541 0.188901 0.000000
0.325127 -1.044396 0.228901 0.000000
0.537777 -1.183505 0.153680 1.000000
0.470482 -0.080567 0.185625 0.000000
0.419726 0.243088 0.132836 0.000000
0.525294 -0.216099 0.163466 0.000000
0.397101 0.090203 0.221696 0.000000
0.441970 -0.050770 0.224356 0.000000
0.356368 0.293050 0.115980 0.000000
0.398719 0.202955 0.098764 0.000000
0.280273 -1.079416 0.248159 0.000000
0.306439 -1.099621 0.225834 0.000000
0.308528 -1.080008 0.223479 0.000000
0.356567 -0.483810 0.257425 0.000000
0.185027 -0.204951 0.498267 0.000000
0.335685 0.139494 0.164435 0.000000
0.392356 0.263224 0.200142 0.000000
0.438907 0.039246 0.200567 0.000000
0.376508 -0.014088 0.248721 0.000000
0.368921 -0.559634 0.302565 0.000000
0.463494 -1.057042 0.184050 1.000000
0.262776 -0.145115 -0.010528 0.000000
0.326928 -0.665437 0.203422 0.000000
0.423253 -0.973996 0.565217 0.000000
0.354609 -0.898541 0.217316 1.000000
0.436131 0.062240 0.075865 0.000000
0.400780 0.129184 0.218077 0.000000
-0.097230 -0.562176 0.132275 0.000000
0.437831 0.136286 0.128904 0.000000
0.405124 0.316059 0.158800 0.000000
0.293696 -1.025552 0.237832 0.000000
0.450597 -0.012790 0.077665 0.000000
0.325614 -0.557488 0.193797 0.000000
0.374363 0.487847 0.128228 0.000000
0.376503 0.334193 0.125672 0.000000
0.338757 0.190330 0.209587 0.000000
0.461077 -1.056400 0.163463 1.000000
0.346190 -0.393694 0.231861 0.000000
0.360584 -0.547981 0.279368 0.000000
0.326576 -0.703149 0.207315 0.000000
0.351252 0.419167 0.151929 0.000000
0.335801 -0.319220 0.206641 0.000000
0.294345 -0.074940 0.035340 0.000000
0.490868 -1.137140 0.157169 1.000000
0.404000 0.229057 0.202209 0.000000
0.397534 -0.967114 0.181952 1.000000
0.387665 0.303764 0.156595 0.000000
0.382949 -0.781838 0.392753 0.000000
0.340717 -0.800115 0.200443 0.000000
0.270689 -1.020937 0.254313 0.000000
0.323510 0.023350 0.174285 0.000000
0.444777 0.062190 0.192450 0.000000
0.401814 0.193968 0.211657 0.000000
-0.125048 -0.584527 0.122432 0.000000
0.486580 -0.107920 0.049752 0.000000
0.468705 -1.094915 0.160413 1.000000
0.611801 -1.306844 0.115858 1.000000
0.522436 -0.120653 0.158222 0.000000
0.272784 0.015796 0.309808 0.000000
0.279732 -1.004780 0.239496 0.000000
0.386634 0.073765 0.039557 0.000000
0.343388 -0.564978 0.190520 0.000000
0.247433 -0.115607 0.145601 0.000000
0.302538 0.079028 0.268689 0.000000
0.272236 -1.056028 0.273428 0.000000
0.306471 0.015728 0.166632 0.000000
0.387835 0.432973 0.152150 0.000000
0.402518 0.104500 0.047947 0.000000
0.339606 0.187425 0.087667 0.000000
0.427339 -1.006631 0.182483 1.000000
0.392714 -0.910467 0.474082 0.000000
0.337876 -0.375399 0.236452 0.000000
0.327533 -0.193770 0.180786 0.000000
0.407470 0.002475 0.280073 0.000000
0.346079 -0.644471 0.207166 0.000000
0.310763 -0.048138 0.030850 0.000000
0.359995 -0.581011 0.292534 0.000000
0.526152 -0.185460 0.154354 0.000000
0.442565 -0.077343 0.234498 0.000000
0.229066 -0.166229 0.156542 0.000000
0.361900 -0.911975 0.185863 1.000000
0.381839 -0.936101 0.178478 1.000000
0.431302 -0.014666 0.314079 0.000000
0.318197 -1.115772 0.237295 0.000000
0.318585 0.120141 0.241321 0.000000
0.307529 -1.055817 0.236585 0.000000
0.329996 -0.505026 0.200022 0.000000
0.439635 -0.018988 0.207021 0.000000
0.332921 -0.389725 0.197570 0.000000
0.339488 -0.864443 0.222160 0.000000
-0.034471 -0.493478 0.156975 0.000000
0.315417 -1.084070 0.242779 0.000000
0.325567 0.147479 0.073378 0.000000
0.212578 -0.114013 0.390103 0.000000
0.344909 -0.362547 0.221044 0.000000
0.492280 -0.021791 0.137099 0.000000
0.402275 0.150260 0.075023 0.000000
0.397525 0.239338 0.098705 0.000000
0.306703 -0.997054 0.212407 0.000000
0.346460 0.139084 0.131547 0.000000
0.388097 0.030540 0.020455 0.000000
0.359376 0.057424 0.221611 0.000000
0.335789 -0.405763 0.251591 0.000000
0.338689 -0.482889 0.185009 0.000000
0.581602 -0.137494 0.118966 0.000000
0.329859 -0.998557 0.221952 0.000000
0.357669 0.421613 0.120719 0.000000
0.376123 -0.732114 0.366087 0.000000
0.290336 -0.931659 0.225663 0.000000
0.194665 -0.233945 0.516241 0.000000
0.254213 -0.018284 0.335375 0.000000
0.360751 -0.522797 0.255014 0.000000
0.461870 -1.074144 0.163209 1.000000
0.225782 -0.072645 0.370531 0.000000
0.088493 -0.246351 -0.049145 0.000000
0.196274 -0.132756 0.418945 0.000000
0.549935 -0.121198 0.119378 0.000000
0.291038 -0.954389 0.244053 0.000000
0.452912 -0.025458 0.336568 0.000000
0.334688 -0.045138 0.182383 0.000000
0.378290 -0.053774 -0.028062 0.000000
0.333029 0.175008 0.114333 0.000000
0.224979 -0.189419 -0.019257 0.000000
0.378388 0.470366 0.129448 0.000000
0.371725 -0.684131 0.344579 0.000000
0.102925 -0.341593 0.171909 0.000000
0.043917 -0.403279 0.179895 0.000000
0.522519 -1.166180 0.141451 1.000000
0.452454 -1.022803 0.198045 1.000000
0.502715 -0.263115 -0.064640 0.000000
0.384238 -0.815551 0.410073 0.000000
0.424395 -0.106580 0.238149 0.000000
0.292691 -1.017837 0.218180 0.000000
0.307937 0.044325 0.061145 0.000000
0.332147 -0.880521 0.208328 0.000000
0.336559 0.260271 0.097360 0.000000
0.341175 -0.671638 0.209536 0.000000
0.308435 -1.037393 0.226900 0.000000
0.373182 -0.865529 0.434910 0.000000
0.622942 -1.334315 0.115239 1.000000
0.381774 0.033347 0.232828 0.000000
0.507614 -0.211639 -0.025752 0.000000
0.291883 0.054415 0.280794 0.000000
0.479192 0.034058 0.137319 0.000000
0.298424 -1.132757 0.228361 0.000000
0.324220 -0.627984 0.197790 0.000000
0.070998 -0.402270 0.162058 0.000000
0.200363 -0.202677 -0.028628 0.000000
0.386462 0.006499 -0.005701 0.000000
0.312547 0.038055 0.187554 0.000000
0.510984 -1.124912 0.167207 1.000000
0.440268 0.018747 0.197191 0.000000
0.517072 -0.170472 0.154992 0.000000
0.330901 -0.366782 0.201489 0.000000
0.381985 0.378886 0.146540 0.000000
0.328763 -0.102117 0.193795 0.000000
0.541242 -1.201212 0.145000 1.000000
0.280957 -0.121045 0.005838 0.000000
0.505408 -0.162412 0.014340 0.000000
0.327003 -0.455458 0.190708 0.000000
0.243277 -0.086883 0.370482 0.000000
0.143099 -0.219705 -0.048617 0.000000
0.211601 -0.126027 0.401553 0.000000
0.380290 -0.655375 0.340317 0.000000
0.345841 0.258421 0.192508 0.000000
0.507114 -0.236367 -0.047737 0.000000
0.475023 0.007071 0.141314 0.000000
0.425630 0.108962 0.121001 0.000000
0.342668 -0.614569 0.192053 0.000000
0.263933 0.033235 0.298273 0.000000
0.330775 0.159889 0.161824 0.000000
0.401307 0.122843 0.060770 0.000000
0.313294 -0.888924 0.224172 0.000000
0.345423 -0.833821 0.213813 0.000000
0.337528 0.152350 0.125675 0.000000
0.264110 -1.038766 0.235553 0.000000
0.293528 -0.037662 0.049951 0.000000
0.269765 -0.074884 0.167370 0.000000
0.295605 0.030953 0.305440 0.000000
0.352300 -0.891676 0.200901 1.000000
0.240755 -0.139292 0.155895 0.000000
0.323835 0.277050 0.107304 0.000000
0.336447 -0.246780 0.201388 0.000000
0.335525 0.227044 0.101149 0.000000
0.444118 0.010015 0.217118 0.000000
0.490914 -0.140736 0.034581 0.000000
0.510343 -0.187455 -0.005889 0.000000
0.445127 0.155637 0.127263 0.000000
0.005015 -0.465968 0.150940 0.000000
0.325916 0.139479 0.233449 0.000000
0.380305 -0.022320 -0.017631 0.000000
0.289570 -1.048992 0.247724 0.000000
0.297824 -0.018239 0.171494 0.000000
0.395342 0.068084 0.227178 0.000000
0.388476 0.306833 0.133281 0.000000
0.356504 -0.453980 0.237456 0.000000
0.246307 -0.043716 0.346112 0.000000
0.402676 0.299598 0.183520 0.000000
0.071392 -0.380883 0.172368 0.000000
0.321699 -0.942915 0.209973 0.000000
0.320146 0.209559 0.114834 0.000000
0.276402 -1.058195 0.257268 0.000000
0.343197 -0.581154 0.196409 0.000000
0.417514 0.140157 0.121940 0.000000
0.416678 0.146387 0.189104 0.000000
0.301825 -0.907210 0.243862 0.000000
0.308668 -0.863690 0.221097 0.000000
0.339704 -0.813461 0.210600 0.000000
0.449480 -0.044647 0.059331 0.000000
0.481540 -1.104475 0.167951 1.000000
0.359429 -0.423568 0.231721 0.000000
0.353861 0.112995 0.148910 0.000000
0.443671 -0.979753 0.598752 0.000000
0.412367 0.257779 0.123777 0.000000
0.409500 -0.961070 0.526027 0.000000
0.357068 0.087151 0.172145 0.000000
0.339238 -0.693315 0.210329 0.000000
0.334108 0.263324 0.171183 0.000000
0.338519 -0.472361 0.203076 0.000000
0.428217 0.167302 0.122028 0.000000
0.484347 -0.030789 0.367813 0.000000
0.517307 -1.145377 0.167956 1.000000
0.114320 -0.234663 -0.045442 0.000000
0.390081 0.392800 0.124562 0.000000
0.330695 -0.833848 0.220832 0.000000
0.342356 -0.754752 0.205575 0.000000
0.281547 -0.938049 0.240193 0.000000
0.427142 -0.081181 0.227749 0.000000
0.431341 0.095442 0.086269 0.000000
0.324181 -0.297092 0.196639 0.000000
0.315437 -0.961793 0.212985 0.000000
0.456852 -0.029822 0.074419 0.000000
0.390612 0.020804 0.261291 0.000000
0.340682 -0.269898 0.196117 0.000000
0.426514 0.098872 0.199535 0.000000
0.343386 -0.724638 0.200267 0.000000
0.417033 -0.156776 0.265445 0.000000
0.334531 -0.029722 0.180133 0.000000
0.514980 -0.106993 0.137974 0.000000
0.181421 -0.251300 0.541309 0.000000
0.338135 0.233250 0.158018 0.000000
0.426877 0.074214 0.090969 0.000000
0.395486 0.015119 0.284594 0.000000
0.281811 -1.030646 0.246444 0.000000
0.013031 -0.448043 0.162253 0.000000
0.300835 -0.994480 0.235306 0.000000
0.266726 -0.101405 0.174289 0.000000
0.475398 -1.081389 0.166317 1.000000
0.407714 0.217126 0.171943 0.000000
0.512643 -0.088473 0.158028 0.000000
0.281167 -1.109122 0.252963 0.000000
0.522831 -0.140965 0.145776 0.000000
-0.021938 -0.483971 0.149444 0.000000
0.324076 -0.207543 0.187747 0.000000
0.417638 0.109078 0.098896 0.000000
0.390867 -0.916218 0.490082 0.000000
0.397710 0.380947 0.145617 0.000000
0.524347 -1.180601 0.146592 1.000000
0.352908 0.255830 0.095123 0.000000
0.203127 -0.147621 0.423041 0.000000
0.338497 -0.529929 0.193853 0.000000
0.423255 0.158752 0.177525 0.000000
0.369560 0.399564 0.121823 0.000000
0.325087 -0.440398 0.192938 0.000000
0.332386 0.080624 0.182703 0.000000
0.253542 -0.111825 0.159156 0.000000
0.406506 0.255798 0.195771 0.000000
0.285767 0.043484 0.294067 0.000000
0.368531 -0.671541 0.336400 0.000000
0.494947 -0.147256 0.165816 0.000000
0.399164 0.349919 0.155276 0.000000
0.405777 0.227700 0.109308 0.000000
0.454075 -1.047595 0.174919 1.000000
0.269555 -0.152867 0.005439 0.000000
0.307225 -0.019621 0.043954 0.000000
0.582508 -0.050448 0.445502 0.000000
0.466146 -0.084419 0.055097 0.000000
0.390564 0.058715 0.030249 0.000000
0.355425 -0.468143 0.259383 0.000000
0.387858 0.406164 0.140997 0.000000
0.333772 -0.235733 0.188237 0.000000
0.406021 0.290745 0.124742 0.000000
0.173558 -0.256134 0.161897 0.000000
0.326597 -0.588985 0.197752 0.000000
0.364769 -0.716158 0.354012 0.000000
0.394126 0.038098 0.240810 0.000000
0.435841 0.145050 0.166361 0.000000
0.331627 -0.340149 0.203022 0.000000
0.339344 0.125565 0.143614 0.000000
0.313315 -1.014605 0.239411 0.000000
0.348872 0.451524 0.157718 0.000000
0.358594 -0.697339 0.335671 0.000000
0.227450 -0.196089 0.168057 0.000000
0.389606 0.323860 0.132753 0.000000
0.354750 0.443776 0.144245 0.000000
0.439315 0.099632 0.123274 0.000000
0.225992 -0.043089 0.357386 0.000000
0.378493 -0.699809 0.357272 0.000000
0.305245 -0.948316 0.229844 0.000000
0.499809 -0.048352 0.139198 0.000000
0.188730 -0.227173 0.158396 0.000000
0.272294 -1.087369 0.259002 0.000000
0.187715 -0.265605 0.569009 0.000000
0.344259 0.238699 0.200667 0.000000
0.348464 -0.338849 0.210104 0.000000
0.335964 0.104465 0.079256 0.000000
0.311390 0.002207 0.052387 0.000000
0.372879 -0.044425 0.260351 0.000000
0.392696 -0.710913 0.365553 0.000000
0.292241 -1.097848 0.245463 0.000000
0.392742 0.296958 0.168912 0.000000
0.238899 -0.166879 0.169096 0.000000
0.357275 -0.369703 0.216650 0.000000
0.329262 0.338582 0.111406 0.000000
0.303631 -0.886555 0.235625 0.000000
0.388396 0.011370 0.242032 0.000000
0.422116 -0.132533 0.251932 0.000000
0.171647 -0.212979 -0.038824 0.000000
0.306260 0.094263 0.254515 0.000000
0.329597 0.004584 0.186839 0.000000
0.246395 -0.172915 -0.005238 0.000000
0.361524 -0.509369 0.284896 0.000000
0.355298 -0.460516 0.274769 0.000000
0.404853 0.176901 0.107944 0.000000
0.332664 -0.157488 0.196137 0.000000
0.322071 0.056929 0.064617 0.000000
0.366924 -0.064812 0.283595 0.000000
0.385607 0.286303 0.113345 0.000000
0.306155 -0.929543 0.207112 0.000000
0.340473 -0.430387 0.183014 0.000000
0.387528 0.420192 0.132764 0.000000
0.341328 -0.846893 0.205730 0.000000
0.295007 -0.998985 0.221200 0.000000
0.407348 -0.179330 0.284454 0.000000
0.422041 -0.994692 0.205287 1.000000
0.292129 -1.100619 0.230939 0.000000
0.360167 -0.601766 0.302365 0.000000
0.337524 -0.360175 0.185213 0.000000
0.456733 0.104349 0.130685 0.000000
0.322233 -0.069289 0.177269 0.000000
0.388084 0.366910 0.158803 0.000000
0.428555 0.142620 0.090717 0.000000
0.134140 -0.288237 0.167338 0.000000
0.435136 0.071899 0.198562 0.000000
0.389155 0.276831 0.127581 0.000000
0.428803 0.124619 0.181546 0.000000
0.469153 -0.057435 0.067974 0.000000
0.339060 -0.541677 0.208598 0.000000
0.221260 -0.099214 0.386284 0.000000
0.324062 -0.518665 0.188373 0.000000
0.323675 -0.882013 0.231753 0.000000
0.518766 -0.269373 0.186864 0.000000
0.186552 -0.249656 0.166710 0.000000
0.369691 -0.573891 0.305836 0.000000
0.328589 -0.279460 0.199418 0.000000
0.341890 0.312844 0.155678 0.000000
0.281350 -0.966972 0.225321 0.000000
0.563345 -0.048132 0.436567 0.000000
0.504932 -0.066471 0.149208 0.000000
0.400000 -0.199884 0.301459 0.000000
0.332825 0.111785 0.170866 0.000000
0.433438 -0.006274 0.335211 0.000000
0.244785 -0.027938 0.341302 0.000000
0.328173 -0.823911 0.209311 0.000000
0.363097 -0.645751 0.321314 0.000000
0.348003 -0.407126 0.238847 0.000000
0.421474 -1.008754 0.196360 1.000000
0.375951 0.036600 0.249893 0.000000
0.410473 0.148559 0.102840 0.000000
0.321116 -0.935168 0.230320 0.000000
0.322536 0.134504 0.167742 0.000000
0.331522 -0.618349 0.205689 0.000000
0.185566 -0.206461 0.142574 0.000000
0.524249 -0.243191 0.173848 0.000000
0.332828 -0.775894 0.215694 0.000000
0.323489 -0.907273 0.224451 0.000000
0.481028 -1.078831 0.186514 1.000000
0.301045 0.065445 0.279806 0.000000
0.193711 -0.176278 0.456981 0.000000
0.339063 -0.501924 0.183631 0.000000
0.446103 0.001752 0.080692 0.000000
0.293752 -0.996915 0.260754 0.000000
0.328729 -0.808989 0.218681 0.000000
0.291110 -1.074928 0.239850 0.000000
0.405691 -0.942838 0.513250 0.000000
0.336238 0.124541 0.257252 0.000000
0.306412 0.004436 0.157872 0.000000
0.325586 -0.315052 0.190804 0.000000
0.252019 -0.136113 0.171396 0.000000
0.447664 -1.029112 0.183651 1.000000
0.416523 0.172669 0.179824 0.000000
0.288687 -0.099932 0.026780 0.000000
0.164082 -0.237588 0.154511 0.000000
0.390316 0.152893 0.067707 0.000000
0.454034 0.018464 0.190392 0.000000
0.335008 0.207221 0.159372 0.000000
0.381927 -0.942823 0.205200 1.000000
0.300655 -0.077166 0.021376 0.000000
0.448120 0.127118 0.132458 0.000000
0.436503 0.050753 0.190964 0.000000
0.327406 -0.566823 0.204303 0.000000
0.195690 -0.155712 0.435593 0.000000
0.330822 0.077671 0.071485 0.000000
0.360596 -0.482331 0.242740 0.000000
0.316373 0.104010 0.256168 0.000000
0.387758 -0.884281 0.454814 0.000000
0.400865 0.124684 0.231482 0.000000
0.402319 -0.869668 0.445359 0.000000
0.352542 0.358801 0.157504 0.000000
0.400579 0.083626 0.037860 0.000000
0.300247 -0.048313 0.041194 0.000000
0.345968 -0.714424 0.212236 0.000000
0.332341 0.140272 0.178116 0.000000
0.353243 -0.901345 0.190678 1.000000
0.414398 0.188094 0.133124 0.000000
0.202027 -0.172247 0.439669 0.000000
0.349800 0.479021 0.141745 0.000000
0.475186 -0.115636 0.046822 0.000000
0.369833 -0.923491 0.202822 1.000000
0.376732 -0.586670 0.317628 0.000000
0.335583 0.118708 0.079510 0.000000
0.344952 -0.416180 0.256306 0.000000
0.466627 -0.018567 0.357073 0.000000
0.081207 -0.356360 0.176076 0.000000
0.093218 -0.378998 0.166041 0.000000
0.260849 -0.007286 0.328813 0.000000
0.331449 -0.601356 0.190956 0.000000
0.415620 -1.002587 0.172050 1.000000
0.266783 -1.036657 0.253932 0.000000
0.528654 -0.157155 0.158263 0.000000
0.354097 -0.393463 0.220379 0.000000
0.297217 -0.014265 0.157853 0.000000
0.393445 0.190114 0.093648 0.000000
0.032450 -0.425507 0.164493 0.000000
0.343574 0.169866 0.241955 0.000000
0.060445 -0.417793 0.161119 0.000000
0.342717 -0.549894 0.196466 0.000000
0.188926 -0.240515 0.527576 0.000000
0.497485 -0.126989 0.036797 0.000000
0.361077 0.294318 0.102754 0.000000
0.433493 0.044510 0.088262 0.000000
0.324675 -0.053490 0.177597 0.000000
0.332768 -0.180101 0.181175 0.000000
0.346098 0.173993 0.109764 0.000000
0.313812 -0.980443 0.228316 0.000000
0.366784 -0.525965 0.296340 0.000000
0.182252 -0.191323 0.479491 0.000000
0.457577 0.017598 0.114737 0.000000
0.394149 0.259035 0.119251 0.000000
0.293605 -1.059970 0.240314 0.000000
0.326052 -0.345224 0.226261 0.000000
0.339548 0.356467 0.116861 0.000000
0.496606 -0.039559 0.155023 0.000000
0.488898 -0.023169 0.378417 0.000000
0.434990 -0.991776 0.600462 0.000000
0.332274 0.158911 0.077856 0.000000
0.026300 -0.447553 0.156664 0.000000
0.338167 -0.412022 0.185156 0.000000
0.468869 -0.017965 0.113503 0.000000
0.369509 0.446998 0.115018 0.000000
0.384465 0.468002 0.148476 0.000000
0.396681 -0.945934 0.534393 0.000000
0.143118 -0.226822 -0.036834 0.000000
0.402133 -0.927883 0.491810 0.000000
0.498187 -1.124302 0.161750 1.000000
0.406885 0.241745 0.169064 0.000000
0.328716 -0.855296 0.215963 0.000000
0.338171 0.187917 0.223921 0.000000
0.330143 -0.732261 0.204227 0.000000
0.212734 -0.086855 0.383078 0.000000
0.344870 0.217610 0.208193 0.000000
0.411218 -0.964173 0.571782 0.000000
0.277305 -1.025912 0.271078 0.000000
0.338763 -0.645194 0.191532 0.000000
0.338462 0.191129 0.163323 0.000000
0.359516 -0.525517 0.269558 0.000000
0.293817 -1.079197 0.221721 0.000000
0.425998 -0.973832 0.586828 0.000000
0.331175 -0.341620 0.184796 0.000000
0.395452 0.211271 0.088386 0.000000
0.443268 0.183215 0.122104 0.000000
0.333541 -0.745989 0.214566 0.000000
0.421156 0.213364 0.121748 0.000000
0.369415 -0.601058 0.312407 0.000000
0.370736 -0.619965 0.320833 0.000000
0.327475 0.093503 0.175109 0.000000
0.335106 0.144035 0.252010 0.000000
0.337868 -0.596988 0.206859 0.000000
0.345371 0.103267 0.162928 0.000000
0.343979 -0.879358 0.227675 0.000000
0.323776 -0.381497 0.190376 0.000000
0.308834 -1.067531 0.243437 0.000000
0.095283 -0.353663 0.172069 0.000000
0.334760 0.161966 0.232374 0.000000
0.353036 0.253747 0.178133 0.000000
0.373873 -0.645140 0.334080 0.000000
0.149241 -0.265713 0.161554 0.000000
0.392793 0.394068 0.155877 0.000000
0.207448 -0.212839 0.161323 0.000000
0.397378 -0.891986 0.461117 0.000000
0.328074 0.166423 0.173391 0.000000
0.395032 -0.853537 0.434141 0.000000
0.418909 -0.963387 0.556243 0.000000
0.493481 -0.060986 0.115924 0.000000
0.299320 -0.931253 0.238794 0.000000
0.393149 -0.948133 0.174415 1.000000
0.349118 0.312199 0.168215 0.000000
0.334690 -0.171318 0.194831 0.000000
0.580422 -1.287184 0.118972 1.000000
0.447886 -1.025020 0.163940 1.000000
0.436356 -0.104806 0.244077 0.000000
0.290452 -0.029600 0.173030 0.000000
0.252065 -0.065044 0.356587 0.000000
0.240232 -1.114807 0.248036 0.000000
0.280375 -0.958679 0.237099 0.000000
0.290411 -1.058328 0.217585 0.000000
0.417324 0.175524 0.100935 0.000000
0.558701 -1.231347 0.141037 1.000000
0.510460 -0.079330 0.110256 0.000000
0.320918 -1.087658 0.231102 0.000000
0.417047 0.191646 0.173682 0.000000
0.299219 -1.068672 0.212306 0.000000
0.472082 0.058658 0.131711 0.000000
0.345098 -0.316482 0.195120 0.000000
0.174172 -0.272939 0.165333 0.000000
0.301757 -0.973921 0.218646 0.000000
0.512122 -1.160339 0.149311 1.000000
0.400049 -0.964164 0.213210 1.000000
0.304229 -0.919652 0.229281 0.000000
0.393176 0.339052 0.123271 0.000000
0.287961 -1.092198 0.208839 0.000000
0.206663 -0.175570 0.140338 0.000000
0.343436 -0.865781 0.208194 1.000000
0.403033 0.144123 0.215630 0.000000
0.334629 0.293749 0.166306 0.000000
0.368568 -0.923210 0.188180 1.000000
0.438325 0.087614 0.174254 0.000000
0.441875 -1.032878 0.194979 1.000000
0.382781 0.450338 0.132635 0.000000
0.436073 0.123385 0.126392 0.000000
0.345193 0.195895 0.097018 0.000000
0.376061 0.350523 0.119507 0.000000
0.337594 0.355922 0.164563 0.000000
-0.078127 -0.536924 0.128440 0.000000
0.433776 0.111468 0.176918 0.000000
0.115513 -0.302327 0.171225 0.000000
0.273508 -0.063939 0.145778 0.000000
0.231824 -0.179880 -0.027589 0.000000
0.328196 0.161071 0.212591 0.000000
0.306133 0.014192 0.055978 0.000000
0.404475 0.477202 0.120218 0.000000
0.323450 -0.323479 0.208231 0.000000
0.331230 0.072694 0.169690 0.000000
0.193440 -0.211826 0.488021 0.000000
0.280889 -1.064458 0.246619 0.000000
0.531498 -0.209632 0.126625 0.000000
0.325383 -0.141879 0.182113 0.000000
0.373458 0.047007 0.218976 0.000000
0.395627 0.284183 0.169415 0.000000
0.329416 -0.633692 0.208370 0.000000
0.274092 -1.054455 0.236013 0.000000
0.398602 0.101758 0.229950 0.000000
-0.044504 -0.501775 0.153574 0.000000
0.191685 -0.245873 0.551386 0.000000
0.357348 -0.494596 0.264770 0.000000
0.493779 -0.036612 0.142115 0.000000
0.042826 -0.412485 0.169793 0.000000
0.133261 -0.315349 0.168686 0.000000
0.294639 -1.037296 0.219493 0.000000
0.599345 -1.310386 0.117528 1.000000
0.327157 -0.686564 0.196008 0.000000
0.336685 -0.330378 0.213354 0.000000
0.342067 -0.493563 0.193189 0.000000
0.325529 -0.367348 0.189598 0.000000
0.358443 0.276282 0.112620 0.000000
0.379690 -0.903012 0.473480 0.000000
0.418592 0.121798 0.096201 0.000000
0.386631 -0.917395 0.502353 0.000000
0.441641 0.064816 0.180079 0.000000
0.370661 -0.782982 0.388602 0.000000
0.318133 0.029148 0.163293 0.000000
0.394824 0.338966 0.173415 0.000000
0.324234 -1.125615 0.243262 0.000000
0.332345 -0.094448 0.182335 0.000000
0.298359 -1.023467 0.205755 0.000000
0.333093 0.206638 0.173370 0.000000
0.369895 0.424467 0.123961 0.000000
0.328714 -0.419591 0.197629 0.000000
0.523694 -0.198830 0.157403 0.000000
0.254961 0.009865 0.315758 0.000000
0.359204 -0.910623 0.217259 1.000000
0.392530 0.030983 0.008326 0.000000
0.365399 0.331619 0.115423 0.000000
0.445391 0.043144 0.185529 0.000000
0.304464 -1.010133 0.216189 0.000000
0.265032 -0.085364 0.160834 0.000000
0.346328 0.277917 0.187136 0.000000
0.387337 0.350120 0.140196 0.000000
-0.062079 -0.526452 0.133721 0.000000
0.438135 0.072775 0.117586 0.000000
0.356594 0.267883 0.097716 0.000000
0.205309 -0.197266 0.153018 0.000000
0.286649 0.022338 0.308709 0.000000
0.341214 0.161102 0.088269 0.000000
0.351876 -0.433276 0.235403 0.000000
0.114631 -0.326168 0.172231 0.000000
0.446641 -0.012672 0.339407 0.000000
0.440068 -0.978437 0.612769 0.000000
0.326048 0.185440 0.169542 0.000000
0.354385 -0.454782 0.250309 0.000000
0.067171 -0.392600 0.169494 0.000000
0.436806 0.031551 0.071864 0.000000
-0.051123 -0.507989 0.139146 0.000000
0.307102 -0.905755 0.231231 0.000000
0.417399 -0.121768 0.246311 0.000000
0.338766 -0.659115 0.209037 0.000000
0.175896 -0.265376 0.562927 0.000000
0.324553 -0.025074 0.173686 0.000000
-0.085532 -0.550674 0.138888 0.000000
0.341853 0.245262 0.160056 0.000000
0.355391 0.469412 0.152003 0.000000
0.456610 0.061315 0.140857 0.000000
0.524787 -0.133373 0.156424 0.000000
0.285542 -0.038943 0.155620 0.000000
0.371266 -0.043970 -0.032064 0.000000
0.320672 -0.003690 0.183183 0.000000
0.318262 0.052006 0.179807 0.000000
0.334427 -0.676966 0.200191 0.000000
0.332404 -0.234470 0.200797 0.000000
0.506429 -1.134443 0.158627 1.000000
0.526430 -1.169514 0.153058 1.000000
0.339955 -0.332986 0.192192 0.000000
0.003871 -0.456781 0.159622 0.000000
0.322052 -1.165988 0.241959 0.000000
0.357215 -0.538817 0.287911 0.000000
0.304170 -0.919561 0.245305 0.000000
0.327705 -0.799995 0.206497 0.000000
0.463894 0.084584 0.131618 0.000000
0.334820 -0.186383 0.191937 0.000000
0.438808 0.071084 0.084471 0.000000
0.484583 -0.048595 0.118313 0.000000
0.333004 0.138382 0.080053 0.000000
0.593643 -1.284325 0.118641 1.000000
0.337295 -0.211817 0.196978 0.000000
0.411167 0.003930 0.305594 0.000000
0.444073 -0.013486 0.065047 0.000000
0.521213 -0.190495 0.141209 0.000000
0.185826 -0.216461 0.509136 0.000000
0.383143 0.304640 0.120895 0.000000
0.316237 -0.917788 0.222832 0.000000
0.319396 0.091384 0.068127 0.000000
0.433422 0.084420 0.193693 0.000000
0.321837 0.027481 0.058034 0.000000
0.318494 -0.875448 0.204714 0.000000
0.437577 -1.032053 0.169351 1.000000
0.305454 0.061166 0.292498 0.000000
0.341237 -0.393036 0.188804 0.000000
0.355967 -0.537215 0.274938 0.000000
0.352031 -0.628754 0.306606 0.000000
0.334535 0.289360 0.097542 0.000000
0.541632 -1.208217 0.131688 1.000000
0.394437 0.212220 0.107062 0.000000
0.397839 0.238218 0.111146 0.000000
0.385721 0.000998 0.005493 0.000000
0.319731 -0.858517 0.207914 0.000000
0.324924 -0.408818 0.189154 0.000000
0.448573 0.040585 0.119358 0.000000
0.420399 0.100932 0.088630 0.000000
0.303770 -1.067028 0.227592 0.000000
0.361183 -0.633252 0.314959 0.000000
0.325344 -0.764711 0.206081 0.000000
0.352506 -0.429061 0.250079 0.000000
0.412692 0.259046 0.162631 0.000000
0.445813 0.018667 0.181073 0.000000
0.422449 0.195702 0.120887 0.000000
0.445698 0.088694 0.124513 0.000000
0.556524 -1.240722 0.130511 1.000000
0.330787 -0.873674 0.221006 0.000000
0.411063 0.190654 0.120858 0.000000
0.350508 -0.439998 0.261732 0.000000
0.447669 0.143740 0.129407 0.000000
0.374990 0.431676 0.149651 0.000000
0.292919 -1.045927 0.210842 0.000000
0.258486 -0.088250 0.140703 0.000000
0.476936 -0.009224 0.107233 0.000000
-0.014807 -0.475728 0.155213 0.000000
0.524251 -0.110336 0.113959 0.000000
0.301743 -0.957027 0.209958 0.000000
0.373753 -0.932512 0.210994 1.000000
0.503936 -0.030971 0.387202 0.000000
0.330211 -0.128470 0.181781 0.000000
0.396937 0.308268 0.163625 0.000000
0.572751 -1.275061 0.122886 1.000000
0.485692 -0.011436 0.140692 0.000000
0.307543 0.007832 0.176243 0.000000
0.352213 0.390030 0.153884 0.000000
0.397715 0.315548 0.128494 0.000000
0.235475 -0.154687 0.159217 0.000000
0.385627 -0.722800 0.368782 0.000000
0.243320 -0.127155 0.150507 0.000000
0.231856 -0.064227 0.364140 0.000000
0.519088 -0.113935 0.147110 0.000000
0.430212 -0.971247 0.574830 0.000000
0.307734 -0.904127 0.204560 0.000000
0.341179 0.214991 0.097619 0.000000
0.546717 -1.219656 0.137185 1.000000
0.331205 0.309086 0.105492 0.000000
0.331397 -0.108706 0.183283 0.000000
-0.028980 -0.494175 0.145587 0.000000
0.265637 -1.048321 0.266406 0.000000
0.335812 -0.263420 0.187089 0.000000
0.401418 -0.827475 0.422909 0.000000
0.315334 -0.907858 0.242479 0.000000
0.207792 -0.114267 0.401574 0.000000
0.324810 -0.026626 0.186657 0.000000
0.341554 -0.825145 0.205181 0.000000
0.280626 0.057225 0.276612 0.000000
0.171382 -0.276080 0.582864 0.000000
0.277346 -0.967136 0.245891 0.000000
0.394911 0.183086 0.078460 0.000000
0.343147 0.391327 0.163927 0.000000
0.330254 -0.844322 0.209819 0.000000
0.488574 -0.038667 0.106899 0.000000
0.326632 -0.251940 0.194895 0.000000
0.326065 0.070403 0.183817 0.000000
0.351534 0.374124 0.162711 0.000000
0.362432 -0.553201 0.290743 0.000000
0.462960 0.032583 0.143073 0.000000
0.220354 -0.156265 0.139256 0.000000
0.390178 -0.875224 0.446127 0.000000
0.337256 0.236069 0.170067 0.000000
0.082208 -0.375748 0.169708 0.000000
0.328665 -0.548187 0.200818 0.000000
0.333134 -0.479801 0.195243 0.000000
0.334080 0.167021 0.221247 0.000000
0.143922 -0.281023 0.164911 0.000000
0.458650 -0.054943 0.062661 0.000000
0.440982 0.011324 0.075333 0.000000
0.334108 -0.354629 0.199731 0.000000
0.328935 -0.531758 0.186817 0.000000
0.347124 -0.765845 0.209294 0.000000
0.389014 0.130052 0.059404 0.000000
0.549680 -1.198363 0.153423 1.000000
0.322907 -0.000697 0.050751 0.000000
0.322739 -0.341172 0.195041 0.000000
0.344571 0.086560 0.181911 0.000000
0.323827 0.236803 0.110208 0.000000
0.406744 -0.951407 0.537884 0.000000
0.334347 0.193257 0.102187 0.000000
0.396881 -0.934749 0.507507 0.000000
0.262012 -1.025572 0.236629 0.000000
0.599296 -1.298543 0.121338 1.000000
0.397433 -0.956755 0.201033 1.000000
0.350068 0.283454 0.176240 0.000000
0.327802 -0.036389 0.171720 0.000000
0.283195 -1.016837 0.244329 0.000000
0.337934 -0.293670 0.191741 0.000000
0.300497 -0.059573 0.035923 0.000000
0.576893 -1.233998 0.135875 1.000000
0.342781 -0.517715 0.194546 0.000000
0.294459 -0.943598 0.240385 0.000000
0.388200 0.473736 0.107475 0.000000
0.344504 0.339731 0.163726 0.000000
0.483778 -0.125813 0.172306 0.000000
0.290868 -1.109637 0.245802 0.000000
0.344735 0.235132 0.105286 0.000000
0.616191 -1.318012 0.121600 1.000000
0.480075 -0.086654 0.189051 0.000000
0.324370 -0.975892 0.232367 0.000000
0.449586 0.054769 0.184563 0.000000
0.395293 0.257479 0.190208 0.000000
0.290159 -1.085657 0.245416 0.000000
0.336679 -0.456225 0.183075 0.000000
0.337304 -0.607548 0.199910 0.000000
0.365396 0.466380 0.121594 0.000000
0.492087 -0.118261 0.042658 0.000000
0.345286 0.397324 0.131573 0.000000
0.204011 -0.127605 0.410459 0.000000
0.339191 -0.781507 0.200751 0.000000
0.431731 -0.007667 0.323544 0.000000
0.164640 -0.248998 0.159022 0.000000
0.374164 0.455185 0.145514 0.000000
0.337774 -0.317480 0.185962 0.000000
0.435905 -1.025964 0.180309 1.000000
0.342158 0.442568 0.147515 0.000000
0.311598 -0.009118 0.049276 0.000000
0.515258 -0.092604 0.144091 0.000000
0.212214 -0.150718 0.414979 0.000000
0.564039 -1.253263 0.127294 1.000000
-0.057937 -0.518846 0.141897 0.000000
0.380601 -0.945185 0.192116 1.000000
0.410082 -0.954093 0.551217 0.000000
0.260476 -1.051670 0.236839 0.000000
0.095030 -0.333594 0.175212 0.000000
0.270950 -0.138541 0.003234 0.000000
0.194937 -0.185926 0.468659 0.000000
0.276467 0.006098 0.318542 0.000000
0.456156 0.059367 0.115648 0.000000
0.349198 0.429350 0.146514 0.000000
0.320518 -0.991560 0.221142 0.000000
0.312883 -1.103605 0.237628 0.000000
0.510177 -0.079685 0.149493 0.000000
0.342869 0.365218 0.156136 0.000000
0.488524 -1.097321 0.173981 1.000000
0.532459 -0.187709 0.164937 0.000000
0.103465 -0.236647 -0.041251 0.000000
0.277625 -0.127493 0.015320 0.000000
0.351288 0.247687 0.105144 0.000000
0.340859 -0.692845 0.196394 0.000000
0.344355 0.477573 0.152424 0.000000
0.332426 -0.150835 0.186597 0.000000
0.308326 -1.075385 0.234872 0.000000
0.395059 0.016328 0.272034 0.000000
0.322308 -1.154165 0.245352 0.000000
0.322366 0.035569 0.172089 0.000000
-0.073565 -0.532139 0.137999 0.000000
0.393577 -0.899469 0.469145 0.000000
0.390038 0.025859 0.236545 0.000000
0.332781 -0.302550 0.202189 0.000000
0.337267 -0.354857 0.225167 0.000000
0.344421 0.205776 0.103863 0.000000
0.444164 -0.001822 0.213835 0.000000
0.315073 0.084421 0.277317 0.000000
0.463538 -1.064351 0.175076 1.000000
0.407224 0.230126 0.171002 0.000000
0.321696 -0.189966 0.191209 0.000000
0.026293 -0.437199 0.164732 0.000000
0.337824 0.409064 0.138823 0.000000
0.425911 0.085310 0.087447 0.000000
0.297060 -0.014446 0.182379 0.000000
0.322337 -0.089921 0.185911 0.000000
0.430696 0.053005 0.080176 0.000000
0.343929 -0.876370 0.203608 1.000000
0.252826 -0.119783 0.170244 0.000000
0.332141 0.168488 0.242757 0.000000
0.450924 -0.034221 0.065115 0.000000
0.294908 -0.085236 0.028137 0.000000
0.322503 -0.850823 0.226016 0.000000
0.337703 0.206425 0.228113 0.000000
0.278871 -0.978239 0.240084 0.000000
0.190270 -0.216071 0.153893 0.000000
0.390120 0.017070 -0.001799 0.000000
0.312719 0.025393 0.178060 0.000000
0.392554 0.131874 0.225658 0.000000
0.337461 -0.746919 0.198719 0.000000
0.368229 -0.723823 0.361859 0.000000
0.225279 -0.112837 0.390849 0.000000
0.452752 -0.033713 0.183003 0.000000
0.325398 -0.714459 0.205764 0.000000
0.297561 -1.106174 0.222506 0.000000
0.338383 -0.705957 0.210764 0.000000
0.346196 -0.382249 0.231304 0.000000
0.460094 -0.023749 0.345331 0.000000
0.363804 -0.922358 0.227739 1.000000
0.324698 -0.165769 0.194483 0.000000
0.331378 0.187006 0.111373 0.000000
0.435074 0.187206 0.132213 0.000000
0.320920 0.129182 0.234733 0.000000
0.126099 -0.324484 0.172762 0.000000
0.303748 -1.027721 0.216783 0.000000
0.309940 -0.853609 0.226310 0.000000
0.337057 -0.639544 0.202019 0.000000
0.395861 0.079085 0.223956 0.000000
0.389146 -0.773749 0.387621 0.000000
0.391149 -0.959756 0.176015 1.000000
0.328899 -0.493483 0.199845 0.000000
0.323814 0.119893 0.251442 0.000000
0.426393 -1.013765 0.172022 1.000000
0.516350 -0.288439 0.204255 0.000000
0.341075 -0.801654 0.218709 0.000000
0.476420 0.023029 0.138072 0.000000
0.472570 0.043139 0.134540 0.000000
0.391523 0.263755 0.162557 0.000000
0.254881 -0.041212 0.353150 0.000000
0.296302 -1.090998 0.225279 0.000000
0.270912 -0.997654 0.240267 0.000000
0.332484 0.098660 0.166317 0.000000
0.292944 -0.910552 0.230954 0.000000
0.257126 -0.156070 -0.012608 0.000000
0.466657 -0.070560 0.181871 0.000000
0.360741 -0.668273 0.328827 0.000000
0.332013 0.255210 0.162046 0.000000
0.634120 -0.162479 0.093711 0.000000
0.358266 -0.741025 0.360229 0.000000
0.050890 -0.397110 0.173443 0.000000
0.534218 -0.109299 0.119222 0.000000
0.378686 -0.614340 0.332134 0.000000
0.418113 0.231729 0.123060 0.000000
0.386038 0.420376 0.158781 0.000000
0.418953 0.216338 0.167489 0.000000
0.438419 0.021914 0.078356 0.000000
0.536554 -0.209997 0.167460 0.000000
0.327107 -0.508040 0.186022 0.000000
0.280995 -0.993944 0.244174 0.000000
0.418680 -0.971666 0.576171 0.000000
0.368504 0.487460 0.118130 0.000000
0.339454 -0.506967 0.193759 0.000000
0.359409 -0.518267 0.292674 0.000000
0.210502 -0.197776 -0.024479 0.000000
0.505723 -0.168050 0.154477 0.000000
-0.014804 -0.488043 0.141709 0.000000
0.363659 0.062730 0.203749 0.000000
0.468346 -0.051931 0.194127 0.000000
0.410499 0.000933 0.290903 0.000000
0.255010 -0.103539 0.151689 0.000000
0.257882 -0.105623 0.168766 0.000000
0.345632 0.229471 0.206948 0.000000
0.330623 0.268759 0.101734 0.000000
0.322758 0.115150 0.167159 0.000000
0.330614 -0.906914 0.215763 0.000000
0.127363 -0.298116 0.169645 0.000000
0.339935 0.300233 0.179347 0.000000
0.340275 -0.730058 0.214045 0.000000
0.456762 0.076132 0.139027 0.000000
0.391587 0.103784 0.050405 0.000000
0.420072 0.147230 0.096445 0.000000
0.279143 -1.068823 0.259610 0.000000
0.454444 0.007444 0.192398 0.000000
0.347054 0.228258 0.095690 0.000000
0.298554 -1.139871 0.216635 0.000000
0.387361 0.044804 0.028723 0.000000
0.429914 -0.985946 0.608602 0.000000
0.317990 -0.938792 0.220197 0.000000
0.418129 0.198289 0.106290 0.000000
0.333016 -0.291082 0.201454 0.000000
0.308952 -1.022021 0.230197 0.000000
0.369544 -0.068949 0.293654 0.000000
0.482114 -1.074495 0.158171 1.000000
0.384426 -0.946809 0.219100 1.000000
0.191247 -0.227292 0.507936 0.000000
0.505837 -0.077294 0.120223 0.000000
0.480695 -1.091187 0.165447 1.000000
0.494502 -0.119746 0.178701 0.000000
0.524510 -0.040509 0.401981 0.000000
0.302709 -1.033486 0.235646 0.000000
0.325311 0.068437 0.068522 0.000000
0.458007 0.094837 0.136347 0.000000
0.434990 -1.002988 0.215850 1.000000
0.372914 0.373670 0.117355 0.000000
0.322567 0.016747 0.183191 0.000000
0.533760 -1.210439 0.144531 1.000000
0.079425 -0.370817 0.179897 0.000000
0.318283 -0.924914 0.211219 0.000000
0.437938 0.111386 0.122433 0.000000
0.430217 0.171028 0.167554 0.000000
0.294796 -0.979096 0.237348 0.000000
0.359588 -0.570078 0.296265 0.000000
0.334984 -0.562451 0.197342 0.000000
0.325437 -0.039868 0.189339 0.000000
0.388513 -0.762560 0.392385 0.000000
0.377843 -0.824567 0.412617 0.000000
0.392968 -0.820955 0.419820 0.000000
0.336891 -0.571351 0.207902 0.000000
0.384835 -0.020463 -0.007260 0.000000
0.477731 -0.091679 0.056171 0.000000
0.436323 0.162153 0.129089 0.000000
0.321959 -0.427456 0.193679 0.000000
0.224131 -0.186889 0.162513 0.000000
0.463584 0.006005 0.115416 0.000000
0.325076 -0.865762 0.214386 0.000000
0.425009 -0.997062 0.177394 1.000000
0.403533 0.264449 0.124322 0.000000
0.199001 -0.200110 -0.039298 0.000000
0.334618 0.282893 0.193120 0.000000
0.329639 -0.654785 0.199886 0.000000
0.383097 0.029758 0.257602 0.000000
0.465558 -0.034966 0.192626 0.000000
0.306660 -0.897689 0.223026 0.000000
0.428789 0.149787 0.174203 0.000000
0.353224 0.095642 0.164416 0.000000
0.441907 0.013560 0.206805 0.000000
0.326218 0.102259 0.264553 0.000000
0.295915 -1.145260 0.226907 0.000000
0.343406 -0.397876 0.242733 0.000000
0.317052 -1.029641 0.226329 0.000000
0.174638 -0.265553 0.173513 0.000000
0.308978 -0.990326 0.229002 0.000000
0.342167 0.203742 0.206674 0.000000
0.406530 0.168308 0.211710 0.000000
0.360916 -0.591451 0.295917 0.000000
0.322680 -0.693752 0.203119 0.000000
0.473753 -1.070464 0.188908 1.000000
0.559172 -1.220462 0.139526 1.000000
0.368067 -0.612023 0.313732 0.000000
0.384110 0.443666 0.148244 0.000000
0.342671 0.378363 0.124925 0.000000
0.429284 0.067566 0.206771 0.000000
0.189407 -0.187860 0.457043 0.000000
0.295126 -0.964731 0.246715 0.000000
0.438176 -0.028047 0.213025 0.000000
0.449867 -0.021359 0.070007 0.000000
0.274086 -1.088417 0.247259 0.000000
0.333905 -0.464139 0.193152 0.000000
0.345533 -0.352163 0.217571 0.000000
0.366047 0.354463 0.113760 0.000000
0.322820 -0.969306 0.221567 0.000000
0.383918 -0.949207 0.180211 1.000000
0.255997 -1.019172 0.243158 0.000000
0.332377 0.146851 0.241536 0.000000
0.544485 -1.190113 0.148109 1.000000
0.108895 -0.315309 0.173634 0.000000
0.323858 -0.887801 0.211370 0.000000
-0.099131 -0.560388 0.121665 0.000000
0.466950 0.057105 0.141231 0.000000
0.442136 -0.038985 0.220040 0.000000
0.447039 -1.037654 0.176378 1.000000
0.346767 -0.698844 0.203344 0.000000
0.363256 -0.898890 0.203877 1.000000
0.374039 -0.624716 0.332282 0.000000
0.339487 -0.793518 0.209046 0.000000
0.478199 -0.003489 0.142534 0.000000
0.399543 0.166990 0.086008 0.000000
0.399335 0.166202 0.219781 0.000000
0.359838 -0.501927 0.272448 0.000000
0.285982 -0.111431 0.017465 0.000000
0.605195 -0.149084 0.112959 0.000000
0.428383 0.140191 0.122626 0.000000
0.367708 -0.073195 -0.042501 0.000000
0.269680 -1.078010 0.239880 0.000000
0.281097 -0.056696 0.142889 0.000000
0.335933 -0.448041 0.192633 0.000000
0.320617 -1.076961 0.227041 0.000000
0.321660 0.304186 0.109292 0.000000
0.163285 -0.279075 0.166426 0.000000
0.457664 -0.055684 0.186166 0.000000
0.306571 0.000100 0.147905 0.000000
0.225287 -0.160730 0.147963 0.000000
0.288598 -1.036785 0.240594 0.000000
-0.117464 -0.581582 0.131244 0.000000
0.421840 -0.004882 0.306770 0.000000
0.241712 -0.171346 -0.022571 0.000000
0.402479 0.387208 0.153087 0.000000
0.399159 0.090688 0.234955 0.000000
0.451214 -1.055369 0.167857 1.000000
0.266881 0.023612 0.305162 0.000000
0.395316 -0.961114 0.191338 1.000000
0.512901 -0.199122 -0.010696 0.000000
0.432596 -1.010268 0.193497 1.000000
0.338687 0.178128 0.218272 0.000000
0.348495 0.233087 0.187697 0.000000
0.223249 -0.186292 -0.030678 0.000000
0.394306 -0.957884 0.220074 1.000000
0.584397 -1.265006 0.124903 1.000000
0.349369 -0.889115 0.221384 1.000000
0.388434 -0.784274 0.402334 0.000000
0.381091 0.476826 0.141351 0.000000
0.334626 0.148369 0.170449 0.000000
0.329660 -0.821202 0.220218 0.000000
0.453750 0.116866 0.130499 0.000000
0.468166 -1.084271 0.158850 1.000000
0.419811 0.150427 0.125206 0.000000
0.351598 -0.898303 0.228116 1.000000
0.332524 -0.379174 0.199659 0.000000
0.337138 -0.540913 0.194466 0.000000
0.360604 -0.517966 0.278333 0.000000
0.354720 0.073108 0.194804 0.000000
0.313355 -1.143548 0.239287 0.000000
0.233612 -0.097670 0.379910 0.000000
0.386504 0.404410 0.153621 0.000000
0.336762 -0.422762 0.189557 0.000000
0.328059 -0.338477 0.216421 0.000000
0.331243 0.218980 0.106740 0.000000
0.353948 0.400428 0.152019 0.000000
0.382549 -0.021917 0.253007 0.000000
0.294334 -1.049825 0.223159 0.000000
0.337395 0.185894 0.235677 0.000000
0.471573 -1.084215 0.180713 1.000000
0.302941 0.085974 0.260385 0.000000
0.329743 0.363638 0.121399 0.000000
0.385818 -0.007929 0.249560 0.000000
0.209866 -0.187076 0.150093 0.000000
0.407047 0.201950 0.206869 0.000000
0.376178 -0.790093 0.394593 0.000000
0.349328 0.153650 0.120991 0.000000
0.391849 0.295657 0.119050 0.000000
0.121271 -0.226820 -0.047634 0.000000
0.395582 0.294087 0.159038 0.000000
0.326512 -0.525499 0.199985 0.000000
0.388368 0.332065 0.149379 0.000000
0.471668 -1.070255 0.168728 1.000000
0.259169 -0.093899 0.149847 0.000000
0.482907 0.035310 0.127414 0.000000
0.387583 0.423297 0.147705 0.000000
0.301416 -0.004385 0.161547 0.000000
0.329656 -0.618034 0.195211 0.000000
0.434211 0.134551 0.170269 0.000000
0.321860 -0.315710 0.215335 0.000000
0.404091 0.287729 0.161477 0.000000
0.368168 0.457543 0.114524 0.000000
0.280042 -0.948529 0.241188 0.000000
0.330534 0.323491 0.110887 0.000000
0.505453 -0.057949 0.141697 0.000000
0.517327 -1.133434 0.166976 1.000000
0.320053 -0.077227 0.184672 0.000000
0.394163 0.274860 0.164005 0.000000
0.330396 -0.763648 0.215447 0.000000
0.388545 0.387125 0.145278 0.000000
0.345139 0.247732 0.195064 0.000000
0.377585 -0.883032 0.457538 0.000000
0.330743 0.029789 0.178608 0.000000
0.235548 -0.079628 0.370543 0.000000
0.316340 -0.950836 0.214526 0.000000
0.294348 -1.000933 0.250976 0.000000
0.301292 -0.027645 0.047481 0.000000
0.278154 -0.065883 0.166958 0.000000
0.316638 -0.022504 0.040072 0.000000
0.441434 -0.008641 0.205743 0.000000
0.393892 0.278681 0.116224 0.000000
0.327570 -0.394050 0.189556 0.000000
0.282418 0.011678 0.311137 0.000000
0.376673 -0.929570 0.185861 1.000000
0.248919 -0.053133 0.357327 0.000000
0.358789 -0.546267 0.268950 0.000000
0.334795 0.176177 0.086825 0.000000
0.324151 -0.170285 0.184972 0.000000
0.325819 0.201459 0.110240 0.000000
0.422771 0.206675 0.129714 0.000000
0.473545 0.002379 0.110374 0.000000
0.363419 -0.915134 0.175946 1.000000
0.152574 -0.274618 0.166028 0.000000
0.338768 -0.787286 0.220075 0.000000
0.499747 -0.068097 0.120543 0.000000
0.331772 -0.632980 0.192474 0.000000
0.185768 -0.231769 0.532452 0.000000
0.338228 0.271489 0.165540 0.000000
0.389948 0.265556 0.126318 0.000000
0.309016 -0.880072 0.220480 0.000000
0.377995 0.407969 0.144083 0.000000
0.427974 0.066394 0.080982 0.000000
0.306447 -1.003725 0.227440 0.000000
0.321142 -0.226295 0.193036 0.000000
0.329785 -0.579536 0.201132 0.000000
0.300792 -1.079363 0.241740 0.000000
0.376162 -0.576923 0.313835 0.000000
0.290875 -0.921001 0.227542 0.000000
0.297556 -1.020747 0.229367 0.000000
0.330480 -0.003748 0.179120 0.000000
0.612627 -1.336017 0.114936 1.000000
0.145740 -0.291058 0.167238 0.000000
0.337486 -0.531713 0.205846 0.000000
0.326392 -0.741744 0.201922 0.000000
0.394854 -0.778024 0.395262 0.000000
0.338904 -0.650503 0.202109 0.000000
0.334774 -0.366041 0.241596 0.000000
0.310070 -0.966235 0.221956 0.000000
0.409000 0.197445 0.176949 0.000000
0.344539 0.117928 0.148478 0.000000
0.335124 -0.208238 0.187421 0.000000
0.337605 -0.422042 0.202508 0.000000
0.441816 -0.064683 0.228948 0.000000
0.435095 0.063005 0.187996 0.000000
0.184915 -0.199274 0.487556 0.000000
0.377042 0.339784 0.116885 0.000000
0.477330 -0.027350 0.112997 0.000000
0.286703 -0.088243 0.036244 0.000000
0.263074 -0.091543 0.169255 0.000000
0.288152 -1.081748 0.254870 0.000000
0.216270 -0.177448 0.145274 0.000000
0.340638 -0.402774 0.192463 0.000000
0.015812 -0.459705 0.158244 0.000000
0.530174 -1.189337 0.149603 1.000000
0.337950 -0.365052 0.229090 0.000000
0.439987 0.029048 0.202320 0.000000
0.347166 0.450515 0.141947 0.000000
0.533304 -0.220717 0.168233 0.000000
0.332793 0.134344 0.257726 0.000000
0.191896 -0.235610 0.163584 0.000000
0.327765 -0.484829 0.187902 0.000000
0.386893 0.339356 0.140666 0.000000
0.395024 0.359263 0.157718 0.000000
0.301691 -1.052857 0.208440 0.000000
0.330335 -0.988807 0.226597 0.000000
0.384351 -0.858122 0.433706 0.000000
0.325451 -0.273335 0.189293 0.000000
0.422008 0.137992 0.186212 0.000000
0.338883 0.201020 0.166705 0.000000
0.402482 -0.807267 0.414243 0.000000
0.398468 0.151875 0.223058 0.000000
0.534667 -1.201736 0.137025 1.000000
0.530763 -0.251952 0.179259 0.000000
0.281143 -0.048682 0.159894 0.000000
0.352470 -0.415093 0.234021 0.000000
0.520391 -0.234633 0.169543 0.000000
-0.004263 -0.472082 0.151305 0.000000
0.432723 -0.057071 0.221225 0.000000
0.312838 -0.864051 0.231174 0.000000
0.396186 -0.844386 0.429519 0.000000
0.314154 -0.926504 0.227942 0.000000
0.480691 -0.105650 0.180878 0.000000
0.277130 -1.046956 0.273824 0.000000
0.431106 0.039707 0.078598 0.000000
0.353914 -0.477896 0.249224 0.000000
0.514805 -0.216473 -0.031343 0.000000
0.235589 -0.139558 0.145260 0.000000
0.337854 -0.500513 0.204941 0.000000
0.346485 -0.334553 0.200944 0.000000
0.423715 -0.144927 0.258602 0.000000
0.372721 -0.662169 0.338668 0.000000
0.378581 0.326983 0.118613 0.000000
0.380466 -0.871345 0.441412 0.000000
0.381068 0.277674 0.117516 0.000000
0.260256 -0.148468 0.005864 0.000000
0.264408 -0.021507 0.335081 0.000000
0.337007 0.240272 0.215209 0.000000
0.340121 0.197071 0.217210 0.000000
0.460122 0.125654 0.123152 0.000000
0.045018 -0.432874 0.159434 0.000000
0.449131 0.061165 0.124788 0.000000
0.312968 -0.941280 0.231454 0.000000
0.532667 -0.167721 0.151647 0.000000
0.367773 -0.544908 0.287981 0.000000
0.388064 -0.702351 0.361490 0.000000
0.374442 -0.939678 0.186064 1.000000
0.251030 -0.009947 0.329966 0.000000
0.395686 0.270547 0.193811 0.000000
0.402241 -0.906757 0.473796 0.000000
0.621086 -0.159660 0.106036 0.000000
0.329255 -0.205520 0.196321 0.000000
0.327255 -0.349632 0.235400 0.000000
0.351957 -0.905067 0.181251 1.000000
0.271494 -1.129730 0.290543 0.000000
0.398813 -0.861066 0.439905 0.000000
0.210241 -0.220383 0.167597 0.000000
0.338979 -0.275402 0.186975 0.000000
0.398069 0.202071 0.216583 0.000000
0.402882 0.281023 0.125973 0.000000
0.400223 -0.941811 0.521788 0.000000
0.327353 0.152502 0.126163 0.000000
0.543924 -1.212392 0.143758 1.000000
0.344536 0.181365 0.094202 0.000000
0.613456 -1.296840 0.114956 1.000000
0.364225 -0.501968 0.291342 0.000000
0.396818 0.055342 0.022776 0.000000
0.334493 -0.436958 0.191132 0.000000
0.312886 0.035131 0.059883 0.000000
0.473186 -0.067277 0.064684 0.000000
0.313621 -1.092706 0.237729 0.000000
0.297903 -1.122744 0.226705 0.000000
0.334942 -0.377333 0.245986 0.000000
0.339479 0.387191 0.129717 0.000000
0.339383 -0.668115 0.199635 0.000000
0.306426 -0.966692 0.212030 0.000000
0.451874 -0.022258 0.184296 0.000000
0.434597 -0.975290 0.592014 0.000000
0.334345 0.133051 0.138936 0.000000
0.339466 0.366444 0.120696 0.000000
0.469729 -1.097379 0.173678 1.000000
0.291719 -0.940148 0.231251 0.000000
0.216535 -0.192085 0.158108 0.000000
0.081289 -0.239583 -0.051410 0.000000
0.337871 -0.827652 0.216591 0.000000
0.241937 -0.061817 0.359380 0.000000
0.289176 -1.008413 0.240005 0.000000
0.269732 -1.048580 0.256052 0.000000
0.113151 -0.345967 0.168510 0.000000
0.336669 0.198644 0.092145 0.000000
0.350249 -0.908206 0.224331 1.000000
0.347974 0.261307 0.183045 0.000000
0.420403 0.244074 0.122786 0.000000
0.393925 0.472236 0.119363 0.000000
0.403353 0.217513 0.103644 0.000000
0.328045 -0.333347 0.228539 0.000000
0.373551 -0.028287 -0.025518 0.000000
0.488700 0.008624 0.129176 0.000000
0.319041 0.047285 0.064886 0.000000
0.365350 -0.915533 0.207159 1.000000
0.321927 -1.075265 0.238777 0.000000
0.258332 -0.099272 0.179495 0.000000
0.398394 -0.914525 0.481649 0.000000
0.336584 -0.590212 0.198607 0.000000
0.401809 0.252886 0.116907 0.000000
0.318688 -0.899103 0.219407 0.000000
0.339692 -0.856459 0.209190 0.000000
0.335229 -0.473409 0.185032 0.000000
0.517461 -0.092571 0.120911 0.000000
0.315129 0.067434 0.064986 0.000000
0.436513 0.061856 0.198355 0.000000
0.333479 -0.869081 0.209526 0.000000
0.395958 0.128900 0.067670 0.000000
0.406116 -0.178348 0.272638 0.000000
-0.044675 -0.511691 0.151820 0.000000
0.298260 -0.890776 0.225238 0.000000
0.388669 -0.926198 0.507837 0.000000
0.271455 -0.069350 0.157497 0.000000
0.524190 -0.225813 0.165872 0.000000
0.397661 0.245420 0.167154 0.000000
0.344730 0.214779 0.088208 0.000000
0.508383 -0.074282 0.134709 0.000000
0.332168 -0.441836 0.200948 0.000000
0.455661 0.048255 0.117162 0.000000
0.378202 -0.004434 -0.006826 0.000000
0.209555 -0.106238 0.395698 0.000000
0.079590 -0.246589 -0.044106 0.000000
0.337579 -0.685902 0.203508 0.000000
0.395565 0.024075 0.245126 0.000000
0.400339 0.009227 0.278001 0.000000
-0.126154 -0.591584 0.129479 0.000000
0.407529 0.194566 0.108474 0.000000
0.349562 0.235437 0.087505 0.000000
0.494312 -1.130727 0.149802 1.000000
0.408777 -0.887303 0.456778 0.000000
0.336837 -0.384867 0.182819 0.000000
0.312304 -1.061821 0.228274 0.000000
0.331807 -0.695942 0.199619 0.000000
0.329843 0.251998 0.106728 0.000000
0.409274 0.168414 0.104988 0.000000
0.347227 0.409133 0.156840 0.000000
0.574273 -1.255459 0.128777 1.000000
0.385348 0.036458 0.246040 0.000000
0.195555 -0.172485 0.447686 0.000000
0.318150 -0.857707 0.220211 0.000000
0.434734 0.175772 0.126932 0.000000
0.378175 0.428888 0.127498 0.000000
0.485972 -0.021706 0.145981 0.000000
0.584585 -0.146557 0.111769 0.000000
0.336852 -0.323895 0.194968 0.000000
0.278868 -1.010760 0.269747 0.000000
0.235861 -0.023542 0.340328 0.000000
0.338256 0.183507 0.078578 0.000000
-0.003866 -0.458412 0.165720 0.000000
0.436310 0.103461 0.182318 0.000000
0.574258 -0.140643 0.112981 0.000000
0.278776 -0.053023 0.173098 0.000000
0.324490 -0.215623 0.197412 0.000000
0.380956 -0.927239 0.173984 1.000000
0.350640 0.427317 0.158546 0.000000
0.297307 -0.996585 0.209102 0.000000
0.574010 -1.295072 0.121075 1.000000
0.351524 -0.445489 0.270063 0.000000
0.330129 -0.548658 0.190994 0.000000
0.332999 -0.519497 0.194614 0.000000
0.423869 0.168262 0.174697 0.000000
0.299839 -0.017444 0.050886 0.000000
0.330628 0.230748 0.164034 0.000000
0.302314 0.006214 0.166751 0.000000
0.339765 -0.575142 0.189278 0.000000
0.350454 -0.890631 0.211442 1.000000
0.287081 -0.928196 0.236107 0.000000
0.372374 -0.032751 0.264812 0.000000
0.379439 -0.636942 0.334400 0.000000
0.521519 -0.178642 0.159848 0.000000
0.525996 -0.148182 0.153477 0.000000
0.198645 -0.216881 0.159115 0.000000
0.503513 -0.069432 0.158548 0.000000
0.472593 0.035522 0.144550 0.000000
0.338814 -0.831575 0.226015 0.000000
0.515383 -1.174039 0.141317 1.000000
-0.106258 -0.566877 0.123909 0.000000
0.316966 0.111240 0.249441 0.000000
0.300857 -0.934774 0.213624 0.000000
0.289644 -0.017601 0.165980 0.000000
0.361427 -0.688121 0.340389 0.000000
0.356231 -0.444268 0.239245 0.000000
0.322921 -0.009123 0.174943 0.000000
0.287718 -0.986359 0.239940 0.000000
0.402610 0.196921 0.121607 0.000000
0.381738 -0.033596 -0.014792 0.000000
0.425689 0.127424 0.092333 0.000000
0.338147 0.167456 0.118037 0.000000
0.333362 0.084343 0.173640 0.000000
0.243891 -0.020191 0.335293 0.000000
0.396966 0.342301 0.162898 0.000000
0.340369 -0.384763 0.238943 0.000000
0.452962 -1.032479 0.199756 1.000000
0.336479 -0.803529 0.209205 0.000000
0.366879 -0.736288 0.364970 0.000000
0.396524 0.303360 0.176835 0.000000
0.325425 -0.286850 0.193758 0.000000
0.372630 0.475214 0.148863 0.000000
0.654188 -0.173894 0.088891 0.000000
0.051499 -0.412887 0.165196 0.000000
0.516696 -1.168516 0.155683 1.000000
0.388655 0.356556 0.165013 0.000000
0.158344 -0.256353 0.160595 0.000000
0.392687 0.305806 0.122817 0.000000
0.339613 -0.753920 0.215040 0.000000
0.376369 -0.833264 0.416889 0.000000
0.370405 -0.053170 -0.035326 0.000000
0.264983 0.011290 0.314387 0.000000
0.353195 -0.360798 0.216122 0.000000
0.343487 -0.326594 0.206768 0.000000
0.439390 0.045167 0.208353 0.000000
0.250647 -0.034959 0.345481 0.000000
0.453956 -1.054944 0.183332 1.000000
0.377222 0.040241 0.226987 0.000000
0.377563 0.442523 0.128896 0.000000
0.368259 0.434107 0.124341 0.000000
0.358128 -0.427820 0.242167 0.000000
0.351271 -0.893327 0.185434 1.000000
0.275728 -1.034482 0.260609 0.000000
0.344593 -0.617588 0.201153 0.000000
0.337193 -0.366427 0.194012 0.000000
0.108121 -0.333379 0.173339 0.000000
-0.042791 -0.511955 0.132048 0.000000
0.329780 -0.785757 0.214448 0.000000
0.333959 -0.818734 0.202015 0.000000
0.359333 -0.579849 0.302207 0.000000
0.249906 -0.120592 0.153927 0.000000
0.217423 -0.118257 0.397436 0.000000
0.386030 -0.790741 0.395296 0.000000
0.326351 0.090297 0.165962 0.000000
-0.023940 -0.490522 0.156392 0.000000
-0.091737 -0.554125 0.131833 0.000000
0.333440 -0.759960 0.201105 0.000000
0.302638 -1.057226 0.228272 0.000000
0.034496 -0.425722 0.174020 0.000000
0.010168 -0.442139 0.169454 0.000000
0.286800 -0.036519 0.164969 0.000000
0.528684 -0.206779 0.162253 0.000000
0.324127 -0.844397 0.218234 0.000000
0.187718 -0.246338 0.535795 0.000000
0.244115 -0.140993 0.164863 0.000000
0.352448 -0.401114 0.232468 0.000000
0.405087 0.251013 0.171394 0.000000
0.303327 -1.056072 0.245347 0.000000
0.328528 0.210945 0.165954 0.000000
0.400535 -0.955330 0.549941 0.000000
0.470821 0.015816 0.142719 0.000000
0.482436 -0.099934 0.053397 0.000000
0.479452 -1.062962 0.182705 1.000000
0.315477 0.019489 0.056484 0.000000
0.345008 -0.410158 0.248694 0.000000
0.355978 -0.494100 0.254833 0.000000
0.380169 0.353143 0.145994 0.000000
0.309785 -0.978792 0.216214 0.000000
0.315542 0.044599 0.173811 0.000000
0.311635 0.012597 0.157849 0.000000
0.344097 -0.373594 0.226980 0.000000
0.336514 -0.492723 0.181996 0.000000
0.428746 -0.129026 0.245825 0.000000
0.336497 -0.572960 0.198376 0.000000
0.328723 -0.158982 0.181486 0.000000
0.180078 -0.273971 0.578575 0.000000
0.346005 -0.657795 0.202763 0.000000
0.338868 0.259641 0.201899 0.000000
0.407689 -0.932249 0.499047 0.000000
0.238550 -0.123837 0.133936 0.000000
0.285888 -0.957274 0.228693 0.000000
0.365973 -0.534795 0.288422 0.000000
0.392812 0.038580 0.014272 0.000000
0.400326 0.264587 0.167023 0.000000
0.308522 -0.895491 0.235437 0.000000
0.313073 -0.913863 0.210417 0.000000
0.400568 0.092352 0.043621 0.000000
0.190163 -0.194572 0.473528 0.000000
0.503289 -0.147031 0.160988 0.000000
0.339429 -0.773729 0.207863 0.000000
0.332302 -0.350744 0.188830 0.000000
0.428563 -0.984427 0.590829 0.000000
0.434637 -0.083587 0.233294 0.000000
0.355091 0.267932 0.109198 0.000000
0.443269 0.079377 0.122351 0.000000
0.250717 -0.165627 -0.009794 0.000000
0.332643 -0.244887 0.192322 0.000000
0.405022 0.219736 0.204341 0.000000
0.389993 -0.950692 0.200546 1.000000
0.379827 0.459321 0.129908 0.000000
0.269377 -1.061577 0.266005 0.000000
0.397307 0.387393 0.127839 0.000000
0.439075 0.147827 0.128174 0.000000
0.445373 -0.020068 0.217742 0.000000
0.261783 -0.151440 -0.003299 0.000000
0.556651 -1.250889 0.136344 1.000000
0.282242 0.049975 0.286944 0.000000
0.434354 0.085164 0.184150 0.000000
0.303100 0.098198 0.246306 0.000000
0.403556 0.264659 0.193691 0.000000
0.332532 -0.257681 0.199761 0.000000
0.292571 -1.008414 0.219793 0.000000
0.385244 -0.008249 -0.000128 0.000000
0.499287 -0.142834 0.028738 0.000000
0.343979 -0.432244 0.252948 0.000000
0.288893 -1.005123 0.260647 0.000000
0.355785 -0.478177 0.265079 0.000000
0.343953 0.398571 0.155326 0.000000
0.328012 0.103224 0.174750 0.000000
0.425288 -0.998908 0.197384 1.000000
0.253650 -0.108688 0.139675 0.000000
0.355569 -0.382329 0.222035 0.000000
0.339400 0.236380 0.097497 0.000000
0.324111 0.135539 0.177386 0.000000
0.189359 -0.151250 0.441127 0.000000
0.414094 -0.953013 0.528164 0.000000
0.254243 -0.027593 0.337580 0.000000
0.287138 -1.072036 0.253026 0.000000
0.337380 -0.717800 0.197503 0.000000
0.399091 0.187689 0.085656 0.000000
0.517330 -0.100194 0.112347 0.000000
0.322497 -0.911787 0.214885 0.000000
0.602506 -1.302911 0.112577 1.000000
0.390939 0.252910 0.112730 0.000000
0.498138 -0.028003 0.131327 0.000000
-0.017333 -0.475602 0.166073 0.000000
0.327646 0.128488 0.162461 0.000000
0.387976 -0.948325 0.228763 1.000000
0.326983 -0.607807 0.196298 0.000000
0.285259 -1.055831 0.242127 0.000000
0.267839 -1.100190 0.279395 0.000000
0.529794 -1.160882 0.158431 1.000000
0.457054 -0.073298 0.055906 0.000000
0.444894 -1.044107 0.185306 1.000000
0.429882 0.117269 0.122614 0.000000
0.453863 -1.065158 0.165537 1.000000
0.398098 0.202220 0.089162 0.000000
0.423511 0.124291 0.190984 0.000000
0.310163 0.084892 0.269250 0.000000
0.356652 0.439984 0.153895 0.000000
0.402220 0.336723 0.124740 0.000000
0.309936 -1.087490 0.229082 0.000000
0.403803 0.239546 0.199492 0.000000
0.329936 -0.314306 0.201095 0.000000
0.372170 -0.565267 0.309413 0.000000
0.434233 0.074309 0.189456 0.000000
0.381831 -0.645819 0.339103 0.000000
0.362286 0.080162 0.175743 0.000000
0.203169 -0.139305 0.418255 0.000000
0.385295 0.380388 0.123177 0.000000
0.372489 -0.933551 0.178406 1.000000
0.299381 -1.096501 0.235931 0.000000
0.325212 -0.831376 0.204377 0.000000
0.389169 -0.654986 0.343451 0.000000
0.360209 0.061279 0.212397 0.000000
0.312421 -0.030449 0.035100 0.000000
0.340055 0.334120 0.109080 0.000000
0.164169 -0.288410 0.167337 0.000000
0.514312 -1.149269 0.158841 1.000000
0.343765 -0.480463 0.192562 0.000000
0.335970 0.248532 0.169884 0.000000
0.281950 -0.938648 0.227698 0.000000
0.095753 -0.240648 -0.050970 0.000000
0.329479 -0.773362 0.201443 0.000000
0.292442 0.049690 0.290996 0.000000
0.211271 -0.158935 0.421432 0.000000
0.331783 -0.399918 0.197694 0.000000
0.329308 0.013852 0.177308 0.000000
0.430964 -0.113285 0.238661 0.000000
0.296527 -0.988511 0.257596 0.000000
0.343506 0.212795 0.199026 0.000000
0.327756 0.053945 0.181466 0.000000
0.383898 0.486291 0.119679 0.000000
0.485360 -0.029841 0.107047 0.000000
0.556384 -0.127279 0.116270 0.000000
0.272205 -1.078014 0.258187 0.000000
0.197660 -0.196910 0.147582 0.000000
0.353092 -0.446358 0.254244 0.000000
0.312669 0.022407 0.168878 0.000000
0.282106 -1.089367 0.252283 0.000000
0.322765 -0.111907 0.181519 0.000000
0.369172 0.410357 0.121453 0.000000
0.423937 -0.978999 0.573138 0.000000
0.338463 -0.839344 0.210842 0.000000
0.438078 0.190815 0.123849 0.000000
0.322031 -1.036228 0.232280 0.000000
0.368055 -0.047139 0.270372 0.000000
0.509253 -1.116469 0.170866 1.000000
0.395052 0.349980 0.169005 0.000000
0.267272 -1.030975 0.246509 0.000000
0.347798 0.107882 0.155155 0.000000
0.331591 0.300029 0.103165 0.000000
0.341653 -0.424366 0.248428 0.000000
0.390235 0.017992 0.249810 0.000000
0.295538 0.080311 0.261042 0.000000
0.395903 0.060207 0.235744 0.000000
0.492898 -1.114677 0.159426 1.000000
0.340600 0.293049 0.159165 0.000000
0.311030 -0.899089 0.243939 0.000000
0.314151 -0.886054 0.237729 0.000000
0.510706 -0.176754 0.152330 0.000000
0.510549 -0.085900 0.119093 0.000000
0.322200 -0.146064 0.189820 0.000000
0.511527 -0.204730 -0.020490 0.000000
0.357951 0.285430 0.110852 0.000000
0.298935 -0.991435 0.226706 0.000000
0.226607 -0.176826 0.160307 0.000000
0.517376 -0.118832 0.135514 0.000000
0.327442 0.116082 0.073884 0.000000
0.297714 -1.094277 0.208923 0.000000
0.333086 0.167210 0.085009 0.000000
0.478574 -1.079038 0.177432 1.000000
0.329220 -0.195352 0.192173 0.000000
0.334323 0.129020 0.080165 0.000000
0.439137 0.024066 0.087438 0.000000
0.445744 0.050139 0.191727 0.000000
0.418437 -1.008929 0.183777 1.000000
0.352394 -0.691220 0.338875 0.000000
0.303527 -1.016528 0.235346 0.000000
0.221284 -0.129314 0.400037 0.000000
0.530538 -1.198044 0.144925 1.000000
0.383918 -0.711662 0.368451 0.000000
0.324497 0.174399 0.117906 0.000000
0.468009 -1.084440 0.171004 1.000000
0.353689 0.456428 0.151513 0.000000
0.369144 -0.591860 0.316572 0.000000
0.327279 0.286090 0.103036 0.000000
0.443854 0.164083 0.123708 0.000000
0.403689 0.322699 0.165079 0.000000
0.332739 -0.342794 0.194228 0.000000
0.322275 -1.090150 0.241525 0.000000
0.407162 0.307287 0.160905 0.000000
0.413061 -0.966123 0.562936 0.000000
0.345175 0.267738 0.189062 0.000000
0.341296 0.195682 0.083882 0.000000
0.329792 0.157351 0.173422 0.000000
0.425769 -1.004555 0.172017 1.000000
0.403598 0.096196 0.224348 0.000000
0.505656 -0.172911 0.013297 0.000000
0.311717 -0.936887 0.206700 0.000000
0.339900 -0.604579 0.188585 0.000000
0.388610 -0.800683 0.403999 0.000000
0.337772 0.214381 0.223459 0.000000
0.287565 0.034960 0.297075 0.000000
0.397850 0.373169 0.153506 0.000000
0.292179 -1.051002 0.238430 0.000000
0.329025 -0.594423 0.206991 0.000000
0.020532 -0.444118 0.166656 0.000000
0.422148 0.156944 0.095735 0.000000
0.268595 -1.086607 0.275089 0.000000
0.419021 0.113796 0.091128 0.000000
0.129355 -0.307235 0.170521 0.000000
0.233571 -0.043108 0.352189 0.000000
0.322084 -0.108075 0.191718 0.000000
0.400311 -0.959957 0.176664 1.000000
0.613879 -1.328864 0.109310 1.000000
0.342768 -0.449719 0.186731 0.000000
0.330593 0.230878 0.108356 0.000000
0.414701 0.211209 0.173804 0.000000
0.424265 0.081658 0.096955 0.000000
0.162531 -0.210532 -0.037732 0.000000
0.456277 -0.016092 0.194348 0.000000
0.349168 -0.883764 0.205031 1.000000
0.296815 -1.064089 0.220738 0.000000
0.541311 -0.115813 0.117819 0.000000
0.278192 0.022322 0.302318 0.000000
0.337566 -0.761590 0.209353 0.000000
-0.073937 -0.537606 0.146221 0.000000
0.309639 -0.882263 0.230202 0.000000
0.428748 0.191702 0.126603 0.000000
0.322449 0.071654 0.172086 0.000000
0.331876 0.194183 0.173011 0.000000
0.333629 -0.499941 0.192984 0.000000
0.313528 -1.123429 0.239142 0.000000
0.338471 -0.716088 0.206425 0.000000
0.322679 0.217120 0.110346 0.000000
0.388601 0.375039 0.153656 0.000000
0.483128 0.006302 0.136152 0.000000
0.342493 0.373516 0.161490 0.000000
0.218534 -0.106605 0.390911 0.000000
0.297759 0.056906 0.287331 0.000000
0.335809 0.348139 0.115380 0.000000
0.340207 -0.634286 0.208786 0.000000
0.382668 -0.733224 0.372350 0.000000
0.339460 -0.627721 0.190477 0.000000
0.400217 0.137299 0.222983 0.000000
0.327416 0.138619 0.072249 0.000000
-0.051539 -0.520006 0.148292 0.000000
0.387530 0.139688 0.063112 0.000000
0.494515 -0.058758 0.105949 0.000000
0.222942 -0.063476 0.371285 0.000000
0.347390 0.305781 0.174445 0.000000
0.347322 -0.432369 0.243365 0.000000
0.221231 -0.173666 0.152609 0.000000
0.300916 -0.912336 0.236399 0.000000
0.061412 -0.379360 0.176142 0.000000
0.217465 -0.142057 0.407092 0.000000
0.488402 -1.128393 0.157494 1.000000
0.412155 -0.955862 0.568225 0.000000
0.522450 -0.127037 0.149893 0.000000
0.387869 0.065732 0.035355 0.000000
0.397958 0.229894 0.095520 0.000000
0.398177 0.111215 0.230060 0.000000
0.354745 -0.334420 0.205261 0.000000
0.353632 -0.603364 0.296074 0.000000
0.293937 -1.054982 0.254709 0.000000
0.453778 -0.017703 0.342889 0.000000
0.384356 0.412406 0.149896 0.000000
0.279967 -0.970369 0.234668 0.000000
0.358930 -0.516077 0.263487 0.000000
0.600877 -1.285387 0.124005 1.000000
0.353117 -0.904460 0.208455 1.000000
0.403199 0.008088 0.287251 0.000000
0.483486 -0.119063 0.045394 0.000000
0.307758 -1.048456 0.226588 0.000000
0.429032 0.129396 0.125866 0.000000
0.496524 -0.046898 0.147508 0.000000
0.311795 0.052455 0.063246 0.000000
0.503968 -0.230529 -0.041581 0.000000
0.399529 0.062448 0.033759 0.000000
0.420219 0.099593 0.097574 0.000000
0.588936 -1.293197 0.125048 1.000000
0.525815 -0.173282 0.153594 0.000000
0.362701 -0.913554 0.196232 1.000000
0.130365 -0.326612 0.165085 0.000000
0.387292 0.284075 0.122512 0.000000
0.326413 -0.131167 0.189523 0.000000
0.335549 -0.855303 0.222553 0.000000
0.403686 0.467413 0.117638 0.000000
0.395495 -0.953540 0.182857 1.000000
0.328071 -0.063099 0.181804 0.000000
0.293494 -1.016568 0.237024 0.000000
0.429468 0.209882 0.121434 0.000000
0.359795 -0.573794 0.287140 0.000000
-0.115845 -0.578454 0.122950 0.000000
0.197158 -0.163704 0.439482 0.000000
0.512162 -0.162962 0.150766 0.000000
0.434553 -1.012425 0.184976 1.000000
0.446157 -0.005586 0.074596 0.000000
0.263854 -1.042558 0.247800 0.000000
0.296754 0.072580 0.271125 0.000000
0.455677 -0.062770 0.059372 0.000000
0.382032 -0.917520 0.491157 0.000000
0.329146 -0.694057 0.209358 0.000000
0.339572 -0.397620 0.252021 0.000000
0.417654 0.155438 0.184857 0.000000
0.313984 -0.892417 0.215671 0.000000
0.348537 -0.370836 0.218408 0.000000
0.502440 -0.255316 -0.060198 0.000000
0.378297 -0.942343 0.229211 1.000000
0.321685 -1.135606 0.242229 0.000000
0.326558 -0.656592 0.208162 0.000000
0.399510 0.120179 0.223840 0.000000
0.402606 0.185086 0.212658 0.000000
0.313827 -1.075241 0.242823 0.000000
0.324576 0.169428 0.210465 0.000000
0.366147 -0.679976 0.338299 0.000000
0.414244 0.237488 0.166208 0.000000
0.179817 -0.249824 0.159334 0.000000
0.393750 0.253865 0.200237 0.000000
0.627248 -1.341282 0.119464 1.000000
0.440673 0.036241 0.208825 0.000000
0.339917 -0.310872 0.199809 0.000000
0.322146 -0.896383 0.209457 0.000000
0.314920 -0.970922 0.211015 0.000000
0.434100 -0.075701 0.229092 0.000000
0.349160 -0.454714 0.271802 0.000000
0.304619 -1.003449 0.205877 0.000000
0.273370 -1.129528 0.250780 0.000000
0.326232 -0.675970 0.203748 0.000000
0.531196 -0.194056 0.156428 0.000000
0.362571 0.347978 0.118848 0.000000
0.313242 0.119031 0.234234 0.000000
0.404305 -0.939341 0.505135 0.000000
0.392329 0.213931 0.097861 0.000000
0.063099 -0.400515 0.167869 0.000000
0.372596 0.422691 0.115632 0.000000
0.452038 -0.000209 0.188472 0.000000
0.500141 -0.160908 0.021385 0.000000
0.394864 -0.923207 0.494027 0.000000
0.231394 -0.185354 -0.014573 0.000000
0.362961 -0.561892 0.295167 0.000000
0.395493 0.264859 0.112637 0.000000
0.311812 0.029196 0.186067 0.000000
0.347577 0.252799 0.185639 0.000000
0.366191 -0.579466 0.311827 0.000000
0.609356 -1.315454 0.116319 1.000000
0.440058 0.072382 0.175537 0.000000
0.329396 -0.565475 0.191113 0.000000
0.311515 -1.071986 0.225893 0.000000
0.201384 -0.154397 0.428532 0.000000
0.353544 0.304374 0.168181 0.000000
0.328473 0.100319 0.073592 0.000000
0.284586 -1.070754 0.235492 0.000000
0.360580 -0.533849 0.295421 0.000000
0.458825 -1.055428 0.175920 1.000000
0.367186 -0.551280 0.297994 0.000000
0.402215 0.062224 0.024287 0.000000
0.311196 -0.041043 0.036164 0.000000
0.149185 -0.220881 -0.042267 0.000000
0.500317 -1.121374 0.169850 1.000000
0.399034 0.231060 0.104247 0.000000
-0.082153 -0.545001 0.132966 0.000000
0.396342 0.174441 0.077088 0.000000
0.332390 0.153789 0.234855 0.000000
0.576450 -1.281387 0.127867 1.000000
0.324341 0.084549 0.070837 0.000000
0.390212 0.083225 0.041479 0.000000
0.508151 -1.133499 0.169284 1.000000
0.285142 -0.113760 0.008622 0.000000
0.394629 -0.833148 0.423073 0.000000
0.047729 -0.405042 0.171121 0.000000
0.367237 0.053976 0.216803 0.000000
0.443879 0.034985 0.179958 0.000000
0.340867 -0.624642 0.207055 0.000000
0.324308 0.127253 0.242665 0.000000
0.401496 -0.186170 0.283931 0.000000
0.232584 -0.171203 0.164687 0.000000
0.348422 0.382387 0.162508 0.000000
0.398380 0.234671 0.206062 0.000000
0.428097 0.103645 0.192280 0.000000
0.356108 -0.900955 0.199130 1.000000
0.344175 -0.893148 0.227267 0.000000
0.335537 -0.807252 0.200452 0.000000
0.401215 0.223789 0.172188 0.000000
0.304279 -1.002393 0.237090 0.000000
0.344446 -0.821794 0.216911 0.000000
0.332943 -0.739917 0.207568 0.000000
0.298846 -1.065256 0.234678 0.000000
0.394343 -0.724358 0.370785 0.000000
0.276074 -0.953593 0.231335 0.000000
0.295046 -0.065768 0.039081 0.000000
0.340927 -0.587816 0.191117 0.000000
0.462385 0.024956 0.115254 0.000000
0.244298 -0.171655 -0.014162 0.000000
0.382055 0.367053 0.151736 0.000000
0.297928 -0.991894 0.216889 0.000000
0.263368 -1.129508 0.241974 0.000000
0.242673 -0.122546 0.143044 0.000000
0.585085 -1.283853 0.126401 1.000000
0.462855 0.104220 0.124380 0.000000
0.524613 -0.095493 0.113796 0.000000
0.395138 0.145445 0.068819 0.000000
0.341099 -0.733111 0.199915 0.000000
0.429771 0.105009 0.087737 0.000000
0.410744 0.284248 0.121190 0.000000
0.426930 -0.006774 0.315920 0.000000
0.425723 -0.998221 0.186068 1.000000
0.438729 0.070652 0.075704 0.000000
0.339189 -0.278516 0.195402 0.000000
0.328538 -0.249595 0.203942 0.000000
0.602651 -0.157536 0.108745 0.000000
0.105609 -0.350683 0.169556 0.000000
0.405666 0.186233 0.110479 0.000000
0.282379 -1.044046 0.248582 0.000000
0.532327 -1.170787 0.160087 1.000000
0.331897 -0.415028 0.190856 0.000000
0.330333 0.148275 0.080685 0.000000
0.404757 -0.954474 0.529923 0.000000
0.353983 -0.462655 0.266377 0.000000
0.374138 0.392844 0.118568 0.000000
0.386228 0.294155 0.154880 0.000000
0.332061 -0.271409 0.196403 0.000000
0.145900 -0.299749 0.168717 0.000000
0.577096 -1.267368 0.129099 1.000000
0.335589 0.133803 0.171075 0.000000
0.379920 0.388385 0.145881 0.000000
0.418088 0.222582 0.123208 0.000000
0.336952 -0.784573 0.208714 0.000000
0.329300 -0.360568 0.195504 0.000000
0.422339 -0.999411 0.213372 1.000000
0.343069 0.422127 0.152625 0.000000
0.339116 0.180248 0.110916 0.000000
0.338065 -0.699810 0.204575 0.000000
0.337909 -0.511572 0.205134 0.000000
0.288285 0.061916 0.278184 0.000000
0.340092 0.137973 0.085842 0.000000
0.248211 -1.061677 0.243743 0.000000
0.438273 -1.034066 0.187133 1.000000
0.326077 -0.044001 0.179247 0.000000
0.324290 -0.917315 0.226126 0.000000
0.340245 0.159609 0.121304 0.000000
0.365068 0.442729 0.121175 0.000000
0.190308 -0.199675 -0.039535 0.000000
0.391128 0.398431 0.143295 0.000000
0.098368 -0.361259 0.169145 0.000000
0.172380 -0.264206 0.164934 0.000000
0.302235 -0.008156 0.153746 0.000000
0.358968 -0.487580 0.249907 0.000000
0.488129 -0.038090 0.156314 0.000000
0.408849 -0.962117 0.545785 0.000000
0.336960 -0.679537 0.209398 0.000000
0.188477 -0.229447 0.520369 0.000000
0.357828 -0.590161 0.287896 0.000000
0.381832 -0.013909 -0.016064 0.000000
0.277810 -1.053486 0.267266 0.000000
0.385467 0.026295 0.265634 0.000000
0.349846 -0.425002 0.233713 0.000000
0.384649 -0.662257 0.344917 0.000000
0.281010 -1.100505 0.251925 0.000000
0.309426 0.077939 0.275929 0.000000
0.294365 0.043773 0.297045 0.000000
0.271584 -0.079909 0.159225 0.000000
0.490951 -0.132655 0.037740 0.000000
0.185449 -0.241323 0.162552 0.000000
0.036773 -0.419073 0.168940 0.000000
0.182894 -0.260321 0.563719 0.000000
0.197682 -0.185618 0.455787 0.000000
0.334294 0.183085 0.211207 0.000000
0.444315 -1.035622 0.159771 1.000000
0.508527 -0.184228 0.004666 0.000000
0.349262 0.470222 0.145786 0.000000
0.374175 0.039881 0.242086 0.000000
0.565222 -1.234880 0.135950 1.000000
0.513576 -1.139768 0.162429 1.000000
0.270112 -0.083290 0.172276 0.000000
0.274672 -1.015380 0.244524 0.000000
0.329470 0.116114 0.179402 0.000000
0.388911 -0.908082 0.481474 0.000000
0.136865 -0.224744 -0.044185 0.000000
0.275506 -1.072940 0.243768 0.000000
0.322740 0.006152 0.179420 0.000000
0.377341 -0.723808 0.364023 0.000000
0.330354 -0.367153 0.232640 0.000000
-0.001612 -0.461225 0.153813 0.000000
0.481647 -1.070763 0.192407 1.000000
0.430653 -0.994488 0.204619 1.000000
0.304087 -0.887310 0.216769 0.000000
0.268086 -1.079994 0.265509 0.000000
0.300040 -1.039963 0.229573 0.000000
0.360797 -0.432370 0.230979 0.000000
0.196761 -0.125114 0.414403 0.000000
0.437470 0.096633 0.177186 0.000000
0.189288 -0.212140 0.496154 0.000000
0.378712 -0.773388 0.386452 0.000000
0.329651 -0.072150 0.180587 0.000000
0.234439 -0.162607 0.162444 0.000000
0.283853 -1.014224 0.256231 0.000000
0.204530 -0.205203 0.156263 0.000000
0.095266 -0.342970 0.175589 0.000000
0.355588 -0.464448 0.251467 0.000000
0.339144 0.143582 0.132050 0.000000
0.294021 -1.086778 0.214104 0.000000
0.276854 -0.128763 0.001983 0.000000
0.074917 -0.385984 0.161730 0.000000
0.299035 -0.915075 0.222718 0.000000
0.322850 0.031055 0.156361 0.000000
0.341517 0.333206 0.158995 0.000000
0.520486 -1.162301 0.149491 1.000000
0.586610 -0.055570 0.451130 0.000000
0.492504 -0.148659 0.031666 0.000000
0.372557 0.476672 0.129578 0.000000
0.350413 0.351071 0.160583 0.000000
0.328530 -0.474268 0.199925 0.000000
0.387991 0.041528 0.235883 0.000000
0.385500 0.389694 0.152881 0.000000
0.181133 -0.256882 0.165863 0.000000
0.428349 0.065275 0.091082 0.000000
0.289516 -0.942811 0.223401 0.000000
0.394903 0.157681 0.073145 0.000000
0.386000 -0.959655 0.221260 1.000000
0.365713 -0.625208 0.316271 0.000000
0.330326 -0.816248 0.213254 0.000000
0.412577 0.153801 0.191565 0.000000
0.311843 -0.915216 0.245149 0.000000
0.358656 -0.506563 0.265339 0.000000
0.471179 -1.062849 0.184935 1.000000
0.322540 0.183228 0.115871 0.000000
0.340532 0.198170 0.200375 0.000000
0.339604 -0.636049 0.194574 0.000000
0.402765 0.077040 0.228593 0.000000
0.212407 -0.132564 0.407537 0.000000
0.327080 -0.875700 0.213259 0.000000
0.304351 -1.016534 0.225525 0.000000
0.430701 -0.100570 0.238949 0.000000
0.344056 -0.677439 0.202390 0.000000
0.339789 -0.458058 0.191989 0.000000
0.374744 -0.676282 0.343087 0.000000
0.329359 0.243253 0.111057 0.000000
0.329774 0.119884 0.168286 0.000000
0.429332 0.091560 0.195970 0.000000
0.336604 0.317406 0.104939 0.000000
0.329030 0.259847 0.101357 0.000000
0.397274 -0.207172 0.297955 0.000000
0.337369 -0.471888 0.194015 0.000000
0.241852 -0.158720 0.171570 0.000000
0.301936 -0.986376 0.232889 0.000000
0.329174 -0.100853 0.177599 0.000000
0.366542 0.051219 0.226685 0.000000
0.378251 -0.617599 0.324278 0.000000
0.281428 -0.052276 0.152178 0.000000
0.339440 0.320958 0.154875 0.000000
0.329042 -0.355244 0.227331 0.000000
0.142987 -0.320242 0.169659 0.000000
0.447978 -1.032281 0.168374 1.000000
0.397450 0.334352 0.154893 0.000000
0.434746 0.087904 0.080905 0.000000
0.318519 -0.993371 0.231057 0.000000
0.323513 0.160961 0.166118 0.000000
0.299238 -0.896996 0.239216 0.000000
0.411460 0.265936 0.127015 0.000000
0.336720 -0.164008 0.190996 0.000000
0.468189 0.050207 0.136422 0.000000
0.381092 -0.003242 0.244276 0.000000
0.440452 0.007572 0.067043 0.000000
0.241658 -0.035284 0.346358 0.000000
0.425956 0.145363 0.184713 0.000000
0.397515 0.160292 0.081199 0.000000
0.259576 -0.016654 0.329005 0.000000
0.357243 -0.486417 0.267024 0.000000
0.497668 -0.054119 0.112539 0.000000
0.334446 0.071456 0.064813 0.000000
0.320598 -1.107111 0.237979 0.000000
0.314547 0.036689 0.178706 0.000000
0.339053 0.314529 0.170592 0.000000
0.326604 0.085512 0.178896 0.000000
0.392141 0.024804 0.002543 0.000000
0.293453 -0.023146 0.151732 0.000000
0.338028 -0.747722 0.207464 0.000000
0.348743 0.293873 0.179722 0.000000
-0.098761 -0.570037 0.129533 0.000000
0.363543 -0.787753 0.385658 0.000000
0.340564 -0.812473 0.218954 0.000000
0.379038 -0.046201 -0.024376 0.000000
0.395657 0.246777 0.109323 0.000000
0.196235 -0.146639 0.428294 0.000000
0.304874 -0.938888 0.231058 0.000000
0.394179 0.074253 0.035790 0.000000
0.465684 -0.059531 0.183972 0.000000
0.346342 -0.424503 0.255447 0.000000
0.303167 0.002102 0.054289 0.000000
0.415298 -0.154117 0.257628 0.000000
0.312530 0.046369 0.182363 0.000000
0.351321 0.392775 0.162226 0.000000
0.396168 0.389833 0.147661 0.000000
0.328835 0.142264 0.169905 0.000000
0.380274 -0.035536 0.263929 0.000000
0.290083 -0.962005 0.240060 0.000000
0.368551 -0.643401 0.327279 0.000000
-0.067744 -0.532354 0.131737 0.000000
0.473797 -0.090273 0.184769 0.000000
0.326560 -0.048093 0.187951 0.000000
0.475807 -0.106476 0.050853 0.000000
0.531722 -1.178723 0.150178 1.000000
0.365907 -0.576733 0.296716 0.000000
0.076660 -0.395882 0.163738 0.000000
0.340653 0.169574 0.088544 0.000000
0.239758 -0.147575 0.160486 0.000000
0.364152 -0.565169 0.306913 0.000000
0.333192 -0.120607 0.186971 0.000000
0.186936 -0.245418 0.544476 0.000000
0.444461 0.131052 0.126005 0.000000
0.388132 0.317220 0.137675 0.000000
0.572463 -0.134597 0.119208 0.000000
0.453261 -1.043980 0.183041 1.000000
0.506182 -0.270717 -0.065368 0.000000
0.568239 -1.279909 0.128708 1.000000
0.266765 -0.144782 -0.002222 0.000000
0.461427 0.023944 0.149039 0.000000
0.319166 -0.883987 0.197631 0.000000
0.335093 0.401178 0.137059 0.000000
0.347026 -0.885436 0.197109 1.000000
0.347758 0.415362 0.119558 0.000000
0.458528 -0.037281 0.188710 0.000000
0.472608 -1.091289 0.167601 1.000000
0.275111 -1.071964 0.252987 0.000000
0.188068 -0.207696 0.151720 0.000000
0.398712 0.068083 0.235888 0.000000
0.314136 -0.904783 0.223727 0.000000
0.238957 -0.150670 0.152760 0.000000
0.319653 -0.306226 0.198132 0.000000
0.508290 -0.167592 0.007388 0.000000
0.374034 -0.060133 -0.032458 0.000000
0.337143 -0.251825 0.194011 0.000000
0.285415 0.071920 0.265065 0.000000
0.231462 -0.188838 0.169145 0.000000
0.433244 0.120562 0.175750 0.000000
0.441223 0.068722 0.188647 0.000000
0.308031 -0.950699 0.237347 0.000000
0.446758 -0.019776 0.333508 0.000000
0.386827 0.330200 0.137422 0.000000
0.414388 0.180513 0.129626 0.000000
0.277707 -0.057009 0.165714 0.000000
0.324614 -0.226418 0.185448 0.000000
0.413775 -0.176614 0.276347 0.000000
0.384799 -0.000921 -0.010535 0.000000
0.316139 -0.974125 0.222868 0.000000
0.391480 0.177175 0.088024 0.000000
0.300563 -0.072206 0.028077 0.000000
0.395297 0.013589 0.259752 0.000000
0.400055 -0.920833 0.486839 0.000000
0.019092 -0.451781 0.157923 0.000000
0.341245 0.257643 0.165117 0.000000
0.285226 -0.108878 0.025360 0.000000
0.343049 0.356916 0.156800 0.000000
0.297208 -1.029295 0.231006 0.000000
0.304179 -0.926723 0.233679 0.000000
0.329406 -0.227383 0.197616 0.000000
0.333799 -0.554322 0.195987 0.000000
0.075012 -0.369369 0.172760 0.000000
0.505609 -0.242328 -0.053349 0.000000
0.337094 -0.644983 0.208320 0.000000
0.390964 -0.792960 0.401987 0.000000
0.270205 -0.064973 0.169235 0.000000
0.466187 -0.076713 0.058228 0.000000
0.380403 -0.940448 0.213025 1.000000
0.329338 -0.348121 0.201750 0.000000
0.397336 0.013669 0.292572 0.000000
0.036118 -0.432376 0.167412 0.000000
0.414742 0.153699 0.097674 0.000000
0.338176 0.198592 0.225369 0.000000
-0.091999 -0.556746 0.123947 0.000000
0.340934 0.236060 0.209222 0.000000
0.447246 -1.027357 0.191878 1.000000
0.333035 -0.405292 0.190273 0.000000
0.219476 -0.091697 0.383219 0.000000
0.401298 0.211900 0.097884 0.000000
0.509090 -1.125121 0.175287 1.000000
0.413205 0.243303 0.127706 0.000000
0.361995 -0.917174 0.221523 1.000000
0.218578 -0.196105 -0.023607 0.000000
0.508366 -0.074096 0.143640 0.000000
0.329311 -0.792620 0.203070 0.000000
0.333003 -0.172069 0.183209 0.000000
0.332028 0.159656 0.122845 0.000000
0.385655 0.018828 0.236477 0.000000
0.438355 0.047547 0.200486 0.000000
0.408086 -0.187139 0.292545 0.000000
0.475844 -1.087358 0.159212 1.000000
0.338867 -0.552732 0.186319 0.000000
0.311880 -0.964611 0.206063 0.000000
0.316276 -0.867296 0.217921 0.000000
0.388361 -0.902983 0.474981 0.000000
0.326746 -0.255778 0.187567 0.000000
0.360581 0.073041 0.188966 0.000000
0.422485 0.204094 0.121861 0.000000
0.403798 -0.199042 0.294165 0.000000
0.450282 0.136023 0.130807 0.000000
0.430480 0.074656 0.083482 0.000000
0.378707 -0.888678 0.451611 0.000000
0.187087 -0.165484 0.453728 0.000000
0.327879 0.176615 0.168500 0.000000
0.392615 0.093949 0.227514 0.000000
0.281838 -1.057335 0.250665 0.000000
0.398677 0.283484 0.191371 0.000000
0.287536 0.029519 0.304584 0.000000
0.383539 0.029822 0.240334 0.000000
0.331067 -0.541626 0.205184 0.000000
0.463447 -0.097640 0.054839 0.000000
0.525746 -0.033520 0.408294 0.000000
0.435593 -0.978011 0.601397 0.000000
0.457234 -1.062063 0.180798 1.000000
0.328636 -0.201092 0.185417 0.000000
0.435675 -0.016155 0.320896 0.000000
0.233458 -0.072269 0.364899 0.000000
0.346212 0.239281 0.192617 0.000000
0.588971 -0.141650 0.116708 0.000000
0.437576 0.167357 0.135336 0.000000
0.424776 -0.115853 0.243779 0.000000
0.303058 -0.976358 0.210899 0.000000
0.288418 -1.068461 0.244161 0.000000
0.323508 -0.234077 0.191826 0.000000
0.524360 -1.140004 0.168275 1.000000
0.204163 -0.196462 -0.034041 0.000000
0.331229 -0.088724 0.188126 0.000000
-0.029390 -0.498375 0.138537 0.000000
0.525873 -0.163690 0.149388 0.000000
0.428710 -0.993601 0.213808 1.000000
0.250576 -0.057483 0.350562 0.000000
0.336918 -0.177240 0.189597 0.000000
0.357351 -0.647903 0.315069 0.000000
0.300989 -1.043439 0.211438 0.000000
0.325052 -0.032089 0.180538 0.000000
0.390880 0.302397 0.187246 0.000000
0.369817 -0.611664 0.324290 0.000000
0.337432 -0.621297 0.199661 0.000000
0.332375 -0.531546 0.199065 0.000000
0.387142 0.003547 0.244228 0.000000
0.330409 -0.597571 0.198156 0.000000
0.365589 -0.072691 0.285431 0.000000
0.271406 0.030540 0.300302 0.000000
0.412683 -0.164073 0.266151 0.000000
0.290134 -0.092551 0.030171 0.000000
0.455797 -0.047233 0.063869 0.000000
0.227643 -0.081299 0.373832 0.000000
0.331092 -0.427245 0.195951 0.000000
0.241711 -0.134490 0.147253 0.000000
0.343469 0.287469 0.164419 0.000000
0.418734 -0.962057 0.574231 0.000000
0.338584 -0.739751 0.216185 0.000000
0.339658 -0.836437 0.218994 0.000000
0.497891 -1.133741 0.159623 1.000000
0.387071 0.398432 0.129671 0.000000
0.355008 -0.394300 0.228742 0.000000
0.357486 -0.460418 0.243207 0.000000
0.317175 -1.038507 0.226112 0.000000
0.325532 -0.939306 0.224722 0.000000
0.348670 0.365152 0.161891 0.000000
0.326445 0.186966 0.161525 0.000000
0.425281 0.135251 0.089395 0.000000
0.331287 -0.466539 0.200509 0.000000
0.310115 0.015579 0.175966 0.000000
0.309262 0.101214 0.251459 0.000000
0.299567 -0.012384 0.166080 0.000000
0.479461 -1.099691 0.161674 1.000000
0.337300 0.200805 0.103150 0.000000
0.338144 0.389245 0.156981 0.000000
0.324252 -0.184404 0.185820 0.000000
0.322978 0.024888 0.183465 0.000000
0.397880 0.085211 0.228943 0.000000
0.327613 0.136574 0.241168 0.000000
0.348246 -0.418830 0.249219 0.000000
0.334124 -0.829714 0.208274 0.000000
0.259436 -0.113419 0.170553 0.000000
-0.012776 -0.468884 0.166763 0.000000
0.338526 0.302503 0.161497 0.000000
0.310670 -0.854528 0.218250 0.000000
0.399383 -0.903218 0.464840 0.000000
0.418785 -0.970256 0.585614 0.000000
0.507121 -0.218699 -0.029772 0.000000
0.329817 -0.326033 0.213808 0.000000
0.319804 -1.098227 0.235740 0.000000
0.345322 -0.690087 0.205648 0.000000
0.477992 0.015053 0.138447 0.000000
-0.066326 -0.535691 0.144070 0.000000
0.469974 -0.091759 0.053715 0.000000
0.408242 0.266497 0.163407 0.000000
0.293871 -1.031742 0.213598 0.000000
0.595051 -1.292319 0.118113 1.000000
0.328855 0.076694 0.176359 0.000000
0.164573 -0.218449 -0.037244 0.000000
0.344693 0.226492 0.103367 0.000000
0.335172 0.084524 0.071937 0.000000
0.348938 0.446837 0.149028 0.000000
0.352584 0.102544 0.159260 0.000000
0.395252 0.118527 0.057085 0.000000
0.087417 -0.350271 0.174881 0.000000
0.491215 -0.028441 0.141637 0.000000
0.337075 0.177285 0.239199 0.000000
0.325173 -0.526271 0.192018 0.000000
0.352056 0.119572 0.144431 0.000000
0.338633 -0.300341 0.196809 0.000000
0.451434 0.037742 0.185225 0.000000
0.338443 -0.384414 0.190755 0.000000
0.334562 -0.488137 0.190837 0.000000
0.333151 -0.768133 0.206654 0.000000
0.335242 0.168317 0.170111 0.000000
0.451430 0.098439 0.133266 0.000000
0.328826 -0.874454 0.204101 0.000000
0.335291 0.262941 0.162501 0.000000
0.186945 -0.257391 0.547750 0.000000
0.334582 -0.315851 0.194636 0.000000
0.302601 -1.039832 0.221831 0.000000
0.361873 -0.502094 0.281349 0.000000
0.381917 0.414597 0.131081 0.000000
0.272474 -1.061537 0.251023 0.000000
0.516084 -0.079966 0.155023 0.000000
0.329424 -0.452070 0.197652 0.000000
0.357952 0.301486 0.107506 0.000000
0.348145 0.248872 0.096745 0.000000
0.325785 0.042061 0.168676 0.000000
0.328302 0.122037 0.257822 0.000000
0.514142 -1.164952 0.142980 1.000000
0.348805 0.079142 0.189666 0.000000
0.431620 0.076011 0.207511 0.000000
0.292204 -1.072188 0.210346 0.000000
0.404286 0.273434 0.119633 0.000000
0.471042 -1.074529 0.161897 1.000000
0.512660 -0.087373 0.149724 0.000000
0.325983 -0.096863 0.188320 0.000000
0.324028 -0.123913 0.184288 0.000000
0.336499 -0.392961 0.240555 0.000000
0.519048 -0.110138 0.154329 0.000000
0.370948 -0.050822 -0.026449 0.000000
0.412580 -0.956981 0.558495 0.000000
0.364567 -0.517813 0.285365 0.000000
0.415270 0.200539 0.172288 0.000000
0.374412 -0.653830 0.335002 0.000000
0.443310 -1.021691 0.196741 1.000000
0.363196 0.425828 0.116623 0.000000
0.375442 -0.936343 0.204107 1.000000
0.301176 -0.054053 0.046768 0.000000
0.345156 0.285332 0.182339 0.000000
0.191208 -0.201902 0.147092 0.000000
0.253228 -0.110636 0.148332 0.000000
0.323134 -0.889844 0.233542 0.000000
0.420217 -0.979032 0.580278 0.000000
-0.034293 -0.485582 0.155427 0.000000
0.397653 0.281738 0.161713 0.000000
0.426827 -0.088642 0.230739 0.000000
0.329554 -0.142498 0.190273 0.000000
0.190983 -0.182142 0.462474 0.000000
0.082524 -0.366663 0.173705 0.000000
0.424468 0.093973 0.090159 0.000000
0.615035 -1.327521 0.117296 1.000000
0.396962 -0.963254 0.205853 1.000000
-0.062529 -0.528707 0.126038 0.000000
0.319628 -0.951777 0.222839 0.000000
0.398336 -0.937806 0.515109 0.000000
0.333972 0.245793 0.158717 0.000000
0.313356 0.009777 0.054107 0.000000
0.336271 0.097293 0.075408 0.000000
0.327167 0.193408 0.109057 0.000000
0.331841 -0.628230 0.200226 0.000000
0.344132 0.196067 0.208088 0.000000
0.277506 -1.054695 0.243752 0.000000
0.335151 -0.392701 0.183623 0.000000
0.334630 -0.088002 0.178185 0.000000
0.381480 -0.628975 0.334415 0.000000
0.473927 -0.022619 0.362147 0.000000
0.328560 0.153457 0.166020 0.000000
0.507965 -0.079294 0.159756 0.000000
-0.035380 -0.501086 0.154711 0.000000
0.331763 -0.217833 0.199869 0.000000
0.500298 -0.270141 -0.072216 0.000000
0.565612 -1.227588 0.139670 1.000000
0.341341 -0.858548 0.216717 0.000000
0.297433 -1.023617 0.220977 0.000000
0.420974 0.235346 0.131351 0.000000
0.449925 0.012063 0.187714 0.000000
0.179682 -0.264433 0.570229 0.000000
0.258586 -0.040281 0.346148 0.000000
0.325497 -0.321641 0.195294 0.000000
0.011836 -0.461846 0.151210 0.000000
-0.127937 -0.592685 0.121786 0.000000
0.395357 0.198091 0.209448 0.000000
0.436444 0.058369 0.086654 0.000000
0.340723 0.390178 0.137004 0.000000
0.348067 -0.400922 0.225811 0.000000
0.344500 -0.541868 0.191565 0.000000
0.394741 0.110861 0.053199 0.000000
0.345997 -0.324344 0.196065 0.000000
0.379427 0.422136 0.131758 0.000000
0.383134 -0.938308 0.198747 1.000000
0.390748 0.351165 0.159536 0.000000
-0.078848 -0.544219 0.125325 0.000000
0.326014 -0.997281 0.228807 0.000000
0.349383 0.245963 0.201564 0.000000
0.240091 -0.176473 -0.008576 0.000000
0.353613 -0.458725 0.258443 0.000000
0.529210 -0.179306 0.161794 0.000000
0.346424 -0.647864 0.199976 0.000000
0.386428 0.008899 0.006350 0.000000
0.338819 0.317642 0.163278 0.000000
0.319635 0.283383 0.109642 0.000000
0.328178 -0.838723 0.203721 0.000000
0.371318 -0.716762 0.358478 0.000000
0.335077 -0.507974 0.186897 0.000000
0.491758 -0.065661 0.108760 0.000000
0.371951 0.340666 0.124939 0.000000
0.420191 0.132617 0.122452 0.000000
0.329782 -0.559317 0.205373 0.000000
0.390215 0.317224 0.126478 0.000000
-0.021714 -0.481372 0.157078 0.000000
0.307882 -0.904514 0.239067 0.000000
0.486240 -0.044638 0.111631 0.000000
0.364194 -0.557587 0.284364 0.000000
0.435979 -0.048324 0.219759 0.000000
0.359670 -0.906788 0.193405 1.000000
0.343431 0.130350 0.138784 0.000000
0.298897 -1.078426 0.234097 0.000000
0.496481 -1.123667 0.152689 1.000000
0.552812 -1.199387 0.146210 1.000000
0.469989 0.028063 0.141241 0.000000
0.324214 0.020127 0.055557 0.000000
0.485122 0.001162 0.141849 0.000000
0.306728 -0.056778 0.031899 0.000000
0.314876 -0.906988 0.206461 0.000000
0.515551 -0.276595 0.186324 0.000000
0.442220 -1.042072 0.171907 1.000000
0.181413 -0.264068 0.554555 0.000000
0.509841 -0.191397 -0.012738 0.000000
0.346201 0.362328 0.121330 0.000000
0.384041 0.292905 0.117415 0.000000
0.329670 -0.309500 0.194688 0.000000
0.327740 0.146724 0.230848 0.000000
0.333837 -0.511468 0.197035 0.000000
0.380824 0.311835 0.116892 0.000000
0.331027 -0.724143 0.205404 0.000000
-0.026422 -0.487279 0.142690 0.000000
0.420532 -0.965220 0.565349 0.000000
0.335176 -0.332012 0.185974 0.000000
0.360523 -0.447449 0.233145 0.000000
0.373058 0.460875 0.119757 0.000000
0.466801 0.000233 0.119740 0.000000
0.537193 -1.187784 0.146172 1.000000
0.336041 -0.611067 0.206865 0.000000
0.329252 0.168234 0.119216 0.000000
0.087793 -0.357893 0.172001 0.000000
0.340022 -0.770811 0.218923 0.000000
0.398404 0.218219 0.208369 0.000000
0.357397 -0.529542 0.276108 0.000000
0.464139 -0.061587 0.063513 0.000000
0.387076 -0.822774 0.414896 0.000000
0.465098 -0.023875 0.351438 0.000000
0.369042 0.465355 0.113845 0.000000
0.387675 0.023535 0.012282 0.000000
0.329472 0.278222 0.101915 0.000000
0.317306 0.099476 0.262549 0.000000
0.447170 0.001107 0.220504 0.000000
0.298281 -1.099011 0.225711 0.000000
0.488284 -0.055925 0.118998 0.000000
0.305813 -0.070545 0.020901 0.000000
0.343021 0.264802 0.196163 0.000000
0.242632 -0.078306 0.367371 0.000000
0.352473 0.255191 0.103082 0.000000
0.345808 0.220377 0.094225 0.000000
0.311669 -1.030478 0.233648 0.000000
0.491171 -0.030069 0.375388 0.000000
0.352351 -0.386957 0.227760 0.000000
0.443654 0.162814 0.131871 0.000000
0.500132 -0.053827 0.145773 0.000000
0.403319 0.185945 0.124321 0.000000
0.336529 -0.549610 0.201661 0.000000
0.242977 -0.046244 0.352768 0.000000
0.345125 -0.344390 0.214570 0.000000
0.350282 0.087838 0.176051 0.000000
0.235566 -0.134542 0.152389 0.000000
0.371689 0.439635 0.116692 0.000000
0.315486 0.030260 0.170958 0.000000
0.471126 -0.010445 0.113386 0.000000
0.329030 0.109286 0.164463 0.000000
0.328587 -0.913924 0.220498 0.000000
0.002980 -0.472389 0.146909 0.000000
0.333969 -0.861143 0.217446 0.000000
0.494323 -1.114235 0.168201 1.000000
0.475923 -1.085857 0.172748 1.000000
0.464116 -1.064301 0.167253 1.000000
0.328644 -0.464386 0.187343 0.000000
0.384940 0.450233 0.144049 0.000000
0.411359 0.180535 0.101778 0.000000
0.317868 -0.984187 0.221153 0.000000
0.281270 -1.052101 0.256527 0.000000
0.322061 0.126583 0.167615 0.000000
0.356661 -0.521157 0.285471 0.000000
0.365953 -0.636164 0.320756 0.000000
0.325532 -0.346098 0.187857 0.000000
0.638458 -0.167290 0.098103 0.000000
0.307972 -0.939974 0.212839 0.000000
0.206250 -0.120673 0.405791 0.000000
0.395444 0.407574 0.139705 0.000000
0.337235 0.212954 0.164203 0.000000
0.399043 0.102958 0.222236 0.000000
0.188054 -0.224040 0.514289 0.000000
0.437821 0.110339 0.170322 0.000000
0.425577 0.144966 0.128142 0.000000
0.364142 -0.528671 0.258895 0.000000
-0.014616 -0.481489 0.148320 0.000000
0.417640 -0.999438 0.200918 1.000000
0.320293 -0.917545 0.209602 0.000000
0.358720 -0.900052 0.225441 1.000000
0.356761 -0.638608 0.318522 0.000000
0.373559 0.405230 0.117534 0.000000
0.338111 -0.841258 0.200404 0.000000
0.399947 -0.931515 0.499666 0.000000
-0.042740 -0.506796 0.137898 0.000000
0.461029 0.097480 0.129457 0.000000
0.456072 -0.038123 0.069486 0.000000
0.283597 -1.116157 0.255289 0.000000
0.518237 -0.105541 0.145647 0.000000
0.329556 0.058958 0.065380 0.000000
0.347753 -0.756446 0.210932 0.000000
0.264396 0.016837 0.308096 0.000000
0.594245 -1.304500 0.117529 1.000000
0.193724 -0.204113 -0.032436 0.000000
0.417331 0.128182 0.100476 0.000000
0.269858 -1.052522 0.242251 0.000000
0.078671 -0.382666 0.169289 0.000000
0.496082 -0.139745 0.168648 0.000000
0.376999 0.448446 0.148174 0.000000
0.367978 -0.520540 0.301785 0.000000
0.329724 -0.165403 0.187327 0.000000
0.329425 -0.055846 0.184251 0.000000
0.327684 0.051632 0.063573 0.000000
0.323862 0.270034 0.110652 0.000000
0.325874 -0.779013 0.205377 0.000000
0.498081 -0.028284 0.382863 0.000000
0.064573 -0.385382 0.172403 0.000000
0.353727 0.436039 0.147889 0.000000
0.332167 -0.224796 0.184739 0.000000
0.561932 -0.045110 0.429565 0.000000
0.334945 0.196311 0.158748 0.000000
0.301998 -1.003118 0.221119 0.000000
0.223532 -0.063402 0.361184 0.000000
0.358463 -0.893301 0.206304 1.000000
0.332983 -0.334882 0.195000 0.000000
0.386716 0.352061 0.150002 0.000000
0.426300 -0.011078 0.308110 0.000000
0.288634 -0.104354 0.019177 0.000000
0.372949 0.472371 0.119883 0.000000
0.309726 -0.891105 0.241705 0.000000
0.419619 -0.139354 0.254687 0.000000
0.425242 0.216796 0.128418 0.000000
0.198777 -0.113588 0.400338 0.000000
0.037385 -0.408857 0.173934 0.000000
0.305699 -1.017520 0.214243 0.000000
0.398599 0.317256 0.163000 0.000000
0.359404 -0.628334 0.309258 0.000000
0.330188 -0.671480 0.208650 0.000000
0.395128 0.371079 0.160439 0.000000
0.329271 -0.569981 0.197396 0.000000
0.274872 -0.009214 0.327998 0.000000
0.395056 0.385051 0.153633 0.000000
0.425544 0.092441 0.203713 0.000000
0.345475 0.232276 0.196191 0.000000
0.307530 -0.917135 0.237745 0.000000
0.515065 -0.095047 0.153430 0.000000
0.437204 -0.988747 0.607215 0.000000
0.438560 0.030681 0.194907 0.000000
0.327069 -0.641076 0.205435 0.000000
0.413752 -0.955684 0.535398 0.000000
0.321293 0.101268 0.069480 0.000000
0.142584 -0.273554 0.163513 0.000000
0.453234 -0.013472 0.187760 0.000000
0.235695 -0.087672 0.371653 0.000000
0.307529 -0.960892 0.216991 0.000000
0.459292 0.040503 0.116495 0.000000
0.330358 -0.356841 0.184537 0.000000
0.336594 -0.493812 0.198607 0.000000
0.195914 -0.223973 0.160375 0.000000
0.394989 0.097563 0.047188 0.000000
0.373126 -0.632291 0.333331 0.000000
0.330709 -0.181166 0.195834 0.000000
0.392962 0.326151 0.147586 0.000000
0.364402 -0.584276 0.298471 0.000000
0.291772 -1.086331 0.229394 0.000000
0.303666 -0.885150 0.225472 0.000000
0.354654 -0.467786 0.272329 0.000000
0.315252 -1.082065 0.230322 0.000000
0.330772 0.020820 0.174040 0.000000
0.430428 0.079602 0.199956 0.000000
0.394181 0.301159 0.162630 0.000000
0.456592 -1.061759 0.172172 1.000000
0.337607 -0.600005 0.196991 0.000000
0.399597 0.195407 0.092384 0.000000
0.280188 -0.943163 0.233660 0.000000
0.328653 0.130514 0.170731 0.000000
0.087029 -0.383403 0.164886 0.000000
0.296848 -1.071142 0.223785 0.000000
0.412358 0.001144 0.298533 0.000000
0.068681 -0.372615 0.175648 0.000000
0.439970 -1.026614 0.187869 1.000000
0.442545 0.175717 0.123584 0.000000
0.463227 0.061767 0.136075 0.000000
0.040744 -0.425850 0.164699 0.000000
0.324842 -0.016523 0.174278 0.000000
0.355148 -0.447759 0.246987 0.000000
-0.051677 -0.515994 0.137881 0.000000
0.195518 -0.189727 0.461905 0.000000
0.327882 0.330662 0.111427 0.000000
0.249922 -0.127794 0.169093 0.000000
0.445901 0.008985 0.084380 0.000000
0.277827 -0.960933 0.228445 0.000000
0.221857 -0.200730 0.165652 0.000000
0.363155 -0.539482 0.283067 0.000000
0.377255 -0.896934 0.469065 0.000000
0.121954 -0.306546 0.172311 0.000000
0.387226 -0.890328 0.459681 0.000000
0.122514 -0.234285 -0.046551 0.000000
0.323682 -0.001532 0.176416 0.000000
0.360469 -0.903063 0.210001 1.000000
0.335628 -0.286392 0.191700 0.000000
0.446508 -0.981935 0.605496 0.000000
0.356563 0.078863 0.170861 0.000000
0.356624 -0.523285 0.262506 0.000000
0.493440 -0.072487 0.116217 0.000000
0.006522 -0.448217 0.166628 0.000000
0.385372 0.443826 0.129621 0.000000
0.292572 -0.094660 0.022437 0.000000
0.424520 -1.003850 0.191056 1.000000
0.305272 0.034911 0.059939 0.000000
0.252904 -0.048443 0.351193 0.000000
0.395096 -0.886769 0.456061 0.000000
0.445474 -1.036590 0.184240 1.000000
0.356692 -0.437704 0.249373 0.000000
0.445478 0.064370 0.118929 0.000000
0.422513 -0.981660 0.587132 0.000000
0.289183 -1.058540 0.249081 0.000000
0.171745 -0.246671 0.161644 0.000000
0.436784 0.051004 0.076081 0.000000
0.225406 -0.105697 0.387785 0.000000
0.438609 -0.041500 0.213754 0.000000
0.212862 -0.094098 0.386257 0.000000
0.379300 0.477541 0.132982 0.000000
0.376866 -0.708090 0.357140 0.000000
0.448237 0.022908 0.187317 0.000000
0.339710 0.243375 0.207581 0.000000
0.463422 0.076929 0.135463 0.000000
0.522910 -1.174600 0.142151 1.000000
0.367687 0.338594 0.117368 0.000000
0.324512 -0.215011 0.189046 0.000000
0.270014 -1.026497 0.240832 0.000000
0.202663 -0.166026 0.434799 0.000000
0.189090 -0.205606 0.487913 0.000000
0.402539 0.322744 0.156318 0.000000
0.261861 -0.093063 0.176796 0.000000
0.337253 -0.263652 0.198719 0.000000
0.607572 -1.300943 0.118056 1.000000
0.345491 -0.420700 0.262560 0.000000
0.289881 -1.061815 0.233971 0.000000
0.532387 -1.211088 0.133228 1.000000
0.343723 0.459173 0.150330 0.000000
0.262051 -0.155763 0.004840 0.000000
0.429915 -1.015000 0.179560 1.000000
0.139406 -0.312445 0.165328 0.000000
0.366927 -0.919666 0.180900 1.000000
0.581090 -1.258871 0.127871 1.000000
0.315912 -1.074072 0.233758 0.000000
0.051434 -0.426165 0.157704 0.000000
0.208404 -0.144737 0.417628 0.000000
0.452849 0.129746 0.125772 0.000000
0.385217 0.412492 0.137800 0.000000
0.313110 -0.896762 0.229560 0.000000
0.323810 0.122243 0.071423 0.000000
0.329325 -0.238347 0.194169 0.000000
0.478802 0.040332 0.131299 0.000000
0.311329 0.094481 0.260120 0.000000
-0.043338 -0.505169 0.146921 0.000000
0.382732 -0.876634 0.446683 0.000000
0.339983 -0.442607 0.189283 0.000000
0.388909 0.386003 0.127654 0.000000
0.438830 0.006126 0.197478 0.000000
0.303194 -0.041381 0.041807 0.000000
0.440406 -1.025486 0.172313 1.000000
0.312882 -1.064902 0.237628 0.000000
0.556631 -1.233435 0.132489 1.000000
0.437878 0.091769 0.182946 0.000000
0.415504 -0.959262 0.550296 0.000000
0.387679 -0.694343 0.355817 0.000000
0.299572 -0.035495 0.045984 0.000000
0.339840 0.100422 0.167202 0.000000
0.328917 -0.374830 0.194651 0.000000
0.378918 0.460809 0.147159 0.000000
0.245256 -0.134267 0.161641 0.000000
0.429565 0.115244 0.181910 0.000000
0.336435 0.340786 0.112462 0.000000
0.365762 -0.595700 0.308553 0.000000
0.516175 -0.099945 0.140373 0.000000
0.501760 -1.116162 0.164596 1.000000
0.285936 -0.935862 0.233492 0.000000
0.538844 -1.207300 0.139923 1.000000
0.387367 0.322996 0.154572 0.000000
0.374646 -0.639088 0.328291 0.000000
0.261904 -0.089453 0.155333 0.000000
0.319098 -1.017682 0.235692 0.000000
0.417335 -1.009760 0.173582 1.000000
0.470526 -0.069880 0.190065 0.000000
0.327497 -0.336653 0.189089 0.000000
0.353502 0.418133 0.115510 0.000000
0.345220 -0.391368 0.238950 0.000000
0.184852 -0.221276 0.154258 0.000000
0.397153 0.324329 0.127756 0.000000
0.372566 -0.666390 0.344890 0.000000
0.389365 -0.952374 0.218005 1.000000
0.332851 -0.581299 0.193664 0.000000
0.297308 -1.055960 0.219990 0.000000
0.293734 -0.027382 0.179419 0.000000
0.513253 -0.117414 0.143893 0.000000
0.420231 -1.003915 0.177834 1.000000
0.194023 -0.196546 0.467181 0.000000
0.326990 0.210985 0.109882 0.000000
0.502359 -0.069475 0.135725 0.000000
0.522099 -1.138170 0.159453 1.000000
0.363847 -0.509563 0.292036 0.000000
0.271122 -1.040290 0.237762 0.000000
-0.056608 -0.523177 0.129758 0.000000
0.546423 -0.123143 0.113034 0.000000
0.333134 -0.137390 0.182038 0.000000
0.352855 0.445154 0.157787 0.000000
0.287445 -0.036456 0.173479 0.000000
0.269409 -0.145599 0.007277 0.000000
0.425767 0.198569 0.127002 0.000000
0.334475 -0.664523 0.204018 0.000000
0.324682 -0.619108 0.202717 0.000000
0.203303 -0.109450 0.405325 0.000000
0.343842 -0.608115 0.196291 0.000000
0.309297 -1.023322 0.237569 0.000000
0.325446 -0.104621 0.185288 0.000000
0.320748 -0.882685 0.206872 0.000000
0.436839 -0.010212 0.329826 0.000000
0.463437 -1.064953 0.183838 1.000000
0.591215 -1.267132 0.127143 1.000000
0.292501 -1.151995 0.223744 0.000000
0.189275 -0.251241 0.557395 0.000000
0.426704 -1.012145 0.187499 1.000000
0.371229 0.332786 0.120474 0.000000
0.399763 -0.968805 0.188886 1.000000
0.520709 -0.275231 0.191573 0.000000
0.331611 -0.927402 0.218790 0.000000
0.434948 0.037800 0.085304 0.000000
0.464743 0.020031 0.141632 0.000000
0.503706 -1.129597 0.164714 1.000000
0.422808 0.151029 0.180988 0.000000
0.256683 -0.117870 0.162232 0.000000
0.235140 -1.105799 0.246360 0.000000
0.450504 -0.006797 0.185303 0.000000
0.333429 -0.348458 0.224810 0.000000
0.410933 0.249199 0.165785 0.000000
0.475976 -1.066063 0.176867 1.000000
0.416931 0.138458 0.192151 0.000000
0.295979 -1.055867 0.212194 0.000000
0.382713 -0.901464 0.466727 0.000000
0.331463 -0.189826 0.185759 0.000000
0.343797 -0.835659 0.206764 0.000000
0.409557 -0.003386 0.284196 0.000000
0.291295 -0.082468 0.035134 0.000000
-0.085453 -0.557154 0.134475 0.000000
0.475973 -0.017019 0.111444 0.000000
0.589577 -0.048791 0.452045 0.000000
0.413194 0.141839 0.101114 0.000000
0.396495 0.219596 0.092650 0.000000
0.368668 -0.532225 0.299912 0.000000
0.403790 0.192433 0.182107 0.000000
0.374619 0.382637 0.113212 0.000000
0.333831 0.235096 0.102271 0.000000
0.320138 -0.249005 0.192735 0.000000
0.344132 0.189175 0.093993 0.000000
0.126713 -0.290798 0.168443 0.000000
0.374316 0.048683 0.211775 0.000000
0.333602 -0.433242 0.182868 0.000000
0.191861 -0.158247 0.441480 0.000000
0.425181 0.131288 0.185653 0.000000
0.330506 -0.890701 0.209721 0.000000
0.325734 -0.244463 0.189600 0.000000
0.275028 -1.045249 0.266898 0.000000
0.411664 0.224251 0.172016 0.000000
0.525429 -0.140691 0.155293 0.000000
0.469799 0.066873 0.130046 0.000000
0.132159 -0.329746 0.173027 0.000000
0.488127 -1.097580 0.162496 1.000000
0.329134 -0.542690 0.195307 0.000000
0.476470 -0.079221 0.189811 0.000000
0.440863 0.021135 0.204200 0.000000
-0.028382 -0.488790 0.150668 0.000000
0.326341 -0.853867 0.209071 0.000000
0.403410 0.225261 0.102701 0.000000
0.557527 -1.247619 0.127943 1.000000
0.332186 0.237445 0.159493 0.000000
0.440034 -0.088565 0.238245 0.000000
0.334475 -0.414716 0.198021 0.000000
0.334051 0.250970 0.100698 0.000000
0.328453 -0.834838 0.213824 0.000000
0.351933 -0.892276 0.192753 1.000000
0.274717 -0.995788 0.234178 0.000000
0.316345 -0.858401 0.227887 0.000000
0.325451 -0.020431 0.180630 0.000000
0.342917 0.311465 0.163048 0.000000
0.391333 -0.816860 0.413515 0.000000
0.321671 0.108859 0.258007 0.000000
0.325270 -0.401432 0.189665 0.000000
0.380441 -0.865148 0.437346 0.000000
0.527968 -0.164382 0.156774 0.000000
0.342369 0.265503 0.166927 0.000000
0.337205 -0.820265 0.217255 0.000000
0.396330 0.146294 0.076978 0.000000
0.390166 0.033140 0.235184 0.000000
0.501668 -0.059991 0.151497 0.000000
0.327562 0.011441 0.184915 0.000000
0.330568 -0.294693 0.193759 0.000000
0.306990 -0.996989 0.231551 0.000000
0.337707 -0.714282 0.213566 0.000000
0.332667 -0.754270 0.207354 0.000000
0.390585 0.162156 0.069126 0.000000
0.496586 -1.129561 0.166744 1.000000
0.340506 0.282384 0.188079 0.000000
0.442732 0.004042 0.073133 0.000000
0.344964 0.204348 0.094531 0.000000
0.516603 -1.171587 0.148398 1.000000
0.328322 -0.317957 0.208924 0.000000
0.297994 -0.915093 0.242609 0.000000
0.313096 -0.860802 0.215176 0.000000
0.305126 -1.032257 0.222734 0.000000
0.335432 -0.525908 0.188461 0.000000
0.334811 -0.849943 0.211319 0.000000
0.399189 0.257226 0.196479 0.000000
0.443622 0.049830 0.182933 0.000000
0.375318 -0.023302 0.253599 0.000000
0.553623 -1.227590 0.136627 1.000000
0.291694 -1.082652 0.238847 0.000000
0.397422 0.136149 0.229883 0.000000
0.327946 0.067246 0.176846 0.000000
0.316677 -0.881964 0.218217 0.000000
0.403027 0.135892 0.215974 0.000000
0.340344 0.311674 0.102177 0.000000
0.326790 0.121535 0.079002 0.000000
0.345837 0.371818 0.154695 0.000000
0.335585 -0.396072 0.192676 0.000000
0.451053 0.146750 0.123584 0.000000
0.435552 0.155075 0.127169 0.000000
0.271805 -1.050767 0.263191 0.000000
0.334624 -0.037087 0.179828 0.000000
0.260710 0.027983 0.302317 0.000000
0.293952 -1.075757 0.246600 0.000000
0.298005 -0.980989 0.229151 0.000000
0.294915 -1.106642 0.234145 0.000000
0.335863 -0.337693 0.217303 0.000000
0.333877 0.357922 0.123521 0.000000
0.299184 -1.052855 0.240175 0.000000
0.395541 -0.868029 0.442984 0.000000
0.442956 0.017562 0.212898 0.000000
0.443241 -0.032386 0.216962 0.000000
0.326653 -0.427857 0.184437 0.000000
0.432401 0.050187 0.093139 0.000000
0.311205 -0.934233 0.230289 0.000000
0.369353 0.347560 0.121667 0.000000
0.355796 -0.471775 0.252997 0.000000
0.333208 0.185178 0.163800 0.000000
0.523924 -0.249469 0.178182 0.000000
0.316700 -0.999373 0.227215 0.000000
0.342670 0.252224 0.200960 0.000000
0.463984 0.013696 0.114543 0.000000
-0.067143 -0.528741 0.139129 0.000000
0.331623 -0.802231 0.218760 0.000000
0.360809 -0.543404 0.297263 0.000000
0.457210 0.082389 0.135195 0.000000
0.287015 -0.947663 0.243346 0.000000
0.359532 -0.509983 0.277848 0.000000
0.457062 0.069409 0.134528 0.000000
0.437163 0.093963 0.169991 0.000000
0.375424 -0.559147 0.311848 0.000000
0.398217 -0.899998 0.474816 0.000000
0.285670 -1.103030 0.257010 0.000000
0.363792 -0.523543 0.290053 0.000000
0.379217 0.436136 0.125673 0.000000
0.353877 -0.342179 0.206427 0.000000
0.304825 -0.012028 0.050132 0.000000
0.230588 -0.048784 0.356826 0.000000
0.350681 -0.885661 0.227725 1.000000
0.632271 -0.161497 0.100743 0.000000
0.380184 0.309941 0.125940 0.000000
0.026360 -0.430549 0.167827 0.000000
0.322497 0.012347 0.175041 0.000000
0.229079 -0.184000 -0.022017 0.000000
0.306658 0.071999 0.279991 0.000000
0.428594 0.156951 0.172656 0.000000
0.367347 -0.665034 0.333240 0.000000
0.308048 -1.081333 0.239144 0.000000
0.104797 -0.357060 0.173707 0.000000
0.350422 -0.414765 0.241413 0.000000
0.410750 -0.954249 0.543321 0.000000
0.329726 0.128191 0.254110 0.000000
0.372709 -0.583163 0.312159 0.000000
0.338971 -0.594695 0.189541 0.000000
0.418286 -0.148724 0.261722 0.000000
0.527068 -0.203811 0.126920 0.000000
0.302029 -1.016748 0.207957 0.000000
0.391234 -0.770948 0.394048 0.000000
0.419906 -0.996104 0.172243 1.000000
0.277910 -0.125181 0.022779 0.000000
0.349507 0.233693 0.099921 0.000000
0.369027 -0.566792 0.301083 0.000000
0.342448 -0.403369 0.247811 0.000000
0.422883 0.187165 0.121742 0.000000
0.424351 0.119336 0.092435 0.000000
0.330709 0.203975 0.165759 0.000000
0.180932 -0.205887 -0.041292 0.000000
0.369723 -0.061182 0.277908 0.000000
0.405388 0.238656 0.113556 0.000000
0.282843 -0.117672 0.015338 0.000000
0.449528 0.105466 0.132702 0.000000
0.472220 -1.076785 0.171948 1.000000
0.284838 0.056022 0.283784 0.000000
0.199361 -0.209616 0.159138 0.000000
0.316186 -0.943478 0.214901 0.000000
0.292105 -0.025500 0.167224 0.000000
0.231233 -0.158822 0.154956 0.000000
0.398552 -0.206200 0.305073 0.000000
0.043943 -0.397326 0.175680 0.000000
0.293890 -1.041342 0.225516 0.000000
0.343795 0.356737 0.168314 0.000000
0.336803 -0.310327 0.184930 0.000000
0.331036 -0.669723 0.199193 0.000000
0.396377 0.335184 0.128813 0.000000
0.285557 0.016513 0.318199 0.000000
0.395668 0.344537 0.127558 0.000000
0.385511 -0.921611 0.496078 0.000000
0.326068 -0.499552 0.196981 0.000000
0.520373 -0.184659 0.145483 0.000000
0.335931 0.214232 0.102610 0.000000
0.394813 0.363698 0.163722 0.000000
0.315056 -0.015798 0.042426 0.000000
0.434586 0.080309 0.085522 0.000000
0.315911 0.125175 0.231296 0.000000
0.480145 0.027716 0.133889 0.000000
0.394464 0.030550 0.242003 0.000000
0.330070 -0.021648 0.187301 0.000000
0.439613 0.092180 0.122595 0.000000
0.503608 -1.140551 0.155880 1.000000
0.195173 -0.201262 0.485640 0.000000
0.333330 -0.809408 0.212089 0.000000
0.226925 -0.096344 0.382753 0.000000
0.296057 -0.927660 0.233389 0.000000
0.299370 -1.044064 0.236398 0.000000
0.300540 -1.077136 0.219897 0.000000
0.393506 -0.765967 0.388356 0.000000
0.476362 -1.078789 0.159387 1.000000
0.496311 -0.033585 0.135694 0.000000
0.441236 0.037314 0.193655 0.000000
0.325498 -0.151330 0.182932 0.000000
0.336078 0.163754 0.246601 0.000000
0.341275 -0.700018 0.195368 0.000000
0.241422 -0.157510 0.162269 0.000000
0.325767 -0.583970 0.192575 0.000000
0.579640 -1.278551 0.121503 1.000000
0.331614 -0.588297 0.204096 0.000000
0.593134 -1.276339 0.122812 1.000000
0.520438 -0.263210 0.183253 0.000000
0.392068 0.238501 0.168692 0.000000
0.397751 -0.952511 0.543866 0.000000
0.376643 -0.600458 0.322106 0.000000
0.375659 0.383846 0.120676 0.000000
0.334549 -0.877370 0.214396 0.000000
0.459973 -1.069912 0.178051 1.000000
0.385178 0.430594 0.126773 0.000000
0.357948 -0.905461 0.185305 1.000000
0.165393 -0.260029 0.162345 0.000000
0.420968 -0.989614 0.210334 1.000000
0.371836 -0.828839 0.412661 0.000000
0.385911 0.100290 0.047586 0.000000
0.400727 -0.782720 0.397729 0.000000
0.435396 0.063702 0.206939 0.000000
0.369552 -0.604660 0.322508 0.000000
0.359216 -0.399257 0.225579 0.000000
0.395034 0.207712 0.213229 0.000000
0.537708 -1.194626 0.143897 1.000000
0.307616 -0.027365 0.043996 0.000000
0.330492 -0.474178 0.190536 0.000000
0.326610 -0.536364 0.192259 0.000000
0.338543 -0.658752 0.201828 0.000000
0.558456 -0.135039 0.114316 0.000000
0.413485 0.186651 0.177483 0.000000
0.342949 0.483551 0.148633 0.000000
0.340524 -0.722860 0.213594 0.000000
0.311607 -1.116184 0.240203 0.000000
-0.058389 -0.521415 0.150065 0.000000
0.434145 0.153511 0.167080 0.000000
0.328033 -0.510149 0.192960 0.000000
0.360186 -0.517646 0.271139 0.000000
0.180666 -0.260777 0.172139 0.000000
0.103168 -0.237929 -0.048745 0.000000
0.315786 -0.987446 0.227239 0.000000
0.344075 -0.333132 0.209751 0.000000
0.405076 0.210949 0.174559 0.000000
0.353941 -0.436474 0.241524 0.000000
0.297260 -0.078572 0.029838 0.000000
0.405882 0.259403 0.164965 0.000000
0.323213 -0.162652 0.185542 0.000000
0.372956 0.481185 0.117343 0.000000
0.330508 -0.384042 0.190710 0.000000
0.403009 0.245455 0.113470 0.000000
0.262470 -0.098837 0.169075 0.000000
0.328496 -0.460744 0.196484 0.000000
0.491856 -1.121799 0.158637 1.000000
0.395152 0.045060 0.239287 0.000000
0.332146 -0.228970 0.190606 0.000000
0.220702 -0.068121 0.365826 0.000000
0.442030 -1.030120 0.179283 1.000000
0.410344 0.184929 0.125527 0.000000
0.522132 -0.148080 0.144933 0.000000
0.309044 -1.137496 0.242724 0.000000
0.192127 -0.149483 0.434732 0.000000
0.388944 0.023122 0.254694 0.000000
0.369035 0.448056 0.123924 0.000000
0.424000 -0.126274 0.254924 0.000000
-0.078630 -0.537227 0.138326 0.000000
0.294671 -1.036526 0.236759 0.000000
0.334004 -0.477762 0.204525 0.000000
0.352701 0.262076 0.099380 0.000000
0.341455 0.176612 0.089749 0.000000
0.317828 0.040864 0.061302 0.000000
0.622553 -1.328438 0.111131 1.000000
0.318917 0.031117 0.177558 0.000000
0.544586 -1.225714 0.133990 1.000000
0.031472 -0.443766 0.153448 0.000000
0.207099 -0.172439 0.434604 0.000000
0.426645 -0.002701 0.324485 0.000000
0.319470 0.132282 0.228437 0.000000
0.322072 -1.121799 0.237177 0.000000
0.397244 0.402318 0.145399 0.000000
0.335699 -0.563272 0.204423 0.000000
0.062834 -0.411285 0.162922 0.000000
0.387531 -0.947826 0.206977 1.000000
0.371025 -0.572027 0.312871 0.000000
0.403308 -0.947602 0.532255 0.000000
0.335347 -0.614466 0.200127 0.000000
0.407993 -0.948506 0.520694 0.000000
0.345371 0.338593 0.156286 0.000000
0.301227 -0.947279 0.235673 0.000000
0.372682 0.356961 0.114714 0.000000
0.138923 -0.293289 0.168996 0.000000
0.321543 -0.894905 0.224443 0.000000
0.338993 -0.620804 0.192700 0.000000
0.507493 -0.073320 0.151338 0.000000
0.207621 -0.181426 0.144327 0.000000
0.307830 -0.889777 0.230820 0.000000
0.336031 0.150658 0.249339 0.000000
0.321220 -0.884748 0.238174 0.000000
0.503720 -0.080088 0.108004 0.000000
0.388664 0.122139 0.056708 0.000000
0.315378 0.060409 0.066253 0.000000
0.367111 -0.580732 0.304047 0.000000
0.333620 0.167768 0.228369 0.000000
0.372402 0.366973 0.114742 0.000000
0.314865 0.113425 0.242978 0.000000
0.214871 -0.100570 0.389864 0.000000
0.394170 0.066997 0.032252 0.000000
0.385258 0.000048 -0.002900 0.000000
0.331688 -0.646593 0.202107 0.000000
0.358140 -0.675895 0.330073 0.000000
0.320394 0.090800 0.169853 0.000000
0.395707 0.222573 0.106659 0.000000
0.211995 -0.197286 0.156322 0.000000
0.331490 0.139932 0.247434 0.000000
0.512990 -0.163389 0.157834 0.000000
0.027465 -0.422213 0.172530 0.000000
0.469227 0.040204 0.140109 0.000000
0.541280 -1.214842 0.136657 1.000000
0.305419 0.054628 0.297351 0.000000
0.374418 -0.048370 0.267415 0.000000
0.370657 -0.625373 0.325468 0.000000
0.315709 0.085983 0.065300 0.000000
0.421665 0.106297 0.093143 0.000000
0.272159 -1.054492 0.252017 0.000000
0.395031 0.126447 0.060632 0.000000
0.432762 -0.976622 0.578742 0.000000
0.339818 0.136011 0.135476 0.000000
0.355843 -0.539014 0.268051 0.000000
0.246799 -1.135974 0.248567 0.000000
0.430348 0.160664 0.123444 0.000000
0.335186 -0.223525 0.196094 0.000000
0.388726 0.297842 0.129880 0.000000
0.295318 -0.994412 0.253644 0.000000
0.403856 0.315926 0.124929 0.000000
0.426601 -1.013935 0.194580 1.000000
0.201170 -0.177757 0.444165 0.000000
0.388942 0.359264 0.149024 0.000000
0.322953 -0.903800 0.216202 0.000000
0.329964 -0.516631 0.200366 0.000000
0.343807 0.221119 0.202104 0.000000
0.388898 0.052217 0.027904 0.000000
0.266105 -0.012068 0.328796 0.000000
0.331452 -0.635452 0.200492 0.000000
0.343891 0.429335 0.151236 0.000000
0.388409 -0.955158 0.180686 1.000000
0.281828 -1.004601 0.266524 0.000000
0.335961 -0.687169 0.211720 0.000000
0.338995 -0.680992 0.196536 0.000000
0.300272 -0.967310 0.216526 0.000000
0.300114 -0.010822 0.177092 0.000000
0.498197 -0.041681 0.137385 0.000000
0.357248 -0.907023 0.224343 1.000000
0.288358 -0.914299 0.235700 0.000000
-0.051323 -0.513234 0.144410 0.000000
0.473516 -1.077209 0.183719 1.000000
0.333290 -0.147470 0.193691 0.000000
0.396803 -0.694908 0.366193 0.000000
0.397075 0.073560 0.231689 0.000000
0.380962 -0.881663 0.451357 0.000000
0.376340 0.416987 0.117607 0.000000
0.294753 -1.128136 0.223354 0.000000
0.446930 0.118748 0.130792 0.000000
0.337080 0.247453 0.212737 0.000000
0.335533 -0.849433 0.202553 0.000000
0.188499 -0.188378 0.470291 0.000000
0.331189 -0.516896 0.188286 0.000000
0.388547 0.274973 0.120781 0.000000
0.337175 -0.401120 0.243543 0.000000
0.187367 -0.238764 0.534521 0.000000
0.326939 -0.304249 0.198552 0.000000
0.440851 0.041175 0.178387 0.000000
0.404004 0.334644 0.157829 0.000000
0.388877 0.426252 0.154061 0.000000
0.384174 -0.016212 -0.001661 0.000000
0.337886 0.155557 0.091099 0.000000
0.306206 -0.048642 0.036218 0.000000
0.385304 -0.944031 0.184805 1.000000
0.345095 -0.556014 0.193876 0.000000
0.296652 -0.055542 0.040793 0.000000
0.530911 -0.151230 0.161359 0.000000
0.335303 -0.100442 0.184590 0.000000
0.331028 -0.682825 0.202159 0.000000
0.323952 0.032693 0.165119 0.000000
0.346010 -0.636057 0.205190 0.000000
0.346765 0.437246 0.147945 0.000000
0.333960 0.165443 0.075801 0.000000
0.298450 -0.071531 0.017759 0.000000
0.391292 -0.957092 0.195502 1.000000
0.437849 -0.059793 0.225227 0.000000
0.328831 0.201044 0.172900 0.000000
0.474538 -0.085546 0.057544 0.000000
0.378846 -0.030235 -0.020270 0.000000
0.204838 -0.222737 0.171460 0.000000
0.337633 -0.404473 0.182503 0.000000
0.571011 -1.230122 0.135816 1.000000
0.273014 -1.066395 0.256755 0.000000
0.295096 -1.066849 0.240448 0.000000
0.335385 0.173721 0.222967 0.000000
0.349171 -0.409893 0.230611 0.000000
0.276564 -0.057105 0.148258 0.000000
0.458086 0.087899 0.129426 0.000000
0.432039 0.129863 0.175047 0.000000
0.547448 -1.204346 0.143923 1.000000
0.526929 -0.235826 0.172958 0.000000
0.377144 -0.892822 0.460910 0.000000
0.130462 -0.223354 -0.046743 0.000000
0.293576 0.066339 0.276569 0.000000
0.388176 0.398038 0.151158 0.000000
0.436419 0.105080 0.175133 0.000000
0.319754 0.055483 0.173879 0.000000
0.379892 -0.936810 0.189459 1.000000
0.433055 0.045901 0.081385 0.000000
0.329724 0.166291 0.164524 0.000000
0.188614 -0.193760 0.481208 0.000000
0.284249 -0.045208 0.152718 0.000000
0.406032 0.258827 0.120929 0.000000
0.345139 0.391864 0.157031 0.000000
-0.102897 -0.561556 0.128181 0.000000
0.300985 -0.893668 0.231548 0.000000
0.266007 -1.084664 0.240162 0.000000
0.206523 -0.154056 0.423116 0.000000
0.273615 -1.009328 0.241145 0.000000
0.350308 0.262529 0.107479 0.000000
0.487732 -0.121069 0.175625 0.000000
0.294267 -1.063738 0.211779 0.000000
0.458084 0.113544 0.125859 0.000000
0.372032 0.482482 0.145868 0.000000
-0.011367 -0.481244 0.139990 0.000000
0.170270 -0.241135 0.157253 0.000000
0.284260 -0.964140 0.231025 0.000000
0.422991 -0.983302 0.595570 0.000000
0.326565 0.307053 0.113378 0.000000
0.329675 0.293005 0.102980 0.000000
0.379239 0.034846 0.242622 0.000000
0.614281 -1.321160 0.114483 1.000000
0.483373 -1.092090 0.173261 1.000000
0.087811 -0.238727 -0.049026 0.000000
0.327612 -1.167249 0.248346 0.000000
0.367676 -0.922610 0.209740 1.000000
0.352877 -0.423037 0.246097 0.000000
0.335520 0.141480 0.171794 0.000000
0.266877 -0.078208 0.175822 0.000000
0.348188 0.132845 0.134310 0.000000
0.304860 -1.068920 0.234227 0.000000
0.416447 -0.002520 0.303013 0.000000
0.396445 0.291747 0.166100 0.000000
0.196494 -0.138360 0.423108 0.000000
0.436857 0.054885 0.198593 0.000000
0.173542 -0.206260 -0.038694 0.000000
0.344379 -0.769751 0.204199 0.000000
0.334760 -0.822310 0.210979 0.000000
0.402558 -0.969212 0.207214 1.000000
0.433407 -0.984776 0.602674 0.000000
0.300599 -0.919296 0.237686 0.000000
0.363386 -0.916605 0.214250 1.000000
0.527416 -0.137743 0.161650 0.000000
0.159100 -0.245017 0.156338 0.000000
0.349150 0.247881 0.180228 0.000000
0.338914 0.185085 0.217589 0.000000
0.285107 -1.010554 0.246680 0.000000
0.349094 0.380955 0.123760 0.000000
0.436540 -1.000821 0.208680 1.000000
0.370792 -0.926044 0.181030 1.000000
0.383187 0.006953 0.239609 0.000000
0.370154 0.416978 0.123390 0.000000
0.330863 -0.340370 0.222513 0.000000
0.400005 0.250388 0.197508 0.000000
0.408982 0.304386 0.154842 0.000000
0.413588 0.167569 0.184426 0.000000
0.454408 0.123512 0.128530 0.000000
0.428708 -0.999760 0.208727 1.000000
0.337527 -0.477811 0.190226 0.000000
0.381614 0.402904 0.147192 0.000000
0.341476 0.382726 0.162483 0.000000
0.376888 0.038469 0.235842 0.000000
0.197227 -0.179348 0.450324 0.000000
0.110891 -0.339841 0.170899 0.000000
0.374281 0.451321 0.139735 0.000000
0.284937 -0.971743 0.228884 0.000000
0.551734 -1.245669 0.131435 1.000000
0.481925 -0.112770 0.047889 0.000000
0.389080 -0.943667 0.190622 1.000000
0.336235 -0.485191 0.198331 0.000000
0.520231 -0.113738 0.139268 0.000000
0.291770 -1.091786 0.242118 0.000000
0.315991 -0.002239 0.049699 0.000000
0.204343 -0.133560 0.414004 0.000000
0.350318 0.402094 0.131749 0.000000
0.010436 -0.454618 0.159042 0.000000
0.293793 -1.134764 0.212173 0.000000
0.373689 -0.655367 0.342439 0.000000
0.332667 -0.512898 0.182414 0.000000
0.339310 -0.862049 0.204059 0.000000
0.481629 -0.031414 0.118664 0.000000
0.330135 -0.848570 0.216846 0.000000
0.344024 -0.682190 0.207435 0.000000
0.344153 -0.641321 0.200107 0.000000
0.336015 0.242301 0.164687 0.000000
0.329357 -0.865251 0.220579 0.000000
0.330311 -0.179214 0.188979 0.000000
0.331328 -0.267108 0.190859 0.000000
0.329776 0.158331 0.221347 0.000000
0.341958 -0.285084 0.194174 0.000000
0.359415 -0.475291 0.244748 0.000000
0.383764 -0.707959 0.362610 0.000000
0.366408 -0.730441 0.361019 0.000000
0.160274 -0.272858 0.165398 0.000000
0.392285 -0.906970 0.468133 0.000000
0.349964 0.240916 0.105592 0.000000
0.185990 -0.227116 0.526383 0.000000
0.257116 -0.103425 0.161993 0.000000
0.302164 -1.028370 0.208801 0.000000
0.400423 0.002355 0.278751 0.000000
0.364845 -0.078821 0.295605 0.000000
0.307756 -1.003809 0.213422 0.000000
0.519492 -0.255938 0.173317 0.000000
0.413630 0.200134 0.133469 0.000000
0.320878 -0.892704 0.215327 0.000000
0.377761 -0.817731 0.409084 0.000000
0.328525 -0.157758 0.190616 0.000000
0.282707 0.009115 0.317542 0.000000
0.324099 -0.135432 0.184226 0.000000
0.333447 -0.430178 0.189053 0.000000
-0.027808 -0.484853 0.159377 0.000000
0.426943 0.120025 0.186784 0.000000
0.322880 0.006257 0.051647 0.000000
0.407654 0.250161 0.119977 0.000000
0.447763 -0.013616 0.070876 0.000000
0.436655 0.184327 0.125714 0.000000
0.397584 -0.877298 0.449211 0.000000
0.296364 -0.959257 0.240818 0.000000
0.392995 0.206622 0.099933 0.000000
0.426926 0.096876 0.191684 0.000000
0.527486 -0.189872 0.144004 0.000000
0.436158 -0.081508 0.225995 0.000000
0.384137 -0.717729 0.363942 0.000000
0.317653 -0.922837 0.218356 0.000000
0.152061 -0.293773 0.167673 0.000000
0.322243 0.128269 0.174296 0.000000
0.515846 -0.093167 0.137249 0.000000
0.322261 -0.871387 0.210884 0.000000
0.420063 -0.996979 0.182344 1.000000
0.347587 0.223653 0.189295 0.000000
0.325965 -0.856711 0.226885 0.000000
0.335021 0.118544 0.153801 0.000000
0.350371 0.482269 0.147789 0.000000
0.297126 -1.074007 0.205891 0.000000
0.329513 0.004968 0.179744 0.000000
0.330529 -0.542080 0.188595 0.000000
0.334053 -0.382054 0.239328 0.000000
0.326080 0.034850 0.178637 0.000000
0.530280 -0.213756 0.120558 0.000000
0.324267 -0.923931 0.223602 0.000000
0.387740 0.410424 0.156726 0.000000
0.291815 0.027127 0.309721 0.000000
0.336829 -0.459443 0.202229 0.000000
0.397889 0.258286 0.111753 0.000000
0.340370 -0.810314 0.204522 0.000000
0.468222 -1.069892 0.184541 1.000000
0.390520 0.170347 0.071609 0.000000
0.342227 -0.476918 0.198248 0.000000
0.339109 0.124325 0.082276 0.000000
0.526063 -0.155543 0.152102 0.000000
0.359227 0.293261 0.109289 0.000000
0.515168 -1.120307 0.170132 1.000000
0.188158 -0.233716 0.526308 0.000000
0.365778 -0.618305 0.315331 0.000000
0.099307 -0.347474 0.172336 0.000000
0.443408 -0.070282 0.232596 0.000000
0.295069 -0.986367 0.233069 0.000000
0.057384 -0.397903 0.170641 0.000000
0.329946 -0.210835 0.191111 0.000000
0.426801 0.115260 0.116815 0.000000
0.431450 -1.028430 0.175702 1.000000
0.306838 -0.996768 0.205548 0.000000
-0.001481 -0.464175 0.160652 0.000000
0.300563 -0.961888 0.249795 0.000000
0.511424 -1.140565 0.168899 1.000000
0.323894 -0.323281 0.215918 0.000000
0.510288 -0.181960 -0.001776 0.000000
0.391122 -0.717404 0.367123 0.000000
0.178010 -0.267864 0.167894 0.000000
0.371294 -0.925390 0.194082 1.000000
0.279543 -1.066174 0.253300 0.000000
0.385940 0.437693 0.145421 0.000000
0.321309 -0.309710 0.191099 0.000000
0.342598 -0.524415 0.193145 0.000000
0.334617 -0.144495 0.185228 0.000000
0.334209 0.101051 0.172825 0.000000
0.356510 0.082881 0.178206 0.000000
0.330431 -0.897935 0.213495 0.000000
0.497280 -0.066688 0.114321 0.000000
0.407175 0.203964 0.175977 0.000000
0.339507 0.251967 0.161720 0.000000
0.108314 -0.323156 0.173819 0.000000
0.439066 -0.009130 0.066694 0.000000
0.334416 0.330187 0.109466 0.000000
0.391542 -0.894165 0.463938 0.000000
0.331257 -0.860981 0.211172 0.000000
0.259933 0.009642 0.310087 0.000000
0.366416 -0.518327 0.295291 0.000000
0.423204 0.139495 0.094327 0.000000
0.336100 -0.495141 0.188370 0.000000
0.467574 0.019997 0.113724 0.000000
0.460957 0.101472 0.135213 0.000000
0.584800 -1.292407 0.119385 1.000000
0.189849 -0.171719 0.453409 0.000000
0.294433 -1.072328 0.230261 0.000000
0.462234 0.052389 0.138938 0.000000
0.416238 -0.959583 0.563630 0.000000
0.243956 -0.014321 0.331175 0.000000
0.421306 -0.969111 0.559070 0.000000
0.335826 -0.602665 0.210036 0.000000
0.462826 -1.069942 0.170857 1.000000
0.127084 -0.318168 0.169288 0.000000
0.428176 -0.074295 0.226030 0.000000
0.434522 0.168723 0.129224 0.000000
0.342467 0.402708 0.134652 0.000000
0.386921 0.356847 0.141569 0.000000
-0.037080 -0.499096 0.148319 0.000000
0.485488 -0.024781 0.372744 0.000000
0.326997 0.074979 0.066536 0.000000
0.522819 -0.133674 0.148420 0.000000
0.430310 0.106486 0.183417 0.000000
0.392319 0.309873 0.128265 0.000000
0.379518 -0.622861 0.328697 0.000000
0.193326 -0.208103 0.482327 0.000000
0.379227 -0.666469 0.342351 0.000000
0.331212 -0.331844 0.217116 0.000000
0.346799 0.376059 0.167193 0.000000
0.220912 -0.167820 0.147884 0.000000
0.391879 -0.931069 0.511322 0.000000
0.156663 -0.262678 0.162414 0.000000
0.322130 -1.081890 0.240261 0.000000
0.348120 0.277436 0.180603 0.000000
0.072483 -0.388373 0.169601 0.000000
0.381598 0.371737 0.146843 0.000000
0.335817 -0.447758 0.201166 0.000000
0.349252 -0.434022 0.258769 0.000000
0.330973 -0.284667 0.203062 0.000000
0.320999 0.096167 0.173961 0.000000
0.341496 -0.758051 0.199708 0.000000
0.285323 -1.026322 0.242572 0.000000
0.444050 0.060118 0.184339 0.000000
0.371461 -0.047434 0.276230 0.000000
0.275374 -1.031450 0.266666 0.000000
0.434725 0.066361 0.081632 0.000000
0.359034 -0.599264 0.296084 0.000000
0.356930 0.287342 0.104425 0.000000
0.415852 0.168428 0.100806 0.000000
0.387405 -0.637535 0.337425 0.000000
0.481395 -0.099785 0.184207 0.000000
0.308066 -1.092478 0.224888 0.000000
0.423946 -0.123094 0.247467 0.000000
0.277440 -1.049564 0.251544 0.000000
0.336329 -0.844419 0.215610 0.000000
0.321168 0.139997 0.171465 0.000000
0.436860 0.029408 0.079051 0.000000
0.328431 -0.347991 0.193695 0.000000
0.340350 -0.746265 0.215655 0.000000
0.462510 -0.051978 0.189279 0.000000
0.293964 -1.143813 0.213011 0.000000
0.357732 -0.499382 0.258679 0.000000
0.300503 -1.051447 0.225478 0.000000
0.268502 -1.062685 0.272620 0.000000
0.330758 0.167268 0.213478 0.000000
0.336703 -0.345494 0.185155 0.000000
0.389397 -0.851331 0.431060 0.000000
0.336600 -0.709538 0.205316 0.000000
0.309014 0.089006 0.263336 0.000000
0.333767 -0.051706 0.181083 0.000000
0.335962 -0.523195 0.199432 0.000000
0.186525 -0.249923 0.549758 0.000000
0.344345 0.328951 0.166073 0.000000
0.618767 -0.165589 0.103775 0.000000
0.469994 -0.024366 0.356254 0.000000
0.272567 -0.135454 -0.002552 0.000000
0.297191 -1.047709 0.205924 0.000000
0.338154 0.285373 0.168020 0.000000
0.432436 0.141909 0.171274 0.000000
0.273021 -0.065192 0.152413 0.000000
0.376766 0.449222 0.129151 0.000000
0.296206 -1.139018 0.229561 0.000000
0.530440 -0.244127 0.176367 0.000000
0.494028 -0.045884 0.153695 0.000000
0.348652 0.415618 0.158044 0.000000
0.220479 -0.189375 -0.025356 0.000000
0.342614 -0.388124 0.233157 0.000000
0.114801 -0.318418 0.172677 0.000000
0.342710 0.464914 0.146820 0.000000
0.300379 -1.056403 0.234568 0.000000
0.424100 -0.970311 0.572149 0.000000
-0.116474 -0.584797 0.125406 0.000000
0.367047 -0.499978 0.285105 0.000000
0.288035 -0.989702 0.253803 0.000000
0.445403 0.138169 0.126378 0.000000
0.307193 -0.910903 0.241077 0.000000
0.337220 -0.559222 0.191873 0.000000
0.436603 -1.008990 0.201665 1.000000
0.472881 0.036466 0.135868 0.000000
0.439157 0.007365 0.080462 0.000000
0.490005 -0.007131 0.131436 0.000000
0.337901 0.209239 0.096402 0.000000
0.332590 -0.257202 0.190579 0.000000
0.400461 0.158053 0.221299 0.000000
0.335378 -0.192358 0.194970 0.000000
0.370370 0.348707 0.115121 0.000000
0.315544 -0.850189 0.224865 0.000000
0.286961 -1.007483 0.254342 0.000000
0.612149 -0.163532 0.106137 0.000000
0.448886 -1.034809 0.190370 1.000000
0.331872 0.237433 0.211938 0.000000
0.327996 -0.808438 0.206473 0.000000
0.443728 0.071977 0.182955 0.000000
0.301276 -0.998957 0.228628 0.000000
0.399933 0.272236 0.167744 0.000000
0.528365 -0.106115 0.117171 0.000000
0.524399 -1.163111 0.155119 1.000000
0.272137 -1.040013 0.261847 0.000000
0.338641 -0.298998 0.187724 0.000000
0.353981 -0.374495 0.219996 0.000000
0.324875 0.100638 0.164093 0.000000
0.352494 0.426183 0.152200 0.000000
0.453376 0.090791 0.133672 0.000000
0.372757 0.463381 0.150087 0.000000
0.425374 -0.978054 0.592145 0.000000
0.292307 -0.984965 0.250865 0.000000
0.301213 -0.902254 0.234586 0.000000
0.294431 -0.020156 0.162048 0.000000
0.212311 -0.208382 0.162494 0.000000
0.462453 -0.065353 0.184709 0.000000
0.344976 -0.831975 0.220237 0.000000
0.331376 0.146893 0.177818 0.000000
0.372192 -0.929755 0.203039 1.000000
0.332712 -0.753665 0.214023 0.000000
0.205313 -0.219047 0.163267 0.000000
0.515952 -0.178614 0.148580 0.000000
0.387639 0.286169 0.128859 0.000000
0.355876 0.272255 0.102730 0.000000
0.383837 -0.565239 0.314208 0.000000
0.395278 0.190288 0.079991 0.000000
0.182039 -0.211527 -0.034004 0.000000
0.527285 -0.259533 0.182483 0.000000
0.324615 -0.433968 0.194698 0.000000
0.301173 -0.973512 0.248058 0.000000
0.546194 -1.197210 0.147839 1.000000
0.494019 -0.040716 0.147918 0.000000
0.277930 -0.049525 0.142455 0.000000
0.343126 0.210209 0.205295 0.000000
0.321652 -0.062776 0.178641 0.000000
0.261387 -0.101706 0.152458 0.000000
0.330316 -0.441867 0.189050 0.000000
0.410822 0.202319 0.108634 0.000000
0.308938 -0.923833 0.224744 0.000000
0.395976 0.061476 0.027481 0.000000
