0.361717 -0.908867 0.189925 1.000000
0.389457 0.488165 0.121810 0.000000
0.183658 -0.191462 0.482160 0.000000
0.501899 -0.276349 -0.072827 0.000000
-0.133953 -0.593533 0.124262 0.000000
0.629383 -1.349613 0.116922 1.000000
0.435038 0.059858 0.210019 0.000000
0.442830 -0.990936 0.613004 0.000000
0.071320 -0.247117 -0.047532 0.000000
0.358575 -0.495216 0.253097 0.000000
0.594463 -0.054130 0.454303 0.000000
0.327179 -0.210860 0.192341 0.000000
0.057660 -0.406940 0.170878 0.000000
0.371266 -0.043970 -0.032064 0.000000
0.265428 -1.138626 0.287295 0.000000
0.515168 -1.120307 0.170132 1.000000
0.394343 -0.724358 0.370785 0.000000
0.583325 -0.137655 0.118450 0.000000
0.329174 0.249913 0.099588 0.000000
0.239649 -0.010630 0.332045 0.000000
0.377144 -0.892822 0.460910 0.000000
0.327674 -0.675907 0.198278 0.000000
0.240091 -0.176473 -0.008576 0.000000
0.516350 -0.288439 0.204255 0.000000
0.287209 -0.035604 0.154685 0.000000
0.153029 -0.248406 0.156911 0.000000
0.402518 0.104500 0.047947 0.000000
0.465581 -0.024758 0.351450 0.000000
0.337075 0.177285 0.239199 0.000000
0.331742 -0.361152 0.187264 0.000000
0.430964 -0.113285 0.238661 0.000000
0.483708 -0.031561 0.107479 0.000000
0.259535 -0.996882 0.244240 0.000000
0.394936 0.353590 0.168050 0.000000
0.506135 -0.169418 0.010857 0.000000
-0.039155 -0.499944 0.150489 0.000000
0.552881 -1.241082 0.128302 1.000000
0.171382 -0.276080 0.582864 0.000000
0.432967 -1.018903 0.176693 1.000000
0.378199 -0.603321 0.323128 0.000000
0.397444 -0.210585 0.310955 0.000000
0.231490 -0.146314 0.143936 0.000000
0.226660 -0.118220 0.391926 0.000000
0.432721 0.191271 0.129901 0.000000
0.332064 -0.794849 0.217204 0.000000
0.305272 0.034911 0.059939 0.000000
0.324368 0.079591 0.170797 0.000000
0.309654 0.071592 0.284823 0.000000
0.292644 -0.086673 0.035502 0.000000
0.375318 -0.023302 0.253599 0.000000
0.326178 -0.572264 0.193290 0.000000
0.393977 0.256203 0.199758 0.000000
0.320617 -1.076961 0.227041 0.000000
0.494947 -0.147256 0.165816 0.000000
0.466227 0.097473 0.124422 0.000000
0.409500 -0.961070 0.526027 0.000000
0.405300 -0.812026 0.412369 0.000000
0.342940 0.157416 0.118787 0.000000
0.328599 -0.113352 0.190647 0.000000
0.533600 -0.219087 0.117743 0.000000
0.662060 -0.177504 0.084250 0.000000
0.160582 -0.216475 -0.040647 0.000000
0.120369 -0.337427 0.168966 0.000000
0.340281 0.411467 0.117711 0.000000
0.466972 -0.098995 0.049765 0.000000
0.337588 -0.449205 0.179426 0.000000
0.460332 -0.035522 0.192591 0.000000
0.288358 -0.914299 0.235700 0.000000
0.389457 0.027629 0.011683 0.000000
0.410744 0.284248 0.121190 0.000000
0.343320 -0.410973 0.254714 0.000000
0.432223 0.030856 0.083773 0.000000
0.525746 -0.033520 0.408294 0.000000
0.416931 0.138458 0.192151 0.000000
0.327882 0.330662 0.111427 0.000000
0.324731 -1.163246 0.239576 0.000000
0.342653 -0.285775 0.201806 0.000000
0.334154 0.221204 0.169002 0.000000
0.331298 -0.984318 0.226222 0.000000
0.247574 -1.072219 0.243107 0.000000
0.517330 -0.100194 0.112347 0.000000
0.357605 -0.674645 0.328841 0.000000
0.321532 0.106044 0.069801 0.000000
0.339935 0.300233 0.179347 0.000000
0.461427 0.023944 0.149039 0.000000
0.364244 0.053847 0.224439 0.000000
0.400049 -0.964164 0.213210 1.000000
0.415050 0.001212 0.306702 0.000000
0.364845 -0.078821 0.295605 0.000000
0.392148 0.168963 0.071230 0.000000
-0.083400 -0.545268 0.122685 0.000000
0.330020 0.011202 0.181965 0.000000
0.211107 -0.209693 0.162115 0.000000
0.607423 -1.284579 0.120556 1.000000
0.015812 -0.459705 0.158244 0.000000
0.263542 -0.095444 0.177556 0.000000
0.508994 -0.220381 -0.034599 0.000000
0.480418 -1.066848 0.192418 1.000000
0.188926 -0.240515 0.527576 0.000000
0.530152 -1.181025 0.148264 1.000000
0.368763 -0.539714 0.300895 0.000000
0.322502 -0.859995 0.214607 0.000000
0.254140 -0.067485 0.359974 0.000000
0.313300 -0.025893 0.041590 0.000000
0.330471 0.142229 0.179179 0.000000
0.391479 0.422919 0.153413 0.000000
0.192127 -0.149483 0.434732 0.000000
0.412643 -0.165878 0.269022 0.000000
0.401852 0.195518 0.213815 0.000000
0.335111 -0.510242 0.193463 0.000000
0.313242 0.119031 0.234234 0.000000
0.397958 0.229894 0.095520 0.000000
0.340043 -0.734350 0.215184 0.000000
0.443889 -0.025665 0.061885 0.000000
0.263933 0.033235 0.298273 0.000000
0.475600 -0.093434 0.184485 0.000000
0.276491 -0.129587 -0.003605 0.000000
0.524831 -0.239485 0.172472 0.000000
0.420516 0.134079 0.122717 0.000000
0.329464 -0.055079 0.189743 0.000000
0.343723 0.459173 0.150330 0.000000
0.337594 0.355922 0.164563 0.000000
0.374198 0.365206 0.116523 0.000000
0.504516 -0.056180 0.153557 0.000000
0.299677 -1.029409 0.205582 0.000000
0.398610 0.098013 0.229603 0.000000
0.345732 -0.623487 0.201874 0.000000
0.362379 -0.787228 0.388072 0.000000
0.341224 0.197857 0.082038 0.000000
0.533326 -0.185170 0.162592 0.000000
0.424473 0.085274 0.092998 0.000000
0.437163 0.093963 0.169991 0.000000
0.341337 0.254655 0.208771 0.000000
0.385095 0.026901 0.265044 0.000000
0.443985 0.008729 0.214568 0.000000
0.297255 -1.128755 0.212223 0.000000
0.407307 -0.857280 0.439249 0.000000
0.416865 0.223270 0.167642 0.000000
0.331894 -0.363182 0.238516 0.000000
0.395842 0.302129 0.166875 0.000000
0.359402 0.290207 0.108476 0.000000
0.285670 -1.103030 0.257010 0.000000
0.404797 -0.927202 0.486319 0.000000
0.276281 -1.041508 0.271723 0.000000
0.433054 -0.064991 0.223645 0.000000
0.420554 -0.966763 0.574886 0.000000
0.337587 -0.162387 0.184051 0.000000
0.354492 0.112187 0.146990 0.000000
0.076584 -0.360049 0.176890 0.000000
0.145391 -0.295791 0.167191 0.000000
0.204163 -0.196462 -0.034041 0.000000
0.296051 -0.963439 0.251525 0.000000
0.620446 -0.164814 0.103837 0.000000
0.360912 -0.451032 0.235392 0.000000
0.474733 -1.098384 0.158170 1.000000
0.330956 -0.406161 0.199921 0.000000
0.116002 -0.227988 -0.048170 0.000000
0.350162 0.401130 0.162091 0.000000
0.518380 -0.102013 0.158865 0.000000
0.246663 -1.129434 0.245763 0.000000
0.350283 -0.892088 0.233514 0.000000
0.327262 -0.927763 0.214453 0.000000
0.402940 -0.954383 0.168141 1.000000
0.493031 -0.134119 0.036628 0.000000
0.398939 0.327879 0.126454 0.000000
0.369509 0.446998 0.115018 0.000000
0.449527 0.055790 0.118988 0.000000
0.324265 -0.324013 0.216497 0.000000
0.428300 -0.998584 0.218053 1.000000
0.390384 -0.642138 0.341413 0.000000
0.423901 0.177181 0.172182 0.000000
0.329843 0.148469 0.076901 0.000000
0.384890 -0.014036 -0.003158 0.000000
0.359213 -0.584096 0.289226 0.000000
0.387869 0.065732 0.035355 0.000000
0.336300 0.063807 0.067977 0.000000
0.483476 -0.017963 0.148343 0.000000
0.399928 -0.766837 0.390505 0.000000
0.419609 0.243334 0.130110 0.000000
0.560863 -0.044982 0.429878 0.000000
0.396980 0.140993 0.229398 0.000000
0.340159 0.262782 0.159632 0.000000
0.342167 0.203742 0.206674 0.000000
0.471025 -0.060434 0.066389 0.000000
0.496058 -0.035568 0.378960 0.000000
0.473012 0.014404 0.110521 0.000000
0.253650 -0.108688 0.139675 0.000000
0.300417 -0.958767 0.210668 0.000000
0.306571 0.000100 0.147905 0.000000
0.358618 -0.741293 0.359394 0.000000
0.355493 -0.459020 0.275348 0.000000
0.320146 0.209559 0.114834 0.000000
0.369146 -0.830509 0.410477 0.000000
0.360581 0.073041 0.188966 0.000000
0.323390 -0.251002 0.190761 0.000000
0.284633 0.005386 0.318849 0.000000
0.568239 -1.279909 0.128708 1.000000
0.333499 0.373123 0.127914 0.000000
0.356844 -0.633268 0.306928 0.000000
0.333532 0.180948 0.168878 0.000000
0.451513 -1.054818 0.167506 1.000000
0.205533 -0.176899 0.140873 0.000000
0.407971 0.264319 0.163913 0.000000
0.321584 -1.118337 0.241269 0.000000
0.363601 -0.500181 0.291686 0.000000
0.404293 0.174209 0.109060 0.000000
0.320256 0.289285 0.108249 0.000000
0.297838 -1.002014 0.236117 0.000000
0.526665 -0.143826 0.143415 0.000000
0.291413 -1.090271 0.204918 0.000000
0.293906 -1.051065 0.238120 0.000000
0.496041 -0.067681 0.114378 0.000000
0.382911 0.385159 0.148300 0.000000
0.445032 0.034942 0.182016 0.000000
0.294082 0.085831 0.252724 0.000000
0.356025 -0.389224 0.223431 0.000000
0.250244 -0.132429 0.174300 0.000000
0.361474 -0.537653 0.263486 0.000000
0.324528 0.105266 0.267811 0.000000
0.548703 -0.122203 0.116582 0.000000
0.286309 -1.004489 0.272033 0.000000
0.200447 -0.184350 0.446725 0.000000
0.217962 -0.063776 0.370255 0.000000
0.184822 -0.265250 0.168301 0.000000
0.312767 0.045328 0.181454 0.000000
0.375666 -0.935434 0.212926 1.000000
0.345016 -0.829715 0.215702 0.000000
0.232213 -0.175797 0.166550 0.000000
0.264289 -0.035475 0.344192 0.000000
0.383532 0.463158 0.148291 0.000000
0.356865 -0.352162 0.212752 0.000000
0.457322 0.135693 0.124402 0.000000
0.336649 0.138093 0.256906 0.000000
0.374369 -0.056844 0.268252 0.000000
0.427362 0.095361 0.204962 0.000000
0.438229 -0.009543 0.332399 0.000000
0.297060 -0.014446 0.182379 0.000000
-0.017333 -0.475602 0.166073 0.000000
0.554985 -1.207016 0.143885 1.000000
-0.062976 -0.526905 0.146580 0.000000
0.397340 0.056703 0.238710 0.000000
0.608221 -1.320469 0.116236 1.000000
0.271688 -0.068938 0.154630 0.000000
0.314151 -0.886054 0.237729 0.000000
0.326008 -1.038719 0.228293 0.000000
0.178503 -0.218813 0.150575 0.000000
0.373182 -0.865529 0.434910 0.000000
0.388875 0.134320 0.060766 0.000000
0.374324 0.402552 0.118481 0.000000
-0.105619 -0.572150 0.127361 0.000000
0.318178 -0.890340 0.197387 0.000000
0.192444 -0.221712 0.497734 0.000000
0.339060 -0.541677 0.208598 0.000000
0.040226 -0.434566 0.158530 0.000000
0.365399 0.331619 0.115423 0.000000
0.267755 -1.085504 0.281034 0.000000
0.322880 0.006257 0.051647 0.000000
0.388804 -0.933635 0.516306 0.000000
0.449687 -0.001056 0.182053 0.000000
0.480429 0.045948 0.130357 0.000000
0.334004 -0.477762 0.204525 0.000000
0.184694 -0.258105 0.556667 0.000000
0.199526 -0.124833 0.412183 0.000000
0.387679 -0.694343 0.355817 0.000000
0.377500 -0.570044 0.314458 0.000000
0.428555 0.142620 0.090717 0.000000
0.337774 -0.317480 0.185962 0.000000
0.505214 -0.246855 -0.055451 0.000000
0.510752 -0.194527 -0.012833 0.000000
0.346895 -0.702949 0.204231 0.000000
0.328600 -0.764163 0.204076 0.000000
0.280626 0.057225 0.276612 0.000000
0.452962 -1.032479 0.199756 1.000000
0.254497 -1.029721 0.246424 0.000000
0.330070 -0.021648 0.187301 0.000000
0.294761 -0.053035 0.046417 0.000000
0.231806 -0.038140 0.350512 0.000000
0.408960 -0.886626 0.455010 0.000000
0.208553 -0.091221 0.387032 0.000000
0.112751 -0.305596 0.172050 0.000000
0.396731 0.198198 0.085421 0.000000
0.281063 -0.117008 0.026333 0.000000
0.379258 -0.932792 0.175997 1.000000
0.436796 -0.033217 0.215181 0.000000
0.392442 0.255823 0.114613 0.000000
0.350065 0.220417 0.103929 0.000000
0.435841 0.145050 0.166361 0.000000
0.337199 0.322884 0.156089 0.000000
0.348077 -0.878368 0.192552 1.000000
0.433837 0.100181 0.123655 0.000000
0.331971 0.134375 0.138907 0.000000
0.330331 0.165876 0.209588 0.000000
0.492490 -1.135703 0.152822 1.000000
0.446103 0.001752 0.080692 0.000000
0.383187 0.006953 0.239609 0.000000
0.588019 -1.254311 0.127665 1.000000
0.306838 -0.996768 0.205548 0.000000
0.404229 0.225795 0.202370 0.000000
0.404520 0.003822 0.276131 0.000000
0.327228 0.113162 0.166324 0.000000
0.401282 -0.189559 0.287165 0.000000
0.421785 -0.138683 0.255563 0.000000
0.082576 -0.388227 0.163898 0.000000
0.412441 0.466624 0.119719 0.000000
0.435468 0.060966 0.074866 0.000000
0.319132 0.027479 0.156275 0.000000
0.367708 -0.073195 -0.042501 0.000000
0.404581 0.203627 0.124884 0.000000
0.262051 -0.155763 0.004840 0.000000
0.445061 0.066070 0.181141 0.000000
0.358590 -0.420617 0.229467 0.000000
0.462453 -0.065353 0.184709 0.000000
0.437947 0.160835 0.128501 0.000000
0.295605 0.030953 0.305440 0.000000
0.278684 -0.942660 0.228966 0.000000
0.344666 0.428546 0.148633 0.000000
0.523548 -0.196031 0.135613 0.000000
0.276339 -1.068929 0.255812 0.000000
0.490968 -0.118787 0.177346 0.000000
0.238302 -0.090221 0.372631 0.000000
0.416927 -0.993734 0.190222 1.000000
0.506701 -0.174064 0.152920 0.000000
0.274871 -1.137745 0.253156 0.000000
0.324673 -0.601758 0.201967 0.000000
0.328747 -0.085625 0.178661 0.000000
0.254961 0.009865 0.315758 0.000000
0.294880 -1.059114 0.203736 0.000000
0.510825 -0.082227 0.137560 0.000000
0.307730 -0.940628 0.235936 0.000000
0.349828 0.488043 0.145414 0.000000
0.518595 -1.155323 0.158137 1.000000
0.389730 0.473739 0.095682 0.000000
0.328859 -0.647923 0.208519 0.000000
0.348801 0.244608 0.181733 0.000000
0.402601 0.199731 0.178861 0.000000
0.336508 0.185549 0.110047 0.000000
0.522285 -0.212327 0.161344 0.000000
0.386226 0.327021 0.152879 0.000000
0.300586 -1.146922 0.236751 0.000000
0.403105 -0.954655 0.553825 0.000000
0.419017 0.115257 0.094581 0.000000
0.242608 -1.100475 0.248575 0.000000
0.392068 0.238501 0.168692 0.000000
0.267545 -0.969169 0.240315 0.000000
0.383023 -0.904628 0.486840 0.000000
0.519919 -0.265408 0.184589 0.000000
0.354641 0.263499 0.097333 0.000000
0.398677 0.283484 0.191371 0.000000
0.497994 -0.038568 0.131420 0.000000
0.326466 0.144861 0.228799 0.000000
0.383143 0.304640 0.120895 0.000000
0.388705 -0.791535 0.401382 0.000000
0.349445 0.093949 0.168319 0.000000
0.402755 0.165290 0.215832 0.000000
0.212534 -0.149918 0.414505 0.000000
0.366758 -0.714329 0.356660 0.000000
0.296522 -1.090212 0.233718 0.000000
-0.016447 -0.487109 0.139855 0.000000
0.103782 -0.360096 0.167922 0.000000
0.347066 0.272239 0.186478 0.000000
0.283042 -1.025915 0.243934 0.000000
0.264499 -1.117024 0.269555 0.000000
0.386921 0.356847 0.141569 0.000000
0.517376 -0.118832 0.135514 0.000000
0.267460 -1.091629 0.239407 0.000000
0.361684 -0.917172 0.228363 1.000000
0.484769 0.005851 0.134095 0.000000
0.340631 0.307547 0.097924 0.000000
0.456762 0.076132 0.139027 0.000000
0.380043 -0.667511 0.343435 0.000000
0.340167 0.123875 0.083304 0.000000
0.432353 0.120161 0.177249 0.000000
0.381774 0.033347 0.232828 0.000000
0.093516 -0.335945 0.175180 0.000000
0.306547 -0.067614 0.021941 0.000000
0.278599 -0.053462 0.175831 0.000000
0.267455 -0.012698 0.329462 0.000000
0.314025 -0.914432 0.244341 0.000000
0.471948 -1.072583 0.167302 1.000000
0.348673 -0.436710 0.262321 0.000000
0.386993 -0.950930 0.194095 1.000000
0.340485 0.171485 0.087822 0.000000
0.422991 -0.983302 0.595570 0.000000
0.015917 -0.435803 0.169831 0.000000
0.335413 -0.432315 0.200974 0.000000
0.440034 -0.088565 0.238245 0.000000
0.324562 -0.186644 0.182349 0.000000
0.307729 0.060587 0.065099 0.000000
0.370081 -0.629632 0.329292 0.000000
0.299222 -0.007086 0.053245 0.000000
0.574204 -1.228934 0.137410 1.000000
0.311678 -0.907175 0.218072 0.000000
0.360562 -0.558841 0.282987 0.000000
0.451462 -1.028167 0.160934 1.000000
0.529374 -1.209494 0.140229 1.000000
0.440641 0.034498 0.209201 0.000000
0.394629 -0.833148 0.423073 0.000000
0.141396 -0.321292 0.169358 0.000000
0.302676 -0.931568 0.207340 0.000000
0.160274 -0.272858 0.165398 0.000000
0.338263 -0.387367 0.244851 0.000000
0.367801 0.472429 0.118872 0.000000
0.337711 0.230016 0.215373 0.000000
0.586945 -1.300165 0.119641 1.000000
0.381915 0.425085 0.128331 0.000000
0.469537 -0.010613 0.115089 0.000000
0.401068 -0.907093 0.468793 0.000000
0.033414 -0.414743 0.173205 0.000000
0.354028 -0.470137 0.251121 0.000000
0.531236 -0.159725 0.163417 0.000000
0.326694 -0.139915 0.189371 0.000000
0.324019 -0.337372 0.194977 0.000000
0.387368 0.281296 0.130272 0.000000
0.346817 -0.329431 0.206269 0.000000
0.428979 -0.996437 0.166068 1.000000
0.336825 -0.387759 0.183826 0.000000
0.397307 0.387393 0.127839 0.000000
0.191896 -0.235610 0.163584 0.000000
0.134746 -0.273392 0.163272 0.000000
0.316053 -0.963501 0.229955 0.000000
0.061681 -0.380123 0.176075 0.000000
0.356637 -0.523276 0.283373 0.000000
0.327538 -0.816548 0.203805 0.000000
0.425513 0.216984 0.124348 0.000000
0.323840 -0.535183 0.190112 0.000000
0.339695 0.352644 0.115415 0.000000
-0.045457 -0.513877 0.131065 0.000000
0.260476 -1.051670 0.236839 0.000000
0.438809 -0.012428 0.202037 0.000000
0.338442 0.379330 0.156814 0.000000
0.405140 0.369774 0.151788 0.000000
0.319653 -0.306226 0.198132 0.000000
0.225005 -0.185487 -0.027273 0.000000
0.290273 -0.106011 0.006482 0.000000
0.325398 -0.714459 0.205764 0.000000
0.336925 -0.486795 0.182030 0.000000
0.318888 -1.016649 0.235925 0.000000
0.458311 0.032862 0.116735 0.000000
0.335823 0.397621 0.137173 0.000000
0.319647 0.081874 0.068565 0.000000
0.307032 0.010076 0.170021 0.000000
0.240430 -0.152836 0.165530 0.000000
0.330194 -0.890727 0.218441 0.000000
0.411535 0.161560 0.187282 0.000000
0.184237 -0.209996 -0.032242 0.000000
0.187087 -0.165484 0.453728 0.000000
0.600115 -0.152865 0.110138 0.000000
0.093317 -0.238051 -0.051535 0.000000
0.353293 -0.895433 0.209818 1.000000
0.305382 0.051908 0.297859 0.000000
0.479809 -0.082222 0.061609 0.000000
0.334276 -0.345173 0.222919 0.000000
0.413045 0.196120 0.102763 0.000000
0.387976 -0.948325 0.228763 1.000000
0.296527 -0.988511 0.257596 0.000000
0.344651 0.222527 0.190301 0.000000
0.641936 -0.172122 0.095705 0.000000
0.195227 -0.199564 0.147630 0.000000
0.358354 -0.605928 0.298563 0.000000
0.358594 -0.697339 0.335671 0.000000
0.400322 0.119116 0.218990 0.000000
0.451682 -0.048124 0.060512 0.000000
0.360678 0.424696 0.117900 0.000000
0.409009 0.150861 0.101100 0.000000
0.440700 0.077727 0.121734 0.000000
0.401553 -0.971176 0.184502 1.000000
0.484089 -0.115010 0.046909 0.000000
0.243320 -0.127155 0.150507 0.000000
0.291980 -0.979280 0.234713 0.000000
0.298672 -0.881818 0.220655 0.000000
0.338867 -0.552732 0.186319 0.000000
0.374836 0.439285 0.145523 0.000000
0.523342 -0.124821 0.158119 0.000000
0.138689 -0.223576 -0.044322 0.000000
0.378184 0.485740 0.146659 0.000000
0.338099 -0.848026 0.202251 0.000000
0.387052 0.008953 -0.003899 0.000000
0.448467 0.115296 0.133194 0.000000
-0.001806 -0.471883 0.149184 0.000000
0.310129 0.102100 0.250212 0.000000
-0.001868 -0.453339 0.171205 0.000000
0.343291 -0.781486 0.201892 0.000000
0.298207 -1.112765 0.236599 0.000000
0.260566 -0.092367 0.153992 0.000000
0.395905 0.076004 0.224377 0.000000
0.381738 -0.033596 -0.014792 0.000000
0.437177 -1.041543 0.179004 1.000000
0.329270 0.243746 0.165314 0.000000
0.507965 -0.079294 0.159756 0.000000
0.390178 -0.875224 0.446127 0.000000
0.397244 0.402318 0.145399 0.000000
0.497239 -0.153183 0.025356 0.000000
0.323513 0.160961 0.166118 0.000000
0.344946 -0.598153 0.192859 0.000000
0.254635 -0.112339 0.165195 0.000000
0.253493 -0.160577 -0.017140 0.000000
0.378300 -0.770121 0.385305 0.000000
0.325451 -0.273335 0.189293 0.000000
0.301150 -1.031128 0.230766 0.000000
0.328866 0.229945 0.109840 0.000000
0.503643 -1.139476 0.171996 1.000000
0.335654 -0.583486 0.210239 0.000000
0.390585 0.047002 0.023323 0.000000
0.296692 -1.070116 0.223823 0.000000
0.438810 0.016728 0.065754 0.000000
0.324220 -0.627984 0.197790 0.000000
0.392922 0.280787 0.160921 0.000000
0.308834 -1.067531 0.243437 0.000000
0.349562 0.235437 0.087505 0.000000
0.334661 -0.230391 0.184863 0.000000
0.296625 -0.015958 0.159574 0.000000
0.491103 -0.038201 0.153342 0.000000
0.325986 0.042610 0.061955 0.000000
0.337906 0.198352 0.232345 0.000000
0.332646 -0.455984 0.200675 0.000000
0.401204 0.149106 0.074924 0.000000
0.331645 0.271886 0.100463 0.000000
0.400579 0.083626 0.037860 0.000000
0.310647 0.086864 0.267296 0.000000
0.509485 -1.173414 0.149238 1.000000
0.492898 -1.114677 0.159426 1.000000
0.405969 0.321530 0.160786 0.000000
0.319741 -1.097013 0.235963 0.000000
0.351337 0.384464 0.122002 0.000000
0.412667 0.181161 0.128102 0.000000
0.428360 -1.011333 0.196715 1.000000
0.339601 0.288234 0.161046 0.000000
0.428685 -0.015302 0.313612 0.000000
0.310763 -0.048138 0.030850 0.000000
0.410997 0.263261 0.127113 0.000000
0.460580 -0.031708 0.074468 0.000000
0.347753 -0.756446 0.210932 0.000000
0.457054 -0.073298 0.055906 0.000000
0.335532 0.156594 0.245389 0.000000
0.318283 -0.946471 0.207715 0.000000
0.216554 -0.189534 0.156660 0.000000
0.327802 -0.036389 0.171720 0.000000
0.185694 -0.220636 0.518182 0.000000
0.222648 -0.165962 0.148098 0.000000
0.397960 -0.943741 0.535968 0.000000
0.334955 0.201851 0.159604 0.000000
0.342964 -0.657175 0.195220 0.000000
0.292235 -1.149117 0.216840 0.000000
0.476615 -0.017656 0.368448 0.000000
0.195015 -0.197117 0.464866 0.000000
-0.066863 -0.531871 0.125323 0.000000
0.432401 0.050187 0.093139 0.000000
0.396510 0.210057 0.103496 0.000000
0.324519 -0.422943 0.185098 0.000000
0.385022 -0.922749 0.498074 0.000000
0.405388 0.238656 0.113556 0.000000
0.405508 -0.940828 0.505212 0.000000
0.342537 -0.861492 0.221636 0.000000
0.358930 -0.516077 0.263487 0.000000
0.384238 -0.815551 0.410073 0.000000
0.314026 -0.977332 0.210140 0.000000
0.277262 -1.046244 0.251070 0.000000
0.481153 -1.089506 0.176311 1.000000
0.419104 0.246340 0.163446 0.000000
0.462234 0.052389 0.138938 0.000000
0.403811 0.307377 0.125190 0.000000
0.282068 0.042963 0.292106 0.000000
0.544554 -1.222185 0.132416 1.000000
0.294760 0.072292 0.269969 0.000000
0.279794 -0.051819 0.143511 0.000000
0.505081 -0.062131 0.133402 0.000000
0.348636 -0.369828 0.220477 0.000000
0.368979 -0.518133 0.301017 0.000000
0.325103 0.167577 0.122731 0.000000
0.368226 0.058713 0.204517 0.000000
0.390880 0.302397 0.187246 0.000000
0.172508 -0.240152 0.157523 0.000000
0.203517 -0.166436 0.430799 0.000000
0.485245 -0.049167 0.118368 0.000000
0.207152 -0.110414 0.399358 0.000000
0.328879 0.032631 0.178745 0.000000
0.273131 -0.134271 0.018138 0.000000
0.395565 0.024075 0.245126 0.000000
0.375958 -0.733577 0.368810 0.000000
0.451794 -0.024704 0.335965 0.000000
0.428784 0.085233 0.187036 0.000000
0.367416 -0.656554 0.330247 0.000000
0.454034 0.018464 0.190392 0.000000
0.463494 -1.057042 0.184050 1.000000
0.389397 -0.851331 0.431060 0.000000
0.420871 0.198612 0.169602 0.000000
0.391921 0.347154 0.124205 0.000000
0.329146 -0.694057 0.209358 0.000000
0.399801 0.177689 0.088106 0.000000
0.589251 -1.274057 0.122414 1.000000
0.397336 0.013669 0.292572 0.000000
0.527784 -1.134742 0.162965 1.000000
0.322770 0.309511 0.109686 0.000000
0.446517 -0.011081 0.220900 0.000000
0.326392 -0.741744 0.201922 0.000000
0.567852 -1.256724 0.126364 1.000000
0.280995 -0.993944 0.244174 0.000000
-0.077752 -0.540996 0.141742 0.000000
0.336868 0.205135 0.101674 0.000000
0.307221 -1.012784 0.218035 0.000000
0.347051 -0.403340 0.236008 0.000000
0.324411 0.127329 0.071081 0.000000
0.351561 0.129742 0.137016 0.000000
0.323814 0.119893 0.251442 0.000000
0.273709 0.019459 0.309306 0.000000
0.538592 -1.165229 0.157502 1.000000
0.252961 -0.045924 0.357168 0.000000
0.377995 0.407969 0.144083 0.000000
0.351466 -0.434221 0.242435 0.000000
0.436503 0.050753 0.190964 0.000000
0.337965 0.183415 0.218946 0.000000
0.367974 -0.588326 0.306765 0.000000
0.351015 0.245131 0.104963 0.000000
0.295245 -0.028062 0.049939 0.000000
0.337434 0.095301 0.075174 0.000000
0.365563 -0.919201 0.207340 1.000000
0.311400 0.024331 0.183375 0.000000
0.316476 -0.995009 0.233944 0.000000
0.283998 -0.961708 0.230122 0.000000
0.508026 -0.083203 0.117127 0.000000
0.328284 -0.469374 0.186756 0.000000
0.336841 -0.561257 0.206772 0.000000
0.345378 -0.682119 0.204530 0.000000
0.326386 0.060347 0.174725 0.000000
0.270378 -1.060230 0.273782 0.000000
0.263915 -1.120731 0.241809 0.000000
0.235752 -0.071246 0.366317 0.000000
0.246462 -0.027528 0.341635 0.000000
0.324322 -0.007264 0.175176 0.000000
0.419651 -0.965265 0.554028 0.000000
0.269869 -1.072288 0.236988 0.000000
0.533920 -0.109527 0.118913 0.000000
0.269397 -0.077119 0.172303 0.000000
0.475993 0.027699 0.135983 0.000000
0.312838 -0.864051 0.231174 0.000000
0.564855 -0.137257 0.112082 0.000000
0.384499 0.444714 0.129452 0.000000
0.438574 0.140888 0.125814 0.000000
0.125360 -0.291200 0.168343 0.000000
0.297475 -0.895633 0.234555 0.000000
0.216126 -0.131578 0.404512 0.000000
-0.094100 -0.558304 0.134779 0.000000
0.456277 -0.016092 0.194348 0.000000
0.326786 -0.841190 0.216797 0.000000
0.225608 -0.100044 0.384391 0.000000
0.332178 -0.909913 0.220315 0.000000
0.288796 -1.073252 0.241190 0.000000
0.387797 0.116188 0.054317 0.000000
0.304013 -1.051920 0.219100 0.000000
0.329583 -0.876700 0.204760 0.000000
0.193326 -0.208103 0.482327 0.000000
0.366529 -0.616382 0.315281 0.000000
0.333921 -0.294308 0.187010 0.000000
0.272294 -1.087369 0.259002 0.000000
0.185642 -0.179837 0.466263 0.000000
0.354342 0.444590 0.156498 0.000000
0.305423 -0.922577 0.229405 0.000000
0.429521 0.104253 0.187783 0.000000
0.339539 -0.260118 0.186421 0.000000
0.443652 0.177645 0.121603 0.000000
0.306133 0.014192 0.055978 0.000000
0.355421 -0.896419 0.177006 1.000000
0.290591 -0.945870 0.243426 0.000000
0.323546 -0.946161 0.225964 0.000000
0.290452 -0.029600 0.173030 0.000000
0.108072 -0.323811 0.173855 0.000000
0.546747 -1.190573 0.148188 1.000000
0.375659 0.383846 0.120676 0.000000
0.340717 -0.800115 0.200443 0.000000
0.294175 -0.989250 0.218871 0.000000
0.345886 -0.879475 0.217244 1.000000
0.435072 0.080118 0.078339 0.000000
0.373912 -0.929241 0.193673 1.000000
0.349118 0.312199 0.168215 0.000000
0.516175 -0.099945 0.140373 0.000000
0.262776 -0.145115 -0.010528 0.000000
0.450397 0.094715 0.133997 0.000000
0.343058 -0.720783 0.200366 0.000000
0.369471 -0.038037 0.263418 0.000000
0.355288 -0.476896 0.270049 0.000000
0.346928 0.338571 0.158657 0.000000
0.296655 -0.090324 0.017676 0.000000
0.371725 -0.684131 0.344579 0.000000
0.325777 0.023649 0.057578 0.000000
0.367005 -0.064779 0.283600 0.000000
0.339419 -0.814296 0.224464 0.000000
0.187803 -0.241664 0.546103 0.000000
0.329429 0.096643 0.176129 0.000000
0.331841 -0.237361 0.201827 0.000000
0.419221 0.166117 0.098574 0.000000
0.315237 -0.918875 0.202391 0.000000
0.332524 -0.379174 0.199659 0.000000
0.370816 0.348060 0.122577 0.000000
0.464038 0.116172 0.123262 0.000000
-0.023940 -0.490522 0.156392 0.000000
0.424071 0.150064 0.179700 0.000000
0.402215 0.062224 0.024287 0.000000
0.283660 -1.121658 0.255243 0.000000
0.444616 -0.004449 0.063413 0.000000
0.353936 -0.451792 0.252642 0.000000
0.430038 0.118414 0.124231 0.000000
-0.048207 -0.515945 0.150345 0.000000
0.417335 -1.009760 0.173582 1.000000
0.371470 0.487056 0.129356 0.000000
0.469799 0.066873 0.130046 0.000000
0.335600 -0.312728 0.204430 0.000000
0.375951 0.036600 0.249893 0.000000
0.320935 -0.168805 0.188102 0.000000
0.384355 -0.710886 0.362886 0.000000
0.346374 0.084230 0.186404 0.000000
0.185027 -0.204951 0.498267 0.000000
0.350815 0.408139 0.132230 0.000000
0.524467 -0.171249 0.149905 0.000000
0.382590 0.466678 0.127826 0.000000
0.344362 0.215523 0.085204 0.000000
0.431418 0.077808 0.207594 0.000000
0.385499 0.288063 0.113474 0.000000
0.194911 -0.217529 0.158339 0.000000
0.184235 -0.268645 0.572348 0.000000
0.388132 0.317220 0.137675 0.000000
0.426584 -0.986530 0.578046 0.000000
0.364912 -0.570707 0.301363 0.000000
0.340253 -0.528440 0.194004 0.000000
0.340022 -0.770811 0.218923 0.000000
0.443671 -0.979753 0.598752 0.000000
0.344259 0.238699 0.200667 0.000000
0.362789 0.307957 0.106983 0.000000
0.052887 -0.421888 0.161308 0.000000
0.237300 -0.054981 0.354364 0.000000
0.338501 0.120542 0.148581 0.000000
0.385818 -0.007929 0.249560 0.000000
0.412950 -0.005034 0.289443 0.000000
0.314624 -1.136034 0.240001 0.000000
0.361014 -0.540746 0.284484 0.000000
0.438830 0.006126 0.197478 0.000000
0.608451 -1.302467 0.117061 1.000000
0.394833 0.012812 0.259470 0.000000
0.429788 0.101562 0.087489 0.000000
0.290038 -1.012511 0.253690 0.000000
0.408982 0.304386 0.154842 0.000000
0.373158 -0.878152 0.450891 0.000000
0.405060 0.146756 0.214484 0.000000
-0.119727 -0.582735 0.124483 0.000000
0.291132 -1.059122 0.253916 0.000000
0.334535 0.289360 0.097542 0.000000
0.620963 -1.332959 0.116002 1.000000
0.386205 -0.622780 0.332614 0.000000
0.508633 -0.157940 0.160250 0.000000
0.320478 0.129926 0.171044 0.000000
0.345512 -0.641231 0.203450 0.000000
0.502817 -1.122641 0.146597 1.000000
0.430110 0.067731 0.090389 0.000000
0.395256 0.336457 0.172699 0.000000
0.417399 -0.121768 0.246311 0.000000
0.340473 -0.430387 0.183014 0.000000
0.427142 -0.081181 0.227749 0.000000
0.295193 -0.069214 0.037069 0.000000
0.402479 0.387208 0.153087 0.000000
0.334618 0.282893 0.193120 0.000000
0.440361 -0.048860 0.222582 0.000000
0.322233 -0.069289 0.177269 0.000000
0.403883 0.125104 0.061721 0.000000
0.533783 -1.193266 0.134980 1.000000
0.388084 0.366910 0.158803 0.000000
0.337772 0.214381 0.223459 0.000000
0.027458 -0.446593 0.157053 0.000000
0.335378 -0.192358 0.194970 0.000000
0.348289 0.368290 0.115876 0.000000
0.238550 -0.123837 0.133936 0.000000
0.316000 -0.009225 0.047120 0.000000
0.379130 0.322789 0.121822 0.000000
0.438188 0.024650 0.194581 0.000000
0.170946 -0.257148 0.161369 0.000000
0.275910 -1.010193 0.240210 0.000000
0.358566 -0.648805 0.317347 0.000000
0.338167 -0.412022 0.185156 0.000000
0.316964 -0.877974 0.216733 0.000000
0.437123 0.043737 0.072734 0.000000
0.385478 0.296260 0.154153 0.000000
0.043943 -0.397326 0.175680 0.000000
0.468346 -0.051931 0.194127 0.000000
0.319430 -0.100057 0.181567 0.000000
0.326223 -0.782053 0.205299 0.000000
0.350319 0.286889 0.175365 0.000000
0.386893 0.339356 0.140666 0.000000
0.396240 0.211855 0.212431 0.000000
0.130367 -0.307978 0.170060 0.000000
0.336594 -0.493812 0.198607 0.000000
0.354297 0.068930 0.204684 0.000000
0.225074 -0.199859 0.167559 0.000000
0.432324 0.162651 0.168305 0.000000
0.204838 -0.222737 0.171460 0.000000
0.472946 -1.080984 0.152299 1.000000
0.440398 -1.023302 0.191583 1.000000
0.333993 0.162186 0.229238 0.000000
0.385911 0.100290 0.047586 0.000000
0.296603 0.056423 0.282714 0.000000
0.453603 -0.012807 0.348989 0.000000
0.397092 0.344889 0.153500 0.000000
0.476088 -0.001314 0.146922 0.000000
0.358477 -0.503285 0.274747 0.000000
0.196248 -0.138302 0.422692 0.000000
0.349442 0.259906 0.113071 0.000000
0.340745 -0.347787 0.192419 0.000000
0.393577 0.272614 0.116254 0.000000
0.326089 0.133176 0.241007 0.000000
0.510702 -0.207109 -0.024101 0.000000
0.321333 0.191576 0.114362 0.000000
0.270689 -1.020937 0.254313 0.000000
0.356563 0.078863 0.170861 0.000000
0.388939 -0.951579 0.211633 1.000000
0.388840 -0.955228 0.177900 1.000000
0.502704 -0.261779 -0.064426 0.000000
0.509459 -0.234020 -0.045439 0.000000
0.391054 0.371842 0.126441 0.000000
0.522519 -1.166180 0.141451 1.000000
0.330340 0.148372 0.129768 0.000000
0.406983 -0.958181 0.569767 0.000000
0.352542 0.358801 0.157504 0.000000
0.293808 -0.911162 0.220155 0.000000
0.289993 -0.930341 0.230123 0.000000
0.368140 -0.920469 0.178220 1.000000
0.510288 -0.181960 -0.001776 0.000000
0.388178 0.402973 0.127780 0.000000
0.070998 -0.402270 0.162058 0.000000
0.509654 -1.141430 0.156048 1.000000
0.355505 0.470728 0.148170 0.000000
0.416049 0.134009 0.097486 0.000000
0.453261 -1.043980 0.183041 1.000000
0.380089 -0.015277 -0.019011 0.000000
0.298424 -1.132757 0.228361 0.000000
0.415298 -0.154117 0.257628 0.000000
0.393537 0.017704 0.275944 0.000000
0.342068 -0.575596 0.196539 0.000000
0.428991 -0.994601 0.201997 1.000000
0.419811 0.150427 0.125206 0.000000
0.404045 0.243125 0.198773 0.000000
0.391523 0.263755 0.162557 0.000000
0.442093 0.017701 0.085036 0.000000
0.351374 -0.317677 0.195654 0.000000
0.325033 -0.438966 0.188873 0.000000
0.337886 0.155557 0.091099 0.000000
0.266178 -1.035522 0.236389 0.000000
0.327618 0.041370 0.164874 0.000000
0.405033 -0.198899 0.300165 0.000000
0.401769 -0.947347 0.519796 0.000000
0.374034 -0.060133 -0.032458 0.000000
0.359731 0.099730 0.156265 0.000000
0.333291 -0.614258 0.208126 0.000000
0.345117 0.257258 0.192820 0.000000
0.328397 -1.001739 0.224983 0.000000
0.531064 -0.143606 0.160651 0.000000
0.472679 -0.077823 0.188373 0.000000
0.392874 -0.887247 0.457779 0.000000
0.321142 -0.226295 0.193036 0.000000
0.406965 0.289071 0.161184 0.000000
0.401215 0.223789 0.172188 0.000000
0.413893 -0.955101 0.541648 0.000000
0.090794 -0.351926 0.173813 0.000000
0.307167 -1.100657 0.226339 0.000000
0.421414 0.122979 0.194101 0.000000
0.280717 -0.121736 0.010809 0.000000
0.342352 -0.743496 0.199548 0.000000
0.087408 -0.369801 0.169743 0.000000
0.441979 0.051228 0.175411 0.000000
0.395427 0.473931 0.116903 0.000000
0.360596 -0.482331 0.242740 0.000000
0.164169 -0.288410 0.167337 0.000000
0.288152 -1.081748 0.254870 0.000000
0.558701 -1.231347 0.141037 1.000000
0.280563 -0.050106 0.160222 0.000000
0.533228 -0.225865 0.170853 0.000000
0.372114 -0.556662 0.307365 0.000000
0.303308 -0.039708 0.042391 0.000000
0.435920 0.067708 0.195979 0.000000
0.443010 -0.072953 0.233367 0.000000
0.352444 -0.893787 0.192613 1.000000
0.329314 0.202317 0.174526 0.000000
0.450953 -0.018645 0.074311 0.000000
0.493117 -0.024429 0.136859 0.000000
0.482436 -0.099934 0.053397 0.000000
0.408092 -0.178621 0.277392 0.000000
0.106338 -0.344700 0.170994 0.000000
0.469784 -1.077064 0.182386 1.000000
0.344493 0.187497 0.093624 0.000000
0.335685 0.139494 0.164435 0.000000
0.336918 -0.177240 0.189597 0.000000
0.578788 -1.285452 0.118236 1.000000
0.344424 -0.380639 0.231283 0.000000
0.377560 -0.784854 0.392312 0.000000
0.313812 -0.980443 0.228316 0.000000
0.312304 -1.061821 0.228274 0.000000
0.386838 -0.900525 0.472028 0.000000
0.404222 0.248914 0.168175 0.000000
0.326725 0.358370 0.122416 0.000000
0.316399 -0.849329 0.226662 0.000000
0.325497 -0.321641 0.195294 0.000000
0.516676 -0.183991 0.144758 0.000000
0.300882 -0.952052 0.227497 0.000000
0.489579 -0.132652 0.169981 0.000000
0.256652 -0.091893 0.138735 0.000000
0.335303 -0.100442 0.184590 0.000000
0.269280 0.001945 0.319392 0.000000
0.325437 -0.039868 0.189339 0.000000
0.312568 0.013240 0.155005 0.000000
0.328406 -0.832232 0.203384 0.000000
0.532962 -0.207778 0.131150 0.000000
0.536554 -0.209997 0.167460 0.000000
0.299275 -1.010473 0.204389 0.000000
0.422497 -0.001765 0.320187 0.000000
0.185361 -0.249759 0.166137 0.000000
0.277305 -1.025912 0.271078 0.000000
0.331744 -0.521215 0.204897 0.000000
0.338135 0.233250 0.158018 0.000000
0.349056 0.416538 0.157481 0.000000
0.262112 -1.043064 0.252428 0.000000
0.297961 -0.002469 0.168902 0.000000
0.402729 0.223966 0.109042 0.000000
-0.029390 -0.498375 0.138537 0.000000
0.336629 -0.254773 0.200688 0.000000
0.400252 -0.780503 0.397824 0.000000
0.315437 -0.961793 0.212985 0.000000
0.292315 -1.008949 0.219829 0.000000
0.326634 0.261445 0.110756 0.000000
0.340087 -0.862843 0.206426 0.000000
0.359027 -0.405411 0.226452 0.000000
0.288687 -0.099932 0.026780 0.000000
0.463320 0.004224 0.116923 0.000000
0.375994 0.043098 0.222363 0.000000
0.393896 0.041677 0.238858 0.000000
0.311633 -1.083281 0.237842 0.000000
0.341398 0.325859 0.105822 0.000000
0.326036 -0.126012 0.182285 0.000000
0.530763 -0.251952 0.179259 0.000000
0.281737 -0.966609 0.245659 0.000000
0.500711 -1.112855 0.172545 1.000000
0.303527 -1.016528 0.235346 0.000000
0.370917 0.471877 0.147314 0.000000
0.427623 0.178214 0.123646 0.000000
0.324846 -0.404241 0.185977 0.000000
0.301757 -0.973921 0.218646 0.000000
0.519897 -0.279340 0.192465 0.000000
0.387856 0.444196 0.151901 0.000000
0.373788 -0.644759 0.337629 0.000000
0.582508 -0.050448 0.445502 0.000000
0.344032 0.141596 0.130491 0.000000
0.355358 -0.904273 0.223123 1.000000
0.336734 -0.670692 0.209823 0.000000
0.351534 0.374124 0.162711 0.000000
0.465675 0.037405 0.141668 0.000000
0.343206 -0.466372 0.187804 0.000000
0.484347 -0.030789 0.367813 0.000000
0.398231 -0.965118 0.198105 1.000000
0.331717 -0.751493 0.212325 0.000000
0.297126 -1.074007 0.205891 0.000000
0.333019 -0.359249 0.202293 0.000000
0.327203 -0.587372 0.192345 0.000000
0.377324 0.422932 0.147967 0.000000
0.281237 -1.058175 0.242352 0.000000
0.415774 0.180545 0.101524 0.000000
-0.007416 -0.463955 0.161996 0.000000
0.340175 0.105256 0.164551 0.000000
0.394243 -0.916408 0.486544 0.000000
0.330787 -0.873674 0.221006 0.000000
0.314032 -0.893398 0.224545 0.000000
0.292919 -1.045927 0.210842 0.000000
0.342472 -0.356116 0.214856 0.000000
0.368489 0.458032 0.125227 0.000000
0.223421 -0.086100 0.379126 0.000000
0.496160 -0.049052 0.107986 0.000000
0.471627 0.013695 0.144833 0.000000
0.338256 0.183507 0.078578 0.000000
0.413485 0.186651 0.177483 0.000000
0.275124 -0.981520 0.236319 0.000000
0.346098 0.173993 0.109764 0.000000
0.334146 0.080036 0.072007 0.000000
0.568736 -1.242115 0.132760 1.000000
0.333945 0.165324 0.075802 0.000000
0.241712 -0.171346 -0.022571 0.000000
0.279888 0.031260 0.301215 0.000000
0.339212 0.138797 0.084138 0.000000
0.331411 -0.152451 0.196010 0.000000
0.258718 0.021239 0.306824 0.000000
0.385618 0.401363 0.155099 0.000000
0.312904 0.029941 0.169635 0.000000
0.330872 -0.824032 0.217122 0.000000
0.341653 -0.424366 0.248428 0.000000
0.335506 -0.332175 0.187069 0.000000
0.398907 0.084745 0.236320 0.000000
0.481040 -0.106706 0.180578 0.000000
-0.057946 -0.522845 0.133195 0.000000
0.343533 0.218360 0.204512 0.000000
0.427495 0.133840 0.180278 0.000000
0.501983 -1.127256 0.163781 1.000000
0.434990 -0.991776 0.600462 0.000000
0.321138 0.067348 0.066073 0.000000
0.318988 0.131797 0.228091 0.000000
0.324062 -0.518665 0.188373 0.000000
0.325614 -0.557488 0.193797 0.000000
0.214214 -0.195974 -0.023214 0.000000
0.267839 -1.100190 0.279395 0.000000
0.311030 -0.899089 0.243939 0.000000
0.528071 -0.198840 0.160003 0.000000
0.457577 0.017598 0.114737 0.000000
0.279639 -1.056275 0.263098 0.000000
0.295359 -1.103060 0.210926 0.000000
0.327255 -0.349632 0.235400 0.000000
0.401963 0.180865 0.214126 0.000000
0.332660 0.257903 0.171240 0.000000
0.126099 -0.324484 0.172762 0.000000
0.240868 -0.140723 0.157344 0.000000
0.486335 -0.008630 0.137484 0.000000
0.519505 -0.113984 0.149112 0.000000
0.337707 -0.714282 0.213566 0.000000
0.358443 0.276282 0.112620 0.000000
0.389609 0.150258 0.066200 0.000000
0.376340 0.416987 0.117607 0.000000
0.507161 -0.071749 0.146962 0.000000
0.150465 -0.263186 0.160737 0.000000
-0.014585 -0.478870 0.152172 0.000000
0.345974 0.444263 0.144612 0.000000
0.240232 -1.114807 0.248036 0.000000
0.299587 -0.911583 0.244505 0.000000
0.334322 -0.297669 0.201738 0.000000
0.525078 -0.156749 0.150272 0.000000
0.103465 -0.236647 -0.041251 0.000000
0.424207 0.201141 0.123549 0.000000
0.373551 -0.028287 -0.025518 0.000000
0.328045 -0.333347 0.228539 0.000000
0.402555 0.189987 0.120506 0.000000
0.339342 -0.618151 0.190046 0.000000
0.513672 -0.090065 0.150626 0.000000
0.385333 0.013869 0.010115 0.000000
0.318065 -0.932792 0.225806 0.000000
0.325312 -0.487747 0.191972 0.000000
0.307734 -0.904127 0.204560 0.000000
0.336394 0.237330 0.100040 0.000000
0.332386 0.080624 0.182703 0.000000
0.370598 0.434947 0.122804 0.000000
0.466146 -0.084419 0.055097 0.000000
0.327720 -0.661548 0.199039 0.000000
0.497842 -0.047867 0.143920 0.000000
0.484995 -1.101904 0.170142 1.000000
0.323566 -0.384378 0.189702 0.000000
0.577096 -1.267368 0.129099 1.000000
0.408979 0.235249 0.167920 0.000000
0.290411 -1.058328 0.217585 0.000000
0.339087 -0.847105 0.221187 0.000000
0.437227 0.020592 0.209634 0.000000
0.335629 -0.221398 0.197114 0.000000
0.338526 0.302503 0.161497 0.000000
0.365057 -0.728510 0.359474 0.000000
0.353542 0.280563 0.099687 0.000000
0.194665 -0.233945 0.516241 0.000000
0.205164 -0.152640 0.426442 0.000000
0.541632 -1.208217 0.131688 1.000000
0.409712 0.211874 0.172446 0.000000
0.316685 -0.313108 0.210294 0.000000
0.062417 -0.393277 0.170555 0.000000
0.425764 -0.969181 0.587957 0.000000
0.335231 0.219495 0.102498 0.000000
0.378227 -0.943985 0.185243 1.000000
0.413759 0.207955 0.110690 0.000000
0.292241 -1.097848 0.245463 0.000000
0.278154 -0.065883 0.166958 0.000000
0.397225 0.268903 0.194186 0.000000
0.479325 -0.128185 0.044349 0.000000
0.306539 -1.037562 0.219270 0.000000
0.344836 -0.791852 0.211718 0.000000
0.462605 -0.049272 0.069521 0.000000
-0.099131 -0.560388 0.121665 0.000000
0.473237 -0.024778 0.114243 0.000000
0.429698 -0.099178 0.237832 0.000000
0.388422 -0.863580 0.438115 0.000000
0.362102 -0.905769 0.204573 1.000000
0.340859 -0.692845 0.196394 0.000000
0.391628 0.381112 0.159788 0.000000
0.516387 -0.033312 0.397712 0.000000
0.427208 -1.005657 0.182811 1.000000
0.312819 0.047714 0.061822 0.000000
0.469729 -1.097379 0.173678 1.000000
0.342414 -0.880582 0.230879 0.000000
0.337868 -0.596988 0.206859 0.000000
0.405727 0.252812 0.118186 0.000000
0.441755 -1.029957 0.172457 1.000000
0.360685 -0.434450 0.231807 0.000000
0.344061 -0.341169 0.213637 0.000000
0.343765 -0.480463 0.192562 0.000000
0.403177 -0.869329 0.445213 0.000000
0.376732 -0.586670 0.317628 0.000000
0.389061 -0.656738 0.343241 0.000000
0.232125 -0.157192 0.155079 0.000000
0.420219 0.099593 0.097574 0.000000
0.517307 -1.145377 0.167956 1.000000
0.190308 -0.199675 -0.039535 0.000000
0.075485 -0.378852 0.171525 0.000000
0.392935 0.213798 0.090479 0.000000
0.307102 -0.905755 0.231231 0.000000
0.369415 -0.601058 0.312407 0.000000
0.011367 -0.447334 0.163345 0.000000
0.380475 -0.833103 0.418241 0.000000
0.516602 -0.253617 0.177855 0.000000
0.195769 -0.167592 0.442373 0.000000
0.341131 -0.271195 0.194774 0.000000
0.359773 -0.598788 0.286656 0.000000
0.352213 0.390030 0.153884 0.000000
0.327905 -0.729780 0.208937 0.000000
0.335934 -0.501902 0.182324 0.000000
0.523027 -0.130494 0.141628 0.000000
0.451297 -1.066877 0.174484 1.000000
0.322378 -0.152413 0.184975 0.000000
0.402759 -0.821888 0.422199 0.000000
0.388615 0.295248 0.129575 0.000000
0.368160 -0.669913 0.336567 0.000000
0.372941 0.455065 0.144367 0.000000
0.339704 -0.813461 0.210600 0.000000
0.383134 -0.938308 0.198747 1.000000
0.367957 -0.925933 0.219495 1.000000
0.257244 -0.020011 0.335367 0.000000
0.318786 -0.894345 0.211423 0.000000
0.268058 -0.143329 0.006014 0.000000
0.444010 0.021209 0.180512 0.000000
0.453216 -0.027028 0.184315 0.000000
0.593605 -1.286736 0.119022 1.000000
0.396803 -0.694908 0.366193 0.000000
0.488898 -0.023169 0.378417 0.000000
0.249211 -1.058828 0.246118 0.000000
0.404182 0.301729 0.183550 0.000000
0.268098 -1.075556 0.264815 0.000000
0.389856 0.411890 0.138197 0.000000
0.341951 0.339967 0.110442 0.000000
0.231394 -0.185354 -0.014573 0.000000
0.290067 -1.014822 0.237821 0.000000
0.401425 0.133947 0.218411 0.000000
0.448184 -0.030179 0.222329 0.000000
0.339254 0.410799 0.139267 0.000000
0.440218 0.078790 0.179049 0.000000
0.335827 -0.392375 0.197670 0.000000
0.393320 0.110539 0.227609 0.000000
0.344355 0.477573 0.152424 0.000000
0.383756 0.347757 0.151960 0.000000
0.562726 -1.218288 0.139874 1.000000
0.324799 -0.048292 0.178537 0.000000
0.335268 -0.541741 0.195421 0.000000
0.265637 -1.048321 0.266406 0.000000
0.437158 0.030145 0.070963 0.000000
0.463783 0.084408 0.130658 0.000000
0.204431 -0.189418 0.147426 0.000000
0.252080 -0.165584 -0.004473 0.000000
0.400865 0.124684 0.231482 0.000000
0.254490 -0.106007 0.153073 0.000000
0.330522 -0.169017 0.198450 0.000000
0.145102 -0.282436 0.164285 0.000000
0.354285 -0.461879 0.262038 0.000000
0.028863 -0.432522 0.165838 0.000000
0.418113 0.231729 0.123060 0.000000
0.374578 -0.616582 0.329029 0.000000
0.525774 -1.169772 0.156376 1.000000
0.328714 -0.419591 0.197629 0.000000
0.397927 0.249636 0.103775 0.000000
0.365621 -0.529089 0.292969 0.000000
0.463068 -1.061982 0.168209 1.000000
0.272536 0.050072 0.285481 0.000000
0.383253 0.370506 0.146598 0.000000
0.437082 0.108322 0.172516 0.000000
0.266562 -0.080672 0.159206 0.000000
0.329470 0.116114 0.179402 0.000000
0.293890 -1.041342 0.225516 0.000000
0.276264 -1.081897 0.244130 0.000000
0.336238 0.124541 0.257252 0.000000
0.421711 0.163343 0.178297 0.000000
0.326043 0.020918 0.172532 0.000000
0.343092 -0.453220 0.192506 0.000000
0.335450 -0.504962 0.206209 0.000000
0.369197 0.352276 0.109816 0.000000
0.402902 0.294115 0.127714 0.000000
0.250576 -0.057483 0.350562 0.000000
0.255464 -0.111118 0.178638 0.000000
0.325086 -0.076535 0.188297 0.000000
0.330644 0.116417 0.075990 0.000000
0.540127 -1.201607 0.144168 1.000000
0.273242 -1.023168 0.235098 0.000000
0.428746 -0.129026 0.245825 0.000000
0.386185 0.020706 0.236058 0.000000
0.174172 -0.272939 0.165333 0.000000
0.348483 -0.416577 0.239842 0.000000
0.304879 -0.945384 0.207464 0.000000
0.388446 -0.776401 0.392866 0.000000
0.447947 0.042958 0.115341 0.000000
0.320518 -0.991560 0.221142 0.000000
0.339203 -0.362123 0.227314 0.000000
0.307809 -0.857832 0.220465 0.000000
0.433513 -1.006521 0.208658 1.000000
0.397515 0.160292 0.081199 0.000000
0.174939 -0.207866 -0.041568 0.000000
0.423037 0.211565 0.165990 0.000000
0.339238 -0.398278 0.254737 0.000000
0.339479 0.387191 0.129717 0.000000
0.356240 -0.482692 0.258090 0.000000
0.220354 -0.156265 0.139256 0.000000
0.396459 -0.931074 0.504610 0.000000
0.223599 -0.178251 0.156261 0.000000
0.396290 0.331694 0.160344 0.000000
0.334371 -0.243393 0.187537 0.000000
0.294365 0.043773 0.297045 0.000000
0.349168 -0.883764 0.205031 1.000000
0.451487 0.068881 0.119837 0.000000
0.330619 -0.278719 0.200258 0.000000
0.329359 0.243253 0.111057 0.000000
0.475180 -1.085285 0.165246 1.000000
0.335857 -0.631351 0.205938 0.000000
0.328729 -0.808989 0.218681 0.000000
0.238221 -0.101904 0.380777 0.000000
0.313639 -1.028415 0.239018 0.000000
0.363072 -0.513268 0.289163 0.000000
0.556651 -1.250889 0.136344 1.000000
0.290073 -0.025165 0.185735 0.000000
0.247218 -0.039678 0.347029 0.000000
0.338763 -0.645194 0.191532 0.000000
0.259248 -0.099674 0.165803 0.000000
0.338627 -0.565824 0.187952 0.000000
0.405492 0.009155 0.302298 0.000000
0.273084 -1.047933 0.236106 0.000000
0.275728 -1.034482 0.260609 0.000000
0.304417 -0.017537 0.046528 0.000000
0.326502 -0.796011 0.205340 0.000000
0.406506 0.255798 0.195771 0.000000
0.206847 -0.135712 0.413215 0.000000
0.334430 -0.332274 0.214599 0.000000
0.326373 -0.349270 0.188863 0.000000
0.002989 -0.457492 0.156471 0.000000
0.390768 0.021173 0.000335 0.000000
0.285418 -0.042071 0.169373 0.000000
0.039736 -0.423553 0.165873 0.000000
0.375752 -0.721777 0.362870 0.000000
0.358890 0.061159 0.215013 0.000000
0.325064 -0.198309 0.189356 0.000000
0.363953 -0.549867 0.294215 0.000000
0.214673 -0.103429 0.391284 0.000000
0.339685 -0.757711 0.200742 0.000000
0.388550 0.084046 0.042916 0.000000
0.339971 0.196190 0.217175 0.000000
0.334186 -0.374979 0.245279 0.000000
0.347865 -0.449109 0.266290 0.000000
0.316620 -0.915353 0.226949 0.000000
0.301150 -0.987957 0.231478 0.000000
0.249839 -0.124409 0.164042 0.000000
0.341094 -0.835379 0.204659 0.000000
-0.042906 -0.503181 0.138021 0.000000
0.175896 -0.265376 0.562927 0.000000
0.440576 -0.021391 0.211254 0.000000
0.327213 0.178394 0.115596 0.000000
0.448850 0.148759 0.124946 0.000000
0.387964 -0.735160 0.374090 0.000000
0.347603 0.201112 0.095606 0.000000
0.289658 -1.035667 0.236383 0.000000
0.308528 -1.080008 0.223479 0.000000
0.327325 0.298969 0.103343 0.000000
0.413630 0.200134 0.133469 0.000000
0.522014 -0.225135 0.163251 0.000000
0.407139 -0.896550 0.464364 0.000000
0.399083 0.154719 0.222747 0.000000
0.324875 0.100638 0.164093 0.000000
0.331449 -0.601356 0.190956 0.000000
0.289037 -1.061916 0.232741 0.000000
0.438442 0.037494 0.193140 0.000000
0.336559 0.260271 0.097360 0.000000
0.478983 -0.014844 0.107379 0.000000
0.386000 -0.959655 0.221260 1.000000
0.317052 -1.029641 0.226329 0.000000
0.185566 -0.206461 0.142574 0.000000
0.290733 -1.000020 0.256974 0.000000
0.332228 0.143799 0.244988 0.000000
0.297433 -1.023617 0.220977 0.000000
0.290602 -1.112838 0.246980 0.000000
0.336598 0.276112 0.164138 0.000000
0.303327 -1.056072 0.245347 0.000000
0.235833 -0.134585 0.140982 0.000000
0.286649 0.022338 0.308709 0.000000
0.231462 -0.188838 0.169145 0.000000
0.126651 -0.232634 -0.042731 0.000000
0.187261 -0.253790 0.541967 0.000000
0.409878 -0.947744 0.531947 0.000000
0.339673 -0.669910 0.197373 0.000000
0.389948 0.265556 0.126318 0.000000
0.311011 0.001452 0.052158 0.000000
0.335242 0.168317 0.170111 0.000000
0.193711 -0.176278 0.456981 0.000000
0.440068 -0.978437 0.612769 0.000000
0.335791 -0.375087 0.185322 0.000000
0.295604 -1.084078 0.222548 0.000000
0.359145 -0.546070 0.273022 0.000000
0.299320 -0.931253 0.238794 0.000000
0.425689 0.127424 0.092333 0.000000
0.505000 -0.157989 0.016442 0.000000
0.322330 -0.971399 0.222162 0.000000
0.323993 0.022668 0.185010 0.000000
0.341853 0.245262 0.160056 0.000000
0.344352 0.327310 0.165655 0.000000
0.521519 -0.178642 0.159848 0.000000
0.359364 -0.526809 0.271450 0.000000
0.365160 -0.629021 0.315960 0.000000
0.449008 -1.032196 0.185257 1.000000
0.510610 -1.161026 0.146577 1.000000
0.460019 -1.075789 0.164280 1.000000
0.396954 -0.958574 0.187279 1.000000
0.423299 -0.009329 0.303765 0.000000
0.306162 -0.933602 0.219390 0.000000
-0.085992 -0.548550 0.135428 0.000000
0.373681 -0.656571 0.342560 0.000000
0.357486 -0.460418 0.243207 0.000000
0.345491 -0.420700 0.262560 0.000000
0.332421 0.150789 0.169193 0.000000
0.376091 -0.938526 0.225216 1.000000
0.371461 -0.047434 0.276230 0.000000
0.482114 -1.074495 0.158171 1.000000
0.456315 0.105799 0.130231 0.000000
0.632271 -0.161497 0.100743 0.000000
0.009051 -0.465518 0.147807 0.000000
0.326824 0.056016 0.064851 0.000000
0.083872 -0.246609 -0.049058 0.000000
0.377280 0.477091 0.134527 0.000000
0.436312 -0.019485 0.324834 0.000000
0.344797 0.389894 0.164263 0.000000
0.046450 -0.412404 0.168830 0.000000
0.321276 -1.073339 0.239130 0.000000
0.328377 -1.158459 0.250686 0.000000
0.301041 -0.056387 0.035985 0.000000
0.132564 -0.330810 0.163980 0.000000
0.394300 0.061840 0.227613 0.000000
0.420968 -0.989614 0.210334 1.000000
0.206477 -0.199991 0.153958 0.000000
0.521738 -0.096601 0.123562 0.000000
0.335515 0.244354 0.213023 0.000000
0.312286 -1.109967 0.240289 0.000000
0.349507 0.233693 0.099921 0.000000
0.350255 0.299082 0.172325 0.000000
0.443017 -0.002862 0.209897 0.000000
0.291598 -0.958849 0.240754 0.000000
0.244395 -0.080077 0.368293 0.000000
0.185304 -0.227200 0.156898 0.000000
0.343138 0.166340 0.239285 0.000000
0.384338 -0.003071 -0.009120 0.000000
0.229661 -0.059877 0.362952 0.000000
0.268229 -1.032048 0.249164 0.000000
0.295960 -0.006322 0.146462 0.000000
0.514648 -1.133600 0.171477 1.000000
0.404889 -0.916761 0.479494 0.000000
0.374406 0.334208 0.123655 0.000000
0.386911 -0.762220 0.389613 0.000000
0.485718 -1.094706 0.153605 1.000000
0.340345 -0.441284 0.190447 0.000000
0.449586 0.054769 0.184563 0.000000
0.323301 0.276911 0.108152 0.000000
0.392393 0.306438 0.155704 0.000000
0.386327 0.433281 0.146222 0.000000
0.281547 -0.938049 0.240193 0.000000
0.493535 -0.121954 0.042918 0.000000
0.338023 -0.326346 0.198113 0.000000
0.385721 0.000998 0.005493 0.000000
0.316096 0.097353 0.263397 0.000000
0.423253 -0.973996 0.565217 0.000000
0.396996 0.378072 0.146800 0.000000
0.340040 0.269247 0.196207 0.000000
0.330598 0.198904 0.110710 0.000000
0.371254 0.050921 0.214046 0.000000
0.361142 -0.526308 0.256911 0.000000
0.589567 -0.146638 0.112693 0.000000
0.189407 -0.187860 0.457043 0.000000
0.332642 0.127876 0.171729 0.000000
0.337833 -0.517333 0.183724 0.000000
0.344153 0.204506 0.194508 0.000000
0.572434 -1.295289 0.122145 1.000000
0.306447 -1.003725 0.227440 0.000000
0.255552 -0.009518 0.328784 0.000000
0.454100 0.126257 0.132727 0.000000
0.464393 -0.014723 0.358517 0.000000
0.337867 -0.706182 0.196487 0.000000
0.331888 0.318119 0.107079 0.000000
0.340867 -0.655467 0.207240 0.000000
0.524989 -0.135793 0.152604 0.000000
0.434635 0.130639 0.170770 0.000000
0.349180 0.261762 0.180381 0.000000
0.197544 -0.113446 0.407978 0.000000
0.503936 -0.030971 0.387202 0.000000
0.475976 -1.066063 0.176867 1.000000
0.348228 0.396171 0.131742 0.000000
0.601207 -1.294456 0.124737 1.000000
0.336971 -0.306177 0.190615 0.000000
0.385054 0.028070 0.249947 0.000000
0.611392 -0.157151 0.108108 0.000000
0.336445 -0.444404 0.202536 0.000000
0.444591 0.059112 0.195245 0.000000
0.359866 -0.592487 0.298609 0.000000
0.417865 -1.005657 0.199355 1.000000
0.337025 -0.400221 0.242896 0.000000
0.295314 -1.103176 0.227687 0.000000
0.353877 -0.342179 0.206427 0.000000
0.326160 0.192611 0.167861 0.000000
0.292125 -0.943817 0.231512 0.000000
0.445698 0.088694 0.124513 0.000000
0.338814 -0.831575 0.226015 0.000000
0.385546 0.389761 0.125772 0.000000
0.300792 -1.079363 0.241740 0.000000
0.065237 -0.368931 0.179252 0.000000
0.337737 -0.608921 0.198143 0.000000
0.398213 0.093436 0.044641 0.000000
0.328576 -0.860109 0.203630 0.000000
0.392319 0.309873 0.128265 0.000000
0.397935 0.138329 0.067802 0.000000
0.359293 -0.493360 0.282605 0.000000
0.350648 -0.891247 0.220896 1.000000
0.331774 -0.682226 0.208788 0.000000
0.323279 0.093358 0.070012 0.000000
0.324271 -0.370450 0.189445 0.000000
0.481028 -1.078831 0.186514 1.000000
0.235932 -0.164327 0.165498 0.000000
0.326068 -0.499552 0.196981 0.000000
0.328528 0.210945 0.165954 0.000000
0.448548 -1.039917 0.171553 1.000000
0.441475 0.005667 0.070235 0.000000
0.394911 0.183086 0.078460 0.000000
0.450918 -0.034648 0.065881 0.000000
0.325965 -0.856711 0.226885 0.000000
0.326757 -0.091954 0.188758 0.000000
0.334586 0.170399 0.219948 0.000000
0.599345 -1.310386 0.117528 1.000000
0.326065 0.070403 0.183817 0.000000
0.343485 0.367160 0.168399 0.000000
0.351849 -0.446487 0.241938 0.000000
0.396647 0.289676 0.168160 0.000000
0.341416 -0.768223 0.206380 0.000000
0.337256 0.236069 0.170067 0.000000
0.352940 0.458828 0.142578 0.000000
0.460228 0.064456 0.136950 0.000000
0.340638 -0.402774 0.192463 0.000000
0.473545 0.002379 0.110374 0.000000
0.288758 -1.070369 0.258721 0.000000
0.361585 -0.572180 0.289909 0.000000
0.216289 -0.120732 0.399350 0.000000
0.358623 -0.685170 0.334540 0.000000
0.395467 0.042580 0.013287 0.000000
0.502600 -0.075899 0.108595 0.000000
0.381068 0.277674 0.117516 0.000000
0.393445 0.190114 0.093648 0.000000
0.402884 0.275708 0.124192 0.000000
0.346286 0.224836 0.092571 0.000000
0.323675 -0.882013 0.231753 0.000000
0.274717 -0.995788 0.234178 0.000000
0.346912 0.233269 0.185597 0.000000
0.305287 0.075782 0.274386 0.000000
0.324553 -0.025074 0.173686 0.000000
0.305873 -1.051004 0.234846 0.000000
0.320394 0.090800 0.169853 0.000000
0.356948 -0.364198 0.214036 0.000000
0.368540 -0.644522 0.326921 0.000000
0.437878 0.091769 0.182946 0.000000
0.399933 0.272236 0.167744 0.000000
0.328135 0.135992 0.078362 0.000000
0.272903 -1.057914 0.252851 0.000000
0.330442 -0.345282 0.201144 0.000000
0.463005 -1.068106 0.178424 1.000000
0.460749 -0.062490 0.060738 0.000000
0.317996 0.032458 0.059476 0.000000
0.403116 -0.945048 0.546798 0.000000
0.381282 0.412613 0.128702 0.000000
0.396610 0.234854 0.106234 0.000000
0.388200 0.473736 0.107475 0.000000
0.248211 -0.114877 0.148274 0.000000
0.299705 -1.000439 0.216074 0.000000
0.338462 0.191129 0.163323 0.000000
0.290258 -1.084868 0.243161 0.000000
0.334293 -0.040692 0.180682 0.000000
0.142129 -0.307480 0.168622 0.000000
0.343911 0.350836 0.155930 0.000000
0.285943 0.052395 0.286094 0.000000
0.199151 -0.204681 -0.027162 0.000000
0.215146 -0.176674 0.148137 0.000000
0.301173 -0.973512 0.248058 0.000000
0.280894 -1.090365 0.251336 0.000000
0.324215 0.049778 0.179514 0.000000
-0.069365 -0.532344 0.136844 0.000000
0.320713 -0.237784 0.190383 0.000000
0.397631 -0.962882 0.176124 1.000000
0.422911 0.189710 0.120980 0.000000
0.331823 -0.852982 0.212931 0.000000
0.467821 -0.072436 0.060612 0.000000
0.419040 0.146085 0.096727 0.000000
0.353727 0.436039 0.147889 0.000000
0.388643 -0.824830 0.416451 0.000000
0.414711 0.149710 0.189543 0.000000
0.357348 -0.494596 0.264770 0.000000
0.328030 -0.616918 0.196727 0.000000
0.339594 -0.633918 0.194712 0.000000
0.393663 -0.907856 0.478162 0.000000
0.323406 0.000822 0.183645 0.000000
0.406048 0.188680 0.108558 0.000000
0.338577 -0.823213 0.204159 0.000000
0.336380 0.186418 0.230163 0.000000
0.331555 -0.453667 0.188428 0.000000
0.558943 -0.128331 0.116816 0.000000
0.331053 -0.773211 0.211795 0.000000
-0.054050 -0.513214 0.138980 0.000000
0.335005 0.169651 0.116855 0.000000
0.332109 -0.282826 0.185691 0.000000
0.432762 -0.976622 0.578742 0.000000
0.329774 -0.170208 0.180239 0.000000
0.187311 -0.216912 0.507218 0.000000
0.342869 0.365218 0.156136 0.000000
0.404320 -0.933557 0.496115 0.000000
0.382202 0.474656 0.146130 0.000000
0.295788 -1.034554 0.215831 0.000000
0.516540 -0.166376 0.158607 0.000000
0.346841 -0.391081 0.235922 0.000000
0.432906 0.051217 0.080763 0.000000
0.330767 -0.264002 0.193865 0.000000
0.331409 0.166599 0.241015 0.000000
0.432044 -0.008409 0.322404 0.000000
0.332263 -0.372129 0.231039 0.000000
0.185979 -0.227943 0.527272 0.000000
0.258059 -0.155804 -0.006632 0.000000
0.300435 0.000467 0.157818 0.000000
0.149731 -0.220378 -0.042402 0.000000
0.329622 0.341750 0.114561 0.000000
0.321790 -0.690082 0.201244 0.000000
0.493779 -0.036612 0.142115 0.000000
0.328687 0.156428 0.220617 0.000000
0.365860 -0.745783 0.367332 0.000000
0.435989 -1.013027 0.188091 1.000000
0.298885 -0.884265 0.232548 0.000000
0.394235 0.356016 0.155261 0.000000
0.301073 -0.077846 0.022588 0.000000
0.190244 -0.157598 0.444532 0.000000
0.368504 0.487460 0.118130 0.000000
0.406758 0.004784 0.289742 0.000000
0.464551 -1.085295 0.159393 1.000000
0.379567 -0.798585 0.400121 0.000000
0.338803 -0.588799 0.195940 0.000000
0.117500 -0.316752 0.171884 0.000000
0.443626 0.124873 0.127971 0.000000
0.361076 -0.515218 0.276334 0.000000
0.368468 0.392426 0.117708 0.000000
0.337011 0.312790 0.166591 0.000000
0.481116 0.016822 0.134675 0.000000
0.285982 -0.111431 0.017465 0.000000
0.489491 -0.058281 0.112639 0.000000
0.652578 -0.173757 0.089714 0.000000
0.296178 -0.017408 0.171038 0.000000
0.326807 0.218637 0.111090 0.000000
0.536514 -0.116459 0.110034 0.000000
0.397274 -0.207172 0.297955 0.000000
0.370870 0.376174 0.113497 0.000000
0.079425 -0.370817 0.179897 0.000000
0.414527 0.171491 0.182175 0.000000
0.322207 -0.917408 0.213948 0.000000
0.347147 0.108470 0.155946 0.000000
0.337044 -0.783047 0.211585 0.000000
-0.034293 -0.485582 0.155427 0.000000
0.061873 -0.414723 0.160690 0.000000
0.337069 0.362947 0.120350 0.000000
0.263917 -0.088599 0.167101 0.000000
0.338241 -0.700275 0.212640 0.000000
0.455367 0.006040 0.189091 0.000000
0.093218 -0.378998 0.166041 0.000000
0.444383 0.169588 0.132241 0.000000
0.491704 -0.144661 0.032272 0.000000
0.314451 -0.852325 0.211741 0.000000
0.434597 -0.975290 0.592014 0.000000
0.322737 -1.085561 0.239623 0.000000
-0.007318 -0.480558 0.143461 0.000000
0.335624 -0.202615 0.188144 0.000000
0.399448 0.312968 0.165925 0.000000
0.430708 0.153280 0.123091 0.000000
0.334066 0.176698 0.209583 0.000000
0.543924 -1.212392 0.143758 1.000000
-0.074986 -0.539410 0.128156 0.000000
0.429208 0.113556 0.089684 0.000000
0.392154 0.057331 0.027968 0.000000
0.357176 -0.621796 0.311558 0.000000
0.378628 -0.871825 0.442742 0.000000
0.387720 0.329173 0.135543 0.000000
0.290172 -0.984742 0.244588 0.000000
0.413074 -0.965565 0.563365 0.000000
0.229779 -0.079606 0.372203 0.000000
0.409452 0.163644 0.103955 0.000000
0.489622 0.013656 0.127314 0.000000
0.328763 -0.102117 0.193795 0.000000
0.383725 -0.023552 -0.009351 0.000000
0.276074 -0.953593 0.231335 0.000000
0.235861 -0.023542 0.340328 0.000000
0.377650 -0.040732 -0.023192 0.000000
0.330266 0.002655 0.174432 0.000000
0.341075 -0.801654 0.218709 0.000000
0.446641 -0.012672 0.339407 0.000000
0.334138 -0.147224 0.184810 0.000000
0.349322 0.245305 0.093706 0.000000
0.322953 -0.903800 0.216202 0.000000
0.481629 -0.031414 0.118664 0.000000
0.431933 0.088973 0.084739 0.000000
0.194937 -0.185926 0.468659 0.000000
0.395444 0.390079 0.144637 0.000000
0.384509 0.452488 0.144549 0.000000
0.324370 -0.975892 0.232367 0.000000
0.615325 -1.311644 0.116609 1.000000
0.361061 -0.909539 0.178631 1.000000
0.389996 0.411491 0.152549 0.000000
0.335168 -0.401636 0.181798 0.000000
0.482907 0.035310 0.127414 0.000000
0.341214 -0.731941 0.200245 0.000000
0.307706 0.093139 0.257098 0.000000
0.276236 -0.058918 0.152049 0.000000
0.379313 0.396828 0.145448 0.000000
0.397074 0.088667 0.223439 0.000000
0.327176 -0.919560 0.223865 0.000000
0.332306 -0.571053 0.202701 0.000000
0.228659 -0.168083 0.157719 0.000000
0.371108 0.045322 0.232292 0.000000
0.243406 -0.064032 0.360240 0.000000
0.343179 0.090955 0.177192 0.000000
0.398712 0.068083 0.235888 0.000000
0.374008 -0.820203 0.409396 0.000000
0.503709 -0.067663 0.156868 0.000000
0.281562 -0.972348 0.235237 0.000000
0.335401 -0.467001 0.201535 0.000000
0.398380 0.234671 0.206062 0.000000
0.423907 0.109502 0.121136 0.000000
0.381596 -0.884939 0.454231 0.000000
0.345632 0.229471 0.206948 0.000000
0.271494 -1.129730 0.290543 0.000000
0.344728 -0.553635 0.195869 0.000000
0.345365 0.287586 0.185428 0.000000
0.437978 0.049852 0.205853 0.000000
0.429914 -0.985946 0.608602 0.000000
0.315073 0.084421 0.277317 0.000000
0.300968 -1.061341 0.229361 0.000000
0.325425 -0.286850 0.193758 0.000000
0.326255 -0.590790 0.203690 0.000000
0.316966 0.111240 0.249441 0.000000
0.215276 -0.191116 -0.033263 0.000000
0.460252 -0.046218 0.188881 0.000000
0.285581 0.066217 0.272121 0.000000
0.298554 -1.139871 0.216635 0.000000
0.425716 0.076020 0.084275 0.000000
0.434680 0.068631 0.184458 0.000000
0.327081 -0.181361 0.192976 0.000000
0.285557 0.016513 0.318199 0.000000
0.318095 0.039877 0.173272 0.000000
0.352650 -0.905118 0.184521 1.000000
0.488417 -0.041574 0.105000 0.000000
0.164420 -0.248518 0.158617 0.000000
0.318494 -0.875448 0.204714 0.000000
0.327107 -0.508040 0.186022 0.000000
0.255997 -1.019172 0.243158 0.000000
0.398100 0.069805 0.031321 0.000000
0.311773 -1.019574 0.227882 0.000000
0.527486 -0.189872 0.144004 0.000000
0.336086 0.195541 0.091633 0.000000
0.191247 -0.227292 0.507936 0.000000
0.432711 -0.043476 0.216526 0.000000
0.491377 -1.125605 0.158102 1.000000
0.285269 -0.115292 0.002982 0.000000
0.369544 -0.068949 0.293654 0.000000
0.293453 -0.023146 0.151732 0.000000
0.380274 -0.035536 0.263929 0.000000
0.295399 -0.891907 0.224308 0.000000
0.341890 0.312844 0.155678 0.000000
0.330951 0.104832 0.075509 0.000000
0.395481 -0.896858 0.466147 0.000000
0.301280 0.082358 0.263488 0.000000
0.427854 0.115078 0.186215 0.000000
0.488819 -0.027635 0.147806 0.000000
0.438273 -1.034066 0.187133 1.000000
0.318972 -0.039074 0.180332 0.000000
0.348377 -0.396961 0.226696 0.000000
0.428217 0.167302 0.122028 0.000000
0.446649 -0.007257 0.074324 0.000000
0.393296 -0.955532 0.201912 1.000000
0.438808 0.071084 0.084471 0.000000
0.217353 -0.142196 0.407280 0.000000
0.174638 -0.265553 0.173513 0.000000
0.533041 -0.170437 0.161518 0.000000
0.289607 -0.922227 0.222666 0.000000
0.421470 -0.999629 0.174949 1.000000
0.333657 -0.803841 0.208353 0.000000
0.310270 0.019636 0.165592 0.000000
0.295915 -1.145260 0.226907 0.000000
0.362243 -0.560839 0.293693 0.000000
0.333023 0.290805 0.169504 0.000000
0.391849 0.295657 0.119050 0.000000
0.335034 -0.551149 0.201143 0.000000
0.273848 -0.063332 0.176814 0.000000
0.325422 -0.528893 0.200202 0.000000
0.395944 -0.924173 0.494139 0.000000
0.372935 -0.927370 0.204457 1.000000
0.293696 -1.025552 0.237832 0.000000
0.398081 0.201316 0.097029 0.000000
0.334531 -0.029722 0.180133 0.000000
0.330095 -0.355213 0.226373 0.000000
0.301005 0.066629 0.278671 0.000000
0.266633 0.009323 0.311709 0.000000
0.370368 -0.578369 0.314031 0.000000
0.385809 0.017331 0.247854 0.000000
0.277444 -1.069364 0.244913 0.000000
0.398497 0.116790 0.056583 0.000000
0.445120 0.044942 0.186478 0.000000
0.350640 0.427317 0.158546 0.000000
0.354205 0.455525 0.156008 0.000000
0.336320 -0.761191 0.214442 0.000000
0.337078 0.112662 0.156730 0.000000
0.325840 -0.543462 0.200680 0.000000
0.322765 -0.111907 0.181519 0.000000
0.286865 -0.941730 0.221798 0.000000
0.334259 -0.132221 0.185886 0.000000
0.329884 -0.699081 0.198714 0.000000
0.337207 -0.210624 0.197713 0.000000
0.535046 -1.216593 0.134008 1.000000
0.320235 -0.951758 0.217049 0.000000
0.524251 -0.110336 0.113959 0.000000
0.334347 0.193257 0.102187 0.000000
0.334154 -0.834069 0.213112 0.000000
0.345326 0.378005 0.129735 0.000000
0.442997 -0.058827 0.226054 0.000000
0.381964 -0.943791 0.208649 1.000000
0.404371 0.188832 0.182989 0.000000
0.483104 -0.122372 0.170758 0.000000
0.332835 -0.480014 0.193237 0.000000
0.429848 0.087656 0.197723 0.000000
0.360337 -0.914047 0.218057 1.000000
0.212578 -0.114013 0.390103 0.000000
0.325533 -0.058990 0.180139 0.000000
0.395615 0.030217 0.236197 0.000000
0.230278 -0.109678 0.386030 0.000000
0.448379 0.028695 0.190197 0.000000
0.524288 -0.188794 0.157327 0.000000
0.396009 -0.938828 0.523135 0.000000
0.536141 -1.191650 0.146385 1.000000
0.392554 0.131874 0.225658 0.000000
0.407047 0.201950 0.206869 0.000000
0.436304 -0.105745 0.244248 0.000000
0.471736 0.051917 0.132671 0.000000
0.133176 -0.283983 0.166538 0.000000
0.262012 -1.025572 0.236629 0.000000
0.378493 -0.699809 0.357272 0.000000
0.280651 -0.126372 0.020996 0.000000
0.332269 -0.211296 0.182696 0.000000
0.382409 -0.915144 0.489123 0.000000
0.351534 -0.440618 0.251109 0.000000
0.311586 -0.036118 0.036499 0.000000
0.339853 -0.538836 0.186117 0.000000
0.396111 0.363993 0.165542 0.000000
0.285344 -0.924379 0.237967 0.000000
0.342781 -0.517715 0.194546 0.000000
0.305575 -0.946744 0.244522 0.000000
0.572463 -0.134597 0.119208 0.000000
0.501360 -0.143462 0.027396 0.000000
0.315477 0.019489 0.056484 0.000000
0.359333 -0.579849 0.302207 0.000000
0.185188 -0.200754 0.487326 0.000000
-0.049487 -0.502745 0.149616 0.000000
0.289570 -1.048992 0.247724 0.000000
0.292104 -0.025129 0.162832 0.000000
0.473980 -0.092634 0.054813 0.000000
0.437938 0.111386 0.122433 0.000000
0.339847 -0.745047 0.215867 0.000000
0.442507 -0.015642 0.065425 0.000000
0.336762 -0.422762 0.189557 0.000000
0.322009 0.009470 0.174387 0.000000
0.353948 0.400428 0.152019 0.000000
0.305454 0.061166 0.292498 0.000000
0.437690 0.181837 0.130748 0.000000
0.325771 -0.394022 0.194428 0.000000
0.356235 -0.506288 0.284822 0.000000
0.339863 0.213063 0.095159 0.000000
0.342558 0.395651 0.155542 0.000000
0.388850 -0.003470 0.240342 0.000000
0.398627 0.339085 0.122215 0.000000
0.103561 -0.333756 0.172336 0.000000
0.354689 -0.378864 0.221291 0.000000
0.333049 -0.369103 0.195341 0.000000
0.324690 -0.314144 0.203334 0.000000
0.399425 0.219897 0.098881 0.000000
0.347358 0.246946 0.194206 0.000000
0.398387 0.263180 0.109735 0.000000
0.368168 0.457543 0.114524 0.000000
0.280042 -0.948529 0.241188 0.000000
0.308193 -1.071069 0.231530 0.000000
0.246685 -0.168923 -0.013498 0.000000
0.306711 -0.967384 0.210635 0.000000
0.174224 -0.266940 0.575480 0.000000
0.424000 -0.126274 0.254924 0.000000
0.329583 0.131131 0.250827 0.000000
0.430249 -0.117943 0.248179 0.000000
0.547025 -1.232473 0.130377 1.000000
-0.089684 -0.553744 0.123856 0.000000
0.333453 0.157806 0.123533 0.000000
0.300931 -0.960832 0.221060 0.000000
0.448375 0.135106 0.131542 0.000000
0.420306 -0.978020 0.578828 0.000000
0.398997 0.011235 0.282325 0.000000
-0.023916 -0.484921 0.147400 0.000000
0.331455 -0.867018 0.211126 0.000000
0.429653 -1.009572 0.172944 1.000000
0.613879 -1.328864 0.109310 1.000000
0.369895 0.424467 0.123961 0.000000
0.458285 -1.053311 0.175657 1.000000
0.399191 -0.937566 0.513147 0.000000
0.430652 -0.089633 0.233444 0.000000
0.396816 0.244703 0.114647 0.000000
0.327646 0.128488 0.162461 0.000000
0.334109 -0.641177 0.202344 0.000000
0.355348 -0.425149 0.238716 0.000000
0.474541 0.038416 0.134808 0.000000
0.073272 -0.391420 0.167686 0.000000
0.403923 -0.970434 0.205205 1.000000
0.293596 -1.079392 0.234049 0.000000
0.296452 -1.066377 0.213120 0.000000
0.342627 0.228857 0.106252 0.000000
0.190000 -0.210461 0.151236 0.000000
0.229551 -0.046865 0.355937 0.000000
0.311717 -0.936887 0.206700 0.000000
0.155188 -0.282961 0.167593 0.000000
0.421022 0.095412 0.087973 0.000000
0.547416 -1.203075 0.151579 1.000000
0.376508 -0.014088 0.248721 0.000000
0.363511 -0.638826 0.319688 0.000000
0.356057 0.299076 0.103991 0.000000
0.382752 -0.725846 0.370737 0.000000
0.337486 -0.531713 0.205846 0.000000
0.344160 -0.564689 0.196748 0.000000
0.438352 0.008753 0.080410 0.000000
0.396681 0.319179 0.131773 0.000000
0.414215 0.189772 0.134604 0.000000
0.396188 0.356292 0.126888 0.000000
0.585085 -1.283853 0.126401 1.000000
0.337605 -0.422042 0.202508 0.000000
0.376539 -0.051141 -0.026630 0.000000
0.397421 -0.855985 0.435827 0.000000
0.189626 -0.248607 0.553665 0.000000
0.470553 -0.068205 0.191772 0.000000
0.391005 0.281870 0.120288 0.000000
0.017570 -0.455368 0.148936 0.000000
0.429513 0.129215 0.124652 0.000000
0.322721 0.112013 0.258152 0.000000
0.428674 0.142897 0.123318 0.000000
0.322369 0.149804 0.171684 0.000000
0.388346 -0.700795 0.364778 0.000000
0.411284 -0.963790 0.546735 0.000000
0.340183 0.127999 0.139087 0.000000
0.285572 -0.044252 0.147681 0.000000
0.327671 -0.842575 0.204101 0.000000
0.444315 -1.035622 0.159771 1.000000
0.317774 -0.941438 0.216794 0.000000
0.327468 -0.310383 0.190671 0.000000
0.345243 0.176921 0.095289 0.000000
0.300294 -1.019650 0.209146 0.000000
0.489829 -0.002603 0.129786 0.000000
0.301691 -1.052857 0.208440 0.000000
0.093445 -0.361307 0.170266 0.000000
0.298770 -0.991724 0.209911 0.000000
0.135174 -0.297035 0.168439 0.000000
0.310070 -0.966235 0.221956 0.000000
0.313154 -1.123300 0.237878 0.000000
0.388586 0.398105 0.141027 0.000000
0.475528 -1.080571 0.174452 1.000000
0.389627 0.390809 0.153783 0.000000
0.389620 0.021977 0.257148 0.000000
0.298299 -0.914297 0.228934 0.000000
0.509186 -0.071285 0.135907 0.000000
0.186126 -0.235095 0.535925 0.000000
0.379468 0.435130 0.128303 0.000000
0.190532 -0.195728 0.474077 0.000000
0.338481 -0.690587 0.206593 0.000000
0.352473 0.255191 0.103082 0.000000
0.397782 0.011070 0.269211 0.000000
0.324052 -0.580531 0.199402 0.000000
0.274147 -0.133745 0.005540 0.000000
0.197574 -0.159520 0.435612 0.000000
0.357924 0.079610 0.181475 0.000000
0.482150 -1.092827 0.163092 1.000000
0.324181 -0.297092 0.196639 0.000000
0.330139 0.069711 0.172658 0.000000
0.351895 -0.422985 0.248167 0.000000
0.338995 -0.680992 0.196536 0.000000
0.387349 -0.945392 0.180699 1.000000
0.425725 -1.002277 0.192405 1.000000
0.396245 -0.959735 0.221995 1.000000
0.335419 -0.380353 0.236615 0.000000
0.104220 -0.231651 -0.050192 0.000000
0.306938 -0.888153 0.219296 0.000000
0.387959 -0.926150 0.507590 0.000000
0.471552 -1.067849 0.187348 1.000000
0.460122 0.125654 0.123152 0.000000
0.465713 -0.083394 0.183309 0.000000
0.420043 0.223736 0.129796 0.000000
0.325730 0.138684 0.170114 0.000000
0.296067 -1.094324 0.222567 0.000000
0.313206 0.034417 0.183509 0.000000
0.434169 0.085586 0.121141 0.000000
0.293062 -0.968737 0.242956 0.000000
0.528369 -1.160214 0.158957 1.000000
-0.030050 -0.493834 0.147683 0.000000
0.332390 0.153789 0.234855 0.000000
0.519428 -1.163391 0.151169 1.000000
0.430227 0.152427 0.171892 0.000000
0.246755 -0.134125 0.164724 0.000000
0.367056 0.342252 0.115071 0.000000
0.416087 0.256065 0.164037 0.000000
0.335556 0.175058 0.229370 0.000000
0.441593 0.075805 0.188696 0.000000
0.395582 0.294087 0.159038 0.000000
0.020846 -0.442090 0.163362 0.000000
0.201616 -0.208205 0.157517 0.000000
-0.026703 -0.481379 0.160763 0.000000
0.540348 -1.185001 0.153819 1.000000
0.162008 -0.263215 0.162621 0.000000
0.332048 -0.751100 0.202031 0.000000
0.457664 -0.055684 0.186166 0.000000
0.404475 0.477202 0.120218 0.000000
0.303056 -0.921700 0.239260 0.000000
0.447170 0.001107 0.220504 0.000000
0.379439 -0.636942 0.334400 0.000000
0.504619 -0.055162 0.141853 0.000000
0.224531 -0.126992 0.396605 0.000000
0.206250 -0.120673 0.405791 0.000000
0.297903 -1.122744 0.226705 0.000000
0.364876 0.359111 0.115959 0.000000
0.316276 -0.867296 0.217921 0.000000
0.429284 0.067566 0.206771 0.000000
0.382134 -0.650321 0.339177 0.000000
0.397552 -0.880681 0.451619 0.000000
0.452849 -0.009817 0.187156 0.000000
0.328538 -0.249595 0.203942 0.000000
0.520676 -1.177417 0.148383 1.000000
0.434363 0.040569 0.085724 0.000000
0.398920 0.262306 0.169489 0.000000
0.344709 -0.839832 0.215242 0.000000
0.516035 -0.080509 0.153762 0.000000
0.470240 0.026484 0.144755 0.000000
0.329621 -0.017275 0.177661 0.000000
0.183031 -0.246046 0.537029 0.000000
0.352282 0.086694 0.176142 0.000000
0.385662 -0.018083 0.250252 0.000000
0.339566 -0.281903 0.192446 0.000000
0.211271 -0.158935 0.421432 0.000000
0.190448 -0.210502 0.491812 0.000000
0.380155 -0.678710 0.345747 0.000000
0.328812 0.107313 0.174515 0.000000
0.214504 -0.200378 0.160047 0.000000
0.296214 -0.077977 0.031416 0.000000
0.320937 -0.016682 0.042480 0.000000
0.336265 -0.724446 0.207178 0.000000
0.398597 -0.789757 0.401993 0.000000
0.238817 -0.033188 0.345257 0.000000
0.396524 0.303360 0.176835 0.000000
0.343566 -0.492111 0.191573 0.000000
0.329907 0.209640 0.107342 0.000000
0.306918 -0.893403 0.231635 0.000000
0.368248 -0.057754 0.276530 0.000000
0.422148 0.156944 0.095735 0.000000
0.404234 0.279439 0.161877 0.000000
0.243891 -0.020191 0.335293 0.000000
0.504739 -1.122025 0.171989 1.000000
0.361668 -0.664671 0.328954 0.000000
0.321959 -0.427456 0.193679 0.000000
0.291548 -0.062022 0.043343 0.000000
0.452821 0.038399 0.123035 0.000000
0.463289 -0.061053 0.193724 0.000000
0.320974 -0.884729 0.207574 0.000000
0.440783 0.015631 0.199969 0.000000
0.404785 0.266916 0.119787 0.000000
0.353502 0.418133 0.115510 0.000000
0.259321 -0.052770 0.351808 0.000000
0.327287 -0.670181 0.206565 0.000000
0.206161 -0.218339 0.161241 0.000000
0.278868 -1.010760 0.269747 0.000000
0.335536 0.252411 0.163402 0.000000
0.262168 -0.003272 0.324657 0.000000
0.451263 0.084905 0.135676 0.000000
0.227452 -0.155574 0.146252 0.000000
0.334496 -0.707600 0.205779 0.000000
0.326265 -0.066332 0.186864 0.000000
0.394072 0.108701 0.052263 0.000000
0.391027 0.124711 0.058385 0.000000
0.116982 -0.328158 0.171031 0.000000
0.389160 0.035340 0.018011 0.000000
0.335101 -0.737988 0.207316 0.000000
0.223327 -0.191633 -0.019605 0.000000
0.355598 -0.472353 0.260713 0.000000
0.433144 0.174568 0.169519 0.000000
0.145462 -0.271506 0.162966 0.000000
0.523593 -0.040248 0.401273 0.000000
0.331899 -0.320264 0.209785 0.000000
0.319823 0.126344 0.236381 0.000000
0.268387 -1.065614 0.265302 0.000000
0.329991 -0.527363 0.190531 0.000000
0.309777 0.014528 0.178493 0.000000
0.495141 -0.047485 0.153495 0.000000
0.355671 -0.535635 0.274172 0.000000
0.197445 -0.226470 0.161886 0.000000
0.332753 -0.181129 0.181158 0.000000
0.384426 -0.946809 0.219100 1.000000
0.431160 -1.028664 0.176162 1.000000
0.330628 0.230748 0.164034 0.000000
0.457771 -0.022338 0.345798 0.000000
0.324991 -0.336091 0.219488 0.000000
0.308620 0.004910 0.161680 0.000000
0.224131 -0.186889 0.162513 0.000000
0.269803 -1.041441 0.246347 0.000000
0.309109 -1.091274 0.228938 0.000000
0.333767 -0.051706 0.181083 0.000000
0.034496 -0.425722 0.174020 0.000000
0.479930 -0.085913 0.189298 0.000000
0.333478 -0.340572 0.192956 0.000000
0.389188 0.337498 0.150136 0.000000
0.436444 0.058369 0.086654 0.000000
0.386460 0.024620 0.275332 0.000000
0.398391 0.103770 0.221540 0.000000
0.374178 -0.927339 0.182506 1.000000
0.446294 -1.024366 0.199453 1.000000
0.508973 -0.171503 0.001619 0.000000
0.629286 -1.338235 0.115218 1.000000
0.340785 -0.315107 0.196357 0.000000
0.333852 -0.253592 0.191276 0.000000
0.412580 -0.956981 0.558495 0.000000
0.478434 0.007163 0.141553 0.000000
0.338100 0.299039 0.102246 0.000000
0.379647 -0.893768 0.471741 0.000000
0.337202 0.182391 0.089367 0.000000
0.438692 0.018357 0.075800 0.000000
0.346149 0.407062 0.155309 0.000000
0.326652 -0.160066 0.191932 0.000000
0.331207 -0.881101 0.213435 0.000000
0.347218 0.121725 0.144129 0.000000
0.356864 -0.642989 0.308511 0.000000
0.333362 0.084343 0.173640 0.000000
0.359088 -0.472698 0.241413 0.000000
0.351295 0.100865 0.161204 0.000000
0.277497 0.011079 0.315174 0.000000
0.512404 -0.091457 0.114039 0.000000
0.396186 -0.844386 0.429519 0.000000
0.552884 -1.254147 0.127869 1.000000
0.424254 0.000350 0.310044 0.000000
0.341168 -0.848740 0.211725 0.000000
0.335959 -0.621413 0.200395 0.000000
0.596594 -1.299782 0.117862 1.000000
0.339168 0.204696 0.222676 0.000000
0.289756 -1.064500 0.245532 0.000000
0.369172 0.410357 0.121453 0.000000
0.368638 -0.568587 0.310512 0.000000
0.331442 0.264378 0.163830 0.000000
0.333837 -0.078369 0.182856 0.000000
0.333934 -0.432084 0.191286 0.000000
0.434484 0.172691 0.127943 0.000000
0.317035 0.056047 0.064792 0.000000
0.352825 -0.411579 0.232638 0.000000
0.318781 -1.003516 0.229696 0.000000
0.396127 0.171650 0.079755 0.000000
0.348731 0.478490 0.143612 0.000000
0.287823 -0.033797 0.164331 0.000000
0.313736 0.074771 0.065365 0.000000
0.176658 -0.248872 0.161772 0.000000
0.328723 -0.158982 0.181486 0.000000
0.328382 -0.100814 0.177696 0.000000
0.301174 -1.040888 0.209507 0.000000
0.268222 0.025398 0.303836 0.000000
0.447826 0.009110 0.183710 0.000000
0.333435 0.158686 0.082932 0.000000
0.327267 -0.224089 0.185739 0.000000
0.293528 -0.037662 0.049951 0.000000
0.396966 0.342301 0.162898 0.000000
0.413706 -0.144088 0.256291 0.000000
0.579440 -0.143849 0.112007 0.000000
0.427974 0.066394 0.080982 0.000000
0.429185 0.142803 0.175714 0.000000
0.326587 -0.495117 0.185743 0.000000
0.346285 -0.425664 0.235207 0.000000
0.404054 0.212024 0.206634 0.000000
0.385295 0.380388 0.123177 0.000000
0.616226 -1.325914 0.120747 1.000000
0.238957 -0.150670 0.152760 0.000000
0.395293 0.257479 0.190208 0.000000
0.301953 -0.066207 0.030760 0.000000
0.332284 0.126509 0.078260 0.000000
0.498974 -0.157130 0.159525 0.000000
0.257625 -0.028453 0.340169 0.000000
0.365021 -0.914109 0.199084 1.000000
0.585775 -1.263836 0.126562 1.000000
0.306524 -1.005941 0.208988 0.000000
0.313073 -0.913863 0.210417 0.000000
0.302235 -0.008156 0.153746 0.000000
0.292105 -1.084451 0.212652 0.000000
0.330057 -0.235959 0.192241 0.000000
0.242977 -0.046244 0.352768 0.000000
0.521243 -0.123737 0.148351 0.000000
0.512914 -0.087626 0.160102 0.000000
0.358656 -0.506563 0.265339 0.000000
0.366879 -0.736288 0.364970 0.000000
0.329266 0.072430 0.067525 0.000000
0.558288 -1.239876 0.136447 1.000000
0.306865 -0.998499 0.235779 0.000000
0.333616 -0.562263 0.196451 0.000000
0.330129 -0.548658 0.190994 0.000000
0.391078 0.159164 0.069704 0.000000
0.307839 -0.993290 0.226954 0.000000
0.528644 -0.218513 0.165662 0.000000
0.369762 0.430643 0.114181 0.000000
0.517252 -0.104042 0.149068 0.000000
0.342368 0.308215 0.173877 0.000000
0.573223 -1.274631 0.122322 1.000000
0.348042 0.436512 0.155693 0.000000
0.338757 0.190330 0.209587 0.000000
-0.011947 -0.471593 0.157955 0.000000
0.383005 0.314149 0.123740 0.000000
0.502358 -0.074780 0.118187 0.000000
0.475807 -0.106476 0.050853 0.000000
0.526035 -0.146767 0.153042 0.000000
0.397751 -0.952511 0.543866 0.000000
0.338768 -0.787286 0.220075 0.000000
0.354709 0.265654 0.107394 0.000000
0.503289 -0.147031 0.160988 0.000000
0.506182 -0.270717 -0.065368 0.000000
0.395958 0.128900 0.067670 0.000000
0.380330 0.452938 0.132248 0.000000
0.301437 -0.902851 0.239557 0.000000
0.457046 0.049922 0.117657 0.000000
0.348943 0.270691 0.176785 0.000000
0.272095 -0.060313 0.161971 0.000000
0.443223 0.101464 0.125344 0.000000
0.398217 -0.899998 0.474816 0.000000
-0.128330 -0.585837 0.121510 0.000000
0.433516 0.076975 0.193780 0.000000
0.304455 -0.030502 0.044904 0.000000
0.039565 -0.405836 0.174807 0.000000
0.329479 -0.773362 0.201443 0.000000
0.512162 -0.162962 0.150766 0.000000
0.334762 -0.350304 0.184297 0.000000
0.269866 -1.055135 0.241585 0.000000
0.383019 0.286955 0.123846 0.000000
0.257258 -0.099814 0.144125 0.000000
0.545673 -0.114479 0.121403 0.000000
0.472720 -0.021963 0.360809 0.000000
0.412011 0.141841 0.102370 0.000000
0.086573 -0.342391 0.176660 0.000000
0.357035 -0.901949 0.197387 1.000000
-0.126154 -0.591584 0.129479 0.000000
0.335787 -0.462004 0.192005 0.000000
0.513540 -0.112574 0.141752 0.000000
0.362584 -0.530759 0.283097 0.000000
0.416664 -0.003724 0.298156 0.000000
0.309639 -0.882263 0.230202 0.000000
0.575448 -1.287914 0.127427 1.000000
0.350205 -0.465961 0.271473 0.000000
0.435426 -0.078614 0.231725 0.000000
0.206161 -0.100378 0.394304 0.000000
0.235566 -0.134542 0.152389 0.000000
0.457012 -0.041596 0.068187 0.000000
0.284428 -1.112451 0.257632 0.000000
0.271001 -0.071586 0.163746 0.000000
0.427087 0.095053 0.192410 0.000000
0.429968 0.200774 0.131115 0.000000
0.388610 -0.800683 0.403999 0.000000
0.363400 -0.600713 0.304717 0.000000
0.130510 -0.317207 0.167756 0.000000
0.276547 -1.050657 0.274311 0.000000
0.399091 0.187689 0.085656 0.000000
0.422012 0.130150 0.187893 0.000000
0.525500 -0.152649 0.160703 0.000000
0.232021 -0.094807 0.379614 0.000000
0.390020 -0.957517 0.229976 1.000000
0.302779 0.096409 0.248330 0.000000
0.330894 -0.446838 0.195245 0.000000
0.236831 -0.178466 -0.018154 0.000000
0.203926 -0.142571 0.419137 0.000000
0.287565 0.034960 0.297075 0.000000
0.403267 0.284755 0.129076 0.000000
0.453863 -1.065158 0.165537 1.000000
0.578794 -1.256308 0.128355 1.000000
0.284114 -1.016533 0.247501 0.000000
0.553120 -0.046863 0.424778 0.000000
0.264396 -0.086043 0.178155 0.000000
0.198970 -0.174573 0.447890 0.000000
0.334561 -0.271904 0.187201 0.000000
0.221214 -0.110469 0.391605 0.000000
0.515383 -1.174039 0.141317 1.000000
0.186220 -0.263002 0.565042 0.000000
0.565972 -1.265917 0.125323 1.000000
0.295482 0.051311 0.291475 0.000000
0.124918 -0.224753 -0.047627 0.000000
0.235140 -1.105799 0.246360 0.000000
0.434455 0.101748 0.178751 0.000000
0.347090 -0.429911 0.255985 0.000000
0.334524 -0.650925 0.201607 0.000000
0.382533 -0.611555 0.328495 0.000000
0.554736 -1.188360 0.143703 1.000000
0.390844 0.310208 0.181971 0.000000
0.512874 -0.071501 0.157758 0.000000
0.323952 0.032693 0.165119 0.000000
0.339983 0.237066 0.208902 0.000000
0.305546 -0.939296 0.226877 0.000000
0.320501 -1.035507 0.235219 0.000000
0.441783 -0.037079 0.222339 0.000000
0.418437 -1.008929 0.183777 1.000000
0.306834 -0.949971 0.235267 0.000000
0.456040 0.118007 0.127861 0.000000
0.316360 -0.969941 0.204813 0.000000
0.330350 0.350577 0.117724 0.000000
0.527354 -0.164587 0.155875 0.000000
0.341417 -0.820617 0.217807 0.000000
0.439211 -0.002677 0.200734 0.000000
0.217209 -0.096027 0.385574 0.000000
0.375198 0.355884 0.116817 0.000000
0.338877 -0.475403 0.186359 0.000000
0.562332 -1.248539 0.129262 1.000000
0.288035 -0.989702 0.253803 0.000000
0.366147 -0.679976 0.338299 0.000000
0.420040 0.104891 0.089852 0.000000
0.334333 0.117860 0.171593 0.000000
0.332322 0.161664 0.163027 0.000000
0.332999 -0.519497 0.194614 0.000000
0.458632 -0.024904 0.191643 0.000000
0.439076 0.040733 0.202408 0.000000
0.268141 -1.082425 0.237902 0.000000
0.305014 -0.000264 0.174633 0.000000
0.397172 0.175752 0.220312 0.000000
0.331435 0.308988 0.105130 0.000000
0.479360 -0.011254 0.143307 0.000000
0.459220 0.095106 0.130128 0.000000
0.333192 -0.120607 0.186971 0.000000
0.317505 -0.894689 0.238859 0.000000
0.269732 -1.048580 0.256052 0.000000
0.264645 -0.147394 -0.001649 0.000000
0.338888 -0.439393 0.181209 0.000000
0.283451 -1.073760 0.250518 0.000000
0.325563 -0.028869 0.182508 0.000000
0.251529 -1.052214 0.239374 0.000000
0.410952 0.196362 0.176485 0.000000
0.409009 0.193932 0.128098 0.000000
0.327279 0.286090 0.103036 0.000000
0.164082 -0.237588 0.154511 0.000000
0.309652 0.026814 0.058585 0.000000
0.373496 -0.612656 0.320182 0.000000
0.316471 -0.917713 0.235997 0.000000
0.372358 0.474908 0.126953 0.000000
0.143118 -0.226822 -0.036834 0.000000
0.368766 -0.792940 0.391648 0.000000
0.482581 -0.039050 0.112849 0.000000
-0.023622 -0.490766 0.135241 0.000000
0.352394 -0.691220 0.338875 0.000000
0.393657 0.049393 0.233713 0.000000
0.052945 -0.399059 0.172168 0.000000
0.327150 -0.634498 0.205429 0.000000
0.392550 -0.951375 0.220451 1.000000
0.353865 -0.327078 0.200734 0.000000
0.335363 -0.581698 0.201155 0.000000
0.401825 0.208573 0.176008 0.000000
0.293923 -0.089116 0.026661 0.000000
0.297079 -0.903270 0.229334 0.000000
0.109709 -0.352984 0.168124 0.000000
0.394730 0.200689 0.210938 0.000000
0.409405 0.243882 0.120058 0.000000
0.299661 -1.102607 0.235842 0.000000
0.385348 0.036458 0.246040 0.000000
0.121409 -0.302488 0.171021 0.000000
0.256740 -0.040300 0.346512 0.000000
0.369144 -0.591860 0.316572 0.000000
0.326002 -0.706499 0.210430 0.000000
0.427213 0.076585 0.094544 0.000000
0.463467 0.073875 0.133086 0.000000
0.320675 -1.127810 0.240762 0.000000
-0.111152 -0.578550 0.123669 0.000000
0.462549 0.028689 0.140160 0.000000
0.339900 -0.604579 0.188585 0.000000
0.326559 -0.319022 0.186525 0.000000
0.295491 -1.067838 0.237920 0.000000
0.326695 -0.219311 0.197889 0.000000
0.370155 -0.578296 0.304830 0.000000
0.339905 -0.362059 0.191413 0.000000
0.169775 -0.214464 -0.037773 0.000000
0.372179 -0.622236 0.319561 0.000000
-0.099078 -0.565278 0.131454 0.000000
0.345608 0.150974 0.124772 0.000000
0.180078 -0.273971 0.578575 0.000000
0.321696 -0.189966 0.191209 0.000000
0.324840 -0.653130 0.201284 0.000000
0.338810 -0.353149 0.223024 0.000000
0.353036 0.253747 0.178133 0.000000
0.343929 -0.876370 0.203608 1.000000
0.046988 -0.429350 0.161852 0.000000
0.340632 0.371513 0.122393 0.000000
0.336784 0.174568 0.077234 0.000000
0.377042 0.339784 0.116885 0.000000
-0.057956 -0.519416 0.144976 0.000000
0.134042 -0.329437 0.172910 0.000000
0.322308 -1.154165 0.245352 0.000000
0.386634 0.073765 0.039557 0.000000
0.388601 0.375039 0.153656 0.000000
0.331397 -0.108706 0.183283 0.000000
0.396915 -0.819331 0.415650 0.000000
0.407592 0.313390 0.155590 0.000000
0.288363 -0.094747 0.035412 0.000000
0.379826 0.354534 0.146845 0.000000
0.354660 0.072377 0.195891 0.000000
0.434828 -1.024733 0.184485 1.000000
0.372659 -0.045845 0.266925 0.000000
0.438133 0.151196 0.127983 0.000000
0.468009 -1.084440 0.171004 1.000000
0.353117 -0.904460 0.208455 1.000000
0.327612 -1.167249 0.248346 0.000000
0.281468 -1.063130 0.250980 0.000000
0.372757 0.463381 0.150087 0.000000
0.631909 -0.170584 0.100029 0.000000
0.330188 -0.330716 0.195894 0.000000
0.337612 0.147744 0.084898 0.000000
0.333958 -0.862150 0.218420 0.000000
0.336526 -0.500105 0.192007 0.000000
0.336461 -0.159192 0.192520 0.000000
0.381332 -0.929576 0.187690 1.000000
0.345761 0.211946 0.102014 0.000000
0.475618 -0.006626 0.109597 0.000000
0.424395 -0.106580 0.238149 0.000000
0.325443 -0.993511 0.228551 0.000000
0.293805 -0.921118 0.233094 0.000000
0.391655 0.019442 0.267206 0.000000
0.337235 0.212954 0.164203 0.000000
0.402770 0.305828 0.161340 0.000000
0.213849 -0.169992 0.142094 0.000000
0.401070 0.239797 0.168408 0.000000
0.343741 0.162521 0.091072 0.000000
0.421307 0.172273 0.104938 0.000000
0.415656 -0.151120 0.266202 0.000000
0.533823 -1.173641 0.154690 1.000000
0.348731 0.451643 0.149143 0.000000
0.320598 -1.107111 0.237979 0.000000
0.433348 -0.975598 0.601008 0.000000
0.436444 0.057681 0.201311 0.000000
0.083676 -0.375920 0.164164 0.000000
0.512476 -1.136345 0.163100 1.000000
0.285415 0.071920 0.265065 0.000000
0.293048 -1.022428 0.229341 0.000000
0.348705 0.418890 0.148732 0.000000
0.289290 -1.072790 0.229571 0.000000
0.323153 0.014963 0.054133 0.000000
0.323672 -1.068572 0.231811 0.000000
0.099615 -0.349720 0.174400 0.000000
0.344048 -0.543062 0.193658 0.000000
0.299370 -1.044064 0.236398 0.000000
0.588936 -1.293197 0.125048 1.000000
0.324462 -0.907131 0.224472 0.000000
0.419351 -0.962546 0.582792 0.000000
0.397462 -0.863540 0.440790 0.000000
0.273489 -1.090506 0.246043 0.000000
0.403686 0.467413 0.117638 0.000000
0.345154 -0.737780 0.208574 0.000000
0.331497 -0.919017 0.215957 0.000000
0.344442 -0.778861 0.214611 0.000000
0.329008 0.041528 0.177255 0.000000
0.361130 0.066619 0.199267 0.000000
0.403351 -0.198335 0.286916 0.000000
0.301402 -1.047658 0.227763 0.000000
0.273574 -1.001951 0.243026 0.000000
0.308879 -1.129901 0.243270 0.000000
0.342537 -0.891154 0.229003 0.000000
0.333235 -0.352704 0.193586 0.000000
0.277043 -0.122461 0.001881 0.000000
0.289141 0.060982 0.278533 0.000000
0.464743 0.020031 0.141632 0.000000
0.339870 -0.323775 0.207231 0.000000
0.384403 0.028626 0.240033 0.000000
0.408086 -0.187139 0.292545 0.000000
0.523334 -0.247234 0.177370 0.000000
0.344152 -0.404409 0.246452 0.000000
0.527920 -0.206032 0.123904 0.000000
0.322105 -0.008345 0.183829 0.000000
0.220056 -0.059837 0.362442 0.000000
0.445690 0.166778 0.123800 0.000000
0.485122 0.001162 0.141849 0.000000
0.372602 -0.063654 -0.040603 0.000000
0.565341 -1.227120 0.136702 1.000000
0.368568 -0.923210 0.188180 1.000000
0.369035 0.448056 0.123924 0.000000
0.393149 -0.948133 0.174415 1.000000
0.307654 -0.008433 0.050337 0.000000
0.374793 -0.663876 0.336443 0.000000
0.293514 -1.093510 0.214010 0.000000
0.510776 -0.081601 0.146584 0.000000
0.299693 -0.919859 0.222046 0.000000
0.320918 -1.087658 0.231102 0.000000
0.453956 -1.054944 0.183332 1.000000
0.341558 0.097911 0.169850 0.000000
0.251439 -0.169065 -0.021084 0.000000
0.425331 -0.978115 0.588363 0.000000
0.526078 -0.231014 0.169270 0.000000
0.298312 -1.015139 0.217421 0.000000
0.326347 -0.807218 0.204452 0.000000
0.386933 -0.894644 0.464716 0.000000
0.612627 -1.336017 0.114936 1.000000
0.377414 -0.882350 0.444239 0.000000
0.527285 -0.259533 0.182483 0.000000
0.508396 -0.225340 -0.042013 0.000000
0.347812 0.252826 0.185324 0.000000
0.378695 -0.627659 0.330605 0.000000
0.020057 -0.451572 0.157531 0.000000
0.343178 0.204757 0.087364 0.000000
0.334921 -0.289148 0.194832 0.000000
0.285272 -0.954236 0.236465 0.000000
0.300247 -0.048313 0.041194 0.000000
0.475186 -0.115636 0.046822 0.000000
0.371201 -0.780734 0.387605 0.000000
0.422129 0.124920 0.122087 0.000000
0.156716 -0.255840 0.160181 0.000000
0.446282 -1.039223 0.180183 1.000000
0.300540 -1.077136 0.219897 0.000000
0.337197 -0.605863 0.207377 0.000000
0.389770 -0.717591 0.367225 0.000000
0.469111 -1.092856 0.166038 1.000000
0.178809 -0.259371 0.165392 0.000000
0.318283 -0.924914 0.211219 0.000000
0.338637 0.244766 0.168336 0.000000
-0.042383 -0.508017 0.152355 0.000000
0.353642 -0.909884 0.229802 1.000000
0.329210 0.253279 0.107816 0.000000
0.340163 0.257848 0.200559 0.000000
0.318917 0.031117 0.177558 0.000000
0.032637 -0.439094 0.159422 0.000000
0.640437 -0.163566 0.097554 0.000000
0.412761 0.271362 0.123934 0.000000
0.326052 -0.345224 0.226261 0.000000
0.497203 -0.029744 0.130962 0.000000
0.317175 -1.038507 0.226112 0.000000
0.375442 -0.936343 0.204107 1.000000
0.376606 -0.711138 0.358581 0.000000
0.440367 -0.012501 0.321176 0.000000
0.346743 0.115187 0.150176 0.000000
0.330371 -0.245837 0.196126 0.000000
0.337365 -0.597681 0.197422 0.000000
0.251641 -0.113663 0.156963 0.000000
0.336799 -0.485062 0.200364 0.000000
0.329116 0.186268 0.162441 0.000000
0.329635 0.367167 0.122617 0.000000
0.345812 -0.716310 0.207480 0.000000
0.419058 -0.993129 0.202450 1.000000
0.198932 -0.190544 0.460438 0.000000
0.272142 -1.092457 0.277787 0.000000
0.392318 -0.951066 0.186778 1.000000
0.316373 0.104010 0.256168 0.000000
0.231824 -0.179880 -0.027589 0.000000
0.428039 0.125131 0.183845 0.000000
0.242714 -0.122491 0.143039 0.000000
0.335789 -0.405763 0.251591 0.000000
0.329221 -0.685657 0.199511 0.000000
0.330415 0.189490 0.115059 0.000000
0.333265 -0.412092 0.193818 0.000000
0.420500 0.144170 0.185866 0.000000
0.284461 -1.008070 0.239911 0.000000
0.337442 0.277234 0.096530 0.000000
0.192293 -0.205307 -0.033053 0.000000
0.307838 -0.920946 0.246623 0.000000
0.397525 0.239338 0.098705 0.000000
0.335537 -0.807252 0.200452 0.000000
0.424988 0.209055 0.128149 0.000000
0.392285 -0.906970 0.468133 0.000000
0.400562 -0.891952 0.460730 0.000000
0.432049 0.110130 0.179984 0.000000
0.389964 0.324291 0.128565 0.000000
0.514451 -0.177178 0.150125 0.000000
0.462385 0.024956 0.115254 0.000000
0.439987 0.029048 0.202320 0.000000
0.430860 0.059562 0.093582 0.000000
0.503894 -0.063580 0.147170 0.000000
0.196790 -0.145634 0.427524 0.000000
0.226888 -0.066986 0.367330 0.000000
0.347515 -0.888143 0.197583 1.000000
0.263368 -1.129508 0.241974 0.000000
0.349836 -0.457711 0.247600 0.000000
0.524613 -0.095493 0.113796 0.000000
0.278192 0.022322 0.302318 0.000000
0.333086 0.167210 0.085009 0.000000
0.443464 0.067637 0.191313 0.000000
0.438729 0.070652 0.075704 0.000000
0.528985 -0.207091 0.163515 0.000000
0.082035 -0.353226 0.176028 0.000000
0.277894 -0.963006 0.238644 0.000000
0.369552 -0.604660 0.322508 0.000000
0.294577 -1.055123 0.224607 0.000000
0.406688 0.297995 0.160392 0.000000
0.334475 -0.664523 0.204018 0.000000
0.499285 -1.128161 0.155340 1.000000
0.534667 -1.201736 0.137025 1.000000
0.338028 -0.747722 0.207464 0.000000
0.331653 -0.188837 0.186996 0.000000
0.325185 -0.874753 0.213143 0.000000
0.607808 -1.293527 0.119065 1.000000
0.333706 0.172088 0.162364 0.000000
0.289392 -1.042201 0.242207 0.000000
0.376297 0.430781 0.144074 0.000000
0.362148 -0.691024 0.340574 0.000000
0.330431 -0.897935 0.213495 0.000000
0.355486 -0.461012 0.253420 0.000000
0.357112 -0.478278 0.250301 0.000000
-0.046999 -0.508742 0.143763 0.000000
0.342467 0.402708 0.134652 0.000000
0.485931 -1.119366 0.155345 1.000000
0.361178 -0.550382 0.285027 0.000000
0.323865 -0.848853 0.219751 0.000000
0.441875 -1.032878 0.194979 1.000000
0.298482 -1.009292 0.231373 0.000000
0.326413 -0.131167 0.189523 0.000000
0.330326 -0.816248 0.213254 0.000000
0.483825 -1.066630 0.184413 1.000000
0.415164 -0.958497 0.572719 0.000000
0.261650 -0.104496 0.172636 0.000000
0.404757 -0.954474 0.529923 0.000000
0.342982 0.373410 0.161276 0.000000
0.339796 0.189869 0.085780 0.000000
0.336266 0.198168 0.167920 0.000000
0.375045 0.463575 0.130814 0.000000
0.273370 -1.129528 0.250780 0.000000
0.498239 -1.117886 0.165476 1.000000
0.389702 0.009885 0.245658 0.000000
0.003356 -0.457376 0.165567 0.000000
0.441924 0.008005 0.205367 0.000000
0.268182 -0.075600 0.150314 0.000000
0.319933 0.199939 0.112517 0.000000
0.409631 -0.964569 0.555464 0.000000
0.185449 -0.241323 0.162552 0.000000
-0.085453 -0.557154 0.134475 0.000000
0.367773 -0.544908 0.287981 0.000000
0.386208 -0.784028 0.396335 0.000000
0.326444 0.121747 0.167782 0.000000
0.313356 0.009777 0.054107 0.000000
0.354927 -0.886730 0.210792 1.000000
0.387528 0.420192 0.132764 0.000000
0.306660 -0.897689 0.223026 0.000000
0.334747 -0.200822 0.196708 0.000000
0.332067 -0.512689 0.203395 0.000000
0.451901 -1.037880 0.163292 1.000000
0.350681 -0.885661 0.227725 1.000000
0.437993 0.084609 0.187811 0.000000
0.111390 -0.337671 0.171018 0.000000
0.153471 -0.291407 0.166805 0.000000
0.378962 -0.024133 -0.020195 0.000000
0.374175 0.039881 0.242086 0.000000
0.345910 0.383263 0.158711 0.000000
0.056209 -0.386808 0.175667 0.000000
0.376999 0.448446 0.148174 0.000000
0.504292 -0.254160 -0.060661 0.000000
0.334562 -0.488137 0.190837 0.000000
0.325872 -0.362068 0.193540 0.000000
0.421155 -0.996073 0.183059 1.000000
0.236753 -0.169141 0.172624 0.000000
0.445314 0.008894 0.085515 0.000000
0.404004 0.334644 0.157829 0.000000
0.339840 0.245359 0.205619 0.000000
0.332117 -0.386871 0.191006 0.000000
0.452982 -0.028538 0.071611 0.000000
0.530538 -1.198044 0.144925 1.000000
0.443411 -0.016014 0.330026 0.000000
0.355954 -0.625464 0.303375 0.000000
0.303748 -1.027721 0.216783 0.000000
-0.065931 -0.524468 0.137493 0.000000
0.466040 -0.002016 0.111642 0.000000
0.513169 -0.090424 0.138791 0.000000
0.411356 0.172038 0.104291 0.000000
0.354750 0.443776 0.144245 0.000000
0.376137 0.347968 0.113560 0.000000
0.392962 0.326151 0.147586 0.000000
0.350122 -0.361497 0.218892 0.000000
0.319738 -0.982630 0.222469 0.000000
0.026374 -0.419528 0.174480 0.000000
0.326983 -0.607807 0.196298 0.000000
0.336503 -0.786560 0.200429 0.000000
0.329743 -0.303638 0.195487 0.000000
0.586610 -0.055570 0.451130 0.000000
0.339818 0.136011 0.135476 0.000000
0.439763 0.132588 0.123951 0.000000
0.379716 0.032616 0.256504 0.000000
0.355222 -0.512225 0.270811 0.000000
0.320353 -0.080757 0.182517 0.000000
0.356368 0.293050 0.115980 0.000000
0.317783 -0.857113 0.230171 0.000000
0.349179 -0.457177 0.269844 0.000000
0.331873 0.087994 0.069771 0.000000
0.386291 -0.914321 0.497196 0.000000
0.340532 0.198170 0.200375 0.000000
0.390391 -0.929977 0.498664 0.000000
0.359486 -0.442646 0.236401 0.000000
0.332177 -0.139270 0.181492 0.000000
0.337369 -0.471888 0.194015 0.000000
0.388397 0.092309 0.045130 0.000000
0.403856 0.315926 0.124929 0.000000
0.241852 -0.158720 0.171570 0.000000
0.329763 0.231728 0.101527 0.000000
0.377918 -0.030783 0.256819 0.000000
0.458942 -0.054102 0.063495 0.000000
0.369126 -0.563163 0.302693 0.000000
-0.030703 -0.495744 0.156521 0.000000
0.380216 -0.824429 0.413472 0.000000
0.108895 -0.315309 0.173634 0.000000
0.331175 -0.341620 0.184796 0.000000
0.468049 0.044334 0.137283 0.000000
0.509960 -0.199357 -0.020607 0.000000
0.393751 0.078506 0.038008 0.000000
0.329030 0.259847 0.101357 0.000000
0.437981 0.025620 0.080272 0.000000
0.342512 0.279430 0.187074 0.000000
0.388891 0.273899 0.123269 0.000000
0.330933 -0.785253 0.217110 0.000000
0.313827 -1.075241 0.242823 0.000000
0.324312 0.319766 0.110629 0.000000
0.405027 -0.951467 0.537898 0.000000
-0.066326 -0.535691 0.144070 0.000000
0.329406 -0.227383 0.197616 0.000000
0.323827 0.236803 0.110208 0.000000
0.075012 -0.369369 0.172760 0.000000
0.465514 0.012738 0.114198 0.000000
0.197025 -0.183801 0.454761 0.000000
0.425819 -0.996588 0.209642 1.000000
0.433061 -0.052083 0.219621 0.000000
0.449104 0.078782 0.122564 0.000000
0.327674 0.158695 0.173188 0.000000
0.315444 -1.101193 0.241997 0.000000
-0.000206 -0.465828 0.154938 0.000000
0.333845 0.101421 0.169144 0.000000
0.410510 -0.954386 0.549656 0.000000
0.343405 0.318862 0.165807 0.000000
0.324294 -0.176904 0.186297 0.000000
0.338993 0.225559 0.097881 0.000000
0.381092 -0.003242 0.244276 0.000000
0.339159 -0.797366 0.208434 0.000000
0.501341 -0.164585 0.020355 0.000000
0.281205 -1.034174 0.244691 0.000000
0.067535 -0.386221 0.171178 0.000000
0.399543 0.166990 0.086008 0.000000
0.338462 0.193191 0.225483 0.000000
0.341237 -0.393036 0.188804 0.000000
0.510329 -0.214189 -0.028945 0.000000
0.347638 0.164189 0.120822 0.000000
0.348097 0.469476 0.152117 0.000000
0.341269 0.267334 0.166708 0.000000
0.357243 -0.486417 0.267024 0.000000
0.273508 -0.063939 0.145778 0.000000
0.324804 -0.311615 0.212251 0.000000
0.364121 -0.578842 0.294506 0.000000
0.425789 -0.007369 0.314393 0.000000
0.487242 -0.128677 0.041363 0.000000
0.326604 0.085512 0.178896 0.000000
0.331116 -0.634898 0.197503 0.000000
0.345997 -0.324344 0.196065 0.000000
0.443353 -0.011216 0.211265 0.000000
0.331235 0.131718 0.259105 0.000000
0.352212 -0.897311 0.227142 1.000000
0.330695 -0.833848 0.220832 0.000000
0.430431 -0.984734 0.599331 0.000000
0.322084 -0.108075 0.191718 0.000000
0.572720 -1.237744 0.138795 1.000000
0.202233 -0.177698 0.440750 0.000000
0.334559 -0.676027 0.203170 0.000000
0.416598 0.001348 0.315011 0.000000
0.431537 0.205321 0.123559 0.000000
0.347123 -0.383523 0.223828 0.000000
0.326887 0.167361 0.170734 0.000000
0.063107 -0.400980 0.167194 0.000000
0.300825 -1.002155 0.203120 0.000000
0.327901 0.140455 0.237161 0.000000
0.309016 -0.880072 0.220480 0.000000
0.380218 0.317393 0.115443 0.000000
0.440223 -1.036561 0.167074 1.000000
0.402065 0.256494 0.164265 0.000000
0.329769 -0.290635 0.202588 0.000000
0.324161 -0.258781 0.194013 0.000000
0.325388 0.186513 0.109000 0.000000
0.402104 -0.945249 0.527938 0.000000
0.569651 -1.285412 0.121871 1.000000
0.363109 -0.916089 0.183490 1.000000
0.497485 -0.126989 0.036797 0.000000
0.345205 0.227774 0.196847 0.000000
0.506404 -0.239726 -0.051157 0.000000
0.355159 0.253965 0.110954 0.000000
0.400005 0.250388 0.197508 0.000000
0.322504 -0.963198 0.220320 0.000000
0.418799 0.157457 0.188309 0.000000
0.360866 0.062323 0.206484 0.000000
0.495560 -0.138493 0.169138 0.000000
0.328024 -0.412017 0.185945 0.000000
0.437122 0.122899 0.168669 0.000000
0.472864 -1.088151 0.176886 1.000000
0.325010 -0.475510 0.191457 0.000000
0.437588 0.189616 0.123268 0.000000
0.458048 0.041237 0.116294 0.000000
0.331983 -0.217348 0.190058 0.000000
0.318785 -0.889098 0.229958 0.000000
0.451952 -1.040779 0.190682 1.000000
0.324412 0.126268 0.245453 0.000000
0.348743 0.293873 0.179722 0.000000
0.494515 -0.058758 0.105949 0.000000
0.392441 0.379811 0.128622 0.000000
0.390090 0.265122 0.117632 0.000000
0.281428 -0.052276 0.152178 0.000000
0.482832 -1.104258 0.162401 1.000000
0.374294 -0.673409 0.341917 0.000000
0.353002 0.077374 0.189382 0.000000
0.285282 -0.968472 0.225359 0.000000
0.298450 -0.071531 0.017759 0.000000
0.393730 0.017093 0.285154 0.000000
0.312285 -1.020676 0.219602 0.000000
0.317828 0.040864 0.061302 0.000000
0.335319 -0.414022 0.201691 0.000000
0.304351 -1.016534 0.225525 0.000000
0.370405 -0.053170 -0.035326 0.000000
0.443574 0.016939 0.216061 0.000000
0.307193 -0.910903 0.241077 0.000000
0.116851 -0.344904 0.167780 0.000000
0.395128 0.371079 0.160439 0.000000
0.346201 0.362328 0.121330 0.000000
0.084398 -0.360793 0.173437 0.000000
0.322410 0.101993 0.175003 0.000000
0.391480 0.177175 0.088024 0.000000
0.318861 -0.921780 0.220208 0.000000
0.440851 0.041175 0.178387 0.000000
0.354629 -0.897935 0.217763 1.000000
0.285226 -0.108878 0.025360 0.000000
0.419214 0.189917 0.172393 0.000000
0.335290 0.334446 0.110989 0.000000
0.385190 -0.004431 -0.000951 0.000000
0.323450 -0.323479 0.208231 0.000000
0.274872 -0.009214 0.327998 0.000000
0.299822 -0.009582 0.165001 0.000000
0.345290 0.182088 0.108008 0.000000
0.311205 -0.934233 0.230289 0.000000
0.325291 -0.747930 0.207374 0.000000
0.270205 -0.064973 0.169235 0.000000
0.346250 -0.690838 0.202404 0.000000
0.473228 -1.090210 0.158514 1.000000
0.419430 0.142348 0.123260 0.000000
0.424098 0.136174 0.093502 0.000000
0.510612 -0.188432 -0.006990 0.000000
0.389080 -0.943667 0.190622 1.000000
0.171931 -0.264625 0.164866 0.000000
0.297261 -0.995481 0.231010 0.000000
0.416263 -0.134664 0.250827 0.000000
0.394591 -0.958702 0.210148 1.000000
0.337250 -0.698858 0.204517 0.000000
0.365012 -0.520553 0.292644 0.000000
0.339880 -0.712561 0.201862 0.000000
0.459262 -1.052842 0.165272 1.000000
0.209006 -0.129159 0.408027 0.000000
0.333656 -0.320608 0.192448 0.000000
0.347127 -0.349252 0.215010 0.000000
0.286137 -0.043254 0.157706 0.000000
0.426636 0.167383 0.172052 0.000000
0.252826 -0.119783 0.170244 0.000000
0.333659 0.141609 0.133237 0.000000
0.393377 -0.782871 0.401811 0.000000
0.406623 -0.941510 0.496530 0.000000
0.388536 0.141904 0.064098 0.000000
0.406848 0.179142 0.122556 0.000000
0.405691 -0.942838 0.513250 0.000000
0.332560 -0.402703 0.190616 0.000000
0.055245 -0.413020 0.165363 0.000000
0.365791 -0.537532 0.291194 0.000000
0.358968 -0.487580 0.249907 0.000000
0.336385 0.144133 0.172125 0.000000
0.309485 -1.071812 0.222768 0.000000
0.345992 -0.414431 0.247680 0.000000
0.321808 -0.895296 0.222426 0.000000
0.319962 -0.001968 0.047555 0.000000
0.335991 -0.840906 0.208821 0.000000
0.354655 -0.333972 0.205678 0.000000
0.370026 -0.636308 0.324128 0.000000
0.387461 0.285822 0.157271 0.000000
0.295931 -1.060163 0.240971 0.000000
0.413720 0.155210 0.095877 0.000000
0.406253 -0.184919 0.282426 0.000000
0.319754 0.055483 0.173879 0.000000
0.552812 -1.199387 0.146210 1.000000
0.289644 -0.017601 0.165980 0.000000
0.328173 -0.823911 0.209311 0.000000
0.344097 -0.373594 0.226980 0.000000
0.272494 -1.078617 0.258527 0.000000
0.295751 -0.996828 0.251241 0.000000
0.366199 -0.608525 0.310945 0.000000
0.146536 -0.220507 -0.050017 0.000000
0.442400 0.058351 0.179890 0.000000
0.344183 0.264432 0.188838 0.000000
0.510460 -0.079330 0.110256 0.000000
0.308907 -0.973488 0.204900 0.000000
0.522140 -0.252925 0.183937 0.000000
0.313984 -0.975656 0.221597 0.000000
0.380763 -0.791199 0.396644 0.000000
0.462960 0.107863 0.125796 0.000000
0.465939 0.058900 0.134812 0.000000
0.101453 -0.241308 -0.047754 0.000000
0.385958 0.360581 0.148862 0.000000
0.334677 0.207414 0.170877 0.000000
0.403492 0.276864 0.190377 0.000000
0.314025 -1.091070 0.236061 0.000000
0.380880 0.414634 0.147986 0.000000
0.414000 0.188048 0.104449 0.000000
0.365589 -0.072691 0.285431 0.000000
0.345173 -0.419421 0.254424 0.000000
0.319606 0.119214 0.244389 0.000000
0.287536 0.029519 0.304584 0.000000
0.456156 0.059367 0.115648 0.000000
0.532461 -0.038150 0.409449 0.000000
0.457234 -1.062063 0.180798 1.000000
0.482421 -0.089093 0.057901 0.000000
0.330426 -0.655875 0.209969 0.000000
0.384075 0.347770 0.143734 0.000000
0.338455 -0.753594 0.216781 0.000000
0.074917 -0.385984 0.161730 0.000000
0.296394 -0.912359 0.236701 0.000000
0.398913 0.347226 0.128542 0.000000
0.321028 0.017548 0.179290 0.000000
0.504036 -1.137469 0.164029 1.000000
0.338736 -0.626190 0.192028 0.000000
0.303058 -0.976358 0.210899 0.000000
0.524360 -1.140004 0.168275 1.000000
0.289362 -0.914835 0.226256 0.000000
0.199001 -0.200110 -0.039298 0.000000
0.321167 -0.268047 0.193904 0.000000
0.356845 -0.899960 0.189416 1.000000
0.429165 -0.073689 0.225048 0.000000
0.248919 -0.053133 0.357327 0.000000
0.316018 0.088576 0.065516 0.000000
0.411063 0.190654 0.120858 0.000000
0.346396 0.239230 0.191589 0.000000
0.420974 0.235346 0.131351 0.000000
0.340976 0.295148 0.165225 0.000000
0.362571 0.347978 0.118848 0.000000
0.432564 0.038470 0.077048 0.000000
0.210560 -0.184092 0.148528 0.000000
0.487705 -0.019884 0.141594 0.000000
0.331093 -0.534068 0.195105 0.000000
0.380837 -0.658158 0.346209 0.000000
0.330528 -0.166525 0.188727 0.000000
0.348485 0.279467 0.178287 0.000000
0.332865 0.390189 0.133482 0.000000
0.429830 -1.002722 0.201499 1.000000
0.437201 0.058487 0.188402 0.000000
0.445373 -0.020068 0.217742 0.000000
0.506793 -0.165057 0.156563 0.000000
0.348670 0.365152 0.161891 0.000000
0.351370 -0.404340 0.229091 0.000000
0.328187 -0.377619 0.189308 0.000000
0.453386 -1.046894 0.174416 1.000000
0.439584 0.071152 0.176226 0.000000
0.355876 0.272255 0.102730 0.000000
0.412311 0.242594 0.165996 0.000000
0.373129 -0.827154 0.416766 0.000000
0.524799 -0.102880 0.117269 0.000000
0.435772 -0.017969 0.316660 0.000000
0.330506 -0.890701 0.209721 0.000000
0.539119 -1.219579 0.140416 1.000000
0.445127 0.155637 0.127263 0.000000
0.385280 -0.904776 0.479005 0.000000
0.303167 0.002102 0.054289 0.000000
0.335549 -0.855303 0.222553 0.000000
0.138789 -0.288963 0.169728 0.000000
0.506675 -0.232113 -0.037814 0.000000
0.261387 -0.101706 0.152458 0.000000
0.300939 0.088111 0.256497 0.000000
0.378664 0.403064 0.150654 0.000000
0.434990 -1.002988 0.215850 1.000000
-0.012776 -0.468884 0.166763 0.000000
0.349501 0.466159 0.141689 0.000000
0.514114 -1.148522 0.157969 1.000000
0.435213 -1.026728 0.168839 1.000000
0.467523 -1.061405 0.177457 1.000000
0.262348 0.006002 0.318110 0.000000
0.373443 -0.039090 0.256401 0.000000
0.428891 0.057698 0.083586 0.000000
0.332079 -0.638172 0.210743 0.000000
0.438010 0.070261 0.119993 0.000000
0.335335 -0.855614 0.203297 0.000000
0.489612 -0.046058 0.111741 0.000000
0.285222 -1.095247 0.259277 0.000000
0.518241 -0.271997 0.189024 0.000000
0.402765 0.077040 0.228593 0.000000
0.186614 -0.217583 0.153149 0.000000
0.414726 -0.159140 0.265011 0.000000
0.252613 -0.033683 0.343822 0.000000
0.384351 -0.858122 0.433706 0.000000
0.010168 -0.442139 0.169454 0.000000
0.337253 -0.263652 0.198719 0.000000
0.307876 -0.043913 0.037135 0.000000
0.369787 0.464025 0.119107 0.000000
0.342036 0.193602 0.099690 0.000000
0.328302 0.122037 0.257822 0.000000
0.337318 -0.755914 0.208393 0.000000
0.332179 -0.263283 0.185314 0.000000
0.434444 0.076984 0.185102 0.000000
0.324111 0.135539 0.177386 0.000000
0.189133 -0.227938 0.517680 0.000000
0.416414 0.215228 0.168823 0.000000
0.607236 -1.311700 0.116409 1.000000
0.508622 -1.128644 0.169396 1.000000
0.455509 -0.037011 0.186290 0.000000
0.374412 -0.653830 0.335002 0.000000
0.267104 -1.027246 0.242660 0.000000
0.460957 0.101472 0.135213 0.000000
0.315322 -0.854929 0.220921 0.000000
0.243031 -0.145200 0.165490 0.000000
0.269555 -0.152867 0.005439 0.000000
0.315034 0.019988 0.159094 0.000000
0.382532 -0.015620 -0.011333 0.000000
0.312758 -0.903186 0.211149 0.000000
0.395073 0.101444 0.048899 0.000000
0.272019 0.031783 0.299543 0.000000
0.318450 -0.911833 0.218394 0.000000
0.404605 0.235245 0.200364 0.000000
0.438388 -0.982721 0.606157 0.000000
0.521676 -0.186792 0.139097 0.000000
0.386038 0.420376 0.158781 0.000000
0.354834 0.105903 0.154595 0.000000
0.332242 -0.816474 0.221072 0.000000
-0.039371 -0.493928 0.155838 0.000000
0.440967 -0.065636 0.229841 0.000000
0.328458 -0.619829 0.204899 0.000000
0.396977 0.233573 0.172743 0.000000
0.340328 -0.839716 0.224112 0.000000
0.327486 0.124034 0.176551 0.000000
0.555215 -1.224355 0.139161 1.000000
0.486580 -0.107920 0.049752 0.000000
0.436603 -1.008990 0.201665 1.000000
0.296849 -1.062616 0.220207 0.000000
0.332947 -0.503951 0.198082 0.000000
-0.080735 -0.543520 0.131970 0.000000
0.478024 -1.098840 0.167598 1.000000
0.401915 -0.193046 0.294369 0.000000
0.341605 -0.647323 0.199979 0.000000
0.339134 0.177489 0.111689 0.000000
0.336447 -0.246780 0.201388 0.000000
0.380612 -0.864435 0.440326 0.000000
0.426704 -1.012145 0.187499 1.000000
0.312069 -0.016829 0.044231 0.000000
0.192478 -0.169801 0.449654 0.000000
0.305081 0.018497 0.171595 0.000000
0.328647 -0.461396 0.187428 0.000000
0.339925 -0.455890 0.185646 0.000000
0.334199 -0.590090 0.202367 0.000000
0.338554 -0.826936 0.211253 0.000000
0.333972 0.245793 0.158717 0.000000
0.241711 -0.134490 0.147253 0.000000
0.322232 0.112493 0.172544 0.000000
0.338143 0.379831 0.126708 0.000000
0.470035 -1.071352 0.175982 1.000000
0.344132 0.196067 0.208088 0.000000
0.425092 -1.003320 0.164820 1.000000
0.403771 0.157382 0.215150 0.000000
0.315252 -1.082065 0.230322 0.000000
0.415724 0.172781 0.095865 0.000000
0.350413 0.351071 0.160583 0.000000
0.352908 0.255830 0.095123 0.000000
0.430378 0.094095 0.185184 0.000000
0.353326 -0.890523 0.181983 1.000000
0.298005 -0.980989 0.229151 0.000000
0.494164 -0.129001 0.175413 0.000000
0.404810 0.189619 0.209311 0.000000
0.396377 0.335184 0.128813 0.000000
0.280041 -1.054925 0.250864 0.000000
0.336416 -0.339399 0.217830 0.000000
0.339896 0.335267 0.160506 0.000000
0.189348 -0.200289 0.480525 0.000000
0.386999 0.320846 0.147360 0.000000
0.379437 -0.937123 0.189464 1.000000
0.329585 -0.764706 0.211992 0.000000
0.357590 -0.417723 0.236838 0.000000
0.527609 -0.174413 0.156899 0.000000
0.365532 0.440847 0.121033 0.000000
0.340723 0.390178 0.137004 0.000000
0.246395 -0.172915 -0.005238 0.000000
0.443811 -1.027270 0.162980 1.000000
0.399451 0.144925 0.222922 0.000000
0.474360 0.019788 0.140485 0.000000
0.385914 -0.770047 0.388511 0.000000
0.340473 -0.724633 0.213939 0.000000
0.326906 -0.271848 0.198691 0.000000
0.447246 -1.027357 0.191878 1.000000
0.342365 -0.394382 0.241998 0.000000
0.399070 0.210574 0.094393 0.000000
0.207099 -0.172439 0.434604 0.000000
0.328530 -0.474268 0.199925 0.000000
0.093870 -0.344230 0.173988 0.000000
0.383837 -0.565239 0.314208 0.000000
0.480086 -0.024977 0.110201 0.000000
0.291474 -0.929016 0.240017 0.000000
0.335370 -0.492135 0.206285 0.000000
0.322449 0.071654 0.172086 0.000000
0.395495 0.225031 0.103506 0.000000
0.616191 -1.318012 0.121600 1.000000
0.371393 -0.928500 0.212169 1.000000
0.425744 -0.972252 0.577348 0.000000
0.247388 -0.120324 0.153998 0.000000
0.326274 -0.755762 0.204863 0.000000
0.279554 -0.988622 0.238458 0.000000
0.374299 0.467952 0.141297 0.000000
0.330480 -0.003748 0.179120 0.000000
0.338042 0.293889 0.183719 0.000000
0.370221 0.048748 0.223364 0.000000
0.152574 -0.274618 0.166028 0.000000
0.296356 -1.001208 0.223211 0.000000
0.076185 -0.241950 -0.051047 0.000000
0.389484 -0.815651 0.416005 0.000000
0.299263 -0.926926 0.232161 0.000000
0.338081 0.148856 0.128172 0.000000
0.364213 -0.530597 0.300614 0.000000
0.449131 0.061165 0.124788 0.000000
0.329597 0.004584 0.186839 0.000000
0.336504 0.071198 0.064573 0.000000
0.337338 -0.569088 0.208482 0.000000
0.338144 0.389245 0.156981 0.000000
0.268550 -1.055256 0.263958 0.000000
0.332851 -0.581299 0.193664 0.000000
0.433737 0.138470 0.170233 0.000000
0.214579 -0.088462 0.382735 0.000000
0.400901 0.219230 0.205914 0.000000
0.331872 0.237433 0.211938 0.000000
0.395565 -0.825517 0.420369 0.000000
0.357273 -0.592085 0.289997 0.000000
0.334146 -0.538407 0.202489 0.000000
0.343828 -0.614657 0.195524 0.000000
0.362711 -0.523607 0.264161 0.000000
0.338229 -0.276641 0.200452 0.000000
0.009493 -0.454170 0.159459 0.000000
0.369926 0.479821 0.120628 0.000000
0.119038 -0.234973 -0.046113 0.000000
0.389037 0.302975 0.131105 0.000000
0.447662 0.107608 0.131646 0.000000
0.293952 -1.075757 0.246600 0.000000
0.399529 0.062448 0.033759 0.000000
-0.035812 -0.502207 0.141310 0.000000
-0.070382 -0.528006 0.143343 0.000000
0.327533 -0.193770 0.180786 0.000000
0.329743 -0.046391 0.188357 0.000000
0.534273 -0.199238 0.164841 0.000000
0.473050 -0.085182 0.185534 0.000000
0.491171 -0.030069 0.375388 0.000000
0.337754 -0.548980 0.193142 0.000000
0.410456 0.002315 0.296229 0.000000
0.308435 -1.037393 0.226900 0.000000
0.100056 -0.326941 0.174097 0.000000
0.342511 0.328621 0.155253 0.000000
0.344037 -0.727340 0.205962 0.000000
0.281274 -0.051178 0.167977 0.000000
0.292540 -0.075593 0.040816 0.000000
0.436073 0.123385 0.126392 0.000000
0.609930 -1.328223 0.116069 1.000000
0.372067 -0.729835 0.362747 0.000000
0.343150 0.211349 0.201022 0.000000
0.348899 -0.898870 0.187811 1.000000
0.455276 -0.018668 0.187014 0.000000
0.356260 -0.469975 0.274409 0.000000
0.341214 -0.374775 0.235369 0.000000
0.451673 0.141118 0.124599 0.000000
0.329651 -0.072150 0.180587 0.000000
0.399140 0.324240 0.163499 0.000000
0.526929 -1.171442 0.148812 1.000000
0.382921 -0.939074 0.179369 1.000000
0.332721 -0.602299 0.202034 0.000000
0.399772 0.118259 0.227147 0.000000
0.492855 -0.051828 0.115919 0.000000
0.338560 -0.773288 0.201139 0.000000
0.420348 0.108432 0.098171 0.000000
0.398095 -0.773541 0.394100 0.000000
0.307972 -0.939974 0.212839 0.000000
0.481395 -0.099785 0.184207 0.000000
0.530440 -0.244127 0.176367 0.000000
0.473087 0.035326 0.143028 0.000000
0.047729 -0.405042 0.171121 0.000000
0.331876 0.194183 0.173011 0.000000
0.292450 -1.074493 0.212132 0.000000
0.195173 -0.201262 0.485640 0.000000
0.326147 -0.122310 0.189890 0.000000
0.294091 -1.048108 0.221208 0.000000
0.360809 -0.543404 0.297263 0.000000
0.194849 -0.198370 -0.030544 0.000000
0.309726 -0.891105 0.241705 0.000000
0.437576 0.167357 0.135336 0.000000
0.273012 -1.017012 0.242651 0.000000
0.378292 0.038779 0.228443 0.000000
0.330109 -0.789165 0.204350 0.000000
0.563345 -0.048132 0.436567 0.000000
0.447978 -1.032281 0.168374 1.000000
0.565222 -1.234880 0.135950 1.000000
0.463820 -1.069717 0.167357 1.000000
0.094928 -0.245444 -0.049661 0.000000
0.447808 -0.021450 0.067754 0.000000
0.299835 -0.010786 0.172905 0.000000
0.340056 -0.616432 0.204934 0.000000
0.342177 -0.804618 0.206629 0.000000
0.124113 -0.312588 0.169562 0.000000
0.330872 0.163097 0.217247 0.000000
0.325589 -0.608520 0.205706 0.000000
0.340141 -0.592852 0.189434 0.000000
0.600388 -1.281263 0.120761 1.000000
0.377113 0.477653 0.151193 0.000000
0.327764 -0.101805 0.186091 0.000000
0.387250 -0.835159 0.421449 0.000000
0.422721 0.092591 0.095309 0.000000
-0.054795 -0.511843 0.150760 0.000000
0.351996 0.391901 0.161423 0.000000
0.357439 0.282706 0.107972 0.000000
0.323586 -0.867471 0.210962 0.000000
0.339721 -0.453201 0.202265 0.000000
0.498081 -0.028284 0.382863 0.000000
0.330982 -0.154170 0.187145 0.000000
0.426801 0.115260 0.116815 0.000000
0.288634 -0.104354 0.019177 0.000000
0.395056 0.385051 0.153633 0.000000
0.437454 0.093403 0.122658 0.000000
0.394793 -0.696010 0.358389 0.000000
0.137659 -0.314273 0.168287 0.000000
0.290987 -0.992414 0.245271 0.000000
0.474052 -1.078822 0.161134 1.000000
0.325425 -0.507265 0.197055 0.000000
0.198777 -0.113588 0.400338 0.000000
0.316509 -0.906587 0.224091 0.000000
0.556631 -1.233435 0.132489 1.000000
0.022254 -0.430549 0.169347 0.000000
0.413035 -0.965933 0.572526 0.000000
0.414094 -0.953013 0.528164 0.000000
0.438325 0.087614 0.174254 0.000000
0.397850 0.373169 0.153506 0.000000
0.331652 -0.362396 0.230825 0.000000
0.313096 -0.860802 0.215176 0.000000
0.312672 0.022347 0.172423 0.000000
0.328700 -0.565292 0.191100 0.000000
0.547844 -1.227733 0.136677 1.000000
0.613456 -1.296840 0.114956 1.000000
0.420741 0.240576 0.122978 0.000000
0.358041 -0.450085 0.246321 0.000000
0.420532 -0.965220 0.565349 0.000000
0.276957 -0.058662 0.170361 0.000000
0.312306 -1.142561 0.243419 0.000000
0.307529 -0.960892 0.216991 0.000000
0.396054 -0.965612 0.184227 1.000000
0.316281 -0.988992 0.227066 0.000000
0.393332 0.308977 0.162936 0.000000
0.322572 -0.021378 0.185481 0.000000
0.326197 0.075318 0.177865 0.000000
0.330354 -0.093887 0.180469 0.000000
0.279019 -1.050553 0.240283 0.000000
0.395138 0.145445 0.068819 0.000000
0.376505 0.481388 0.127440 0.000000
0.513836 -0.095786 0.158825 0.000000
0.412320 0.199027 0.123356 0.000000
0.379553 -0.940858 0.218599 1.000000
0.322270 0.224038 0.114195 0.000000
0.314154 -0.926504 0.227942 0.000000
0.271988 -1.040874 0.262742 0.000000
0.379690 -0.903012 0.473480 0.000000
0.495371 -1.124430 0.168361 1.000000
0.117814 -0.289641 0.168247 0.000000
0.403843 0.173442 0.213293 0.000000
0.046723 -0.419185 0.165053 0.000000
0.337650 -0.448306 0.188793 0.000000
0.293842 0.066133 0.275268 0.000000
0.372566 -0.666390 0.344890 0.000000
0.342555 -0.863731 0.213665 0.000000
0.336238 0.164541 0.246646 0.000000
0.410345 -0.172440 0.272325 0.000000
0.349383 0.245963 0.201564 0.000000
0.399888 0.262033 0.196400 0.000000
0.408689 0.224413 0.170470 0.000000
0.101677 -0.319426 0.173825 0.000000
0.344185 -0.661934 0.204722 0.000000
0.451434 0.037742 0.185225 0.000000
0.259924 0.014790 0.310832 0.000000
0.337094 -0.644983 0.208320 0.000000
0.208865 -0.192604 0.152833 0.000000
0.530756 -1.166938 0.161808 1.000000
0.442695 -0.028551 0.216751 0.000000
0.359418 -0.636319 0.313691 0.000000
0.378270 -0.579154 0.317225 0.000000
0.392770 0.207309 0.097378 0.000000
0.537269 -1.209328 0.141454 1.000000
0.524921 -1.185297 0.144613 1.000000
0.386767 -0.948536 0.204930 1.000000
0.399946 0.125729 0.222868 0.000000
0.330757 -0.556956 0.203759 0.000000
0.388759 0.431572 0.153291 0.000000
0.301750 -0.887491 0.226208 0.000000
0.032450 -0.425507 0.164493 0.000000
0.399597 0.195407 0.092384 0.000000
0.338899 -0.553893 0.207310 0.000000
0.339658 -0.809157 0.218072 0.000000
0.381912 -0.714902 0.368937 0.000000
0.488127 -1.097580 0.162496 1.000000
0.275024 -1.087718 0.283066 0.000000
0.322834 -0.355058 0.193047 0.000000
0.255096 -0.060991 0.355648 0.000000
0.547448 -1.204346 0.143923 1.000000
0.262790 -1.044873 0.234185 0.000000
-0.023016 -0.491147 0.143040 0.000000
0.326517 -0.147530 0.190117 0.000000
0.338617 -0.773915 0.210867 0.000000
0.338916 0.317732 0.104079 0.000000
0.473450 -0.017209 0.115329 0.000000
0.387898 0.051016 0.029253 0.000000
0.327610 -0.035733 0.179332 0.000000
0.374382 -0.608987 0.328209 0.000000
0.353629 -0.451612 0.275542 0.000000
0.457807 0.088369 0.133437 0.000000
0.338980 -0.493991 0.183550 0.000000
0.285936 -0.935862 0.233492 0.000000
0.399380 0.111325 0.221056 0.000000
0.317695 0.028326 0.163725 0.000000
0.446508 -0.981935 0.605496 0.000000
0.460774 -0.016307 0.351985 0.000000
0.338413 -0.250845 0.185808 0.000000
0.339765 -0.575142 0.189278 0.000000
0.342107 -0.854371 0.218764 0.000000
0.371689 0.439635 0.116692 0.000000
0.368815 0.416335 0.116521 0.000000
0.498393 -0.043918 0.136840 0.000000
0.315912 -1.074072 0.233758 0.000000
0.187785 -0.154936 0.437815 0.000000
0.395595 0.154146 0.073835 0.000000
0.219524 -0.204640 0.165465 0.000000
0.338154 0.285373 0.168020 0.000000
0.218886 -0.190482 -0.025685 0.000000
0.251367 -0.014639 0.332563 0.000000
0.388500 0.036305 0.238723 0.000000
0.397194 0.054914 0.022803 0.000000
0.397274 0.255628 0.108737 0.000000
0.331599 -0.626722 0.194613 0.000000
0.328459 -0.306766 0.202298 0.000000
0.329143 -0.582071 0.205511 0.000000
0.328048 0.200613 0.167227 0.000000
0.327214 0.091970 0.166706 0.000000
0.508555 -0.177484 0.006292 0.000000
0.197820 -0.152827 0.430975 0.000000
0.456592 -1.061759 0.172172 1.000000
0.531588 -0.213600 0.122596 0.000000
0.236332 -0.140464 0.147695 0.000000
0.341245 0.257643 0.165117 0.000000
0.335106 0.144035 0.252010 0.000000
0.325393 0.112273 0.072412 0.000000
0.294114 -0.022480 0.176286 0.000000
0.264756 -0.020257 0.334358 0.000000
0.347670 -0.427894 0.263565 0.000000
0.260256 -0.148468 0.005864 0.000000
0.441788 -0.001903 0.070505 0.000000
0.271796 -0.136658 -0.001053 0.000000
0.388655 0.356556 0.165013 0.000000
0.352628 -0.449390 0.259711 0.000000
0.389350 0.015947 0.241121 0.000000
0.328496 -0.460744 0.196484 0.000000
0.355442 -0.373208 0.216304 0.000000
0.327705 0.267369 0.105100 0.000000
0.343069 0.422127 0.152625 0.000000
0.331123 0.243280 0.102682 0.000000
0.396264 0.317515 0.124396 0.000000
-0.058609 -0.528883 0.128676 0.000000
0.452609 -0.002442 0.188897 0.000000
0.378770 -0.033365 -0.021751 0.000000
0.445478 0.064370 0.118929 0.000000
0.335508 0.132904 0.081168 0.000000
0.452849 0.129746 0.125772 0.000000
0.184986 -0.205051 -0.039350 0.000000
0.579640 -1.278551 0.121503 1.000000
0.259576 -0.016654 0.329005 0.000000
0.316853 -0.910038 0.205101 0.000000
0.196324 -0.206426 0.152170 0.000000
0.539298 -0.114796 0.117351 0.000000
0.386901 0.002442 0.244629 0.000000
0.283949 -1.097144 0.249983 0.000000
0.205511 -0.200632 -0.026646 0.000000
0.484514 -0.114872 0.177692 0.000000
0.299886 -1.008630 0.220919 0.000000
0.340510 -0.707437 0.211839 0.000000
0.347758 0.415362 0.119558 0.000000
0.328254 -0.205406 0.187226 0.000000
0.312882 -1.064902 0.237628 0.000000
0.408383 0.000174 0.283986 0.000000
0.340322 -0.347688 0.218034 0.000000
0.417397 0.126629 0.096668 0.000000
0.335506 -0.815353 0.204621 0.000000
0.290632 -0.028947 0.155649 0.000000
0.385114 0.421065 0.149808 0.000000
0.388697 -0.911529 0.485007 0.000000
0.311060 -1.016377 0.234978 0.000000
0.216183 -0.182475 0.154026 0.000000
0.392251 -0.868884 0.442613 0.000000
0.583753 -1.290992 0.119453 1.000000
0.392615 0.093949 0.227514 0.000000
0.477920 -1.071995 0.187085 1.000000
0.357456 -0.498973 0.287508 0.000000
-0.074025 -0.534587 0.143101 0.000000
0.328961 0.174984 0.168478 0.000000
0.330124 -0.564447 0.205655 0.000000
0.309940 -0.853609 0.226310 0.000000
0.499445 -1.120174 0.158415 1.000000
0.361873 -0.502094 0.281349 0.000000
0.385090 0.406078 0.138154 0.000000
0.374099 -0.935827 0.180537 1.000000
0.309785 -0.978792 0.216214 0.000000
0.284586 -1.070754 0.235492 0.000000
0.420658 -0.997190 0.196338 1.000000
0.522099 -1.138170 0.159453 1.000000
0.397764 0.083639 0.228971 0.000000
0.328728 -0.336087 0.189255 0.000000
0.437563 0.048861 0.198424 0.000000
0.291772 -1.086331 0.229394 0.000000
0.276766 -0.129254 0.013911 0.000000
0.333403 -0.273886 0.195249 0.000000
0.300040 -1.039963 0.229573 0.000000
0.427092 0.159957 0.172949 0.000000
0.341629 -0.385977 0.237624 0.000000
0.324878 0.160133 0.123535 0.000000
0.237396 -0.081311 0.370650 0.000000
0.344380 -0.763249 0.211128 0.000000
0.292501 -1.151995 0.223744 0.000000
0.353544 0.304374 0.168181 0.000000
0.334771 0.397579 0.129765 0.000000
0.177531 -0.212119 -0.035988 0.000000
0.392696 -0.710913 0.365553 0.000000
0.532667 -0.167721 0.151647 0.000000
0.374619 0.382637 0.113212 0.000000
0.284040 -0.947814 0.228188 0.000000
0.439066 -0.009130 0.066694 0.000000
0.330962 0.147203 0.238136 0.000000
0.389813 0.395526 0.147992 0.000000
0.403598 0.096196 0.224348 0.000000
0.449216 0.015500 0.085487 0.000000
0.199808 -0.131344 0.415831 0.000000
0.295979 -1.055867 0.212194 0.000000
0.417991 0.131320 0.194074 0.000000
0.371059 0.372372 0.119917 0.000000
0.347987 0.224049 0.085347 0.000000
0.313928 0.064707 0.064574 0.000000
-0.018108 -0.475775 0.158409 0.000000
0.602506 -1.302911 0.112577 1.000000
0.417848 -0.960633 0.548340 0.000000
0.491739 -0.030836 0.154338 0.000000
0.589577 -0.048791 0.452045 0.000000
0.336359 -0.868871 0.204115 0.000000
0.324634 0.166775 0.214306 0.000000
0.356473 -0.468556 0.267064 0.000000
0.333402 -0.310094 0.196150 0.000000
0.382732 -0.876634 0.446683 0.000000
0.287381 -0.963863 0.236395 0.000000
0.365414 -0.721643 0.356317 0.000000
0.528996 -0.131021 0.156674 0.000000
0.333602 -0.433242 0.182868 0.000000
0.335737 -0.508696 0.185352 0.000000
0.474538 -0.085546 0.057544 0.000000
0.356578 -0.906873 0.214583 1.000000
0.418785 -0.970256 0.585614 0.000000
0.286261 -0.111565 0.009375 0.000000
0.394081 0.476075 0.123896 0.000000
0.416380 0.230597 0.166471 0.000000
0.350304 -0.408230 0.240567 0.000000
0.479694 -1.082688 0.180299 1.000000
0.386869 0.302559 0.158817 0.000000
0.267693 -1.066762 0.241457 0.000000
0.529531 -0.191837 0.162015 0.000000
0.314665 0.125756 0.227937 0.000000
0.389328 0.027793 0.233068 0.000000
0.206367 -0.160921 0.426720 0.000000
0.570617 -1.221893 0.136842 1.000000
0.297753 -0.014427 0.152393 0.000000
0.332214 -0.440081 0.190410 0.000000
0.332186 0.237445 0.159493 0.000000
0.516117 -1.168589 0.147026 1.000000
0.036118 -0.432376 0.167412 0.000000
0.322945 -0.014583 0.179471 0.000000
0.424474 -0.116183 0.243865 0.000000
0.419553 -0.974559 0.572308 0.000000
-0.097665 -0.567340 0.123802 0.000000
0.335629 0.346305 0.114737 0.000000
0.439137 0.024066 0.087438 0.000000
0.347285 -0.430480 0.247286 0.000000
-0.014314 -0.483420 0.145925 0.000000
0.355008 -0.394300 0.228742 0.000000
0.321685 -1.135606 0.242229 0.000000
0.257683 -0.102502 0.159129 0.000000
0.240039 -1.106724 0.251848 0.000000
0.432820 -0.005497 0.329342 0.000000
0.445744 0.050139 0.191727 0.000000
0.417199 0.205020 0.170220 0.000000
0.304705 -0.933921 0.233834 0.000000
0.468436 0.019619 0.113122 0.000000
0.389697 0.482046 0.117642 0.000000
0.290254 -0.937857 0.227530 0.000000
0.418789 0.174686 0.176926 0.000000
0.211601 -0.126027 0.401553 0.000000
0.341952 -0.675752 0.202886 0.000000
0.428563 -0.984427 0.590829 0.000000
0.364102 -0.925391 0.225789 1.000000
0.307169 -0.948240 0.226677 0.000000
0.211355 -0.217251 0.166396 0.000000
0.299903 -0.034016 0.050839 0.000000
0.345188 0.358120 0.155960 0.000000
0.346485 -0.334553 0.200944 0.000000
0.501163 -0.266967 -0.069466 0.000000
0.332868 -0.336376 0.199825 0.000000
0.263953 -0.087589 0.159181 0.000000
0.319731 -0.858517 0.207914 0.000000
0.346098 0.218788 0.096816 0.000000
0.270480 -1.053417 0.270851 0.000000
-0.079298 -0.547970 0.139846 0.000000
0.252039 -0.045336 0.349182 0.000000
0.430428 0.079602 0.199956 0.000000
0.335637 0.166756 0.234960 0.000000
0.344399 0.307570 0.164918 0.000000
0.384647 0.294291 0.119920 0.000000
0.338568 -0.683398 0.211422 0.000000
0.320144 -0.244248 0.193897 0.000000
0.362773 -0.518308 0.283782 0.000000
0.396138 -0.956803 0.180027 1.000000
0.323566 0.136856 0.230893 0.000000
0.473186 -0.067277 0.064684 0.000000
0.296463 -0.945690 0.237170 0.000000
0.380601 -0.945185 0.192116 1.000000
0.260710 0.027983 0.302317 0.000000
0.330067 -0.669039 0.199470 0.000000
0.326048 0.185440 0.169542 0.000000
-0.094669 -0.558080 0.127113 0.000000
0.452173 -0.017047 0.341533 0.000000
0.328436 -0.431565 0.196160 0.000000
0.306058 0.045357 0.060106 0.000000
0.341255 -0.334306 0.212730 0.000000
0.358671 -0.546147 0.265676 0.000000
0.342776 -0.634087 0.201347 0.000000
0.358430 -0.598599 0.294771 0.000000
0.359783 -0.899085 0.206596 1.000000
0.516696 -1.168516 0.155683 1.000000
0.069004 -0.375389 0.171834 0.000000
0.325027 -0.135400 0.183670 0.000000
0.331623 -0.802231 0.218760 0.000000
0.342420 0.446804 0.150522 0.000000
0.345837 0.371818 0.154695 0.000000
0.437475 0.101274 0.169314 0.000000
0.382540 -0.024377 0.252771 0.000000
0.491758 -0.065661 0.108760 0.000000
0.390748 0.351165 0.159536 0.000000
0.300191 0.056607 0.289543 0.000000
0.343485 0.250043 0.199977 0.000000
0.507400 -1.122371 0.164637 1.000000
0.427970 0.181146 0.167531 0.000000
0.281127 -1.107882 0.252928 0.000000
0.190785 -0.142430 0.433196 0.000000
0.379677 -0.777826 0.392477 0.000000
0.179771 -0.263708 0.569252 0.000000
0.324540 -0.853037 0.212035 0.000000
0.634120 -0.162479 0.093711 0.000000
0.357353 -0.536809 0.289470 0.000000
0.276564 -1.051943 0.256589 0.000000
0.362382 -0.509652 0.282671 0.000000
0.289916 -1.055000 0.242840 0.000000
0.401281 -0.910826 0.477168 0.000000
0.332980 0.281989 0.099865 0.000000
0.437613 -1.024564 0.176606 1.000000
0.364802 0.429282 0.121849 0.000000
0.237247 -0.059507 0.360115 0.000000
0.222352 -0.107547 0.384994 0.000000
0.127363 -0.298116 0.169645 0.000000
0.230416 -0.162101 0.149932 0.000000
0.333413 -0.571187 0.193274 0.000000
0.333432 -0.739390 0.214297 0.000000
-0.043787 -0.511114 0.137626 0.000000
0.484235 -0.122587 0.044071 0.000000
0.201558 -0.168762 0.438062 0.000000
-0.022224 -0.482178 0.155039 0.000000
0.071106 -0.364854 0.177479 0.000000
0.400055 -0.920833 0.486839 0.000000
0.368741 0.384696 0.118483 0.000000
0.408606 0.196352 0.108561 0.000000
0.395278 0.190288 0.079991 0.000000
0.351735 -0.890346 0.203174 1.000000
0.325796 -0.441137 0.195805 0.000000
0.264966 -1.109751 0.269068 0.000000
0.486328 -0.135782 0.038997 0.000000
0.211008 -0.141685 0.412659 0.000000
0.348704 -0.337688 0.209209 0.000000
0.322254 0.105723 0.168626 0.000000
0.343998 0.201670 0.101928 0.000000
0.316719 -0.900330 0.220339 0.000000
-0.003866 -0.458412 0.165720 0.000000
0.398552 -0.206200 0.305073 0.000000
0.377563 0.442523 0.128896 0.000000
0.385163 0.397073 0.124729 0.000000
0.387298 0.012746 0.003181 0.000000
0.315891 0.089475 0.271641 0.000000
0.343795 0.356737 0.168314 0.000000
0.327288 0.081993 0.070506 0.000000
0.325321 -0.084813 0.188548 0.000000
0.300857 -0.934774 0.213624 0.000000
0.329680 0.152844 0.226880 0.000000
0.328899 -0.493483 0.199845 0.000000
0.463020 -0.077915 0.056069 0.000000
0.473094 -1.061883 0.191220 1.000000
0.227695 -0.180197 0.162917 0.000000
0.442025 0.025353 0.212325 0.000000
0.259436 -0.113419 0.170553 0.000000
0.430689 0.109094 0.123730 0.000000
0.344877 0.220128 0.197161 0.000000
0.418895 -0.147473 0.260093 0.000000
0.466657 -0.070560 0.181871 0.000000
0.298913 -1.041430 0.220264 0.000000
0.442638 0.145924 0.130149 0.000000
0.292946 -1.043419 0.233068 0.000000
0.328523 0.144148 0.071215 0.000000
0.325562 -0.536107 0.199400 0.000000
0.267155 -0.080881 0.166438 0.000000
0.323862 0.270034 0.110652 0.000000
0.515357 -0.096753 0.146840 0.000000
0.405843 0.258365 0.122854 0.000000
0.237349 -0.127342 0.142484 0.000000
0.242596 -0.071190 0.363921 0.000000
0.512623 -0.205490 -0.017300 0.000000
0.392754 -0.769366 0.390817 0.000000
0.511424 -1.140565 0.168899 1.000000
0.406359 0.181150 0.109324 0.000000
0.398897 0.302230 0.126561 0.000000
0.265448 0.018627 0.307463 0.000000
0.287445 -0.036456 0.173479 0.000000
0.082533 -0.382198 0.167915 0.000000
0.337950 -0.524469 0.184969 0.000000
0.325532 -0.939306 0.224722 0.000000
0.286980 -1.006214 0.256949 0.000000
0.005068 -0.449954 0.165775 0.000000
0.286452 -1.007310 0.265365 0.000000
0.322461 -1.099931 0.243243 0.000000
0.360985 -0.584922 0.296865 0.000000
0.328858 -0.486238 0.185850 0.000000
0.279987 0.048651 0.287778 0.000000
0.253666 -1.059937 0.240529 0.000000
0.592349 -0.152546 0.109591 0.000000
0.305110 -1.061362 0.235285 0.000000
0.251279 -0.023490 0.337504 0.000000
0.336533 0.177211 0.222365 0.000000
0.362286 0.080162 0.175743 0.000000
0.431005 0.183680 0.126942 0.000000
0.403876 0.008470 0.295291 0.000000
-0.117464 -0.581582 0.131244 0.000000
0.395444 0.407574 0.139705 0.000000
0.399975 0.205070 0.213265 0.000000
0.342949 0.483551 0.148633 0.000000
0.392356 0.263224 0.200142 0.000000
0.303562 -0.966951 0.218173 0.000000
0.311095 -1.023860 0.234034 0.000000
0.382366 0.473404 0.125227 0.000000
0.360188 -0.565968 0.284043 0.000000
0.243464 -0.133993 0.157361 0.000000
0.444894 -1.044107 0.185306 1.000000
0.402177 0.205129 0.101579 0.000000
0.333636 -0.526137 0.197352 0.000000
0.436347 -0.094692 0.239167 0.000000
0.333912 -0.399791 0.198292 0.000000
0.296840 -0.062282 0.038163 0.000000
0.302193 -0.996837 0.221800 0.000000
0.385122 -0.643011 0.336568 0.000000
0.499747 -0.068097 0.120543 0.000000
0.353650 0.122998 0.141140 0.000000
0.557606 -1.214159 0.142813 1.000000
0.334344 -0.137048 0.191232 0.000000
0.321220 -0.884748 0.238174 0.000000
0.434586 0.080309 0.085522 0.000000
0.296502 -1.085258 0.239594 0.000000
0.340867 -0.624642 0.207055 0.000000
0.448494 0.022031 0.187474 0.000000
0.325695 -0.415784 0.192316 0.000000
0.294148 -0.983740 0.223505 0.000000
0.334179 0.293118 0.162788 0.000000
0.522910 -1.174600 0.142151 1.000000
0.322071 0.299915 0.108164 0.000000
0.475081 -0.099326 0.052415 0.000000
0.275108 -1.034043 0.267762 0.000000
0.373764 -0.640361 0.329593 0.000000
0.513523 -0.169715 0.152832 0.000000
0.328260 -0.325625 0.189985 0.000000
0.402541 0.230402 0.169479 0.000000
0.425112 0.146373 0.128500 0.000000
0.386058 -0.889391 0.458537 0.000000
0.314736 -0.893495 0.217397 0.000000
0.460933 0.083183 0.137300 0.000000
0.370417 0.423797 0.116252 0.000000
0.305235 0.080845 0.269294 0.000000
0.292437 -1.095548 0.231188 0.000000
0.307010 -1.056402 0.230249 0.000000
0.373535 -0.568735 0.305266 0.000000
0.522354 -0.136874 0.144846 0.000000
0.403528 0.196854 0.122353 0.000000
0.331018 -0.355714 0.233470 0.000000
0.335261 -0.743946 0.200532 0.000000
0.361762 -0.537603 0.278080 0.000000
0.497891 -1.133741 0.159623 1.000000
0.340660 0.366929 0.115591 0.000000
0.458500 -0.009384 0.193142 0.000000
0.415620 -1.002587 0.172050 1.000000
0.043917 -0.403279 0.179895 0.000000
0.389774 -0.701084 0.357051 0.000000
0.203303 -0.109450 0.405325 0.000000
0.399856 0.396044 0.143129 0.000000
0.328182 0.062911 0.066249 0.000000
0.392639 -0.959581 0.196037 1.000000
0.438273 0.032398 0.077970 0.000000
0.330718 -0.596931 0.206442 0.000000
0.530174 -1.189337 0.149603 1.000000
0.379239 0.034846 0.242622 0.000000
0.502939 -1.138711 0.157061 1.000000
0.008588 -0.461436 0.154378 0.000000
0.287703 -1.067770 0.252133 0.000000
0.518679 -0.108802 0.154221 0.000000
-0.086164 -0.549213 0.128133 0.000000
0.336672 -0.858665 0.211126 0.000000
0.223471 -0.171471 0.153985 0.000000
0.387157 0.310156 0.137130 0.000000
0.229448 -0.183958 -0.021310 0.000000
0.296050 -0.092835 0.036744 0.000000
0.336031 0.150658 0.249339 0.000000
0.305914 -0.997709 0.213820 0.000000
0.280024 -0.947496 0.234092 0.000000
0.443697 0.051045 0.182974 0.000000
0.341146 0.394359 0.129518 0.000000
0.366246 -0.506554 0.289833 0.000000
0.356033 -0.904421 0.178267 1.000000
0.435261 0.064440 0.204418 0.000000
0.399700 -0.886028 0.456079 0.000000
0.180666 -0.260777 0.172139 0.000000
0.314865 0.113425 0.242978 0.000000
0.391438 0.300505 0.124268 0.000000
0.331175 0.138108 0.249158 0.000000
0.334795 0.176177 0.086825 0.000000
0.558456 -0.135039 0.114316 0.000000
0.442811 -1.038911 0.189739 1.000000
0.341275 -0.700018 0.195368 0.000000
0.347221 -0.877130 0.209888 1.000000
0.330568 -0.294693 0.193759 0.000000
0.371009 0.335909 0.117622 0.000000
0.390396 -0.918841 0.492028 0.000000
0.181413 -0.264068 0.554555 0.000000
0.365176 -0.919248 0.217518 1.000000
0.426116 0.190251 0.127438 0.000000
0.360580 -0.533849 0.295421 0.000000
0.499194 -1.128621 0.147956 1.000000
0.399255 0.134247 0.225251 0.000000
0.350029 -0.389052 0.227265 0.000000
0.395386 -0.965482 0.191590 1.000000
0.279771 -1.019139 0.241963 0.000000
0.338876 -0.556713 0.193233 0.000000
0.208131 -0.151777 0.419779 0.000000
0.246799 -1.135974 0.248567 0.000000
0.384067 -0.721473 0.365278 0.000000
0.327740 -0.661878 0.206147 0.000000
0.430348 0.160664 0.123444 0.000000
0.335591 -0.224929 0.190939 0.000000
0.348120 -0.447087 0.247966 0.000000
0.310824 0.036581 0.171088 0.000000
0.351876 -0.433276 0.235403 0.000000
0.415401 0.202076 0.107050 0.000000
0.529210 -0.179306 0.161794 0.000000
0.581774 -1.269521 0.124206 1.000000
0.445293 -1.031123 0.178503 1.000000
0.323280 -0.889813 0.217108 0.000000
0.292572 -0.094660 0.022437 0.000000
0.397519 -0.961392 0.204270 1.000000
0.335187 -0.830548 0.204617 0.000000
0.395712 0.347058 0.170707 0.000000
0.346367 0.385437 0.126970 0.000000
-0.110801 -0.569364 0.123397 0.000000
0.327238 -0.542604 0.193779 0.000000
0.397075 0.073560 0.231689 0.000000
0.350946 -0.355435 0.214885 0.000000
0.359932 -0.530086 0.263405 0.000000
0.088345 -0.241304 -0.047605 0.000000
0.509253 -1.116469 0.170866 1.000000
0.294753 -1.128136 0.223354 0.000000
0.431885 0.072212 0.082030 0.000000
0.331564 0.237612 0.107380 0.000000
0.528026 -1.196954 0.136840 1.000000
0.313324 -0.860445 0.224893 0.000000
0.626582 -0.159877 0.104644 0.000000
0.397327 0.104655 0.231704 0.000000
0.364048 0.467453 0.122237 0.000000
0.326790 0.121535 0.079002 0.000000
0.337795 -0.467755 0.183455 0.000000
0.447270 -0.013847 0.070633 0.000000
0.188499 -0.188378 0.470291 0.000000
0.376601 -0.563565 0.317164 0.000000
0.365555 -0.585047 0.312552 0.000000
0.325183 0.204462 0.111081 0.000000
0.396630 0.245435 0.201271 0.000000
0.331189 -0.516896 0.188286 0.000000
0.329213 -0.228809 0.190638 0.000000
0.311880 -0.964611 0.206063 0.000000
0.508168 -0.074493 0.153406 0.000000
0.299111 -0.019842 0.050599 0.000000
0.332200 0.141674 0.079472 0.000000
0.320211 -0.308743 0.204719 0.000000
0.598033 -1.286207 0.125237 1.000000
0.308636 0.105752 0.244342 0.000000
0.338633 -0.300341 0.196809 0.000000
0.405711 -0.817424 0.416917 0.000000
0.520804 -0.115955 0.155774 0.000000
0.436340 -0.975412 0.607406 0.000000
0.346765 0.437246 0.147945 0.000000
0.296676 0.082023 0.258139 0.000000
0.297423 -1.016883 0.229533 0.000000
0.502359 -0.069475 0.135725 0.000000
0.467367 -0.031574 0.350946 0.000000
0.323869 0.000011 0.173028 0.000000
0.432900 -1.034327 0.172320 1.000000
0.344384 -0.825443 0.207560 0.000000
0.305732 -0.050599 0.035144 0.000000
0.442614 0.014197 0.209631 0.000000
0.342001 0.221930 0.210400 0.000000
0.257090 -0.159365 -0.000620 0.000000
0.039781 -0.414377 0.170193 0.000000
0.442344 0.084214 0.119506 0.000000
0.326090 -0.203077 0.194450 0.000000
0.332450 -0.281216 0.193923 0.000000
0.291077 0.047676 0.287141 0.000000
0.320054 -1.113999 0.235926 0.000000
0.424351 0.119336 0.092435 0.000000
0.132308 -0.226562 -0.044515 0.000000
0.335161 -0.764169 0.207715 0.000000
0.349992 -0.396968 0.233669 0.000000
0.436004 -1.019661 0.170381 1.000000
0.572079 -1.262423 0.125646 1.000000
0.323213 -0.162652 0.185542 0.000000
0.325734 -0.244463 0.189600 0.000000
0.345920 0.458796 0.143122 0.000000
0.203819 -0.224392 0.164037 0.000000
0.426072 -1.013261 0.180577 1.000000
0.336803 -0.310327 0.184930 0.000000
0.359773 -0.519697 0.271062 0.000000
0.356877 -0.914167 0.234357 1.000000
0.444825 -0.005264 0.216261 0.000000
0.479485 0.041474 0.125007 0.000000
0.317381 -0.872455 0.212388 0.000000
0.363409 -0.524330 0.280205 0.000000
0.334051 0.324758 0.107899 0.000000
0.371951 0.340666 0.124939 0.000000
0.251063 -0.108215 0.146191 0.000000
0.361077 0.294318 0.102754 0.000000
0.541232 -1.213075 0.137025 1.000000
0.337380 -0.717800 0.197503 0.000000
0.408354 -0.949101 0.521495 0.000000
0.301382 0.062724 0.284495 0.000000
0.450097 -0.012474 0.077550 0.000000
0.618721 -0.158706 0.106839 0.000000
0.190919 -0.182536 0.461362 0.000000
0.387428 0.040741 0.023644 0.000000
0.191857 -0.223848 0.158440 0.000000
0.350350 0.443970 0.150758 0.000000
0.176480 -0.269852 0.568427 0.000000
0.357095 -0.490298 0.257877 0.000000
0.346707 0.443316 0.156770 0.000000
0.357732 -0.499382 0.258679 0.000000
0.338111 -0.841258 0.200404 0.000000
0.320738 0.051194 0.061336 0.000000
0.306728 -0.056778 0.031899 0.000000
0.375112 0.396033 0.120947 0.000000
0.310581 0.013701 0.161868 0.000000
0.304982 0.021659 0.057689 0.000000
0.493901 -0.041151 0.147630 0.000000
0.098379 -0.235036 -0.047155 0.000000
0.334619 0.136010 0.170424 0.000000
0.463209 0.043329 0.144491 0.000000
0.297598 -0.991161 0.236598 0.000000
0.369500 -0.926075 0.174245 1.000000
0.372032 0.482482 0.145868 0.000000
0.271122 -1.040290 0.237762 0.000000
0.279122 -0.046115 0.149675 0.000000
0.448858 -0.033217 0.216056 0.000000
0.329799 -0.341513 0.216950 0.000000
0.320392 0.104982 0.261818 0.000000
0.342995 -0.583192 0.195949 0.000000
0.209081 -0.194910 -0.029308 0.000000
0.331408 -0.504666 0.190603 0.000000
0.284449 -1.128556 0.256097 0.000000
0.475685 -1.091293 0.168793 1.000000
0.271659 -1.046550 0.270243 0.000000
0.101513 -0.353480 0.168817 0.000000
0.309310 -1.004853 0.234183 0.000000
0.355843 -0.539014 0.268051 0.000000
0.333295 -0.426038 0.194739 0.000000
-0.001113 -0.477111 0.144597 0.000000
0.333094 -0.087475 0.183811 0.000000
0.336717 -0.332978 0.194853 0.000000
0.359588 -0.570078 0.296265 0.000000
0.188179 -0.222298 0.511737 0.000000
0.488824 -0.124616 0.174081 0.000000
0.261746 -0.010510 0.325714 0.000000
0.163285 -0.279075 0.166426 0.000000
0.335748 0.119382 0.079721 0.000000
0.426063 0.084464 0.086250 0.000000
0.226571 -0.183663 0.168870 0.000000
0.338654 -0.790398 0.208823 0.000000
0.507387 -0.062892 0.153344 0.000000
0.527416 -0.137743 0.161650 0.000000
0.068208 -0.396304 0.168087 0.000000
0.353571 -0.453791 0.265612 0.000000
0.191391 -0.256159 0.556794 0.000000
0.336860 -0.683605 0.204223 0.000000
0.222598 -0.194479 0.163882 0.000000
0.213035 -0.136084 0.408840 0.000000
0.397097 0.130527 0.230987 0.000000
0.401086 0.285668 0.162746 0.000000
0.326584 0.090303 0.173835 0.000000
0.178044 -0.266937 0.167284 0.000000
0.370154 0.416978 0.123390 0.000000
0.418088 0.222582 0.123208 0.000000
0.333866 -0.361394 0.194824 0.000000
-0.064794 -0.529698 0.131780 0.000000
0.330272 -0.801727 0.202643 0.000000
0.330980 -0.257210 0.197427 0.000000
0.330582 -0.720740 0.205619 0.000000
0.347197 0.232204 0.093526 0.000000
0.367879 -0.525071 0.298186 0.000000
0.340893 0.202337 0.214046 0.000000
0.362305 -0.794519 0.393694 0.000000
0.315334 -0.907858 0.242479 0.000000
0.337442 -0.364371 0.184911 0.000000
0.372632 -0.562643 0.310878 0.000000
0.385459 -0.869351 0.441174 0.000000
0.366930 -0.823919 0.410634 0.000000
0.381263 0.309848 0.116687 0.000000
0.376888 0.038469 0.235842 0.000000
0.499636 -0.054509 0.148898 0.000000
0.346973 -0.881167 0.198817 1.000000
0.445073 0.071494 0.120425 0.000000
0.433828 -1.025379 0.192489 1.000000
0.277712 -0.056526 0.160419 0.000000
0.213164 -0.109844 0.395627 0.000000
0.292672 -0.030648 0.179527 0.000000
0.237355 -0.150866 0.159513 0.000000
0.520231 -0.113738 0.139268 0.000000
0.375331 -0.622988 0.325700 0.000000
0.299270 -1.047489 0.213168 0.000000
0.488524 -1.097321 0.173981 1.000000
0.527268 -0.203268 0.130237 0.000000
0.291770 -1.091786 0.242118 0.000000
0.388670 0.022526 0.243221 0.000000
0.201188 -0.196603 0.149592 0.000000
0.508527 -0.184228 0.004666 0.000000
0.293793 -1.134764 0.212173 0.000000
0.489035 0.004906 0.128711 0.000000
0.360055 -0.909050 0.196654 1.000000
0.605195 -0.149084 0.112959 0.000000
0.189779 -0.204464 0.147703 0.000000
0.322748 -0.344178 0.195266 0.000000
0.322748 -0.890590 0.202584 0.000000
0.386336 -0.009691 -0.009508 0.000000
0.362057 -0.524931 0.288165 0.000000
0.312968 -0.941280 0.231454 0.000000
0.261813 -0.095171 0.170856 0.000000
0.330490 0.223215 0.105906 0.000000
0.313605 -0.895173 0.231401 0.000000
0.081601 -0.367109 0.173862 0.000000
0.183390 -0.240285 0.540847 0.000000
0.336345 -0.287893 0.187935 0.000000
0.302314 0.006214 0.166751 0.000000
0.257024 -0.106228 0.167382 0.000000
0.502782 -1.132884 0.170087 1.000000
0.483010 0.030667 0.132539 0.000000
0.284857 -1.065172 0.240697 0.000000
0.271449 -0.138696 0.009869 0.000000
0.427549 -0.132135 0.253994 0.000000
0.442715 -1.037077 0.173943 1.000000
0.330901 -0.366782 0.201489 0.000000
0.299931 -0.073388 0.027821 0.000000
0.360013 -0.498894 0.247423 0.000000
0.310801 0.054426 0.062288 0.000000
0.360003 -0.074837 0.292698 0.000000
0.344686 -0.698659 0.209176 0.000000
0.394580 0.326207 0.133335 0.000000
0.339573 -0.821251 0.224435 0.000000
-0.041374 -0.504180 0.144899 0.000000
0.296329 -1.076986 0.225368 0.000000
0.339945 0.210543 0.218146 0.000000
0.283853 -1.014224 0.256231 0.000000
0.592209 -1.294600 0.119138 1.000000
0.347166 0.450515 0.141947 0.000000
0.162531 -0.210532 -0.037732 0.000000
0.099058 -0.339764 0.173124 0.000000
0.485230 -0.120656 0.181382 0.000000
0.302802 -1.057405 0.224004 0.000000
0.297516 -0.065306 0.044400 0.000000
0.396495 0.219596 0.092650 0.000000
0.346950 -0.893326 0.208139 1.000000
0.300379 -1.056403 0.234568 0.000000
0.514980 -0.106993 0.137974 0.000000
0.188415 -0.245551 0.532758 0.000000
0.468734 -1.061951 0.185173 1.000000
0.289369 0.010377 0.319148 0.000000
0.464255 0.091162 0.127576 0.000000
0.399159 -0.874480 0.447388 0.000000
0.318858 0.033362 0.170142 0.000000
0.450750 0.101507 0.132934 0.000000
0.348872 0.451524 0.157718 0.000000
0.284913 -0.944481 0.237881 0.000000
0.291815 0.027127 0.309721 0.000000
0.357863 -0.466645 0.246105 0.000000
0.388337 0.287883 0.128106 0.000000
0.482555 -0.005175 0.142585 0.000000
0.391852 0.021977 0.250519 0.000000
0.342227 -0.476918 0.198248 0.000000
0.387509 0.410447 0.126758 0.000000
0.314620 -0.848072 0.217139 0.000000
0.323741 -1.032308 0.229297 0.000000
0.324238 -0.430645 0.188033 0.000000
0.335382 -0.657461 0.203614 0.000000
0.407175 0.203964 0.175977 0.000000
0.488284 -0.055925 0.118998 0.000000
0.330238 0.025922 0.179295 0.000000
0.433678 0.134271 0.126707 0.000000
0.279291 -1.063681 0.259105 0.000000
0.301547 -0.891962 0.238684 0.000000
0.336917 -0.366981 0.231586 0.000000
0.312252 0.036156 0.060107 0.000000
0.395228 0.034259 0.241727 0.000000
0.332665 0.075801 0.174555 0.000000
0.375473 -0.574297 0.309471 0.000000
0.076660 -0.395882 0.163738 0.000000
0.397204 0.267978 0.163119 0.000000
0.399629 0.328690 0.119684 0.000000
0.479192 0.034058 0.137319 0.000000
-0.006026 -0.470480 0.154395 0.000000
0.344108 -0.359914 0.221761 0.000000
0.328691 -0.330164 0.217686 0.000000
0.384840 0.028149 0.257329 0.000000
0.313194 -1.116204 0.237613 0.000000
0.360982 -0.626292 0.308068 0.000000
0.236235 -0.048222 0.354244 0.000000
0.355966 -0.522454 0.264115 0.000000
0.341656 -0.445428 0.184053 0.000000
0.400549 0.217370 0.105138 0.000000
0.413205 0.243303 0.127706 0.000000
0.348137 -0.886908 0.211596 1.000000
0.336747 0.170570 0.242599 0.000000
0.255805 -0.089761 0.145178 0.000000
0.292944 -0.910552 0.230954 0.000000
0.331009 -0.701258 0.205940 0.000000
0.436662 -0.056687 0.223165 0.000000
0.334042 -0.873288 0.210283 0.000000
0.296767 -1.087977 0.208491 0.000000
0.622553 -1.328438 0.111131 1.000000
0.323012 -0.524070 0.192418 0.000000
0.324614 -0.059872 0.188346 0.000000
0.493906 -0.033991 0.135808 0.000000
0.384778 0.403744 0.147685 0.000000
0.402753 -0.957761 0.174075 1.000000
0.321510 -0.920682 0.204394 0.000000
0.514300 -1.143093 0.162269 1.000000
0.331460 -0.609706 0.201089 0.000000
0.368425 -0.662441 0.334453 0.000000
0.443654 0.162814 0.131871 0.000000
0.335415 0.160087 0.236382 0.000000
0.327885 0.277313 0.103115 0.000000
0.421367 -0.999987 0.202520 1.000000
0.337560 -0.357628 0.185934 0.000000
0.302056 -0.967300 0.250732 0.000000
0.381298 -0.618259 0.328699 0.000000
0.186945 -0.257391 0.547750 0.000000
0.190092 -0.236412 0.520657 0.000000
0.440437 0.011179 0.074114 0.000000
0.472082 0.058658 0.131711 0.000000
0.427667 0.094083 0.087236 0.000000
0.204879 -0.183675 0.143780 0.000000
0.477859 -0.023571 0.364989 0.000000
0.281195 -0.120194 0.018167 0.000000
0.438103 0.022366 0.070320 0.000000
0.300583 -1.033181 0.211187 0.000000
0.320550 -0.968615 0.230140 0.000000
0.485488 -0.024781 0.372744 0.000000
0.312037 -1.075923 0.227651 0.000000
0.438609 -0.041500 0.213754 0.000000
0.436400 0.050307 0.074373 0.000000
0.330958 -0.596204 0.195653 0.000000
0.442565 -0.990304 0.606230 0.000000
0.522482 -0.130864 0.148633 0.000000
0.323831 0.026767 0.175752 0.000000
0.381867 -0.705029 0.360047 0.000000
0.339403 -0.394977 0.248097 0.000000
0.337542 -0.577278 0.208187 0.000000
0.292348 -0.023757 0.169840 0.000000
0.342710 0.464914 0.146820 0.000000
0.328157 -0.989614 0.223327 0.000000
0.328806 -0.413038 0.199458 0.000000
0.385235 0.432131 0.130311 0.000000
0.422717 -1.001881 0.186316 1.000000
0.210655 -0.117269 0.400937 0.000000
0.137842 -0.279135 0.165552 0.000000
0.110237 -0.331189 0.172724 0.000000
0.346799 0.376059 0.167193 0.000000
0.400567 0.229765 0.104069 0.000000
0.347524 -0.885036 0.220797 1.000000
0.321588 -1.043725 0.229571 0.000000
0.436312 -0.072274 0.229437 0.000000
0.323188 -0.314442 0.194049 0.000000
0.362752 -0.675999 0.333957 0.000000
0.394163 0.274860 0.164005 0.000000
0.312535 0.028544 0.176274 0.000000
-0.076181 -0.538483 0.134779 0.000000
0.412468 0.162247 0.098033 0.000000
0.338443 -0.384414 0.190755 0.000000
0.330693 0.257649 0.164348 0.000000
-0.029361 -0.487827 0.159515 0.000000
0.363462 -0.622419 0.314812 0.000000
0.410055 0.004147 0.302753 0.000000
0.266783 -1.036657 0.253932 0.000000
0.312828 -0.921750 0.240059 0.000000
0.329528 0.292558 0.103038 0.000000
0.339527 0.164715 0.086226 0.000000
0.440784 0.021558 0.203936 0.000000
0.441103 0.070880 0.184054 0.000000
0.430251 0.198213 0.124521 0.000000
0.335632 -0.306274 0.201294 0.000000
0.136381 -0.304259 0.167006 0.000000
-0.029804 -0.491501 0.141318 0.000000
0.382713 -0.901464 0.466727 0.000000
0.399100 0.312968 0.128752 0.000000
0.329253 0.145044 0.170906 0.000000
0.423946 -0.123094 0.247467 0.000000
0.324838 0.120650 0.072164 0.000000
0.398287 0.090373 0.229887 0.000000
0.034188 -0.420768 0.169406 0.000000
0.575171 -0.139218 0.114504 0.000000
0.336329 -0.844419 0.215610 0.000000
0.361478 -0.905101 0.220337 1.000000
0.319324 0.020110 0.172823 0.000000
0.518002 -0.122876 0.140911 0.000000
0.416238 -0.959583 0.563630 0.000000
0.341818 -0.668218 0.205595 0.000000
0.344440 -0.366746 0.224805 0.000000
0.519643 -0.236950 0.168936 0.000000
0.340856 0.341875 0.159386 0.000000
0.327389 0.193114 0.109294 0.000000
0.341397 -0.487093 0.187582 0.000000
0.446880 0.060438 0.187084 0.000000
0.308999 -1.084454 0.229322 0.000000
0.423494 0.137993 0.183818 0.000000
0.368351 0.352271 0.117889 0.000000
0.330021 -0.836807 0.208100 0.000000
0.293964 -1.143813 0.213011 0.000000
0.334604 -0.720284 0.212247 0.000000
0.159100 -0.245017 0.156338 0.000000
0.186387 -0.248364 0.547732 0.000000
0.402125 0.140893 0.216139 0.000000
0.383806 -0.848845 0.428188 0.000000
0.512897 -1.163058 0.152878 1.000000
0.394399 0.249897 0.110875 0.000000
0.401094 -0.899971 0.468264 0.000000
0.296829 0.078267 0.267584 0.000000
0.504337 -1.132116 0.158413 1.000000
0.436137 0.061029 0.194985 0.000000
0.385686 0.002774 -0.001539 0.000000
0.297191 -1.047709 0.205924 0.000000
0.322307 -0.146071 0.182657 0.000000
0.358192 -0.411951 0.224990 0.000000
0.363097 -0.645751 0.321314 0.000000
0.339291 0.162878 0.120346 0.000000
0.410933 0.249199 0.165785 0.000000
0.211549 -0.179397 0.143116 0.000000
0.258332 -0.099272 0.179495 0.000000
0.296206 -1.139018 0.229561 0.000000
0.350953 -0.443330 0.264672 0.000000
0.318757 -0.884072 0.199819 0.000000
0.311514 0.092177 0.263229 0.000000
0.345440 -0.650897 0.204224 0.000000
0.333877 0.357922 0.123521 0.000000
0.401879 0.155133 0.077877 0.000000
0.283675 -0.983793 0.240739 0.000000
0.340106 -0.545717 0.187729 0.000000
0.466950 0.057105 0.141231 0.000000
0.327972 -0.010132 0.180079 0.000000
0.365762 -0.595700 0.308553 0.000000
0.341646 0.170621 0.113534 0.000000
0.219343 -0.115745 0.395354 0.000000
0.294081 -1.068278 0.231011 0.000000
0.257449 -0.155901 -0.013339 0.000000
0.367047 -0.499978 0.285105 0.000000
0.367258 -0.547729 0.299679 0.000000
0.516904 -0.095125 0.117451 0.000000
0.429243 -0.979288 0.595555 0.000000
0.341890 -0.751524 0.199260 0.000000
0.296840 -1.096541 0.209002 0.000000
0.386967 0.453993 0.150632 0.000000
0.357268 -0.435423 0.239241 0.000000
0.322540 0.183228 0.115871 0.000000
0.318955 -0.884203 0.215153 0.000000
0.368632 -0.564404 0.296100 0.000000
0.389968 0.343331 0.145137 0.000000
0.326852 0.132018 0.172354 0.000000
0.241356 -0.173844 -0.016316 0.000000
0.378665 0.395018 0.151891 0.000000
0.359060 -0.731052 0.357810 0.000000
0.080436 -0.373357 0.171668 0.000000
0.612149 -0.163532 0.106137 0.000000
0.327717 0.016894 0.179186 0.000000
0.250638 -0.127087 0.170153 0.000000
0.594042 -1.279708 0.122326 1.000000
