0.491918 -0.053268 0.110401 0.000000
0.629383 -1.349613 0.116922 1.000000
-0.136434 -0.597674 0.126317 0.000000
0.403122 -0.817363 0.416445 0.000000
0.170305 -0.275362 0.581232 0.000000
0.347272 0.488805 0.151575 0.000000
0.097305 -0.235633 -0.053353 0.000000
0.359073 -0.438128 0.230202 0.000000
0.292235 -1.149117 0.216840 0.000000
0.594463 -0.054130 0.454303 0.000000
0.236588 -0.029746 0.344374 0.000000
0.321613 0.192224 0.114372 0.000000
0.501038 -0.278094 -0.072086 0.000000
0.052397 -0.396392 0.173755 0.000000
0.442830 -0.990936 0.613004 0.000000
0.327549 -0.696887 0.198965 0.000000
0.217872 -0.204558 0.164691 0.000000
0.527784 -1.134742 0.162965 1.000000
0.379556 -0.929343 0.174357 1.000000
0.520009 -0.272721 0.188746 0.000000
0.298450 -0.071531 0.017759 0.000000
0.440367 -0.012501 0.321176 0.000000
0.662060 -0.177504 0.084250 0.000000
0.321028 0.017548 0.179290 0.000000
0.397444 -0.210585 0.310955 0.000000
0.201310 -0.172765 0.441470 0.000000
0.399639 0.066224 0.028630 0.000000
0.376732 -0.586670 0.317628 0.000000
0.399544 0.332802 0.162990 0.000000
0.286309 -1.004489 0.272033 0.000000
0.337934 -0.293670 0.191741 0.000000
0.398186 0.135261 0.229714 0.000000
0.503583 -0.163166 0.016163 0.000000
0.229537 -0.191771 -0.022049 0.000000
0.332163 -0.123262 0.182735 0.000000
-0.034313 -0.502367 0.138025 0.000000
0.390391 -0.929977 0.498664 0.000000
0.329476 -0.563352 0.190866 0.000000
0.452962 -1.032479 0.199756 1.000000
0.122277 -0.289756 0.167543 0.000000
0.376866 -0.708090 0.357140 0.000000
0.330499 -0.822458 0.219997 0.000000
0.464591 0.073457 0.136037 0.000000
0.551818 -1.253117 0.128373 1.000000
0.305454 0.061166 0.292498 0.000000
0.435952 -0.110689 0.245424 0.000000
0.530683 -0.155077 0.163113 0.000000
0.438078 0.190815 0.123849 0.000000
0.337080 0.247453 0.212737 0.000000
0.443047 -0.006013 0.210246 0.000000
0.306818 0.027210 0.057909 0.000000
0.323197 0.294415 0.106736 0.000000
0.380305 -0.022320 -0.017631 0.000000
0.289362 -0.914835 0.226256 0.000000
0.516387 -0.033312 0.397712 0.000000
0.360003 -0.074837 0.292698 0.000000
0.325652 0.112725 0.169498 0.000000
0.332787 0.393644 0.134212 0.000000
0.245144 -0.117901 0.143730 0.000000
0.271553 -1.091869 0.282028 0.000000
0.229462 -0.108977 0.385929 0.000000
0.364088 -0.502542 0.290901 0.000000
0.328208 0.113226 0.075000 0.000000
0.190991 -0.228389 0.509628 0.000000
0.294880 -1.059114 0.203736 0.000000
0.383535 0.027539 0.265143 0.000000
0.438352 0.008753 0.080410 0.000000
0.335367 -0.208225 0.197541 0.000000
0.324536 -0.374684 0.190419 0.000000
0.398387 0.263180 0.109735 0.000000
0.282385 -0.045278 0.145057 0.000000
0.468723 -0.097340 0.046731 0.000000
0.594321 -0.147033 0.113504 0.000000
0.533600 -0.219087 0.117743 0.000000
0.390417 0.160419 0.068678 0.000000
0.322412 0.121255 0.247062 0.000000
0.481395 -0.099785 0.184207 0.000000
0.404054 0.212024 0.206634 0.000000
0.412441 0.466624 0.119719 0.000000
0.433281 0.072095 0.208548 0.000000
0.375646 -0.879186 0.446035 0.000000
0.329120 -0.490013 0.187480 0.000000
0.271230 -0.138899 0.010114 0.000000
0.510582 -0.216698 -0.032527 0.000000
0.470436 -1.090193 0.160123 1.000000
0.164299 -0.215049 -0.039689 0.000000
0.005068 -0.449954 0.165775 0.000000
-0.085532 -0.550674 0.138888 0.000000
0.405905 -0.961431 0.559416 0.000000
0.420399 0.100932 0.088630 0.000000
0.434211 0.134551 0.170269 0.000000
0.310599 -0.978320 0.207860 0.000000
0.477522 0.006039 0.142110 0.000000
0.107649 -0.356503 0.167594 0.000000
0.335331 0.179222 0.213238 0.000000
0.328689 -0.629696 0.207624 0.000000
0.337562 0.307560 0.173282 0.000000
0.351711 -0.888595 0.228329 1.000000
0.367267 0.059029 0.205831 0.000000
0.184822 -0.265250 0.168301 0.000000
0.528998 -0.111294 0.112880 0.000000
0.399856 0.396044 0.143129 0.000000
0.330752 -0.055651 0.189144 0.000000
0.256274 0.021291 0.308153 0.000000
0.605297 -1.289199 0.116950 1.000000
0.395701 0.275016 0.192108 0.000000
0.345200 -0.757696 0.212660 0.000000
0.358566 -0.648805 0.317347 0.000000
0.555163 -1.191219 0.145507 1.000000
0.381705 -0.765639 0.384162 0.000000
0.414128 -0.165384 0.268669 0.000000
0.390020 -0.957517 0.229976 1.000000
0.322461 -1.099931 0.243243 0.000000
0.366967 0.343792 0.111450 0.000000
0.377918 -0.030783 0.256819 0.000000
0.250709 -1.053350 0.243086 0.000000
0.349562 0.235437 0.087505 0.000000
0.367708 -0.073195 -0.042501 0.000000
0.337790 -0.386439 0.245347 0.000000
0.449480 -0.044647 0.059331 0.000000
0.246663 -1.129434 0.245763 0.000000
0.333090 0.214555 0.165569 0.000000
0.419906 -0.996104 0.172243 1.000000
0.368913 0.432731 0.114047 0.000000
0.436473 -0.059551 0.224388 0.000000
0.324238 -0.430645 0.188033 0.000000
0.474001 -0.020049 0.364233 0.000000
0.328045 -0.333347 0.228539 0.000000
0.313781 -0.024434 0.041940 0.000000
0.457632 0.130816 0.121326 0.000000
0.396628 0.208623 0.092131 0.000000
0.342082 0.144780 0.129312 0.000000
0.530793 -0.221220 0.170034 0.000000
0.318846 -1.026035 0.237320 0.000000
0.330249 -1.161072 0.250302 0.000000
0.267382 -0.969836 0.239604 0.000000
0.516416 -0.077813 0.154396 0.000000
0.389969 0.022968 0.003566 0.000000
0.264396 -0.086043 0.178155 0.000000
0.359562 -0.551658 0.279240 0.000000
0.352953 0.353810 0.158828 0.000000
0.414859 0.239726 0.162390 0.000000
0.241852 -0.158720 0.171570 0.000000
0.388272 0.113896 0.053573 0.000000
0.555308 -0.044047 0.425158 0.000000
0.196702 -0.128034 0.416482 0.000000
0.333945 0.165324 0.075802 0.000000
0.424871 -0.999120 0.220721 1.000000
0.359222 -0.483863 0.246647 0.000000
0.336300 0.063807 0.067977 0.000000
0.443879 0.034985 0.179958 0.000000
0.432219 0.054731 0.093625 0.000000
0.330719 0.065486 0.174716 0.000000
0.488129 -0.038090 0.156314 0.000000
0.324819 0.164714 0.168764 0.000000
0.335849 0.261791 0.161057 0.000000
0.424443 0.180868 0.170780 0.000000
0.266457 -1.138171 0.287771 0.000000
0.348042 0.436512 0.155693 0.000000
0.308668 -0.863690 0.221097 0.000000
0.217962 -0.063776 0.370255 0.000000
0.183658 -0.191462 0.482160 0.000000
0.292544 -0.023584 0.184955 0.000000
0.353326 -0.890523 0.181983 1.000000
0.398907 0.084745 0.236320 0.000000
0.403811 0.307377 0.125190 0.000000
0.294082 0.085831 0.252724 0.000000
0.410187 -0.002364 0.286919 0.000000
0.460512 -0.059412 0.185364 0.000000
0.191685 -0.245873 0.551386 0.000000
0.323390 -0.251002 0.190761 0.000000
0.509485 -1.173414 0.149238 1.000000
0.331611 -0.927402 0.218790 0.000000
0.178503 -0.218813 0.150575 0.000000
0.412011 0.141841 0.102370 0.000000
0.324698 -0.165769 0.194483 0.000000
0.291703 -1.063762 0.254130 0.000000
0.353629 -0.451612 0.275542 0.000000
0.273234 -0.012369 0.329419 0.000000
0.367742 0.476441 0.115846 0.000000
0.406556 -0.899564 0.467608 0.000000
0.326228 0.353570 0.120772 0.000000
0.357699 -0.361124 0.215230 0.000000
0.303252 -0.005458 0.148101 0.000000
0.295359 -1.103060 0.210926 0.000000
0.497485 -0.126989 0.036797 0.000000
0.386967 0.453993 0.150632 0.000000
0.463305 0.033807 0.114055 0.000000
0.383272 -0.667297 0.345672 0.000000
0.481367 -1.061993 0.192172 1.000000
0.213849 -0.169992 0.142094 0.000000
0.398657 -0.963143 0.188645 1.000000
0.437328 0.093309 0.173553 0.000000
0.358233 0.271787 0.108159 0.000000
0.334551 -0.334318 0.186906 0.000000
0.444315 -1.035622 0.159771 1.000000
0.138331 -0.327367 0.169640 0.000000
0.520480 -0.188830 0.141857 0.000000
0.369096 0.384764 0.117734 0.000000
0.478983 -0.014844 0.107379 0.000000
0.386538 -0.623845 0.332573 0.000000
0.404023 0.172079 0.212626 0.000000
0.421236 0.232294 0.123257 0.000000
0.488402 -1.128393 0.157494 1.000000
0.493344 -0.140607 0.166830 0.000000
0.305575 -0.946744 0.244522 0.000000
0.336478 -0.526570 0.205391 0.000000
0.627287 -0.167270 0.101390 0.000000
0.267097 -1.091549 0.239370 0.000000
0.045018 -0.432874 0.159434 0.000000
0.256314 -0.064324 0.359423 0.000000
0.273049 -1.021009 0.236555 0.000000
0.408279 -0.857216 0.441080 0.000000
0.284328 -1.123975 0.255922 0.000000
0.253493 -0.160577 -0.017140 0.000000
0.520829 -0.117328 0.152151 0.000000
0.359731 0.099730 0.156265 0.000000
0.371393 -0.928500 0.212169 1.000000
0.070136 -0.362357 0.178264 0.000000
0.435526 0.095453 0.123460 0.000000
0.335364 0.158361 0.245388 0.000000
0.390207 0.291938 0.157478 0.000000
0.344946 -0.598153 0.192859 0.000000
0.567901 -1.287754 0.123958 1.000000
0.358618 -0.741293 0.359394 0.000000
0.356682 -0.598470 0.287653 0.000000
0.393192 0.047396 0.233866 0.000000
0.558456 -0.135039 0.114316 0.000000
0.153029 -0.248406 0.156911 0.000000
0.360751 -0.522797 0.255014 0.000000
0.328765 -0.789860 0.201573 0.000000
0.426584 -0.986530 0.578046 0.000000
0.286388 -0.107223 0.022742 0.000000
-0.020168 -0.479252 0.163583 0.000000
0.366930 -0.823919 0.410634 0.000000
0.316949 -0.895501 0.242122 0.000000
0.318178 -0.890340 0.197387 0.000000
0.505303 -0.245357 -0.055081 0.000000
0.292689 0.026477 0.306993 0.000000
0.339760 -0.662508 0.194143 0.000000
0.345447 -0.419313 0.259807 0.000000
0.101677 -0.319426 0.173825 0.000000
0.385964 0.362039 0.140896 0.000000
0.328201 -0.019558 0.177943 0.000000
0.570907 -1.222794 0.136049 1.000000
0.510739 -0.189620 -0.007981 0.000000
0.343800 0.212544 0.201033 0.000000
0.362789 0.307957 0.106983 0.000000
0.387621 -0.000230 0.239717 0.000000
0.588019 -1.254311 0.127665 1.000000
0.404853 0.176901 0.107944 0.000000
0.408348 -0.945340 0.527103 0.000000
-0.058609 -0.528883 0.128676 0.000000
0.199001 -0.200110 -0.039298 0.000000
0.131098 -0.228603 -0.043191 0.000000
-0.109573 -0.573784 0.125363 0.000000
0.298359 -1.023467 0.205755 0.000000
0.326738 0.254763 0.109965 0.000000
0.272536 0.050072 0.285481 0.000000
0.357246 -0.688780 0.335003 0.000000
0.339815 -0.853797 0.206848 0.000000
0.433331 0.156133 0.127905 0.000000
0.272358 -1.038521 0.268854 0.000000
0.339206 0.277113 0.192386 0.000000
0.322337 -0.089921 0.185911 0.000000
0.362747 -0.794045 0.391257 0.000000
0.507963 -0.083639 0.115597 0.000000
0.534761 -1.217673 0.136141 1.000000
0.159601 -0.288895 0.167263 0.000000
0.336829 -0.459443 0.202229 0.000000
0.294761 -0.053035 0.046417 0.000000
0.351873 0.397481 0.162427 0.000000
0.313555 -1.132826 0.239625 0.000000
0.319698 -1.067624 0.232547 0.000000
0.341397 0.197976 0.087168 0.000000
0.297598 -0.991161 0.236598 0.000000
0.359883 -0.400946 0.224855 0.000000
0.304879 -0.945384 0.207464 0.000000
0.340473 -0.724633 0.213939 0.000000
0.451297 -1.066877 0.174484 1.000000
0.607861 -1.324215 0.115852 1.000000
0.277555 -0.055532 0.176601 0.000000
0.453216 -0.027028 0.184315 0.000000
0.473186 -0.067277 0.064684 0.000000
0.388866 -0.734837 0.374235 0.000000
0.377220 0.419896 0.146699 0.000000
0.416647 -0.136455 0.252409 0.000000
0.398415 -0.788300 0.401707 0.000000
0.258486 -0.088250 0.140703 0.000000
0.404696 -0.192322 0.284458 0.000000
0.414107 0.151654 0.189364 0.000000
0.390700 0.310139 0.184531 0.000000
0.340638 -0.402774 0.192463 0.000000
0.083712 -0.392737 0.166277 0.000000
0.334051 0.324758 0.107899 0.000000
0.398627 0.339085 0.122215 0.000000
0.361553 0.077581 0.180195 0.000000
0.407539 0.201551 0.128414 0.000000
0.405076 0.210949 0.174559 0.000000
0.404045 0.243125 0.198773 0.000000
0.254934 -0.116488 0.177038 0.000000
0.329321 0.222672 0.108860 0.000000
0.328804 -0.998754 0.224574 0.000000
0.465872 0.038004 0.145254 0.000000
0.442025 0.025353 0.212325 0.000000
0.378184 0.485740 0.146659 0.000000
0.363068 -0.618285 0.311699 0.000000
0.538592 -1.165229 0.157502 1.000000
0.316125 0.086934 0.274784 0.000000
0.372114 -0.556662 0.307365 0.000000
0.346098 0.173993 0.109764 0.000000
0.315329 0.087166 0.065175 0.000000
0.348607 0.246872 0.184139 0.000000
0.466429 0.102202 0.126730 0.000000
0.319727 -0.311978 0.208875 0.000000
0.326946 0.039435 0.159336 0.000000
0.450953 -0.018645 0.074311 0.000000
0.382615 -0.903568 0.486827 0.000000
0.389730 0.473739 0.095682 0.000000
0.424938 0.123460 0.122872 0.000000
0.278684 -0.942660 0.228966 0.000000
0.371357 -0.055511 0.272965 0.000000
0.231638 -0.146128 0.144001 0.000000
0.396568 0.263335 0.164776 0.000000
0.321925 0.003353 0.049063 0.000000
0.441641 0.064816 0.180079 0.000000
0.323673 -0.970216 0.233060 0.000000
0.340092 0.137973 0.085842 0.000000
0.502587 -0.056476 0.138455 0.000000
0.421414 0.122979 0.194101 0.000000
0.239187 -0.084923 0.371574 0.000000
0.430659 -1.013381 0.193443 1.000000
0.447345 0.005912 0.182320 0.000000
0.387368 0.281296 0.130272 0.000000
0.002980 -0.472389 0.146909 0.000000
0.292946 -1.043419 0.233068 0.000000
0.342616 0.412141 0.113788 0.000000
0.297148 -1.087340 0.236012 0.000000
0.505699 -0.164866 0.151854 0.000000
0.437214 0.036662 0.071386 0.000000
0.329936 -0.362325 0.228839 0.000000
0.071320 -0.247117 -0.047532 0.000000
0.371882 -0.046938 -0.031048 0.000000
0.209693 -0.153724 0.419361 0.000000
0.240455 -1.101421 0.249259 0.000000
0.383806 -0.848845 0.428188 0.000000
0.494532 -0.034497 0.378401 0.000000
0.395173 0.235388 0.102725 0.000000
0.498138 -0.028003 0.131327 0.000000
0.447942 0.057378 0.119117 0.000000
0.312530 0.044181 0.185230 0.000000
0.344278 0.120942 0.144948 0.000000
0.427196 -0.086000 0.229862 0.000000
0.259535 -0.996882 0.244240 0.000000
0.367179 -0.530010 0.297654 0.000000
0.337703 0.206425 0.228113 0.000000
0.448858 -0.033217 0.216056 0.000000
0.456392 -0.024554 0.341263 0.000000
0.264289 -0.035475 0.344192 0.000000
0.398573 0.108371 0.220859 0.000000
0.416598 0.001348 0.315011 0.000000
0.524034 -0.247912 0.176038 0.000000
0.357414 -0.904909 0.205988 1.000000
0.436928 0.078794 0.079966 0.000000
0.394028 0.361512 0.167530 0.000000
0.335685 0.139494 0.164435 0.000000
0.349836 -0.457711 0.247600 0.000000
0.310801 0.054426 0.062288 0.000000
0.531656 -0.190241 0.167032 0.000000
0.197660 -0.196910 0.147582 0.000000
0.354695 -0.333998 0.205703 0.000000
0.342511 0.328621 0.155253 0.000000
0.208553 -0.091221 0.387032 0.000000
0.026374 -0.419528 0.174480 0.000000
0.348271 0.461681 0.144807 0.000000
0.398703 0.090777 0.043209 0.000000
0.295751 -0.888094 0.226618 0.000000
0.509253 -1.116469 0.170866 1.000000
0.267733 -1.070989 0.265051 0.000000
0.463584 0.006005 0.115416 0.000000
0.426359 0.097133 0.201010 0.000000
0.387428 0.040741 0.023644 0.000000
0.285116 -1.095207 0.258971 0.000000
0.202070 -0.226241 0.165285 0.000000
0.288501 0.067120 0.272302 0.000000
0.356877 -0.914167 0.234357 1.000000
0.399252 0.135376 0.066645 0.000000
0.348289 0.368290 0.115876 0.000000
0.312828 -0.921750 0.240059 0.000000
0.271688 -0.068938 0.154630 0.000000
0.227695 -0.180197 0.162917 0.000000
0.385262 -0.003294 -0.000233 0.000000
0.324854 0.164022 0.121486 0.000000
-0.053596 -0.515234 0.150500 0.000000
0.395519 0.182394 0.082033 0.000000
0.198932 -0.190544 0.460438 0.000000
0.379505 0.320420 0.122675 0.000000
0.221284 -0.129314 0.400037 0.000000
0.346748 -0.879248 0.204446 1.000000
0.086573 -0.342391 0.176660 0.000000
0.529333 -1.192511 0.137580 1.000000
0.323306 0.138457 0.227960 0.000000
0.507019 -1.146576 0.153524 1.000000
0.313427 -0.913962 0.206317 0.000000
0.332676 0.187572 0.160320 0.000000
0.396803 -0.694908 0.366193 0.000000
0.419351 -0.962546 0.582792 0.000000
0.392289 0.482154 0.120538 0.000000
0.243551 -0.010765 0.328917 0.000000
0.298207 -1.112765 0.236599 0.000000
0.478458 0.050034 0.126439 0.000000
0.324467 -0.189154 0.184724 0.000000
0.299222 -0.007086 0.053245 0.000000
0.292080 -0.025118 0.159402 0.000000
0.027562 -0.452728 0.154586 0.000000
0.355444 -0.476423 0.270493 0.000000
0.326392 -0.741744 0.201922 0.000000
0.265654 -1.114603 0.269935 0.000000
0.303488 0.000359 0.172553 0.000000
0.141707 -0.271995 0.162364 0.000000
0.387531 -0.947826 0.206977 1.000000
0.384317 0.407352 0.126183 0.000000
0.521749 -0.142606 0.143293 0.000000
0.408367 0.309428 0.161366 0.000000
0.373788 -0.644759 0.337629 0.000000
0.361398 -0.574488 0.293525 0.000000
0.313979 0.017161 0.155369 0.000000
0.399279 0.008269 0.264786 0.000000
0.405850 -0.921113 0.479891 0.000000
0.438084 0.047178 0.201214 0.000000
0.412809 0.279171 0.121970 0.000000
0.418129 0.198289 0.106290 0.000000
0.185890 -0.266275 0.564376 0.000000
0.330971 -0.581725 0.207271 0.000000
0.308884 -0.049008 0.026592 0.000000
0.335903 0.274148 0.097794 0.000000
0.275949 0.009243 0.316792 0.000000
0.395600 0.024928 0.243647 0.000000
0.338251 0.237528 0.157658 0.000000
0.189359 -0.151250 0.441127 0.000000
0.297423 -1.016883 0.229533 0.000000
0.368390 0.049082 0.228225 0.000000
0.337588 -0.449205 0.179426 0.000000
0.061873 -0.414723 0.160690 0.000000
0.329903 0.089794 0.176933 0.000000
0.360539 -0.913269 0.176825 1.000000
0.271284 -1.067618 0.237066 0.000000
0.176834 -0.241373 0.159680 0.000000
0.324614 -0.226418 0.185448 0.000000
0.340682 -0.269898 0.196117 0.000000
0.245256 -0.134267 0.161641 0.000000
0.512670 -0.097415 0.140646 0.000000
0.372253 0.454905 0.125981 0.000000
0.235529 -0.052184 0.356999 0.000000
0.204122 -0.110797 0.401220 0.000000
0.425443 0.124396 0.091569 0.000000
-0.014804 -0.488043 0.141709 0.000000
0.404881 0.188074 0.182956 0.000000
0.493415 -0.120294 0.179844 0.000000
0.378776 0.384191 0.147065 0.000000
0.292644 -0.086673 0.035502 0.000000
0.334108 -0.354629 0.199731 0.000000
0.348148 -0.684644 0.200297 0.000000
0.382818 -0.893617 0.464990 0.000000
0.192729 -0.212320 0.489776 0.000000
0.327762 -0.894705 0.218903 0.000000
0.488524 -1.097321 0.173981 1.000000
0.340830 0.374221 0.157374 0.000000
0.302682 -0.972307 0.250154 0.000000
0.401510 -0.881557 0.452958 0.000000
0.339406 -0.540256 0.186204 0.000000
0.332667 -0.512898 0.182414 0.000000
0.358195 -0.502952 0.267681 0.000000
0.392068 0.238501 0.168692 0.000000
0.185768 -0.231769 0.532452 0.000000
0.346611 -0.380341 0.223358 0.000000
0.305256 -1.002097 0.213024 0.000000
0.341075 -0.801654 0.218709 0.000000
0.392287 0.382387 0.125762 0.000000
0.336649 0.138093 0.256906 0.000000
0.386999 0.320846 0.147360 0.000000
0.356118 -0.525867 0.277685 0.000000
0.307399 0.103642 0.245457 0.000000
0.337526 0.284421 0.165773 0.000000
0.334440 -0.146188 0.185100 0.000000
0.364205 -0.666479 0.331074 0.000000
0.324171 0.106568 0.265738 0.000000
0.432654 0.157304 0.167477 0.000000
0.285282 -0.968472 0.225359 0.000000
0.272950 -1.046849 0.246604 0.000000
0.258093 -0.099786 0.160491 0.000000
0.393730 0.017093 0.285154 0.000000
0.384061 0.435778 0.131729 0.000000
0.337132 0.180606 0.235991 0.000000
0.346079 -0.644471 0.207166 0.000000
0.492504 -0.148659 0.031666 0.000000
0.348771 0.251072 0.105659 0.000000
0.254497 -1.029721 0.246424 0.000000
0.402940 -0.954383 0.168141 1.000000
0.465713 -0.083394 0.183309 0.000000
0.140169 -0.304796 0.168091 0.000000
0.419001 -0.992561 0.194622 1.000000
0.351442 -0.418053 0.237349 0.000000
0.335735 -0.503960 0.203989 0.000000
0.282558 -0.119401 0.004106 0.000000
0.484609 -0.017691 0.146175 0.000000
0.321559 -0.946918 0.224075 0.000000
0.402165 0.374763 0.150127 0.000000
0.478498 -0.035982 0.115651 0.000000
0.240091 -0.176473 -0.008576 0.000000
0.346241 -0.316588 0.194234 0.000000
0.328130 -0.603949 0.206707 0.000000
0.516350 -0.288439 0.204255 0.000000
0.427863 -0.979986 0.599348 0.000000
0.414388 0.180513 0.129626 0.000000
0.431160 -1.028664 0.176162 1.000000
0.326256 -0.850603 0.224025 0.000000
0.325344 -0.764711 0.206081 0.000000
0.327156 -0.811840 0.200743 0.000000
0.291093 -1.012243 0.252007 0.000000
0.372022 0.363092 0.120725 0.000000
0.291328 -1.066653 0.228089 0.000000
0.294938 -1.080651 0.208135 0.000000
0.503409 -1.137300 0.174709 1.000000
0.547848 -0.117553 0.122312 0.000000
0.482898 -0.114066 0.047437 0.000000
0.329776 0.158331 0.221347 0.000000
0.399701 -0.968188 0.209948 1.000000
0.119076 -0.337766 0.169006 0.000000
0.472052 -1.075481 0.177719 1.000000
0.340028 0.305593 0.098486 0.000000
0.454610 -1.045816 0.179017 1.000000
0.348912 0.408231 0.135652 0.000000
0.585953 -1.275594 0.123513 1.000000
0.332932 -0.548498 0.206346 0.000000
0.318972 -0.039074 0.180332 0.000000
0.447731 0.113378 0.129665 0.000000
0.327534 -0.675802 0.206087 0.000000
0.162572 -0.266474 0.164062 0.000000
0.427431 0.209706 0.126812 0.000000
0.586945 -1.300165 0.119641 1.000000
0.356341 0.297218 0.171624 0.000000
0.337605 -0.422042 0.202508 0.000000
0.329371 -0.873272 0.218649 0.000000
0.297255 -1.128755 0.212223 0.000000
0.350065 0.220417 0.103929 0.000000
0.343124 0.344172 0.111616 0.000000
0.424265 0.081658 0.096955 0.000000
0.344442 -0.778861 0.214611 0.000000
0.449104 0.078782 0.122564 0.000000
0.377642 0.036075 0.245230 0.000000
0.383918 -0.949207 0.180211 1.000000
0.325127 -1.044396 0.228901 0.000000
-0.067731 -0.530838 0.148559 0.000000
0.419503 0.165246 0.098154 0.000000
0.335172 0.084524 0.071937 0.000000
0.324595 0.038237 0.060690 0.000000
0.432653 0.114142 0.178579 0.000000
0.386354 -0.829997 0.418385 0.000000
0.399443 0.192600 0.214195 0.000000
0.340743 -0.346335 0.217932 0.000000
0.344593 -0.617588 0.201153 0.000000
0.480145 0.027716 0.133889 0.000000
-0.034471 -0.493478 0.156975 0.000000
0.273081 0.031413 0.300913 0.000000
0.405280 0.245271 0.119713 0.000000
0.292069 0.045310 0.294716 0.000000
0.328690 -0.835426 0.203761 0.000000
0.402212 -0.944787 0.546955 0.000000
0.336459 -0.323928 0.211907 0.000000
0.276138 -0.988003 0.234597 0.000000
0.403909 0.148428 0.214701 0.000000
0.087408 -0.369801 0.169743 0.000000
0.389296 -0.865350 0.439261 0.000000
0.569438 -1.263475 0.125232 1.000000
0.351505 -0.438448 0.255401 0.000000
0.295245 -0.028062 0.049939 0.000000
0.375000 -0.606301 0.323289 0.000000
0.532461 -0.038150 0.409449 0.000000
0.423478 0.212129 0.165664 0.000000
0.371398 0.466570 0.144348 0.000000
0.067364 -0.381363 0.170850 0.000000
0.458500 -0.009384 0.193142 0.000000
0.386619 0.342516 0.150562 0.000000
0.295856 -0.992703 0.256846 0.000000
0.392047 -0.934177 0.518526 0.000000
0.339482 -0.470459 0.185304 0.000000
0.380715 -0.798108 0.399994 0.000000
0.378211 -0.941275 0.227293 1.000000
0.377799 -0.934973 0.193737 1.000000
0.646081 -0.169981 0.094353 0.000000
0.399185 -0.767735 0.394157 0.000000
0.306539 -1.037562 0.219270 0.000000
0.309951 -0.903076 0.223599 0.000000
0.373231 -0.727069 0.363119 0.000000
0.554194 -1.211242 0.142886 1.000000
0.526055 -0.172469 0.153910 0.000000
0.611186 -0.156814 0.108322 0.000000
0.529151 -0.203373 0.130896 0.000000
0.549353 -1.230655 0.131439 1.000000
0.406623 -0.941510 0.496530 0.000000
0.345300 -0.703786 0.205339 0.000000
0.322233 -0.069289 0.177269 0.000000
0.302641 -0.962636 0.217424 0.000000
0.349353 0.416395 0.156586 0.000000
0.416313 -0.958998 0.542594 0.000000
0.262051 -0.155763 0.004840 0.000000
0.121017 -0.316135 0.170499 0.000000
0.291474 -0.929016 0.240017 0.000000
0.325567 0.147479 0.073378 0.000000
0.297326 -0.909761 0.243709 0.000000
0.277910 -0.125181 0.022779 0.000000
0.339776 0.178570 0.090801 0.000000
0.327500 -0.315186 0.188091 0.000000
0.021043 -0.436643 0.166184 0.000000
-0.074418 -0.540375 0.125878 0.000000
0.263915 -1.120731 0.241809 0.000000
0.568736 -1.242115 0.132760 1.000000
0.419430 0.142348 0.123260 0.000000
0.333499 0.373123 0.127914 0.000000
0.482114 -1.074495 0.158171 1.000000
0.444042 0.172392 0.130458 0.000000
0.341988 0.100005 0.165348 0.000000
0.332631 -0.000473 0.178326 0.000000
0.333530 0.204043 0.104266 0.000000
0.345423 -0.833821 0.213813 0.000000
0.330426 -0.655875 0.209969 0.000000
0.462368 -0.080407 0.055101 0.000000
0.344447 0.234724 0.198835 0.000000
0.321861 0.132879 0.176510 0.000000
0.482421 -0.089093 0.057901 0.000000
0.331841 -0.237361 0.201827 0.000000
0.348943 0.270691 0.176785 0.000000
0.503201 -0.063753 0.156944 0.000000
0.508208 -0.074987 0.136388 0.000000
0.489829 -0.002603 0.129786 0.000000
0.365622 -0.599326 0.307761 0.000000
-0.008809 -0.463499 0.164766 0.000000
0.370903 -0.631569 0.323676 0.000000
0.300641 -1.147017 0.236728 0.000000
0.355873 0.290377 0.102578 0.000000
0.288747 -0.955360 0.240290 0.000000
0.521738 -0.096601 0.123562 0.000000
0.385618 0.401363 0.155099 0.000000
0.395898 0.066356 0.231142 0.000000
0.439541 0.137888 0.128718 0.000000
0.324477 -0.411282 0.186289 0.000000
0.229495 -0.162693 0.155074 0.000000
0.307129 -0.934208 0.223391 0.000000
0.436348 0.060224 0.075146 0.000000
0.372056 0.443417 0.144834 0.000000
0.285915 -0.039305 0.170800 0.000000
0.187087 -0.165484 0.453728 0.000000
0.272620 -1.138423 0.251375 0.000000
0.212963 -0.189467 -0.031688 0.000000
0.371867 0.413767 0.113150 0.000000
0.247574 -1.072219 0.243107 0.000000
0.182498 -0.209053 -0.035656 0.000000
0.348944 0.387544 0.126040 0.000000
0.322084 -0.108075 0.191718 0.000000
0.414553 0.169795 0.182675 0.000000
0.444616 -0.004449 0.063413 0.000000
0.437727 0.082556 0.189184 0.000000
0.442380 -0.074848 0.233924 0.000000
0.325398 -0.714459 0.205764 0.000000
0.502817 -1.122641 0.146597 1.000000
0.391122 -0.717404 0.367123 0.000000
0.042540 -0.414212 0.166139 0.000000
-0.096736 -0.559911 0.126578 0.000000
0.498245 -0.068140 0.120287 0.000000
0.337349 -0.482828 0.202870 0.000000
0.455677 -0.062770 0.059372 0.000000
0.520552 -1.160902 0.160537 1.000000
0.459707 -0.037364 0.073287 0.000000
0.146536 -0.220507 -0.050017 0.000000
0.262776 -0.145115 -0.010528 0.000000
0.537777 -1.183505 0.153680 1.000000
0.341894 -0.404536 0.247507 0.000000
0.340531 0.259743 0.199074 0.000000
0.372407 -0.682315 0.343758 0.000000
0.296655 -0.090324 0.017676 0.000000
0.376508 -0.014088 0.248721 0.000000
0.185445 -0.179079 0.468395 0.000000
0.405492 0.009155 0.302298 0.000000
0.322176 -0.269247 0.194139 0.000000
0.386634 0.073765 0.039557 0.000000
0.354757 0.071937 0.196537 0.000000
0.438392 0.022680 0.194307 0.000000
0.254381 0.005816 0.318222 0.000000
0.385534 0.288745 0.113381 0.000000
0.252961 -0.045924 0.357168 0.000000
0.280273 -1.079416 0.248159 0.000000
0.428555 0.142620 0.090717 0.000000
0.512623 -0.205490 -0.017300 0.000000
0.337886 0.155557 0.091099 0.000000
0.306439 -1.099621 0.225834 0.000000
0.308528 -1.080008 0.223479 0.000000
0.431392 -1.010534 0.172243 1.000000
0.463327 0.054591 0.137607 0.000000
0.298700 -0.069384 0.037422 0.000000
0.212962 -0.188259 0.153067 0.000000
0.394855 0.258816 0.201616 0.000000
0.507929 -0.231186 -0.043515 0.000000
0.464743 0.020031 0.141632 0.000000
0.513836 -0.095786 0.158825 0.000000
0.432711 -0.043476 0.216526 0.000000
0.336394 0.237330 0.100040 0.000000
-0.120885 -0.588192 0.124927 0.000000
0.332168 -0.441836 0.200948 0.000000
0.423253 -0.973996 0.565217 0.000000
0.450397 0.094715 0.133997 0.000000
0.297462 -0.984571 0.219599 0.000000
0.312834 0.031454 0.170827 0.000000
0.502780 -0.260659 -0.064570 0.000000
0.234986 -0.068305 0.365528 0.000000
0.329008 0.041528 0.177255 0.000000
0.254320 -0.024645 0.333510 0.000000
0.324214 0.020127 0.055557 0.000000
0.580830 -0.135761 0.117906 0.000000
0.395349 0.356380 0.126469 0.000000
0.333767 -0.386699 0.200313 0.000000
0.374363 0.487847 0.128228 0.000000
0.508555 -0.177484 0.006292 0.000000
0.313339 0.123448 0.229486 0.000000
0.461077 -1.056400 0.163463 1.000000
0.348847 0.158058 0.119087 0.000000
0.404234 0.279439 0.161877 0.000000
0.306008 -1.056066 0.234744 0.000000
0.114320 -0.234663 -0.045442 0.000000
0.319731 -0.858517 0.207914 0.000000
0.411595 0.261556 0.125251 0.000000
0.382949 -0.781838 0.392753 0.000000
0.344132 0.196067 0.208088 0.000000
0.319313 0.069782 0.066871 0.000000
0.270689 -1.020937 0.254313 0.000000
0.344362 0.215523 0.085204 0.000000
0.462690 -0.043150 0.192478 0.000000
0.344219 -0.741406 0.202774 0.000000
0.312285 -1.020676 0.219602 0.000000
0.413466 0.257729 0.163718 0.000000
0.323012 -0.524070 0.192418 0.000000
0.336823 -0.164901 0.181445 0.000000
0.611801 -1.306844 0.115858 1.000000
0.279732 -1.004780 0.239496 0.000000
0.416703 0.197338 0.172759 0.000000
0.272236 -1.056028 0.273428 0.000000
0.387835 0.432973 0.152150 0.000000
0.527416 -0.137743 0.161650 0.000000
0.346374 0.084230 0.186404 0.000000
0.394270 0.324784 0.131721 0.000000
0.336837 -0.384867 0.182819 0.000000
0.339912 -0.634454 0.193965 0.000000
0.345177 -0.554999 0.194071 0.000000
0.392714 -0.910467 0.474082 0.000000
0.337711 0.230016 0.215373 0.000000
0.433265 -1.000222 0.205244 1.000000
0.306058 0.072918 0.278355 0.000000
0.338463 -0.363164 0.184947 0.000000
0.313108 -0.885381 0.226860 0.000000
0.194610 -0.141863 0.427113 0.000000
-0.045790 -0.514852 0.133481 0.000000
0.224548 -0.090154 0.379897 0.000000
0.309310 -1.004853 0.234183 0.000000
0.211021 -0.138217 0.411381 0.000000
0.423494 0.137993 0.183818 0.000000
0.335475 0.198246 0.173846 0.000000
0.318197 -1.115772 0.237295 0.000000
0.315786 -0.987446 0.227239 0.000000
0.341773 0.290992 0.182130 0.000000
0.323323 -0.473476 0.191081 0.000000
0.194512 -0.213588 0.155044 0.000000
0.331971 0.134375 0.138907 0.000000
0.388309 0.307766 0.133008 0.000000
0.315417 -1.084070 0.242779 0.000000
0.404304 0.220652 0.103306 0.000000
0.438560 0.019609 0.066952 0.000000
0.447664 -1.029112 0.183651 1.000000
0.427749 -0.014278 0.309542 0.000000
0.390384 -0.642138 0.341413 0.000000
0.485718 -1.094706 0.153605 1.000000
0.305381 -0.039403 0.041258 0.000000
0.528004 -0.205755 0.160625 0.000000
0.311329 0.094481 0.260120 0.000000
0.339790 -0.419630 0.185649 0.000000
0.357669 0.421613 0.120719 0.000000
0.361474 -0.537653 0.263486 0.000000
0.320146 0.209559 0.114834 0.000000
0.461870 -1.074144 0.163209 1.000000
0.517376 -0.118832 0.135514 0.000000
0.405033 -0.198899 0.300165 0.000000
0.067566 -0.399760 0.166316 0.000000
0.323269 0.311354 0.107266 0.000000
0.336523 0.357908 0.159450 0.000000
0.276890 -0.131633 -0.006125 0.000000
0.334069 0.121391 0.259323 0.000000
0.356844 -0.633268 0.306928 0.000000
0.342537 -0.861492 0.221636 0.000000
0.378388 0.470366 0.129448 0.000000
0.439137 0.024066 0.087438 0.000000
0.438830 0.006126 0.197478 0.000000
0.102317 -0.337736 0.172847 0.000000
0.402275 0.150260 0.075023 0.000000
0.433438 -0.006274 0.335211 0.000000
0.522519 -1.166180 0.141451 1.000000
0.448573 0.040585 0.119358 0.000000
0.384238 -0.815551 0.410073 0.000000
0.289772 -1.027700 0.239816 0.000000
0.335303 -0.100442 0.184590 0.000000
0.323610 0.272676 0.109072 0.000000
0.317390 -0.920090 0.223731 0.000000
0.271718 -0.070459 0.171264 0.000000
0.012627 -0.460213 0.153037 0.000000
0.373182 -0.865529 0.434910 0.000000
0.337559 -0.258242 0.184586 0.000000
0.622942 -1.334315 0.115239 1.000000
0.417712 -0.150445 0.262173 0.000000
0.298424 -1.132757 0.228361 0.000000
0.322444 -0.966412 0.216887 0.000000
0.333972 -0.306507 0.201587 0.000000
0.422145 -0.122086 0.246148 0.000000
0.342068 -0.575596 0.196539 0.000000
0.318494 -0.875448 0.204714 0.000000
0.405679 0.228191 0.169955 0.000000
0.371156 -0.573156 0.308073 0.000000
0.250785 -0.118712 0.160691 0.000000
0.264130 -0.084944 0.156461 0.000000
0.461597 -0.015412 0.354356 0.000000
0.541242 -1.201212 0.145000 1.000000
0.336823 -0.774729 0.199768 0.000000
0.379859 0.037281 0.227143 0.000000
0.361034 -0.915233 0.218281 1.000000
0.496208 -0.041620 0.141473 0.000000
0.489622 0.013656 0.127314 0.000000
0.339482 0.189095 0.107667 0.000000
0.199788 -0.160330 0.430829 0.000000
0.389948 0.265556 0.126318 0.000000
0.393923 0.304793 0.167652 0.000000
0.399543 0.166990 0.086008 0.000000
0.327203 -0.587372 0.192345 0.000000
0.302978 -0.949688 0.228608 0.000000
0.328030 -0.616918 0.196727 0.000000
0.454034 0.018464 0.190392 0.000000
0.408198 -0.178140 0.276991 0.000000
0.142659 -0.288663 0.168276 0.000000
0.435867 0.062642 0.195498 0.000000
0.336629 -0.254773 0.200688 0.000000
0.264110 -1.038766 0.235553 0.000000
0.240977 -0.149282 0.156971 0.000000
0.363994 -0.545782 0.293755 0.000000
0.347103 -0.396801 0.234199 0.000000
0.467367 -0.031574 0.350946 0.000000
0.380934 -0.038518 -0.016887 0.000000
0.418437 -1.008929 0.183777 1.000000
0.444118 0.010015 0.217118 0.000000
0.185566 -0.206461 0.142574 0.000000
0.278718 -0.053907 0.160527 0.000000
0.298913 -0.015963 0.172162 0.000000
0.319595 0.077210 0.174263 0.000000
0.288705 -0.972068 0.240705 0.000000
0.186708 -0.247817 0.536200 0.000000
0.334312 -0.035337 0.183475 0.000000
0.297399 -1.039514 0.205057 0.000000
0.337078 0.112662 0.156730 0.000000
0.322748 -0.344178 0.195266 0.000000
0.401755 0.117965 0.061300 0.000000
0.383837 -0.565239 0.314208 0.000000
0.330973 -0.284667 0.203062 0.000000
0.289570 -1.048992 0.247724 0.000000
0.266726 -0.101405 0.174289 0.000000
0.467569 -1.060787 0.184175 1.000000
0.402676 0.299598 0.183520 0.000000
0.368568 -0.923210 0.188180 1.000000
0.276402 -1.058195 0.257268 0.000000
0.299545 -1.051801 0.220758 0.000000
0.329991 -0.910024 0.222670 0.000000
0.335970 0.248532 0.169884 0.000000
0.443889 -0.025665 0.061885 0.000000
0.306155 -0.929543 0.207112 0.000000
0.331376 0.146893 0.177818 0.000000
0.338620 0.313366 0.157164 0.000000
0.239783 -0.132496 0.146701 0.000000
0.443671 -0.979753 0.598752 0.000000
0.409500 -0.961070 0.526027 0.000000
0.353898 -0.471441 0.255585 0.000000
0.340717 -0.800115 0.200443 0.000000
0.339520 -0.821159 0.203775 0.000000
0.339251 0.122859 0.081408 0.000000
0.471567 -0.069395 0.190542 0.000000
0.329886 0.178880 0.115751 0.000000
0.333837 -0.078369 0.182856 0.000000
0.252538 -0.104108 0.141913 0.000000
0.391479 0.417674 0.153045 0.000000
0.517307 -1.145377 0.167956 1.000000
0.329394 0.138365 0.242939 0.000000
0.183865 -0.214541 0.511795 0.000000
0.445058 0.049488 0.185898 0.000000
0.336287 -0.690151 0.210156 0.000000
0.397101 0.090203 0.221696 0.000000
0.357965 -0.904319 0.189449 1.000000
0.436347 -0.094692 0.239167 0.000000
0.327003 -0.455458 0.190708 0.000000
0.291883 0.054415 0.280794 0.000000
0.398969 0.347814 0.158604 0.000000
0.391628 0.381112 0.159788 0.000000
0.290273 -0.106011 0.006482 0.000000
0.400499 0.226993 0.204019 0.000000
0.330246 -0.982299 0.224512 0.000000
0.385962 0.008661 0.009703 0.000000
0.301772 0.080657 0.265217 0.000000
0.351857 -0.891435 0.212629 1.000000
0.218099 -0.114541 0.395555 0.000000
0.399500 0.193930 0.096261 0.000000
0.401512 0.123287 0.217780 0.000000
0.426152 0.068580 0.084330 0.000000
0.332269 -0.211296 0.182696 0.000000
0.281167 -1.109122 0.252963 0.000000
0.220354 -0.156265 0.139256 0.000000
0.390867 -0.916218 0.490082 0.000000
0.422449 0.195702 0.120887 0.000000
0.424705 -0.104683 0.236749 0.000000
0.524347 -1.180601 0.146592 1.000000
0.325461 0.098323 0.072190 0.000000
0.417000 -0.004229 0.300617 0.000000
0.499558 -0.155037 0.162008 0.000000
0.451053 0.146750 0.123584 0.000000
0.334941 -0.372448 0.239603 0.000000
0.308113 0.014917 0.170761 0.000000
0.367246 -0.915930 0.201745 1.000000
0.369560 0.399564 0.121823 0.000000
0.469729 -1.097379 0.173678 1.000000
0.356440 -0.488555 0.261132 0.000000
0.342781 -0.517715 0.194546 0.000000
0.325865 0.128360 0.076351 0.000000
0.494323 -1.114235 0.168201 1.000000
0.328552 -0.347661 0.233995 0.000000
0.337480 -0.433891 0.179600 0.000000
0.335378 -0.192358 0.194970 0.000000
0.483620 -0.128439 0.171362 0.000000
0.401579 0.106226 0.051485 0.000000
0.582508 -0.050448 0.445502 0.000000
0.335186 -0.223525 0.196094 0.000000
0.334535 0.289360 0.097542 0.000000
0.338144 0.389245 0.156981 0.000000
0.446641 -0.012672 0.339407 0.000000
0.173558 -0.256134 0.161897 0.000000
0.520391 -0.234633 0.169543 0.000000
0.504337 -1.132116 0.158413 1.000000
0.323827 0.236803 0.110208 0.000000
0.384992 0.016026 0.237334 0.000000
0.440576 -0.021391 0.211254 0.000000
0.344270 -0.363401 0.223909 0.000000
0.464132 0.086753 0.128725 0.000000
0.348872 0.451524 0.157718 0.000000
0.432600 0.110457 0.124381 0.000000
0.343566 -0.492111 0.191573 0.000000
0.330933 -0.785253 0.217110 0.000000
0.484347 -0.030789 0.367813 0.000000
0.330382 -0.602199 0.191815 0.000000
0.359992 -0.451984 0.237949 0.000000
0.333541 -0.745989 0.214566 0.000000
0.434363 0.040569 0.085724 0.000000
0.354750 0.443776 0.144245 0.000000
0.522436 -0.160260 0.145766 0.000000
0.455184 0.022051 0.118983 0.000000
0.430524 0.176209 0.124881 0.000000
0.423222 0.246289 0.128549 0.000000
0.340708 -0.669062 0.208989 0.000000
0.334036 -0.369881 0.201099 0.000000
0.438784 -1.041399 0.178804 1.000000
0.360013 -0.498894 0.247423 0.000000
0.387858 0.406164 0.140997 0.000000
0.405071 0.294790 0.160086 0.000000
0.385911 0.100290 0.047586 0.000000
0.188730 -0.227173 0.158396 0.000000
0.272294 -1.087369 0.259002 0.000000
0.311812 0.029196 0.186067 0.000000
0.241712 -0.171346 -0.022571 0.000000
0.372879 -0.044425 0.260351 0.000000
0.292241 -1.097848 0.245463 0.000000
0.338022 -0.757526 0.199535 0.000000
0.362156 -0.518142 0.290073 0.000000
0.513054 -0.177516 0.148525 0.000000
0.347587 0.223653 0.189295 0.000000
0.329262 0.338582 0.111406 0.000000
0.388934 0.055801 0.028819 0.000000
0.318601 -0.861763 0.232082 0.000000
0.337380 -0.717800 0.197503 0.000000
0.354473 0.261916 0.097135 0.000000
0.315128 -0.009930 0.048810 0.000000
0.335699 -0.563272 0.204423 0.000000
0.355212 -0.902464 0.224161 1.000000
0.365314 -0.717686 0.354684 0.000000
0.479325 -0.128185 0.044349 0.000000
0.115015 -0.302222 0.171178 0.000000
0.402555 0.189987 0.120506 0.000000
0.319754 0.055483 0.173879 0.000000
0.430268 0.096669 0.186682 0.000000
0.371229 0.332786 0.120474 0.000000
0.479930 -0.085913 0.189298 0.000000
0.207471 -0.124637 0.406586 0.000000
0.092628 -0.355948 0.170614 0.000000
0.360988 -0.588556 0.298710 0.000000
0.324576 0.169428 0.210465 0.000000
0.366924 -0.064812 0.283595 0.000000
0.348217 0.132296 0.134354 0.000000
0.386467 0.307909 0.154509 0.000000
0.336918 -0.177240 0.189597 0.000000
0.443310 -1.021691 0.196741 1.000000
0.387528 0.420192 0.132764 0.000000
0.325448 -0.328534 0.197002 0.000000
0.395512 0.197164 0.081940 0.000000
-0.010550 -0.476092 0.151514 0.000000
0.350855 0.089754 0.173468 0.000000
0.358691 0.059386 0.217794 0.000000
0.292129 -1.100619 0.230939 0.000000
0.354247 -0.458454 0.262546 0.000000
0.336359 -0.868871 0.204115 0.000000
0.394887 0.277554 0.115061 0.000000
0.347123 0.426337 0.145152 0.000000
0.324099 -0.135432 0.184226 0.000000
0.345928 0.341138 0.162102 0.000000
0.319772 -0.007921 0.180905 0.000000
0.308834 -1.067531 0.243437 0.000000
0.321699 -0.942915 0.209973 0.000000
0.290336 -0.931659 0.225663 0.000000
0.468436 0.019619 0.113122 0.000000
0.424168 0.152251 0.178759 0.000000
0.420968 -0.989614 0.210334 1.000000
0.464038 0.116172 0.123262 0.000000
0.391829 -0.960657 0.175849 1.000000
0.085188 -0.242263 -0.048677 0.000000
0.186552 -0.249656 0.166710 0.000000
0.352592 -0.431863 0.241833 0.000000
0.397927 0.249636 0.103775 0.000000
0.563345 -0.048132 0.436567 0.000000
0.327238 -0.542604 0.193779 0.000000
0.339255 0.189811 0.222297 0.000000
0.194615 -0.178555 0.453570 0.000000
0.324181 -0.297092 0.196639 0.000000
0.336404 -0.348561 0.185360 0.000000
0.327570 -0.394050 0.189556 0.000000
0.369617 -0.060023 -0.036961 0.000000
0.335049 -0.238899 0.187862 0.000000
0.329428 0.151360 0.126626 0.000000
0.325861 0.096846 0.165037 0.000000
0.041195 -0.404072 0.178563 0.000000
0.192599 -0.197848 0.472844 0.000000
0.405708 0.293106 0.124707 0.000000
0.436663 0.073714 0.117405 0.000000
0.324199 0.056156 0.068828 0.000000
0.302732 -0.898239 0.237097 0.000000
0.291110 -1.074928 0.239850 0.000000
0.405691 -0.942838 0.513250 0.000000
0.392087 0.300126 0.121354 0.000000
0.249229 -0.036378 0.345303 0.000000
0.262934 -0.003505 0.324837 0.000000
0.164082 -0.237588 0.154511 0.000000
0.306412 0.004436 0.157872 0.000000
0.393048 0.016499 0.254849 0.000000
0.205511 -0.200632 -0.026646 0.000000
0.301150 -1.031128 0.230766 0.000000
0.364031 -0.560853 0.290543 0.000000
0.185097 -0.258495 0.552537 0.000000
-0.043835 -0.505128 0.148571 0.000000
0.390670 0.126845 0.059274 0.000000
0.334955 0.201851 0.159604 0.000000
0.226312 -0.193888 0.168570 0.000000
0.331870 0.125895 0.169359 0.000000
0.387758 -0.884281 0.454814 0.000000
0.401630 0.006412 0.279875 0.000000
0.402319 -0.869668 0.445359 0.000000
0.312281 0.012575 0.055083 0.000000
0.330529 0.149183 0.233934 0.000000
0.521362 -0.260554 0.181743 0.000000
0.349800 0.479021 0.141745 0.000000
0.389111 -0.953696 0.192864 1.000000
0.448120 0.127118 0.132458 0.000000
0.384574 -0.016535 -0.004725 0.000000
0.429381 0.088980 0.085887 0.000000
0.266783 -1.036657 0.253932 0.000000
0.417865 -1.005657 0.199355 1.000000
0.326280 -0.662349 0.197811 0.000000
0.460040 -0.051220 0.065899 0.000000
0.478639 -1.103765 0.161524 1.000000
0.327905 -0.729780 0.208937 0.000000
0.418983 0.113584 0.097567 0.000000
0.270766 0.019528 0.308925 0.000000
0.304229 -0.919652 0.229281 0.000000
0.478834 -1.087805 0.178115 1.000000
0.473925 -0.002228 0.110435 0.000000
0.335152 0.165588 0.233499 0.000000
0.336559 0.260271 0.097360 0.000000
0.372554 0.049407 0.214969 0.000000
0.311880 -0.964611 0.206063 0.000000
0.335926 -0.840930 0.221730 0.000000
0.341322 -0.420722 0.246445 0.000000
0.350914 -0.889391 0.195978 1.000000
0.334907 -0.650120 0.197994 0.000000
0.293605 -1.059970 0.240314 0.000000
0.310919 -0.908721 0.246109 0.000000
0.320752 -0.237643 0.193547 0.000000
0.352795 -0.346686 0.211136 0.000000
-0.085896 -0.550620 0.125054 0.000000
0.339548 0.356467 0.116861 0.000000
0.387679 -0.694343 0.355817 0.000000
0.434990 -0.991776 0.600462 0.000000
0.328435 -0.807225 0.218320 0.000000
0.315093 -0.848395 0.216206 0.000000
0.369509 0.446998 0.115018 0.000000
0.292571 -1.008414 0.219793 0.000000
0.444010 0.021209 0.180512 0.000000
0.324802 -0.497849 0.198227 0.000000
0.384465 0.468002 0.148476 0.000000
0.286158 -0.037303 0.156905 0.000000
0.396681 -0.945934 0.534393 0.000000
-0.060178 -0.520179 0.139220 0.000000
0.402133 -0.927883 0.491810 0.000000
0.363532 -0.535681 0.283832 0.000000
0.411218 -0.964173 0.571782 0.000000
0.207448 -0.212839 0.161323 0.000000
0.250244 -0.132429 0.174300 0.000000
0.277305 -1.025912 0.271078 0.000000
0.332109 -0.282826 0.185691 0.000000
0.143118 -0.226822 -0.036834 0.000000
0.293817 -1.079197 0.221721 0.000000
0.035122 -0.425947 0.166103 0.000000
0.218680 -0.100921 0.388527 0.000000
0.425998 -0.973832 0.586828 0.000000
0.429606 0.111073 0.088755 0.000000
0.252080 -0.165584 -0.004473 0.000000
0.320623 -0.103622 0.178863 0.000000
0.356368 0.293050 0.115980 0.000000
0.289369 0.010377 0.319148 0.000000
0.357754 -0.516609 0.267749 0.000000
0.487582 -0.021158 0.376947 0.000000
0.323850 -0.325358 0.218303 0.000000
0.032637 -0.439094 0.159422 0.000000
0.185027 -0.204951 0.498267 0.000000
-0.027176 -0.492804 0.144859 0.000000
0.488574 -0.038667 0.106899 0.000000
0.354492 0.112187 0.146990 0.000000
0.429366 -0.071149 0.224276 0.000000
0.291242 -0.942139 0.236462 0.000000
0.378687 -0.939887 0.213567 1.000000
0.337298 -0.500183 0.181355 0.000000
0.322378 -0.152413 0.184975 0.000000
0.346406 0.260403 0.186859 0.000000
-0.076702 -0.541346 0.143244 0.000000
0.235021 -0.169713 0.167420 0.000000
0.397378 -0.891986 0.461117 0.000000
0.297762 -0.012835 0.158057 0.000000
0.395032 -0.853537 0.434141 0.000000
0.404222 0.248914 0.168175 0.000000
0.418909 -0.963387 0.556243 0.000000
0.446644 -0.006056 0.076712 0.000000
0.394437 0.212220 0.107062 0.000000
0.580422 -1.287184 0.118972 1.000000
0.452745 0.079888 0.136420 0.000000
0.317440 0.109244 0.252472 0.000000
0.390134 0.145157 0.065033 0.000000
0.293663 -1.034129 0.216822 0.000000
0.515531 -1.131193 0.167263 1.000000
0.349118 0.312199 0.168215 0.000000
0.240232 -1.114807 0.248036 0.000000
0.392737 0.019666 0.270953 0.000000
0.558701 -1.231347 0.141037 1.000000
0.320918 -1.087658 0.231102 0.000000
0.312338 -0.971822 0.226109 0.000000
0.190092 -0.236412 0.520657 0.000000
0.235467 -0.099781 0.378266 0.000000
0.221141 -0.174308 0.152464 0.000000
0.383601 -0.654323 0.342379 0.000000
0.299219 -1.068672 0.212306 0.000000
0.490323 -0.030082 0.144838 0.000000
0.384581 0.369873 0.151648 0.000000
0.399357 0.120042 0.230573 0.000000
0.449216 0.015500 0.085487 0.000000
0.335376 -0.593940 0.201625 0.000000
0.343485 0.367160 0.168399 0.000000
0.503936 -0.030971 0.387202 0.000000
0.388257 0.028854 0.015416 0.000000
0.174172 -0.272939 0.165333 0.000000
0.359319 -0.508877 0.280174 0.000000
0.512122 -1.160339 0.149311 1.000000
0.340345 -0.441284 0.190447 0.000000
0.358354 -0.605928 0.298563 0.000000
0.231824 -0.179880 -0.027589 0.000000
0.321116 -0.935168 0.230320 0.000000
0.321952 -0.884026 0.237599 0.000000
0.287961 -1.092198 0.208839 0.000000
-0.001612 -0.461225 0.153813 0.000000
0.393858 0.384081 0.145539 0.000000
0.308565 -1.017722 0.238748 0.000000
0.278615 -0.955779 0.231071 0.000000
0.276371 -0.058332 0.148170 0.000000
0.393723 -0.956426 0.214967 1.000000
0.359293 -0.493360 0.282605 0.000000
0.343630 -0.821466 0.218357 0.000000
0.338256 0.183507 0.078578 0.000000
0.382781 0.450338 0.132635 0.000000
0.327794 -0.050253 0.177395 0.000000
0.376061 0.350523 0.119507 0.000000
0.406506 0.255798 0.195771 0.000000
0.313984 -0.892417 0.215671 0.000000
0.395467 0.042580 0.013287 0.000000
0.439782 0.034119 0.202665 0.000000
0.522540 -0.130683 0.148942 0.000000
0.448361 -0.014972 0.219791 0.000000
0.238550 -0.123837 0.133936 0.000000
0.478511 -0.006225 0.148622 0.000000
0.338147 0.167456 0.118037 0.000000
0.232016 -0.040561 0.351807 0.000000
0.333706 0.172088 0.162364 0.000000
0.324247 -0.175766 0.185891 0.000000
0.426645 -0.002701 0.324485 0.000000
0.415774 0.180545 0.101524 0.000000
0.190890 -0.223178 0.497524 0.000000
0.336172 -0.527096 0.188075 0.000000
0.400066 0.319668 0.162275 0.000000
0.153751 -0.276026 0.166118 0.000000
0.328059 -0.338477 0.216421 0.000000
0.404475 0.477202 0.120218 0.000000
0.324490 -0.215623 0.197412 0.000000
0.341008 -0.610624 0.190590 0.000000
0.388159 0.394744 0.127533 0.000000
0.280889 -1.064458 0.246619 0.000000
0.204879 -0.183675 0.143780 0.000000
0.334613 -0.341283 0.200100 0.000000
0.418232 0.227486 0.165735 0.000000
0.355732 -0.464500 0.276792 0.000000
0.398611 0.149190 0.226677 0.000000
0.475990 0.040289 0.137231 0.000000
0.299275 -1.010473 0.204389 0.000000
0.274092 -1.054455 0.236013 0.000000
0.599345 -1.310386 0.117528 1.000000
0.228356 -0.077644 0.371972 0.000000
0.379690 -0.903012 0.473480 0.000000
0.338242 0.215513 0.100238 0.000000
0.386631 -0.917395 0.502353 0.000000
0.244900 -0.076462 0.363325 0.000000
0.502253 -0.074606 0.108153 0.000000
0.370661 -0.782982 0.388602 0.000000
0.321622 -0.922928 0.211742 0.000000
0.311663 0.041521 0.060959 0.000000
0.526152 -0.185460 0.154354 0.000000
0.364102 -0.925391 0.225789 1.000000
0.394824 0.338966 0.173415 0.000000
0.324234 -1.125615 0.243262 0.000000
0.305719 -0.064405 0.025832 0.000000
0.514630 -0.099410 0.113059 0.000000
0.390166 0.033140 0.235184 0.000000
0.340364 -0.456109 0.190199 0.000000
0.326106 -0.201589 0.188703 0.000000
0.347264 0.194689 0.098243 0.000000
0.388760 -0.705457 0.362701 0.000000
0.328806 -0.413038 0.199458 0.000000
0.369895 0.424467 0.123961 0.000000
0.331411 -0.152451 0.196010 0.000000
0.320346 0.028026 0.158299 0.000000
0.111893 -0.327277 0.172918 0.000000
0.332147 -0.880521 0.208328 0.000000
0.341408 -0.566634 0.187178 0.000000
0.387052 0.008953 -0.003899 0.000000
0.329964 -0.516631 0.200366 0.000000
0.278219 -0.965962 0.245418 0.000000
0.296969 -0.979080 0.232155 0.000000
0.339140 0.298758 0.164002 0.000000
0.367031 -0.645595 0.326467 0.000000
0.397999 0.079482 0.037143 0.000000
-0.069184 -0.532379 0.135059 0.000000
0.369853 -0.739100 0.366023 0.000000
0.345886 -0.879475 0.217244 1.000000
0.396415 -0.958276 0.202514 1.000000
0.338023 -0.326346 0.198113 0.000000
0.426420 0.110147 0.189024 0.000000
0.440068 -0.978437 0.612769 0.000000
0.447508 -0.023275 0.332140 0.000000
0.430391 0.170079 0.167355 0.000000
0.286039 0.035618 0.300431 0.000000
0.428106 -0.130962 0.253607 0.000000
0.439652 0.006762 0.067880 0.000000
0.483026 -0.111368 0.179126 0.000000
0.328732 0.027287 0.176420 0.000000
0.389710 0.170261 0.076734 0.000000
0.355391 0.469412 0.152003 0.000000
0.017185 -0.448419 0.160580 0.000000
0.395997 0.288962 0.168415 0.000000
0.292812 -0.027130 0.171974 0.000000
0.373433 -0.662033 0.338620 0.000000
0.376229 -0.620086 0.324943 0.000000
0.345141 0.247414 0.198832 0.000000
0.325872 -0.362068 0.193540 0.000000
0.526430 -1.169514 0.153058 1.000000
0.080907 -0.353741 0.176397 0.000000
0.305261 -0.053605 0.037849 0.000000
0.322052 -1.165988 0.241959 0.000000
0.343574 0.169866 0.241955 0.000000
0.079425 -0.370817 0.179897 0.000000
0.288421 -0.097933 0.031511 0.000000
0.413978 0.153610 0.098112 0.000000
0.401898 0.160598 0.217581 0.000000
0.350068 0.283454 0.176240 0.000000
0.290172 -0.984742 0.244588 0.000000
0.338824 -0.676405 0.198099 0.000000
0.381068 0.277674 0.117516 0.000000
0.403027 0.135892 0.215974 0.000000
0.417331 0.128182 0.100476 0.000000
0.327802 -0.036389 0.171720 0.000000
0.079858 -0.380325 0.169427 0.000000
0.517554 -0.105082 0.149392 0.000000
0.593643 -1.284325 0.118641 1.000000
0.344836 -0.791852 0.211718 0.000000
0.441163 0.163564 0.121387 0.000000
0.485309 -0.046167 0.118632 0.000000
0.345782 -0.656784 0.204487 0.000000
0.327454 -0.571912 0.200193 0.000000
0.474791 -0.079995 0.062115 0.000000
0.250576 -0.057483 0.350562 0.000000
0.356238 -0.388434 0.223218 0.000000
0.478974 -0.102458 0.051892 0.000000
0.470443 -0.014600 0.116578 0.000000
0.336330 0.169766 0.221418 0.000000
0.349507 0.233693 0.099921 0.000000
0.342414 -0.880582 0.230879 0.000000
0.525656 -0.149991 0.152640 0.000000
0.499445 -1.120174 0.158415 1.000000
-0.021756 -0.483339 0.151031 0.000000
0.337256 0.236069 0.170067 0.000000
0.150465 -0.263186 0.160737 0.000000
0.328148 0.079361 0.183642 0.000000
0.429666 0.127136 0.179269 0.000000
0.180332 -0.270820 0.575290 0.000000
0.541632 -1.208217 0.131688 1.000000
0.304417 -0.017537 0.046528 0.000000
0.491758 -0.065661 0.108760 0.000000
0.338676 -0.711218 0.212875 0.000000
0.481028 -1.078831 0.186514 1.000000
0.331643 -0.772240 0.213795 0.000000
0.368979 -0.518133 0.301017 0.000000
0.330368 -0.847308 0.212578 0.000000
0.386152 0.026839 0.251543 0.000000
0.303770 -1.067028 0.227592 0.000000
0.430640 0.081480 0.200798 0.000000
0.396719 0.205296 0.214117 0.000000
0.335964 0.104465 0.079256 0.000000
0.435038 0.059858 0.210019 0.000000
0.309066 -0.940414 0.234243 0.000000
0.382229 0.307129 0.118421 0.000000
0.358361 -0.468462 0.244381 0.000000
0.448909 0.029778 0.190491 0.000000
0.133261 -0.315349 0.168686 0.000000
0.507253 -0.071754 0.148382 0.000000
0.556524 -1.240722 0.130511 1.000000
0.379313 0.396828 0.145448 0.000000
0.365555 -0.585047 0.312552 0.000000
0.316964 -0.877974 0.216733 0.000000
0.128449 -0.301571 0.170342 0.000000
0.205676 -0.201983 0.155695 0.000000
0.414223 0.192398 0.133332 0.000000
0.456015 0.065193 0.139298 0.000000
0.374990 0.431676 0.149651 0.000000
0.472946 -1.080984 0.152299 1.000000
0.355442 -0.373208 0.216304 0.000000
0.451952 -1.040779 0.190682 1.000000
0.280626 0.057225 0.276612 0.000000
0.184642 -0.238710 0.544309 0.000000
0.572751 -1.275061 0.122886 1.000000
0.348422 0.382387 0.162508 0.000000
0.375494 -0.031656 -0.025488 0.000000
0.402601 0.199731 0.178861 0.000000
0.425723 -0.998221 0.186068 1.000000
0.054225 -0.407296 0.168471 0.000000
0.355807 -0.539321 0.274220 0.000000
0.322515 0.130030 0.237193 0.000000
0.395401 0.220691 0.093741 0.000000
0.516540 -0.166376 0.158607 0.000000
0.539334 -0.117820 0.113072 0.000000
0.395944 0.076847 0.224886 0.000000
0.363651 -0.677776 0.335643 0.000000
0.052120 -0.421948 0.161801 0.000000
0.441348 0.015638 0.205001 0.000000
0.338689 -0.482889 0.185009 0.000000
0.430212 -0.971247 0.574830 0.000000
0.328560 0.153457 0.166020 0.000000
0.322955 0.004136 0.184084 0.000000
0.338664 0.195380 0.233121 0.000000
0.546717 -1.219656 0.137185 1.000000
0.498928 -0.053860 0.151314 0.000000
0.429897 -0.998850 0.165895 1.000000
0.154149 -0.221695 -0.039176 0.000000
0.265637 -1.048321 0.266406 0.000000
0.401418 -0.827475 0.422909 0.000000
0.437122 0.122899 0.168669 0.000000
0.450345 -1.025346 0.161960 1.000000
0.298770 -0.991724 0.209911 0.000000
0.445484 -0.001234 0.221385 0.000000
0.348776 0.261776 0.111314 0.000000
0.500303 -0.152949 0.023463 0.000000
0.330452 -0.860227 0.213263 0.000000
0.289674 -1.015612 0.240098 0.000000
0.351199 -0.445921 0.264900 0.000000
0.465346 -1.065301 0.173203 1.000000
0.390178 -0.875224 0.446127 0.000000
0.195173 -0.201262 0.485640 0.000000
0.437933 -1.031964 0.190144 1.000000
0.335168 -0.401636 0.181798 0.000000
0.337390 -0.507162 0.192462 0.000000
0.401858 0.327417 0.122765 0.000000
0.362726 -0.729687 0.357876 0.000000
0.241474 -0.020864 0.337911 0.000000
0.387337 0.350120 0.140196 0.000000
0.329763 -0.349418 0.222183 0.000000
0.444689 0.158669 0.131755 0.000000
0.549680 -1.198363 0.153423 1.000000
0.347156 -0.324459 0.206530 0.000000
0.436570 -0.032273 0.214750 0.000000
0.406744 -0.951407 0.537884 0.000000
0.396881 -0.934749 0.507507 0.000000
0.339975 -0.729588 0.203074 0.000000
0.346286 0.224836 0.092571 0.000000
0.262012 -1.025572 0.236629 0.000000
0.599296 -1.298543 0.121338 1.000000
0.013098 -0.440040 0.174425 0.000000
0.206161 -0.100378 0.394304 0.000000
0.576893 -1.233998 0.135875 1.000000
0.344630 -0.385161 0.234773 0.000000
0.476630 0.018594 0.140696 0.000000
0.468009 -1.084440 0.171004 1.000000
0.330100 0.249547 0.099806 0.000000
0.260842 -0.096728 0.148712 0.000000
0.422251 0.221322 0.127744 0.000000
0.388200 0.473736 0.107475 0.000000
0.470356 -0.058082 0.193993 0.000000
0.340013 0.166794 0.087849 0.000000
0.348077 -0.878368 0.192552 1.000000
0.344814 -0.336844 0.211661 0.000000
0.402479 0.387208 0.153087 0.000000
0.290868 -1.109637 0.245802 0.000000
0.280995 -0.993944 0.244174 0.000000
0.218578 -0.196105 -0.023607 0.000000
0.616191 -1.318012 0.121600 1.000000
0.340207 -0.634286 0.208786 0.000000
0.383247 -0.007033 -0.011697 0.000000
0.457046 0.049922 0.117657 0.000000
0.341062 0.201673 0.197167 0.000000
0.318141 -1.033538 0.228165 0.000000
0.406048 0.188680 0.108558 0.000000
0.325874 -0.779013 0.205377 0.000000
0.353080 -0.446358 0.245757 0.000000
0.329145 -0.642011 0.204427 0.000000
0.358775 -0.425569 0.231867 0.000000
0.290159 -1.085657 0.245416 0.000000
0.333978 -0.797747 0.209880 0.000000
0.423685 0.163752 0.176026 0.000000
0.330042 0.102066 0.174788 0.000000
0.365396 0.466380 0.121594 0.000000
0.390939 0.252910 0.112730 0.000000
0.530426 -0.175558 0.164449 0.000000
0.333418 -0.614461 0.207802 0.000000
0.345286 0.397324 0.131573 0.000000
0.329674 -0.628721 0.195362 0.000000
0.380913 -0.937980 0.182745 1.000000
0.303631 -0.886555 0.235625 0.000000
0.450918 -0.034648 0.065881 0.000000
0.103465 -0.236647 -0.041251 0.000000
0.262714 -0.090883 0.167525 0.000000
0.342653 -0.285775 0.201806 0.000000
0.259285 -0.012673 0.331301 0.000000
0.333183 0.154194 0.079634 0.000000
0.281205 -1.034174 0.244691 0.000000
0.275490 -0.127950 0.009101 0.000000
0.336141 -0.374412 0.188396 0.000000
0.357411 0.065461 0.206336 0.000000
0.164640 -0.248998 0.159022 0.000000
0.244042 -0.146581 0.168014 0.000000
0.374164 0.455185 0.145514 0.000000
0.337487 -0.471588 0.196836 0.000000
0.302031 -1.016105 0.216112 0.000000
0.342158 0.442568 0.147515 0.000000
0.325923 0.203211 0.169135 0.000000
0.312758 -0.903186 0.211149 0.000000
0.536554 -0.209997 0.167460 0.000000
0.310675 0.016181 0.184651 0.000000
0.564039 -1.253263 0.127294 1.000000
0.352810 -0.407486 0.231549 0.000000
0.324810 -0.026626 0.186657 0.000000
0.409452 0.163644 0.103955 0.000000
0.410082 -0.954093 0.551217 0.000000
0.260476 -1.051670 0.236839 0.000000
0.403860 0.240270 0.109216 0.000000
0.233060 -0.182501 -0.015818 0.000000
0.327613 -0.684832 0.198635 0.000000
0.255909 -0.108840 0.167581 0.000000
0.304151 0.050525 0.297174 0.000000
0.312883 -1.103605 0.237628 0.000000
0.333062 0.226068 0.163551 0.000000
0.343085 0.222944 0.206317 0.000000
0.471052 -0.088710 0.055237 0.000000
0.436073 0.123385 0.126392 0.000000
0.337867 -0.706182 0.196487 0.000000
0.315542 0.044599 0.173811 0.000000
0.290411 -1.058328 0.217585 0.000000
0.258059 -0.155804 -0.006632 0.000000
0.496586 -1.129561 0.166744 1.000000
0.302945 -0.884744 0.218076 0.000000
0.296713 -0.997630 0.221378 0.000000
0.349322 0.245305 0.093706 0.000000
0.336224 -0.551425 0.185248 0.000000
0.306867 0.001708 0.053279 0.000000
0.297149 -1.006345 0.234481 0.000000
0.340859 -0.692845 0.196394 0.000000
0.471481 0.060571 0.131833 0.000000
0.124163 -0.327306 0.169577 0.000000
0.486328 -0.135782 0.038997 0.000000
0.344355 0.477573 0.152424 0.000000
0.308326 -1.075385 0.234872 0.000000
0.322308 -1.154165 0.245352 0.000000
0.193598 -0.161998 0.442442 0.000000
0.433511 0.049001 0.076215 0.000000
0.393577 -0.899469 0.469145 0.000000
0.294595 -0.039150 0.046581 0.000000
0.480695 -1.091187 0.165447 1.000000
0.432145 0.145960 0.170579 0.000000
0.385106 0.292587 0.126735 0.000000
0.267029 -0.144271 0.000740 0.000000
0.340646 0.201060 0.218279 0.000000
0.338111 -0.841258 0.200404 0.000000
0.185933 -0.224834 0.523189 0.000000
0.337824 0.409064 0.138823 0.000000
0.326048 0.185440 0.169542 0.000000
0.397274 -0.207172 0.297955 0.000000
0.316700 -0.999373 0.227215 0.000000
0.480762 -0.026757 0.109097 0.000000
0.397327 0.104655 0.231704 0.000000
0.278871 -0.978239 0.240084 0.000000
0.337964 -0.539543 0.197619 0.000000
0.263345 0.012123 0.314679 0.000000
0.437293 -1.005992 0.214363 1.000000
0.522014 -0.225135 0.163251 0.000000
0.401838 0.009858 0.291413 0.000000
0.363940 -0.638475 0.317665 0.000000
0.325567 0.081001 0.066681 0.000000
0.345353 0.363912 0.155022 0.000000
0.402177 0.205129 0.101579 0.000000
0.395293 0.257479 0.190208 0.000000
0.450504 -0.006797 0.185303 0.000000
0.093218 -0.378998 0.166041 0.000000
0.253723 -0.108487 0.154401 0.000000
0.413759 0.207955 0.110690 0.000000
0.297561 -1.106174 0.222506 0.000000
0.296574 -0.077359 0.029472 0.000000
0.326977 0.283714 0.104046 0.000000
0.392922 0.280787 0.160921 0.000000
0.344007 -0.768413 0.208865 0.000000
0.506339 -0.075043 0.159286 0.000000
0.419661 -1.010776 0.172569 1.000000
0.382752 -0.725846 0.370737 0.000000
0.441831 0.180034 0.122264 0.000000
0.309940 -0.853609 0.226310 0.000000
0.445753 0.089509 0.124576 0.000000
0.300375 0.063296 0.276037 0.000000
0.334471 0.147549 0.248925 0.000000
0.288893 -1.005123 0.260647 0.000000
0.389146 -0.773749 0.387621 0.000000
0.289516 -0.942811 0.223401 0.000000
0.347798 0.107882 0.155155 0.000000
0.434110 0.072434 0.183969 0.000000
0.456101 0.105099 0.130565 0.000000
0.328686 -0.430945 0.198511 0.000000
0.456355 -1.056291 0.174906 1.000000
0.301757 -0.973921 0.218646 0.000000
0.336971 -0.306177 0.190615 0.000000
0.412345 0.218506 0.169503 0.000000
0.203926 -0.142571 0.419137 0.000000
0.296302 -1.090998 0.225279 0.000000
0.429835 0.195246 0.130303 0.000000
0.323927 -0.310237 0.197793 0.000000
0.282843 -0.117672 0.015338 0.000000
0.389627 0.390809 0.153783 0.000000
0.414712 0.186862 0.177383 0.000000
0.389702 0.009885 0.245658 0.000000
0.270912 -0.997654 0.240267 0.000000
0.393861 0.365722 0.156700 0.000000
0.337433 -0.784571 0.207152 0.000000
0.473753 -1.070464 0.188908 1.000000
0.352213 0.390030 0.153884 0.000000
0.328564 -0.752664 0.204082 0.000000
0.634120 -0.162479 0.093711 0.000000
0.281516 0.024740 0.306355 0.000000
0.395052 0.349980 0.169005 0.000000
0.241937 -0.061817 0.359380 0.000000
0.343552 0.321387 0.164646 0.000000
0.436735 -1.020367 0.170568 1.000000
0.318018 -0.909492 0.218922 0.000000
0.487894 -0.011155 0.136918 0.000000
0.331411 -0.703938 0.206907 0.000000
0.494184 -1.136857 0.152748 1.000000
0.418680 -0.971666 0.576171 0.000000
0.512660 -0.087373 0.149724 0.000000
0.397340 0.056703 0.238710 0.000000
0.448548 -1.039917 0.171553 1.000000
0.441873 -1.030701 0.173275 1.000000
0.368504 0.487460 0.118130 0.000000
0.331747 -0.263290 0.194005 0.000000
0.338066 -0.735547 0.212535 0.000000
0.198589 -0.118426 0.409625 0.000000
0.438809 -0.012428 0.202037 0.000000
0.333799 -0.554322 0.195987 0.000000
0.295126 -0.964731 0.246715 0.000000
0.431582 0.143784 0.123412 0.000000
0.372310 -0.925817 0.200053 1.000000
0.340927 -0.587816 0.191117 0.000000
0.433621 0.025630 0.077788 0.000000
0.279143 -1.068823 0.259610 0.000000
0.436845 0.104511 0.173712 0.000000
0.454444 0.007444 0.192398 0.000000
0.325256 -0.045940 0.187423 0.000000
0.298554 -1.139871 0.216635 0.000000
0.328344 -0.822494 0.203985 0.000000
0.429914 -0.985946 0.608602 0.000000
0.330851 -0.273362 0.200205 0.000000
0.327533 0.129458 0.252703 0.000000
0.385818 -0.007929 0.249560 0.000000
0.369544 -0.068949 0.293654 0.000000
0.319350 -0.935673 0.219289 0.000000
0.322184 -0.890285 0.207827 0.000000
0.492087 -0.118261 0.042658 0.000000
0.386104 0.328896 0.138146 0.000000
0.299919 -0.931617 0.231520 0.000000
0.281547 -0.938049 0.240193 0.000000
0.325472 0.135172 0.165711 0.000000
0.282517 -1.021707 0.246112 0.000000
0.534945 -0.213221 0.127142 0.000000
0.524510 -0.040509 0.401981 0.000000
0.440361 -0.048860 0.222582 0.000000
0.329470 0.116114 0.179402 0.000000
0.097559 -0.365801 0.167493 0.000000
0.372914 0.373670 0.117355 0.000000
0.327756 0.053945 0.181466 0.000000
0.469153 -0.057435 0.067974 0.000000
0.533760 -1.210439 0.144531 1.000000
0.433953 -1.020393 0.183041 1.000000
0.388513 -0.762560 0.392385 0.000000
0.377843 -0.824567 0.412617 0.000000
0.392968 -0.820955 0.419820 0.000000
-0.101483 -0.568526 0.131731 0.000000
0.319796 -0.978691 0.221600 0.000000
0.242497 -0.044078 0.350883 0.000000
0.328598 -0.182706 0.194482 0.000000
0.336214 -0.812635 0.212570 0.000000
0.393588 0.371686 0.128340 0.000000
0.320053 -0.077227 0.184672 0.000000
0.441979 0.051228 0.175411 0.000000
0.322570 0.036685 0.169119 0.000000
0.335323 -0.829497 0.212534 0.000000
0.463783 -0.070352 0.059481 0.000000
0.353224 0.095642 0.164416 0.000000
0.267557 -0.080307 0.168448 0.000000
0.281982 0.046073 0.290261 0.000000
0.110809 -0.312920 0.173230 0.000000
0.405516 0.199231 0.207782 0.000000
0.295915 -1.145260 0.226907 0.000000
0.357555 0.283058 0.111441 0.000000
0.344421 0.205776 0.103863 0.000000
0.335962 -0.430996 0.190221 0.000000
0.174638 -0.265553 0.173513 0.000000
0.517046 -0.280737 0.196401 0.000000
0.417133 0.133110 0.193587 0.000000
0.331056 0.302748 0.104196 0.000000
0.334344 -0.137048 0.191232 0.000000
0.559172 -1.220462 0.139526 1.000000
0.334561 -0.271904 0.187201 0.000000
0.349000 0.405560 0.154750 0.000000
0.388550 0.084046 0.042916 0.000000
0.428891 0.057698 0.083586 0.000000
0.338197 0.157139 0.123424 0.000000
0.384110 0.443666 0.148244 0.000000
0.342671 0.378363 0.124925 0.000000
0.342040 0.252488 0.161640 0.000000
0.218339 -0.194151 0.160587 0.000000
0.307962 -0.907432 0.234221 0.000000
0.274086 -1.088417 0.247259 0.000000
0.379826 0.354534 0.146845 0.000000
0.366047 0.354463 0.113760 0.000000
0.325916 -0.511385 0.190906 0.000000
0.393149 -0.948133 0.174415 1.000000
0.338228 0.271489 0.165540 0.000000
0.255997 -1.019172 0.243158 0.000000
0.544485 -1.190113 0.148109 1.000000
0.303327 -1.056072 0.245347 0.000000
0.422721 0.092591 0.095309 0.000000
0.380998 -0.717766 0.363006 0.000000
0.397172 0.175752 0.220312 0.000000
0.306687 -0.995257 0.228714 0.000000
0.351895 -0.422985 0.248167 0.000000
0.225624 -0.063797 0.362161 0.000000
0.343452 -0.357121 0.215017 0.000000
0.222549 -0.164245 0.146798 0.000000
0.339802 -0.851061 0.219968 0.000000
0.337768 0.226517 0.099828 0.000000
0.193485 -0.242273 0.529728 0.000000
0.554747 -0.125267 0.117368 0.000000
0.269680 -1.078010 0.239880 0.000000
0.320617 -1.076961 0.227041 0.000000
0.452167 0.067368 0.119905 0.000000
0.347942 -0.430462 0.261853 0.000000
0.425703 0.070995 0.095440 0.000000
0.369403 -0.655005 0.331381 0.000000
0.402882 0.281023 0.125973 0.000000
0.332160 -0.088475 0.179304 0.000000
0.297079 -0.903270 0.229334 0.000000
0.345495 -0.892689 0.236209 0.000000
0.334187 -0.493236 0.203803 0.000000
0.605195 -0.149084 0.112959 0.000000
0.406881 0.239035 0.171700 0.000000
0.326265 -0.066332 0.186864 0.000000
0.471948 -1.072583 0.167302 1.000000
0.223249 -0.186292 -0.030678 0.000000
0.340055 0.334120 0.109080 0.000000
0.419510 0.137573 0.095597 0.000000
0.313605 -0.895173 0.231401 0.000000
0.584397 -1.265006 0.124903 1.000000
0.329728 0.194513 0.107606 0.000000
0.431252 -1.008619 0.182860 1.000000
0.325087 -0.440398 0.192938 0.000000
0.262398 0.029964 0.300834 0.000000
0.333484 0.073950 0.070681 0.000000
0.388434 -0.784274 0.402334 0.000000
0.508275 -0.196001 -0.019987 0.000000
0.471439 0.030444 0.139622 0.000000
0.381091 0.476826 0.141351 0.000000
0.370928 -0.922908 0.174805 1.000000
0.329441 -0.854224 0.203991 0.000000
0.348223 0.236524 0.187091 0.000000
0.314344 -0.034647 0.037658 0.000000
0.100501 -0.348289 0.171758 0.000000
0.074917 -0.385984 0.161730 0.000000
0.484769 0.005851 0.134095 0.000000
0.436158 -0.081508 0.225995 0.000000
0.337774 -0.317480 0.185962 0.000000
0.382791 -0.944194 0.191426 1.000000
0.313355 -1.143548 0.239287 0.000000
0.442507 -0.015642 0.065425 0.000000
0.332200 0.141674 0.079472 0.000000
0.133176 -0.283983 0.166538 0.000000
0.325425 -0.286850 0.193758 0.000000
0.121271 -0.226820 -0.047634 0.000000
0.382549 -0.021917 0.253007 0.000000
0.348899 -0.898870 0.187811 1.000000
0.331196 -0.112881 0.185149 0.000000
0.200447 -0.184350 0.446725 0.000000
0.314865 0.113425 0.242978 0.000000
0.352826 0.426501 0.156779 0.000000
0.338814 -0.831575 0.226015 0.000000
0.364152 -0.565169 0.306913 0.000000
0.329743 0.363638 0.121399 0.000000
0.335295 0.313148 0.104367 0.000000
0.264408 -0.021507 0.335081 0.000000
0.290361 -0.066687 0.043522 0.000000
0.376178 -0.790093 0.394593 0.000000
0.331783 -0.399918 0.197694 0.000000
0.335835 -0.607695 0.199454 0.000000
0.336960 -0.679537 0.209398 0.000000
0.388368 0.332065 0.149379 0.000000
0.356563 0.078863 0.170861 0.000000
0.399716 0.229407 0.110280 0.000000
0.506182 -0.270717 -0.065368 0.000000
0.455228 0.121037 0.127380 0.000000
0.368168 0.457543 0.114524 0.000000
0.424131 0.184321 0.122320 0.000000
0.034732 -0.412898 0.173247 0.000000
0.245793 -0.124639 0.153404 0.000000
0.280042 -0.948529 0.241188 0.000000
0.428831 0.133068 0.125226 0.000000
0.359213 -0.584096 0.289226 0.000000
0.246685 -0.168923 -0.013498 0.000000
0.321093 0.122130 0.167578 0.000000
0.530655 -0.231839 0.170288 0.000000
0.307758 -1.048456 0.226588 0.000000
0.375442 -0.936343 0.204107 1.000000
0.377585 -0.883032 0.457538 0.000000
0.406453 0.269629 0.120697 0.000000
0.352646 0.123905 0.139161 0.000000
0.316340 -0.950836 0.214526 0.000000
0.338993 -0.620804 0.192700 0.000000
0.318150 -0.857707 0.220211 0.000000
0.282750 0.016254 0.312719 0.000000
0.368664 -0.610058 0.315301 0.000000
0.344534 -0.714914 0.204736 0.000000
0.329386 0.263606 0.104821 0.000000
0.367200 -0.580404 0.301285 0.000000
0.497994 -0.038568 0.131420 0.000000
0.320937 -0.016682 0.042480 0.000000
0.384426 -0.946809 0.219100 1.000000
0.382533 -0.611555 0.328495 0.000000
0.062845 -0.390894 0.171291 0.000000
0.621086 -0.159660 0.106036 0.000000
0.451414 0.041070 0.186153 0.000000
0.192293 -0.205307 -0.033053 0.000000
0.306197 -1.010178 0.225650 0.000000
0.303748 -1.027721 0.216783 0.000000
0.326082 -0.352454 0.189285 0.000000
0.396264 0.317515 0.124396 0.000000
0.316355 0.031433 0.059107 0.000000
0.332665 0.075801 0.174555 0.000000
0.297060 -0.014446 0.182379 0.000000
0.353542 0.280563 0.099687 0.000000
0.377995 0.407969 0.144083 0.000000
0.413205 0.243303 0.127706 0.000000
0.379254 -0.736508 0.370408 0.000000
0.300792 -1.079363 0.241740 0.000000
0.278120 -0.063038 0.167568 0.000000
0.328322 -0.317957 0.208924 0.000000
0.299033 -0.921924 0.241444 0.000000
0.189407 -0.187860 0.457043 0.000000
0.612627 -1.336017 0.114936 1.000000
0.372676 -0.596879 0.315083 0.000000
-0.023622 -0.490766 0.135241 0.000000
0.328466 0.239727 0.165751 0.000000
0.394854 -0.778024 0.395262 0.000000
0.455509 -0.037011 0.186290 0.000000
0.343795 0.356737 0.168314 0.000000
0.406848 0.179142 0.122556 0.000000
0.201057 -0.149986 0.426031 0.000000
0.288152 -1.081748 0.254870 0.000000
0.296787 0.053532 0.290381 0.000000
0.347059 0.301503 0.173643 0.000000
0.506308 -1.126141 0.168279 1.000000
0.341237 -0.393036 0.188804 0.000000
0.436143 -1.009783 0.202278 1.000000
0.530174 -1.189337 0.149603 1.000000
0.347166 0.450515 0.141947 0.000000
0.388132 0.317220 0.137675 0.000000
0.236042 -0.159802 0.163014 0.000000
0.191896 -0.235610 0.163584 0.000000
0.386893 0.339356 0.140666 0.000000
0.336628 -0.623920 0.204222 0.000000
0.334108 0.263324 0.171183 0.000000
0.303034 0.088569 0.258085 0.000000
0.340217 0.238441 0.208633 0.000000
0.327420 0.006041 0.172152 0.000000
0.301691 -1.052857 0.208440 0.000000
-0.051123 -0.507989 0.139146 0.000000
0.384351 -0.858122 0.433706 0.000000
0.325983 -0.098258 0.190881 0.000000
-0.027808 -0.484853 0.159377 0.000000
0.426801 0.115260 0.116815 0.000000
0.482907 0.035310 0.127414 0.000000
0.368763 -0.539714 0.300895 0.000000
0.402482 -0.807267 0.414243 0.000000
0.534667 -1.201736 0.137025 1.000000
0.417134 0.247580 0.168729 0.000000
0.389456 0.064970 0.033577 0.000000
0.339697 -0.842044 0.211262 0.000000
0.450045 0.135944 0.127432 0.000000
0.458232 -0.021871 0.191725 0.000000
0.501360 -0.143462 0.027396 0.000000
0.297894 0.072864 0.272042 0.000000
0.324693 -0.162579 0.184669 0.000000
0.393489 0.049744 0.021817 0.000000
0.339419 -0.814296 0.224464 0.000000
0.396186 -0.844386 0.429519 0.000000
0.277130 -1.046956 0.273824 0.000000
0.228092 -0.155572 0.147403 0.000000
0.492280 -0.021791 0.137099 0.000000
0.476280 -1.082022 0.163814 1.000000
0.380466 -0.871345 0.441412 0.000000
0.364698 -0.627413 0.316182 0.000000
0.395495 -0.953540 0.182857 1.000000
0.094928 -0.245444 -0.049661 0.000000
0.506316 -0.065124 0.134150 0.000000
0.418393 0.102391 0.098614 0.000000
0.289644 -0.017601 0.165980 0.000000
0.527488 -0.162546 0.156184 0.000000
0.324284 0.116760 0.256112 0.000000
0.332835 -0.480014 0.193237 0.000000
0.377148 -0.576558 0.315908 0.000000
0.415541 -0.996426 0.185774 1.000000
0.387638 0.270317 0.114559 0.000000
0.356641 -0.900041 0.180106 1.000000
0.410456 0.002315 0.296229 0.000000
0.344212 0.209741 0.093655 0.000000
0.194937 -0.185926 0.468659 0.000000
0.524613 -0.095493 0.113796 0.000000
0.475976 -1.066063 0.176867 1.000000
0.336407 -0.762571 0.214560 0.000000
0.402241 -0.906757 0.473796 0.000000
0.267544 0.003940 0.319554 0.000000
0.525778 -0.215485 0.162852 0.000000
0.434169 0.085586 0.121141 0.000000
0.345350 -0.693495 0.205552 0.000000
0.441783 -0.037079 0.222339 0.000000
0.294348 -1.000933 0.250976 0.000000
0.330020 0.011202 0.181965 0.000000
0.323586 -0.867471 0.210962 0.000000
0.271494 -1.129730 0.290543 0.000000
0.332641 -0.420771 0.192852 0.000000
0.360547 -0.527539 0.264552 0.000000
0.408242 0.266497 0.163407 0.000000
0.514980 -0.106993 0.137974 0.000000
0.398813 -0.861066 0.439905 0.000000
0.330371 -0.245837 0.196126 0.000000
0.423943 -0.005247 0.312393 0.000000
0.210241 -0.220383 0.167597 0.000000
0.358118 -0.498885 0.257444 0.000000
0.328841 0.017093 0.172752 0.000000
0.570940 -0.135962 0.115431 0.000000
0.300992 -1.040859 0.227252 0.000000
0.438442 0.037494 0.193140 0.000000
0.400223 -0.941811 0.521788 0.000000
0.329636 0.253960 0.164037 0.000000
0.543924 -1.212392 0.143758 1.000000
0.297198 -0.916434 0.219949 0.000000
0.408086 -0.187139 0.292545 0.000000
0.320999 0.096167 0.173961 0.000000
0.332753 -0.181129 0.181158 0.000000
0.337919 -0.315887 0.201928 0.000000
0.506192 -0.234533 -0.052972 0.000000
0.613456 -1.296840 0.114956 1.000000
0.531196 -0.194056 0.156428 0.000000
0.356515 -0.451024 0.255968 0.000000
0.379439 -0.636942 0.334400 0.000000
0.344934 0.278510 0.184101 0.000000
0.313621 -1.092706 0.237729 0.000000
0.297903 -1.122744 0.226705 0.000000
0.433868 0.072521 0.194210 0.000000
0.339479 0.387191 0.129717 0.000000
0.185053 -0.201217 0.488819 0.000000
0.332141 0.168488 0.242757 0.000000
0.346483 0.171084 0.094398 0.000000
0.512810 -0.207976 -0.027144 0.000000
0.319041 0.047285 0.064886 0.000000
0.330508 -0.384042 0.190710 0.000000
0.353036 0.253747 0.178133 0.000000
0.434597 -0.975290 0.592014 0.000000
0.448080 0.059172 0.185520 0.000000
0.339466 0.366444 0.120696 0.000000
0.337434 0.095301 0.075174 0.000000
0.175896 -0.265376 0.562927 0.000000
0.425600 -0.113202 0.242714 0.000000
0.269732 -1.048580 0.256052 0.000000
0.113151 -0.345967 0.168510 0.000000
0.393925 0.472236 0.119363 0.000000
0.468786 -0.022634 0.355468 0.000000
0.321927 -1.075265 0.238777 0.000000
0.395619 0.185587 0.092078 0.000000
0.579440 -0.143849 0.112007 0.000000
0.258332 -0.099272 0.179495 0.000000
0.344160 -0.564689 0.196748 0.000000
0.398394 -0.914525 0.481649 0.000000
0.339566 -0.281903 0.192446 0.000000
0.334904 -0.497068 0.193144 0.000000
0.336570 -0.661451 0.203794 0.000000
0.391921 0.347154 0.124205 0.000000
0.357565 -0.673537 0.328238 0.000000
0.440218 0.078790 0.179049 0.000000
0.336977 -0.160170 0.190358 0.000000
0.075523 -0.371268 0.170402 0.000000
0.357687 0.299282 0.107580 0.000000
0.438318 -0.085203 0.236399 0.000000
0.291032 -0.098389 0.021332 0.000000
0.328016 0.141647 0.133156 0.000000
0.388669 -0.926198 0.507837 0.000000
0.341309 0.188999 0.092454 0.000000
0.329183 -0.666476 0.209479 0.000000
0.429835 -1.002228 0.194324 1.000000
0.334424 -0.582050 0.197529 0.000000
0.416671 0.159933 0.184277 0.000000
0.340183 0.127999 0.139087 0.000000
0.318911 0.031071 0.178814 0.000000
0.323617 -0.028729 0.176685 0.000000
0.436323 0.052316 0.189963 0.000000
0.466657 -0.070560 0.181871 0.000000
0.323193 -0.058363 0.181604 0.000000
0.408777 -0.887303 0.456778 0.000000
0.312304 -1.061821 0.228274 0.000000
0.163285 -0.279075 0.166426 0.000000
0.431338 0.090417 0.195496 0.000000
0.523548 -0.196031 0.135613 0.000000
0.259321 -0.052770 0.351808 0.000000
0.574273 -1.255459 0.128777 1.000000
0.443464 0.067637 0.191313 0.000000
0.454173 -0.015057 0.345553 0.000000
0.339524 -0.395224 0.250302 0.000000
0.329336 -0.533348 0.196952 0.000000
0.378175 0.428888 0.127498 0.000000
0.226660 -0.118220 0.391926 0.000000
0.278868 -1.010760 0.269747 0.000000
0.366602 -0.919508 0.211174 1.000000
0.391925 0.356078 0.158442 0.000000
0.327074 -0.686590 0.208699 0.000000
0.288893 -1.039823 0.241759 0.000000
0.333198 -0.460853 0.185040 0.000000
0.343584 0.348092 0.155339 0.000000
0.354224 0.077498 0.188268 0.000000
0.379716 0.032616 0.256504 0.000000
0.401338 -0.962657 0.173622 1.000000
0.399933 0.272236 0.167744 0.000000
0.574010 -1.295072 0.121075 1.000000
0.324840 -0.653130 0.201284 0.000000
0.508290 -0.167592 0.007388 0.000000
0.336744 -0.355417 0.225971 0.000000
0.443223 0.101464 0.125344 0.000000
0.428387 0.078350 0.085039 0.000000
-0.065619 -0.536101 0.124150 0.000000
0.421307 0.172273 0.104938 0.000000
0.340022 -0.770811 0.218923 0.000000
0.372374 -0.032751 0.264812 0.000000
0.294792 -0.923125 0.231312 0.000000
0.510760 -1.139678 0.163163 1.000000
0.430921 -0.011117 0.318500 0.000000
0.343979 -0.432244 0.252948 0.000000
0.523342 -0.124821 0.158119 0.000000
0.515383 -1.174039 0.141317 1.000000
0.300857 -0.934774 0.213624 0.000000
0.316053 -0.963501 0.229955 0.000000
0.274672 -1.015380 0.244524 0.000000
0.532603 -0.106344 0.120643 0.000000
0.336927 0.173955 0.081774 0.000000
0.309422 0.087099 0.266409 0.000000
-0.014698 -0.471760 0.160173 0.000000
0.396816 0.244703 0.114647 0.000000
0.335173 -0.410400 0.189363 0.000000
0.334249 -0.449559 0.194354 0.000000
0.348086 -0.407029 0.240210 0.000000
0.442299 0.003382 0.207297 0.000000
-0.000797 -0.457463 0.163190 0.000000
0.385367 0.375716 0.123516 0.000000
0.296879 -0.059696 0.039450 0.000000
0.334688 -0.045138 0.182383 0.000000
0.326255 -0.590790 0.203690 0.000000
0.439801 0.147748 0.128750 0.000000
0.173542 -0.206260 -0.038694 0.000000
0.414504 0.206800 0.171090 0.000000
0.356864 -0.642989 0.308511 0.000000
0.301416 -0.004385 0.161547 0.000000
0.326209 -0.145121 0.190396 0.000000
0.283670 -0.047493 0.154561 0.000000
0.193211 -0.205660 0.149361 0.000000
0.378290 -0.053774 -0.028062 0.000000
0.386000 -0.959655 0.221260 1.000000
0.460446 0.095535 0.131156 0.000000
0.372630 0.475214 0.148863 0.000000
0.654188 -0.173894 0.088891 0.000000
0.357933 -0.546303 0.266513 0.000000
0.516696 -1.168516 0.155683 1.000000
0.134945 -0.294832 0.167379 0.000000
0.331894 -0.363182 0.238516 0.000000
0.328530 -0.474268 0.199925 0.000000
0.158344 -0.256353 0.160595 0.000000
0.327922 -0.916133 0.214949 0.000000
0.376369 -0.833264 0.416889 0.000000
0.494164 -0.129001 0.175413 0.000000
0.334023 0.131962 0.080405 0.000000
0.342465 0.399537 0.160677 0.000000
0.433768 0.167241 0.127079 0.000000
0.377563 0.442523 0.128896 0.000000
0.368259 0.434107 0.124341 0.000000
0.275728 -1.034482 0.260609 0.000000
0.377042 0.339784 0.116885 0.000000
0.339316 0.179082 0.226582 0.000000
0.294358 -1.024800 0.224682 0.000000
0.343506 0.267190 0.193261 0.000000
0.343320 -0.410973 0.254714 0.000000
-0.117464 -0.581582 0.131244 0.000000
0.321797 0.107696 0.070143 0.000000
-0.007318 -0.480558 0.143461 0.000000
0.386030 -0.790741 0.395296 0.000000
0.425017 -1.003093 0.176739 1.000000
0.384596 0.028403 0.241639 0.000000
0.194490 -0.170343 0.448345 0.000000
0.424627 -0.996512 0.202734 1.000000
0.292919 -1.045927 0.210842 0.000000
0.370709 -0.671353 0.339226 0.000000
0.354582 -0.467313 0.267232 0.000000
0.400535 -0.955330 0.549941 0.000000
0.488284 -0.055925 0.118998 0.000000
0.336339 -0.333242 0.214718 0.000000
0.386087 0.018952 0.011496 0.000000
0.438109 0.089686 0.182515 0.000000
0.386381 0.380059 0.151433 0.000000
0.354831 -0.900471 0.214487 1.000000
0.521519 -0.178642 0.159848 0.000000
0.508633 -0.157940 0.160250 0.000000
-0.036579 -0.498746 0.147941 0.000000
0.337099 -0.229448 0.188342 0.000000
0.463447 -0.097640 0.054839 0.000000
0.406867 0.320372 0.155438 0.000000
0.249480 -0.126650 0.166049 0.000000
0.304455 -0.030502 0.044904 0.000000
0.494028 -0.045884 0.153695 0.000000
0.377886 -0.628401 0.330170 0.000000
0.407689 -0.932249 0.499047 0.000000
0.339169 -0.699944 0.211728 0.000000
0.213586 -0.177986 0.147497 0.000000
0.396524 0.303360 0.176835 0.000000
0.081472 -0.363329 0.174164 0.000000
0.488127 -1.097580 0.162496 1.000000
0.238620 -0.141033 0.152562 0.000000
-0.094386 -0.561375 0.135815 0.000000
0.248675 -0.027728 0.341086 0.000000
0.317277 0.102932 0.259755 0.000000
0.426943 0.120025 0.186784 0.000000
0.428563 -0.984427 0.590829 0.000000
0.506275 -0.226023 -0.035555 0.000000
0.482588 0.015734 0.133694 0.000000
0.338546 0.180138 0.111743 0.000000
0.534273 -0.199238 0.164841 0.000000
0.228842 -0.171146 0.159620 0.000000
0.376673 -0.929570 0.185861 1.000000
0.337461 -0.746919 0.198719 0.000000
0.279967 -0.970369 0.234668 0.000000
0.519492 -0.255938 0.173317 0.000000
0.325181 -0.989315 0.228700 0.000000
0.437690 0.181837 0.130748 0.000000
0.379827 0.459321 0.129908 0.000000
-0.080474 -0.543980 0.132403 0.000000
0.485931 -1.119366 0.155345 1.000000
0.269377 -1.061577 0.266005 0.000000
0.398604 0.265517 0.194282 0.000000
0.364496 -0.526142 0.284213 0.000000
0.335624 -0.202615 0.188144 0.000000
0.358192 -0.411951 0.224990 0.000000
0.556651 -1.250889 0.136344 1.000000
0.327176 -0.919560 0.223865 0.000000
0.428784 0.085233 0.187036 0.000000
0.308952 -1.022021 0.230197 0.000000
0.474727 -0.092008 0.184054 0.000000
0.325888 0.203463 0.110191 0.000000
0.452570 0.031903 0.118921 0.000000
0.506631 -0.062718 0.145309 0.000000
0.292691 -1.017837 0.218180 0.000000
0.468385 0.046079 0.137295 0.000000
0.324361 -0.120971 0.187747 0.000000
0.330050 0.245572 0.108488 0.000000
0.338249 -0.752705 0.207770 0.000000
0.353608 -0.894486 0.203760 1.000000
0.270359 -0.135365 0.000045 0.000000
0.302507 -0.964955 0.208180 0.000000
0.205164 -0.170465 0.433066 0.000000
0.404427 0.181499 0.211280 0.000000
0.288606 -0.032422 0.164708 0.000000
0.400855 -0.969568 0.195321 1.000000
0.323896 0.084014 0.169183 0.000000
0.414094 -0.953013 0.528164 0.000000
0.287138 -1.072036 0.253026 0.000000
0.288358 -0.914299 0.235700 0.000000
0.332322 0.161664 0.163027 0.000000
0.339945 0.210543 0.218146 0.000000
0.602506 -1.302911 0.112577 1.000000
0.346485 -0.334553 0.200944 0.000000
0.330653 0.162190 0.211483 0.000000
0.394149 0.259035 0.119251 0.000000
0.394249 -0.727310 0.372102 0.000000
0.436471 0.069239 0.078124 0.000000
0.387976 -0.948325 0.228763 1.000000
0.401553 -0.971176 0.184502 1.000000
0.285259 -1.055831 0.242127 0.000000
0.318888 -1.016649 0.235925 0.000000
0.267839 -1.100190 0.279395 0.000000
0.305200 -0.986434 0.231850 0.000000
0.397958 0.229894 0.095520 0.000000
0.529794 -1.160882 0.158431 1.000000
0.429788 0.101562 0.087489 0.000000
0.337933 -0.367165 0.230404 0.000000
0.325598 0.145304 0.170483 0.000000
0.423698 0.148943 0.128543 0.000000
0.327727 0.213363 0.109491 0.000000
0.396614 0.248827 0.200146 0.000000
0.453863 -1.065158 0.165537 1.000000
0.386179 0.024182 0.276069 0.000000
0.325803 -0.420570 0.185060 0.000000
0.094897 -0.332374 0.175227 0.000000
0.273131 -0.134271 0.018138 0.000000
0.361408 -0.518053 0.279255 0.000000
0.356652 0.439984 0.153895 0.000000
0.388794 0.274407 0.123201 0.000000
0.281063 -0.117008 0.026333 0.000000
0.309936 -1.087490 0.229082 0.000000
0.388213 0.135605 0.061828 0.000000
0.513253 -0.117414 0.143893 0.000000
0.339060 -0.541677 0.208598 0.000000
0.463443 0.027413 0.147370 0.000000
0.463765 -1.071820 0.180370 1.000000
0.346285 -0.425664 0.235207 0.000000
0.321264 -0.900152 0.214757 0.000000
0.304884 -0.894281 0.227915 0.000000
0.335397 -0.362066 0.194076 0.000000
0.337612 0.147744 0.084898 0.000000
0.299381 -1.096501 0.235931 0.000000
0.353775 0.083050 0.179415 0.000000
0.332343 -0.171222 0.195296 0.000000
0.328905 0.232135 0.102420 0.000000
0.514312 -1.149269 0.158841 1.000000
0.343765 -0.480463 0.192562 0.000000
0.446703 0.006102 0.083859 0.000000
0.444591 0.059112 0.195245 0.000000
0.355403 -0.884639 0.207165 1.000000
0.271584 -0.079909 0.159225 0.000000
0.455758 -0.042867 0.066560 0.000000
0.384356 0.412406 0.149896 0.000000
0.332610 -0.156130 0.183079 0.000000
0.348067 -0.400922 0.225811 0.000000
-0.129796 -0.591053 0.124107 0.000000
0.336318 -0.808138 0.202574 0.000000
0.383898 0.486291 0.119679 0.000000
0.439211 -0.002677 0.200734 0.000000
0.272205 -1.078014 0.258187 0.000000
-0.052880 -0.520424 0.130862 0.000000
0.356199 -0.478550 0.261268 0.000000
0.510288 -0.181960 -0.001776 0.000000
0.329378 0.195765 0.164073 0.000000
0.343069 0.422127 0.152625 0.000000
0.311641 0.063632 0.063891 0.000000
0.292540 -0.075593 0.040816 0.000000
0.470475 -1.099420 0.163088 1.000000
0.396014 0.098629 0.047573 0.000000
0.428710 -0.993601 0.213808 1.000000
0.282106 -1.089367 0.252283 0.000000
0.138234 -0.221890 -0.045889 0.000000
0.350140 0.435053 0.143496 0.000000
0.369172 0.410357 0.121453 0.000000
0.423937 -0.978999 0.573138 0.000000
0.483164 -0.003376 0.139135 0.000000
0.483825 -1.066630 0.184413 1.000000
0.333972 0.245793 0.158717 0.000000
0.368055 -0.047139 0.270372 0.000000
0.287381 -0.963863 0.236395 0.000000
0.267272 -1.030975 0.246509 0.000000
0.293841 -1.044408 0.221398 0.000000
0.402355 -0.183451 0.282014 0.000000
0.396999 0.162601 0.078154 0.000000
0.355357 -0.461916 0.253934 0.000000
0.335209 -0.568704 0.196099 0.000000
0.390685 0.283357 0.121046 0.000000
0.473237 -0.024778 0.114243 0.000000
0.440967 -0.065636 0.229841 0.000000
0.444894 -1.044107 0.185306 1.000000
0.412894 -0.144738 0.256602 0.000000
0.306838 -0.996768 0.205548 0.000000
0.519440 -0.125738 0.141417 0.000000
0.324557 0.320458 0.108761 0.000000
0.297714 -1.094277 0.208923 0.000000
0.328912 -0.575226 0.191621 0.000000
0.452454 -1.022803 0.198045 1.000000
0.328711 -0.129687 0.190437 0.000000
0.324052 -0.580531 0.199402 0.000000
0.435050 0.103747 0.183008 0.000000
0.335544 0.123606 0.146689 0.000000
0.530331 -0.239959 0.174800 0.000000
0.188312 -0.175417 0.459638 0.000000
0.468842 0.015587 0.148689 0.000000
0.435560 0.081582 0.208676 0.000000
0.376520 -0.041236 -0.024585 0.000000
0.333134 -0.137390 0.182038 0.000000
0.439143 0.165646 0.134526 0.000000
0.530538 -1.198044 0.144925 1.000000
0.376888 0.038469 0.235842 0.000000
0.342890 0.094466 0.173071 0.000000
0.293923 -0.089116 0.026661 0.000000
0.353689 0.456428 0.151513 0.000000
0.213094 -0.147180 0.413762 0.000000
0.341337 0.254655 0.208771 0.000000
0.145001 -0.280118 0.165616 0.000000
0.322275 -1.090150 0.241525 0.000000
0.335210 0.207239 0.171699 0.000000
0.309669 -0.969165 0.213800 0.000000
0.413061 -0.966123 0.562936 0.000000
0.394507 0.175345 0.087916 0.000000
0.319635 0.283383 0.109642 0.000000
0.411533 0.270528 0.128357 0.000000
0.361900 -0.911975 0.185863 1.000000
0.334761 -0.248115 0.187486 0.000000
0.403598 0.096196 0.224348 0.000000
0.328684 -0.802965 0.202797 0.000000
0.311717 -0.936887 0.206700 0.000000
0.388610 -0.800683 0.403999 0.000000
0.309081 -0.045528 0.035126 0.000000
0.283637 0.053520 0.285087 0.000000
0.285415 0.071920 0.265065 0.000000
0.375408 -0.566482 0.317721 0.000000
0.339935 0.300233 0.179347 0.000000
0.292179 -1.051002 0.238430 0.000000
0.331983 -0.217348 0.190058 0.000000
0.494107 -0.137520 0.034386 0.000000
0.440348 0.024781 0.203054 0.000000
0.210655 -0.117269 0.400937 0.000000
0.326065 0.070403 0.183817 0.000000
0.439733 0.017835 0.079936 0.000000
0.268595 -1.086607 0.275089 0.000000
0.349964 0.240916 0.105592 0.000000
0.613879 -1.328864 0.109310 1.000000
0.324289 0.089087 0.070842 0.000000
0.504624 -0.074476 0.118424 0.000000
0.512901 -0.199122 -0.010696 0.000000
0.388618 0.018983 0.246148 0.000000
0.320841 0.103704 0.168489 0.000000
0.296815 -1.064089 0.220738 0.000000
0.328116 -0.336949 0.192886 0.000000
0.372489 -0.933551 0.178406 1.000000
0.396565 0.012428 0.275073 0.000000
0.371507 -0.638399 0.329956 0.000000
0.404414 0.258409 0.165368 0.000000
0.302046 -1.032161 0.207927 0.000000
0.313528 -1.123429 0.239142 0.000000
0.295329 -0.019601 0.152388 0.000000
0.518646 -0.108191 0.157926 0.000000
0.341418 -0.787077 0.218731 0.000000
0.220111 -0.185247 0.157905 0.000000
0.336305 -0.381148 0.237149 0.000000
0.336882 -0.512788 0.206061 0.000000
0.456156 0.059367 0.115648 0.000000
0.335206 -0.720522 0.205948 0.000000
0.445624 -0.025165 0.218906 0.000000
0.335809 0.348139 0.115380 0.000000
0.227856 -0.100272 0.383686 0.000000
0.327416 0.138619 0.072249 0.000000
0.332060 -0.669098 0.199868 0.000000
0.360188 -0.565968 0.284043 0.000000
0.355105 -0.911431 0.225803 1.000000
0.193571 -0.149190 0.433315 0.000000
-0.060486 -0.524552 0.147205 0.000000
0.395495 0.225031 0.103506 0.000000
0.329309 -0.100911 0.177756 0.000000
0.341110 -0.750258 0.217274 0.000000
0.324344 -0.979125 0.231344 0.000000
0.317809 0.122271 0.237761 0.000000
0.388942 0.359264 0.149024 0.000000
0.412155 -0.955862 0.568225 0.000000
0.371951 0.340666 0.124939 0.000000
0.345133 -0.894343 0.225831 0.000000
0.343037 -0.642939 0.194851 0.000000
0.420191 0.132617 0.122452 0.000000
0.186912 -0.252539 0.545928 0.000000
0.403588 0.199104 0.120615 0.000000
0.293937 -1.054982 0.254709 0.000000
-0.001868 -0.453339 0.171205 0.000000
0.348191 -0.389094 0.227412 0.000000
0.337094 -0.644983 0.208320 0.000000
0.327879 0.176615 0.168500 0.000000
0.489380 -0.126943 0.040873 0.000000
0.335095 -0.866239 0.218643 0.000000
0.600877 -1.285387 0.124005 1.000000
0.186522 -0.255753 0.561057 0.000000
0.524753 -0.140695 0.151619 0.000000
0.437559 -0.013331 0.329745 0.000000
0.339514 -0.526605 0.196475 0.000000
0.302779 0.096409 0.248330 0.000000
0.504322 -0.252937 -0.059927 0.000000
0.341450 0.307595 0.163528 0.000000
0.462296 -0.024358 0.348939 0.000000
0.588936 -1.293197 0.125048 1.000000
0.422148 0.156944 0.095735 0.000000
0.348427 0.292808 0.176287 0.000000
0.340651 0.137235 0.134163 0.000000
0.045137 -0.406408 0.169882 0.000000
0.403686 0.467413 0.117638 0.000000
0.331872 0.237433 0.211938 0.000000
0.188309 -0.202727 -0.040732 0.000000
0.358282 -0.491386 0.252422 0.000000
0.385170 0.001077 -0.008129 0.000000
0.217312 -0.092845 0.384736 0.000000
0.324108 -0.881826 0.212204 0.000000
0.311669 -1.030478 0.233648 0.000000
0.310962 0.100332 0.253049 0.000000
0.043553 -0.423279 0.164351 0.000000
0.330415 0.189490 0.115059 0.000000
0.313534 -0.922869 0.204940 0.000000
0.367083 -0.562067 0.298935 0.000000
0.258627 -0.041672 0.347468 0.000000
0.364044 0.336268 0.115453 0.000000
0.337715 0.187876 0.212483 0.000000
0.398677 0.283484 0.191371 0.000000
0.263854 -1.042558 0.247800 0.000000
0.316276 -0.867296 0.217921 0.000000
0.382032 -0.917520 0.491157 0.000000
0.361223 -0.552202 0.288100 0.000000
0.359662 -0.527440 0.293441 0.000000
0.152061 -0.293773 0.167673 0.000000
0.366267 -0.571472 0.300723 0.000000
0.206663 -0.175570 0.140338 0.000000
0.361950 -0.910050 0.197493 1.000000
0.320627 -0.841961 0.219147 0.000000
0.420072 0.147230 0.096445 0.000000
0.321685 -1.135606 0.242229 0.000000
0.349179 -0.457177 0.269844 0.000000
0.307543 0.007832 0.176243 0.000000
0.008973 -0.454671 0.159212 0.000000
0.403758 0.365976 0.149234 0.000000
0.313827 -1.075241 0.242823 0.000000
-0.006667 -0.468033 0.157328 0.000000
0.179817 -0.249824 0.159334 0.000000
0.627248 -1.341282 0.119464 1.000000
0.312669 0.022407 0.168878 0.000000
0.197823 -0.220302 0.159980 0.000000
0.369191 -0.618927 0.318216 0.000000
0.510937 -0.083287 0.138395 0.000000
0.451513 -1.054818 0.167506 1.000000
0.376729 -0.673903 0.345359 0.000000
0.357459 -0.898857 0.196950 1.000000
0.322765 -0.111907 0.181519 0.000000
0.251439 -0.169065 -0.021084 0.000000
0.327832 -0.402848 0.187922 0.000000
0.204351 -0.132600 0.413392 0.000000
0.323840 -0.535183 0.190112 0.000000
0.322270 0.224038 0.114195 0.000000
0.273370 -1.129528 0.250780 0.000000
0.362571 0.347978 0.118848 0.000000
0.404305 -0.939341 0.505135 0.000000
0.327609 0.272081 0.100414 0.000000
0.056209 -0.386808 0.175667 0.000000
0.372596 0.422691 0.115632 0.000000
0.327471 -0.324897 0.189100 0.000000
0.389736 0.021906 0.262061 0.000000
0.314520 0.022735 0.057355 0.000000
0.394864 -0.923207 0.494027 0.000000
0.402287 -0.200156 0.291776 0.000000
0.343182 -0.397026 0.242203 0.000000
0.288035 -0.989702 0.253803 0.000000
0.443755 0.002171 0.074887 0.000000
0.315862 0.093482 0.267723 0.000000
0.357691 -0.622805 0.306224 0.000000
0.330298 -0.169156 0.186823 0.000000
0.328707 -0.838575 0.213041 0.000000
0.423715 -0.144927 0.258602 0.000000
0.609356 -1.315454 0.116319 1.000000
0.299697 -0.046116 0.042600 0.000000
0.311515 -1.071986 0.225893 0.000000
0.447362 -1.029025 0.193766 1.000000
0.503289 -0.147031 0.160988 0.000000
0.416659 0.141531 0.190778 0.000000
0.284586 -1.070754 0.235492 0.000000
0.346601 0.252841 0.191951 0.000000
0.336891 -0.571351 0.207902 0.000000
0.331229 -0.088724 0.188126 0.000000
0.463976 0.064595 0.135428 0.000000
0.029863 -0.434206 0.166286 0.000000
0.460933 0.083183 0.137300 0.000000
0.485873 -0.119363 0.175275 0.000000
0.546423 -0.123143 0.113034 0.000000
0.453956 -1.054944 0.183332 1.000000
0.341451 0.229088 0.192686 0.000000
0.328538 -0.249595 0.203942 0.000000
0.332736 -0.462718 0.195084 0.000000
0.576450 -1.281387 0.127867 1.000000
0.421156 0.213364 0.121748 0.000000
0.205088 -0.193010 0.150415 0.000000
0.330695 -0.833848 0.220832 0.000000
0.394629 -0.833148 0.423073 0.000000
0.302536 -0.913571 0.237657 0.000000
0.458048 0.041237 0.116294 0.000000
0.334322 -0.297669 0.201738 0.000000
0.212984 -0.105948 0.393530 0.000000
0.306696 0.007194 0.166268 0.000000
0.335938 -0.637137 0.201555 0.000000
0.392995 0.206622 0.099933 0.000000
0.351534 0.374124 0.162711 0.000000
0.432887 0.201289 0.124636 0.000000
0.401809 0.252886 0.116907 0.000000
0.340960 0.197036 0.104107 0.000000
0.364518 0.054338 0.222088 0.000000
0.432897 -0.102569 0.241129 0.000000
0.327511 -0.229744 0.193075 0.000000
0.394087 -0.952310 0.222747 1.000000
0.343147 0.391327 0.163927 0.000000
0.339922 -0.654012 0.191818 0.000000
0.298846 -1.065256 0.234678 0.000000
0.410152 0.194428 0.177878 0.000000
0.025438 -0.445473 0.159705 0.000000
0.342502 -0.377041 0.230413 0.000000
0.251053 -0.016567 0.334771 0.000000
0.436404 0.032616 0.082366 0.000000
0.263368 -1.129508 0.241974 0.000000
0.585085 -1.283853 0.126401 1.000000
0.328413 0.067789 0.066990 0.000000
0.324057 -0.001862 0.174024 0.000000
0.074284 -0.394101 0.166065 0.000000
0.355159 0.253965 0.110954 0.000000
0.329283 -0.505358 0.185471 0.000000
0.307886 0.079505 0.272838 0.000000
0.132564 -0.330810 0.163980 0.000000
0.330833 -0.520114 0.191942 0.000000
0.472679 -0.077823 0.188373 0.000000
0.523694 -0.198830 0.157403 0.000000
0.282379 -1.044046 0.248582 0.000000
0.332226 -0.344927 0.192492 0.000000
0.532327 -1.170787 0.160087 1.000000
0.333462 -0.317118 0.194485 0.000000
0.344071 -0.676673 0.205158 0.000000
0.404757 -0.954474 0.529923 0.000000
0.374138 0.392844 0.118568 0.000000
0.352397 0.253279 0.095612 0.000000
-0.113946 -0.581789 0.123231 0.000000
0.323877 -0.854807 0.231453 0.000000
0.335242 0.168317 0.170111 0.000000
0.325370 0.073021 0.169200 0.000000
0.320518 -0.991560 0.221142 0.000000
0.577096 -1.267368 0.129099 1.000000
0.409491 0.197425 0.107353 0.000000
0.335589 0.133803 0.171075 0.000000
0.186274 -0.215020 0.151871 0.000000
0.515368 -0.091761 0.120038 0.000000
0.103186 -0.328035 0.173974 0.000000
0.337527 -0.587503 0.207280 0.000000
0.415724 0.172781 0.095865 0.000000
0.343436 -0.865781 0.208194 1.000000
0.333875 0.157460 0.236415 0.000000
0.068681 -0.372615 0.175648 0.000000
0.233951 -0.149904 0.151833 0.000000
0.300566 0.061809 0.284633 0.000000
0.386987 0.424480 0.149954 0.000000
0.465107 -0.051484 0.191618 0.000000
0.248211 -1.061677 0.243743 0.000000
0.467202 -1.082179 0.158741 1.000000
0.365068 0.442729 0.121175 0.000000
0.391128 0.398431 0.143295 0.000000
0.172380 -0.264206 0.164934 0.000000
0.459568 -1.061811 0.180920 1.000000
0.334333 0.117860 0.171593 0.000000
0.408849 -0.962117 0.545785 0.000000
0.423299 -0.009329 0.303765 0.000000
-0.091546 -0.554167 0.131869 0.000000
0.277810 -1.053486 0.267266 0.000000
0.358594 -0.697339 0.335671 0.000000
0.440484 0.079836 0.122807 0.000000
0.327711 -0.341746 0.226347 0.000000
0.383918 -0.711662 0.368451 0.000000
0.395014 0.036145 0.241732 0.000000
0.436823 0.056520 0.202205 0.000000
0.281010 -1.100505 0.251925 0.000000
0.357755 -0.443507 0.239023 0.000000
0.437794 0.028056 0.070427 0.000000
0.268182 -0.075600 0.150314 0.000000
0.185449 -0.241323 0.162552 0.000000
0.359465 -0.531725 0.272182 0.000000
0.465558 -0.034966 0.192626 0.000000
0.331934 -0.027954 0.179596 0.000000
0.317967 -0.848897 0.225907 0.000000
0.259064 -0.098172 0.140353 0.000000
0.322978 0.024888 0.183465 0.000000
0.272095 -0.060313 0.161971 0.000000
0.451901 -1.037880 0.163292 1.000000
0.354355 0.398413 0.153509 0.000000
0.333023 0.290805 0.169504 0.000000
0.418789 0.174686 0.176926 0.000000
0.420974 0.235346 0.131351 0.000000
0.327843 -0.040370 0.180081 0.000000
0.349262 0.470222 0.145786 0.000000
0.565222 -1.234880 0.135950 1.000000
0.394694 0.152932 0.071827 0.000000
0.363256 -0.898890 0.203877 1.000000
0.388911 -0.908082 0.481474 0.000000
0.275506 -1.072940 0.243768 0.000000
0.331513 -0.193971 0.186093 0.000000
0.217465 -0.142057 0.407092 0.000000
0.481647 -1.070763 0.192407 1.000000
0.273848 -0.063332 0.176814 0.000000
0.398070 0.074051 0.234407 0.000000
0.324838 0.120650 0.072164 0.000000
0.397167 0.333731 0.128827 0.000000
0.268086 -1.079994 0.265509 0.000000
0.492532 -0.031112 0.153117 0.000000
-0.042906 -0.503181 0.138021 0.000000
0.256110 0.009244 0.310492 0.000000
0.452982 -0.028538 0.071611 0.000000
0.327486 0.124034 0.176551 0.000000
0.187918 -0.215547 0.504248 0.000000
0.463643 -0.002288 0.117782 0.000000
0.379452 0.375598 0.146830 0.000000
0.440627 -1.022661 0.188607 1.000000
0.378712 -0.773388 0.386452 0.000000
0.411356 0.172038 0.104291 0.000000
0.283853 -1.014224 0.256231 0.000000
0.343849 -0.780053 0.203602 0.000000
0.331546 0.161590 0.083730 0.000000
0.381849 -0.029628 -0.013347 0.000000
0.423592 -1.012037 0.200142 1.000000
0.492898 -1.114677 0.159426 1.000000
0.294021 -1.086778 0.214104 0.000000
0.310990 0.036163 0.177786 0.000000
0.396004 0.297962 0.159505 0.000000
0.430249 -0.117943 0.248179 0.000000
0.443926 0.069792 0.120233 0.000000
0.520486 -1.162301 0.149491 1.000000
0.586610 -0.055570 0.451130 0.000000
0.225992 -0.043089 0.357386 0.000000
0.372557 0.476672 0.129578 0.000000
0.494351 -0.033966 0.138046 0.000000
0.384102 -0.943302 0.199864 1.000000
0.344877 0.220128 0.197161 0.000000
0.104220 -0.231651 -0.050192 0.000000
0.181133 -0.256882 0.165863 0.000000
0.602651 -0.157536 0.108745 0.000000
0.220326 -0.057447 0.364975 0.000000
0.221570 -0.109103 0.389278 0.000000
0.342231 -0.546400 0.194751 0.000000
0.302971 -0.058047 0.030878 0.000000
0.339896 0.335267 0.160506 0.000000
0.528218 -0.254523 0.179527 0.000000
0.361490 -0.543999 0.283729 0.000000
0.188743 -0.198171 0.480485 0.000000
0.398404 0.218219 0.208369 0.000000
0.353865 -0.327078 0.200734 0.000000
0.296784 -1.023755 0.234592 0.000000
0.388397 0.092309 0.045130 0.000000
0.308031 -0.950699 0.237347 0.000000
0.392530 0.030983 0.008326 0.000000
0.330506 -0.890701 0.209721 0.000000
0.086505 -0.384787 0.164878 0.000000
0.411063 0.190654 0.120858 0.000000
0.286431 -0.922279 0.238561 0.000000
0.322540 0.183228 0.115871 0.000000
0.348607 -0.370682 0.222891 0.000000
0.327972 -0.010132 0.180079 0.000000
0.364749 -0.537136 0.293656 0.000000
0.335132 -0.828119 0.201557 0.000000
0.142987 -0.320242 0.169659 0.000000
0.528996 -0.131021 0.156674 0.000000
0.433061 -0.052083 0.219621 0.000000
0.335189 0.291798 0.161106 0.000000
0.302688 -0.956731 0.211300 0.000000
0.471573 -1.084215 0.180713 1.000000
0.397450 0.334352 0.154893 0.000000
0.345524 0.380255 0.153656 0.000000
0.381092 -0.003242 0.244276 0.000000
0.348683 0.360433 0.162009 0.000000
0.335826 -0.602665 0.210036 0.000000
0.320598 -1.107111 0.237979 0.000000
0.372801 -0.717758 0.358670 0.000000
0.322721 0.302920 0.107938 0.000000
0.332956 -0.761019 0.206620 0.000000
0.232143 -0.134945 0.143975 0.000000
0.454056 -0.014780 0.188360 0.000000
0.298935 -0.991435 0.226706 0.000000
0.324161 -0.258781 0.194013 0.000000
0.309726 -0.891105 0.241705 0.000000
0.375994 0.043098 0.222363 0.000000
0.397145 0.056074 0.026790 0.000000
0.506701 -0.174064 0.152920 0.000000
0.433095 0.064924 0.203158 0.000000
0.326512 -0.525499 0.199985 0.000000
0.363543 -0.787753 0.385658 0.000000
0.497293 -1.129004 0.153146 1.000000
0.180057 -0.264035 0.570165 0.000000
0.329792 0.157351 0.173422 0.000000
0.342290 0.207525 0.207665 0.000000
0.287347 -0.935365 0.232646 0.000000
0.290053 0.048345 0.286946 0.000000
0.345608 0.150974 0.124772 0.000000
0.435772 -0.017969 0.316660 0.000000
0.422485 0.204094 0.121861 0.000000
0.532667 -0.167721 0.151647 0.000000
0.383187 0.006953 0.239609 0.000000
0.357353 -0.536809 0.289470 0.000000
0.378493 -0.699809 0.357272 0.000000
0.414547 -0.158065 0.264491 0.000000
0.375379 -0.653415 0.337121 0.000000
0.510430 -0.079667 0.145997 0.000000
0.312719 0.025393 0.178060 0.000000
0.059183 -0.398890 0.169415 0.000000
0.300825 -1.002155 0.203120 0.000000
0.226145 -0.190031 -0.014533 0.000000
0.338790 0.208523 0.163038 0.000000
0.397953 0.229120 0.173185 0.000000
0.440223 -1.036561 0.167074 1.000000
0.380274 -0.035536 0.263929 0.000000
0.079590 -0.246589 -0.044106 0.000000
0.353544 0.304374 0.168181 0.000000
0.336505 0.128683 0.255896 0.000000
0.453438 -0.052052 0.059928 0.000000
0.325166 -0.082469 0.180527 0.000000
0.531722 -1.178723 0.150178 1.000000
0.335400 -0.696279 0.204468 0.000000
0.309785 -0.978792 0.216214 0.000000
0.399588 0.126056 0.061953 0.000000
0.436420 0.013409 0.072203 0.000000
0.448818 0.013379 0.186212 0.000000
0.398294 0.090280 0.230032 0.000000
0.524550 -0.103394 0.116645 0.000000
0.529962 -0.183900 0.161672 0.000000
0.415050 0.001212 0.306702 0.000000
0.353914 -0.477896 0.249224 0.000000
0.095266 -0.342970 0.175589 0.000000
0.342627 0.228857 0.106252 0.000000
0.568239 -1.279909 0.128708 1.000000
0.311848 0.075424 0.283876 0.000000
0.427788 0.102641 0.192491 0.000000
0.307707 -0.917199 0.244884 0.000000
0.368206 -0.589916 0.302737 0.000000
0.335093 0.401178 0.137059 0.000000
0.505656 -0.172911 0.013297 0.000000
0.347758 0.415362 0.119558 0.000000
0.327394 -0.606483 0.198359 0.000000
0.253446 -0.116791 0.168482 0.000000
0.195015 -0.197117 0.464866 0.000000
0.332943 -0.739917 0.207568 0.000000
0.275111 -1.071964 0.252987 0.000000
0.387290 0.299706 0.155902 0.000000
0.332477 0.197173 0.099625 0.000000
0.342967 0.115435 0.151492 0.000000
0.386038 0.420376 0.158781 0.000000
0.394557 0.118460 0.057086 0.000000
0.257625 -0.028453 0.340169 0.000000
0.349399 0.102404 0.161351 0.000000
0.239102 -0.037161 0.347667 0.000000
0.462385 0.024956 0.115254 0.000000
0.296428 -0.894631 0.232996 0.000000
0.315682 -0.993939 0.233461 0.000000
0.357010 -0.681134 0.331633 0.000000
0.307734 -0.904127 0.204560 0.000000
0.400055 -0.920833 0.486839 0.000000
0.281274 -0.051178 0.167977 0.000000
0.292672 -0.030648 0.179527 0.000000
0.321543 -0.894905 0.224443 0.000000
0.395357 0.198091 0.209448 0.000000
0.285677 -0.112515 0.009444 0.000000
0.328704 -0.504869 0.196023 0.000000
0.390106 0.046870 0.028864 0.000000
0.473094 -1.061883 0.191220 1.000000
0.314154 -0.926504 0.227942 0.000000
0.334377 -0.186281 0.187499 0.000000
0.332361 0.171392 0.212672 0.000000
0.351713 -0.894500 0.220735 1.000000
0.449092 -1.037239 0.182553 1.000000
0.340617 -0.515224 0.186905 0.000000
0.340745 -0.347787 0.192419 0.000000
0.390964 -0.792960 0.401987 0.000000
0.236317 -0.012385 0.332689 0.000000
0.329338 -0.348121 0.201750 0.000000
0.331175 -0.341620 0.184796 0.000000
0.512914 -0.087626 0.160102 0.000000
0.300989 -1.043439 0.211438 0.000000
0.420741 0.240576 0.122978 0.000000
0.317468 0.079180 0.066780 0.000000
0.342699 0.129769 0.084451 0.000000
0.399005 0.213175 0.098652 0.000000
-0.065468 -0.527799 0.140894 0.000000
0.498360 -0.049225 0.143984 0.000000
0.383451 -0.646656 0.339227 0.000000
0.326544 -0.874387 0.206391 0.000000
0.287736 0.061258 0.278629 0.000000
0.408681 0.302144 0.157427 0.000000
0.380184 0.309941 0.125940 0.000000
0.211599 -0.196043 0.156165 0.000000
0.315437 -0.961793 0.212985 0.000000
0.388361 -0.902983 0.474981 0.000000
0.250471 -0.044570 0.348743 0.000000
0.344141 0.090150 0.180011 0.000000
0.381832 -0.013909 -0.016064 0.000000
0.336380 0.186418 0.230163 0.000000
0.009051 -0.465518 0.147807 0.000000
0.321790 -0.690082 0.201244 0.000000
0.378707 -0.888678 0.451611 0.000000
0.372050 -0.565023 0.309326 0.000000
0.304582 -0.882335 0.228592 0.000000
0.121954 -0.306546 0.172311 0.000000
0.361684 -0.917172 0.228363 1.000000
0.326120 0.139430 0.179148 0.000000
0.110403 -0.337607 0.171231 0.000000
0.281838 -1.057335 0.250665 0.000000
0.414000 0.188048 0.104449 0.000000
0.325532 -0.939306 0.224722 0.000000
0.480159 -1.079690 0.177538 1.000000
0.342378 -0.802319 0.208209 0.000000
0.359346 -0.596169 0.296013 0.000000
0.187630 -0.239474 0.534807 0.000000
0.435510 0.063983 0.187377 0.000000
0.301073 -0.077846 0.022588 0.000000
0.436087 -0.072807 0.229016 0.000000
0.588971 -0.141650 0.116708 0.000000
0.525746 -0.033520 0.408294 0.000000
0.435593 -0.978011 0.601397 0.000000
0.357387 -0.460286 0.245555 0.000000
0.347656 -0.438177 0.243725 0.000000
0.238345 -0.077210 0.368250 0.000000
0.325404 0.009851 0.052724 0.000000
0.398913 0.347226 0.128542 0.000000
0.330518 -0.799307 0.217525 0.000000
0.303058 -0.976358 0.210899 0.000000
0.288418 -1.068461 0.244161 0.000000
0.398380 0.234671 0.206062 0.000000
0.524360 -1.140004 0.168275 1.000000
0.289607 -0.922227 0.222666 0.000000
0.204163 -0.196462 -0.034041 0.000000
0.051490 -0.414520 0.165669 0.000000
0.004890 -0.462431 0.158683 0.000000
0.248919 -0.053133 0.357327 0.000000
0.393320 0.110539 0.227609 0.000000
0.061412 -0.379360 0.176142 0.000000
-0.052348 -0.516107 0.139329 0.000000
0.561991 -0.128563 0.119378 0.000000
0.324567 -0.562804 0.197421 0.000000
0.390880 0.302397 0.187246 0.000000
0.395983 0.071571 0.033668 0.000000
0.478508 0.042352 0.129699 0.000000
0.365589 -0.072691 0.285431 0.000000
0.260015 -0.099264 0.168443 0.000000
0.397785 0.189948 0.085093 0.000000
0.387668 0.016988 -0.002412 0.000000
0.403492 0.276864 0.190377 0.000000
0.285107 -1.010554 0.246680 0.000000
0.324540 -0.853037 0.212035 0.000000
0.334626 0.148369 0.170449 0.000000
0.237613 -0.125991 0.142229 0.000000
0.438941 -1.025952 0.179687 1.000000
0.345991 -0.414002 0.246622 0.000000
0.330428 -0.208971 0.191058 0.000000
0.418734 -0.962057 0.574231 0.000000
0.436444 0.058369 0.086654 0.000000
0.431547 0.186539 0.126290 0.000000
0.386769 0.023934 0.235150 0.000000
0.425281 0.135251 0.089395 0.000000
0.457054 -0.073298 0.055906 0.000000
0.471736 0.051917 0.132671 0.000000
0.441011 0.129931 0.127623 0.000000
0.419749 -0.129391 0.248902 0.000000
0.335249 -0.339671 0.220103 0.000000
0.331858 -0.280192 0.195850 0.000000
0.332213 -0.534620 0.204481 0.000000
0.338883 0.201020 0.166705 0.000000
0.390677 0.106159 0.050647 0.000000
0.193595 -0.157022 0.435985 0.000000
0.398625 0.127429 0.227206 0.000000
0.355008 -0.394300 0.228742 0.000000
0.451903 0.000577 0.188477 0.000000
0.378664 0.403064 0.150654 0.000000
0.360138 -0.478350 0.240717 0.000000
0.395357 0.312029 0.130350 0.000000
0.331018 -0.355714 0.233470 0.000000
0.442985 0.017184 0.212826 0.000000
0.399383 -0.903218 0.464840 0.000000
0.418785 -0.970256 0.585614 0.000000
0.296364 -0.959257 0.240818 0.000000
0.319804 -1.098227 0.235740 0.000000
0.338709 -0.602696 0.190273 0.000000
0.397892 0.253220 0.165422 0.000000
0.310766 -0.863755 0.228956 0.000000
0.595051 -1.292319 0.118113 1.000000
0.144858 -0.220113 -0.041518 0.000000
0.325388 0.186513 0.109000 0.000000
0.348938 0.446837 0.149028 0.000000
0.296198 -0.914844 0.232737 0.000000
-0.075384 -0.538047 0.134611 0.000000
0.344550 -0.814623 0.214085 0.000000
0.257744 -0.107149 0.177619 0.000000
0.268336 -0.148022 0.007819 0.000000
0.305272 0.034911 0.059939 0.000000
0.419924 0.108789 0.090596 0.000000
0.192694 -0.207563 0.481176 0.000000
0.217627 -0.121955 0.398805 0.000000
0.310581 0.013701 0.161868 0.000000
0.476508 -0.094666 0.054528 0.000000
0.433828 -1.025379 0.192489 1.000000
0.336194 -0.393597 0.181694 0.000000
0.460534 0.017033 0.115532 0.000000
0.420783 0.147757 0.184590 0.000000
0.338899 -0.553893 0.207310 0.000000
-0.104969 -0.568133 0.121827 0.000000
0.412214 0.232803 0.168666 0.000000
0.246193 -0.069172 0.360034 0.000000
0.381917 0.414597 0.131081 0.000000
0.272474 -1.061537 0.251023 0.000000
0.328525 -0.157758 0.190616 0.000000
0.387991 0.041528 0.235883 0.000000
0.262690 -0.150006 -0.002972 0.000000
0.334916 -0.408043 0.201246 0.000000
0.514142 -1.164952 0.142980 1.000000
0.292204 -1.072188 0.210346 0.000000
0.036928 -0.432307 0.161446 0.000000
0.250725 -0.110940 0.147305 0.000000
0.330296 0.293918 0.102698 0.000000
0.391370 0.292084 0.121090 0.000000
0.338229 -0.276641 0.200452 0.000000
0.364752 -0.510660 0.291662 0.000000
0.331371 0.232603 0.159116 0.000000
0.412580 -0.956981 0.558495 0.000000
0.361130 0.066619 0.199267 0.000000
0.019582 -0.453874 0.154970 0.000000
-0.088358 -0.545448 0.133285 0.000000
0.363196 0.425828 0.116623 0.000000
0.422755 0.110357 0.121781 0.000000
0.288692 -0.947609 0.242523 0.000000
0.320343 0.029373 0.166543 0.000000
0.474965 -1.091249 0.171122 1.000000
0.422012 0.130150 0.187893 0.000000
0.328518 -0.104690 0.185532 0.000000
0.404605 0.235245 0.200364 0.000000
0.357959 -0.483284 0.254584 0.000000
0.390052 0.406708 0.149870 0.000000
0.061668 -0.406381 0.165529 0.000000
0.340817 0.284750 0.187131 0.000000
0.420217 -0.979032 0.580278 0.000000
0.307142 -1.009813 0.211722 0.000000
0.353290 0.270562 0.101927 0.000000
0.330757 -0.556956 0.203759 0.000000
0.428746 -0.129026 0.245825 0.000000
0.312021 -0.912634 0.239174 0.000000
0.327882 0.330662 0.111427 0.000000
0.334942 -0.377333 0.245986 0.000000
0.493379 -0.060111 0.114356 0.000000
0.399795 0.142523 0.222351 0.000000
0.359673 -0.907378 0.219266 1.000000
0.429281 0.162209 0.122715 0.000000
0.615035 -1.327521 0.117296 1.000000
0.309016 -0.880072 0.220480 0.000000
0.186614 -0.221309 0.516009 0.000000
0.444300 -1.029803 0.165606 1.000000
0.424864 -1.005897 0.189199 1.000000
0.336447 -0.246780 0.201388 0.000000
0.334189 -0.821193 0.209773 0.000000
0.288659 -0.980478 0.237960 0.000000
0.392742 0.296958 0.168912 0.000000
0.301270 -0.070936 0.028448 0.000000
0.312069 -0.016829 0.044231 0.000000
0.196936 -0.135004 0.420433 0.000000
0.398336 -0.937806 0.515109 0.000000
0.294671 -1.036526 0.236759 0.000000
0.272727 -0.068210 0.163138 0.000000
0.320935 -0.168805 0.188102 0.000000
0.277506 -1.054695 0.243752 0.000000
0.502022 -1.118785 0.168345 1.000000
0.430759 0.140551 0.181664 0.000000
0.337579 -0.685902 0.203508 0.000000
0.443728 0.071977 0.182955 0.000000
0.225479 -0.187867 0.163324 0.000000
0.336499 -0.392961 0.240555 0.000000
0.468864 0.069031 0.130921 0.000000
0.344625 -0.423670 0.253099 0.000000
0.500298 -0.270141 -0.072216 0.000000
0.356692 -0.437704 0.249373 0.000000
0.268222 0.025398 0.303836 0.000000
0.565612 -1.227588 0.139670 1.000000
0.471196 0.023661 0.144619 0.000000
0.366927 -0.919666 0.180900 1.000000
0.383538 0.390525 0.148636 0.000000
0.438484 0.115737 0.125437 0.000000
0.321528 -0.318891 0.214253 0.000000
0.234434 -0.060911 0.361925 0.000000
0.345997 -0.324344 0.196065 0.000000
0.340723 0.390178 0.137004 0.000000
0.410315 0.286744 0.121897 0.000000
0.329936 -0.314306 0.201095 0.000000
0.339440 0.320958 0.154875 0.000000
0.246395 -0.172915 -0.005238 0.000000
0.436312 -0.019485 0.324834 0.000000
0.359568 -0.501106 0.278420 0.000000
0.400067 0.242119 0.167884 0.000000
0.379427 0.422136 0.131758 0.000000
0.470650 0.005029 0.111868 0.000000
0.335460 -0.848484 0.202440 0.000000
0.329743 -0.303638 0.195487 0.000000
0.101453 -0.241308 -0.047754 0.000000
0.135041 -0.275925 0.164210 0.000000
0.331317 0.120438 0.076776 0.000000
0.418796 0.119435 0.092180 0.000000
0.338865 -0.463912 0.189816 0.000000
0.332079 -0.638172 0.210743 0.000000
0.345290 0.182088 0.108008 0.000000
0.338674 -0.709552 0.205095 0.000000
0.392568 -0.698744 0.360277 0.000000
0.344254 -0.873902 0.197899 1.000000
0.227767 -0.069673 0.368556 0.000000
0.034496 -0.425722 0.174020 0.000000
0.338443 -0.384414 0.190755 0.000000
0.350122 -0.361497 0.218892 0.000000
0.359333 -0.579849 0.302207 0.000000
0.255138 -0.102234 0.149718 0.000000
0.318988 0.131797 0.228091 0.000000
0.515278 -0.096180 0.148041 0.000000
0.343660 -0.648334 0.200640 0.000000
0.330691 -0.374628 0.195688 0.000000
0.394355 0.014455 0.264144 0.000000
0.298897 -1.078426 0.234097 0.000000
0.552812 -1.199387 0.146210 1.000000
0.411095 -0.171932 0.272997 0.000000
0.131071 -0.322473 0.171392 0.000000
-0.016904 -0.479553 0.156364 0.000000
0.294481 -0.011288 0.167541 0.000000
0.351575 -0.897052 0.229570 1.000000
0.241993 -0.054954 0.353353 0.000000
0.076185 -0.241950 -0.051047 0.000000
0.454221 0.087789 0.134354 0.000000
0.358215 -0.509553 0.263307 0.000000
0.346201 0.362328 0.121330 0.000000
0.516397 -0.269638 0.182415 0.000000
0.321790 -0.925160 0.219541 0.000000
0.530204 -0.211559 0.121034 0.000000
0.340441 -0.311293 0.196006 0.000000
0.392041 0.373301 0.158632 0.000000
0.323935 -0.034118 0.184287 0.000000
0.427822 0.157188 0.173732 0.000000
0.338176 0.198592 0.225369 0.000000
0.420532 -0.965220 0.565349 0.000000
0.373058 0.460875 0.119757 0.000000
0.433674 -1.029752 0.168756 1.000000
0.537193 -1.187784 0.146172 1.000000
0.365860 -0.745783 0.367332 0.000000
0.405022 0.219736 0.204341 0.000000
0.428183 -1.005898 0.202028 1.000000
0.475186 -0.115636 0.046822 0.000000
0.324512 -0.215011 0.189046 0.000000
0.464139 -0.061587 0.063513 0.000000
0.387076 -0.822774 0.414896 0.000000
0.369042 0.465355 0.113845 0.000000
0.332649 -0.291282 0.197425 0.000000
0.431106 0.039707 0.078598 0.000000
0.298281 -1.099011 0.225711 0.000000
0.339779 0.189406 0.083571 0.000000
0.305813 -0.070545 0.020901 0.000000
0.387740 0.410424 0.156726 0.000000
0.383809 -0.022971 -0.009198 0.000000
0.380218 0.317393 0.115443 0.000000
0.335485 -0.768359 0.207906 0.000000
0.328458 -0.619829 0.204899 0.000000
0.399337 0.115535 0.224013 0.000000
0.333305 -0.354284 0.191799 0.000000
0.308435 -1.037393 0.226900 0.000000
0.372241 -0.588643 0.309361 0.000000
0.371689 0.439635 0.116692 0.000000
0.428379 0.089851 0.203163 0.000000
0.347535 -0.881309 0.224703 0.000000
0.083676 -0.375920 0.164164 0.000000
0.347181 -0.350219 0.215367 0.000000
0.331564 0.237612 0.107380 0.000000
0.415125 -0.006931 0.293489 0.000000
0.445132 -0.009333 0.069535 0.000000
0.396342 0.174441 0.077088 0.000000
0.333577 -0.436961 0.194963 0.000000
0.341094 -0.835379 0.204659 0.000000
0.404810 0.189619 0.209311 0.000000
0.478024 -1.098840 0.167598 1.000000
0.237027 -0.178889 -0.021538 0.000000
0.318367 0.059377 0.064694 0.000000
0.332623 -0.330593 0.194336 0.000000
0.326565 0.307053 0.113378 0.000000
0.384940 0.450233 0.144049 0.000000
0.336160 -0.615485 0.198664 0.000000
0.281270 -1.052101 0.256527 0.000000
0.043943 -0.397326 0.175680 0.000000
0.310670 -0.854528 0.218250 0.000000
0.314132 -0.964629 0.222445 0.000000
0.329651 -0.072150 0.180587 0.000000
0.332342 -0.813786 0.220053 0.000000
0.638458 -0.167290 0.098103 0.000000
0.342626 -0.722512 0.201039 0.000000
0.279932 -0.124582 -0.001136 0.000000
0.307972 -0.939974 0.212839 0.000000
0.395444 0.407574 0.139705 0.000000
0.329325 -0.238347 0.194169 0.000000
0.327674 -0.675907 0.198278 0.000000
0.320620 -1.026150 0.228657 0.000000
0.527506 -0.144965 0.158682 0.000000
0.194849 -0.198370 -0.030544 0.000000
-0.014720 -0.481599 0.147877 0.000000
-0.043923 -0.500440 0.154811 0.000000
0.314151 -0.886054 0.237729 0.000000
0.373559 0.405230 0.117534 0.000000
0.419578 0.219158 0.166652 0.000000
0.399947 -0.931515 0.499666 0.000000
0.338100 0.299039 0.102246 0.000000
0.283597 -1.116157 0.255289 0.000000
0.476739 -0.102797 0.178726 0.000000
0.285888 -0.957274 0.228693 0.000000
0.332271 -0.852274 0.218355 0.000000
0.360581 0.073041 0.188966 0.000000
0.447808 -0.021450 0.067754 0.000000
0.465660 -0.064380 0.188454 0.000000
0.404624 0.238004 0.116634 0.000000
0.391007 0.036124 0.015977 0.000000
0.329680 0.152844 0.226880 0.000000
0.315991 -0.002239 0.049699 0.000000
0.594245 -1.304500 0.117529 1.000000
0.269858 -1.052522 0.242251 0.000000
0.457401 0.112192 0.127643 0.000000
0.206367 -0.160921 0.426720 0.000000
0.376999 0.448446 0.148174 0.000000
0.422339 -0.999411 0.213372 1.000000
0.242472 -0.132222 0.153994 0.000000
0.362706 -0.513608 0.273007 0.000000
0.212578 -0.114013 0.390103 0.000000
0.329146 -0.694057 0.209358 0.000000
0.356661 -0.521157 0.285471 0.000000
0.403856 0.315926 0.124929 0.000000
0.344120 0.220406 0.098839 0.000000
0.415620 -1.002587 0.172050 1.000000
0.363899 -0.684866 0.338824 0.000000
0.307654 -0.008433 0.050337 0.000000
0.378581 0.326983 0.118613 0.000000
0.329593 -0.329380 0.214645 0.000000
0.517951 -0.111065 0.143892 0.000000
0.328355 0.229975 0.111337 0.000000
0.190983 -0.182142 0.462474 0.000000
0.297908 -0.957514 0.220854 0.000000
0.396245 -0.959735 0.221995 1.000000
0.498081 -0.028284 0.382863 0.000000
0.282251 -0.986826 0.241334 0.000000
0.402765 0.077040 0.228593 0.000000
0.336221 0.172792 0.230811 0.000000
0.151660 -0.283132 0.168437 0.000000
0.327684 0.051632 0.063573 0.000000
0.413630 0.200134 0.133469 0.000000
0.236482 -0.159013 0.155306 0.000000
0.338504 -0.561448 0.192168 0.000000
0.491427 -0.045865 0.106424 0.000000
0.385348 0.036458 0.246040 0.000000
0.561932 -0.045110 0.429565 0.000000
0.328284 -0.469374 0.186756 0.000000
0.398584 0.255248 0.110261 0.000000
0.341346 -0.443275 0.182719 0.000000
0.317620 -0.882690 0.202088 0.000000
0.330358 -0.356841 0.184537 0.000000
0.395056 0.385051 0.153633 0.000000
0.336990 0.281819 0.097636 0.000000
0.294251 -0.992324 0.216300 0.000000
0.290987 -0.992414 0.245271 0.000000
0.372949 0.472371 0.119883 0.000000
0.327646 0.128488 0.162461 0.000000
0.332712 -0.753665 0.214023 0.000000
0.397787 0.199404 0.088992 0.000000
0.344345 0.328951 0.166073 0.000000
0.409452 0.202501 0.175068 0.000000
0.325755 -0.424233 0.192254 0.000000
0.341350 0.230735 0.204687 0.000000
0.429396 0.061922 0.093858 0.000000
0.334042 -0.873288 0.210283 0.000000
0.302029 -1.016748 0.207957 0.000000
0.437204 -0.988747 0.607215 0.000000
0.317120 -0.907913 0.226424 0.000000
0.413752 -0.955684 0.535398 0.000000
0.341398 0.325859 0.105822 0.000000
0.332377 0.146851 0.241536 0.000000
0.361505 0.295548 0.101608 0.000000
0.329438 -0.095548 0.183575 0.000000
0.353979 0.264014 0.105924 0.000000
0.325361 0.256832 0.102675 0.000000
0.331508 0.171329 0.117555 0.000000
0.340767 -0.629070 0.199404 0.000000
0.281390 0.005182 0.320424 0.000000
0.392962 0.326151 0.147586 0.000000
0.266877 -0.078208 0.175822 0.000000
0.291772 -1.086331 0.229394 0.000000
0.439584 0.071152 0.176226 0.000000
0.315252 -1.082065 0.230322 0.000000
0.320501 -1.035507 0.235219 0.000000
0.071567 -0.387967 0.169819 0.000000
0.279543 -0.051299 0.148894 0.000000
0.406772 0.004315 0.288587 0.000000
0.321510 -0.920682 0.204394 0.000000
0.372566 -0.666390 0.344890 0.000000
0.296848 -1.071142 0.223785 0.000000
0.386899 0.350091 0.151811 0.000000
0.392554 0.131874 0.225658 0.000000
0.395476 -0.960206 0.194987 1.000000
0.332167 -0.224796 0.184739 0.000000
0.522140 -0.252925 0.183937 0.000000
0.357456 -0.498973 0.287508 0.000000
0.328218 0.141984 0.236272 0.000000
0.339955 -0.332986 0.192192 0.000000
0.031472 -0.443766 0.153448 0.000000
0.333138 0.164271 0.225716 0.000000
0.355348 -0.425149 0.238716 0.000000
0.334970 -0.777356 0.207957 0.000000
0.301227 -0.947279 0.235673 0.000000
0.302953 -1.057828 0.224050 0.000000
0.513804 -0.170750 0.152936 0.000000
0.394323 0.266669 0.115412 0.000000
0.381850 0.032895 0.234101 0.000000
0.145900 -0.299749 0.168717 0.000000
0.350786 -0.431466 0.249267 0.000000
0.342768 -0.449719 0.186731 0.000000
0.299680 -0.891457 0.219776 0.000000
0.507104 -1.133756 0.168300 1.000000
0.329479 -0.773362 0.201443 0.000000
0.389453 0.319311 0.127397 0.000000
0.399448 0.312968 0.165925 0.000000
0.356545 -0.459077 0.270698 0.000000
0.493440 -0.072487 0.116217 0.000000
0.345968 -0.714424 0.212236 0.000000
0.377255 -0.896934 0.469065 0.000000
0.484316 -0.041605 0.112536 0.000000
0.318911 -0.889345 0.229884 0.000000
0.201616 -0.208205 0.157517 0.000000
0.363822 -0.736180 0.362339 0.000000
0.312504 -0.895525 0.223842 0.000000
0.366324 -0.922611 0.218156 1.000000
0.239714 -0.152001 0.164800 0.000000
0.387226 -0.890328 0.459681 0.000000
0.122514 -0.234285 -0.046551 0.000000
0.311205 -0.934233 0.230289 0.000000
0.340133 0.247275 0.205732 0.000000
0.367186 -0.551280 0.297994 0.000000
0.331763 -0.217833 0.199869 0.000000
0.451407 -0.018728 0.339452 0.000000
0.366473 -0.523000 0.294705 0.000000
-0.071416 -0.535909 0.144130 0.000000
0.446508 -0.981935 0.605496 0.000000
0.448157 0.022913 0.187242 0.000000
0.339765 -0.575142 0.189278 0.000000
0.385372 0.443826 0.129621 0.000000
-0.034293 -0.485582 0.155427 0.000000
0.322785 -0.970563 0.223279 0.000000
0.334098 -0.576149 0.202675 0.000000
0.301998 -1.003118 0.221119 0.000000
0.316459 -0.943141 0.215506 0.000000
0.325695 -0.415784 0.192316 0.000000
0.482476 -0.010814 0.143679 0.000000
0.334751 -0.546422 0.196206 0.000000
0.318349 -1.001175 0.234432 0.000000
0.339053 0.314529 0.170592 0.000000
0.036773 -0.419073 0.168940 0.000000
0.395096 -0.886769 0.456061 0.000000
0.334836 -0.805313 0.209979 0.000000
0.340032 -0.828757 0.218471 0.000000
0.299903 -0.034016 0.050839 0.000000
0.422513 -0.981660 0.587132 0.000000
0.289183 -1.058540 0.249081 0.000000
-0.028549 -0.489394 0.151521 0.000000
0.509090 -1.125121 0.175287 1.000000
-0.097665 -0.567340 0.123802 0.000000
0.430222 0.151543 0.122696 0.000000
0.133061 -0.307527 0.169302 0.000000
0.251029 -0.010196 0.330180 0.000000
0.171745 -0.246671 0.161644 0.000000
0.379300 0.477541 0.132982 0.000000
0.493169 -0.037786 0.147290 0.000000
0.330614 -0.906914 0.215763 0.000000
0.500470 -0.061247 0.149510 0.000000
0.337642 0.200657 0.093200 0.000000
0.522910 -1.174600 0.142151 1.000000
0.431767 0.048330 0.083574 0.000000
0.433781 0.121845 0.175704 0.000000
0.470286 -1.068058 0.181480 1.000000
0.270014 -1.026497 0.240832 0.000000
-0.003942 -0.472612 0.150162 0.000000
0.512874 -0.071501 0.157758 0.000000
0.288616 -0.927889 0.232354 0.000000
0.261861 -0.093063 0.176796 0.000000
0.607572 -1.300943 0.118056 1.000000
0.286077 0.040330 0.293048 0.000000
0.199933 -0.164339 0.437265 0.000000
0.289881 -1.061815 0.233971 0.000000
0.532387 -1.211088 0.133228 1.000000
0.343723 0.459173 0.150330 0.000000
0.260256 -0.148468 0.005864 0.000000
0.139406 -0.312445 0.165328 0.000000
0.510053 -0.240223 -0.049781 0.000000
0.354689 -0.378864 0.221291 0.000000
0.401915 -0.193046 0.294369 0.000000
0.348705 0.418890 0.148732 0.000000
0.485493 -1.105139 0.164445 1.000000
0.581090 -1.258871 0.127871 1.000000
0.190219 -0.219898 0.156118 0.000000
0.315912 -1.074072 0.233758 0.000000
0.424712 0.172587 0.172702 0.000000
0.332743 0.082919 0.178319 0.000000
0.326310 0.113132 0.262643 0.000000
0.385217 0.412492 0.137800 0.000000
0.399389 0.185210 0.215811 0.000000
0.401083 0.340812 0.160535 0.000000
0.332263 -0.372129 0.231039 0.000000
0.435989 -1.013027 0.188091 1.000000
0.326502 -0.796011 0.205340 0.000000
0.382732 -0.876634 0.446683 0.000000
0.199151 -0.204681 -0.027162 0.000000
0.406032 0.258827 0.120929 0.000000
0.312882 -1.064902 0.237628 0.000000
0.556631 -1.233435 0.132489 1.000000
0.335535 -0.858814 0.222534 0.000000
0.484929 -0.106832 0.050345 0.000000
0.415504 -0.959262 0.550296 0.000000
0.378918 0.460809 0.147159 0.000000
0.397576 0.289869 0.161093 0.000000
0.409009 0.193932 0.128098 0.000000
0.336435 0.340786 0.112462 0.000000
0.286344 -0.946666 0.232937 0.000000
0.284702 -0.041947 0.163840 0.000000
0.324698 -0.334221 0.221659 0.000000
0.376503 0.334193 0.125672 0.000000
0.538844 -1.207300 0.139923 1.000000
0.387367 0.322996 0.154572 0.000000
0.509145 -0.089924 0.111618 0.000000
0.426905 -0.077497 0.227499 0.000000
0.087417 -0.350271 0.174881 0.000000
0.288574 -0.961561 0.244561 0.000000
0.439390 0.045167 0.208353 0.000000
0.494515 -0.058758 0.105949 0.000000
0.342810 -0.840093 0.217834 0.000000
0.328396 0.034059 0.179692 0.000000
0.517369 -0.182924 0.145553 0.000000
0.472799 -0.084893 0.185584 0.000000
0.336514 -0.492723 0.181996 0.000000
0.337714 -0.808269 0.220291 0.000000
0.369817 -0.611664 0.324290 0.000000
0.353502 0.418133 0.115510 0.000000
0.295960 -0.006322 0.146462 0.000000
0.242165 -0.141115 0.161298 0.000000
0.330942 0.091792 0.073072 0.000000
0.228843 -0.183995 -0.022045 0.000000
0.326476 -0.887489 0.217219 0.000000
0.327024 -0.555772 0.193081 0.000000
0.389749 -0.955437 0.208668 1.000000
0.295538 0.080311 0.261042 0.000000
0.522099 -1.138170 0.159453 1.000000
0.440567 0.016086 0.197165 0.000000
0.271122 -1.040290 0.237762 0.000000
0.020532 -0.444118 0.166656 0.000000
0.344384 -0.825443 0.207560 0.000000
-0.037900 -0.504704 0.153450 0.000000
0.352855 0.445154 0.157787 0.000000
0.435330 0.044803 0.070269 0.000000
0.303547 -0.906711 0.240844 0.000000
0.325393 -0.276011 0.194249 0.000000
0.496561 -0.146966 0.164274 0.000000
0.591215 -1.267132 0.127143 1.000000
0.292501 -1.151995 0.223744 0.000000
0.367142 0.054735 0.215092 0.000000
0.378202 -0.004434 -0.006826 0.000000
0.424196 0.086273 0.091073 0.000000
0.334747 -0.200822 0.196708 0.000000
0.380619 -0.661192 0.342271 0.000000
0.387561 0.015500 0.005036 0.000000
0.388409 -0.955158 0.180686 1.000000
0.235140 -1.105799 0.246360 0.000000
0.337004 -0.519982 0.201910 0.000000
0.374442 -0.939678 0.186064 1.000000
0.295979 -1.055867 0.212194 0.000000
0.382713 -0.901464 0.466727 0.000000
0.347987 0.224049 0.085347 0.000000
0.468276 0.012047 0.112765 0.000000
0.324807 -0.222797 0.193398 0.000000
0.359035 0.290650 0.109440 0.000000
0.297615 -0.998905 0.234210 0.000000
0.389993 -0.950692 0.200546 1.000000
0.243944 -0.124887 0.146049 0.000000
0.589577 -0.048791 0.452045 0.000000
0.280626 -0.126043 0.015894 0.000000
0.280035 -0.960547 0.236618 0.000000
0.484235 -0.122587 0.044071 0.000000
0.468415 -0.078039 0.058749 0.000000
0.374619 0.382637 0.113212 0.000000
0.335789 -0.405763 0.251591 0.000000
0.332620 0.140095 0.250973 0.000000
0.213293 -0.129039 0.405120 0.000000
0.383910 -0.699006 0.362313 0.000000
0.211894 -0.194948 -0.026767 0.000000
0.513438 -1.122260 0.168797 1.000000
0.275028 -1.045249 0.266898 0.000000
0.501092 -0.044695 0.134275 0.000000
0.132159 -0.329746 0.173027 0.000000
0.122225 -0.296805 0.169896 0.000000
0.189364 -0.230054 0.516883 0.000000
0.557527 -1.247619 0.127943 1.000000
0.489579 -0.132652 0.169981 0.000000
0.338462 0.191129 0.163323 0.000000
0.392672 -0.947641 0.190456 1.000000
0.336197 0.174097 0.240073 0.000000
0.274717 -0.995788 0.234178 0.000000
0.402237 0.221976 0.172087 0.000000
0.211556 -0.205739 0.160989 0.000000
0.334618 0.282893 0.193120 0.000000
0.391333 -0.816860 0.413515 0.000000
0.306260 0.094263 0.254515 0.000000
0.340595 -0.532430 0.192020 0.000000
0.479425 -1.092787 0.158323 1.000000
0.380441 -0.865148 0.437346 0.000000
0.338569 0.240920 0.164239 0.000000
0.342369 0.265503 0.166927 0.000000
0.396330 0.146294 0.076978 0.000000
0.332179 -0.263283 0.185314 0.000000
0.412320 0.199027 0.123356 0.000000
0.369222 -0.067415 -0.036983 0.000000
0.499597 -0.069245 0.113094 0.000000
-0.015269 -0.469633 0.153105 0.000000
0.434746 0.087904 0.080905 0.000000
0.527486 -0.189872 0.144004 0.000000
0.293051 -0.094923 0.036438 0.000000
0.437987 0.173874 0.126472 0.000000
0.516603 -1.171587 0.148398 1.000000
0.323450 -0.323479 0.208231 0.000000
0.313096 -0.860802 0.215176 0.000000
0.342745 -0.887359 0.225396 0.000000
0.322502 -0.859995 0.214607 0.000000
0.339383 -0.668115 0.199635 0.000000
0.177654 -0.275491 0.581969 0.000000
0.334154 0.221204 0.169002 0.000000
0.397307 0.387393 0.127839 0.000000
0.343891 0.429335 0.151236 0.000000
0.375318 -0.023302 0.253599 0.000000
0.553623 -1.227590 0.136627 1.000000
0.331675 0.164838 0.218415 0.000000
0.291694 -1.082652 0.238847 0.000000
0.326575 -0.596315 0.198801 0.000000
0.500711 -1.112855 0.172545 1.000000
0.419214 0.189917 0.172393 0.000000
0.335585 -0.396072 0.192676 0.000000
0.462549 0.028689 0.140160 0.000000
0.447669 0.143740 0.129407 0.000000
0.483373 -1.092090 0.173261 1.000000
0.372323 -0.054815 -0.032495 0.000000
0.350885 -0.445491 0.253306 0.000000
0.494979 -1.125799 0.160082 1.000000
0.271805 -1.050767 0.263191 0.000000
-0.044675 -0.511691 0.151820 0.000000
0.458323 -1.062416 0.171310 1.000000
0.293952 -1.075757 0.246600 0.000000
0.294915 -1.106642 0.234145 0.000000
0.373188 0.043869 0.230243 0.000000
0.394275 0.054994 0.232233 0.000000
0.333877 0.357922 0.123521 0.000000
0.299184 -1.052855 0.240175 0.000000
0.395541 -0.868029 0.442984 0.000000
0.363573 -0.909350 0.204641 1.000000
0.435216 -0.065609 0.220396 0.000000
0.330796 -0.255816 0.195188 0.000000
0.327116 0.105864 0.165309 0.000000
0.325240 -1.035390 0.227619 0.000000
0.369353 0.347560 0.121667 0.000000
0.313812 -0.980443 0.228316 0.000000
0.388655 0.356556 0.165013 0.000000
0.294642 -0.909825 0.225206 0.000000
0.332092 -0.534462 0.190227 0.000000
0.328530 -0.242236 0.187240 0.000000
0.331191 -0.656454 0.198265 0.000000
0.336504 0.071198 0.064573 0.000000
0.189184 -0.200498 0.144881 0.000000
0.402342 0.301324 0.162041 0.000000
0.398217 -0.899998 0.474816 0.000000
0.285670 -1.103030 0.257010 0.000000
0.337548 -0.862026 0.212682 0.000000
0.379217 0.436136 0.125673 0.000000
0.444051 -0.014887 0.332802 0.000000
0.325866 -0.002068 0.181137 0.000000
0.324665 -0.126954 0.183503 0.000000
0.297516 -0.065306 0.044400 0.000000
0.330718 -0.596931 0.206442 0.000000
0.395958 0.128900 0.067670 0.000000
0.632271 -0.161497 0.100743 0.000000
0.398167 0.100441 0.221838 0.000000
0.314434 -0.902391 0.241981 0.000000
0.337965 0.183415 0.218946 0.000000
0.398561 0.254839 0.196422 0.000000
0.324497 0.174399 0.117906 0.000000
0.354834 0.105903 0.154595 0.000000
0.265130 -0.010133 0.327069 0.000000
0.308048 -1.081333 0.239144 0.000000
0.342451 -0.684761 0.208862 0.000000
0.410750 -0.954249 0.543321 0.000000
0.337761 -0.487550 0.197284 0.000000
0.344255 -0.753927 0.203760 0.000000
0.333375 0.096284 0.171774 0.000000
0.338971 -0.594695 0.189541 0.000000
0.426072 -1.013261 0.180577 1.000000
0.337607 -0.600005 0.196991 0.000000
0.248029 -0.117263 0.150426 0.000000
0.337143 -0.251825 0.194011 0.000000
0.420900 0.204676 0.168240 0.000000
0.306644 0.019950 0.057022 0.000000
0.457550 -0.030655 0.189284 0.000000
0.391234 -0.770948 0.394048 0.000000
0.222943 -0.188355 -0.023666 0.000000
0.326428 -0.175493 0.194764 0.000000
0.503608 -1.140551 0.155880 1.000000
0.200651 -0.190296 0.145274 0.000000
0.332958 -0.747680 0.207289 0.000000
0.355692 -0.453223 0.246383 0.000000
0.332118 0.189510 0.169507 0.000000
0.353862 -0.353683 0.212954 0.000000
0.299320 -0.931253 0.238794 0.000000
0.337717 -0.655167 0.207342 0.000000
0.301729 -0.965968 0.253657 0.000000
0.369723 -0.061182 0.277908 0.000000
0.510460 -0.079330 0.110256 0.000000
0.430038 0.118414 0.124231 0.000000
0.319933 0.199939 0.112517 0.000000
0.398552 -0.206200 0.305073 0.000000
0.335413 -0.432315 0.200974 0.000000
0.352650 -0.905118 0.184521 1.000000
0.329736 -0.541446 0.203830 0.000000
0.331846 0.207012 0.164663 0.000000
0.260017 -0.094461 0.155902 0.000000
0.338876 -0.266105 0.186272 0.000000
0.196541 -0.185100 0.456227 0.000000
0.358372 -0.512821 0.286841 0.000000
0.385511 -0.921611 0.496078 0.000000
0.340213 -0.655176 0.200077 0.000000
0.188069 -0.192465 0.474726 0.000000
0.474648 -0.009175 0.105927 0.000000
0.326197 0.075318 0.177865 0.000000
0.181421 -0.251300 0.541309 0.000000
0.339460 -0.627721 0.190477 0.000000
0.335937 -0.315441 0.208917 0.000000
0.324857 -0.019548 0.184961 0.000000
0.408591 0.313333 0.154799 0.000000
0.329585 -0.764706 0.211992 0.000000
0.437227 0.020592 0.209634 0.000000
0.340080 0.381071 0.159700 0.000000
0.281097 -0.056696 0.142889 0.000000
0.436382 0.096659 0.181397 0.000000
0.237472 -0.132806 0.139518 0.000000
-0.085453 -0.557154 0.134475 0.000000
0.299370 -1.044064 0.236398 0.000000
0.300540 -1.077136 0.219897 0.000000
0.330129 -0.548658 0.190994 0.000000
0.370368 -0.578369 0.314031 0.000000
0.393506 -0.765967 0.388356 0.000000
0.381122 -0.943017 0.207482 1.000000
0.347714 0.266594 0.183295 0.000000
0.337253 -0.263652 0.198719 0.000000
0.410344 0.184929 0.125527 0.000000
0.434458 -0.078782 0.232795 0.000000
0.579640 -1.278551 0.121503 1.000000
0.593134 -1.276339 0.122812 1.000000
0.397751 -0.952511 0.543866 0.000000
0.410791 0.245148 0.166190 0.000000
0.375659 0.383846 0.120676 0.000000
0.513169 -0.090424 0.138791 0.000000
0.189288 -0.212140 0.496154 0.000000
0.322909 0.028480 0.058177 0.000000
0.398897 0.302230 0.126561 0.000000
0.344287 0.351958 0.162890 0.000000
0.476430 -0.003502 0.142240 0.000000
0.385178 0.430594 0.126773 0.000000
0.341771 0.362600 0.161977 0.000000
0.165393 -0.260029 0.162345 0.000000
0.117496 -0.322309 0.171877 0.000000
0.510122 -0.081007 0.156002 0.000000
0.174224 -0.266940 0.575480 0.000000
0.358638 0.279458 0.104706 0.000000
0.371836 -0.828839 0.412661 0.000000
0.231462 -0.188838 0.169145 0.000000
0.400727 -0.782720 0.397729 0.000000
0.356761 -0.638608 0.318522 0.000000
0.392866 0.392137 0.146402 0.000000
0.422571 -1.004665 0.170028 1.000000
0.327671 -0.842575 0.204101 0.000000
0.537708 -1.194626 0.143897 1.000000
0.330501 0.079235 0.074606 0.000000
0.212734 -0.086855 0.383078 0.000000
0.441593 0.075805 0.188696 0.000000
0.338432 -0.325108 0.191011 0.000000
0.341130 -0.698854 0.200385 0.000000
0.367601 -0.724534 0.359212 0.000000
0.342949 0.483551 0.148633 0.000000
0.334196 0.221218 0.103182 0.000000
0.289176 -1.008413 0.240005 0.000000
0.333837 -0.511468 0.197035 0.000000
0.331761 0.058643 0.065790 0.000000
0.311607 -1.116184 0.240203 0.000000
0.392615 0.093949 0.227514 0.000000
0.360562 -0.558841 0.282987 0.000000
0.263442 0.021110 0.307363 0.000000
0.275866 -0.130155 0.000971 0.000000
0.398081 0.201316 0.097029 0.000000
0.180666 -0.260777 0.172139 0.000000
0.477621 0.034862 0.132295 0.000000
0.460957 0.101472 0.135213 0.000000
0.190785 -0.142430 0.433196 0.000000
0.012435 -0.451202 0.165233 0.000000
0.372956 0.481185 0.117343 0.000000
0.484353 -0.032913 0.108021 0.000000
0.321309 -0.309710 0.191099 0.000000
0.329597 0.004584 0.186839 0.000000
0.151083 -0.269944 0.163330 0.000000
0.297961 -0.002469 0.168902 0.000000
0.316719 -0.900330 0.220339 0.000000
0.449549 0.047687 0.118705 0.000000
0.345139 0.391864 0.157031 0.000000
0.362965 -0.567335 0.295846 0.000000
0.184294 -0.262635 0.558376 0.000000
0.328859 -0.647923 0.208519 0.000000
0.370450 -0.624435 0.324499 0.000000
0.309044 -1.137496 0.242724 0.000000
0.304497 -1.017384 0.226978 0.000000
0.326466 0.144861 0.228799 0.000000
0.369035 0.448056 0.123924 0.000000
0.302814 0.000190 0.152524 0.000000
0.450339 -0.012126 0.077775 0.000000
0.307248 0.019381 0.165201 0.000000
0.491344 -0.027223 0.376136 0.000000
0.622553 -1.328438 0.111131 1.000000
0.126941 -0.311251 0.169766 0.000000
0.235566 -0.134542 0.152389 0.000000
0.319801 0.099307 0.266298 0.000000
0.441233 -0.003597 0.071372 0.000000
0.544586 -1.225714 0.133990 1.000000
0.330647 -0.829266 0.207100 0.000000
0.276080 -0.059238 0.155279 0.000000
0.322142 0.139204 0.171986 0.000000
0.385721 0.000998 0.005493 0.000000
0.472593 0.035522 0.144550 0.000000
0.341149 -0.795089 0.205538 0.000000
0.470173 -0.007168 0.114026 0.000000
0.322072 -1.121799 0.237177 0.000000
0.397244 0.402318 0.145399 0.000000
0.474648 -1.075807 0.156951 1.000000
0.444245 -0.000001 0.213950 0.000000
0.319324 0.020110 0.172823 0.000000
0.333944 -0.468945 0.191132 0.000000
0.403308 -0.947602 0.532255 0.000000
0.407993 -0.948506 0.520694 0.000000
0.324758 0.011380 0.176105 0.000000
0.286785 -0.109418 0.015942 0.000000
0.327804 -0.759264 0.201429 0.000000
0.372682 0.356961 0.114714 0.000000
0.318251 -0.856339 0.227230 0.000000
0.308130 -1.014326 0.232469 0.000000
0.428590 -0.092227 0.233085 0.000000
0.316960 0.036714 0.173548 0.000000
0.224952 -0.167723 0.152809 0.000000
0.187033 -0.245430 0.543889 0.000000
0.321836 -0.892693 0.214545 0.000000
0.453611 0.139957 0.122716 0.000000
0.372402 0.366973 0.114742 0.000000
0.442811 -1.038911 0.189739 1.000000
0.347845 -0.883655 0.198922 1.000000
0.358837 -0.524701 0.271068 0.000000
0.456201 -1.050233 0.170326 1.000000
0.394629 0.043014 0.239830 0.000000
0.333532 0.180948 0.168878 0.000000
0.353182 0.256698 0.101823 0.000000
0.283224 -0.939492 0.223906 0.000000
0.349182 -0.887159 0.217670 1.000000
0.403249 0.325857 0.160722 0.000000
0.612149 -0.163532 0.106137 0.000000
0.346693 0.398817 0.154544 0.000000
0.331850 -0.860932 0.203826 0.000000
0.334973 -0.836488 0.215777 0.000000
0.364648 -0.530826 0.289584 0.000000
0.398768 -0.962113 0.213555 1.000000
0.541280 -1.214842 0.136657 1.000000
0.397685 0.082370 0.229036 0.000000
0.374418 -0.048370 0.267415 0.000000
0.327479 0.130837 0.172010 0.000000
0.272159 -1.054492 0.252017 0.000000
0.400580 0.131327 0.220862 0.000000
0.397516 -0.956544 0.174639 1.000000
0.499757 -0.263128 -0.070525 0.000000
0.432762 -0.976622 0.578742 0.000000
0.246799 -1.135974 0.248567 0.000000
0.324455 0.127765 0.243654 0.000000
0.388726 0.297842 0.129880 0.000000
0.445100 -0.009131 0.216301 0.000000
0.391538 0.311681 0.124359 0.000000
0.343049 0.356916 0.156800 0.000000
0.442588 0.013535 0.087155 0.000000
0.357348 -0.494596 0.264770 0.000000
0.294577 -1.055123 0.224607 0.000000
0.335506 -0.815353 0.204621 0.000000
0.225194 -0.124446 0.395022 0.000000
0.281828 -1.004601 0.266524 0.000000
0.325497 -0.321641 0.195294 0.000000
0.300114 -0.010822 0.177092 0.000000
0.321696 -0.189966 0.191209 0.000000
0.314678 -0.913429 0.214052 0.000000
0.331784 -0.588636 0.197617 0.000000
0.501565 -1.125207 0.162943 1.000000
0.270781 0.014121 0.313516 0.000000
0.391486 0.398656 0.152177 0.000000
0.340134 0.194942 0.214727 0.000000
0.188914 -0.221621 0.509200 0.000000
0.380962 -0.881663 0.451357 0.000000
0.521243 -0.123737 0.148351 0.000000
0.198416 -0.176303 0.446891 0.000000
0.419057 -0.998714 0.198562 1.000000
0.376340 0.416987 0.117607 0.000000
0.294753 -1.128136 0.223354 0.000000
0.335888 -0.452097 0.186446 0.000000
0.436740 0.044296 0.192124 0.000000
0.398610 0.098013 0.229603 0.000000
0.442533 0.055652 0.180916 0.000000
0.331286 0.110871 0.175002 0.000000
0.322426 -0.306568 0.203660 0.000000
0.240230 -0.174901 -0.016629 0.000000
0.327916 -0.369447 0.187061 0.000000
0.335739 -0.448170 0.201130 0.000000
0.335520 0.141480 0.171794 0.000000
0.316360 -0.969941 0.204813 0.000000
0.299111 -0.019842 0.050599 0.000000
0.294936 -0.973467 0.235951 0.000000
0.333048 0.267573 0.100040 0.000000
0.336503 -0.786560 0.200429 0.000000
0.338633 -0.300341 0.196809 0.000000
0.091467 -0.363503 0.170253 0.000000
0.396403 -0.961578 0.181161 1.000000
0.440851 0.041175 0.178387 0.000000
0.400100 0.173402 0.083089 0.000000
0.564855 -0.137257 0.112082 0.000000
0.343786 -0.607377 0.196216 0.000000
0.404004 0.334644 0.157829 0.000000
0.002346 -0.467417 0.151888 0.000000
0.334998 -0.837769 0.208175 0.000000
0.037890 -0.435256 0.155100 0.000000
0.301256 -0.995322 0.216489 0.000000
0.385304 -0.944031 0.184805 1.000000
0.462857 0.043842 0.141069 0.000000
0.257090 -0.159365 -0.000620 0.000000
0.337349 -0.818214 0.216733 0.000000
0.432146 0.082064 0.193932 0.000000
0.407463 0.001633 0.281787 0.000000
0.346010 -0.636057 0.205190 0.000000
0.426573 0.140432 0.127067 0.000000
0.254437 -0.095388 0.146090 0.000000
0.399429 0.153966 0.221558 0.000000
0.176480 -0.269852 0.568427 0.000000
0.204838 -0.222737 0.171460 0.000000
0.337175 -0.401120 0.243543 0.000000
0.345638 0.275041 0.190391 0.000000
0.339470 -0.773136 0.211463 0.000000
0.571011 -1.230122 0.135816 1.000000
0.323652 -0.907176 0.223819 0.000000
0.273014 -1.066395 0.256755 0.000000
0.372902 -0.646014 0.330755 0.000000
0.592349 -0.152546 0.109591 0.000000
0.336803 -0.310327 0.184930 0.000000
0.295096 -1.066849 0.240448 0.000000
0.386369 0.305360 0.126683 0.000000
0.438560 0.030681 0.194907 0.000000
0.384647 0.294291 0.119920 0.000000
0.335420 0.148179 0.128504 0.000000
0.248668 -0.060165 0.357190 0.000000
0.310103 0.015688 0.177467 0.000000
0.444260 0.153006 0.127340 0.000000
0.317381 -0.872455 0.212388 0.000000
0.522366 -0.153226 0.145910 0.000000
0.547448 -1.204346 0.143923 1.000000
0.291864 0.072721 0.267760 0.000000
0.507773 -0.160753 0.011052 0.000000
0.377144 -0.892822 0.460910 0.000000
0.318262 0.052006 0.179807 0.000000
0.299047 -0.015971 0.164963 0.000000
0.323174 -0.196060 0.184785 0.000000
0.323566 -0.384378 0.189702 0.000000
0.329998 -0.567123 0.205823 0.000000
0.333322 0.213274 0.105253 0.000000
0.340950 -0.685877 0.197244 0.000000
0.529464 -0.168614 0.159106 0.000000
0.473437 -1.080370 0.172879 1.000000
0.327048 -0.063640 0.179049 0.000000
0.266007 -1.084664 0.240162 0.000000
0.343178 0.204757 0.087364 0.000000
0.273615 -1.009328 0.241145 0.000000
0.438808 0.071084 0.084471 0.000000
0.294267 -1.063738 0.211779 0.000000
0.346267 -0.331366 0.207540 0.000000
0.296774 -0.985958 0.230504 0.000000
0.426022 0.094298 0.088975 0.000000
0.079015 -0.387405 0.167232 0.000000
0.439335 0.085198 0.176356 0.000000
0.372032 0.482482 0.145868 0.000000
0.360623 -0.543962 0.276307 0.000000
0.341669 0.241360 0.199416 0.000000
0.508973 -0.171503 0.001619 0.000000
-0.020727 -0.488528 0.145414 0.000000
0.170270 -0.241135 0.157253 0.000000
0.342995 -0.583192 0.195949 0.000000
0.422991 -0.983302 0.595570 0.000000
0.185824 -0.249184 0.553309 0.000000
0.099508 -0.355808 0.171883 0.000000
0.614281 -1.321160 0.114483 1.000000
0.326792 0.092663 0.170567 0.000000
0.327612 -1.167249 0.248346 0.000000
0.367047 -0.499978 0.285105 0.000000
0.306865 -0.998499 0.235779 0.000000
0.328665 -0.548187 0.200818 0.000000
0.344033 -0.319004 0.200609 0.000000
0.460339 -1.053086 0.181177 1.000000
0.488333 -1.122767 0.161637 1.000000
0.352762 -0.893265 0.189385 1.000000
0.286417 0.029380 0.304551 0.000000
0.304860 -1.068920 0.234227 0.000000
0.171647 -0.212979 -0.038824 0.000000
0.382170 -0.619265 0.329624 0.000000
0.377086 -0.938808 0.220860 1.000000
0.356903 -0.506002 0.286594 0.000000
-0.012776 -0.468884 0.166763 0.000000
0.433407 -0.984776 0.602674 0.000000
0.226571 -0.183663 0.168870 0.000000
0.321671 0.108859 0.258007 0.000000
0.159100 -0.245017 0.156338 0.000000
0.355946 -0.532811 0.278329 0.000000
0.336345 -0.287893 0.187935 0.000000
0.349094 0.380955 0.123760 0.000000
0.350550 0.118028 0.145838 0.000000
0.022254 -0.430549 0.169347 0.000000
0.370792 -0.926044 0.181030 1.000000
0.362686 -0.581946 0.296203 0.000000
0.370154 0.416978 0.123390 0.000000
0.328738 -0.180743 0.187793 0.000000
0.360476 -0.633189 0.312874 0.000000
0.379339 -0.031360 -0.019687 0.000000
0.403533 0.264449 0.124322 0.000000
0.469527 0.038357 0.138978 0.000000
0.394171 -0.956867 0.188828 1.000000
0.347197 0.232204 0.093526 0.000000
0.496606 -0.039559 0.155023 0.000000
0.339573 -0.821251 0.224435 0.000000
0.367773 -0.544908 0.287981 0.000000
0.325189 0.059326 0.175889 0.000000
0.410131 0.150311 0.102873 0.000000
0.374281 0.451321 0.139735 0.000000
0.377211 -0.613397 0.323319 0.000000
0.476384 -1.074826 0.183118 1.000000
0.381868 0.364074 0.148938 0.000000
0.347603 0.201112 0.095606 0.000000
-0.063266 -0.528269 0.133799 0.000000
0.334189 -0.674451 0.203755 0.000000
0.474717 -0.018232 0.112443 0.000000
0.551734 -1.245669 0.131435 1.000000
0.190384 -0.172614 0.453630 0.000000
0.273341 -0.064572 0.148534 0.000000
0.312228 0.130657 0.226975 0.000000
0.326002 -0.706499 0.210430 0.000000
0.330326 -0.816248 0.213254 0.000000
0.345800 0.370458 0.161347 0.000000
0.291770 -1.091786 0.242118 0.000000
0.308326 -0.891585 0.234118 0.000000
0.508527 -0.184228 0.004666 0.000000
0.350318 0.402094 0.131749 0.000000
0.293793 -1.134764 0.212173 0.000000
0.489035 0.004906 0.128711 0.000000
0.339310 -0.862049 0.204059 0.000000
0.387850 0.387548 0.127069 0.000000
0.304306 -0.941093 0.229254 0.000000
0.328666 -0.481510 0.187912 0.000000
0.430446 -1.006410 0.213409 1.000000
0.373912 -0.929241 0.193673 1.000000
0.369755 -0.604448 0.311390 0.000000
0.427331 0.145974 0.175557 0.000000
0.449131 0.061165 0.124788 0.000000
0.449528 0.105466 0.132702 0.000000
0.377712 -0.568563 0.311144 0.000000
0.212884 -0.096529 0.388570 0.000000
0.407348 -0.179330 0.284454 0.000000
0.431221 0.063458 0.080544 0.000000
0.375841 -0.615559 0.330159 0.000000
0.330731 -0.422754 0.202780 0.000000
0.346950 -0.893326 0.208139 1.000000
0.456874 0.074341 0.136368 0.000000
0.160274 -0.272858 0.165398 0.000000
0.349929 -0.439463 0.262782 0.000000
0.392285 -0.906970 0.468133 0.000000
0.332743 -0.918310 0.219961 0.000000
0.373126 -0.632291 0.333331 0.000000
0.341328 -0.846893 0.205730 0.000000
0.292765 -0.059662 0.045004 0.000000
0.517030 -0.100553 0.154972 0.000000
0.364845 -0.078821 0.295605 0.000000
0.350294 0.245817 0.100734 0.000000
0.342484 -0.389464 0.239731 0.000000
0.377761 -0.817731 0.409084 0.000000
0.337772 0.214381 0.223459 0.000000
0.332139 0.256156 0.101544 0.000000
0.325383 -0.141879 0.182113 0.000000
0.507748 -0.258923 -0.059622 0.000000
0.345154 -0.737780 0.208574 0.000000
0.223295 -0.178309 0.157661 0.000000
0.394640 0.111244 0.053347 0.000000
0.337901 0.209239 0.096402 0.000000
0.394027 0.061730 0.029218 0.000000
0.397584 -0.877298 0.449211 0.000000
0.325185 -0.874753 0.213143 0.000000
0.330650 -0.161779 0.195800 0.000000
0.396996 0.378072 0.146800 0.000000
0.106338 -0.344700 0.170994 0.000000
0.330766 0.102931 0.074997 0.000000
-0.001481 -0.464175 0.160652 0.000000
0.443816 -1.037531 0.175960 1.000000
0.335401 -0.467001 0.201535 0.000000
0.324341 0.136053 0.234333 0.000000
0.337088 0.257175 0.166018 0.000000
0.335654 -0.437933 0.186680 0.000000
0.335021 0.118544 0.153801 0.000000
0.350371 0.482269 0.147789 0.000000
0.284827 -0.041331 0.150142 0.000000
0.297126 -1.074007 0.205891 0.000000
0.382460 -0.711167 0.361703 0.000000
0.331243 -0.561138 0.197252 0.000000
0.337081 -0.348424 0.223366 0.000000
0.324542 -0.010346 0.174121 0.000000
0.188406 -0.206994 0.490459 0.000000
0.222345 -0.096681 0.381678 0.000000
0.331235 0.131718 0.259105 0.000000
0.342227 -0.476918 0.198248 0.000000
0.332217 -0.443420 0.192019 0.000000
0.439248 -0.038480 0.215985 0.000000
0.344464 0.313302 0.161172 0.000000
0.257967 -0.018947 0.334703 0.000000
0.404091 0.287729 0.161477 0.000000
0.468249 0.095596 0.127184 0.000000
0.341853 0.245262 0.160056 0.000000
0.357160 -0.624218 0.312922 0.000000
0.357068 0.087151 0.172145 0.000000
0.338016 -0.791491 0.211030 0.000000
0.333556 0.184804 0.111081 0.000000
-0.079298 -0.547970 0.139846 0.000000
0.454086 0.118778 0.133758 0.000000
0.392696 -0.710913 0.365553 0.000000
0.355966 -0.522454 0.264115 0.000000
0.178010 -0.267864 0.167894 0.000000
0.279543 -1.066174 0.253300 0.000000
0.385940 0.437693 0.145421 0.000000
0.328164 -0.720730 0.205856 0.000000
0.495607 -1.132630 0.158711 1.000000
0.358738 -0.507184 0.273566 0.000000
0.306058 0.045357 0.060106 0.000000
0.338807 -0.506510 0.183485 0.000000
0.068577 -0.405405 0.162580 0.000000
0.338215 0.176535 0.220327 0.000000
0.330431 -0.897935 0.213495 0.000000
0.525305 -0.157576 0.151366 0.000000
0.304179 -0.926723 0.233679 0.000000
0.339953 -0.329523 0.210105 0.000000
0.391542 -0.894165 0.463938 0.000000
0.387847 0.401570 0.127722 0.000000
0.330353 0.261269 0.165088 0.000000
0.331455 -0.867018 0.211126 0.000000
0.128221 -0.293622 0.167482 0.000000
0.324062 -0.518665 0.188373 0.000000
0.319373 0.114847 0.249076 0.000000
0.324614 -0.059872 0.188346 0.000000
0.341096 0.159949 0.086968 0.000000
0.331388 -0.498808 0.184488 0.000000
0.232094 -0.046560 0.355210 0.000000
0.313568 -0.918231 0.234254 0.000000
0.357273 -0.592085 0.289997 0.000000
0.584800 -1.292407 0.119385 1.000000
0.338334 -0.643499 0.200932 0.000000
0.512162 -0.162962 0.150766 0.000000
0.294433 -1.072328 0.230261 0.000000
0.338445 -0.608735 0.205671 0.000000
0.416238 -0.959583 0.563630 0.000000
0.331436 -0.487851 0.200649 0.000000
0.422073 -0.138939 0.255709 0.000000
0.421306 -0.969111 0.559070 0.000000
0.376613 -0.655818 0.343510 0.000000
0.343469 0.287469 0.164419 0.000000
0.279888 0.031260 0.301215 0.000000
0.446302 -1.043852 0.176643 1.000000
0.342467 0.402708 0.134652 0.000000
0.009653 -0.443098 0.169405 0.000000
0.437821 0.110339 0.170322 0.000000
0.438630 0.040652 0.199352 0.000000
0.430500 0.139972 0.174887 0.000000
0.425886 0.077318 0.091969 0.000000
0.347213 -0.421351 0.241537 0.000000
0.385738 0.027601 0.258706 0.000000
0.311678 -0.907175 0.218072 0.000000
0.430110 0.067731 0.090389 0.000000
0.030353 -0.421392 0.169287 0.000000
0.346799 0.376059 0.167193 0.000000
-0.023940 -0.490522 0.156392 0.000000
0.346537 0.241366 0.191559 0.000000
0.364142 -0.528671 0.258895 0.000000
0.482416 -0.029206 0.115216 0.000000
0.391879 -0.931069 0.511322 0.000000
0.394163 0.274860 0.164005 0.000000
0.336317 -0.415971 0.199742 0.000000
0.517097 -1.142740 0.161699 1.000000
0.341479 -0.712264 0.199278 0.000000
0.322130 -1.081890 0.240261 0.000000
0.405444 0.315801 0.160774 0.000000
0.412468 0.162247 0.098033 0.000000
0.292847 -0.079020 0.034900 0.000000
0.331226 -0.363802 0.199978 0.000000
0.396240 0.211855 0.212431 0.000000
0.410055 0.004147 0.302753 0.000000
0.523996 -0.241646 0.173046 0.000000
0.295469 -0.021257 0.169681 0.000000
0.292785 -0.920019 0.237816 0.000000
0.371461 -0.047434 0.276230 0.000000
0.275374 -1.031450 0.266666 0.000000
0.371336 0.048135 0.222190 0.000000
0.220702 -0.068121 0.365826 0.000000
0.387405 -0.637535 0.337425 0.000000
0.308066 -1.092478 0.224888 0.000000
0.277440 -1.049564 0.251544 0.000000
0.394348 0.140098 0.066636 0.000000
0.294715 -0.948578 0.239575 0.000000
0.484732 -1.099342 0.168386 1.000000
0.453215 0.127495 0.127695 0.000000
0.442997 -0.058827 0.226054 0.000000
0.427495 0.133840 0.180278 0.000000
0.293964 -1.143813 0.213011 0.000000
0.389319 -0.951844 0.217283 1.000000
0.392329 0.213931 0.097861 0.000000
0.268502 -1.062685 0.272620 0.000000
0.480377 0.010048 0.137064 0.000000
0.433172 -0.008913 0.327109 0.000000
0.389397 -0.851331 0.431060 0.000000
0.333767 -0.051706 0.181083 0.000000
0.303398 -1.045259 0.222533 0.000000
0.243954 -0.032040 0.343271 0.000000
0.232213 -0.175797 0.166550 0.000000
0.618767 -0.165589 0.103775 0.000000
0.370101 -0.524600 0.302620 0.000000
0.297191 -1.047709 0.205924 0.000000
0.353851 -0.452960 0.267395 0.000000
0.337665 -0.545974 0.189347 0.000000
-0.044665 -0.509962 0.139150 0.000000
0.333979 -0.731858 0.206848 0.000000
0.376766 0.449222 0.129151 0.000000
0.401321 0.233704 0.169551 0.000000
0.507529 -0.208510 -0.020538 0.000000
0.296206 -1.139018 0.229561 0.000000
0.329779 0.243172 0.101994 0.000000
0.427087 0.095053 0.192410 0.000000
0.332904 -0.527489 0.195467 0.000000
0.332721 -0.602299 0.202034 0.000000
0.322945 -0.014583 0.179471 0.000000
0.342710 0.464914 0.146820 0.000000
0.424100 -0.970311 0.572149 0.000000
0.210446 -0.184052 0.148445 0.000000
0.257449 -0.155901 -0.013339 0.000000
0.403923 -0.970434 0.205205 1.000000
0.307540 -0.898927 0.232000 0.000000
0.426704 -1.012145 0.187499 1.000000
0.326634 0.261445 0.110756 0.000000
-0.024310 -0.496054 0.139344 0.000000
0.398750 0.155835 0.076342 0.000000
0.331912 -0.498688 0.198944 0.000000
0.430964 -0.113285 0.238661 0.000000
0.227003 -0.084637 0.376941 0.000000
0.378665 0.395018 0.151891 0.000000
0.370370 0.348707 0.115121 0.000000
0.286961 -1.007483 0.254342 0.000000
0.304575 -0.935355 0.234607 0.000000
0.394263 0.214757 0.090734 0.000000
0.448886 -1.034809 0.190370 1.000000
0.337007 0.240272 0.215209 0.000000
0.441086 0.009217 0.203043 0.000000
0.444676 0.042860 0.183646 0.000000
0.370159 -0.569418 0.314041 0.000000
0.431885 0.072212 0.082030 0.000000
0.117931 -0.329705 0.171257 0.000000
0.338494 0.278055 0.163861 0.000000
0.524399 -1.163111 0.155119 1.000000
0.465629 -1.071596 0.169336 1.000000
0.328827 -0.351845 0.228443 0.000000
0.272137 -1.040013 0.261847 0.000000
0.338641 -0.298998 0.187724 0.000000
0.469334 -0.094952 0.053071 0.000000
0.387461 0.285822 0.157271 0.000000
0.462960 0.107863 0.125796 0.000000
0.372757 0.463381 0.150087 0.000000
0.425374 -0.978054 0.592145 0.000000
0.320394 0.090800 0.169853 0.000000
0.439066 -0.009130 0.066694 0.000000
0.306447 -1.003725 0.227440 0.000000
0.300516 -0.008602 0.169772 0.000000
0.359238 -0.474873 0.251945 0.000000
0.336971 -0.718960 0.213303 0.000000
0.321456 0.035956 0.160952 0.000000
0.295224 -0.019260 0.160213 0.000000
0.367936 -0.512245 0.298006 0.000000
0.205313 -0.219047 0.163267 0.000000
0.333991 -0.427380 0.196521 0.000000
0.328135 0.135992 0.078362 0.000000
0.269048 -0.016775 0.332221 0.000000
0.189009 -0.237858 0.527440 0.000000
0.344735 0.235132 0.105286 0.000000
0.371546 -0.720137 0.364794 0.000000
0.329774 -0.170208 0.180239 0.000000
0.332028 0.159656 0.122845 0.000000
0.329580 0.134555 0.248785 0.000000
0.436950 0.161460 0.129702 0.000000
0.302629 -1.016482 0.235598 0.000000
0.331116 -0.634898 0.197503 0.000000
0.075203 -0.365631 0.175387 0.000000
0.546194 -1.197210 0.147839 1.000000
0.277930 -0.049525 0.142455 0.000000
0.300413 -1.006732 0.215727 0.000000
0.399582 0.222833 0.098699 0.000000
0.194454 -0.228244 0.161669 0.000000
0.346529 0.336816 0.157045 0.000000
0.426116 0.190251 0.127438 0.000000
0.421346 -0.999978 0.190794 1.000000
0.293576 0.066339 0.276569 0.000000
0.308938 -0.923833 0.224744 0.000000
0.366498 0.459101 0.120796 0.000000
0.432445 -0.987928 0.594979 0.000000
0.419566 0.131107 0.093946 0.000000
0.239165 -0.073131 0.362570 0.000000
0.255314 -0.108462 0.160944 0.000000
0.433765 -1.026532 0.185650 1.000000
0.127362 -0.227162 -0.050337 0.000000
0.235861 -0.023542 0.340328 0.000000
0.299696 -0.013848 0.053466 0.000000
0.364451 -0.507176 0.285982 0.000000
0.352394 -0.691220 0.338875 0.000000
0.026606 -0.440080 0.163452 0.000000
0.350421 0.403950 0.163158 0.000000
0.463289 -0.061053 0.193724 0.000000
0.405073 -0.956563 0.554858 0.000000
0.494557 -0.046640 0.112257 0.000000
0.383019 0.286955 0.123846 0.000000
0.334562 -0.488137 0.190837 0.000000
