0.430485 -1.006374 0.184916 1.000000
0.347272 0.488805 0.151575 0.000000
0.174224 -0.266940 0.575480 0.000000
0.501899 -0.276349 -0.072827 0.000000
-0.136434 -0.597674 0.126317 0.000000
0.593409 -0.053724 0.450414 0.000000
0.360188 -0.565968 0.284043 0.000000
0.071320 -0.247117 -0.047532 0.000000
0.444095 -0.982157 0.613156 0.000000
0.316877 0.076686 0.066114 0.000000
0.629383 -1.349613 0.116922 1.000000
0.328538 -0.249595 0.203942 0.000000
0.240007 -0.009048 0.332945 0.000000
0.044006 -0.400208 0.175139 0.000000
0.377761 -0.817731 0.409084 0.000000
0.526596 -0.100758 0.121343 0.000000
0.394855 0.258816 0.201616 0.000000
0.265428 -1.138626 0.287295 0.000000
0.270183 -0.140155 0.008032 0.000000
0.327045 -0.768738 0.201730 0.000000
0.522868 -1.180512 0.143598 1.000000
0.440367 -0.012501 0.321176 0.000000
0.519306 -0.279194 0.193136 0.000000
0.328204 -0.066342 0.182246 0.000000
0.205953 -0.162324 0.428417 0.000000
0.153029 -0.248406 0.156911 0.000000
0.267545 -0.969169 0.240315 0.000000
0.324519 -0.422943 0.185098 0.000000
0.314865 0.113425 0.242978 0.000000
0.471684 0.059864 0.131921 0.000000
0.662060 -0.177504 0.084250 0.000000
0.378592 -0.034321 -0.021274 0.000000
0.418286 -0.148724 0.261722 0.000000
0.358594 -0.697339 0.335671 0.000000
0.326228 0.353570 0.120772 0.000000
0.396523 -0.927696 0.493421 0.000000
0.395278 0.190288 0.079991 0.000000
-0.037810 -0.504243 0.141088 0.000000
0.507828 -0.168909 0.007327 0.000000
0.355421 -0.896419 0.177006 1.000000
0.231638 -0.146128 0.144001 0.000000
0.338763 -0.645194 0.191532 0.000000
0.183205 -0.207609 -0.036861 0.000000
0.415375 0.144999 0.190644 0.000000
0.458959 -0.038287 0.189180 0.000000
0.450918 -0.034648 0.065881 0.000000
0.293528 -0.037662 0.049951 0.000000
0.390166 0.033140 0.235184 0.000000
0.297473 -1.071040 0.207676 0.000000
0.328935 -0.531758 0.186817 0.000000
0.326445 0.186966 0.161525 0.000000
0.356097 -0.464428 0.273335 0.000000
0.310824 0.036581 0.171088 0.000000
0.483373 -1.092090 0.173261 1.000000
0.527920 -0.206032 0.123904 0.000000
0.579311 -1.262347 0.126200 1.000000
0.364944 -0.070578 0.292247 0.000000
0.119076 -0.337766 0.169006 0.000000
0.402215 0.062224 0.024287 0.000000
0.516387 -0.033312 0.397712 0.000000
0.329807 0.259759 0.101039 0.000000
0.328723 -0.158982 0.181486 0.000000
0.327648 -0.339179 0.224477 0.000000
0.228634 -0.088415 0.377768 0.000000
0.192444 -0.221712 0.497734 0.000000
0.403811 0.307377 0.125190 0.000000
0.393584 0.409693 0.140852 0.000000
0.296718 0.046579 0.296520 0.000000
0.419924 0.108789 0.090596 0.000000
0.298256 -0.889011 0.235492 0.000000
0.347798 0.107882 0.155155 0.000000
0.397444 -0.210585 0.310955 0.000000
0.387976 -0.948325 0.228763 1.000000
0.324731 -1.163246 0.239576 0.000000
0.594321 -0.147033 0.113504 0.000000
0.480645 -0.107309 0.050132 0.000000
0.386205 -0.622780 0.332614 0.000000
0.485230 -0.120656 0.181382 0.000000
0.337374 0.188643 0.236249 0.000000
0.330843 0.151008 0.077442 0.000000
0.333023 0.290805 0.169504 0.000000
0.268458 -1.043976 0.270434 0.000000
0.420974 0.235346 0.131351 0.000000
0.432472 0.074817 0.193528 0.000000
0.389730 0.473739 0.095682 0.000000
0.329859 -0.998557 0.221952 0.000000
0.401608 -0.873725 0.447533 0.000000
0.445690 0.166778 0.123800 0.000000
0.405805 -0.957574 0.559047 0.000000
0.261041 -0.092019 0.178648 0.000000
0.498138 -0.028003 0.131327 0.000000
0.427196 -0.086000 0.229862 0.000000
0.342851 -0.834228 0.220060 0.000000
0.001664 -0.455645 0.171726 0.000000
0.435891 0.032138 0.078941 0.000000
0.211107 -0.209693 0.162115 0.000000
-0.086140 -0.550642 0.125578 0.000000
0.340472 -0.400447 0.252427 0.000000
0.508895 -0.220698 -0.035604 0.000000
0.338531 -0.706430 0.213665 0.000000
0.293453 -0.023146 0.151732 0.000000
0.236545 -1.103239 0.244578 0.000000
0.394936 0.353590 0.168050 0.000000
0.388866 -0.734837 0.374235 0.000000
0.379973 -0.024742 0.254006 0.000000
0.323059 0.016106 0.054512 0.000000
0.402940 -0.954383 0.168141 1.000000
0.531236 -0.159725 0.163417 0.000000
0.399203 0.199327 0.212832 0.000000
0.335515 0.244354 0.213023 0.000000
0.234097 -0.179771 -0.020270 0.000000
0.355404 0.068737 0.201424 0.000000
0.443032 0.014739 0.212501 0.000000
0.397327 0.104655 0.231704 0.000000
0.337527 -0.587503 0.207280 0.000000
0.127352 -0.226829 -0.045093 0.000000
0.318679 -0.940720 0.213648 0.000000
0.296579 -0.088663 0.020629 0.000000
0.343147 0.391327 0.163927 0.000000
0.342357 0.203248 0.102843 0.000000
0.342227 -0.476918 0.198248 0.000000
0.397336 0.013669 0.292572 0.000000
0.368794 -0.512706 0.297220 0.000000
0.464089 0.114237 0.123385 0.000000
0.474001 -0.020049 0.364233 0.000000
0.387013 0.011461 0.009258 0.000000
0.291005 -1.110578 0.245707 0.000000
0.342616 0.412141 0.113788 0.000000
0.532216 -0.231399 0.171559 0.000000
0.353568 -0.903639 0.230040 1.000000
0.338327 -0.300787 0.189382 0.000000
0.517327 -1.133434 0.166976 1.000000
0.387530 0.139688 0.063112 0.000000
0.338251 0.237528 0.157658 0.000000
0.258214 -0.053775 0.352367 0.000000
0.335754 -0.372320 0.185223 0.000000
0.466515 0.009148 0.113739 0.000000
0.544586 -1.225714 0.133990 1.000000
0.396524 0.303360 0.176835 0.000000
0.341011 0.309487 0.099464 0.000000
0.609911 -1.301648 0.115463 1.000000
0.375932 0.364075 0.120125 0.000000
0.334708 0.148904 0.128700 0.000000
0.506339 -0.075043 0.159286 0.000000
0.197544 -0.113446 0.407978 0.000000
0.454360 -1.049710 0.177769 1.000000
0.090467 -0.378456 0.166500 0.000000
0.353820 0.438827 0.154672 0.000000
0.145391 -0.295791 0.167191 0.000000
0.344504 0.339731 0.163726 0.000000
0.420640 0.204338 0.168597 0.000000
0.284633 0.005386 0.318849 0.000000
0.185445 -0.179079 0.468395 0.000000
0.398694 -0.776743 0.396385 0.000000
0.554287 -0.043810 0.424578 0.000000
0.359073 -0.438128 0.230202 0.000000
0.328164 -0.016004 0.182637 0.000000
0.333575 -0.206541 0.185886 0.000000
0.295870 -1.027893 0.234835 0.000000
0.328599 -0.113352 0.190647 0.000000
0.189411 -0.237948 0.541238 0.000000
0.273609 -1.088589 0.282540 0.000000
0.327791 0.142655 0.177332 0.000000
0.367708 -0.073195 -0.042501 0.000000
0.403319 0.185945 0.124321 0.000000
0.293964 -1.143813 0.213011 0.000000
0.390090 0.265122 0.117632 0.000000
0.273508 -0.063939 0.145778 0.000000
0.315073 0.084421 0.277317 0.000000
0.491758 -0.065661 0.108760 0.000000
0.360751 -0.522797 0.255014 0.000000
0.390429 0.097839 0.047413 0.000000
0.328826 -0.874454 0.204101 0.000000
0.414153 0.154274 0.096237 0.000000
0.470098 -0.080143 0.185550 0.000000
0.357924 -0.648004 0.311368 0.000000
0.286309 -1.004489 0.272033 0.000000
0.395041 -0.693775 0.362161 0.000000
0.435645 0.080802 0.121218 0.000000
0.253650 -0.108688 0.139675 0.000000
0.345381 0.204051 0.196141 0.000000
0.437821 0.110339 0.170322 0.000000
0.384465 0.468002 0.148476 0.000000
0.358354 -0.605928 0.298563 0.000000
0.373135 -0.934941 0.191096 1.000000
0.397958 0.229894 0.095520 0.000000
0.322130 -1.081890 0.240261 0.000000
0.323035 0.079125 0.173626 0.000000
0.268666 -1.070248 0.238429 0.000000
0.557584 -0.128260 0.115923 0.000000
0.397650 0.146823 0.227840 0.000000
0.036337 -0.438214 0.158330 0.000000
0.408242 0.266497 0.163407 0.000000
0.370311 0.443884 0.117577 0.000000
0.287081 -0.928196 0.236107 0.000000
0.334615 0.149354 0.246503 0.000000
0.442587 0.038360 0.178979 0.000000
0.352509 -0.376723 0.221802 0.000000
0.436523 0.072578 0.079997 0.000000
0.406525 -0.183925 0.281997 0.000000
0.522436 -0.120653 0.158222 0.000000
0.457054 -0.073298 0.055906 0.000000
0.380911 -0.662103 0.341504 0.000000
0.495817 -0.140137 0.032809 0.000000
0.627287 -0.167270 0.101390 0.000000
0.377255 -0.896934 0.469065 0.000000
0.256687 -1.022300 0.239277 0.000000
0.440361 -0.048860 0.222582 0.000000
0.426584 -0.986530 0.578046 0.000000
0.205533 -0.176899 0.140873 0.000000
0.362379 -0.787228 0.388072 0.000000
-0.007318 -0.480558 0.143461 0.000000
0.251909 -0.129046 0.172995 0.000000
0.304397 -0.968547 0.251161 0.000000
0.383837 -0.565239 0.314208 0.000000
0.425736 0.126998 0.123801 0.000000
0.461427 0.023944 0.149039 0.000000
0.423901 -0.994482 0.220409 1.000000
0.328208 0.113226 0.075000 0.000000
0.184822 -0.265250 0.168301 0.000000
0.262398 0.029964 0.300834 0.000000
0.408354 -0.949101 0.521495 0.000000
0.303189 -0.974825 0.211656 0.000000
0.236753 -0.169141 0.172624 0.000000
0.528410 -0.196446 0.159932 0.000000
0.495780 -0.150211 0.159920 0.000000
0.330653 0.162190 0.211483 0.000000
0.431204 0.168401 0.167057 0.000000
0.395961 0.232783 0.170871 0.000000
0.324234 -1.125615 0.243262 0.000000
0.395342 0.068084 0.227178 0.000000
0.383806 -0.848845 0.428188 0.000000
0.328853 -0.804899 0.204269 0.000000
-0.065090 -0.527150 0.146220 0.000000
0.309940 -0.853609 0.226310 0.000000
0.178503 -0.218813 0.150575 0.000000
0.347974 0.261307 0.183045 0.000000
0.360596 -0.482331 0.242740 0.000000
0.307734 -0.904127 0.204560 0.000000
0.430249 -0.117943 0.248179 0.000000
0.329717 -0.335147 0.185283 0.000000
0.400404 -0.968512 0.200611 1.000000
0.358525 -0.736385 0.356020 0.000000
0.299275 -1.010473 0.204389 0.000000
0.359258 0.280652 0.110596 0.000000
0.369600 0.487843 0.120866 0.000000
0.441975 -0.000788 0.067169 0.000000
0.320937 -0.016682 0.042480 0.000000
0.449687 -0.001056 0.182053 0.000000
0.376133 0.329538 0.122271 0.000000
0.554842 -1.193686 0.144602 1.000000
0.246799 -1.135974 0.248567 0.000000
0.220326 -0.057447 0.364975 0.000000
0.285415 0.071920 0.265065 0.000000
-0.110874 -0.574601 0.125218 0.000000
0.293159 -0.026472 0.185938 0.000000
0.326232 -0.675970 0.203748 0.000000
0.346555 -0.432588 0.262562 0.000000
0.342161 -0.740455 0.213861 0.000000
0.349562 0.235437 0.087505 0.000000
0.325127 -1.044396 0.228901 0.000000
0.478511 -0.006225 0.148622 0.000000
0.572434 -1.295289 0.122145 1.000000
0.488237 -1.120982 0.154944 1.000000
0.412441 0.466624 0.119719 0.000000
0.510464 -0.195965 -0.012630 0.000000
0.086573 -0.342391 0.176660 0.000000
0.306058 0.045357 0.060106 0.000000
0.504775 -0.246837 -0.056880 0.000000
0.447947 0.042958 0.115341 0.000000
0.344393 0.381118 0.126171 0.000000
0.226231 -0.123765 0.394491 0.000000
0.432887 0.201289 0.124636 0.000000
0.373156 0.397834 0.117536 0.000000
0.308620 0.004910 0.161680 0.000000
0.481367 -1.061993 0.192172 1.000000
0.112751 -0.305596 0.172050 0.000000
0.442175 -0.017842 0.210565 0.000000
0.451590 -1.028918 0.202438 1.000000
0.396996 0.378072 0.146800 0.000000
0.354695 -0.333998 0.205703 0.000000
0.295359 -1.103060 0.210926 0.000000
0.294085 -1.055066 0.254302 0.000000
0.278599 -0.053462 0.175831 0.000000
0.356563 0.078863 0.170861 0.000000
0.327677 0.177508 0.115258 0.000000
0.390276 0.321045 0.150859 0.000000
0.394833 0.012812 0.259470 0.000000
0.480205 -0.019664 0.106198 0.000000
0.333178 -0.555913 0.207783 0.000000
0.575898 -1.232282 0.136077 1.000000
0.324682 -0.619108 0.202717 0.000000
0.316685 -0.313108 0.210294 0.000000
0.338256 0.183507 0.078578 0.000000
0.281063 -0.117008 0.026333 0.000000
0.328355 0.229975 0.111337 0.000000
0.331336 -0.366003 0.242096 0.000000
0.316471 -0.917713 0.235997 0.000000
0.404000 0.229057 0.202209 0.000000
0.285391 -0.994675 0.240911 0.000000
0.407832 -0.899794 0.463971 0.000000
0.322232 0.112493 0.172544 0.000000
0.336740 -0.506560 0.205583 0.000000
0.336762 -0.446126 0.201666 0.000000
0.366542 0.051219 0.226685 0.000000
0.358564 -0.406604 0.226955 0.000000
0.371098 -0.049603 0.269975 0.000000
0.291292 -0.067686 0.043388 0.000000
0.439390 0.045167 0.208353 0.000000
0.320256 0.289285 0.108249 0.000000
0.418478 -0.007161 0.298355 0.000000
0.254337 -0.160646 -0.008600 0.000000
0.308884 -0.049008 0.026592 0.000000
0.098258 -0.233794 -0.050019 0.000000
0.405465 -0.807989 0.415692 0.000000
0.070998 -0.402270 0.162058 0.000000
0.269048 -0.016775 0.332221 0.000000
0.209431 -0.195631 -0.028446 0.000000
0.386570 0.438199 0.150167 0.000000
0.233359 -0.034121 0.347757 0.000000
0.460019 -1.075789 0.164280 1.000000
0.065237 -0.368931 0.179252 0.000000
0.155584 -0.217936 -0.041840 0.000000
0.299638 -1.040574 0.208267 0.000000
0.495141 -0.047485 0.153495 0.000000
0.265654 -1.114603 0.269935 0.000000
0.398913 0.347226 0.128542 0.000000
0.450345 -1.025346 0.161960 1.000000
0.435772 0.139595 0.166566 0.000000
0.509293 -0.174426 0.151609 0.000000
0.551818 -1.253117 0.128373 1.000000
0.494532 -0.034497 0.378401 0.000000
0.337772 0.214381 0.223459 0.000000
0.368269 -0.926328 0.220366 1.000000
0.462030 0.086839 0.132379 0.000000
0.337724 -0.271476 0.187928 0.000000
0.355403 -0.884639 0.207165 1.000000
0.348495 0.233087 0.187697 0.000000
0.353551 0.128713 0.136512 0.000000
0.362027 -0.537497 0.283629 0.000000
0.274871 -1.137745 0.253156 0.000000
0.374210 -0.873051 0.440010 0.000000
0.517346 -0.255040 0.178344 0.000000
0.506868 -0.064062 0.133118 0.000000
0.456392 -0.024554 0.341263 0.000000
0.210437 -0.139443 0.412241 0.000000
0.406530 0.168308 0.211710 0.000000
0.386336 -0.009691 -0.009508 0.000000
0.333912 -0.399791 0.198292 0.000000
0.293955 -1.082374 0.240495 0.000000
0.483010 0.030667 0.132539 0.000000
0.355365 0.252894 0.109569 0.000000
0.372936 -0.591935 0.317645 0.000000
0.387461 0.285822 0.157271 0.000000
0.453611 0.139957 0.122716 0.000000
0.391043 0.037916 0.016856 0.000000
0.327562 0.011441 0.184915 0.000000
0.272988 0.051827 0.283643 0.000000
0.341890 0.312844 0.155678 0.000000
0.300977 0.091305 0.253389 0.000000
-0.025046 -0.480843 0.164270 0.000000
0.375433 -0.715134 0.358975 0.000000
0.349836 -0.457711 0.247600 0.000000
0.299302 -0.004279 0.053565 0.000000
0.359838 -0.501927 0.272448 0.000000
0.017570 -0.455368 0.148936 0.000000
0.336238 0.124541 0.257252 0.000000
0.412809 0.279171 0.121970 0.000000
0.613879 -1.328864 0.109310 1.000000
0.391268 0.165309 0.070689 0.000000
0.200447 -0.184350 0.446725 0.000000
0.405751 0.186978 0.182679 0.000000
0.344613 0.365392 0.155941 0.000000
0.323675 -0.882013 0.231753 0.000000
0.412972 0.198878 0.103157 0.000000
0.515357 -0.096753 0.146840 0.000000
0.521749 -0.142606 0.143293 0.000000
0.333776 0.210780 0.170684 0.000000
0.323673 -0.970216 0.233060 0.000000
0.330709 -0.181166 0.195834 0.000000
0.340055 0.334120 0.109080 0.000000
0.344895 -0.783124 0.214936 0.000000
0.254856 0.009538 0.315857 0.000000
0.362326 -0.911709 0.199163 1.000000
0.327756 0.053945 0.181466 0.000000
0.308109 -0.942984 0.245855 0.000000
0.517718 -1.157719 0.155799 1.000000
0.380169 0.353143 0.145994 0.000000
0.336249 0.282627 0.194252 0.000000
0.346935 0.463241 0.145780 0.000000
0.026374 -0.419528 0.174480 0.000000
0.191142 -0.201968 0.479636 0.000000
0.242596 -0.071190 0.363921 0.000000
0.259535 -0.996882 0.244240 0.000000
0.401755 0.117965 0.061300 0.000000
0.141396 -0.321292 0.169358 0.000000
0.160274 -0.272858 0.165398 0.000000
0.336179 -0.496026 0.181940 0.000000
0.388850 -0.003470 0.240342 0.000000
0.427639 0.103696 0.193083 0.000000
0.262380 -0.088481 0.153148 0.000000
0.207759 -0.096722 0.391246 0.000000
0.341548 -0.859917 0.221463 0.000000
0.221925 -0.185868 0.159873 0.000000
0.339254 0.410799 0.139267 0.000000
0.384041 0.292905 0.117415 0.000000
0.366015 -0.622741 0.316413 0.000000
0.330614 -0.906914 0.215763 0.000000
0.331442 0.264378 0.163830 0.000000
0.334293 -0.040692 0.180682 0.000000
0.267733 -1.070989 0.265051 0.000000
0.419351 -0.962546 0.582792 0.000000
0.190785 -0.142430 0.433196 0.000000
0.481922 -0.043574 0.116612 0.000000
0.319072 -1.017679 0.236671 0.000000
0.339900 -0.604579 0.188585 0.000000
0.508462 -0.084833 0.113602 0.000000
0.302638 -1.057226 0.228272 0.000000
0.408982 0.304386 0.154842 0.000000
0.402379 0.280027 0.190080 0.000000
0.489035 0.004906 0.128711 0.000000
0.191896 -0.235610 0.163584 0.000000
0.134746 -0.273392 0.163272 0.000000
0.479809 -0.082222 0.061609 0.000000
0.250709 -1.053350 0.243086 0.000000
0.326443 0.102669 0.264391 0.000000
0.357565 -0.673537 0.328238 0.000000
0.388804 -0.933635 0.516306 0.000000
0.300641 -1.147017 0.236728 0.000000
0.333380 0.163195 0.162656 0.000000
0.285888 -0.957274 0.228693 0.000000
0.440164 0.105030 0.123540 0.000000
0.334825 -0.231104 0.188464 0.000000
0.417429 0.243183 0.164450 0.000000
0.386634 0.073765 0.039557 0.000000
0.341408 -0.566634 0.187178 0.000000
0.106927 -0.359046 0.167017 0.000000
0.322337 -0.089921 0.185911 0.000000
0.533622 -1.201492 0.135306 1.000000
0.321948 0.203298 0.116257 0.000000
0.362386 0.304998 0.110377 0.000000
0.184124 -0.221194 0.520667 0.000000
0.334344 -0.137048 0.191232 0.000000
0.306687 -0.995257 0.228714 0.000000
0.053484 -0.421221 0.161480 0.000000
0.336924 0.185690 0.211987 0.000000
0.346499 -0.353344 0.218515 0.000000
0.432001 0.053412 0.094254 0.000000
0.323306 0.138457 0.227960 0.000000
0.184882 -0.257022 0.555579 0.000000
0.356341 0.297218 0.171624 0.000000
0.419811 0.150427 0.125206 0.000000
0.425000 0.132939 0.092885 0.000000
0.297444 -1.123937 0.226287 0.000000
0.403031 0.242314 0.116794 0.000000
0.285775 0.027166 0.305881 0.000000
0.593349 -1.281139 0.120834 1.000000
0.431160 -1.028664 0.176162 1.000000
0.342699 0.129769 0.084451 0.000000
-0.065619 -0.536101 0.124150 0.000000
0.348148 -0.684644 0.200297 0.000000
0.285269 -0.115292 0.002982 0.000000
0.325212 -0.831376 0.204377 0.000000
0.195227 -0.199564 0.147630 0.000000
0.386387 -0.796824 0.401819 0.000000
0.379716 0.032616 0.256504 0.000000
0.312883 -1.103605 0.237628 0.000000
0.395111 -0.828680 0.421035 0.000000
0.328304 0.052774 0.063771 0.000000
0.386767 -0.948536 0.204930 1.000000
0.381705 -0.765639 0.384162 0.000000
0.378665 0.395018 0.151891 0.000000
0.401512 0.123287 0.217780 0.000000
0.372335 -0.642323 0.331891 0.000000
0.347213 -0.421351 0.241537 0.000000
0.381837 0.425213 0.127760 0.000000
0.272950 -1.046849 0.246604 0.000000
0.369614 -0.051010 -0.035010 0.000000
0.392289 0.482154 0.120538 0.000000
0.470356 -0.058082 0.193993 0.000000
0.517376 -0.118832 0.135514 0.000000
0.366593 -0.917712 0.176812 1.000000
0.469153 -0.057435 0.067974 0.000000
0.284744 -1.017243 0.252250 0.000000
0.243320 -0.127155 0.150507 0.000000
0.274040 -1.092305 0.247075 0.000000
0.263915 -1.120731 0.241809 0.000000
0.481595 -1.075490 0.155864 1.000000
0.438325 0.087614 0.174254 0.000000
0.500711 -1.112855 0.172545 1.000000
0.259075 -0.108998 0.163343 0.000000
0.393312 -0.909215 0.479877 0.000000
0.270308 -0.073606 0.168645 0.000000
0.285572 -0.044252 0.147681 0.000000
0.359333 -0.579849 0.302207 0.000000
0.424265 0.081658 0.096955 0.000000
0.190837 -0.163734 0.446588 0.000000
0.443408 -0.070282 0.232596 0.000000
0.256119 -0.033392 0.342516 0.000000
0.388822 0.383808 0.126153 0.000000
0.444073 0.011246 0.086311 0.000000
0.294642 -0.909825 0.225206 0.000000
0.322929 0.316081 0.111416 0.000000
0.392770 0.207309 0.097378 0.000000
0.334108 -0.354629 0.199731 0.000000
0.242011 -0.147829 0.165526 0.000000
0.448080 0.059172 0.185520 0.000000
0.333198 -0.460853 0.185040 0.000000
0.301045 0.065445 0.279806 0.000000
0.337500 -0.318723 0.204217 0.000000
0.427471 0.127512 0.183717 0.000000
0.411419 0.175087 0.103846 0.000000
0.014977 -0.437981 0.168830 0.000000
0.368760 0.466044 0.115803 0.000000
0.538592 -1.165229 0.157502 1.000000
0.426693 -0.998856 0.164356 1.000000
0.360768 0.424186 0.120995 0.000000
0.342816 0.165204 0.090131 0.000000
0.519052 -0.193759 0.139907 0.000000
0.344185 -0.661934 0.204722 0.000000
0.372407 -0.682315 0.343758 0.000000
0.386179 0.024182 0.276069 0.000000
0.397685 -0.948668 0.540870 0.000000
0.337605 -0.422042 0.202508 0.000000
0.450532 0.064922 0.120210 0.000000
0.364831 0.345323 0.112426 0.000000
0.536514 -0.116459 0.110034 0.000000
0.386753 -0.952115 0.182464 1.000000
0.348275 -0.882635 0.228343 0.000000
0.449583 0.019625 0.188664 0.000000
0.337744 -0.534733 0.206542 0.000000
0.479325 -0.128185 0.044349 0.000000
0.330942 0.091792 0.073072 0.000000
0.338888 -0.439393 0.181209 0.000000
0.225258 -0.166074 0.151920 0.000000
0.405872 -0.855190 0.437319 0.000000
0.348652 0.415618 0.158044 0.000000
0.332079 -0.638172 0.210743 0.000000
0.345732 -0.623487 0.201874 0.000000
0.347638 0.164189 0.120822 0.000000
0.431021 -0.974474 0.596371 0.000000
0.416112 -0.168146 0.270619 0.000000
0.478318 -0.100406 0.182469 0.000000
0.337929 -0.848473 0.202420 0.000000
0.427623 0.178214 0.123646 0.000000
-0.050071 -0.518350 0.130763 0.000000
0.294112 -0.988325 0.259318 0.000000
0.335544 0.123606 0.146689 0.000000
0.308528 -1.080008 0.223479 0.000000
0.299835 -0.010786 0.172905 0.000000
0.330973 -0.284667 0.203062 0.000000
0.401684 0.207135 0.177616 0.000000
0.336990 0.281819 0.097636 0.000000
0.319962 0.026272 0.155034 0.000000
0.385636 -0.886878 0.451896 0.000000
0.328771 -0.818563 0.221748 0.000000
0.335408 0.167483 0.235686 0.000000
0.370662 0.054878 0.206055 0.000000
0.345559 -0.760675 0.208813 0.000000
0.101478 -0.323348 0.173865 0.000000
0.417640 -0.999438 0.200918 1.000000
0.413588 0.167569 0.184426 0.000000
0.574258 -0.140643 0.112981 0.000000
0.331027 -0.724143 0.205404 0.000000
0.422497 -0.001765 0.320187 0.000000
0.342890 0.094466 0.173071 0.000000
0.172508 -0.240152 0.157523 0.000000
0.374281 0.451321 0.139735 0.000000
0.336979 0.070732 0.069519 0.000000
0.341629 -0.385977 0.237624 0.000000
0.344362 0.215523 0.085204 0.000000
0.327549 -0.696887 0.198965 0.000000
0.303953 -0.069092 0.026271 0.000000
0.433648 0.064780 0.211539 0.000000
0.309507 0.021366 0.185619 0.000000
0.469784 -1.077064 0.182386 1.000000
0.436424 -1.009178 0.204447 1.000000
0.319255 -0.921154 0.203455 0.000000
0.367186 -0.551280 0.297994 0.000000
0.399629 0.328690 0.119684 0.000000
0.306198 -0.954350 0.227684 0.000000
0.404004 0.334644 0.157829 0.000000
0.456277 -0.016092 0.194348 0.000000
0.532461 -0.038150 0.409449 0.000000
0.404520 0.003822 0.276131 0.000000
0.462857 0.043842 0.141069 0.000000
-0.023622 -0.490766 0.135241 0.000000
0.342585 0.226297 0.206630 0.000000
0.390384 -0.642138 0.341413 0.000000
0.343480 -0.546404 0.188781 0.000000
0.348082 0.364566 0.114852 0.000000
0.437587 -0.099788 0.242616 0.000000
0.356670 -0.482507 0.262668 0.000000
0.463447 -0.097640 0.054839 0.000000
0.238197 -0.052865 0.356443 0.000000
0.289598 -0.975055 0.237682 0.000000
0.646081 -0.169981 0.094353 0.000000
0.340617 -0.515224 0.186905 0.000000
0.338413 -0.250845 0.185808 0.000000
0.358671 -0.546147 0.265676 0.000000
0.611186 -0.156814 0.108322 0.000000
0.377220 0.419896 0.146699 0.000000
0.277305 -1.025912 0.271078 0.000000
0.232970 -0.108217 0.383688 0.000000
-0.007282 -0.469761 0.160398 0.000000
0.294299 -1.010908 0.223828 0.000000
0.328879 0.032631 0.178745 0.000000
0.299587 -0.911583 0.244505 0.000000
0.401385 -0.198618 0.295636 0.000000
-0.074414 -0.544609 0.140330 0.000000
0.485718 -1.094706 0.153605 1.000000
0.413630 0.200134 0.133469 0.000000
0.400167 0.171088 0.087364 0.000000
0.438741 0.000863 0.199129 0.000000
0.463659 0.028645 0.112932 0.000000
0.475868 0.012082 0.141814 0.000000
0.304087 -0.887310 0.216769 0.000000
0.562408 -1.218777 0.140858 1.000000
0.288299 -0.033941 0.168416 0.000000
0.498980 -0.156961 0.023203 0.000000
0.310507 -0.034307 0.039461 0.000000
0.345290 0.182088 0.108008 0.000000
0.416313 -0.958998 0.542594 0.000000
0.325291 -0.747930 0.207374 0.000000
0.325595 -0.655881 0.204159 0.000000
0.125360 -0.291200 0.168343 0.000000
0.302676 -0.931568 0.207340 0.000000
0.401204 0.149106 0.074924 0.000000
0.380184 0.309941 0.125940 0.000000
0.487393 -0.029798 0.151683 0.000000
0.412367 0.257779 0.123777 0.000000
0.308834 -1.067531 0.243437 0.000000
0.398907 0.084745 0.236320 0.000000
0.416865 0.223270 0.167642 0.000000
0.421306 -0.969111 0.559070 0.000000
0.321309 -0.309710 0.191099 0.000000
0.372032 0.482482 0.145868 0.000000
0.083437 -0.361141 0.173550 0.000000
0.347870 0.280114 0.178882 0.000000
0.331611 -0.927402 0.218790 0.000000
0.310039 -1.021366 0.220073 0.000000
0.525778 -0.215485 0.162852 0.000000
0.540348 -1.185001 0.153819 1.000000
0.338868 0.259641 0.201899 0.000000
0.341075 -0.801654 0.218709 0.000000
0.304982 0.021659 0.057689 0.000000
0.065319 -0.386743 0.171761 0.000000
0.325767 -0.583970 0.192575 0.000000
0.347915 0.223999 0.102770 0.000000
0.247574 -1.072219 0.243107 0.000000
0.327101 -0.847744 0.218688 0.000000
0.194783 -0.197040 0.459723 0.000000
0.503608 -1.140551 0.155880 1.000000
-0.054795 -0.511843 0.150760 0.000000
0.436784 0.051004 0.076081 0.000000
0.332178 0.392440 0.135117 0.000000
0.389351 0.015326 0.241562 0.000000
0.443339 0.124197 0.129834 0.000000
0.361147 -0.520604 0.273873 0.000000
0.404538 -0.939572 0.505828 0.000000
0.318178 -0.890340 0.197387 0.000000
0.374382 -0.608987 0.328209 0.000000
0.388076 0.052767 0.031905 0.000000
0.306644 -0.935745 0.228005 0.000000
0.527397 -0.177878 0.159412 0.000000
0.468713 -1.095369 0.162389 1.000000
0.435197 -0.035986 0.210314 0.000000
0.286703 -0.088243 0.036244 0.000000
0.397534 -0.967114 0.181952 1.000000
0.394411 0.051107 0.234802 0.000000
0.364213 -0.530597 0.300614 0.000000
0.453438 -0.052052 0.059928 0.000000
0.445484 -0.001234 0.221385 0.000000
0.280692 -1.075769 0.251733 0.000000
0.417447 -0.133737 0.251089 0.000000
0.442811 -1.038911 0.189739 1.000000
0.282957 -1.120290 0.259081 0.000000
0.442482 -0.019435 0.059967 0.000000
0.591317 -1.299164 0.117941 1.000000
0.337197 -0.605863 0.207377 0.000000
0.421781 0.217614 0.126727 0.000000
0.382590 0.466678 0.127826 0.000000
0.185027 -0.204951 0.498267 0.000000
0.381033 -0.928322 0.172943 1.000000
0.356594 0.267883 0.097716 0.000000
0.313661 -0.897617 0.240371 0.000000
0.327646 0.128488 0.162461 0.000000
0.380900 -0.782223 0.392267 0.000000
0.301726 -0.007062 0.149026 0.000000
0.425173 0.152928 0.177449 0.000000
0.434990 -0.991776 0.600462 0.000000
0.271800 0.015903 0.311355 0.000000
0.194911 -0.217529 0.158339 0.000000
0.339448 -0.820081 0.204480 0.000000
0.527416 -0.137743 0.161650 0.000000
0.450597 -0.012790 0.077665 0.000000
0.456015 0.065193 0.139298 0.000000
0.352031 -0.628754 0.306606 0.000000
0.431341 0.095442 0.086269 0.000000
0.349094 0.398109 0.130176 0.000000
0.448184 -0.030179 0.222329 0.000000
-0.039371 -0.493928 0.155838 0.000000
0.308297 -1.038499 0.226361 0.000000
0.288921 -1.062692 0.238557 0.000000
0.314136 -0.904783 0.223727 0.000000
0.325010 -0.475510 0.191457 0.000000
0.327669 0.133699 0.073812 0.000000
0.387665 0.303764 0.156595 0.000000
0.496010 -0.122962 0.040284 0.000000
0.324988 0.129153 0.243210 0.000000
0.301743 -0.957027 0.209958 0.000000
0.321167 -0.268047 0.193904 0.000000
0.342368 0.308215 0.173877 0.000000
0.290591 -0.945870 0.243426 0.000000
0.319233 0.032873 0.059503 0.000000
0.398436 0.249856 0.166088 0.000000
0.336194 -0.393597 0.181694 0.000000
0.438810 0.016728 0.065754 0.000000
0.382032 -0.917520 0.491157 0.000000
0.436663 0.144616 0.126146 0.000000
0.292129 -1.100619 0.230939 0.000000
0.522436 -0.160260 0.145766 0.000000
0.335162 0.242758 0.100421 0.000000
0.276890 -0.131633 -0.006125 0.000000
0.328455 -0.786431 0.203463 0.000000
0.391122 -0.717404 0.367123 0.000000
0.510825 -0.082227 0.137560 0.000000
0.123027 -0.320033 0.170204 0.000000
0.294251 -0.992324 0.216300 0.000000
0.299815 -0.021116 0.047801 0.000000
0.493124 -0.133084 0.171373 0.000000
0.389361 -0.863896 0.438269 0.000000
0.373036 -0.733498 0.366246 0.000000
0.262776 -0.145115 -0.010528 0.000000
0.331763 -0.217833 0.199869 0.000000
0.325861 0.096846 0.165037 0.000000
0.379452 0.375598 0.146830 0.000000
0.357828 -0.590161 0.287896 0.000000
0.351342 0.079364 0.187763 0.000000
-0.096648 -0.564948 0.129215 0.000000
0.387368 0.281296 0.130272 0.000000
0.559059 -1.236030 0.132487 1.000000
0.273615 -1.009328 0.241145 0.000000
0.321147 -0.891252 0.214944 0.000000
0.323566 -0.384378 0.189702 0.000000
0.238550 -0.123837 0.133936 0.000000
0.315905 -0.871593 0.215623 0.000000
0.389490 0.323565 0.133514 0.000000
0.289639 -1.086494 0.211550 0.000000
0.439434 0.030452 0.198006 0.000000
0.301204 0.079390 0.266512 0.000000
-0.125048 -0.584527 0.122432 0.000000
0.348077 -0.878368 0.192552 1.000000
0.170946 -0.257148 0.161369 0.000000
0.393208 0.336688 0.172211 0.000000
0.338167 -0.412022 0.185156 0.000000
0.285619 -0.941310 0.221606 0.000000
0.317868 -0.984187 0.221153 0.000000
0.376369 -0.833264 0.416889 0.000000
0.358512 -0.497121 0.253360 0.000000
0.397924 0.255326 0.105545 0.000000
0.356692 -0.437704 0.249373 0.000000
0.353892 -0.896391 0.194338 1.000000
0.352256 -0.448916 0.264447 0.000000
0.289392 -1.042201 0.242207 0.000000
0.408625 0.006073 0.303721 0.000000
0.212578 -0.114013 0.390103 0.000000
0.510359 -0.159558 0.160419 0.000000
0.298557 -0.052153 0.041015 0.000000
0.405850 -0.921113 0.479891 0.000000
0.392832 0.369404 0.161132 0.000000
0.404091 0.287729 0.161477 0.000000
0.361770 -0.492889 0.287023 0.000000
0.349383 0.245963 0.201564 0.000000
0.398513 0.182415 0.217576 0.000000
0.568239 -1.279909 0.128708 1.000000
0.387588 0.402568 0.126351 0.000000
0.204838 -0.222737 0.171460 0.000000
0.503217 -0.233039 -0.046684 0.000000
0.322907 -0.000697 0.050751 0.000000
0.501092 -0.044695 0.134275 0.000000
0.500512 -1.136740 0.172369 1.000000
0.371321 0.380277 0.116634 0.000000
0.496160 -0.049052 0.107986 0.000000
0.353948 0.400428 0.152019 0.000000
0.400579 0.083626 0.037860 0.000000
0.461077 -1.056400 0.163463 1.000000
0.405642 0.319019 0.164698 0.000000
0.428379 0.089851 0.203163 0.000000
0.194665 -0.233945 0.516241 0.000000
0.225782 -0.072645 0.370531 0.000000
0.417335 -1.009760 0.173582 1.000000
0.600250 -1.315645 0.116952 1.000000
0.374175 0.039881 0.242086 0.000000
0.324057 -0.001862 0.174024 0.000000
0.337774 -0.317480 0.185962 0.000000
0.196274 -0.132756 0.418945 0.000000
0.423907 0.109502 0.121136 0.000000
0.326774 -0.549218 0.193544 0.000000
0.477492 0.045765 0.124434 0.000000
0.504343 -1.122226 0.149716 1.000000
0.547311 -1.211351 0.143086 1.000000
0.376092 -0.935466 0.208403 1.000000
0.279639 -1.056275 0.263098 0.000000
0.262168 -0.003272 0.324657 0.000000
0.387740 0.410424 0.156726 0.000000
0.510691 -0.207921 -0.024653 0.000000
0.329060 -0.355666 0.227905 0.000000
0.313339 0.123448 0.229486 0.000000
0.325162 0.161672 0.123164 0.000000
0.341832 -0.714484 0.196767 0.000000
0.398467 0.394731 0.149009 0.000000
0.510277 -1.174252 0.152911 1.000000
0.102925 -0.341593 0.171909 0.000000
0.433438 -0.006274 0.335211 0.000000
0.335961 -0.687169 0.211720 0.000000
0.502704 -0.261779 -0.064426 0.000000
0.347123 0.426337 0.145152 0.000000
0.339655 -0.335079 0.213423 0.000000
0.285222 -1.095247 0.259277 0.000000
0.509833 -0.183170 -0.001762 0.000000
0.385372 0.443826 0.129621 0.000000
0.261397 -0.154937 0.005479 0.000000
0.289676 0.051745 0.282193 0.000000
0.430689 -0.062514 0.221855 0.000000
0.470173 -0.007168 0.114026 0.000000
0.519425 -1.163867 0.140380 1.000000
0.322444 -0.966412 0.216887 0.000000
0.440228 -1.022014 0.192441 1.000000
0.439584 0.071152 0.176226 0.000000
0.489033 -0.015941 0.138254 0.000000
0.312547 0.038055 0.187554 0.000000
0.335970 0.248532 0.169884 0.000000
0.454123 0.103619 0.132406 0.000000
0.371867 0.413767 0.113150 0.000000
0.341397 0.197976 0.087168 0.000000
0.616191 -1.318012 0.121600 1.000000
0.325805 0.039444 0.163981 0.000000
0.266178 -1.035522 0.236389 0.000000
0.396725 -0.959925 0.220900 1.000000
0.461597 -0.015412 0.354356 0.000000
0.324802 -0.497849 0.198227 0.000000
0.357415 -0.900398 0.214320 1.000000
0.389188 0.337498 0.150136 0.000000
0.443268 0.183215 0.122104 0.000000
0.208177 -0.190351 0.151981 0.000000
0.444413 -1.039426 0.169618 1.000000
0.370346 -0.567245 0.305023 0.000000
0.314744 -1.139810 0.241129 0.000000
0.243277 -0.086883 0.370482 0.000000
0.323610 0.272676 0.109072 0.000000
0.416938 0.127664 0.196314 0.000000
0.211601 -0.126027 0.401553 0.000000
0.502605 -0.061411 0.149099 0.000000
0.288634 -0.104354 0.019177 0.000000
0.223249 -0.186292 -0.030678 0.000000
0.328920 -0.570308 0.201234 0.000000
0.340473 0.201965 0.213145 0.000000
0.334160 0.166968 0.076027 0.000000
0.313494 0.059716 0.063891 0.000000
0.351374 -0.317677 0.195654 0.000000
0.320752 -0.237643 0.193547 0.000000
0.397402 0.216210 0.209767 0.000000
0.335049 -0.177792 0.180504 0.000000
0.290411 -1.058328 0.217585 0.000000
0.133181 -0.307256 0.168806 0.000000
0.225074 -0.199859 0.167559 0.000000
0.004285 -0.469493 0.146185 0.000000
0.345331 -0.417249 0.257347 0.000000
0.467367 -0.031574 0.350946 0.000000
0.467523 -1.061405 0.177457 1.000000
0.427749 -0.014278 0.309542 0.000000
0.319324 0.020110 0.172823 0.000000
0.320540 -0.105057 0.179336 0.000000
0.331411 -0.152451 0.196010 0.000000
0.164169 -0.288410 0.167337 0.000000
0.248146 -0.165235 -0.022774 0.000000
0.451297 -1.066877 0.174484 1.000000
0.143118 -0.226822 -0.036834 0.000000
0.276667 -0.058865 0.160696 0.000000
0.388272 0.113896 0.053573 0.000000
0.332470 0.191672 0.109216 0.000000
0.436736 0.056808 0.197652 0.000000
0.430212 -0.971247 0.574830 0.000000
0.365913 -0.660093 0.330661 0.000000
0.334762 -0.350304 0.184297 0.000000
0.337653 -0.741392 0.198534 0.000000
0.405777 0.227700 0.109308 0.000000
0.408960 -0.886626 0.455010 0.000000
0.358890 0.061159 0.215013 0.000000
0.373443 -0.039090 0.256401 0.000000
0.088493 -0.246351 -0.049145 0.000000
0.378179 0.040840 0.223433 0.000000
0.391523 0.263755 0.162557 0.000000
0.325214 -0.511258 0.186958 0.000000
0.386292 0.005731 -0.005631 0.000000
0.220354 -0.156265 0.139256 0.000000
0.256652 -0.091893 0.138735 0.000000
0.402574 0.245148 0.199262 0.000000
0.242529 -0.023376 0.339285 0.000000
0.324665 -0.126954 0.183503 0.000000
0.255464 -0.111118 0.178638 0.000000
0.323672 -1.068572 0.231811 0.000000
0.040640 -0.415062 0.169234 0.000000
0.325033 -0.438966 0.188873 0.000000
0.348329 -0.404607 0.239320 0.000000
0.547848 -0.117553 0.122312 0.000000
0.418325 -0.996232 0.185451 1.000000
0.057660 -0.406940 0.170878 0.000000
0.083712 -0.392737 0.166277 0.000000
0.392141 0.024804 0.002543 0.000000
0.329680 0.152844 0.226880 0.000000
0.346079 -0.644471 0.207166 0.000000
0.335303 -0.100442 0.184590 0.000000
0.332005 0.225881 0.166234 0.000000
0.323350 -0.856511 0.206147 0.000000
0.427254 0.089981 0.185342 0.000000
0.330668 0.124893 0.177490 0.000000
0.332015 0.214765 0.109566 0.000000
0.404842 0.152911 0.214433 0.000000
0.378493 -0.699809 0.357272 0.000000
0.196757 -0.199735 -0.038047 0.000000
0.342600 0.448515 0.149151 0.000000
0.397101 0.090203 0.221696 0.000000
0.340927 -0.587816 0.191117 0.000000
0.335010 -0.462805 0.200515 0.000000
0.359777 -0.421886 0.230344 0.000000
0.306838 -0.996768 0.205548 0.000000
0.397097 0.130527 0.230987 0.000000
0.357273 0.096962 0.161229 0.000000
0.346799 0.376059 0.167193 0.000000
0.185361 -0.249759 0.166137 0.000000
0.332729 0.296376 0.102021 0.000000
0.563345 -0.048132 0.436567 0.000000
0.393063 -0.895022 0.465728 0.000000
0.328719 -0.052375 0.189415 0.000000
0.323850 -0.325358 0.218303 0.000000
0.277207 -0.130231 0.019013 0.000000
0.325179 -0.189703 0.184016 0.000000
0.312965 0.094018 0.262971 0.000000
0.332050 -0.878193 0.218865 0.000000
0.181421 -0.251300 0.541309 0.000000
0.342657 -0.366415 0.228002 0.000000
0.341732 -0.864217 0.206527 1.000000
0.533600 -0.219087 0.117743 0.000000
0.424395 -0.106580 0.238149 0.000000
-0.021938 -0.483971 0.149444 0.000000
0.324846 -0.404241 0.185977 0.000000
0.339818 0.136011 0.135476 0.000000
0.002989 -0.457492 0.156471 0.000000
0.318972 -0.039074 0.180332 0.000000
0.431956 -1.014046 0.171289 1.000000
0.203127 -0.147621 0.423041 0.000000
0.356948 -0.364198 0.214036 0.000000
0.338042 0.293889 0.183719 0.000000
0.275472 -0.983245 0.238279 0.000000
0.354097 -0.393463 0.220379 0.000000
0.304445 -1.095670 0.223224 0.000000
0.429281 0.162209 0.122715 0.000000
0.169109 -0.210158 -0.042281 0.000000
0.334036 -0.369881 0.201099 0.000000
0.367653 -0.061391 0.280303 0.000000
0.301980 -1.025464 0.207497 0.000000
0.320882 -0.171614 0.185044 0.000000
0.376091 -0.938526 0.225216 1.000000
0.446641 -0.012672 0.339407 0.000000
0.337338 0.197464 0.164141 0.000000
0.282068 0.042963 0.292106 0.000000
0.529959 -0.246611 0.176899 0.000000
0.341826 -0.794875 0.205098 0.000000
0.114320 -0.234663 -0.045442 0.000000
0.293436 -1.078521 0.224387 0.000000
0.387209 -0.923754 0.504885 0.000000
0.288574 -0.961561 0.244561 0.000000
0.322748 -0.344178 0.195266 0.000000
0.484347 -0.030789 0.367813 0.000000
0.320130 0.101681 0.069227 0.000000
0.359992 -0.451984 0.237949 0.000000
0.343795 0.356737 0.168314 0.000000
0.457664 -0.055684 0.186166 0.000000
0.380717 -0.009749 0.252461 0.000000
0.225992 -0.043089 0.357386 0.000000
0.335779 0.174384 0.222285 0.000000
0.355342 -0.467534 0.257610 0.000000
0.331286 0.367726 0.121571 0.000000
0.485493 -1.105139 0.164445 1.000000
0.435264 0.125200 0.170866 0.000000
0.187715 -0.265605 0.569009 0.000000
0.321664 -0.859350 0.233739 0.000000
0.399500 0.193930 0.096261 0.000000
0.293063 -0.924875 0.222740 0.000000
0.330396 -0.763648 0.215447 0.000000
0.325082 -0.323389 0.195994 0.000000
0.246395 -0.172915 -0.005238 0.000000
0.272474 -1.061537 0.251023 0.000000
0.419214 0.189917 0.172393 0.000000
0.348969 0.246416 0.180880 0.000000
0.338494 0.278055 0.163861 0.000000
0.402957 0.138005 0.215447 0.000000
0.323369 0.115347 0.255098 0.000000
0.329550 -0.630483 0.194381 0.000000
0.344294 0.180038 0.093281 0.000000
0.500233 -0.070583 0.119984 0.000000
0.350170 0.253498 0.095626 0.000000
0.307543 0.007832 0.176243 0.000000
0.366199 -0.608525 0.310945 0.000000
0.331744 -0.521215 0.204897 0.000000
0.326146 -0.947457 0.224610 0.000000
0.297255 -1.128755 0.212223 0.000000
0.403242 0.200888 0.122869 0.000000
0.294348 -1.000933 0.250976 0.000000
0.293841 -1.044408 0.221398 0.000000
0.333752 -0.286195 0.188572 0.000000
0.076838 -0.376013 0.171807 0.000000
0.532132 -1.212570 0.144966 1.000000
0.516350 -0.288439 0.204255 0.000000
0.354776 0.116382 0.145342 0.000000
0.354205 0.455525 0.156008 0.000000
0.473552 -1.081796 0.166465 1.000000
0.354459 0.294751 0.103379 0.000000
0.246010 -0.042079 0.348751 0.000000
0.358372 -0.512821 0.286841 0.000000
0.317653 -0.922837 0.218356 0.000000
0.381068 0.277674 0.117516 0.000000
0.270689 -1.020937 0.254313 0.000000
0.359562 -0.551658 0.279240 0.000000
0.413598 0.140367 0.100844 0.000000
0.297039 -0.984199 0.228976 0.000000
0.516397 -0.269638 0.182415 0.000000
0.503133 -1.124756 0.164084 1.000000
0.460664 -0.044495 0.070571 0.000000
0.415127 0.182174 0.132070 0.000000
0.514630 -0.099410 0.113059 0.000000
0.290067 -1.014822 0.237821 0.000000
0.221260 -0.099214 0.386284 0.000000
0.512937 -0.089869 0.159477 0.000000
0.346767 -0.698844 0.203344 0.000000
0.566374 -1.252512 0.128672 1.000000
0.326777 -0.601124 0.198375 0.000000
0.339750 0.325515 0.162502 0.000000
0.427806 0.068200 0.090790 0.000000
0.150465 -0.263186 0.160737 0.000000
0.401579 0.106226 0.051485 0.000000
0.254576 -0.016038 0.333278 0.000000
0.339695 0.352644 0.115415 0.000000
0.607423 -1.284579 0.120556 1.000000
0.310582 0.102066 0.250872 0.000000
0.021985 -0.447248 0.160082 0.000000
0.335370 -0.492135 0.206285 0.000000
0.322307 -0.146071 0.182657 0.000000
0.293045 -1.139180 0.227241 0.000000
0.282266 -1.028728 0.243824 0.000000
0.321116 -0.935168 0.230320 0.000000
0.360337 -0.914047 0.218057 1.000000
0.369833 -0.923491 0.202822 1.000000
0.430113 0.113374 0.182442 0.000000
0.430653 -0.994488 0.204619 1.000000
0.405708 0.293106 0.124707 0.000000
0.318781 -1.003516 0.229696 0.000000
0.386967 0.453993 0.150632 0.000000
0.330691 -0.983898 0.227680 0.000000
0.193711 -0.176278 0.456981 0.000000
0.297134 -1.054350 0.205136 0.000000
0.304385 0.058326 0.293544 0.000000
0.308816 -0.972023 0.224510 0.000000
0.391333 -0.816860 0.413515 0.000000
0.307248 0.019381 0.165201 0.000000
0.420740 0.095470 0.095867 0.000000
0.269454 -1.082996 0.256897 0.000000
0.388571 0.364755 0.144990 0.000000
0.234857 -0.160665 0.161287 0.000000
0.370368 -0.578369 0.314031 0.000000
0.372557 0.476672 0.129578 0.000000
0.365860 -0.745783 0.367332 0.000000
0.340185 -0.778205 0.202435 0.000000
0.624091 -1.336216 0.115955 1.000000
0.345524 0.380255 0.153656 0.000000
0.518731 -0.110448 0.148723 0.000000
0.471059 0.032149 0.140078 0.000000
0.388726 0.297842 0.129880 0.000000
0.226145 -0.190031 -0.014533 0.000000
0.334193 -0.197150 0.196506 0.000000
0.380287 -0.019519 -0.017727 0.000000
0.195690 -0.155712 0.435593 0.000000
0.308048 -1.081333 0.239144 0.000000
0.309639 -0.882263 0.230202 0.000000
0.437576 0.167357 0.135336 0.000000
0.365953 -0.636164 0.320756 0.000000
0.398597 -0.789757 0.401993 0.000000
0.270378 -1.060230 0.273782 0.000000
0.465752 0.098143 0.124815 0.000000
0.202027 -0.172247 0.439669 0.000000
0.349800 0.479021 0.141745 0.000000
0.488284 -0.055925 0.118998 0.000000
0.521733 -0.128665 0.146652 0.000000
0.289644 -0.017601 0.165980 0.000000
0.324181 -0.297092 0.196639 0.000000
0.403758 0.365976 0.149234 0.000000
0.132564 -0.330810 0.163980 0.000000
0.405666 0.186233 0.110479 0.000000
0.264988 -1.088143 0.237183 0.000000
0.397280 0.276155 0.165741 0.000000
0.411025 -0.964162 0.571641 0.000000
0.334630 -0.088002 0.178185 0.000000
0.372253 0.454905 0.125981 0.000000
0.519643 -0.236950 0.168936 0.000000
0.266783 -1.036657 0.253932 0.000000
0.332407 0.137914 0.254232 0.000000
0.544958 -1.198195 0.153926 1.000000
0.316360 -0.969941 0.204813 0.000000
0.526868 -1.171883 0.153839 1.000000
0.333832 -0.167581 0.195138 0.000000
0.304229 -0.919652 0.229281 0.000000
0.382615 -0.903568 0.486827 0.000000
0.399164 0.349919 0.155276 0.000000
0.395958 0.128900 0.067670 0.000000
0.330933 -0.785253 0.217110 0.000000
0.443671 -0.979753 0.598752 0.000000
0.188926 -0.240515 0.527576 0.000000
0.484353 -0.032913 0.108021 0.000000
0.323390 -0.251002 0.190761 0.000000
0.350336 0.241368 0.103654 0.000000
0.327225 -0.362628 0.190703 0.000000
0.398072 -0.941365 0.526711 0.000000
0.484051 -1.080211 0.180403 1.000000
0.328961 0.174984 0.168478 0.000000
0.182252 -0.191323 0.479491 0.000000
0.343643 0.270916 0.192042 0.000000
0.339904 -0.673873 0.197501 0.000000
0.355963 -0.350937 0.208707 0.000000
0.326304 -0.029135 0.186582 0.000000
0.423592 -1.012037 0.200142 1.000000
0.532667 -0.167721 0.151647 0.000000
0.565972 -1.265917 0.125323 1.000000
0.391247 -0.957990 0.195911 1.000000
0.340253 -0.528440 0.194004 0.000000
0.311598 -0.009118 0.049276 0.000000
0.450966 -0.024795 0.185050 0.000000
0.095283 -0.353663 0.172069 0.000000
0.371398 0.466570 0.144348 0.000000
0.329622 0.341750 0.114561 0.000000
0.335685 0.139494 0.164435 0.000000
0.388692 0.425175 0.154093 0.000000
0.143099 -0.219705 -0.048617 0.000000
0.445753 0.089509 0.124576 0.000000
0.326065 0.070403 0.183817 0.000000
0.212734 -0.086855 0.383078 0.000000
0.375508 0.343204 0.123547 0.000000
0.408450 0.003072 0.290314 0.000000
0.280380 -0.944973 0.233767 0.000000
0.325562 -0.536107 0.199400 0.000000
0.273242 -1.023168 0.235098 0.000000
0.365499 -0.670645 0.339433 0.000000
0.365431 -0.594581 0.306462 0.000000
0.434145 0.153511 0.167080 0.000000
0.338689 -0.482889 0.185009 0.000000
0.303527 -1.016528 0.235346 0.000000
0.466089 -0.084196 0.055163 0.000000
0.295678 -0.079084 0.030681 0.000000
0.338294 -0.328475 0.194101 0.000000
0.373863 0.438035 0.145094 0.000000
0.436740 0.044296 0.192124 0.000000
0.264895 -0.086493 0.166745 0.000000
0.515168 -1.120307 0.170132 1.000000
0.145102 -0.282436 0.164285 0.000000
0.487582 -0.021158 0.376947 0.000000
0.339342 -0.618151 0.190046 0.000000
0.319607 -1.031282 0.235557 0.000000
0.341094 -0.835379 0.204659 0.000000
0.522921 -1.145843 0.166091 1.000000
0.365079 -0.723830 0.357194 0.000000
0.310437 0.073886 0.284955 0.000000
0.454444 0.007444 0.192398 0.000000
0.465594 0.072641 0.133076 0.000000
0.284795 0.062587 0.275538 0.000000
0.435074 0.187206 0.132213 0.000000
0.430759 0.140551 0.181664 0.000000
0.358361 -0.468462 0.244381 0.000000
0.301213 -0.902254 0.234586 0.000000
0.268182 -0.075600 0.150314 0.000000
0.483748 0.017068 0.131714 0.000000
0.216322 -0.177808 0.150473 0.000000
0.328916 -0.412776 0.197687 0.000000
0.343911 0.350836 0.155930 0.000000
0.394887 0.277554 0.115061 0.000000
0.456624 0.126938 0.125049 0.000000
0.379395 0.406340 0.144457 0.000000
0.250116 -0.120011 0.159819 0.000000
0.579640 -1.278551 0.121503 1.000000
0.330282 0.094994 0.177940 0.000000
0.313230 -1.120007 0.237777 0.000000
0.440481 0.016175 0.199315 0.000000
0.334692 0.320781 0.106736 0.000000
0.422412 -0.975339 0.585840 0.000000
0.357934 -0.906508 0.185620 1.000000
0.388601 0.024418 0.262805 0.000000
0.174172 -0.272939 0.165333 0.000000
0.252065 -0.065044 0.356587 0.000000
0.356100 -0.532601 0.270546 0.000000
0.526531 -0.150753 0.154321 0.000000
0.431214 0.077359 0.207521 0.000000
0.027373 -0.432553 0.166543 0.000000
0.344037 -0.727340 0.205962 0.000000
0.292553 -1.070099 0.254355 0.000000
0.341417 -0.820617 0.217807 0.000000
0.476508 -0.094666 0.054528 0.000000
0.328001 -0.309281 0.203867 0.000000
0.391021 0.387922 0.157822 0.000000
0.255405 0.020573 0.308296 0.000000
0.333665 -0.386554 0.200211 0.000000
0.322566 0.303044 0.108443 0.000000
0.297838 -1.002014 0.236117 0.000000
0.493779 -0.036612 0.142115 0.000000
0.441979 0.051228 0.175411 0.000000
0.338223 0.199577 0.226098 0.000000
0.231494 -0.181629 0.168167 0.000000
0.503936 -0.030971 0.387202 0.000000
0.245256 -0.134267 0.161641 0.000000
0.278346 -1.035752 0.262126 0.000000
0.337253 -0.263652 0.198719 0.000000
0.267839 -1.100190 0.279395 0.000000
0.329357 -0.865251 0.220579 0.000000
0.332262 -0.235116 0.200910 0.000000
0.354612 -0.513105 0.265013 0.000000
0.532011 -1.193016 0.145444 1.000000
0.292501 -1.151995 0.223744 0.000000
0.469005 -0.069642 0.060440 0.000000
0.395107 0.014468 0.277609 0.000000
0.261387 -0.101706 0.152458 0.000000
0.305413 -1.008683 0.216023 0.000000
0.418592 0.121798 0.096201 0.000000
0.327350 -0.708521 0.205316 0.000000
0.460580 -0.031708 0.074468 0.000000
0.490868 -1.137140 0.157169 1.000000
0.341330 -0.450787 0.190133 0.000000
-0.078127 -0.536924 0.128440 0.000000
0.324553 -0.025074 0.173686 0.000000
0.396186 -0.844386 0.429519 0.000000
0.393588 0.371686 0.128340 0.000000
0.518380 -0.102013 0.158865 0.000000
0.387157 0.310156 0.137130 0.000000
0.338173 0.100032 0.161553 0.000000
0.327543 -0.428358 0.196730 0.000000
0.404475 0.477202 0.120218 0.000000
0.427970 0.181146 0.167531 0.000000
0.394408 -0.766463 0.389393 0.000000
0.193440 -0.211826 0.488021 0.000000
0.299184 -1.052855 0.240175 0.000000
0.281779 -0.047000 0.163105 0.000000
0.403556 0.264659 0.193691 0.000000
0.312332 0.008532 0.054100 0.000000
0.334613 -0.341283 0.200100 0.000000
0.371712 -0.628537 0.329761 0.000000
0.518442 -0.182219 0.146347 0.000000
0.452382 0.077624 0.137250 0.000000
0.320517 -1.093581 0.234074 0.000000
0.274092 -1.054455 0.236013 0.000000
0.191685 -0.245873 0.551386 0.000000
0.371868 0.430166 0.117561 0.000000
0.345495 -0.892689 0.236209 0.000000
0.416529 0.138111 0.122366 0.000000
0.434990 -1.002988 0.215850 1.000000
0.334991 0.224253 0.101085 0.000000
0.288358 -0.914299 0.235700 0.000000
0.340600 0.293049 0.159165 0.000000
0.419221 0.166117 0.098574 0.000000
0.416679 0.256086 0.163020 0.000000
0.359967 -0.684428 0.335089 0.000000
0.409356 0.233736 0.169222 0.000000
0.342068 -0.575596 0.196539 0.000000
0.423770 0.190470 0.121920 0.000000
0.320053 -0.077227 0.184672 0.000000
0.342466 0.213346 0.206441 0.000000
0.374647 -0.879441 0.451265 0.000000
0.388121 0.397620 0.140532 0.000000
0.536554 -0.209997 0.167460 0.000000
0.342067 -0.493563 0.193189 0.000000
0.438318 -0.085203 0.236399 0.000000
0.390574 0.152699 0.067987 0.000000
0.388760 -0.705457 0.362701 0.000000
0.364537 -0.524121 0.287849 0.000000
0.185566 -0.206461 0.142574 0.000000
0.365399 0.331619 0.115423 0.000000
0.299320 -0.931253 0.238794 0.000000
0.417399 -0.121768 0.246311 0.000000
-0.029782 -0.494574 0.145893 0.000000
-0.062079 -0.526452 0.133721 0.000000
0.380218 0.317393 0.115443 0.000000
0.456574 0.052322 0.117190 0.000000
0.591215 -1.267132 0.127143 1.000000
0.270782 0.005446 0.318772 0.000000
0.356368 0.293050 0.115980 0.000000
0.409500 -0.961070 0.526027 0.000000
0.297433 -1.023617 0.220977 0.000000
0.395041 -0.959225 0.208091 1.000000
0.364876 0.359111 0.115959 0.000000
0.338455 -0.753594 0.216781 0.000000
0.317444 -0.880332 0.206395 0.000000
0.324512 -0.215011 0.189046 0.000000
0.538688 -1.213341 0.133839 1.000000
0.447508 -0.023275 0.332140 0.000000
0.327674 0.158695 0.173188 0.000000
0.383312 -0.942480 0.192909 1.000000
0.292241 -1.097848 0.245463 0.000000
0.368568 -0.923210 0.188180 1.000000
-0.051123 -0.507989 0.139146 0.000000
0.385783 0.027160 0.245587 0.000000
0.175896 -0.265376 0.562927 0.000000
-0.085532 -0.550674 0.138888 0.000000
0.417617 0.246257 0.125211 0.000000
0.285360 -1.107835 0.257315 0.000000
-0.042383 -0.508017 0.152355 0.000000
0.397515 0.160292 0.081199 0.000000
0.336357 -0.759958 0.200075 0.000000
0.272756 -0.996041 0.240872 0.000000
0.386542 -0.874185 0.445168 0.000000
0.406833 -0.935358 0.494077 0.000000
0.398389 0.219340 0.102556 0.000000
0.382921 -0.939074 0.179369 1.000000
0.507747 -0.071896 0.144208 0.000000
0.307838 -0.920946 0.246623 0.000000
0.502253 -0.074606 0.108153 0.000000
0.398439 0.298643 0.164475 0.000000
0.235833 -0.134585 0.140982 0.000000
0.328377 -1.158459 0.250686 0.000000
0.240232 -1.114807 0.248036 0.000000
0.396670 0.201717 0.086742 0.000000
0.216078 -0.168188 0.142329 0.000000
0.215019 -0.197909 0.159935 0.000000
0.435510 0.063983 0.187377 0.000000
0.337420 -0.671671 0.209644 0.000000
0.396264 0.317515 0.124396 0.000000
0.439456 0.082301 0.186204 0.000000
0.399380 0.111325 0.221056 0.000000
0.486816 -0.003428 0.139595 0.000000
0.185826 -0.216461 0.509136 0.000000
0.239567 -0.140365 0.152224 0.000000
0.466355 -0.068201 0.187687 0.000000
0.339905 -0.362059 0.191413 0.000000
0.366930 -0.823919 0.410634 0.000000
0.334911 -0.505242 0.193222 0.000000
0.430068 0.082236 0.084766 0.000000
0.402237 0.221976 0.172087 0.000000
0.324675 -0.053490 0.177597 0.000000
0.319997 0.088792 0.067058 0.000000
0.293935 -0.940943 0.230969 0.000000
0.404785 0.266916 0.119787 0.000000
0.432659 -0.074333 0.227606 0.000000
0.408191 -0.950725 0.547356 0.000000
0.447664 -1.029112 0.183651 1.000000
0.350265 -0.890925 0.218289 1.000000
0.436105 0.099567 0.177219 0.000000
0.185304 -0.227200 0.156898 0.000000
0.334942 -0.377333 0.245986 0.000000
0.452570 0.031903 0.118921 0.000000
0.329476 -0.563352 0.190866 0.000000
0.340022 -0.770811 0.218923 0.000000
0.331543 -0.834089 0.214779 0.000000
0.341920 -0.634300 0.196728 0.000000
0.261270 -1.046874 0.237976 0.000000
0.394975 0.177488 0.078024 0.000000
0.335964 0.104465 0.079256 0.000000
0.372811 0.488600 0.133057 0.000000
0.480075 -0.086654 0.189051 0.000000
0.467175 -0.046101 0.194329 0.000000
0.320072 -1.081396 0.228045 0.000000
0.582508 -0.050448 0.445502 0.000000
0.601207 -1.294456 0.124737 1.000000
0.375119 0.352037 0.114039 0.000000
0.283421 -1.052933 0.244017 0.000000
0.327275 -0.917120 0.224156 0.000000
0.314089 0.015402 0.155546 0.000000
0.457577 0.017598 0.114737 0.000000
0.395813 0.240418 0.106993 0.000000
0.524251 -0.110336 0.113959 0.000000
0.358128 -0.427820 0.242167 0.000000
0.353542 0.280563 0.099687 0.000000
0.304879 -0.945384 0.207464 0.000000
0.442960 -0.004103 0.209568 0.000000
0.345533 0.222648 0.193470 0.000000
0.475211 -0.028472 0.114926 0.000000
0.379038 -0.046201 -0.024376 0.000000
0.403102 -0.819962 0.417705 0.000000
0.394170 0.066997 0.032252 0.000000
0.336472 -0.346326 0.219574 0.000000
0.328466 0.239727 0.165751 0.000000
0.315093 -0.848395 0.216206 0.000000
0.281396 -0.968602 0.227230 0.000000
0.430663 0.061170 0.081159 0.000000
0.339087 -0.847105 0.221187 0.000000
0.332263 -0.372129 0.231039 0.000000
0.201161 -0.206900 0.155432 0.000000
0.421231 0.206445 0.121753 0.000000
0.355047 0.265634 0.109642 0.000000
0.314577 0.047901 0.180590 0.000000
0.378692 -0.860176 0.433601 0.000000
0.345768 -0.875740 0.206658 1.000000
0.346437 0.253894 0.192618 0.000000
0.350421 0.403950 0.163158 0.000000
0.340906 0.260370 0.157251 0.000000
0.454086 0.118778 0.133758 0.000000
0.327929 0.080024 0.070065 0.000000
0.199151 -0.204681 -0.027162 0.000000
0.231856 -0.064227 0.364140 0.000000
0.428691 -0.129054 0.252917 0.000000
0.355391 0.469412 0.152003 0.000000
0.348279 -0.394383 0.231033 0.000000
0.450121 -0.022216 0.069981 0.000000
0.338969 0.149922 0.086437 0.000000
0.398156 -0.916422 0.488403 0.000000
0.339354 0.118304 0.082147 0.000000
0.439137 0.024066 0.087438 0.000000
0.409000 0.197445 0.176949 0.000000
0.277894 -0.963006 0.238644 0.000000
0.112888 -0.327181 0.172181 0.000000
0.250039 -1.124530 0.246128 0.000000
0.434706 0.117408 0.124672 0.000000
0.329359 0.243253 0.111057 0.000000
0.299301 -1.109322 0.235378 0.000000
0.207792 -0.114267 0.401574 0.000000
0.418990 -0.973505 0.570105 0.000000
0.335746 -0.649407 0.202468 0.000000
0.381282 0.412613 0.128702 0.000000
0.093707 -0.365458 0.168852 0.000000
0.171382 -0.276080 0.582864 0.000000
0.273722 -0.064521 0.176036 0.000000
0.329397 0.203011 0.106375 0.000000
0.340754 -0.278764 0.199154 0.000000
0.332386 0.080624 0.182703 0.000000
0.363256 -0.898890 0.203877 1.000000
0.273780 0.026429 0.304963 0.000000
0.443241 0.154696 0.126441 0.000000
0.445103 0.001995 0.078457 0.000000
0.437177 -1.041543 0.179004 1.000000
0.308193 -1.071069 0.231530 0.000000
0.334138 -0.147224 0.184810 0.000000
0.418799 0.157457 0.188309 0.000000
0.407407 -0.950934 0.534202 0.000000
0.329934 -0.521206 0.193033 0.000000
0.392285 -0.906970 0.468133 0.000000
0.074917 -0.385984 0.161730 0.000000
-0.017708 -0.474852 0.155959 0.000000
0.388264 -0.950906 0.216572 1.000000
0.333097 0.174471 0.210329 0.000000
0.337933 0.114704 0.154324 0.000000
0.299327 -0.062588 0.035214 0.000000
0.422991 -0.983302 0.595570 0.000000
0.320482 0.061821 0.176177 0.000000
0.396736 -0.886638 0.456324 0.000000
0.298888 -1.068544 0.220701 0.000000
0.588019 -1.254311 0.127665 1.000000
0.325311 0.068437 0.068522 0.000000
0.332159 0.106284 0.170264 0.000000
0.473657 0.042876 0.135557 0.000000
0.372595 0.048752 0.216104 0.000000
0.477940 -1.066926 0.181871 1.000000
0.335711 -0.542351 0.197426 0.000000
0.298469 -0.010783 0.159870 0.000000
0.471668 -1.070255 0.168728 1.000000
0.278511 -0.053159 0.144125 0.000000
0.485814 -0.118250 0.045371 0.000000
0.248211 -0.114877 0.148274 0.000000
0.296110 -1.071360 0.234696 0.000000
0.295399 -0.891907 0.224308 0.000000
0.514980 -0.106993 0.137974 0.000000
0.325312 -0.487747 0.191972 0.000000
0.388200 0.473736 0.107475 0.000000
0.321333 0.191576 0.114362 0.000000
0.390880 0.302397 0.187246 0.000000
0.317815 0.044403 0.061977 0.000000
0.350640 0.427317 0.158546 0.000000
0.327802 -0.036389 0.171720 0.000000
0.338171 0.187917 0.223921 0.000000
0.356877 -0.914167 0.234357 1.000000
0.328435 -0.807225 0.218320 0.000000
0.583245 -1.290751 0.120010 1.000000
0.393489 0.049744 0.021817 0.000000
0.262470 -0.098837 0.169075 0.000000
0.382134 -0.650321 0.339177 0.000000
0.330139 0.069711 0.172658 0.000000
0.340519 -0.718796 0.213354 0.000000
0.336019 0.163299 0.246730 0.000000
0.313073 -0.913863 0.210417 0.000000
0.413759 0.207955 0.110690 0.000000
0.334778 0.270231 0.098792 0.000000
0.204011 -0.127605 0.410459 0.000000
0.310332 -0.893976 0.228893 0.000000
0.291092 0.035995 0.300128 0.000000
0.310919 -0.908721 0.246109 0.000000
0.472864 -1.088151 0.176886 1.000000
0.381389 -0.723981 0.366070 0.000000
0.284816 -1.076434 0.236007 0.000000
0.323993 0.022668 0.185010 0.000000
0.334438 -0.687341 0.199319 0.000000
0.362965 -0.567335 0.295846 0.000000
0.436340 -0.975412 0.607406 0.000000
0.328739 0.140657 0.134619 0.000000
0.345608 0.150974 0.124772 0.000000
0.445272 0.074423 0.124746 0.000000
0.294016 0.082182 0.255999 0.000000
0.343206 -0.466372 0.187804 0.000000
0.435723 0.132781 0.127298 0.000000
0.404810 0.189619 0.209311 0.000000
0.338876 -0.556713 0.193233 0.000000
0.212214 -0.150718 0.414979 0.000000
0.351375 0.441659 0.143550 0.000000
0.327538 -0.816548 0.203805 0.000000
-0.057937 -0.518846 0.141897 0.000000
0.036529 -0.426073 0.163149 0.000000
0.095030 -0.333594 0.175212 0.000000
0.308879 -1.129901 0.243270 0.000000
0.332289 0.207412 0.159566 0.000000
0.194937 -0.185926 0.468659 0.000000
0.483476 -0.017963 0.148343 0.000000
0.288893 -1.005123 0.260647 0.000000
0.451414 0.041070 0.186153 0.000000
0.336762 -0.422762 0.189557 0.000000
0.396459 -0.931074 0.504610 0.000000
0.397756 0.170903 0.219436 0.000000
0.527285 -0.259533 0.182483 0.000000
0.341179 0.214991 0.097619 0.000000
0.396377 0.335184 0.128813 0.000000
0.344942 -0.327445 0.206333 0.000000
0.390664 0.124285 0.058287 0.000000
0.327882 0.330662 0.111427 0.000000
0.280029 -0.122983 0.010338 0.000000
0.241852 -0.158720 0.171570 0.000000
0.305115 0.033774 0.059336 0.000000
0.336308 -0.615642 0.201003 0.000000
0.302002 -0.963630 0.219537 0.000000
0.486328 -0.135782 0.038997 0.000000
0.344355 0.477573 0.152424 0.000000
0.324614 -0.226418 0.185448 0.000000
0.326255 -0.590790 0.203690 0.000000
0.344447 0.234724 0.198835 0.000000
-0.073565 -0.532139 0.137999 0.000000
0.290172 -0.984742 0.244588 0.000000
0.510119 -1.161450 0.147854 1.000000
0.321578 -1.112672 0.234435 0.000000
0.381091 0.476826 0.141351 0.000000
0.419121 -0.002479 0.308935 0.000000
0.310872 -0.023532 0.043704 0.000000
0.402765 0.077040 0.228593 0.000000
0.418789 0.174686 0.176926 0.000000
0.230093 -0.171206 0.161564 0.000000
0.420968 -0.989614 0.210334 1.000000
0.286158 -0.037303 0.156905 0.000000
0.334795 0.176177 0.086825 0.000000
0.388434 -0.784274 0.402334 0.000000
-0.028197 -0.491902 0.157955 0.000000
0.012435 -0.451202 0.165233 0.000000
0.327348 0.201499 0.168277 0.000000
0.516416 -0.077813 0.154396 0.000000
0.293871 -1.031742 0.213598 0.000000
0.348726 -0.342215 0.211176 0.000000
0.292496 -0.024799 0.174543 0.000000
0.330772 0.020820 0.174040 0.000000
0.437988 0.032640 0.067614 0.000000
0.422816 -0.999535 0.175361 1.000000
0.388545 0.387125 0.145278 0.000000
0.330003 0.139429 0.241772 0.000000
0.338145 -0.597013 0.197467 0.000000
0.335682 -0.627765 0.205505 0.000000
0.336961 -0.437479 0.194073 0.000000
0.353629 -0.451612 0.275542 0.000000
0.568890 -1.241804 0.133961 1.000000
0.395293 0.257479 0.190208 0.000000
0.439626 0.016806 0.077211 0.000000
0.344571 0.086560 0.181911 0.000000
0.339760 -0.662508 0.194143 0.000000
0.225279 -0.112837 0.390849 0.000000
0.448361 -0.014972 0.219791 0.000000
0.327671 -0.842575 0.204101 0.000000
0.297561 -1.106174 0.222506 0.000000
0.321861 0.132879 0.176510 0.000000
0.338743 -0.308472 0.199249 0.000000
0.237237 -0.151403 0.154205 0.000000
0.338183 0.169042 0.116564 0.000000
0.298467 -1.091777 0.234480 0.000000
0.409452 0.163644 0.103955 0.000000
0.348743 0.293873 0.179722 0.000000
0.396127 -0.956260 0.177421 1.000000
0.308668 -0.863690 0.221097 0.000000
0.328763 -0.102117 0.193795 0.000000
0.372489 -0.933551 0.178406 1.000000
0.238826 -0.180183 -0.009699 0.000000
0.528369 -1.160214 0.158957 1.000000
0.331128 -0.242029 0.191915 0.000000
0.444213 0.111978 0.131595 0.000000
0.294892 0.071217 0.271311 0.000000
0.334322 -0.297669 0.201738 0.000000
0.392687 0.305806 0.122817 0.000000
0.448375 0.135106 0.131542 0.000000
0.634120 -0.162479 0.093711 0.000000
0.438329 -0.993068 0.611222 0.000000
-0.117464 -0.581582 0.131244 0.000000
0.398217 -0.899998 0.474816 0.000000
0.330851 -0.273362 0.200205 0.000000
0.397419 0.309897 0.165264 0.000000
0.286669 -0.114915 0.015583 0.000000
0.322461 -1.099931 0.243243 0.000000
0.534218 -0.109299 0.119222 0.000000
0.389343 0.399473 0.153737 0.000000
0.337254 0.232910 0.214107 0.000000
0.295758 -0.015600 0.182289 0.000000
0.464551 -1.085295 0.159393 1.000000
0.463327 0.054591 0.137607 0.000000
0.408553 -0.175459 0.274754 0.000000
0.353526 -0.475405 0.274005 0.000000
0.268637 -1.053181 0.263893 0.000000
0.345470 0.192948 0.096414 0.000000
0.527079 -1.133191 0.161316 1.000000
0.450614 0.089307 0.134742 0.000000
0.373425 -0.603544 0.318011 0.000000
0.360581 0.073041 0.188966 0.000000
0.271494 -1.129730 0.290543 0.000000
0.320343 0.029373 0.166543 0.000000
0.345886 -0.879475 0.217244 1.000000
0.429914 -0.985946 0.608602 0.000000
0.434158 0.043282 0.083787 0.000000
0.332830 -0.855019 0.212361 0.000000
0.386918 0.001110 0.004568 0.000000
0.447128 0.030404 0.186787 0.000000
0.314035 0.028651 0.178327 0.000000
0.460942 -0.061241 0.061391 0.000000
0.345008 -0.410158 0.248694 0.000000
0.512763 -1.143601 0.161549 1.000000
0.276547 -1.050657 0.274311 0.000000
0.285557 0.016513 0.318199 0.000000
0.399549 -0.939026 0.515875 0.000000
0.459292 0.040503 0.116495 0.000000
0.305258 -1.006347 0.228708 0.000000
0.191247 -0.227292 0.507936 0.000000
0.337338 -0.569088 0.208482 0.000000
0.347322 -0.432369 0.243365 0.000000
0.415529 -0.960080 0.553682 0.000000
0.331096 -0.796326 0.215674 0.000000
0.323271 -0.161342 0.190940 0.000000
0.164420 -0.248518 0.158617 0.000000
0.263360 -0.025076 0.337057 0.000000
0.346255 0.224786 0.091763 0.000000
0.524510 -0.040509 0.401981 0.000000
0.547552 -1.236386 0.132687 1.000000
0.336902 -0.393834 0.243966 0.000000
0.330544 -0.665912 0.201619 0.000000
0.294762 -1.045032 0.232867 0.000000
0.331435 0.308988 0.105130 0.000000
0.408086 -0.187139 0.292545 0.000000
0.367951 0.476548 0.119406 0.000000
0.524931 -0.198762 0.131892 0.000000
0.337572 0.158603 0.123805 0.000000
0.325437 -0.039868 0.189339 0.000000
0.433953 -1.020393 0.183041 1.000000
0.290273 -0.106011 0.006482 0.000000
0.384835 -0.020463 -0.007260 0.000000
0.331279 -0.258701 0.189421 0.000000
0.502189 -0.055178 0.137852 0.000000
0.330147 0.123898 0.078382 0.000000
0.399894 -0.863998 0.441743 0.000000
0.423358 0.143807 0.094355 0.000000
0.322009 0.009470 0.174387 0.000000
0.376688 -0.617682 0.321739 0.000000
0.440751 0.033243 0.208645 0.000000
0.201575 -0.187158 0.143682 0.000000
0.378684 -0.673268 0.344930 0.000000
0.391271 0.087010 0.042804 0.000000
0.423351 0.117873 0.189952 0.000000
0.344636 -0.377173 0.231647 0.000000
0.414490 -0.158992 0.264634 0.000000
0.384103 -0.902564 0.475921 0.000000
0.342369 0.265503 0.166927 0.000000
0.331926 -0.735705 0.206077 0.000000
0.389609 0.269029 0.127944 0.000000
0.332935 0.377091 0.127178 0.000000
0.353127 -0.413716 0.233629 0.000000
0.174638 -0.265553 0.173513 0.000000
0.480505 -1.090550 0.162389 1.000000
0.423685 0.163752 0.176026 0.000000
0.384316 -0.825144 0.415367 0.000000
0.327406 -0.318636 0.210337 0.000000
0.342706 -0.810278 0.212063 0.000000
0.583325 -0.137655 0.118450 0.000000
0.396966 0.342301 0.162898 0.000000
0.395153 -0.854840 0.434897 0.000000
0.323358 0.220266 0.113527 0.000000
0.540127 -1.201607 0.144168 1.000000
0.450050 -1.040222 0.181246 1.000000
0.372114 -0.556662 0.307365 0.000000
0.432674 0.041671 0.070898 0.000000
0.189407 -0.187860 0.457043 0.000000
0.483104 -0.122372 0.170758 0.000000
0.426573 0.140432 0.127067 0.000000
0.338439 -0.698068 0.196264 0.000000
0.370144 -0.063695 -0.037624 0.000000
0.279478 -1.066240 0.258566 0.000000
0.346950 -0.893326 0.208139 1.000000
0.301751 -0.000466 0.169817 0.000000
0.354735 -0.478369 0.252727 0.000000
0.479450 -1.072457 0.194702 1.000000
0.353502 0.418133 0.115510 0.000000
0.319429 -0.880709 0.220510 0.000000
0.546423 -0.123143 0.113034 0.000000
0.061066 -0.396854 0.168440 0.000000
0.288421 -0.097933 0.031511 0.000000
0.347515 -0.888143 0.197583 1.000000
0.503958 -0.163341 0.015876 0.000000
0.421236 0.135901 0.189266 0.000000
0.565391 -1.229079 0.138014 1.000000
0.392672 -0.947641 0.190456 1.000000
0.357348 -0.494596 0.264770 0.000000
0.468869 -0.017965 0.113503 0.000000
0.442997 -0.058827 0.226054 0.000000
0.524190 -0.225813 0.165872 0.000000
0.303243 -0.042101 0.041623 0.000000
0.462407 0.000204 0.118351 0.000000
0.370154 0.416978 0.123390 0.000000
0.333233 -0.858252 0.201771 0.000000
0.371201 -0.780734 0.387605 0.000000
0.402882 0.281023 0.125973 0.000000
0.329380 -0.697847 0.209628 0.000000
0.532459 -0.187709 0.164937 0.000000
0.359778 -0.579505 0.288538 0.000000
0.472946 -1.080984 0.152299 1.000000
0.395529 0.180857 0.088321 0.000000
0.451214 -1.055369 0.167857 1.000000
0.314154 -0.926504 0.227942 0.000000
0.292015 -1.060313 0.228443 0.000000
0.351897 0.088459 0.174157 0.000000
0.498354 -1.130900 0.152222 1.000000
0.605195 -0.149084 0.112959 0.000000
0.411533 0.270528 0.128357 0.000000
0.295005 -1.089144 0.223046 0.000000
0.336523 0.357908 0.159450 0.000000
0.352397 -0.447541 0.244960 0.000000
0.338443 -0.384414 0.190755 0.000000
0.437987 0.173874 0.126472 0.000000
0.490207 -0.026026 0.141921 0.000000
0.517461 -0.092571 0.120911 0.000000
0.133176 -0.283983 0.166538 0.000000
0.387675 0.023535 0.012282 0.000000
0.430626 0.108802 0.089238 0.000000
0.322410 0.101993 0.175003 0.000000
0.376704 -0.017940 0.246300 0.000000
0.334626 0.148369 0.170449 0.000000
0.380274 -0.035536 0.263929 0.000000
0.476420 0.023029 0.138072 0.000000
0.282008 -1.066077 0.247248 0.000000
0.301227 -0.947279 0.235673 0.000000
0.445744 0.050139 0.191727 0.000000
0.431060 -0.094169 0.236199 0.000000
0.333837 -0.078369 0.182856 0.000000
0.340240 0.195922 0.204276 0.000000
0.399357 0.120042 0.230573 0.000000
0.330506 -0.890701 0.209721 0.000000
0.395997 0.288962 0.168415 0.000000
-0.014804 -0.488043 0.141709 0.000000
0.233612 -0.097670 0.379910 0.000000
0.276264 -1.081897 0.244130 0.000000
0.333138 0.164271 0.225716 0.000000
0.352213 0.390030 0.153884 0.000000
0.325771 -0.394022 0.194428 0.000000
0.334945 0.136694 0.081942 0.000000
0.343953 0.398571 0.155326 0.000000
0.336883 0.178073 0.234760 0.000000
0.304013 -1.051920 0.219100 0.000000
0.326738 0.254763 0.109965 0.000000
0.339350 -0.401468 0.189260 0.000000
0.308863 -0.964886 0.211117 0.000000
0.339639 0.402097 0.133111 0.000000
0.445474 -0.011666 0.068382 0.000000
0.409712 0.211874 0.172446 0.000000
0.364088 -0.502542 0.290901 0.000000
0.344576 -0.653093 0.197789 0.000000
0.438809 -0.012428 0.202037 0.000000
0.359360 -0.636054 0.312397 0.000000
0.228092 -0.155572 0.147403 0.000000
0.401809 0.252886 0.116907 0.000000
0.435526 0.095453 0.123460 0.000000
0.061873 -0.414723 0.160690 0.000000
0.365937 0.453791 0.117492 0.000000
0.494143 -1.119094 0.163635 1.000000
0.312304 -1.061821 0.228274 0.000000
0.218581 -0.192048 -0.023056 0.000000
0.533304 -0.220717 0.168233 0.000000
0.348912 0.408231 0.135652 0.000000
0.319810 -0.861783 0.216786 0.000000
0.316053 -0.963501 0.229955 0.000000
0.379114 0.436257 0.125587 0.000000
0.392308 0.357817 0.157049 0.000000
0.235548 -0.079628 0.370543 0.000000
0.252961 -0.045924 0.357168 0.000000
0.350780 0.358015 0.160453 0.000000
0.317975 0.104629 0.258012 0.000000
0.103465 -0.236647 -0.041251 0.000000
0.328106 0.280433 0.103224 0.000000
0.497916 -0.142795 0.167163 0.000000
0.555280 -1.204507 0.144350 1.000000
0.383187 0.006953 0.239609 0.000000
0.108895 -0.315309 0.173634 0.000000
-0.005889 -0.459755 0.165581 0.000000
0.301493 -0.031786 0.046248 0.000000
0.319155 -0.901609 0.214284 0.000000
0.309207 -0.896377 0.218565 0.000000
0.343574 0.169866 0.241955 0.000000
0.364035 -0.542359 0.293293 0.000000
0.243126 -0.172346 -0.015325 0.000000
0.534945 -0.213221 0.127142 0.000000
0.444315 -1.035622 0.159771 1.000000
0.045231 -0.430801 0.159498 0.000000
0.621086 -0.159660 0.106036 0.000000
0.327516 -0.333626 0.196718 0.000000
0.380016 -0.891690 0.459407 0.000000
0.324343 -0.373876 0.190150 0.000000
0.254497 -1.029721 0.246424 0.000000
0.402177 0.205129 0.101579 0.000000
0.326559 -0.319022 0.186525 0.000000
0.338028 -0.747722 0.207464 0.000000
0.335367 -0.208225 0.197541 0.000000
0.190000 -0.210461 0.151236 0.000000
0.329774 0.119884 0.168286 0.000000
0.320235 -0.951758 0.217049 0.000000
0.334190 0.154703 0.236191 0.000000
0.311717 -0.936887 0.206700 0.000000
0.440406 -1.025486 0.172313 1.000000
0.155188 -0.282961 0.167593 0.000000
0.355877 -0.529063 0.280434 0.000000
0.185768 -0.231769 0.532452 0.000000
0.475186 -0.115636 0.046822 0.000000
0.441856 -0.038062 0.219527 0.000000
0.122672 -0.303059 0.169801 0.000000
0.467782 0.015676 0.147962 0.000000
0.325589 -0.608520 0.205706 0.000000
0.334007 -0.482176 0.194352 0.000000
0.363659 0.062730 0.203749 0.000000
0.334531 -0.029722 0.180133 0.000000
0.305641 -0.934199 0.217028 0.000000
0.447826 0.009110 0.183710 0.000000
0.271584 -0.079909 0.159225 0.000000
0.386642 -0.957944 0.224859 1.000000
0.322369 0.149804 0.171684 0.000000
0.566838 -0.133748 0.115591 0.000000
0.400568 0.092352 0.043621 0.000000
0.337256 0.236069 0.170067 0.000000
0.323702 -0.689718 0.205526 0.000000
0.333271 -0.824032 0.211919 0.000000
0.414000 0.188048 0.104449 0.000000
0.274872 -0.009214 0.327998 0.000000
0.387931 -0.774585 0.391235 0.000000
0.390073 0.020323 0.253324 0.000000
0.356464 -0.452740 0.255702 0.000000
0.311095 -1.023860 0.234034 0.000000
0.184915 -0.199274 0.487556 0.000000
0.296050 -0.092835 0.036744 0.000000
0.428716 -0.009899 0.322149 0.000000
0.298450 -0.071531 0.017759 0.000000
0.267104 -1.027246 0.242660 0.000000
0.401826 0.261054 0.169556 0.000000
0.015812 -0.459705 0.158244 0.000000
0.253723 -0.108487 0.154401 0.000000
0.349209 -0.426871 0.254269 0.000000
0.334377 -0.186281 0.187499 0.000000
-0.005188 -0.473431 0.150748 0.000000
0.600161 -1.305246 0.117321 1.000000
0.373403 -0.653635 0.333887 0.000000
0.340745 -0.347787 0.192419 0.000000
0.512162 -0.162962 0.150766 0.000000
0.510053 -0.240223 -0.049781 0.000000
0.266020 -0.145515 -0.000669 0.000000
0.324462 -0.907131 0.224472 0.000000
0.334004 -0.477762 0.204525 0.000000
0.327141 -0.226189 0.195809 0.000000
0.500612 -0.146400 0.026068 0.000000
0.381332 -0.929576 0.187690 1.000000
0.135174 -0.297035 0.168439 0.000000
0.360332 -0.595560 0.296376 0.000000
0.316428 0.130383 0.236523 0.000000
0.280219 0.032448 0.298938 0.000000
0.427077 0.118366 0.090940 0.000000
0.297598 -0.991161 0.236598 0.000000
0.344740 0.235160 0.096631 0.000000
0.312838 -0.864051 0.231174 0.000000
0.473545 0.002379 0.110374 0.000000
0.404182 0.301729 0.183550 0.000000
0.390939 0.252910 0.112730 0.000000
0.337387 -0.766921 0.208159 0.000000
0.388299 0.042236 0.026599 0.000000
0.308732 -1.054943 0.236920 0.000000
0.429835 -1.002228 0.194324 1.000000
0.353403 -0.459147 0.264546 0.000000
0.398167 0.100441 0.221838 0.000000
0.296864 0.058515 0.286165 0.000000
0.334615 -0.582897 0.198554 0.000000
0.418437 -1.008929 0.183777 1.000000
0.341183 0.391157 0.130312 0.000000
0.387668 0.016988 -0.002412 0.000000
0.440494 -0.028431 0.214835 0.000000
0.332778 -0.327076 0.212682 0.000000
0.388601 0.375039 0.153656 0.000000
0.366195 0.388747 0.119365 0.000000
0.321229 -0.852678 0.225515 0.000000
0.395565 0.024075 0.245126 0.000000
0.482835 -0.110975 0.178949 0.000000
0.329424 -0.452070 0.197652 0.000000
0.469729 -1.097379 0.173678 1.000000
0.351513 -0.428278 0.234342 0.000000
0.315682 -0.993939 0.233461 0.000000
0.515846 -0.093167 0.137249 0.000000
0.336157 -0.159344 0.189496 0.000000
0.443313 0.057983 0.118020 0.000000
0.326090 -0.203077 0.194450 0.000000
0.244254 -0.033380 0.343639 0.000000
0.326082 -0.352454 0.189285 0.000000
0.303470 -0.998662 0.215332 0.000000
0.074703 -0.366092 0.175513 0.000000
0.407503 0.243914 0.166802 0.000000
0.034496 -0.425722 0.174020 0.000000
0.395833 0.379172 0.160907 0.000000
0.334242 -0.469931 0.191175 0.000000
0.441851 0.072825 0.190005 0.000000
0.337393 -0.786119 0.208399 0.000000
0.468436 0.019619 0.113122 0.000000
0.399420 0.141473 0.068385 0.000000
0.272277 -0.067605 0.155225 0.000000
0.389471 0.350757 0.142545 0.000000
0.407047 0.201950 0.206869 0.000000
0.387250 -0.835159 0.421449 0.000000
0.260235 -0.153277 -0.004763 0.000000
0.329636 0.253960 0.164037 0.000000
0.321543 -0.894905 0.224443 0.000000
0.162008 -0.263215 0.162621 0.000000
0.339350 -0.730321 0.214495 0.000000
0.615762 -1.309781 0.113685 1.000000
0.343535 0.127117 0.141484 0.000000
0.515383 -1.174039 0.141317 1.000000
0.410547 0.179051 0.122503 0.000000
0.336843 0.382498 0.158416 0.000000
0.527486 -0.189872 0.144004 0.000000
0.344160 -0.564689 0.196748 0.000000
0.452849 -0.009817 0.187156 0.000000
0.339975 0.249041 0.203770 0.000000
0.081289 -0.239583 -0.051410 0.000000
0.241937 -0.061817 0.359380 0.000000
0.337011 0.312790 0.166591 0.000000
0.327393 0.249454 0.101358 0.000000
0.432340 0.085456 0.192844 0.000000
0.113151 -0.345967 0.168510 0.000000
0.253393 -0.026676 0.335453 0.000000
0.393925 0.472236 0.119363 0.000000
0.319772 -0.007921 0.180905 0.000000
0.468786 -0.022634 0.355468 0.000000
0.332118 0.189510 0.169507 0.000000
0.340632 0.371513 0.122393 0.000000
0.310349 0.085799 0.268481 0.000000
0.532126 -1.180624 0.149876 1.000000
0.164573 -0.218449 -0.037244 0.000000
0.478024 -1.098840 0.167598 1.000000
0.362025 -0.558134 0.291787 0.000000
0.295303 -0.921627 0.235525 0.000000
0.338038 -0.357329 0.222321 0.000000
0.394263 0.214757 0.090734 0.000000
0.494053 -0.037311 0.152624 0.000000
0.279771 -1.019139 0.241963 0.000000
0.300435 0.000467 0.157818 0.000000
0.396954 -0.958574 0.187279 1.000000
-0.093047 -0.555784 0.131353 0.000000
0.314730 -1.088508 0.241961 0.000000
0.328552 -0.347661 0.233995 0.000000
0.512660 -0.087373 0.149724 0.000000
0.430222 0.151543 0.122696 0.000000
0.332525 0.061530 0.066381 0.000000
0.482620 0.006784 0.136559 0.000000
0.288152 -1.081748 0.254870 0.000000
0.388283 0.415617 0.148127 0.000000
0.337588 -0.449205 0.179426 0.000000
0.339447 0.187640 0.087666 0.000000
0.378202 -0.004434 -0.006826 0.000000
0.368302 0.406024 0.120742 0.000000
0.209555 -0.106238 0.395698 0.000000
0.335373 0.196429 0.100478 0.000000
0.432711 -0.043476 0.216526 0.000000
0.395349 0.356380 0.126469 0.000000
-0.126154 -0.591584 0.129479 0.000000
0.488417 -0.041574 0.105000 0.000000
0.607861 -1.324215 0.115852 1.000000
0.340607 0.366066 0.166503 0.000000
0.492748 -0.122761 0.175099 0.000000
0.363097 -0.645751 0.321314 0.000000
0.400955 0.161474 0.218339 0.000000
0.335625 0.181910 0.111045 0.000000
0.393896 0.041677 0.238858 0.000000
0.360153 -0.622969 0.308299 0.000000
0.129403 -0.326336 0.174654 0.000000
0.454173 -0.015057 0.345553 0.000000
0.195555 -0.172485 0.447686 0.000000
0.444010 0.021209 0.180512 0.000000
0.206161 -0.218339 0.161241 0.000000
0.278868 -1.010760 0.269747 0.000000
0.463047 -1.070339 0.177282 1.000000
0.325385 0.041170 0.174916 0.000000
0.333875 -0.775287 0.212449 0.000000
0.416238 -0.959583 0.563630 0.000000
0.369192 -0.585478 0.304895 0.000000
0.281010 -1.100505 0.251925 0.000000
0.050508 -0.413423 0.166932 0.000000
0.338722 -0.803896 0.202207 0.000000
0.258627 -0.041672 0.347468 0.000000
0.324063 0.088537 0.170520 0.000000
0.145462 -0.271506 0.162966 0.000000
0.347904 0.102141 0.163291 0.000000
0.497842 -0.047867 0.143920 0.000000
0.338526 0.302503 0.161497 0.000000
0.197445 -0.226470 0.161886 0.000000
0.294851 -1.005735 0.215349 0.000000
0.326222 -0.871151 0.213210 0.000000
0.334865 0.200041 0.174623 0.000000
0.379552 0.430450 0.148077 0.000000
0.276074 -0.953593 0.231335 0.000000
0.447229 -1.030030 0.193586 1.000000
0.361553 0.077581 0.180195 0.000000
0.359213 -0.503248 0.282259 0.000000
0.386893 0.339356 0.140666 0.000000
0.393884 0.266704 0.195686 0.000000
0.457234 -1.062063 0.180798 1.000000
0.056209 -0.386808 0.175667 0.000000
0.389061 -0.656738 0.343241 0.000000
0.315767 -0.886759 0.236559 0.000000
0.327268 0.125826 0.252257 0.000000
0.510452 -0.229572 -0.039717 0.000000
0.584585 -0.146557 0.111769 0.000000
0.348450 -0.363015 0.219341 0.000000
0.343124 0.344172 0.111616 0.000000
0.406399 0.313851 0.156128 0.000000
0.414207 -0.142441 0.255270 0.000000
0.082536 -0.351415 0.176676 0.000000
0.375344 0.450406 0.149511 0.000000
0.441924 0.008005 0.205367 0.000000
0.441039 0.008663 0.070990 0.000000
0.341660 0.284881 0.185502 0.000000
0.354902 -0.437284 0.239406 0.000000
0.323406 0.000822 0.183645 0.000000
0.529057 -0.205957 0.162498 0.000000
0.333362 0.084343 0.173640 0.000000
0.333156 -0.638705 0.200980 0.000000
0.341890 -0.751524 0.199260 0.000000
0.325425 -0.286850 0.193758 0.000000
0.430659 -1.013381 0.193443 1.000000
0.435079 0.065660 0.201592 0.000000
0.654188 -0.173894 0.088891 0.000000
0.341168 -0.848740 0.211725 0.000000
0.253446 -0.116791 0.168482 0.000000
0.329277 -0.544508 0.204522 0.000000
0.337950 -0.524469 0.184969 0.000000
0.386769 0.023934 0.235150 0.000000
0.404943 -0.194933 0.287268 0.000000
0.333626 -0.218083 0.187122 0.000000
0.336823 -0.164901 0.181445 0.000000
0.476936 -0.009224 0.107233 0.000000
0.366602 -0.919508 0.211174 1.000000
0.307021 -0.052878 0.035401 0.000000
0.557868 -1.245124 0.129036 1.000000
0.327475 -0.756098 0.201545 0.000000
0.555973 -1.227161 0.136130 1.000000
0.296051 -0.963439 0.251525 0.000000
0.333435 0.158686 0.082932 0.000000
0.279423 -0.051854 0.153779 0.000000
0.333294 -0.596507 0.207360 0.000000
0.282897 -1.008077 0.243967 0.000000
0.176658 -0.248872 0.161772 0.000000
0.285479 -0.933924 0.228350 0.000000
0.351271 -0.893327 0.185434 1.000000
-0.042791 -0.511955 0.132048 0.000000
0.381849 -0.029628 -0.013347 0.000000
0.397274 -0.207172 0.297955 0.000000
0.296725 -1.093560 0.209124 0.000000
0.333767 -0.051706 0.181083 0.000000
0.217423 -0.118257 0.397436 0.000000
0.380330 0.452938 0.132248 0.000000
0.318450 -0.911833 0.218394 0.000000
0.332120 0.003247 0.175999 0.000000
0.345133 -0.894343 0.225831 0.000000
0.295889 -0.955433 0.242600 0.000000
0.381128 -0.942506 0.212870 1.000000
0.322488 0.059028 0.068453 0.000000
0.574344 -1.270652 0.123797 1.000000
0.461228 -1.063439 0.170313 1.000000
0.387679 -0.694343 0.355817 0.000000
0.326587 -0.495117 0.185743 0.000000
0.409559 0.192736 0.121211 0.000000
0.299708 -1.035856 0.230764 0.000000
0.519568 -1.165821 0.150734 1.000000
0.187718 -0.246338 0.535795 0.000000
0.314620 0.022971 0.057404 0.000000
0.282234 -1.089344 0.251395 0.000000
0.379429 0.036002 0.234882 0.000000
0.266627 -1.047127 0.253981 0.000000
0.284223 -0.937198 0.238392 0.000000
0.329499 0.134359 0.169976 0.000000
0.317052 -1.029641 0.226329 0.000000
0.348943 0.270691 0.176785 0.000000
0.346724 -0.439872 0.249478 0.000000
0.351648 0.305278 0.168986 0.000000
0.372544 -0.664110 0.337044 0.000000
0.327508 -0.610179 0.195010 0.000000
0.340769 -0.706991 0.204258 0.000000
0.402539 0.322744 0.156318 0.000000
0.326995 -0.668572 0.210222 0.000000
0.468723 -0.097340 0.046731 0.000000
0.325529 -0.574309 0.192882 0.000000
0.180078 -0.273971 0.578575 0.000000
0.382055 0.367053 0.151736 0.000000
0.282379 -1.044046 0.248582 0.000000
0.268994 -0.080907 0.174812 0.000000
0.437878 0.091769 0.182946 0.000000
0.190163 -0.194572 0.473528 0.000000
0.509866 -1.127846 0.172956 1.000000
0.506182 -0.270717 -0.065368 0.000000
0.283946 -0.952388 0.240945 0.000000
-0.104883 -0.567094 0.124524 0.000000
0.329861 0.111948 0.178395 0.000000
0.435952 -0.110689 0.245424 0.000000
0.441333 0.022961 0.206092 0.000000
0.438010 0.070261 0.119993 0.000000
0.363212 -0.520525 0.297665 0.000000
0.405022 0.219736 0.204341 0.000000
0.249086 -0.055096 0.355070 0.000000
0.369340 0.370842 0.118403 0.000000
0.318316 -0.973245 0.223893 0.000000
0.362909 -0.919636 0.225421 1.000000
0.342864 0.143297 0.129833 0.000000
0.419221 0.228967 0.124401 0.000000
0.279448 -1.054364 0.252631 0.000000
0.358143 -0.487283 0.251762 0.000000
0.287338 -0.918196 0.227002 0.000000
0.303100 0.098198 0.246306 0.000000
0.335132 -0.828119 0.201557 0.000000
0.383124 -0.614405 0.328031 0.000000
0.305287 0.075782 0.274386 0.000000
0.533041 -0.170437 0.161518 0.000000
0.339834 0.362251 0.119125 0.000000
0.301048 -1.062064 0.238341 0.000000
0.320578 -0.181115 0.186158 0.000000
0.406506 0.255798 0.195771 0.000000
0.524989 -0.135793 0.152604 0.000000
0.375374 -0.570237 0.313470 0.000000
0.462198 0.033897 0.143212 0.000000
0.444394 0.063629 0.193131 0.000000
0.575448 -1.287914 0.127427 1.000000
0.333462 -0.317118 0.194485 0.000000
0.027562 -0.452728 0.154586 0.000000
0.323810 0.122243 0.071423 0.000000
0.385244 -0.008249 -0.000128 0.000000
0.328523 0.144148 0.071215 0.000000
0.386902 0.284631 0.121222 0.000000
0.309811 -0.944422 0.230396 0.000000
0.339507 0.251967 0.161720 0.000000
0.381912 -0.714902 0.368937 0.000000
0.338807 -0.506510 0.183485 0.000000
0.340899 -0.607743 0.198277 0.000000
0.526013 -0.187377 0.157927 0.000000
0.385662 -0.018083 0.250252 0.000000
0.278154 -0.065883 0.166958 0.000000
0.380555 -0.791321 0.396684 0.000000
0.189359 -0.151250 0.441127 0.000000
0.339199 -0.826138 0.225232 0.000000
0.458632 -0.024904 0.191643 0.000000
0.269766 0.034803 0.297260 0.000000
0.309016 -0.880072 0.220480 0.000000
0.490005 -0.007131 0.131436 0.000000
0.325425 -0.507265 0.197055 0.000000
0.526862 -0.160252 0.154257 0.000000
0.324576 0.169428 0.210465 0.000000
0.336224 -0.551425 0.185248 0.000000
0.290333 -1.074421 0.244229 0.000000
0.496957 -0.037241 0.129453 0.000000
-0.017333 -0.475602 0.166073 0.000000
0.394249 -0.727310 0.372102 0.000000
0.385691 0.392754 0.126678 0.000000
0.257258 -0.099814 0.144125 0.000000
0.355966 -0.522454 0.264115 0.000000
0.279913 -0.124505 -0.000642 0.000000
0.343069 0.422127 0.152625 0.000000
0.341164 -0.792181 0.218616 0.000000
0.344491 0.204758 0.093743 0.000000
0.350497 -0.385039 0.225857 0.000000
0.390695 -0.919712 0.494278 0.000000
0.330529 -0.542080 0.188595 0.000000
0.328826 0.145864 0.233203 0.000000
0.067766 -0.376665 0.174385 0.000000
0.309936 -1.087490 0.229082 0.000000
0.429166 0.094450 0.194319 0.000000
0.132499 -0.316683 0.168847 0.000000
0.402479 0.387208 0.153087 0.000000
0.330700 -0.306495 0.194707 0.000000
0.513253 -0.117414 0.143893 0.000000
0.397782 0.011070 0.269211 0.000000
0.420304 0.214497 0.167036 0.000000
0.335035 -0.563439 0.199126 0.000000
0.203169 -0.139305 0.418255 0.000000
0.331066 -0.919915 0.213085 0.000000
0.333834 -0.362655 0.232053 0.000000
0.390844 0.310208 0.181971 0.000000
0.328823 0.234418 0.103038 0.000000
0.419001 -0.992561 0.194622 1.000000
0.352628 0.450977 0.144145 0.000000
0.343998 0.119587 0.147754 0.000000
0.524613 -0.095493 0.113796 0.000000
0.400187 0.131648 0.221890 0.000000
0.446721 0.144770 0.126948 0.000000
0.211271 -0.158935 0.421432 0.000000
0.325443 -0.993511 0.228551 0.000000
0.444286 0.005598 0.215030 0.000000
0.314026 -0.977332 0.210140 0.000000
0.386899 0.350091 0.151811 0.000000
0.339460 -0.627721 0.190477 0.000000
0.425264 0.089431 0.090185 0.000000
0.442104 0.062304 0.178975 0.000000
0.397379 0.080809 0.221526 0.000000
0.339419 -0.814296 0.224464 0.000000
0.383898 0.486291 0.119679 0.000000
0.556651 -1.250889 0.136344 1.000000
0.546747 -1.190573 0.148188 1.000000
0.364772 -0.736548 0.363021 0.000000
0.333318 -0.379731 0.236432 0.000000
0.516540 -0.166376 0.158607 0.000000
0.326160 -0.098534 0.183056 0.000000
0.451952 -1.040779 0.190682 1.000000
0.428116 0.209187 0.127491 0.000000
0.395034 0.207712 0.213229 0.000000
0.382334 -0.940471 0.203158 1.000000
0.458007 0.094837 0.136347 0.000000
0.399701 -0.968188 0.209948 1.000000
0.438078 0.190815 0.123849 0.000000
0.397307 0.387393 0.127839 0.000000
0.523374 -0.168545 0.150835 0.000000
0.341653 -0.424366 0.248428 0.000000
0.316620 -0.915353 0.226949 0.000000
0.503821 -0.150412 0.164686 0.000000
0.346537 0.241366 0.191559 0.000000
0.333192 -0.120607 0.186971 0.000000
0.072702 -0.394729 0.167299 0.000000
0.325747 0.109275 0.164169 0.000000
0.398712 0.068083 0.235888 0.000000
0.385217 0.412492 0.137800 0.000000
0.368763 -0.539714 0.300895 0.000000
0.371108 0.045322 0.232292 0.000000
0.524543 -0.268783 0.186878 0.000000
0.460792 -0.052549 0.065873 0.000000
0.452752 -0.033713 0.183003 0.000000
0.340473 -0.430387 0.183014 0.000000
0.052397 -0.396392 0.173755 0.000000
0.302477 -1.035996 0.219526 0.000000
0.385348 0.036458 0.246040 0.000000
0.330273 -0.174262 0.187681 0.000000
0.270359 -0.135365 0.000045 0.000000
0.375234 0.474119 0.148421 0.000000
0.412950 -0.005034 0.289443 0.000000
0.164082 -0.237588 0.154511 0.000000
0.394437 0.212220 0.107062 0.000000
0.334448 -0.813848 0.209683 0.000000
0.292755 -0.088082 0.029091 0.000000
0.400535 -0.955330 0.549941 0.000000
0.280743 -0.972764 0.236004 0.000000
0.613012 -1.333224 0.117465 1.000000
0.328859 -0.647923 0.208519 0.000000
0.241145 -1.105201 0.252402 0.000000
0.368766 -0.792940 0.391648 0.000000
0.273206 -1.074190 0.258272 0.000000
0.352394 -0.691220 0.338875 0.000000
0.333134 -0.137390 0.182038 0.000000
0.221284 -0.129314 0.400037 0.000000
0.599063 -1.287917 0.118139 1.000000
-0.049487 -0.502745 0.149616 0.000000
0.437604 0.162189 0.127651 0.000000
0.372036 -0.043581 -0.029839 0.000000
0.426072 -1.013261 0.180577 1.000000
0.282855 -1.114611 0.251525 0.000000
0.379439 -0.636942 0.334400 0.000000
0.326502 -0.796011 0.205340 0.000000
0.335332 -0.678796 0.204125 0.000000
0.325613 -0.630419 0.202751 0.000000
0.315203 -1.073616 0.237002 0.000000
0.414094 -0.953013 0.528164 0.000000
0.330260 -0.266772 0.185029 0.000000
0.304351 -1.016534 0.225525 0.000000
0.331229 -0.088724 0.188126 0.000000
0.263936 0.009764 0.314162 0.000000
0.105129 -0.332627 0.172227 0.000000
0.376456 0.460514 0.149151 0.000000
0.357016 -0.895413 0.222715 1.000000
0.335242 0.168317 0.170111 0.000000
0.365122 -0.532775 0.290998 0.000000
0.502882 -0.052721 0.152185 0.000000
0.335120 -0.497211 0.198586 0.000000
0.434110 0.072434 0.183969 0.000000
0.299696 -0.013848 0.053466 0.000000
0.360600 -0.511520 0.275321 0.000000
0.492504 -0.148659 0.031666 0.000000
0.400729 0.009869 0.283274 0.000000
0.406832 0.253636 0.165825 0.000000
0.330733 -0.621448 0.195719 0.000000
0.341038 0.237606 0.207147 0.000000
0.361474 -0.537653 0.263486 0.000000
0.438950 0.040343 0.200523 0.000000
0.391750 0.250522 0.199124 0.000000
0.268595 -1.086607 0.275089 0.000000
0.296356 -1.001208 0.223211 0.000000
0.261640 -0.010282 0.330576 0.000000
0.233571 -0.043108 0.352189 0.000000
0.414599 0.190490 0.180316 0.000000
0.360674 -0.906683 0.207996 1.000000
0.385367 0.375716 0.123516 0.000000
0.259767 -0.095996 0.159466 0.000000
0.430315 -1.003063 0.207878 1.000000
0.356210 -0.599173 0.288443 0.000000
0.330571 -0.195927 0.188052 0.000000
0.393656 0.057745 0.026601 0.000000
0.304572 -0.911288 0.236819 0.000000
-0.073937 -0.537606 0.146221 0.000000
-0.099131 -0.560388 0.121665 0.000000
0.393149 -0.948133 0.174415 1.000000
0.372975 -0.723934 0.361841 0.000000
0.465684 -0.059531 0.183972 0.000000
0.373681 -0.656571 0.342560 0.000000
0.136865 -0.224744 -0.044185 0.000000
0.401665 -0.893247 0.462255 0.000000
0.435816 0.056317 0.206746 0.000000
0.322308 -1.154165 0.245352 0.000000
0.335607 -0.756547 0.208528 0.000000
0.331397 -0.108706 0.183283 0.000000
0.340164 -0.287878 0.199574 0.000000
0.391940 0.342433 0.125085 0.000000
-0.034293 -0.485582 0.155427 0.000000
0.304852 0.087824 0.260897 0.000000
0.218534 -0.106605 0.390911 0.000000
0.401277 -0.913214 0.477868 0.000000
0.322338 -0.980308 0.228502 0.000000
0.327612 -1.167249 0.248346 0.000000
0.028135 -0.440745 0.161836 0.000000
-0.051539 -0.520006 0.148292 0.000000
0.336629 -0.254773 0.200688 0.000000
0.282418 0.011678 0.311137 0.000000
0.365907 -0.576733 0.296716 0.000000
0.222942 -0.063476 0.371285 0.000000
0.190991 -0.206103 -0.032383 0.000000
0.326074 0.112551 0.263333 0.000000
0.395093 0.059894 0.232518 0.000000
0.350314 -0.404149 0.229922 0.000000
0.325240 -1.035390 0.227619 0.000000
0.421307 0.172273 0.104938 0.000000
0.217465 -0.142057 0.407092 0.000000
0.001035 -0.466100 0.154277 0.000000
0.387528 0.420192 0.132764 0.000000
0.404047 0.008527 0.296266 0.000000
0.392462 0.295394 0.158452 0.000000
0.257246 -1.021268 0.248301 0.000000
0.401338 -0.962657 0.173622 1.000000
0.470188 0.024744 0.146785 0.000000
0.341935 -0.636189 0.205608 0.000000
0.539119 -1.219579 0.140416 1.000000
0.362420 0.299099 0.103163 0.000000
0.474727 -0.092008 0.184054 0.000000
0.477835 -1.078736 0.186838 1.000000
0.081917 -0.382253 0.167628 0.000000
0.315624 -0.887323 0.225643 0.000000
0.360251 -0.586347 0.295953 0.000000
0.306219 0.001876 0.053393 0.000000
0.206000 -0.199796 0.152560 0.000000
0.369500 -0.926075 0.174245 1.000000
0.307758 -1.048456 0.226588 0.000000
0.335601 -0.341042 0.189242 0.000000
0.422256 0.144962 0.184755 0.000000
0.437559 -0.013331 0.329745 0.000000
0.317837 0.120980 0.238972 0.000000
0.344071 -0.676673 0.205158 0.000000
0.346485 -0.334553 0.200944 0.000000
0.297537 -0.996579 0.208822 0.000000
0.320950 -0.889658 0.205975 0.000000
0.462296 -0.024358 0.348939 0.000000
0.479133 0.001638 0.143129 0.000000
0.585085 -1.283853 0.126401 1.000000
0.391696 0.019312 0.269594 0.000000
0.293067 -1.061507 0.248040 0.000000
0.337393 -0.697311 0.205212 0.000000
0.310777 0.017278 0.173619 0.000000
0.371393 -0.928500 0.212169 1.000000
0.403686 0.467413 0.117638 0.000000
0.507247 -1.132627 0.165763 1.000000
0.268086 -1.079994 0.265509 0.000000
0.325266 -0.761799 0.208260 0.000000
0.436912 -1.030355 0.191575 1.000000
0.297462 -0.984571 0.219599 0.000000
0.366758 -0.714329 0.356660 0.000000
0.197158 -0.163704 0.439482 0.000000
0.430901 0.098212 0.185021 0.000000
0.326074 0.040976 0.060929 0.000000
0.437576 0.024660 0.073318 0.000000
0.290610 -1.033530 0.240116 0.000000
0.355105 -0.911431 0.225803 1.000000
0.346151 0.310465 0.163241 0.000000
0.359802 -0.542260 0.273710 0.000000
0.275506 -1.072940 0.243768 0.000000
0.321093 0.122130 0.167578 0.000000
0.410473 0.148559 0.102840 0.000000
0.337031 -0.514077 0.195061 0.000000
0.378227 -0.943985 0.185243 1.000000
0.506420 -0.166985 0.156376 0.000000
0.281670 0.050941 0.286158 0.000000
0.292919 -1.045927 0.210842 0.000000
0.079590 -0.246589 -0.044106 0.000000
0.324108 -0.881826 0.212204 0.000000
0.570617 -1.221893 0.136842 1.000000
0.326150 -0.044429 0.181660 0.000000
0.293375 0.061286 0.277768 0.000000
0.142129 -0.307480 0.168622 0.000000
0.380992 -0.003797 0.244614 0.000000
0.453863 -1.065158 0.165537 1.000000
0.305200 -0.986434 0.231850 0.000000
0.373551 -0.028287 -0.025518 0.000000
0.223143 -0.174539 0.155219 0.000000
0.328560 0.153457 0.166020 0.000000
0.156716 -0.255840 0.160181 0.000000
0.404797 -0.927202 0.486319 0.000000
0.374673 -0.929375 0.198190 1.000000
0.284449 -1.128556 0.256097 0.000000
0.398387 0.263180 0.109735 0.000000
0.370050 -0.611413 0.320474 0.000000
0.487354 -1.096245 0.162337 1.000000
-0.037080 -0.499096 0.148319 0.000000
0.339539 -0.260118 0.186421 0.000000
0.364845 -0.078821 0.295605 0.000000
0.609356 -1.315454 0.116319 1.000000
0.178809 -0.259371 0.165392 0.000000
0.201384 -0.154397 0.428532 0.000000
0.396133 0.168341 0.077680 0.000000
0.328473 0.100319 0.073592 0.000000
0.498858 -0.064041 0.113857 0.000000
0.329143 -0.582071 0.205511 0.000000
0.344073 -0.772519 0.209873 0.000000
0.335202 -0.658268 0.202105 0.000000
0.416523 0.190865 0.133266 0.000000
0.332667 -0.512898 0.182414 0.000000
0.380086 -0.735488 0.371257 0.000000
0.622553 -1.328438 0.111131 1.000000
0.404293 0.174209 0.109060 0.000000
0.446746 -1.032633 0.175559 1.000000
0.399034 0.231060 0.104247 0.000000
-0.082153 -0.545001 0.132966 0.000000
0.297556 -1.020747 0.229367 0.000000
0.311556 -0.856520 0.216755 0.000000
0.334350 -0.841469 0.210750 0.000000
0.330424 -0.863294 0.210293 0.000000
0.341099 -0.733111 0.199915 0.000000
0.373521 0.451437 0.113567 0.000000
0.031472 -0.443766 0.153448 0.000000
0.296093 -0.071351 0.034955 0.000000
0.321714 -1.133564 0.240325 0.000000
0.105609 -0.350683 0.169556 0.000000
0.295140 -1.061394 0.210785 0.000000
0.330706 -0.333603 0.218259 0.000000
0.429835 0.195246 0.130303 0.000000
0.398380 0.234671 0.206062 0.000000
0.242714 -0.122491 0.143039 0.000000
0.297198 -0.916434 0.219949 0.000000
0.337780 -0.543507 0.207465 0.000000
0.353036 0.253747 0.178133 0.000000
0.228052 -0.191622 0.168609 0.000000
0.330115 -0.355723 0.237214 0.000000
0.333972 0.245793 0.158717 0.000000
0.356800 -0.905128 0.197186 1.000000
0.215276 -0.191116 -0.033263 0.000000
0.324555 0.210864 0.112179 0.000000
0.583667 -1.270640 0.124256 1.000000
0.273080 -1.036517 0.269146 0.000000
0.401068 -0.907093 0.468793 0.000000
0.432226 0.051867 0.084092 0.000000
0.333432 -0.739390 0.214297 0.000000
0.339853 -0.538836 0.186117 0.000000
0.321552 -0.114522 0.185504 0.000000
0.263368 -1.129508 0.241974 0.000000
0.430964 -0.113285 0.238661 0.000000
0.306011 0.011130 0.167971 0.000000
0.508383 -0.074282 0.134709 0.000000
0.391389 0.295747 0.121302 0.000000
0.333086 0.167210 0.085009 0.000000
0.336051 -0.392853 0.191127 0.000000
0.394603 0.401530 0.144975 0.000000
0.317175 -1.038507 0.226112 0.000000
0.436469 0.033165 0.087633 0.000000
0.346149 0.407062 0.155309 0.000000
0.331449 -0.601356 0.190956 0.000000
0.406688 0.297995 0.160392 0.000000
0.341001 -0.827509 0.209689 0.000000
0.331179 -0.379541 0.187159 0.000000
0.351337 0.384464 0.122002 0.000000
0.354983 -0.469852 0.266049 0.000000
0.310358 -0.044820 0.034599 0.000000
0.335413 -0.432315 0.200974 0.000000
0.321168 0.139997 0.171465 0.000000
0.607808 -1.293527 0.119065 1.000000
0.332660 0.257903 0.171240 0.000000
0.362148 -0.691024 0.340574 0.000000
0.327393 0.023266 0.057054 0.000000
0.505837 -0.077294 0.120223 0.000000
0.364013 0.055628 0.219446 0.000000
0.407529 0.194566 0.108474 0.000000
0.352295 -0.438141 0.259009 0.000000
0.379920 0.388385 0.145881 0.000000
0.248634 -0.136665 0.170256 0.000000
0.422339 -0.999411 0.213372 1.000000
0.306820 -0.015892 0.044897 0.000000
0.314547 -1.128108 0.234803 0.000000
0.333146 -0.550810 0.199888 0.000000
0.330194 -0.890727 0.218441 0.000000
0.336409 -0.801361 0.210929 0.000000
0.287378 -0.111210 0.024726 0.000000
0.388097 0.030540 0.020455 0.000000
0.326209 -0.145121 0.190396 0.000000
0.306571 0.000100 0.147905 0.000000
0.248211 -1.061677 0.243743 0.000000
0.352778 0.416835 0.150461 0.000000
0.349442 0.259906 0.113071 0.000000
0.293752 -0.996915 0.260754 0.000000
0.009202 -0.462377 0.152796 0.000000
0.405245 0.275596 0.119188 0.000000
0.334369 -0.489210 0.189142 0.000000
0.358354 -0.459415 0.248076 0.000000
0.408849 -0.962117 0.545785 0.000000
0.415735 0.236934 0.124462 0.000000
0.456624 0.112098 0.128806 0.000000
0.320627 -0.841961 0.219147 0.000000
0.188477 -0.229447 0.520369 0.000000
0.496804 -1.123491 0.156627 1.000000
0.291576 -0.025349 0.159927 0.000000
0.375045 0.463575 0.130814 0.000000
0.318295 -0.938692 0.222900 0.000000
0.273370 -1.129528 0.250780 0.000000
0.509960 -0.199357 -0.020607 0.000000
0.329252 0.168234 0.119216 0.000000
0.301532 -0.886482 0.227185 0.000000
0.285418 -0.042071 0.169373 0.000000
0.521388 -0.119616 0.145962 0.000000
0.185449 -0.241323 0.162552 0.000000
0.342531 -0.689740 0.204507 0.000000
0.393809 -0.933874 0.523382 0.000000
0.182894 -0.260321 0.563719 0.000000
0.346707 0.443316 0.156770 0.000000
0.508555 -0.177484 0.006292 0.000000
0.425789 -0.007369 0.314393 0.000000
0.197682 -0.185618 0.455787 0.000000
0.298312 -1.015139 0.217421 0.000000
0.451901 -1.037880 0.163292 1.000000
0.493036 -0.056613 0.110825 0.000000
0.217872 -0.204558 0.164691 0.000000
0.463494 -1.057042 0.184050 1.000000
0.153471 -0.291407 0.166805 0.000000
0.383660 0.446277 0.148529 0.000000
0.361478 -0.905101 0.220337 1.000000
0.324982 0.161781 0.165570 0.000000
-0.026422 -0.487279 0.142690 0.000000
0.437004 -0.066858 0.227571 0.000000
0.289290 -1.072790 0.229571 0.000000
0.370101 -0.524600 0.302620 0.000000
0.432353 0.120161 0.177249 0.000000
0.332097 -0.347598 0.194772 0.000000
0.396290 0.331694 0.160344 0.000000
0.368259 0.434107 0.124341 0.000000
0.342008 -0.316437 0.195476 0.000000
0.362180 -0.547701 0.286779 0.000000
0.300747 -0.077532 0.023508 0.000000
0.196761 -0.125114 0.414403 0.000000
0.303748 -1.027721 0.216783 0.000000
0.354470 -0.894056 0.203990 1.000000
0.189288 -0.212140 0.496154 0.000000
0.356661 -0.521157 0.285471 0.000000
0.291717 -1.089268 0.246080 0.000000
0.378712 -0.773388 0.386452 0.000000
0.519644 -0.177523 0.155665 0.000000
0.376665 -0.053658 -0.027983 0.000000
0.293062 -0.968737 0.242956 0.000000
0.474266 -1.079303 0.174680 1.000000
0.417638 0.109078 0.098896 0.000000
0.390677 0.106159 0.050647 0.000000
0.324614 -0.059872 0.188346 0.000000
0.416293 -0.969015 0.576941 0.000000
0.095266 -0.342970 0.175589 0.000000
0.303056 -0.921700 0.239260 0.000000
0.345064 -0.394237 0.239015 0.000000
0.295605 0.030953 0.305440 0.000000
0.085280 -0.368788 0.170076 0.000000
0.264289 -0.035475 0.344192 0.000000
0.388547 0.274973 0.120781 0.000000
0.341517 0.333206 0.158995 0.000000
0.294938 -1.080651 0.208135 0.000000
0.395701 0.275016 0.192108 0.000000
0.387875 0.329258 0.152191 0.000000
0.438352 0.008753 0.080410 0.000000
0.375951 0.036600 0.249893 0.000000
0.380994 -0.708587 0.360800 0.000000
0.331371 0.232603 0.159116 0.000000
0.371988 -0.041464 0.264522 0.000000
0.253493 -0.160577 -0.017140 0.000000
0.332821 -0.251303 0.193484 0.000000
0.382769 -0.944108 0.221136 1.000000
0.324842 -0.016523 0.174278 0.000000
0.333877 0.357922 0.123521 0.000000
0.602651 -0.157536 0.108745 0.000000
0.345997 -0.324344 0.196065 0.000000
0.446157 -0.005586 0.074596 0.000000
0.327353 0.152502 0.126163 0.000000
0.281737 -0.966609 0.245659 0.000000
0.287381 -0.963863 0.236395 0.000000
0.212407 -0.132564 0.407537 0.000000
0.353865 -0.327078 0.200734 0.000000
0.339411 0.206226 0.220841 0.000000
0.378270 -0.579154 0.317225 0.000000
0.385360 0.290347 0.127402 0.000000
0.335284 -0.444852 0.188942 0.000000
0.541016 -0.116046 0.117292 0.000000
0.473983 -1.065690 0.189959 1.000000
0.496586 -1.129561 0.166744 1.000000
0.318684 0.052742 0.063616 0.000000
0.346328 0.277917 0.187136 0.000000
0.347738 0.242936 0.094762 0.000000
0.344735 0.235132 0.105286 0.000000
0.463976 0.064595 0.135428 0.000000
0.337177 -0.408399 0.193744 0.000000
0.324316 -0.259295 0.194322 0.000000
0.393751 0.078506 0.038008 0.000000
0.344172 -0.718941 0.204470 0.000000
0.397525 0.239338 0.098705 0.000000
0.313812 -0.980443 0.228316 0.000000
0.407509 -0.965016 0.562850 0.000000
0.324099 -0.135432 0.184226 0.000000
0.378435 -0.622432 0.329118 0.000000
0.508306 -0.068867 0.152153 0.000000
0.298672 -0.881818 0.220655 0.000000
0.300540 -1.077136 0.219897 0.000000
0.319213 -0.006436 0.045658 0.000000
0.326405 -0.276065 0.193465 0.000000
0.339440 0.320958 0.154875 0.000000
0.049075 -0.405967 0.170782 0.000000
0.433061 -0.052083 0.219621 0.000000
0.428330 0.071073 0.082799 0.000000
0.337513 -0.768728 0.199847 0.000000
0.330023 -0.528507 0.197396 0.000000
0.340830 0.374221 0.157374 0.000000
0.298672 -1.137360 0.215918 0.000000
0.370211 -0.575742 0.304895 0.000000
0.481161 0.045858 0.132923 0.000000
0.389210 -0.913644 0.488526 0.000000
0.329774 -0.170208 0.180239 0.000000
0.333413 -0.571187 0.193274 0.000000
0.335172 0.084524 0.071937 0.000000
0.326922 -0.083075 0.181425 0.000000
0.297395 -0.015478 0.152887 0.000000
0.328711 -0.129687 0.190437 0.000000
0.326604 0.085512 0.178896 0.000000
0.351321 0.392775 0.162226 0.000000
0.392530 0.030983 0.008326 0.000000
0.438392 0.022680 0.194307 0.000000
0.352710 0.448090 0.152105 0.000000
0.342717 -0.549894 0.196466 0.000000
0.147215 -0.220782 -0.041297 0.000000
0.394393 -0.870809 0.444201 0.000000
0.426479 0.101404 0.089797 0.000000
0.506823 -1.119161 0.170947 1.000000
0.341398 0.325859 0.105822 0.000000
0.430431 -0.984734 0.599331 0.000000
0.322412 0.121255 0.247062 0.000000
0.445812 -0.026210 0.063903 0.000000
0.196235 -0.146639 0.428294 0.000000
0.343862 -0.482953 0.192559 0.000000
0.322084 -0.108075 0.191718 0.000000
0.298424 -1.132757 0.228361 0.000000
0.435772 -0.017969 0.316660 0.000000
0.380794 -0.866574 0.438703 0.000000
0.393934 0.361813 0.166396 0.000000
0.347658 0.471726 0.147300 0.000000
0.422148 0.156944 0.095735 0.000000
0.487776 -0.047238 0.111758 0.000000
0.339754 0.192291 0.216423 0.000000
0.304151 0.050525 0.297174 0.000000
0.473429 -1.090585 0.167497 1.000000
0.329724 -0.165403 0.187327 0.000000
0.037385 -0.408857 0.173934 0.000000
0.363441 -0.070682 0.283946 0.000000
0.402212 -0.944787 0.546955 0.000000
0.574273 -1.255459 0.128777 1.000000
0.300825 -1.002155 0.203120 0.000000
0.350885 0.094838 0.168739 0.000000
0.349678 -0.458307 0.272279 0.000000
0.248863 -0.127118 0.164279 0.000000
0.336074 -0.456743 0.192956 0.000000
0.359402 0.290207 0.108476 0.000000
0.229537 -0.191771 -0.022049 0.000000
0.422100 -1.005566 0.194127 1.000000
0.372374 -0.032751 0.264812 0.000000
0.510723 -0.189161 -0.007615 0.000000
0.514805 -0.216473 -0.031343 0.000000
0.430917 0.147688 0.172237 0.000000
0.258084 -0.105439 0.171919 0.000000
0.319235 0.036242 0.177880 0.000000
-0.067744 -0.532354 0.131737 0.000000
0.504093 -0.254403 -0.060616 0.000000
0.449480 -0.044647 0.059331 0.000000
0.436055 0.055249 0.189409 0.000000
0.269555 -0.152867 0.005439 0.000000
0.325388 0.186513 0.109000 0.000000
0.368915 -0.678800 0.336956 0.000000
0.406058 -0.943865 0.513638 0.000000
0.510430 -0.079667 0.145997 0.000000
0.327434 -0.897409 0.213761 0.000000
0.569651 -1.285412 0.121871 1.000000
0.331578 0.287824 0.101214 0.000000
0.279703 -0.122252 0.019900 0.000000
0.423675 0.119131 0.121674 0.000000
0.073650 -0.385180 0.170001 0.000000
0.397190 -0.902458 0.462953 0.000000
0.328024 -0.412017 0.185945 0.000000
0.355747 0.103548 0.156242 0.000000
0.398294 0.090280 0.230032 0.000000
0.186936 -0.245418 0.544476 0.000000
0.245510 -0.015283 0.334107 0.000000
0.469721 -1.068564 0.182345 1.000000
0.307572 -1.030715 0.230716 0.000000
0.318779 -0.945661 0.206872 0.000000
0.390391 -0.929977 0.498664 0.000000
0.556655 -1.212765 0.141870 1.000000
0.339946 -0.595930 0.189258 0.000000
0.500867 -0.157122 0.160625 0.000000
0.394903 0.157681 0.073145 0.000000
0.281709 0.020642 0.309198 0.000000
0.532327 -1.170787 0.160087 1.000000
0.202362 -0.198521 -0.031954 0.000000
0.311592 -0.906686 0.214452 0.000000
0.489291 -0.127928 0.040666 0.000000
0.404427 0.181499 0.211280 0.000000
0.311027 -0.902533 0.231158 0.000000
0.365555 -0.585047 0.312552 0.000000
0.266458 -1.041655 0.245733 0.000000
0.376050 0.335370 0.116284 0.000000
0.396900 0.387119 0.145112 0.000000
0.422073 -0.138939 0.255709 0.000000
0.413540 0.000644 0.299701 0.000000
0.397850 0.373169 0.153506 0.000000
0.118290 -0.313351 0.171822 0.000000
0.384799 -0.000921 -0.010535 0.000000
0.267807 -1.061442 0.264682 0.000000
0.119748 -0.229085 -0.048433 0.000000
0.343366 0.174080 0.112413 0.000000
0.412309 0.153002 0.191046 0.000000
0.436348 0.060224 0.075146 0.000000
0.431300 0.136219 0.174570 0.000000
0.460575 -1.056094 0.174177 1.000000
0.529333 -1.192511 0.137580 1.000000
0.288035 -0.989702 0.253803 0.000000
0.326392 -0.741744 0.201922 0.000000
-0.103384 -0.572722 0.130462 0.000000
0.292765 -0.059662 0.045004 0.000000
0.329652 -0.267746 0.193267 0.000000
0.346909 0.455574 0.150010 0.000000
0.369981 0.464793 0.123932 0.000000
0.486978 -1.099478 0.172015 1.000000
0.322233 -0.069289 0.177269 0.000000
0.525859 -0.239496 0.175609 0.000000
0.171931 -0.264625 0.164866 0.000000
0.235914 -0.027549 0.343357 0.000000
0.399429 0.153966 0.221558 0.000000
0.332373 -0.402462 0.182946 0.000000
0.530911 -0.151230 0.161359 0.000000
0.434746 0.087904 0.080905 0.000000
0.219476 -0.091697 0.383219 0.000000
0.404234 0.279439 0.161877 0.000000
0.323831 0.026767 0.175752 0.000000
0.395386 -0.965482 0.191590 1.000000
0.325203 -0.153670 0.188463 0.000000
-0.029390 -0.498375 0.138537 0.000000
0.382229 0.307129 0.118421 0.000000
0.331072 0.217418 0.166532 0.000000
0.353107 0.260354 0.099229 0.000000
0.309485 -1.071812 0.222768 0.000000
0.328445 -0.558515 0.198184 0.000000
0.343405 0.318862 0.165807 0.000000
0.309210 -1.096094 0.229981 0.000000
0.324813 -0.855044 0.214421 0.000000
0.386911 -0.762220 0.389613 0.000000
0.359460 -0.429865 0.232669 0.000000
0.393879 -0.954382 0.226702 1.000000
0.337736 0.229713 0.106662 0.000000
0.323827 0.236803 0.110208 0.000000
0.290136 -1.011697 0.249331 0.000000
0.331971 0.134375 0.138907 0.000000
0.366926 0.436725 0.115214 0.000000
0.333706 0.172088 0.162364 0.000000
0.464743 0.020031 0.141632 0.000000
0.333124 -0.375100 0.194759 0.000000
0.322572 -0.021378 0.185481 0.000000
0.591080 -1.289106 0.124249 1.000000
0.308907 -0.973488 0.204900 0.000000
0.282251 -0.986826 0.241334 0.000000
0.187087 -0.165484 0.453728 0.000000
0.101453 -0.241308 -0.047754 0.000000
0.296394 -0.912359 0.236701 0.000000
0.375498 -0.937216 0.216441 1.000000
0.324238 -0.430645 0.188033 0.000000
0.336893 0.197446 0.233951 0.000000
0.400983 -0.945850 0.533294 0.000000
0.444300 -1.029803 0.165606 1.000000
0.334737 -0.866636 0.202909 0.000000
0.404624 0.237096 0.200520 0.000000
0.525746 -0.033520 0.408294 0.000000
0.436453 0.109972 0.178435 0.000000
0.233458 -0.072269 0.364899 0.000000
0.334105 -0.713015 0.206721 0.000000
0.482421 -0.089093 0.057901 0.000000
0.361061 -0.909539 0.178631 1.000000
0.336161 0.208631 0.103490 0.000000
0.478498 -0.035982 0.115651 0.000000
0.370576 0.349578 0.121887 0.000000
0.092828 -0.239614 -0.047270 0.000000
0.356074 -0.398779 0.226466 0.000000
0.123667 -0.328369 0.169123 0.000000
0.305699 -1.017520 0.214243 0.000000
0.501760 -1.116162 0.164596 1.000000
0.583303 -1.298917 0.120914 1.000000
0.428710 -0.993601 0.213808 1.000000
0.275981 -0.059121 0.151954 0.000000
0.393320 0.110539 0.227609 0.000000
0.503201 -0.063753 0.156944 0.000000
0.340775 -0.343920 0.212293 0.000000
0.507257 -0.062184 0.142382 0.000000
0.311769 0.039428 0.059527 0.000000
0.437475 0.101274 0.169314 0.000000
0.337542 -0.577278 0.208187 0.000000
0.336869 -0.514962 0.203549 0.000000
0.227643 -0.081299 0.373832 0.000000
0.292867 -0.930469 0.229110 0.000000
0.425583 0.077505 0.090019 0.000000
0.371145 -0.057166 0.274218 0.000000
0.289570 -1.048992 0.247724 0.000000
0.385478 0.296260 0.154153 0.000000
0.321128 0.008533 0.052072 0.000000
0.333921 -0.294308 0.187010 0.000000
0.329009 0.267353 0.103983 0.000000
0.343469 0.287469 0.164419 0.000000
0.445908 -1.024077 0.199026 1.000000
0.334042 -0.873288 0.210283 0.000000
0.372566 -0.666390 0.344890 0.000000
0.436444 0.058369 0.086654 0.000000
0.444702 0.045294 0.184228 0.000000
0.310554 -0.975564 0.217311 0.000000
0.491042 -1.128952 0.158502 1.000000
0.473886 -0.087286 0.056808 0.000000
0.295245 -0.028062 0.049939 0.000000
0.315078 -1.025128 0.241035 0.000000
0.138789 -0.288963 0.169728 0.000000
0.465558 -0.034966 0.192626 0.000000
0.348246 -0.418830 0.249219 0.000000
0.359080 -0.443925 0.237157 0.000000
0.392254 0.313302 0.131604 0.000000
0.478735 0.038133 0.131299 0.000000
0.386827 0.330200 0.137422 0.000000
-0.012776 -0.468884 0.166763 0.000000
0.400088 0.187594 0.088730 0.000000
0.436158 -0.081508 0.225995 0.000000
0.350464 0.432867 0.148688 0.000000
0.264396 0.016837 0.308096 0.000000
0.534273 -0.199238 0.164841 0.000000
0.346483 0.171084 0.094398 0.000000
0.333447 -0.430178 0.189053 0.000000
-0.066326 -0.535691 0.144070 0.000000
0.337867 -0.706182 0.196487 0.000000
0.547479 -1.198638 0.145990 1.000000
0.390052 0.406708 0.149870 0.000000
0.523217 -0.151871 0.146981 0.000000
0.336784 0.174568 0.077234 0.000000
0.374690 -0.647083 0.339626 0.000000
0.338874 -0.865722 0.216441 0.000000
0.326768 -0.681185 0.197545 0.000000
0.385235 0.432131 0.130311 0.000000
0.064314 -0.405342 0.166510 0.000000
0.387853 -0.006487 0.248017 0.000000
0.186614 -0.217583 0.153149 0.000000
0.003395 -0.453941 0.163754 0.000000
0.126144 -0.310851 0.170638 0.000000
0.230174 -0.160060 0.154254 0.000000
0.336837 -0.384867 0.182819 0.000000
0.340354 0.193180 0.105987 0.000000
0.393730 0.017093 0.285154 0.000000
0.186945 -0.257391 0.547750 0.000000
0.404054 0.212024 0.206634 0.000000
0.331436 -0.487851 0.200649 0.000000
0.329121 0.040437 0.182062 0.000000
0.327003 -0.455458 0.190708 0.000000
0.342046 0.157156 0.089713 0.000000
0.489622 0.013656 0.127314 0.000000
0.377414 -0.882350 0.444239 0.000000
0.484473 -0.129978 0.173156 0.000000
0.291446 -1.050755 0.239080 0.000000
0.399140 0.324240 0.163499 0.000000
0.325874 -0.779013 0.205377 0.000000
0.560452 -0.044773 0.429717 0.000000
0.471042 -1.074529 0.161897 1.000000
0.473251 -0.066268 0.066431 0.000000
0.423288 0.199002 0.124133 0.000000
0.277827 -0.960933 0.228445 0.000000
0.332209 -0.421044 0.196005 0.000000
0.333944 -0.291814 0.196186 0.000000
0.336808 -0.454163 0.200877 0.000000
0.389096 0.004506 0.244540 0.000000
0.364730 -0.916373 0.186260 1.000000
0.311812 0.029196 0.186067 0.000000
0.347312 0.382904 0.161066 0.000000
0.329799 -0.341513 0.216950 0.000000
0.416599 0.197529 0.172924 0.000000
0.019839 -0.431733 0.170381 0.000000
0.396461 0.240472 0.168483 0.000000
-0.113946 -0.581789 0.123231 0.000000
0.511424 -1.140565 0.168899 1.000000
0.395228 0.034259 0.241727 0.000000
0.322207 -0.917408 0.213948 0.000000
0.292540 -0.075593 0.040816 0.000000
0.188309 -0.202727 -0.040732 0.000000
0.381759 -0.011103 -0.015980 0.000000
0.323134 -0.889844 0.233542 0.000000
0.076693 -0.356913 0.177320 0.000000
0.317967 0.110814 0.251227 0.000000
0.325097 0.197748 0.110678 0.000000
0.190983 -0.182142 0.462474 0.000000
0.460252 -0.046218 0.188881 0.000000
0.332777 -0.590711 0.198927 0.000000
0.336503 -0.786560 0.200429 0.000000
0.313493 -1.111596 0.237116 0.000000
0.328792 -0.347962 0.225668 0.000000
0.424916 0.173948 0.171793 0.000000
0.336447 -0.246780 0.201388 0.000000
0.515551 -0.276595 0.186324 0.000000
0.319653 -0.306226 0.198132 0.000000
-0.062529 -0.528707 0.126038 0.000000
0.350319 0.286889 0.175365 0.000000
0.417698 0.129433 0.098469 0.000000
0.359662 -0.527440 0.293441 0.000000
0.438756 -0.076794 0.232987 0.000000
0.352940 0.458828 0.142578 0.000000
0.482436 -0.099934 0.053397 0.000000
0.348919 0.156232 0.119718 0.000000
0.257090 -0.159365 -0.000620 0.000000
0.162531 -0.210532 -0.037732 0.000000
0.336271 0.097293 0.075408 0.000000
0.440218 0.078790 0.179049 0.000000
0.397664 0.247386 0.112832 0.000000
0.415724 0.172781 0.095865 0.000000
0.321584 -1.118337 0.241269 0.000000
0.493440 -0.072487 0.116217 0.000000
0.381480 -0.628975 0.334415 0.000000
0.321696 -0.189966 0.191209 0.000000
0.363148 -0.517516 0.280971 0.000000
0.329762 0.142581 0.080394 0.000000
0.289406 0.049447 0.289844 0.000000
0.423937 -0.978999 0.573138 0.000000
0.079425 -0.370817 0.179897 0.000000
0.398627 0.339085 0.122215 0.000000
0.241711 -0.134490 0.147253 0.000000
0.324490 -0.215623 0.197412 0.000000
0.267102 -1.080678 0.239069 0.000000
0.377149 -0.602167 0.325115 0.000000
0.409013 0.247594 0.116561 0.000000
0.471736 0.051917 0.132671 0.000000
0.419726 0.243088 0.132836 0.000000
0.384191 -0.668598 0.348331 0.000000
0.392922 0.280787 0.160921 0.000000
0.298820 -1.081030 0.234315 0.000000
0.179682 -0.264433 0.570229 0.000000
-0.127937 -0.592685 0.121786 0.000000
0.226280 -0.179070 0.160981 0.000000
0.410315 0.286744 0.121897 0.000000
0.387511 -0.723229 0.373324 0.000000
0.350885 -0.445491 0.253306 0.000000
0.436312 -0.019485 0.324834 0.000000
0.331235 0.131718 0.259105 0.000000
-0.078848 -0.544219 0.125325 0.000000
0.315129 0.067434 0.064986 0.000000
0.399335 0.252133 0.197223 0.000000
0.326753 0.015056 0.177866 0.000000
0.354720 0.073108 0.194804 0.000000
0.043757 -0.421211 0.165255 0.000000
0.328530 -0.474268 0.199925 0.000000
0.287336 -1.063998 0.252966 0.000000
0.335702 0.233118 0.099257 0.000000
0.391703 -0.780488 0.395755 0.000000
-0.043923 -0.500440 0.154811 0.000000
0.222998 -0.161840 0.145581 0.000000
0.406767 -0.868328 0.444799 0.000000
0.328603 -0.234727 0.193783 0.000000
0.616226 -1.325914 0.120747 1.000000
0.344254 -0.873902 0.197899 1.000000
0.111390 -0.337671 0.171018 0.000000
0.474733 -1.098384 0.158170 1.000000
0.328749 -0.344608 0.187395 0.000000
0.369421 0.339728 0.115916 0.000000
0.497891 -1.133741 0.159623 1.000000
-0.025295 -0.483271 0.156606 0.000000
0.318988 0.131797 0.228091 0.000000
0.388191 0.018507 0.005799 0.000000
0.339935 0.300233 0.179347 0.000000
0.328496 -0.460744 0.196484 0.000000
0.430428 0.079602 0.199956 0.000000
0.426309 -0.968757 0.583756 0.000000
0.332753 0.169284 0.216315 0.000000
0.328523 -0.684252 0.208644 0.000000
0.466187 -0.076713 0.058228 0.000000
0.314876 -0.906988 0.206461 0.000000
0.152574 -0.274618 0.166028 0.000000
0.363128 -0.667509 0.330535 0.000000
0.181413 -0.264068 0.554555 0.000000
0.363284 -0.602175 0.305786 0.000000
0.344324 0.216043 0.199230 0.000000
0.339465 -0.472797 0.185091 0.000000
0.385607 0.286303 0.113345 0.000000
0.325313 0.127282 0.171851 0.000000
0.410532 0.199351 0.126239 0.000000
0.352207 0.083475 0.180286 0.000000
0.373222 -0.926655 0.182194 1.000000
0.222330 -0.193219 0.163400 0.000000
0.395554 0.324359 0.128511 0.000000
0.444461 0.131052 0.126005 0.000000
0.344767 -0.380034 0.223739 0.000000
0.433674 -1.029752 0.168756 1.000000
0.331661 0.182145 0.166531 0.000000
0.364403 -0.515887 0.291387 0.000000
0.343828 -0.614657 0.195524 0.000000
0.340429 -0.762929 0.218815 0.000000
0.403860 0.240270 0.109216 0.000000
0.353117 -0.904460 0.208455 1.000000
0.338232 -0.401599 0.243538 0.000000
0.350213 -0.371183 0.216677 0.000000
0.374501 -0.825404 0.412245 0.000000
0.379238 -0.936879 0.196864 1.000000
0.387680 0.392168 0.151293 0.000000
0.348771 0.251072 0.105659 0.000000
0.430193 -0.976463 0.585371 0.000000
0.473228 -1.090210 0.158514 1.000000
0.242632 -0.078306 0.367371 0.000000
0.379505 0.320420 0.122675 0.000000
0.357309 -0.385569 0.221948 0.000000
0.328666 -0.481510 0.187912 0.000000
0.307882 -0.904514 0.239067 0.000000
0.385756 -0.897029 0.467826 0.000000
0.335652 -0.840293 0.219291 0.000000
0.352476 -0.471732 0.249170 0.000000
0.333291 -0.614258 0.208126 0.000000
0.437580 0.048849 0.198474 0.000000
0.418734 -0.962057 0.574231 0.000000
0.435072 0.080118 0.078339 0.000000
0.298482 -1.009292 0.231373 0.000000
0.397433 -0.956755 0.201033 1.000000
0.288353 -0.920952 0.239863 0.000000
0.297824 -0.018239 0.171494 0.000000
0.322766 -0.032300 0.179192 0.000000
0.441236 0.037314 0.193655 0.000000
0.374687 -0.787891 0.392639 0.000000
0.344153 -0.641321 0.200107 0.000000
0.334916 -0.408043 0.201246 0.000000
0.430389 -0.101640 0.239232 0.000000
0.421962 -0.127562 0.248979 0.000000
0.520230 -1.140631 0.171297 1.000000
-0.085453 -0.557154 0.134475 0.000000
0.600649 -1.297422 0.117233 1.000000
0.312889 -0.001410 0.050907 0.000000
0.326887 0.167361 0.170734 0.000000
0.323222 0.032871 0.160150 0.000000
0.286872 -1.081548 0.243742 0.000000
0.320518 -0.991560 0.221142 0.000000
0.375901 0.488360 0.125862 0.000000
0.324052 -0.580531 0.199402 0.000000
0.422307 0.127531 0.189608 0.000000
0.330480 -0.003748 0.179120 0.000000
0.314132 -0.964629 0.222445 0.000000
0.400633 0.070175 0.029183 0.000000
0.326261 0.293155 0.105031 0.000000
0.638458 -0.167290 0.098103 0.000000
0.482476 -0.010814 0.143679 0.000000
0.206250 -0.120673 0.405791 0.000000
0.271988 -1.040874 0.262742 0.000000
0.348568 -0.886553 0.211701 1.000000
0.344836 -0.791852 0.211718 0.000000
0.437908 -0.979486 0.593471 0.000000
0.313610 0.024841 0.170347 0.000000
0.386961 -0.854760 0.432213 0.000000
0.188054 -0.224040 0.514289 0.000000
-0.046101 -0.509313 0.144990 0.000000
0.298935 -0.991435 0.226706 0.000000
0.373365 -0.865183 0.436708 0.000000
0.400816 -0.814214 0.412926 0.000000
0.344219 -0.741406 0.202774 0.000000
0.364142 -0.528671 0.258895 0.000000
0.331645 -0.606601 0.201085 0.000000
-0.014616 -0.481489 0.148320 0.000000
0.326147 -0.122310 0.189890 0.000000
0.312745 -0.915404 0.242506 0.000000
0.391013 0.131589 0.061022 0.000000
0.331609 -0.363587 0.197091 0.000000
0.444383 0.169588 0.132241 0.000000
0.342090 0.204169 0.203214 0.000000
0.377585 -0.883032 0.457538 0.000000
0.308031 -0.950699 0.237347 0.000000
0.334941 -0.372448 0.239603 0.000000
-0.093042 -0.555717 0.123019 0.000000
0.329776 0.158331 0.221347 0.000000
0.323778 -0.168817 0.193075 0.000000
0.258332 -0.099272 0.179495 0.000000
0.251030 -0.009947 0.329966 0.000000
0.532371 -1.201690 0.143489 1.000000
0.402770 0.305828 0.161340 0.000000
0.469521 0.040810 0.143711 0.000000
0.269858 -1.052522 0.242251 0.000000
0.475143 -0.101724 0.051351 0.000000
0.374155 -0.029295 0.256445 0.000000
0.332082 -0.498793 0.189915 0.000000
0.333533 -0.355516 0.192025 0.000000
0.296343 -1.098612 0.223856 0.000000
0.015624 -0.442855 0.160927 0.000000
0.210494 -0.180550 0.146115 0.000000
0.550705 -1.243458 0.131563 1.000000
0.306865 -0.998499 0.235779 0.000000
0.403856 0.315926 0.124929 0.000000
0.302858 -1.017780 0.206713 0.000000
0.329321 0.222672 0.108860 0.000000
0.498081 -0.028284 0.382863 0.000000
0.398549 0.212421 0.099035 0.000000
0.347871 0.253024 0.184799 0.000000
0.325996 -0.980773 0.221677 0.000000
0.372596 0.422691 0.115632 0.000000
0.223532 -0.063402 0.361184 0.000000
0.318756 -0.946441 0.222494 0.000000
0.364194 -0.557587 0.284364 0.000000
0.628098 -1.342199 0.113082 1.000000
0.320647 -0.097500 0.177609 0.000000
0.330358 -0.356841 0.184537 0.000000
0.399168 0.203751 0.094572 0.000000
0.308636 0.105752 0.244342 0.000000
0.306133 0.014192 0.055978 0.000000
0.407022 -0.950721 0.555012 0.000000
0.455276 -0.018668 0.187014 0.000000
0.401510 -0.881557 0.452958 0.000000
0.408524 -0.945478 0.528823 0.000000
0.382842 0.030653 0.239317 0.000000
0.198777 -0.113588 0.400338 0.000000
0.426359 0.097133 0.201010 0.000000
0.349574 0.300089 0.175195 0.000000
0.322275 -1.090150 0.241525 0.000000
0.324804 -0.311615 0.212251 0.000000
0.332147 -0.880521 0.208328 0.000000
0.447941 -1.044121 0.174640 1.000000
0.345614 0.441148 0.148674 0.000000
0.273590 -0.134923 0.014052 0.000000
0.490451 -0.115106 0.180103 0.000000
0.309726 -0.891105 0.241705 0.000000
0.376601 -0.563565 0.317164 0.000000
0.276957 -0.058662 0.170361 0.000000
0.316281 -0.988992 0.227066 0.000000
0.476470 -0.079221 0.189811 0.000000
0.512404 -0.091457 0.114039 0.000000
0.327069 -0.641076 0.205435 0.000000
0.335225 -0.278180 0.193798 0.000000
0.426420 0.110147 0.189024 0.000000
0.413752 -0.955684 0.535398 0.000000
0.381162 0.402313 0.151556 0.000000
0.315108 -1.096168 0.242826 0.000000
0.364183 0.058010 0.210363 0.000000
0.600827 -1.281876 0.123509 1.000000
0.006958 -0.446556 0.168047 0.000000
0.322540 0.183228 0.115871 0.000000
0.235695 -0.087672 0.371653 0.000000
0.442344 0.084214 0.119506 0.000000
0.395063 -0.934441 0.511597 0.000000
0.398548 0.100036 0.048032 0.000000
0.312007 0.030041 0.059017 0.000000
0.336559 0.260271 0.097360 0.000000
0.117814 -0.289641 0.168247 0.000000
0.369035 0.448056 0.123924 0.000000
0.354025 -0.357075 0.214112 0.000000
0.343637 0.263551 0.194284 0.000000
0.358656 -0.506563 0.265339 0.000000
0.539617 -1.193627 0.146448 1.000000
0.345247 -0.713607 0.209913 0.000000
0.339692 -0.856459 0.209190 0.000000
0.392968 -0.820955 0.419820 0.000000
0.297560 -1.050894 0.223211 0.000000
0.452821 0.038399 0.123035 0.000000
0.438388 -0.982721 0.606157 0.000000
0.340867 -0.655467 0.207240 0.000000
0.296398 0.052364 0.291156 0.000000
0.329202 0.132545 0.249062 0.000000
0.393726 0.413992 0.153481 0.000000
0.425723 -0.998221 0.186068 1.000000
0.319801 0.099307 0.266298 0.000000
0.340458 -0.339799 0.220327 0.000000
0.523775 -0.128599 0.155013 0.000000
0.445520 0.029009 0.179407 0.000000
0.349181 0.369338 0.160682 0.000000
0.436699 0.181786 0.125804 0.000000
0.340544 -0.698906 0.212024 0.000000
0.332945 -0.825985 0.220791 0.000000
0.463289 -0.061053 0.193724 0.000000
0.270205 -0.064973 0.169235 0.000000
0.327595 -0.182921 0.189048 0.000000
-0.051677 -0.515994 0.137881 0.000000
0.361585 -0.572180 0.289909 0.000000
0.334813 0.328513 0.108952 0.000000
0.322701 0.108777 0.070577 0.000000
0.397881 0.137520 0.227942 0.000000
0.292672 -0.030648 0.179527 0.000000
0.195518 -0.189727 0.461905 0.000000
0.400455 0.145731 0.220790 0.000000
0.430613 0.046108 0.077606 0.000000
0.341451 0.229088 0.192686 0.000000
0.231824 -0.179880 -0.027589 0.000000
0.536434 -1.207832 0.138667 1.000000
0.522140 -0.252925 0.183937 0.000000
0.389558 0.330757 0.144868 0.000000
0.337235 0.212954 0.164203 0.000000
0.425991 -1.006507 0.175322 1.000000
0.510737 -0.082756 0.155813 0.000000
0.291772 -1.086331 0.229394 0.000000
0.421022 0.095412 0.087973 0.000000
0.385335 0.008257 0.002318 0.000000
0.512184 -0.085037 0.120290 0.000000
0.341131 -0.271195 0.194774 0.000000
0.322449 0.071654 0.172086 0.000000
0.453956 -1.054944 0.183332 1.000000
0.411562 0.187816 0.128307 0.000000
0.335549 -0.855303 0.222553 0.000000
0.194849 -0.198370 -0.030544 0.000000
0.241353 -0.046961 0.352752 0.000000
0.331050 0.349025 0.116418 0.000000
0.341337 0.254655 0.208771 0.000000
0.335186 -0.223525 0.196094 0.000000
0.520438 -0.263210 0.183253 0.000000
0.451407 -0.018728 0.339452 0.000000
0.355743 -0.899356 0.187158 1.000000
0.468009 -1.084440 0.171004 1.000000
0.446508 -0.981935 0.605496 0.000000
0.325293 -0.331937 0.223379 0.000000
0.290295 -0.097864 0.024112 0.000000
0.327002 -0.446054 0.190912 0.000000
0.333933 -0.704255 0.206267 0.000000
0.306524 -1.005941 0.208988 0.000000
0.339765 -0.575142 0.189278 0.000000
0.239424 -0.174493 -0.021680 0.000000
-0.028382 -0.488790 0.150668 0.000000
0.324062 -0.518665 0.188373 0.000000
0.337046 -0.384361 0.243901 0.000000
0.346865 -0.334355 0.208925 0.000000
0.339922 -0.654012 0.191818 0.000000
0.424151 0.224417 0.129226 0.000000
0.409631 -0.964569 0.555464 0.000000
0.036118 -0.432376 0.167412 0.000000
0.344709 -0.839832 0.215242 0.000000
0.447640 -0.022550 0.219451 0.000000
0.450961 0.057404 0.119051 0.000000
0.393445 0.190114 0.093648 0.000000
0.336192 0.181815 0.219819 0.000000
0.343979 -0.432244 0.252948 0.000000
0.416598 0.001348 0.315011 0.000000
0.376942 0.444805 0.143493 0.000000
0.366477 -0.615376 0.314570 0.000000
0.342658 0.387377 0.157043 0.000000
0.225406 -0.105697 0.387785 0.000000
0.212862 -0.094098 0.386257 0.000000
0.379300 0.477541 0.132982 0.000000
0.315542 0.044599 0.173811 0.000000
0.478243 0.033751 0.138188 0.000000
0.332141 0.168488 0.242757 0.000000
0.337510 -0.535519 0.194245 0.000000
0.294481 -0.011288 0.167541 0.000000
0.337642 0.200657 0.093200 0.000000
0.337884 -0.666061 0.203560 0.000000
0.324076 -0.207543 0.187747 0.000000
0.442076 0.067780 0.184233 0.000000
0.304179 -0.926723 0.233679 0.000000
0.326948 -0.363178 0.236584 0.000000
0.335509 -0.574900 0.200296 0.000000
0.202663 -0.166026 0.434799 0.000000
0.189090 -0.205606 0.487913 0.000000
0.453308 -0.028903 0.071635 0.000000
0.512874 -0.071501 0.157758 0.000000
0.177193 -0.212228 -0.036799 0.000000
0.388655 0.356556 0.165013 0.000000
0.495392 -1.112407 0.167168 1.000000
0.033830 -0.419066 0.170463 0.000000
0.300792 -1.079363 0.241740 0.000000
0.456201 -1.050233 0.170326 1.000000
0.208404 -0.144737 0.417628 0.000000
0.452609 -0.002442 0.188897 0.000000
0.330070 -0.021648 0.187301 0.000000
0.423299 -0.009329 0.303765 0.000000
0.454902 -0.041075 0.066054 0.000000
0.435989 -1.013027 0.188091 1.000000
0.330426 -0.655875 0.209969 0.000000
0.347758 0.415362 0.119558 0.000000
0.021356 -0.438772 0.164865 0.000000
0.312882 -1.064902 0.237628 0.000000
0.330330 0.142016 0.170248 0.000000
0.253030 -0.113323 0.161765 0.000000
0.454100 0.126257 0.132727 0.000000
0.292450 -1.074493 0.212132 0.000000
0.327414 0.361302 0.120717 0.000000
0.386291 -0.914321 0.497196 0.000000
0.352780 0.122694 0.141719 0.000000
0.411920 0.265508 0.121800 0.000000
0.347604 -0.881572 0.201292 1.000000
0.445100 -0.009131 0.216301 0.000000
0.331050 -0.506179 0.185435 0.000000
0.311060 -1.016377 0.234978 0.000000
0.351957 -0.905067 0.181251 1.000000
0.357523 -0.620545 0.314933 0.000000
0.338794 -0.835483 0.211846 0.000000
0.367341 0.352119 0.114622 0.000000
0.438941 -1.025952 0.179687 1.000000
0.415620 -1.002587 0.172050 1.000000
0.291413 -1.090271 0.204918 0.000000
0.422752 -0.996839 0.205800 1.000000
0.386846 0.405432 0.139853 0.000000
0.336918 -0.177240 0.189597 0.000000
0.399588 0.189811 0.214732 0.000000
0.311773 -1.019574 0.227882 0.000000
0.337714 -0.808269 0.220291 0.000000
0.329793 -0.504758 0.203325 0.000000
0.294808 -0.918572 0.227814 0.000000
0.242165 -0.141115 0.161298 0.000000
0.329338 -0.348121 0.201750 0.000000
0.429916 0.060491 0.092805 0.000000
0.428902 0.162277 0.170815 0.000000
0.339371 -0.626529 0.199070 0.000000
0.298340 -1.101868 0.235199 0.000000
0.214877 -0.184823 0.152753 0.000000
0.369895 0.424467 0.123961 0.000000
0.393723 -0.956426 0.214967 1.000000
0.349178 -0.350584 0.211914 0.000000
0.194023 -0.196546 0.467181 0.000000
0.357353 -0.536809 0.289470 0.000000
0.502359 -0.069475 0.135725 0.000000
0.326565 0.307053 0.113378 0.000000
0.416842 0.137772 0.094587 0.000000
-0.056608 -0.523177 0.129758 0.000000
0.505656 -0.172911 0.013297 0.000000
0.307972 -0.939974 0.212839 0.000000
0.326188 0.262461 0.108926 0.000000
0.386993 -0.950930 0.194095 1.000000
0.309796 0.096195 0.256529 0.000000
0.322715 0.081319 0.064829 0.000000
0.315437 -0.961793 0.212985 0.000000
0.305368 -0.889294 0.233127 0.000000
0.401124 -0.188552 0.286299 0.000000
0.475876 -1.080110 0.159539 1.000000
0.469799 0.066873 0.130046 0.000000
0.203303 -0.109450 0.405325 0.000000
0.338111 -0.841258 0.200404 0.000000
0.385809 0.017331 0.247854 0.000000
0.394149 0.259035 0.119251 0.000000
0.355411 0.272924 0.107956 0.000000
0.430008 0.113912 0.120002 0.000000
0.521676 -0.186792 0.139097 0.000000
0.390840 0.045222 0.231853 0.000000
0.134241 -0.332028 0.171175 0.000000
0.325532 -0.939306 0.224722 0.000000
0.239044 -0.154682 0.164987 0.000000
0.189275 -0.251241 0.557395 0.000000
0.327733 -0.470217 0.186926 0.000000
0.340879 0.172365 0.089191 0.000000
0.297908 -0.957514 0.220854 0.000000
0.408444 -0.954684 0.541028 0.000000
0.299349 -1.033165 0.207375 0.000000
0.361716 -0.628973 0.312649 0.000000
0.324267 -0.923931 0.223602 0.000000
0.387579 -0.888632 0.458888 0.000000
0.422490 -0.967585 0.567207 0.000000
0.403883 0.125104 0.061721 0.000000
0.336938 0.125476 0.081043 0.000000
0.512623 -0.205490 -0.017300 0.000000
0.318283 -0.924914 0.211219 0.000000
0.395252 0.118527 0.057085 0.000000
0.332081 -0.441074 0.198801 0.000000
0.337094 -0.644983 0.208320 0.000000
0.406983 -0.958181 0.569767 0.000000
0.266881 0.023612 0.305162 0.000000
0.517066 -0.102367 0.151435 0.000000
0.379363 0.398899 0.144823 0.000000
0.389453 0.319311 0.127397 0.000000
0.362102 -0.907614 0.191692 1.000000
0.530857 -0.212906 0.120864 0.000000
0.478639 -1.103765 0.161524 1.000000
0.434036 -1.021346 0.175656 1.000000
0.290987 -0.992414 0.245271 0.000000
0.349294 0.114262 0.149909 0.000000
0.383910 -0.699006 0.362313 0.000000
0.416463 0.250467 0.167895 0.000000
0.191861 -0.158247 0.441480 0.000000
0.330124 -0.564447 0.205655 0.000000
0.392323 0.350069 0.123950 0.000000
0.334771 0.397579 0.129765 0.000000
0.314847 -0.858312 0.223292 0.000000
0.416380 0.230597 0.166471 0.000000
0.358789 -0.474271 0.257421 0.000000
0.329000 -0.824528 0.205856 0.000000
0.372367 -0.058022 -0.033370 0.000000
0.083676 -0.375920 0.164164 0.000000
0.403410 0.225261 0.102701 0.000000
0.522968 -1.139360 0.160845 1.000000
0.259042 -0.094502 0.150364 0.000000
0.380855 -0.655491 0.344884 0.000000
0.248675 -0.027728 0.341086 0.000000
0.326605 -0.073568 0.181662 0.000000
0.331717 -0.751493 0.212325 0.000000
0.336339 -0.815216 0.217439 0.000000
0.424474 -0.116183 0.243865 0.000000
0.386369 0.305360 0.126683 0.000000
0.435552 0.155075 0.127169 0.000000
0.370768 -0.621942 0.323082 0.000000
0.444463 0.052688 0.184749 0.000000
0.392742 0.296958 0.168912 0.000000
0.375270 0.344261 0.115447 0.000000
0.512941 -1.168074 0.144981 1.000000
0.098608 -0.359721 0.169391 0.000000
0.333592 -0.721204 0.212281 0.000000
0.338569 0.240920 0.164239 0.000000
0.526937 -0.144198 0.157754 0.000000
0.330175 0.078061 0.175937 0.000000
0.473012 0.014404 0.110521 0.000000
0.234852 -0.167277 0.165663 0.000000
0.463820 -1.069717 0.167357 1.000000
0.329597 0.004584 0.186839 0.000000
0.294639 -1.037296 0.219493 0.000000
0.334961 0.156112 0.243498 0.000000
0.362752 -0.675999 0.333957 0.000000
0.428563 -0.984427 0.590829 0.000000
0.415298 -0.154117 0.257628 0.000000
0.357536 0.064906 0.207385 0.000000
0.422887 -0.972677 0.576839 0.000000
0.463437 -1.064953 0.183838 1.000000
0.211355 -0.217251 0.166396 0.000000
0.354670 -0.892061 0.211111 1.000000
0.337229 -0.793513 0.212495 0.000000
0.330873 -0.848107 0.210598 0.000000
0.455061 0.119262 0.126441 0.000000
0.501163 -0.266967 -0.069466 0.000000
0.344384 -0.600854 0.198470 0.000000
0.342745 -0.887359 0.225396 0.000000
0.329378 0.195765 0.164073 0.000000
0.394413 0.379007 0.127751 0.000000
0.424284 0.125586 0.092845 0.000000
0.336434 0.339794 0.112125 0.000000
0.343891 0.429335 0.151236 0.000000
0.310581 0.013701 0.161868 0.000000
0.295096 -1.066849 0.240448 0.000000
0.339667 -0.690683 0.195328 0.000000
0.337560 -0.357628 0.185934 0.000000
0.443244 0.161762 0.132388 0.000000
0.311295 0.044858 0.065399 0.000000
0.397685 0.082370 0.229036 0.000000
0.325127 0.137135 0.234977 0.000000
0.303327 -1.056072 0.245347 0.000000
0.367083 -0.562067 0.298935 0.000000
0.365090 -0.919957 0.218369 1.000000
0.391003 -0.790178 0.398760 0.000000
0.315891 0.089475 0.271641 0.000000
0.336461 -0.469808 0.198771 0.000000
0.314008 -0.935732 0.228489 0.000000
0.338759 -0.521317 0.192912 0.000000
0.415774 0.180545 0.101524 0.000000
0.331872 0.237433 0.211938 0.000000
0.301195 -0.896032 0.226171 0.000000
0.306728 -0.897437 0.235262 0.000000
0.395467 0.042580 0.013287 0.000000
-0.067143 -0.528741 0.139129 0.000000
0.398923 0.219974 0.095251 0.000000
0.460957 0.101472 0.135213 0.000000
0.327905 -0.729780 0.208937 0.000000
0.009789 -0.455513 0.158651 0.000000
0.376322 0.370288 0.116177 0.000000
0.437163 0.093963 0.169991 0.000000
0.465376 -0.052653 0.191531 0.000000
0.512616 -0.087756 0.142388 0.000000
0.295813 -1.145973 0.226893 0.000000
0.444051 -0.014887 0.332802 0.000000
0.347363 0.216703 0.103390 0.000000
0.230588 -0.048784 0.356826 0.000000
0.632271 -0.161497 0.100743 0.000000
0.403598 0.096196 0.224348 0.000000
0.341209 0.303398 0.168265 0.000000
0.403663 -0.940442 0.498306 0.000000
0.431506 0.171461 0.124037 0.000000
0.368003 -0.596428 0.313074 0.000000
0.350422 -0.414765 0.241413 0.000000
0.325780 -0.312254 0.196314 0.000000
0.202149 -0.192942 0.148140 0.000000
0.247585 -0.121777 0.153176 0.000000
0.523303 -0.249652 0.176606 0.000000
0.379176 -0.937051 0.187392 1.000000
0.331547 -0.224697 0.189795 0.000000
0.402257 0.193192 0.120996 0.000000
0.397340 0.056703 0.238710 0.000000
0.292105 -0.025500 0.167224 0.000000
0.338292 0.190730 0.081136 0.000000
0.252257 -0.108075 0.147248 0.000000
0.507019 -1.146576 0.153524 1.000000
0.418229 0.148271 0.097147 0.000000
0.401955 -0.826118 0.421481 0.000000
0.411277 0.218641 0.170162 0.000000
0.362571 0.347978 0.118848 0.000000
-0.003245 -0.461016 0.157930 0.000000
0.359873 -0.535433 0.276314 0.000000
0.493031 -0.134119 0.036628 0.000000
0.104797 -0.357060 0.173707 0.000000
0.398552 -0.206200 0.305073 0.000000
0.335599 -0.351478 0.225933 0.000000
0.336803 -0.310327 0.184930 0.000000
0.227899 -0.184671 -0.022320 0.000000
0.448288 0.117367 0.128854 0.000000
0.340597 -0.827844 0.217308 0.000000
0.271603 -0.070413 0.162220 0.000000
0.322689 0.281166 0.108046 0.000000
0.209192 -0.203737 0.158378 0.000000
0.316486 0.024328 0.161134 0.000000
0.535371 -1.186412 0.146875 1.000000
0.339316 0.179082 0.226582 0.000000
0.336806 0.383039 0.128811 0.000000
0.457796 0.026598 0.116731 0.000000
0.299238 -0.896996 0.239216 0.000000
-0.094386 -0.561375 0.135815 0.000000
0.459428 0.080256 0.134052 0.000000
0.403917 0.194438 0.181192 0.000000
0.390748 0.351165 0.159536 0.000000
0.329864 -0.208917 0.191927 0.000000
0.426986 -0.078868 0.227923 0.000000
0.373209 0.387998 0.121113 0.000000
0.506429 -1.134443 0.158627 1.000000
0.195173 -0.201262 0.485640 0.000000
0.226925 -0.096344 0.382753 0.000000
0.337943 0.207249 0.227879 0.000000
0.420422 0.131983 0.122516 0.000000
0.496311 -0.033585 0.135694 0.000000
0.302971 -0.058047 0.030878 0.000000
0.516175 -0.099945 0.140373 0.000000
0.343471 0.241860 0.199710 0.000000
0.384726 0.028407 0.253371 0.000000
0.237349 -0.127342 0.142484 0.000000
0.377563 0.442523 0.128896 0.000000
0.284040 -0.947814 0.228188 0.000000
0.310481 0.053314 0.062307 0.000000
0.482416 -0.029206 0.115216 0.000000
0.398897 0.302230 0.126561 0.000000
0.379567 -0.798585 0.400121 0.000000
0.393263 0.284077 0.117797 0.000000
0.474940 -0.014145 0.112161 0.000000
0.469143 0.049900 0.139129 0.000000
0.219582 -0.170199 0.148340 0.000000
0.250369 -0.037414 0.345331 0.000000
0.338995 -0.680992 0.196536 0.000000
0.443338 -1.037662 0.180342 1.000000
0.614281 -1.321160 0.114483 1.000000
0.402944 0.323989 0.124079 0.000000
0.328085 -0.037397 0.178883 0.000000
0.338946 0.294412 0.167432 0.000000
0.442890 0.021825 0.213963 0.000000
0.364228 0.461672 0.120845 0.000000
0.397052 0.194018 0.087386 0.000000
0.545586 -1.219082 0.137221 1.000000
0.287188 0.058435 0.281045 0.000000
0.407112 -0.958107 0.551542 0.000000
0.362783 -0.530302 0.282169 0.000000
0.385022 -0.922749 0.498074 0.000000
0.521631 -0.102036 0.114483 0.000000
0.341656 -0.445428 0.184053 0.000000
0.326610 -0.536364 0.192259 0.000000
0.334980 0.189449 0.162876 0.000000
0.429484 0.189272 0.126171 0.000000
0.263383 -0.091490 0.171837 0.000000
0.327162 -0.023931 0.180525 0.000000
0.430976 0.105325 0.183782 0.000000
0.522651 -1.175128 0.148959 1.000000
0.425298 -0.980254 0.581412 0.000000
0.342949 0.483551 0.148633 0.000000
0.327657 0.098052 0.171954 0.000000
-0.058389 -0.521415 0.150065 0.000000
0.392615 0.093949 0.227514 0.000000
0.386038 0.420376 0.158781 0.000000
0.382366 0.473404 0.125227 0.000000
0.358478 0.285239 0.103328 0.000000
0.270194 -1.052241 0.271283 0.000000
0.342967 0.342546 0.157266 0.000000
0.469832 -1.073217 0.176288 1.000000
0.527736 -0.168517 0.156847 0.000000
0.129562 -0.230591 -0.039355 0.000000
0.257449 -0.155901 -0.013339 0.000000
0.385122 -0.643011 0.336568 0.000000
0.266726 -0.101405 0.174289 0.000000
0.427495 0.133840 0.180278 0.000000
0.402622 -0.943081 0.521401 0.000000
0.061681 -0.380123 0.176075 0.000000
0.220702 -0.068121 0.365826 0.000000
0.329805 -0.161627 0.194756 0.000000
0.301757 -0.973921 0.218646 0.000000
0.332268 -0.094314 0.182362 0.000000
-0.001403 -0.473603 0.144616 0.000000
0.192127 -0.149483 0.434732 0.000000
0.399529 0.062448 0.033759 0.000000
0.294939 -1.039723 0.238363 0.000000
0.326428 -0.175493 0.194764 0.000000
-0.078630 -0.537227 0.138326 0.000000
0.297076 -0.043972 0.044801 0.000000
0.336129 -0.528377 0.203610 0.000000
0.329827 0.185852 0.114610 0.000000
0.247938 -0.167939 -0.012323 0.000000
0.491344 -0.027223 0.376136 0.000000
0.345934 -0.372385 0.225728 0.000000
0.259436 -0.113419 0.170553 0.000000
0.286384 -0.111409 0.009172 0.000000
0.345188 0.358120 0.155960 0.000000
0.326048 0.185440 0.169542 0.000000
0.337761 -0.487550 0.197284 0.000000
0.401375 -0.899234 0.467803 0.000000
0.207099 -0.172439 0.434604 0.000000
0.303770 -1.067028 0.227592 0.000000
0.358339 -0.475581 0.245224 0.000000
0.458500 -0.009384 0.193142 0.000000
0.560598 -0.135328 0.112441 0.000000
0.289146 0.022462 0.310109 0.000000
0.389774 -0.701084 0.357051 0.000000
0.345410 -0.387840 0.231591 0.000000
0.335893 -0.216319 0.193687 0.000000
0.378707 -0.888678 0.451611 0.000000
0.320847 0.036338 0.170901 0.000000
0.319761 -0.976846 0.234216 0.000000
0.399171 0.259456 0.195922 0.000000
0.462290 0.093095 0.128910 0.000000
0.328260 -0.325625 0.189985 0.000000
0.139212 -0.314002 0.168246 0.000000
0.388132 0.317220 0.137675 0.000000
0.375660 -0.615887 0.329900 0.000000
0.351765 -0.420400 0.236107 0.000000
0.578788 -1.285452 0.118236 1.000000
0.304578 -0.008509 0.051259 0.000000
0.444894 -1.044107 0.185306 1.000000
0.371586 0.358471 0.118316 0.000000
0.180666 -0.260777 0.172139 0.000000
0.214871 -0.100570 0.389864 0.000000
0.339158 0.098801 0.168513 0.000000
0.387869 0.065732 0.035355 0.000000
0.402541 0.230402 0.169479 0.000000
0.275866 -0.130155 0.000971 0.000000
0.335789 -0.405763 0.251591 0.000000
0.017928 -0.452943 0.157417 0.000000
0.334184 0.114794 0.173486 0.000000
0.588971 -0.141650 0.116708 0.000000
0.395711 0.384125 0.154020 0.000000
0.392554 0.131874 0.225658 0.000000
0.612149 -0.163532 0.106137 0.000000
0.372956 0.481185 0.117343 0.000000
0.424208 -1.003694 0.181760 1.000000
0.357350 -0.490834 0.257890 0.000000
0.398768 -0.962113 0.213555 1.000000
0.356761 -0.638608 0.318522 0.000000
0.332143 0.142092 0.248467 0.000000
0.333687 -0.334177 0.193202 0.000000
0.272159 -1.054492 0.252017 0.000000
0.331242 -0.242012 0.199036 0.000000
0.518153 -0.093015 0.155792 0.000000
0.348188 0.132845 0.134310 0.000000
0.374744 -0.037322 -0.027793 0.000000
0.475785 -0.021832 0.112423 0.000000
0.273012 -1.017012 0.242651 0.000000
0.517801 -0.112248 0.141858 0.000000
0.506192 -0.234533 -0.052972 0.000000
0.329552 -0.914655 0.217883 0.000000
0.134929 -0.324074 0.170790 0.000000
0.295318 -0.994412 0.253644 0.000000
0.334432 0.175333 0.114800 0.000000
0.432762 -0.976622 0.578742 0.000000
0.201170 -0.177757 0.444165 0.000000
0.342356 -0.754752 0.205575 0.000000
0.442565 -0.990304 0.606230 0.000000
0.355323 -0.460451 0.257042 0.000000
0.291295 -0.082468 0.035134 0.000000
0.402560 0.271657 0.167279 0.000000
0.286331 0.067466 0.270608 0.000000
0.424799 -0.994344 0.169507 1.000000
0.295224 -0.019260 0.160213 0.000000
0.281828 -1.004601 0.266524 0.000000
0.397204 0.267978 0.163119 0.000000
0.211986 -0.174141 0.143450 0.000000
0.321833 -1.075763 0.231986 0.000000
0.439066 -0.009130 0.066694 0.000000
0.286147 -0.940732 0.232547 0.000000
0.395712 0.347058 0.170707 0.000000
0.340751 0.137057 0.086003 0.000000
0.397075 0.073560 0.231689 0.000000
0.428746 -0.129026 0.245825 0.000000
0.385304 -0.944031 0.184805 1.000000
0.277081 0.008179 0.317006 0.000000
0.376340 0.416987 0.117607 0.000000
0.253572 -0.046730 0.350156 0.000000
0.398610 0.098013 0.229603 0.000000
0.586610 -0.055570 0.451130 0.000000
0.390510 -0.953016 0.209658 1.000000
0.371134 -0.589173 0.311149 0.000000
0.188499 -0.188378 0.470291 0.000000
0.367492 -0.730177 0.361579 0.000000
0.270473 -0.010335 0.334777 0.000000
0.351659 -0.897101 0.228134 1.000000
0.320211 -0.308743 0.204719 0.000000
0.338633 -0.300341 0.196809 0.000000
0.376023 0.376739 0.120550 0.000000
0.187367 -0.238764 0.534521 0.000000
0.321528 -0.318891 0.214253 0.000000
0.217051 -0.190360 0.157421 0.000000
0.414504 0.206800 0.171090 0.000000
0.235566 -0.134542 0.152389 0.000000
0.425135 0.147743 0.128992 0.000000
0.384132 0.358414 0.143468 0.000000
0.384174 -0.016212 -0.001661 0.000000
0.328157 -0.989614 0.223327 0.000000
0.344287 0.351958 0.162890 0.000000
0.386749 -0.712690 0.364217 0.000000
0.384809 -0.729186 0.370683 0.000000
0.258152 -0.102019 0.162898 0.000000
0.495217 -0.065638 0.120331 0.000000
0.325436 0.086788 0.071067 0.000000
0.457128 -0.031515 0.188516 0.000000
0.325768 -0.422933 0.192598 0.000000
0.328180 -0.717747 0.204618 0.000000
0.532962 -0.207778 0.131150 0.000000
0.484598 -0.039273 0.111040 0.000000
0.572079 -1.262423 0.125646 1.000000
0.592349 -0.152546 0.109591 0.000000
0.333605 -0.548275 0.192112 0.000000
0.336720 0.303907 0.099296 0.000000
0.203819 -0.224392 0.164037 0.000000
0.333572 -0.535315 0.200901 0.000000
0.426704 -1.012145 0.187499 1.000000
0.587156 -1.261381 0.127125 1.000000
0.127425 -0.297904 0.169170 0.000000
0.406176 0.004132 0.283738 0.000000
0.429284 0.067566 0.206771 0.000000
0.328147 -0.340096 0.193344 0.000000
0.332560 -0.402703 0.190616 0.000000
0.469948 -0.092099 0.053524 0.000000
0.334109 -0.415818 0.189464 0.000000
0.231394 -0.185354 -0.014573 0.000000
0.568842 -1.234672 0.135519 1.000000
0.307730 -0.940628 0.235936 0.000000
0.401730 -0.934134 0.500729 0.000000
0.188614 -0.193760 0.481208 0.000000
0.325173 -0.526271 0.192018 0.000000
0.406032 0.258827 0.120929 0.000000
0.327682 -0.841937 0.214780 0.000000
0.488129 -0.038090 0.156314 0.000000
0.115415 -0.319755 0.172044 0.000000
0.398599 0.317256 0.163000 0.000000
0.466040 -0.002016 0.111642 0.000000
0.257543 0.025533 0.303810 0.000000
0.334496 -0.499066 0.205581 0.000000
0.191857 -0.223848 0.158440 0.000000
0.378672 -0.025503 -0.021021 0.000000
0.340370 -0.810314 0.204522 0.000000
0.389967 -0.958353 0.182485 1.000000
0.206523 -0.154056 0.423116 0.000000
0.366982 0.426175 0.113287 0.000000
0.311961 -1.080357 0.233410 0.000000
0.282700 -0.045472 0.153958 0.000000
0.325199 0.117070 0.177326 0.000000
0.395604 0.148504 0.070481 0.000000
0.378184 0.485740 0.146659 0.000000
0.332312 -0.284905 0.195306 0.000000
0.353877 -0.342179 0.206427 0.000000
0.271122 -1.040290 0.237762 0.000000
0.342684 0.223102 0.097549 0.000000
0.286961 -1.007483 0.254342 0.000000
0.558701 -1.231347 0.141037 1.000000
0.268456 -1.092753 0.278443 0.000000
0.448858 -0.033217 0.216056 0.000000
0.302507 -0.964955 0.208180 0.000000
0.074874 -0.242393 -0.051284 0.000000
0.391538 0.145426 0.063317 0.000000
0.342995 -0.583192 0.195949 0.000000
0.511818 -0.181160 0.148334 0.000000
0.525680 -0.233404 0.170076 0.000000
0.367047 -0.499978 0.285105 0.000000
0.357456 -0.498973 0.287508 0.000000
0.451833 0.096481 0.133502 0.000000
0.352877 -0.423037 0.246097 0.000000
0.327707 -0.689226 0.199215 0.000000
0.276952 0.046561 0.288873 0.000000
0.453622 -1.058268 0.173739 1.000000
0.332484 0.098660 0.166317 0.000000
0.358189 0.082657 0.176773 0.000000
0.163285 -0.279075 0.166426 0.000000
0.196494 -0.138360 0.423108 0.000000
0.434195 0.085841 0.183133 0.000000
0.274717 -0.995788 0.234178 0.000000
0.290269 0.042210 0.297061 0.000000
0.328528 0.210945 0.165954 0.000000
0.478977 -1.085430 0.174904 1.000000
0.367246 -0.915930 0.201745 1.000000
0.384884 -0.816677 0.410862 0.000000
0.328059 -0.600852 0.205831 0.000000
0.309310 -1.004853 0.234183 0.000000
0.437981 0.025620 0.080272 0.000000
0.178044 -0.266937 0.167284 0.000000
0.391689 -0.900598 0.470890 0.000000
0.398824 0.118870 0.223728 0.000000
0.400367 0.125869 0.225772 0.000000
0.330980 -0.257210 0.197427 0.000000
0.411535 0.161560 0.187282 0.000000
0.325796 -0.441137 0.195805 0.000000
0.337527 -0.477811 0.190226 0.000000
0.428831 0.133068 0.125226 0.000000
0.500317 -1.121374 0.169850 1.000000
0.429124 -0.069463 0.224110 0.000000
0.324981 -0.876573 0.221222 0.000000
0.362305 -0.794519 0.393694 0.000000
0.472695 0.018270 0.141517 0.000000
0.331741 -0.690022 0.205142 0.000000
0.372632 -0.562643 0.310878 0.000000
0.369146 -0.830509 0.410477 0.000000
0.197227 -0.179348 0.450324 0.000000
0.560635 -1.243144 0.135099 1.000000
0.325695 -0.415784 0.192316 0.000000
0.312228 0.130657 0.226975 0.000000
0.289776 -1.071829 0.237564 0.000000
0.322494 0.094352 0.070387 0.000000
0.299270 -1.047489 0.213168 0.000000
0.375293 -0.056163 0.268746 0.000000
0.057668 -0.410859 0.165150 0.000000
0.339925 -0.455890 0.185646 0.000000
0.314271 -0.893561 0.222922 0.000000
0.204343 -0.133560 0.414004 0.000000
0.385898 0.380387 0.150162 0.000000
0.321499 0.052972 0.178635 0.000000
0.432564 0.038470 0.077048 0.000000
0.189779 -0.204464 0.147703 0.000000
0.400050 -0.769820 0.391616 0.000000
0.488333 -1.122767 0.161637 1.000000
-0.102897 -0.561556 0.128181 0.000000
0.299047 -0.015971 0.164963 0.000000
0.571578 -1.278792 0.122554 1.000000
0.370597 0.459493 0.119210 0.000000
0.402311 0.333493 0.125667 0.000000
0.324725 -0.095884 0.189288 0.000000
0.337344 0.185100 0.230187 0.000000
0.433144 0.174568 0.169519 0.000000
0.330731 -0.422754 0.202780 0.000000
0.320841 0.103704 0.168489 0.000000
0.285733 -1.070694 0.255327 0.000000
0.185990 -0.227116 0.526383 0.000000
0.330117 -0.187922 0.193094 0.000000
0.173542 -0.206260 -0.038694 0.000000
0.462960 0.107863 0.125796 0.000000
-0.035380 -0.501086 0.154711 0.000000
0.333602 -0.433242 0.182868 0.000000
0.350786 -0.431466 0.249267 0.000000
0.394640 0.111244 0.053347 0.000000
0.605103 -1.310054 0.117613 1.000000
0.282284 -0.959223 0.234245 0.000000
0.343049 -0.781370 0.207857 0.000000
0.356929 -0.679915 0.330845 0.000000
0.474470 -1.071924 0.186053 1.000000
0.466702 -0.063856 0.064138 0.000000
0.310003 0.016042 0.181265 0.000000
0.335076 0.258150 0.164663 0.000000
0.315176 -0.857617 0.230144 0.000000
0.089106 -0.356711 0.171764 0.000000
0.322146 -0.896383 0.209457 0.000000
0.330021 -0.836807 0.208100 0.000000
0.316638 -0.022504 0.040072 0.000000
0.338559 0.273027 0.196185 0.000000
0.385196 -0.909814 0.484439 0.000000
0.504189 -0.072980 0.114877 0.000000
0.289369 0.010377 0.319148 0.000000
0.522740 -1.156401 0.160324 1.000000
0.355843 -0.539014 0.268051 0.000000
0.350371 0.482269 0.147789 0.000000
0.345036 0.250893 0.198653 0.000000
0.381347 -0.036705 -0.015435 0.000000
0.348872 0.451524 0.157718 0.000000
0.329134 -0.542690 0.195307 0.000000
0.356162 -0.453251 0.245719 0.000000
0.371200 -0.637942 0.326706 0.000000
0.331234 -0.299400 0.195837 0.000000
0.480291 -1.068334 0.189216 1.000000
0.351711 -0.888595 0.228329 1.000000
0.295385 -0.058234 0.038806 0.000000
0.280626 0.057225 0.276612 0.000000
0.290959 -0.913553 0.220182 0.000000
0.287228 -1.054649 0.254061 0.000000
0.338729 0.392949 0.137138 0.000000
0.188158 -0.233716 0.526308 0.000000
0.387509 0.410447 0.126758 0.000000
0.264396 -0.086043 0.178155 0.000000
0.442093 0.017701 0.085036 0.000000
0.337653 0.206437 0.166336 0.000000
0.099307 -0.347474 0.172336 0.000000
0.397576 0.289869 0.161093 0.000000
0.492855 -0.051828 0.115919 0.000000
0.330238 0.025922 0.179295 0.000000
0.270933 -1.090826 0.241132 0.000000
0.424985 -0.999036 0.197989 1.000000
0.341853 0.245262 0.160056 0.000000
0.432634 0.140387 0.122539 0.000000
0.346557 -0.425806 0.261502 0.000000
0.334051 0.250970 0.100698 0.000000
0.325985 -0.104086 0.187081 0.000000
0.320136 -1.102080 0.237158 0.000000
0.512476 -1.136345 0.163100 1.000000
0.522163 -0.135269 0.144859 0.000000
0.276579 -1.043931 0.272989 0.000000
0.345440 -0.650897 0.204224 0.000000
0.389643 0.364127 0.157306 0.000000
0.594815 -1.293351 0.118908 1.000000
0.423715 -0.144927 0.258602 0.000000
0.322921 -0.009123 0.174943 0.000000
0.313984 -0.892417 0.215671 0.000000
0.471919 -0.074137 0.189245 0.000000
0.370903 -0.631569 0.323676 0.000000
0.332880 0.117111 0.078150 0.000000
0.362711 -0.523607 0.264161 0.000000
0.302193 -0.996837 0.221800 0.000000
0.275490 -0.127950 0.009101 0.000000
0.428183 -1.005898 0.202028 1.000000
0.255805 -0.089761 0.145178 0.000000
0.299919 -0.931617 0.231520 0.000000
0.351119 0.423447 0.150993 0.000000
0.419927 0.102174 0.094801 0.000000
0.436662 -0.056687 0.223165 0.000000
0.444502 0.068135 0.119934 0.000000
0.353394 0.259337 0.105978 0.000000
0.289176 -1.008413 0.240005 0.000000
0.318033 -0.914352 0.205751 0.000000
0.189849 -0.171719 0.453409 0.000000
0.437938 0.111386 0.122433 0.000000
0.388942 0.359264 0.149024 0.000000
0.337442 -0.364371 0.184911 0.000000
0.252080 -0.165584 -0.004473 0.000000
0.361096 -0.730191 0.357252 0.000000
0.417668 -0.963087 0.547949 0.000000
0.330288 -0.383332 0.192753 0.000000
-0.017558 -0.481263 0.158264 0.000000
0.334051 -0.446998 0.195476 0.000000
0.249816 -1.131249 0.244696 0.000000
0.497055 -0.041947 0.139024 0.000000
0.312037 -1.075923 0.227651 0.000000
0.328302 0.122037 0.257822 0.000000
0.335764 0.145072 0.082887 0.000000
0.438609 -0.041500 0.213754 0.000000
0.336960 -0.463693 0.190920 0.000000
0.462392 -0.067714 0.059868 0.000000
0.334124 -0.829714 0.208274 0.000000
0.193326 -0.208103 0.482327 0.000000
0.137842 -0.279135 0.165552 0.000000
0.453557 0.046015 0.117671 0.000000
0.364152 -0.565169 0.306913 0.000000
0.589251 -1.274057 0.122414 1.000000
0.347524 -0.885036 0.220797 1.000000
0.263362 0.002118 0.320689 0.000000
0.480762 -0.026757 0.109097 0.000000
0.336317 -0.415971 0.199742 0.000000
0.358982 -0.515430 0.269665 0.000000
0.434359 0.160721 0.167081 0.000000
0.332048 -0.751100 0.202031 0.000000
0.321927 -1.075265 0.238777 0.000000
0.431683 -0.011557 0.316269 0.000000
0.412468 0.162247 0.098033 0.000000
0.285297 -1.015635 0.243778 0.000000
0.262012 -1.025572 0.236629 0.000000
0.268229 -1.032048 0.249164 0.000000
0.312828 -0.921750 0.240059 0.000000
0.431753 0.083981 0.206139 0.000000
0.373935 0.455503 0.145068 0.000000
0.333969 -0.861143 0.217446 0.000000
0.450635 0.071701 0.120470 0.000000
0.304874 0.070482 0.283086 0.000000
0.311557 -0.970991 0.212401 0.000000
0.338228 0.271489 0.165540 0.000000
0.426263 0.144871 0.178995 0.000000
0.359271 -0.527121 0.273992 0.000000
0.332642 0.127876 0.171729 0.000000
0.367604 -0.525518 0.296334 0.000000
0.326719 0.063854 0.177896 0.000000
0.399100 0.312968 0.128752 0.000000
0.333846 -0.312587 0.202928 0.000000
0.334179 0.293118 0.162788 0.000000
0.312797 0.015417 0.055742 0.000000
0.355358 -0.904273 0.223123 1.000000
0.322536 0.134504 0.167742 0.000000
0.445855 0.056911 0.191843 0.000000
0.518002 -0.122876 0.140911 0.000000
0.371645 0.336862 0.121635 0.000000
0.248456 -0.021234 0.335435 0.000000
0.435624 0.069223 0.195676 0.000000
0.389710 0.170261 0.076734 0.000000
0.425570 -0.977566 0.591398 0.000000
0.514367 -0.178934 0.142056 0.000000
0.336209 -0.329039 0.187687 0.000000
0.364451 -0.507176 0.285982 0.000000
0.292235 -1.149117 0.216840 0.000000
0.339050 -0.325499 0.209031 0.000000
0.337597 -0.619311 0.206828 0.000000
0.159100 -0.245017 0.156338 0.000000
0.355476 -0.464706 0.251147 0.000000
0.297079 -0.903270 0.229334 0.000000
0.303398 -1.045259 0.222533 0.000000
0.186525 -0.249923 0.549758 0.000000
0.344345 0.328951 0.166073 0.000000
0.392960 -0.952783 0.185050 1.000000
0.473209 -0.081012 0.060804 0.000000
0.414244 0.237488 0.166208 0.000000
0.618767 -0.165589 0.103775 0.000000
0.334981 -0.200403 0.190638 0.000000
0.335828 0.217722 0.102588 0.000000
0.334409 0.160212 0.232291 0.000000
0.338154 0.285373 0.168020 0.000000
0.364912 -0.570707 0.301363 0.000000
-0.088883 -0.550571 0.133026 0.000000
0.419017 0.115257 0.094581 0.000000
0.345740 0.233074 0.205253 0.000000
0.387583 0.423297 0.147705 0.000000
0.318757 -0.884072 0.199819 0.000000
0.393470 -0.962404 0.178251 1.000000
0.401879 0.155133 0.077877 0.000000
0.342537 -0.765693 0.213036 0.000000
0.492280 -0.021791 0.137099 0.000000
0.510460 -0.079330 0.110256 0.000000
0.509000 -0.175808 -0.000224 0.000000
0.276402 -1.058195 0.257268 0.000000
0.380440 0.440225 0.148226 0.000000
0.363758 -0.589409 0.300829 0.000000
0.340328 -0.839716 0.224112 0.000000
0.572463 -0.134597 0.119208 0.000000
0.452454 -1.022803 0.198045 1.000000
0.297516 -0.065306 0.044400 0.000000
0.433172 -0.008913 0.327109 0.000000
0.300379 -1.056403 0.234568 0.000000
0.339823 0.277545 0.191347 0.000000
0.414975 -0.967742 0.567519 0.000000
0.485245 -0.049167 0.118368 0.000000
0.449092 -1.035331 0.187937 1.000000
0.346201 0.362328 0.121330 0.000000
0.326280 -0.662349 0.197811 0.000000
0.436420 0.013409 0.072203 0.000000
0.384509 0.452488 0.144549 0.000000
0.337901 0.209239 0.096402 0.000000
0.336540 -0.168653 0.189070 0.000000
0.426476 0.120899 0.184461 0.000000
0.389968 0.343331 0.145137 0.000000
0.382336 0.437747 0.132610 0.000000
0.449216 0.015500 0.085487 0.000000
0.532387 -1.211088 0.133228 1.000000
0.344167 0.227224 0.200169 0.000000
0.288483 -0.033144 0.161751 0.000000
0.273014 -1.066395 0.256755 0.000000
0.310990 0.036163 0.177786 0.000000
0.528365 -0.106115 0.117171 0.000000
0.399702 0.009896 0.275867 0.000000
0.517569 -1.140295 0.165146 1.000000
0.318159 -0.891756 0.240345 0.000000
0.323174 -0.196060 0.184785 0.000000
0.342414 -0.880582 0.230879 0.000000
0.274988 -1.058302 0.267483 0.000000
0.334031 -0.807686 0.212293 0.000000
0.408792 0.195822 0.131751 0.000000
0.343973 -0.321630 0.203140 0.000000
0.331074 0.072561 0.179922 0.000000
0.337831 0.170859 0.230430 0.000000
-0.045947 -0.512354 0.137945 0.000000
0.445403 0.138169 0.126378 0.000000
0.273835 -1.066546 0.242672 0.000000
0.333967 -0.487293 0.182736 0.000000
0.528858 -1.185510 0.145594 1.000000
0.391747 0.312105 0.124894 0.000000
0.338562 -0.786207 0.217067 0.000000
0.299886 -1.008630 0.220919 0.000000
0.104788 -0.233488 -0.048569 0.000000
0.380962 -0.881663 0.451357 0.000000
0.343520 0.210604 0.090629 0.000000
0.314016 -0.867342 0.222781 0.000000
0.297191 -1.047709 0.205924 0.000000
0.329964 -0.516631 0.200366 0.000000
0.559030 -0.048263 0.423037 0.000000
0.347987 0.224049 0.085347 0.000000
0.327420 0.006041 0.172152 0.000000
0.392793 0.394068 0.155877 0.000000
0.301173 -0.973512 0.248058 0.000000
0.321652 -0.062776 0.178641 0.000000
0.423676 0.183092 0.121357 0.000000
0.410822 0.202319 0.108634 0.000000
