0.465329 -0.017504 0.355788 0.000000
0.629383 -1.349613 0.116922 1.000000
-0.136434 -0.597674 0.126317 0.000000
0.403122 -0.817363 0.416445 0.000000
0.368504 0.487460 0.118130 0.000000
0.174939 -0.207866 -0.041568 0.000000
0.171382 -0.276080 0.582864 0.000000
0.354827 -0.441634 0.248757 0.000000
0.292235 -1.149117 0.216840 0.000000
0.662060 -0.177504 0.084250 0.000000
0.327416 0.138619 0.072249 0.000000
0.061412 -0.379360 0.176142 0.000000
0.324603 -0.177829 0.185810 0.000000
0.442830 -0.990936 0.613004 0.000000
0.327549 -0.696887 0.198965 0.000000
0.205986 -0.104214 0.396604 0.000000
0.501038 -0.278094 -0.072086 0.000000
0.527784 -1.134742 0.162965 1.000000
0.379556 -0.929343 0.174357 1.000000
0.369903 -0.068528 -0.039888 0.000000
0.496908 -0.040503 0.138161 0.000000
0.516350 -0.288439 0.204255 0.000000
0.285719 0.066459 0.271859 0.000000
0.400927 0.299051 0.183775 0.000000
0.164082 -0.237588 0.154511 0.000000
0.594463 -0.054130 0.454303 0.000000
0.377149 -0.602167 0.325115 0.000000
0.428664 0.094619 0.197785 0.000000
0.498828 -0.151610 0.025010 0.000000
0.286309 -1.004489 0.272033 0.000000
-0.025640 -0.496443 0.136882 0.000000
0.290632 -0.028947 0.155649 0.000000
0.397444 -0.210585 0.310955 0.000000
0.326559 -0.319022 0.186525 0.000000
0.390391 -0.929977 0.498664 0.000000
0.337374 0.188643 0.236249 0.000000
0.363441 -0.070682 0.283946 0.000000
0.340332 -0.563456 0.193979 0.000000
0.532667 -0.167721 0.151647 0.000000
0.272250 -0.137833 0.014850 0.000000
0.452962 -1.032479 0.199756 1.000000
0.189348 -0.200289 0.480525 0.000000
0.435715 0.055158 0.075827 0.000000
0.330499 -0.822458 0.219997 0.000000
0.551818 -1.253117 0.128373 1.000000
0.424232 0.192750 0.123585 0.000000
0.366254 -0.719601 0.356295 0.000000
0.325361 0.256832 0.102675 0.000000
0.331793 0.373033 0.124983 0.000000
0.320337 0.001044 0.046643 0.000000
0.263360 -0.025076 0.337057 0.000000
0.238066 -0.125787 0.139417 0.000000
0.071320 -0.247117 -0.047532 0.000000
0.323896 0.084014 0.169183 0.000000
0.386838 0.026274 0.261183 0.000000
0.289362 -0.914835 0.226256 0.000000
0.441970 -0.050770 0.224356 0.000000
0.458085 -0.069361 0.055178 0.000000
0.421785 -0.138683 0.255563 0.000000
0.138331 -0.327367 0.169640 0.000000
0.367200 -0.515203 0.299550 0.000000
0.271553 -1.091869 0.282028 0.000000
0.393372 0.022187 0.001530 0.000000
0.294880 -1.059114 0.203736 0.000000
0.528530 -0.037492 0.406928 0.000000
0.464038 0.116172 0.123262 0.000000
0.330691 -0.095413 0.183007 0.000000
0.332134 -0.400309 0.181065 0.000000
0.405022 0.219736 0.204341 0.000000
0.446256 0.018110 0.180441 0.000000
0.482835 -0.110975 0.178949 0.000000
0.510228 -0.211943 -0.027636 0.000000
0.391479 0.417674 0.153045 0.000000
0.327765 -0.484829 0.187902 0.000000
0.332322 0.161664 0.163027 0.000000
0.403883 0.125104 0.061721 0.000000
0.013098 -0.440040 0.174425 0.000000
0.227450 -0.196089 0.168057 0.000000
0.338317 0.258147 0.204310 0.000000
0.594541 -0.151411 0.110490 0.000000
0.304950 -0.070076 0.021414 0.000000
-0.083312 -0.545258 0.136706 0.000000
0.375646 -0.879186 0.446035 0.000000
0.380218 0.317393 0.115443 0.000000
0.526096 -0.104169 0.117181 0.000000
0.337636 0.066924 0.071009 0.000000
0.470436 -1.090193 0.160123 1.000000
0.330667 -0.247887 0.200311 0.000000
0.315796 0.120268 0.235805 0.000000
0.405905 -0.961431 0.559416 0.000000
0.331336 -0.366003 0.242096 0.000000
0.398468 0.151875 0.223058 0.000000
0.310599 -0.978320 0.207860 0.000000
0.480156 0.043342 0.126456 0.000000
0.328689 -0.629696 0.207624 0.000000
0.351711 -0.888595 0.228329 1.000000
0.233651 -0.180781 -0.019573 0.000000
0.398137 0.253133 0.107918 0.000000
0.525889 -0.231951 0.169385 0.000000
0.337011 0.312790 0.166591 0.000000
0.423299 -0.009329 0.303765 0.000000
0.205953 -0.162324 0.428417 0.000000
0.340354 0.193180 0.105987 0.000000
0.326610 0.020593 0.183528 0.000000
0.605297 -1.289199 0.116950 1.000000
0.187625 -0.243252 0.529208 0.000000
0.345200 -0.757696 0.212660 0.000000
0.447459 -0.008829 0.074837 0.000000
0.555163 -1.191219 0.145507 1.000000
0.390020 -0.957517 0.229976 1.000000
0.322461 -1.099931 0.243243 0.000000
0.432242 0.151263 0.169962 0.000000
0.382800 -0.661354 0.343197 0.000000
0.388655 0.356556 0.165013 0.000000
0.264396 -0.086043 0.178155 0.000000
0.361052 0.059154 0.216361 0.000000
0.388513 -0.762560 0.392385 0.000000
0.389656 0.071009 0.036529 0.000000
0.257543 0.025533 0.303810 0.000000
0.250709 -1.053350 0.243086 0.000000
0.220326 -0.057447 0.364975 0.000000
0.246663 -1.129434 0.245763 0.000000
0.342420 0.446804 0.150522 0.000000
0.322929 0.316081 0.111416 0.000000
0.333523 0.218174 0.164799 0.000000
0.419906 -0.996104 0.172243 1.000000
0.394685 0.179317 0.078117 0.000000
0.125294 -0.232438 -0.047571 0.000000
0.360013 -0.498894 0.247423 0.000000
0.532277 -0.217419 0.117166 0.000000
0.377859 -0.027479 0.254993 0.000000
0.357466 -0.567663 0.289086 0.000000
0.416458 0.250683 0.163125 0.000000
0.318846 -1.026035 0.237320 0.000000
0.334312 -0.035337 0.183475 0.000000
0.330249 -1.161072 0.250302 0.000000
0.416529 0.138111 0.122366 0.000000
0.381257 -0.025289 -0.013440 0.000000
0.267382 -0.969836 0.239604 0.000000
0.354776 0.116382 0.145342 0.000000
0.135081 -0.277228 0.164691 0.000000
0.398907 0.084745 0.236320 0.000000
0.436935 0.074768 0.121126 0.000000
0.484321 -0.110268 0.048925 0.000000
0.088635 -0.338910 0.176274 0.000000
0.412441 0.466624 0.119719 0.000000
0.424871 -0.999120 0.220721 1.000000
0.385295 0.380388 0.123177 0.000000
0.465684 -0.059531 0.183972 0.000000
0.359764 -0.400219 0.225070 0.000000
0.434075 -0.095470 0.238551 0.000000
0.408092 -0.178621 0.277392 0.000000
0.366982 0.426175 0.113287 0.000000
0.356864 -0.642989 0.308511 0.000000
0.266457 -1.138171 0.287771 0.000000
0.462407 0.000204 0.118351 0.000000
0.308668 -0.863690 0.221097 0.000000
0.351321 0.392775 0.162226 0.000000
0.353326 -0.890523 0.181983 1.000000
0.510122 -0.081007 0.156002 0.000000
0.052887 -0.421888 0.161308 0.000000
0.445484 -0.001234 0.221385 0.000000
0.293996 -0.035492 0.050516 0.000000
0.332168 -0.441836 0.200948 0.000000
0.340159 0.262782 0.159632 0.000000
0.189184 -0.200498 0.144881 0.000000
0.509485 -1.173414 0.149238 1.000000
0.331611 -0.927402 0.218790 0.000000
0.523342 -0.124821 0.158119 0.000000
0.355963 -0.350937 0.208707 0.000000
0.291703 -1.063762 0.254130 0.000000
0.419525 0.195099 0.171314 0.000000
0.429788 0.101562 0.087489 0.000000
0.349328 0.153650 0.120991 0.000000
0.406556 -0.899564 0.467608 0.000000
0.496058 -0.035568 0.378960 0.000000
0.393471 0.260058 0.198802 0.000000
0.295359 -1.103060 0.210926 0.000000
0.334344 -0.137048 0.191232 0.000000
0.359258 0.280652 0.110596 0.000000
0.499004 -0.072415 0.110994 0.000000
0.559639 -0.129228 0.116400 0.000000
0.240384 -0.156162 0.167927 0.000000
0.481367 -1.061993 0.192172 1.000000
0.437978 0.049852 0.205853 0.000000
0.562199 -0.045251 0.429881 0.000000
0.343692 0.216818 0.204919 0.000000
0.398657 -0.963143 0.188645 1.000000
0.362305 -0.794519 0.393694 0.000000
0.004285 -0.469493 0.146185 0.000000
0.333825 -0.523121 0.202172 0.000000
0.444315 -1.035622 0.159771 1.000000
0.341982 0.352949 0.160141 0.000000
0.407237 0.288787 0.126444 0.000000
0.316193 0.094269 0.267302 0.000000
0.383532 0.463158 0.148291 0.000000
0.395916 0.212886 0.101695 0.000000
0.396803 -0.694908 0.366193 0.000000
0.308451 0.037365 0.060077 0.000000
0.509642 -0.181365 -0.000050 0.000000
0.327486 0.124034 0.176551 0.000000
0.488402 -1.128393 0.157494 1.000000
0.177882 -0.272896 0.167875 0.000000
0.273508 -0.063939 0.145778 0.000000
0.305575 -0.946744 0.244522 0.000000
0.505699 -0.242894 -0.053484 0.000000
0.267097 -1.091549 0.239370 0.000000
-0.056254 -0.518593 0.149589 0.000000
0.273049 -1.021009 0.236555 0.000000
0.342653 -0.285775 0.201806 0.000000
0.361553 0.077581 0.180195 0.000000
0.451874 -0.022258 0.184296 0.000000
0.408279 -0.857216 0.441080 0.000000
0.361474 -0.537653 0.263486 0.000000
0.347272 0.488805 0.151575 0.000000
0.213849 -0.169992 0.142094 0.000000
0.284328 -1.123975 0.255922 0.000000
0.325293 -0.331937 0.223379 0.000000
0.336031 0.150658 0.249339 0.000000
0.630130 -0.164101 0.101628 0.000000
0.371393 -0.928500 0.212169 1.000000
0.295605 0.030953 0.305440 0.000000
0.357246 -0.688780 0.335003 0.000000
-0.110801 -0.569364 0.123397 0.000000
0.356260 -0.469975 0.274409 0.000000
0.238302 -0.090221 0.372631 0.000000
0.567901 -1.287754 0.123958 1.000000
0.321293 0.101268 0.069480 0.000000
0.347987 0.224049 0.085347 0.000000
0.387359 0.320350 0.153937 0.000000
0.288634 -0.104354 0.019177 0.000000
0.495780 -0.150211 0.159920 0.000000
0.328765 -0.789860 0.201573 0.000000
0.426584 -0.986530 0.578046 0.000000
0.328196 0.161071 0.212591 0.000000
0.421615 0.230589 0.126295 0.000000
0.316949 -0.895501 0.242122 0.000000
0.327018 -0.364624 0.189855 0.000000
0.337207 -0.210624 0.197713 0.000000
0.443244 0.161762 0.132388 0.000000
0.257377 -0.057551 0.353798 0.000000
0.318178 -0.890340 0.197387 0.000000
0.369146 -0.830509 0.410477 0.000000
0.339760 -0.662508 0.194143 0.000000
0.364361 0.350528 0.114332 0.000000
0.353632 -0.603364 0.296074 0.000000
0.570907 -1.222794 0.136049 1.000000
0.383837 -0.565239 0.314208 0.000000
0.306412 0.004436 0.157872 0.000000
0.398913 0.347226 0.128542 0.000000
0.588019 -1.254311 0.127665 1.000000
0.408348 -0.945340 0.527103 0.000000
0.335789 -0.405763 0.251591 0.000000
0.479843 -0.009888 0.148345 0.000000
0.393620 0.049182 0.233716 0.000000
0.399426 0.116032 0.218455 0.000000
0.340273 -0.599295 0.190983 0.000000
0.298359 -1.023467 0.205755 0.000000
0.255345 -0.094839 0.141304 0.000000
0.397336 0.013669 0.292572 0.000000
0.399585 0.186460 0.215654 0.000000
0.202070 -0.226241 0.165285 0.000000
0.339815 -0.853797 0.206848 0.000000
0.461427 0.023944 0.149039 0.000000
0.272358 -1.038521 0.268854 0.000000
0.257449 -0.155901 -0.013339 0.000000
0.335261 0.172371 0.077002 0.000000
0.439642 0.067936 0.176013 0.000000
0.322270 0.224038 0.114195 0.000000
0.419503 0.165246 0.098154 0.000000
0.483246 -0.029834 0.107918 0.000000
0.205511 -0.200632 -0.026646 0.000000
0.252826 -0.119783 0.170244 0.000000
0.534761 -1.217673 0.136141 1.000000
0.420327 0.127607 0.192901 0.000000
0.313555 -1.132826 0.239625 0.000000
0.214102 -0.135825 0.408318 0.000000
0.319698 -1.067624 0.232547 0.000000
0.436201 -0.005596 0.335133 0.000000
0.447947 0.042958 0.115341 0.000000
0.534273 -0.199238 0.164841 0.000000
0.297598 -0.991161 0.236598 0.000000
0.114255 -0.303147 0.171495 0.000000
0.193711 -0.176278 0.456981 0.000000
0.440302 0.021655 0.087785 0.000000
0.389730 0.473739 0.095682 0.000000
0.183865 -0.214541 0.511795 0.000000
0.520711 -0.262721 0.183048 0.000000
0.186522 -0.255753 0.561057 0.000000
0.304879 -0.945384 0.207464 0.000000
0.340473 -0.724633 0.213939 0.000000
0.451297 -1.066877 0.174484 1.000000
0.093218 -0.378998 0.166041 0.000000
0.391598 -0.732053 0.374077 0.000000
0.340609 0.285921 0.186037 0.000000
0.607861 -1.324215 0.115852 1.000000
0.281390 0.005182 0.320424 0.000000
0.437821 0.110339 0.170322 0.000000
0.456790 -0.039956 0.069561 0.000000
0.387621 -0.000230 0.239717 0.000000
0.318262 0.052006 0.179807 0.000000
0.338090 0.410749 0.138507 0.000000
0.387461 0.285822 0.157271 0.000000
0.402479 0.387208 0.153087 0.000000
0.430689 0.109094 0.123730 0.000000
0.278599 -0.053462 0.175831 0.000000
0.401215 0.223789 0.172188 0.000000
0.233359 -0.034121 0.347757 0.000000
0.425281 0.135251 0.089395 0.000000
0.328804 -0.998754 0.224574 0.000000
0.467416 0.071772 0.131652 0.000000
-0.020168 -0.479252 0.163583 0.000000
0.385911 0.100290 0.047586 0.000000
0.373126 -0.632291 0.333331 0.000000
0.538592 -1.165229 0.157502 1.000000
0.489622 0.013656 0.127314 0.000000
0.297060 -0.014446 0.182379 0.000000
0.398570 -0.790129 0.402282 0.000000
0.369147 0.456765 0.115889 0.000000
0.321652 -0.062776 0.178641 0.000000
0.330533 0.286864 0.101918 0.000000
0.388299 0.042236 0.026599 0.000000
0.382615 -0.903568 0.486827 0.000000
0.335315 0.343265 0.113712 0.000000
0.278684 -0.942660 0.228966 0.000000
0.334069 0.121391 0.259323 0.000000
0.411139 0.155876 0.190833 0.000000
0.331971 0.134375 0.138907 0.000000
0.304385 0.058326 0.293544 0.000000
0.519052 -0.193759 0.139907 0.000000
0.323673 -0.970216 0.233060 0.000000
0.430659 -1.013381 0.193443 1.000000
0.322850 0.031055 0.156361 0.000000
0.292946 -1.043419 0.233068 0.000000
0.389609 0.150258 0.066200 0.000000
0.297148 -1.087340 0.236012 0.000000
0.240455 -1.101421 0.249259 0.000000
0.383806 -0.848845 0.428188 0.000000
0.097305 -0.235633 -0.053353 0.000000
0.348901 0.245223 0.180934 0.000000
0.358476 -0.469903 0.245279 0.000000
0.326900 0.190469 0.168284 0.000000
0.478537 -0.084802 0.189858 0.000000
0.240007 -0.009048 0.332945 0.000000
0.324935 -0.008233 0.181047 0.000000
0.352908 0.255830 0.095123 0.000000
0.259535 -0.996882 0.244240 0.000000
0.365860 -0.745783 0.367332 0.000000
0.350745 -0.323140 0.200706 0.000000
0.031472 -0.443766 0.153448 0.000000
0.357414 -0.904909 0.205988 1.000000
0.115112 -0.344131 0.168537 0.000000
0.040349 -0.403030 0.177808 0.000000
0.325103 0.167577 0.122731 0.000000
0.359147 -0.498920 0.278328 0.000000
0.277635 0.046452 0.289446 0.000000
0.294082 0.085831 0.252724 0.000000
0.149731 -0.220378 -0.042402 0.000000
0.437266 -0.025330 0.210766 0.000000
0.366141 -0.543025 0.297905 0.000000
0.387509 0.410447 0.126758 0.000000
0.374009 0.437666 0.145354 0.000000
0.346252 0.099308 0.165603 0.000000
0.480584 -0.084318 0.059072 0.000000
0.295751 -0.888094 0.226618 0.000000
0.509253 -1.116469 0.170866 1.000000
0.349723 -0.374495 0.220756 0.000000
0.267733 -1.070989 0.265051 0.000000
0.425703 0.070995 0.095440 0.000000
0.445410 0.134997 0.128452 0.000000
0.371147 -0.049212 0.269545 0.000000
0.291548 -0.062022 0.043343 0.000000
0.408982 0.304386 0.154842 0.000000
0.285116 -1.095207 0.258971 0.000000
0.442121 0.023203 0.210874 0.000000
0.356877 -0.914167 0.234357 1.000000
0.338757 0.190330 0.209587 0.000000
0.311641 0.063632 0.063891 0.000000
0.070998 -0.402270 0.162058 0.000000
0.506701 -0.174064 0.152920 0.000000
0.389609 0.269029 0.127944 0.000000
0.450397 0.094715 0.133997 0.000000
0.312828 -0.921750 0.240059 0.000000
-0.062529 -0.528707 0.126038 0.000000
0.231347 -0.111682 0.386035 0.000000
0.372036 -0.043581 -0.029839 0.000000
-0.004936 -0.458384 0.169301 0.000000
0.352217 0.419988 0.158505 0.000000
0.429165 -0.073689 0.225048 0.000000
0.346748 -0.879248 0.204446 1.000000
0.385262 -0.003294 -0.000233 0.000000
0.405076 0.184713 0.108219 0.000000
0.506541 -0.065962 0.134849 0.000000
0.315113 -0.023991 0.041213 0.000000
0.529333 -1.192511 0.137580 1.000000
0.507019 -1.146576 0.153524 1.000000
0.313427 -0.913962 0.206317 0.000000
0.378678 0.395204 0.145417 0.000000
0.517010 -0.105109 0.141108 0.000000
0.339354 0.118304 0.082147 0.000000
0.403856 0.315926 0.124929 0.000000
0.419351 -0.962546 0.582792 0.000000
0.190785 -0.142430 0.433196 0.000000
0.229786 -0.150262 0.145540 0.000000
0.336021 -0.416307 0.200466 0.000000
0.298207 -1.112765 0.236599 0.000000
0.335654 -0.583486 0.210239 0.000000
0.140853 -0.302184 0.169220 0.000000
0.369192 -0.585478 0.304895 0.000000
0.361668 -0.664671 0.328954 0.000000
0.185942 -0.248180 0.161372 0.000000
0.326392 -0.741744 0.201922 0.000000
0.342616 0.412141 0.113788 0.000000
0.265654 -1.114603 0.269935 0.000000
0.322876 -0.270630 0.192916 0.000000
0.339601 0.288234 0.161046 0.000000
0.334056 -0.342192 0.200166 0.000000
0.387531 -0.947826 0.206977 1.000000
0.388394 0.024727 0.236318 0.000000
0.489080 -0.133101 0.038461 0.000000
0.522102 -0.146243 0.144913 0.000000
0.384041 0.292905 0.117415 0.000000
0.405850 -0.921113 0.479891 0.000000
0.486376 -0.052525 0.118635 0.000000
0.340424 -0.463699 0.190437 0.000000
0.338807 -0.506510 0.183485 0.000000
0.451794 -0.024704 0.335965 0.000000
0.350895 -0.422014 0.234349 0.000000
0.254381 0.005816 0.318222 0.000000
0.310763 -0.048138 0.030850 0.000000
0.297423 -1.016883 0.229533 0.000000
0.316685 -0.313108 0.210294 0.000000
0.392289 0.482154 0.120538 0.000000
0.154511 -0.262600 0.161867 0.000000
0.341224 0.197857 0.082038 0.000000
0.396493 0.262872 0.170126 0.000000
0.360539 -0.913269 0.176825 1.000000
0.271284 -1.067618 0.237066 0.000000
0.292644 -0.086673 0.035502 0.000000
0.444213 0.044626 0.182890 0.000000
0.076584 -0.360049 0.176890 0.000000
0.424244 -0.116822 0.244096 0.000000
0.365190 -0.618519 0.311982 0.000000
0.339406 -0.540256 0.186204 0.000000
0.348148 -0.684644 0.200297 0.000000
0.382818 -0.893617 0.464990 0.000000
0.432818 0.073583 0.208556 0.000000
0.327762 -0.894705 0.218903 0.000000
0.488524 -1.097321 0.173981 1.000000
0.336799 0.236830 0.215840 0.000000
0.414595 -0.159280 0.265090 0.000000
0.327393 0.023266 0.057054 0.000000
0.299508 -0.009975 0.052399 0.000000
0.302682 -0.972307 0.250154 0.000000
0.401510 -0.881557 0.452958 0.000000
0.383253 0.370506 0.146598 0.000000
0.334661 -0.230391 0.184863 0.000000
0.334496 -0.499066 0.205581 0.000000
0.160137 -0.288532 0.167345 0.000000
0.280286 -0.121365 -0.000075 0.000000
0.333767 -0.386699 0.200313 0.000000
0.462290 0.023563 0.114999 0.000000
0.369690 0.398116 0.117539 0.000000
-0.039371 -0.493928 0.155838 0.000000
0.305256 -1.002097 0.213024 0.000000
0.181537 -0.221945 0.152939 0.000000
0.462090 0.050272 0.139742 0.000000
0.307308 0.075076 0.277371 0.000000
0.031026 -0.423920 0.169432 0.000000
0.341249 -0.386938 0.238744 0.000000
0.337480 -0.433891 0.179600 0.000000
0.411595 0.261556 0.125251 0.000000
0.341075 -0.801654 0.218709 0.000000
0.326134 0.143533 0.229410 0.000000
0.340631 0.307547 0.097924 0.000000
0.403041 -0.196141 0.293474 0.000000
0.438741 0.000863 0.199129 0.000000
0.433144 0.174568 0.169519 0.000000
0.440359 0.014038 0.065801 0.000000
0.378184 0.485740 0.146659 0.000000
-0.042791 -0.511955 0.132048 0.000000
0.344735 0.235132 0.105286 0.000000
0.338502 -0.352418 0.223660 0.000000
0.210411 -0.190398 0.152178 0.000000
0.212734 -0.086855 0.383078 0.000000
0.285282 -0.968472 0.225359 0.000000
0.272950 -1.046849 0.246604 0.000000
0.371108 0.045322 0.232292 0.000000
0.351337 0.384464 0.122002 0.000000
0.346079 -0.644471 0.207166 0.000000
0.329199 0.240548 0.165591 0.000000
0.254497 -1.029721 0.246424 0.000000
0.402940 -0.954383 0.168141 1.000000
0.419001 -0.992561 0.194622 1.000000
0.400631 0.337934 0.160402 0.000000
0.409557 -0.003386 0.284196 0.000000
0.321559 -0.946918 0.224075 0.000000
0.363336 0.302258 0.105462 0.000000
0.404581 0.203627 0.124884 0.000000
0.319933 0.199939 0.112517 0.000000
0.349501 0.466159 0.141689 0.000000
0.239323 -0.069453 0.364501 0.000000
0.427863 -0.979986 0.599348 0.000000
0.499253 -0.055905 0.154097 0.000000
0.492404 -0.131674 0.171815 0.000000
0.336461 -0.159192 0.192520 0.000000
0.307941 0.102752 0.247111 0.000000
0.230469 -0.174712 0.160582 0.000000
0.324181 -0.297092 0.196639 0.000000
0.399279 0.008269 0.264786 0.000000
0.337766 0.208836 0.227140 0.000000
0.325901 -0.116063 0.189425 0.000000
0.431160 -1.028664 0.176162 1.000000
0.414159 0.175953 0.181025 0.000000
0.326256 -0.850603 0.224025 0.000000
0.463447 -0.097640 0.054839 0.000000
0.337886 0.155557 0.091099 0.000000
0.580830 -0.135761 0.117906 0.000000
0.242934 -0.136290 0.158630 0.000000
0.325344 -0.764711 0.206081 0.000000
0.327156 -0.811840 0.200743 0.000000
0.291093 -1.012243 0.252007 0.000000
0.291328 -1.066653 0.228089 0.000000
0.294938 -1.080651 0.208135 0.000000
0.503409 -1.137300 0.174709 1.000000
0.346557 -0.425806 0.261502 0.000000
0.399701 -0.968188 0.209948 1.000000
0.351524 -0.445489 0.270063 0.000000
0.107938 -0.324157 0.173914 0.000000
0.472052 -1.075481 0.177719 1.000000
0.361143 -0.522582 0.279920 0.000000
0.454610 -1.045816 0.179017 1.000000
0.335152 0.165588 0.233499 0.000000
0.585953 -1.275594 0.123513 1.000000
0.356341 0.297218 0.171624 0.000000
0.327534 -0.675802 0.206087 0.000000
0.386679 -0.713972 0.363234 0.000000
0.335021 0.118544 0.153801 0.000000
0.196164 -0.125830 0.414997 0.000000
0.586945 -1.300165 0.119641 1.000000
0.435072 0.080118 0.078339 0.000000
0.329371 -0.873272 0.218649 0.000000
0.306133 0.014192 0.055978 0.000000
0.325589 -0.608520 0.205706 0.000000
0.340830 0.374221 0.157374 0.000000
0.297255 -1.128755 0.212223 0.000000
0.354478 0.070394 0.199295 0.000000
0.380607 -0.783417 0.392365 0.000000
0.480852 -0.030118 0.363513 0.000000
0.337780 -0.543507 0.207465 0.000000
0.258751 -0.099298 0.161987 0.000000
0.435581 0.089499 0.174627 0.000000
0.401281 0.232118 0.110287 0.000000
0.462259 -0.038880 0.192779 0.000000
0.443268 0.183215 0.122104 0.000000
0.403824 0.240491 0.199576 0.000000
0.403492 0.276864 0.190377 0.000000
0.335685 0.139494 0.164435 0.000000
0.411414 0.144597 0.102546 0.000000
0.344442 -0.778861 0.214611 0.000000
0.384075 0.347770 0.143734 0.000000
0.096325 -0.358239 0.168900 0.000000
0.403758 0.365976 0.149234 0.000000
0.383918 -0.949207 0.180211 1.000000
0.325127 -1.044396 0.228901 0.000000
0.347841 0.266187 0.183077 0.000000
0.396535 0.201365 0.084102 0.000000
0.013309 -0.453931 0.158636 0.000000
0.344593 -0.617588 0.201153 0.000000
0.267361 -0.079557 0.158382 0.000000
0.194783 -0.197040 0.459723 0.000000
0.348082 0.364566 0.114852 0.000000
0.512901 -0.199122 -0.010696 0.000000
0.545673 -0.114479 0.121403 0.000000
0.338897 0.215257 0.102395 0.000000
0.436779 0.035132 0.069926 0.000000
0.432039 0.129863 0.175047 0.000000
0.328690 -0.835426 0.203761 0.000000
0.383484 0.437821 0.126789 0.000000
0.416184 0.204020 0.107624 0.000000
0.420018 0.215433 0.166975 0.000000
0.418253 0.117163 0.096871 0.000000
0.402212 -0.944787 0.546955 0.000000
0.276138 -0.988003 0.234597 0.000000
0.390384 -0.642138 0.341413 0.000000
0.246395 -0.172915 -0.005238 0.000000
0.443889 -0.025665 0.061885 0.000000
0.469153 -0.057435 0.067974 0.000000
0.282385 -0.045278 0.145057 0.000000
-0.010875 -0.482650 0.141054 0.000000
0.322254 0.105723 0.168626 0.000000
0.510879 -0.088075 0.117232 0.000000
0.389296 -0.865350 0.439261 0.000000
0.476936 -0.009224 0.107233 0.000000
0.569438 -1.263475 0.125232 1.000000
0.337566 0.389426 0.136433 0.000000
0.322715 0.081319 0.064829 0.000000
0.339539 -0.260118 0.186421 0.000000
0.374073 -0.682022 0.344369 0.000000
0.387720 0.329173 0.135543 0.000000
0.346098 0.173993 0.109764 0.000000
0.295856 -0.992703 0.256846 0.000000
0.392047 -0.934177 0.518526 0.000000
0.488129 -0.038090 0.156314 0.000000
0.189087 -0.159265 0.444413 0.000000
0.378388 0.470366 0.129448 0.000000
0.212311 -0.208382 0.162494 0.000000
0.262753 -0.153672 0.006091 0.000000
0.378211 -0.941275 0.227293 1.000000
0.377799 -0.934973 0.193737 1.000000
0.508238 -0.227648 -0.040398 0.000000
0.325767 -0.583970 0.192575 0.000000
0.306539 -1.037562 0.219270 0.000000
0.342511 0.328621 0.155253 0.000000
0.309951 -0.903076 0.223599 0.000000
0.554194 -1.211242 0.142886 1.000000
0.388246 -0.831119 0.419613 0.000000
0.326065 0.070403 0.183817 0.000000
0.549353 -1.230655 0.131439 1.000000
0.475868 0.012082 0.141814 0.000000
0.406623 -0.941510 0.496530 0.000000
0.345300 -0.703786 0.205339 0.000000
0.253074 -0.039463 0.346455 0.000000
0.302641 -0.962636 0.217424 0.000000
0.341398 0.325859 0.105822 0.000000
0.505016 -0.166275 0.012977 0.000000
0.500751 -0.257183 -0.066489 0.000000
0.416313 -0.958998 0.542594 0.000000
0.490005 -0.007131 0.131436 0.000000
0.435772 -0.017969 0.316660 0.000000
0.265972 -0.008335 0.326089 0.000000
0.308270 0.021123 0.168554 0.000000
0.236975 -0.052658 0.354124 0.000000
0.291474 -0.929016 0.240017 0.000000
0.297326 -0.909761 0.243709 0.000000
0.400781 0.205089 0.178800 0.000000
0.406530 0.168308 0.211710 0.000000
-0.120724 -0.585044 0.130336 0.000000
-0.093042 -0.555717 0.123019 0.000000
0.276952 0.023142 0.306779 0.000000
0.251414 -0.113678 0.150564 0.000000
0.388476 0.306833 0.133281 0.000000
0.263915 -1.120731 0.241809 0.000000
0.568736 -1.242115 0.132760 1.000000
0.369747 0.369965 0.117006 0.000000
-0.066326 -0.535691 0.144070 0.000000
0.327684 0.051632 0.063573 0.000000
0.482114 -1.074495 0.158171 1.000000
0.611190 -0.162103 0.106438 0.000000
0.402215 0.062224 0.024287 0.000000
0.192503 -0.219504 0.494920 0.000000
0.345423 -0.833821 0.213813 0.000000
0.356368 -0.483859 0.260622 0.000000
0.449687 -0.001056 0.182053 0.000000
0.330426 -0.655875 0.209969 0.000000
0.397515 0.160292 0.081199 0.000000
0.217588 -0.119879 0.397802 0.000000
0.281810 -0.122463 0.021864 0.000000
0.300641 -1.147017 0.236728 0.000000
0.288747 -0.955360 0.240290 0.000000
0.645850 -0.172875 0.093784 0.000000
0.345474 0.236829 0.198538 0.000000
0.359882 -0.551267 0.279097 0.000000
0.395342 0.068084 0.227178 0.000000
0.287445 -0.036456 0.173479 0.000000
0.397097 0.130527 0.230987 0.000000
0.344571 0.086560 0.181911 0.000000
0.307129 -0.934208 0.223391 0.000000
0.337935 -0.477659 0.203417 0.000000
0.530911 -0.151230 0.161359 0.000000
0.325064 -0.198309 0.189356 0.000000
0.364152 -0.565169 0.306913 0.000000
0.340751 0.137057 0.086003 0.000000
0.430222 0.151543 0.122696 0.000000
0.272620 -1.138423 0.251375 0.000000
0.468249 0.095596 0.127184 0.000000
0.247574 -1.072219 0.243107 0.000000
0.396719 0.205296 0.214117 0.000000
0.219748 -0.188536 -0.030570 0.000000
0.382217 -0.800475 0.400758 0.000000
0.321959 -0.427456 0.193679 0.000000
0.425820 0.212082 0.127623 0.000000
0.298024 -0.011752 0.163269 0.000000
0.365399 0.331619 0.115423 0.000000
0.325398 -0.714459 0.205764 0.000000
0.502817 -1.122641 0.146597 1.000000
0.327545 0.133114 0.245093 0.000000
0.410055 0.004147 0.302753 0.000000
0.400067 0.242119 0.167884 0.000000
0.354612 -0.513105 0.265013 0.000000
0.520552 -1.160902 0.160537 1.000000
0.375951 0.036600 0.249893 0.000000
0.335600 -0.312728 0.204430 0.000000
0.525197 -0.184413 0.157839 0.000000
0.349442 0.259906 0.113071 0.000000
0.432001 0.053412 0.094254 0.000000
0.537777 -1.183505 0.153680 1.000000
0.313206 0.034417 0.183509 0.000000
0.358713 -0.586266 0.288865 0.000000
0.449131 0.061165 0.124788 0.000000
0.191765 -0.200238 -0.039198 0.000000
0.359073 -0.438128 0.230202 0.000000
0.404234 0.279439 0.161877 0.000000
0.280273 -1.079416 0.248159 0.000000
0.395345 0.305561 0.167376 0.000000
0.448467 0.115296 0.133194 0.000000
0.306439 -1.099621 0.225834 0.000000
0.308528 -1.080008 0.223479 0.000000
0.431392 -1.010534 0.172243 1.000000
0.185703 -0.242933 0.547868 0.000000
0.202233 -0.177698 0.440750 0.000000
0.398046 0.087818 0.041697 0.000000
0.190246 -0.231535 0.515378 0.000000
0.474815 0.030092 0.138212 0.000000
0.444394 0.063629 0.193131 0.000000
0.383177 -0.816040 0.410223 0.000000
0.423253 -0.973996 0.565217 0.000000
0.297462 -0.984571 0.219599 0.000000
0.328938 0.039045 0.172752 0.000000
0.343692 0.178714 0.092355 0.000000
0.411513 0.179956 0.125964 0.000000
0.398602 0.101758 0.229950 0.000000
0.489207 -0.024841 0.143070 0.000000
0.337081 -0.379935 0.183823 0.000000
0.337434 0.095301 0.075174 0.000000
0.422497 -0.001765 0.320187 0.000000
0.522285 -0.212327 0.161344 0.000000
0.461077 -1.056400 0.163463 1.000000
0.518380 -0.102013 0.158865 0.000000
0.306008 -1.056066 0.234744 0.000000
0.438560 0.030681 0.194907 0.000000
0.319731 -0.858517 0.207914 0.000000
0.426420 0.110147 0.189024 0.000000
0.320353 -0.080757 0.182517 0.000000
0.395376 0.401732 0.144905 0.000000
0.270689 -1.020937 0.254313 0.000000
0.322415 -0.150943 0.185143 0.000000
0.344219 -0.741406 0.202774 0.000000
0.312285 -1.020676 0.219602 0.000000
0.423283 0.142950 0.184323 0.000000
0.611801 -1.306844 0.115858 1.000000
0.518002 -0.122876 0.140911 0.000000
0.279732 -1.004780 0.239496 0.000000
0.295960 -0.006322 0.146462 0.000000
0.324838 0.120650 0.072164 0.000000
0.510937 -0.083287 0.138395 0.000000
0.433135 0.078788 0.191059 0.000000
0.322369 0.149804 0.171684 0.000000
0.353613 -0.458725 0.258443 0.000000
0.272236 -1.056028 0.273428 0.000000
0.371646 -0.649881 0.332070 0.000000
0.339912 -0.634454 0.193965 0.000000
0.321671 0.108859 0.258007 0.000000
0.077428 -0.387006 0.168212 0.000000
0.529143 -0.246755 0.178458 0.000000
0.392714 -0.910467 0.474082 0.000000
0.433265 -1.000222 0.205244 1.000000
0.401134 0.108023 0.052007 0.000000
0.405793 0.320796 0.160453 0.000000
0.390238 0.020855 0.277613 0.000000
0.348329 -0.404607 0.239320 0.000000
0.313108 -0.885381 0.226860 0.000000
0.309310 -1.004853 0.234183 0.000000
0.527068 -0.203811 0.126920 0.000000
0.374316 0.048683 0.211775 0.000000
0.326653 0.356610 0.121850 0.000000
0.324062 -0.518665 0.188373 0.000000
0.305014 -0.000264 0.174633 0.000000
0.388277 0.119742 0.056036 0.000000
0.318197 -1.115772 0.237295 0.000000
0.429581 0.126642 0.123976 0.000000
0.315786 -0.987446 0.227239 0.000000
0.378493 -0.699809 0.357272 0.000000
0.338215 0.176535 0.220327 0.000000
0.315417 -1.084070 0.242779 0.000000
0.380717 -0.009749 0.252461 0.000000
0.170946 -0.257148 0.161369 0.000000
0.409405 0.243882 0.120058 0.000000
0.184235 -0.268645 0.572348 0.000000
0.447664 -1.029112 0.183651 1.000000
0.446703 0.006102 0.083859 0.000000
0.322540 0.183228 0.115871 0.000000
0.338718 0.201875 0.162708 0.000000
0.329428 0.151360 0.126626 0.000000
0.485718 -1.094706 0.153605 1.000000
0.324553 -0.025074 0.173686 0.000000
0.334762 -0.350304 0.184297 0.000000
0.324493 -0.222085 0.195964 0.000000
0.205388 -0.147209 0.420250 0.000000
0.343566 -0.492111 0.191573 0.000000
0.323610 0.272676 0.109072 0.000000
0.376208 0.414692 0.145806 0.000000
0.326774 -0.549218 0.193544 0.000000
0.376123 -0.732114 0.366087 0.000000
0.437454 0.093403 0.122658 0.000000
0.338641 -0.298998 0.187724 0.000000
0.461870 -1.074144 0.163209 1.000000
0.452382 0.077624 0.137250 0.000000
0.054786 -0.406437 0.169380 0.000000
0.245896 -0.025427 0.340012 0.000000
0.127343 -0.313937 0.170028 0.000000
0.422314 0.090553 0.098093 0.000000
0.403027 0.135892 0.215974 0.000000
0.327420 0.006041 0.172152 0.000000
0.348217 0.132296 0.134354 0.000000
0.341062 0.201673 0.197167 0.000000
0.415356 0.231750 0.166574 0.000000
0.350036 0.399277 0.130534 0.000000
0.275747 -0.066250 0.164682 0.000000
0.332109 -0.282826 0.185691 0.000000
0.342537 -0.861492 0.221636 0.000000
0.381298 -0.618259 0.328699 0.000000
0.327406 -0.566823 0.204303 0.000000
0.487582 -0.021158 0.376947 0.000000
0.356504 -0.453980 0.237456 0.000000
0.522519 -1.166180 0.141451 1.000000
0.442565 -0.077343 0.234498 0.000000
0.517448 -0.276356 0.192285 0.000000
0.289772 -1.027700 0.239816 0.000000
0.431506 0.171461 0.124037 0.000000
0.317390 -0.920090 0.223731 0.000000
0.510359 -0.159558 0.160419 0.000000
0.320713 -0.237784 0.190383 0.000000
0.196998 -0.213167 0.156203 0.000000
0.127691 -0.291688 0.168568 0.000000
0.373182 -0.865529 0.434910 0.000000
0.622942 -1.334315 0.115239 1.000000
0.347244 -0.336773 0.209814 0.000000
0.298424 -1.132757 0.228361 0.000000
0.322444 -0.966412 0.216887 0.000000
0.365532 0.440847 0.121033 0.000000
0.387856 0.444196 0.151901 0.000000
0.448184 -0.030179 0.222329 0.000000
0.185027 -0.204951 0.498267 0.000000
0.318494 -0.875448 0.204714 0.000000
0.457599 -0.010753 0.194799 0.000000
0.327216 0.237630 0.106075 0.000000
0.310675 0.016181 0.184651 0.000000
0.328719 -0.052375 0.189415 0.000000
0.293088 0.051370 0.283652 0.000000
0.338559 0.273027 0.196185 0.000000
0.322071 0.299915 0.108164 0.000000
0.541242 -1.201212 0.145000 1.000000
0.327255 -0.349632 0.235400 0.000000
0.336823 -0.774729 0.199768 0.000000
0.259122 -0.106760 0.178157 0.000000
0.454487 0.009370 0.193874 0.000000
0.361034 -0.915233 0.218281 1.000000
0.434354 -0.041361 0.212964 0.000000
0.358525 -0.736385 0.356020 0.000000
0.251439 -0.169065 -0.021084 0.000000
0.359731 0.099730 0.156265 0.000000
0.302978 -0.949688 0.228608 0.000000
0.380330 0.452938 0.132248 0.000000
0.404123 0.189341 0.181775 0.000000
0.347252 0.429928 0.146487 0.000000
0.394887 0.277554 0.115061 0.000000
0.272887 -0.135500 -0.003465 0.000000
0.264110 -1.038766 0.235553 0.000000
0.226925 -0.096344 0.382753 0.000000
0.390100 0.032147 0.013953 0.000000
0.347587 0.223653 0.189295 0.000000
0.296655 -0.090324 0.017676 0.000000
0.375508 0.343204 0.123547 0.000000
0.418437 -1.008929 0.183777 1.000000
0.336459 -0.449597 0.183404 0.000000
0.364907 0.471700 0.120651 0.000000
0.454615 -0.053122 0.060487 0.000000
0.288705 -0.972068 0.240705 0.000000
0.318972 -0.039074 0.180332 0.000000
0.297399 -1.039514 0.205057 0.000000
0.449453 -0.011619 0.345022 0.000000
0.269766 0.034803 0.297260 0.000000
0.342995 -0.583192 0.195949 0.000000
0.280298 -0.050633 0.160128 0.000000
0.289570 -1.048992 0.247724 0.000000
0.421955 0.159337 0.179512 0.000000
0.364589 -0.634229 0.319911 0.000000
0.329717 -0.335147 0.185283 0.000000
0.467569 -1.060787 0.184175 1.000000
0.368568 -0.923210 0.188180 1.000000
0.276402 -1.058195 0.257268 0.000000
0.423222 0.246289 0.128549 0.000000
0.299545 -1.051801 0.220758 0.000000
0.329991 -0.910024 0.222670 0.000000
0.473195 -0.098599 0.181588 0.000000
0.306155 -0.929543 0.207112 0.000000
0.435374 0.036616 0.085777 0.000000
-0.023773 -0.487085 0.149533 0.000000
0.332269 -0.211296 0.182696 0.000000
0.443671 -0.979753 0.598752 0.000000
0.339935 0.300233 0.179347 0.000000
0.474427 -0.016745 0.368983 0.000000
0.409500 -0.961070 0.526027 0.000000
0.516387 -0.033312 0.397712 0.000000
0.402215 0.332268 0.124678 0.000000
0.340717 -0.800115 0.200443 0.000000
0.397373 -0.775345 0.395032 0.000000
0.339520 -0.821159 0.203775 0.000000
0.491302 -0.043996 0.106353 0.000000
0.393213 0.371418 0.159577 0.000000
0.517307 -1.145377 0.167956 1.000000
0.336287 -0.690151 0.210156 0.000000
0.357965 -0.904319 0.189449 1.000000
-0.009460 -0.468833 0.158514 0.000000
0.385784 0.301158 0.154525 0.000000
0.252019 -0.136113 0.171396 0.000000
0.040391 -0.432802 0.160207 0.000000
0.304523 0.084158 0.264651 0.000000
0.354205 0.455525 0.156008 0.000000
0.339790 -0.419630 0.185649 0.000000
0.356652 0.439984 0.153895 0.000000
0.228356 -0.077644 0.371972 0.000000
0.330246 -0.982299 0.224512 0.000000
0.389953 0.134220 0.061558 0.000000
0.385962 0.008661 0.009703 0.000000
0.351857 -0.891435 0.212629 1.000000
0.370653 0.471744 0.147053 0.000000
0.341322 -0.420722 0.246445 0.000000
0.281167 -1.109122 0.252963 0.000000
0.387997 0.394978 0.127500 0.000000
0.390867 -0.916218 0.490082 0.000000
0.337950 -0.524469 0.184969 0.000000
0.164573 -0.218449 -0.037244 0.000000
0.330282 0.094994 0.177940 0.000000
0.524347 -1.180601 0.146592 1.000000
0.398265 0.186582 0.091237 0.000000
0.201335 -0.112723 0.408564 0.000000
0.334721 -0.327804 0.211942 0.000000
0.329897 -0.620527 0.195334 0.000000
0.334778 0.270231 0.098792 0.000000
0.294365 0.043773 0.297045 0.000000
0.389898 0.309642 0.182185 0.000000
0.367246 -0.915930 0.201745 1.000000
0.469729 -1.097379 0.173678 1.000000
0.369013 0.059186 0.201928 0.000000
0.494323 -1.114235 0.168201 1.000000
0.397958 0.229894 0.095520 0.000000
0.582508 -0.050448 0.445502 0.000000
0.378270 -0.579154 0.317225 0.000000
0.265497 0.014040 0.311765 0.000000
0.372603 0.413470 0.119590 0.000000
0.360900 -0.524613 0.255599 0.000000
0.504337 -1.132116 0.158413 1.000000
0.453145 -0.022924 0.073993 0.000000
0.305786 -0.038339 0.041341 0.000000
0.330933 -0.785253 0.217110 0.000000
0.336004 -0.326921 0.196348 0.000000
0.352031 -0.628754 0.306606 0.000000
0.331895 0.152599 0.077516 0.000000
-0.044146 -0.505834 0.147806 0.000000
0.333541 -0.745989 0.214566 0.000000
0.494515 -0.058758 0.105949 0.000000
0.153029 -0.248406 0.156911 0.000000
0.340708 -0.669062 0.208989 0.000000
0.438784 -1.041399 0.178804 1.000000
0.379427 0.422136 0.131758 0.000000
0.346420 -0.393288 0.225756 0.000000
0.188499 -0.188378 0.470291 0.000000
0.062417 -0.393277 0.170555 0.000000
0.272294 -1.087369 0.259002 0.000000
0.467367 -0.031574 0.350946 0.000000
0.314569 0.016776 0.155402 0.000000
0.349088 0.405977 0.154183 0.000000
0.372269 0.452554 0.145542 0.000000
0.292241 -1.097848 0.245463 0.000000
0.338022 -0.757526 0.199535 0.000000
0.347603 0.201112 0.095606 0.000000
0.318601 -0.861763 0.232082 0.000000
0.337380 -0.717800 0.197503 0.000000
0.225992 -0.043089 0.357386 0.000000
0.369415 -0.601058 0.312407 0.000000
0.323776 -0.381497 0.190376 0.000000
0.440567 0.016086 0.197165 0.000000
0.372811 0.488600 0.133057 0.000000
0.355212 -0.902464 0.224161 1.000000
-0.074418 -0.540375 0.125878 0.000000
0.330070 -0.021648 0.187301 0.000000
0.333019 -0.359249 0.202293 0.000000
0.329597 0.004584 0.186839 0.000000
0.465097 -0.082407 0.055476 0.000000
0.327882 0.330662 0.111427 0.000000
0.025101 -0.436813 0.165197 0.000000
0.473012 0.014404 0.110521 0.000000
0.365621 -0.529089 0.292969 0.000000
0.443310 -1.021691 0.196741 1.000000
0.442350 -0.011565 0.208966 0.000000
0.181291 -0.258603 0.171829 0.000000
0.328961 0.174984 0.168478 0.000000
0.460383 0.130383 0.124981 0.000000
0.346437 0.253894 0.192618 0.000000
0.323840 -0.535183 0.190112 0.000000
0.383271 0.405313 0.155114 0.000000
0.536514 -0.116459 0.110034 0.000000
0.292129 -1.100619 0.230939 0.000000
0.123667 -0.328369 0.169123 0.000000
0.336359 -0.868871 0.204115 0.000000
0.336649 0.138093 0.256906 0.000000
0.334820 -0.186383 0.191937 0.000000
0.308834 -1.067531 0.243437 0.000000
0.321699 -0.942915 0.209973 0.000000
0.296805 -0.071727 0.033703 0.000000
0.332660 0.257903 0.171240 0.000000
0.327733 -0.470217 0.186926 0.000000
0.355953 -0.537265 0.277387 0.000000
0.290336 -0.931659 0.225663 0.000000
0.373551 -0.028287 -0.025518 0.000000
0.338144 0.389245 0.156981 0.000000
0.448850 0.148759 0.124946 0.000000
0.420968 -0.989614 0.210334 1.000000
0.108097 -0.234989 -0.043546 0.000000
0.341853 0.245262 0.160056 0.000000
0.427974 0.066394 0.080982 0.000000
0.391829 -0.960657 0.175849 1.000000
0.085188 -0.242263 -0.048677 0.000000
0.353290 0.270562 0.101927 0.000000
0.079626 -0.372741 0.170178 0.000000
0.342006 0.204830 0.213017 0.000000
0.225256 -0.164694 0.151393 0.000000
-0.054597 -0.520009 0.134831 0.000000
0.378300 -0.770121 0.385305 0.000000
0.102680 -0.337658 0.172724 0.000000
0.468084 -0.073513 0.187115 0.000000
0.145720 -0.287131 0.168038 0.000000
0.325091 -0.410076 0.189141 0.000000
0.400114 0.301653 0.126385 0.000000
0.320540 -0.105057 0.179336 0.000000
0.390235 0.017992 0.249810 0.000000
0.190412 -0.234076 0.161804 0.000000
0.322536 0.134504 0.167742 0.000000
0.340638 -0.402774 0.192463 0.000000
0.381759 -0.011103 -0.015980 0.000000
0.327920 0.205389 0.171561 0.000000
0.218874 -0.178417 0.152898 0.000000
0.325425 -0.507265 0.197055 0.000000
0.388887 0.164772 0.070616 0.000000
0.388996 0.283896 0.127455 0.000000
0.288595 -0.110670 0.006277 0.000000
0.302732 -0.898239 0.237097 0.000000
0.291110 -1.074928 0.239850 0.000000
0.405691 -0.942838 0.513250 0.000000
0.498138 -0.028003 0.131327 0.000000
0.364225 -0.501968 0.291342 0.000000
0.406758 0.196634 0.208639 0.000000
0.364845 -0.078821 0.295605 0.000000
0.394824 0.338966 0.173415 0.000000
0.387350 0.334346 0.151104 0.000000
0.219185 -0.105664 0.390487 0.000000
0.292321 -0.023338 0.169364 0.000000
0.397101 0.090203 0.221696 0.000000
0.236753 -0.169141 0.172624 0.000000
0.395014 0.036145 0.241732 0.000000
0.356948 -0.364198 0.214036 0.000000
0.335910 -0.267436 0.198109 0.000000
0.340519 -0.365558 0.228786 0.000000
0.301150 -1.031128 0.230766 0.000000
0.326898 -0.594363 0.205092 0.000000
0.380888 0.034847 0.229713 0.000000
0.312897 -0.011223 0.047776 0.000000
0.396647 0.289676 0.168160 0.000000
0.041845 -0.414310 0.169335 0.000000
0.526021 -0.138685 0.156247 0.000000
0.514367 -0.178934 0.142056 0.000000
0.332646 -0.455984 0.200675 0.000000
0.342082 0.144780 0.129312 0.000000
0.441349 -0.064121 0.228983 0.000000
0.359360 -0.484804 0.246389 0.000000
0.387758 -0.884281 0.454814 0.000000
0.402319 -0.869668 0.445359 0.000000
0.338745 0.195244 0.223444 0.000000
0.368217 -0.669163 0.340616 0.000000
-0.099078 -0.565278 0.131454 0.000000
0.332341 0.140272 0.178116 0.000000
0.374619 0.382637 0.113212 0.000000
0.312228 0.130657 0.226975 0.000000
0.389111 -0.953696 0.192864 1.000000
0.324595 0.038237 0.060690 0.000000
0.406506 0.255798 0.195771 0.000000
0.381068 0.277674 0.117516 0.000000
0.481605 -0.123632 0.045762 0.000000
0.328268 -0.164834 0.182121 0.000000
0.325076 -0.257133 0.189934 0.000000
0.266783 -1.036657 0.253932 0.000000
0.414223 0.192398 0.133332 0.000000
0.355287 0.419682 0.117318 0.000000
0.417865 -1.005657 0.199355 1.000000
0.326280 -0.662349 0.197811 0.000000
0.514174 -0.092490 0.149161 0.000000
0.493415 -0.120294 0.179844 0.000000
0.522436 -0.160260 0.145766 0.000000
0.478639 -1.103765 0.161524 1.000000
0.327905 -0.729780 0.208937 0.000000
0.304229 -0.919652 0.229281 0.000000
0.478834 -1.087805 0.178115 1.000000
0.298738 -0.050081 0.043901 0.000000
0.471679 -0.019818 0.114592 0.000000
0.297823 0.063710 0.278177 0.000000
0.477286 -0.098122 0.053361 0.000000
0.344504 0.339731 0.163726 0.000000
0.472082 0.058658 0.131711 0.000000
0.503674 -0.068723 0.157221 0.000000
0.311880 -0.964611 0.206063 0.000000
0.335926 -0.840930 0.221730 0.000000
0.465872 0.038004 0.145254 0.000000
0.485122 0.001162 0.141849 0.000000
0.335310 0.081452 0.070611 0.000000
0.350914 -0.889391 0.195978 1.000000
0.334907 -0.650120 0.197994 0.000000
0.264527 -0.146520 -0.005632 0.000000
0.293605 -1.059970 0.240314 0.000000
0.310919 -0.908721 0.246109 0.000000
0.350068 0.283454 0.176240 0.000000
0.153751 -0.276026 0.166118 0.000000
0.457020 0.064562 0.137239 0.000000
0.356368 0.293050 0.115980 0.000000
0.434990 -0.991776 0.600462 0.000000
0.328435 -0.807225 0.218320 0.000000
0.533603 -0.213442 0.169190 0.000000
0.315093 -0.848395 0.216206 0.000000
0.322695 -0.310912 0.198066 0.000000
0.344493 -0.550367 0.195258 0.000000
0.292571 -1.008414 0.219793 0.000000
0.201276 -0.185885 0.142901 0.000000
0.396681 -0.945934 0.534393 0.000000
0.385178 0.383841 0.149683 0.000000
0.400056 0.009158 0.278497 0.000000
0.388934 0.055801 0.028819 0.000000
0.402133 -0.927883 0.491810 0.000000
0.403883 0.190391 0.121207 0.000000
0.393141 0.258766 0.119423 0.000000
0.411218 -0.964173 0.571782 0.000000
0.277305 -1.025912 0.271078 0.000000
0.348876 0.108971 0.155255 0.000000
0.293817 -1.079197 0.221721 0.000000
0.425998 -0.973832 0.586828 0.000000
0.318715 0.030493 0.169559 0.000000
0.136865 -0.224744 -0.044185 0.000000
0.333837 -0.078369 0.182856 0.000000
0.291255 -0.026813 0.183345 0.000000
0.436310 0.103461 0.182318 0.000000
0.400150 0.172072 0.088363 0.000000
0.380934 -0.038518 -0.016887 0.000000
0.339291 0.162878 0.120346 0.000000
0.349463 0.364218 0.161935 0.000000
0.327818 -0.570232 0.191104 0.000000
0.408242 0.266497 0.163407 0.000000
0.236626 -0.138499 0.144829 0.000000
0.201037 -0.200542 0.151599 0.000000
0.253128 -0.011248 0.330009 0.000000
0.373992 -0.056901 -0.031887 0.000000
0.435074 0.187206 0.132213 0.000000
0.336999 -0.339887 0.218579 0.000000
0.291242 -0.942139 0.236462 0.000000
0.327986 -0.397816 0.195035 0.000000
0.378687 -0.939887 0.213567 1.000000
0.397378 -0.891986 0.461117 0.000000
0.395032 -0.853537 0.434141 0.000000
0.332404 -0.234470 0.200797 0.000000
0.386650 0.430729 0.151320 0.000000
0.418909 -0.963387 0.556243 0.000000
0.332290 -0.173759 0.196158 0.000000
0.331230 0.072694 0.169690 0.000000
0.580422 -1.287184 0.118972 1.000000
0.357309 -0.385569 0.221948 0.000000
0.293663 -1.034129 0.216822 0.000000
0.515531 -1.131193 0.167263 1.000000
0.321772 0.118823 0.248962 0.000000
0.348770 0.237564 0.092681 0.000000
0.408178 0.275679 0.123552 0.000000
0.443411 -0.016014 0.330026 0.000000
0.185617 -0.227369 0.527303 0.000000
0.342483 0.211096 0.088188 0.000000
0.308744 0.051576 0.058682 0.000000
0.337796 -0.313010 0.190812 0.000000
0.240232 -1.114807 0.248036 0.000000
0.377011 -0.039176 0.261526 0.000000
0.558701 -1.231347 0.141037 1.000000
0.330211 -0.128470 0.181781 0.000000
0.186945 -0.257391 0.547750 0.000000
0.333029 0.175008 0.114333 0.000000
0.320918 -1.087658 0.231102 0.000000
0.458790 0.105057 0.128584 0.000000
0.312338 -0.971822 0.226109 0.000000
0.299219 -1.068672 0.212306 0.000000
0.345555 0.475550 0.150362 0.000000
0.326990 0.210985 0.109882 0.000000
0.427196 -0.086000 0.229862 0.000000
0.377411 0.330096 0.121059 0.000000
0.427254 0.089981 0.185342 0.000000
0.399420 0.141473 0.068385 0.000000
0.184237 -0.209996 -0.032242 0.000000
0.512122 -1.160339 0.149311 1.000000
0.368681 -0.059960 0.277995 0.000000
0.503308 -0.052104 0.139537 0.000000
0.321116 -0.935168 0.230320 0.000000
0.321952 -0.884026 0.237599 0.000000
0.365496 -0.574951 0.297640 0.000000
0.287961 -1.092198 0.208839 0.000000
0.308565 -1.017722 0.238748 0.000000
0.002131 -0.461093 0.157994 0.000000
0.415774 0.180545 0.101524 0.000000
0.278615 -0.955779 0.231071 0.000000
0.357068 0.087151 0.172145 0.000000
0.435952 -0.110689 0.245424 0.000000
0.470989 -0.068787 0.061326 0.000000
0.440673 0.036241 0.208825 0.000000
0.334371 -0.243393 0.187537 0.000000
0.393723 -0.956426 0.214967 1.000000
0.343630 -0.821466 0.218357 0.000000
0.424705 -0.104683 0.236749 0.000000
0.336078 0.163754 0.246601 0.000000
0.444145 0.011119 0.216781 0.000000
0.313984 -0.892417 0.215671 0.000000
0.397274 -0.207172 0.297955 0.000000
0.335086 -0.428615 0.194755 0.000000
0.483104 -0.122372 0.170758 0.000000
0.329922 0.155624 0.224477 0.000000
0.301632 -0.059465 0.034132 0.000000
0.339905 -0.362059 0.191413 0.000000
0.236482 -0.159013 0.155306 0.000000
0.404475 0.477202 0.120218 0.000000
0.280889 -1.064458 0.246619 0.000000
0.349678 -0.458307 0.272279 0.000000
0.428746 -0.129026 0.245825 0.000000
0.207471 -0.124637 0.406586 0.000000
0.399164 0.349919 0.155276 0.000000
0.338768 -0.606823 0.205858 0.000000
0.396012 0.047271 0.017267 0.000000
0.299275 -1.010473 0.204389 0.000000
0.426332 0.089060 0.085695 0.000000
0.436323 0.052316 0.189963 0.000000
0.296511 0.073572 0.269670 0.000000
0.274092 -1.054455 0.236013 0.000000
0.347322 -0.432369 0.243365 0.000000
0.393588 0.371686 0.128340 0.000000
0.461478 0.085467 0.131935 0.000000
0.599345 -1.310386 0.117528 1.000000
0.355873 0.290377 0.102578 0.000000
0.255302 -0.161781 -0.001890 0.000000
0.379690 -0.903012 0.473480 0.000000
0.384174 -0.016212 -0.001661 0.000000
0.386631 -0.917395 0.502353 0.000000
0.321622 -0.922928 0.211742 0.000000
0.351288 0.247687 0.105144 0.000000
0.196909 -0.153885 0.432465 0.000000
0.175896 -0.265376 0.562927 0.000000
0.364102 -0.925391 0.225789 1.000000
0.324234 -1.125615 0.243262 0.000000
0.334163 -0.372122 0.197676 0.000000
0.468346 -0.051931 0.194127 0.000000
0.523694 -0.198830 0.157403 0.000000
0.226145 -0.190031 -0.014533 0.000000
0.267544 0.003940 0.319554 0.000000
0.383059 0.305511 0.120062 0.000000
0.332147 -0.880521 0.208328 0.000000
0.387052 0.008953 -0.003899 0.000000
0.389453 0.319311 0.127397 0.000000
0.449104 0.078782 0.122564 0.000000
0.278219 -0.965962 0.245418 0.000000
0.327015 -0.600086 0.193539 0.000000
0.296969 -0.979080 0.232155 0.000000
0.331498 0.129433 0.081278 0.000000
0.306804 0.093462 0.255962 0.000000
0.456574 0.052322 0.117190 0.000000
0.336598 0.276112 0.164138 0.000000
0.086378 -0.352003 0.174738 0.000000
0.342230 -0.477986 0.191309 0.000000
0.328763 -0.102117 0.193795 0.000000
0.325033 -0.438966 0.188873 0.000000
0.448361 -0.014972 0.219791 0.000000
0.388942 0.359264 0.149024 0.000000
0.345886 -0.879475 0.217244 1.000000
0.220354 -0.156265 0.139256 0.000000
0.333178 -0.555913 0.207783 0.000000
0.396415 -0.958276 0.202514 1.000000
0.306927 0.000450 0.052967 0.000000
0.412230 -0.147048 0.257221 0.000000
0.442052 -0.000080 0.067204 0.000000
0.440068 -0.978437 0.612769 0.000000
0.406290 0.293098 0.160178 0.000000
0.243915 -0.125918 0.150767 0.000000
0.238221 -0.101904 0.380777 0.000000
0.352628 0.450977 0.144145 0.000000
0.338135 0.233250 0.158018 0.000000
0.339864 0.245720 0.206601 0.000000
0.530198 -0.174348 0.163812 0.000000
0.434484 0.138464 0.165993 0.000000
0.360782 -0.676698 0.333158 0.000000
0.370972 -0.613768 0.322781 0.000000
0.362403 -0.595710 0.301616 0.000000
0.437980 0.022558 0.074923 0.000000
0.326386 0.060347 0.174725 0.000000
0.409274 0.168414 0.104988 0.000000
0.526430 -1.169514 0.153058 1.000000
0.335002 0.227564 0.102266 0.000000
0.322052 -1.165988 0.241959 0.000000
0.420300 0.103041 0.097107 0.000000
0.269538 -0.075460 0.170810 0.000000
0.339388 0.354970 0.116386 0.000000
0.342781 -0.517715 0.194546 0.000000
0.288421 -0.097933 0.031511 0.000000
0.325311 0.068437 0.068522 0.000000
0.398081 0.201316 0.097029 0.000000
0.340181 0.300638 0.165002 0.000000
0.290172 -0.984742 0.244588 0.000000
0.514630 -0.099410 0.113059 0.000000
0.323871 -0.322193 0.215367 0.000000
0.330619 -0.278719 0.200258 0.000000
-0.091289 -0.555415 0.135533 0.000000
0.338824 -0.676405 0.198099 0.000000
0.432941 0.118515 0.180507 0.000000
0.358444 -0.510334 0.283873 0.000000
0.593643 -1.284325 0.118641 1.000000
0.344836 -0.791852 0.211718 0.000000
0.345782 -0.656784 0.204487 0.000000
0.337909 -0.511572 0.205134 0.000000
0.332222 0.112958 0.172945 0.000000
0.355494 -0.471352 0.259836 0.000000
0.196248 -0.138302 0.422692 0.000000
0.342414 -0.880582 0.230879 0.000000
0.499445 -1.120174 0.158415 1.000000
0.338098 0.183662 0.081648 0.000000
0.312986 0.041416 0.173122 0.000000
0.252961 -0.045924 0.357168 0.000000
0.334942 -0.377333 0.245986 0.000000
0.541632 -1.208217 0.131688 1.000000
0.139606 -0.315127 0.167410 0.000000
0.452570 0.031903 0.118921 0.000000
0.108765 -0.358667 0.167759 0.000000
0.338676 -0.711218 0.212875 0.000000
0.481028 -1.078831 0.186514 1.000000
0.331643 -0.772240 0.213795 0.000000
0.226571 -0.183663 0.168870 0.000000
0.322748 -0.344178 0.195266 0.000000
0.431335 -0.061668 0.221972 0.000000
-0.065931 -0.524468 0.137493 0.000000
0.330368 -0.847308 0.212578 0.000000
0.303770 -1.067028 0.227592 0.000000
0.519985 -0.115049 0.151161 0.000000
0.309066 -0.940414 0.234243 0.000000
0.385090 0.406078 0.138154 0.000000
0.343723 0.459173 0.150330 0.000000
0.368684 -0.784765 0.389130 0.000000
0.339344 0.125565 0.143614 0.000000
0.496010 -0.122962 0.040284 0.000000
0.429968 0.200774 0.131115 0.000000
0.331436 -0.487851 0.200649 0.000000
0.338214 0.315067 0.154461 0.000000
0.350065 0.220417 0.103929 0.000000
0.556524 -1.240722 0.130511 1.000000
0.374554 0.358619 0.118296 0.000000
0.417698 0.129433 0.098469 0.000000
0.332484 0.098660 0.166317 0.000000
0.177536 -0.239495 0.158687 0.000000
0.331162 0.081349 0.181094 0.000000
0.316964 -0.877974 0.216733 0.000000
0.315795 0.027409 0.058282 0.000000
0.336931 0.176418 0.239215 0.000000
0.396996 0.378072 0.146800 0.000000
0.244395 -0.080077 0.368293 0.000000
0.333264 0.202506 0.102025 0.000000
0.144109 -0.269282 0.161838 0.000000
0.472946 -1.080984 0.152299 1.000000
0.451952 -1.040779 0.190682 1.000000
0.491704 -0.144661 0.032272 0.000000
-0.014585 -0.478870 0.152172 0.000000
0.344636 -0.377173 0.231647 0.000000
0.321898 0.012792 0.053633 0.000000
0.198535 -0.165823 0.440023 0.000000
0.336248 -0.535081 0.198623 0.000000
0.347272 -0.356921 0.216242 0.000000
0.503936 -0.030971 0.387202 0.000000
0.285557 0.016513 0.318199 0.000000
0.572751 -1.275061 0.122886 1.000000
0.285545 -0.039542 0.159849 0.000000
0.505837 -0.077294 0.120223 0.000000
0.425723 -0.998221 0.186068 1.000000
0.219986 -0.190678 0.160003 0.000000
0.327794 -0.050253 0.177395 0.000000
0.340252 0.167284 0.088547 0.000000
0.349118 0.312199 0.168215 0.000000
-0.127861 -0.589544 0.121492 0.000000
0.404523 0.254639 0.165994 0.000000
0.353002 0.077374 0.189382 0.000000
0.350624 0.378789 0.163062 0.000000
0.429208 0.113556 0.089684 0.000000
0.068799 -0.369205 0.174554 0.000000
0.409712 0.211874 0.172446 0.000000
0.403899 -0.189834 0.283070 0.000000
0.392793 0.394068 0.155877 0.000000
0.331205 0.309086 0.105492 0.000000
0.253650 -0.108688 0.139675 0.000000
0.430212 -0.971247 0.574830 0.000000
0.334156 0.248699 0.100503 0.000000
0.546717 -1.219656 0.137185 1.000000
0.429897 -0.998850 0.165895 1.000000
0.315073 0.084421 0.277317 0.000000
0.495217 -0.065638 0.120331 0.000000
0.359773 -0.598788 0.286656 0.000000
0.254140 -0.067485 0.359974 0.000000
0.265637 -1.048321 0.266406 0.000000
0.401418 -0.827475 0.422909 0.000000
0.264289 -0.035475 0.344192 0.000000
0.450345 -1.025346 0.161960 1.000000
0.298770 -0.991724 0.209911 0.000000
0.330452 -0.860227 0.213263 0.000000
0.289674 -1.015612 0.240098 0.000000
0.332082 -0.498793 0.189915 0.000000
0.362432 -0.553201 0.290743 0.000000
0.465346 -1.065301 0.173203 1.000000
0.546423 -0.123143 0.113034 0.000000
0.460094 -0.023749 0.345331 0.000000
0.390178 -0.875224 0.446127 0.000000
0.299815 -0.021116 0.047801 0.000000
-0.081363 -0.550217 0.125567 0.000000
0.437933 -1.031964 0.190144 1.000000
0.447550 0.027915 0.187310 0.000000
0.473545 0.002379 0.110374 0.000000
0.334138 -0.147224 0.184810 0.000000
0.397307 0.387393 0.127839 0.000000
0.480050 -0.038454 0.115646 0.000000
0.430827 0.138563 0.124544 0.000000
0.418065 0.153333 0.097719 0.000000
0.549680 -1.198363 0.153423 1.000000
0.335509 -0.574900 0.200296 0.000000
0.167251 -0.267391 0.167277 0.000000
0.373148 -0.573129 0.308220 0.000000
0.397756 0.170903 0.219436 0.000000
0.406744 -0.951407 0.537884 0.000000
0.406217 0.005638 0.291517 0.000000
0.396881 -0.934749 0.507507 0.000000
0.339975 -0.729588 0.203074 0.000000
0.262012 -1.025572 0.236629 0.000000
0.599296 -1.298543 0.121338 1.000000
0.006522 -0.448217 0.166628 0.000000
0.327802 -0.036389 0.171720 0.000000
0.519492 -0.255938 0.173317 0.000000
0.576893 -1.233998 0.135875 1.000000
0.332180 0.172171 0.210855 0.000000
0.522476 -0.173268 0.154605 0.000000
0.281427 0.034038 0.299545 0.000000
0.468009 -1.084440 0.171004 1.000000
0.102678 -0.349627 0.174110 0.000000
0.339403 -0.394977 0.248097 0.000000
0.388200 0.473736 0.107475 0.000000
0.348077 -0.878368 0.192552 1.000000
0.296186 -0.017361 0.152951 0.000000
0.275490 -0.127950 0.009101 0.000000
0.290868 -1.109637 0.245802 0.000000
0.340499 0.380682 0.127562 0.000000
0.280995 -0.993944 0.244174 0.000000
0.522362 -0.132189 0.146842 0.000000
0.616191 -1.318012 0.121600 1.000000
0.340207 -0.634286 0.208786 0.000000
0.384744 0.028482 0.249058 0.000000
0.318141 -1.033538 0.228165 0.000000
0.325874 -0.779013 0.205377 0.000000
0.329145 -0.642011 0.204427 0.000000
0.357353 -0.536809 0.289470 0.000000
0.376367 -0.720331 0.362404 0.000000
0.358192 -0.411951 0.224990 0.000000
0.290159 -1.085657 0.245416 0.000000
0.333978 -0.797747 0.209880 0.000000
0.380913 -0.937980 0.182745 1.000000
0.303631 -0.886555 0.235625 0.000000
0.434569 0.061921 0.209148 0.000000
0.415652 -0.170420 0.273527 0.000000
0.227415 -0.066974 0.367031 0.000000
0.281205 -1.034174 0.244691 0.000000
-0.033481 -0.497008 0.145662 0.000000
0.358128 -0.427820 0.242167 0.000000
0.382202 0.474656 0.146130 0.000000
0.382134 -0.650321 0.339177 0.000000
0.432044 -0.008409 0.322404 0.000000
0.302031 -1.016105 0.216112 0.000000
0.358721 -0.525902 0.268913 0.000000
0.312758 -0.903186 0.211149 0.000000
0.443392 0.171653 0.124116 0.000000
0.564039 -1.253263 0.127294 1.000000
0.273798 -0.064157 0.176126 0.000000
0.191591 -0.224475 0.506114 0.000000
0.332713 0.150366 0.238099 0.000000
0.335049 -0.177792 0.180504 0.000000
0.410082 -0.954093 0.551217 0.000000
0.260476 -1.051670 0.236839 0.000000
0.454934 -0.033602 0.185318 0.000000
0.355391 0.469412 0.152003 0.000000
0.327613 -0.684832 0.198635 0.000000
0.434340 0.069034 0.197878 0.000000
0.388434 -0.784274 0.402334 0.000000
0.261904 -0.089453 0.155333 0.000000
0.363097 -0.645751 0.321314 0.000000
0.340405 -0.440464 0.189556 0.000000
0.312883 -1.103605 0.237628 0.000000
0.337867 -0.706182 0.196487 0.000000
0.431183 0.162746 0.168176 0.000000
0.290411 -1.058328 0.217585 0.000000
0.496586 -1.129561 0.166744 1.000000
0.191314 -0.209671 0.488765 0.000000
0.302945 -0.884744 0.218076 0.000000
0.296713 -0.997630 0.221378 0.000000
0.372114 -0.556662 0.307365 0.000000
0.497256 -0.141449 0.167711 0.000000
0.263581 -0.096780 0.173688 0.000000
0.334193 -0.197150 0.196506 0.000000
0.336224 -0.551425 0.185248 0.000000
0.297149 -1.006345 0.234481 0.000000
0.340859 -0.692845 0.196394 0.000000
0.415479 -0.007036 0.293533 0.000000
0.507838 -0.073087 0.147264 0.000000
0.392935 0.213798 0.090479 0.000000
0.308326 -1.075385 0.234872 0.000000
0.322308 -1.154165 0.245352 0.000000
0.372901 -0.589818 0.315011 0.000000
0.393577 -0.899469 0.469145 0.000000
0.330123 0.110792 0.075260 0.000000
0.480695 -1.091187 0.165447 1.000000
0.449586 0.054769 0.184563 0.000000
0.239426 -0.147464 0.160328 0.000000
0.338111 -0.841258 0.200404 0.000000
0.402765 0.077040 0.228593 0.000000
0.388962 -0.702797 0.361272 0.000000
0.443027 -0.000060 0.210004 0.000000
0.280626 0.057225 0.276612 0.000000
0.370800 -0.625486 0.324283 0.000000
0.388615 0.295248 0.129575 0.000000
0.322218 0.131021 0.235057 0.000000
0.357348 -0.494596 0.264770 0.000000
0.335995 -0.302033 0.200091 0.000000
0.248368 -0.126216 0.161757 0.000000
0.015624 -0.442855 0.160927 0.000000
0.404304 0.220652 0.103306 0.000000
0.316700 -0.999373 0.227215 0.000000
0.438808 0.071084 0.084471 0.000000
0.342430 0.228141 0.206720 0.000000
0.439905 0.079159 0.181735 0.000000
0.278871 -0.978239 0.240084 0.000000
0.349836 -0.457711 0.247600 0.000000
0.437293 -1.005992 0.214363 1.000000
0.350225 -0.438592 0.260937 0.000000
0.061873 -0.414723 0.160690 0.000000
0.327271 0.090930 0.072020 0.000000
0.203976 -0.134255 0.414936 0.000000
0.182252 -0.191323 0.479491 0.000000
0.330260 -0.266772 0.185029 0.000000
0.434863 0.066423 0.186330 0.000000
0.297561 -1.106174 0.222506 0.000000
0.327003 -0.455458 0.190708 0.000000
-0.029361 -0.487827 0.159515 0.000000
0.306974 0.009750 0.168712 0.000000
0.395903 0.060207 0.235744 0.000000
0.319635 0.283383 0.109642 0.000000
0.344007 -0.768413 0.208865 0.000000
0.419661 -1.010776 0.172569 1.000000
0.398709 0.141390 0.227581 0.000000
0.309940 -0.853609 0.226310 0.000000
0.223421 -0.086100 0.379126 0.000000
0.242102 -0.173266 -0.015808 0.000000
0.288893 -1.005123 0.260647 0.000000
0.289516 -0.942811 0.223401 0.000000
0.400357 0.153053 0.072876 0.000000
0.456355 -1.056291 0.174906 1.000000
0.384651 -0.626975 0.335214 0.000000
0.362706 -0.513608 0.273007 0.000000
0.301757 -0.973921 0.218646 0.000000
-0.006666 -0.473152 0.145712 0.000000
0.414827 0.192744 0.106846 0.000000
0.187087 -0.165484 0.453728 0.000000
0.331141 -0.359199 0.229763 0.000000
0.296302 -1.090998 0.225279 0.000000
0.448426 -0.038411 0.062020 0.000000
0.325880 -0.342983 0.220773 0.000000
0.270912 -0.997654 0.240267 0.000000
0.395444 0.390079 0.144637 0.000000
0.341008 -0.610624 0.190590 0.000000
0.444073 -0.013486 0.065047 0.000000
0.398532 0.113627 0.229516 0.000000
0.384509 0.452488 0.144549 0.000000
0.337433 -0.784571 0.207152 0.000000
0.473753 -1.070464 0.188908 1.000000
0.328564 -0.752664 0.204082 0.000000
0.472176 0.044882 0.134358 0.000000
0.496524 -0.046898 0.147508 0.000000
-0.051123 -0.507989 0.139146 0.000000
0.436735 -1.020367 0.170568 1.000000
0.414712 0.186862 0.177383 0.000000
0.318018 -0.909492 0.218922 0.000000
0.331411 -0.703938 0.206907 0.000000
0.494184 -1.136857 0.152748 1.000000
0.396550 0.249515 0.201440 0.000000
0.255396 -0.109237 0.166168 0.000000
0.393176 0.339052 0.123271 0.000000
0.418680 -0.971666 0.576171 0.000000
0.385524 -0.724008 0.368995 0.000000
0.375994 0.043098 0.222363 0.000000
0.325803 -0.420570 0.185060 0.000000
0.448548 -1.039917 0.171553 1.000000
0.441873 -1.030701 0.173275 1.000000
0.376198 0.426866 0.149602 0.000000
0.437009 0.041890 0.194183 0.000000
0.394163 0.274860 0.164005 0.000000
0.338066 -0.735547 0.212535 0.000000
0.374591 0.435654 0.116839 0.000000
0.342465 0.399537 0.160677 0.000000
0.335186 -0.290147 0.193729 0.000000
0.295126 -0.964731 0.246715 0.000000
0.372310 -0.925817 0.200053 1.000000
0.506182 -0.270717 -0.065368 0.000000
0.279143 -1.068823 0.259610 0.000000
0.268058 -0.143329 0.006014 0.000000
0.532185 -0.188124 0.165787 0.000000
0.255138 -0.102234 0.149718 0.000000
0.298554 -1.139871 0.216635 0.000000
0.328344 -0.822494 0.203985 0.000000
0.429914 -0.985946 0.608602 0.000000
0.186495 -0.236579 0.538127 0.000000
0.369895 0.424467 0.123961 0.000000
0.192563 -0.223121 0.158768 0.000000
0.338482 -0.487252 0.182864 0.000000
0.114795 -0.315410 0.172618 0.000000
0.389146 -0.773749 0.387621 0.000000
0.327107 -0.508040 0.186022 0.000000
0.319350 -0.935673 0.219289 0.000000
0.322184 -0.890285 0.207827 0.000000
0.459292 0.040503 0.116495 0.000000
0.335995 -0.591692 0.197977 0.000000
0.605195 -0.149084 0.112959 0.000000
0.321093 0.122130 0.167578 0.000000
0.211941 -0.096668 0.388376 0.000000
0.086071 -0.363667 0.171174 0.000000
0.510460 -0.079330 0.110256 0.000000
0.299919 -0.931617 0.231520 0.000000
0.164420 -0.248518 0.158617 0.000000
0.281547 -0.938049 0.240193 0.000000
0.188603 -0.248897 0.538891 0.000000
0.282517 -1.021707 0.246112 0.000000
0.328841 0.017093 0.172752 0.000000
0.334488 -0.110637 0.184819 0.000000
0.405060 0.146756 0.214484 0.000000
0.331803 0.187988 0.110913 0.000000
0.584585 -0.146557 0.111769 0.000000
0.324698 -0.165769 0.194483 0.000000
0.534945 -0.213221 0.127142 0.000000
0.395278 0.190288 0.079991 0.000000
0.129346 -0.302699 0.168103 0.000000
0.264895 -0.086493 0.166745 0.000000
0.428694 0.081649 0.202082 0.000000
0.210269 -0.218927 0.167073 0.000000
0.336086 0.195541 0.091633 0.000000
0.313736 0.074771 0.065365 0.000000
0.344168 -0.412600 0.254198 0.000000
0.533760 -1.210439 0.144531 1.000000
0.335401 -0.467001 0.201535 0.000000
0.325437 -0.039868 0.189339 0.000000
0.433953 -1.020393 0.183041 1.000000
0.368632 -0.564404 0.296100 0.000000
0.392968 -0.820955 0.419820 0.000000
0.369544 -0.068949 0.293654 0.000000
0.187840 -0.211346 0.150198 0.000000
0.330743 0.029789 0.178608 0.000000
0.640437 -0.163566 0.097554 0.000000
0.319796 -0.978691 0.221600 0.000000
0.515846 -0.093167 0.137249 0.000000
0.336214 -0.812635 0.212570 0.000000
0.376137 0.347968 0.113560 0.000000
0.352953 0.353810 0.158828 0.000000
0.425443 0.124396 0.091569 0.000000
0.186907 -0.177659 0.465604 0.000000
0.366408 -0.730441 0.361019 0.000000
0.198899 -0.184500 0.451694 0.000000
0.335323 -0.829497 0.212534 0.000000
0.431767 0.048330 0.083574 0.000000
0.428503 0.077464 0.086806 0.000000
0.295915 -1.145260 0.226907 0.000000
0.416931 0.138458 0.192151 0.000000
0.481180 0.018009 0.134181 0.000000
0.451041 0.125188 0.129073 0.000000
0.333023 0.290805 0.169504 0.000000
0.413575 0.164990 0.185145 0.000000
0.343092 -0.453220 0.192506 0.000000
0.244075 -0.060120 0.358009 0.000000
0.376704 -0.017940 0.246300 0.000000
0.559172 -1.220462 0.139526 1.000000
0.210494 -0.180550 0.146115 0.000000
0.344345 0.328951 0.166073 0.000000
0.336883 -0.392985 0.189219 0.000000
0.189407 -0.187860 0.457043 0.000000
0.052397 -0.396392 0.173755 0.000000
0.321490 -0.188336 0.186319 0.000000
0.307962 -0.907432 0.234221 0.000000
0.396004 0.297962 0.159505 0.000000
0.274086 -1.088417 0.247259 0.000000
0.011836 -0.461846 0.151210 0.000000
0.393149 -0.948133 0.174415 1.000000
0.255997 -1.019172 0.243158 0.000000
0.339765 -0.575142 0.189278 0.000000
-0.072222 -0.534509 0.134850 0.000000
0.544485 -1.190113 0.148109 1.000000
0.303327 -1.056072 0.245347 0.000000
0.331546 0.161590 0.083730 0.000000
0.306687 -0.995257 0.228714 0.000000
0.322834 -0.355058 0.193047 0.000000
0.327179 -0.210860 0.192341 0.000000
0.339802 -0.851061 0.219968 0.000000
0.486332 -0.013497 0.140349 0.000000
0.335629 -0.221398 0.197114 0.000000
0.422103 0.177540 0.173733 0.000000
0.334771 0.397579 0.129765 0.000000
0.314276 0.024336 0.178393 0.000000
0.411048 0.241823 0.166412 0.000000
0.380400 -0.825915 0.414144 0.000000
0.269680 -1.078010 0.239880 0.000000
0.334619 -0.373257 0.233721 0.000000
0.487520 0.003461 0.131209 0.000000
0.281097 -0.056696 0.142889 0.000000
0.400177 0.229425 0.203327 0.000000
0.320617 -1.076961 0.227041 0.000000
0.269048 -0.016775 0.332221 0.000000
0.306571 0.000100 0.147905 0.000000
0.348743 0.293873 0.179722 0.000000
0.396816 0.244703 0.114647 0.000000
0.512725 -0.202666 -0.022576 0.000000
0.425332 0.182338 0.120711 0.000000
0.465713 -0.083394 0.183309 0.000000
0.330166 -0.559726 0.194658 0.000000
0.398574 0.097437 0.046688 0.000000
0.297079 -0.903270 0.229334 0.000000
0.345495 -0.892689 0.236209 0.000000
0.325356 -0.140512 0.185336 0.000000
0.422207 0.203271 0.121955 0.000000
0.359409 -0.518267 0.292674 0.000000
0.324528 0.105266 0.267811 0.000000
0.327516 -0.333626 0.196718 0.000000
0.324614 -0.226418 0.185448 0.000000
0.521738 -0.096601 0.123562 0.000000
0.471948 -1.072583 0.167302 1.000000
0.335109 0.197425 0.172846 0.000000
0.313605 -0.895173 0.231401 0.000000
0.487573 -0.033016 0.371456 0.000000
0.436956 0.118840 0.125145 0.000000
0.239921 -0.042923 0.350505 0.000000
0.584397 -1.265006 0.124903 1.000000
0.431252 -1.008619 0.182860 1.000000
0.389533 0.081264 0.040741 0.000000
0.442136 -0.038985 0.220040 0.000000
0.387742 0.010268 0.242170 0.000000
0.340841 0.360788 0.167451 0.000000
0.334626 0.148369 0.170449 0.000000
0.370928 -0.922908 0.174805 1.000000
0.343069 0.422127 0.152625 0.000000
0.329441 -0.854224 0.203991 0.000000
0.419811 0.150427 0.125206 0.000000
0.338462 0.191129 0.163323 0.000000
0.480205 -0.019664 0.106198 0.000000
0.335111 -0.510242 0.193463 0.000000
0.438225 0.099675 0.171557 0.000000
0.401898 0.160598 0.217581 0.000000
0.276080 -0.059238 0.155279 0.000000
0.382791 -0.944194 0.191426 1.000000
0.313355 -1.143548 0.239287 0.000000
0.357826 0.064645 0.207712 0.000000
0.437122 0.122899 0.168669 0.000000
0.332471 -0.608819 0.197413 0.000000
0.319143 -0.248169 0.192533 0.000000
0.393178 0.017055 0.264168 0.000000
0.510687 -0.189037 -0.007443 0.000000
0.331522 -0.618349 0.205689 0.000000
0.348899 -0.898870 0.187811 1.000000
0.417311 -0.001614 0.308132 0.000000
0.508779 -0.171493 0.003978 0.000000
0.418445 -0.126297 0.244897 0.000000
0.338814 -0.831575 0.226015 0.000000
0.282521 -0.118438 0.011997 0.000000
0.348223 0.236524 0.187091 0.000000
0.289146 0.022462 0.310109 0.000000
0.461125 -0.061477 0.061723 0.000000
0.336960 -0.679537 0.209398 0.000000
0.397225 0.268903 0.194186 0.000000
0.372110 -0.659936 0.335560 0.000000
0.212578 -0.114013 0.390103 0.000000
0.333379 0.165569 0.222888 0.000000
0.526972 -0.221921 0.165984 0.000000
0.332365 0.320543 0.107667 0.000000
0.022015 -0.454738 0.152577 0.000000
0.280042 -0.948529 0.241188 0.000000
0.174224 -0.266940 0.575480 0.000000
0.424000 -0.126274 0.254924 0.000000
0.329792 0.157351 0.173422 0.000000
0.506631 -0.062718 0.145309 0.000000
0.315416 0.110453 0.247446 0.000000
0.409000 0.197445 0.176949 0.000000
0.307758 -1.048456 0.226588 0.000000
0.375442 -0.936343 0.204107 1.000000
0.345600 -0.346066 0.214663 0.000000
0.276035 0.014470 0.312883 0.000000
0.377585 -0.883032 0.457538 0.000000
0.335474 -0.352039 0.194932 0.000000
0.316340 -0.950836 0.214526 0.000000
0.318150 -0.857707 0.220211 0.000000
0.440957 0.011697 0.076104 0.000000
0.384799 -0.000921 -0.010535 0.000000
0.462605 -0.049272 0.069521 0.000000
0.339466 0.366444 0.120696 0.000000
0.344534 -0.714914 0.204736 0.000000
0.388132 0.317220 0.137675 0.000000
0.384426 -0.946809 0.219100 1.000000
0.358789 -0.546267 0.268950 0.000000
0.346530 0.226122 0.095799 0.000000
0.208011 -0.113918 0.400493 0.000000
0.553120 -0.046863 0.424778 0.000000
0.436158 -0.081508 0.225995 0.000000
0.325082 -0.323389 0.195994 0.000000
0.306197 -1.010178 0.225650 0.000000
0.344132 0.189175 0.093993 0.000000
0.303748 -1.027721 0.216783 0.000000
0.390933 0.381611 0.158364 0.000000
0.564855 -0.137257 0.112082 0.000000
0.395961 0.232783 0.170871 0.000000
0.441879 0.011149 0.206533 0.000000
0.419576 0.142502 0.096296 0.000000
0.506956 -0.233343 -0.049343 0.000000
0.467782 0.015676 0.147962 0.000000
0.300792 -1.079363 0.241740 0.000000
0.436626 0.057843 0.199230 0.000000
0.299033 -0.921924 0.241444 0.000000
0.612627 -1.336017 0.114936 1.000000
0.214214 -0.195974 -0.023214 0.000000
0.386087 0.018952 0.011496 0.000000
0.338846 -0.276907 0.194081 0.000000
0.243692 -0.033958 0.345616 0.000000
0.429185 0.142803 0.175714 0.000000
0.344539 0.117928 0.148478 0.000000
0.349710 -0.411955 0.231839 0.000000
0.399581 0.239398 0.103017 0.000000
0.355757 -0.491721 0.253802 0.000000
0.288152 -1.081748 0.254870 0.000000
0.506308 -1.126141 0.168279 1.000000
0.436143 -1.009783 0.202278 1.000000
0.530174 -1.189337 0.149603 1.000000
0.372253 0.454905 0.125981 0.000000
0.343168 -0.323044 0.208163 0.000000
-0.115845 -0.578454 0.122950 0.000000
0.329769 -0.290635 0.202588 0.000000
0.512162 -0.162962 0.150766 0.000000
0.344313 0.093195 0.173925 0.000000
0.349383 0.245963 0.201564 0.000000
0.325422 -0.528893 0.200202 0.000000
0.462983 0.010269 0.115890 0.000000
0.301691 -1.052857 0.208440 0.000000
0.221284 -0.129314 0.400037 0.000000
0.398302 0.068998 0.031158 0.000000
0.348912 0.408231 0.135652 0.000000
0.384351 -0.858122 0.433706 0.000000
0.283424 -0.045051 0.169301 0.000000
0.426057 0.129519 0.184481 0.000000
0.408086 -0.187139 0.292545 0.000000
0.423957 0.116692 0.121675 0.000000
0.332631 -0.000473 0.178326 0.000000
0.402482 -0.807267 0.414243 0.000000
0.071832 -0.379524 0.172671 0.000000
0.361770 -0.492889 0.287023 0.000000
0.534667 -1.201736 0.137025 1.000000
0.376286 0.480548 0.127570 0.000000
0.344134 0.275678 0.187884 0.000000
-0.018145 -0.489880 0.139707 0.000000
0.339697 -0.842044 0.211262 0.000000
0.339359 0.110548 0.158978 0.000000
0.439075 0.147827 0.128174 0.000000
0.357755 -0.443507 0.239023 0.000000
0.271688 -0.068938 0.154630 0.000000
0.458632 -0.024904 0.191643 0.000000
0.116002 -0.227988 -0.048170 0.000000
0.460580 -0.031708 0.074468 0.000000
0.339419 -0.814296 0.224464 0.000000
0.396186 -0.844386 0.429519 0.000000
0.277130 -1.046956 0.273824 0.000000
0.349040 0.256058 0.181534 0.000000
0.440164 0.105030 0.123540 0.000000
0.475186 -0.115636 0.046822 0.000000
0.337153 0.238352 0.099094 0.000000
0.476280 -1.082022 0.163814 1.000000
0.195572 -0.172275 0.447489 0.000000
0.325425 -0.286850 0.193758 0.000000
0.370101 -0.524600 0.302620 0.000000
0.380466 -0.871345 0.441412 0.000000
0.351653 -0.420707 0.245848 0.000000
0.395495 -0.953540 0.182857 1.000000
0.094928 -0.245444 -0.049661 0.000000
0.369219 0.050614 0.220513 0.000000
0.395600 0.024928 0.243647 0.000000
0.196704 -0.204566 -0.030200 0.000000
0.301890 -0.005675 0.155941 0.000000
0.360909 -0.627944 0.311696 0.000000
0.392962 0.326151 0.147586 0.000000
0.398148 0.116997 0.056652 0.000000
0.255260 0.014742 0.312035 0.000000
0.415541 -0.996426 0.185774 1.000000
0.113196 -0.334533 0.171602 0.000000
0.387638 0.270317 0.114559 0.000000
0.453611 0.139957 0.122716 0.000000
0.353542 0.280563 0.099687 0.000000
0.356641 -0.900041 0.180106 1.000000
0.417199 0.205020 0.170220 0.000000
0.337256 0.236069 0.170067 0.000000
0.040832 -0.422982 0.163101 0.000000
0.451434 0.037742 0.185225 0.000000
0.527765 -0.159206 0.155764 0.000000
0.475976 -1.066063 0.176867 1.000000
0.426531 -0.009583 0.313473 0.000000
0.325703 -0.071557 0.181984 0.000000
0.367773 -0.544908 0.287981 0.000000
0.336407 -0.762571 0.214560 0.000000
0.402241 -0.906757 0.473796 0.000000
0.441979 0.051228 0.175411 0.000000
0.345350 -0.693495 0.205552 0.000000
0.294348 -1.000933 0.250976 0.000000
0.336559 0.260271 0.097360 0.000000
0.391155 0.110130 0.052611 0.000000
0.235861 -0.023542 0.340328 0.000000
0.349800 0.479021 0.141745 0.000000
0.323586 -0.867471 0.210962 0.000000
0.271494 -1.129730 0.290543 0.000000
0.398387 0.263180 0.109735 0.000000
0.332417 -0.476917 0.193920 0.000000
0.398813 -0.861066 0.439905 0.000000
0.337338 -0.569088 0.208482 0.000000
0.381231 -0.670488 0.347462 0.000000
0.621086 -0.159660 0.106036 0.000000
0.300992 -1.040859 0.227252 0.000000
0.343637 0.263551 0.194284 0.000000
0.245144 -0.117901 0.143730 0.000000
0.400223 -0.941811 0.521788 0.000000
0.543924 -1.212392 0.143758 1.000000
0.297198 -0.916434 0.219949 0.000000
0.321481 0.093057 0.173192 0.000000
0.613456 -1.296840 0.114956 1.000000
0.317785 0.053904 0.064212 0.000000
0.296788 -0.081053 0.028102 0.000000
0.234434 -0.060911 0.361925 0.000000
0.209670 -0.199659 0.156895 0.000000
0.366195 0.388747 0.119365 0.000000
0.313621 -1.092706 0.237729 0.000000
0.297903 -1.122744 0.226705 0.000000
0.463289 -0.061053 0.193724 0.000000
0.343979 -0.432244 0.252948 0.000000
0.527486 -0.189872 0.144004 0.000000
0.434597 -0.975290 0.592014 0.000000
0.336216 -0.409780 0.186607 0.000000
0.387679 -0.694343 0.355817 0.000000
0.329950 0.220543 0.108220 0.000000
0.360319 -0.428089 0.230909 0.000000
0.269732 -1.048580 0.256052 0.000000
0.462549 0.028689 0.140160 0.000000
0.404785 0.266916 0.119787 0.000000
0.393925 0.472236 0.119363 0.000000
0.509118 -0.219518 -0.034438 0.000000
0.330956 -0.406161 0.199921 0.000000
0.329621 -0.017275 0.177661 0.000000
0.252927 -0.022304 0.333448 0.000000
0.181413 -0.264068 0.554555 0.000000
0.321927 -1.075265 0.238777 0.000000
0.398394 -0.914525 0.481649 0.000000
0.436444 0.058369 0.086654 0.000000
0.331509 0.142391 0.244562 0.000000
0.336570 -0.661451 0.203794 0.000000
0.335624 -0.202615 0.188144 0.000000
0.117814 -0.289641 0.168247 0.000000
0.295538 0.080311 0.261042 0.000000
-0.076702 -0.541346 0.143244 0.000000
0.395958 0.128900 0.067670 0.000000
0.213193 -0.148450 0.413986 0.000000
0.353843 0.125352 0.139023 0.000000
0.337948 -0.251426 0.192464 0.000000
0.328016 0.141647 0.133156 0.000000
0.339966 0.153695 0.124714 0.000000
0.326473 -0.541306 0.199767 0.000000
0.388669 -0.926198 0.507837 0.000000
0.500141 -0.160908 0.021385 0.000000
0.391480 0.177175 0.088024 0.000000
0.377519 -0.711271 0.358176 0.000000
0.329183 -0.666476 0.209479 0.000000
0.329314 0.131499 0.254938 0.000000
0.429835 -1.002228 0.194324 1.000000
0.395024 0.359263 0.157718 0.000000
0.395349 0.356380 0.126469 0.000000
0.321944 -0.012312 0.043563 0.000000
0.441851 0.072825 0.190005 0.000000
0.425566 0.120149 0.188042 0.000000
0.330829 -0.630592 0.195758 0.000000
0.335970 0.248532 0.169884 0.000000
0.357297 -0.584529 0.298639 0.000000
0.431944 0.161476 0.124814 0.000000
0.314344 -0.034647 0.037658 0.000000
0.408777 -0.887303 0.456778 0.000000
0.312304 -1.061821 0.228274 0.000000
0.433061 -0.052083 0.219621 0.000000
0.220112 -0.201698 0.164198 0.000000
0.574273 -1.255459 0.128777 1.000000
0.163285 -0.279075 0.166426 0.000000
0.395052 0.349980 0.169005 0.000000
0.344421 0.205776 0.103863 0.000000
0.397402 0.216210 0.209767 0.000000
0.305571 -0.028688 0.044728 0.000000
0.278868 -1.010760 0.269747 0.000000
0.366602 -0.919508 0.211174 1.000000
0.335757 -0.545855 0.197015 0.000000
0.332532 -0.257681 0.199761 0.000000
0.327074 -0.686590 0.208699 0.000000
0.483010 0.030667 0.132539 0.000000
0.288893 -1.039823 0.241759 0.000000
0.337612 0.147744 0.084898 0.000000
0.411664 0.224251 0.172016 0.000000
0.322337 -0.089921 0.185911 0.000000
0.226660 -0.118220 0.391926 0.000000
0.399928 -0.766837 0.390505 0.000000
0.401338 -0.962657 0.173622 1.000000
0.439200 0.177347 0.131135 0.000000
0.302267 -0.002014 0.165219 0.000000
0.330478 0.297388 0.103456 0.000000
0.574010 -1.295072 0.121075 1.000000
0.329991 -0.527363 0.190531 0.000000
0.507748 -0.258923 -0.059622 0.000000
0.324840 -0.653130 0.201284 0.000000
0.527124 -0.197940 0.134955 0.000000
0.471530 -0.089977 0.055016 0.000000
0.340323 0.335752 0.109548 0.000000
0.522140 -0.252925 0.183937 0.000000
0.330628 0.230748 0.164034 0.000000
0.312530 0.044181 0.185230 0.000000
0.421307 0.172273 0.104938 0.000000
0.337868 -0.596988 0.206859 0.000000
0.340022 -0.770811 0.218923 0.000000
0.512937 -0.089869 0.159477 0.000000
0.324819 0.164714 0.168764 0.000000
0.294792 -0.923125 0.231312 0.000000
0.386301 -0.792111 0.396636 0.000000
0.510760 -1.139678 0.163163 1.000000
0.394272 0.169706 0.080739 0.000000
0.351480 -0.449203 0.260184 0.000000
0.079425 -0.370817 0.179897 0.000000
0.436604 0.045636 0.073266 0.000000
0.449528 0.105466 0.132702 0.000000
0.316018 0.088576 0.065516 0.000000
0.515383 -1.174039 0.141317 1.000000
0.300857 -0.934774 0.213624 0.000000
0.316053 -0.963501 0.229955 0.000000
0.274672 -1.015380 0.244524 0.000000
0.343138 0.166340 0.239285 0.000000
0.347123 -0.383523 0.223828 0.000000
0.098333 -0.236138 -0.042568 0.000000
0.298913 -0.015963 0.172162 0.000000
0.143118 -0.226822 -0.036834 0.000000
0.338613 -0.625438 0.200882 0.000000
0.399658 0.125332 0.222996 0.000000
0.334688 -0.045138 0.182383 0.000000
0.336249 0.282627 0.194252 0.000000
0.449216 0.015500 0.085487 0.000000
0.472720 -0.021963 0.360809 0.000000
0.405727 0.252812 0.118186 0.000000
0.451651 -0.030464 0.067858 0.000000
0.398053 0.078664 0.036576 0.000000
0.386000 -0.959655 0.221260 1.000000
0.327533 -0.193770 0.180786 0.000000
0.286470 -0.113819 0.020709 0.000000
0.286077 0.040330 0.293048 0.000000
0.534218 -0.109299 0.119222 0.000000
0.516696 -1.168516 0.155683 1.000000
0.351371 0.441264 0.143545 0.000000
0.331442 0.264378 0.163830 0.000000
0.327922 -0.916133 0.214949 0.000000
0.328747 -0.085625 0.178661 0.000000
0.342344 -0.317215 0.198906 0.000000
0.470173 -0.007168 0.114026 0.000000
0.316015 0.099170 0.258815 0.000000
0.374008 -0.820203 0.409396 0.000000
0.446978 0.052949 0.119048 0.000000
0.238826 -0.180183 -0.009699 0.000000
0.385662 -0.018083 0.250252 0.000000
0.326946 0.039435 0.159336 0.000000
0.602651 -0.157536 0.108745 0.000000
0.275728 -1.034482 0.260609 0.000000
0.294358 -1.024800 0.224682 0.000000
0.330598 0.198904 0.110710 0.000000
0.174638 -0.265553 0.173513 0.000000
0.425017 -1.003093 0.176739 1.000000
0.266874 0.023218 0.305469 0.000000
0.354735 -0.478369 0.252727 0.000000
0.454034 0.018464 0.190392 0.000000
0.387991 0.041528 0.235883 0.000000
-0.062976 -0.526905 0.146580 0.000000
0.424627 -0.996512 0.202734 1.000000
0.292919 -1.045927 0.210842 0.000000
0.283637 0.053520 0.285087 0.000000
0.654188 -0.173894 0.088891 0.000000
0.336540 -0.168653 0.189070 0.000000
0.493169 -0.037786 0.147290 0.000000
0.525813 -0.149982 0.153073 0.000000
0.348929 -0.402324 0.229900 0.000000
0.400535 -0.955330 0.549941 0.000000
0.398923 0.219974 0.095251 0.000000
0.447826 0.009110 0.183710 0.000000
0.414799 0.241818 0.130310 0.000000
0.354831 -0.900471 0.214487 1.000000
0.523995 -0.240848 0.172708 0.000000
0.416247 0.147846 0.189052 0.000000
0.334795 0.176177 0.086825 0.000000
0.468723 -0.097340 0.046731 0.000000
0.338721 0.185132 0.224742 0.000000
0.316486 0.024328 0.161134 0.000000
0.445698 0.088694 0.124513 0.000000
0.444502 0.068135 0.119934 0.000000
0.395495 0.225031 0.103506 0.000000
0.342368 0.308215 0.173877 0.000000
0.325563 -0.028869 0.182508 0.000000
0.407689 -0.932249 0.499047 0.000000
0.366191 -0.579466 0.311827 0.000000
0.186744 -0.222594 0.516373 0.000000
0.339169 -0.699944 0.211728 0.000000
0.488127 -1.097580 0.162496 1.000000
0.428563 -0.984427 0.590829 0.000000
0.226000 -0.185800 -0.023179 0.000000
0.512874 -0.071501 0.157758 0.000000
0.250717 -0.165627 -0.009794 0.000000
0.311295 0.044858 0.065399 0.000000
0.376673 -0.929570 0.185861 1.000000
0.337461 -0.746919 0.198719 0.000000
0.279967 -0.970369 0.234668 0.000000
0.325181 -0.989315 0.228700 0.000000
0.443879 0.034985 0.179958 0.000000
0.485931 -1.119366 0.155345 1.000000
0.269377 -1.061577 0.266005 0.000000
0.476276 -0.028761 0.114431 0.000000
0.392087 0.300126 0.121354 0.000000
0.476240 -0.000493 0.145080 0.000000
-0.042906 -0.503181 0.138021 0.000000
0.556651 -1.250889 0.136344 1.000000
0.327176 -0.919560 0.223865 0.000000
0.308952 -1.022021 0.230197 0.000000
0.456425 -0.043043 0.185926 0.000000
0.342225 0.320003 0.163060 0.000000
0.292691 -1.017837 0.218180 0.000000
0.336200 0.180919 0.212075 0.000000
0.348319 -0.365081 0.221598 0.000000
0.574258 -0.140643 0.112981 0.000000
0.410114 0.154075 0.102947 0.000000
0.338249 -0.752705 0.207770 0.000000
0.353608 -0.894486 0.203760 1.000000
0.385786 0.416213 0.135696 0.000000
0.335556 0.175058 0.229370 0.000000
0.184443 -0.200602 0.489797 0.000000
0.346554 0.384952 0.155647 0.000000
0.320993 0.041763 0.167957 0.000000
0.436470 0.069370 0.075390 0.000000
0.302507 -0.964955 0.208180 0.000000
0.487393 -0.029798 0.151683 0.000000
0.354140 -0.464249 0.266184 0.000000
0.400855 -0.969568 0.195321 1.000000
0.324111 0.135539 0.177386 0.000000
0.313170 0.008183 0.053737 0.000000
0.376023 0.376739 0.120550 0.000000
0.319595 0.077210 0.174263 0.000000
0.414094 -0.953013 0.528164 0.000000
0.287138 -1.072036 0.253026 0.000000
0.288358 -0.914299 0.235700 0.000000
0.324802 -0.497849 0.198227 0.000000
0.459220 0.095106 0.130128 0.000000
0.602506 -1.302911 0.112577 1.000000
0.399140 0.106887 0.221965 0.000000
0.327646 0.128488 0.162461 0.000000
0.387976 -0.948325 0.228763 1.000000
0.364296 0.341115 0.113097 0.000000
0.423869 0.168262 0.174697 0.000000
0.335964 0.104465 0.079256 0.000000
0.401553 -0.971176 0.184502 1.000000
0.285259 -1.055831 0.242127 0.000000
0.318888 -1.016649 0.235925 0.000000
0.267839 -1.100190 0.279395 0.000000
0.472402 0.021247 0.141835 0.000000
0.305200 -0.986434 0.231850 0.000000
0.529794 -1.160882 0.158431 1.000000
0.327468 0.250010 0.165963 0.000000
0.369509 0.446998 0.115018 0.000000
0.277207 -0.130231 0.019013 0.000000
0.453863 -1.065158 0.165537 1.000000
0.337906 0.198352 0.232345 0.000000
0.030103 -0.415809 0.174217 0.000000
0.333198 -0.460853 0.185040 0.000000
0.348042 0.436512 0.155693 0.000000
0.309936 -1.087490 0.229082 0.000000
0.099308 -0.327981 0.174313 0.000000
0.325940 0.039969 0.181658 0.000000
0.129562 -0.230591 -0.039355 0.000000
0.207099 -0.172439 0.434604 0.000000
0.463765 -1.071820 0.180370 1.000000
0.321264 -0.900152 0.214757 0.000000
0.304884 -0.894281 0.227915 0.000000
0.524613 -0.095493 0.113796 0.000000
0.299381 -1.096501 0.235931 0.000000
0.330663 -0.228764 0.193246 0.000000
0.482050 -0.100270 0.184329 0.000000
0.514312 -1.149269 0.158841 1.000000
0.355403 -0.884639 0.207165 1.000000
0.338993 -0.620804 0.192700 0.000000
0.211271 -0.158935 0.421432 0.000000
0.422251 0.221322 0.127744 0.000000
0.334295 -0.447048 0.192329 0.000000
0.397379 0.080809 0.221526 0.000000
0.424636 0.082447 0.093771 0.000000
0.327756 0.053945 0.181466 0.000000
0.336318 -0.808138 0.202574 0.000000
0.383898 0.486291 0.119679 0.000000
0.520231 -0.113738 0.139268 0.000000
0.024542 -0.445568 0.159772 0.000000
0.326634 0.261445 0.110756 0.000000
0.272205 -1.078014 0.258187 0.000000
0.386893 0.339356 0.140666 0.000000
0.470475 -1.099420 0.163088 1.000000
0.516540 -0.166376 0.158607 0.000000
0.427738 0.098846 0.189464 0.000000
0.428710 -0.993601 0.213808 1.000000
0.282106 -1.089367 0.252283 0.000000
0.330529 -0.542080 0.188595 0.000000
0.326565 0.307053 0.113378 0.000000
0.423937 -0.978999 0.573138 0.000000
0.483825 -1.066630 0.184413 1.000000
0.438078 0.190815 0.123849 0.000000
0.358041 -0.450085 0.246321 0.000000
0.397418 0.359032 0.168667 0.000000
0.287381 -0.963863 0.236395 0.000000
0.267272 -1.030975 0.246509 0.000000
0.293841 -1.044408 0.221398 0.000000
0.440226 0.002542 0.078122 0.000000
0.329762 0.142581 0.080394 0.000000
0.445744 0.050139 0.191727 0.000000
0.353001 0.082552 0.181335 0.000000
0.379211 -0.834172 0.418370 0.000000
0.503821 -0.150412 0.164686 0.000000
0.444894 -1.044107 0.185306 1.000000
0.200350 -0.197645 -0.036652 0.000000
0.176658 -0.248872 0.161772 0.000000
0.343962 0.361131 0.155079 0.000000
0.306838 -0.996768 0.205548 0.000000
0.297714 -1.094277 0.208923 0.000000
0.331124 -0.584584 0.201489 0.000000
0.335242 0.168317 0.170111 0.000000
0.452454 -1.022803 0.198045 1.000000
0.350399 0.246874 0.095145 0.000000
0.496957 -0.037241 0.129453 0.000000
0.350421 0.403950 0.163158 0.000000
0.388121 0.397620 0.140532 0.000000
0.328640 -0.422341 0.197599 0.000000
0.145017 -0.278805 0.163999 0.000000
0.328825 -0.349937 0.226258 0.000000
0.396524 0.303360 0.176835 0.000000
0.530538 -1.198044 0.144925 1.000000
0.437576 0.130077 0.127175 0.000000
0.338942 0.181346 0.111055 0.000000
0.232424 -0.165040 0.161058 0.000000
0.379038 -0.046201 -0.024376 0.000000
0.344561 -0.331797 0.202485 0.000000
0.322275 -1.090150 0.241525 0.000000
0.309669 -0.969165 0.213800 0.000000
0.336990 0.281819 0.097636 0.000000
0.350278 0.273323 0.177730 0.000000
0.413061 -0.966123 0.562936 0.000000
0.437522 0.028426 0.082050 0.000000
0.354355 0.398413 0.153509 0.000000
0.361900 -0.911975 0.185863 1.000000
0.314670 0.018425 0.056489 0.000000
0.403598 0.096196 0.224348 0.000000
0.328684 -0.802965 0.202797 0.000000
0.335601 -0.341042 0.189242 0.000000
0.311717 -0.936887 0.206700 0.000000
0.301093 0.049625 0.294699 0.000000
0.063110 -0.406031 0.164994 0.000000
0.368915 -0.678800 0.336956 0.000000
0.351876 -0.433276 0.235403 0.000000
0.375408 -0.566482 0.317721 0.000000
0.292179 -1.051002 0.238430 0.000000
0.327553 0.233979 0.114526 0.000000
0.452761 -0.008821 0.187211 0.000000
0.353877 -0.342179 0.206427 0.000000
0.332610 -0.156130 0.183079 0.000000
0.268595 -1.086607 0.275089 0.000000
0.397153 0.324329 0.127756 0.000000
0.152061 -0.293773 0.167673 0.000000
0.180078 -0.273971 0.578575 0.000000
0.380563 0.404877 0.146345 0.000000
0.294133 -0.091104 0.027593 0.000000
0.613879 -1.328864 0.109310 1.000000
0.086262 -0.384886 0.164908 0.000000
0.369981 0.464793 0.123932 0.000000
0.405055 0.233597 0.169975 0.000000
0.272988 0.051827 0.283643 0.000000
0.296815 -1.064089 0.220738 0.000000
0.362620 0.054666 0.225426 0.000000
0.372489 -0.933551 0.178406 1.000000
-0.003490 -0.465999 0.150483 0.000000
0.457664 -0.055684 0.186166 0.000000
0.302046 -1.032161 0.207927 0.000000
0.399440 0.196705 0.215755 0.000000
0.395293 0.257479 0.190208 0.000000
0.313528 -1.123429 0.239142 0.000000
0.385940 0.437693 0.145421 0.000000
0.292540 -0.075593 0.040816 0.000000
0.288606 -0.032422 0.164708 0.000000
0.341418 -0.787077 0.218731 0.000000
0.274872 -0.009214 0.327998 0.000000
0.322084 -0.108075 0.191718 0.000000
0.375874 -0.641777 0.332279 0.000000
0.372757 0.463381 0.150087 0.000000
0.335206 -0.720522 0.205948 0.000000
0.438318 -0.085203 0.236399 0.000000
0.412320 0.199027 0.123356 0.000000
0.382668 -0.733224 0.372350 0.000000
0.385679 0.428783 0.131813 0.000000
0.345461 0.413837 0.157068 0.000000
0.403255 0.312109 0.161614 0.000000
0.297317 0.059101 0.286031 0.000000
0.325567 0.147479 0.073378 0.000000
0.332060 -0.669098 0.199868 0.000000
0.336179 -0.496026 0.181940 0.000000
0.331411 -0.152451 0.196010 0.000000
0.355105 -0.911431 0.225803 1.000000
0.143099 -0.219705 -0.048617 0.000000
0.188761 -0.153517 0.437348 0.000000
0.277453 -0.057543 0.166764 0.000000
0.390078 0.408880 0.150217 0.000000
0.393584 0.409693 0.140852 0.000000
0.289141 0.060982 0.278533 0.000000
0.395357 0.312029 0.130350 0.000000
0.352506 -0.429061 0.250079 0.000000
0.138923 -0.293289 0.168996 0.000000
0.366668 0.359825 0.113911 0.000000
0.401750 0.177647 0.214807 0.000000
0.341110 -0.750258 0.217274 0.000000
0.072702 -0.394729 0.167299 0.000000
0.391523 0.263755 0.162557 0.000000
0.324344 -0.979125 0.231344 0.000000
0.056209 -0.386808 0.175667 0.000000
0.440301 0.024425 0.202046 0.000000
0.256683 -0.117870 0.162232 0.000000
0.327430 -0.332785 0.214109 0.000000
0.385964 0.362039 0.140896 0.000000
0.412155 -0.955862 0.568225 0.000000
0.345133 -0.894343 0.225831 0.000000
0.343037 -0.642939 0.194851 0.000000
0.293937 -1.054982 0.254709 0.000000
0.485187 -0.045435 0.112953 0.000000
0.356761 -0.638608 0.318522 0.000000
0.337094 -0.644983 0.208320 0.000000
0.335095 -0.866239 0.218643 0.000000
0.600877 -1.285387 0.124005 1.000000
0.254761 -0.107908 0.156765 0.000000
0.431843 0.180705 0.126801 0.000000
0.175114 -0.265351 0.163281 0.000000
0.438153 -0.102222 0.242994 0.000000
0.534041 -0.228460 0.171192 0.000000
0.332289 0.207412 0.159566 0.000000
0.455626 0.115518 0.127669 0.000000
0.328205 -0.061096 0.187078 0.000000
0.588936 -1.293197 0.125048 1.000000
0.340651 0.137235 0.134163 0.000000
0.326413 -0.131167 0.189523 0.000000
0.383005 0.314149 0.123740 0.000000
0.403686 0.467413 0.117638 0.000000
0.340253 -0.528440 0.194004 0.000000
0.531100 -0.191707 0.157579 0.000000
0.324108 -0.881826 0.212204 0.000000
0.387853 -0.006487 0.248017 0.000000
0.311669 -1.030478 0.233648 0.000000
0.445048 -0.023862 0.216716 0.000000
0.313534 -0.922869 0.204940 0.000000
0.018740 -0.432892 0.170236 0.000000
0.189626 -0.248607 0.553665 0.000000
0.335729 -0.371146 0.185278 0.000000
0.389169 -0.654986 0.343451 0.000000
0.244042 -0.146581 0.168014 0.000000
0.333134 -0.137390 0.182038 0.000000
0.441892 0.060591 0.180712 0.000000
0.263854 -1.042558 0.247800 0.000000
0.316276 -0.867296 0.217921 0.000000
0.382032 -0.917520 0.491157 0.000000
0.397194 0.054914 0.022803 0.000000
0.306818 0.027210 0.057909 0.000000
0.361950 -0.910050 0.197493 1.000000
0.320627 -0.841961 0.219147 0.000000
0.321685 -1.135606 0.242229 0.000000
0.313827 -1.075241 0.242823 0.000000
0.627248 -1.341282 0.119464 1.000000
0.465849 0.063385 0.136214 0.000000
0.508208 -0.074987 0.136388 0.000000
0.451513 -1.054818 0.167506 1.000000
0.357459 -0.898857 0.196950 1.000000
0.431537 0.205321 0.123559 0.000000
0.503637 -0.250967 -0.059486 0.000000
0.336207 -0.600813 0.198875 0.000000
0.327969 -0.389054 0.193222 0.000000
0.273370 -1.129528 0.250780 0.000000
0.477018 0.037443 0.133238 0.000000
0.404305 -0.939341 0.505135 0.000000
0.520373 -0.184659 0.145483 0.000000
0.333192 -0.120607 0.186971 0.000000
0.393730 0.017093 0.285154 0.000000
0.384772 0.394042 0.151953 0.000000
0.356216 -0.464948 0.252356 0.000000
0.529091 -0.206190 0.162708 0.000000
0.131071 -0.322473 0.171392 0.000000
0.345205 0.227774 0.196847 0.000000
0.432564 0.038470 0.077048 0.000000
0.437878 0.091769 0.182946 0.000000
0.394864 -0.923207 0.494027 0.000000
0.334936 -0.490138 0.192681 0.000000
0.336209 -0.329039 0.187687 0.000000
0.288035 -0.989702 0.253803 0.000000
0.429396 0.061922 0.093858 0.000000
0.365004 0.431291 0.120991 0.000000
0.328322 -0.317957 0.208924 0.000000
0.328707 -0.838575 0.213041 0.000000
0.609356 -1.315454 0.116319 1.000000
0.311515 -1.071986 0.225893 0.000000
0.390880 0.302397 0.187246 0.000000
0.447362 -1.029025 0.193766 1.000000
0.352330 0.257713 0.104953 0.000000
0.364642 -0.510837 0.290891 0.000000
-0.012776 -0.468884 0.166763 0.000000
0.362584 -0.530759 0.283097 0.000000
0.358195 -0.502952 0.267681 0.000000
0.284586 -1.070754 0.235492 0.000000
0.162105 -0.258005 0.161673 0.000000
0.396330 0.146294 0.076978 0.000000
0.386899 0.350091 0.151811 0.000000
0.453956 -1.054944 0.183332 1.000000
0.328354 -0.373973 0.189301 0.000000
0.379152 0.461551 0.129958 0.000000
0.576450 -1.281387 0.127867 1.000000
0.343507 -0.394978 0.235783 0.000000
0.501360 -0.143462 0.027396 0.000000
0.323615 -0.123517 0.185000 0.000000
0.483476 -0.017963 0.148343 0.000000
0.338493 -0.497808 0.196067 0.000000
0.348006 0.301420 0.173253 0.000000
0.330695 -0.833848 0.220832 0.000000
0.473797 -0.090273 0.184769 0.000000
0.302536 -0.913571 0.237657 0.000000
0.475807 -0.106476 0.050853 0.000000
0.328875 -0.306218 0.193818 0.000000
0.323601 0.191282 0.111173 0.000000
0.383974 -0.009057 -0.007174 0.000000
0.335938 -0.637137 0.201555 0.000000
0.335608 -0.563448 0.201899 0.000000
0.341806 0.400707 0.134092 0.000000
0.369042 0.465355 0.113845 0.000000
0.490512 -0.051941 0.110256 0.000000
0.323269 0.125709 0.242025 0.000000
0.397997 0.073142 0.234913 0.000000
0.441163 0.163564 0.121387 0.000000
0.328365 0.266087 0.103209 0.000000
0.394087 -0.952310 0.222747 1.000000
0.339922 -0.654012 0.191818 0.000000
0.298846 -1.065256 0.234678 0.000000
0.394343 -0.724358 0.370785 0.000000
0.358880 -0.737396 0.364761 0.000000
0.258133 -0.049050 0.350767 0.000000
0.341476 0.382726 0.162483 0.000000
0.329982 0.249852 0.108163 0.000000
0.353384 -0.333863 0.203595 0.000000
0.196790 -0.145634 0.427524 0.000000
0.263368 -1.129508 0.241974 0.000000
0.430964 -0.113285 0.238661 0.000000
0.585085 -1.283853 0.126401 1.000000
0.324057 -0.001862 0.174024 0.000000
0.436796 -0.033217 0.215181 0.000000
0.132564 -0.330810 0.163980 0.000000
0.384196 -0.638322 0.336508 0.000000
0.282379 -1.044046 0.248582 0.000000
0.328012 0.103224 0.174750 0.000000
0.342882 -0.404659 0.246554 0.000000
0.453269 0.086416 0.134869 0.000000
0.532327 -1.170787 0.160087 1.000000
0.344071 -0.676673 0.205158 0.000000
0.404757 -0.954474 0.529923 0.000000
0.332525 0.061530 0.066381 0.000000
0.323877 -0.854807 0.231453 0.000000
0.482771 0.009438 0.135485 0.000000
0.453907 -0.018494 0.341950 0.000000
0.375492 -0.623897 0.332022 0.000000
0.320518 -0.991560 0.221142 0.000000
0.577096 -1.267368 0.129099 1.000000
0.423435 0.132848 0.124448 0.000000
0.335589 0.133803 0.171075 0.000000
0.238546 -0.142452 0.152389 0.000000
0.363007 -0.790843 0.385791 0.000000
0.357664 -0.460579 0.243075 0.000000
0.408591 0.313333 0.154799 0.000000
0.360581 0.073041 0.188966 0.000000
0.420399 0.100932 0.088630 0.000000
0.415724 0.172781 0.095865 0.000000
0.305139 -0.046260 0.037718 0.000000
0.343436 -0.865781 0.208194 1.000000
0.259756 -0.153811 -0.005079 0.000000
0.327047 -0.159148 0.189299 0.000000
0.327394 0.139700 0.237147 0.000000
0.310115 0.015579 0.175966 0.000000
0.285415 0.071920 0.265065 0.000000
0.248211 -1.061677 0.243743 0.000000
0.204467 -0.213844 0.160648 0.000000
0.355047 0.265634 0.109642 0.000000
0.329030 0.109286 0.164463 0.000000
0.467202 -1.082179 0.158741 1.000000
0.388397 0.092309 0.045130 0.000000
0.412692 0.259046 0.162631 0.000000
0.329472 0.278222 0.101915 0.000000
0.329774 0.119884 0.168286 0.000000
0.459568 -1.061811 0.180920 1.000000
0.284243 0.026972 0.303977 0.000000
0.341189 0.170155 0.115976 0.000000
0.408849 -0.962117 0.545785 0.000000
0.378816 0.035317 0.241787 0.000000
0.192599 -0.197848 0.472844 0.000000
0.277810 -1.053486 0.267266 0.000000
0.358594 -0.697339 0.335671 0.000000
0.001287 -0.454581 0.163871 0.000000
0.335049 0.256030 0.161583 0.000000
0.281010 -1.100505 0.251925 0.000000
0.348120 -0.447087 0.247966 0.000000
0.268182 -0.075600 0.150314 0.000000
0.331668 0.196490 0.163950 0.000000
0.051490 -0.414520 0.165669 0.000000
0.438701 0.083187 0.120022 0.000000
0.390166 0.033140 0.235184 0.000000
0.317967 -0.848897 0.225907 0.000000
0.354097 -0.393463 0.220379 0.000000
0.329898 -0.238987 0.193507 0.000000
0.368664 -0.610058 0.315301 0.000000
0.451901 -1.037880 0.163292 1.000000
0.390939 0.252910 0.112730 0.000000
0.517404 -0.104243 0.149716 0.000000
0.404293 0.174209 0.109060 0.000000
0.352778 0.416835 0.150461 0.000000
0.198777 -0.113588 0.400338 0.000000
0.403256 0.008959 0.298943 0.000000
-0.103384 -0.572722 0.130462 0.000000
0.530497 -0.166209 0.160055 0.000000
0.363155 -0.539482 0.283067 0.000000
0.327843 -0.040370 0.180081 0.000000
0.565222 -1.234880 0.135950 1.000000
0.225699 -0.157976 0.145839 0.000000
0.363256 -0.898890 0.203877 1.000000
0.436789 -0.072648 0.230093 0.000000
0.388911 -0.908082 0.481474 0.000000
0.275506 -1.072940 0.243768 0.000000
0.337067 0.185063 0.090118 0.000000
0.322740 0.006152 0.179420 0.000000
0.496606 -0.039559 0.155023 0.000000
0.368302 0.406024 0.120742 0.000000
0.368555 -0.736818 0.366440 0.000000
0.048118 -0.428881 0.159572 0.000000
0.481647 -1.070763 0.192407 1.000000
0.164677 -0.210034 -0.039180 0.000000
0.425189 0.095429 0.205646 0.000000
0.268086 -1.079994 0.265509 0.000000
-0.034313 -0.502367 0.138025 0.000000
0.514678 -0.176343 0.150544 0.000000
0.367781 -0.639669 0.325796 0.000000
0.360138 -0.478350 0.240717 0.000000
0.335267 -0.380769 0.237984 0.000000
0.187918 -0.215547 0.504248 0.000000
0.319324 0.020110 0.172823 0.000000
0.202693 -0.192558 0.148173 0.000000
0.440627 -1.022661 0.188607 1.000000
0.528804 -0.112034 0.113098 0.000000
0.464627 -0.073930 0.058428 0.000000
0.283853 -1.014224 0.256231 0.000000
0.343849 -0.780053 0.203602 0.000000
0.336918 -0.177240 0.189597 0.000000
0.304329 0.068097 0.281722 0.000000
0.254159 -0.027850 0.340037 0.000000
0.342930 0.209700 0.200136 0.000000
0.352494 0.426183 0.152200 0.000000
0.423592 -1.012037 0.200142 1.000000
0.405990 0.004334 0.282451 0.000000
0.492898 -1.114677 0.159426 1.000000
0.343492 0.344150 0.156409 0.000000
0.386307 0.284477 0.116938 0.000000
0.291092 0.035995 0.300128 0.000000
0.294021 -1.086778 0.214104 0.000000
0.427970 0.181146 0.167531 0.000000
0.392978 0.157002 0.070897 0.000000
0.351060 0.446893 0.151545 0.000000
0.402560 0.271657 0.167279 0.000000
0.319306 0.045312 0.062314 0.000000
0.046404 -0.404357 0.171854 0.000000
0.520486 -1.162301 0.149491 1.000000
0.586610 -0.055570 0.451130 0.000000
0.379716 0.032616 0.256504 0.000000
0.384102 -0.943302 0.199864 1.000000
0.372374 -0.032751 0.264812 0.000000
0.217962 -0.063776 0.370255 0.000000
0.379826 0.354534 0.146845 0.000000
-0.030703 -0.495744 0.156521 0.000000
0.320146 0.209559 0.114834 0.000000
0.322164 0.028281 0.177078 0.000000
0.122173 -0.321318 0.173739 0.000000
0.339465 -0.472797 0.185091 0.000000
0.325010 -0.112080 0.181318 0.000000
0.296784 -1.023755 0.234592 0.000000
0.308031 -0.950699 0.237347 0.000000
0.337901 0.209239 0.096402 0.000000
0.572463 -0.134597 0.119208 0.000000
0.330506 -0.890701 0.209721 0.000000
0.340240 0.308389 0.159389 0.000000
0.360562 -0.558841 0.282987 0.000000
0.392393 0.306438 0.155704 0.000000
0.286431 -0.922279 0.238561 0.000000
0.400727 -0.782720 0.397729 0.000000
0.383790 0.418689 0.149477 0.000000
0.206663 -0.175570 0.140338 0.000000
0.330456 -0.220888 0.189965 0.000000
0.400000 -0.199884 0.301459 0.000000
0.516776 -0.284631 0.194252 0.000000
0.327214 0.091970 0.166706 0.000000
0.423862 0.143167 0.127096 0.000000
0.325795 0.290200 0.108168 0.000000
0.388604 0.277552 0.121778 0.000000
0.335132 -0.828119 0.201557 0.000000
0.424071 0.150064 0.179700 0.000000
0.337551 -0.555124 0.193934 0.000000
0.327630 -0.248139 0.189680 0.000000
0.240953 -0.017268 0.334953 0.000000
0.277401 -0.128224 -0.004201 0.000000
0.302688 -0.956731 0.211300 0.000000
0.471573 -1.084215 0.180713 1.000000
0.326950 -0.363729 0.198362 0.000000
-0.048207 -0.515945 0.150345 0.000000
0.336823 -0.164901 0.181445 0.000000
0.345118 -0.421347 0.254024 0.000000
0.378545 0.430485 0.127525 0.000000
-0.037900 -0.504704 0.153450 0.000000
0.437576 0.167357 0.135336 0.000000
0.492355 -0.059161 0.115650 0.000000
0.341269 0.267334 0.166708 0.000000
0.320598 -1.107111 0.237979 0.000000
0.307225 -0.019621 0.043954 0.000000
0.185890 -0.266275 0.564376 0.000000
0.332956 -0.761019 0.206620 0.000000
0.219582 -0.170199 0.148340 0.000000
0.219043 -0.093407 0.383782 0.000000
0.455348 -0.012849 0.350984 0.000000
0.343147 0.391327 0.163927 0.000000
0.259576 -0.016654 0.329005 0.000000
0.490784 -0.118551 0.045283 0.000000
0.394196 0.125745 0.060012 0.000000
0.298935 -0.991435 0.226706 0.000000
0.388145 -0.780048 0.394237 0.000000
0.309726 -0.891105 0.241705 0.000000
0.347638 0.164189 0.120822 0.000000
0.357523 -0.620545 0.314933 0.000000
0.435560 0.081582 0.208676 0.000000
0.328518 -0.104690 0.185532 0.000000
0.497293 -1.129004 0.153146 1.000000
0.340990 0.200016 0.206140 0.000000
0.121954 -0.306546 0.172311 0.000000
0.328560 0.153457 0.166020 0.000000
0.519892 -0.268960 0.188693 0.000000
0.235566 -0.134542 0.152389 0.000000
0.287347 -0.935365 0.232646 0.000000
0.440367 -0.012501 0.321176 0.000000
0.319235 0.036242 0.177880 0.000000
0.459200 0.073253 0.132911 0.000000
0.331229 -0.088724 0.188126 0.000000
0.355008 -0.394300 0.228742 0.000000
0.328835 0.142264 0.169905 0.000000
0.207186 -0.194334 -0.031994 0.000000
0.300825 -1.002155 0.203120 0.000000
0.353629 -0.451612 0.275542 0.000000
0.321016 0.061573 0.065533 0.000000
0.440223 -1.036561 0.167074 1.000000
0.332999 -0.519497 0.194614 0.000000
0.079590 -0.246589 -0.044106 0.000000
0.508275 -0.196001 -0.019987 0.000000
0.245163 -0.050724 0.353822 0.000000
-0.126154 -0.591584 0.129479 0.000000
0.531722 -1.178723 0.150178 1.000000
0.369552 -0.604660 0.322508 0.000000
0.335400 -0.696279 0.204468 0.000000
0.373689 -0.655367 0.342439 0.000000
0.309785 -0.978792 0.216214 0.000000
0.101883 -0.318336 0.173631 0.000000
0.379904 0.445401 0.127367 0.000000
0.356563 0.078863 0.170861 0.000000
0.398294 0.090280 0.230032 0.000000
0.375811 -0.777956 0.388164 0.000000
0.282700 -0.045472 0.153958 0.000000
0.522745 -0.038953 0.401032 0.000000
0.036118 -0.432376 0.167412 0.000000
0.104220 -0.231651 -0.050192 0.000000
0.568239 -1.279909 0.128708 1.000000
0.374369 -0.056844 0.268252 0.000000
0.405388 0.238656 0.113556 0.000000
0.500867 -0.157122 0.160625 0.000000
0.381092 -0.003242 0.244276 0.000000
0.307707 -0.917199 0.244884 0.000000
0.324497 0.174399 0.117906 0.000000
0.346483 0.171084 0.094398 0.000000
0.358118 -0.498885 0.257444 0.000000
0.347758 0.415362 0.119558 0.000000
0.095813 -0.342631 0.174112 0.000000
0.332943 -0.739917 0.207568 0.000000
0.083712 -0.392737 0.166277 0.000000
0.275111 -1.071964 0.252987 0.000000
0.327081 -0.181361 0.192976 0.000000
0.338443 -0.384414 0.190755 0.000000
0.341280 0.237606 0.208059 0.000000
0.510776 -0.081601 0.146584 0.000000
0.420741 0.240576 0.122978 0.000000
0.378313 -0.610489 0.325055 0.000000
0.386038 0.420376 0.158781 0.000000
0.224538 -0.172055 0.155276 0.000000
0.413815 0.136059 0.101754 0.000000
0.366500 -0.594089 0.308860 0.000000
0.296428 -0.894631 0.232996 0.000000
0.315682 -0.993939 0.233461 0.000000
0.294522 -0.019244 0.162184 0.000000
0.307734 -0.904127 0.204560 0.000000
0.485230 -0.120656 0.181382 0.000000
0.400055 -0.920833 0.486839 0.000000
0.447005 -0.014526 0.337398 0.000000
0.388601 0.375039 0.153656 0.000000
0.357590 -0.417723 0.236838 0.000000
0.436312 -0.019485 0.324834 0.000000
0.321543 -0.894905 0.224443 0.000000
0.332028 0.159656 0.122845 0.000000
0.333362 0.084343 0.173640 0.000000
0.368434 -0.535073 0.298846 0.000000
0.328473 0.100319 0.073592 0.000000
0.473094 -1.061883 0.191220 1.000000
0.314154 -0.926504 0.227942 0.000000
0.369790 -0.049965 -0.034689 0.000000
0.351713 -0.894500 0.220735 1.000000
0.449092 -1.037239 0.182553 1.000000
0.340617 -0.515224 0.186905 0.000000
0.367186 -0.551280 0.297994 0.000000
0.184986 -0.205051 -0.039350 0.000000
0.376178 -0.790093 0.394593 0.000000
0.388198 0.015699 0.001002 0.000000
0.342977 0.251450 0.199772 0.000000
0.334446 0.071456 0.064813 0.000000
0.184822 -0.265250 0.168301 0.000000
0.332687 -0.532092 0.205511 0.000000
0.416263 -0.134664 0.250827 0.000000
0.300989 -1.043439 0.211438 0.000000
0.415656 -0.151120 0.266202 0.000000
0.346708 -0.387615 0.232525 0.000000
0.251876 -0.161402 -0.016842 0.000000
0.427822 0.157188 0.173732 0.000000
0.392742 0.296958 0.168912 0.000000
0.352295 0.461207 0.147730 0.000000
-0.068397 -0.534678 0.126170 0.000000
0.452237 0.002527 0.189086 0.000000
0.394595 0.061862 0.028883 0.000000
0.326544 -0.874387 0.206391 0.000000
0.310437 0.073886 0.284955 0.000000
0.300655 -0.077166 0.021376 0.000000
0.365791 -0.537532 0.291194 0.000000
0.455184 0.022051 0.118983 0.000000
0.337724 -0.271476 0.187928 0.000000
0.315437 -0.961793 0.212985 0.000000
0.388361 -0.902983 0.474981 0.000000
0.231824 -0.179880 -0.027589 0.000000
0.346030 0.243493 0.193671 0.000000
0.302779 0.096409 0.248330 0.000000
0.473209 -0.081012 0.060804 0.000000
0.328459 -0.306766 0.202298 0.000000
0.527440 -0.258420 0.180774 0.000000
0.321790 -0.690082 0.201244 0.000000
0.333706 0.172088 0.162364 0.000000
0.553946 -0.123733 0.118778 0.000000
0.378707 -0.888678 0.451611 0.000000
0.353851 -0.452960 0.267395 0.000000
0.304822 -0.064905 0.027852 0.000000
0.304582 -0.882335 0.228592 0.000000
0.372050 -0.565023 0.309326 0.000000
0.494185 -0.032746 0.138880 0.000000
0.432049 0.110130 0.179984 0.000000
0.361684 -0.917172 0.228363 1.000000
0.437993 0.084609 0.187811 0.000000
0.326825 0.121471 0.255380 0.000000
0.330929 -0.602244 0.206034 0.000000
0.281838 -1.057335 0.250665 0.000000
0.398677 0.283484 0.191371 0.000000
0.325532 -0.939306 0.224722 0.000000
0.352584 0.102544 0.159260 0.000000
0.480159 -1.079690 0.177538 1.000000
0.342378 -0.802319 0.208209 0.000000
0.205164 -0.152640 0.426442 0.000000
0.355288 -0.476896 0.270049 0.000000
0.462022 -0.047712 0.189765 0.000000
0.435593 -0.978011 0.601397 0.000000
0.329648 -0.315198 0.193133 0.000000
0.238957 -0.150670 0.152760 0.000000
0.528996 -0.131021 0.156674 0.000000
0.505663 -0.158419 0.015355 0.000000
0.330020 0.011202 0.181965 0.000000
0.391921 0.347154 0.124205 0.000000
0.370576 0.349578 0.121887 0.000000
0.588971 -0.141650 0.116708 0.000000
0.330518 -0.799307 0.217525 0.000000
0.303058 -0.976358 0.210899 0.000000
0.288418 -1.068461 0.244161 0.000000
0.333157 0.157017 0.233284 0.000000
0.157576 -0.217328 -0.041414 0.000000
0.524360 -1.140004 0.168275 1.000000
0.332719 0.362038 0.119068 0.000000
0.289607 -0.922227 0.222666 0.000000
0.447808 -0.021450 0.067754 0.000000
0.356077 0.297444 0.106771 0.000000
0.204278 -0.206675 0.156632 0.000000
0.443241 0.154696 0.126441 0.000000
0.418799 0.157457 0.188309 0.000000
0.332667 -0.512898 0.182414 0.000000
0.327899 -0.346825 0.189437 0.000000
0.300509 0.086567 0.257790 0.000000
0.388536 0.141904 0.064098 0.000000
0.399083 0.205871 0.104556 0.000000
0.357351 -0.647903 0.315069 0.000000
0.392441 0.379811 0.128622 0.000000
0.379343 -0.030927 -0.019579 0.000000
0.068695 -0.388006 0.170991 0.000000
0.434746 0.087904 0.080905 0.000000
0.470543 0.037209 0.138266 0.000000
0.001861 -0.452905 0.171877 0.000000
0.370882 0.337445 0.117220 0.000000
0.310581 0.013701 0.161868 0.000000
0.330350 0.350577 0.117724 0.000000
0.339063 0.126603 0.082635 0.000000
0.285107 -1.010554 0.246680 0.000000
0.324540 -0.853037 0.212035 0.000000
0.437216 -0.010492 0.328647 0.000000
0.332736 -0.462718 0.195084 0.000000
0.429300 -0.120948 0.249043 0.000000
0.344384 -0.600854 0.198470 0.000000
0.438941 -1.025952 0.179687 1.000000
0.222830 -0.182602 0.158716 0.000000
0.290821 -0.028886 0.175438 0.000000
0.418734 -0.962057 0.574231 0.000000
0.428891 0.057698 0.083586 0.000000
0.463305 0.033807 0.114055 0.000000
0.439270 0.036716 0.200784 0.000000
0.393252 0.346516 0.159775 0.000000
0.120369 -0.337427 0.168966 0.000000
0.428555 0.142620 0.090717 0.000000
0.395271 0.013995 0.271450 0.000000
0.357691 -0.622805 0.306224 0.000000
0.354641 0.263499 0.097333 0.000000
0.342588 0.368141 0.163925 0.000000
0.369926 0.479821 0.120628 0.000000
0.521243 -0.123737 0.148351 0.000000
-0.070382 -0.528006 0.143343 0.000000
0.330126 0.182703 0.166113 0.000000
-0.053491 -0.515269 0.142673 0.000000
0.331155 0.120101 0.077284 0.000000
0.032153 -0.437280 0.161150 0.000000
0.403686 0.204287 0.210026 0.000000
0.399383 -0.903218 0.464840 0.000000
0.311594 0.087554 0.267097 0.000000
0.418785 -0.970256 0.585614 0.000000
0.296364 -0.959257 0.240818 0.000000
0.319804 -1.098227 0.235740 0.000000
0.343124 0.344172 0.111616 0.000000
0.332375 0.166981 0.119122 0.000000
0.310766 -0.863755 0.228956 0.000000
0.595051 -1.292319 0.118113 1.000000
0.430959 0.085662 0.194822 0.000000
0.366531 -0.625276 0.317365 0.000000
0.358928 -0.577698 0.293710 0.000000
0.374690 -0.647083 0.339626 0.000000
0.333265 -0.412092 0.193818 0.000000
0.332470 -0.436658 0.191189 0.000000
0.246193 -0.069172 0.360034 0.000000
0.296198 -0.914844 0.232737 0.000000
0.236126 -0.079599 0.370632 0.000000
0.335029 -0.193678 0.188378 0.000000
0.344550 -0.814623 0.214085 0.000000
0.405400 0.282997 0.121058 0.000000
0.368419 0.055987 0.209362 0.000000
0.466950 0.057105 0.141231 0.000000
0.419924 0.108789 0.090596 0.000000
0.341291 0.388895 0.129253 0.000000
0.335248 0.208627 0.170320 0.000000
0.433828 -1.025379 0.192489 1.000000
0.404054 0.212024 0.206634 0.000000
0.272474 -1.061537 0.251023 0.000000
0.332947 -0.503951 0.198082 0.000000
0.492038 -0.028329 0.376322 0.000000
0.116226 -0.326435 0.171740 0.000000
0.324576 0.169428 0.210465 0.000000
0.484473 -0.129978 0.173156 0.000000
0.316820 0.036064 0.060145 0.000000
0.514142 -1.164952 0.142980 1.000000
0.363899 -0.684866 0.338824 0.000000
0.292204 -1.072188 0.210346 0.000000
0.399140 0.324240 0.163499 0.000000
0.507529 -0.208510 -0.020538 0.000000
0.376078 -0.667289 0.340622 0.000000
0.135479 -0.308337 0.168875 0.000000
0.391370 0.292084 0.121090 0.000000
0.412580 -0.956981 0.558495 0.000000
0.110109 -0.350467 0.168447 0.000000
0.372949 0.472371 0.119883 0.000000
0.353544 0.304374 0.168181 0.000000
0.370948 -0.050822 -0.026449 0.000000
0.404092 0.301489 0.160569 0.000000
0.288692 -0.947609 0.242523 0.000000
0.474965 -1.091249 0.171122 1.000000
0.181106 -0.255563 0.161068 0.000000
0.194862 -0.189579 0.462782 0.000000
0.397052 0.194018 0.087386 0.000000
0.388219 0.293967 0.157244 0.000000
0.334961 0.156112 0.243498 0.000000
0.325086 -0.076535 0.188297 0.000000
0.394197 0.015085 0.256201 0.000000
0.437926 -0.057804 0.224546 0.000000
0.353733 -0.452845 0.252937 0.000000
0.420217 -0.979032 0.580278 0.000000
-0.097665 -0.567340 0.123802 0.000000
0.189288 -0.212140 0.496154 0.000000
0.307142 -1.009813 0.211722 0.000000
0.342150 -0.359474 0.222390 0.000000
0.312021 -0.912634 0.239174 0.000000
0.126502 -0.224879 -0.045120 0.000000
0.359673 -0.907378 0.219266 1.000000
0.225894 -0.103289 0.386654 0.000000
0.615035 -1.327521 0.117296 1.000000
0.389829 0.018294 0.240902 0.000000
0.309016 -0.880072 0.220480 0.000000
0.444300 -1.029803 0.165606 1.000000
0.424864 -1.005897 0.189199 1.000000
0.334189 -0.821193 0.209773 0.000000
0.288659 -0.980478 0.237960 0.000000
0.332560 -0.402703 0.190616 0.000000
-0.017703 -0.483961 0.145093 0.000000
0.398336 -0.937806 0.515109 0.000000
0.232936 -0.045156 0.353966 0.000000
0.333972 0.245793 0.158717 0.000000
0.364567 -0.517813 0.285365 0.000000
0.294671 -1.036526 0.236759 0.000000
0.188234 -0.234936 0.527408 0.000000
0.320935 -0.168805 0.188102 0.000000
0.277506 -1.054695 0.243752 0.000000
0.250216 -0.118529 0.157566 0.000000
0.502022 -1.118785 0.168345 1.000000
0.160148 -0.270413 0.165181 0.000000
0.192694 -0.207563 0.481176 0.000000
0.337579 -0.685902 0.203508 0.000000
0.329262 0.338582 0.111406 0.000000
0.260842 -0.096728 0.148712 0.000000
0.360768 0.424186 0.120995 0.000000
0.500298 -0.270141 -0.072216 0.000000
0.270112 -0.083290 0.172276 0.000000
0.565612 -1.227588 0.139670 1.000000
0.338916 0.317732 0.104079 0.000000
0.324804 -0.311615 0.212251 0.000000
0.366927 -0.919666 0.180900 1.000000
-0.015269 -0.469633 0.153105 0.000000
0.353224 0.095642 0.164416 0.000000
0.335460 -0.848484 0.202440 0.000000
0.357397 -0.529542 0.276108 0.000000
0.399070 0.210574 0.094393 0.000000
0.339565 0.197110 0.215751 0.000000
0.101453 -0.241308 -0.047754 0.000000
0.393335 0.040271 0.014609 0.000000
0.332079 -0.638172 0.210743 0.000000
0.338674 -0.709552 0.205095 0.000000
0.181421 -0.251300 0.541309 0.000000
0.339945 0.210543 0.218146 0.000000
0.348483 -0.416577 0.239842 0.000000
0.344254 -0.873902 0.197899 1.000000
0.491758 -0.065661 0.108760 0.000000
0.238095 -0.175157 -0.022991 0.000000
0.376942 0.444805 0.143493 0.000000
0.343660 -0.648334 0.200640 0.000000
0.335509 -0.454940 0.190914 0.000000
0.338042 0.293889 0.183719 0.000000
0.524973 -0.165848 0.152124 0.000000
0.298897 -1.078426 0.234097 0.000000
0.327473 0.077703 0.175028 0.000000
0.552812 -1.199387 0.146210 1.000000
0.507387 -0.062892 0.153344 0.000000
0.351575 -0.897052 0.229570 1.000000
-0.097554 -0.555242 0.129515 0.000000
0.076185 -0.241950 -0.051047 0.000000
0.328382 -0.100814 0.177696 0.000000
0.328528 0.210945 0.165954 0.000000
0.083676 -0.375920 0.164164 0.000000
0.246501 -0.135021 0.165827 0.000000
0.321790 -0.925160 0.219541 0.000000
0.433411 0.096480 0.178424 0.000000
0.327929 -0.190684 0.190266 0.000000
0.285376 0.047767 0.290381 0.000000
0.369214 -0.040152 0.262396 0.000000
0.420532 -0.965220 0.565349 0.000000
0.433674 -1.029752 0.168756 1.000000
0.537193 -1.187784 0.146172 1.000000
0.270083 0.020431 0.312430 0.000000
0.428183 -1.005898 0.202028 1.000000
0.338100 0.299039 0.102246 0.000000
0.388060 0.386654 0.127090 0.000000
0.216914 -0.143191 0.408073 0.000000
0.330358 -0.356841 0.184537 0.000000
0.391369 0.049781 0.024172 0.000000
0.506420 -0.166985 0.156376 0.000000
0.336499 -0.392961 0.240555 0.000000
0.298281 -1.099011 0.225711 0.000000
0.422129 0.124920 0.122087 0.000000
0.424026 0.094365 0.091415 0.000000
0.385348 0.036458 0.246040 0.000000
0.335515 0.244354 0.213023 0.000000
0.325751 0.128212 0.074153 0.000000
0.335485 -0.768359 0.207906 0.000000
0.193211 -0.205660 0.149361 0.000000
0.308435 -1.037393 0.226900 0.000000
0.337199 0.322884 0.156089 0.000000
0.258196 0.007603 0.310547 0.000000
0.214492 -0.126423 0.403536 0.000000
0.350282 0.087838 0.176051 0.000000
0.220558 -0.113406 0.393085 0.000000
0.347535 -0.881309 0.224703 0.000000
0.360623 -0.543962 0.276307 0.000000
0.388278 0.063653 0.034145 0.000000
0.367416 -0.656554 0.330247 0.000000
0.365190 -0.063253 0.285775 0.000000
0.341094 -0.835379 0.204659 0.000000
0.209835 -0.141362 0.414110 0.000000
0.478024 -1.098840 0.167598 1.000000
0.358599 -0.597324 0.294271 0.000000
0.369035 0.448056 0.123924 0.000000
0.460957 0.101472 0.135213 0.000000
0.254934 -0.116488 0.177038 0.000000
0.390533 -0.816889 0.413577 0.000000
-0.029804 -0.491501 0.141318 0.000000
0.397850 0.373169 0.153506 0.000000
0.411928 -0.000489 0.291098 0.000000
0.281270 -1.052101 0.256527 0.000000
0.326074 0.112551 0.263333 0.000000
0.375901 0.488360 0.125862 0.000000
0.324052 -0.580531 0.199402 0.000000
0.310670 -0.854528 0.218250 0.000000
0.314132 -0.964629 0.222445 0.000000
0.326405 -0.589732 0.197942 0.000000
0.377280 0.477091 0.134527 0.000000
0.332342 -0.813786 0.220053 0.000000
0.340322 0.190451 0.085462 0.000000
0.263617 0.030792 0.299982 0.000000
0.438809 -0.012428 0.202037 0.000000
0.513253 -0.117414 0.143893 0.000000
0.373129 -0.827154 0.416766 0.000000
0.315714 0.105133 0.253754 0.000000
0.319606 0.308104 0.109958 0.000000
0.342626 -0.722512 0.201039 0.000000
0.494107 -0.137520 0.034386 0.000000
0.307972 -0.939974 0.212839 0.000000
0.322232 0.112493 0.172544 0.000000
0.497668 -0.054119 0.112539 0.000000
0.364031 -0.560853 0.290543 0.000000
0.326587 -0.495117 0.185743 0.000000
0.331409 0.166599 0.241015 0.000000
0.195173 -0.201262 0.485640 0.000000
0.327674 -0.675907 0.198278 0.000000
0.393231 0.102420 0.049447 0.000000
0.320620 -1.026150 0.228657 0.000000
0.352213 0.390030 0.153884 0.000000
0.358590 -0.420617 0.229467 0.000000
0.314151 -0.886054 0.237729 0.000000
0.444383 0.169588 0.132241 0.000000
0.443339 0.124197 0.129834 0.000000
0.411533 0.270528 0.128357 0.000000
0.399947 -0.931515 0.499666 0.000000
0.325826 0.068660 0.173607 0.000000
0.283597 -1.116157 0.255289 0.000000
0.374299 0.467952 0.141297 0.000000
0.344693 0.226492 0.103367 0.000000
0.285888 -0.957274 0.228693 0.000000
0.332271 -0.852274 0.218355 0.000000
0.307543 0.007832 0.176243 0.000000
0.246307 -0.043716 0.346112 0.000000
0.097559 -0.365801 0.167493 0.000000
0.594245 -1.304500 0.117529 1.000000
0.337870 -0.613727 0.200134 0.000000
0.269858 -1.052522 0.242251 0.000000
0.336505 0.128683 0.255896 0.000000
0.359588 -0.570078 0.296265 0.000000
0.377113 0.477653 0.151193 0.000000
0.422339 -0.999411 0.213372 1.000000
0.323287 0.111549 0.071628 0.000000
0.384064 0.401523 0.126025 0.000000
0.328686 -0.430945 0.198511 0.000000
0.329146 -0.694057 0.209358 0.000000
0.415620 -1.002587 0.172050 1.000000
0.297908 -0.957514 0.220854 0.000000
0.417000 -0.004229 0.300617 0.000000
0.396245 -0.959735 0.221995 1.000000
0.330564 -0.203782 0.194722 0.000000
0.339721 -0.453201 0.202265 0.000000
0.498081 -0.028284 0.382863 0.000000
0.282251 -0.986826 0.241334 0.000000
0.413630 0.200134 0.133469 0.000000
-0.007219 -0.463900 0.164067 0.000000
0.464743 0.020031 0.141632 0.000000
0.366205 -0.521348 0.294782 0.000000
0.095602 -0.334883 0.174296 0.000000
0.317620 -0.882690 0.202088 0.000000
0.223532 -0.063402 0.361184 0.000000
0.320647 -0.097500 0.177609 0.000000
0.433837 0.100181 0.123655 0.000000
0.394793 -0.696010 0.358389 0.000000
0.294251 -0.992324 0.216300 0.000000
0.290987 -0.992414 0.245271 0.000000
0.399026 0.134280 0.224495 0.000000
0.363284 -0.602175 0.305786 0.000000
0.398436 0.249856 0.166088 0.000000
0.329338 -0.348121 0.201750 0.000000
0.332712 -0.753665 0.214023 0.000000
0.439635 -0.018988 0.207021 0.000000
0.488938 -0.125796 0.041592 0.000000
-0.088038 -0.550010 0.129462 0.000000
0.384135 0.029411 0.240751 0.000000
0.334042 -0.873288 0.210283 0.000000
0.340175 0.105256 0.164551 0.000000
0.302029 -1.016748 0.207957 0.000000
0.334242 -0.469931 0.191175 0.000000
0.437204 -0.988747 0.607215 0.000000
0.322572 -0.021378 0.185481 0.000000
0.317120 -0.907913 0.226424 0.000000
0.413752 -0.955684 0.535398 0.000000
0.465098 -0.023875 0.351438 0.000000
0.415298 -0.154117 0.257628 0.000000
0.344782 0.218242 0.197413 0.000000
0.435552 0.155075 0.127169 0.000000
0.171014 -0.243606 0.158931 0.000000
0.359486 -0.506527 0.277102 0.000000
0.333431 0.209803 0.104512 0.000000
0.361505 0.295548 0.101608 0.000000
0.452167 0.067368 0.119905 0.000000
0.392770 0.207309 0.097378 0.000000
0.291772 -1.086331 0.229394 0.000000
0.407529 0.194566 0.108474 0.000000
0.329470 0.116114 0.179402 0.000000
0.315252 -1.082065 0.230322 0.000000
0.341958 -0.285084 0.194174 0.000000
0.320501 -1.035507 0.235219 0.000000
0.296745 -0.056979 0.040746 0.000000
0.452821 0.038399 0.123035 0.000000
0.456536 -0.046376 0.065331 0.000000
0.474147 -0.062243 0.063847 0.000000
0.331089 -0.275784 0.193166 0.000000
0.454552 -0.016422 0.188523 0.000000
0.279543 -0.051299 0.148894 0.000000
0.321510 -0.920682 0.204394 0.000000
0.328653 0.130514 0.170731 0.000000
0.296848 -1.071142 0.223785 0.000000
0.258405 -0.103629 0.170471 0.000000
0.386619 0.342516 0.150562 0.000000
0.395476 -0.960206 0.194987 1.000000
0.384582 -0.021224 -0.007838 0.000000
0.137139 -0.284357 0.166654 0.000000
0.439011 0.027861 0.068905 0.000000
0.336131 -0.483419 0.196186 0.000000
0.487187 -0.037695 0.107830 0.000000
0.345991 -0.414002 0.246622 0.000000
0.334813 0.328513 0.108952 0.000000
0.334970 -0.777356 0.207957 0.000000
0.301227 -0.947279 0.235673 0.000000
0.302953 -1.057828 0.224050 0.000000
0.394323 0.266669 0.115412 0.000000
0.249922 -0.127794 0.169093 0.000000
0.343480 -0.546404 0.188781 0.000000
0.326311 0.126545 0.249666 0.000000
0.499950 -0.071925 0.118579 0.000000
0.531064 -0.143606 0.160651 0.000000
0.299680 -0.891457 0.219776 0.000000
0.507104 -1.133756 0.168300 1.000000
0.329479 -0.773362 0.201443 0.000000
0.358796 -0.535816 0.270428 0.000000
0.036529 -0.410837 0.173610 0.000000
0.412925 0.160780 0.100557 0.000000
0.345968 -0.714424 0.212236 0.000000
0.377255 -0.896934 0.469065 0.000000
0.318911 -0.889345 0.229884 0.000000
0.396264 0.317515 0.124396 0.000000
0.336164 -0.305447 0.191007 0.000000
0.020532 -0.444118 0.166656 0.000000
0.258332 -0.099272 0.179495 0.000000
0.361130 0.066619 0.199267 0.000000
0.332851 -0.581299 0.193664 0.000000
0.334867 -0.318789 0.198601 0.000000
0.312504 -0.895525 0.223842 0.000000
0.337025 -0.400221 0.242896 0.000000
0.366324 -0.922611 0.218156 1.000000
0.387226 -0.890328 0.459681 0.000000
0.300516 -0.008602 0.169772 0.000000
0.311205 -0.934233 0.230289 0.000000
0.315333 -0.004150 0.049336 0.000000
0.395357 0.198091 0.209448 0.000000
0.403556 0.264659 0.193691 0.000000
0.374488 0.392710 0.119999 0.000000
0.377312 -0.037592 -0.023544 0.000000
0.446508 -0.981935 0.605496 0.000000
0.347664 0.231481 0.087060 0.000000
0.290295 -0.097864 0.024112 0.000000
0.442076 0.067780 0.184233 0.000000
0.322785 -0.970563 0.223279 0.000000
0.328530 -0.474268 0.199925 0.000000
0.301998 -1.003118 0.221119 0.000000
0.316459 -0.943141 0.215506 0.000000
0.383019 0.286955 0.123846 0.000000
0.204838 -0.222737 0.171460 0.000000
0.355159 0.253965 0.110954 0.000000
0.318349 -1.001175 0.234432 0.000000
0.338154 0.285373 0.168020 0.000000
0.395096 -0.886769 0.456061 0.000000
0.334836 -0.805313 0.209979 0.000000
0.340032 -0.828757 0.218471 0.000000
0.422513 -0.981660 0.587132 0.000000
0.289183 -1.058540 0.249081 0.000000
0.421156 0.213364 0.121748 0.000000
0.509090 -1.125121 0.175287 1.000000
0.327443 -0.172615 0.181056 0.000000
0.122225 -0.296805 0.169896 0.000000
0.396290 0.331694 0.160344 0.000000
0.330614 -0.906914 0.215763 0.000000
0.360523 -0.447449 0.233145 0.000000
0.334979 -0.419712 0.191530 0.000000
0.498858 -0.064041 0.113857 0.000000
0.190111 -0.217427 0.154146 0.000000
0.181043 -0.214463 0.148860 0.000000
0.522910 -1.174600 0.142151 1.000000
0.326948 -0.363178 0.236584 0.000000
0.470286 -1.068058 0.181480 1.000000
0.270014 -1.026497 0.240832 0.000000
0.342068 -0.575596 0.196539 0.000000
0.342047 0.130863 0.138897 0.000000
0.322497 0.012347 0.175041 0.000000
0.288616 -0.927889 0.232354 0.000000
0.607572 -1.300943 0.118056 1.000000
0.328231 -0.339212 0.191636 0.000000
0.304992 0.077681 0.270636 0.000000
0.289881 -1.061815 0.233971 0.000000
0.341408 -0.566634 0.187178 0.000000
0.185304 -0.227200 0.156898 0.000000
0.532387 -1.211088 0.133228 1.000000
0.336194 -0.393597 0.181694 0.000000
0.339492 -0.335023 0.213327 0.000000
0.485493 -1.105139 0.164445 1.000000
0.581090 -1.258871 0.127871 1.000000
0.315912 -1.074072 0.233758 0.000000
0.339229 0.373722 0.123722 0.000000
-0.030309 -0.491687 0.150139 0.000000
0.506767 -0.173641 0.013007 0.000000
0.305035 -0.052619 0.033612 0.000000
0.346210 0.214637 0.100546 0.000000
-0.017213 -0.473164 0.160197 0.000000
0.346529 0.336816 0.157045 0.000000
0.427438 0.067775 0.088400 0.000000
0.435989 -1.013027 0.188091 1.000000
0.399500 0.193930 0.096261 0.000000
0.539298 -0.114796 0.117351 0.000000
0.326502 -0.796011 0.205340 0.000000
0.382732 -0.876634 0.446683 0.000000
0.299513 -0.037383 0.045448 0.000000
0.295245 -0.028062 0.049939 0.000000
-0.105978 -0.576014 0.124175 0.000000
0.328254 -0.205406 0.187226 0.000000
0.376032 0.458947 0.144126 0.000000
0.312882 -1.064902 0.237628 0.000000
0.556631 -1.233435 0.132489 1.000000
0.374454 -0.633170 0.325950 0.000000
0.335535 -0.858814 0.222534 0.000000
0.415504 -0.959262 0.550296 0.000000
0.220607 -0.190839 -0.021606 0.000000
0.409009 0.193932 0.128098 0.000000
0.445100 -0.009131 0.216301 0.000000
0.330593 0.230878 0.108356 0.000000
0.345920 0.458796 0.143122 0.000000
0.379130 0.322789 0.121822 0.000000
0.286344 -0.946666 0.232937 0.000000
0.333263 -0.364300 0.194196 0.000000
0.332590 -0.257202 0.190579 0.000000
0.394629 -0.833148 0.423073 0.000000
0.356072 -0.517706 0.285937 0.000000
0.538844 -1.207300 0.139923 1.000000
-0.022224 -0.482178 0.155039 0.000000
0.327778 0.080709 0.070378 0.000000
0.344416 0.218323 0.089083 0.000000
0.250576 -0.057483 0.350562 0.000000
0.288574 -0.961561 0.244561 0.000000
0.369195 -0.570071 0.302024 0.000000
0.230316 -0.156556 0.151615 0.000000
0.342810 -0.840093 0.217834 0.000000
0.333657 -0.345034 0.222941 0.000000
0.337714 -0.808269 0.220291 0.000000
0.488917 -0.004937 0.138551 0.000000
0.416598 0.001348 0.315011 0.000000
0.345713 0.280479 0.182310 0.000000
0.326476 -0.887489 0.217219 0.000000
0.388962 -0.791615 0.403878 0.000000
0.358880 -0.518336 0.268584 0.000000
0.333479 0.142916 0.252091 0.000000
0.389749 -0.955437 0.208668 1.000000
0.322679 0.217120 0.110346 0.000000
0.329465 -0.056677 0.180915 0.000000
0.330813 -0.264197 0.193644 0.000000
0.522099 -1.138170 0.159453 1.000000
0.438392 0.022680 0.194307 0.000000
0.271122 -1.040290 0.237762 0.000000
0.332524 -0.379174 0.199659 0.000000
0.437563 0.048861 0.198424 0.000000
0.344384 -0.825443 0.207560 0.000000
-0.043923 -0.500440 0.154811 0.000000
0.346724 -0.439872 0.249478 0.000000
0.398561 0.254839 0.196422 0.000000
0.303547 -0.906711 0.240844 0.000000
0.305651 -0.013260 0.049627 0.000000
0.324682 -0.619108 0.202717 0.000000
0.327002 -0.446054 0.190912 0.000000
0.261801 -0.093456 0.165557 0.000000
0.316906 0.126319 0.230904 0.000000
0.381912 -0.714902 0.368937 0.000000
0.342776 -0.634087 0.201347 0.000000
0.335209 -0.568704 0.196099 0.000000
0.591215 -1.267132 0.127143 1.000000
0.292501 -1.151995 0.223744 0.000000
0.334419 -0.211965 0.189833 0.000000
0.346693 0.398817 0.154544 0.000000
0.325010 -0.475510 0.191457 0.000000
0.470553 -0.068205 0.191772 0.000000
0.177531 -0.212119 -0.035988 0.000000
0.396377 0.335184 0.128813 0.000000
0.272095 -0.060313 0.161971 0.000000
0.324673 -0.601758 0.201967 0.000000
0.346765 0.437246 0.147945 0.000000
0.333255 -0.365951 0.232915 0.000000
0.634120 -0.162479 0.093711 0.000000
0.357456 -0.498973 0.287508 0.000000
0.080527 -0.380155 0.170391 0.000000
0.388409 -0.955158 0.180686 1.000000
0.235140 -1.105799 0.246360 0.000000
0.337790 -0.386439 0.245347 0.000000
0.374442 -0.939678 0.186064 1.000000
0.295979 -1.055867 0.212194 0.000000
0.382713 -0.901464 0.466727 0.000000
0.351374 -0.317677 0.195654 0.000000
0.297239 -0.064785 0.036981 0.000000
0.424254 0.000350 0.310044 0.000000
0.271894 0.009232 0.316214 0.000000
-0.038182 -0.502824 0.144388 0.000000
0.334428 0.402466 0.135392 0.000000
0.315358 -0.016631 0.042410 0.000000
0.359035 0.290650 0.109440 0.000000
0.297615 -0.998905 0.234210 0.000000
0.389993 -0.950692 0.200546 1.000000
0.589577 -0.048791 0.452045 0.000000
0.399856 0.396044 0.143129 0.000000
0.185349 -0.252754 0.167227 0.000000
0.057474 -0.399506 0.168838 0.000000
0.341346 -0.443275 0.182719 0.000000
0.280035 -0.960547 0.236618 0.000000
0.234286 -0.131621 0.143178 0.000000
0.386535 0.354701 0.142044 0.000000
0.310682 0.099387 0.253622 0.000000
0.330570 -0.336567 0.220905 0.000000
0.481422 -0.005265 0.142475 0.000000
0.367750 -0.576869 0.304685 0.000000
0.384227 -0.765924 0.386929 0.000000
0.327442 0.087593 0.176763 0.000000
0.396563 0.181728 0.085062 0.000000
0.329030 -0.151823 0.188428 0.000000
0.513438 -1.122260 0.168797 1.000000
0.504279 -0.076090 0.156395 0.000000
0.275028 -1.045249 0.266898 0.000000
0.415127 0.182174 0.132070 0.000000
0.132159 -0.329746 0.173027 0.000000
0.232300 -0.072680 0.368099 0.000000
0.557527 -1.247619 0.127943 1.000000
0.332186 0.237445 0.159493 0.000000
0.332676 0.187572 0.160320 0.000000
0.392672 -0.947641 0.190456 1.000000
0.335831 -0.431042 0.186256 0.000000
0.320211 -0.308743 0.204719 0.000000
-0.099131 -0.560388 0.121665 0.000000
0.274717 -0.995788 0.234178 0.000000
0.339238 -0.398278 0.254737 0.000000
0.472430 -0.082206 0.186212 0.000000
0.342949 0.483551 0.148633 0.000000
0.479425 -1.092787 0.158323 1.000000
0.380441 -0.865148 0.437346 0.000000
0.328547 -0.573446 0.197741 0.000000
0.332092 -0.534462 0.190227 0.000000
0.468436 0.019619 0.113122 0.000000
0.337609 -0.488001 0.204741 0.000000
0.336523 0.357908 0.159450 0.000000
0.295791 0.052796 0.290398 0.000000
0.378202 -0.004434 -0.006826 0.000000
0.523779 -0.139976 0.148476 0.000000
0.293051 -0.094923 0.036438 0.000000
0.342040 0.252488 0.161640 0.000000
0.516603 -1.171587 0.148398 1.000000
0.313096 -0.860802 0.215176 0.000000
0.412972 0.198878 0.103157 0.000000
0.342745 -0.887359 0.225396 0.000000
0.426671 0.135749 0.180548 0.000000
0.322502 -0.859995 0.214607 0.000000
0.339383 -0.668115 0.199635 0.000000
0.369617 -0.060023 -0.036961 0.000000
0.324220 -0.627984 0.197790 0.000000
0.352351 -0.386957 0.227760 0.000000
0.531184 -0.159375 0.162777 0.000000
0.553623 -1.227590 0.136627 1.000000
0.291694 -1.082652 0.238847 0.000000
0.500711 -1.112855 0.172545 1.000000
0.329374 -0.216412 0.196685 0.000000
-0.048126 -0.517058 0.132145 0.000000
0.352476 -0.471732 0.249170 0.000000
0.337560 -0.357628 0.185934 0.000000
0.421459 0.133975 0.188144 0.000000
0.397685 0.082370 0.229036 0.000000
0.483373 -1.092090 0.173261 1.000000
0.492280 -0.021791 0.137099 0.000000
0.388299 0.400424 0.150857 0.000000
0.494979 -1.125799 0.160082 1.000000
0.271805 -1.050767 0.263191 0.000000
0.458323 -1.062416 0.171310 1.000000
0.293952 -1.075757 0.246600 0.000000
0.563345 -0.048132 0.436567 0.000000
0.294915 -1.106642 0.234145 0.000000
0.299184 -1.052855 0.240175 0.000000
0.395541 -0.868029 0.442984 0.000000
0.182795 -0.207559 0.146399 0.000000
0.363573 -0.909350 0.204641 1.000000
0.326653 -0.427857 0.184437 0.000000
-0.079625 -0.543127 0.130297 0.000000
0.443408 -0.070282 0.232596 0.000000
0.339504 -0.349874 0.216255 0.000000
0.355442 -0.373208 0.216304 0.000000
0.501809 -0.056933 0.144886 0.000000
0.325240 -1.035390 0.227619 0.000000
0.313812 -0.980443 0.228316 0.000000
0.300466 -0.073027 0.027458 0.000000
0.360580 -0.533849 0.295421 0.000000
0.294642 -0.909825 0.225206 0.000000
0.386828 0.024663 0.268358 0.000000
0.341458 -0.538309 0.194562 0.000000
0.447762 0.142109 0.127887 0.000000
0.331191 -0.656454 0.198265 0.000000
0.398217 -0.899998 0.474816 0.000000
0.438574 0.140888 0.125814 0.000000
0.285670 -1.103030 0.257010 0.000000
0.337548 -0.862026 0.212682 0.000000
0.179771 -0.263708 0.569252 0.000000
0.443958 -0.016718 0.213936 0.000000
0.314434 -0.902391 0.241981 0.000000
0.409648 0.249397 0.166033 0.000000
0.308048 -1.081333 0.239144 0.000000
0.104797 -0.357060 0.173707 0.000000
0.342451 -0.684761 0.208862 0.000000
0.410750 -0.954249 0.543321 0.000000
0.152830 -0.283269 0.166716 0.000000
0.344255 -0.753927 0.203760 0.000000
0.258486 -0.088250 0.140703 0.000000
0.349507 0.233693 0.099921 0.000000
0.481629 -0.031414 0.118664 0.000000
0.196138 -0.159413 0.437203 0.000000
0.371653 0.382590 0.120030 0.000000
0.530204 -0.211559 0.121034 0.000000
0.426072 -1.013261 0.180577 1.000000
0.430695 -0.106635 0.241710 0.000000
0.391234 -0.770948 0.394048 0.000000
0.337128 -0.319855 0.205545 0.000000
0.503608 -1.140551 0.155880 1.000000
0.332958 -0.747680 0.207289 0.000000
0.404810 0.189619 0.209311 0.000000
0.347158 0.373996 0.167356 0.000000
0.299320 -0.931253 0.238794 0.000000
0.190374 -0.183499 0.462908 0.000000
0.337717 -0.655167 0.207342 0.000000
0.456929 0.122321 0.125348 0.000000
0.301729 -0.965968 0.253657 0.000000
0.198720 -0.219245 0.159865 0.000000
0.234609 -0.096057 0.378313 0.000000
0.389517 0.020672 0.256608 0.000000
0.324875 0.100638 0.164093 0.000000
0.328665 -0.548187 0.200818 0.000000
0.398552 -0.206200 0.305073 0.000000
0.323566 0.136856 0.230893 0.000000
0.346777 0.370024 0.157853 0.000000
0.434328 0.075271 0.184376 0.000000
0.371691 0.421019 0.117791 0.000000
0.352650 -0.905118 0.184521 1.000000
0.323130 -0.034111 0.176979 0.000000
0.394432 0.285502 0.159376 0.000000
0.289369 0.010377 0.319148 0.000000
0.270205 -0.064973 0.169235 0.000000
0.362057 -0.524931 0.288165 0.000000
0.385511 -0.921611 0.496078 0.000000
0.340213 -0.655176 0.200077 0.000000
0.311196 -0.041043 0.036164 0.000000
0.259436 -0.113419 0.170553 0.000000
0.439652 0.006762 0.067880 0.000000
0.394813 0.363698 0.163722 0.000000
0.339460 -0.627721 0.190477 0.000000
0.329585 -0.764706 0.211992 0.000000
0.260931 0.019791 0.307887 0.000000
-0.065776 -0.530492 0.133420 0.000000
-0.074025 -0.534587 0.143101 0.000000
0.191798 -0.165551 0.446860 0.000000
0.418895 -0.147473 0.260093 0.000000
0.333945 0.165324 0.075802 0.000000
0.469812 0.052306 0.134414 0.000000
0.366926 0.436725 0.115214 0.000000
0.389643 0.364127 0.157306 0.000000
0.372930 -0.619290 0.318485 0.000000
0.299370 -1.044064 0.236398 0.000000
0.300540 -1.077136 0.219897 0.000000
0.323450 -0.323479 0.208231 0.000000
0.381122 -0.943017 0.207482 1.000000
0.355005 -0.406048 0.231286 0.000000
0.324725 -0.095884 0.189288 0.000000
0.579640 -1.278551 0.121503 1.000000
0.593134 -1.276339 0.122812 1.000000
0.380287 -0.019519 -0.017727 0.000000
0.392068 0.238501 0.168692 0.000000
0.311920 0.025476 0.185157 0.000000
0.397751 -0.952511 0.543866 0.000000
0.402827 0.153688 0.215586 0.000000
0.186880 -0.250249 0.546497 0.000000
0.324542 -0.010346 0.174121 0.000000
0.416878 0.224671 0.166963 0.000000
0.322674 -0.263389 0.193088 0.000000
0.389801 0.264598 0.122126 0.000000
0.335413 -0.432315 0.200974 0.000000
0.372709 -0.583163 0.312159 0.000000
0.324830 0.160359 0.123226 0.000000
0.408806 -0.171426 0.277034 0.000000
0.516416 -0.077813 0.154396 0.000000
0.411384 0.185830 0.104849 0.000000
0.364228 0.461672 0.120845 0.000000
0.499757 -0.263128 -0.070525 0.000000
0.329359 0.243253 0.111057 0.000000
0.342001 0.221930 0.210400 0.000000
0.356624 -0.523285 0.262506 0.000000
0.422571 -1.004665 0.170028 1.000000
0.327671 -0.842575 0.204101 0.000000
0.537708 -1.194626 0.143897 1.000000
0.456156 0.059367 0.115648 0.000000
0.340745 -0.347787 0.192419 0.000000
0.233755 -0.171636 0.166229 0.000000
0.431965 0.093104 0.190609 0.000000
0.370870 0.376174 0.113497 0.000000
0.328806 -0.413038 0.199458 0.000000
0.341130 -0.698854 0.200385 0.000000
0.289176 -1.008413 0.240005 0.000000
0.516397 -0.269638 0.182415 0.000000
0.311607 -1.116184 0.240203 0.000000
0.464349 0.101743 0.125397 0.000000
0.392615 0.093949 0.227514 0.000000
0.423907 0.109502 0.121136 0.000000
0.323952 0.032693 0.165119 0.000000
0.321333 0.075453 0.068785 0.000000
0.353941 -0.436474 0.241524 0.000000
0.469744 0.023902 0.147986 0.000000
0.329779 0.243172 0.101994 0.000000
0.321309 -0.309710 0.191099 0.000000
0.271001 -0.071586 0.163746 0.000000
0.429284 0.067566 0.206771 0.000000
0.294114 -0.022480 0.176286 0.000000
0.316719 -0.900330 0.220339 0.000000
0.512450 -0.088370 0.143262 0.000000
0.364426 -0.583678 0.299155 0.000000
0.432647 0.136654 0.172742 0.000000
0.334179 0.293118 0.162788 0.000000
0.328859 -0.647923 0.208519 0.000000
0.309044 -1.137496 0.242724 0.000000
0.411063 0.190654 0.120858 0.000000
0.304497 -1.017384 0.226978 0.000000
0.345139 0.391864 0.157031 0.000000
-0.007348 -0.472785 0.152890 0.000000
0.380459 0.432976 0.148443 0.000000
0.095613 -0.351853 0.172116 0.000000
0.398417 0.232321 0.102589 0.000000
0.622553 -1.328438 0.111131 1.000000
0.282418 0.011678 0.311137 0.000000
0.450304 -0.045240 0.060841 0.000000
0.328696 -0.168936 0.189431 0.000000
0.339896 0.335267 0.160506 0.000000
0.145384 -0.296805 0.167793 0.000000
0.327197 -0.385857 0.185821 0.000000
0.544586 -1.225714 0.133990 1.000000
0.383585 -0.707341 0.362646 0.000000
0.330647 -0.829266 0.207100 0.000000
0.385721 0.000998 0.005493 0.000000
0.388610 -0.800683 0.403999 0.000000
0.341149 -0.795089 0.205538 0.000000
0.503510 -0.059116 0.138058 0.000000
0.214877 -0.184823 0.152753 0.000000
0.322072 -1.121799 0.237177 0.000000
0.452698 0.131795 0.126848 0.000000
0.474648 -1.075807 0.156951 1.000000
0.151083 -0.269944 0.163330 0.000000
0.403308 -0.947602 0.532255 0.000000
0.407993 -0.948506 0.520694 0.000000
0.330650 -0.161779 0.195800 0.000000
0.395056 0.385051 0.153633 0.000000
0.328260 -0.325625 0.189985 0.000000
0.190092 -0.236412 0.520657 0.000000
0.338914 0.185085 0.217589 0.000000
0.514805 -0.216473 -0.031343 0.000000
0.327804 -0.759264 0.201429 0.000000
0.318251 -0.856339 0.227230 0.000000
0.308130 -1.014326 0.232469 0.000000
0.437936 0.163834 0.127922 0.000000
0.473614 -0.013227 0.112427 0.000000
0.428590 -0.092227 0.233085 0.000000
0.326906 -0.271848 0.198691 0.000000
0.503720 -0.080088 0.108004 0.000000
0.513241 -0.169705 0.152868 0.000000
0.321836 -0.892693 0.214545 0.000000
0.339933 0.199967 0.102366 0.000000
0.442811 -1.038911 0.189739 1.000000
0.347845 -0.883655 0.198922 1.000000
0.202588 -0.165116 0.434188 0.000000
-0.048724 -0.509037 0.152251 0.000000
0.238158 -0.126460 0.146524 0.000000
0.456201 -1.050233 0.170326 1.000000
0.394629 0.043014 0.239830 0.000000
0.407348 -0.179330 0.284454 0.000000
0.413308 0.173898 0.102847 0.000000
0.392696 -0.710913 0.365553 0.000000
-0.059859 -0.521898 0.140217 0.000000
0.521519 -0.178642 0.159848 0.000000
0.283224 -0.939492 0.223906 0.000000
0.349182 -0.887159 0.217670 1.000000
0.066750 -0.398947 0.166723 0.000000
0.331850 -0.860932 0.203826 0.000000
0.367047 -0.499978 0.285105 0.000000
0.402666 0.295027 0.125758 0.000000
0.334973 -0.836488 0.215777 0.000000
0.337709 -0.253547 0.184350 0.000000
0.398768 -0.962113 0.213555 1.000000
0.541280 -1.214842 0.136657 1.000000
0.359360 -0.636054 0.312397 0.000000
0.231462 -0.188838 0.169145 0.000000
0.515609 -0.097496 0.154026 0.000000
0.483634 -0.116813 0.046193 0.000000
0.367347 -0.665034 0.333240 0.000000
0.333687 -0.334177 0.193202 0.000000
0.334030 -0.317039 0.186303 0.000000
0.272159 -1.054492 0.252017 0.000000
0.397516 -0.956544 0.174639 1.000000
0.432762 -0.976622 0.578742 0.000000
0.246799 -1.135974 0.248567 0.000000
0.351193 -0.469923 0.269411 0.000000
0.467721 0.005486 0.113589 0.000000
0.391538 0.311681 0.124359 0.000000
0.351849 -0.446487 0.241938 0.000000
0.442588 0.013535 0.087155 0.000000
0.331067 -0.541626 0.205184 0.000000
0.294577 -1.055123 0.224607 0.000000
0.334347 0.193257 0.102187 0.000000
0.335506 -0.815353 0.204621 0.000000
0.528275 -0.215157 0.164230 0.000000
0.289121 -0.106026 0.011633 0.000000
0.329964 -0.516631 0.200366 0.000000
0.199699 -0.178912 0.447375 0.000000
0.322243 0.128269 0.174296 0.000000
0.346201 0.362328 0.121330 0.000000
0.439733 0.017835 0.079936 0.000000
0.381619 0.445995 0.134238 0.000000
0.225194 -0.124446 0.395022 0.000000
0.281828 -1.004601 0.266524 0.000000
0.397204 0.267978 0.163119 0.000000
0.213654 -0.108054 0.394244 0.000000
0.300114 -0.010822 0.177092 0.000000
0.314678 -0.913429 0.214052 0.000000
0.434458 -0.078782 0.232795 0.000000
0.336015 0.242301 0.164687 0.000000
0.324199 0.056156 0.068828 0.000000
0.334945 0.136694 0.081942 0.000000
0.436131 0.062240 0.075865 0.000000
0.501565 -1.125207 0.162943 1.000000
0.414128 -0.165384 0.268669 0.000000
0.402892 0.197377 0.121910 0.000000
0.281063 -0.117008 0.026333 0.000000
0.380962 -0.881663 0.451357 0.000000
0.419057 -0.998714 0.198562 1.000000
0.294753 -1.128136 0.223354 0.000000
0.356545 -0.459077 0.270698 0.000000
0.431885 0.072212 0.082030 0.000000
0.354161 -0.357567 0.214713 0.000000
0.358233 0.271787 0.108159 0.000000
0.433446 -0.067538 0.225332 0.000000
-0.026703 -0.481379 0.160763 0.000000
0.501092 -0.044695 0.134275 0.000000
0.445718 0.025152 0.179902 0.000000
0.346438 -0.369332 0.227843 0.000000
0.346217 0.379132 0.123681 0.000000
0.424469 -0.110567 0.240781 0.000000
0.386369 0.305360 0.126683 0.000000
0.345290 0.182088 0.108008 0.000000
0.430251 0.198213 0.124521 0.000000
0.331189 -0.516896 0.188286 0.000000
0.316360 -0.969941 0.204813 0.000000
0.270473 -0.010335 0.334777 0.000000
0.294936 -0.973467 0.235951 0.000000
0.336503 -0.786560 0.200429 0.000000
0.043943 -0.397326 0.175680 0.000000
0.396403 -0.961578 0.181161 1.000000
0.225621 -0.188091 0.163444 0.000000
0.489399 -0.125093 0.174499 0.000000
0.236791 -0.155372 0.161354 0.000000
0.353727 0.436039 0.147889 0.000000
0.333852 -0.321372 0.192104 0.000000
0.331934 -0.027954 0.179596 0.000000
0.334998 -0.837769 0.208175 0.000000
0.380155 -0.678710 0.345747 0.000000
0.301256 -0.995322 0.216489 0.000000
0.399685 0.175877 0.081727 0.000000
0.385304 -0.944031 0.184805 1.000000
0.346406 0.260403 0.186859 0.000000
0.397839 0.238218 0.111146 0.000000
0.332727 -0.448866 0.200840 0.000000
0.337349 -0.818214 0.216733 0.000000
0.338743 -0.308472 0.199249 0.000000
0.076582 -0.366783 0.174799 0.000000
0.298450 -0.071531 0.017759 0.000000
0.313063 0.026800 0.167537 0.000000
0.335874 -0.425016 0.200764 0.000000
0.479284 0.003586 0.138735 0.000000
0.339470 -0.773136 0.211463 0.000000
0.333912 -0.399791 0.198292 0.000000
0.532962 -0.207778 0.131150 0.000000
0.571011 -1.230122 0.135816 1.000000
0.321459 0.086745 0.069598 0.000000
0.323652 -0.907176 0.223819 0.000000
0.273014 -1.066395 0.256755 0.000000
0.379260 0.380851 0.147309 0.000000
0.325796 -0.441137 0.195805 0.000000
0.395239 0.148232 0.070298 0.000000
0.295096 -1.066849 0.240448 0.000000
0.335420 0.148179 0.128504 0.000000
0.323369 0.115347 0.255098 0.000000
0.317381 -0.872455 0.212388 0.000000
0.522366 -0.153226 0.145910 0.000000
0.547448 -1.204346 0.143923 1.000000
0.305983 -0.006348 0.051420 0.000000
0.333041 -0.283122 0.192658 0.000000
0.377144 -0.892822 0.460910 0.000000
0.401086 0.285668 0.162746 0.000000
0.003425 -0.462672 0.151265 0.000000
0.319754 0.055483 0.173879 0.000000
0.229537 -0.191771 -0.022049 0.000000
0.231394 -0.185354 -0.014573 0.000000
0.333263 0.105331 0.170578 0.000000
0.339158 0.098801 0.168513 0.000000
0.292449 0.068036 0.273114 0.000000
0.074917 -0.385984 0.161730 0.000000
0.184299 -0.237379 0.160768 0.000000
0.259881 -0.004944 0.325221 0.000000
0.398599 0.317256 0.163000 0.000000
0.466040 -0.002016 0.111642 0.000000
0.359932 -0.530086 0.263405 0.000000
0.325270 -0.401432 0.189665 0.000000
0.340950 -0.685877 0.197244 0.000000
0.393263 0.284077 0.117797 0.000000
0.473437 -1.080370 0.172879 1.000000
0.176480 -0.269852 0.568427 0.000000
0.346707 0.443316 0.156770 0.000000
0.266007 -1.084664 0.240162 0.000000
0.448179 0.060006 0.117936 0.000000
0.273615 -1.009328 0.241145 0.000000
0.481161 0.045858 0.132923 0.000000
0.294267 -1.063738 0.211779 0.000000
0.333637 -0.527813 0.196967 0.000000
0.296774 -0.985958 0.230504 0.000000
0.372032 0.482482 0.145868 0.000000
0.251063 -0.108215 0.146191 0.000000
0.402236 0.008772 0.286679 0.000000
0.335303 -0.100442 0.184590 0.000000
0.334197 -0.553314 0.199811 0.000000
0.448858 -0.033217 0.216056 0.000000
0.392554 0.131874 0.225658 0.000000
0.218651 -0.099222 0.387661 0.000000
0.340927 -0.587816 0.191117 0.000000
0.422991 -0.983302 0.595570 0.000000
0.405843 0.258365 0.122854 0.000000
0.333543 0.171508 0.218945 0.000000
0.376888 0.038469 0.235842 0.000000
0.346347 0.125375 0.139512 0.000000
0.614281 -1.321160 0.114483 1.000000
0.289300 0.029240 0.308383 0.000000
0.327612 -1.167249 0.248346 0.000000
0.328879 -0.394905 0.188737 0.000000
0.306865 -0.998499 0.235779 0.000000
0.335520 0.141480 0.171794 0.000000
0.332932 -0.548498 0.206346 0.000000
0.388097 0.030540 0.020455 0.000000
0.420946 0.118206 0.090507 0.000000
0.460339 -1.053086 0.181177 1.000000
0.390808 0.026890 0.006017 0.000000
0.488333 -1.122767 0.161637 1.000000
0.352762 -0.893265 0.189385 1.000000
0.070136 -0.362357 0.178264 0.000000
0.304860 -1.068920 0.234227 0.000000
0.381868 0.364074 0.148938 0.000000
0.377086 -0.938808 0.220860 1.000000
0.433407 -0.984776 0.602674 0.000000
0.441342 0.018305 0.205962 0.000000
0.387740 0.410424 0.156726 0.000000
0.337166 -0.261333 0.193924 0.000000
0.444548 0.003949 0.215505 0.000000
0.035478 -0.417907 0.170302 0.000000
0.370792 -0.926044 0.181030 1.000000
0.420974 0.235346 0.131351 0.000000
0.400865 0.124684 0.231482 0.000000
0.330115 -0.355723 0.237214 0.000000
0.366963 0.342880 0.119287 0.000000
0.322909 0.028480 0.058177 0.000000
0.344399 0.307570 0.164918 0.000000
0.336730 0.167539 0.081795 0.000000
0.394171 -0.956867 0.188828 1.000000
0.436472 0.105691 0.175327 0.000000
0.494557 -0.046640 0.112257 0.000000
0.324567 -0.562804 0.197421 0.000000
0.399529 0.062448 0.033759 0.000000
0.311560 0.094289 0.261002 0.000000
0.258549 -0.097317 0.155318 0.000000
0.339588 0.202647 0.219967 0.000000
0.340899 -0.607743 0.198277 0.000000
0.368766 -0.792940 0.391648 0.000000
0.176295 -0.257770 0.165774 0.000000
0.318876 0.069260 0.066010 0.000000
0.339573 -0.821251 0.224435 0.000000
0.438622 -0.044988 0.220119 0.000000
0.366930 -0.823919 0.410634 0.000000
0.519643 -0.236950 0.168936 0.000000
0.154238 -0.255876 0.160119 0.000000
0.476384 -1.074826 0.183118 1.000000
0.398198 0.259122 0.164526 0.000000
0.347264 0.194689 0.098243 0.000000
0.387076 -0.822774 0.414896 0.000000
0.333127 -0.296781 0.193470 0.000000
0.334189 -0.674451 0.203755 0.000000
0.357243 -0.486417 0.267024 0.000000
0.006668 -0.455855 0.157475 0.000000
0.493440 -0.072487 0.116217 0.000000
0.551734 -1.245669 0.131435 1.000000
0.379920 0.388385 0.145881 0.000000
0.326002 -0.706499 0.210430 0.000000
0.330326 -0.816248 0.213254 0.000000
0.291770 -1.091786 0.242118 0.000000
0.212963 -0.189467 -0.031688 0.000000
0.339925 -0.455890 0.185646 0.000000
0.342755 0.209439 0.207067 0.000000
0.308326 -0.891585 0.234118 0.000000
0.236719 -0.162767 0.166009 0.000000
0.000878 -0.473017 0.151093 0.000000
0.293793 -1.134764 0.212173 0.000000
0.374578 -0.616582 0.329029 0.000000
0.274147 -0.133745 0.005540 0.000000
0.339310 -0.862049 0.204059 0.000000
0.202051 -0.143292 0.415608 0.000000
0.215033 -0.175367 0.146858 0.000000
0.247296 -0.119418 0.151346 0.000000
0.304306 -0.941093 0.229254 0.000000
0.430446 -1.006410 0.213409 1.000000
0.250614 -0.032554 0.343680 0.000000
0.373912 -0.929241 0.193673 1.000000
0.370598 0.434947 0.122804 0.000000
0.371461 -0.047434 0.276230 0.000000
0.306058 0.045357 0.060106 0.000000
0.403351 -0.198335 0.286916 0.000000
0.379406 -0.725580 0.366169 0.000000
0.377712 -0.568563 0.311144 0.000000
0.194937 -0.185926 0.468659 0.000000
0.439101 0.085608 0.179138 0.000000
0.403811 0.307377 0.125190 0.000000
0.371600 0.353020 0.115509 0.000000
0.482907 0.035310 0.127414 0.000000
0.346950 -0.893326 0.208139 1.000000
0.417881 0.168099 0.180716 0.000000
0.368229 -0.723823 0.361859 0.000000
0.427549 -0.132135 0.253994 0.000000
0.344503 0.317816 0.155296 0.000000
0.392285 -0.906970 0.468133 0.000000
0.332743 -0.918310 0.219961 0.000000
0.349964 0.240916 0.105592 0.000000
0.241711 -0.134490 0.147253 0.000000
0.503798 -0.264340 -0.064172 0.000000
0.341328 -0.846893 0.205730 0.000000
0.224883 -0.109805 0.389071 0.000000
0.360003 -0.074837 0.292698 0.000000
0.631909 -0.170584 0.100029 0.000000
-0.001113 -0.477111 0.144597 0.000000
0.026360 -0.430549 0.167827 0.000000
0.228782 -0.090385 0.378344 0.000000
0.119038 -0.234973 -0.046113 0.000000
0.332139 0.256156 0.101544 0.000000
0.478458 0.050034 0.126439 0.000000
0.345154 -0.737780 0.208574 0.000000
0.514076 -0.098972 0.142285 0.000000
0.372358 0.474908 0.126953 0.000000
0.322880 0.006257 0.051647 0.000000
0.397584 -0.877298 0.449211 0.000000
0.285226 -0.108878 0.025360 0.000000
0.326209 -0.145121 0.190396 0.000000
0.325185 -0.874753 0.213143 0.000000
0.362579 -0.548513 0.284815 0.000000
0.297516 -0.065306 0.044400 0.000000
0.443816 -1.037531 0.175960 1.000000
0.361233 -0.515704 0.279521 0.000000
0.337711 0.230016 0.215373 0.000000
0.428379 0.089851 0.203163 0.000000
0.350371 0.482269 0.147789 0.000000
0.297126 -1.074007 0.205891 0.000000
0.106338 -0.344700 0.170994 0.000000
0.348872 0.451524 0.157718 0.000000
0.485762 -0.026384 0.371145 0.000000
0.269555 -0.152867 0.005439 0.000000
0.335920 -0.613022 0.206735 0.000000
0.380570 -0.654702 0.344242 0.000000
0.413643 0.218636 0.168575 0.000000
0.321028 0.017548 0.179290 0.000000
0.381282 0.412613 0.128702 0.000000
0.325183 0.204462 0.111081 0.000000
-0.104330 -0.567687 0.125445 0.000000
0.261041 -0.092019 0.178648 0.000000
0.347676 0.250543 0.185396 0.000000
0.402944 0.323989 0.124079 0.000000
0.346555 -0.432588 0.262562 0.000000
0.338016 -0.791491 0.211030 0.000000
0.280878 -0.126301 0.013019 0.000000
0.443000 0.016625 0.212851 0.000000
0.336921 0.170151 0.244269 0.000000
0.521676 -0.186792 0.139097 0.000000
0.347388 0.386475 0.127256 0.000000
0.337633 -0.404473 0.182503 0.000000
0.420082 0.135759 0.095162 0.000000
0.279543 -1.066174 0.253300 0.000000
0.328164 -0.720730 0.205856 0.000000
-0.054795 -0.511843 0.150760 0.000000
0.495607 -1.132630 0.158711 1.000000
0.386226 0.327021 0.152879 0.000000
0.430647 0.084135 0.186426 0.000000
0.400455 0.145731 0.220790 0.000000
0.292847 -0.079020 0.034900 0.000000
0.359795 -0.573794 0.287140 0.000000
0.330431 -0.897935 0.213495 0.000000
0.338050 0.251953 0.208758 0.000000
0.297200 -0.085832 0.023225 0.000000
0.407175 0.203964 0.175977 0.000000
0.082835 -0.358346 0.174000 0.000000
0.252007 -0.046072 0.350163 0.000000
0.439066 -0.009130 0.066694 0.000000
0.304179 -0.926723 0.233679 0.000000
0.391542 -0.894165 0.463938 0.000000
0.322945 -0.014583 0.179471 0.000000
0.332176 -0.508243 0.203458 0.000000
0.434586 0.080309 0.085522 0.000000
0.417638 0.109078 0.098896 0.000000
0.331455 -0.867018 0.211126 0.000000
0.323406 0.000822 0.183645 0.000000
-0.058336 -0.524495 0.131284 0.000000
0.433116 0.123116 0.175030 0.000000
0.507095 -0.082249 0.115436 0.000000
0.323012 -0.524070 0.192418 0.000000
0.391122 -0.717404 0.367123 0.000000
0.341096 0.159949 0.086968 0.000000
0.330602 -0.356998 0.196314 0.000000
0.393506 -0.765967 0.388356 0.000000
0.313568 -0.918231 0.234254 0.000000
0.584800 -1.292407 0.119385 1.000000
0.343923 -0.398280 0.241743 0.000000
0.189849 -0.171719 0.453409 0.000000
0.338334 -0.643499 0.200932 0.000000
0.533304 -0.220717 0.168233 0.000000
0.437938 0.111386 0.122433 0.000000
0.246945 -0.168550 -0.014868 0.000000
0.294433 -1.072328 0.230261 0.000000
0.346497 0.230510 0.189813 0.000000
0.430691 0.104035 0.186142 0.000000
0.472593 0.035522 0.144550 0.000000
0.416238 -0.959583 0.563630 0.000000
0.337442 -0.364371 0.184911 0.000000
0.217534 -0.196995 0.159234 0.000000
0.421306 -0.969111 0.559070 0.000000
0.430038 0.118414 0.124231 0.000000
0.400423 0.002355 0.278751 0.000000
0.367023 0.050301 0.228259 0.000000
0.477859 -0.023571 0.364989 0.000000
0.324460 0.279573 0.106334 0.000000
0.348097 0.469476 0.152117 0.000000
0.446302 -1.043852 0.176643 1.000000
0.417429 0.243183 0.164450 0.000000
-0.023940 -0.490522 0.156392 0.000000
0.429484 0.189272 0.126171 0.000000
0.402729 0.223966 0.109042 0.000000
0.360772 -0.503935 0.283877 0.000000
0.014135 -0.440222 0.167700 0.000000
0.240366 -0.028451 0.342583 0.000000
0.351999 -0.426069 0.239779 0.000000
0.337542 -0.577278 0.208187 0.000000
0.342710 0.464914 0.146820 0.000000
0.311678 -0.907175 0.218072 0.000000
0.370413 -0.714247 0.356834 0.000000
0.453557 0.046015 0.117671 0.000000
0.185527 -0.255835 0.554330 0.000000
0.435019 0.030464 0.074547 0.000000
0.391879 -0.931069 0.511322 0.000000
0.517097 -1.142740 0.161699 1.000000
0.272605 0.027242 0.303547 0.000000
0.341479 -0.712264 0.199278 0.000000
0.344820 -0.568432 0.195088 0.000000
0.322130 -1.081890 0.240261 0.000000
0.234306 -0.144704 0.147584 0.000000
0.370026 -0.054386 0.274360 0.000000
-0.034293 -0.485582 0.155427 0.000000
0.382168 -0.644675 0.335243 0.000000
0.337728 -0.536635 0.205479 0.000000
0.343052 0.243585 0.201003 0.000000
0.369654 0.485830 0.126647 0.000000
0.310817 0.056920 0.063337 0.000000
0.292785 -0.920019 0.237816 0.000000
0.275374 -1.031450 0.266666 0.000000
0.460534 0.017033 0.115532 0.000000
0.220702 -0.068121 0.365826 0.000000
0.338946 0.294412 0.167432 0.000000
0.308066 -1.092478 0.224888 0.000000
0.348115 0.347479 0.160083 0.000000
0.370841 0.429242 0.118219 0.000000
0.277440 -1.049564 0.251544 0.000000
0.360248 -0.589539 0.294597 0.000000
0.523303 -0.249652 0.176606 0.000000
0.337086 -0.503559 0.189338 0.000000
0.321168 0.139997 0.171465 0.000000
0.294715 -0.948578 0.239575 0.000000
0.445855 0.056911 0.191843 0.000000
0.517376 -0.118832 0.135514 0.000000
0.484732 -1.099342 0.168386 1.000000
0.012435 -0.451202 0.165233 0.000000
0.373605 -0.673571 0.341061 0.000000
0.293964 -1.143813 0.213011 0.000000
0.389319 -0.951844 0.217283 1.000000
0.057668 -0.410859 0.165150 0.000000
0.268502 -1.062685 0.272620 0.000000
0.159100 -0.245017 0.156338 0.000000
0.392617 0.074262 0.226791 0.000000
0.329336 -0.533348 0.196952 0.000000
0.342768 -0.449719 0.186731 0.000000
0.329936 -0.314306 0.201095 0.000000
0.468934 0.027835 0.142208 0.000000
0.342227 -0.476918 0.198248 0.000000
0.389397 -0.851331 0.431060 0.000000
0.328275 0.134121 0.077220 0.000000
0.303398 -1.045259 0.222533 0.000000
0.618767 -0.165589 0.103775 0.000000
0.363671 -0.675946 0.340120 0.000000
0.301546 0.071356 0.273588 0.000000
0.297191 -1.047709 0.205924 0.000000
0.515358 -0.093944 0.116957 0.000000
-0.044665 -0.509962 0.139150 0.000000
0.333979 -0.731858 0.206848 0.000000
0.342940 0.157416 0.118787 0.000000
0.327393 0.249454 0.101358 0.000000
0.296206 -1.139018 0.229561 0.000000
0.422308 0.207995 0.166965 0.000000
0.494028 -0.045884 0.153695 0.000000
0.345997 -0.324344 0.196065 0.000000
0.379000 -0.630085 0.330852 0.000000
0.143580 -0.223441 -0.042652 0.000000
0.320759 0.103814 0.262383 0.000000
0.424100 -0.970311 0.572149 0.000000
0.351334 0.472846 0.143961 0.000000
0.433460 0.044608 0.088929 0.000000
0.435841 0.145050 0.166361 0.000000
0.310258 0.083110 0.271978 0.000000
0.403923 -0.970434 0.205205 1.000000
0.276371 -0.058332 0.148170 0.000000
0.406870 0.280389 0.128184 0.000000
0.327951 -0.045185 0.186058 0.000000
0.345175 0.267738 0.189062 0.000000
0.337487 -0.471588 0.196836 0.000000
0.307540 -0.898927 0.232000 0.000000
0.329763 0.231728 0.101527 0.000000
0.426704 -1.012145 0.187499 1.000000
0.530331 -0.239959 0.174800 0.000000
0.386967 0.453993 0.150632 0.000000
0.233172 -0.084695 0.373888 0.000000
