0.437956 0.095002 0.171467 0.000000
0.629383 -1.349613 0.116922 1.000000
-0.136434 -0.597674 0.126317 0.000000
0.403122 -0.817363 0.416445 0.000000
0.170305 -0.275362 0.581232 0.000000
0.133348 -0.224301 -0.046409 0.000000
0.363560 -0.440162 0.233453 0.000000
0.345288 0.488160 0.146062 0.000000
0.292235 -1.149117 0.216840 0.000000
0.514805 -0.216473 -0.031343 0.000000
0.594463 -0.054130 0.454303 0.000000
0.237247 -0.059507 0.360115 0.000000
0.056981 -0.391964 0.173361 0.000000
0.442830 -0.990936 0.613004 0.000000
0.327549 -0.696887 0.198965 0.000000
0.300800 -0.060431 0.035403 0.000000
0.527784 -1.134742 0.162965 1.000000
0.379556 -0.929343 0.174357 1.000000
0.428746 -0.129026 0.245825 0.000000
0.210078 -0.221888 0.167522 0.000000
0.327609 0.272081 0.100414 0.000000
0.662060 -0.177504 0.084250 0.000000
0.516586 -0.287792 0.202031 0.000000
0.474147 -0.062243 0.063847 0.000000
0.299597 0.074304 0.271550 0.000000
0.376732 -0.586670 0.317628 0.000000
0.464393 -0.014723 0.358517 0.000000
0.198223 -0.184043 0.452977 0.000000
0.319432 0.091162 0.069292 0.000000
0.286309 -1.004489 0.272033 0.000000
0.342653 -0.285775 0.201806 0.000000
0.324848 -0.042630 0.181087 0.000000
0.337703 0.206425 0.228113 0.000000
-0.033609 -0.498622 0.140129 0.000000
0.390391 -0.929977 0.498664 0.000000
0.524724 -0.159231 0.150211 0.000000
0.329476 -0.563352 0.190866 0.000000
0.405140 0.369774 0.151788 0.000000
0.251439 -0.169065 -0.021084 0.000000
0.452962 -1.032479 0.199756 1.000000
0.376866 -0.708090 0.357140 0.000000
0.330499 -0.822458 0.219997 0.000000
0.551818 -1.253117 0.128373 1.000000
0.390120 0.017070 -0.001799 0.000000
0.328268 -0.164834 0.182121 0.000000
0.455745 -0.024311 0.188548 0.000000
0.428116 0.209187 0.127491 0.000000
0.120449 -0.295563 0.169215 0.000000
0.394921 0.016244 0.273795 0.000000
0.397444 -0.210585 0.310955 0.000000
0.331286 0.110871 0.175002 0.000000
0.238550 -0.123837 0.133936 0.000000
0.436469 0.033165 0.087633 0.000000
0.367708 -0.073195 -0.042501 0.000000
0.289362 -0.914835 0.226256 0.000000
0.360003 -0.074837 0.292698 0.000000
0.397608 0.276881 0.192235 0.000000
0.344546 0.178974 0.093988 0.000000
0.492504 -0.148659 0.031666 0.000000
0.271553 -1.091869 0.282028 0.000000
0.324343 -0.373876 0.190150 0.000000
0.294880 -1.059114 0.203736 0.000000
0.401348 0.121184 0.059908 0.000000
0.256132 0.011876 0.314309 0.000000
0.363128 -0.506129 0.289379 0.000000
0.326452 0.358468 0.119369 0.000000
0.396883 0.143440 0.228846 0.000000
0.509007 -0.075652 0.143860 0.000000
0.528530 -0.037492 0.406928 0.000000
0.197544 -0.113446 0.407978 0.000000
0.194665 -0.233945 0.516241 0.000000
0.594321 -0.147033 0.113504 0.000000
0.322780 0.013276 0.053718 0.000000
0.323468 0.033406 0.160648 0.000000
0.333967 -0.487293 0.182736 0.000000
0.412441 0.466624 0.119719 0.000000
0.501038 -0.278094 -0.072086 0.000000
0.359376 0.057424 0.221611 0.000000
0.375646 -0.879186 0.446035 0.000000
0.392151 0.301228 0.123045 0.000000
0.488867 0.005265 0.129693 0.000000
0.349056 0.416538 0.157481 0.000000
0.019092 -0.451781 0.157923 0.000000
0.334764 0.231841 0.159919 0.000000
0.470436 -1.090193 0.160123 1.000000
-0.084573 -0.547565 0.125677 0.000000
0.336776 0.306704 0.168254 0.000000
0.327922 0.133975 0.245037 0.000000
0.533228 -0.225865 0.170853 0.000000
0.405905 -0.961431 0.559416 0.000000
0.310599 -0.978320 0.207860 0.000000
0.419406 0.140833 0.123414 0.000000
0.266877 -0.078208 0.175822 0.000000
0.328689 -0.629696 0.207624 0.000000
0.351711 -0.888595 0.228329 1.000000
0.277910 -0.125181 0.022779 0.000000
0.402445 0.211785 0.210507 0.000000
0.195334 -0.204103 -0.032165 0.000000
0.071320 -0.247117 -0.047532 0.000000
0.440673 0.036241 0.208825 0.000000
0.605297 -1.289199 0.116950 1.000000
0.345200 -0.757696 0.212660 0.000000
0.358566 -0.648805 0.317347 0.000000
0.555163 -1.191219 0.145507 1.000000
0.381705 -0.765639 0.384162 0.000000
0.429124 -0.069463 0.224110 0.000000
0.485230 -0.120656 0.181382 0.000000
0.390020 -0.957517 0.229976 1.000000
0.322461 -1.099931 0.243243 0.000000
0.321142 -0.226295 0.193036 0.000000
0.107649 -0.356503 0.167594 0.000000
0.387869 0.065732 0.035355 0.000000
0.154901 -0.245787 0.155983 0.000000
0.325985 -0.104086 0.187081 0.000000
0.335080 0.171028 0.167013 0.000000
0.536514 -0.116459 0.110034 0.000000
0.466868 0.060384 0.132195 0.000000
0.421711 0.163343 0.178297 0.000000
0.236753 -0.169141 0.172624 0.000000
0.250709 -1.053350 0.243086 0.000000
0.338277 -0.389194 0.247477 0.000000
0.429452 -0.011773 0.310568 0.000000
0.246663 -1.129434 0.245763 0.000000
0.324238 -0.430645 0.188033 0.000000
0.399685 0.175877 0.081727 0.000000
0.419906 -0.996104 0.172243 1.000000
0.328045 -0.333347 0.228539 0.000000
0.375915 -0.033826 0.258056 0.000000
0.397927 0.249636 0.103775 0.000000
0.409458 -0.172819 0.273314 0.000000
0.532277 -0.217419 0.117166 0.000000
0.444706 -0.016707 0.064581 0.000000
0.424473 0.085274 0.092998 0.000000
0.399159 0.090688 0.234955 0.000000
0.374530 0.396665 0.115334 0.000000
0.318846 -1.026035 0.237320 0.000000
0.341337 0.254655 0.208771 0.000000
0.330249 -1.161072 0.250302 0.000000
0.464089 0.114237 0.123385 0.000000
0.487337 -0.042809 0.110042 0.000000
0.342533 0.363084 0.167902 0.000000
0.381251 -0.031591 -0.015955 0.000000
0.267382 -0.969836 0.239604 0.000000
0.468084 -0.073513 0.187115 0.000000
0.295960 -0.006322 0.146462 0.000000
0.413953 0.237110 0.166463 0.000000
0.326927 0.223487 0.111470 0.000000
0.348188 0.132845 0.134310 0.000000
0.376137 0.347968 0.113560 0.000000
0.358304 -0.555866 0.284673 0.000000
0.403689 0.322699 0.165079 0.000000
0.424871 -0.999120 0.220721 1.000000
0.365937 0.453791 0.117492 0.000000
0.327416 0.138619 0.072249 0.000000
0.509172 -0.183993 0.003594 0.000000
0.235463 -0.103081 0.379851 0.000000
0.354553 -0.483969 0.247971 0.000000
0.266457 -1.138171 0.287771 0.000000
0.480482 -0.106708 0.050344 0.000000
0.308668 -0.863690 0.221097 0.000000
0.353326 -0.890523 0.181983 1.000000
0.492222 -0.033627 0.154692 0.000000
0.205027 -0.177688 0.140704 0.000000
0.263032 -0.028477 0.339180 0.000000
0.329412 0.164703 0.211634 0.000000
0.277930 -0.049525 0.142455 0.000000
0.361553 0.077581 0.180195 0.000000
0.338916 0.317732 0.104079 0.000000
0.509485 -1.173414 0.149238 1.000000
0.393726 0.413992 0.153481 0.000000
0.209338 -0.155211 0.420531 0.000000
0.291092 0.035995 0.300128 0.000000
0.331611 -0.927402 0.218790 0.000000
0.164169 -0.288410 0.167337 0.000000
0.291703 -1.063762 0.254130 0.000000
0.520804 -0.115955 0.155774 0.000000
0.335176 -0.332012 0.185974 0.000000
0.496058 -0.035568 0.378960 0.000000
0.406556 -0.899564 0.467608 0.000000
0.357699 -0.361124 0.215230 0.000000
0.389328 0.027793 0.233068 0.000000
0.184443 -0.200602 0.489797 0.000000
0.353629 -0.451612 0.275542 0.000000
0.295359 -1.103060 0.210926 0.000000
0.383272 -0.667297 0.345672 0.000000
0.481367 -1.061993 0.192172 1.000000
0.251909 -0.129046 0.172995 0.000000
0.562199 -0.045251 0.429881 0.000000
0.420186 0.124178 0.194883 0.000000
0.398657 -0.963143 0.188645 1.000000
0.299815 -0.021116 0.047801 0.000000
0.309010 0.051285 0.061547 0.000000
0.185824 -0.249184 0.553309 0.000000
0.444315 -1.035622 0.159771 1.000000
0.432815 0.077078 0.207778 0.000000
0.333825 -0.523121 0.202172 0.000000
0.326248 -0.001786 0.180658 0.000000
0.386538 -0.623845 0.332573 0.000000
0.488402 -1.128393 0.157494 1.000000
0.444042 0.172392 0.130458 0.000000
0.305575 -0.946744 0.244522 0.000000
0.627287 -0.167270 0.101390 0.000000
0.267097 -1.091549 0.239370 0.000000
0.322449 0.071654 0.172086 0.000000
0.273049 -1.021009 0.236555 0.000000
0.445484 -0.001234 0.221385 0.000000
0.408279 -0.857216 0.441080 0.000000
0.396510 0.210057 0.103496 0.000000
-0.015668 -0.471429 0.162586 0.000000
0.257800 -0.089261 0.139133 0.000000
0.386967 0.453993 0.150632 0.000000
0.290073 -0.025165 0.185735 0.000000
0.284328 -1.123975 0.255922 0.000000
0.371393 -0.928500 0.212169 1.000000
0.360900 -0.524613 0.255599 0.000000
0.325162 0.161672 0.123164 0.000000
0.461427 0.023944 0.149039 0.000000
0.306432 0.102139 0.245556 0.000000
0.344946 -0.598153 0.192859 0.000000
0.567901 -1.287754 0.123958 1.000000
0.051434 -0.426165 0.157704 0.000000
-0.060486 -0.524552 0.147205 0.000000
0.358618 -0.741293 0.359394 0.000000
0.356682 -0.598470 0.287653 0.000000
0.504551 -0.242785 -0.056440 0.000000
0.387461 0.285822 0.157271 0.000000
0.328765 -0.789860 0.201573 0.000000
0.426584 -0.986530 0.578046 0.000000
0.340281 0.411467 0.117711 0.000000
0.182795 -0.207559 0.146399 0.000000
0.366930 -0.823919 0.410634 0.000000
0.316949 -0.895501 0.242122 0.000000
0.350278 0.273323 0.177730 0.000000
0.406848 0.179142 0.122556 0.000000
0.415270 0.200539 0.172288 0.000000
0.318178 -0.890340 0.197387 0.000000
0.339760 -0.662508 0.194143 0.000000
0.134182 -0.329666 0.167744 0.000000
0.516991 -0.258307 0.180124 0.000000
0.375901 0.488360 0.125862 0.000000
0.358387 0.287653 0.112833 0.000000
0.441979 0.051228 0.175411 0.000000
0.570907 -1.222794 0.136049 1.000000
0.503720 -0.080088 0.108004 0.000000
0.463659 0.028645 0.112932 0.000000
0.350438 0.452213 0.150487 0.000000
0.425443 0.124396 0.091569 0.000000
0.588019 -1.254311 0.127665 1.000000
0.408348 -0.945340 0.527103 0.000000
-0.109899 -0.573191 0.125373 0.000000
0.296201 -0.094297 0.019954 0.000000
0.298359 -1.023467 0.205755 0.000000
0.531656 -0.190241 0.167032 0.000000
0.348817 0.219375 0.083463 0.000000
0.345533 0.222648 0.193470 0.000000
0.441584 -0.036501 0.218850 0.000000
0.423222 0.246289 0.128549 0.000000
0.400761 0.176690 0.215925 0.000000
0.357246 -0.688780 0.335003 0.000000
0.339815 -0.853797 0.206848 0.000000
0.441724 0.084055 0.123654 0.000000
0.263056 -0.153769 0.008705 0.000000
0.345599 -0.421678 0.259145 0.000000
0.272358 -1.038521 0.268854 0.000000
0.335736 0.168397 0.245859 0.000000
0.355365 0.252894 0.109569 0.000000
0.362747 -0.794045 0.391257 0.000000
0.534761 -1.217673 0.136141 1.000000
0.447826 0.009110 0.183710 0.000000
0.337616 -0.256135 0.185010 0.000000
0.313555 -1.132826 0.239625 0.000000
0.319698 -1.067624 0.232547 0.000000
0.336829 -0.459443 0.202229 0.000000
0.387420 0.472494 0.097303 0.000000
0.297598 -0.991161 0.236598 0.000000
0.381092 -0.003242 0.244276 0.000000
0.101478 -0.323348 0.173865 0.000000
0.186929 -0.251944 0.164663 0.000000
0.358564 -0.406604 0.226955 0.000000
0.072015 -0.362369 0.177959 0.000000
0.404045 0.243125 0.198773 0.000000
0.226145 -0.190031 -0.014533 0.000000
0.319530 -0.309897 0.205643 0.000000
0.304879 -0.945384 0.207464 0.000000
0.340473 -0.724633 0.213939 0.000000
0.162531 -0.210532 -0.037732 0.000000
0.451297 -1.066877 0.174484 1.000000
0.496561 -0.146966 0.164274 0.000000
0.607861 -1.324215 0.115852 1.000000
0.101914 -0.234260 -0.050012 0.000000
0.388866 -0.734837 0.374235 0.000000
0.398415 -0.788300 0.401707 0.000000
0.565034 -0.132522 0.115899 0.000000
0.359731 0.099730 0.156265 0.000000
0.340638 -0.402774 0.192463 0.000000
0.402215 0.332268 0.124678 0.000000
0.469297 -0.015027 0.113859 0.000000
0.433279 -0.097798 0.239131 0.000000
0.329314 0.202317 0.174526 0.000000
0.422148 0.156944 0.095735 0.000000
0.334193 -0.197150 0.196506 0.000000
0.389609 0.269029 0.127944 0.000000
0.289369 0.010377 0.319148 0.000000
0.394939 0.059216 0.232332 0.000000
0.236317 -0.012385 0.332689 0.000000
0.321613 0.192224 0.114372 0.000000
0.385319 0.344959 0.150364 0.000000
0.328804 -0.998754 0.224574 0.000000
0.389609 0.150258 0.066200 0.000000
0.330471 0.142229 0.179179 0.000000
0.385178 0.430594 0.126773 0.000000
0.390226 0.095075 0.046255 0.000000
0.363068 -0.618285 0.311699 0.000000
0.538592 -1.165229 0.157502 1.000000
0.405492 0.009155 0.302298 0.000000
0.224531 -0.126992 0.396605 0.000000
0.423907 0.109502 0.121136 0.000000
0.451383 0.142699 0.124539 0.000000
0.231228 -0.150819 0.148049 0.000000
0.394078 0.042666 0.015377 0.000000
0.349094 0.380955 0.123760 0.000000
0.434983 0.061563 0.075165 0.000000
0.326605 -0.073568 0.181662 0.000000
0.434300 0.137220 0.167397 0.000000
0.026374 -0.419528 0.174480 0.000000
0.523395 -0.195228 0.137791 0.000000
0.336300 0.063807 0.067977 0.000000
0.331807 -0.363985 0.231593 0.000000
0.378776 0.384191 0.147065 0.000000
0.447508 -0.023275 0.332140 0.000000
0.222598 -0.194479 0.163882 0.000000
0.332308 -0.133706 0.187654 0.000000
0.208553 -0.091221 0.387032 0.000000
0.342867 0.334158 0.157534 0.000000
0.382615 -0.903568 0.486827 0.000000
0.278684 -0.942660 0.228966 0.000000
0.086505 -0.384787 0.164878 0.000000
0.277421 0.053736 0.280647 0.000000
0.276890 -0.131633 -0.006125 0.000000
0.323673 -0.970216 0.233060 0.000000
0.399426 0.116032 0.218455 0.000000
0.312547 0.038055 0.187554 0.000000
0.430659 -1.013381 0.193443 1.000000
0.450304 -0.045240 0.060841 0.000000
0.292946 -1.043419 0.233068 0.000000
0.446501 0.005814 0.083235 0.000000
0.139074 -0.273749 0.163512 0.000000
0.297148 -1.087340 0.236012 0.000000
0.280564 -0.050387 0.171444 0.000000
0.408242 0.266497 0.163407 0.000000
0.324723 0.105748 0.267788 0.000000
0.189359 -0.151250 0.441127 0.000000
0.240455 -1.101421 0.249259 0.000000
0.383806 -0.848845 0.428188 0.000000
0.304415 0.011708 0.167595 0.000000
0.338144 0.389245 0.156981 0.000000
0.368668 -0.532225 0.299912 0.000000
0.259535 -0.996882 0.244240 0.000000
0.394087 0.303926 0.183945 0.000000
0.521738 -0.096601 0.123562 0.000000
0.412018 -0.148888 0.258685 0.000000
0.375424 -0.559147 0.311848 0.000000
0.357414 -0.904909 0.205988 1.000000
0.371603 -0.056620 0.273563 0.000000
0.354695 -0.333998 0.205703 0.000000
0.403351 -0.198335 0.286916 0.000000
0.476197 -0.012261 0.148704 0.000000
0.263933 0.033235 0.298273 0.000000
0.295751 -0.888094 0.226618 0.000000
0.258211 -0.102243 0.163127 0.000000
0.509253 -1.116469 0.170866 1.000000
0.267733 -1.070989 0.265051 0.000000
0.348969 0.246416 0.180880 0.000000
0.391054 0.371842 0.126441 0.000000
0.285116 -1.095207 0.258971 0.000000
0.304385 0.058326 0.293544 0.000000
0.328839 0.257263 0.166949 0.000000
0.356877 -0.914167 0.234357 1.000000
0.443313 0.057983 0.118020 0.000000
0.233359 -0.034121 0.347757 0.000000
0.312828 -0.921750 0.240059 0.000000
0.349836 -0.457711 0.247600 0.000000
0.483010 0.030667 0.132539 0.000000
0.340240 0.195922 0.204276 0.000000
0.412809 0.279171 0.121970 0.000000
0.346748 -0.879248 0.204446 1.000000
0.342357 0.203248 0.102843 0.000000
0.004285 -0.469493 0.146185 0.000000
0.347123 -0.383523 0.223828 0.000000
0.369779 -0.047159 -0.033128 0.000000
0.385244 -0.008249 -0.000128 0.000000
0.379716 0.032616 0.256504 0.000000
0.529333 -1.192511 0.137580 1.000000
0.289676 -0.030640 0.157602 0.000000
0.507019 -1.146576 0.153524 1.000000
0.313427 -0.913962 0.206317 0.000000
0.372630 0.475214 0.148863 0.000000
0.396803 -0.694908 0.366193 0.000000
0.339354 0.118304 0.082147 0.000000
0.419351 -0.962546 0.582792 0.000000
0.298207 -1.112765 0.236599 0.000000
0.492711 -0.123555 0.034989 0.000000
0.467175 -0.046101 0.194329 0.000000
0.274872 -0.009214 0.327998 0.000000
0.331281 0.247233 0.102576 0.000000
0.326392 -0.741744 0.201922 0.000000
0.265654 -1.114603 0.269935 0.000000
0.466146 -0.084419 0.055097 0.000000
0.473195 -0.098599 0.181588 0.000000
0.379130 0.322789 0.121822 0.000000
0.333945 0.165324 0.075802 0.000000
0.387531 -0.947826 0.206977 1.000000
0.365907 -0.576733 0.296716 0.000000
0.374990 0.431676 0.149651 0.000000
0.373788 -0.644759 0.337629 0.000000
0.323250 0.295809 0.106909 0.000000
0.227744 -0.078819 0.372770 0.000000
0.501092 -0.044695 0.134275 0.000000
0.405850 -0.921113 0.479891 0.000000
0.418129 0.198289 0.106290 0.000000
0.258457 -0.049991 0.351583 0.000000
0.349328 0.153650 0.120991 0.000000
0.363196 0.425828 0.116623 0.000000
0.330971 -0.581725 0.207271 0.000000
0.297423 -1.016883 0.229533 0.000000
0.507773 -0.160753 0.011052 0.000000
0.337588 -0.449205 0.179426 0.000000
0.360539 -0.913269 0.176825 1.000000
0.271284 -1.067618 0.237066 0.000000
0.337711 0.230016 0.215373 0.000000
0.386999 0.320846 0.147360 0.000000
0.086573 -0.342391 0.176660 0.000000
-0.001868 -0.453339 0.171205 0.000000
0.334496 -0.499066 0.205581 0.000000
0.508275 -0.196001 -0.019987 0.000000
0.341539 0.116606 0.151066 0.000000
0.321944 -0.012312 0.043563 0.000000
0.434110 0.072434 0.183969 0.000000
0.312228 0.130657 0.226975 0.000000
0.426514 0.098872 0.199535 0.000000
0.339406 -0.540256 0.186204 0.000000
0.355946 -0.532811 0.278329 0.000000
0.348148 -0.684644 0.200297 0.000000
0.382818 -0.893617 0.464990 0.000000
0.327762 -0.894705 0.218903 0.000000
0.334618 0.282893 0.193120 0.000000
0.488524 -1.097321 0.173981 1.000000
0.463246 0.086094 0.133745 0.000000
0.353526 -0.475405 0.274005 0.000000
0.143720 -0.300509 0.168524 0.000000
0.302682 -0.972307 0.250154 0.000000
0.401510 -0.881557 0.452958 0.000000
0.188730 -0.227173 0.158396 0.000000
0.196936 -0.135004 0.420433 0.000000
-0.066863 -0.531871 0.125323 0.000000
0.271688 -0.068938 0.154630 0.000000
0.404581 0.203627 0.124884 0.000000
0.334108 -0.354629 0.199731 0.000000
0.513932 -0.093773 0.159847 0.000000
0.340440 0.341175 0.111707 0.000000
0.527416 -0.137743 0.161650 0.000000
0.305256 -1.002097 0.213024 0.000000
0.506701 -0.174064 0.152920 0.000000
0.355404 0.068737 0.201424 0.000000
0.341075 -0.801654 0.218709 0.000000
0.438809 -0.012428 0.202037 0.000000
0.336971 -0.306177 0.190615 0.000000
0.369340 0.370842 0.118403 0.000000
0.332787 0.393644 0.134212 0.000000
0.364205 -0.666479 0.331074 0.000000
0.389755 0.356910 0.169591 0.000000
0.343163 0.091229 0.177110 0.000000
0.193052 -0.220723 0.497005 0.000000
0.286983 -0.111545 0.006608 0.000000
0.406688 0.297995 0.160392 0.000000
0.285282 -0.968472 0.225359 0.000000
0.272950 -1.046849 0.246604 0.000000
0.167467 -0.263955 0.163639 0.000000
0.446987 0.031741 0.187027 0.000000
0.203562 -0.203787 0.155190 0.000000
0.499253 -0.055905 0.154097 0.000000
0.223471 -0.171471 0.153985 0.000000
0.346079 -0.644471 0.207166 0.000000
0.187715 -0.265605 0.569009 0.000000
0.382590 0.466678 0.127826 0.000000
0.330439 0.152133 0.230821 0.000000
0.438560 0.019609 0.066952 0.000000
0.254497 -1.029721 0.246424 0.000000
0.402940 -0.954383 0.168141 1.000000
0.419001 -0.992561 0.194622 1.000000
0.346285 -0.425664 0.235207 0.000000
0.321559 -0.946918 0.224075 0.000000
0.303167 0.002102 0.054289 0.000000
0.326610 0.020593 0.183528 0.000000
0.347454 0.229478 0.104321 0.000000
-0.047502 -0.516308 0.130731 0.000000
0.443419 0.111694 0.132094 0.000000
0.358195 -0.502952 0.267681 0.000000
-0.013554 -0.484066 0.144140 0.000000
0.436691 0.056436 0.199926 0.000000
0.328130 -0.603949 0.206707 0.000000
0.409557 -0.003386 0.284196 0.000000
0.338199 0.184432 0.223992 0.000000
0.207099 -0.172439 0.434604 0.000000
0.480852 -0.030118 0.363513 0.000000
0.328200 -0.508627 0.186028 0.000000
0.427863 -0.979986 0.599348 0.000000
0.314344 -0.034647 0.037658 0.000000
0.433438 -0.006274 0.335211 0.000000
0.322176 -0.269247 0.194139 0.000000
0.300374 -0.010740 0.172441 0.000000
0.431160 -1.028664 0.176162 1.000000
0.326256 -0.850603 0.224025 0.000000
0.325344 -0.764711 0.206081 0.000000
0.413789 0.176822 0.100374 0.000000
0.327156 -0.811840 0.200743 0.000000
0.392068 0.238501 0.168692 0.000000
0.328016 0.141647 0.133156 0.000000
0.356341 0.297218 0.171624 0.000000
0.291093 -1.012243 0.252007 0.000000
0.328538 -0.249595 0.203942 0.000000
0.291328 -1.066653 0.228089 0.000000
0.294938 -1.080651 0.208135 0.000000
0.503409 -1.137300 0.174709 1.000000
0.375994 0.043098 0.222363 0.000000
0.399701 -0.968188 0.209948 1.000000
0.465502 0.006532 0.114851 0.000000
0.472052 -1.075481 0.177719 1.000000
0.454610 -1.045816 0.179017 1.000000
0.415375 0.144999 0.190644 0.000000
0.460580 -0.031708 0.074468 0.000000
0.585953 -1.275594 0.123513 1.000000
0.332932 -0.548498 0.206346 0.000000
0.427970 0.181146 0.167531 0.000000
0.441669 0.014694 0.206236 0.000000
0.395512 0.197164 0.081940 0.000000
0.215276 -0.191116 -0.033263 0.000000
0.294082 0.085831 0.252724 0.000000
0.327534 -0.675802 0.206087 0.000000
0.399856 0.396044 0.143129 0.000000
0.306818 0.027210 0.057909 0.000000
0.362789 0.307957 0.106983 0.000000
-0.029361 -0.487827 0.159515 0.000000
0.186325 -0.235849 0.536054 0.000000
0.337704 0.281428 0.162202 0.000000
0.586945 -1.300165 0.119641 1.000000
0.327646 0.128488 0.162461 0.000000
0.341224 0.197857 0.082038 0.000000
0.337605 -0.422042 0.202508 0.000000
0.329371 -0.873272 0.218649 0.000000
0.297255 -1.128755 0.212223 0.000000
0.242472 -0.132222 0.153994 0.000000
0.250195 -0.108894 0.143999 0.000000
0.397958 0.229894 0.095520 0.000000
0.340963 -0.347598 0.218743 0.000000
0.336718 -0.323924 0.211057 0.000000
0.330070 -0.021648 0.187301 0.000000
0.344442 -0.778861 0.214611 0.000000
0.492566 -0.062695 0.115297 0.000000
0.492280 -0.021791 0.137099 0.000000
0.383918 -0.949207 0.180211 1.000000
0.325127 -1.044396 0.228901 0.000000
0.328665 0.051804 0.175792 0.000000
0.264941 -0.148105 -0.011738 0.000000
0.432653 0.114142 0.178579 0.000000
0.303911 -0.074606 0.020091 0.000000
0.386354 -0.829997 0.418385 0.000000
0.316125 0.086934 0.274784 0.000000
0.344593 -0.617588 0.201153 0.000000
0.432001 0.053412 0.094254 0.000000
0.328690 -0.835426 0.203761 0.000000
0.402212 -0.944787 0.546955 0.000000
0.276138 -0.988003 0.234597 0.000000
0.068577 -0.405405 0.162580 0.000000
0.517376 -0.118832 0.135514 0.000000
-0.044675 -0.511691 0.151820 0.000000
0.031745 -0.435534 0.162454 0.000000
0.045618 -0.409001 0.170253 0.000000
0.394257 0.481010 0.118489 0.000000
0.185445 -0.179079 0.468395 0.000000
0.339395 0.175094 0.113552 0.000000
0.389296 -0.865350 0.439261 0.000000
0.406032 0.258827 0.120929 0.000000
0.569438 -1.263475 0.125232 1.000000
0.394976 0.351338 0.127124 0.000000
0.296828 -0.041414 0.048219 0.000000
0.375000 -0.606301 0.323289 0.000000
0.438078 0.190815 0.123849 0.000000
0.468077 0.041640 0.141312 0.000000
0.321481 0.093057 0.173192 0.000000
0.295856 -0.992703 0.256846 0.000000
0.385302 0.283471 0.114230 0.000000
0.392047 -0.934177 0.518526 0.000000
0.323287 0.111549 0.071628 0.000000
0.324595 0.038237 0.060690 0.000000
-0.075339 -0.539866 0.142080 0.000000
0.430386 0.157922 0.122564 0.000000
0.420348 0.104933 0.096108 0.000000
0.392826 0.017408 0.253442 0.000000
0.380715 -0.798108 0.399994 0.000000
0.218812 -0.108632 0.390027 0.000000
0.315038 0.071744 0.065396 0.000000
0.387509 0.410447 0.126758 0.000000
0.013098 -0.440040 0.174425 0.000000
0.378211 -0.941275 0.227293 1.000000
0.377799 -0.934973 0.193737 1.000000
0.646081 -0.169981 0.094353 0.000000
0.399185 -0.767735 0.394157 0.000000
0.214142 -0.138867 0.409276 0.000000
0.306539 -1.037562 0.219270 0.000000
0.309951 -0.903076 0.223599 0.000000
0.373231 -0.727069 0.363119 0.000000
0.554194 -1.211242 0.142886 1.000000
0.611186 -0.156814 0.108322 0.000000
0.348912 0.408231 0.135652 0.000000
0.239814 -0.150294 0.166273 0.000000
0.549353 -1.230655 0.131439 1.000000
0.324562 -0.186644 0.182349 0.000000
0.274773 0.019703 0.308361 0.000000
0.406623 -0.941510 0.496530 0.000000
0.334069 0.121391 0.259323 0.000000
0.345300 -0.703786 0.205339 0.000000
0.355943 0.270764 0.100672 0.000000
0.302641 -0.962636 0.217424 0.000000
0.416313 -0.958998 0.542594 0.000000
0.114840 -0.337534 0.169745 0.000000
0.291474 -0.929016 0.240017 0.000000
0.332269 -0.211296 0.182696 0.000000
0.291295 -0.082468 0.035134 0.000000
0.297326 -0.909761 0.243709 0.000000
0.333940 -0.479067 0.202030 0.000000
0.522285 -0.212327 0.161344 0.000000
0.089917 -0.365576 0.170106 0.000000
-0.094386 -0.561375 0.135815 0.000000
0.346608 0.433736 0.144725 0.000000
0.263915 -1.120731 0.241809 0.000000
0.568736 -1.242115 0.132760 1.000000
0.337515 0.148613 0.085912 0.000000
0.402237 0.221976 0.172087 0.000000
0.482114 -1.074495 0.158171 1.000000
0.345423 -0.833821 0.213813 0.000000
0.405751 0.186978 0.182679 0.000000
0.403771 0.157382 0.215150 0.000000
0.330426 -0.655875 0.209969 0.000000
0.119163 -0.315614 0.170977 0.000000
0.419236 0.226551 0.127423 0.000000
0.195236 -0.198216 0.466034 0.000000
0.381868 0.364074 0.148938 0.000000
0.218962 -0.060756 0.366653 0.000000
0.365622 -0.599326 0.307761 0.000000
0.370903 -0.631569 0.323676 0.000000
0.300641 -1.147017 0.236728 0.000000
0.370662 0.054878 0.206055 0.000000
0.337434 0.095301 0.075174 0.000000
0.351358 -0.438550 0.250045 0.000000
0.288747 -0.955360 0.240290 0.000000
0.413815 0.136059 0.101754 0.000000
0.512670 -0.097415 0.140646 0.000000
0.530174 -0.244711 0.176109 0.000000
0.346150 -0.407838 0.242709 0.000000
0.255552 -0.009518 0.328784 0.000000
0.406334 0.238448 0.117106 0.000000
0.515551 -0.276595 0.186324 0.000000
0.377995 0.407969 0.144083 0.000000
0.324477 -0.411282 0.186289 0.000000
0.502537 -0.259885 -0.065110 0.000000
0.503968 -0.230529 -0.041581 0.000000
0.307129 -0.934208 0.223391 0.000000
0.393982 0.338008 0.171512 0.000000
0.476006 0.013350 0.141385 0.000000
0.432674 0.041671 0.070898 0.000000
0.187087 -0.165484 0.453728 0.000000
0.272620 -1.138423 0.251375 0.000000
0.342025 -0.467148 0.184391 0.000000
0.247574 -1.072219 0.243107 0.000000
0.351374 -0.317677 0.195654 0.000000
0.391336 0.391841 0.124919 0.000000
0.346201 0.362328 0.121330 0.000000
0.392965 0.258553 0.199418 0.000000
0.325398 -0.714459 0.205764 0.000000
0.502817 -1.122641 0.146597 1.000000
0.391122 -0.717404 0.367123 0.000000
0.354355 0.398413 0.153509 0.000000
0.326445 0.186966 0.161525 0.000000
0.245511 -0.076981 0.366527 0.000000
0.437576 0.130077 0.127175 0.000000
0.333767 -0.386699 0.200313 0.000000
0.331411 -0.152451 0.196010 0.000000
0.332109 -0.282826 0.185691 0.000000
0.435072 0.080118 0.078339 0.000000
0.520552 -1.160902 0.160537 1.000000
0.172544 -0.239488 0.157466 0.000000
0.442565 -0.077343 0.234498 0.000000
0.537777 -1.183505 0.153680 1.000000
0.372407 -0.682315 0.343758 0.000000
0.416598 0.001348 0.315011 0.000000
0.416523 0.190865 0.133266 0.000000
0.349322 0.245305 0.093706 0.000000
0.358671 -0.546147 0.265676 0.000000
0.338173 0.100032 0.161553 0.000000
0.280273 -1.079416 0.248159 0.000000
0.467367 -0.031574 0.350946 0.000000
0.183865 -0.214541 0.511795 0.000000
0.319373 0.114847 0.249076 0.000000
0.306439 -1.099621 0.225834 0.000000
0.402215 0.062224 0.024287 0.000000
0.308528 -1.080008 0.223479 0.000000
0.431392 -1.010534 0.172243 1.000000
0.240091 -0.176473 -0.008576 0.000000
0.455677 -0.062770 0.059372 0.000000
0.419578 0.219158 0.166652 0.000000
0.395905 0.076004 0.224377 0.000000
0.349262 0.470222 0.145786 0.000000
0.391628 0.381112 0.159788 0.000000
-0.120885 -0.588192 0.124927 0.000000
0.332168 -0.441836 0.200948 0.000000
0.521749 -0.142606 0.143293 0.000000
0.343758 0.263306 0.192893 0.000000
0.423253 -0.973996 0.565217 0.000000
0.297462 -0.984571 0.219599 0.000000
0.448573 0.040585 0.119358 0.000000
0.367801 0.472429 0.118872 0.000000
0.438803 -0.054035 0.223651 0.000000
0.255464 -0.111118 0.178638 0.000000
0.336031 0.150658 0.249339 0.000000
0.461077 -1.056400 0.163463 1.000000
0.524111 -0.178319 0.155160 0.000000
0.285226 -0.108878 0.025360 0.000000
0.306008 -1.056066 0.234744 0.000000
0.477492 0.045765 0.124434 0.000000
0.319731 -0.858517 0.207914 0.000000
0.387665 0.303764 0.156595 0.000000
0.382949 -0.781838 0.392753 0.000000
0.334745 -0.236939 0.188207 0.000000
0.333499 0.373123 0.127914 0.000000
0.270689 -1.020937 0.254313 0.000000
0.322739 -0.341172 0.195041 0.000000
0.336837 -0.384867 0.182819 0.000000
0.344219 -0.741406 0.202774 0.000000
0.454100 0.126257 0.132727 0.000000
0.312285 -1.020676 0.219602 0.000000
0.401814 0.193968 0.211657 0.000000
0.345880 0.241357 0.197802 0.000000
0.611801 -1.306844 0.115858 1.000000
0.279732 -1.004780 0.239496 0.000000
0.264130 -0.084944 0.156461 0.000000
0.340282 0.316681 0.153976 0.000000
0.272236 -1.056028 0.273428 0.000000
0.339912 -0.634454 0.193965 0.000000
0.345177 -0.554999 0.194071 0.000000
0.218522 -0.159392 0.139262 0.000000
0.322929 0.316081 0.111416 0.000000
0.392714 -0.910467 0.474082 0.000000
0.433265 -1.000222 0.205244 1.000000
0.395435 0.317109 0.130610 0.000000
0.254896 -0.161029 -0.005135 0.000000
0.401879 0.155133 0.077877 0.000000
0.338463 -0.363164 0.184947 0.000000
0.119038 -0.234973 -0.046113 0.000000
0.402906 0.133476 0.215687 0.000000
0.400579 0.083626 0.037860 0.000000
0.313108 -0.885381 0.226860 0.000000
0.309310 -1.004853 0.234183 0.000000
0.505081 -0.062131 0.133402 0.000000
0.365399 0.331619 0.115423 0.000000
0.341884 0.295537 0.181345 0.000000
0.231824 -0.179880 -0.027589 0.000000
0.381619 0.445995 0.134238 0.000000
0.449453 -0.011619 0.345022 0.000000
0.394629 0.043014 0.239830 0.000000
0.318197 -1.115772 0.237295 0.000000
0.315786 -0.987446 0.227239 0.000000
0.071832 -0.379524 0.172671 0.000000
0.328560 0.153457 0.166020 0.000000
0.263569 -0.095075 0.178475 0.000000
0.323649 -0.472678 0.189551 0.000000
0.350624 0.378789 0.163062 0.000000
0.315417 -1.084070 0.242779 0.000000
0.271449 -0.138696 0.009869 0.000000
0.342413 0.212690 0.207882 0.000000
0.447664 -1.029112 0.183651 1.000000
0.088493 -0.246351 -0.049145 0.000000
0.381832 -0.013909 -0.016064 0.000000
0.310437 0.073886 0.284955 0.000000
0.389173 0.133346 0.060926 0.000000
0.390384 -0.642138 0.341413 0.000000
0.485718 -1.094706 0.153605 1.000000
0.405087 0.251013 0.171394 0.000000
0.324608 -0.319470 0.192281 0.000000
0.179672 -0.209075 -0.037623 0.000000
0.339790 -0.419630 0.185649 0.000000
0.311329 0.094481 0.260120 0.000000
0.482421 -0.089093 0.057901 0.000000
0.432837 0.156255 0.167338 0.000000
0.330501 0.079235 0.074606 0.000000
0.332290 -0.173759 0.196158 0.000000
0.245896 -0.025427 0.340012 0.000000
0.272092 0.005907 0.318115 0.000000
0.461870 -1.074144 0.163209 1.000000
0.480762 -0.026757 0.109097 0.000000
0.441754 0.001786 0.067335 0.000000
0.309507 0.021366 0.185619 0.000000
0.374175 0.039881 0.242086 0.000000
0.456918 -0.007493 0.191217 0.000000
0.418478 -0.007161 0.298355 0.000000
0.549935 -0.121198 0.119378 0.000000
0.532962 -0.207778 0.131150 0.000000
0.340682 -0.269898 0.196117 0.000000
0.479325 -0.128185 0.044349 0.000000
0.424467 -0.112085 0.241658 0.000000
0.255937 -0.064849 0.359385 0.000000
0.149351 -0.220300 -0.042441 0.000000
0.391523 0.263755 0.162557 0.000000
0.489579 -0.132652 0.169981 0.000000
0.335008 0.207221 0.159372 0.000000
0.356844 -0.633268 0.306928 0.000000
0.445373 -0.020068 0.217742 0.000000
0.342537 -0.861492 0.221636 0.000000
0.334630 -0.088002 0.178185 0.000000
0.487582 -0.021158 0.376947 0.000000
0.323840 -0.535183 0.190112 0.000000
0.522519 -1.166180 0.141451 1.000000
0.581602 -0.137494 0.118966 0.000000
0.508633 -0.157940 0.160250 0.000000
0.384238 -0.815551 0.410073 0.000000
0.343911 0.350836 0.155930 0.000000
0.289772 -1.027700 0.239816 0.000000
0.427254 0.089981 0.185342 0.000000
0.376773 -0.018725 0.250832 0.000000
0.401136 0.106774 0.051254 0.000000
0.317390 -0.920090 0.223731 0.000000
0.373182 -0.865529 0.434910 0.000000
0.397450 0.334352 0.154893 0.000000
0.622942 -1.334315 0.115239 1.000000
0.322307 -0.146071 0.182657 0.000000
0.298424 -1.132757 0.228361 0.000000
0.322444 -0.966412 0.216887 0.000000
0.314569 0.016776 0.155402 0.000000
0.367186 -0.551280 0.297994 0.000000
0.400499 0.226993 0.204019 0.000000
0.310824 0.036581 0.171088 0.000000
0.342068 -0.575596 0.196539 0.000000
0.318494 -0.875448 0.204714 0.000000
0.333515 -0.217012 0.199034 0.000000
0.386023 0.049871 0.027963 0.000000
0.308884 -0.049008 0.026592 0.000000
0.328654 -0.059344 0.189840 0.000000
0.455497 0.100473 0.130896 0.000000
0.400781 0.205089 0.178800 0.000000
0.293436 0.057531 0.279221 0.000000
0.541242 -1.201212 0.145000 1.000000
0.336823 -0.774729 0.199768 0.000000
0.428555 0.142620 0.090717 0.000000
0.427195 -0.084907 0.229492 0.000000
0.361034 -0.915233 0.218281 1.000000
0.355269 -0.470995 0.258267 0.000000
0.389123 0.027420 0.011874 0.000000
0.327203 -0.587372 0.192345 0.000000
0.302978 -0.949688 0.228608 0.000000
0.427623 0.178214 0.123646 0.000000
0.328030 -0.616918 0.196727 0.000000
0.324181 -0.297092 0.196639 0.000000
0.390102 0.397385 0.156154 0.000000
0.479930 -0.085913 0.189298 0.000000
0.264110 -1.038766 0.235553 0.000000
0.427667 0.068448 0.089783 0.000000
0.209901 -0.123652 0.405166 0.000000
0.360123 -0.517287 0.275131 0.000000
0.151731 -0.263291 0.159568 0.000000
0.426222 0.136421 0.182128 0.000000
0.512943 -0.073052 0.159399 0.000000
0.372721 0.412829 0.118560 0.000000
0.334029 0.167903 0.229571 0.000000
0.418437 -1.008929 0.183777 1.000000
0.250216 -0.118529 0.157566 0.000000
0.288705 -0.972068 0.240705 0.000000
0.223623 -0.091893 0.381265 0.000000
0.332386 0.080624 0.182703 0.000000
0.460512 -0.059412 0.185364 0.000000
0.297399 -1.039514 0.205057 0.000000
0.343741 0.162521 0.091072 0.000000
0.289570 -1.048992 0.247724 0.000000
0.334535 0.289360 0.097542 0.000000
0.398167 0.100441 0.221838 0.000000
0.210460 -0.188315 0.151363 0.000000
0.467569 -1.060787 0.184175 1.000000
0.242977 -0.046244 0.352768 0.000000
0.348805 0.079142 0.189666 0.000000
0.368568 -0.923210 0.188180 1.000000
0.276402 -1.058195 0.257268 0.000000
0.299545 -1.051801 0.220758 0.000000
0.329991 -0.910024 0.222670 0.000000
0.326344 0.206774 0.109986 0.000000
0.338637 0.244766 0.168336 0.000000
0.337950 -0.524469 0.184969 0.000000
0.360013 -0.498894 0.247423 0.000000
0.306155 -0.929543 0.207112 0.000000
0.405708 0.293106 0.124707 0.000000
0.345352 -0.367128 0.223951 0.000000
0.002989 -0.457492 0.156471 0.000000
0.391275 0.165352 0.070729 0.000000
0.443671 -0.979753 0.598752 0.000000
0.409500 -0.961070 0.526027 0.000000
0.516387 -0.033312 0.397712 0.000000
0.340717 -0.800115 0.200443 0.000000
0.340906 0.260370 0.157251 0.000000
0.339520 -0.821159 0.203775 0.000000
0.285415 0.071920 0.265065 0.000000
0.517307 -1.145377 0.167956 1.000000
0.336287 -0.690151 0.210156 0.000000
0.400865 0.124684 0.231482 0.000000
0.536554 -0.209997 0.167460 0.000000
0.357965 -0.904319 0.189449 1.000000
0.396371 0.271254 0.113982 0.000000
0.287445 -0.036456 0.173479 0.000000
0.273798 -0.064157 0.176126 0.000000
0.134534 -0.313248 0.169090 0.000000
0.327003 -0.455458 0.190708 0.000000
0.446880 0.060438 0.187084 0.000000
0.437009 0.041890 0.194183 0.000000
0.372269 0.452554 0.145542 0.000000
0.134140 -0.288237 0.167338 0.000000
0.406048 0.188680 0.108558 0.000000
0.330246 -0.982299 0.224512 0.000000
0.462605 -0.049272 0.069521 0.000000
0.397869 0.351114 0.157619 0.000000
0.435311 0.099183 0.123608 0.000000
0.181413 -0.264068 0.554555 0.000000
0.450635 0.071701 0.120470 0.000000
0.422129 0.124920 0.122087 0.000000
0.351857 -0.891435 0.212629 1.000000
0.466972 -0.098995 0.049765 0.000000
0.182972 -0.226220 0.522943 0.000000
0.327255 -0.349632 0.235400 0.000000
0.402729 0.223966 0.109042 0.000000
0.520391 -0.234633 0.169543 0.000000
0.402559 -0.183393 0.282287 0.000000
0.387797 0.116188 0.054317 0.000000
0.338913 -0.378123 0.236670 0.000000
0.281167 -1.109122 0.252963 0.000000
0.371279 0.438892 0.118385 0.000000
0.390867 -0.916218 0.490082 0.000000
0.409009 0.150861 0.101100 0.000000
0.436492 0.018412 0.083091 0.000000
0.524347 -1.180601 0.146592 1.000000
0.347982 -0.395091 0.233974 0.000000
0.327882 0.330662 0.111427 0.000000
0.368972 -0.516164 0.299478 0.000000
0.511674 -0.092557 0.112652 0.000000
0.319644 -0.241564 0.194033 0.000000
0.367246 -0.915930 0.201745 1.000000
0.296003 -0.016660 0.158285 0.000000
0.323855 -0.121341 0.184264 0.000000
0.469729 -1.097379 0.173678 1.000000
0.494323 -1.114235 0.168201 1.000000
0.338025 0.133562 0.082327 0.000000
0.337480 -0.433891 0.179600 0.000000
0.582508 -0.050448 0.445502 0.000000
0.455945 -0.040462 0.185626 0.000000
0.338233 0.182867 0.080625 0.000000
0.440367 -0.012501 0.321176 0.000000
0.338765 0.217746 0.099884 0.000000
0.504337 -1.132116 0.158413 1.000000
0.149351 -0.284186 0.167562 0.000000
0.395452 0.211271 0.088386 0.000000
0.339482 0.189095 0.107667 0.000000
0.336414 -0.347127 0.185582 0.000000
0.334036 -0.369881 0.201099 0.000000
0.330933 -0.785253 0.217110 0.000000
0.330382 -0.602199 0.191815 0.000000
0.230574 -0.181981 0.167504 0.000000
0.358252 -0.486430 0.264768 0.000000
0.333541 -0.745989 0.214566 0.000000
0.370061 -0.573285 0.312169 0.000000
0.324994 0.033786 0.175667 0.000000
0.324553 -0.025074 0.173686 0.000000
0.225992 -0.043089 0.357386 0.000000
0.340708 -0.669062 0.208989 0.000000
0.438784 -1.041399 0.178804 1.000000
0.205986 -0.104214 0.396604 0.000000
0.450339 -0.012126 0.077775 0.000000
0.387639 0.286169 0.128859 0.000000
0.326490 0.258933 0.110707 0.000000
0.418302 -0.162374 0.267101 0.000000
0.272294 -1.087369 0.259002 0.000000
0.238302 -0.090221 0.372631 0.000000
0.336559 0.260271 0.097360 0.000000
0.292241 -1.097848 0.245463 0.000000
0.338022 -0.757526 0.199535 0.000000
0.392742 0.296958 0.168912 0.000000
-0.099131 -0.560388 0.121665 0.000000
0.359293 -0.493360 0.282605 0.000000
-0.038926 -0.498168 0.154537 0.000000
0.318601 -0.861763 0.232082 0.000000
0.337380 -0.717800 0.197503 0.000000
0.335699 -0.563272 0.204423 0.000000
0.398144 0.196886 0.096699 0.000000
0.198442 -0.157858 0.430360 0.000000
0.355212 -0.902464 0.224161 1.000000
0.365314 -0.717686 0.354684 0.000000
0.532603 -0.106344 0.120643 0.000000
0.282549 -0.048755 0.156788 0.000000
0.340277 0.304153 0.098161 0.000000
0.397550 0.013992 0.290706 0.000000
0.385962 0.008661 0.009703 0.000000
0.359777 -0.421886 0.230344 0.000000
0.292651 0.048527 0.292359 0.000000
0.101411 -0.343141 0.172579 0.000000
0.530683 -0.155077 0.163113 0.000000
0.443310 -1.021691 0.196741 1.000000
0.364537 -0.524121 0.287849 0.000000
0.397710 0.380947 0.145617 0.000000
0.408591 0.313333 0.154799 0.000000
0.521612 -0.127562 0.146615 0.000000
0.289146 0.022462 0.310109 0.000000
0.326854 -0.495194 0.192929 0.000000
0.352321 -0.448178 0.261283 0.000000
0.292129 -1.100619 0.230939 0.000000
0.336359 -0.868871 0.204115 0.000000
0.336649 0.138093 0.256906 0.000000
0.416647 -0.136455 0.252409 0.000000
0.415804 0.176742 0.179624 0.000000
0.308834 -1.067531 0.243437 0.000000
0.321699 -0.942915 0.209973 0.000000
0.323938 0.138953 0.229950 0.000000
0.442645 0.157894 0.132066 0.000000
0.322337 -0.089921 0.185911 0.000000
0.232143 -0.134945 0.143975 0.000000
0.290336 -0.931659 0.225663 0.000000
0.474427 -0.016745 0.368983 0.000000
0.342067 -0.493563 0.193189 0.000000
0.290361 -0.066687 0.043522 0.000000
0.322488 0.059028 0.068453 0.000000
0.420968 -0.989614 0.210334 1.000000
0.436663 0.144616 0.126146 0.000000
0.416916 0.254762 0.163023 0.000000
0.391829 -0.960657 0.175849 1.000000
0.387177 0.002994 -0.009208 0.000000
0.362571 0.347978 0.118848 0.000000
0.422449 0.195702 0.120887 0.000000
0.319594 0.124417 0.237855 0.000000
0.400000 -0.199884 0.301459 0.000000
0.039736 -0.423553 0.165873 0.000000
0.430769 0.096829 0.086941 0.000000
0.482472 -0.001757 0.140951 0.000000
0.387720 0.329173 0.135543 0.000000
0.365190 -0.063253 0.285775 0.000000
0.438392 0.022680 0.194307 0.000000
0.195769 -0.167592 0.442373 0.000000
0.327570 -0.394050 0.189556 0.000000
0.354776 0.116382 0.145342 0.000000
0.388264 0.009133 0.242459 0.000000
0.523971 -0.198415 0.157974 0.000000
0.456574 0.052322 0.117190 0.000000
0.177882 -0.272896 0.167875 0.000000
0.501615 -0.155853 0.023217 0.000000
0.399972 0.282360 0.163405 0.000000
0.325593 0.175076 0.117485 0.000000
0.302732 -0.898239 0.237097 0.000000
0.442316 0.000359 0.207465 0.000000
0.291110 -1.074928 0.239850 0.000000
0.405691 -0.942838 0.513250 0.000000
0.193772 -0.214739 0.152151 0.000000
0.454827 0.074710 0.135881 0.000000
0.252662 -0.037140 0.344616 0.000000
0.362649 -0.542326 0.287824 0.000000
0.330668 0.124893 0.177490 0.000000
0.388759 0.431572 0.153291 0.000000
0.397419 0.309897 0.165264 0.000000
0.301150 -1.031128 0.230766 0.000000
0.335404 0.220080 0.167910 0.000000
0.333846 -0.312587 0.202928 0.000000
0.326774 -0.549218 0.193544 0.000000
0.184930 -0.190636 0.479670 0.000000
0.412339 0.158573 0.187927 0.000000
0.289372 -0.096220 0.032314 0.000000
0.279655 -0.123638 0.005718 0.000000
0.344143 0.199116 0.217513 0.000000
0.193036 -0.210004 0.483602 0.000000
0.514367 -0.178934 0.142056 0.000000
0.342082 0.144780 0.129312 0.000000
0.359628 -0.453275 0.237035 0.000000
0.387758 -0.884281 0.454814 0.000000
0.356652 0.439984 0.153895 0.000000
0.402319 -0.869668 0.445359 0.000000
0.448877 -0.030178 0.064616 0.000000
0.381224 0.308923 0.118561 0.000000
0.358361 -0.468462 0.244381 0.000000
0.389111 -0.953696 0.192864 1.000000
0.292348 -0.023757 0.169840 0.000000
0.232822 -0.163295 0.160491 0.000000
0.330619 -0.278719 0.200258 0.000000
0.370076 -0.060897 -0.035829 0.000000
0.266783 -1.036657 0.253932 0.000000
0.417865 -1.005657 0.199355 1.000000
0.326280 -0.662349 0.197811 0.000000
0.300435 0.000467 0.157818 0.000000
0.478639 -1.103765 0.161524 1.000000
0.437122 0.122899 0.168669 0.000000
0.327905 -0.729780 0.208937 0.000000
0.304229 -0.919652 0.229281 0.000000
0.058014 -0.414927 0.162684 0.000000
0.478834 -1.087805 0.178115 1.000000
0.375659 0.383846 0.120676 0.000000
0.352795 -0.346686 0.211136 0.000000
0.323652 -0.322000 0.215478 0.000000
0.313211 0.022887 0.170508 0.000000
0.259227 0.022455 0.305700 0.000000
0.433538 0.102339 0.186483 0.000000
0.309174 -0.009446 0.049440 0.000000
0.311880 -0.964611 0.206063 0.000000
0.472153 0.027764 0.140674 0.000000
0.335926 -0.840930 0.221730 0.000000
0.384465 0.468002 0.148476 0.000000
0.350914 -0.889391 0.195978 1.000000
0.334907 -0.650120 0.197994 0.000000
0.335049 -0.177792 0.180504 0.000000
0.293605 -1.059970 0.240314 0.000000
0.310919 -0.908721 0.246109 0.000000
0.326550 0.124695 0.074458 0.000000
0.350728 0.097219 0.166642 0.000000
0.387679 -0.694343 0.355817 0.000000
0.336024 0.181258 0.210715 0.000000
0.434990 -0.991776 0.600462 0.000000
0.328435 -0.807225 0.218320 0.000000
0.315093 -0.848395 0.216206 0.000000
0.335789 -0.405763 0.251591 0.000000
0.334132 0.232232 0.101983 0.000000
0.320337 0.001044 0.046643 0.000000
0.373168 -0.044811 0.265936 0.000000
0.292571 -1.008414 0.219793 0.000000
0.391073 0.366403 0.158935 0.000000
0.335685 0.139494 0.164435 0.000000
0.396681 -0.945934 0.534393 0.000000
0.216977 -0.207013 0.164686 0.000000
0.402133 -0.927883 0.491810 0.000000
0.346038 0.395787 0.130546 0.000000
0.411218 -0.964173 0.571782 0.000000
0.323827 0.236803 0.110208 0.000000
0.277305 -1.025912 0.271078 0.000000
0.293817 -1.079197 0.221721 0.000000
0.425998 -0.973832 0.586828 0.000000
0.391305 0.407322 0.140945 0.000000
0.188167 -0.249896 0.539845 0.000000
0.339454 -0.506967 0.193759 0.000000
0.339291 0.162878 0.120346 0.000000
0.392442 0.255823 0.114613 0.000000
0.387307 0.025041 0.264898 0.000000
-0.023622 -0.490766 0.135241 0.000000
-0.085532 -0.550674 0.138888 0.000000
0.291242 -0.942139 0.236462 0.000000
0.258248 -0.096245 0.150924 0.000000
0.457771 -0.022338 0.345798 0.000000
0.378687 -0.939887 0.213567 1.000000
0.361505 0.295548 0.101608 0.000000
0.344153 0.204506 0.194508 0.000000
0.322009 0.009470 0.174387 0.000000
0.424071 0.150064 0.179700 0.000000
0.397378 -0.891986 0.461117 0.000000
0.395032 -0.853537 0.434141 0.000000
0.322262 0.282368 0.108175 0.000000
0.418909 -0.963387 0.556243 0.000000
0.349118 0.312199 0.168215 0.000000
0.533041 -0.170437 0.161518 0.000000
0.403556 0.264659 0.193691 0.000000
0.580422 -1.287184 0.118972 1.000000
0.377280 0.477091 0.134527 0.000000
0.293663 -1.034129 0.216822 0.000000
0.515531 -1.131193 0.167263 1.000000
0.456610 0.061315 0.140857 0.000000
0.350840 -0.420137 0.246586 0.000000
0.240232 -1.114807 0.248036 0.000000
0.345406 0.367116 0.155415 0.000000
0.494012 -0.035502 0.141514 0.000000
0.558701 -1.231347 0.141037 1.000000
0.320918 -1.087658 0.231102 0.000000
0.312338 -0.971822 0.226109 0.000000
0.383601 -0.654323 0.342379 0.000000
0.299219 -1.068672 0.212306 0.000000
0.244222 -0.121397 0.145803 0.000000
0.371951 0.340666 0.124939 0.000000
0.335376 -0.593940 0.201625 0.000000
0.334668 -0.033637 0.180010 0.000000
0.403811 0.307377 0.125190 0.000000
0.399420 0.141473 0.068385 0.000000
0.512122 -1.160339 0.149311 1.000000
0.510715 -0.190026 -0.008201 0.000000
0.401630 0.006412 0.279875 0.000000
0.429606 0.111073 0.088755 0.000000
0.340345 -0.441284 0.190447 0.000000
0.358354 -0.605928 0.298563 0.000000
0.321116 -0.935168 0.230320 0.000000
0.321952 -0.884026 0.237599 0.000000
0.287961 -1.092198 0.208839 0.000000
0.321322 0.136229 0.171606 0.000000
0.326235 -0.520861 0.191485 0.000000
0.308565 -1.017722 0.238748 0.000000
0.346912 0.233269 0.185597 0.000000
0.069618 -0.393645 0.168684 0.000000
0.278615 -0.955779 0.231071 0.000000
-0.006993 -0.473816 0.151705 0.000000
0.434934 0.069365 0.197179 0.000000
0.166490 -0.250911 0.160490 0.000000
0.367944 -0.585716 0.306279 0.000000
0.334629 0.293749 0.166306 0.000000
0.393723 -0.956426 0.214967 1.000000
0.343630 -0.821466 0.218357 0.000000
0.386160 0.026684 0.245900 0.000000
0.337298 -0.500183 0.181355 0.000000
0.367975 0.359005 0.112582 0.000000
0.313984 -0.892417 0.215671 0.000000
0.337023 0.195427 0.166250 0.000000
0.338023 -0.326346 0.198113 0.000000
0.343765 -0.480463 0.192562 0.000000
0.426645 -0.002701 0.324485 0.000000
-0.059997 -0.523969 0.134039 0.000000
0.276959 0.032546 0.300175 0.000000
0.328059 -0.338477 0.216421 0.000000
0.341008 -0.610624 0.190590 0.000000
0.325076 -0.257133 0.189934 0.000000
0.409326 0.192008 0.120846 0.000000
0.180666 -0.260777 0.172139 0.000000
0.280889 -1.064458 0.246619 0.000000
0.404293 0.174209 0.109060 0.000000
0.322834 -0.355058 0.193047 0.000000
0.195377 -0.145031 0.428736 0.000000
0.357068 0.087151 0.172145 0.000000
0.359199 -0.585754 0.289595 0.000000
0.436663 0.073714 0.117405 0.000000
0.299275 -1.010473 0.204389 0.000000
0.274092 -1.054455 0.236013 0.000000
0.506767 -0.173641 0.013007 0.000000
0.332262 -0.235116 0.200910 0.000000
0.454034 0.018464 0.190392 0.000000
0.354153 -0.462099 0.267778 0.000000
0.599345 -1.310386 0.117528 1.000000
0.379690 -0.903012 0.473480 0.000000
0.301176 -0.054053 0.046768 0.000000
0.386631 -0.917395 0.502353 0.000000
0.485189 -0.021675 0.148463 0.000000
0.370661 -0.782982 0.388602 0.000000
0.321622 -0.922928 0.211742 0.000000
0.478045 -0.077349 0.061413 0.000000
0.337744 -0.534733 0.206542 0.000000
0.304523 0.084158 0.264651 0.000000
0.364102 -0.925391 0.225789 1.000000
0.324234 -1.125615 0.243262 0.000000
0.337374 0.188643 0.236249 0.000000
0.043943 -0.397326 0.175680 0.000000
0.337116 0.130603 0.140676 0.000000
0.388760 -0.705457 0.362701 0.000000
0.328806 -0.413038 0.199458 0.000000
0.312439 -0.022978 0.042922 0.000000
0.483748 0.017068 0.131714 0.000000
0.473925 -0.002228 0.110435 0.000000
0.430676 0.082027 0.196030 0.000000
0.364530 -0.563890 0.296500 0.000000
0.332147 -0.880521 0.208328 0.000000
0.341408 -0.566634 0.187178 0.000000
0.334613 -0.341283 0.200100 0.000000
0.278219 -0.965962 0.245418 0.000000
0.332167 -0.224796 0.184739 0.000000
0.296969 -0.979080 0.232155 0.000000
0.433648 0.064780 0.211539 0.000000
0.466227 0.097473 0.124422 0.000000
0.431564 0.050702 0.081687 0.000000
0.417399 -0.121768 0.246311 0.000000
0.367031 -0.645595 0.326467 0.000000
0.369853 -0.739100 0.366023 0.000000
0.345886 -0.879475 0.217244 1.000000
0.326206 0.103994 0.163925 0.000000
0.396415 -0.958276 0.202514 1.000000
0.409452 0.163644 0.103955 0.000000
0.338594 0.242253 0.210483 0.000000
0.518415 -0.108250 0.144349 0.000000
0.440068 -0.978437 0.612769 0.000000
0.399279 0.008269 0.264786 0.000000
0.434706 0.117408 0.124672 0.000000
0.465028 -0.071480 0.059749 0.000000
0.450614 0.089307 0.134742 0.000000
0.379038 -0.046201 -0.024376 0.000000
0.457632 0.130816 0.121326 0.000000
0.388142 0.077859 0.039334 0.000000
0.178503 -0.218813 0.150575 0.000000
0.022254 -0.430549 0.169347 0.000000
0.493665 -0.136425 0.035029 0.000000
0.457577 0.017598 0.114737 0.000000
0.444010 0.021209 0.180512 0.000000
-0.078127 -0.536924 0.128440 0.000000
0.426058 0.112113 0.189731 0.000000
0.373433 -0.662033 0.338620 0.000000
0.376229 -0.620086 0.324943 0.000000
0.373551 -0.028287 -0.025518 0.000000
0.505837 -0.077294 0.120223 0.000000
0.440967 -0.065636 0.229841 0.000000
0.333767 -0.051706 0.181083 0.000000
0.526430 -1.169514 0.153058 1.000000
0.308063 0.013722 0.055706 0.000000
0.322052 -1.165988 0.241959 0.000000
0.347664 0.231481 0.087060 0.000000
-0.006493 -0.462603 0.163889 0.000000
0.290172 -0.984742 0.244588 0.000000
0.234644 -0.070157 0.366403 0.000000
0.298075 -0.072332 0.031823 0.000000
0.338824 -0.676405 0.198099 0.000000
0.398177 0.111215 0.230060 0.000000
0.387157 0.310156 0.137130 0.000000
0.343954 0.209732 0.089999 0.000000
0.354097 -0.393463 0.220379 0.000000
0.593643 -1.284325 0.118641 1.000000
0.344836 -0.791852 0.211718 0.000000
0.082747 -0.354356 0.175583 0.000000
0.345782 -0.656784 0.204487 0.000000
0.327454 -0.571912 0.200193 0.000000
0.337934 -0.293670 0.191741 0.000000
0.199846 -0.191701 0.145489 0.000000
0.340364 -0.456109 0.190199 0.000000
0.409712 0.211874 0.172446 0.000000
0.490005 -0.007131 0.131436 0.000000
0.507529 -0.208510 -0.020538 0.000000
0.386535 0.354701 0.142044 0.000000
0.342414 -0.880582 0.230879 0.000000
0.499445 -1.120174 0.158415 1.000000
0.345470 0.192948 0.096414 0.000000
0.356441 -0.376337 0.219513 0.000000
0.350319 0.286889 0.175365 0.000000
0.095930 -0.354360 0.171620 0.000000
0.398457 0.186347 0.088471 0.000000
0.541632 -1.208217 0.131688 1.000000
0.439416 0.083618 0.182176 0.000000
0.495752 -0.033491 0.129300 0.000000
0.310959 0.038697 0.060534 0.000000
0.338676 -0.711218 0.212875 0.000000
0.481028 -1.078831 0.186514 1.000000
0.331643 -0.772240 0.213795 0.000000
-0.053491 -0.515269 0.142673 0.000000
0.342528 0.230162 0.202959 0.000000
0.330368 -0.847308 0.212578 0.000000
0.337810 0.354167 0.116596 0.000000
0.303770 -1.067028 0.227592 0.000000
-0.042740 -0.506796 0.137898 0.000000
0.309066 -0.940414 0.234243 0.000000
0.392554 0.131874 0.225658 0.000000
0.276651 -0.058980 0.160678 0.000000
0.353502 0.418133 0.115510 0.000000
0.398950 0.236228 0.107376 0.000000
0.470356 -0.058082 0.193993 0.000000
0.556524 -1.240722 0.130511 1.000000
0.352365 0.256832 0.097092 0.000000
0.367023 0.050301 0.228259 0.000000
0.334440 -0.146188 0.185100 0.000000
0.316964 -0.877974 0.216733 0.000000
0.343709 0.281090 0.184780 0.000000
0.337909 -0.511572 0.205134 0.000000
0.486376 -0.052525 0.118635 0.000000
0.202614 -0.194905 -0.028294 0.000000
0.423715 -0.144927 0.258602 0.000000
0.472946 -1.080984 0.152299 1.000000
-0.025291 -0.490314 0.147458 0.000000
0.451952 -1.040779 0.190682 1.000000
0.306051 -0.045450 0.038049 0.000000
0.437482 0.029564 0.074128 0.000000
0.190651 -0.224444 0.508485 0.000000
0.445245 0.047079 0.186660 0.000000
0.430302 0.169072 0.167838 0.000000
0.199526 -0.124833 0.412183 0.000000
0.503936 -0.030971 0.387202 0.000000
0.511490 -0.083511 0.152978 0.000000
0.056730 -0.404026 0.168634 0.000000
0.572751 -1.275061 0.122886 1.000000
0.425723 -0.998221 0.186068 1.000000
0.321652 -0.062776 0.178641 0.000000
0.337774 -0.317480 0.185962 0.000000
0.408086 -0.187139 0.292545 0.000000
0.377220 0.419896 0.146699 0.000000
0.314577 0.047901 0.180590 0.000000
0.176727 -0.269755 0.572355 0.000000
0.031472 -0.443766 0.153448 0.000000
0.340110 -0.336401 0.213971 0.000000
0.363651 -0.677776 0.335643 0.000000
0.484708 -0.117269 0.045965 0.000000
0.430212 -0.971247 0.574830 0.000000
0.441163 0.163564 0.121387 0.000000
0.304365 -0.032021 0.044125 0.000000
0.324819 0.164714 0.168764 0.000000
0.435952 -0.110689 0.245424 0.000000
0.546717 -1.219656 0.137185 1.000000
0.505071 -0.067167 0.151630 0.000000
0.267046 -0.144078 -0.000105 0.000000
0.429897 -0.998850 0.165895 1.000000
0.216270 -0.177448 0.145274 0.000000
0.265637 -1.048321 0.266406 0.000000
0.401418 -0.827475 0.422909 0.000000
0.322758 0.115150 0.167159 0.000000
0.450345 -1.025346 0.161960 1.000000
0.298770 -0.991724 0.209911 0.000000
0.354796 -0.433214 0.239360 0.000000
0.378184 0.485740 0.146659 0.000000
0.330452 -0.860227 0.213263 0.000000
0.444118 0.010015 0.217118 0.000000
0.289674 -1.015612 0.240098 0.000000
0.325203 -0.206730 0.191380 0.000000
0.322945 -0.014583 0.179471 0.000000
0.330369 0.307308 0.104319 0.000000
0.348673 -0.436710 0.262321 0.000000
0.379377 0.396989 0.150612 0.000000
0.465346 -1.065301 0.173203 1.000000
0.326065 0.070403 0.183817 0.000000
0.390178 -0.875224 0.446127 0.000000
0.245323 -0.139570 0.166092 0.000000
0.438830 0.006126 0.197478 0.000000
0.199142 -0.222048 0.161621 0.000000
0.426876 0.123449 0.184895 0.000000
0.437933 -1.031964 0.190144 1.000000
0.335168 -0.401636 0.181798 0.000000
0.332477 0.197173 0.099625 0.000000
0.266089 -0.018913 0.332555 0.000000
0.362726 -0.729687 0.357876 0.000000
0.373163 0.464412 0.143656 0.000000
0.351975 0.428130 0.156439 0.000000
0.330260 -0.266772 0.185029 0.000000
0.193678 -0.202910 0.148345 0.000000
0.549680 -1.198363 0.153423 1.000000
0.007355 -0.449357 0.164680 0.000000
0.406744 -0.951407 0.537884 0.000000
0.348453 0.258739 0.182875 0.000000
0.396881 -0.934749 0.507507 0.000000
0.282068 0.042963 0.292106 0.000000
0.339975 -0.729588 0.203074 0.000000
0.239252 -0.144722 0.155725 0.000000
0.262012 -1.025572 0.236629 0.000000
0.112751 -0.305596 0.172050 0.000000
0.599296 -1.298543 0.121338 1.000000
0.317975 0.104629 0.258012 0.000000
0.524543 -0.268783 0.186878 0.000000
0.576893 -1.233998 0.135875 1.000000
0.437266 -0.025330 0.210766 0.000000
0.468009 -1.084440 0.171004 1.000000
0.333375 0.096284 0.171774 0.000000
0.348402 0.391688 0.162487 0.000000
0.021411 -0.441919 0.164147 0.000000
0.336720 -0.164008 0.190996 0.000000
0.348077 -0.878368 0.192552 1.000000
0.441577 0.063036 0.176683 0.000000
0.332441 -0.248110 0.192276 0.000000
0.397074 0.088667 0.223439 0.000000
0.290868 -1.109637 0.245802 0.000000
0.280995 -0.993944 0.244174 0.000000
0.336141 -0.374412 0.188396 0.000000
0.616191 -1.318012 0.121600 1.000000
0.340207 -0.634286 0.208786 0.000000
0.318141 -1.033538 0.228165 0.000000
0.329763 -0.349418 0.222183 0.000000
0.325874 -0.779013 0.205377 0.000000
0.343921 0.421594 0.148074 0.000000
0.329145 -0.642011 0.204427 0.000000
0.215228 -0.118454 0.395953 0.000000
0.340176 0.329072 0.107237 0.000000
0.290159 -1.085657 0.245416 0.000000
0.333978 -0.797747 0.209880 0.000000
0.333418 -0.614461 0.207802 0.000000
0.329674 -0.628721 0.195362 0.000000
-0.070696 -0.529435 0.139042 0.000000
0.380913 -0.937980 0.182745 1.000000
0.303631 -0.886555 0.235625 0.000000
0.201381 -0.179013 0.442569 0.000000
0.262601 -0.091792 0.167177 0.000000
0.350421 0.403950 0.163158 0.000000
0.358960 -0.529631 0.267374 0.000000
0.508973 -0.171503 0.001619 0.000000
0.240473 -0.173345 -0.020372 0.000000
0.281205 -1.034174 0.244691 0.000000
0.517959 -0.104516 0.155677 0.000000
0.095030 -0.333594 0.175212 0.000000
0.349964 0.240916 0.105592 0.000000
0.358930 -0.516077 0.263487 0.000000
0.361695 -0.592573 0.298963 0.000000
0.338172 0.270450 0.166410 0.000000
0.337442 0.277234 0.096530 0.000000
0.302031 -1.016105 0.216112 0.000000
-0.020867 -0.480858 0.155346 0.000000
0.384962 0.442544 0.148909 0.000000
0.496487 -0.046866 0.147121 0.000000
0.383983 -0.022819 -0.008632 0.000000
0.312758 -0.903186 0.211149 0.000000
0.221983 -0.183814 0.159007 0.000000
0.359795 -0.573794 0.287140 0.000000
0.564039 -1.253263 0.127294 1.000000
0.324521 -0.175613 0.186340 0.000000
0.410082 -0.954093 0.551217 0.000000
0.260476 -1.051670 0.236839 0.000000
0.334820 -0.186383 0.191937 0.000000
0.473012 0.014404 0.110521 0.000000
0.327613 -0.684832 0.198635 0.000000
0.194937 -0.185926 0.468659 0.000000
0.346276 0.107705 0.157004 0.000000
0.349176 0.459427 0.141286 0.000000
0.312883 -1.103605 0.237628 0.000000
0.296444 -0.015581 0.182334 0.000000
0.206174 -0.141816 0.417301 0.000000
0.493401 -0.053659 0.107933 0.000000
0.329428 0.151360 0.126626 0.000000
0.357832 -0.506464 0.278880 0.000000
0.516540 -0.166376 0.158607 0.000000
0.121466 -0.326989 0.169704 0.000000
0.337867 -0.706182 0.196487 0.000000
0.290411 -1.058328 0.217585 0.000000
0.305014 -0.000264 0.174633 0.000000
0.306571 0.000100 0.147905 0.000000
0.496586 -1.129561 0.166744 1.000000
0.302945 -0.884744 0.218076 0.000000
0.296713 -0.997630 0.221378 0.000000
0.478983 -0.014844 0.107379 0.000000
0.336224 -0.551425 0.185248 0.000000
0.297149 -1.006345 0.234481 0.000000
0.340859 -0.692845 0.196394 0.000000
0.418937 0.145278 0.096818 0.000000
0.328466 0.239727 0.165751 0.000000
0.308326 -1.075385 0.234872 0.000000
0.322308 -1.154165 0.245352 0.000000
0.433130 -0.044380 0.217564 0.000000
0.074917 -0.385984 0.161730 0.000000
0.270755 -0.072266 0.165722 0.000000
0.393577 -0.899469 0.469145 0.000000
0.327256 0.071652 0.066434 0.000000
0.326118 0.124053 0.251205 0.000000
0.480695 -1.091187 0.165447 1.000000
0.332196 -0.113391 0.182938 0.000000
0.525996 -0.148182 0.153477 0.000000
0.344596 0.325600 0.165157 0.000000
0.160274 -0.272858 0.165398 0.000000
0.338111 -0.841258 0.200404 0.000000
0.337824 0.409064 0.138823 0.000000
-0.098761 -0.570037 0.129533 0.000000
0.012537 -0.461327 0.151216 0.000000
0.338463 0.171245 0.084623 0.000000
0.316700 -0.999373 0.227215 0.000000
0.478498 -0.035982 0.115651 0.000000
0.438808 0.071084 0.084471 0.000000
0.278871 -0.978239 0.240084 0.000000
0.417848 0.187019 0.174822 0.000000
0.453145 -0.022924 0.073993 0.000000
0.437293 -1.005992 0.214363 1.000000
0.442025 0.025353 0.212325 0.000000
0.253446 -0.116791 0.168482 0.000000
0.193485 -0.242273 0.529728 0.000000
0.522014 -0.225135 0.163251 0.000000
0.363940 -0.638475 0.317665 0.000000
0.380888 0.034847 0.229713 0.000000
0.327393 0.023266 0.057054 0.000000
0.422308 0.207995 0.166965 0.000000
0.418253 0.117163 0.096871 0.000000
0.413759 0.207955 0.110690 0.000000
0.440034 -0.088565 0.238245 0.000000
0.305719 -0.064405 0.025832 0.000000
0.297561 -1.106174 0.222506 0.000000
0.226170 -0.160995 0.149565 0.000000
0.129346 -0.302699 0.168103 0.000000
0.274824 -0.060602 0.147424 0.000000
0.335722 0.173382 0.219652 0.000000
0.325425 -0.507265 0.197055 0.000000
0.335833 -0.531121 0.194045 0.000000
0.327049 0.083084 0.172407 0.000000
0.401883 0.144605 0.218167 0.000000
0.387528 0.420192 0.132764 0.000000
0.282843 -0.117672 0.015338 0.000000
0.349710 -0.411955 0.231839 0.000000
0.358221 0.276366 0.111011 0.000000
0.344007 -0.768413 0.208865 0.000000
0.359408 0.062193 0.211225 0.000000
0.419661 -1.010776 0.172569 1.000000
0.382752 -0.725846 0.370737 0.000000
0.441831 0.180034 0.122264 0.000000
0.309940 -0.853609 0.226310 0.000000
0.328738 0.156623 0.220460 0.000000
0.524251 -0.110336 0.113959 0.000000
0.467416 0.071772 0.131652 0.000000
0.288893 -1.005123 0.260647 0.000000
0.389146 -0.773749 0.387621 0.000000
0.289516 -0.942811 0.223401 0.000000
0.079425 -0.370817 0.179897 0.000000
0.347156 -0.324459 0.206530 0.000000
0.393176 0.339052 0.123271 0.000000
0.334101 -0.470156 0.194940 0.000000
0.328686 -0.430945 0.198511 0.000000
0.456355 -1.056291 0.174906 1.000000
0.301757 -0.973921 0.218646 0.000000
0.454616 0.111974 0.130063 0.000000
0.465558 -0.034966 0.192626 0.000000
0.184299 -0.237379 0.160768 0.000000
0.320993 0.041763 0.167957 0.000000
0.296302 -1.090998 0.225279 0.000000
0.429835 0.195246 0.130303 0.000000
0.396816 0.244703 0.114647 0.000000
0.320647 -0.097500 0.177609 0.000000
0.231347 -0.111682 0.386035 0.000000
0.270912 -0.997654 0.240267 0.000000
0.406217 0.005638 0.291517 0.000000
0.218578 -0.196105 -0.023607 0.000000
0.334322 -0.297669 0.201738 0.000000
0.351849 -0.446487 0.241938 0.000000
0.415735 0.236934 0.124462 0.000000
0.338079 -0.356601 0.225022 0.000000
0.337433 -0.784571 0.207152 0.000000
0.473753 -1.070464 0.188908 1.000000
0.328564 -0.752664 0.204082 0.000000
0.634120 -0.162479 0.093711 0.000000
0.398747 0.078516 0.235061 0.000000
0.253832 -0.018514 0.335805 0.000000
0.481040 -0.106706 0.180578 0.000000
0.359846 -0.544153 0.277007 0.000000
0.212596 -0.197547 0.157944 0.000000
0.436735 -1.020367 0.170568 1.000000
0.386038 0.420376 0.158781 0.000000
0.442587 0.038360 0.178979 0.000000
0.386893 0.339356 0.140666 0.000000
0.318018 -0.909492 0.218922 0.000000
0.319041 0.047285 0.064886 0.000000
0.285999 0.064307 0.274072 0.000000
0.331411 -0.703938 0.206907 0.000000
0.494184 -1.136857 0.152748 1.000000
0.418680 -0.971666 0.576171 0.000000
0.347272 -0.356921 0.216242 0.000000
0.403707 0.473708 0.118758 0.000000
0.263504 -0.000242 0.322092 0.000000
0.343978 0.252419 0.196629 0.000000
0.448548 -1.039917 0.171553 1.000000
0.441873 -1.030701 0.173275 1.000000
0.207448 -0.212839 0.161323 0.000000
0.342781 -0.517715 0.194546 0.000000
0.442475 -0.012749 0.333362 0.000000
0.326251 -0.330261 0.195083 0.000000
0.338066 -0.735547 0.212535 0.000000
0.386179 0.024182 0.276069 0.000000
0.295126 -0.964731 0.246715 0.000000
0.372310 -0.925817 0.200053 1.000000
0.340927 -0.587816 0.191117 0.000000
0.506182 -0.270717 -0.065368 0.000000
0.279143 -1.068823 0.259610 0.000000
0.440437 0.011179 0.074114 0.000000
0.329929 0.184931 0.112587 0.000000
0.329622 0.341750 0.114561 0.000000
0.298554 -1.139871 0.216635 0.000000
0.328344 -0.822494 0.203985 0.000000
0.429914 -0.985946 0.608602 0.000000
0.348776 0.261776 0.111314 0.000000
0.350853 0.358601 0.160220 0.000000
0.337075 0.177285 0.239199 0.000000
0.335711 -0.542351 0.197426 0.000000
0.319350 -0.935673 0.219289 0.000000
0.322184 -0.890285 0.207827 0.000000
0.188896 -0.210178 0.493980 0.000000
0.299919 -0.931617 0.231520 0.000000
0.281547 -0.938049 0.240193 0.000000
0.329843 0.148469 0.076901 0.000000
0.188309 -0.202727 -0.040732 0.000000
0.282517 -1.021707 0.246112 0.000000
0.324698 -0.165769 0.194483 0.000000
0.398100 0.069805 0.031321 0.000000
0.533760 -1.210439 0.144531 1.000000
0.501360 -0.143462 0.027396 0.000000
0.433953 -1.020393 0.183041 1.000000
0.082208 -0.375748 0.169708 0.000000
0.388513 -0.762560 0.392385 0.000000
0.377843 -0.824567 0.412617 0.000000
0.327802 -0.036389 0.171720 0.000000
0.392968 -0.820955 0.419820 0.000000
0.357931 -0.460804 0.254546 0.000000
0.283950 -0.042049 0.148053 0.000000
0.319796 -0.978691 0.221600 0.000000
0.459292 0.040503 0.116495 0.000000
0.323862 0.270034 0.110652 0.000000
0.336214 -0.812635 0.212570 0.000000
0.036210 -0.414681 0.171657 0.000000
0.335323 -0.829497 0.212534 0.000000
0.338559 0.273027 0.196185 0.000000
0.344355 0.477573 0.152424 0.000000
0.454444 0.007444 0.192398 0.000000
0.295915 -1.145260 0.226907 0.000000
0.335962 -0.430996 0.190221 0.000000
0.316187 0.029572 0.181524 0.000000
0.326043 0.020918 0.172532 0.000000
0.406530 0.168308 0.211710 0.000000
0.325426 0.008078 0.185488 0.000000
0.559172 -1.220462 0.139526 1.000000
0.249086 -0.055096 0.355070 0.000000
0.301045 0.065445 0.279806 0.000000
0.253723 -0.108487 0.154401 0.000000
0.399933 0.272236 0.167744 0.000000
0.329089 0.102650 0.074438 0.000000
0.340094 0.385019 0.128574 0.000000
0.142987 -0.320242 0.169659 0.000000
0.061412 -0.379360 0.176142 0.000000
0.483104 -0.122372 0.170758 0.000000
0.504619 -0.055162 0.141853 0.000000
0.307962 -0.907432 0.234221 0.000000
0.274086 -1.088417 0.247259 0.000000
0.393149 -0.948133 0.174415 1.000000
0.254679 -0.099721 0.139949 0.000000
0.376050 0.335370 0.116284 0.000000
0.255997 -1.019172 0.243158 0.000000
0.335393 0.159058 0.240165 0.000000
0.544485 -1.190113 0.148109 1.000000
0.303327 -1.056072 0.245347 0.000000
0.380998 -0.717766 0.363006 0.000000
0.306687 -0.995257 0.228714 0.000000
0.500243 -0.070094 0.110694 0.000000
0.368338 0.052776 0.217462 0.000000
0.339802 -0.851061 0.219968 0.000000
0.399335 0.166202 0.219781 0.000000
0.369175 0.483234 0.118913 0.000000
0.475310 0.038365 0.132546 0.000000
0.418950 0.134400 0.191345 0.000000
0.269680 -1.078010 0.239880 0.000000
0.320617 -1.076961 0.227041 0.000000
0.176371 -0.254450 0.163943 0.000000
0.346707 0.443316 0.156770 0.000000
0.388368 0.332065 0.149379 0.000000
0.369403 -0.655005 0.331381 0.000000
0.402882 0.281023 0.125973 0.000000
0.402479 0.387208 0.153087 0.000000
0.465713 -0.083394 0.183309 0.000000
0.395492 0.382168 0.127512 0.000000
0.297079 -0.903270 0.229334 0.000000
0.345495 -0.892689 0.236209 0.000000
0.320482 0.061821 0.176177 0.000000
0.605195 -0.149084 0.112959 0.000000
0.411533 0.270528 0.128357 0.000000
0.336523 0.357908 0.159450 0.000000
0.471948 -1.072583 0.167302 1.000000
0.298172 -0.085450 0.025848 0.000000
0.308429 0.007666 0.156752 0.000000
0.313605 -0.895173 0.231401 0.000000
0.487573 -0.033016 0.371456 0.000000
0.322715 0.081319 0.064829 0.000000
0.345524 0.380255 0.153656 0.000000
0.398251 0.165033 0.080216 0.000000
0.333460 -0.201149 0.186176 0.000000
0.356072 -0.517706 0.285937 0.000000
0.584397 -1.265006 0.124903 1.000000
0.431252 -1.008619 0.182860 1.000000
0.436323 0.052316 0.189963 0.000000
0.325087 -0.440398 0.192938 0.000000
0.383307 0.374488 0.145791 0.000000
0.191688 -0.175547 0.454160 0.000000
0.388434 -0.784274 0.402334 0.000000
0.370928 -0.922908 0.174805 1.000000
0.339945 0.210543 0.218146 0.000000
0.329441 -0.854224 0.203991 0.000000
0.325545 -0.033653 0.186973 0.000000
0.333972 0.245793 0.158717 0.000000
0.366195 0.388747 0.119365 0.000000
0.382791 -0.944194 0.191426 1.000000
0.384983 0.271435 0.118559 0.000000
0.206695 -0.114097 0.401473 0.000000
0.313355 -1.143548 0.239287 0.000000
0.395143 0.219111 0.095703 0.000000
0.432039 0.129863 0.175047 0.000000
0.462234 0.052389 0.138938 0.000000
0.338318 0.195114 0.225573 0.000000
0.325425 -0.286850 0.193758 0.000000
0.486332 -0.013497 0.140349 0.000000
0.331336 -0.366003 0.242096 0.000000
0.348899 -0.898870 0.187811 1.000000
0.328900 0.210779 0.167991 0.000000
0.360138 -0.478350 0.240717 0.000000
0.338814 -0.831575 0.226015 0.000000
0.282418 0.011678 0.311137 0.000000
0.384647 0.294291 0.119920 0.000000
0.407047 0.201950 0.206869 0.000000
0.376178 -0.790093 0.394593 0.000000
0.185175 -0.240380 0.545652 0.000000
0.331783 -0.399918 0.197694 0.000000
0.435197 -0.035986 0.210314 0.000000
0.335835 -0.607695 0.199454 0.000000
0.350891 0.084069 0.180434 0.000000
0.395582 0.294087 0.159038 0.000000
0.334194 0.365898 0.120096 0.000000
0.336960 -0.679537 0.209398 0.000000
-0.092132 -0.554819 0.127661 0.000000
0.431900 0.168465 0.124082 0.000000
0.369544 -0.068949 0.293654 0.000000
0.383837 -0.565239 0.314208 0.000000
0.330719 0.065486 0.174716 0.000000
0.233472 -0.182342 -0.015241 0.000000
0.372253 0.454905 0.125981 0.000000
0.253701 -0.159458 -0.015587 0.000000
0.280042 -0.948529 0.241188 0.000000
0.321286 -0.155818 0.186779 0.000000
0.424000 -0.126274 0.254924 0.000000
0.143118 -0.226822 -0.036834 0.000000
0.307758 -1.048456 0.226588 0.000000
0.348591 0.124513 0.140871 0.000000
0.375442 -0.936343 0.204107 1.000000
0.448375 0.135106 0.131542 0.000000
0.377585 -0.883032 0.457538 0.000000
0.527285 -0.259533 0.182483 0.000000
0.261136 -0.152450 -0.002809 0.000000
0.435406 0.105358 0.173338 0.000000
0.316340 -0.950836 0.214526 0.000000
0.338993 -0.620804 0.192700 0.000000
0.225961 -0.102004 0.385892 0.000000
0.331459 0.144345 0.242171 0.000000
0.318150 -0.857707 0.220211 0.000000
0.422214 0.135118 0.094662 0.000000
0.368664 -0.610058 0.315301 0.000000
0.344534 -0.714914 0.204736 0.000000
0.222459 -0.186658 -0.026348 0.000000
0.329339 -0.363359 0.193808 0.000000
0.108895 -0.315309 0.173634 0.000000
0.425135 0.147743 0.128992 0.000000
0.343953 0.398571 0.155326 0.000000
0.357643 -0.493900 0.257332 0.000000
0.384426 -0.946809 0.219100 1.000000
0.382533 -0.611555 0.328495 0.000000
0.346217 0.224004 0.095379 0.000000
0.621086 -0.159660 0.106036 0.000000
0.462960 0.032583 0.143073 0.000000
0.395958 0.128900 0.067670 0.000000
0.345974 0.444263 0.144612 0.000000
0.316139 0.022352 0.057130 0.000000
0.385295 0.380388 0.123177 0.000000
0.374978 0.442370 0.145530 0.000000
0.553120 -0.046863 0.424778 0.000000
0.326808 -0.535526 0.200215 0.000000
0.306197 -1.010178 0.225650 0.000000
0.303748 -1.027721 0.216783 0.000000
0.523571 -0.127437 0.156957 0.000000
0.343011 -0.397818 0.243415 0.000000
0.421873 -0.004299 0.307879 0.000000
0.364152 -0.565169 0.306913 0.000000
0.390677 0.106159 0.050647 0.000000
0.189348 -0.200289 0.480525 0.000000
0.467782 0.015676 0.147962 0.000000
0.394328 0.032699 0.241663 0.000000
0.284276 -0.041646 0.164293 0.000000
0.379254 -0.736508 0.370408 0.000000
0.300792 -1.079363 0.241740 0.000000
0.323566 -0.384378 0.189702 0.000000
0.449687 -0.001056 0.182053 0.000000
0.299033 -0.921924 0.241444 0.000000
0.612627 -1.336017 0.114936 1.000000
0.401321 0.233704 0.169551 0.000000
0.372676 -0.596879 0.315083 0.000000
0.400568 0.092352 0.043621 0.000000
0.394854 -0.778024 0.395262 0.000000
0.310396 0.015320 0.177136 0.000000
0.476607 -0.097423 0.053473 0.000000
0.321751 0.305596 0.110225 0.000000
0.378202 -0.004434 -0.006826 0.000000
0.414685 0.181298 0.129515 0.000000
0.344168 -0.412600 0.254198 0.000000
0.189407 -0.187860 0.457043 0.000000
0.358508 0.284728 0.102824 0.000000
0.288152 -1.081748 0.254870 0.000000
0.391480 0.177175 0.088024 0.000000
0.401826 0.261054 0.169556 0.000000
0.347059 0.301503 0.173643 0.000000
0.506308 -1.126141 0.168279 1.000000
0.341237 -0.393036 0.188804 0.000000
0.436143 -1.009783 0.202278 1.000000
0.403461 0.253455 0.197575 0.000000
0.530174 -1.189337 0.149603 1.000000
0.320130 0.101681 0.069227 0.000000
0.310994 0.062335 0.063567 0.000000
0.385180 0.400318 0.126391 0.000000
-0.049487 -0.502745 0.149616 0.000000
0.336628 -0.623920 0.204222 0.000000
0.048069 -0.417688 0.163849 0.000000
0.301691 -1.052857 0.208440 0.000000
0.384351 -0.858122 0.433706 0.000000
0.321309 -0.309710 0.191099 0.000000
0.111577 -0.326071 0.172656 0.000000
0.261650 -0.104496 0.172636 0.000000
0.443353 -0.011216 0.211265 0.000000
0.388545 0.387125 0.145278 0.000000
0.402482 -0.807267 0.414243 0.000000
0.299604 -0.007733 0.052995 0.000000
0.534667 -1.201736 0.137025 1.000000
0.213107 -0.100005 0.390190 0.000000
0.339697 -0.842044 0.211262 0.000000
0.404182 0.301729 0.183550 0.000000
0.396330 0.146294 0.076978 0.000000
0.398629 0.341643 0.162107 0.000000
0.456790 -0.039956 0.069561 0.000000
0.383898 0.486291 0.119679 0.000000
0.412358 0.001144 0.298533 0.000000
0.339419 -0.814296 0.224464 0.000000
0.396186 -0.844386 0.429519 0.000000
0.277130 -1.046956 0.273824 0.000000
0.335303 -0.100442 0.184590 0.000000
0.449216 0.015500 0.085487 0.000000
0.393724 0.056822 0.026511 0.000000
0.476280 -1.082022 0.163814 1.000000
0.435095 0.063005 0.187996 0.000000
0.380466 -0.871345 0.441412 0.000000
0.364698 -0.627413 0.316182 0.000000
0.395495 -0.953540 0.182857 1.000000
0.162474 -0.220810 -0.037235 0.000000
0.330358 -0.356841 0.184537 0.000000
0.341653 -0.424366 0.248428 0.000000
0.388200 0.473736 0.107475 0.000000
0.262711 -0.037051 0.346743 0.000000
0.398712 0.068083 0.235888 0.000000
0.385655 0.018828 0.236477 0.000000
0.415541 -0.996426 0.185774 1.000000
0.356641 -0.900041 0.180106 1.000000
0.532667 -0.167721 0.151647 0.000000
0.524613 -0.095493 0.113796 0.000000
0.475976 -1.066063 0.176867 1.000000
0.383271 0.405313 0.155114 0.000000
0.336407 -0.762571 0.214560 0.000000
0.402241 -0.906757 0.473796 0.000000
0.345350 -0.693495 0.205552 0.000000
0.388121 0.397620 0.140532 0.000000
0.294348 -1.000933 0.250976 0.000000
0.332636 -0.481175 0.190812 0.000000
0.235861 -0.023542 0.340328 0.000000
0.323586 -0.867471 0.210962 0.000000
0.271494 -1.129730 0.290543 0.000000
0.332641 -0.420771 0.192852 0.000000
0.333532 0.180948 0.168878 0.000000
0.398813 -0.861066 0.439905 0.000000
0.206348 -0.132919 0.412300 0.000000
0.436158 -0.081508 0.225995 0.000000
0.265818 0.015995 0.311544 0.000000
0.387428 0.040741 0.023644 0.000000
0.338979 -0.275402 0.186975 0.000000
0.398069 0.202071 0.216583 0.000000
0.300992 -1.040859 0.227252 0.000000
0.341613 -0.388165 0.237891 0.000000
0.400223 -0.941811 0.521788 0.000000
0.543924 -1.212392 0.143758 1.000000
0.297198 -0.916434 0.219949 0.000000
0.344783 0.236536 0.096193 0.000000
0.186522 -0.255753 0.561057 0.000000
0.129562 -0.230591 -0.039355 0.000000
0.613456 -1.296840 0.114956 1.000000
0.246193 -0.069172 0.360034 0.000000
0.379439 -0.636942 0.334400 0.000000
0.180186 -0.246492 0.158890 0.000000
0.334365 0.209613 0.104114 0.000000
0.213193 -0.148450 0.413986 0.000000
0.313621 -1.092706 0.237729 0.000000
0.411085 0.225882 0.168963 0.000000
0.297903 -1.122744 0.226705 0.000000
0.241852 -0.158720 0.171570 0.000000
0.334942 -0.377333 0.245986 0.000000
0.316905 0.025551 0.161439 0.000000
0.434597 -0.975290 0.592014 0.000000
0.336629 -0.254773 0.200688 0.000000
0.081289 -0.239583 -0.051410 0.000000
0.464499 -0.060949 0.066678 0.000000
0.247465 -0.127409 0.161597 0.000000
0.269732 -1.048580 0.256052 0.000000
0.243275 -0.033326 0.345884 0.000000
0.175896 -0.265376 0.562927 0.000000
0.343138 0.166340 0.239285 0.000000
0.329121 0.040437 0.182062 0.000000
0.321927 -1.075265 0.238777 0.000000
0.344160 -0.564689 0.196748 0.000000
0.398394 -0.914525 0.481649 0.000000
0.436444 0.058369 0.086654 0.000000
0.336570 -0.661451 0.203794 0.000000
0.334686 -0.555381 0.198202 0.000000
0.331873 0.087994 0.069771 0.000000
0.357565 -0.673537 0.328238 0.000000
0.295538 0.080311 0.261042 0.000000
0.039620 -0.435555 0.156152 0.000000
0.339966 0.153695 0.124714 0.000000
0.388669 -0.926198 0.507837 0.000000
0.499747 -0.068097 0.120543 0.000000
0.439853 0.072901 0.175723 0.000000
0.329183 -0.666476 0.209479 0.000000
0.429835 -1.002228 0.194324 1.000000
0.430917 0.147688 0.172237 0.000000
0.387583 0.423297 0.147705 0.000000
0.334424 -0.582050 0.197529 0.000000
0.444637 -0.007668 0.069107 0.000000
0.419221 0.166117 0.098574 0.000000
0.230469 -0.174712 0.160582 0.000000
0.348067 -0.400922 0.225811 0.000000
0.337609 -0.488001 0.204741 0.000000
0.369895 0.424467 0.123961 0.000000
0.492748 -0.122761 0.175099 0.000000
0.408777 -0.887303 0.456778 0.000000
0.312304 -1.061821 0.228274 0.000000
0.286830 0.053466 0.285560 0.000000
0.512184 -0.085037 0.120290 0.000000
0.388572 0.004234 0.001113 0.000000
0.574273 -1.255459 0.128777 1.000000
0.469360 -0.023531 0.356561 0.000000
0.278868 -1.010760 0.269747 0.000000
0.366602 -0.919508 0.211174 1.000000
0.228680 -0.062065 0.364569 0.000000
0.456859 -0.053233 0.062091 0.000000
0.327074 -0.686590 0.208699 0.000000
0.574258 -0.140643 0.112981 0.000000
0.511507 -0.225082 -0.035168 0.000000
0.288893 -1.039823 0.241759 0.000000
0.333198 -0.460853 0.185040 0.000000
0.186945 -0.257391 0.547750 0.000000
0.531293 -0.202115 0.163642 0.000000
0.226660 -0.118220 0.391926 0.000000
0.401338 -0.962657 0.173622 1.000000
0.404286 0.273434 0.119633 0.000000
0.152061 -0.293773 0.167673 0.000000
0.574010 -1.295072 0.121075 1.000000
0.324840 -0.653130 0.201284 0.000000
0.514174 -0.092490 0.149161 0.000000
0.309426 0.077939 0.275929 0.000000
0.331082 -0.264895 0.194950 0.000000
0.421156 0.213364 0.121748 0.000000
0.380717 -0.009749 0.252461 0.000000
0.034496 -0.425722 0.174020 0.000000
0.340022 -0.770811 0.218923 0.000000
0.360581 0.073041 0.188966 0.000000
0.407232 0.196455 0.180138 0.000000
0.294792 -0.923125 0.231312 0.000000
0.198932 -0.190544 0.460438 0.000000
0.340810 0.188551 0.088845 0.000000
0.510760 -1.139678 0.163163 1.000000
0.421022 0.095412 0.087973 0.000000
0.428379 0.089851 0.203163 0.000000
0.584585 -0.146557 0.111769 0.000000
0.515383 -1.174039 0.141317 1.000000
0.519342 -0.187611 0.142630 0.000000
0.300857 -0.934774 0.213624 0.000000
0.316053 -0.963501 0.229955 0.000000
0.274672 -1.015380 0.244524 0.000000
0.321696 -0.189966 0.191209 0.000000
0.340785 -0.315107 0.196357 0.000000
0.335173 -0.410400 0.189363 0.000000
0.334249 -0.449559 0.194354 0.000000
0.326255 -0.590790 0.203690 0.000000
0.247412 -0.170542 -0.011492 0.000000
0.287835 -0.107056 0.016034 0.000000
0.356864 -0.642989 0.308511 0.000000
0.323197 0.113004 0.257959 0.000000
0.429097 0.077522 0.085719 0.000000
0.386000 -0.959655 0.221260 1.000000
0.374827 0.449604 0.117806 0.000000
0.429904 -0.119648 0.248532 0.000000
0.105902 -0.334082 0.173109 0.000000
0.654188 -0.173894 0.088891 0.000000
0.276766 -0.129254 0.013911 0.000000
0.441851 0.072825 0.190005 0.000000
0.517987 -0.276844 0.195835 0.000000
0.324675 -0.053490 0.177597 0.000000
0.516696 -1.168516 0.155683 1.000000
0.393178 0.017055 0.264168 0.000000
0.503468 -0.252243 -0.058836 0.000000
0.456459 0.120737 0.124964 0.000000
0.352350 -0.474526 0.249462 0.000000
0.385348 0.036458 0.246040 0.000000
0.327922 -0.916133 0.214949 0.000000
0.376369 -0.833264 0.416889 0.000000
0.275728 -1.034482 0.260609 0.000000
0.448184 -0.030179 0.222329 0.000000
0.471736 0.051917 0.132671 0.000000
0.294358 -1.024800 0.224682 0.000000
0.332610 -0.156130 0.183079 0.000000
0.327684 0.051632 0.063573 0.000000
-0.117464 -0.581582 0.131244 0.000000
0.330715 0.321182 0.108092 0.000000
0.386030 -0.790741 0.395296 0.000000
0.425017 -1.003093 0.176739 1.000000
0.325598 0.145304 0.170483 0.000000
0.333435 0.158686 0.082932 0.000000
0.390361 0.278590 0.122432 0.000000
0.265130 -0.010133 0.327069 0.000000
0.353768 -0.449794 0.251707 0.000000
0.326841 0.197787 0.166261 0.000000
0.519655 -0.118047 0.145930 0.000000
0.093073 -0.377960 0.167125 0.000000
0.413588 0.167569 0.184426 0.000000
0.424627 -0.996512 0.202734 1.000000
0.292919 -1.045927 0.210842 0.000000
0.370709 -0.671353 0.339226 0.000000
0.327332 -0.305584 0.201178 0.000000
0.439987 0.029048 0.202320 0.000000
0.498974 -0.157130 0.159525 0.000000
0.188158 -0.233716 0.526308 0.000000
0.150680 -0.272205 0.164011 0.000000
0.413630 0.200134 0.133469 0.000000
0.400535 -0.955330 0.549941 0.000000
0.302235 -0.008156 0.153746 0.000000
0.475186 -0.115636 0.046822 0.000000
0.349800 0.479021 0.141745 0.000000
0.445938 0.124338 0.127857 0.000000
0.354831 -0.900471 0.214487 1.000000
0.487874 -0.130722 0.040311 0.000000
-0.067731 -0.530838 0.148559 0.000000
0.512901 -0.199122 -0.010696 0.000000
0.360809 -0.543404 0.297263 0.000000
0.528644 -0.218513 0.165662 0.000000
0.343723 0.459173 0.150330 0.000000
0.340240 0.308389 0.159389 0.000000
0.379122 -0.022573 -0.019371 0.000000
0.504279 -0.076090 0.156395 0.000000
0.526013 -0.187377 0.157927 0.000000
0.377886 -0.628401 0.330170 0.000000
0.407689 -0.932249 0.499047 0.000000
0.241617 -0.136554 0.144922 0.000000
0.433460 0.044608 0.088929 0.000000
0.339169 -0.699944 0.211728 0.000000
0.322765 -0.111907 0.181519 0.000000
0.488127 -1.097580 0.162496 1.000000
0.328706 0.196022 0.108432 0.000000
0.268222 0.025398 0.303836 0.000000
0.345162 0.271324 0.187721 0.000000
0.334149 -0.208003 0.194748 0.000000
0.158344 -0.256353 0.160595 0.000000
0.428563 -0.984427 0.590829 0.000000
0.216078 -0.168188 0.142329 0.000000
0.376673 -0.929570 0.185861 1.000000
0.337461 -0.746919 0.198719 0.000000
0.279967 -0.970369 0.234668 0.000000
0.325181 -0.989315 0.228700 0.000000
0.437690 0.181837 0.130748 0.000000
0.254881 -0.041212 0.353150 0.000000
0.512162 -0.162962 0.150766 0.000000
0.397892 0.253220 0.165422 0.000000
0.281390 0.005182 0.320424 0.000000
0.485931 -1.119366 0.155345 1.000000
0.269377 -1.061577 0.266005 0.000000
0.375932 0.364075 0.120125 0.000000
0.360479 -0.533418 0.290674 0.000000
0.446517 -0.011081 0.220900 0.000000
0.510937 -0.083287 0.138395 0.000000
0.342001 0.221930 0.210400 0.000000
0.556651 -1.250889 0.136344 1.000000
0.327176 -0.919560 0.223865 0.000000
0.308952 -1.022021 0.230197 0.000000
0.284723 0.028524 0.304156 0.000000
0.366967 0.343792 0.111450 0.000000
0.452570 0.031903 0.118921 0.000000
0.320353 -0.080757 0.182517 0.000000
0.293453 -0.023146 0.151732 0.000000
0.330556 -0.226391 0.194732 0.000000
0.371461 -0.047434 0.276230 0.000000
0.368666 0.462912 0.118540 0.000000
0.292691 -1.017837 0.218180 0.000000
0.395293 0.257479 0.190208 0.000000
0.352506 -0.429061 0.250079 0.000000
0.450083 -0.031134 0.184994 0.000000
0.409013 0.247594 0.116561 0.000000
0.338249 -0.752705 0.207770 0.000000
0.353608 -0.894486 0.203760 1.000000
0.338169 0.191238 0.216857 0.000000
0.329743 -0.046391 0.188357 0.000000
0.437576 0.167357 0.135336 0.000000
0.302507 -0.964955 0.208180 0.000000
0.506929 -0.236457 -0.048430 0.000000
0.524989 -0.135793 0.152604 0.000000
0.396829 0.347600 0.169319 0.000000
0.065237 -0.368931 0.179252 0.000000
0.400855 -0.969568 0.195321 1.000000
0.093317 -0.238051 -0.051535 0.000000
0.414094 -0.953013 0.528164 0.000000
0.404090 0.219653 0.100669 0.000000
0.287138 -1.072036 0.253026 0.000000
0.288358 -0.914299 0.235700 0.000000
0.332322 0.161664 0.163027 0.000000
0.417397 0.126629 0.096668 0.000000
0.602506 -1.302911 0.112577 1.000000
0.346485 -0.334553 0.200944 0.000000
0.394249 -0.727310 0.372102 0.000000
0.387976 -0.948325 0.228763 1.000000
0.401553 -0.971176 0.184502 1.000000
0.285259 -1.055831 0.242127 0.000000
0.318888 -1.016649 0.235925 0.000000
-0.025046 -0.480843 0.164270 0.000000
0.267839 -1.100190 0.279395 0.000000
0.305200 -0.986434 0.231850 0.000000
0.529794 -1.160882 0.158431 1.000000
0.463643 -0.002288 0.117782 0.000000
0.449131 0.061165 0.124788 0.000000
-0.001113 -0.477111 0.144597 0.000000
0.338819 0.317642 0.163278 0.000000
0.453863 -1.065158 0.165537 1.000000
0.329449 -0.348392 0.194211 0.000000
0.390664 0.124285 0.058287 0.000000
0.325803 -0.420570 0.185060 0.000000
0.355732 -0.464500 0.276792 0.000000
0.309936 -1.087490 0.229082 0.000000
0.278154 -0.065883 0.166958 0.000000
0.428831 0.133068 0.125226 0.000000
0.332665 0.075801 0.174555 0.000000
0.463765 -1.071820 0.180370 1.000000
0.321264 -0.900152 0.214757 0.000000
0.350065 0.220417 0.103929 0.000000
0.304884 -0.894281 0.227915 0.000000
0.296716 -0.032055 0.049644 0.000000
0.299381 -1.096501 0.235931 0.000000
0.514312 -1.149269 0.158841 1.000000
0.343308 0.352508 0.165178 0.000000
0.387329 0.018401 0.009847 0.000000
0.355403 -0.884639 0.207165 1.000000
0.365589 -0.072691 0.285431 0.000000
0.371247 0.403132 0.121333 0.000000
0.271584 -0.079909 0.159225 0.000000
0.482620 0.006784 0.136559 0.000000
0.398468 0.151875 0.223058 0.000000
0.329593 -0.329380 0.214645 0.000000
-0.129796 -0.591053 0.124107 0.000000
0.336318 -0.808138 0.202574 0.000000
0.328262 0.258281 0.101290 0.000000
0.556384 -0.127279 0.116270 0.000000
0.374744 -0.037322 -0.027793 0.000000
0.272205 -1.078014 0.258187 0.000000
-0.001534 -0.465713 0.156186 0.000000
0.331650 0.130179 0.256217 0.000000
0.470475 -1.099420 0.163088 1.000000
-0.015269 -0.469633 0.153105 0.000000
0.393741 0.050001 0.233639 0.000000
0.343979 -0.432244 0.252948 0.000000
0.428710 -0.993601 0.213808 1.000000
0.395565 0.024075 0.245126 0.000000
0.282106 -1.089367 0.252283 0.000000
0.330529 -0.542080 0.188595 0.000000
0.423937 -0.978999 0.573138 0.000000
0.483825 -1.066630 0.184413 1.000000
0.523374 -0.168545 0.150835 0.000000
0.330644 0.116417 0.075990 0.000000
0.287381 -0.963863 0.236395 0.000000
0.267272 -1.030975 0.246509 0.000000
0.293841 -1.044408 0.221398 0.000000
0.335544 0.123606 0.146689 0.000000
0.318715 0.030493 0.169559 0.000000
0.398387 0.263180 0.109735 0.000000
0.425586 -0.136213 0.255800 0.000000
0.434181 0.088865 0.083445 0.000000
0.335209 -0.568704 0.196099 0.000000
0.340600 0.293049 0.159165 0.000000
0.345761 0.211946 0.102014 0.000000
0.365172 -0.514901 0.286541 0.000000
0.473237 -0.024778 0.114243 0.000000
0.444894 -1.044107 0.185306 1.000000
0.270359 -0.135365 0.000045 0.000000
0.397525 0.239338 0.098705 0.000000
0.237349 -0.127342 0.142484 0.000000
0.306838 -0.996768 0.205548 0.000000
0.297961 -0.002469 0.168902 0.000000
0.297714 -1.094277 0.208923 0.000000
0.328912 -0.575226 0.191621 0.000000
0.452454 -1.022803 0.198045 1.000000
0.324052 -0.580531 0.199402 0.000000
0.342493 0.373516 0.161490 0.000000
0.372358 0.474908 0.126953 0.000000
0.346322 0.246557 0.189811 0.000000
0.190116 -0.193099 0.472382 0.000000
0.297376 0.056099 0.287888 0.000000
0.530538 -1.198044 0.144925 1.000000
0.324490 -0.215623 0.197412 0.000000
0.508383 -0.074282 0.134709 0.000000
0.435611 0.040559 0.079615 0.000000
0.360046 -0.564940 0.283991 0.000000
0.335229 -0.473409 0.185032 0.000000
0.121954 -0.306546 0.172311 0.000000
0.322275 -1.090150 0.241525 0.000000
0.481161 0.045858 0.132923 0.000000
0.523147 -0.251879 0.177613 0.000000
0.309669 -0.969165 0.213800 0.000000
0.413061 -0.966123 0.562936 0.000000
0.394911 0.183086 0.078460 0.000000
0.331229 -0.088724 0.188126 0.000000
0.451407 -0.018728 0.339452 0.000000
0.336993 0.252859 0.164208 0.000000
0.361900 -0.911975 0.185863 1.000000
0.328684 -0.802965 0.202797 0.000000
0.329805 -0.095947 0.178704 0.000000
0.311717 -0.936887 0.206700 0.000000
0.388610 -0.800683 0.403999 0.000000
0.374275 0.042490 0.231401 0.000000
0.375408 -0.566482 0.317721 0.000000
0.344258 0.215667 0.199349 0.000000
0.331773 -0.339624 0.191492 0.000000
0.292179 -1.051002 0.238430 0.000000
0.103465 -0.236647 -0.041251 0.000000
0.361474 -0.537653 0.263486 0.000000
0.268595 -1.086607 0.275089 0.000000
0.501341 -0.164585 0.020355 0.000000
0.430215 0.091386 0.193932 0.000000
0.339639 0.402097 0.133111 0.000000
0.233571 -0.043108 0.352189 0.000000
0.374316 0.048683 0.211775 0.000000
0.388097 0.030540 0.020455 0.000000
0.398098 0.202220 0.089162 0.000000
0.613879 -1.328864 0.109310 1.000000
0.281063 -0.117008 0.026333 0.000000
0.344048 -0.543062 0.193658 0.000000
0.417134 0.247580 0.168729 0.000000
0.081472 -0.363329 0.174164 0.000000
0.456277 -0.016092 0.194348 0.000000
0.357297 -0.584529 0.298639 0.000000
0.296815 -1.064089 0.220738 0.000000
0.237396 -0.081311 0.370650 0.000000
0.395495 0.225031 0.103506 0.000000
0.372489 -0.933551 0.178406 1.000000
0.541311 -0.115813 0.117819 0.000000
0.371507 -0.638399 0.329956 0.000000
0.322410 0.101993 0.175003 0.000000
0.164082 -0.237588 0.154511 0.000000
0.316355 0.031433 0.059107 0.000000
0.388615 0.295248 0.129575 0.000000
0.302046 -1.032161 0.207927 0.000000
0.341476 0.382726 0.162483 0.000000
0.311945 0.004258 0.052814 0.000000
0.313528 -1.123429 0.239142 0.000000
0.027562 -0.452728 0.154586 0.000000
0.391538 0.311681 0.124359 0.000000
0.341418 -0.787077 0.218731 0.000000
0.388601 0.375039 0.153656 0.000000
0.327081 -0.181361 0.192976 0.000000
0.326351 0.090297 0.165962 0.000000
0.331624 0.168375 0.118981 0.000000
0.335206 -0.720522 0.205948 0.000000
0.331318 0.296595 0.102718 0.000000
0.332060 -0.669098 0.199868 0.000000
0.355105 -0.911431 0.225803 1.000000
0.331983 -0.217348 0.190058 0.000000
0.425032 0.186941 0.123260 0.000000
0.332559 -0.171178 0.187055 0.000000
0.345290 0.182088 0.108008 0.000000
-0.040905 -0.503148 0.146592 0.000000
0.341110 -0.750258 0.217274 0.000000
0.340723 0.390178 0.137004 0.000000
0.324344 -0.979125 0.231344 0.000000
0.235475 -0.154687 0.159217 0.000000
0.421307 0.172273 0.104938 0.000000
0.392141 0.024804 0.002543 0.000000
0.315658 0.092953 0.267969 0.000000
0.412155 -0.955862 0.568225 0.000000
0.245510 -0.015283 0.334107 0.000000
0.345133 -0.894343 0.225831 0.000000
0.343037 -0.642939 0.194851 0.000000
0.349088 0.405977 0.154183 0.000000
0.200350 -0.197645 -0.036652 0.000000
0.313242 0.119031 0.234234 0.000000
0.293937 -1.054982 0.254709 0.000000
0.334108 0.263324 0.171183 0.000000
0.337094 -0.644983 0.208320 0.000000
0.427213 0.076585 0.094544 0.000000
0.334626 0.148369 0.170449 0.000000
0.335095 -0.866239 0.218643 0.000000
0.600877 -1.285387 0.124005 1.000000
0.187718 -0.160128 0.441902 0.000000
0.324099 -0.135432 0.184226 0.000000
0.337835 0.137379 0.134707 0.000000
0.382138 0.477596 0.146761 0.000000
0.201935 -0.165015 0.434925 0.000000
0.588936 -1.293197 0.125048 1.000000
0.427974 0.066394 0.080982 0.000000
0.390816 0.085951 0.042348 0.000000
0.129403 -0.326336 0.174654 0.000000
0.457054 -0.073298 0.055906 0.000000
0.439390 0.045167 0.208353 0.000000
0.332120 0.003247 0.175999 0.000000
0.332705 -0.512581 0.197499 0.000000
0.355091 0.267932 0.109198 0.000000
0.324108 -0.881826 0.212204 0.000000
0.158190 -0.281579 0.166351 0.000000
0.311669 -1.030478 0.233648 0.000000
0.313534 -0.922869 0.204940 0.000000
0.348464 -0.338849 0.210104 0.000000
0.393884 0.266704 0.195686 0.000000
0.505136 -0.065088 0.142867 0.000000
0.292540 -0.075593 0.040816 0.000000
0.171647 -0.212979 -0.038824 0.000000
0.328322 -0.317957 0.208924 0.000000
0.386336 -0.009691 -0.009508 0.000000
0.329308 0.013852 0.177308 0.000000
0.263854 -1.042558 0.247800 0.000000
0.316276 -0.867296 0.217921 0.000000
0.527920 -0.206032 0.123904 0.000000
0.350124 -0.403798 0.235720 0.000000
0.382032 -0.917520 0.491157 0.000000
0.325199 0.117070 0.177326 0.000000
0.339572 -0.397620 0.252021 0.000000
0.361950 -0.910050 0.197493 1.000000
0.329302 0.280812 0.101667 0.000000
0.320627 -0.841961 0.219147 0.000000
0.321685 -1.135606 0.242229 0.000000
0.323174 -0.196060 0.184785 0.000000
0.311051 0.100123 0.253145 0.000000
0.337256 0.236069 0.170067 0.000000
0.402606 0.185086 0.212658 0.000000
0.414000 0.188048 0.104449 0.000000
0.313827 -1.075241 0.242823 0.000000
0.385809 0.017331 0.247854 0.000000
0.373535 -0.568735 0.305266 0.000000
0.195209 -0.231108 0.163189 0.000000
0.627248 -1.341282 0.119464 1.000000
0.079590 -0.246589 -0.044106 0.000000
0.369191 -0.618927 0.318216 0.000000
0.451513 -1.054818 0.167506 1.000000
0.232021 -0.094807 0.379614 0.000000
0.406965 0.289071 0.161184 0.000000
0.376729 -0.673903 0.345359 0.000000
0.357459 -0.898857 0.196950 1.000000
0.254243 -0.027593 0.337580 0.000000
0.327832 -0.402848 0.187922 0.000000
0.337642 0.200657 0.093200 0.000000
0.273370 -1.129528 0.250780 0.000000
0.404305 -0.939341 0.505135 0.000000
0.347106 -0.375061 0.227669 0.000000
0.372596 0.422691 0.115632 0.000000
0.216126 -0.131578 0.404512 0.000000
0.385662 -0.018083 0.250252 0.000000
0.206367 -0.160921 0.426720 0.000000
0.394864 -0.923207 0.494027 0.000000
0.334785 -0.499373 0.193550 0.000000
0.288035 -0.989702 0.253803 0.000000
0.337481 0.177632 0.230307 0.000000
0.357691 -0.622805 0.306224 0.000000
0.328707 -0.838575 0.213041 0.000000
0.609356 -1.315454 0.116319 1.000000
0.342685 0.098334 0.170271 0.000000
0.311515 -1.071986 0.225893 0.000000
0.447362 -1.029025 0.193766 1.000000
0.076660 -0.395882 0.163738 0.000000
0.384740 0.411225 0.136395 0.000000
0.236975 -0.052658 0.354124 0.000000
0.284586 -1.070754 0.235492 0.000000
0.345928 0.341138 0.162102 0.000000
0.424705 -0.104683 0.236749 0.000000
-0.054795 -0.511843 0.150760 0.000000
0.336891 -0.571351 0.207902 0.000000
0.384356 0.412406 0.149896 0.000000
0.358434 -0.524546 0.280372 0.000000
0.332564 0.173097 0.211004 0.000000
0.436312 -0.019485 0.324834 0.000000
0.453956 -1.054944 0.183332 1.000000
0.576450 -1.281387 0.127867 1.000000
0.392690 0.263295 0.119368 0.000000
0.441251 -0.045163 0.220998 0.000000
0.330695 -0.833848 0.220832 0.000000
0.256219 -0.151969 -0.010151 0.000000
-0.081679 -0.544268 0.134152 0.000000
0.394629 -0.833148 0.423073 0.000000
0.302536 -0.913571 0.237657 0.000000
0.340632 0.371513 0.122393 0.000000
0.396550 0.249515 0.201440 0.000000
0.406885 0.241745 0.169064 0.000000
0.338868 0.259641 0.201899 0.000000
0.335938 -0.637137 0.201555 0.000000
0.402539 0.322744 0.156318 0.000000
0.336000 -0.515775 0.189224 0.000000
0.301093 0.049625 0.294699 0.000000
0.432887 0.201289 0.124636 0.000000
0.300977 0.091305 0.253389 0.000000
0.393925 0.472236 0.119363 0.000000
0.493440 -0.072487 0.116217 0.000000
0.336893 0.197446 0.233951 0.000000
0.394087 -0.952310 0.222747 1.000000
0.339922 -0.654012 0.191818 0.000000
0.298846 -1.065256 0.234678 0.000000
0.143099 -0.219705 -0.048617 0.000000
0.389964 0.324291 0.128565 0.000000
0.394903 0.157681 0.073145 0.000000
0.420974 0.235346 0.131351 0.000000
0.329900 0.217529 0.105719 0.000000
0.354750 0.443776 0.144245 0.000000
0.263368 -1.129508 0.241974 0.000000
0.585085 -1.283853 0.126401 1.000000
0.517330 -0.100194 0.112347 0.000000
0.401345 0.136057 0.227188 0.000000
0.473797 -0.090273 0.184769 0.000000
0.228851 -0.086824 0.376206 0.000000
0.438729 0.070652 0.075704 0.000000
0.436400 0.050307 0.074373 0.000000
0.339189 -0.278516 0.195402 0.000000
0.282379 -1.044046 0.248582 0.000000
0.408982 0.304386 0.154842 0.000000
0.355391 0.469412 0.152003 0.000000
0.532327 -1.170787 0.160087 1.000000
0.333837 -0.078369 0.182856 0.000000
0.344071 -0.676673 0.205158 0.000000
0.332685 -0.289641 0.198637 0.000000
0.404757 -0.954474 0.529923 0.000000
0.386228 0.294155 0.154880 0.000000
-0.113946 -0.581789 0.123231 0.000000
0.323877 -0.854807 0.231453 0.000000
0.476088 -0.001314 0.146922 0.000000
0.320518 -0.991560 0.221142 0.000000
0.577096 -1.267368 0.129099 1.000000
0.409491 0.197425 0.107353 0.000000
0.335589 0.133803 0.171075 0.000000
0.337527 -0.587503 0.207280 0.000000
0.349793 -0.371035 0.217502 0.000000
0.401915 -0.193046 0.294369 0.000000
0.343436 -0.865781 0.208194 1.000000
0.186695 -0.221649 0.516007 0.000000
0.440226 0.002542 0.078122 0.000000
0.338876 -0.266105 0.186272 0.000000
0.392308 0.357817 0.157049 0.000000
0.489535 -0.028569 0.145341 0.000000
0.379605 0.439455 0.128825 0.000000
0.399946 0.125729 0.222868 0.000000
0.393901 0.388905 0.156597 0.000000
0.323176 0.127779 0.170510 0.000000
0.326209 -0.145121 0.190396 0.000000
0.248211 -1.061677 0.243743 0.000000
0.235759 -0.142330 0.148108 0.000000
0.467202 -1.082179 0.158741 1.000000
0.203127 -0.147621 0.423041 0.000000
0.436087 -0.072807 0.229016 0.000000
0.370576 0.349578 0.121887 0.000000
0.388850 -0.003470 0.240342 0.000000
0.296050 -0.092835 0.036744 0.000000
0.459568 -1.061811 0.180920 1.000000
0.408849 -0.962117 0.545785 0.000000
0.290179 -0.029296 0.178083 0.000000
0.065319 -0.386743 0.171761 0.000000
0.277810 -1.053486 0.267266 0.000000
0.358594 -0.697339 0.335671 0.000000
0.113151 -0.345967 0.168510 0.000000
0.375045 0.463575 0.130814 0.000000
0.327711 -0.341746 0.226347 0.000000
0.383918 -0.711662 0.368451 0.000000
0.003356 -0.457376 0.165567 0.000000
0.281010 -1.100505 0.251925 0.000000
0.388536 0.141904 0.064098 0.000000
0.205331 -0.195318 0.151450 0.000000
0.268182 -0.075600 0.150314 0.000000
0.337886 0.155557 0.091099 0.000000
0.333684 -0.042151 0.178684 0.000000
0.317967 -0.848897 0.225907 0.000000
0.357309 -0.385569 0.221948 0.000000
0.332163 -0.123262 0.182735 0.000000
0.451901 -1.037880 0.163292 1.000000
0.348944 -0.455014 0.269099 0.000000
0.422103 0.177540 0.173733 0.000000
0.352213 0.390030 0.153884 0.000000
0.351609 0.249964 0.102313 0.000000
0.377148 -0.576558 0.315908 0.000000
0.351895 0.450184 0.158773 0.000000
0.265898 -0.083802 0.166770 0.000000
0.565222 -1.234880 0.135950 1.000000
0.396111 0.363993 0.165542 0.000000
0.474538 -0.085546 0.057544 0.000000
0.363256 -0.898890 0.203877 1.000000
0.296305 -0.016399 0.166925 0.000000
0.388911 -0.908082 0.481474 0.000000
0.395997 0.288962 0.168415 0.000000
0.275506 -1.072940 0.243768 0.000000
0.305805 0.003904 0.164080 0.000000
0.415656 -0.151120 0.266202 0.000000
0.481647 -1.070763 0.192407 1.000000
0.359286 -0.485240 0.255085 0.000000
0.462510 -0.051978 0.189279 0.000000
0.268086 -1.079994 0.265509 0.000000
0.514678 -0.176343 0.150544 0.000000
0.360797 -0.432370 0.230979 0.000000
0.451414 0.041070 0.186153 0.000000
0.312203 0.108548 0.245388 0.000000
0.187918 -0.215547 0.504248 0.000000
0.432464 -0.011186 0.324362 0.000000
0.440627 -1.022661 0.188607 1.000000
0.332117 -0.386871 0.191006 0.000000
0.355785 -0.478177 0.265079 0.000000
0.337512 -0.371191 0.231743 0.000000
0.340180 -0.320036 0.204071 0.000000
0.363659 0.062730 0.203749 0.000000
0.378712 -0.773388 0.386452 0.000000
0.376665 -0.053658 -0.027983 0.000000
0.333196 0.126968 0.079605 0.000000
0.244981 -0.085216 0.368994 0.000000
0.283853 -1.014224 0.256231 0.000000
0.343849 -0.780053 0.203602 0.000000
0.375198 0.355884 0.116817 0.000000
0.423592 -1.012037 0.200142 1.000000
0.492898 -1.114677 0.159426 1.000000
0.295605 0.030953 0.305440 0.000000
0.294021 -1.086778 0.214104 0.000000
0.323928 -0.026317 0.182787 0.000000
0.520486 -1.162301 0.149491 1.000000
0.198961 -0.173653 0.448834 0.000000
0.586610 -0.055570 0.451130 0.000000
0.335964 0.104465 0.079256 0.000000
0.121271 -0.226820 -0.047634 0.000000
0.341397 -0.487093 0.187582 0.000000
0.375951 0.036600 0.249893 0.000000
0.331876 0.194183 0.173011 0.000000
0.384102 -0.943302 0.199864 1.000000
0.385500 0.389694 0.152881 0.000000
0.526818 -0.201207 0.132674 0.000000
0.329903 0.089794 0.176933 0.000000
0.336823 -0.164901 0.181445 0.000000
0.460219 0.068042 0.136165 0.000000
0.444591 0.059112 0.195245 0.000000
0.531196 -0.194056 0.156428 0.000000
0.602651 -0.157536 0.108745 0.000000
-0.030703 -0.495744 0.156521 0.000000
0.528649 -0.233882 0.171699 0.000000
0.429296 0.142181 0.122519 0.000000
0.527486 -0.189872 0.144004 0.000000
0.353865 -0.327078 0.200734 0.000000
0.405022 0.219736 0.204341 0.000000
0.296784 -1.023755 0.234592 0.000000
0.388942 0.359264 0.149024 0.000000
0.403856 0.315926 0.124929 0.000000
0.308031 -0.950699 0.237347 0.000000
0.270152 -0.011768 0.334907 0.000000
0.330506 -0.890701 0.209721 0.000000
0.264396 -0.086043 0.178155 0.000000
0.286431 -0.922279 0.238561 0.000000
0.329359 0.243253 0.111057 0.000000
0.329774 0.119884 0.168286 0.000000
0.493730 -0.043069 0.154252 0.000000
0.331640 -0.275547 0.192400 0.000000
0.397274 -0.207172 0.297955 0.000000
0.333877 0.357922 0.123521 0.000000
0.307248 0.019381 0.165201 0.000000
0.335132 -0.828119 0.201557 0.000000
0.347322 -0.432369 0.243365 0.000000
0.342090 0.204169 0.203214 0.000000
0.075012 -0.369369 0.172760 0.000000
0.332515 0.140739 0.249954 0.000000
0.302688 -0.956731 0.211300 0.000000
0.328599 -0.113352 0.190647 0.000000
0.471573 -1.084215 0.180713 1.000000
0.399544 0.332802 0.162990 0.000000
0.353238 -0.421681 0.238060 0.000000
0.276917 -0.058238 0.170878 0.000000
0.368921 -0.559634 0.302565 0.000000
0.329060 -0.355666 0.227905 0.000000
0.369762 0.430643 0.114181 0.000000
0.382042 -0.024084 0.255058 0.000000
0.461385 0.094277 0.130631 0.000000
0.393489 0.049744 0.021817 0.000000
0.354293 0.296048 0.106066 0.000000
0.337901 0.209239 0.096402 0.000000
0.305035 -0.052619 0.033612 0.000000
0.127084 -0.318168 0.169288 0.000000
0.326782 0.094769 0.072297 0.000000
0.335826 -0.602665 0.210036 0.000000
0.320598 -1.107111 0.237979 0.000000
0.372801 -0.717758 0.358670 0.000000
0.351524 -0.445489 0.270063 0.000000
0.347603 0.201112 0.095606 0.000000
0.332956 -0.761019 0.206620 0.000000
0.512810 -0.207976 -0.027144 0.000000
0.455348 -0.012849 0.350984 0.000000
0.345997 -0.324344 0.196065 0.000000
0.298935 -0.991435 0.226706 0.000000
0.309726 -0.891105 0.241705 0.000000
0.347638 0.164189 0.120822 0.000000
0.363543 -0.787753 0.385658 0.000000
0.496082 -0.139745 0.168648 0.000000
0.497293 -1.129004 0.153146 1.000000
0.355008 -0.394300 0.228742 0.000000
0.274380 0.048244 0.286309 0.000000
0.329792 0.157351 0.173422 0.000000
0.367047 -0.499978 0.285105 0.000000
0.415050 0.001212 0.306702 0.000000
0.287347 -0.935365 0.232646 0.000000
0.516310 -0.100959 0.148064 0.000000
0.422485 0.204094 0.121861 0.000000
0.142074 -0.291123 0.167140 0.000000
0.332422 0.215313 0.161610 0.000000
0.433411 0.096480 0.178424 0.000000
0.378493 -0.699809 0.357272 0.000000
0.375379 -0.653415 0.337121 0.000000
0.337193 -0.366427 0.194012 0.000000
0.396168 0.389833 0.147661 0.000000
0.467574 0.019997 0.113724 0.000000
0.300825 -1.002155 0.203120 0.000000
0.425277 -0.005420 0.316624 0.000000
-0.055738 -0.516696 0.133918 0.000000
-0.051123 -0.507989 0.139146 0.000000
0.229537 -0.191771 -0.022049 0.000000
0.380218 0.317393 0.115443 0.000000
0.529210 -0.179306 0.161794 0.000000
0.440223 -1.036561 0.167074 1.000000
0.465818 -0.065275 0.188255 0.000000
0.353544 0.304374 0.168181 0.000000
0.395342 0.068084 0.227178 0.000000
0.443223 0.101464 0.125344 0.000000
0.531722 -1.178723 0.150178 1.000000
0.321948 0.203298 0.116257 0.000000
0.335400 -0.696279 0.204468 0.000000
0.367000 -0.524776 0.296390 0.000000
0.309785 -0.978792 0.216214 0.000000
0.139769 -0.281776 0.165910 0.000000
0.356563 0.078863 0.170861 0.000000
0.469948 -0.092099 0.053524 0.000000
0.331872 0.237433 0.211938 0.000000
0.572463 -0.134597 0.119208 0.000000
0.139426 -0.306910 0.165205 0.000000
0.379427 0.422136 0.131758 0.000000
0.522745 -0.038953 0.401032 0.000000
0.568239 -1.279909 0.128708 1.000000
0.469744 0.023902 0.147986 0.000000
0.481922 -0.043574 0.116612 0.000000
0.326783 0.288703 0.104207 0.000000
0.307707 -0.917199 0.244884 0.000000
0.431335 -0.061668 0.221972 0.000000
0.345612 0.103519 0.164227 0.000000
0.327394 -0.606483 0.198359 0.000000
0.382842 0.030653 0.239317 0.000000
0.332943 -0.739917 0.207568 0.000000
0.275111 -1.071964 0.252987 0.000000
0.440986 0.092032 0.126053 0.000000
0.329587 -0.312860 0.193453 0.000000
0.387984 0.024484 0.256589 0.000000
0.330350 0.350577 0.117724 0.000000
0.217051 -0.190360 0.157421 0.000000
0.503715 -0.151109 0.163123 0.000000
0.348289 0.368290 0.115876 0.000000
0.296428 -0.894631 0.232996 0.000000
0.315682 -0.993939 0.233461 0.000000
0.357010 -0.681134 0.331633 0.000000
0.307734 -0.904127 0.204560 0.000000
0.400055 -0.920833 0.486839 0.000000
0.285542 -0.038943 0.155620 0.000000
0.435772 -0.017969 0.316660 0.000000
0.321543 -0.894905 0.224443 0.000000
0.473094 -1.061883 0.191220 1.000000
0.314154 -0.926504 0.227942 0.000000
0.401809 0.252886 0.116907 0.000000
0.494557 -0.046640 0.112257 0.000000
0.351713 -0.894500 0.220735 1.000000
0.394391 0.276210 0.162850 0.000000
0.449092 -1.037239 0.182553 1.000000
0.390964 -0.792960 0.401987 0.000000
0.343891 0.429335 0.151236 0.000000
0.370924 -0.577673 0.305165 0.000000
0.427092 0.159957 0.172949 0.000000
0.300989 -1.043439 0.211438 0.000000
0.387853 -0.006487 0.248017 0.000000
0.010436 -0.454618 0.159042 0.000000
0.245793 -0.124639 0.153404 0.000000
0.422283 0.144121 0.185209 0.000000
0.444763 0.144658 0.129139 0.000000
0.333656 -0.320608 0.192448 0.000000
0.210502 -0.197776 -0.024479 0.000000
0.323907 -0.248668 0.194373 0.000000
0.383451 -0.646656 0.339227 0.000000
0.326544 -0.874387 0.206391 0.000000
0.255909 -0.108840 0.167581 0.000000
0.438355 0.047547 0.200486 0.000000
0.436843 0.109499 0.123491 0.000000
0.315437 -0.961793 0.212985 0.000000
0.388361 -0.902983 0.474981 0.000000
0.336784 0.174568 0.077234 0.000000
0.428590 -0.092227 0.233085 0.000000
0.413720 0.155210 0.095877 0.000000
0.353036 0.253747 0.178133 0.000000
0.462849 -0.019756 0.351793 0.000000
0.079936 -0.389013 0.167593 0.000000
0.411920 0.265508 0.121800 0.000000
0.399016 0.102832 0.229705 0.000000
0.472593 0.035522 0.144550 0.000000
0.355222 -0.512225 0.270811 0.000000
0.322540 0.183228 0.115871 0.000000
0.321790 -0.690082 0.201244 0.000000
0.464743 0.020031 0.141632 0.000000
0.378707 -0.888678 0.451611 0.000000
0.427876 0.119265 0.120283 0.000000
0.304582 -0.882335 0.228592 0.000000
0.335458 -0.522421 0.194092 0.000000
0.379826 0.354534 0.146845 0.000000
0.361684 -0.917172 0.228363 1.000000
0.281838 -1.057335 0.250665 0.000000
0.325532 -0.939306 0.224722 0.000000
0.352584 0.102544 0.159260 0.000000
0.480159 -1.079690 0.177538 1.000000
0.342378 -0.802319 0.208209 0.000000
0.435593 -0.978011 0.601397 0.000000
0.327434 -0.239293 0.191183 0.000000
0.357387 -0.460286 0.245555 0.000000
0.369630 -0.581565 0.313189 0.000000
0.306820 -0.015892 0.044897 0.000000
0.588971 -0.141650 0.116708 0.000000
0.180078 -0.273971 0.578575 0.000000
0.330518 -0.799307 0.217525 0.000000
0.303058 -0.976358 0.210899 0.000000
0.288418 -1.068461 0.244161 0.000000
0.399713 0.343246 0.125974 0.000000
0.397850 0.373169 0.153506 0.000000
0.398380 0.234671 0.206062 0.000000
0.330133 -0.159082 0.190342 0.000000
0.524360 -1.140004 0.168275 1.000000
0.289607 -0.922227 0.222666 0.000000
0.337078 0.112662 0.156730 0.000000
0.368259 0.434107 0.124341 0.000000
0.292240 0.071067 0.269856 0.000000
0.039565 -0.405836 0.174807 0.000000
0.324567 -0.562804 0.197421 0.000000
-0.071344 -0.535690 0.132892 0.000000
0.043466 -0.429902 0.160688 0.000000
0.423171 0.218670 0.127672 0.000000
0.063318 -0.398618 0.167004 0.000000
0.199361 -0.209616 0.159138 0.000000
0.323869 0.000011 0.173028 0.000000
0.285107 -1.010554 0.246680 0.000000
0.324540 -0.853037 0.212035 0.000000
0.293576 0.066339 0.276569 0.000000
0.320297 -0.314981 0.212015 0.000000
0.338519 -0.472361 0.203076 0.000000
0.438941 -1.025952 0.179687 1.000000
0.343469 0.287469 0.164419 0.000000
0.418734 -0.962057 0.574231 0.000000
0.436323 0.162153 0.129089 0.000000
0.384174 -0.016212 -0.001661 0.000000
0.417074 0.152016 0.186726 0.000000
0.335016 0.334634 0.111003 0.000000
0.506793 -0.165057 0.156563 0.000000
0.326048 0.185440 0.169542 0.000000
0.430500 0.139972 0.174887 0.000000
0.218368 -0.179176 0.153337 0.000000
0.426332 0.089060 0.085695 0.000000
0.335249 -0.339671 0.220103 0.000000
0.524799 -0.102880 0.117269 0.000000
0.402944 0.323989 0.124079 0.000000
0.448381 0.023722 0.187770 0.000000
0.337754 -0.548980 0.193142 0.000000
0.507121 -0.218699 -0.029772 0.000000
0.492087 -0.118261 0.042658 0.000000
0.332659 -0.461721 0.193121 0.000000
0.529175 -0.163867 0.158651 0.000000
0.399383 -0.903218 0.464840 0.000000
0.418785 -0.970256 0.585614 0.000000
0.296364 -0.959257 0.240818 0.000000
0.336504 0.071198 0.064573 0.000000
-0.021182 -0.482791 0.147445 0.000000
0.319804 -1.098227 0.235740 0.000000
0.338709 -0.602696 0.190273 0.000000
0.346483 0.171084 0.094398 0.000000
0.310766 -0.863755 0.228956 0.000000
0.135174 -0.297035 0.168439 0.000000
0.595051 -1.292319 0.118113 1.000000
0.427639 0.103696 0.193083 0.000000
0.393445 0.190114 0.093648 0.000000
0.335210 0.207239 0.171699 0.000000
0.017570 -0.455368 0.148936 0.000000
0.332177 -0.139270 0.181492 0.000000
0.296198 -0.914844 0.232737 0.000000
0.340745 -0.347787 0.192419 0.000000
0.344550 -0.814623 0.214085 0.000000
0.369471 -0.038037 0.263418 0.000000
0.174922 -0.264262 0.166825 0.000000
0.438943 0.037248 0.200549 0.000000
0.444002 -0.024283 0.061769 0.000000
0.281139 -0.053973 0.148428 0.000000
0.434169 0.085586 0.121141 0.000000
0.433828 -1.025379 0.192489 1.000000
0.335291 0.262941 0.162501 0.000000
0.336194 -0.393597 0.181694 0.000000
0.340320 0.247770 0.204617 0.000000
0.293821 -0.060407 0.039524 0.000000
0.338899 -0.553893 0.207310 0.000000
0.272474 -1.061537 0.251023 0.000000
0.492038 -0.028329 0.376322 0.000000
0.489622 0.013656 0.127314 0.000000
0.421146 0.095474 0.096065 0.000000
0.216284 -0.092217 0.384859 0.000000
0.334916 -0.408043 0.201246 0.000000
0.514142 -1.164952 0.142980 1.000000
0.292204 -1.072188 0.210346 0.000000
0.396529 0.012080 0.282566 0.000000
0.210466 -0.205027 0.160139 0.000000
0.457925 -0.033404 0.189025 0.000000
0.097559 -0.365801 0.167493 0.000000
0.302732 -0.039818 0.042797 0.000000
0.412580 -0.956981 0.558495 0.000000
0.342368 0.308215 0.173877 0.000000
0.307338 0.008196 0.174900 0.000000
0.288692 -0.947609 0.242523 0.000000
0.474965 -1.091249 0.171122 1.000000
0.444091 0.076386 0.120949 0.000000
0.404605 0.235245 0.200364 0.000000
0.390052 0.406708 0.149870 0.000000
0.290295 -0.097864 0.024112 0.000000
0.420217 -0.979032 0.580278 0.000000
0.307142 -1.009813 0.211722 0.000000
0.442627 -0.028591 0.216728 0.000000
0.433611 0.075522 0.191384 0.000000
0.291923 -0.088597 0.029824 0.000000
0.435841 0.145050 0.166361 0.000000
0.359158 -0.536610 0.271374 0.000000
0.379255 -0.038105 -0.020233 0.000000
0.213164 -0.109844 0.395627 0.000000
0.190983 -0.182142 0.462474 0.000000
0.312021 -0.912634 0.239174 0.000000
0.196118 -0.157122 0.438019 0.000000
0.516776 -0.284631 0.194252 0.000000
0.398316 0.246283 0.169456 0.000000
0.412320 0.199027 0.123356 0.000000
0.359673 -0.907378 0.219266 1.000000
0.427969 0.061105 0.093018 0.000000
0.615035 -1.327521 0.117296 1.000000
0.309016 -0.880072 0.220480 0.000000
-0.031907 -0.494776 0.148643 0.000000
0.444300 -1.029803 0.165606 1.000000
0.424864 -1.005897 0.189199 1.000000
0.351738 -0.455898 0.259161 0.000000
0.336447 -0.246780 0.201388 0.000000
0.516397 -0.269638 0.182415 0.000000
0.334189 -0.821193 0.209773 0.000000
0.288659 -0.980478 0.237960 0.000000
0.392615 0.093949 0.227514 0.000000
0.445520 0.029009 0.179407 0.000000
0.319653 -0.306226 0.198132 0.000000
0.438155 0.026150 0.081790 0.000000
0.334409 0.160212 0.232291 0.000000
0.185943 -0.216433 0.152428 0.000000
0.398336 -0.937806 0.515109 0.000000
0.341853 0.245262 0.160056 0.000000
0.439211 -0.002677 0.200734 0.000000
0.325840 -0.543462 0.200680 0.000000
0.294671 -1.036526 0.236759 0.000000
0.418232 0.227486 0.165735 0.000000
0.419749 -0.129391 0.248902 0.000000
-0.007282 -0.469761 0.160398 0.000000
0.277506 -1.054695 0.243752 0.000000
0.352832 0.279217 0.104017 0.000000
0.342048 0.205163 0.211153 0.000000
0.502022 -1.118785 0.168345 1.000000
0.398573 0.108371 0.220859 0.000000
0.331311 -0.557088 0.206966 0.000000
0.455928 0.083052 0.134812 0.000000
0.326512 -0.525499 0.199985 0.000000
0.263537 0.009311 0.315890 0.000000
0.337579 -0.685902 0.203508 0.000000
0.449528 0.105466 0.132702 0.000000
0.500298 -0.270141 -0.072216 0.000000
0.565612 -1.227588 0.139670 1.000000
0.386369 0.305360 0.126683 0.000000
0.328753 0.135657 0.174983 0.000000
0.400644 -0.189978 0.287111 0.000000
0.366927 -0.919666 0.180900 1.000000
0.433732 0.086218 0.188089 0.000000
0.395357 0.198091 0.209448 0.000000
0.410315 0.286744 0.121897 0.000000
0.050907 -0.399649 0.172576 0.000000
0.523217 -0.151871 0.146981 0.000000
0.326265 -0.066332 0.186864 0.000000
0.354720 0.073108 0.194804 0.000000
0.335460 -0.848484 0.202440 0.000000
0.327394 0.139700 0.237147 0.000000
0.362584 -0.530759 0.283097 0.000000
0.257377 -0.057551 0.353798 0.000000
0.332079 -0.638172 0.210743 0.000000
0.352778 0.416835 0.150461 0.000000
0.338674 -0.709552 0.205095 0.000000
0.392568 -0.698744 0.360277 0.000000
0.344254 -0.873902 0.197899 1.000000
0.376503 0.334193 0.125672 0.000000
0.420191 0.132617 0.122452 0.000000
0.335029 -0.193678 0.188378 0.000000
-0.104883 -0.567094 0.124524 0.000000
0.297127 -0.047994 0.043618 0.000000
0.343660 -0.648334 0.200640 0.000000
0.330691 -0.374628 0.195688 0.000000
0.292568 -0.024121 0.161082 0.000000
0.389813 0.395526 0.147992 0.000000
0.298897 -1.078426 0.234097 0.000000
0.552812 -1.199387 0.146210 1.000000
-0.067390 -0.526858 0.131444 0.000000
0.320591 -0.020030 0.042341 0.000000
0.334936 -0.490138 0.192681 0.000000
0.351575 -0.897052 0.229570 1.000000
0.359588 -0.570078 0.296265 0.000000
0.409691 0.257834 0.164081 0.000000
0.321790 -0.925160 0.219541 0.000000
0.389710 0.170261 0.076734 0.000000
0.437878 0.091769 0.182946 0.000000
0.126713 -0.290798 0.168443 0.000000
0.346393 0.256125 0.190074 0.000000
0.438325 0.087614 0.174254 0.000000
0.476531 0.021906 0.137674 0.000000
0.398548 0.100036 0.048032 0.000000
0.347670 -0.427894 0.263565 0.000000
0.420532 -0.965220 0.565349 0.000000
0.339955 -0.332986 0.192192 0.000000
0.433745 -0.085548 0.233859 0.000000
0.433674 -1.029752 0.168756 1.000000
0.537193 -1.187784 0.146172 1.000000
0.329754 0.103296 0.171490 0.000000
0.297118 -0.017567 0.174723 0.000000
0.365860 -0.745783 0.367332 0.000000
0.408954 -0.179674 0.279531 0.000000
0.428183 -1.005898 0.202028 1.000000
0.320935 -0.168805 0.188102 0.000000
0.344902 0.232533 0.195814 0.000000
0.324512 -0.215011 0.189046 0.000000
0.398404 0.218219 0.208369 0.000000
0.387076 -0.822774 0.414896 0.000000
0.336918 -0.177240 0.189597 0.000000
0.355459 0.078315 0.185140 0.000000
0.399529 0.062448 0.033759 0.000000
0.298281 -1.099011 0.225711 0.000000
0.330796 -0.255816 0.195188 0.000000
0.328027 -0.491916 0.185866 0.000000
0.331469 -0.505799 0.202848 0.000000
0.354983 -0.469852 0.266049 0.000000
0.335485 -0.768359 0.207906 0.000000
0.524124 -0.240793 0.172712 0.000000
0.403319 0.185945 0.124321 0.000000
0.328458 -0.619829 0.204899 0.000000
0.387991 0.041528 0.235883 0.000000
0.308435 -1.037393 0.226900 0.000000
0.404096 0.315186 0.160977 0.000000
0.246307 -0.043716 0.346112 0.000000
0.433781 0.121845 0.175704 0.000000
0.478243 0.033751 0.138188 0.000000
0.347535 -0.881309 0.224703 0.000000
-0.019835 -0.488504 0.142105 0.000000
0.268336 -0.148022 0.007819 0.000000
0.339053 0.314529 0.170592 0.000000
0.329447 0.250052 0.163906 0.000000
0.362025 -0.558134 0.291787 0.000000
0.384940 0.450233 0.144049 0.000000
0.333577 -0.436961 0.194963 0.000000
0.341094 -0.835379 0.204659 0.000000
0.358764 -0.512219 0.291706 0.000000
0.478024 -1.098840 0.167598 1.000000
0.369035 0.448056 0.123924 0.000000
0.359076 -0.521908 0.268728 0.000000
-0.085453 -0.557154 0.134475 0.000000
0.510157 -0.181869 -0.003886 0.000000
0.336160 -0.615485 0.198664 0.000000
0.334945 0.196311 0.158748 0.000000
0.281270 -1.052101 0.256527 0.000000
0.372811 0.488600 0.133057 0.000000
0.311295 0.044858 0.065399 0.000000
0.310670 -0.854528 0.218250 0.000000
0.314132 -0.964629 0.222445 0.000000
0.216525 -0.124622 0.400602 0.000000
0.332342 -0.813786 0.220053 0.000000
0.314547 0.036689 0.178706 0.000000
0.346111 -0.384785 0.231487 0.000000
0.638458 -0.167290 0.098103 0.000000
0.342626 -0.722512 0.201039 0.000000
0.307972 -0.939974 0.212839 0.000000
0.337220 -0.559222 0.191873 0.000000
0.481395 -0.099785 0.184207 0.000000
0.398892 0.302237 0.164679 0.000000
0.310342 0.085060 0.269870 0.000000
0.270205 -0.064973 0.169235 0.000000
0.195173 -0.201262 0.485640 0.000000
0.327674 -0.675907 0.198278 0.000000
0.346420 -0.393288 0.225756 0.000000
0.325532 -0.346098 0.187857 0.000000
0.320620 -1.026150 0.228657 0.000000
0.529434 -0.210549 0.163926 0.000000
0.414841 -0.005666 0.291613 0.000000
0.314151 -0.886054 0.237729 0.000000
0.421529 0.192349 0.170471 0.000000
0.338993 0.225559 0.097881 0.000000
0.399947 -0.931515 0.499666 0.000000
0.453466 -0.030148 0.071074 0.000000
0.283597 -1.116157 0.255289 0.000000
0.321499 0.052972 0.178635 0.000000
0.285888 -0.957274 0.228693 0.000000
0.332271 -0.852274 0.218355 0.000000
0.331321 0.164506 0.219190 0.000000
0.415704 -0.169175 0.270404 0.000000
0.530763 -0.251952 0.179259 0.000000
0.333453 0.157806 0.123533 0.000000
0.185027 -0.204951 0.498267 0.000000
0.394603 0.401530 0.144975 0.000000
0.594245 -1.304500 0.117529 1.000000
0.399772 0.118259 0.227147 0.000000
0.269858 -1.052522 0.242251 0.000000
0.422339 -0.999411 0.213372 1.000000
0.398001 0.084673 0.230161 0.000000
0.346098 0.173993 0.109764 0.000000
0.333533 -0.355516 0.192025 0.000000
0.329146 -0.694057 0.209358 0.000000
0.415620 -1.002587 0.172050 1.000000
0.502359 -0.069475 0.135725 0.000000
0.363899 -0.684866 0.338824 0.000000
0.435198 0.064751 0.203921 0.000000
0.336757 0.076042 0.071279 0.000000
0.297908 -0.957514 0.220854 0.000000
0.396245 -0.959735 0.221995 1.000000
0.319801 0.099307 0.266298 0.000000
0.498081 -0.028284 0.382863 0.000000
0.282251 -0.986826 0.241334 0.000000
0.228052 -0.191622 0.168609 0.000000
0.358487 -0.445958 0.234716 0.000000
0.338292 0.190730 0.081136 0.000000
0.353727 0.436039 0.147889 0.000000
0.324614 -0.226418 0.185448 0.000000
0.402765 0.077040 0.228593 0.000000
0.439541 0.137888 0.128718 0.000000
0.341346 -0.443275 0.182719 0.000000
0.340660 0.366929 0.115591 0.000000
0.259576 -0.016654 0.329005 0.000000
0.317620 -0.882690 0.202088 0.000000
0.402177 0.205129 0.101579 0.000000
0.434734 0.175772 0.126932 0.000000
0.093870 -0.344230 0.173988 0.000000
0.393263 0.284077 0.117797 0.000000
0.284170 0.059141 0.279546 0.000000
0.294251 -0.992324 0.216300 0.000000
0.290987 -0.992414 0.245271 0.000000
0.327124 -0.035259 0.179356 0.000000
0.332712 -0.753665 0.214023 0.000000
0.198777 -0.113588 0.400338 0.000000
0.156998 -0.217453 -0.041550 0.000000
0.439635 -0.018988 0.207021 0.000000
0.376766 0.449222 0.129151 0.000000
0.322679 0.217120 0.110346 0.000000
0.449069 -0.037599 0.062440 0.000000
0.338899 0.178636 0.087067 0.000000
-0.014726 -0.477588 0.151970 0.000000
0.403077 0.196446 0.121865 0.000000
0.325755 -0.424233 0.192254 0.000000
0.334042 -0.873288 0.210283 0.000000
0.302029 -1.016748 0.207957 0.000000
0.428891 0.057698 0.083586 0.000000
0.490451 -0.115106 0.180103 0.000000
0.442413 0.066258 0.184660 0.000000
0.437204 -0.988747 0.607215 0.000000
0.438560 0.030681 0.194907 0.000000
0.331750 0.239502 0.103018 0.000000
0.317120 -0.907913 0.226424 0.000000
0.413752 -0.955684 0.535398 0.000000
0.371822 0.379036 0.116015 0.000000
0.366111 -0.537688 0.295097 0.000000
0.453234 -0.013472 0.187760 0.000000
0.103237 -0.351011 0.170733 0.000000
0.330238 0.025922 0.179295 0.000000
-0.029804 -0.491501 0.141318 0.000000
0.329556 0.058958 0.065380 0.000000
0.359651 -0.491626 0.249963 0.000000
0.340767 -0.629070 0.199404 0.000000
0.392962 0.326151 0.147586 0.000000
0.315333 -0.004150 0.049336 0.000000
0.291772 -1.086331 0.229394 0.000000
0.315252 -1.082065 0.230322 0.000000
0.320501 -1.035507 0.235219 0.000000
0.468738 -0.078160 0.058868 0.000000
0.321510 -0.920682 0.204394 0.000000
0.372566 -0.666390 0.344890 0.000000
0.300754 -0.005788 0.162270 0.000000
0.296848 -1.071142 0.223785 0.000000
0.392770 0.207309 0.097378 0.000000
0.340181 0.300638 0.165002 0.000000
0.426905 -0.077497 0.227499 0.000000
0.395476 -0.960206 0.194987 1.000000
0.337099 -0.229448 0.188342 0.000000
0.357456 -0.498973 0.287508 0.000000
0.342531 -0.330634 0.209521 0.000000
0.414799 0.241818 0.130310 0.000000
0.334567 -0.383817 0.239419 0.000000
0.327294 -0.083883 0.183482 0.000000
0.386327 0.433281 0.146222 0.000000
0.032450 -0.425507 0.164493 0.000000
0.233943 -0.169214 0.165489 0.000000
0.399220 0.212632 0.096157 0.000000
0.334970 -0.777356 0.207957 0.000000
0.301227 -0.947279 0.235673 0.000000
0.302953 -1.057828 0.224050 0.000000
0.325312 -0.487747 0.191972 0.000000
0.516416 -0.077813 0.154396 0.000000
0.400150 0.172072 0.088363 0.000000
0.287823 -0.033797 0.164331 0.000000
0.358928 -0.577698 0.293710 0.000000
0.342768 -0.449719 0.186731 0.000000
0.508462 -0.084833 0.113602 0.000000
0.299680 -0.891457 0.219776 0.000000
0.507104 -1.133756 0.168300 1.000000
0.329479 -0.773362 0.201443 0.000000
0.322105 -0.008345 0.183829 0.000000
0.354088 0.263367 0.101336 0.000000
0.345326 0.378005 0.129735 0.000000
0.336590 -0.493416 0.199430 0.000000
0.192162 -0.168998 0.449205 0.000000
0.345968 -0.714424 0.212236 0.000000
0.377255 -0.896934 0.469065 0.000000
0.318911 -0.889345 0.229884 0.000000
0.185945 -0.209228 -0.033251 0.000000
0.363822 -0.736180 0.362339 0.000000
0.312504 -0.895525 0.223842 0.000000
0.366324 -0.922611 0.218156 1.000000
0.387226 -0.890328 0.459681 0.000000
0.311205 -0.934233 0.230289 0.000000
0.321028 0.017548 0.179290 0.000000
0.378918 0.460809 0.147159 0.000000
0.183040 -0.262333 0.562775 0.000000
0.332200 0.141674 0.079472 0.000000
0.322218 0.131021 0.235057 0.000000
0.394364 0.111769 0.054287 0.000000
0.162656 -0.245071 0.157405 0.000000
0.335628 -0.286392 0.191700 0.000000
0.272899 0.013668 0.313198 0.000000
0.446508 -0.981935 0.605496 0.000000
0.186539 -0.244614 0.531861 0.000000
0.438153 -0.102222 0.242994 0.000000
0.339765 -0.575142 0.189278 0.000000
0.507748 -0.258923 -0.059622 0.000000
0.322785 -0.970563 0.223279 0.000000
0.353706 -0.463532 0.260281 0.000000
0.334098 -0.576149 0.202675 0.000000
0.301998 -1.003118 0.221119 0.000000
0.316459 -0.943141 0.215506 0.000000
0.325695 -0.415784 0.192316 0.000000
0.392575 0.072729 0.035679 0.000000
0.318349 -1.001175 0.234432 0.000000
0.316608 0.125803 0.230882 0.000000
0.248211 -0.114877 0.148274 0.000000
0.395096 -0.886769 0.456061 0.000000
0.515854 -0.111101 0.137769 0.000000
0.334836 -0.805313 0.209979 0.000000
0.052907 -0.410492 0.166179 0.000000
0.340032 -0.828757 0.218471 0.000000
0.220702 -0.068121 0.365826 0.000000
0.422513 -0.981660 0.587132 0.000000
0.356210 -0.452266 0.244284 0.000000
0.289183 -1.058540 0.249081 0.000000
0.193012 -0.220143 0.157534 0.000000
0.397274 0.255628 0.108737 0.000000
0.509090 -1.125121 0.175287 1.000000
0.430695 -0.106635 0.241710 0.000000
-0.051539 -0.520006 0.148292 0.000000
0.315542 0.044599 0.173811 0.000000
0.330614 -0.906914 0.215763 0.000000
0.405901 0.306103 0.161573 0.000000
0.324322 -0.007264 0.175176 0.000000
0.522910 -1.174600 0.142151 1.000000
0.367687 0.338594 0.117368 0.000000
0.470286 -1.068058 0.181480 1.000000
0.456536 -0.046376 0.065331 0.000000
0.270014 -1.026497 0.240832 0.000000
0.366357 -0.571991 0.303054 0.000000
0.288616 -0.927889 0.232354 0.000000
0.426874 0.102629 0.089897 0.000000
0.607572 -1.300943 0.118056 1.000000
0.289881 -1.061815 0.233971 0.000000
0.527235 -0.171446 0.156747 0.000000
0.532387 -1.211088 0.133228 1.000000
0.334778 0.270231 0.098792 0.000000
0.438692 0.018357 0.075800 0.000000
0.485493 -1.105139 0.164445 1.000000
0.026953 -0.444377 0.159498 0.000000
0.581090 -1.258871 0.127871 1.000000
0.315912 -1.074072 0.233758 0.000000
0.329991 -0.527363 0.190531 0.000000
0.383005 0.314149 0.123740 0.000000
0.335737 -0.508696 0.185352 0.000000
0.280331 -0.050279 0.163883 0.000000
0.337462 -0.542277 0.206098 0.000000
0.435989 -1.013027 0.188091 1.000000
0.015114 -0.445968 0.163090 0.000000
0.326502 -0.796011 0.205340 0.000000
0.382732 -0.876634 0.446683 0.000000
0.463422 0.076929 0.135463 0.000000
0.347758 0.415362 0.119558 0.000000
0.350413 0.351071 0.160583 0.000000
0.312882 -1.064902 0.237628 0.000000
0.556631 -1.233435 0.132489 1.000000
0.476470 -0.079221 0.189811 0.000000
0.335535 -0.858814 0.222534 0.000000
0.454086 0.118778 0.133758 0.000000
0.327580 -0.096550 0.185893 0.000000
0.415504 -0.959262 0.550296 0.000000
0.470960 -0.018275 0.361733 0.000000
0.189201 -0.229674 0.519216 0.000000
0.286344 -0.946666 0.232937 0.000000
0.329338 -0.348121 0.201750 0.000000
0.462855 0.104220 0.124380 0.000000
0.324698 -0.334221 0.221659 0.000000
0.396524 0.303360 0.176835 0.000000
0.538844 -1.207300 0.139923 1.000000
0.387367 0.322996 0.154572 0.000000
0.329030 -0.151823 0.188428 0.000000
0.328530 -0.474268 0.199925 0.000000
0.288574 -0.961561 0.244561 0.000000
0.452398 -0.000601 0.189065 0.000000
0.342810 -0.840093 0.217834 0.000000
0.328763 -0.102117 0.193795 0.000000
0.337714 -0.808269 0.220291 0.000000
0.320540 -0.105057 0.179336 0.000000
0.329632 -0.379432 0.189994 0.000000
0.369817 -0.611664 0.324290 0.000000
0.315709 0.085983 0.065300 0.000000
0.488917 -0.004937 0.138551 0.000000
0.357669 0.421613 0.120719 0.000000
0.340177 0.278357 0.190858 0.000000
0.334941 -0.372448 0.239603 0.000000
0.228843 -0.183995 -0.022045 0.000000
0.326476 -0.887489 0.217219 0.000000
0.522163 -0.135269 0.144859 0.000000
0.253364 -0.112981 0.161538 0.000000
0.389749 -0.955437 0.208668 1.000000
0.380274 -0.035536 0.263929 0.000000
0.522099 -1.138170 0.159453 1.000000
0.409009 0.193932 0.128098 0.000000
0.440567 0.016086 0.197165 0.000000
0.271122 -1.040290 0.237762 0.000000
0.546423 -0.123143 0.113034 0.000000
0.368852 -0.592724 0.309285 0.000000
0.344384 -0.825443 0.207560 0.000000
0.397092 0.344889 0.153500 0.000000
0.480961 -0.008375 0.144148 0.000000
0.412345 0.218506 0.169503 0.000000
0.477522 0.006039 0.142110 0.000000
0.273131 -0.134271 0.018138 0.000000
0.336499 -0.392961 0.240555 0.000000
0.303547 -0.906711 0.240844 0.000000
0.450581 0.056480 0.119075 0.000000
0.188068 -0.207696 0.151720 0.000000
-0.063881 -0.525725 0.140629 0.000000
0.321138 0.067348 0.066073 0.000000
0.326334 -0.128323 0.185334 0.000000
0.591215 -1.267132 0.127143 1.000000
0.292501 -1.151995 0.223744 0.000000
0.396377 0.335184 0.128813 0.000000
0.448466 -0.022139 0.068083 0.000000
0.295966 -0.067449 0.037076 0.000000
0.357348 -0.494596 0.264770 0.000000
0.367504 0.351481 0.114458 0.000000
0.380619 -0.661192 0.342271 0.000000
0.495488 -0.026420 0.132190 0.000000
0.388409 -0.955158 0.180686 1.000000
0.324616 0.085306 0.070855 0.000000
0.235140 -1.105799 0.246360 0.000000
0.350422 -0.414765 0.241413 0.000000
0.374442 -0.939678 0.186064 1.000000
0.295979 -1.055867 0.212194 0.000000
0.382713 -0.901464 0.466727 0.000000
0.460881 0.040255 0.142744 0.000000
0.286703 -0.088243 0.036244 0.000000
0.297615 -0.998905 0.234210 0.000000
0.235566 -0.134542 0.152389 0.000000
0.389993 -0.950692 0.200546 1.000000
0.336001 0.346407 0.114632 0.000000
-0.077694 -0.543474 0.124901 0.000000
0.589577 -0.048791 0.452045 0.000000
0.280035 -0.960547 0.236618 0.000000
0.385964 0.362039 0.140896 0.000000
0.015812 -0.459705 0.158244 0.000000
0.515368 -0.091761 0.120038 0.000000
0.349294 0.114262 0.149909 0.000000
0.383910 -0.699006 0.362313 0.000000
0.381068 0.277674 0.117516 0.000000
0.513438 -1.122260 0.168797 1.000000
0.329256 0.132142 0.075996 0.000000
0.192414 -0.149068 0.434234 0.000000
0.275028 -1.045249 0.266898 0.000000
0.329090 -0.496928 0.199804 0.000000
0.325385 0.041170 0.174916 0.000000
0.328961 0.174984 0.168478 0.000000
0.016423 -0.435950 0.169187 0.000000
0.348403 0.294035 0.174682 0.000000
0.557527 -1.247619 0.127943 1.000000
0.340775 -0.343920 0.212293 0.000000
0.392672 -0.947641 0.190456 1.000000
0.347841 0.266187 0.183077 0.000000
0.325086 -0.076535 0.188297 0.000000
0.448288 0.117367 0.128854 0.000000
0.254381 0.005816 0.318222 0.000000
0.329621 -0.017275 0.177661 0.000000
0.278192 0.022322 0.302318 0.000000
0.274717 -0.995788 0.234178 0.000000
0.400098 0.008471 0.272155 0.000000
0.391333 -0.816860 0.413515 0.000000
0.101453 -0.241308 -0.047754 0.000000
0.330593 0.230878 0.108356 0.000000
0.210629 -0.172842 0.140407 0.000000
0.479425 -1.092787 0.158323 1.000000
0.380441 -0.865148 0.437346 0.000000
0.331436 -0.487851 0.200649 0.000000
0.350318 0.402094 0.131749 0.000000
0.259767 -0.095996 0.159466 0.000000
0.328711 -0.198256 0.191067 0.000000
-0.058609 -0.528883 0.128676 0.000000
0.339166 0.378175 0.125636 0.000000
0.359882 -0.551267 0.279097 0.000000
0.516603 -1.171587 0.148398 1.000000
0.323450 -0.323479 0.208231 0.000000
0.313096 -0.860802 0.215176 0.000000
0.108461 -0.234230 -0.046139 0.000000
0.387196 0.012315 0.003394 0.000000
0.342745 -0.887359 0.225396 0.000000
0.322502 -0.859995 0.214607 0.000000
0.339383 -0.668115 0.199635 0.000000
0.352351 -0.386957 0.227760 0.000000
0.337608 0.195800 0.105200 0.000000
0.553623 -1.227590 0.136627 1.000000
0.291694 -1.082652 0.238847 0.000000
0.326575 -0.596315 0.198801 0.000000
0.179771 -0.263708 0.569252 0.000000
0.500711 -1.112855 0.172545 1.000000
0.310581 0.013701 0.161868 0.000000
0.338743 -0.308472 0.199249 0.000000
0.300067 -0.053622 0.038975 0.000000
0.325737 0.135121 0.165798 0.000000
0.327952 -0.060459 0.182581 0.000000
0.335585 -0.396072 0.192676 0.000000
0.406997 0.003527 0.284488 0.000000
0.352295 0.461207 0.147730 0.000000
0.433703 0.188366 0.129260 0.000000
0.483373 -1.092090 0.173261 1.000000
0.332713 0.150366 0.238099 0.000000
0.435552 0.155075 0.127169 0.000000
0.494979 -1.125799 0.160082 1.000000
0.220912 -0.167820 0.147884 0.000000
0.271805 -1.050767 0.263191 0.000000
0.445950 0.065612 0.119843 0.000000
-0.046101 -0.509313 0.144990 0.000000
0.458323 -1.062416 0.171310 1.000000
0.293952 -1.075757 0.246600 0.000000
0.563345 -0.048132 0.436567 0.000000
0.294915 -1.106642 0.234145 0.000000
0.442956 0.017562 0.212898 0.000000
0.299184 -1.052855 0.240175 0.000000
0.395541 -0.868029 0.442984 0.000000
0.386492 0.002268 0.244453 0.000000
0.363573 -0.909350 0.204641 1.000000
0.347513 0.092468 0.171255 0.000000
0.331159 -0.300289 0.195632 0.000000
0.463289 -0.061053 0.193724 0.000000
0.204036 -0.185745 0.144440 0.000000
0.003425 -0.462672 0.151265 0.000000
0.325240 -1.035390 0.227619 0.000000
0.313812 -0.980443 0.228316 0.000000
0.359299 0.295142 0.111378 0.000000
0.400954 0.010889 0.296775 0.000000
0.301166 0.085825 0.258324 0.000000
0.294642 -0.909825 0.225206 0.000000
0.338757 0.190330 0.209587 0.000000
0.342420 0.446804 0.150522 0.000000
0.331191 -0.656454 0.198265 0.000000
0.477859 -0.023571 0.364989 0.000000
0.376322 0.370288 0.116177 0.000000
0.444312 -0.001979 0.214139 0.000000
0.398217 -0.899998 0.474816 0.000000
0.285670 -1.103030 0.257010 0.000000
0.330718 -0.242795 0.185624 0.000000
0.337548 -0.862026 0.212682 0.000000
0.486092 -0.035740 0.108500 0.000000
0.342729 0.122515 0.145657 0.000000
0.230588 -0.048784 0.356826 0.000000
0.302779 0.096409 0.248330 0.000000
0.297516 -0.065306 0.044400 0.000000
0.390844 0.310208 0.181971 0.000000
0.340186 0.235106 0.209990 0.000000
0.330718 -0.596931 0.206442 0.000000
0.632271 -0.161497 0.100743 0.000000
0.337253 -0.263652 0.198719 0.000000
0.403598 0.096196 0.224348 0.000000
0.314434 -0.902391 0.241981 0.000000
0.332712 0.202177 0.166514 0.000000
0.390845 0.035150 0.015458 0.000000
0.418943 0.147979 0.124992 0.000000
0.410535 0.190251 0.178045 0.000000
0.358430 -0.598599 0.294771 0.000000
0.359238 -0.474873 0.251945 0.000000
0.347127 -0.349252 0.215010 0.000000
0.308048 -1.081333 0.239144 0.000000
0.342451 -0.684761 0.208862 0.000000
0.036118 -0.432376 0.167412 0.000000
0.410750 -0.954249 0.543321 0.000000
0.344255 -0.753927 0.203760 0.000000
0.338971 -0.594695 0.189541 0.000000
0.355711 -0.479095 0.256836 0.000000
0.275866 -0.130155 0.000971 0.000000
0.426072 -1.013261 0.180577 1.000000
0.452912 -0.025458 0.336568 0.000000
0.337607 -0.600005 0.196991 0.000000
0.322880 0.006257 0.051647 0.000000
0.327618 0.041370 0.164874 0.000000
0.391234 -0.770948 0.394048 0.000000
0.503608 -1.140551 0.155880 1.000000
0.332958 -0.747680 0.207289 0.000000
0.331106 -0.536736 0.193550 0.000000
0.347158 0.373996 0.167356 0.000000
0.324308 0.127253 0.242665 0.000000
0.353862 -0.353683 0.212954 0.000000
0.299320 -0.931253 0.238794 0.000000
0.410690 0.171228 0.103910 0.000000
0.384075 0.347770 0.143734 0.000000
0.337717 -0.655167 0.207342 0.000000
0.301729 -0.965968 0.253657 0.000000
0.379260 0.477248 0.127415 0.000000
0.463984 0.013696 0.114543 0.000000
0.421236 0.232294 0.123257 0.000000
0.398552 -0.206200 0.305073 0.000000
0.335413 -0.432315 0.200974 0.000000
0.440784 0.021558 0.203936 0.000000
0.343582 0.358969 0.157955 0.000000
0.231233 -0.158822 0.154956 0.000000
0.352650 -0.905118 0.184521 1.000000
0.394432 0.285502 0.159376 0.000000
0.304546 0.072575 0.276674 0.000000
0.285557 0.016513 0.318199 0.000000
0.385511 -0.921611 0.496078 0.000000
0.347870 0.280114 0.178882 0.000000
0.128469 -0.325193 0.167114 0.000000
0.340213 -0.655176 0.200077 0.000000
0.474648 -0.009175 0.105927 0.000000
0.372723 0.391710 0.120647 0.000000
0.326197 0.075318 0.177865 0.000000
0.433061 -0.052083 0.219621 0.000000
0.339460 -0.627721 0.190477 0.000000
0.457796 0.026598 0.116731 0.000000
0.224391 -0.156172 0.142117 0.000000
0.526711 -0.227802 0.168201 0.000000
0.319470 0.132282 0.228437 0.000000
0.329585 -0.764706 0.211992 0.000000
0.331484 0.190233 0.165632 0.000000
0.172724 -0.246389 0.159760 0.000000
0.357275 -0.369703 0.216650 0.000000
0.365264 -0.518167 0.293552 0.000000
0.390748 0.351165 0.159536 0.000000
0.338442 0.379330 0.156814 0.000000
0.438609 -0.041500 0.213754 0.000000
0.299370 -1.044064 0.236398 0.000000
0.300540 -1.077136 0.219897 0.000000
0.504996 -0.157395 0.016864 0.000000
0.393506 -0.765967 0.388356 0.000000
0.381122 -0.943017 0.207482 1.000000
0.397340 0.056703 0.238710 0.000000
0.241422 -0.157510 0.162269 0.000000
0.430964 -0.113285 0.238661 0.000000
0.336713 0.182593 0.111513 0.000000
0.579640 -1.278551 0.121503 1.000000
0.322084 -0.108075 0.191718 0.000000
0.593134 -1.276339 0.122812 1.000000
0.397751 -0.952511 0.543866 0.000000
0.497107 -0.037431 0.135247 0.000000
0.513169 -0.090424 0.138791 0.000000
0.472176 0.044882 0.134358 0.000000
0.386716 0.352061 0.150002 0.000000
0.406359 0.181150 0.109324 0.000000
0.398897 0.302230 0.126561 0.000000
0.252019 -0.136113 0.171396 0.000000
0.469143 0.049900 0.139129 0.000000
0.378175 0.428888 0.127498 0.000000
0.317828 0.040864 0.061302 0.000000
0.337199 0.322884 0.156089 0.000000
0.250883 -0.123617 0.166730 0.000000
0.431624 0.149018 0.123005 0.000000
0.315876 0.107480 0.251700 0.000000
0.371836 -0.828839 0.412661 0.000000
0.496684 -0.151512 0.026495 0.000000
0.347406 0.385486 0.158287 0.000000
0.400727 -0.782720 0.397729 0.000000
0.388775 0.316888 0.133421 0.000000
0.356761 -0.638608 0.318522 0.000000
0.359216 -0.399257 0.225579 0.000000
0.395034 0.207712 0.213229 0.000000
0.422571 -1.004665 0.170028 1.000000
0.327671 -0.842575 0.204101 0.000000
0.537708 -1.194626 0.143897 1.000000
0.491758 -0.065661 0.108760 0.000000
0.395252 0.118527 0.057085 0.000000
0.227767 -0.069673 0.368556 0.000000
0.437988 0.032640 0.067614 0.000000
0.409648 0.249397 0.166033 0.000000
0.088382 -0.357333 0.172189 0.000000
0.558456 -0.135039 0.114316 0.000000
0.331242 -0.242012 0.199036 0.000000
0.341130 -0.698854 0.200385 0.000000
0.367601 -0.724534 0.359212 0.000000
0.289176 -1.008413 0.240005 0.000000
0.344416 0.218323 0.089083 0.000000
0.311607 -1.116184 0.240203 0.000000
0.341894 -0.404536 0.247507 0.000000
0.377712 -0.568563 0.311144 0.000000
0.317035 0.056047 0.064792 0.000000
0.331287 -0.466539 0.200509 0.000000
0.184822 -0.265250 0.168301 0.000000
0.321333 0.075453 0.068785 0.000000
-0.090707 -0.550088 0.132903 0.000000
0.320256 0.289285 0.108249 0.000000
0.121830 -0.333895 0.167695 0.000000
0.316719 -0.900330 0.220339 0.000000
0.434954 -0.077852 0.234024 0.000000
0.449549 0.047687 0.118705 0.000000
0.364426 -0.583678 0.299155 0.000000
0.328859 -0.647923 0.208519 0.000000
0.370450 -0.624435 0.324499 0.000000
0.309044 -1.137496 0.242724 0.000000
0.304497 -1.017384 0.226978 0.000000
0.452698 0.131795 0.126848 0.000000
0.440255 0.008826 0.067324 0.000000
0.221368 -0.201380 0.165489 0.000000
0.365068 0.442729 0.121175 0.000000
-0.007318 -0.480558 0.143461 0.000000
0.446644 -0.006056 0.076712 0.000000
0.622553 -1.328438 0.111131 1.000000
0.346651 0.239404 0.190305 0.000000
0.328260 -0.325625 0.189985 0.000000
0.473914 0.004949 0.110427 0.000000
0.385053 -0.001932 -0.004443 0.000000
0.431753 0.083981 0.206139 0.000000
0.544586 -1.225714 0.133990 1.000000
0.315087 -0.010471 0.044577 0.000000
0.330647 -0.829266 0.207100 0.000000
0.391370 0.292084 0.121090 0.000000
0.244075 -0.060120 0.358009 0.000000
0.202027 -0.172247 0.439669 0.000000
0.341149 -0.795089 0.205538 0.000000
0.470173 -0.007168 0.114026 0.000000
0.043917 -0.403279 0.179895 0.000000
0.322072 -1.121799 0.237177 0.000000
0.474648 -1.075807 0.156951 1.000000
0.368195 -0.059422 0.279206 0.000000
0.399171 0.259456 0.195922 0.000000
0.403308 -0.947602 0.532255 0.000000
0.407993 -0.948506 0.520694 0.000000
0.189116 -0.205989 0.488044 0.000000
0.243551 -0.010765 0.328917 0.000000
0.327804 -0.759264 0.201429 0.000000
0.456156 0.059367 0.115648 0.000000
0.318251 -0.856339 0.227230 0.000000
0.308130 -1.014326 0.232469 0.000000
0.242022 -0.128036 0.148214 0.000000
0.395278 0.190288 0.079991 0.000000
0.273506 -0.066229 0.161535 0.000000
0.513241 -0.169705 0.152868 0.000000
0.500470 -0.061247 0.149510 0.000000
0.321836 -0.892693 0.214545 0.000000
0.430781 0.126217 0.125750 0.000000
0.340424 -0.463699 0.190437 0.000000
0.203461 -0.118567 0.406007 0.000000
0.442811 -1.038911 0.189739 1.000000
0.347845 -0.883655 0.198922 1.000000
0.521513 -0.121950 0.151611 0.000000
0.456201 -1.050233 0.170326 1.000000
0.301231 -0.014383 0.050980 0.000000
0.325451 -0.273335 0.189293 0.000000
0.356832 -0.427609 0.235446 0.000000
0.319962 0.026272 0.155034 0.000000
0.251522 -0.047050 0.350805 0.000000
0.351949 -0.364266 0.218138 0.000000
0.283224 -0.939492 0.223906 0.000000
0.349182 -0.887159 0.217670 1.000000
0.612149 -0.163532 0.106137 0.000000
0.331850 -0.860932 0.203826 0.000000
0.334973 -0.836488 0.215777 0.000000
0.398768 -0.962113 0.213555 1.000000
0.541280 -1.214842 0.136657 1.000000
0.333036 -0.330687 0.192954 0.000000
0.272159 -1.054492 0.252017 0.000000
0.397516 -0.956544 0.174639 1.000000
0.431463 0.076126 0.199935 0.000000
0.353551 0.128713 0.136512 0.000000
0.432762 -0.976622 0.578742 0.000000
0.246799 -1.135974 0.248567 0.000000
0.338718 0.201875 0.162708 0.000000
0.348120 -0.447087 0.247966 0.000000
0.442588 0.013535 0.087155 0.000000
0.532372 -0.112096 0.113822 0.000000
0.294577 -1.055123 0.224607 0.000000
0.335506 -0.815353 0.204621 0.000000
0.389919 0.158753 0.068193 0.000000
0.445071 0.053945 0.184834 0.000000
0.325307 -0.313186 0.203135 0.000000
0.295678 -0.079084 0.030681 0.000000
0.367667 0.363959 0.117849 0.000000
0.348670 0.365152 0.161891 0.000000
0.281828 -1.004601 0.266524 0.000000
0.423751 -0.118857 0.245042 0.000000
0.314678 -0.913429 0.214052 0.000000
0.331784 -0.588636 0.197617 0.000000
0.436896 -0.009663 0.329690 0.000000
0.501565 -1.125207 0.162943 1.000000
0.483742 -0.112862 0.178317 0.000000
0.380962 -0.881663 0.451357 0.000000
0.419057 -0.998714 0.198562 1.000000
0.294753 -1.128136 0.223354 0.000000
0.335888 -0.452097 0.186446 0.000000
0.263101 -0.097666 0.171110 0.000000
0.254473 -0.103470 0.149455 0.000000
0.386476 0.285511 0.121902 0.000000
0.364048 0.467453 0.122237 0.000000
0.342235 0.196277 0.090062 0.000000
0.443066 0.008371 0.209099 0.000000
0.407175 0.203964 0.175977 0.000000
0.398969 0.264663 0.164177 0.000000
0.520495 -0.263523 0.183383 0.000000
0.394741 0.150787 0.071552 0.000000
0.335739 -0.448170 0.201130 0.000000
0.335520 0.141480 0.171794 0.000000
0.423696 0.118855 0.189236 0.000000
0.472341 -0.083363 0.185831 0.000000
0.275921 0.054647 0.288894 0.000000
0.338093 -0.503890 0.201258 0.000000
0.316360 -0.969941 0.204813 0.000000
0.339673 -0.363272 0.226753 0.000000
0.294936 -0.973467 0.235951 0.000000
0.508555 -0.177484 0.006292 0.000000
0.187351 -0.202164 0.145276 0.000000
0.336503 -0.786560 0.200429 0.000000
0.338633 -0.300341 0.196809 0.000000
0.414207 -0.142441 0.255270 0.000000
0.396403 -0.961578 0.181161 1.000000
0.343786 -0.607377 0.196216 0.000000
0.404004 0.334644 0.157829 0.000000
0.334998 -0.837769 0.208175 0.000000
0.301256 -0.995322 0.216489 0.000000
0.499725 -0.050087 0.141466 0.000000
0.326906 -0.271848 0.198691 0.000000
0.462553 -0.064872 0.061141 0.000000
0.350350 0.443970 0.150758 0.000000
0.385304 -0.944031 0.184805 1.000000
0.337349 -0.818214 0.216733 0.000000
0.337943 0.140648 0.083437 0.000000
0.466950 0.057105 0.141231 0.000000
0.346010 -0.636057 0.205190 0.000000
0.444461 0.131052 0.126005 0.000000
0.433105 0.071144 0.079928 0.000000
0.394562 0.170852 0.084241 0.000000
0.387052 0.008953 -0.003899 0.000000
0.281709 0.020642 0.309198 0.000000
0.339470 -0.773136 0.211463 0.000000
0.181421 -0.251300 0.541309 0.000000
0.534945 -0.213221 0.127142 0.000000
0.571011 -1.230122 0.135816 1.000000
0.338251 0.237528 0.157658 0.000000
0.323652 -0.907176 0.223819 0.000000
0.273014 -1.066395 0.256755 0.000000
0.372902 -0.646014 0.330755 0.000000
0.592349 -0.152546 0.109591 0.000000
0.336803 -0.310327 0.184930 0.000000
0.170763 -0.269923 0.165396 0.000000
0.295096 -1.066849 0.240448 0.000000
0.079168 -0.382194 0.169167 0.000000
0.503513 -0.069432 0.158548 0.000000
0.335420 0.148179 0.128504 0.000000
0.346460 0.139084 0.131547 0.000000
0.429284 0.067566 0.206771 0.000000
0.317381 -0.872455 0.212388 0.000000
0.435468 0.108410 0.181533 0.000000
0.547448 -1.204346 0.143923 1.000000
0.377144 -0.892822 0.460910 0.000000
0.323831 0.026767 0.175752 0.000000
0.331476 0.177021 0.114161 0.000000
0.311196 -0.041043 0.036164 0.000000
0.460957 0.101472 0.135213 0.000000
0.344108 -0.359914 0.221761 0.000000
0.225795 -0.108408 0.388842 0.000000
0.411853 0.144544 0.102297 0.000000
0.333062 0.226068 0.163551 0.000000
0.297912 -0.013957 0.152085 0.000000
0.403533 0.264449 0.124322 0.000000
0.412367 0.257779 0.123777 0.000000
0.431700 -0.012072 0.317215 0.000000
0.335097 0.165642 0.236691 0.000000
0.329998 -0.567123 0.205823 0.000000
0.334931 0.225161 0.103593 0.000000
0.340950 -0.685877 0.197244 0.000000
0.339462 0.329280 0.161258 0.000000
0.473437 -1.080370 0.172879 1.000000
0.374248 0.343004 0.118145 0.000000
0.356384 -0.468488 0.251378 0.000000
0.348042 0.436512 0.155693 0.000000
0.333587 -0.467050 0.188309 0.000000
0.359147 -0.498920 0.278328 0.000000
0.344483 0.287755 0.182731 0.000000
0.266007 -1.084664 0.240162 0.000000
0.242022 -0.138980 0.158653 0.000000
0.331175 -0.341620 0.184796 0.000000
0.273615 -1.009328 0.241145 0.000000
0.326948 -0.363178 0.236584 0.000000
0.345992 -0.414431 0.247680 0.000000
0.359407 0.300952 0.105550 0.000000
0.294267 -1.063738 0.211779 0.000000
0.296774 -0.985958 0.230504 0.000000
0.372032 0.482482 0.145868 0.000000
0.402236 0.008772 0.286679 0.000000
0.512725 -0.202666 -0.022576 0.000000
0.508290 -0.167592 0.007388 0.000000
0.448858 -0.033217 0.216056 0.000000
0.074874 -0.242393 -0.051284 0.000000
0.393202 0.063083 0.030828 0.000000
0.342995 -0.583192 0.195949 0.000000
0.422991 -0.983302 0.595570 0.000000
0.191685 -0.245873 0.551386 0.000000
0.301876 0.061201 0.286237 0.000000
0.329393 0.265639 0.102489 0.000000
0.251327 -0.061749 0.355127 0.000000
0.614281 -1.321160 0.114483 1.000000
0.327612 -1.167249 0.248346 0.000000
0.122173 -0.321318 0.173739 0.000000
0.306865 -0.998499 0.235779 0.000000
0.330031 -0.191782 0.193356 0.000000
0.435867 0.062642 0.195498 0.000000
0.128021 -0.310782 0.169716 0.000000
0.443556 0.065464 0.192518 0.000000
0.420946 0.118206 0.090507 0.000000
0.444260 0.153006 0.127340 0.000000
0.460339 -1.053086 0.181177 1.000000
0.488333 -1.122767 0.161637 1.000000
0.352762 -0.893265 0.189385 1.000000
0.304860 -1.068920 0.234227 0.000000
0.382170 -0.619265 0.329624 0.000000
0.377086 -0.938808 0.220860 1.000000
0.107902 -0.340982 0.171187 0.000000
0.290269 0.042210 0.297061 0.000000
0.433407 -0.984776 0.602674 0.000000
0.387740 0.410424 0.156726 0.000000
0.531064 -0.143606 0.160651 0.000000
0.208983 -0.194383 -0.031094 0.000000
0.348944 0.387544 0.126040 0.000000
0.519270 -0.112248 0.149998 0.000000
0.370792 -0.926044 0.181030 1.000000
0.330492 -0.474178 0.190536 0.000000
0.397097 0.130527 0.230987 0.000000
0.330115 -0.355723 0.237214 0.000000
0.360476 -0.633189 0.312874 0.000000
0.458086 0.087899 0.129426 0.000000
0.322909 0.028480 0.058177 0.000000
0.344399 0.307570 0.164918 0.000000
0.327590 -0.187003 0.188915 0.000000
0.394171 -0.956867 0.188828 1.000000
0.370101 -0.524600 0.302620 0.000000
0.400567 0.229765 0.104069 0.000000
0.390286 0.017493 0.242530 0.000000
0.381614 0.402904 0.147192 0.000000
0.339573 -0.821251 0.224435 0.000000
0.335937 -0.315441 0.208917 0.000000
0.471309 0.035058 0.137731 0.000000
0.270112 -0.083290 0.172276 0.000000
0.377211 -0.613397 0.323319 0.000000
0.476384 -1.074826 0.183118 1.000000
0.334189 -0.674451 0.203755 0.000000
0.519492 -0.255938 0.173317 0.000000
0.447763 -0.013616 0.070876 0.000000
0.551734 -1.245669 0.131435 1.000000
0.212578 -0.114013 0.390103 0.000000
0.326002 -0.706499 0.210430 0.000000
0.533326 -0.185170 0.162592 0.000000
0.165242 -0.257600 0.161943 0.000000
0.333118 0.161564 0.225604 0.000000
0.361422 -0.512074 0.280838 0.000000
0.330326 -0.816248 0.213254 0.000000
0.291770 -1.091786 0.242118 0.000000
0.352330 0.257713 0.104953 0.000000
0.484697 -0.000830 0.134445 0.000000
0.308326 -0.891585 0.234118 0.000000
0.385898 0.380387 0.150162 0.000000
0.000878 -0.473017 0.151093 0.000000
0.293793 -1.134764 0.212173 0.000000
0.144109 -0.269282 0.161838 0.000000
0.281974 0.048858 0.288458 0.000000
0.339310 -0.862049 0.204059 0.000000
0.359271 -0.527121 0.273992 0.000000
0.515609 -0.097496 0.154026 0.000000
0.338921 0.291001 0.185668 0.000000
0.306441 -0.022668 0.046493 0.000000
0.305115 0.033774 0.059336 0.000000
0.304306 -0.941093 0.229254 0.000000
-0.102897 -0.561556 0.128181 0.000000
-0.043695 -0.503520 0.153336 0.000000
0.430446 -1.006410 0.213409 1.000000
0.373912 -0.929241 0.193673 1.000000
0.369755 -0.604448 0.311390 0.000000
0.228659 -0.168083 0.157719 0.000000
0.279932 -0.124582 -0.001136 0.000000
0.410344 0.184929 0.125527 0.000000
0.203303 -0.109450 0.405325 0.000000
-0.047088 -0.513161 0.136933 0.000000
0.391479 0.422919 0.153413 0.000000
0.355462 -0.414971 0.234231 0.000000
0.042540 -0.414212 0.166139 0.000000
0.341958 -0.285084 0.194174 0.000000
0.363143 -0.549129 0.286657 0.000000
0.375841 -0.615559 0.330159 0.000000
0.330731 -0.422754 0.202780 0.000000
0.482907 0.035310 0.127414 0.000000
0.346950 -0.893326 0.208139 1.000000
0.320841 0.103704 0.168489 0.000000
0.326867 -0.335351 0.189150 0.000000
0.392285 -0.906970 0.468133 0.000000
0.332743 -0.918310 0.219961 0.000000
0.373126 -0.632291 0.333331 0.000000
0.341328 -0.846893 0.205730 0.000000
0.364845 -0.078821 0.295605 0.000000
0.353397 -0.439060 0.243462 0.000000
0.318972 -0.039074 0.180332 0.000000
0.360003 -0.539469 0.282117 0.000000
0.190785 -0.142430 0.433196 0.000000
0.394580 0.326207 0.133335 0.000000
0.140800 -0.223707 -0.043476 0.000000
0.329210 0.253279 0.107816 0.000000
0.125294 -0.232438 -0.047571 0.000000
0.377761 -0.817731 0.409084 0.000000
0.337772 0.214381 0.223459 0.000000
0.345154 -0.737780 0.208574 0.000000
0.349383 0.245963 0.201564 0.000000
0.347166 0.450515 0.141947 0.000000
0.397584 -0.877298 0.449211 0.000000
0.286470 -0.113819 0.020709 0.000000
0.385911 0.100290 0.047586 0.000000
0.338100 0.299039 0.102246 0.000000
0.328826 0.145864 0.233203 0.000000
0.325185 -0.874753 0.213143 0.000000
0.381917 0.414597 0.131081 0.000000
0.499757 -0.263128 -0.070525 0.000000
0.443816 -1.037531 0.175960 1.000000
0.371229 0.332786 0.120474 0.000000
0.425189 0.095429 0.205646 0.000000
0.388909 0.386003 0.127654 0.000000
0.335259 0.239344 0.164345 0.000000
0.335654 -0.437933 0.186680 0.000000
0.335021 0.118544 0.153801 0.000000
0.350371 0.482269 0.147789 0.000000
0.297126 -1.074007 0.205891 0.000000
0.382460 -0.711167 0.361703 0.000000
0.485762 -0.026384 0.371145 0.000000
0.438352 0.008753 0.080410 0.000000
0.435816 0.056317 0.206746 0.000000
0.225479 -0.187867 0.163324 0.000000
0.342227 -0.476918 0.198248 0.000000
0.332217 -0.443420 0.192019 0.000000
0.324861 -0.054097 0.184441 0.000000
0.293088 0.051370 0.283652 0.000000
0.329391 -0.348058 0.229064 0.000000
0.338183 0.169042 0.116564 0.000000
0.357160 -0.624218 0.312922 0.000000
0.370154 0.416978 0.123390 0.000000
0.338016 -0.791491 0.211030 0.000000
0.371336 0.048135 0.222190 0.000000
-0.079298 -0.547970 0.139846 0.000000
0.392696 -0.710913 0.365553 0.000000
0.324576 0.169428 0.210465 0.000000
0.440302 0.021655 0.087785 0.000000
0.518375 -0.181882 0.146775 0.000000
0.279543 -1.066174 0.253300 0.000000
0.328164 -0.720730 0.205856 0.000000
0.505008 -0.243140 -0.049612 0.000000
0.495607 -1.132630 0.158711 1.000000
0.336685 -0.330378 0.213354 0.000000
0.503115 -0.075468 0.114209 0.000000
0.331408 -0.504666 0.190603 0.000000
0.358128 -0.427820 0.242167 0.000000
0.342598 -0.524415 0.193145 0.000000
0.384581 0.369873 0.151648 0.000000
0.446444 -0.012916 0.339010 0.000000
0.205313 -0.219047 0.163267 0.000000
0.344571 0.086560 0.181911 0.000000
0.219434 -0.101617 0.388148 0.000000
0.330431 -0.897935 0.213495 0.000000
0.400625 0.138115 0.220166 0.000000
0.304179 -0.926723 0.233679 0.000000
0.391542 -0.894165 0.463938 0.000000
0.332555 0.201152 0.106061 0.000000
0.351119 0.423447 0.150993 0.000000
0.327812 0.110613 0.166376 0.000000
0.508396 -0.225340 -0.042013 0.000000
0.331455 -0.867018 0.211126 0.000000
0.289644 -0.017601 0.165980 0.000000
0.082597 -0.368167 0.169474 0.000000
0.173542 -0.206260 -0.038694 0.000000
0.331388 -0.498808 0.184488 0.000000
0.356624 -0.523285 0.262506 0.000000
0.313568 -0.918231 0.234254 0.000000
0.584800 -1.292407 0.119385 1.000000
0.338334 -0.643499 0.200932 0.000000
0.312456 0.023963 0.180037 0.000000
0.294433 -1.072328 0.230261 0.000000
0.338445 -0.608735 0.205671 0.000000
0.416238 -0.959583 0.563630 0.000000
0.356903 -0.506002 0.286594 0.000000
0.421306 -0.969111 0.559070 0.000000
0.334231 0.175995 0.162421 0.000000
0.201177 -0.200328 0.149421 0.000000
0.174638 -0.265553 0.173513 0.000000
0.376613 -0.655818 0.343510 0.000000
0.446302 -1.043852 0.176643 1.000000
0.009653 -0.443098 0.169405 0.000000
-0.023940 -0.490522 0.156392 0.000000
0.235253 -0.150067 0.154217 0.000000
0.305081 0.018497 0.171595 0.000000
0.442997 -0.058827 0.226054 0.000000
0.487393 -0.029798 0.151683 0.000000
0.463850 -0.025915 0.349076 0.000000
0.342710 0.464914 0.146820 0.000000
0.488521 -0.124056 0.042668 0.000000
0.046779 -0.424334 0.163171 0.000000
0.311678 -0.907175 0.218072 0.000000
0.333572 -0.535315 0.200901 0.000000
0.391057 0.024419 0.240047 0.000000
0.327188 0.097013 0.165305 0.000000
0.076693 -0.356913 0.177320 0.000000
0.475479 -0.018512 0.111903 0.000000
0.484699 -0.127720 0.174637 0.000000
0.376999 0.448446 0.148174 0.000000
0.482416 -0.029206 0.115216 0.000000
0.391879 -0.931069 0.511322 0.000000
0.331164 -0.232684 0.192241 0.000000
0.336317 -0.415971 0.199742 0.000000
0.517097 -1.142740 0.161699 1.000000
0.366097 -0.530969 0.293750 0.000000
0.341479 -0.712264 0.199278 0.000000
0.322130 -1.081890 0.240261 0.000000
0.336131 -0.483419 0.196186 0.000000
0.412468 0.162247 0.098033 0.000000
0.338443 -0.384414 0.190755 0.000000
-0.034293 -0.485582 0.155427 0.000000
0.258332 -0.099272 0.179495 0.000000
0.420403 0.244074 0.122786 0.000000
0.256922 -0.101112 0.156030 0.000000
0.339527 0.164715 0.086226 0.000000
0.437227 0.020592 0.209634 0.000000
0.369654 0.485830 0.126647 0.000000
0.292785 -0.920019 0.237816 0.000000
0.186880 -0.250249 0.546497 0.000000
0.337963 -0.502445 0.187716 0.000000
0.426926 0.096876 0.191684 0.000000
0.368055 -0.047139 0.270372 0.000000
0.275374 -1.031450 0.266666 0.000000
0.338980 -0.493991 0.183550 0.000000
0.460027 -0.044673 0.189029 0.000000
0.387405 -0.637535 0.337425 0.000000
0.308066 -1.092478 0.224888 0.000000
0.277440 -1.049564 0.251544 0.000000
0.306058 0.045357 0.060106 0.000000
0.026419 -0.435474 0.166644 0.000000
0.034188 -0.420768 0.169406 0.000000
0.337153 0.238352 0.099094 0.000000
0.236719 -0.162767 0.166009 0.000000
0.294715 -0.948578 0.239575 0.000000
0.331243 -0.561138 0.197252 0.000000
0.319324 0.020110 0.172823 0.000000
0.343058 0.221653 0.203715 0.000000
0.518002 -0.122876 0.140911 0.000000
0.484732 -1.099342 0.168386 1.000000
0.320578 -0.181115 0.186158 0.000000
0.468706 0.000545 0.113742 0.000000
0.304636 0.079682 0.269728 0.000000
0.390617 0.023242 0.249670 0.000000
0.104797 -0.357060 0.173707 0.000000
0.246395 -0.172915 -0.005238 0.000000
0.293964 -1.143813 0.213011 0.000000
0.509443 -0.069884 0.140353 0.000000
0.389319 -0.951844 0.217283 1.000000
0.268502 -1.062685 0.272620 0.000000
0.389397 -0.851331 0.431060 0.000000
0.394399 0.249897 0.110875 0.000000
0.303398 -1.045259 0.222533 0.000000
-0.066326 -0.535691 0.144070 0.000000
0.618767 -0.165589 0.103775 0.000000
0.297191 -1.047709 0.205924 0.000000
0.338154 0.285373 0.168020 0.000000
0.304874 0.070482 0.283086 0.000000
0.333979 -0.731858 0.206848 0.000000
0.342940 0.157416 0.118787 0.000000
0.299537 -0.075724 0.026172 0.000000
0.397953 0.229120 0.173185 0.000000
0.296206 -1.139018 0.229561 0.000000
0.182054 -0.255814 0.552126 0.000000
0.429468 0.112787 0.123095 0.000000
0.462643 -0.077245 0.056118 0.000000
0.513253 -0.117414 0.143893 0.000000
0.193826 -0.191486 0.464746 0.000000
0.398677 0.283484 0.191371 0.000000
0.510460 -0.079330 0.110256 0.000000
0.332721 -0.602299 0.202034 0.000000
0.328917 -0.338325 0.198034 0.000000
0.327972 -0.010132 0.180079 0.000000
0.327443 -0.172615 0.181056 0.000000
0.419924 0.108789 0.090596 0.000000
0.424100 -0.970311 0.572149 0.000000
0.309014 0.089006 0.263336 0.000000
0.276167 -0.059030 0.153835 0.000000
0.324273 -0.327916 0.219323 0.000000
-0.076714 -0.539702 0.134412 0.000000
0.403923 -0.970434 0.205205 1.000000
0.333086 0.167210 0.085009 0.000000
0.307540 -0.898927 0.232000 0.000000
0.426704 -1.012145 0.187499 1.000000
-0.024310 -0.496054 0.139344 0.000000
0.470989 -0.068787 0.061326 0.000000
0.410619 0.183148 0.101317 0.000000
0.389968 0.343331 0.145137 0.000000
0.400461 0.158053 0.221299 0.000000
0.286961 -1.007483 0.254342 0.000000
0.304575 -0.935355 0.234607 0.000000
0.503761 -0.167869 0.015014 0.000000
0.344464 0.313302 0.161172 0.000000
0.448886 -1.034809 0.190370 1.000000
0.338901 0.204551 0.221001 0.000000
0.338432 -0.325108 0.191011 0.000000
0.343492 0.344150 0.156409 0.000000
0.372632 -0.055257 -0.033230 0.000000
0.404695 0.273819 0.163286 0.000000
0.331693 0.314750 0.106436 0.000000
0.495575 -0.060212 0.109652 0.000000
0.396193 0.181012 0.085085 0.000000
0.524399 -1.163111 0.155119 1.000000
0.465629 -1.071596 0.169336 1.000000
0.510776 -0.081601 0.146584 0.000000
0.272137 -1.040013 0.261847 0.000000
0.432390 0.094781 0.185362 0.000000
0.259881 -0.004944 0.325221 0.000000
