0.212330 -1.025343 -0.086326 1.000000
0.383475 0.505266 0.049374 0.000000
0.500694 -0.271684 -0.151774 0.000000
0.009806 -0.142879 -0.134397 0.000000
0.530238 0.025635 0.232827 0.000000
0.130569 -0.571229 0.035060 0.000000
0.157319 -1.380841 -0.393540 1.000000
0.691646 -0.528767 0.167688 0.000000
0.079260 -1.363434 0.086313 0.000000
0.217526 0.158603 -0.002739 0.000000
-0.105301 -1.111986 -0.034941 0.000000
0.289660 -0.141276 0.039670 0.000000
0.779971 -0.176566 -0.105338 0.000000
0.004818 -0.839097 0.021137 0.000000
0.486528 -0.341584 0.121234 0.000000
0.568471 -0.016768 -0.034619 0.000000
0.441682 0.219876 0.096887 0.000000
0.272473 -0.378629 0.016690 0.000000
0.235798 -0.783693 0.018026 0.000000
0.195586 -1.205746 -0.239706 1.000000
0.135952 -1.156947 0.067633 0.000000
0.369212 0.028786 -0.036957 0.000000
0.009365 -0.302828 -0.256211 0.000000
0.106147 0.008676 -0.059085 0.000000
0.182626 -0.162021 -0.099074 0.000000
0.422027 -0.121923 -0.107686 0.000000
0.337936 0.337863 0.023765 0.000000
0.441945 -0.183623 0.093193 0.000000
0.491334 0.107478 0.005427 0.000000
-0.042898 -0.976735 -0.014498 0.000000
0.053794 -0.699062 0.029534 0.000000
0.386737 -0.045364 0.088910 0.000000
0.222072 -0.929838 0.020959 0.000000
0.263339 -0.522093 0.009622 0.000000
0.578325 -0.450925 0.129750 0.000000
0.557977 -0.163549 -0.079819 0.000000
0.115557 -0.257540 -0.176671 0.000000
0.236542 -0.032417 -0.036360 0.000000
0.177687 -1.282541 0.031769 0.000000
0.321573 0.103946 0.060366 0.000000
0.245006 -0.652061 0.022277 0.000000
0.675804 -0.118613 -0.062484 0.000000
0.202705 -1.053287 0.036706 0.000000
0.336772 0.214593 0.004489 0.000000
0.164501 -0.447821 0.020912 0.000000
0.270823 -0.258436 0.021919 0.000000
0.205711 -1.112870 -0.166602 1.000000
0.185753 -1.293064 -0.318409 1.000000
0.487350 0.105246 0.157708 0.000000
0.463817 -0.054936 -0.024588 0.000000
0.301401 0.001732 0.040616 0.000000
0.254144 0.067873 -0.022819 0.000000
0.159144 0.089661 -0.042176 0.000000
0.064509 -0.073042 -0.093179 0.000000
0.375206 -0.136548 -0.006889 0.000000
0.416318 0.271998 0.019751 0.000000
0.400792 0.140526 0.003623 0.000000
0.333510 0.426274 0.059119 0.000000
0.453193 -0.197358 -0.143468 0.000000
0.116269 -1.240643 0.075397 0.000000
0.448975 -0.267005 0.107163 0.000000
0.191072 -1.199885 0.020897 0.000000
0.393147 -0.049943 -0.069435 0.000000
0.332141 -0.066350 0.003701 0.000000
0.287220 0.268965 0.039548 0.000000
0.058174 -0.779260 0.018036 0.000000
0.432870 0.048844 0.006178 0.000000
0.295414 0.149059 -0.010715 0.000000
0.191038 -0.092341 -0.064751 0.000000
0.397691 0.384892 0.041675 0.000000
0.515190 -0.110771 -0.042015 0.000000
0.400165 -0.120465 0.077976 0.000000
0.231542 -0.961552 -0.047641 1.000000
0.532834 0.046017 -0.009895 0.000000
0.082515 -0.629163 0.027702 0.000000
0.618438 -0.070697 -0.051425 0.000000
-0.010423 -0.910235 -0.000067 0.000000
0.442565 0.201074 0.019283 0.000000
0.213145 -0.855271 0.014434 0.000000
-0.072486 -1.045214 -0.023590 0.000000
0.118162 -1.328901 0.032476 0.000000
0.187689 -1.124227 0.020036 0.000000
0.343473 0.091939 -0.009939 0.000000
0.253882 -0.449808 0.015655 0.000000
0.528944 -0.399258 0.112661 0.000000
0.206586 -0.392940 0.041303 0.000000
0.637070 -0.484057 0.154281 0.000000
0.258027 0.216580 0.001560 0.000000
0.155514 -0.216338 -0.135620 0.000000
0.066391 -0.284521 -0.219265 0.000000
0.463029 0.157754 0.119215 0.000000
0.357952 0.020116 0.076000 0.000000
0.580669 -0.207976 -0.127547 0.000000
0.321187 0.172578 0.056753 0.000000
0.239210 -0.318843 0.010446 0.000000
0.236427 -0.717256 0.006035 0.000000
0.246028 -0.586784 0.009646 0.000000
0.154987 -0.510775 0.039169 0.000000
0.384551 0.308152 0.063126 0.000000
0.207974 -0.992358 0.017613 0.000000
0.726685 -0.151838 -0.082149 0.000000
0.171120 -1.335895 0.064289 0.000000
0.291918 -0.200071 0.022963 0.000000
0.341719 0.274635 0.013753 0.000000
0.388493 0.445917 0.044684 0.000000
0.178445 -1.247651 -0.278485 1.000000
0.172981 -1.338499 -0.356886 1.000000
0.324126 0.035329 -0.000968 0.000000
0.124345 -1.201813 0.032726 0.000000
0.505163 0.062963 0.192689 0.000000
0.328561 0.233777 0.058646 0.000000
0.197227 -1.073244 -0.126410 1.000000
0.443974 -0.001604 -0.017894 0.000000
0.298042 -0.084854 0.042731 0.000000
0.390948 0.219064 0.013886 0.000000
0.413120 0.261367 0.075017 0.000000
0.197717 -1.157558 -0.194696 1.000000
0.464864 0.153083 0.012487 0.000000
0.162575 -1.234177 0.050124 0.000000
0.124655 -1.276142 0.037683 0.000000
0.313786 0.053682 0.050078 0.000000
0.237722 0.019239 -0.030157 0.000000
0.096478 -1.314916 0.083549 0.000000
0.331877 0.373987 0.059982 0.000000
0.140581 0.041390 -0.040065 0.000000
0.325405 -0.015990 -0.002020 0.000000
0.331955 0.300534 0.057361 0.000000
0.414087 0.092665 -0.009885 0.000000
0.343497 0.476305 0.057626 0.000000
0.190745 0.117297 -0.015095 0.000000
0.162569 -1.086208 0.039174 0.000000
0.031988 -0.103611 -0.114631 0.000000
0.086220 -0.033570 -0.073836 0.000000
0.341102 0.165956 0.001839 0.000000
0.395939 0.338745 0.027056 0.000000
0.181384 -1.161491 0.049448 0.000000
0.357728 -0.102367 0.021522 0.000000
0.278190 0.102668 -0.001182 0.000000
0.195099 -0.991524 -0.052020 1.000000
0.198648 -0.947070 -0.017733 1.000000
0.095820 -0.673146 0.032205 0.000000
0.389834 -0.011371 -0.043372 0.000000
0.483457 -0.301719 0.100492 0.000000
0.365893 -0.021748 0.057380 0.000000
0.437747 -0.158436 -0.127670 0.000000
0.478243 -0.233463 -0.152251 0.000000
0.277845 -0.304454 0.025920 0.000000
0.433811 -0.226466 0.097812 0.000000
0.306380 -0.041417 0.043842 0.000000
0.411098 -0.084566 -0.088692 0.000000
0.031439 -0.747756 0.029503 0.000000
0.224616 -0.354005 0.030071 0.000000
0.355003 0.397032 0.032384 0.000000
0.385735 -0.081027 0.067139 0.000000
-0.036990 -0.941650 0.007241 0.000000
0.403176 0.181870 -0.001051 0.000000
0.126868 -1.198942 0.074154 0.000000
0.232312 -0.891468 0.007544 0.000000
0.408079 -0.161114 0.080055 0.000000
0.155883 -1.126619 0.048415 0.000000
0.118137 -0.610043 0.035147 0.000000
0.236430 -0.932204 -0.019693 1.000000
0.151537 -1.297326 0.059199 0.000000
0.027627 -0.805662 0.019270 0.000000
0.602386 -0.034166 -0.046039 0.000000
0.547884 -0.427178 0.139346 0.000000
-0.062577 -1.010854 -0.006355 0.000000
0.426300 0.235381 0.031140 0.000000
0.364699 0.058780 -0.010976 0.000000
0.560796 0.017092 -0.016069 0.000000
0.491933 -0.082857 -0.026891 0.000000
0.109493 -1.237908 0.035905 0.000000
0.531553 -0.139771 -0.062330 0.000000
0.192709 -0.430510 0.041322 0.000000
0.160565 -1.194992 0.045011 0.000000
0.200194 -1.094823 0.042316 0.000000
0.364737 0.357539 0.043593 0.000000
-0.087309 -1.080660 -0.019746 0.000000
0.233268 -0.822537 0.011929 0.000000
0.159307 -0.191670 -0.106232 0.000000
0.003412 -0.875144 0.006975 0.000000
0.118136 -0.538621 0.019241 0.000000
0.352851 0.446679 0.030820 0.000000
0.269739 -0.416513 0.025541 0.000000
0.327440 0.137854 0.042462 0.000000
0.132020 -1.150203 0.030439 0.000000
0.389793 0.301518 0.022613 0.000000
0.268365 -0.484359 0.021703 0.000000
0.645488 -0.095961 -0.060644 0.000000
0.269892 -0.341391 0.024184 0.000000
0.208121 -0.052314 -0.051046 0.000000
0.336153 0.127249 0.000152 0.000000
0.512784 -0.366833 0.103502 0.000000
0.308434 0.183254 0.003325 0.000000
0.179763 -1.013466 0.027492 0.000000
0.511842 0.077625 0.000552 0.000000
0.201483 -0.909180 -0.000941 1.000000
0.238380 0.185872 0.009280 0.000000
0.253882 -0.554239 0.023678 0.000000
0.066412 -0.740456 0.023605 0.000000
0.042727 -0.293845 -0.245642 0.000000
0.171081 -0.476658 0.041523 0.000000
0.171561 -1.048575 0.019262 0.000000
0.329877 0.337808 0.058825 0.000000
0.665981 -0.504179 0.162595 0.000000
0.607601 -0.468617 0.140573 0.000000
0.444782 0.182550 0.101105 0.000000
0.166880 -1.316486 0.033491 0.000000
0.135547 -0.240356 -0.153032 0.000000
0.093420 -0.270531 -0.201175 0.000000
0.187145 -1.258009 0.058879 0.000000
0.063802 -0.659135 0.029474 0.000000
0.479633 0.132076 0.136090 0.000000
0.568701 -0.189591 -0.100296 0.000000
0.230367 -0.749418 0.020340 0.000000
0.307850 0.295708 0.032330 0.000000
0.185830 -0.132451 -0.081641 0.000000
0.346730 0.039943 0.050155 0.000000
0.386941 0.254222 0.021749 0.000000
0.336010 0.078866 0.041805 0.000000
0.249341 -0.617522 0.024541 0.000000
0.188854 -1.213004 0.056253 0.000000
0.236774 -0.682973 0.010452 0.000000
0.216735 -1.048158 -0.114292 1.000000
0.330169 0.266546 0.050683 0.000000
0.204817 -0.375752 0.012442 0.000000
0.144150 -0.484198 0.021634 0.000000
0.100488 -0.583054 0.026825 0.000000
0.465094 -0.240846 0.094541 0.000000
0.347042 0.306068 0.023574 0.000000
0.287659 -0.231344 0.032439 0.000000
0.273695 0.239001 0.019672 0.000000
0.323361 0.203736 0.047061 0.000000
0.165930 -1.315041 -0.331959 1.000000
0.429310 -0.140820 0.093783 0.000000
0.698835 -0.137666 -0.074304 0.000000
0.218900 -0.961565 0.024569 0.000000
0.325498 0.065686 -0.013440 0.000000
0.191173 -0.406911 0.017026 0.000000
0.229044 -0.987303 -0.066230 1.000000
0.152046 -1.109737 0.020677 0.000000
0.340246 0.369313 0.027168 0.000000
0.187051 -1.180375 -0.222898 1.000000
0.752030 -0.166040 -0.094180 0.000000
0.341180 0.243844 0.019183 0.000000
0.196819 -1.153829 0.022859 0.000000
0.431394 0.026733 -0.016120 0.000000
0.393764 0.415569 0.039594 0.000000
0.210896 -1.033513 0.014310 0.000000
0.296532 -0.113030 0.029073 0.000000
0.295277 -0.169356 0.024347 0.000000
0.182483 -1.288614 0.061285 0.000000
0.182095 -1.229911 0.027125 0.000000
0.404856 -0.092455 0.088849 0.000000
0.373707 -0.054149 0.060075 0.000000
0.515370 0.040940 0.210667 0.000000
0.506913 -0.384151 0.127439 0.000000
0.239849 -0.329749 0.038980 0.000000
0.192116 -1.073182 0.016913 0.000000
0.109386 -1.301719 0.041260 0.000000
0.459062 -0.027130 -0.014356 0.000000
0.026220 -0.776945 0.027006 0.000000
0.081160 -0.710262 0.026314 0.000000
0.161683 -1.354938 -0.378850 1.000000
0.187615 -1.120978 0.049468 0.000000
0.357057 0.008950 0.048644 0.000000
0.210638 -1.093277 -0.145122 1.000000
0.337348 -0.038784 0.012612 0.000000
0.137647 -1.221283 0.058516 0.000000
0.091669 -1.341077 0.034892 0.000000
0.204769 -0.967798 -0.037215 1.000000
0.499262 0.084629 0.174424 0.000000
0.029593 -0.831154 0.005786 0.000000
0.116819 0.035275 -0.055736 0.000000
0.221079 -0.009324 -0.043445 0.000000
0.142249 -0.536059 0.034867 0.000000
0.216433 -0.079084 -0.056549 0.000000
0.189393 -1.136235 -0.166519 1.000000
0.152370 -1.165824 0.042818 0.000000
0.264565 -0.284098 0.011541 0.000000
0.118415 -1.281415 0.064642 0.000000
0.398947 0.285133 0.070261 0.000000
0.252339 0.039766 -0.017816 0.000000
0.280116 0.125715 -0.017035 0.000000
0.385567 0.477616 0.045926 0.000000
0.318433 0.026629 0.045543 0.000000
0.496214 -0.326845 0.099722 0.000000
0.165304 -1.257114 0.034701 0.000000
0.255401 -0.294696 0.038834 0.000000
0.169477 0.079120 -0.018935 0.000000
0.321661 0.318569 0.039503 0.000000
0.207551 0.146843 -0.025349 0.000000
0.324412 0.007996 0.011064 0.000000
0.335674 0.058158 0.067167 0.000000
0.474753 0.128942 0.004783 0.000000
0.425928 0.233666 0.079657 0.000000
0.171471 -1.177252 0.027399 0.000000
0.132378 -0.513658 0.023388 0.000000
0.348354 0.449751 0.057801 0.000000
0.354225 -0.122465 0.002510 0.000000
0.294661 0.276490 0.014764 0.000000
0.338764 0.399868 0.057966 0.000000
0.144960 0.067205 -0.045753 0.000000
0.030061 -0.129599 -0.122980 0.000000
0.045532 -0.724522 0.029517 0.000000
0.104638 -0.647957 0.034247 0.000000
0.190369 -1.186387 0.043944 0.000000
0.473269 -0.267107 0.096489 0.000000
0.309119 0.078971 0.043727 0.000000
0.421387 0.066391 -0.009857 0.000000
0.411935 0.120820 -0.009939 0.000000
0.209368 -1.003973 -0.071578 1.000000
0.229819 0.177031 -0.016357 0.000000
0.197961 -1.100436 0.017047 0.000000
0.462110 -0.292123 0.111731 0.000000
0.191944 -1.052964 -0.108932 1.000000
0.172221 -1.280431 -0.300442 1.000000
0.454654 0.178346 0.020937 0.000000
0.352253 0.422900 0.040662 0.000000
0.264588 0.090979 -0.019764 0.000000
0.207129 -1.028543 0.041110 0.000000
0.103621 -0.019052 -0.062115 0.000000
0.068421 -0.048979 -0.083490 0.000000
0.227772 -0.912922 -0.005178 1.000000
0.043612 -0.084793 -0.100978 0.000000
0.339755 -0.089848 0.009180 0.000000
-0.014447 -0.890283 0.016132 0.000000
0.372331 0.334249 0.048943 0.000000
0.135702 -1.224146 0.033682 0.000000
0.418293 -0.189288 0.087217 0.000000
0.452383 -0.206322 0.094368 0.000000
0.073965 -0.684432 0.027462 0.000000
0.195928 -1.265324 -0.276062 1.000000
0.208271 -0.889336 0.013798 0.000000
0.300512 -0.061772 0.030701 0.000000
-0.061454 -1.023151 -0.027992 0.000000
0.372290 -0.021093 0.081248 0.000000
0.121374 -1.252212 0.054223 0.000000
0.543409 -0.421050 0.115941 0.000000
0.407780 0.205870 0.000191 0.000000
0.337532 0.189712 0.006351 0.000000
0.392785 0.361576 0.036243 0.000000
0.175506 -1.049567 0.043180 0.000000
0.240044 -0.702401 0.024801 0.000000
0.322725 0.111705 0.037494 0.000000
0.205107 -1.130017 -0.183779 1.000000
0.180122 -1.311613 0.068278 0.000000
0.253280 -0.500201 0.011129 0.000000
0.094982 -0.608547 0.027320 0.000000
0.181285 -1.261773 0.017380 0.000000
0.221645 -0.948670 -0.028628 1.000000
0.180813 -1.141607 0.036276 0.000000
0.389087 0.277467 0.026502 0.000000
0.395947 0.162750 0.011171 0.000000
0.387344 -0.029271 -0.059264 0.000000
0.205596 0.132653 -0.004898 0.000000
0.472779 -0.210942 -0.147620 0.000000
0.177657 -1.104054 0.035874 0.000000
-0.028118 -0.951586 -0.012200 0.000000
0.330110 0.056508 0.007754 0.000000
0.393719 -0.067774 0.087086 0.000000
0.216648 -0.806153 0.013668 0.000000
0.177779 0.102010 -0.027117 0.000000
0.496541 -0.362538 0.123392 0.000000
0.212802 -0.929308 -0.012499 1.000000
0.180579 -0.427816 0.021617 0.000000
0.136984 -1.182405 0.048153 0.000000
0.344265 -0.070402 0.023109 0.000000
0.383945 0.010866 -0.035973 0.000000
-0.081008 -1.063808 -0.034577 0.000000
0.358932 0.485930 0.043198 0.000000
0.362419 -0.002099 0.071146 0.000000
0.532004 -0.411284 0.133568 0.000000
0.249485 -0.634280 0.008276 0.000000
0.312481 -0.018307 0.042779 0.000000
0.301610 0.151904 0.011213 0.000000
0.258387 0.217564 0.024361 0.000000
0.273434 -0.275436 0.036894 0.000000
0.427067 -0.166318 0.091448 0.000000
0.111917 -0.559900 0.024101 0.000000
0.409110 -0.105408 -0.097444 0.000000
0.214892 -0.031311 -0.045814 0.000000
0.189879 -1.178566 -0.197983 1.000000
0.051875 -0.757678 0.021445 0.000000
0.183252 -0.449583 0.033890 0.000000
0.391096 0.194126 0.013475 0.000000
0.416909 0.078889 0.008294 0.000000
0.201960 -1.013353 0.023889 0.000000
0.440732 -0.179916 -0.133595 0.000000
0.443820 -0.246756 0.098926 0.000000
0.432830 -0.138346 -0.119023 0.000000
0.601600 -0.056415 -0.043745 0.000000
0.561712 -0.437925 0.122397 0.000000
0.468949 -0.312771 0.116450 0.000000
0.487919 -0.253474 -0.153125 0.000000
0.320127 0.007086 -0.010739 0.000000
0.288052 0.133046 0.002818 0.000000
0.216077 -0.372346 0.039210 0.000000
0.407393 0.288847 0.031744 0.000000
0.018361 -0.850651 0.007996 0.000000
0.183562 -1.323516 -0.342275 1.000000
0.171343 -1.209007 0.031879 0.000000
0.130495 0.020712 -0.046809 0.000000
-0.022994 -0.931218 -0.006134 0.000000
0.220291 -0.908862 0.015163 0.000000
0.269724 -0.438730 0.025719 0.000000
0.393173 -0.101673 0.069456 0.000000
0.319347 0.159595 0.039366 0.000000
-0.002329 -0.859609 0.021334 0.000000
0.402478 -0.068209 -0.076493 0.000000
0.573609 0.004289 -0.027950 0.000000
0.333054 0.077991 0.002951 0.000000
0.190555 -1.224239 -0.229642 1.000000
0.207094 -1.046698 -0.094833 1.000000
0.251611 -0.470959 0.019325 0.000000
0.150853 -1.146967 0.053556 0.000000
0.263234 -0.320944 0.022452 0.000000
0.182770 -1.079091 0.036992 0.000000
0.359964 0.048338 -0.029184 0.000000
0.413766 -0.115323 0.093797 0.000000
0.355572 0.464262 0.043710 0.000000
0.214672 -0.983583 -0.047871 1.000000
0.222940 -0.874154 0.017628 0.000000
0.589853 -0.018225 -0.039110 0.000000
0.408045 -0.139548 0.083668 0.000000
0.430852 -0.205235 0.093979 0.000000
0.236722 -0.727325 0.024891 0.000000
0.496673 -0.101370 -0.036969 0.000000
0.208992 -1.054728 0.015804 0.000000
0.260798 -0.397878 0.020331 0.000000
0.229049 -0.764184 0.005041 0.000000
0.231355 -0.337084 0.019116 0.000000
-0.095167 -1.093340 -0.035078 0.000000
0.191845 -1.091841 -0.135031 1.000000
0.395129 0.318484 0.034105 0.000000
0.085298 -0.655144 0.028704 0.000000
0.203490 -1.073464 0.042963 0.000000
0.161182 -0.468507 0.023606 0.000000
0.370777 0.437437 0.037083 0.000000
0.153331 -1.214719 0.046116 0.000000
0.191544 -1.024955 -0.083720 1.000000
0.263756 -0.508893 0.027016 0.000000
0.277971 -0.185796 0.029158 0.000000
0.190086 -1.220181 -0.253763 1.000000
0.270735 -0.463187 0.016263 0.000000
0.462113 0.177113 0.111509 0.000000
0.308420 0.304029 0.051445 0.000000
-0.066587 -1.031338 -0.009185 0.000000
0.418111 0.254541 0.031026 0.000000
0.120614 -0.589437 0.033206 0.000000
-0.041711 -0.961767 0.005255 0.000000
0.398156 0.237850 0.009217 0.000000
0.172101 -0.147780 -0.088501 0.000000
0.227209 -0.840764 0.019397 0.000000
0.189741 -1.036432 0.033413 0.000000
0.149933 -0.205558 -0.118192 0.000000
0.333073 0.106924 0.000301 0.000000
-0.049969 -0.990078 -0.000606 0.000000
0.632577 -0.079939 -0.063055 0.000000
0.040551 -0.789204 0.014999 0.000000
0.185109 -1.233087 0.055938 0.000000
0.320458 0.200758 0.008294 0.000000
0.144416 -0.557036 0.039639 0.000000
0.163380 -0.492694 0.031646 0.000000
0.496987 0.087985 -0.008720 0.000000
0.403999 0.121503 0.009916 0.000000
0.128865 -1.243853 0.036938 0.000000
0.251630 -0.525839 0.025737 0.000000
0.190800 -1.010740 -0.067201 1.000000
0.192945 -1.240343 -0.266415 1.000000
0.014258 -0.820587 0.021309 0.000000
0.340670 0.058885 0.047004 0.000000
0.333495 0.146928 0.003273 0.000000
0.144232 -1.199904 0.056140 0.000000
0.258143 -0.566138 0.008126 0.000000
0.246939 0.203560 0.013126 0.000000
0.329711 0.357529 0.048795 0.000000
0.306366 0.165775 -0.006139 0.000000
0.433857 0.219006 0.020153 0.000000
0.427314 0.046130 -0.013879 0.000000
0.251591 -0.597799 0.026002 0.000000
0.348508 0.074529 -0.018054 0.000000
0.328080 0.076441 0.059834 0.000000
0.283715 0.249712 0.036318 0.000000
0.168388 -1.063869 0.031386 0.000000
0.237031 0.038751 -0.033091 0.000000
0.316051 0.124467 0.051448 0.000000
0.197366 -0.074533 -0.058659 0.000000
0.141260 -0.230333 -0.137062 0.000000
0.265049 -0.359924 0.019750 0.000000
0.283309 -0.273256 0.018624 0.000000
-0.000710 -0.893146 0.000434 0.000000
0.260062 -0.542768 0.009055 0.000000
0.212686 -1.075065 -0.138255 1.000000
0.659467 -0.110083 -0.069037 0.000000
0.247899 -0.313376 0.031927 0.000000
0.525575 0.062376 -0.002028 0.000000
0.522624 -0.126089 -0.051628 0.000000
0.216677 -0.353538 0.012235 0.000000
0.376160 -0.040084 0.073405 0.000000
0.189999 -1.045425 0.013781 0.000000
0.128626 -0.551504 0.029744 0.000000
0.455380 -0.009573 -0.004393 0.000000
0.158365 0.068929 -0.031861 0.000000
-0.027293 -0.925701 0.012027 0.000000
0.476891 -0.068933 -0.026614 0.000000
0.178018 -0.177468 -0.109610 0.000000
0.164713 -1.332738 -0.339320 1.000000
0.173103 -1.298397 0.022009 0.000000
0.579989 -0.034221 -0.035323 0.000000
0.224695 -1.010661 -0.080898 1.000000
0.062768 -0.715548 0.025795 0.000000
0.449589 0.201065 0.100532 0.000000
0.189796 -1.177117 0.021884 0.000000
0.406401 0.156132 -0.005897 0.000000
0.236355 -0.013004 -0.032549 0.000000
0.653031 -0.497902 0.150015 0.000000
0.285469 -0.207009 0.039555 0.000000
0.146977 -1.171088 0.061096 0.000000
0.321846 0.249620 0.048032 0.000000
0.452772 -0.225417 0.096575 0.000000
0.168395 -1.209616 0.056559 0.000000
0.553528 0.003415 -0.027019 0.000000
0.475944 -0.047320 -0.012158 0.000000
0.333939 0.319103 0.054195 0.000000
0.025034 -0.300452 -0.244600 0.000000
0.234952 -0.736942 0.006981 0.000000
0.175469 -1.272061 0.054279 0.000000
0.518673 -0.383477 0.112167 0.000000
0.286221 -0.246605 0.021551 0.000000
0.335229 0.292388 0.018400 0.000000
0.241590 -0.660860 0.006025 0.000000
0.311540 0.042371 0.035250 0.000000
0.200591 -0.391660 0.022576 0.000000
0.215310 -1.029773 -0.110921 1.000000
0.321184 0.094048 0.043596 0.000000
0.160127 -1.351145 -0.351780 1.000000
0.499050 -0.345387 0.107865 0.000000
0.196367 -1.113109 0.032292 0.000000
0.251204 -0.574815 0.023129 0.000000
0.592505 -0.457773 0.140961 0.000000
0.052068 -0.289412 -0.230220 0.000000
0.255503 -0.298687 0.020703 0.000000
-0.110420 -1.129714 -0.035554 0.000000
0.199323 -0.107658 -0.070818 0.000000
0.319894 0.149401 0.054719 0.000000
0.177384 -1.189105 0.056743 0.000000
0.199951 -1.193356 -0.225013 1.000000
0.520395 -0.396418 0.130051 0.000000
0.613716 -0.048045 -0.054731 0.000000
0.229499 0.171869 0.001456 0.000000
0.182345 -1.196689 -0.229781 1.000000
0.622999 -0.480208 0.143240 0.000000
0.347487 0.034693 0.067646 0.000000
0.102751 -0.268966 -0.185561 0.000000
0.200338 -0.410052 0.040113 0.000000
0.254259 -0.607861 0.009879 0.000000
0.394155 0.294898 0.055112 0.000000
0.268268 0.079091 -0.006471 0.000000
0.475095 -0.284428 0.101564 0.000000
0.337889 0.320862 0.017550 0.000000
0.398567 0.266925 0.015292 0.000000
0.169221 -1.085054 0.022447 0.000000
0.466467 0.142198 0.129147 0.000000
0.320714 0.221436 0.045503 0.000000
0.352497 0.356229 0.028079 0.000000
0.477069 0.139291 0.019209 0.000000
0.171537 -1.249739 0.056129 0.000000
0.327721 0.186505 0.045508 0.000000
0.239063 -0.668881 0.022571 0.000000
0.677193 -0.517995 0.163792 0.000000
0.428069 0.236537 0.013489 0.000000
0.172396 -1.126627 0.040824 0.000000
0.271052 0.231962 0.003631 0.000000
0.300906 -0.095665 0.029007 0.000000
0.537523 -0.154078 -0.070837 0.000000
0.232702 -0.801009 0.019834 0.000000
0.457069 0.168826 0.006235 0.000000
0.273211 0.106280 -0.017740 0.000000
0.259230 -0.428307 0.016107 0.000000
0.576578 -0.197645 -0.113859 0.000000
0.214687 -0.979140 0.027106 0.000000
0.145540 -0.502024 0.022358 0.000000
0.210516 -0.946647 0.020539 0.000000
0.189938 -1.280267 -0.307107 1.000000
0.411412 0.138538 -0.010242 0.000000
0.087397 -0.016631 -0.068325 0.000000
0.330223 0.284049 0.049707 0.000000
0.126264 -0.248790 -0.165912 0.000000
0.369416 -0.126246 0.010351 0.000000
0.329902 -0.018932 0.014640 0.000000
0.566354 -0.441318 0.138908 0.000000
0.374695 -0.003059 -0.045715 0.000000
0.293670 -0.159220 0.038423 0.000000
0.189466 -0.147839 -0.089871 0.000000
0.189264 -1.062166 0.030113 0.000000
0.371389 0.036225 -0.021374 0.000000
0.304391 -0.066908 0.046857 0.000000
0.440467 0.013357 -0.009729 0.000000
0.160382 -1.103216 0.034451 0.000000
0.080898 -0.276510 -0.214127 0.000000
0.436252 0.204897 0.090025 0.000000
0.196414 -1.086155 0.027593 0.000000
0.205496 -1.092015 -0.124382 1.000000
0.335021 0.231711 0.006201 0.000000
0.408711 0.107229 0.000230 0.000000
0.182548 0.116189 -0.035748 0.000000
0.047797 -0.741027 0.024983 0.000000
0.167093 -1.179031 0.045531 0.000000
0.241665 0.192157 -0.006421 0.000000
0.355276 0.373963 0.034166 0.000000
0.165434 -1.154654 0.043595 0.000000
0.175818 -1.219662 0.044612 0.000000
0.176587 -1.154778 0.026064 0.000000
0.209322 -0.093412 -0.062807 0.000000
0.236183 -0.765353 0.023032 0.000000
-0.076906 -1.061728 -0.018042 0.000000
0.139653 -1.204196 0.040067 0.000000
0.287531 0.262135 0.020772 0.000000
0.292991 -0.143948 0.023095 0.000000
0.237740 -0.944936 -0.033013 1.000000
0.351139 -0.085980 0.024312 0.000000
0.239359 -0.700484 0.006616 0.000000
0.169674 -1.296883 -0.314296 1.000000
0.203924 -1.146893 -0.182132 1.000000
0.483970 -0.322187 0.110549 0.000000
0.296853 0.281299 0.032923 0.000000
0.072711 -0.643736 0.028306 0.000000
0.165958 -1.227295 0.031709 0.000000
0.274209 -0.222816 0.026620 0.000000
0.216488 -0.824749 0.012846 0.000000
0.162309 -1.370887 -0.373175 1.000000
0.160596 -1.301727 0.038804 0.000000
0.335160 0.259716 0.018185 0.000000
0.217716 -0.370192 0.021731 0.000000
0.194084 -1.008314 0.037874 0.000000
0.460419 -0.255732 0.100826 0.000000
0.099675 -0.632324 0.030679 0.000000
0.388396 -0.085052 0.083195 0.000000
0.276401 -0.287963 0.022728 0.000000
0.176076 -1.193743 0.036752 0.000000
0.542687 0.033248 -0.014244 0.000000
0.041197 -0.772227 0.021450 0.000000
0.337895 0.352540 0.062383 0.000000
0.173861 -1.241433 0.035769 0.000000
0.383378 -0.056808 0.077381 0.000000
-0.056652 -1.003239 -0.019829 0.000000
0.503163 0.068789 0.177247 0.000000
0.329634 -0.050043 0.002539 0.000000
0.203844 -1.059639 -0.118270 1.000000
0.560493 -0.176193 -0.090139 0.000000
0.167160 -0.167262 -0.096622 0.000000
0.261692 -0.478573 0.007756 0.000000
0.233671 0.003461 -0.032678 0.000000
-0.023649 -0.909771 0.010073 0.000000
0.390098 0.399776 0.042295 0.000000
0.447788 -0.019562 -0.023590 0.000000
0.205499 -1.138249 -0.164044 1.000000
0.199558 -1.171107 -0.208940 1.000000
0.307528 0.063575 0.038343 0.000000
0.348562 -0.108237 0.008307 0.000000
0.257705 0.055053 -0.013284 0.000000
0.188984 -1.216758 0.020284 0.000000
0.638241 -0.086823 -0.049204 0.000000
0.205332 -1.068727 0.027475 0.000000
0.324852 0.049926 -0.008182 0.000000
0.147803 -1.156985 0.029965 0.000000
0.123625 -1.185942 0.036052 0.000000
0.138854 -1.156920 0.043948 0.000000
0.328647 -0.031877 0.000826 0.000000
0.195379 -0.419087 0.026769 0.000000
0.353911 0.019960 0.060364 0.000000
0.209333 -1.039723 0.029136 0.000000
0.335559 0.251741 0.056280 0.000000
0.420909 0.248457 0.069293 0.000000
0.686327 -0.128322 -0.069892 0.000000
0.240381 -0.636498 0.021324 0.000000
0.183725 -1.166991 0.034552 0.000000
0.314975 0.174903 0.041313 0.000000
0.333345 0.386964 0.050131 0.000000
0.290653 -0.178501 0.036652 0.000000
0.188324 -1.256324 -0.287611 1.000000
0.418174 -0.151542 0.087955 0.000000
0.299158 -0.077994 0.028327 0.000000
0.462680 -0.275088 0.105565 0.000000
0.108162 -0.598831 0.029630 0.000000
0.764438 -0.172626 -0.101795 0.000000
0.144641 -0.520412 0.031745 0.000000
0.232782 -0.344007 0.040302 0.000000
0.268961 -0.408630 0.011682 0.000000
0.279756 -0.247224 0.036074 0.000000
0.361451 -0.004896 0.055126 0.000000
0.545634 0.018413 -0.020629 0.000000
0.385543 0.461759 0.045008 0.000000
0.547476 -0.144868 -0.062584 0.000000
0.355471 0.078074 -0.004258 0.000000
0.464857 -0.226377 -0.147695 0.000000
0.384283 0.430876 0.042002 0.000000
0.301305 -0.028605 0.036114 0.000000
0.383116 0.317403 0.050404 0.000000
0.446595 0.186878 0.010382 0.000000
0.130640 -0.530435 0.025781 0.000000
0.225543 -0.791638 0.009047 0.000000
0.194186 -1.128632 0.037355 0.000000
0.296863 -0.130522 0.030713 0.000000
0.084994 -1.348814 0.085688 0.000000
0.221361 -0.045923 -0.045499 0.000000
0.268864 -0.500437 0.012753 0.000000
0.102024 -1.329972 0.038725 0.000000
0.740735 -0.157602 -0.087366 0.000000
0.325203 0.019275 0.000267 0.000000
0.090302 -0.687687 0.030659 0.000000
0.163270 -0.203603 -0.126045 0.000000
0.189729 -1.002007 0.023991 0.000000
0.195164 -1.137884 0.020551 0.000000
0.403943 0.306945 0.028501 0.000000
0.038458 -0.117119 -0.118839 0.000000
0.331683 0.219328 0.018399 0.000000
0.145949 -1.231313 0.050015 0.000000
0.345168 0.408836 0.030149 0.000000
0.270336 -0.448267 0.012044 0.000000
0.473904 0.121344 0.145710 0.000000
0.305300 0.020105 0.040504 0.000000
0.137655 -1.190049 0.066130 0.000000
0.246326 -0.541048 0.020717 0.000000
0.339590 0.413878 0.051454 0.000000
0.265870 -0.454203 0.027867 0.000000
0.304298 -0.098894 0.044393 0.000000
0.249167 0.020741 -0.019877 0.000000
0.247887 0.052079 -0.026005 0.000000
0.349802 0.463568 0.064536 0.000000
0.713095 -0.145690 -0.078199 0.000000
0.068919 -0.699263 0.026750 0.000000
0.184804 -1.201197 0.047282 0.000000
0.224711 -0.862705 0.007548 0.000000
0.201460 -1.038500 -0.083145 1.000000
0.425598 -0.153609 -0.119638 0.000000
0.128104 0.044165 -0.050361 0.000000
0.077384 -0.669635 0.029080 0.000000
0.431985 0.220176 0.085112 0.000000
0.033223 -0.816846 0.010534 0.000000
0.149618 -1.180724 0.039784 0.000000
0.192230 -1.207725 -0.224967 1.000000
0.239093 -0.623891 0.012912 0.000000
0.337446 -0.058764 0.016098 0.000000
0.225383 -0.974752 -0.054031 1.000000
0.175668 -1.267051 0.039546 0.000000
0.189851 -1.174218 0.052947 0.000000
0.045557 -0.099454 -0.109347 0.000000
0.398242 0.287214 0.019409 0.000000
0.199773 -1.003700 0.011851 0.000000
-0.087941 -1.079253 -0.034799 0.000000
0.311430 -0.006726 0.033089 0.000000
0.434987 0.037444 -0.003519 0.000000
0.401813 -0.106202 0.082680 0.000000
0.489192 0.093356 0.167315 0.000000
0.336338 0.440478 0.054892 0.000000
0.213673 -0.900597 0.004443 1.000000
0.115202 0.020070 -0.055204 0.000000
0.117458 -0.574650 0.028513 0.000000
0.419556 -0.130053 0.089956 0.000000
0.294336 -0.185293 0.023722 0.000000
0.580078 -0.449025 0.144514 0.000000
0.502606 0.099015 0.010472 0.000000
0.412013 0.077385 -0.013726 0.000000
0.223910 -0.775929 0.012696 0.000000
0.377969 0.023401 -0.026152 0.000000
0.414236 0.270124 0.034399 0.000000
0.202533 -0.998313 0.030753 0.000000
0.348923 0.327855 0.024872 0.000000
0.115408 -1.250957 0.039986 0.000000
0.394971 0.179822 0.011984 0.000000
0.414756 -0.175002 0.089502 0.000000
0.330772 0.092296 -0.001218 0.000000
0.523176 0.032359 0.219959 0.000000
0.018699 -0.837085 0.016235 0.000000
0.316230 0.011478 0.045677 0.000000
0.306041 0.168783 0.008370 0.000000
0.027731 -0.791350 0.023097 0.000000
0.203546 -1.016130 -0.078776 1.000000
0.545011 -0.432404 0.125294 0.000000
0.442893 -0.166449 -0.139249 0.000000
0.193843 -1.121595 -0.167501 1.000000
0.173274 -1.040447 0.031800 0.000000
0.277514 -0.319232 0.025716 0.000000
0.218965 -0.966898 -0.041080 1.000000
0.331589 -0.000010 -0.004818 0.000000
0.414432 0.093390 0.008775 0.000000
0.463146 -0.040339 -0.019392 0.000000
0.512822 0.050289 0.199597 0.000000
0.128843 -1.233001 0.057604 0.000000
0.213951 -0.383181 0.027456 0.000000
0.226143 -0.022536 -0.039353 0.000000
0.287730 -0.218205 0.023493 0.000000
-0.047845 -0.992055 -0.014922 0.000000
0.168668 0.089418 -0.031159 0.000000
-0.047057 -0.975883 0.000862 0.000000
0.331619 0.239137 0.045477 0.000000
0.261718 -0.287099 0.026882 0.000000
0.099726 -0.003690 -0.063116 0.000000
0.417774 0.253375 0.086186 0.000000
-0.036032 -0.965090 -0.009303 0.000000
0.323352 -0.006383 0.009767 0.000000
0.186040 -1.217647 0.034416 0.000000
0.348106 0.489146 0.062414 0.000000
0.315880 0.316292 0.053088 0.000000
0.192572 -1.144529 -0.191166 1.000000
0.251586 -0.515012 0.014106 0.000000
-0.007495 -0.873660 0.016289 0.000000
-0.093980 -1.104768 -0.026369 0.000000
0.192603 0.126117 -0.026291 0.000000
0.274561 -0.237175 0.027026 0.000000
0.018887 -0.138579 -0.124152 0.000000
0.347895 0.451649 0.043319 0.000000
0.288764 -0.192697 0.036093 0.000000
0.438990 0.209659 0.030168 0.000000
0.281894 0.121288 -0.002540 0.000000
0.211859 -0.942018 -0.020600 1.000000
0.455996 -0.183490 -0.141424 0.000000
0.221202 0.165808 -0.018392 0.000000
0.209595 -0.066787 -0.054123 0.000000
0.320373 0.065273 0.044316 0.000000
0.213690 -0.915092 -0.005475 1.000000
0.258652 -0.384130 0.023377 0.000000
0.317750 0.307777 0.031083 0.000000
0.180358 -1.116727 0.029627 0.000000
0.322776 0.089607 0.059602 0.000000
0.380775 0.491339 0.048917 0.000000
0.371321 -0.034348 0.060870 0.000000
0.265644 -0.273620 0.025179 0.000000
0.201079 -1.035732 -0.101432 1.000000
0.180127 -1.325174 0.062455 0.000000
0.420615 -0.135157 -0.112717 0.000000
0.266525 0.229333 0.027012 0.000000
0.509690 -0.373513 0.116455 0.000000
0.341951 0.416181 0.065125 0.000000
0.382633 -0.067342 0.068024 0.000000
0.503049 -0.090858 -0.030153 0.000000
0.370994 0.014072 -0.040359 0.000000
0.397537 -0.038656 -0.061533 0.000000
0.081353 -0.045593 -0.079229 0.000000
0.418866 -0.093066 -0.096627 0.000000
0.345244 0.383534 0.032353 0.000000
0.190666 -1.193364 0.057536 0.000000
0.263566 0.225226 0.013915 0.000000
0.528747 0.032960 -0.013859 0.000000
0.124845 -1.262477 0.034936 0.000000
0.135968 -1.206603 0.066888 0.000000
0.489181 -0.071104 -0.019922 0.000000
0.164841 -0.179109 -0.103892 0.000000
0.270907 -0.393826 0.011665 0.000000
0.239433 -0.905461 -0.003773 1.000000
0.209097 0.145776 -0.007820 0.000000
0.198539 -1.027635 0.027236 0.000000
0.296882 -0.048419 0.036539 0.000000
0.188609 -1.095693 0.034306 0.000000
0.350792 0.436638 0.041809 0.000000
0.342295 0.362655 0.051537 0.000000
0.406451 -0.055755 -0.071897 0.000000
0.311625 0.108851 0.045282 0.000000
0.315987 0.189040 0.052422 0.000000
0.188650 -1.154978 0.039365 0.000000
0.068780 -0.035928 -0.078881 0.000000
0.092380 -0.594059 0.024630 0.000000
0.192981 -1.251059 -0.275164 1.000000
0.201819 -1.083115 -0.141087 1.000000
0.033989 -0.761622 0.026584 0.000000
0.401114 0.224322 0.006156 0.000000
0.214864 -0.841252 0.013243 0.000000
0.363740 0.345815 0.050783 0.000000
0.343258 0.046653 0.062247 0.000000
0.199622 -1.114622 0.018990 0.000000
0.088898 -0.641963 0.030318 0.000000
0.262703 -0.541191 0.022453 0.000000
0.440713 -0.214677 0.095433 0.000000
0.423879 0.062423 0.003042 0.000000
0.157120 -0.481292 0.027290 0.000000
0.447964 0.189523 0.025222 0.000000
0.139843 -1.216986 0.045237 0.000000
0.396259 0.207842 0.008100 0.000000
0.051514 -0.074026 -0.097352 0.000000
0.339642 0.352799 0.024880 0.000000
0.474503 -0.297767 0.110509 0.000000
0.423121 -0.108536 -0.105156 0.000000
0.491021 -0.334054 0.110752 0.000000
0.132134 -1.163438 0.033835 0.000000
0.195956 -1.119894 -0.183773 1.000000
0.334668 0.093022 0.045238 0.000000
0.122092 -1.232077 0.037812 0.000000
0.618600 -0.470236 0.151386 0.000000
0.183750 -0.435510 0.032392 0.000000
0.428831 -0.180517 0.091512 0.000000
0.216451 -0.987108 -0.060853 1.000000
0.359317 -0.114375 0.013777 0.000000
0.178821 -1.274890 0.020667 0.000000
0.362886 -0.131867 -0.001901 0.000000
0.058893 -0.729342 0.021934 0.000000
0.227428 -0.835040 0.007152 0.000000
0.251845 -0.531962 0.012374 0.000000
0.126790 -1.252675 0.066593 0.000000
0.278384 -0.204130 0.028419 0.000000
0.239480 -0.919417 -0.003418 1.000000
0.456825 -0.209904 -0.146887 0.000000
0.237342 -0.714888 0.019279 0.000000
0.449496 0.002323 -0.002140 0.000000
0.173383 -1.226475 0.055939 0.000000
0.189772 -1.193767 -0.241518 1.000000
0.148092 -0.471159 0.022224 0.000000
0.338236 -0.076784 0.011856 0.000000
0.201829 -1.099742 0.029874 0.000000
0.280365 -0.260045 0.032185 0.000000
0.241813 -0.606578 0.022772 0.000000
0.292712 -0.102932 0.039011 0.000000
0.062196 -0.059881 -0.088145 0.000000
0.110073 -0.619712 0.030592 0.000000
0.533919 -0.410542 0.120345 0.000000
0.402878 0.168145 -0.001202 0.000000
0.153188 -1.159000 0.058863 0.000000
0.240566 -0.324760 0.026617 0.000000
0.177581 -1.196865 0.023863 0.000000
0.540934 -0.420496 0.129898 0.000000
0.273070 0.090416 0.000058 0.000000
0.410908 0.106068 -0.012853 0.000000
0.150663 -0.224652 -0.144817 0.000000
0.270779 -0.422102 0.013504 0.000000
0.342560 0.097418 0.002244 0.000000
0.325891 0.043954 0.009074 0.000000
0.358249 0.006550 0.061950 0.000000
0.243419 -0.600182 0.010382 0.000000
0.394727 0.347519 0.036951 0.000000
0.432434 -0.152496 0.088300 0.000000
0.323613 0.027112 0.010857 0.000000
0.391043 0.297739 0.068160 0.000000
0.061499 -0.680521 0.029735 0.000000
0.337992 0.068874 0.055296 0.000000
0.197979 -0.404174 0.028476 0.000000
0.230495 -0.809987 0.008815 0.000000
0.340490 0.375670 0.050070 0.000000
0.325798 0.160864 0.051837 0.000000
0.257548 -0.582764 0.014699 0.000000
0.231380 -0.959796 -0.034563 1.000000
0.402911 -0.079407 0.088886 0.000000
0.248014 -0.649613 0.008512 0.000000
0.188104 -1.049068 0.029149 0.000000
0.098444 -0.659232 0.031449 0.000000
0.186366 -1.202519 0.034287 0.000000
0.254310 -0.483768 0.018046 0.000000
0.465887 -0.199755 -0.147917 0.000000
0.261679 0.069114 -0.012124 0.000000
0.316471 0.129764 0.039444 0.000000
0.479437 -0.080821 -0.031531 0.000000
0.175693 -0.441078 0.022007 0.000000
0.380803 -0.012680 -0.052775 0.000000
0.187375 -1.291884 -0.301636 1.000000
0.319240 0.189823 -0.000045 0.000000
0.224106 -0.936545 -0.020314 1.000000
0.509895 -0.100504 -0.035882 0.000000
0.199247 -1.218052 -0.237262 1.000000
0.182254 -1.136370 0.021889 0.000000
0.308717 0.094714 0.039772 0.000000
0.213604 -1.032894 -0.096895 1.000000
0.235085 -0.752473 0.008562 0.000000
0.040492 -0.802205 0.013939 0.000000
0.339870 0.343560 0.052748 0.000000
0.188977 -1.014035 0.018314 0.000000
0.443734 -0.196668 0.093161 0.000000
0.505563 -0.357180 0.108411 0.000000
0.245180 0.032022 -0.025442 0.000000
0.169104 -1.321778 -0.344781 1.000000
0.122409 0.010341 -0.050467 0.000000
0.225253 -0.925591 -0.012648 1.000000
0.400522 0.195395 0.002652 0.000000
0.172814 -1.205379 0.044651 0.000000
0.500370 0.075509 -0.005096 0.000000
0.321740 0.136583 0.054234 0.000000
0.223115 -0.945683 0.023396 0.000000
0.365564 0.345450 0.037974 0.000000
0.365306 0.044854 -0.013902 0.000000
0.366577 -0.014327 0.067951 0.000000
-0.038653 -0.952925 -0.003662 0.000000
0.423558 0.245003 0.022147 0.000000
0.268116 -0.309586 0.018695 0.000000
0.386981 0.206096 0.016921 0.000000
0.005197 -0.853243 0.012995 0.000000
0.205155 -1.049471 -0.107273 1.000000
0.308808 -0.053023 0.038134 0.000000
0.367772 -0.028670 0.071832 0.000000
0.192516 -1.107462 0.043166 0.000000
0.306229 0.036637 0.045398 0.000000
0.274449 -0.328736 0.017695 0.000000
0.324708 0.214243 0.055317 0.000000
0.188527 -1.109273 0.022486 0.000000
0.309696 -0.076172 0.035365 0.000000
0.261035 0.082382 -0.028547 0.000000
0.092904 -0.621731 0.027796 0.000000
0.325502 0.184066 0.060290 0.000000
0.262405 -0.554372 0.013814 0.000000
0.182086 -1.030755 0.024934 0.000000
0.507559 -0.118761 -0.048387 0.000000
-0.062935 -1.020648 -0.015070 0.000000
0.333471 0.202823 0.008065 0.000000
0.267888 -0.374247 0.027735 0.000000
0.396755 0.252429 0.013843 0.000000
0.208283 -1.128345 -0.171590 1.000000
0.333641 0.175707 0.005096 0.000000
0.176545 -1.260584 -0.285560 1.000000
0.181703 -1.176486 0.043495 0.000000
0.467334 0.143232 0.004896 0.000000
0.406198 0.130218 -0.001376 0.000000
0.173409 -1.302787 0.062179 0.000000
0.348223 -0.095644 0.016561 0.000000
0.564248 -0.004193 -0.028044 0.000000
0.477945 -0.059546 -0.018235 0.000000
0.145725 -1.185303 0.057660 0.000000
0.454816 0.189441 0.104429 0.000000
0.248216 -0.574368 0.010027 0.000000
0.227328 -0.349689 0.017789 0.000000
0.151195 0.059226 -0.035500 0.000000
0.229467 -0.850726 0.012022 0.000000
0.081667 -0.696537 0.028292 0.000000
0.299956 -0.148594 0.040886 0.000000
0.250981 -0.620059 0.011420 0.000000
0.273357 -0.396628 0.023677 0.000000
0.286765 0.133534 -0.009678 0.000000
0.177003 -1.287377 -0.309760 1.000000
0.186040 -1.245663 0.056820 0.000000
0.298565 0.155930 -0.000679 0.000000
0.211861 -1.005941 0.026095 0.000000
0.611698 -0.059972 -0.050314 0.000000
0.220528 -0.886834 0.014627 0.000000
0.328321 0.196684 0.056151 0.000000
0.164163 -1.220406 0.049078 0.000000
0.169158 -0.186969 -0.112594 0.000000
-0.021769 -0.918108 0.000969 0.000000
0.122737 -0.562844 0.029594 0.000000
0.203071 -0.978194 -0.043900 1.000000
0.389433 0.241727 0.017234 0.000000
0.240276 -0.727198 0.012947 0.000000
-0.029402 -0.943789 -0.002613 0.000000
0.391491 -0.022222 -0.049913 0.000000
0.131779 0.033078 -0.046140 0.000000
0.232917 0.183264 -0.002053 0.000000
0.141392 -1.171443 0.041553 0.000000
0.186907 -0.441650 0.042674 0.000000
0.166928 -1.356322 -0.367716 1.000000
0.384542 -0.073019 0.078861 0.000000
0.345612 0.426634 0.056545 0.000000
0.226351 -0.859961 0.019639 0.000000
0.324991 0.066657 -0.001134 0.000000
0.222189 -0.361621 0.039670 0.000000
0.257434 0.212233 0.013099 0.000000
0.497119 0.076346 0.184913 0.000000
0.196330 -1.083349 0.044691 0.000000
0.170209 -0.457306 0.026325 0.000000
0.390391 0.375434 0.038775 0.000000
0.201619 -1.049544 0.025056 0.000000
0.173835 -1.052688 0.031046 0.000000
0.347341 0.284903 0.017442 0.000000
0.203251 -1.122307 -0.159153 1.000000
0.491706 -0.264090 -0.157973 0.000000
0.394371 0.308690 0.055808 0.000000
0.323147 0.026790 -0.009704 0.000000
-0.012726 -0.899316 0.008034 0.000000
0.327879 0.173318 0.046518 0.000000
0.034698 -0.298318 -0.237386 0.000000
0.173114 -1.166525 0.040632 0.000000
-0.005562 -0.883882 0.009851 0.000000
0.261758 -0.466421 0.024426 0.000000
0.154510 0.076602 -0.040568 0.000000
0.331549 0.076143 -0.009033 0.000000
0.627406 -0.081595 -0.052125 0.000000
0.218918 -0.996914 -0.068860 1.000000
0.236627 -0.649971 0.012814 0.000000
0.178124 -1.090402 0.037515 0.000000
0.481536 -0.310503 0.112906 0.000000
0.387932 0.000428 -0.041116 0.000000
0.555504 -0.432768 0.131492 0.000000
0.311736 0.005249 0.035138 0.000000
0.235219 -0.688560 0.021126 0.000000
0.117591 -1.253467 0.074485 0.000000
0.416695 0.082168 -0.003591 0.000000
0.130647 -0.584160 0.037472 0.000000
0.318873 0.080915 0.050632 0.000000
0.396424 -0.095525 0.079367 0.000000
0.504056 0.086876 0.001052 0.000000
0.482366 0.126496 0.013863 0.000000
0.261094 -0.509467 0.009082 0.000000
0.155250 -1.149000 0.040330 0.000000
0.396257 0.153657 0.003200 0.000000
0.315131 0.191102 0.013253 0.000000
0.196536 -1.075157 0.033218 0.000000
0.303159 -0.010657 0.040936 0.000000
0.298392 -0.131061 0.042658 0.000000
0.351133 0.475461 0.043845 0.000000
0.315718 0.144233 0.044670 0.000000
-0.083565 -1.070020 -0.023969 0.000000
0.648226 -0.490228 0.157953 0.000000
0.226287 -0.902345 0.000377 1.000000
0.236868 -0.772037 0.013072 0.000000
0.226794 -0.035572 -0.042633 0.000000
0.151229 -0.525341 0.040498 0.000000
-0.090769 -1.093593 -0.023442 0.000000
0.337103 0.102229 -0.009963 0.000000
0.654502 -0.104308 -0.059785 0.000000
0.344343 0.254058 0.012965 0.000000
0.265121 -0.428361 0.029575 0.000000
0.494958 -0.351830 0.118274 0.000000
0.173656 -1.326402 -0.334505 1.000000
0.325439 0.211301 0.010894 0.000000
0.343785 0.394622 0.036519 0.000000
0.261943 -0.495219 0.020933 0.000000
0.174184 -1.301099 -0.324486 1.000000
0.202992 -0.936102 -0.015287 1.000000
0.440764 -0.146932 -0.127047 0.000000
0.027055 -0.118214 -0.115601 0.000000
0.363823 0.441816 0.028473 0.000000
0.254329 -0.595448 0.010567 0.000000
0.428304 -0.192358 0.092856 0.000000
0.481973 0.113382 0.001103 0.000000
0.151917 -0.492320 0.028546 0.000000
0.076307 -0.056321 -0.078492 0.000000
0.196720 -0.972524 -0.029870 1.000000
0.352713 0.433485 0.030531 0.000000
0.194422 -1.141292 -0.177803 1.000000
0.160132 -1.339888 -0.355348 1.000000
0.310131 0.306422 0.040012 0.000000
0.177032 -1.329015 -0.351169 1.000000
0.256450 -0.418590 0.022176 0.000000
0.271653 0.097755 -0.009674 0.000000
0.311515 -0.000994 0.046021 0.000000
0.235641 -0.670043 0.011356 0.000000
0.435041 -0.169901 -0.127528 0.000000
0.163733 -1.373037 -0.387524 1.000000
0.007218 -0.884247 0.000596 0.000000
0.138871 -0.547718 0.035132 0.000000
0.194315 -1.192766 -0.214729 1.000000
0.248448 -0.663297 0.018266 0.000000
0.292418 0.270561 0.027297 0.000000
0.199130 -1.095165 -0.143929 1.000000
0.174745 -0.135815 -0.079846 0.000000
0.328853 0.361446 0.059801 0.000000
0.260670 -0.349062 0.019693 0.000000
0.269265 -0.297054 0.020847 0.000000
0.453297 -0.016504 -0.013722 0.000000
0.233719 -0.945953 -0.022074 1.000000
0.109758 -0.007850 -0.058779 0.000000
0.173720 -1.059979 0.020651 0.000000
0.574910 -0.007346 -0.031605 0.000000
0.402069 -0.131961 0.077109 0.000000
0.203740 -1.144759 -0.194554 1.000000
0.425211 0.260791 0.024199 0.000000
0.437546 0.024057 -0.006145 0.000000
0.206100 -1.079942 -0.129910 1.000000
0.486087 -0.089920 -0.034466 0.000000
0.285419 -0.169574 0.030529 0.000000
0.361416 0.037184 -0.032155 0.000000
0.175963 -1.170926 0.053551 0.000000
0.237174 -0.737209 0.018803 0.000000
0.229290 -0.709997 0.012487 0.000000
0.182702 -1.131261 0.047269 0.000000
0.454184 -0.240773 0.098494 0.000000
0.201848 -1.029439 -0.090380 1.000000
0.330169 0.227604 0.048171 0.000000
0.139847 0.029506 -0.038617 0.000000
0.459366 0.157721 0.003408 0.000000
0.209071 -0.969345 0.024547 0.000000
0.411364 0.281831 0.023320 0.000000
0.589949 -0.031294 -0.040429 0.000000
0.163185 -0.195791 -0.117512 0.000000
0.166181 -1.198281 0.056472 0.000000
0.273485 -0.352407 0.017401 0.000000
0.127047 -1.268069 0.045571 0.000000
0.249786 -0.586836 0.022906 0.000000
0.197275 -1.130586 -0.174608 1.000000
0.198630 -1.036244 0.042199 0.000000
-0.055066 -0.999583 -0.009031 0.000000
0.430559 -0.127668 -0.115394 0.000000
0.345678 0.293936 0.024363 0.000000
0.352477 0.411472 0.039415 0.000000
0.478898 -0.220671 -0.147751 0.000000
0.230346 -0.814301 0.019458 0.000000
0.200572 -0.085431 -0.060325 0.000000
0.227816 -0.986476 -0.054846 1.000000
0.143758 -0.232445 -0.149652 0.000000
0.437047 0.206633 0.010896 0.000000
0.339897 0.462069 0.058941 0.000000
0.250485 -0.561630 0.015383 0.000000
0.162219 0.079707 -0.032674 0.000000
0.440894 -0.235724 0.099832 0.000000
0.216597 -0.920368 0.017587 0.000000
0.203199 -1.041459 0.011374 0.000000
0.261183 -0.439500 0.017439 0.000000
0.144802 -1.145332 0.043997 0.000000
0.330678 -0.077588 0.002240 0.000000
0.212348 -1.040770 -0.105559 1.000000
0.285548 0.260514 0.032053 0.000000
0.308655 -0.030975 0.047826 0.000000
0.282084 -0.262146 0.020850 0.000000
0.580046 -0.022830 -0.035522 0.000000
0.627689 -0.476384 0.154451 0.000000
0.117872 -0.548272 0.025282 0.000000
0.338726 0.116199 -0.003074 0.000000
0.175992 -1.151299 0.041059 0.000000
0.336194 0.309206 0.024848 0.000000
0.324213 0.113095 0.048672 0.000000
0.257972 -0.462977 0.014288 0.000000
0.521778 -0.392643 0.119434 0.000000
0.054406 -0.768572 0.017530 0.000000
0.347685 0.343445 0.025346 0.000000
0.271324 -0.248855 0.028663 0.000000
0.058284 -0.748248 0.022259 0.000000
0.336188 -0.027988 0.009347 0.000000
0.666363 -0.112557 -0.060384 0.000000
-0.025981 -0.939066 0.007940 0.000000
0.408410 -0.124742 0.084452 0.000000
0.022364 -0.840336 0.005665 0.000000
0.185168 -1.261941 -0.276763 1.000000
0.291266 -0.153429 0.028997 0.000000
0.208942 -0.077660 -0.064885 0.000000
0.502602 -0.110975 -0.036910 0.000000
0.260253 -0.301568 0.031310 0.000000
0.213987 -0.383386 0.040186 0.000000
0.353996 0.055478 -0.022811 0.000000
0.563726 0.009634 -0.023996 0.000000
0.413992 -0.115794 -0.102698 0.000000
0.274207 -0.276703 0.012947 0.000000
0.212708 0.152975 -0.017445 0.000000
0.323839 0.037938 -0.011904 0.000000
0.448970 -0.252233 0.107281 0.000000
0.391719 0.290806 0.027795 0.000000
0.199213 -1.222993 -0.247928 1.000000
0.053446 -0.710223 0.028965 0.000000
0.237502 -0.637707 0.010596 0.000000
0.181647 -1.111711 0.042963 0.000000
0.388340 -0.090408 0.072613 0.000000
0.405390 -0.077106 -0.082569 0.000000
0.215074 -0.874813 0.009742 0.000000
0.343552 0.241005 0.008656 0.000000
0.164997 -0.474884 0.032340 0.000000
0.667474 -0.117638 -0.070825 0.000000
0.344186 0.440345 0.062795 0.000000
0.213751 -1.011532 -0.078482 1.000000
0.428032 0.053767 -0.005824 0.000000
0.247206 -0.312277 0.020887 0.000000
0.235577 -0.334409 0.029845 0.000000
0.325832 0.008172 0.000008 0.000000
0.263383 -0.287036 0.037892 0.000000
0.336145 0.451172 0.057874 0.000000
0.200280 0.132503 -0.014640 0.000000
0.430067 0.229165 0.022506 0.000000
0.483338 -0.243371 -0.153062 0.000000
0.176666 -1.261461 0.057829 0.000000
0.291702 -0.120611 0.035547 0.000000
0.358237 0.009308 0.073600 0.000000
0.405659 -0.150245 0.085246 0.000000
0.309411 0.068620 0.048017 0.000000
0.151602 -0.503513 0.031532 0.000000
0.247470 -0.628005 0.021426 0.000000
-0.077298 -1.054824 -0.029298 0.000000
0.395336 0.327706 0.027334 0.000000
0.111197 -0.585373 0.028278 0.000000
0.331089 0.085027 0.051976 0.000000
0.181692 -1.178027 0.031500 0.000000
0.459116 0.166687 0.113549 0.000000
0.389880 0.265950 0.022006 0.000000
0.047296 -0.781009 0.018046 0.000000
0.389816 0.336117 0.035821 0.000000
0.193179 -1.138640 0.031352 0.000000
0.277203 0.111776 -0.009091 0.000000
0.127209 -0.540929 0.027096 0.000000
0.415859 -0.162833 0.087627 0.000000
0.175008 -1.293929 0.031862 0.000000
0.215449 -0.898463 0.015070 0.000000
0.246194 0.195614 0.005580 0.000000
0.174746 -1.219293 0.033667 0.000000
0.193063 -1.198269 -0.232003 1.000000
0.600232 -0.045714 -0.045747 0.000000
0.011924 -0.830308 0.025790 0.000000
0.197216 -1.002438 -0.064075 1.000000
0.120038 -0.621009 0.034936 0.000000
0.432466 0.230417 0.088916 0.000000
0.334031 0.157639 0.001140 0.000000
0.196657 -0.420347 0.040169 0.000000
0.204474 -0.987564 0.026794 0.000000
0.106449 -0.609574 0.028601 0.000000
0.123115 0.027052 -0.051781 0.000000
0.328800 0.221689 0.008138 0.000000
0.177307 -1.256867 0.035980 0.000000
0.386915 0.228614 0.017274 0.000000
0.208400 -1.058321 0.028543 0.000000
0.294204 0.144883 0.007423 0.000000
0.330161 0.346622 0.048891 0.000000
0.379027 -0.049472 0.068341 0.000000
0.217945 -0.056367 -0.048697 0.000000
0.131138 -1.193310 0.032767 0.000000
0.527257 -0.402135 0.123019 0.000000
0.236820 -0.327937 0.016914 0.000000
0.302020 0.289553 0.039128 0.000000
0.262087 -0.409095 0.020080 0.000000
0.400129 0.296711 0.033556 0.000000
0.226800 -0.742287 0.012972 0.000000
0.355433 0.386717 0.029036 0.000000
0.211976 -1.036619 -0.086838 1.000000
0.298289 -0.058204 0.044704 0.000000
0.171101 -1.081142 0.043553 0.000000
0.145613 -1.165317 0.051280 0.000000
0.265171 -0.370928 0.014507 0.000000
0.074880 -0.658114 0.028799 0.000000
0.302457 -0.109188 0.041583 0.000000
0.087590 -0.665709 0.029294 0.000000
0.181358 -0.141489 -0.086267 0.000000
0.600207 -0.459203 0.148403 0.000000
0.231524 -0.699483 0.013979 0.000000
0.315130 0.162452 0.051480 0.000000
0.356087 0.418725 0.031484 0.000000
0.137089 -0.560470 0.032517 0.000000
0.143977 -0.223464 -0.129214 0.000000
0.261666 -0.335025 0.021372 0.000000
-0.071741 -1.051543 -0.014907 0.000000
0.470139 0.151488 0.124331 0.000000
0.054369 -0.083637 -0.101282 0.000000
0.249790 -0.548240 0.013490 0.000000
0.418755 -0.140658 0.088275 0.000000
0.335929 0.386368 0.060564 0.000000
0.018601 -0.148811 -0.132605 0.000000
0.262659 0.079515 -0.015642 0.000000
0.162839 -1.166905 0.045026 0.000000
0.209164 -1.026772 0.025880 0.000000
0.225234 0.169456 -0.009125 0.000000
0.183867 -1.127370 0.034728 0.000000
0.333638 0.406397 0.064751 0.000000
-0.067158 -1.032880 -0.019774 0.000000
0.151078 -1.204443 0.044091 0.000000
0.443997 0.209431 0.096445 0.000000
0.334473 -0.049116 0.012534 0.000000
0.034925 -0.783430 0.022043 0.000000
0.452782 -0.029012 -0.024167 0.000000
0.637288 -0.491464 0.146562 0.000000
0.401902 0.277165 0.019156 0.000000
0.261157 -0.518750 0.019541 0.000000
0.153204 -1.287735 0.054795 0.000000
0.392532 0.311461 0.026486 0.000000
0.083359 -0.679432 0.028289 0.000000
0.183601 0.111309 -0.026315 0.000000
0.327978 0.331669 0.050304 0.000000
0.464969 -0.303138 0.114168 0.000000
0.441468 0.195986 0.095917 0.000000
0.175372 -0.156863 -0.093259 0.000000
0.262146 -0.476459 0.018259 0.000000
0.197166 -1.088614 0.017281 0.000000
0.195777 -1.017040 0.031705 0.000000
0.183568 -1.189034 0.027816 0.000000
0.265371 -0.490437 0.012021 0.000000
0.339172 0.138068 0.004687 0.000000
0.430206 -0.216039 0.096098 0.000000
0.041657 -0.107981 -0.114477 0.000000
0.140557 0.051693 -0.042586 0.000000
0.331294 0.058754 -0.007892 0.000000
0.183064 -1.278173 0.059548 0.000000
0.195051 -1.088794 -0.125400 1.000000
0.312378 0.032081 0.037621 0.000000
0.268992 -0.386990 0.023915 0.000000
0.187903 -0.397010 0.018760 0.000000
0.224998 -0.976030 -0.064512 1.000000
0.225710 -0.756424 0.011413 0.000000
0.174575 -1.195582 0.048178 0.000000
0.514346 0.052027 0.209900 0.000000
0.213239 -0.884557 0.005804 0.000000
0.182231 -1.041474 0.038848 0.000000
0.333611 -0.013598 0.004149 0.000000
0.657560 -0.497909 0.159532 0.000000
0.202291 -1.203571 -0.226130 1.000000
0.276456 -0.276534 0.026858 0.000000
0.193217 -0.428607 0.030733 0.000000
0.350413 0.029726 0.058535 0.000000
0.496632 0.066064 0.187353 0.000000
0.024130 -0.816570 0.015830 0.000000
0.375429 -0.030905 0.079175 0.000000
0.219426 -0.363104 0.029377 0.000000
0.409955 0.120730 0.001071 0.000000
0.180787 -1.054115 0.015588 0.000000
0.189631 -1.117379 0.039223 0.000000
0.242588 -0.692864 0.013047 0.000000
0.215939 -0.976765 -0.039286 1.000000
0.310802 0.174785 -0.003172 0.000000
0.460851 0.163714 0.014554 0.000000
0.470394 -0.225799 -0.156563 0.000000
0.207508 -0.385286 0.017986 0.000000
0.245496 -0.677362 0.011863 0.000000
0.208103 -1.044422 0.038392 0.000000
0.241829 0.010227 -0.026824 0.000000
0.198198 -1.016574 0.014137 0.000000
0.205515 -0.923164 -0.008319 1.000000
0.323341 0.259990 0.054999 0.000000
0.552612 -0.428270 0.119519 0.000000
0.203776 -0.395632 0.031639 0.000000
0.326693 0.153078 0.045010 0.000000
0.313333 0.092200 0.050139 0.000000
0.323728 0.244302 0.056745 0.000000
0.496608 -0.256804 -0.148534 0.000000
0.011336 -0.846553 0.018053 0.000000
-0.003363 -0.850072 0.025278 0.000000
0.188072 -0.418050 0.019481 0.000000
0.188559 -1.204286 -0.247189 1.000000
0.242882 0.194533 0.016198 0.000000
0.189881 -0.103744 -0.069120 0.000000
0.345688 0.084462 -0.017292 0.000000
0.451572 0.176852 0.106454 0.000000
0.254640 0.029167 -0.022350 0.000000
-0.018391 -0.899804 0.016979 0.000000
0.217510 -0.938555 0.017796 0.000000
0.185985 -1.203177 0.057670 0.000000
0.314401 0.071230 0.037370 0.000000
0.182373 -1.226796 0.037515 0.000000
0.054984 -0.286114 -0.220882 0.000000
0.404263 0.215571 0.000239 0.000000
0.322226 0.233808 0.050374 0.000000
0.061812 -0.690811 0.029254 0.000000
0.427456 -0.153239 0.097286 0.000000
0.190348 -1.137270 0.043877 0.000000
0.205519 -0.899061 0.011833 0.000000
0.224339 -0.818620 0.008625 0.000000
0.284732 -0.214806 0.032732 0.000000
0.256244 -0.506641 0.018578 0.000000
0.262986 -0.454178 0.017998 0.000000
0.626585 -0.073145 -0.058192 0.000000
0.324898 0.016167 -0.010061 0.000000
0.208735 -1.083875 -0.148810 1.000000
0.180944 -1.213972 0.026047 0.000000
0.333441 0.241688 0.012775 0.000000
0.517876 0.069510 -0.001267 0.000000
0.409703 -0.094660 -0.089988 0.000000
0.636415 -0.091460 -0.058929 0.000000
0.407366 0.131741 0.008713 0.000000
0.332648 0.293999 0.048974 0.000000
0.567335 -0.179910 -0.097176 0.000000
0.400227 -0.086007 0.079822 0.000000
0.217914 -0.904949 -0.004934 1.000000
0.274889 -0.362744 0.019362 0.000000
0.339491 0.056166 0.057874 0.000000
0.318016 0.049686 0.041653 0.000000
0.307904 -0.063973 0.037416 0.000000
0.118872 -1.241889 0.035077 0.000000
0.464022 -0.265251 0.101747 0.000000
0.337384 0.281232 0.020241 0.000000
0.498012 -0.336598 0.102763 0.000000
0.153540 -0.197694 -0.112760 0.000000
0.154107 -1.226943 0.045694 0.000000
0.221555 -0.954906 -0.036710 1.000000
0.554414 -0.434001 0.143206 0.000000
0.405479 0.146281 -0.003375 0.000000
0.198609 -1.065318 0.017147 0.000000
0.160133 -1.318938 -0.340865 1.000000
0.301131 0.158282 -0.010637 0.000000
0.523530 0.049790 -0.011621 0.000000
0.349414 0.373680 0.025843 0.000000
0.340699 0.303874 0.015913 0.000000
0.427781 0.239993 0.087417 0.000000
0.342447 0.152063 -0.000161 0.000000
0.282040 -0.194037 0.024785 0.000000
0.367471 0.051355 -0.023011 0.000000
0.217461 -0.953762 0.018206 0.000000
0.061829 -0.291223 -0.228012 0.000000
0.120086 -0.256753 -0.167268 0.000000
0.199855 -1.009405 -0.072102 1.000000
0.417875 0.253957 0.020878 0.000000
0.167069 -1.092470 0.029050 0.000000
0.220485 -0.848372 0.017807 0.000000
0.468944 0.147240 0.019715 0.000000
-0.057208 -1.013350 -0.020442 0.000000
0.228402 -0.008053 -0.036424 0.000000
0.151914 -1.134301 0.053699 0.000000
0.323323 -0.005512 -0.006812 0.000000
0.195818 -1.082114 -0.132955 1.000000
0.205755 -1.093593 -0.134368 1.000000
0.301042 -0.072086 0.038842 0.000000
0.469694 0.134632 0.135026 0.000000
0.233870 -0.781385 0.008378 0.000000
0.174124 -1.282948 0.060904 0.000000
0.186724 -1.243030 -0.274993 1.000000
0.435970 0.007641 -0.016738 0.000000
0.221262 -0.832444 0.017317 0.000000
0.199808 -0.098480 -0.066637 0.000000
0.199034 -1.136755 -0.188208 1.000000
0.242023 -0.708510 0.012128 0.000000
0.694674 -0.132409 -0.065965 0.000000
0.345247 0.313872 0.017441 0.000000
0.504856 -0.364745 0.115255 0.000000
0.457940 -0.283138 0.109862 0.000000
0.177281 -0.418958 0.018128 0.000000
0.518713 0.058786 -0.008473 0.000000
0.332578 0.415429 0.060420 0.000000
-0.051811 -0.984115 -0.010168 0.000000
0.567881 -0.444702 0.126555 0.000000
0.176804 -1.081099 0.029145 0.000000
0.143139 -0.511351 0.027652 0.000000
0.145797 -1.209144 0.052498 0.000000
0.273761 -0.266855 0.026914 0.000000
0.448658 -0.189668 -0.138454 0.000000
0.112086 -0.259073 -0.185965 0.000000
0.135736 -1.166977 0.067900 0.000000
0.208566 -0.950766 -0.024232 1.000000
0.381236 -0.047485 0.080355 0.000000
0.273647 -0.292484 0.031232 0.000000
0.575767 -0.188707 -0.109415 0.000000
0.394096 0.178696 0.001736 0.000000
0.421685 0.242782 0.077503 0.000000
0.230460 -0.774429 0.020379 0.000000
0.326379 0.274607 0.055241 0.000000
0.056461 -0.067393 -0.091397 0.000000
0.264724 -0.469688 0.011169 0.000000
0.538321 -0.143613 -0.068581 0.000000
-0.044428 -0.962801 -0.004294 0.000000
0.337163 0.168386 0.010895 0.000000
0.212319 -1.013552 -0.068815 1.000000
0.258639 -0.531894 0.022054 0.000000
0.324934 0.103966 0.043372 0.000000
0.091128 -0.025686 -0.070118 0.000000
0.554156 0.011741 -0.021598 0.000000
0.328693 0.310647 0.054141 0.000000
0.210265 -0.042912 -0.048591 0.000000
0.410697 0.095588 -0.001003 0.000000
0.211638 0.150739 0.000403 0.000000
0.321809 0.180515 0.050784 0.000000
0.506420 0.078138 0.177975 0.000000
0.267158 -0.402917 0.028205 0.000000
0.345445 0.406015 0.052963 0.000000
0.238788 -0.678785 0.022181 0.000000
0.245215 -0.642264 0.014844 0.000000
0.586726 -0.454708 0.133413 0.000000
0.139513 -1.197625 0.047723 0.000000
0.044038 -0.291628 -0.236071 0.000000
0.377601 0.005788 -0.041639 0.000000
0.433107 -0.172957 0.096278 0.000000
0.306038 -0.089923 0.035226 0.000000
0.496234 0.098680 0.002918 0.000000
0.171311 -1.187451 0.030803 0.000000
0.299995 -0.144134 0.030062 0.000000
0.218239 -0.863699 0.015218 0.000000
0.096101 -0.272691 -0.191917 0.000000
0.491054 -0.318429 0.099589 0.000000
0.516838 -0.375532 0.105810 0.000000
0.245012 -0.610105 0.012481 0.000000
0.469610 -0.257948 0.096563 0.000000
0.249907 -0.304755 0.026667 0.000000
0.329168 0.094537 0.053949 0.000000
0.403194 0.278331 0.064535 0.000000
0.394356 -0.077185 0.084254 0.000000
0.271834 -0.343530 0.013486 0.000000
0.015670 -0.301586 -0.247397 0.000000
0.174722 -0.448839 0.028486 0.000000
0.266549 0.100522 -0.022118 0.000000
0.229946 -0.885713 0.017226 0.000000
0.514626 -0.384868 0.121383 0.000000
0.172529 -1.227900 0.038999 0.000000
0.271013 -0.431692 0.015655 0.000000
0.352920 0.026860 0.070007 0.000000
0.118103 -1.194580 0.030491 0.000000
0.039150 -0.753038 0.026524 0.000000
0.439926 -0.254628 0.104343 0.000000
0.100097 -0.643003 0.027117 0.000000
0.468926 -0.048649 -0.019082 0.000000
0.278586 0.251431 0.028152 0.000000
0.265821 0.088994 -0.010254 0.000000
0.219117 -1.003451 -0.077162 1.000000
0.094078 -0.650231 0.031109 0.000000
0.200076 -1.077811 0.020219 0.000000
0.060221 -0.075871 -0.102361 0.000000
0.165571 -1.365931 -0.380939 1.000000
0.185987 -1.108586 0.033539 0.000000
-0.026931 -0.929177 0.002915 0.000000
0.152079 -1.376541 -0.386524 1.000000
0.202964 -1.003748 0.022519 0.000000
0.261103 0.225885 0.004502 0.000000
0.450672 -0.215958 0.095544 0.000000
0.235022 0.176732 0.008948 0.000000
0.530500 0.054583 -0.005149 0.000000
-0.071643 -1.039309 -0.011541 0.000000
0.113580 -1.228092 0.035307 0.000000
0.204341 -1.060558 -0.108603 1.000000
0.068384 -0.673669 0.029345 0.000000
0.173898 -1.184595 0.041379 0.000000
0.272676 0.239850 0.010043 0.000000
0.080250 -0.025904 -0.073866 0.000000
0.325495 0.050413 0.001758 0.000000
0.036882 -0.096435 -0.106182 0.000000
0.335018 0.251681 0.011688 0.000000
0.259856 -0.291085 0.016360 0.000000
0.211737 -0.963310 -0.032166 1.000000
0.237001 0.028768 -0.031794 0.000000
0.220098 0.157496 -0.012019 0.000000
0.191528 -1.188727 -0.226168 1.000000
-0.098091 -1.103069 -0.034962 0.000000
0.187936 -1.184095 0.057237 0.000000
0.341395 0.360383 0.030688 0.000000
0.319517 0.182062 0.005706 0.000000
0.324143 0.127345 0.047021 0.000000
0.342297 -0.084009 0.016820 0.000000
0.303427 0.011269 0.043913 0.000000
0.447357 -0.010570 -0.019040 0.000000
0.157387 -1.158712 0.047046 0.000000
0.343116 0.175818 0.003323 0.000000
0.246511 0.042602 -0.025018 0.000000
0.181510 -1.276615 -0.304225 1.000000
0.261448 -0.531400 0.012633 0.000000
0.416531 0.263730 0.027586 0.000000
0.210975 -0.981256 0.018495 0.000000
0.223280 -0.880359 0.008081 0.000000
0.220081 -0.894217 0.007680 0.000000
0.240521 -0.617497 0.019931 0.000000
0.331822 -0.040844 0.004181 0.000000
0.174514 -1.236005 0.055837 0.000000
0.222172 -0.846090 0.007867 0.000000
0.486204 -0.310611 0.102789 0.000000
0.272365 0.226940 0.017305 0.000000
0.151655 -0.213060 -0.123901 0.000000
0.329778 0.366926 0.051994 0.000000
0.312670 0.118260 0.043829 0.000000
0.191242 -0.083407 -0.061056 0.000000
0.225214 -0.802046 0.009666 0.000000
0.237175 -0.760531 0.014825 0.000000
0.294023 -0.086973 0.034309 0.000000
0.303914 0.296950 0.046861 0.000000
0.396949 0.354767 0.030979 0.000000
0.299110 0.279968 0.023732 0.000000
0.151934 -1.238762 0.049899 0.000000
0.266530 -0.457834 0.009563 0.000000
0.316362 0.112688 0.054094 0.000000
0.172504 -0.431679 0.018292 0.000000
0.437902 0.210368 0.019852 0.000000
0.147248 -1.154800 0.039238 0.000000
0.359548 0.434051 0.039053 0.000000
0.234251 -0.953924 -0.041505 1.000000
0.169638 -1.326669 0.062413 0.000000
0.473125 0.138053 0.010626 0.000000
0.329724 0.347317 0.059343 0.000000
0.212597 -1.040785 0.020222 0.000000
0.095572 -0.012681 -0.065450 0.000000
0.163828 -1.186678 0.040890 0.000000
0.614639 -0.476778 0.140246 0.000000
0.320757 0.326023 0.045355 0.000000
0.466837 -0.284739 0.106879 0.000000
0.190588 -1.121117 0.028537 0.000000
0.329630 -0.060821 -0.003596 0.000000
0.449014 -0.005107 -0.010663 0.000000
0.404434 -0.114309 0.086840 0.000000
0.210947 -0.366959 0.015935 0.000000
0.608175 -0.464217 0.149491 0.000000
0.195044 -0.973680 -0.039122 1.000000
0.180226 -1.169963 0.026277 0.000000
0.524106 -0.389582 0.107412 0.000000
0.432829 -0.147778 -0.122002 0.000000
0.138583 -1.156595 0.033029 0.000000
0.188862 -1.146487 0.034314 0.000000
0.292185 -0.208967 0.026076 0.000000
0.335637 0.084210 -0.003634 0.000000
0.329085 0.255738 0.048868 0.000000
0.183873 -1.046930 0.020833 0.000000
0.302209 -0.104660 0.033333 0.000000
0.397066 0.171520 0.007955 0.000000
0.077833 -0.036908 -0.076525 0.000000
0.484948 -0.073347 -0.028604 0.000000
0.042301 -0.761048 0.022232 0.000000
0.393837 0.424156 0.043403 0.000000
0.169404 -1.173945 0.035943 0.000000
0.061424 -0.705512 0.027438 0.000000
0.217206 -0.360190 0.018840 0.000000
0.302996 -0.037798 0.035283 0.000000
0.442123 -0.226159 0.102154 0.000000
0.368082 0.043664 -0.029607 0.000000
0.212133 -0.374185 0.029316 0.000000
0.385990 0.298820 0.057460 0.000000
0.399062 0.306456 0.036467 0.000000
0.317438 0.085824 0.041184 0.000000
0.333738 0.242035 0.054110 0.000000
0.202599 -1.034726 0.033877 0.000000
0.072340 -0.713273 0.025706 0.000000
0.288099 -0.201061 0.031991 0.000000
0.073442 -0.282660 -0.213431 0.000000
-0.064490 -1.019678 -0.003989 0.000000
0.522368 -0.115391 -0.045791 0.000000
0.144553 -1.155618 0.059916 0.000000
0.244747 -0.669617 0.006678 0.000000
0.056832 -0.738954 0.023924 0.000000
0.398171 -0.060442 -0.073651 0.000000
0.361201 -0.122126 0.008769 0.000000
0.194705 -1.035855 0.025109 0.000000
0.209747 -1.017579 0.027270 0.000000
0.123266 -0.250911 -0.174468 0.000000
0.206119 -0.914428 0.005188 1.000000
0.320190 0.168006 0.045995 0.000000
0.345526 0.418502 0.035985 0.000000
0.173333 -1.316245 -0.337456 1.000000
0.417421 0.253243 0.076895 0.000000
0.085308 -0.277052 -0.205960 0.000000
0.054625 -0.719403 0.028100 0.000000
0.463995 -0.217275 -0.149354 0.000000
0.421208 0.075722 -0.008530 0.000000
0.394324 0.229232 0.011707 0.000000
0.408582 -0.106165 0.089040 0.000000
0.337029 -0.067650 0.013024 0.000000
0.303159 0.287775 0.030086 0.000000
0.255603 -0.554767 0.007514 0.000000
-0.103902 -1.121111 -0.034018 0.000000
0.685286 -0.521671 0.166414 0.000000
0.237425 -0.646754 0.022748 0.000000
0.196797 -0.399529 0.019054 0.000000
0.109369 -1.293232 0.037592 0.000000
0.251366 0.208755 0.019362 0.000000
0.179928 -1.207594 0.038556 0.000000
-0.009038 -0.901110 -0.000512 0.000000
0.015761 -0.827943 0.015935 0.000000
0.299283 -0.031818 0.044528 0.000000
0.342611 0.451075 0.064901 0.000000
0.246556 -0.594592 0.017015 0.000000
0.190906 -1.151590 -0.185475 1.000000
0.123808 -0.579747 0.032835 0.000000
0.286605 -0.227340 0.023041 0.000000
0.284448 -0.179250 0.029273 0.000000
0.217729 -0.021393 -0.042920 0.000000
0.201697 -0.985508 -0.049771 1.000000
0.182017 0.104980 -0.019506 0.000000
0.471612 -0.061526 -0.025208 0.000000
0.168883 -1.100208 0.036275 0.000000
0.181785 -1.188182 0.046721 0.000000
0.347406 0.038908 0.059476 0.000000
0.171259 -1.134701 0.045068 0.000000
0.188834 -1.071285 0.029045 0.000000
0.269443 -0.332292 0.025429 0.000000
0.168845 -1.334222 -0.349890 1.000000
0.168126 -1.306008 0.035774 0.000000
0.029658 -0.114644 -0.123643 0.000000
-0.086350 -1.091605 -0.033228 0.000000
0.358074 -0.104431 0.012593 0.000000
0.212055 -1.084065 -0.136614 1.000000
0.379999 -0.058559 0.067615 0.000000
0.254949 -0.541047 0.017569 0.000000
0.388013 -0.064715 0.080591 0.000000
0.437936 0.213854 0.090926 0.000000
0.690524 -0.134255 -0.076060 0.000000
0.173358 -1.165586 0.031530 0.000000
0.425483 0.069784 -0.002147 0.000000
0.344055 0.333577 0.030091 0.000000
0.241585 -0.936657 -0.025795 1.000000
0.276173 -0.247153 0.021101 0.000000
0.197905 -1.019198 -0.086848 1.000000
0.707930 -0.137250 -0.073658 0.000000
0.420578 0.261335 0.080277 0.000000
0.254469 -0.523611 0.015117 0.000000
0.185305 -1.007504 0.031615 0.000000
0.263606 -0.388458 0.016699 0.000000
0.240444 -0.659862 0.021048 0.000000
0.203655 -1.121787 -0.179269 1.000000
0.158782 -1.094305 0.035533 0.000000
0.354070 0.017250 0.050924 0.000000
0.230131 -0.829563 0.016803 0.000000
0.316330 0.101268 0.047092 0.000000
0.422537 0.085974 0.007279 0.000000
0.294454 -0.169171 0.033395 0.000000
0.213127 -1.016311 -0.086880 1.000000
0.630402 -0.482449 0.148259 0.000000
0.323446 0.194707 0.046108 0.000000
0.290675 -0.102214 0.030193 0.000000
0.231863 -0.720844 0.013012 0.000000
0.397300 0.187674 0.006171 0.000000
0.108921 -0.572420 0.026389 0.000000
0.344148 0.319462 0.024504 0.000000
0.339212 0.068705 0.046314 0.000000
0.283590 -0.237083 0.026242 0.000000
0.265998 -0.425003 0.021138 0.000000
0.204346 -1.139826 -0.176489 1.000000
0.423498 0.057981 -0.012453 0.000000
0.253080 -0.494040 0.022315 0.000000
0.146813 -1.181827 0.049385 0.000000
0.190243 -0.139460 -0.086564 0.000000
0.448606 -0.178599 -0.137838 0.000000
0.478530 -0.292773 0.101991 0.000000
0.273517 -0.285706 0.013155 0.000000
0.573476 -0.446167 0.136206 0.000000
0.381144 -0.021521 -0.054578 0.000000
0.217819 0.148077 -0.008184 0.000000
0.217631 -0.975133 -0.049029 1.000000
0.157374 0.080493 -0.048193 0.000000
0.179648 -1.096256 0.030816 0.000000
0.158060 -0.501417 0.037472 0.000000
0.029242 -0.111380 -0.110146 0.000000
0.159459 -1.217535 0.056210 0.000000
0.363069 -0.007158 0.063716 0.000000
0.595966 -0.462901 0.134409 0.000000
0.330070 -0.023132 0.004857 0.000000
0.334399 0.268686 0.017849 0.000000
0.222664 0.166291 -0.000367 0.000000
0.099375 -0.599762 0.027903 0.000000
0.360064 -0.013771 0.055662 0.000000
0.033090 -0.771330 0.025249 0.000000
0.194769 -1.017519 -0.077370 1.000000
0.607359 -0.050640 -0.048925 0.000000
0.194067 -1.055391 0.035368 0.000000
0.368445 0.024447 -0.029128 0.000000
0.477296 -0.277494 0.096300 0.000000
0.494838 -0.093316 -0.033465 0.000000
0.040984 -0.732253 0.029307 0.000000
0.050274 -0.731782 0.027216 0.000000
0.347586 0.369360 0.033792 0.000000
0.166294 -0.483160 0.037623 0.000000
0.090926 -0.632092 0.028741 0.000000
0.193738 -1.145831 0.025477 0.000000
0.393712 0.395069 0.035582 0.000000
-0.013287 -0.919574 -0.001516 0.000000
0.543188 0.040865 -0.009556 0.000000
0.268184 -0.281997 0.019458 0.000000
-0.089491 -1.085104 -0.027205 0.000000
0.432032 0.238475 0.021277 0.000000
0.673188 -0.510238 0.161822 0.000000
0.268354 -0.446523 0.020595 0.000000
0.108254 -1.247129 0.036216 0.000000
0.357173 0.456611 0.039358 0.000000
0.185326 -0.154548 -0.094965 0.000000
0.407583 0.114007 -0.006118 0.000000
0.185928 -1.207203 0.022998 0.000000
0.171624 -0.172538 -0.102295 0.000000
0.348211 0.086219 -0.004967 0.000000
0.168551 0.096236 -0.036936 0.000000
0.197203 -1.148239 -0.199556 1.000000
0.305777 -0.024240 0.042501 0.000000
0.315236 0.183016 -0.004223 0.000000
0.111123 0.027820 -0.056942 0.000000
0.279731 -0.251756 0.027890 0.000000
0.238289 0.183271 -0.009182 0.000000
0.353061 0.445034 0.039803 0.000000
0.398449 0.305418 0.021635 0.000000
0.243328 -0.321203 0.018911 0.000000
0.197757 -1.086763 0.036393 0.000000
0.312457 0.019373 0.047420 0.000000
0.191218 -0.411434 0.024842 0.000000
0.144288 -1.163215 0.039186 0.000000
0.331910 -0.004031 0.003136 0.000000
0.275658 -0.301999 0.017086 0.000000
0.366948 -0.010731 0.076096 0.000000
0.505514 0.069358 0.186500 0.000000
0.162164 -0.456379 0.021670 0.000000
0.021273 -0.129795 -0.121586 0.000000
0.167839 -1.213660 0.038606 0.000000
0.102029 -0.591691 0.025279 0.000000
0.048113 -0.092453 -0.100807 0.000000
0.651414 -0.100073 -0.066960 0.000000
0.532051 -0.149846 -0.065268 0.000000
0.390030 -0.081777 0.074866 0.000000
0.114964 0.008915 -0.055074 0.000000
0.335860 0.225507 0.012485 0.000000
0.325198 0.206151 0.003091 0.000000
0.311503 0.030526 0.049460 0.000000
0.192453 -1.200762 0.051740 0.000000
0.253114 0.049713 -0.018666 0.000000
0.386346 0.452245 0.038879 0.000000
0.196461 -1.104991 0.024484 0.000000
0.181319 -0.448782 0.042483 0.000000
0.224774 -0.767216 0.013914 0.000000
0.489856 0.087552 0.173946 0.000000
0.771326 -0.173719 -0.107207 0.000000
0.481467 0.125080 0.141152 0.000000
0.401908 0.149374 0.008453 0.000000
0.282638 -0.269585 0.026619 0.000000
0.204492 -1.037519 0.021414 0.000000
0.399323 0.294177 0.024866 0.000000
0.429611 0.045799 -0.002396 0.000000
0.139008 -0.526992 0.030101 0.000000
0.128982 -1.194499 0.066839 0.000000
0.201030 -1.059558 0.023366 0.000000
0.196061 -1.042494 0.032405 0.000000
0.207332 -0.387923 0.033998 0.000000
0.157498 -1.107369 0.027238 0.000000
0.084826 -1.357829 0.082414 0.000000
-0.042364 -0.985076 -0.017275 0.000000
0.196883 -1.113838 0.047383 0.000000
0.423431 -0.158377 0.090400 0.000000
0.139213 -1.225182 0.042114 0.000000
0.354874 0.015189 0.068000 0.000000
0.458218 -0.233352 0.096068 0.000000
0.225082 -0.871476 0.007483 0.000000
0.276628 -0.311497 0.019644 0.000000
-0.041757 -0.972923 -0.006678 0.000000
0.581801 -0.011658 -0.034889 0.000000
0.229940 -0.345443 0.032133 0.000000
0.076457 -0.050370 -0.086690 0.000000
0.193345 -1.169252 -0.203050 1.000000
0.231978 -0.730679 0.012333 0.000000
-0.001003 -0.865444 0.014938 0.000000
0.196193 -1.094511 0.024979 0.000000
0.080942 -0.646720 0.028203 0.000000
0.264551 -0.377497 0.020327 0.000000
0.338004 0.368854 0.056427 0.000000
0.164263 -1.323284 -0.334499 1.000000
0.225253 -0.969094 -0.047365 1.000000
0.169932 -1.249124 0.034404 0.000000
0.389293 0.483643 0.051042 0.000000
0.301869 -0.049565 0.043625 0.000000
0.336369 0.355124 0.054175 0.000000
0.183452 -1.269470 0.059011 0.000000
0.169590 -1.199463 0.037912 0.000000
0.159666 -1.241864 0.047199 0.000000
0.199956 -1.186894 -0.219153 1.000000
0.388913 -0.004204 -0.048443 0.000000
0.295120 -0.094606 0.039969 0.000000
0.180980 -1.295143 -0.311415 1.000000
0.185321 -1.286422 -0.312179 1.000000
0.265132 -0.509256 0.016798 0.000000
0.343176 -0.097843 0.008678 0.000000
0.029237 -0.824916 0.011854 0.000000
0.535632 0.038286 -0.013413 0.000000
0.470113 -0.273679 0.101254 0.000000
0.441124 -0.204842 0.094595 0.000000
0.258699 -0.434459 0.024074 0.000000
0.147666 -1.173375 0.047539 0.000000
0.334867 0.260230 0.054541 0.000000
0.295146 -0.177070 0.029352 0.000000
0.238720 -0.748398 0.015322 0.000000
0.419238 -0.102584 -0.100165 0.000000
0.425156 -0.141590 -0.116573 0.000000
0.299572 -0.139944 0.040241 0.000000
0.047696 -0.750561 0.024126 0.000000
0.302473 0.163078 0.002304 0.000000
0.336866 0.307783 0.054577 0.000000
0.052128 -0.081410 -0.092851 0.000000
0.561182 -0.167617 -0.086769 0.000000
0.216893 -0.922065 -0.009504 1.000000
0.502566 -0.368758 0.123089 0.000000
0.163565 -1.227218 0.055190 0.000000
0.270307 -0.478209 0.015924 0.000000
0.350215 0.079704 -0.011330 0.000000
0.227971 -0.783623 0.014332 0.000000
0.076649 -0.703632 0.023056 0.000000
0.457090 -0.267844 0.110050 0.000000
0.241774 -0.740569 0.010862 0.000000
0.175128 -0.455716 0.033707 0.000000
0.196620 -1.256418 -0.280880 1.000000
0.147158 -1.221826 0.045484 0.000000
0.333359 0.076723 0.051359 0.000000
0.302660 0.173021 -0.000918 0.000000
0.418402 0.263852 0.017811 0.000000
0.228720 0.177095 -0.007139 0.000000
0.280495 -0.294996 0.025594 0.000000
0.203809 -1.025253 0.033860 0.000000
0.204020 -1.025120 -0.083238 1.000000
0.179501 -0.168962 -0.103124 0.000000
0.317657 0.153160 0.047290 0.000000
0.333180 0.086780 0.039480 0.000000
0.526483 -0.404759 0.132445 0.000000
0.185509 -1.252082 -0.280655 1.000000
0.079281 -0.638178 0.028719 0.000000
0.443631 0.005560 -0.011569 0.000000
0.200878 -1.151879 -0.189045 1.000000
0.388907 0.212284 0.008721 0.000000
0.289514 -0.221968 0.032783 0.000000
0.278016 0.087705 -0.006431 0.000000
0.492857 -0.344301 0.114704 0.000000
0.770777 -0.172055 -0.096028 0.000000
0.209957 -0.374980 0.021046 0.000000
0.445166 -0.160790 -0.133207 0.000000
0.231214 -0.793726 0.015546 0.000000
0.448900 -0.232773 0.098920 0.000000
0.244005 -0.632407 0.014708 0.000000
0.125182 -1.277908 0.046063 0.000000
0.330897 0.064850 0.004809 0.000000
0.190879 -1.079648 0.028254 0.000000
0.310133 0.043901 0.047715 0.000000
0.183132 -1.086188 0.031873 0.000000
0.389253 -0.013795 -0.051919 0.000000
0.578344 -0.202949 -0.121014 0.000000
0.290288 0.146521 -0.004340 0.000000
0.131718 -0.244577 -0.159423 0.000000
0.375759 0.017360 -0.034050 0.000000
0.423225 -0.173829 0.090013 0.000000
0.268413 -0.366424 0.024185 0.000000
0.400677 -0.054814 -0.065653 0.000000
0.339495 0.252169 0.020206 0.000000
0.222540 -0.855653 0.013308 0.000000
0.193990 -0.390130 0.017358 0.000000
0.331906 0.090235 -0.009433 0.000000
0.437037 0.210282 0.083218 0.000000
0.309736 -0.021881 0.035309 0.000000
0.256366 -0.491014 0.014025 0.000000
0.293132 0.153138 0.005527 0.000000
0.082355 -0.663495 0.022929 0.000000
0.446154 0.192168 0.017316 0.000000
0.079759 -0.688837 0.031908 0.000000
0.268118 -0.470657 0.020096 0.000000
0.183803 -0.443054 0.028428 0.000000
0.159779 -1.174248 0.041968 0.000000
0.325331 0.354195 0.056907 0.000000
0.487724 0.103790 -0.001347 0.000000
0.187996 0.118566 -0.025583 0.000000
0.135302 -0.521586 0.024452 0.000000
0.287849 -0.142215 0.031404 0.000000
0.203131 -1.080365 0.037994 0.000000
0.267385 -0.280334 0.030102 0.000000
0.339952 0.408216 0.059352 0.000000
0.383127 -0.038017 0.086611 0.000000
0.546212 -0.424111 0.123860 0.000000
0.198091 -1.135472 -0.167154 1.000000
-0.016102 -0.907683 0.005720 0.000000
0.031972 -0.296215 -0.247081 0.000000
0.132198 -1.231484 0.036140 0.000000
0.347911 0.391993 0.029577 0.000000
0.207279 -1.046229 -0.114824 1.000000
0.394554 -0.028426 -0.054867 0.000000
0.302350 -0.081296 0.035463 0.000000
0.381289 0.314305 0.058089 0.000000
0.290192 -0.185567 0.031120 0.000000
0.303256 -0.090758 0.046553 0.000000
0.325654 -0.024235 -0.003971 0.000000
0.188099 -0.423762 0.025730 0.000000
0.212532 -0.972982 0.017614 0.000000
0.478579 -0.304618 0.107591 0.000000
0.121862 -1.336475 0.033158 0.000000
0.514883 -0.123641 -0.049269 0.000000
0.224334 -0.356806 0.021878 0.000000
0.134345 -0.536575 0.030257 0.000000
0.211518 0.154118 -0.007342 0.000000
0.492700 0.099122 0.162237 0.000000
0.371843 -0.046404 0.065136 0.000000
0.323727 0.144614 0.047313 0.000000
0.147395 -0.529201 0.034042 0.000000
0.023390 -0.824447 0.018760 0.000000
0.736521 -0.155944 -0.080249 0.000000
0.152019 -0.487081 0.020681 0.000000
0.290308 -0.161754 0.029952 0.000000
0.267863 -0.401887 0.018067 0.000000
0.190246 -1.129542 0.028417 0.000000
0.137505 -0.555157 0.044090 0.000000
0.532551 -0.147995 -0.073888 0.000000
0.400995 0.160582 0.002408 0.000000
0.399718 -0.046132 -0.065786 0.000000
0.167822 -1.362850 -0.373435 1.000000
0.231543 -0.938767 -0.017063 1.000000
0.119609 -1.247335 0.069094 0.000000
0.192796 -1.090923 0.045599 0.000000
0.334218 -0.084477 0.005505 0.000000
0.298859 -0.121202 0.031180 0.000000
0.179876 -1.253701 0.057614 0.000000
0.134355 -1.216490 0.052452 0.000000
0.461565 0.149336 0.005017 0.000000
0.208696 0.144639 -0.016133 0.000000
0.433887 0.031110 -0.008919 0.000000
0.201438 -1.087553 0.049859 0.000000
0.177074 -1.046028 0.013466 0.000000
0.387554 0.310303 0.051011 0.000000
0.398426 0.287767 0.062309 0.000000
0.157518 -0.202164 -0.119362 0.000000
0.293937 -0.146934 0.035188 0.000000
0.334490 0.109836 -0.007438 0.000000
0.318214 0.136407 0.046373 0.000000
0.461634 -0.247606 0.098104 0.000000
0.123931 0.036462 -0.051465 0.000000
-0.032711 -0.957421 -0.007495 0.000000
0.263731 -0.353696 0.025949 0.000000
0.246564 -0.551309 0.020571 0.000000
0.393162 0.432441 0.044326 0.000000
0.421526 -0.185096 0.093689 0.000000
0.341477 0.288727 0.012876 0.000000
0.330437 -0.009264 -0.004567 0.000000
0.415262 0.086774 0.003260 0.000000
0.342926 0.331239 0.020154 0.000000
0.426491 0.054522 0.002426 0.000000
0.165919 -1.203977 0.050382 0.000000
0.331529 0.202973 0.051708 0.000000
0.369909 0.342185 0.046507 0.000000
0.034021 -0.798900 0.018023 0.000000
0.514420 -0.390685 0.129123 0.000000
0.310317 0.052754 0.040832 0.000000
0.351619 0.482984 0.047380 0.000000
0.270678 -0.324088 0.024730 0.000000
0.265866 -0.416400 0.018178 0.000000
0.392295 0.369552 0.033212 0.000000
0.145276 -1.163673 0.064455 0.000000
0.396647 0.392940 0.043477 0.000000
0.232768 -0.757778 0.023091 0.000000
0.332498 -0.058134 0.004892 0.000000
0.508112 0.057066 0.197741 0.000000
0.251662 0.059968 -0.023403 0.000000
0.332170 0.285828 0.057576 0.000000
0.253705 -0.570371 0.014799 0.000000
0.280049 0.120151 -0.010549 0.000000
0.505933 -0.376135 0.124842 0.000000
0.138054 -0.506099 0.023732 0.000000
0.006367 -0.825714 0.021695 0.000000
-0.079256 -1.049638 -0.021780 0.000000
0.326347 0.211458 0.047423 0.000000
0.425268 0.250966 0.028867 0.000000
0.363414 0.038825 -0.024286 0.000000
0.437510 0.226709 0.094339 0.000000
0.122182 0.018719 -0.050966 0.000000
0.165764 -1.344425 -0.351323 1.000000
0.335549 0.327209 0.053752 0.000000
0.279413 -0.190946 0.035471 0.000000
0.326244 0.001248 0.006044 0.000000
0.210728 -0.984977 -0.054995 1.000000
0.393783 0.260136 0.017626 0.000000
0.342513 0.342282 0.018510 0.000000
0.342986 0.393278 0.055369 0.000000
0.335083 0.379637 0.054867 0.000000
0.196126 -1.069755 0.042910 0.000000
0.334935 0.063051 0.060266 0.000000
0.447937 0.192993 0.100259 0.000000
0.195938 -1.009620 0.018281 0.000000
0.202646 -1.127772 -0.165603 1.000000
-0.031806 -0.935801 0.012771 0.000000
0.219797 -1.037925 -0.107633 1.000000
0.747995 -0.160823 -0.085175 0.000000
0.256818 -0.473552 0.012690 0.000000
0.300539 -0.017718 0.037603 0.000000
0.435540 -0.197396 0.093430 0.000000
0.534732 -0.408663 0.112373 0.000000
0.475079 0.139596 0.131272 0.000000
0.352124 0.382287 0.036692 0.000000
0.309314 -0.030375 0.036744 0.000000
0.231848 -0.921516 -0.009899 1.000000
0.449563 -0.200117 0.088497 0.000000
0.595172 -0.039742 -0.043239 0.000000
0.396757 0.404125 0.044367 0.000000
0.324075 0.190222 0.053273 0.000000
0.450269 0.185174 0.018606 0.000000
-0.080319 -1.062815 -0.026216 0.000000
0.226876 -0.898730 0.008616 0.000000
0.181348 -0.149022 -0.090159 0.000000
0.187574 -1.165305 0.053252 0.000000
0.643746 -0.493117 0.151346 0.000000
0.171259 -1.281389 0.036731 0.000000
0.352923 0.490957 0.046002 0.000000
0.394575 0.273622 0.018215 0.000000
0.679424 -0.123675 -0.067808 0.000000
0.631293 -0.089960 -0.052194 0.000000
0.202556 -1.172278 -0.201411 1.000000
0.194611 -1.199940 -0.224107 1.000000
0.222688 -0.982003 -0.059420 1.000000
0.400565 0.314376 0.029065 0.000000
-0.089228 -1.073900 -0.028748 0.000000
0.089470 -0.674364 0.026331 0.000000
0.243069 -0.323253 0.034255 0.000000
0.369575 -0.023473 0.065784 0.000000
-0.024775 -0.917791 0.008978 0.000000
0.405296 0.189720 -0.001850 0.000000
0.113168 -0.592840 0.025610 0.000000
0.196880 -1.004537 0.031192 0.000000
0.235624 -0.726760 0.006163 0.000000
0.187698 -1.162788 0.041537 0.000000
0.333980 0.408321 0.053516 0.000000
0.464761 -0.209026 -0.148561 0.000000
0.213604 -0.086832 -0.060590 0.000000
0.149019 -0.221271 -0.135726 0.000000
0.073145 -0.043294 -0.078444 0.000000
0.243028 -0.656284 0.014198 0.000000
0.022036 -0.296126 -0.250817 0.000000
0.436085 -0.189260 0.092803 0.000000
0.070304 -0.665629 0.029386 0.000000
0.452348 -0.274407 0.107406 0.000000
-0.061743 -1.009994 -0.014585 0.000000
0.232179 -0.972497 -0.049931 1.000000
0.435329 0.015738 -0.017126 0.000000
0.140536 -1.190634 0.054385 0.000000
0.320084 0.151441 0.039727 0.000000
0.163501 -1.083484 0.028000 0.000000
0.151204 -1.219563 0.052282 0.000000
0.319579 0.202647 0.054168 0.000000
0.563111 -0.439628 0.130735 0.000000
0.192766 -1.063256 0.022394 0.000000
0.226138 -0.942373 -0.026176 1.000000
0.348337 -0.101718 0.021941 0.000000
0.248408 -0.605169 0.018261 0.000000
-0.001435 -0.885158 0.001636 0.000000
0.335059 0.420719 0.053418 0.000000
0.168484 0.077778 -0.026868 0.000000
0.168186 -1.211708 0.048732 0.000000
0.409930 -0.157112 0.086850 0.000000
0.228373 -0.849071 0.019875 0.000000
0.322219 0.119270 0.043829 0.000000
0.759295 -0.168282 -0.096956 0.000000
0.241712 -0.665105 0.013416 0.000000
0.332044 -0.032885 0.014278 0.000000
0.040602 -0.744724 0.024969 0.000000
0.068774 -0.691360 0.025035 0.000000
0.346032 0.400827 0.029425 0.000000
0.334008 0.277593 0.052771 0.000000
0.351064 0.088897 -0.013193 0.000000
0.341717 0.431823 0.061355 0.000000
0.241812 -0.316784 0.026504 0.000000
0.273918 -0.336786 0.017490 0.000000
0.384094 0.469255 0.047620 0.000000
0.270885 -0.311802 0.025941 0.000000
0.193117 -1.050097 0.019572 0.000000
0.318996 0.100605 0.039074 0.000000
0.189053 -1.185138 0.022241 0.000000
0.472490 -0.306594 0.112670 0.000000
0.292545 0.273001 0.035042 0.000000
0.233433 -0.018327 -0.037848 0.000000
0.223381 -0.914171 0.020379 0.000000
0.201186 -1.119758 -0.170259 1.000000
0.178782 -1.046421 0.032114 0.000000
0.305768 0.156489 -0.004231 0.000000
0.348030 0.364347 0.027511 0.000000
0.235421 -0.336852 0.037736 0.000000
0.163957 -1.327668 -0.346653 1.000000
0.408345 0.289261 0.022740 0.000000
0.252305 -0.305857 0.019003 0.000000
0.559969 -0.436563 0.137876 0.000000
0.172102 -1.158939 0.038226 0.000000
0.235069 -0.693608 0.009823 0.000000
0.230464 -0.730987 0.020206 0.000000
0.353239 0.409741 0.031619 0.000000
0.452720 -0.260481 0.104384 0.000000
0.299552 -0.070396 0.030861 0.000000
0.363545 0.052433 -0.015839 0.000000
-0.008109 -0.891296 0.008167 0.000000
0.305109 0.004375 0.047639 0.000000
0.229048 -0.842078 0.011712 0.000000
0.412679 -0.098108 -0.097277 0.000000
0.390784 -0.040499 -0.065421 0.000000
0.316080 -0.000079 0.039244 0.000000
0.221709 -0.028883 -0.042388 0.000000
0.184294 -1.145124 0.042567 0.000000
0.205354 -0.915702 -0.003497 1.000000
0.406252 0.138043 -0.004145 0.000000
0.226177 -0.961716 -0.041706 1.000000
0.307469 -0.003322 0.039328 0.000000
0.718721 -0.151205 -0.081769 0.000000
0.395628 0.302031 0.028306 0.000000
0.325660 0.058782 0.000044 0.000000
0.229564 -0.771921 0.008727 0.000000
0.495108 0.111630 0.011107 0.000000
0.346077 0.046808 0.054171 0.000000
0.145241 -1.211193 0.044263 0.000000
0.527443 0.032470 0.226699 0.000000
0.208487 -0.074178 -0.056899 0.000000
0.289199 -0.192425 0.021668 0.000000
0.220481 -0.816006 0.015094 0.000000
0.196380 -1.104086 0.033738 0.000000
0.259761 -0.293142 0.031681 0.000000
0.212199 -0.970682 -0.042889 1.000000
0.293218 0.269955 0.019071 0.000000
0.259604 -0.481142 0.024166 0.000000
0.413091 0.085247 -0.014272 0.000000
0.203526 -1.045156 0.031400 0.000000
0.150551 0.069392 -0.040551 0.000000
0.182179 -1.246368 -0.269399 1.000000
0.202917 -1.107513 0.020609 0.000000
0.323500 0.058049 -0.014237 0.000000
0.193723 -0.413413 0.032105 0.000000
0.451026 0.178763 0.013894 0.000000
0.237826 -0.697867 0.018518 0.000000
0.155479 -1.183701 0.044222 0.000000
0.261356 0.224472 0.021836 0.000000
0.272502 -0.439454 0.015034 0.000000
0.138106 -0.240192 -0.161101 0.000000
0.268629 0.232191 0.011176 0.000000
0.369194 -0.018410 0.074218 0.000000
0.145611 0.060559 -0.041486 0.000000
0.622806 -0.482153 0.152068 0.000000
0.241706 0.024836 -0.026216 0.000000
0.146069 -0.492604 0.023211 0.000000
0.271773 -0.429149 0.025356 0.000000
0.261001 -0.522113 0.026696 0.000000
0.328027 0.325903 0.055807 0.000000
0.102288 -0.024984 -0.067169 0.000000
0.281036 -0.228398 0.029288 0.000000
0.219402 -0.037871 -0.044208 0.000000
0.111935 -0.000526 -0.056795 0.000000
0.204996 -1.042509 -0.102435 1.000000
0.201391 -0.403079 0.036575 0.000000
0.333031 0.275987 0.015191 0.000000
0.324995 0.027328 -0.002054 0.000000
0.190282 -1.247419 -0.268666 1.000000
0.193095 -1.098690 0.040060 0.000000
0.252646 -0.546305 0.022978 0.000000
0.164833 -1.093577 0.040843 0.000000
0.174366 -1.329950 -0.341513 1.000000
0.295375 -0.138457 0.032998 0.000000
0.235501 -0.912295 -0.003644 1.000000
0.306251 -0.016334 0.047191 0.000000
0.312494 0.061604 0.046180 0.000000
0.181914 -1.196878 0.031055 0.000000
0.195828 -1.115500 -0.162923 1.000000
0.348417 0.482486 0.058230 0.000000
0.354617 -0.116543 0.007849 0.000000
0.199171 -0.996855 0.022521 0.000000
0.445263 -0.222269 0.096082 0.000000
0.478177 -0.318333 0.114210 0.000000
0.187680 -1.013636 0.026058 0.000000
0.389413 0.439212 0.040683 0.000000
0.174978 -1.185050 0.049148 0.000000
0.179057 -0.434992 0.025648 0.000000
0.177392 -1.266176 0.022582 0.000000
0.231541 -0.745544 0.007544 0.000000
0.314893 0.313240 0.045930 0.000000
0.314574 0.015998 0.039491 0.000000
0.196634 -1.216173 -0.245057 1.000000
0.326628 0.079171 -0.003749 0.000000
0.231346 0.010757 -0.034310 0.000000
0.226340 -0.826188 0.008682 0.000000
0.114476 -0.566693 0.027030 0.000000
0.496019 0.089666 0.169386 0.000000
0.321570 0.097034 0.056700 0.000000
0.402871 0.278840 0.072751 0.000000
0.368941 0.351065 0.042324 0.000000
0.260206 -0.371050 0.021158 0.000000
0.316572 0.074661 0.044051 0.000000
0.261334 -0.299776 0.039128 0.000000
0.607207 -0.043747 -0.054247 0.000000
0.291998 -0.131606 0.038200 0.000000
0.201382 -1.037746 -0.090922 1.000000
0.209148 -1.048603 0.027223 0.000000
0.299099 0.158375 0.007540 0.000000
0.413026 -0.134311 0.090331 0.000000
0.271902 -0.317704 0.019649 0.000000
0.546277 0.010704 -0.021643 0.000000
0.267612 -0.517413 0.015373 0.000000
-0.033491 -0.937731 0.000105 0.000000
0.011610 -0.834772 0.018515 0.000000
0.336244 0.141867 -0.001982 0.000000
0.215270 -1.025549 -0.094888 1.000000
0.011200 -0.151088 -0.131754 0.000000
0.328068 -0.012565 0.010219 0.000000
0.326530 0.213812 0.003545 0.000000
0.468566 -0.041560 -0.013933 0.000000
0.726474 -0.144254 -0.083881 0.000000
0.181132 -1.225861 0.055599 0.000000
0.255827 -0.443065 0.021816 0.000000
0.202719 -1.087477 -0.130052 1.000000
0.257551 0.088521 -0.017555 0.000000
0.151059 -0.478340 0.022056 0.000000
0.648666 -0.497914 0.156445 0.000000
0.242794 -0.598873 0.022756 0.000000
0.496329 -0.264403 -0.151742 0.000000
0.182716 -1.142293 0.026876 0.000000
0.416606 -0.109684 -0.098492 0.000000
0.262616 -0.497263 0.009431 0.000000
0.264308 -0.343597 0.015567 0.000000
0.266769 -0.329768 0.017504 0.000000
0.207683 -1.046456 0.015239 0.000000
0.225463 0.169632 0.007678 0.000000
0.204139 -1.118565 -0.186294 1.000000
0.190682 -1.135044 -0.174061 1.000000
0.133588 0.048926 -0.047674 0.000000
0.280175 -0.244030 0.027985 0.000000
0.390945 0.383593 0.038117 0.000000
0.181476 -1.310329 0.060771 0.000000
0.424601 -0.148644 0.091136 0.000000
0.212461 -0.986541 0.027215 0.000000
0.130055 -0.563651 0.032898 0.000000
0.353887 -0.093680 0.021426 0.000000
0.328298 0.246270 0.050621 0.000000
0.329765 0.085827 0.002868 0.000000
0.331292 0.399001 0.056250 0.000000
0.220298 -0.832749 0.009003 0.000000
0.253156 0.220640 0.019601 0.000000
0.206464 -1.036180 0.041955 0.000000
0.331289 0.118206 -0.003385 0.000000
0.000241 -0.850293 0.018467 0.000000
0.323305 0.017611 0.007548 0.000000
0.342808 0.051567 0.048100 0.000000
0.612845 -0.470114 0.146269 0.000000
0.340979 0.196557 0.005599 0.000000
0.169589 -1.172460 0.048677 0.000000
0.403992 -0.100157 0.087581 0.000000
0.249689 -0.580577 0.014322 0.000000
0.314741 0.024781 0.038161 0.000000
0.549208 -0.427166 0.130252 0.000000
0.447854 -0.208632 0.100138 0.000000
0.153131 -0.518581 0.037363 0.000000
0.325769 0.223160 0.052645 0.000000
0.177432 -1.253135 -0.283883 1.000000
0.205363 -1.073216 -0.133555 1.000000
0.183865 -1.184062 0.040576 0.000000
0.334385 0.099601 -0.003274 0.000000
0.324687 0.003244 -0.005901 0.000000
0.586615 -0.451105 0.140193 0.000000
0.304086 -0.045275 0.036643 0.000000
0.364555 -0.128142 0.004600 0.000000
-0.031275 -0.946759 0.006931 0.000000
0.343112 0.217600 0.007590 0.000000
0.410209 -0.167180 0.084241 0.000000
0.412456 0.273091 0.027552 0.000000
0.444654 -0.172324 -0.134647 0.000000
0.216674 -0.930357 0.015539 0.000000
0.112222 -0.605974 0.032130 0.000000
0.169268 -1.053326 0.037167 0.000000
0.345380 0.471309 0.063120 0.000000
0.173573 -0.474784 0.034531 0.000000
0.385830 -0.073623 0.071005 0.000000
0.191653 -1.128739 -0.169150 1.000000
0.217138 -0.967214 0.019623 0.000000
0.048283 -0.704321 0.030209 0.000000
0.189022 -1.193105 0.023779 0.000000
0.412131 0.102687 -0.006105 0.000000
0.536728 -0.416267 0.116127 0.000000
0.339821 0.096864 -0.014681 0.000000
0.313616 -0.025985 0.041286 0.000000
0.132968 -1.220977 0.040804 0.000000
0.341888 0.261215 0.011908 0.000000
0.158072 -1.210324 0.050185 0.000000
0.289944 0.137993 -0.002687 0.000000
0.177266 -1.295383 -0.318086 1.000000
0.302239 -0.056333 0.036075 0.000000
0.431308 -0.156961 -0.123445 0.000000
0.253746 -0.513274 0.021424 0.000000
0.324531 0.034430 0.008876 0.000000
0.391226 0.342946 0.031349 0.000000
0.198703 -1.072498 0.025526 0.000000
0.205587 -1.006450 0.030413 0.000000
0.387156 -0.095985 0.067539 0.000000
0.458176 0.170859 0.014568 0.000000
0.034126 -0.116954 -0.111959 0.000000
0.214504 -0.881216 0.013842 0.000000
0.100379 0.004235 -0.061350 0.000000
0.284681 -0.208038 0.025139 0.000000
0.369918 -0.134700 -0.001157 0.000000
0.428929 0.227358 0.082692 0.000000
0.201917 -1.019732 0.028099 0.000000
0.395015 0.283971 0.028397 0.000000
0.152343 -1.233804 0.042911 0.000000
0.151433 -1.166755 0.055969 0.000000
0.423671 0.060367 -0.005228 0.000000
0.245856 -0.644955 0.024865 0.000000
0.537607 0.051865 -0.005156 0.000000
0.263030 -0.482793 0.013943 0.000000
0.118206 0.030092 -0.061127 0.000000
0.309717 0.007206 0.042298 0.000000
0.297777 -0.062114 0.038174 0.000000
0.503894 -0.278404 -0.150249 0.000000
0.244532 -0.696573 0.021843 0.000000
0.335966 0.317164 0.023899 0.000000
0.472259 -0.290266 0.105507 0.000000
0.343887 0.375409 0.030753 0.000000
0.252673 -0.627420 0.010661 0.000000
0.341219 0.421146 0.059409 0.000000
0.211421 -0.961208 0.023323 0.000000
0.124029 -1.193907 0.035356 0.000000
-0.062254 -1.026034 -0.020370 0.000000
0.329541 0.030282 -0.007595 0.000000
0.319193 0.212203 0.049811 0.000000
0.176485 -1.322320 -0.347661 1.000000
0.340547 0.296091 0.014402 0.000000
0.163376 -1.376628 -0.395259 1.000000
0.129811 0.040284 -0.044093 0.000000
0.386939 0.421180 0.042512 0.000000
0.234395 -0.940624 -0.027398 1.000000
0.159543 -1.111685 0.021375 0.000000
0.204052 -1.031195 0.016538 0.000000
0.425573 -0.199976 0.092696 0.000000
0.353145 0.429570 0.037215 0.000000
0.152216 -1.154442 0.050534 0.000000
0.093180 -1.321717 0.083645 0.000000
0.391679 0.186503 0.013253 0.000000
0.295661 -0.110309 0.038481 0.000000
0.229769 -0.807249 0.016751 0.000000
0.252598 0.208739 0.008469 0.000000
0.048993 -0.773424 0.019578 0.000000
-0.023537 -0.938490 -0.004169 0.000000
0.308862 0.027822 0.042771 0.000000
0.174267 -0.165070 -0.097931 0.000000
0.382658 -0.004912 -0.040284 0.000000
0.260829 -0.282085 0.021161 0.000000
0.257441 -0.458326 0.021005 0.000000
0.423935 -0.128478 -0.110908 0.000000
0.176967 -1.043034 0.020391 0.000000
0.495869 0.070508 0.178104 0.000000
-0.048112 -0.981392 -0.004188 0.000000
0.350268 -0.103177 0.013631 0.000000
0.235148 -0.765433 0.009473 0.000000
0.327978 0.292294 0.054636 0.000000
0.453248 -0.022222 -0.019131 0.000000
0.189517 -1.132214 0.021416 0.000000
0.435788 -0.158349 0.091640 0.000000
0.274709 0.104416 -0.007960 0.000000
0.249198 -0.608981 0.024701 0.000000
0.342161 0.287628 0.022170 0.000000
0.341354 0.234559 0.011850 0.000000
0.357807 0.477641 0.046522 0.000000
0.251105 -0.588811 0.015484 0.000000
0.478788 0.145831 0.015937 0.000000
0.560799 0.002417 -0.025413 0.000000
0.494567 0.079417 0.177103 0.000000
0.398861 -0.109291 0.076508 0.000000
0.331628 0.381289 0.064030 0.000000
0.489660 -0.348314 0.122324 0.000000
0.401731 0.128373 0.005086 0.000000
0.086709 -0.672675 0.033097 0.000000
0.537179 -0.415422 0.125850 0.000000
0.174022 -1.232138 0.032996 0.000000
0.267313 -0.394197 0.019880 0.000000
0.157090 -0.473226 0.019460 0.000000
0.311436 -0.046940 0.044186 0.000000
0.430373 0.040807 -0.008369 0.000000
0.127243 -1.251681 0.059182 0.000000
0.232201 -0.767285 0.016988 0.000000
0.302139 -0.078655 0.043674 0.000000
0.450744 -0.247280 0.101731 0.000000
0.219480 -0.907651 0.001868 1.000000
0.341761 0.446337 0.058925 0.000000
0.179339 -1.202343 0.054349 0.000000
-0.055003 -0.991955 -0.012767 0.000000
0.214630 -1.047833 -0.106446 1.000000
0.267734 -0.280826 0.037553 0.000000
0.198244 -1.094116 0.033245 0.000000
0.633237 -0.084688 -0.057323 0.000000
0.468404 0.146537 0.011817 0.000000
0.206956 -1.029489 -0.096955 1.000000
0.162989 -0.484358 0.030746 0.000000
0.311994 0.191865 0.006526 0.000000
0.297213 -0.124818 0.038745 0.000000
0.453180 0.183548 0.026079 0.000000
0.166638 -1.241574 0.033903 0.000000
0.203088 -0.904858 0.004924 1.000000
0.339598 0.182394 0.003171 0.000000
0.178706 -1.049763 0.025407 0.000000
0.065621 -0.748633 0.020986 0.000000
0.284066 0.255807 0.025630 0.000000
0.230192 -0.946418 -0.030940 1.000000
0.141942 -1.180514 0.042924 0.000000
0.260226 -0.487985 0.020581 0.000000
0.308146 0.175571 0.006158 0.000000
0.579877 -0.450408 0.137010 0.000000
0.440816 0.214547 0.014432 0.000000
0.161037 -1.309148 0.038725 0.000000
0.253420 -0.619336 0.018598 0.000000
0.201283 -1.147889 0.022676 0.000000
0.409752 0.282008 0.033443 0.000000
0.218590 -0.943370 -0.023439 1.000000
0.272345 -0.369226 0.015423 0.000000
0.295660 0.148214 0.000573 0.000000
0.229953 -0.822413 0.018811 0.000000
0.209136 -1.031235 0.034317 0.000000
0.324786 0.044247 -0.003404 0.000000
0.543872 -0.148307 -0.070078 0.000000
0.164490 -1.186819 0.048280 0.000000
0.213514 -1.038566 0.035154 0.000000
0.198528 -1.022892 0.021532 0.000000
0.236079 -0.659788 0.010873 0.000000
0.374022 -0.039339 0.065685 0.000000
0.264272 -0.419281 0.029708 0.000000
0.268119 -0.290728 0.026001 0.000000
0.567483 -0.186014 -0.106670 0.000000
0.224794 -0.867144 0.015312 0.000000
-0.083223 -1.077989 -0.025314 0.000000
0.182719 -1.175156 0.054704 0.000000
0.206114 -1.054896 -0.113029 1.000000
0.500110 -0.355587 0.114512 0.000000
0.660836 -0.107834 -0.061770 0.000000
0.383436 -0.014333 -0.045621 0.000000
0.216804 -0.936204 -0.019166 1.000000
0.092569 -0.679981 0.030019 0.000000
0.357819 -0.001973 0.064224 0.000000
0.202965 -0.069279 -0.056485 0.000000
0.269496 -0.359707 0.013847 0.000000
0.246440 -0.624276 0.007389 0.000000
0.026070 -0.784431 0.025055 0.000000
0.173568 -1.100413 0.030360 0.000000
0.663536 -0.504282 0.155637 0.000000
0.306522 -0.057767 0.043298 0.000000
0.233682 -0.833029 0.010505 0.000000
0.193618 -1.206998 -0.232711 1.000000
0.066472 -0.065513 -0.090232 0.000000
0.392110 0.300250 0.050474 0.000000
0.203619 -1.084922 0.028548 0.000000
0.284735 0.127188 -0.006525 0.000000
0.075363 -0.677201 0.027761 0.000000
0.260559 0.219967 0.008863 0.000000
0.391127 0.353812 0.035627 0.000000
0.339267 0.401792 0.065946 0.000000
-0.020153 -0.923492 0.009642 0.000000
0.342720 -0.076900 0.018714 0.000000
0.264991 -0.433418 0.019536 0.000000
0.345037 0.348778 0.020904 0.000000
0.198341 -0.091495 -0.064273 0.000000
0.306720 0.297412 0.039408 0.000000
0.189428 -1.013155 0.033919 0.000000
0.572838 -0.014443 -0.029164 0.000000
0.104790 -0.640759 0.032699 0.000000
0.179283 -1.257686 -0.277982 1.000000
0.456420 0.182698 0.106907 0.000000
0.178744 -1.244808 0.057266 0.000000
0.043589 -0.089846 -0.106329 0.000000
0.269532 -0.302718 0.025536 0.000000
0.216918 -0.972208 0.026053 0.000000
0.219307 -1.005955 -0.084078 1.000000
0.601571 -0.464441 0.141147 0.000000
0.345963 0.437224 0.056375 0.000000
-0.054681 -0.995872 -0.002691 0.000000
0.410863 -0.117852 0.087297 0.000000
0.258940 0.062290 -0.013714 0.000000
0.337171 0.062048 0.052688 0.000000
0.016127 -0.142189 -0.129926 0.000000
0.171376 -1.261105 0.036900 0.000000
0.205158 -0.386535 0.027119 0.000000
0.206636 -1.010159 -0.075821 1.000000
0.254960 -0.574098 0.007136 0.000000
-0.028785 -0.951076 -0.004909 0.000000
0.171815 -0.448409 0.020831 0.000000
0.641568 -0.090783 -0.064108 0.000000
0.107460 -0.580746 0.023983 0.000000
0.187373 -1.102580 0.025260 0.000000
0.458297 -0.032170 -0.019633 0.000000
0.515757 -0.104248 -0.038207 0.000000
0.395733 0.216834 0.008798 0.000000
0.440821 -0.166854 -0.131624 0.000000
0.213125 0.156376 -0.023926 0.000000
0.418148 0.075232 0.002064 0.000000
0.255205 -0.554979 0.015036 0.000000
0.119064 -0.559115 0.022695 0.000000
0.519382 0.037123 0.215887 0.000000
0.100333 -0.266506 -0.192018 0.000000
0.463117 -0.046287 -0.023655 0.000000
0.191802 -1.115756 0.023369 0.000000
0.031893 -0.811446 0.015288 0.000000
0.199600 -1.144804 -0.187687 1.000000
0.509739 -0.367882 0.110807 0.000000
0.263858 -0.475382 0.025646 0.000000
0.025538 -0.132397 -0.127995 0.000000
0.474587 -0.227305 -0.150770 0.000000
0.329050 0.274421 0.048441 0.000000
0.208345 -0.999014 0.023943 0.000000
0.240227 -0.627266 0.022008 0.000000
0.348138 0.456299 0.061028 0.000000
0.180242 -1.268867 0.015994 0.000000
0.215165 -0.049646 -0.048049 0.000000
0.365986 0.337685 0.050711 0.000000
0.539384 -0.137872 -0.064198 0.000000
0.132132 -0.545242 0.031082 0.000000
0.399969 0.247666 0.009345 0.000000
0.374274 0.029428 -0.024342 0.000000
0.217599 -0.945836 0.018251 0.000000
0.352127 0.463868 0.037291 0.000000
0.325762 -0.001877 -0.000527 0.000000
0.262725 -0.502198 0.016273 0.000000
0.384052 0.498041 0.050147 0.000000
0.250733 -0.635647 0.015326 0.000000
0.270509 0.086036 -0.005523 0.000000
0.353808 0.014881 0.078912 0.000000
0.395369 -0.085173 0.085274 0.000000
0.268154 -0.258169 0.028681 0.000000
-0.071738 -1.045650 -0.030812 0.000000
0.041431 -0.778720 0.024715 0.000000
0.243232 -0.710614 0.018982 0.000000
0.552786 0.018809 -0.019400 0.000000
0.204364 -1.135201 -0.170814 1.000000
0.182715 -0.441897 0.035700 0.000000
-0.043687 -0.969314 -0.000673 0.000000
0.402418 0.202287 0.003941 0.000000
0.199775 -0.966076 -0.031227 1.000000
0.394889 0.280808 0.020067 0.000000
0.130309 -1.203074 0.064018 0.000000
0.221050 0.163305 -0.007774 0.000000
0.316924 0.312986 0.038969 0.000000
0.186247 -1.127766 0.041570 0.000000
0.186251 -1.170646 0.022299 0.000000
0.247013 -0.615422 0.016989 0.000000
0.254602 -0.302576 0.035742 0.000000
0.445904 -0.022989 -0.017483 0.000000
0.326160 0.083133 0.057809 0.000000
0.163308 -0.489698 0.038578 0.000000
0.500966 0.082784 -0.004072 0.000000
0.529070 0.041286 -0.014109 0.000000
0.200187 -1.134924 -0.179836 1.000000
0.403494 0.152880 -0.000108 0.000000
0.201472 -0.991716 -0.055464 1.000000
0.182165 -1.116499 0.036640 0.000000
0.319497 0.319086 0.047015 0.000000
0.178422 -1.294580 0.061899 0.000000
0.229303 -0.749702 0.013182 0.000000
0.389776 0.410835 0.043351 0.000000
0.360143 0.043612 -0.035236 0.000000
0.068784 -0.659898 0.024278 0.000000
0.387907 0.203462 0.010243 0.000000
0.411555 0.150035 -0.004535 0.000000
0.459473 -0.237771 0.102398 0.000000
0.577367 -0.195109 -0.120579 0.000000
0.242765 0.034253 -0.031876 0.000000
0.308742 -0.008917 0.045177 0.000000
0.611783 -0.066713 -0.047733 0.000000
0.200162 -1.048928 -0.102090 1.000000
0.164602 0.090218 -0.037427 0.000000
0.399543 0.322408 0.029839 0.000000
0.405323 -0.145845 0.079543 0.000000
0.179567 -1.283106 -0.301757 1.000000
0.680924 -0.511845 0.164248 0.000000
0.080295 -1.354202 0.086685 0.000000
0.394288 0.291383 0.067163 0.000000
0.178631 -1.161990 0.039689 0.000000
0.201050 -1.089843 -0.138632 1.000000
0.017390 -0.844344 0.011336 0.000000
0.324952 0.100096 0.049446 0.000000
0.038223 -0.101684 -0.111598 0.000000
0.405414 -0.069970 -0.083485 0.000000
0.274240 -0.230575 0.030186 0.000000
0.288378 -0.192394 0.028812 0.000000
0.162483 -0.185411 -0.107781 0.000000
-0.092036 -1.086889 -0.035565 0.000000
0.435587 0.022667 -0.020306 0.000000
0.261675 -0.538272 0.014719 0.000000
0.457785 0.184434 0.018760 0.000000
0.474379 0.128171 0.139047 0.000000
0.477009 -0.054437 -0.013281 0.000000
0.514846 -0.116997 -0.045571 0.000000
0.091440 -0.659530 0.029908 0.000000
0.187171 -1.043731 0.034156 0.000000
0.182499 -1.208583 0.031928 0.000000
0.175185 -1.157149 0.045138 0.000000
0.138506 -1.148656 0.043090 0.000000
0.223226 -0.015222 -0.039965 0.000000
0.171794 -0.180933 -0.108762 0.000000
0.322516 0.258204 0.047381 0.000000
0.259059 -0.512716 0.015193 0.000000
0.335794 0.361587 0.057224 0.000000
0.245485 -0.578050 0.020262 0.000000
0.336700 0.208507 0.010996 0.000000
0.206005 -1.076751 -0.140218 1.000000
0.077317 -0.705891 0.030491 0.000000
0.373602 -0.033963 0.070400 0.000000
0.018371 -0.301275 -0.254189 0.000000
0.156616 -0.209021 -0.127123 0.000000
0.198091 -1.050260 0.032145 0.000000
0.244777 -0.686859 0.009823 0.000000
0.206742 0.139093 -0.008833 0.000000
0.367450 -0.028624 0.058591 0.000000
0.290209 0.263303 0.027402 0.000000
0.137158 -1.192504 0.072827 0.000000
0.067454 -0.653011 0.028930 0.000000
0.157082 -1.359868 -0.381224 1.000000
-0.016062 -0.914285 0.002949 0.000000
0.234253 -0.025649 -0.036122 0.000000
0.322073 0.174308 0.040717 0.000000
0.388209 0.490592 0.049789 0.000000
0.111679 -0.613027 0.033126 0.000000
0.191933 -1.091792 -0.142172 1.000000
0.153654 -0.467015 0.020226 0.000000
0.231036 0.183800 -0.014443 0.000000
0.481186 0.123082 0.007706 0.000000
0.496884 0.103033 0.008536 0.000000
0.100319 -0.271931 -0.200007 0.000000
0.339470 0.325693 0.023021 0.000000
0.343597 0.340667 0.030750 0.000000
0.280868 -0.281759 0.024826 0.000000
0.487995 -0.077340 -0.023539 0.000000
0.336720 0.119937 0.002660 0.000000
0.380334 -0.053888 0.057451 0.000000
0.120386 -0.554517 0.027983 0.000000
0.392433 0.318615 0.027507 0.000000
0.428060 -0.135506 -0.114258 0.000000
0.458195 -0.192345 -0.142673 0.000000
0.320664 0.188184 0.047114 0.000000
0.025867 -0.124893 -0.117780 0.000000
0.405729 0.300073 0.029074 0.000000
0.181438 -1.253954 -0.289714 1.000000
-0.083605 -1.073019 -0.017510 0.000000
0.245170 -0.316456 0.013524 0.000000
0.706042 -0.145360 -0.079118 0.000000
0.259379 -0.425975 0.023566 0.000000
0.144951 -0.228729 -0.142927 0.000000
0.329400 0.235814 0.051885 0.000000
0.138155 0.034874 -0.043559 0.000000
0.349651 0.391214 0.038645 0.000000
0.344618 0.357764 0.023830 0.000000
0.262912 -0.343751 0.023848 0.000000
0.202104 0.126611 -0.003553 0.000000
0.222638 -0.917693 -0.006355 1.000000
0.320729 0.196864 0.002357 0.000000
0.454109 0.170528 0.110287 0.000000
0.362990 0.045633 -0.020570 0.000000
0.487282 0.113292 0.005896 0.000000
0.191227 -1.055276 0.027693 0.000000
0.218470 -0.369474 0.032360 0.000000
0.311756 0.089482 0.043775 0.000000
0.027780 -0.798280 0.021345 0.000000
0.367696 0.034149 -0.027472 0.000000
0.376304 -0.049987 0.074872 0.000000
-0.094645 -1.089837 -0.028369 0.000000
0.195079 -0.413067 0.019123 0.000000
0.471734 -0.235515 -0.150339 0.000000
0.128300 -1.270098 0.037052 0.000000
0.507592 -0.111587 -0.041903 0.000000
0.237401 -0.713931 0.012262 0.000000
0.222155 -0.838986 0.011796 0.000000
0.157925 -1.162452 0.040007 0.000000
0.156752 -0.496155 0.032920 0.000000
0.414173 -0.145819 0.086710 0.000000
0.237914 -0.331870 0.022694 0.000000
0.318716 0.111822 0.044401 0.000000
0.191743 -1.191142 -0.232816 1.000000
0.344675 0.041083 0.066501 0.000000
0.288099 -0.208629 0.032023 0.000000
0.172764 -0.136950 -0.086538 0.000000
0.320325 0.032162 -0.006019 0.000000
0.278904 -0.197414 0.030556 0.000000
0.351942 0.011653 0.054675 0.000000
0.240838 0.192636 0.009093 0.000000
0.327252 0.207940 0.057235 0.000000
0.424075 0.238100 0.023533 0.000000
0.244561 -0.649503 0.015415 0.000000
0.314129 -0.010488 0.038415 0.000000
0.584119 -0.028721 -0.037402 0.000000
0.247023 -0.640863 0.007668 0.000000
0.212774 -0.991636 -0.056105 1.000000
0.208314 -0.908921 0.000795 1.000000
0.500566 0.092820 0.002527 0.000000
0.301910 -0.152004 0.035037 0.000000
0.256711 -0.296925 0.013990 0.000000
0.228705 -0.029676 -0.039293 0.000000
0.162769 -0.190859 -0.112505 0.000000
0.341296 0.097388 -0.004681 0.000000
0.135164 -0.564656 0.037837 0.000000
0.158361 -1.132678 0.051400 0.000000
0.394403 0.327353 0.034296 0.000000
0.095274 -0.665422 0.030155 0.000000
0.322149 0.120980 0.051130 0.000000
0.075537 -0.693346 0.026991 0.000000
0.204680 -1.094576 -0.148621 1.000000
0.396405 0.335596 0.033423 0.000000
0.204375 -0.079524 -0.058879 0.000000
-0.068160 -1.030644 -0.026363 0.000000
0.139771 -1.179988 0.054136 0.000000
0.168268 -1.217504 0.053989 0.000000
0.312628 0.300834 0.031823 0.000000
0.170640 -1.289890 -0.311347 1.000000
0.275828 -0.257548 0.027160 0.000000
0.188668 -1.206742 -0.240371 1.000000
0.471894 -0.054813 -0.020661 0.000000
0.190022 -1.258809 -0.280881 1.000000
0.724734 -0.151246 -0.075435 0.000000
0.261059 -0.422364 0.012857 0.000000
0.172512 -1.288145 0.034951 0.000000
0.259414 -0.546280 0.015094 0.000000
0.137989 -0.554461 0.036859 0.000000
0.566696 0.015614 -0.021841 0.000000
0.387649 0.484138 0.044240 0.000000
0.106267 -0.263057 -0.186940 0.000000
0.441131 0.199265 0.012661 0.000000
0.185513 -0.430176 0.028197 0.000000
0.380619 0.000835 -0.036826 0.000000
0.359287 0.004285 0.068825 0.000000
0.266667 0.230127 0.019855 0.000000
0.230361 -0.781156 0.022344 0.000000
0.213355 -1.034400 0.026989 0.000000
0.127930 -0.590591 0.038070 0.000000
0.341474 0.347740 0.029368 0.000000
0.449731 -0.004652 -0.002744 0.000000
0.167798 -1.219919 0.034259 0.000000
0.201912 -1.059649 0.033895 0.000000
0.339184 -0.052080 0.017247 0.000000
0.335031 0.392231 0.056847 0.000000
0.344107 0.311973 0.025920 0.000000
0.322011 0.181362 0.043844 0.000000
0.306180 -0.034484 0.041451 0.000000
0.166687 0.084843 -0.026261 0.000000
0.410752 0.114594 -0.012885 0.000000
0.412635 0.259176 0.031180 0.000000
0.444994 -0.243124 0.104779 0.000000
0.431152 0.209468 0.091408 0.000000
0.069541 -0.707102 0.027405 0.000000
0.340957 0.225654 0.007711 0.000000
0.174244 -1.177630 0.048116 0.000000
0.327007 0.087168 -0.005524 0.000000
0.260106 -0.447467 0.017767 0.000000
0.242123 0.044100 -0.030225 0.000000
0.246744 -0.624371 0.014892 0.000000
0.154402 -1.232269 0.050504 0.000000
0.133078 -1.185815 0.069249 0.000000
0.205679 -0.945222 -0.020227 1.000000
0.318824 0.087972 0.049388 0.000000
0.186063 -1.210773 0.037642 0.000000
0.389878 -0.042446 0.083418 0.000000
0.386310 -0.067596 0.074463 0.000000
0.179504 -1.316773 -0.340641 1.000000
0.354394 0.469944 0.039861 0.000000
0.184529 -1.135764 0.036995 0.000000
0.322501 0.133354 0.040512 0.000000
0.396845 0.374204 0.036481 0.000000
0.346673 0.279256 0.021450 0.000000
0.322252 0.242759 0.050127 0.000000
0.179981 -1.130663 0.040727 0.000000
0.254636 -0.476552 0.022550 0.000000
0.431124 0.034467 -0.014342 0.000000
0.260904 0.083381 -0.021142 0.000000
0.554958 -0.432855 0.124182 0.000000
0.156989 -0.489192 0.032112 0.000000
0.394721 0.244317 0.013550 0.000000
0.187363 -0.434146 0.038796 0.000000
0.081579 -0.660832 0.030112 0.000000
0.305861 0.034195 0.038670 0.000000
0.193264 -0.403962 0.023402 0.000000
0.259833 0.220001 0.016519 0.000000
0.327420 0.070931 -0.007083 0.000000
0.223199 -0.923796 0.017760 0.000000
0.233798 -0.741324 0.012554 0.000000
-0.099712 -1.112061 -0.030848 0.000000
0.221666 -0.887489 0.007280 0.000000
0.322134 0.165724 0.056905 0.000000
0.252371 -0.534293 0.020365 0.000000
0.407308 0.097772 -0.006785 0.000000
0.406346 0.114510 0.000671 0.000000
0.310270 0.084043 0.039162 0.000000
0.224014 -0.783761 0.008659 0.000000
0.060763 -0.698708 0.028495 0.000000
0.387600 0.306183 0.056568 0.000000
0.494193 -0.331183 0.104749 0.000000
0.182793 -1.123160 0.028901 0.000000
0.311394 0.116587 0.051275 0.000000
0.208958 -1.030997 -0.089505 1.000000
0.386460 0.453624 0.045652 0.000000
0.619892 -0.474872 0.146344 0.000000
0.432914 0.221779 0.026412 0.000000
0.435868 -0.210063 0.093706 0.000000
0.171532 -1.058508 0.028120 0.000000
0.401423 0.157397 0.008523 0.000000
0.392530 0.236530 0.013900 0.000000
0.321433 0.106194 0.048892 0.000000
0.469637 -0.221059 -0.150595 0.000000
0.250660 -0.568263 0.021019 0.000000
0.225407 -0.855342 0.007035 0.000000
0.300191 -0.096824 0.035844 0.000000
0.271123 -0.411926 0.018188 0.000000
0.199827 -1.076533 -0.136002 1.000000
0.177999 -1.335808 0.063767 0.000000
0.291211 0.143612 -0.011221 0.000000
0.088567 -0.648531 0.027326 0.000000
0.100285 -0.017657 -0.067988 0.000000
0.256393 -0.499339 0.019400 0.000000
0.341142 0.382908 0.055245 0.000000
0.238432 -0.673727 0.017509 0.000000
0.279080 -0.267840 0.032262 0.000000
0.260246 -0.468812 0.018138 0.000000
0.185261 -1.180346 0.047965 0.000000
0.034079 -0.110986 -0.115411 0.000000
0.254952 -0.538594 0.007062 0.000000
0.314144 0.034580 0.043797 0.000000
0.416357 -0.087217 -0.093986 0.000000
0.223348 -0.822303 0.014363 0.000000
0.318653 0.174465 0.049846 0.000000
0.168788 -1.344310 -0.357510 1.000000
0.320199 0.219162 0.053289 0.000000
0.487819 -0.327990 0.111370 0.000000
0.321956 0.160001 0.046189 0.000000
0.148708 -0.512677 0.031476 0.000000
0.405701 0.125317 -0.006186 0.000000
0.232038 -0.836815 0.016013 0.000000
0.420695 -0.114343 -0.101483 0.000000
0.394919 -0.101604 0.076112 0.000000
-0.037267 -0.961248 -0.003731 0.000000
0.142094 -0.550150 0.040701 0.000000
0.234559 -0.743975 0.020691 0.000000
0.389469 0.248110 0.019791 0.000000
0.178753 -1.170440 0.040225 0.000000
0.257747 -0.515188 0.007250 0.000000
0.349781 0.405934 0.036181 0.000000
0.235824 -0.705990 0.013704 0.000000
0.196124 -1.124656 -0.177888 1.000000
0.325780 0.041290 0.002718 0.000000
0.437887 0.020874 -0.012225 0.000000
0.279067 0.245683 0.031885 0.000000
0.469642 0.134994 0.128168 0.000000
0.227582 -0.891816 0.015147 0.000000
0.333085 0.338277 0.052776 0.000000
0.136113 -1.223817 0.048081 0.000000
0.037417 -0.780098 0.016589 0.000000
0.390226 0.285627 0.023554 0.000000
0.645767 -0.101708 -0.056919 0.000000
0.331909 -0.033377 0.006665 0.000000
0.319519 0.130909 0.051095 0.000000
0.227631 -0.930774 -0.016449 1.000000
0.200005 -1.199744 -0.231333 1.000000
-0.073921 -1.041905 -0.017766 0.000000
0.260583 -0.512123 0.021845 0.000000
0.370158 0.438664 0.030372 0.000000
-0.002904 -0.877616 0.010598 0.000000
0.236967 0.191328 0.014588 0.000000
0.413517 -0.140919 0.092678 0.000000
0.182669 -1.202943 0.027252 0.000000
0.201377 -1.092761 0.020732 0.000000
0.574237 -0.445467 0.144271 0.000000
0.400631 -0.126185 0.081701 0.000000
0.166507 -1.171645 0.041734 0.000000
0.349736 0.415255 0.029604 0.000000
0.173407 -1.224665 0.029656 0.000000
0.224473 -0.808487 0.012610 0.000000
0.173928 -1.275502 0.059980 0.000000
-0.005830 -0.865518 0.019772 0.000000
0.002602 -0.869054 0.010394 0.000000
0.394191 -0.088403 0.077710 0.000000
0.280097 -0.236697 0.020387 0.000000
0.403890 -0.091096 -0.090352 0.000000
0.510725 0.045945 0.210746 0.000000
0.494262 -0.356549 0.125752 0.000000
0.318752 0.191854 0.007495 0.000000
0.260084 -0.559800 0.009757 0.000000
0.317010 0.124574 0.043844 0.000000
0.294403 -0.195401 0.027276 0.000000
0.544361 -0.421333 0.135738 0.000000
0.248047 0.028597 -0.020286 0.000000
0.323387 0.237467 0.056166 0.000000
0.408089 0.132864 -0.008426 0.000000
0.236959 -0.730059 0.018338 0.000000
0.217627 -0.850094 0.011000 0.000000
0.343389 0.300676 0.021556 0.000000
-0.006079 -0.897008 0.004058 0.000000
0.306993 -0.016056 0.039025 0.000000
0.170694 -1.258324 0.056863 0.000000
0.210890 -0.934949 -0.015808 1.000000
0.198108 -0.397805 0.026061 0.000000
0.329081 0.073035 0.005415 0.000000
0.118111 -0.602986 0.033805 0.000000
0.211583 -1.034014 -0.105979 1.000000
-0.083624 -1.071194 -0.031517 0.000000
0.418208 -0.180743 0.088270 0.000000
0.187299 -1.195591 -0.235440 1.000000
0.047889 -0.079240 -0.099811 0.000000
0.441262 0.205216 0.025536 0.000000
-0.019025 -0.903762 0.011478 0.000000
0.220847 -0.918794 0.012509 0.000000
0.318874 0.196068 0.052576 0.000000
0.254234 -0.586690 0.009825 0.000000
0.491966 -0.259041 -0.152978 0.000000
0.158409 0.082010 -0.039209 0.000000
0.113424 -0.615273 0.026677 0.000000
0.028142 -0.297796 -0.239115 0.000000
0.215559 -0.913351 0.013242 0.000000
0.197017 -0.419534 0.033429 0.000000
0.476818 -0.242515 -0.151338 0.000000
0.494850 0.091210 0.176747 0.000000
0.072420 -0.287236 -0.220826 0.000000
0.168566 -1.171366 0.029144 0.000000
0.269284 -0.386383 0.013604 0.000000
0.111162 -0.262148 -0.179982 0.000000
0.043239 -0.766517 0.026145 0.000000
0.214726 -0.888211 0.011385 0.000000
-0.093904 -1.096701 -0.029317 0.000000
0.273225 -0.276792 0.019663 0.000000
0.202430 -1.113945 -0.160758 1.000000
0.396531 -0.052621 -0.074673 0.000000
0.174673 -1.215521 0.039360 0.000000
0.233959 -0.962586 -0.041390 1.000000
0.214501 -0.071461 -0.054334 0.000000
0.210306 -0.893809 0.009128 0.000000
0.151541 -1.222592 0.040375 0.000000
0.267731 -0.408155 0.023708 0.000000
0.402780 0.209477 0.002997 0.000000
0.496591 -0.087399 -0.028778 0.000000
0.371472 0.022578 -0.035459 0.000000
0.501849 -0.343706 0.101932 0.000000
0.196323 -1.032257 0.033276 0.000000
0.138511 -1.149830 0.033261 0.000000
0.243788 0.018506 -0.025031 0.000000
0.025959 -0.830965 0.011491 0.000000
0.184231 -1.132533 0.029222 0.000000
0.331644 0.070774 0.058865 0.000000
0.229593 -0.761863 0.012452 0.000000
0.458771 -0.203442 -0.146446 0.000000
0.406943 -0.063199 -0.075691 0.000000
0.513953 -0.376635 0.112241 0.000000
0.264775 0.105777 -0.018263 0.000000
0.031866 -0.755558 0.028669 0.000000
0.213616 -1.000918 -0.067307 1.000000
0.085579 -0.636367 0.027083 0.000000
0.216201 -0.981021 -0.055069 1.000000
0.466751 -0.251609 0.096269 0.000000
-0.030375 -0.934380 0.005491 0.000000
0.257200 -0.453634 0.011192 0.000000
0.431623 -0.147132 0.093183 0.000000
0.185860 -1.285279 -0.305163 1.000000
0.258296 -0.293901 0.024548 0.000000
0.310724 0.040351 0.042008 0.000000
0.339587 0.274885 0.020832 0.000000
0.113417 -0.592421 0.032334 0.000000
0.415290 0.259274 0.084068 0.000000
0.365075 0.442882 0.035009 0.000000
0.196930 -1.186234 -0.229326 1.000000
0.340533 0.266665 0.015617 0.000000
0.207050 -1.015677 0.020156 0.000000
0.171551 -1.181338 0.033600 0.000000
0.037771 -0.293573 -0.241030 0.000000
0.382798 -0.008158 -0.048207 0.000000
0.255207 -0.439982 0.014397 0.000000
0.267130 -0.442146 0.012019 0.000000
0.434571 -0.219784 0.099576 0.000000
0.158128 -1.219416 0.045797 0.000000
0.296096 -0.137881 0.026343 0.000000
0.190234 -1.102361 0.031333 0.000000
0.132676 -1.228299 0.060484 0.000000
0.174893 -1.279554 -0.306540 1.000000
0.156539 -1.103778 0.021646 0.000000
0.704589 -0.136935 -0.067842 0.000000
0.173523 -1.094522 0.034881 0.000000
0.217430 -0.955211 -0.031423 1.000000
0.120889 -0.541427 0.024681 0.000000
0.197360 -1.009139 -0.064412 1.000000
0.057906 -0.076022 -0.096065 0.000000
0.194668 -1.244578 -0.274745 1.000000
0.390814 -0.070992 0.081966 0.000000
0.153850 -1.155408 0.032405 0.000000
0.245007 -0.591303 0.024390 0.000000
0.280000 0.255230 0.035456 0.000000
0.222212 -0.937582 0.022477 0.000000
0.284782 -0.186631 0.027305 0.000000
0.139482 -0.516954 0.028093 0.000000
0.339102 0.309965 0.018856 0.000000
0.436960 0.220576 0.091695 0.000000
0.268406 -0.267907 0.023024 0.000000
0.328555 0.015540 -0.004173 0.000000
0.360350 0.053573 -0.021872 0.000000
0.484605 -0.316081 0.107869 0.000000
0.160568 -1.226057 0.049109 0.000000
0.224861 -0.880335 0.015910 0.000000
0.332089 -0.025160 0.015753 0.000000
0.239361 -0.328878 0.032361 0.000000
0.122302 -1.256171 0.059646 0.000000
0.503201 -0.102841 -0.037062 0.000000
0.178920 -1.179595 0.037382 0.000000
0.233135 -0.676039 0.009777 0.000000
0.669100 -0.120994 -0.065275 0.000000
0.137425 -0.237090 -0.147508 0.000000
-0.047305 -0.976255 -0.009493 0.000000
0.190884 -1.156214 0.020915 0.000000
0.127237 -1.204802 0.070959 0.000000
0.273514 -0.406074 0.016017 0.000000
0.415135 0.088662 -0.003758 0.000000
0.158602 -0.486808 0.023824 0.000000
0.278142 -0.269893 0.021691 0.000000
0.254310 0.033828 -0.015490 0.000000
0.145475 -1.199859 0.045717 0.000000
0.061821 -0.285324 -0.224064 0.000000
0.021938 -0.808531 0.021257 0.000000
0.330864 0.374566 0.053411 0.000000
0.151562 -1.172889 0.042143 0.000000
0.251318 0.214342 0.015715 0.000000
0.133350 -0.578071 0.037823 0.000000
0.335274 0.288762 0.052159 0.000000
0.200563 -1.191427 -0.231398 1.000000
0.224470 -0.344692 0.014425 0.000000
0.444339 0.202634 0.096738 0.000000
0.117010 -1.250332 0.058895 0.000000
0.173477 -1.176067 0.040770 0.000000
0.308463 0.013285 0.039876 0.000000
0.140741 -0.236367 -0.154236 0.000000
0.634306 -0.476829 0.153857 0.000000
0.101983 -0.604248 0.023736 0.000000
0.346529 0.425725 0.038782 0.000000
0.340117 0.346501 0.058709 0.000000
0.250019 -0.538965 0.013616 0.000000
0.387282 0.303011 0.066642 0.000000
0.012202 -0.841067 0.014399 0.000000
0.151371 -1.293952 0.053331 0.000000
0.084988 -0.022900 -0.070306 0.000000
0.180031 -1.224263 0.029985 0.000000
0.438740 -0.242710 0.100330 0.000000
0.252696 -0.601955 0.012489 0.000000
0.054759 -0.725925 0.026847 0.000000
0.340475 -0.065352 0.021047 0.000000
0.418155 0.077132 -0.016238 0.000000
0.254419 -0.299079 0.027239 0.000000
0.334053 0.222384 0.004143 0.000000
0.358092 -0.127649 -0.000102 0.000000
0.119596 -1.248385 0.033954 0.000000
0.171412 -1.328536 -0.347643 1.000000
0.671223 -0.110393 -0.064341 0.000000
0.190208 -1.200069 -0.239503 1.000000
0.324252 0.009847 -0.006316 0.000000
0.183112 -1.328513 -0.346600 1.000000
0.299824 -0.041272 0.044776 0.000000
0.094048 -0.654694 0.026210 0.000000
0.240734 -0.677426 0.007263 0.000000
-0.110119 -1.123194 -0.036655 0.000000
0.193950 -1.146600 -0.182376 1.000000
0.276887 0.116093 -0.014706 0.000000
0.157122 -1.237598 0.053833 0.000000
0.166522 -1.317552 -0.339874 1.000000
0.241977 -0.722371 0.008761 0.000000
0.516853 0.045740 0.206370 0.000000
0.305064 -0.036413 0.048934 0.000000
0.589194 -0.024739 -0.040047 0.000000
0.392396 -0.096044 0.072830 0.000000
0.285268 0.127048 0.000060 0.000000
0.208362 -0.986618 0.021332 0.000000
0.006095 -0.856137 0.018863 0.000000
0.280958 -0.214498 0.027323 0.000000
0.232767 0.179562 0.003410 0.000000
0.001585 -0.858614 0.014287 0.000000
0.272042 -0.283769 0.025352 0.000000
0.335789 -0.074391 0.006221 0.000000
0.256422 -0.524448 0.021429 0.000000
0.387554 0.318161 0.055219 0.000000
-0.037862 -0.973011 -0.011995 0.000000
0.342138 0.259743 0.018327 0.000000
0.359624 0.001258 0.056617 0.000000
0.147806 -0.217988 -0.130142 0.000000
0.237241 -0.721471 0.019449 0.000000
0.122039 -1.243624 0.073960 0.000000
0.468627 -0.295018 0.109388 0.000000
0.192961 -1.100366 0.021328 0.000000
0.180343 -1.241636 -0.275799 1.000000
0.324154 0.023674 0.005047 0.000000
0.205607 -1.083579 -0.135398 1.000000
0.188226 -1.113124 0.044041 0.000000
0.187689 -1.203017 -0.224268 1.000000
0.330056 0.073922 -0.001757 0.000000
-0.066744 -1.026086 -0.013142 0.000000
0.430250 0.043211 0.004020 0.000000
0.411043 -0.100994 -0.091149 0.000000
0.334235 0.231825 0.013311 0.000000
0.209229 -1.019329 -0.079603 1.000000
0.119071 -1.237145 0.040707 0.000000
0.458311 0.162553 0.008605 0.000000
0.229903 -0.979400 -0.055101 1.000000
0.372301 -0.025260 0.076172 0.000000
0.216113 -0.013617 -0.043273 0.000000
0.254986 -0.610099 0.016006 0.000000
0.096841 -0.597751 0.021549 0.000000
0.158765 -1.234322 0.044789 0.000000
0.415739 0.096563 -0.014891 0.000000
0.200107 -1.084230 0.021550 0.000000
0.166553 -1.195566 0.050518 0.000000
0.208298 -0.977132 0.022825 0.000000
0.058209 -0.756147 0.022118 0.000000
0.236675 -0.772430 0.019836 0.000000
0.188101 -1.237931 -0.271119 1.000000
0.531607 -0.403412 0.116964 0.000000
0.139557 -1.163777 0.043676 0.000000
0.283192 -0.200481 0.024818 0.000000
0.259031 0.072227 -0.017237 0.000000
0.573828 -0.020272 -0.033258 0.000000
0.237540 0.187579 -0.004220 0.000000
0.362334 0.351703 0.045321 0.000000
0.343783 -0.090554 0.014289 0.000000
0.265041 -0.412420 0.027875 0.000000
0.316453 0.038406 0.036964 0.000000
0.340010 0.248396 0.014348 0.000000
-0.061962 -1.016020 -0.010316 0.000000
0.206952 -0.086505 -0.061274 0.000000
0.434379 -0.131571 -0.118989 0.000000
0.339553 0.394403 0.061462 0.000000
0.224531 -0.968381 -0.055190 1.000000
0.321889 -0.011877 -0.006550 0.000000
0.325429 0.136880 0.048855 0.000000
0.313960 0.169902 0.046449 0.000000
0.185382 -1.173310 0.048277 0.000000
0.403907 0.175467 -0.002090 0.000000
0.206790 -0.974572 -0.039943 1.000000
0.327619 0.179390 0.053537 0.000000
0.356177 0.012740 0.061932 0.000000
0.191773 -1.110901 0.028216 0.000000
0.183046 -1.197167 0.055769 0.000000
0.106028 0.001913 -0.059064 0.000000
0.081038 -0.652465 0.024558 0.000000
0.341804 0.364321 0.023276 0.000000
0.177414 -0.441924 0.029067 0.000000
0.318849 0.322779 0.052347 0.000000
0.335287 0.216801 0.010440 0.000000
0.200931 -1.003614 -0.069310 1.000000
0.283965 -0.256704 0.027641 0.000000
0.214774 -0.949581 -0.025814 1.000000
0.446229 0.215355 0.094905 0.000000
0.074810 -0.651607 0.029114 0.000000
0.353444 0.438813 0.034207 0.000000
0.443066 -0.190190 0.093196 0.000000
0.182133 -1.043158 0.027584 0.000000
0.143662 -0.223987 -0.138235 0.000000
0.642289 -0.487866 0.155069 0.000000
0.604734 -0.041606 -0.048027 0.000000
0.334307 0.347978 0.054774 0.000000
0.572096 -0.001646 -0.030141 0.000000
0.170258 -1.150863 0.045754 0.000000
0.135452 0.045169 -0.042702 0.000000
0.264991 -0.460142 0.016316 0.000000
0.231725 -0.778088 0.013554 0.000000
0.268706 -0.393312 0.026778 0.000000
0.208671 -1.037590 -0.100302 1.000000
0.182498 -1.154943 0.037276 0.000000
0.296155 -0.149731 0.026846 0.000000
0.048106 -0.767023 0.017875 0.000000
0.222692 -0.359257 0.033469 0.000000
0.234510 -0.904575 0.000369 1.000000
0.406444 0.150211 -0.008566 0.000000
0.150707 -1.158690 0.043119 0.000000
0.419077 -0.168928 0.089045 0.000000
0.389238 0.299149 0.028631 0.000000
0.410082 -0.082140 -0.082759 0.000000
0.273981 -0.346777 0.020590 0.000000
0.335719 0.134971 0.000149 0.000000
0.196505 -1.004534 0.022269 0.000000
0.066459 -0.686316 0.028715 0.000000
0.188022 -1.136767 0.026093 0.000000
0.195580 -1.151518 -0.192769 1.000000
0.199566 -1.141640 -0.182027 1.000000
0.500228 0.075360 0.179309 0.000000
0.298890 0.160798 -0.005101 0.000000
0.297033 -0.118162 0.038302 0.000000
0.217676 -0.375459 0.025506 0.000000
0.335068 0.168012 0.004775 0.000000
0.121320 -0.569664 0.029992 0.000000
0.210073 -1.078804 -0.144818 1.000000
0.334327 0.197421 0.004601 0.000000
0.116980 -1.280965 0.058347 0.000000
0.395451 0.388929 0.037140 0.000000
-0.088903 -1.087749 -0.021337 0.000000
0.159591 -1.366809 -0.368961 1.000000
0.085416 -0.041271 -0.076662 0.000000
0.248609 0.035970 -0.021643 0.000000
0.174958 -1.231697 0.026617 0.000000
0.326546 0.022536 -0.006224 0.000000
0.191889 -1.115803 0.050981 0.000000
0.303547 0.283977 0.035299 0.000000
0.214539 -0.870202 0.014231 0.000000
0.205314 -1.094074 -0.141556 1.000000
0.436915 -0.151837 -0.125367 0.000000
0.288635 -0.201434 0.040293 0.000000
0.193133 -1.217120 -0.235418 1.000000
0.314233 0.154004 0.041887 0.000000
0.240637 -0.680810 0.015145 0.000000
0.232681 -0.756164 0.013291 0.000000
0.567357 0.004808 -0.026252 0.000000
0.189771 -1.045915 0.023227 0.000000
0.117113 0.028940 -0.054604 0.000000
0.228777 -0.982894 -0.061315 1.000000
0.164732 -1.091023 0.034872 0.000000
0.180583 -1.282134 -0.308074 1.000000
0.081394 -0.051812 -0.080871 0.000000
0.445903 -0.211011 0.094438 0.000000
0.401225 -0.087809 0.086285 0.000000
0.141124 -0.496692 0.023624 0.000000
0.399095 0.165882 0.005509 0.000000
0.414665 0.258196 0.069644 0.000000
0.201093 -1.040661 0.035956 0.000000
0.428302 -0.122126 -0.109051 0.000000
-0.051740 -0.990865 -0.006731 0.000000
0.191821 -1.172820 -0.208169 1.000000
0.316878 0.197226 0.014094 0.000000
0.210768 -1.085790 -0.130565 1.000000
0.243597 -0.704241 0.019666 0.000000
0.269683 -0.373406 0.019499 0.000000
0.500283 -0.360818 0.118222 0.000000
0.301658 -0.091705 0.040413 0.000000
0.401746 0.134196 0.002397 0.000000
0.667050 -0.510063 0.159970 0.000000
0.132643 -1.198122 0.070659 0.000000
0.159113 -0.475229 0.026674 0.000000
0.275425 -0.293899 0.020509 0.000000
0.388728 -0.017868 -0.044864 0.000000
0.253784 -0.591838 0.022712 0.000000
0.422665 0.245956 0.082980 0.000000
0.189524 -1.008909 0.022115 0.000000
0.282914 -0.222503 0.027631 0.000000
0.334578 -0.062527 0.009059 0.000000
0.266776 -0.348711 0.022647 0.000000
0.188108 -1.246235 -0.280487 1.000000
0.155818 -1.144948 0.045250 0.000000
0.690104 -0.127873 -0.076269 0.000000
0.169308 -0.470052 0.033935 0.000000
0.521816 -0.388689 0.114405 0.000000
0.351150 0.026248 0.063890 0.000000
0.264898 -0.382104 0.015442 0.000000
0.065221 -0.721441 0.025383 0.000000
0.195684 -1.175064 -0.201763 1.000000
0.380187 -0.000149 -0.043764 0.000000
0.511936 0.082817 0.004284 0.000000
0.236659 0.012964 -0.030775 0.000000
0.337746 0.180201 0.008884 0.000000
0.197076 -1.077504 0.042210 0.000000
0.512701 -0.379559 0.117784 0.000000
0.289626 0.266995 0.032586 0.000000
0.242024 -0.582784 0.012613 0.000000
0.340742 0.455383 0.059275 0.000000
0.435755 -0.177099 0.092196 0.000000
0.360251 0.058757 -0.015565 0.000000
0.138508 -0.541541 0.033542 0.000000
0.124340 -0.547108 0.027983 0.000000
0.254038 0.056114 -0.018900 0.000000
0.182833 -1.095888 0.037018 0.000000
0.327501 -0.008617 0.003655 0.000000
0.337080 0.208794 0.001844 0.000000
-0.077418 -1.055499 -0.019322 0.000000
-0.015803 -0.895553 0.012805 0.000000
0.322807 0.155062 0.054347 0.000000
0.218595 -0.911358 -0.003843 1.000000
0.386954 0.283543 0.028611 0.000000
0.186013 -1.113794 0.029467 0.000000
0.336183 0.428057 0.053617 0.000000
0.313962 0.186021 0.004921 0.000000
0.290395 -0.186990 0.038406 0.000000
0.489377 -0.338293 0.115212 0.000000
0.088280 -0.626322 0.028231 0.000000
0.481001 -0.226519 -0.149143 0.000000
0.196655 -1.010452 0.028844 0.000000
0.224714 -0.908096 -0.001859 1.000000
0.336646 0.340630 0.057498 0.000000
0.197947 -1.054948 -0.108225 1.000000
0.222713 -0.795199 0.013494 0.000000
0.324268 0.030064 0.003640 0.000000
0.270668 0.097935 -0.018023 0.000000
0.296519 -0.107278 0.032254 0.000000
0.463829 0.158953 0.017530 0.000000
0.655320 -0.105235 -0.066018 0.000000
0.234217 0.179010 -0.011558 0.000000
0.319861 0.251642 0.053718 0.000000
0.317716 0.140683 0.051044 0.000000
0.552660 -0.430665 0.136768 0.000000
0.418750 0.248338 0.029818 0.000000
0.502345 -0.096317 -0.033318 0.000000
0.139973 -1.211246 0.051096 0.000000
0.327519 0.341107 0.051626 0.000000
0.326516 0.217593 0.049684 0.000000
0.277971 -0.288789 0.016466 0.000000
0.171213 -1.194420 0.056224 0.000000
0.169677 -1.205849 0.037126 0.000000
0.294075 -0.153984 0.034660 0.000000
0.211554 -1.012684 0.023658 0.000000
0.134220 -0.555193 0.030471 0.000000
0.241382 -0.684434 0.020909 0.000000
0.411769 -0.133729 0.084140 0.000000
0.612596 -0.053992 -0.052232 0.000000
0.400858 -0.048720 -0.071463 0.000000
0.732576 -0.155854 -0.085214 0.000000
0.345558 0.352331 0.027800 0.000000
0.224060 0.172419 -0.014606 0.000000
0.408754 -0.152308 0.080114 0.000000
0.171747 0.094908 -0.030433 0.000000
0.090582 -0.008910 -0.064446 0.000000
0.331554 0.086906 0.045944 0.000000
0.352713 0.458402 0.043485 0.000000
0.178728 -1.164873 0.054099 0.000000
0.344253 0.337616 0.022423 0.000000
0.407027 0.293555 0.027204 0.000000
0.747009 -0.163356 -0.091407 0.000000
-0.060627 -1.019857 -0.020913 0.000000
0.695824 -0.131041 -0.077345 0.000000
0.043735 -0.794636 0.015658 0.000000
0.497540 -0.349125 0.112745 0.000000
0.204186 -1.084798 0.042386 0.000000
0.436735 -0.140091 -0.123684 0.000000
0.416596 0.080852 -0.011082 0.000000
0.279112 -0.224847 0.023152 0.000000
0.176345 -1.110561 0.039719 0.000000
0.397119 0.199970 0.006493 0.000000
0.188971 -1.149370 0.042375 0.000000
0.242459 -0.647972 0.005984 0.000000
0.265893 -0.513571 0.008858 0.000000
0.171197 -1.200239 0.050790 0.000000
0.213032 -0.378230 0.034084 0.000000
0.195272 -1.111988 0.039728 0.000000
0.171216 -1.195211 0.042289 0.000000
0.495263 -0.340516 0.109207 0.000000
0.397933 0.308549 0.029572 0.000000
0.305461 0.004379 0.036578 0.000000
0.195515 -0.984967 -0.050901 1.000000
0.338690 0.375183 0.057498 0.000000
0.226239 -0.860892 0.013389 0.000000
0.267807 -0.447549 0.026788 0.000000
0.340752 0.433823 0.055387 0.000000
0.034412 -0.793504 0.014799 0.000000
0.353088 -0.109496 0.012500 0.000000
0.371351 0.007891 -0.041496 0.000000
0.153916 0.064889 -0.035113 0.000000
0.266544 -0.490939 0.020574 0.000000
0.395397 0.298648 0.022820 0.000000
0.201720 -1.127745 -0.178685 1.000000
0.172329 -1.175984 0.054439 0.000000
0.427320 0.052249 -0.012415 0.000000
0.296102 0.151669 -0.005033 0.000000
0.166013 -0.461354 0.021652 0.000000
-0.057587 -1.007108 -0.007131 0.000000
0.462194 -0.032634 -0.014720 0.000000
0.227855 -0.814350 0.012489 0.000000
0.254346 -0.506909 0.012593 0.000000
0.118085 0.014225 -0.052855 0.000000
0.131984 -1.157693 0.031298 0.000000
0.506427 0.080775 -0.001706 0.000000
0.230102 -0.938376 -0.023388 1.000000
0.477167 -0.063991 -0.022605 0.000000
0.456067 -0.251364 0.102019 0.000000
0.224551 -0.350785 0.012265 0.000000
0.176489 -1.174136 0.029528 0.000000
0.482391 -0.253539 -0.150155 0.000000
0.452943 0.196774 0.103649 0.000000
0.343848 0.412121 0.056362 0.000000
0.215154 -0.904532 0.013510 0.000000
0.190272 -0.423150 0.031668 0.000000
0.544909 -0.141681 -0.067335 0.000000
0.199067 -0.940972 -0.016333 1.000000
0.390048 0.465901 0.043656 0.000000
0.344925 0.399843 0.053921 0.000000
0.220232 -0.367461 0.040821 0.000000
0.178193 0.098996 -0.021645 0.000000
0.279138 0.113513 -0.003396 0.000000
0.211832 -0.390112 0.039384 0.000000
0.217236 -0.864699 0.009120 0.000000
0.194658 -1.068948 0.028723 0.000000
0.301825 -0.065980 0.040973 0.000000
0.205968 -0.993227 0.023963 0.000000
0.254023 -0.560485 0.023359 0.000000
0.268643 -0.355668 0.022615 0.000000
0.174903 -1.191024 0.027137 0.000000
0.200321 -1.034281 0.028071 0.000000
0.439418 -0.224898 0.095542 0.000000
0.189401 -1.122135 0.034587 0.000000
0.175726 -1.200197 0.036980 0.000000
0.580428 -0.193046 -0.112107 0.000000
0.348863 -0.090152 0.019468 0.000000
0.270073 0.234633 0.017061 0.000000
0.270292 -0.291503 0.017881 0.000000
0.389914 0.332233 0.030933 0.000000
0.236521 -0.735185 0.012763 0.000000
0.490981 -0.087400 -0.031516 0.000000
0.396277 0.380387 0.037112 0.000000
0.388645 0.394432 0.039417 0.000000
0.236367 -0.749954 0.021968 0.000000
0.205341 -1.034116 -0.085302 1.000000
0.389113 -0.024721 -0.055113 0.000000
0.311497 0.046694 0.041733 0.000000
0.407229 0.125637 0.003794 0.000000
0.129083 -1.247469 0.064033 0.000000
0.306044 -0.068442 0.033482 0.000000
-0.049356 -0.984437 0.001983 0.000000
0.200916 -1.054753 0.028415 0.000000
0.663606 -0.117890 -0.062072 0.000000
0.239496 -0.654024 0.018814 0.000000
0.590646 -0.462714 0.144279 0.000000
0.173841 -1.214162 0.029418 0.000000
0.228424 -0.001854 -0.035763 0.000000
0.395083 0.159627 0.005846 0.000000
0.151168 -1.130239 0.046542 0.000000
0.171244 -1.254810 0.036591 0.000000
0.328963 0.215333 0.014466 0.000000
0.062567 -0.734135 0.023469 0.000000
0.311624 0.100217 0.043146 0.000000
0.266119 -0.338647 0.018953 0.000000
0.325346 0.199361 0.051022 0.000000
0.140559 -1.152525 0.048013 0.000000
0.448813 0.187286 0.102583 0.000000
0.196414 -1.036140 -0.085919 1.000000
0.458758 -0.261403 0.103197 0.000000
0.161201 -0.495535 0.039027 0.000000
0.191791 -1.003091 -0.067046 1.000000
0.590871 -0.460156 0.132130 0.000000
0.241806 -0.643212 0.020111 0.000000
0.125998 -1.191169 0.071162 0.000000
0.461713 -0.271796 0.111344 0.000000
0.199546 -1.080849 0.030891 0.000000
0.275723 -0.281733 0.030188 0.000000
0.004787 -0.846061 0.018740 0.000000
0.213077 0.149692 -0.025400 0.000000
0.288048 -0.186320 0.021843 0.000000
0.168477 -1.219628 0.040429 0.000000
0.256747 -0.529267 0.016297 0.000000
0.531445 0.037670 -0.018562 0.000000
0.448904 0.006852 -0.006344 0.000000
0.274126 -0.241303 0.022410 0.000000
0.255530 -0.463558 0.023746 0.000000
0.350505 0.454879 0.038706 0.000000
0.185973 -1.075904 0.032737 0.000000
0.118660 -0.615938 0.031634 0.000000
0.181110 -1.319048 0.062364 0.000000
0.012664 -0.299030 -0.252580 0.000000
0.276255 0.096952 -0.002618 0.000000
0.186197 -0.428410 0.019060 0.000000
0.399085 0.231047 0.008179 0.000000
0.222444 -0.052381 -0.047191 0.000000
0.337274 0.102142 0.001583 0.000000
0.234728 -0.797889 0.012596 0.000000
0.041870 -0.100637 -0.104513 0.000000
-0.028640 -0.944610 -0.008704 0.000000
0.194414 -1.040982 0.038179 0.000000
0.525451 -0.394366 0.114758 0.000000
0.294249 0.276492 0.022122 0.000000
0.290767 0.276206 0.029213 0.000000
0.339750 0.406630 0.050630 0.000000
0.492051 -0.324297 0.103521 0.000000
0.332485 0.304675 0.051510 0.000000
-0.080621 -1.065973 -0.015514 0.000000
0.328499 -0.055593 0.000065 0.000000
0.355550 0.005347 0.053435 0.000000
0.347055 0.443738 0.039147 0.000000
0.214959 -0.835096 0.012722 0.000000
0.268435 -0.453743 0.015119 0.000000
0.520246 -0.120764 -0.048209 0.000000
0.388777 0.213406 0.015083 0.000000
0.242902 -0.699033 0.011463 0.000000
0.196956 -1.016969 0.023890 0.000000
0.296663 -0.153794 0.040409 0.000000
0.172931 -1.303675 0.025206 0.000000
0.095753 -0.627093 0.028904 0.000000
0.414023 0.104093 0.000049 0.000000
0.200145 0.131954 -0.008500 0.000000
0.151510 0.081313 -0.046472 0.000000
0.069659 -0.680502 0.025449 0.000000
0.172471 -1.292390 0.023253 0.000000
0.228214 -0.887229 0.011082 0.000000
0.019946 -0.818366 0.022133 0.000000
0.204774 -1.020826 0.022660 0.000000
0.228673 0.175183 0.006583 0.000000
0.258384 -0.391142 0.018565 0.000000
0.237627 -0.643911 0.013282 0.000000
0.428643 0.234071 0.085169 0.000000
0.296970 -0.055599 0.039174 0.000000
0.238355 -0.928433 -0.015224 1.000000
0.056843 -0.286364 -0.227532 0.000000
0.272293 -0.318449 0.028873 0.000000
0.043837 -0.775639 0.017058 0.000000
0.310965 0.005505 0.049139 0.000000
0.349125 0.421609 0.032085 0.000000
0.003995 -0.876868 0.001102 0.000000
0.309576 0.184718 -0.002537 0.000000
0.108827 -1.301342 0.035151 0.000000
0.265185 -0.382825 0.026348 0.000000
0.351972 0.417632 0.035915 0.000000
0.429415 0.048239 -0.008260 0.000000
0.208804 -1.021706 0.033429 0.000000
0.112114 -0.603779 0.026397 0.000000
0.206748 -1.031158 0.022328 0.000000
0.160059 -1.179276 0.045478 0.000000
0.291862 -0.113358 0.033042 0.000000
0.211052 -1.074907 -0.131994 1.000000
0.421718 -0.135763 0.090558 0.000000
0.285802 -0.238935 0.020658 0.000000
0.606460 -0.058173 -0.047048 0.000000
0.391010 0.457710 0.046097 0.000000
0.220619 -0.901034 0.013006 0.000000
0.373891 0.336978 0.043678 0.000000
0.247037 -0.664053 0.010565 0.000000
0.333047 0.138158 0.004952 0.000000
0.558446 -0.430879 0.139591 0.000000
0.570580 -0.196790 -0.114777 0.000000
0.167511 -1.225676 0.050764 0.000000
0.244877 -0.613816 0.022502 0.000000
0.395328 0.366022 0.039600 0.000000
0.180431 -1.289141 -0.314667 1.000000
0.030820 -0.120406 -0.121942 0.000000
0.257655 -0.575032 0.015133 0.000000
0.386673 -0.019468 -0.052491 0.000000
0.125055 -0.585492 0.034676 0.000000
0.116665 -0.582927 0.029522 0.000000
0.396701 -0.066326 -0.075789 0.000000
0.400265 -0.074199 0.090704 0.000000
0.476536 0.132986 0.010949 0.000000
0.199894 -1.089716 -0.146602 1.000000
0.174745 -1.267748 0.058555 0.000000
0.188745 -0.416943 0.025810 0.000000
0.219546 -0.901530 0.003016 1.000000
0.184153 -1.263430 0.058365 0.000000
0.335935 0.299352 0.052872 0.000000
0.332384 -0.041750 0.010634 0.000000
0.164993 -1.192452 0.039267 0.000000
0.233942 -0.688377 0.012771 0.000000
0.353999 0.024773 0.075979 0.000000
0.303478 -0.005837 0.044844 0.000000
0.209044 -0.982188 -0.049791 1.000000
-0.025185 -0.923844 0.006205 0.000000
0.333162 0.314041 0.057515 0.000000
0.193764 0.122583 -0.014654 0.000000
0.469081 -0.229901 -0.150336 0.000000
0.149341 -1.168633 0.038327 0.000000
0.348980 0.399326 0.034553 0.000000
0.175322 -0.142465 -0.086023 0.000000
0.055620 -0.734395 0.028559 0.000000
0.692665 -0.139641 -0.074162 0.000000
0.061377 -0.060523 -0.094154 0.000000
0.585867 -0.035599 -0.039021 0.000000
0.006699 -0.833185 0.021761 0.000000
0.396423 0.355529 0.038109 0.000000
0.116930 -1.247434 0.075060 0.000000
0.566475 -0.174583 -0.094341 0.000000
0.223747 -1.007995 -0.075501 1.000000
0.327286 0.071729 -0.013121 0.000000
0.523352 0.070129 0.001329 0.000000
0.336816 0.152166 0.002156 0.000000
0.187488 -1.254610 0.053838 0.000000
0.354138 0.450439 0.042393 0.000000
0.107427 -0.592802 0.029253 0.000000
0.174405 -1.209845 0.048465 0.000000
0.332143 0.368111 0.058434 0.000000
0.519193 -0.116636 -0.040754 0.000000
0.395148 0.223392 0.010224 0.000000
0.232503 -0.709151 0.017698 0.000000
0.530723 -0.407784 0.124719 0.000000
0.148974 -1.104546 0.021429 0.000000
0.046514 -0.756958 0.024215 0.000000
0.342721 0.325845 0.017363 0.000000
0.401549 -0.095798 0.084126 0.000000
0.539400 -0.418741 0.121274 0.000000
0.409515 0.102152 0.003625 0.000000
0.635578 -0.485163 0.146616 0.000000
0.151797 -1.162690 0.051479 0.000000
0.283624 -0.194066 0.032383 0.000000
0.173892 -1.053093 0.022572 0.000000
0.210259 -0.970596 -0.036955 1.000000
0.418647 0.259816 0.022330 0.000000
0.327539 0.169676 0.051351 0.000000
0.096558 -0.644649 0.031753 0.000000
0.052406 -0.088536 -0.104259 0.000000
0.157073 -1.150839 0.045902 0.000000
0.528292 -0.126005 -0.053768 0.000000
0.446476 -0.202011 0.094451 0.000000
0.081568 -0.281904 -0.216793 0.000000
0.313167 0.065747 0.041820 0.000000
0.255816 0.063621 -0.018724 0.000000
0.391182 0.298325 0.062140 0.000000
0.377694 0.010820 -0.038283 0.000000
0.630310 -0.486990 0.144267 0.000000
0.307896 0.062158 0.050067 0.000000
0.351006 0.387495 0.033080 0.000000
0.427812 0.234401 0.019825 0.000000
0.318706 0.059859 0.042212 0.000000
0.351012 0.427931 0.043767 0.000000
0.231773 -0.790673 0.010364 0.000000
0.450261 -0.010336 -0.013751 0.000000
0.320549 0.004641 0.007860 0.000000
0.346047 0.488142 0.056829 0.000000
0.569410 -0.009658 -0.030497 0.000000
0.205805 -1.034452 -0.093720 1.000000
0.329107 0.095283 0.044619 0.000000
0.238914 -0.707837 0.022152 0.000000
0.296886 0.270690 0.031349 0.000000
0.292568 -0.097899 0.035605 0.000000
0.517466 0.063909 -0.005547 0.000000
0.300786 -0.087054 0.034485 0.000000
0.203364 -1.043961 0.023595 0.000000
0.338811 -0.083914 0.009683 0.000000
0.174461 -1.252955 -0.278639 1.000000
0.269188 -0.280353 0.012513 0.000000
0.422770 -0.194015 0.091143 0.000000
0.233466 -0.788978 0.019732 0.000000
-0.038090 -0.957286 0.003503 0.000000
0.204448 -0.091106 -0.065487 0.000000
0.176914 -1.197106 0.042721 0.000000
0.105746 -0.013621 -0.063604 0.000000
0.053696 -0.744432 0.021471 0.000000
0.447349 0.000189 -0.008339 0.000000
0.233338 -0.893907 0.012948 0.000000
0.333349 0.414220 0.054516 0.000000
0.204421 -1.152359 -0.193882 1.000000
0.200838 -0.972599 -0.037924 1.000000
0.043910 -0.738179 0.028583 0.000000
0.100666 -0.648782 0.028681 0.000000
0.204803 -1.053374 0.021686 0.000000
0.396172 0.156779 0.011829 0.000000
0.283505 -0.187028 0.033463 0.000000
0.437848 0.225569 0.100229 0.000000
0.384067 0.436598 0.043823 0.000000
0.392383 0.200091 0.012408 0.000000
0.560170 -0.442279 0.136044 0.000000
0.179649 -0.136588 -0.083245 0.000000
0.323858 0.230160 0.054855 0.000000
0.263945 -0.442707 0.022006 0.000000
0.097912 -0.638029 0.031254 0.000000
0.327740 0.062416 -0.004739 0.000000
0.204581 0.139713 -0.014393 0.000000
0.177043 -0.156701 -0.087501 0.000000
0.145241 -1.168096 0.044706 0.000000
0.279705 -0.254677 0.022653 0.000000
0.353190 0.073508 -0.007406 0.000000
0.132696 0.026224 -0.045962 0.000000
0.272549 -0.323765 0.014935 0.000000
0.036544 -0.776677 0.021913 0.000000
0.211379 -0.976560 -0.043714 1.000000
0.023928 -0.119853 -0.120443 0.000000
0.134762 -1.154515 0.037149 0.000000
0.181017 -1.172298 0.033119 0.000000
0.168381 -1.164778 0.044218 0.000000
0.096417 -0.268326 -0.196482 0.000000
0.171362 -1.356663 -0.371727 1.000000
0.126369 0.031245 -0.049010 0.000000
0.191432 0.121415 -0.021595 0.000000
0.181061 -0.422030 0.023075 0.000000
0.245369 -0.587473 0.016544 0.000000
0.178361 -1.163884 0.028720 0.000000
0.266984 -0.464149 0.011115 0.000000
0.220546 -0.959577 -0.040299 1.000000
0.224063 -0.987156 -0.062117 1.000000
0.224173 -0.828561 0.013720 0.000000
0.405440 -0.132334 0.082028 0.000000
0.211383 -0.920512 -0.007794 1.000000
-0.069132 -1.041236 -0.027744 0.000000
0.310947 0.072093 0.043406 0.000000
0.383493 0.004829 -0.041583 0.000000
0.169294 -0.451016 0.025573 0.000000
0.211201 -0.081955 -0.056429 0.000000
0.332555 0.269645 0.055190 0.000000
0.331104 0.352689 0.056821 0.000000
0.012016 -0.827386 0.020589 0.000000
0.383056 -0.063485 0.077513 0.000000
0.232620 -0.966563 -0.050689 1.000000
0.185116 -1.191851 0.059110 0.000000
0.193874 -0.100261 -0.066388 0.000000
0.155497 0.072072 -0.036824 0.000000
0.411130 0.108543 -0.006572 0.000000
0.364414 -0.011823 0.052086 0.000000
0.655419 -0.110187 -0.060092 0.000000
0.209618 -1.042921 -0.110456 1.000000
0.082558 -0.704023 0.028359 0.000000
0.285651 -0.174832 0.033319 0.000000
0.184041 -1.198686 0.023318 0.000000
0.654444 -0.494302 0.155962 0.000000
0.572028 -0.185331 -0.102797 0.000000
0.574843 -0.446150 0.129019 0.000000
0.399943 0.176732 0.007889 0.000000
0.304426 0.156641 0.005526 0.000000
0.339370 0.146142 0.000732 0.000000
0.287475 -0.172439 0.025735 0.000000
0.458489 -0.245827 0.102832 0.000000
0.375670 -0.059631 0.061298 0.000000
0.411657 -0.128867 0.088360 0.000000
0.341411 0.342640 0.025580 0.000000
0.172163 -1.316090 -0.343286 1.000000
0.534819 -0.144908 -0.063448 0.000000
0.228892 0.171739 -0.004561 0.000000
0.467372 -0.305770 0.118926 0.000000
0.153753 -1.142129 0.051682 0.000000
0.201616 -0.384580 0.018325 0.000000
0.183878 -1.259187 -0.284898 1.000000
0.219634 -0.857301 0.018220 0.000000
0.208236 -1.021077 -0.085764 1.000000
0.186335 -1.068286 0.033520 0.000000
0.421940 0.249383 0.078186 0.000000
0.204902 -1.008783 -0.069038 1.000000
0.334997 -0.051383 0.004704 0.000000
0.316456 0.069264 0.046517 0.000000
0.081882 -0.673506 0.028975 0.000000
0.011174 -0.304457 -0.250701 0.000000
0.175158 -1.320806 -0.340823 1.000000
0.248235 -0.555994 0.024158 0.000000
0.568835 -0.443015 0.132161 0.000000
0.208675 -1.084125 -0.141487 1.000000
0.450449 -0.016921 -0.018908 0.000000
0.379942 -0.042690 0.083593 0.000000
0.323613 0.038706 -0.006030 0.000000
0.195073 -1.063056 0.029208 0.000000
0.423525 0.241970 0.027987 0.000000
0.328068 0.280135 0.053933 0.000000
0.087014 -1.354265 0.086833 0.000000
0.262590 -0.525228 0.014592 0.000000
0.325970 0.013267 0.004529 0.000000
0.259879 -0.292515 0.010612 0.000000
0.206281 -0.381095 0.021987 0.000000
0.271625 -0.273373 0.025543 0.000000
0.265165 0.084852 -0.014433 0.000000
0.189630 -1.175521 -0.203053 1.000000
0.316165 0.179209 0.047328 0.000000
0.423820 -0.142979 0.093331 0.000000
0.195941 -1.222070 -0.233800 1.000000
0.349502 0.080945 -0.020132 0.000000
0.163634 -1.162333 0.048694 0.000000
0.491205 -0.091566 -0.037791 0.000000
0.457371 -0.021877 -0.012230 0.000000
0.663875 -0.113183 -0.066602 0.000000
0.412985 -0.151298 0.084835 0.000000
0.318096 0.095644 0.049507 0.000000
0.107762 -0.022787 -0.066792 0.000000
-0.021292 -0.928732 -0.001049 0.000000
0.338399 0.173646 0.008502 0.000000
0.152490 -0.503990 0.025710 0.000000
-0.005458 -0.890505 0.002759 0.000000
0.389999 -0.062434 0.085665 0.000000
0.138921 -0.559403 0.040237 0.000000
0.499343 0.070931 0.184141 0.000000
0.464433 0.150437 0.123244 0.000000
0.583243 -0.017973 -0.036538 0.000000
0.244610 0.198326 0.011707 0.000000
0.182017 -1.043773 0.015769 0.000000
0.031651 -0.780271 0.025797 0.000000
0.267780 -0.423688 0.027152 0.000000
0.230941 -0.680760 0.012548 0.000000
0.353418 -0.099716 0.018496 0.000000
0.448567 -0.195520 -0.139170 0.000000
0.293627 -0.142709 0.028824 0.000000
0.334990 0.443966 0.059449 0.000000
0.191330 -1.142298 0.019807 0.000000
0.421016 0.250294 0.024258 0.000000
0.331531 0.223279 0.053866 0.000000
0.326332 0.054918 -0.004352 0.000000
0.179555 -1.306025 0.064299 0.000000
0.403970 -0.118929 0.082198 0.000000
0.334073 0.081807 0.047464 0.000000
0.424603 -0.183969 0.088798 0.000000
0.360760 0.004065 0.074521 0.000000
0.293754 0.158339 -0.003066 0.000000
0.225488 -0.892741 0.005882 0.000000
0.260929 -0.516248 0.027188 0.000000
0.257314 -0.496822 0.014083 0.000000
0.146224 -1.196188 0.052035 0.000000
0.137793 -1.164121 0.035293 0.000000
-0.000730 -0.882056 0.006585 0.000000
0.201319 -0.408094 0.025632 0.000000
0.415791 -0.156924 0.086389 0.000000
0.104596 -0.603494 0.029997 0.000000
0.523204 -0.398897 0.120247 0.000000
0.493633 0.084004 0.171166 0.000000
0.119329 -1.189954 0.035931 0.000000
0.329162 0.233512 0.046482 0.000000
0.299411 -0.104194 0.041004 0.000000
0.194885 -1.138564 -0.183802 1.000000
0.300692 -0.066596 0.035242 0.000000
0.330391 0.253694 0.054286 0.000000
0.209169 -1.045693 -0.105171 1.000000
0.196101 -1.099797 0.027533 0.000000
0.400828 0.148121 0.002819 0.000000
0.202238 -0.397325 0.019109 0.000000
0.293497 -0.176242 0.023779 0.000000
0.286825 0.132629 -0.003879 0.000000
0.335162 0.346306 0.061850 0.000000
0.594167 -0.027166 -0.042008 0.000000
0.260844 -0.403914 0.017617 0.000000
0.332115 -0.022483 0.010525 0.000000
0.315595 0.080715 0.045769 0.000000
0.140935 -1.209486 0.037876 0.000000
0.396663 0.364448 0.032905 0.000000
0.167009 -1.224619 0.037679 0.000000
0.227954 -0.947882 -0.025306 1.000000
0.139446 -1.162693 0.066387 0.000000
0.354903 0.020908 0.069299 0.000000
0.189643 -0.433197 0.031482 0.000000
0.084416 -0.687270 0.028708 0.000000
0.445988 -0.229204 0.095291 0.000000
0.172568 -1.057714 0.035108 0.000000
0.273251 0.092867 -0.005562 0.000000
0.561235 0.011353 -0.017175 0.000000
0.446396 -0.184308 -0.137760 0.000000
0.501306 0.067414 0.190616 0.000000
0.326773 -0.037365 -0.000004 0.000000
0.072833 -0.032841 -0.075992 0.000000
0.196121 -1.094641 -0.138933 1.000000
0.164016 -0.469566 0.028613 0.000000
0.358876 0.458763 0.044524 0.000000
0.392297 0.405996 0.041079 0.000000
0.427253 -0.153839 0.090655 0.000000
0.148626 -0.522004 0.035886 0.000000
0.168710 -1.311591 0.037411 0.000000
0.328662 -0.017603 0.003583 0.000000
0.337555 0.110573 -0.000579 0.000000
0.213533 -1.006621 -0.074706 1.000000
0.307886 0.302051 0.043173 0.000000
0.266526 -0.496591 0.017580 0.000000
0.155510 -1.115198 0.023720 0.000000
0.146093 -1.161472 0.033913 0.000000
0.138873 -0.234309 -0.140605 0.000000
0.559199 -0.436188 0.127369 0.000000
0.224319 -0.844271 0.014331 0.000000
0.157240 -1.170091 0.045170 0.000000
0.459535 -0.268646 0.104820 0.000000
0.317954 0.158163 0.055247 0.000000
0.076665 -0.699157 0.026846 0.000000
0.179465 -1.053027 0.040670 0.000000
0.220227 -0.354105 0.018751 0.000000
0.616380 -0.060912 -0.053649 0.000000
0.307744 -0.009986 0.036205 0.000000
0.190110 -1.183279 0.051898 0.000000
0.074168 -0.045407 -0.084684 0.000000
0.276582 -0.260879 0.019429 0.000000
0.162375 -1.214882 0.049486 0.000000
0.190914 -1.263697 -0.273592 1.000000
0.265363 -0.282826 0.025246 0.000000
0.195258 -1.077097 0.024607 0.000000
0.408448 -0.114548 0.091564 0.000000
0.215034 -0.373573 0.017828 0.000000
0.413344 0.100691 -0.011562 0.000000
0.231154 -0.013426 -0.035697 0.000000
0.212102 -1.031660 0.039303 0.000000
0.210678 0.148304 -0.020254 0.000000
0.183822 -1.106619 0.041185 0.000000
0.186096 -1.208531 0.059938 0.000000
0.228379 -0.786920 0.006473 0.000000
0.183840 -1.251638 0.061335 0.000000
0.190047 -1.211244 0.022278 0.000000
-0.040488 -0.966945 -0.005350 0.000000
0.232973 -0.952049 -0.036152 1.000000
0.178607 -1.232416 0.057879 0.000000
0.231701 -0.757301 0.007676 0.000000
0.340953 0.284657 0.017192 0.000000
0.656844 -0.502876 0.156605 0.000000
0.199730 -1.098332 0.037712 0.000000
0.163253 -1.356724 -0.373550 1.000000
0.297845 0.149566 0.007460 0.000000
0.324622 0.207817 0.052058 0.000000
0.393395 -0.081632 0.080644 0.000000
0.392578 -0.095767 0.065467 0.000000
0.550828 0.007330 -0.023385 0.000000
0.394869 0.292571 0.021504 0.000000
0.395321 0.398156 0.040344 0.000000
0.268728 -0.382729 0.019982 0.000000
0.196903 -1.143273 -0.196568 1.000000
0.487016 0.098062 0.161745 0.000000
0.297870 -0.075157 0.033721 0.000000
0.212141 -0.370462 0.024866 0.000000
0.196431 -1.212367 -0.240683 1.000000
0.104981 -0.614718 0.030842 0.000000
0.204487 -0.396648 0.037303 0.000000
0.195946 -1.203194 -0.228717 1.000000
0.343281 0.238883 0.015195 0.000000
0.291595 -0.181159 0.027286 0.000000
0.272867 0.112127 -0.016006 0.000000
0.033770 -0.829671 0.009519 0.000000
0.104687 -1.295976 0.039617 0.000000
0.357292 -0.107021 0.017714 0.000000
0.262602 -0.516929 0.012513 0.000000
0.219874 -0.869171 0.011677 0.000000
0.306820 -0.082359 0.038983 0.000000
0.032056 -0.115971 -0.117545 0.000000
0.253644 -0.550274 0.018022 0.000000
0.168403 -1.327407 -0.336717 1.000000
0.392907 0.305856 0.024843 0.000000
0.093312 -0.598927 0.027618 0.000000
0.142838 -1.194603 0.057990 0.000000
0.338664 0.416226 0.057755 0.000000
0.233611 -0.339171 0.032756 0.000000
0.167611 0.083118 -0.031701 0.000000
0.400107 0.242215 0.013548 0.000000
0.081031 -1.353122 0.081054 0.000000
0.397390 0.413059 0.043332 0.000000
0.322254 0.226275 0.048263 0.000000
0.418606 0.089050 0.010193 0.000000
0.338532 0.054411 0.063822 0.000000
0.337504 0.169544 -0.000913 0.000000
0.334984 -0.042019 0.016775 0.000000
0.308876 0.058003 0.042769 0.000000
0.342194 0.090321 -0.015335 0.000000
0.316695 0.169396 0.041028 0.000000
0.232855 -0.332523 0.015904 0.000000
0.451333 0.182162 0.104192 0.000000
0.346390 -0.082635 0.020655 0.000000
0.324635 0.220119 0.057421 0.000000
0.295679 -0.157094 0.028345 0.000000
0.194466 -0.078656 -0.061658 0.000000
0.051970 -0.089032 -0.098209 0.000000
0.191285 -1.040390 0.026140 0.000000
0.427487 0.233714 0.025743 0.000000
0.445390 -0.251004 0.102924 0.000000
0.157914 -1.099377 0.038147 0.000000
0.294404 -0.081382 0.032930 0.000000
-0.024653 -0.933383 -0.000453 0.000000
0.146029 -0.228203 -0.134611 0.000000
0.326791 0.185161 0.053795 0.000000
0.258611 -0.451670 0.021423 0.000000
0.435085 -0.183631 0.093544 0.000000
0.191043 -1.113584 0.034451 0.000000
0.175162 -1.278501 0.055214 0.000000
0.129645 -1.198876 0.032625 0.000000
0.314044 0.303008 0.036968 0.000000
0.470715 0.132691 0.003105 0.000000
0.179513 -1.242942 -0.281623 1.000000
0.359062 0.356785 0.044178 0.000000
-0.069785 -1.034671 -0.014977 0.000000
0.275986 -0.326262 0.024272 0.000000
0.475765 -0.311285 0.112051 0.000000
0.408669 0.285311 0.027024 0.000000
0.058858 -0.081576 -0.097209 0.000000
0.349199 0.475494 0.062142 0.000000
0.153812 -0.203208 -0.114364 0.000000
0.180556 -1.207197 0.057179 0.000000
0.622203 -0.074852 -0.052695 0.000000
0.187450 -1.178378 0.057596 0.000000
0.213054 -0.910300 -0.002369 1.000000
0.341740 0.051547 0.055299 0.000000
0.256295 -0.563608 0.012942 0.000000
0.771841 -0.174514 -0.101541 0.000000
0.205671 -1.063174 0.026044 0.000000
0.507522 -0.362742 0.109525 0.000000
0.225727 -0.969597 -0.041665 1.000000
0.431769 0.223352 0.017038 0.000000
0.195628 -1.200057 -0.241385 1.000000
0.312949 0.024918 0.046036 0.000000
0.249692 0.047397 -0.022644 0.000000
-0.074803 -1.047748 -0.017927 0.000000
0.040807 -0.783222 0.020002 0.000000
0.199393 -1.120899 -0.164933 1.000000
0.092258 -0.020294 -0.068527 0.000000
0.311171 0.014359 0.044956 0.000000
0.200531 -1.126236 -0.172780 1.000000
0.182008 -1.250430 -0.273437 1.000000
0.416177 0.094041 -0.000370 0.000000
0.265137 -0.399103 0.024440 0.000000
0.478211 -0.297741 0.104823 0.000000
0.340082 0.213116 0.010636 0.000000
0.393377 -0.056399 -0.071747 0.000000
0.229197 -0.737112 0.012467 0.000000
0.412360 -0.110451 0.089408 0.000000
0.199797 -1.136282 -0.174092 1.000000
0.231319 -0.802058 0.010657 0.000000
0.416973 0.076328 -0.004728 0.000000
0.421858 -0.164043 0.090783 0.000000
0.331621 -0.069632 -0.000957 0.000000
0.460162 -0.241810 0.097278 0.000000
0.340496 0.056639 0.052262 0.000000
0.218602 -0.971121 -0.045071 1.000000
0.290543 -0.172451 0.035973 0.000000
0.349785 0.434601 0.035456 0.000000
0.567036 -0.440000 0.123415 0.000000
0.179667 -1.181917 0.043807 0.000000
0.180207 -0.454374 0.031459 0.000000
0.419326 0.071696 -0.012122 0.000000
0.408696 -0.078071 -0.087125 0.000000
0.457971 -0.278173 0.106525 0.000000
0.177502 -1.087128 0.032062 0.000000
0.198098 -1.106594 0.017688 0.000000
