0.128677 -0.551248 0.030215 0.000000
0.383475 0.505266 0.049374 0.000000
0.157319 -1.380841 -0.393540 1.000000
0.779971 -0.176566 -0.105338 0.000000
0.105606 0.013571 -0.058932 0.000000
-0.078060 -1.056150 -0.020176 0.000000
0.504225 0.068964 0.190864 0.000000
0.691646 -0.528767 0.167688 0.000000
0.177999 -1.335808 0.063767 0.000000
0.009365 -0.302828 -0.256211 0.000000
0.423430 -0.139426 -0.114743 0.000000
0.234833 -0.890389 0.010219 0.000000
0.194104 -1.139242 -0.188749 1.000000
0.485387 -0.323699 0.110330 0.000000
0.328447 0.217842 0.003122 0.000000
0.241290 -0.314576 0.011776 0.000000
0.025254 -0.775169 0.028130 0.000000
0.308742 -0.008917 0.045177 0.000000
0.565772 0.015527 -0.022803 0.000000
0.179061 -1.110051 0.036668 0.000000
0.155253 -0.214282 -0.138444 0.000000
0.243066 -0.700517 0.010307 0.000000
0.428923 -0.145639 0.092856 0.000000
0.580669 -0.207976 -0.127547 0.000000
0.473639 0.144713 0.017507 0.000000
0.023928 -0.119853 -0.120443 0.000000
0.270307 -0.478209 0.015924 0.000000
0.213127 -1.016311 -0.086880 1.000000
0.176545 -1.260584 -0.285560 1.000000
0.200149 0.129417 -0.007921 0.000000
0.289899 -0.164675 0.026335 0.000000
0.328853 0.361446 0.059801 0.000000
-0.013287 -0.919574 -0.001516 0.000000
0.571148 -0.444792 0.134813 0.000000
0.650591 -0.100885 -0.057993 0.000000
0.200598 -0.096935 -0.065531 0.000000
0.428007 0.023510 -0.014076 0.000000
0.113580 -1.228092 0.035307 0.000000
0.420578 0.261335 0.080277 0.000000
0.515757 -0.104248 -0.038207 0.000000
0.091857 -0.670355 0.027709 0.000000
0.333528 0.098177 -0.005286 0.000000
0.202533 -0.998313 0.030753 0.000000
0.473499 -0.235608 -0.151758 0.000000
0.234834 0.024431 -0.033442 0.000000
0.248886 -0.588753 0.022437 0.000000
0.177281 -0.418958 0.018128 0.000000
0.468067 0.155637 0.125859 0.000000
0.079260 -1.363434 0.086313 0.000000
0.092185 -0.271731 -0.199753 0.000000
0.391956 -0.053878 -0.070025 0.000000
0.386737 -0.045364 0.088910 0.000000
0.222713 -0.795199 0.013494 0.000000
0.375206 -0.136548 -0.006889 0.000000
0.443418 -0.239115 0.100498 0.000000
0.397390 0.413059 0.043332 0.000000
0.190666 -1.193364 0.057536 0.000000
0.244947 0.200454 0.013524 0.000000
0.269025 -0.393999 0.027111 0.000000
0.395935 0.322951 0.028552 0.000000
0.393892 0.165016 0.007261 0.000000
0.182831 -1.321142 -0.342180 1.000000
0.320420 0.154846 0.055728 0.000000
0.286221 -0.246605 0.021551 0.000000
0.301479 0.285657 0.040302 0.000000
-0.110420 -1.129714 -0.035554 0.000000
0.193717 -1.086069 -0.126644 1.000000
0.180242 -1.268867 0.015994 0.000000
0.234251 -0.953924 -0.041505 1.000000
0.071562 -0.053088 -0.087112 0.000000
0.193129 -1.210832 -0.223578 1.000000
0.331621 -0.069632 -0.000957 0.000000
0.514366 0.072155 -0.001282 0.000000
0.467034 -0.045114 -0.018414 0.000000
0.155356 0.070453 -0.036132 0.000000
0.713095 -0.145690 -0.078199 0.000000
0.019511 -0.849881 0.007447 0.000000
0.107520 -1.304758 0.041362 0.000000
0.514880 -0.392649 0.132317 0.000000
0.334701 0.060250 0.065502 0.000000
-0.050033 -0.986130 -0.004566 0.000000
0.633071 -0.486370 0.146354 0.000000
0.399969 0.247666 0.009345 0.000000
0.601441 -0.046058 -0.046256 0.000000
0.414432 0.093390 0.008775 0.000000
0.183791 -0.159844 -0.098080 0.000000
0.262666 0.091245 -0.019565 0.000000
0.336145 0.451172 0.057874 0.000000
0.163921 -0.487774 0.035204 0.000000
0.554235 -0.162222 -0.080632 0.000000
0.361422 0.038258 -0.031719 0.000000
0.131493 -1.162438 0.030954 0.000000
0.530669 0.022969 0.233089 0.000000
0.300620 0.157162 -0.010401 0.000000
0.219402 -0.037871 -0.044208 0.000000
0.296473 -0.102600 0.041601 0.000000
0.101328 -0.608172 0.029071 0.000000
0.440758 0.203533 0.093794 0.000000
0.052208 -0.718563 0.028272 0.000000
0.441652 0.202971 0.021044 0.000000
0.213264 -0.368729 0.020564 0.000000
0.172836 -1.051438 0.018887 0.000000
0.393405 -0.102451 0.069604 0.000000
0.359646 0.005742 0.071764 0.000000
0.451379 -0.183511 -0.139588 0.000000
0.328561 0.233777 0.058646 0.000000
0.216300 -0.944325 0.017154 0.000000
0.259326 -0.533845 0.008180 0.000000
0.237627 -0.643911 0.013282 0.000000
0.323913 0.034429 0.010575 0.000000
0.341032 0.324119 0.016005 0.000000
0.344457 0.403319 0.028663 0.000000
0.129546 -1.196367 0.075758 0.000000
0.387635 -0.007462 -0.044071 0.000000
0.126212 -0.248817 -0.166315 0.000000
0.314077 0.103983 0.043938 0.000000
0.503894 -0.278404 -0.150249 0.000000
0.052289 -0.287907 -0.229961 0.000000
0.328497 -0.016798 -0.002602 0.000000
0.487350 0.105246 0.157708 0.000000
0.416636 -0.090965 -0.096030 0.000000
0.191670 -1.156519 0.021188 0.000000
0.153204 -1.287735 0.054795 0.000000
0.195515 -0.984967 -0.050901 1.000000
0.162575 -1.234177 0.050124 0.000000
0.340533 0.266665 0.015617 0.000000
0.217037 -0.844672 0.012672 0.000000
0.477296 -0.277494 0.096300 0.000000
0.422770 -0.194015 0.091143 0.000000
0.234964 -0.748286 0.018695 0.000000
0.273575 0.239758 0.015515 0.000000
0.302408 -0.055463 0.035765 0.000000
0.357728 -0.102367 0.021522 0.000000
0.342849 0.170980 0.006397 0.000000
0.094353 -1.318285 0.084637 0.000000
0.391043 0.297739 0.068160 0.000000
0.117591 -1.253467 0.074485 0.000000
0.273981 -0.346777 0.020590 0.000000
0.386173 0.459009 0.044089 0.000000
0.280495 -0.294996 0.025594 0.000000
0.220882 0.169267 -0.015116 0.000000
0.390895 0.368591 0.037133 0.000000
0.043612 -0.084793 -0.100978 0.000000
0.203490 -1.073464 0.042963 0.000000
0.337969 0.304836 0.056051 0.000000
0.485841 0.106505 -0.000869 0.000000
0.285469 -0.207009 0.039555 0.000000
0.188984 -1.216758 0.020284 0.000000
0.138580 0.030912 -0.037659 0.000000
0.266011 -0.435621 0.017567 0.000000
0.386981 0.206096 0.016921 0.000000
0.409752 0.282008 0.033443 0.000000
0.216735 -1.048158 -0.114292 1.000000
0.186748 -1.290050 -0.313989 1.000000
0.528747 0.032960 -0.013859 0.000000
-0.008633 -0.880585 0.012884 0.000000
0.196997 -0.947571 -0.019623 1.000000
-0.092927 -1.091949 -0.035086 0.000000
0.542006 -0.420605 0.118352 0.000000
0.323446 0.194707 0.046108 0.000000
0.213198 -1.037355 0.023806 0.000000
0.509489 -0.362599 0.105010 0.000000
0.483276 -0.080740 -0.030297 0.000000
0.201708 -0.910805 -0.001832 1.000000
0.450995 -0.008836 -0.005080 0.000000
0.189879 -1.178566 -0.197983 1.000000
0.283520 0.120989 -0.001790 0.000000
0.153312 -1.138459 0.054846 0.000000
0.407652 0.129682 -0.007310 0.000000
0.091669 -1.341077 0.034892 0.000000
0.348106 0.489146 0.062414 0.000000
0.365986 0.337685 0.050711 0.000000
0.086461 -0.020282 -0.069631 0.000000
-0.062129 -1.019324 -0.023203 0.000000
0.158651 -0.189450 -0.107001 0.000000
0.528461 -0.139155 -0.060975 0.000000
0.311503 0.030526 0.049460 0.000000
0.680854 -0.124500 -0.068345 0.000000
0.177779 0.102010 -0.027117 0.000000
0.132765 -0.508623 0.023051 0.000000
0.182341 -0.446924 0.045172 0.000000
0.746456 -0.162614 -0.090711 0.000000
0.031893 -0.811446 0.015288 0.000000
0.125367 -1.266901 0.037099 0.000000
0.184856 -1.264781 0.059345 0.000000
0.341804 0.364321 0.023276 0.000000
0.160127 -1.351145 -0.351780 1.000000
0.202430 -1.113945 -0.160758 1.000000
0.334569 0.410132 0.065284 0.000000
0.058209 -0.756147 0.022118 0.000000
0.366277 -0.030147 0.059788 0.000000
0.254674 0.052818 -0.016840 0.000000
0.602428 -0.463346 0.147731 0.000000
-0.035876 -0.950260 -0.004717 0.000000
0.573828 -0.020272 -0.033258 0.000000
0.166880 -1.316486 0.033491 0.000000
0.665963 -0.503015 0.158323 0.000000
0.424332 0.059484 -0.004645 0.000000
0.203665 -0.403312 0.039432 0.000000
0.624521 -0.074317 -0.055027 0.000000
0.335719 0.134971 0.000149 0.000000
0.232782 -0.344007 0.040302 0.000000
0.325085 0.063207 -0.013724 0.000000
0.229044 -0.987303 -0.066230 1.000000
0.425938 0.234602 0.032013 0.000000
0.238355 -0.928433 -0.015224 1.000000
0.142687 -1.204713 0.042992 0.000000
0.165053 -1.176801 0.038105 0.000000
0.334839 0.268226 0.051007 0.000000
0.308716 0.067837 0.042158 0.000000
0.011200 -0.151088 -0.131754 0.000000
0.130557 -0.585811 0.035429 0.000000
0.568701 -0.189591 -0.100296 0.000000
0.359548 0.434051 0.039053 0.000000
0.079281 -0.638178 0.028719 0.000000
0.311430 0.186998 0.003263 0.000000
0.518351 0.042422 0.207414 0.000000
0.148974 -1.104546 0.021429 0.000000
0.413766 -0.115323 0.093797 0.000000
0.401410 -0.077516 0.090957 0.000000
0.082558 -0.704023 0.028359 0.000000
0.349189 0.032161 0.053956 0.000000
0.233791 -0.009056 -0.033909 0.000000
0.204153 -0.065962 -0.055586 0.000000
0.138538 -1.165632 0.065132 0.000000
0.164670 -0.458926 0.020205 0.000000
0.334984 -0.042019 0.016775 0.000000
0.120016 -1.284296 0.063904 0.000000
0.192945 -1.240343 -0.266415 1.000000
0.452383 -0.206322 0.094368 0.000000
0.291475 -0.134162 0.038220 0.000000
0.262396 -0.507596 0.026424 0.000000
0.185830 -0.132451 -0.081641 0.000000
0.454311 0.178027 0.107583 0.000000
0.428041 0.230406 0.081940 0.000000
0.198564 -1.091791 0.017612 0.000000
0.354221 0.073868 -0.007782 0.000000
0.061499 -0.680521 0.029735 0.000000
0.475152 0.127386 0.138976 0.000000
0.457069 0.168826 0.006235 0.000000
0.121630 -1.332332 0.033653 0.000000
0.382978 -0.071577 0.066553 0.000000
0.132676 -1.228299 0.060484 0.000000
0.290833 0.265217 0.018742 0.000000
0.007181 -0.827366 0.024477 0.000000
0.171101 -1.081142 0.043553 0.000000
0.157260 -0.517343 0.040204 0.000000
0.318612 0.310189 0.032919 0.000000
0.450064 -0.269249 0.107509 0.000000
0.254961 -0.559138 0.025626 0.000000
0.253993 -0.618437 0.012750 0.000000
0.354394 0.469944 0.039861 0.000000
0.190800 -1.010740 -0.067201 1.000000
0.184302 -1.140100 0.045068 0.000000
0.266362 -0.267913 0.028300 0.000000
0.182437 -1.294569 0.059291 0.000000
0.240944 -0.672454 0.021362 0.000000
0.410209 -0.167180 0.084241 0.000000
0.467144 -0.206884 -0.148747 0.000000
0.444209 -0.156819 -0.129249 0.000000
0.118251 -1.190865 0.034051 0.000000
0.336010 0.078866 0.041805 0.000000
0.403726 0.190877 -0.002310 0.000000
0.216918 -0.972208 0.026053 0.000000
0.464969 -0.303138 0.114168 0.000000
0.327978 0.331669 0.050304 0.000000
0.162987 -1.354637 -0.382103 1.000000
0.344361 0.295854 0.022066 0.000000
0.489892 -0.350596 0.122731 0.000000
0.254602 -0.302576 0.035742 0.000000
0.102255 -0.579515 0.026592 0.000000
0.189053 -1.185138 0.022241 0.000000
0.218515 -0.912660 0.021237 0.000000
0.031439 -0.747756 0.029503 0.000000
0.324294 0.012137 -0.006496 0.000000
-0.004268 -0.854354 0.021449 0.000000
0.343281 0.238883 0.015195 0.000000
0.345027 -0.076895 0.022269 0.000000
0.333345 0.386964 0.050131 0.000000
0.169677 -1.205849 0.037126 0.000000
0.179763 -1.013466 0.027492 0.000000
0.190286 -1.183636 -0.226772 1.000000
0.193990 -0.390130 0.017358 0.000000
0.233268 -0.822537 0.011929 0.000000
0.370994 0.014072 -0.040359 0.000000
0.528152 -0.396274 0.108639 0.000000
0.425211 0.260791 0.024199 0.000000
0.197290 -1.064605 0.016468 0.000000
0.224470 -0.344692 0.014425 0.000000
0.322032 0.129812 0.041609 0.000000
0.268247 -0.318632 0.018765 0.000000
0.172512 -1.288145 0.034951 0.000000
0.185449 -1.130308 0.019459 0.000000
0.394142 -0.030323 -0.056811 0.000000
0.354225 -0.122465 0.002510 0.000000
0.208735 -1.083875 -0.148810 1.000000
0.206714 0.148523 -0.025620 0.000000
0.170395 -1.256886 0.037877 0.000000
0.197947 -1.221372 -0.248173 1.000000
0.466751 -0.251609 0.096269 0.000000
0.404689 -0.136239 0.079836 0.000000
0.214495 -0.873447 0.013850 0.000000
0.489517 -0.256129 -0.157714 0.000000
0.187574 -1.165305 0.053252 0.000000
0.141154 -0.234265 -0.148953 0.000000
0.104638 -0.647957 0.034247 0.000000
0.217654 -0.974301 -0.037386 1.000000
0.265171 -0.370928 0.014507 0.000000
0.032363 -0.298223 -0.243774 0.000000
0.112086 -0.259073 -0.185965 0.000000
0.047814 -0.783116 0.017336 0.000000
0.073092 -0.281149 -0.215472 0.000000
0.492062 0.085919 0.174769 0.000000
0.424392 -0.113508 -0.106848 0.000000
0.117318 0.036631 -0.055233 0.000000
0.235022 0.176732 0.008948 0.000000
0.389911 0.296011 0.024004 0.000000
0.187600 -1.044230 0.039038 0.000000
0.407983 -0.071775 -0.079925 0.000000
0.196414 -1.036140 -0.085919 1.000000
0.383116 0.317403 0.050404 0.000000
0.191924 -1.054656 -0.111157 1.000000
0.201994 -1.140168 -0.164256 1.000000
0.261363 0.220338 0.003852 0.000000
0.238589 -0.723359 0.023447 0.000000
0.211638 0.150739 0.000403 0.000000
0.259879 -0.292515 0.010612 0.000000
0.429307 -0.218173 0.095239 0.000000
0.390143 0.270358 0.022462 0.000000
0.450591 -0.026572 -0.023546 0.000000
0.234384 -0.771517 0.008792 0.000000
0.362957 0.359792 0.039094 0.000000
0.200724 -1.098441 0.042464 0.000000
0.404263 0.215571 0.000239 0.000000
0.340979 0.196557 0.005599 0.000000
0.299283 -0.031818 0.044528 0.000000
0.185296 -1.226892 0.056620 0.000000
0.297221 -0.079696 0.032441 0.000000
0.275600 0.097699 0.000422 0.000000
0.283715 0.249712 0.036318 0.000000
0.413091 0.085247 -0.014272 0.000000
0.277971 -0.185796 0.029158 0.000000
0.366556 0.053324 -0.012433 0.000000
0.225993 -0.910204 -0.002844 1.000000
0.144150 -0.484198 0.021634 0.000000
0.257441 -0.458326 0.021005 0.000000
0.386173 0.434838 0.042994 0.000000
0.212802 -0.929308 -0.012499 1.000000
0.324355 0.087696 0.060906 0.000000
0.372290 -0.021093 0.081248 0.000000
0.433107 -0.172957 0.096278 0.000000
0.141942 -1.180514 0.042924 0.000000
0.169477 0.079120 -0.018935 0.000000
0.189990 0.122498 -0.028213 0.000000
0.243069 -0.323253 0.034255 0.000000
0.064360 -0.075648 -0.094286 0.000000
0.212734 -0.380992 0.040756 0.000000
0.352124 0.382287 0.036692 0.000000
0.357057 0.008950 0.048644 0.000000
0.153850 -1.155408 0.032405 0.000000
0.120038 -0.621009 0.034936 0.000000
0.403540 0.277980 0.066765 0.000000
0.530500 0.054583 -0.005149 0.000000
0.552660 -0.430665 0.136768 0.000000
0.382957 0.482355 0.044969 0.000000
0.274209 -0.222816 0.026620 0.000000
0.251899 0.029679 -0.017529 0.000000
0.394563 0.345580 0.033897 0.000000
0.499567 -0.340406 0.102765 0.000000
0.473849 0.126141 0.001687 0.000000
0.453180 0.183548 0.026079 0.000000
0.204139 -1.118565 -0.186294 1.000000
0.040751 -0.103843 -0.113724 0.000000
0.377258 -0.049174 0.066923 0.000000
-0.031806 -0.935801 0.012771 0.000000
0.330110 0.056508 0.007754 0.000000
0.483457 -0.301719 0.100492 0.000000
0.496987 0.087985 -0.008720 0.000000
0.198198 -1.016574 0.014137 0.000000
0.070640 -0.659489 0.028935 0.000000
0.161315 -1.324434 -0.335225 1.000000
0.108988 -0.008980 -0.059272 0.000000
-0.069451 -1.036480 -0.010100 0.000000
0.109488 -1.250463 0.036457 0.000000
0.323839 0.037938 -0.011904 0.000000
0.396003 0.390709 0.035950 0.000000
0.515743 -0.123974 -0.049417 0.000000
0.302328 0.148241 0.010351 0.000000
0.411348 0.107424 -0.009092 0.000000
0.194959 -0.424030 0.041947 0.000000
-0.003560 -0.898864 0.000626 0.000000
0.163306 0.093021 -0.041903 0.000000
0.135702 -1.224146 0.033682 0.000000
0.386915 0.228614 0.017274 0.000000
0.401277 0.143951 0.009853 0.000000
0.342793 0.427626 0.053847 0.000000
0.137863 -0.529185 0.030444 0.000000
0.342994 0.342696 0.029100 0.000000
0.218623 -0.948204 -0.026483 1.000000
-0.085050 -1.077400 -0.018817 0.000000
0.433755 0.040081 0.001320 0.000000
0.211430 -1.002178 -0.067941 1.000000
0.196720 -0.972524 -0.029870 1.000000
0.340953 -0.094597 0.009078 0.000000
0.165794 -1.200133 0.058158 0.000000
0.195928 -1.265324 -0.276062 1.000000
0.172221 -1.280431 -0.300442 1.000000
0.314975 0.174903 0.041313 0.000000
0.008219 -0.879672 -0.001300 0.000000
0.254960 -0.574098 0.007136 0.000000
0.308420 0.304029 0.051445 0.000000
0.176029 -0.439734 0.025199 0.000000
-0.058591 -1.008479 -0.004449 0.000000
0.167512 -1.089021 0.023385 0.000000
-0.018391 -0.899804 0.016979 0.000000
0.322405 0.216529 0.044618 0.000000
0.170395 -1.231208 0.029903 0.000000
0.241665 0.192157 -0.006421 0.000000
0.178018 -0.177468 -0.109610 0.000000
0.200072 -1.113544 0.017942 0.000000
0.333054 0.077991 0.002951 0.000000
0.260968 0.224531 0.025191 0.000000
0.270455 -0.414738 0.013490 0.000000
0.506109 -0.374891 0.123488 0.000000
0.207999 -0.893816 0.010428 0.000000
0.494569 -0.099848 -0.038653 0.000000
0.305167 0.011925 0.040416 0.000000
0.502606 0.099015 0.010472 0.000000
0.440605 0.006436 -0.017516 0.000000
0.149933 -0.205558 -0.118192 0.000000
0.140557 0.051693 -0.042586 0.000000
0.032589 -0.832045 0.009365 0.000000
0.437848 0.225569 0.100229 0.000000
0.301174 -0.153667 0.040626 0.000000
0.662761 -0.113214 -0.070218 0.000000
-0.099712 -1.112061 -0.030848 0.000000
0.592032 -0.027183 -0.041512 0.000000
0.342808 0.051567 0.048100 0.000000
0.527602 -0.409371 0.131184 0.000000
0.085416 -0.041271 -0.076662 0.000000
0.195628 -1.200057 -0.241385 1.000000
0.478934 -0.062867 -0.020251 0.000000
0.263556 -0.498499 0.007626 0.000000
0.124054 0.017595 -0.050084 0.000000
0.251630 -0.525839 0.025737 0.000000
0.699329 -0.134477 -0.067539 0.000000
0.214688 -0.083621 -0.057750 0.000000
0.121374 -1.252212 0.054223 0.000000
0.274385 0.108426 -0.017100 0.000000
0.222189 -0.361621 0.039670 0.000000
0.229984 -0.970702 -0.054203 1.000000
0.216113 -0.013617 -0.043273 0.000000
0.363016 -0.009616 0.054955 0.000000
0.128865 -1.243853 0.036938 0.000000
0.319861 0.251642 0.053718 0.000000
0.545634 0.018413 -0.020629 0.000000
0.587942 -0.457298 0.134615 0.000000
0.179620 -1.315885 0.067986 0.000000
0.329263 0.288808 0.046886 0.000000
0.318016 0.049686 0.041653 0.000000
0.173138 -1.156691 0.041122 0.000000
0.207129 -1.028543 0.041110 0.000000
0.408280 0.155210 -0.005570 0.000000
0.560400 -0.003596 -0.027110 0.000000
0.242123 0.044100 -0.030225 0.000000
0.325512 0.000569 0.010154 0.000000
0.376579 0.026715 -0.024683 0.000000
0.353999 0.024773 0.075979 0.000000
0.152490 -0.503990 0.025710 0.000000
0.062462 -0.736418 0.024017 0.000000
0.186335 -1.068286 0.033520 0.000000
0.283309 -0.273256 0.018624 0.000000
0.346627 0.466507 0.065769 0.000000
0.140559 -1.152525 0.048013 0.000000
0.391679 0.186503 0.013253 0.000000
0.543872 -0.148307 -0.070078 0.000000
0.648660 -0.491411 0.157955 0.000000
0.191889 -1.115803 0.050981 0.000000
0.212495 -1.032863 -0.098151 1.000000
0.120270 -0.569176 0.027166 0.000000
0.403790 -0.097565 0.086024 0.000000
0.172934 -0.146629 -0.087930 0.000000
0.171070 -1.334579 -0.351765 1.000000
0.287220 0.268965 0.039548 0.000000
-0.043292 -0.968034 -0.000210 0.000000
0.118136 -0.538621 0.019241 0.000000
0.174184 -1.301099 -0.324486 1.000000
0.095753 -0.627093 0.028904 0.000000
0.609578 -0.064655 -0.046529 0.000000
0.166017 -1.061494 0.034368 0.000000
0.306041 0.168783 0.008370 0.000000
0.195397 -0.409654 0.019223 0.000000
0.157914 -1.099377 0.038147 0.000000
0.614639 -0.476778 0.140246 0.000000
0.236542 -0.032417 -0.036360 0.000000
0.431769 0.223352 0.017038 0.000000
0.416007 0.073943 0.006783 0.000000
0.053794 -0.699062 0.029534 0.000000
0.197717 -1.157558 -0.194696 1.000000
0.180024 -1.245676 0.055207 0.000000
0.029811 -0.792999 0.021555 0.000000
0.259031 0.072227 -0.017237 0.000000
0.730530 -0.153753 -0.083864 0.000000
0.638241 -0.086823 -0.049204 0.000000
0.403999 0.121503 0.009916 0.000000
0.333349 0.154228 0.000257 0.000000
0.442651 -0.189505 0.093231 0.000000
0.172382 -0.471590 0.041531 0.000000
0.326773 -0.037365 -0.000004 0.000000
0.357679 0.489605 0.045720 0.000000
0.144416 -0.557036 0.039639 0.000000
0.291801 -0.199545 0.023028 0.000000
0.211052 -1.074907 -0.131994 1.000000
-0.082966 -1.067513 -0.035138 0.000000
0.241813 -0.606578 0.022772 0.000000
0.462224 -0.283961 0.108051 0.000000
0.183865 -1.184062 0.040576 0.000000
0.205660 -1.054619 0.030398 0.000000
0.245123 -0.543459 0.021205 0.000000
0.041466 -0.766282 0.023468 0.000000
0.143396 -1.192125 0.057893 0.000000
0.357045 0.415406 0.036103 0.000000
0.214068 -0.983318 -0.054485 1.000000
0.141967 -0.225950 -0.131671 0.000000
0.404841 0.306600 0.031957 0.000000
0.157754 -1.215903 0.049489 0.000000
0.196595 -1.124239 0.034731 0.000000
-0.022839 -0.936425 -0.003847 0.000000
0.189999 -1.045425 0.013781 0.000000
0.338726 0.116199 -0.003074 0.000000
0.255857 -0.554536 0.007335 0.000000
0.226351 -0.859961 0.019639 0.000000
0.241590 -0.660860 0.006025 0.000000
0.247520 -0.631574 0.024623 0.000000
0.114357 -0.594323 0.031108 0.000000
0.330483 -0.023543 0.014815 0.000000
0.178718 -1.169879 0.027242 0.000000
0.337497 -0.060848 0.016128 0.000000
0.340117 0.346501 0.058709 0.000000
0.400963 -0.117908 0.078797 0.000000
0.347895 0.451649 0.043319 0.000000
0.419573 0.244356 0.072484 0.000000
0.317438 0.085824 0.041184 0.000000
-0.071576 -1.040979 -0.028888 0.000000
0.388551 -0.063260 0.082289 0.000000
0.678504 -0.515928 0.164661 0.000000
0.237706 -0.943484 -0.026111 1.000000
0.162309 -1.370887 -0.373175 1.000000
0.080393 -0.684925 0.027978 0.000000
0.236427 -0.717256 0.006035 0.000000
0.762170 -0.169505 -0.097645 0.000000
0.192541 -1.094596 -0.143010 1.000000
0.298726 -0.118529 0.031543 0.000000
0.177295 -1.242778 -0.275899 1.000000
0.183261 -1.092262 0.032369 0.000000
0.183873 -1.218860 0.037842 0.000000
0.461490 0.150330 0.004951 0.000000
0.172396 -1.126627 0.040824 0.000000
0.321694 0.201905 0.009119 0.000000
0.172157 -1.277923 0.060409 0.000000
0.266339 -0.283838 0.037294 0.000000
0.167160 -0.167262 -0.096622 0.000000
0.289944 0.137993 -0.002687 0.000000
0.264101 -0.421488 0.029144 0.000000
0.217945 -0.056367 -0.048697 0.000000
0.207155 -0.986540 0.017765 0.000000
0.071681 -0.718129 0.025151 0.000000
0.560769 -0.176237 -0.090007 0.000000
0.292991 -0.143948 0.023095 0.000000
0.252868 -0.478970 0.020346 0.000000
0.020664 -0.136587 -0.126901 0.000000
0.172329 -1.175984 0.054439 0.000000
0.392110 0.300250 0.050474 0.000000
0.156021 -1.157264 0.055675 0.000000
0.172882 -1.191679 0.026716 0.000000
0.453503 0.195444 0.103738 0.000000
0.325502 0.184066 0.060290 0.000000
0.262886 -0.516145 0.009888 0.000000
0.194520 -0.079932 -0.060828 0.000000
0.345316 0.085616 -0.017654 0.000000
0.040984 -0.732253 0.029307 0.000000
0.344925 0.399843 0.053921 0.000000
0.391564 -0.083015 0.077290 0.000000
0.233964 -0.783697 0.021624 0.000000
0.195865 -1.016666 0.034453 0.000000
0.560955 -0.440189 0.121149 0.000000
0.299110 0.279968 0.023732 0.000000
0.182086 -1.030755 0.024934 0.000000
0.576578 -0.197645 -0.113859 0.000000
0.316094 0.148229 0.039977 0.000000
0.518252 -0.377872 0.105654 0.000000
0.068780 -0.035928 -0.078881 0.000000
0.250478 -0.595951 0.006480 0.000000
0.519439 0.029874 0.219656 0.000000
0.437605 -0.175580 -0.132160 0.000000
0.369416 -0.126246 0.010351 0.000000
0.088255 -0.653370 0.028766 0.000000
0.446595 0.186878 0.010382 0.000000
0.211471 -1.011722 0.024111 0.000000
0.092380 -0.594059 0.024630 0.000000
0.271695 0.081622 -0.008412 0.000000
0.190422 0.113418 -0.013526 0.000000
0.508706 0.054870 0.199752 0.000000
0.356637 0.056100 -0.026270 0.000000
0.295848 -0.180603 0.029220 0.000000
0.445974 -0.222088 0.096854 0.000000
0.241829 0.010227 -0.026824 0.000000
0.218382 -0.811712 0.012544 0.000000
0.235219 -0.688560 0.021126 0.000000
0.426450 -0.153234 -0.124338 0.000000
0.235107 -0.332781 0.022558 0.000000
0.261666 -0.335025 0.021372 0.000000
0.543188 0.040865 -0.009556 0.000000
0.190513 -0.147293 -0.088821 0.000000
0.331269 0.096246 0.047983 0.000000
0.288719 -0.228874 0.032997 0.000000
0.327539 0.169676 0.051351 0.000000
0.186366 -1.202519 0.034287 0.000000
0.411424 -0.150329 0.086301 0.000000
0.160596 -1.301727 0.038804 0.000000
0.145949 -1.231313 0.050015 0.000000
0.231990 -0.838646 0.017586 0.000000
0.223350 -0.929116 0.018647 0.000000
0.310990 -0.044216 0.044868 0.000000
0.428411 0.043302 -0.014294 0.000000
0.228481 -0.733987 0.012742 0.000000
0.279654 0.124349 -0.017851 0.000000
0.334032 0.378594 0.064657 0.000000
0.316830 0.318534 0.050838 0.000000
0.198475 -1.140358 0.022705 0.000000
0.191664 -1.127891 -0.168903 1.000000
0.171795 -1.042883 0.033825 0.000000
0.102288 -0.024984 -0.067169 0.000000
0.271324 -0.248855 0.028663 0.000000
0.188319 -1.277314 -0.303091 1.000000
0.151337 -0.469349 0.019924 0.000000
0.191744 -1.225093 -0.231912 1.000000
0.173103 -1.298397 0.022009 0.000000
-0.023390 -0.915682 0.010960 0.000000
0.321573 0.103946 0.060366 0.000000
0.192702 -1.020096 -0.084997 1.000000
0.458218 -0.233352 0.096068 0.000000
0.386941 0.254222 0.021749 0.000000
0.465467 -0.267140 0.102084 0.000000
0.400089 0.283679 0.020130 0.000000
0.199558 -1.171107 -0.208940 1.000000
0.262703 -0.541191 0.022453 0.000000
0.467937 0.140041 0.130923 0.000000
0.180556 -1.207197 0.057179 0.000000
0.478898 -0.220671 -0.147751 0.000000
-0.056652 -1.003239 -0.019829 0.000000
0.439926 -0.254628 0.104343 0.000000
0.409110 -0.105408 -0.097444 0.000000
0.342197 0.045733 0.065860 0.000000
0.309736 -0.021881 0.035309 0.000000
0.376566 -0.036404 0.077548 0.000000
0.333427 0.252053 0.014319 0.000000
0.002602 -0.869054 0.010394 0.000000
0.419556 -0.130053 0.089956 0.000000
0.330748 -0.052866 0.003639 0.000000
0.223261 0.167573 0.000905 0.000000
0.453580 -0.199064 -0.143826 0.000000
0.204092 -1.045485 -0.104407 1.000000
0.365479 -0.009898 0.071669 0.000000
0.232574 0.179062 -0.009566 0.000000
0.347805 0.311243 0.025762 0.000000
0.217400 -0.828550 0.013899 0.000000
-0.039664 -0.979723 -0.015190 0.000000
0.205149 -0.390517 0.029679 0.000000
0.134636 -0.569588 0.034540 0.000000
0.175128 -0.455716 0.033707 0.000000
0.244417 -0.656444 0.021276 0.000000
0.249485 -0.634280 0.008276 0.000000
0.348271 -0.109088 0.009140 0.000000
0.304391 -0.066908 0.046857 0.000000
0.424769 -0.161741 0.088287 0.000000
0.268184 -0.281997 0.019458 0.000000
0.436735 -0.140091 -0.123684 0.000000
0.327252 0.207940 0.057235 0.000000
0.197102 -1.035244 0.029806 0.000000
0.506420 0.078138 0.177975 0.000000
0.625356 -0.475257 0.154825 0.000000
0.399187 0.229273 0.006628 0.000000
0.332194 0.072961 0.056106 0.000000
0.191759 -1.249683 -0.279246 1.000000
0.424388 0.243712 0.019065 0.000000
0.335188 0.284139 0.016436 0.000000
0.335559 0.251741 0.056280 0.000000
0.381144 -0.021521 -0.054578 0.000000
0.020229 -0.822169 0.015745 0.000000
0.201360 -1.075934 0.027452 0.000000
0.463918 0.166512 0.115125 0.000000
0.342295 0.362655 0.051537 0.000000
0.205755 -1.093593 -0.134368 1.000000
0.540797 -0.420234 0.136407 0.000000
0.252305 -0.305857 0.019003 0.000000
0.241761 -0.682823 0.007968 0.000000
0.170694 -1.258324 0.056863 0.000000
0.463536 0.159942 0.017528 0.000000
0.084994 -1.348814 0.085688 0.000000
0.188650 -1.154978 0.039365 0.000000
0.254399 0.213374 0.016310 0.000000
0.331683 0.219328 0.018399 0.000000
0.094589 -0.005721 -0.064524 0.000000
0.433622 0.216686 0.087028 0.000000
0.102024 -1.329972 0.038725 0.000000
0.317028 0.117435 0.051389 0.000000
0.194315 -1.192766 -0.214729 1.000000
0.496617 -0.321395 0.099711 0.000000
0.236183 -0.765353 0.023032 0.000000
0.010713 -0.840637 0.016436 0.000000
0.128937 -1.202203 0.033190 0.000000
0.163270 -0.203603 -0.126045 0.000000
0.272670 -0.307886 0.029573 0.000000
0.187107 -0.426063 0.027929 0.000000
0.223747 -1.007995 -0.075501 1.000000
0.182345 -1.196689 -0.229781 1.000000
0.354454 0.018358 0.060767 0.000000
0.270907 -0.393826 0.011665 0.000000
0.435140 -0.203045 0.094567 0.000000
0.306269 -0.091165 0.045271 0.000000
0.171266 -1.290290 -0.313573 1.000000
0.151510 0.081313 -0.046472 0.000000
0.508464 0.086078 0.004324 0.000000
0.208944 -1.053300 0.015345 0.000000
0.139826 -1.216790 0.053048 0.000000
0.418678 -0.179298 0.088975 0.000000
0.403907 0.175467 -0.002090 0.000000
0.414478 0.271717 0.022477 0.000000
0.239093 -0.623891 0.012912 0.000000
0.340957 0.225654 0.007711 0.000000
0.308449 0.298978 0.035372 0.000000
0.516618 -0.385548 0.118812 0.000000
0.276540 -0.331443 0.022125 0.000000
0.176587 -1.154778 0.026064 0.000000
0.206210 -1.060012 -0.112221 1.000000
0.194933 -1.102885 0.027619 0.000000
0.208283 -1.128345 -0.171590 1.000000
0.579989 -0.034221 -0.035323 0.000000
0.500283 -0.360818 0.118222 0.000000
0.383458 0.008021 -0.034079 0.000000
0.257524 -0.401698 0.020804 0.000000
0.225115 -0.935417 -0.019002 1.000000
0.333429 0.410558 0.050127 0.000000
0.253080 -0.494040 0.022315 0.000000
0.069332 -0.695242 0.026643 0.000000
0.267807 -0.447549 0.026788 0.000000
0.152756 -1.168499 0.041299 0.000000
0.163181 -0.472260 0.028881 0.000000
0.042475 -0.797857 0.014857 0.000000
0.249069 -0.572744 0.020995 0.000000
0.323305 0.017611 0.007548 0.000000
0.224502 -0.354571 0.026525 0.000000
0.144722 -0.515757 0.031038 0.000000
0.419326 0.071696 -0.012122 0.000000
0.058220 -0.062803 -0.089351 0.000000
0.209401 -0.962635 -0.032618 1.000000
0.227426 -0.758219 0.010257 0.000000
0.160565 -1.194992 0.045011 0.000000
0.613716 -0.048045 -0.054731 0.000000
0.300906 -0.095665 0.029007 0.000000
0.166928 -1.356322 -0.367716 1.000000
0.478709 -0.309118 0.113275 0.000000
0.503049 -0.090858 -0.030153 0.000000
0.135968 -1.206603 0.066888 0.000000
0.406428 -0.055486 -0.073581 0.000000
0.172289 -1.220160 0.053435 0.000000
0.346529 0.425725 0.038782 0.000000
0.251906 -0.506818 0.014645 0.000000
0.189729 -1.002007 0.023991 0.000000
0.270735 -0.463187 0.016263 0.000000
0.240044 -0.702401 0.024801 0.000000
0.375856 0.001011 -0.047564 0.000000
0.347147 0.441690 0.061289 0.000000
0.324976 0.141721 0.050287 0.000000
0.239480 -0.919417 -0.003418 1.000000
0.334407 0.319236 0.057270 0.000000
0.230867 -0.807863 0.019673 0.000000
0.482366 0.126496 0.013863 0.000000
0.641568 -0.090783 -0.064108 0.000000
0.201610 -1.000011 0.014965 0.000000
0.324462 -0.002651 -0.005389 0.000000
0.326136 0.238602 0.044850 0.000000
0.280365 -0.260045 0.032185 0.000000
0.258652 -0.384130 0.023377 0.000000
0.269389 -0.362463 0.025865 0.000000
0.220528 -0.886834 0.014627 0.000000
0.185516 -1.141431 0.029564 0.000000
0.191227 -1.055276 0.027693 0.000000
0.495108 0.111630 0.011107 0.000000
0.132942 -1.147830 0.031166 0.000000
0.045772 -0.745672 0.025827 0.000000
0.464627 -0.223383 -0.149773 0.000000
0.573609 0.004289 -0.027950 0.000000
0.533168 -0.407550 0.117776 0.000000
0.365564 0.345450 0.037974 0.000000
0.204637 -1.013104 -0.074866 1.000000
0.307715 0.032554 0.035509 0.000000
0.346074 0.089497 -0.003626 0.000000
0.288764 -0.192697 0.036093 0.000000
0.429701 -0.126316 -0.114201 0.000000
0.144960 0.067205 -0.045753 0.000000
0.389266 0.282821 0.030069 0.000000
0.129885 0.044169 -0.048962 0.000000
0.447357 -0.010570 -0.019040 0.000000
0.186067 -1.113074 0.022335 0.000000
0.337990 -0.078997 0.008093 0.000000
0.458417 -0.023092 -0.011864 0.000000
0.214386 -0.958309 0.020359 0.000000
0.412635 0.259176 0.031180 0.000000
0.177212 -1.194457 0.048132 0.000000
0.370158 0.438664 0.030372 0.000000
0.270336 -0.448267 0.012044 0.000000
0.211631 -1.036729 -0.084258 1.000000
0.271052 0.231962 0.003631 0.000000
0.191072 -1.199885 0.020897 0.000000
0.221252 -0.960170 -0.040906 1.000000
0.489377 -0.338293 0.115212 0.000000
0.503493 -0.110784 -0.042081 0.000000
0.204585 -1.037631 0.012246 0.000000
0.038458 -0.117119 -0.118839 0.000000
0.285720 -0.176257 0.038477 0.000000
0.352851 0.446679 0.030820 0.000000
0.225409 -0.023879 -0.039586 0.000000
0.287730 -0.218205 0.023493 0.000000
0.220619 -0.901034 0.013006 0.000000
0.163876 0.081691 -0.031823 0.000000
0.397119 0.199970 0.006493 0.000000
0.192315 -0.107413 -0.070557 0.000000
0.254172 -0.445681 0.015278 0.000000
0.338658 0.064931 0.043261 0.000000
0.531598 -0.154259 -0.065948 0.000000
0.114808 -1.239570 0.075936 0.000000
0.352497 0.356229 0.028079 0.000000
0.143052 -1.168954 0.051711 0.000000
0.125182 -1.277908 0.046063 0.000000
0.204363 -0.976366 -0.041876 1.000000
0.225514 -0.865236 0.006517 0.000000
0.081320 -0.624196 0.027716 0.000000
0.311276 0.172911 -0.004055 0.000000
0.101295 -0.267569 -0.189831 0.000000
0.203924 -1.146893 -0.182132 1.000000
0.391183 0.309804 0.026619 0.000000
0.258296 -0.293901 0.024548 0.000000
0.325622 0.046208 -0.000713 0.000000
0.225826 -0.922131 -0.010205 1.000000
0.329222 0.084441 -0.008873 0.000000
0.330161 0.346622 0.048891 0.000000
0.397891 0.260758 0.013735 0.000000
0.239433 -0.905461 -0.003773 1.000000
0.446312 0.005816 -0.004798 0.000000
0.403890 -0.091096 -0.090352 0.000000
0.198578 -1.085396 0.037673 0.000000
0.196651 -1.197750 -0.227674 1.000000
0.325514 0.110744 0.039732 0.000000
0.266544 -0.490939 0.020574 0.000000
0.586155 -0.015173 -0.037209 0.000000
0.029242 -0.111380 -0.110146 0.000000
0.173514 -1.243512 0.035689 0.000000
0.545011 -0.432404 0.125294 0.000000
0.352921 -0.089574 0.023911 0.000000
0.138106 -0.240192 -0.161101 0.000000
0.580078 -0.449025 0.144514 0.000000
0.213820 0.149314 -0.013773 0.000000
0.369106 0.037637 -0.020256 0.000000
0.396396 -0.041833 -0.064107 0.000000
0.336700 0.208507 0.010996 0.000000
0.474286 -0.289130 0.103834 0.000000
0.054406 -0.768572 0.017530 0.000000
0.187450 -1.178378 0.057596 0.000000
0.100738 -0.661134 0.033393 0.000000
0.324995 0.027328 -0.002054 0.000000
0.209272 -0.941261 -0.019178 1.000000
0.205008 -1.025241 0.024672 0.000000
0.351305 0.395903 0.038226 0.000000
0.155883 -1.126619 0.048415 0.000000
0.389612 0.401778 0.043201 0.000000
0.384476 0.306593 0.059921 0.000000
0.078024 -0.671012 0.029041 0.000000
0.217671 -1.032322 -0.110803 1.000000
0.114619 -0.607822 0.033260 0.000000
0.064325 -0.288138 -0.223499 0.000000
0.204817 -0.375752 0.012442 0.000000
0.336029 0.183991 0.007506 0.000000
0.236442 0.190252 0.007885 0.000000
0.369402 0.028418 -0.036744 0.000000
0.277736 -0.235965 0.026433 0.000000
0.417847 0.084560 -0.001507 0.000000
0.244195 -0.582646 0.011250 0.000000
0.455757 -0.255741 0.103060 0.000000
0.168477 -1.219628 0.040429 0.000000
0.306044 -0.068442 0.033482 0.000000
0.128755 0.030078 -0.047716 0.000000
0.213692 -0.905364 0.001341 1.000000
0.260670 -0.349062 0.019693 0.000000
0.225129 -0.782067 0.011274 0.000000
0.193723 -0.413413 0.032105 0.000000
0.362886 -0.131867 -0.001901 0.000000
-0.047340 -0.992724 -0.016054 0.000000
0.150160 -0.225058 -0.144851 0.000000
0.496078 -0.267848 -0.153426 0.000000
0.413328 -0.120421 -0.103326 0.000000
0.278384 -0.204130 0.028419 0.000000
0.524508 -0.398273 0.122323 0.000000
0.206771 -1.041801 0.036501 0.000000
0.346673 0.279256 0.021450 0.000000
0.093619 -0.683211 0.031205 0.000000
0.389352 0.242055 0.016579 0.000000
0.528292 -0.126005 -0.053768 0.000000
0.187450 -0.435083 0.040540 0.000000
-0.087027 -1.080028 -0.032472 0.000000
0.500370 0.075509 -0.005096 0.000000
0.315506 0.184062 0.051331 0.000000
0.407027 0.293555 0.027204 0.000000
0.209463 -0.046046 -0.049598 0.000000
0.019944 -0.300947 -0.247970 0.000000
0.492884 0.095492 0.164997 0.000000
0.157716 -1.147027 0.042058 0.000000
0.129083 -1.247469 0.064033 0.000000
0.392530 0.217275 0.012230 0.000000
0.276582 -0.260879 0.019429 0.000000
0.127695 -0.537815 0.028469 0.000000
0.051514 -0.074026 -0.097352 0.000000
0.267486 -0.407756 0.027202 0.000000
0.197227 -1.073244 -0.126410 1.000000
0.176804 -1.081099 0.029145 0.000000
0.118194 -0.258038 -0.174220 0.000000
0.158060 -0.501417 0.037472 0.000000
0.386939 0.421180 0.042512 0.000000
0.483132 -0.244713 -0.151927 0.000000
0.331292 0.399001 0.056250 0.000000
0.165242 -0.178312 -0.104236 0.000000
0.340490 0.375670 0.050070 0.000000
0.172360 -1.306815 0.061677 0.000000
0.396701 -0.066326 -0.075789 0.000000
0.213803 -0.918021 -0.005801 1.000000
0.489181 -0.071104 -0.019922 0.000000
0.328569 0.281436 0.057740 0.000000
0.343497 0.476305 0.057626 0.000000
0.153468 -0.491055 0.028009 0.000000
-0.033049 -0.962143 -0.009441 0.000000
0.359317 -0.114375 0.013777 0.000000
0.278032 -0.272700 0.034582 0.000000
0.082781 -0.276062 -0.207754 0.000000
0.446229 0.215355 0.094905 0.000000
0.324991 0.066657 -0.001134 0.000000
0.249869 -0.647821 0.011024 0.000000
0.438779 0.017502 -0.009832 0.000000
0.215885 -0.857871 0.012153 0.000000
0.447060 -0.167543 -0.136126 0.000000
0.495869 0.070508 0.178104 0.000000
0.347586 0.369360 0.033792 0.000000
0.183867 -1.127370 0.034728 0.000000
0.141124 -0.496692 0.023624 0.000000
0.552929 0.006618 -0.024121 0.000000
0.387127 -0.091211 0.067800 0.000000
0.272365 0.226940 0.017305 0.000000
0.178753 -1.170440 0.040225 0.000000
0.314405 0.000633 0.038426 0.000000
0.300025 0.158657 0.002971 0.000000
0.518713 0.058786 -0.008473 0.000000
0.204581 0.139713 -0.014393 0.000000
0.142474 -1.161236 0.038310 0.000000
0.241774 -0.740569 0.010862 0.000000
0.604625 -0.469555 0.136393 0.000000
0.036007 -0.780502 0.021904 0.000000
0.190906 -1.151590 -0.185475 1.000000
0.358876 0.458763 0.044524 0.000000
0.172559 -1.329218 -0.339400 1.000000
0.113824 0.024257 -0.056359 0.000000
0.229724 -0.803944 0.007106 0.000000
0.151541 -1.222592 0.040375 0.000000
0.117332 0.007201 -0.053711 0.000000
0.231346 0.010757 -0.034310 0.000000
0.133078 -1.185815 0.069249 0.000000
0.312217 0.017657 0.049617 0.000000
0.440816 0.214547 0.014432 0.000000
0.139010 -0.544462 0.033824 0.000000
0.213588 -0.026514 -0.045821 0.000000
0.218606 -0.373604 0.032020 0.000000
0.111917 -0.559900 0.024101 0.000000
0.406434 0.142366 -0.005776 0.000000
0.042859 -0.292053 -0.237591 0.000000
0.092843 -0.641523 0.030245 0.000000
0.316675 0.060453 0.048916 0.000000
0.348119 0.032987 0.068149 0.000000
0.173374 -1.052397 0.042195 0.000000
0.173568 -1.100413 0.030360 0.000000
0.341913 0.306295 0.015159 0.000000
0.159543 -1.111685 0.021375 0.000000
0.005197 -0.853243 0.012995 0.000000
0.277479 0.109304 -0.004779 0.000000
0.256430 -0.421345 0.018985 0.000000
0.261035 0.082382 -0.028547 0.000000
-0.030353 -0.925976 0.004838 0.000000
0.249341 -0.617522 0.024541 0.000000
0.201438 -1.087553 0.049859 0.000000
0.269369 -0.298926 0.020888 0.000000
0.255491 -0.468342 0.013460 0.000000
0.632577 -0.079939 -0.063055 0.000000
0.468754 -0.057000 -0.025032 0.000000
0.408239 0.118031 -0.001523 0.000000
-0.064490 -1.019678 -0.003989 0.000000
0.497540 -0.349125 0.112745 0.000000
0.690104 -0.127873 -0.076269 0.000000
0.148786 -0.526794 0.036299 0.000000
0.199171 -1.134595 -0.178165 1.000000
0.414665 0.258196 0.069644 0.000000
0.270699 0.097173 -0.011955 0.000000
0.317916 0.162725 0.040585 0.000000
0.184103 -0.446367 0.032147 0.000000
0.331199 0.222622 0.053549 0.000000
0.326693 0.153078 0.045010 0.000000
0.203740 -1.144759 -0.194554 1.000000
0.418750 0.248338 0.029818 0.000000
0.359444 0.003017 0.059554 0.000000
0.204020 -1.025120 -0.083238 1.000000
0.234643 -0.672379 0.010560 0.000000
0.187375 -1.291884 -0.301636 1.000000
0.396183 0.379838 0.042102 0.000000
0.169634 -0.186557 -0.112520 0.000000
0.288091 0.259265 0.029589 0.000000
0.207277 -0.387251 0.017828 0.000000
0.190352 -1.106931 0.040942 0.000000
0.169638 -1.326669 0.062413 0.000000
0.155312 -1.181611 0.044206 0.000000
0.615126 -0.469083 0.151335 0.000000
0.602293 -0.033646 -0.045892 0.000000
0.348923 0.327855 0.024872 0.000000
-0.031275 -0.946759 0.006931 0.000000
0.250204 0.061246 -0.024787 0.000000
0.240602 -0.712950 0.017014 0.000000
0.243495 0.031337 -0.026494 0.000000
0.271113 -0.356406 0.013351 0.000000
0.184258 -1.044356 0.027119 0.000000
0.444782 0.182550 0.101105 0.000000
0.190891 -1.258027 -0.288346 1.000000
0.229467 -0.850726 0.012022 0.000000
0.317651 0.092537 0.051552 0.000000
0.144553 -1.155618 0.059916 0.000000
0.269955 -0.381761 0.019038 0.000000
0.182548 0.116189 -0.035748 0.000000
0.413412 0.095426 -0.007165 0.000000
0.245921 -0.315184 0.025402 0.000000
0.187945 -1.203396 0.048098 0.000000
0.302139 -0.078655 0.043674 0.000000
0.396257 0.153657 0.003200 0.000000
-0.014100 -0.904768 0.006594 0.000000
0.079125 -0.030451 -0.075158 0.000000
-0.092945 -1.098557 -0.024732 0.000000
0.197375 -0.398907 0.025242 0.000000
0.109369 -1.293232 0.037592 0.000000
0.574910 -0.007346 -0.031605 0.000000
0.341589 0.099708 0.003828 0.000000
0.184356 -1.278812 0.061116 0.000000
0.186543 -1.013854 0.016741 0.000000
0.343848 0.412121 0.056362 0.000000
0.401746 0.134196 0.002397 0.000000
0.367772 -0.028670 0.071832 0.000000
0.310965 0.005505 0.049139 0.000000
0.242406 -0.643204 0.024513 0.000000
0.180813 -1.227365 0.024819 0.000000
0.164448 -1.165720 0.043462 0.000000
0.527943 0.045063 -0.012479 0.000000
0.296886 0.270690 0.031349 0.000000
0.290675 -0.102214 0.030193 0.000000
0.063236 -0.709480 0.026707 0.000000
0.327807 -0.010974 0.013309 0.000000
0.382340 -0.054113 0.077178 0.000000
0.288048 -0.186320 0.021843 0.000000
0.170584 -1.268955 0.039361 0.000000
0.231524 -0.699483 0.013979 0.000000
0.198891 -1.084851 -0.139505 1.000000
0.339992 0.389782 0.059888 0.000000
0.475411 -0.049805 -0.010990 0.000000
0.117008 -1.241387 0.033593 0.000000
0.430731 -0.184869 0.091091 0.000000
0.021502 -0.835966 0.012298 0.000000
0.236433 -0.735238 0.022471 0.000000
0.302601 -0.001714 0.037107 0.000000
0.224998 -0.976030 -0.064512 1.000000
0.151971 0.058949 -0.034552 0.000000
-0.010614 -0.892077 0.009684 0.000000
0.173841 -1.214162 0.029418 0.000000
0.170781 0.092893 -0.030799 0.000000
0.238173 -0.332490 0.040280 0.000000
0.311991 -0.010421 0.032395 0.000000
0.459609 -0.035885 -0.020555 0.000000
0.385811 0.446990 0.043873 0.000000
0.173737 -1.232363 0.054199 0.000000
0.435788 -0.158349 0.091640 0.000000
0.263858 -0.475382 0.025646 0.000000
0.348043 0.452107 0.055393 0.000000
0.119832 -0.581886 0.031756 0.000000
0.216677 -0.353538 0.012235 0.000000
0.375670 -0.059631 0.061298 0.000000
0.021938 -0.808531 0.021257 0.000000
0.343051 0.249216 0.021220 0.000000
0.252711 -0.606596 0.011713 0.000000
0.505964 -0.387023 0.126685 0.000000
0.227428 -0.835040 0.007152 0.000000
0.392146 -0.098809 0.080902 0.000000
0.329483 0.371582 0.052156 0.000000
0.323250 0.049790 -0.013001 0.000000
0.396724 0.177448 0.007208 0.000000
0.301833 -0.040431 0.036707 0.000000
0.454369 -0.243795 0.100537 0.000000
0.398426 0.287767 0.062309 0.000000
0.561705 -0.437748 0.133090 0.000000
0.433011 0.033100 -0.009102 0.000000
0.169515 -1.206932 0.048970 0.000000
0.225710 -0.985367 -0.053176 1.000000
0.434877 0.217062 0.026640 0.000000
0.261692 -0.478573 0.007756 0.000000
0.250892 -0.562452 0.014664 0.000000
0.172327 -1.317135 -0.338380 1.000000
0.046043 -0.094947 -0.106618 0.000000
0.519193 -0.116636 -0.040754 0.000000
0.322835 0.322504 0.041417 0.000000
0.335249 -0.033554 0.007354 0.000000
0.231541 -0.745544 0.007544 0.000000
0.203364 -1.043961 0.023595 0.000000
-0.064548 -1.030810 -0.024799 0.000000
0.161022 -0.196243 -0.116409 0.000000
0.189645 -1.172963 0.023874 0.000000
0.472233 0.136157 0.007771 0.000000
0.351712 0.476901 0.049141 0.000000
0.391781 -0.016463 -0.053560 0.000000
0.196431 -1.212367 -0.240683 1.000000
0.160132 -1.339888 -0.355348 1.000000
0.030061 -0.129599 -0.122980 0.000000
0.257548 -0.582764 0.014699 0.000000
0.214501 -0.071461 -0.054334 0.000000
0.293543 0.144621 -0.011739 0.000000
0.263242 -0.546620 0.011967 0.000000
0.163733 -1.373037 -0.387524 1.000000
0.214206 0.162563 -0.004661 0.000000
0.173866 -1.061912 0.024079 0.000000
0.339181 0.335192 0.019397 0.000000
0.174745 -0.135815 -0.079846 0.000000
0.187488 -1.254610 0.053838 0.000000
0.081394 -0.051812 -0.080871 0.000000
0.294722 -0.155014 0.030816 0.000000
0.267888 -0.374247 0.027735 0.000000
0.335966 0.317164 0.023899 0.000000
0.260479 -0.524112 0.018345 0.000000
0.669593 -0.116394 -0.061328 0.000000
0.053124 -0.730373 0.027460 0.000000
0.493984 -0.082951 -0.026309 0.000000
0.249669 -0.518114 0.016321 0.000000
0.406392 -0.109345 0.087071 0.000000
0.394704 0.334250 0.031019 0.000000
0.390839 0.356339 0.036258 0.000000
0.695858 -0.137992 -0.078057 0.000000
0.000111 -0.886783 0.003030 0.000000
0.496608 -0.256804 -0.148534 0.000000
0.076491 -0.649446 0.028646 0.000000
-0.078346 -1.055199 -0.031740 0.000000
0.453327 0.175998 0.014554 0.000000
0.213239 -0.884557 0.005804 0.000000
0.277514 -0.319232 0.025716 0.000000
0.249172 0.041003 -0.021556 0.000000
0.103673 -0.590863 0.024733 0.000000
0.213951 -0.383181 0.027456 0.000000
0.408410 -0.124742 0.084452 0.000000
0.326883 0.260052 0.049008 0.000000
0.295660 0.148214 0.000573 0.000000
0.155535 -0.480836 0.023012 0.000000
0.413517 -0.140919 0.092678 0.000000
0.348508 0.074529 -0.018054 0.000000
0.241860 -0.324109 0.018258 0.000000
0.209106 -0.392188 0.040389 0.000000
0.346718 0.414775 0.031008 0.000000
0.414236 0.270124 0.034399 0.000000
0.310133 0.043901 0.047715 0.000000
0.118637 -0.549242 0.024969 0.000000
0.331089 0.085027 0.051976 0.000000
0.332037 0.424176 0.055971 0.000000
0.308717 0.094714 0.039772 0.000000
0.254383 -0.488353 0.012419 0.000000
0.271773 -0.429149 0.025356 0.000000
0.363626 0.047487 -0.022413 0.000000
0.284996 0.129991 -0.009254 0.000000
-0.063677 -1.013036 -0.013737 0.000000
0.170094 -1.188193 0.041693 0.000000
0.539384 -0.137872 -0.064198 0.000000
0.185506 -1.261162 -0.278441 1.000000
0.339642 0.352799 0.024880 0.000000
0.428087 0.050813 0.001818 0.000000
0.204680 -1.094576 -0.148621 1.000000
-0.033491 -0.937731 0.000105 0.000000
0.133963 -0.519955 0.024933 0.000000
0.139771 -1.179988 0.054136 0.000000
0.510551 -0.373362 0.112781 0.000000
0.163410 -1.089358 0.034035 0.000000
0.315131 0.191102 0.013253 0.000000
0.198721 -1.010525 0.025270 0.000000
0.590646 -0.462714 0.144279 0.000000
0.435151 -0.160171 -0.121875 0.000000
-0.005830 -0.865518 0.019772 0.000000
0.100609 0.003622 -0.061342 0.000000
0.198630 -1.036244 0.042199 0.000000
0.339821 0.096864 -0.014681 0.000000
0.107752 -0.617121 0.031928 0.000000
0.314536 0.167255 0.050459 0.000000
0.578765 -0.451515 0.129703 0.000000
0.253644 -0.550274 0.018022 0.000000
0.383532 0.494155 0.047047 0.000000
0.200921 -1.119681 -0.170431 1.000000
-0.054315 -0.996309 -0.007162 0.000000
0.279756 -0.247224 0.036074 0.000000
0.408203 -0.081450 -0.086235 0.000000
0.328321 0.196684 0.056151 0.000000
0.219053 -0.972346 -0.048461 1.000000
0.196367 -1.113109 0.032292 0.000000
0.172982 -1.343262 -0.358782 1.000000
-0.088903 -1.087749 -0.021337 0.000000
0.277971 -0.288789 0.016466 0.000000
0.338046 0.145237 0.005269 0.000000
0.137970 -1.215431 0.040530 0.000000
0.240276 -0.727198 0.012947 0.000000
0.321132 0.193877 0.001180 0.000000
0.165161 -0.447675 0.021144 0.000000
0.409515 0.102152 0.003625 0.000000
0.311234 -0.029587 0.043415 0.000000
0.233203 -0.791508 0.011591 0.000000
0.634962 -0.480987 0.156246 0.000000
0.030979 -0.764898 0.027311 0.000000
0.189615 -1.175740 0.046873 0.000000
0.346414 0.042998 0.055106 0.000000
-0.073885 -1.046200 -0.017019 0.000000
0.294249 -0.144542 0.034939 0.000000
0.267047 0.101016 -0.022956 0.000000
0.332319 0.089146 0.039218 0.000000
0.328122 0.073996 -0.013347 0.000000
0.205004 -1.064704 0.024598 0.000000
0.401587 -0.087012 0.082997 0.000000
0.230183 -0.710949 0.013471 0.000000
0.172504 -0.431679 0.018292 0.000000
0.156044 -1.109587 0.031783 0.000000
0.306276 0.023631 0.042073 0.000000
-0.080621 -1.065973 -0.015514 0.000000
0.225114 -0.877176 0.011396 0.000000
0.219831 -0.919472 0.012486 0.000000
0.399354 0.271605 0.015951 0.000000
-0.066744 -1.026086 -0.013142 0.000000
0.163957 -1.327668 -0.346653 1.000000
0.244250 -0.614138 0.009432 0.000000
0.184109 -1.193330 0.028382 0.000000
0.655438 -0.500875 0.155334 0.000000
0.190879 -1.079648 0.028254 0.000000
0.204435 -1.083429 -0.128166 1.000000
0.329546 0.343126 0.059715 0.000000
0.203996 -0.085207 -0.063362 0.000000
0.313367 0.308956 0.042782 0.000000
0.090235 -0.032081 -0.072666 0.000000
0.367624 -0.019990 0.064090 0.000000
0.336338 0.440478 0.054892 0.000000
0.345547 0.391369 0.029890 0.000000
0.384542 -0.073019 0.078861 0.000000
0.344941 -0.086971 0.016664 0.000000
0.058174 -0.779260 0.018036 0.000000
0.309119 0.078971 0.043727 0.000000
0.338741 0.061886 0.053901 0.000000
0.443700 0.193731 0.098000 0.000000
0.422665 0.245956 0.082980 0.000000
0.179627 -1.282043 -0.308482 1.000000
0.303541 -0.018657 0.044876 0.000000
-0.038090 -0.957286 0.003503 0.000000
0.384094 0.469255 0.047620 0.000000
0.247988 -0.598796 0.017968 0.000000
0.461713 -0.271796 0.111344 0.000000
0.264083 -0.457565 0.009507 0.000000
0.294901 -0.129794 0.028704 0.000000
0.419133 -0.101163 -0.099354 0.000000
0.509530 0.048807 0.209020 0.000000
0.145670 -1.150573 0.038468 0.000000
0.039514 -0.755727 0.025821 0.000000
0.333488 0.089068 0.000849 0.000000
0.478561 0.136939 0.134781 0.000000
0.527443 0.032470 0.226699 0.000000
0.329288 0.298259 0.054887 0.000000
0.197216 -1.002438 -0.064075 1.000000
0.352713 0.433485 0.030531 0.000000
0.331169 -0.007697 0.002844 0.000000
0.372747 -0.040762 0.061593 0.000000
0.638908 -0.493797 0.153635 0.000000
0.404580 0.163133 0.000983 0.000000
0.474503 -0.297767 0.110509 0.000000
0.329711 0.357529 0.048795 0.000000
0.190602 -1.007104 0.034533 0.000000
0.440794 -0.212322 0.095611 0.000000
0.188072 -0.418050 0.019481 0.000000
0.456825 -0.209904 -0.146887 0.000000
0.278368 -0.284710 0.028527 0.000000
0.325951 0.211403 0.012351 0.000000
0.177043 -0.156701 -0.087501 0.000000
0.707930 -0.137250 -0.073658 0.000000
0.154890 -0.211616 -0.127897 0.000000
0.537163 -0.415579 0.126703 0.000000
0.065045 -0.747865 0.023880 0.000000
0.171613 -1.179150 0.029750 0.000000
0.624558 -0.479807 0.144684 0.000000
0.188961 -0.399747 0.018010 0.000000
0.048394 -0.708516 0.029853 0.000000
-0.028118 -0.951586 -0.012200 0.000000
0.504923 -0.101089 -0.035629 0.000000
0.494193 -0.331183 0.104749 0.000000
0.348843 -0.098902 0.015167 0.000000
0.494791 0.100653 0.003117 0.000000
0.266468 -0.458288 0.027482 0.000000
0.275159 -0.275398 0.011806 0.000000
0.212461 -0.986541 0.027215 0.000000
0.254424 -0.534455 0.017814 0.000000
0.373720 0.017227 -0.029037 0.000000
0.319916 0.175157 0.056731 0.000000
0.318180 0.034503 0.037399 0.000000
0.179501 -0.168962 -0.103124 0.000000
0.328835 -0.026348 0.002422 0.000000
0.138899 0.041070 -0.041630 0.000000
0.336752 0.337892 0.051163 0.000000
0.266806 0.234203 0.023012 0.000000
0.328693 0.310647 0.054141 0.000000
0.054369 -0.083637 -0.101282 0.000000
0.245508 -0.670466 0.008907 0.000000
0.234762 -0.019513 -0.036559 0.000000
0.318873 0.080915 0.050632 0.000000
0.207651 -1.123247 -0.162169 1.000000
0.213515 -1.008126 -0.078703 1.000000
0.270767 -0.404717 0.017288 0.000000
0.334235 0.231825 0.013311 0.000000
0.195405 -1.104487 0.014698 0.000000
0.655419 -0.110187 -0.060092 0.000000
0.144453 -1.205679 0.053487 0.000000
0.427932 0.233666 0.018236 0.000000
0.151537 -1.297326 0.059199 0.000000
0.155006 -1.204109 0.044866 0.000000
0.207856 -1.042455 -0.094888 1.000000
0.183601 0.111309 -0.026315 0.000000
0.468949 -0.312771 0.116450 0.000000
0.425483 0.069784 -0.002147 0.000000
0.601600 -0.056415 -0.043745 0.000000
0.324259 0.180647 0.046314 0.000000
0.191038 -0.092341 -0.064751 0.000000
0.192785 -1.115210 -0.165050 1.000000
0.201079 -1.035732 -0.101432 1.000000
0.277034 -0.309042 0.019949 0.000000
0.175096 -1.053766 0.031795 0.000000
0.208566 -0.950766 -0.024232 1.000000
0.082355 -0.663495 0.022929 0.000000
0.724332 -0.146783 -0.078809 0.000000
0.436171 -0.225983 0.097944 0.000000
0.373891 0.336978 0.043678 0.000000
0.383038 -0.081406 0.070519 0.000000
0.294661 0.276490 0.014764 0.000000
0.180127 -1.325174 0.062455 0.000000
0.271008 -0.427126 0.013703 0.000000
0.175187 -1.196829 0.037527 0.000000
0.225488 -0.892741 0.005882 0.000000
0.303159 0.287775 0.030086 0.000000
0.189631 -1.117379 0.039223 0.000000
0.465329 -0.241244 0.094783 0.000000
0.339897 0.462069 0.058941 0.000000
0.417875 0.253957 0.020878 0.000000
0.318004 0.133009 0.050834 0.000000
0.398639 0.284701 0.073253 0.000000
0.258940 0.062290 -0.013714 0.000000
0.616380 -0.060912 -0.053649 0.000000
0.311540 0.042371 0.035250 0.000000
0.327432 0.008151 0.003126 0.000000
0.213490 -1.013810 -0.069237 1.000000
0.262902 0.224088 0.013730 0.000000
0.174461 -1.252955 -0.278639 1.000000
0.424435 0.053536 -0.013308 0.000000
0.326582 0.056374 -0.003197 0.000000
-0.105902 -1.120143 -0.033445 0.000000
0.100160 -0.014615 -0.064304 0.000000
0.206560 -0.971685 0.024439 0.000000
0.459977 0.160549 0.000500 0.000000
0.256476 -0.431989 0.019902 0.000000
0.486087 -0.089920 -0.034466 0.000000
0.220098 0.157496 -0.012019 0.000000
0.447630 0.191744 0.022699 0.000000
0.344067 0.290131 0.013320 0.000000
0.648385 -0.099670 -0.068136 0.000000
0.263571 0.081702 -0.015407 0.000000
0.260081 -0.500657 0.018269 0.000000
0.134548 -0.558559 0.034821 0.000000
0.521827 -0.387915 0.110085 0.000000
0.299510 -0.108243 0.033037 0.000000
0.335056 0.278521 0.049414 0.000000
0.392828 -0.073749 0.086409 0.000000
0.322254 0.226275 0.048263 0.000000
0.182760 -1.124850 0.044764 0.000000
0.552612 -0.428270 0.119519 0.000000
0.344832 0.377770 0.028323 0.000000
0.184078 -1.196131 -0.240021 1.000000
0.174745 -1.267748 0.058555 0.000000
0.146977 -1.171088 0.061096 0.000000
0.333073 0.106924 0.000301 0.000000
0.335249 -0.068128 0.008647 0.000000
0.385359 0.003260 -0.044058 0.000000
0.411543 0.285282 0.022882 0.000000
0.131906 -0.243038 -0.153292 0.000000
-0.097659 -1.101145 -0.034949 0.000000
0.333166 0.125057 -0.001323 0.000000
0.484214 -0.312866 0.105365 0.000000
-0.047016 -0.977795 0.000744 0.000000
0.219426 -0.363104 0.029377 0.000000
0.439982 0.207684 0.030073 0.000000
0.353808 0.014881 0.078912 0.000000
0.407780 0.205870 0.000191 0.000000
0.060986 -0.720937 0.023395 0.000000
0.295421 -0.163069 0.037224 0.000000
0.327440 0.046105 0.009441 0.000000
0.195864 -1.093386 0.031525 0.000000
0.328060 0.245153 0.058861 0.000000
0.469519 -0.278687 0.103023 0.000000
0.227460 -0.814209 0.008350 0.000000
0.212055 -1.084065 -0.136614 1.000000
0.274831 -0.275816 0.024730 0.000000
0.430201 0.226697 0.026982 0.000000
0.314574 0.015998 0.039491 0.000000
0.287673 -0.208478 0.026856 0.000000
0.770449 -0.174228 -0.102228 0.000000
0.213125 0.156376 -0.023926 0.000000
0.379244 -0.012377 -0.050287 0.000000
0.446325 -0.198589 0.097380 0.000000
0.029323 -0.822328 0.010043 0.000000
0.185949 -1.246700 -0.270438 1.000000
0.446966 -0.002447 -0.012039 0.000000
0.567335 -0.179910 -0.097176 0.000000
0.232503 -0.949821 -0.032288 1.000000
0.394371 0.308690 0.055808 0.000000
0.321201 0.204157 0.049332 0.000000
0.181444 -1.187027 0.053742 0.000000
0.181994 -0.140964 -0.085810 0.000000
0.246479 0.022211 -0.022995 0.000000
0.334731 0.203777 0.001959 0.000000
0.298289 -0.058204 0.044704 0.000000
0.317673 0.071901 0.044903 0.000000
0.192796 -1.090923 0.045599 0.000000
0.237699 -0.757538 0.015382 0.000000
0.208804 -1.021706 0.033429 0.000000
0.282040 -0.194037 0.024785 0.000000
0.192132 -1.066476 0.025358 0.000000
0.362334 0.351703 0.045321 0.000000
0.480738 -0.072062 -0.025635 0.000000
0.188854 -1.213004 0.056253 0.000000
0.191261 -1.191922 -0.234030 1.000000
0.196124 -1.124656 -0.177888 1.000000
0.191409 -1.122360 0.021616 0.000000
0.204497 -1.031747 -0.091981 1.000000
0.532551 -0.147995 -0.073888 0.000000
0.231542 -0.961552 -0.047641 1.000000
0.437480 0.204006 0.011846 0.000000
-0.047305 -0.976255 -0.009493 0.000000
0.164759 -1.153286 0.045792 0.000000
0.205541 -0.923178 -0.008561 1.000000
0.259393 -0.293784 0.037214 0.000000
0.341427 0.420478 0.061521 0.000000
0.085599 -0.693524 0.029048 0.000000
0.436618 -0.150093 -0.125141 0.000000
0.399016 0.188882 0.006399 0.000000
0.201472 -0.991716 -0.055464 1.000000
0.188559 -1.204286 -0.247189 1.000000
0.110731 -0.574097 0.027117 0.000000
0.323263 0.097795 0.042069 0.000000
0.224774 -0.767216 0.013914 0.000000
0.163068 -1.224345 0.048044 0.000000
0.342296 0.246340 0.008515 0.000000
0.268173 -0.327269 0.025837 0.000000
0.182770 -1.079091 0.036992 0.000000
0.422537 0.085974 0.007279 0.000000
0.201481 -0.407167 0.029227 0.000000
0.597408 -0.459027 0.137827 0.000000
0.234593 -0.798620 0.020862 0.000000
0.260381 -0.517424 0.026229 0.000000
0.124169 -0.560206 0.030033 0.000000
0.192116 -1.073182 0.016913 0.000000
0.298425 -0.139203 0.043395 0.000000
0.575767 -0.188707 -0.109415 0.000000
0.265132 -0.509256 0.016798 0.000000
0.074468 -0.044595 -0.081211 0.000000
0.251190 -0.542971 0.011635 0.000000
0.448021 -0.230406 0.102212 0.000000
0.202160 -0.966992 -0.037961 1.000000
0.151356 -0.508624 0.035727 0.000000
0.431948 0.208102 0.091856 0.000000
0.230460 -0.774429 0.020379 0.000000
0.296919 -0.172307 0.023770 0.000000
-0.081109 -1.064672 -0.025766 0.000000
0.167291 -0.478399 0.036329 0.000000
0.206288 -0.077185 -0.057911 0.000000
0.610541 -0.053382 -0.046929 0.000000
0.351183 0.439870 0.038023 0.000000
0.073759 -0.708439 0.026156 0.000000
0.556130 0.016633 -0.020582 0.000000
0.228897 -0.828436 0.018652 0.000000
0.048803 -0.759214 0.023180 0.000000
0.156889 -1.159204 0.044373 0.000000
0.227459 -0.869701 0.018053 0.000000
0.416307 0.253236 0.085251 0.000000
0.333225 0.241699 0.013118 0.000000
0.224921 -0.012801 -0.038784 0.000000
0.340241 0.162182 0.002632 0.000000
0.193618 -1.206998 -0.232711 1.000000
0.225727 -0.969597 -0.041665 1.000000
0.111197 -0.585373 0.028278 0.000000
0.183827 -1.210677 0.029278 0.000000
0.306038 -0.089923 0.035226 0.000000
0.400129 0.296711 0.033556 0.000000
0.336177 0.355154 0.055973 0.000000
0.236483 -0.938141 -0.015241 1.000000
0.178748 -1.201035 0.025280 0.000000
0.349111 0.348740 0.022600 0.000000
0.152343 -1.233804 0.042911 0.000000
0.343091 -0.067211 0.022233 0.000000
0.055303 -0.743216 0.025117 0.000000
0.213995 -1.041753 -0.107314 1.000000
0.308876 0.058003 0.042769 0.000000
0.197272 -1.051803 0.034734 0.000000
0.071230 -0.679806 0.028383 0.000000
0.325472 0.270141 0.053371 0.000000
0.435587 0.022667 -0.020306 0.000000
0.239104 -0.691194 0.012416 0.000000
0.398449 0.305418 0.021635 0.000000
0.268154 -0.258169 0.028681 0.000000
0.670421 -0.511173 0.161694 0.000000
0.424457 -0.171197 0.090968 0.000000
0.418402 0.263852 0.017811 0.000000
0.206005 -1.076751 -0.140218 1.000000
0.193764 0.122583 -0.014654 0.000000
0.428648 -0.154466 0.097144 0.000000
0.259624 -0.566161 0.010516 0.000000
0.127237 -1.204802 0.070959 0.000000
0.400677 -0.054814 -0.065653 0.000000
0.207260 0.143820 -0.004975 0.000000
0.209322 -0.093412 -0.062807 0.000000
0.278586 0.251431 0.028152 0.000000
0.026070 -0.784431 0.025055 0.000000
0.180358 -1.116727 0.029627 0.000000
0.147806 -0.217988 -0.130142 0.000000
0.319517 0.182062 0.005706 0.000000
0.060608 -0.690260 0.029569 0.000000
0.308850 0.177666 0.005404 0.000000
0.740048 -0.156715 -0.086271 0.000000
0.138825 -0.232310 -0.138393 0.000000
0.165571 -1.365931 -0.380939 1.000000
0.507559 -0.118761 -0.048387 0.000000
0.152079 -1.376541 -0.386524 1.000000
0.500566 0.092820 0.002527 0.000000
0.268119 -0.290728 0.026001 0.000000
0.229946 -0.885713 0.017226 0.000000
0.297532 -0.087873 0.042500 0.000000
0.544477 -0.422628 0.127717 0.000000
0.525575 0.062376 -0.002028 0.000000
0.122092 -1.232077 0.037812 0.000000
0.190086 -1.220181 -0.253763 1.000000
0.561990 0.006757 -0.027623 0.000000
0.190316 -1.133068 0.028385 0.000000
0.398935 -0.105587 0.079444 0.000000
0.067896 -0.063142 -0.088728 0.000000
0.307676 0.006120 0.033065 0.000000
0.177863 -1.043602 0.016195 0.000000
0.198302 -1.056143 0.021083 0.000000
0.087995 -0.632839 0.028052 0.000000
0.420734 -0.146995 0.087855 0.000000
0.338332 0.430183 0.062057 0.000000
0.297213 -0.124818 0.038745 0.000000
0.393635 0.234119 0.013011 0.000000
0.126575 -1.186393 0.036116 0.000000
0.207279 -1.046229 -0.114824 1.000000
0.181692 -1.178027 0.031500 0.000000
0.381500 -0.061763 0.071344 0.000000
0.148422 -1.220495 0.049266 0.000000
0.174908 -1.223038 0.033055 0.000000
0.054984 -0.286114 -0.220882 0.000000
0.405323 -0.145845 0.079543 0.000000
0.518338 0.039669 0.216636 0.000000
0.151194 -1.148946 0.055770 0.000000
0.325061 0.021218 -0.009557 0.000000
0.183630 -0.435037 0.031722 0.000000
0.204662 -1.092208 -0.124265 1.000000
0.264724 -0.469688 0.011169 0.000000
0.330304 -0.017786 0.007011 0.000000
0.268463 -0.340053 0.025932 0.000000
0.411935 0.120820 -0.009939 0.000000
0.001379 -0.878192 0.007132 0.000000
0.284684 -0.174999 0.029014 0.000000
0.127752 -0.576250 0.033889 0.000000
0.462629 0.175629 0.112401 0.000000
0.473269 -0.267107 0.096489 0.000000
0.240521 -0.617497 0.019931 0.000000
0.339267 0.401792 0.065946 0.000000
0.234262 -0.338019 0.032953 0.000000
0.448218 0.202482 0.099736 0.000000
0.415856 -0.110976 -0.103281 0.000000
0.186699 -1.108864 0.031005 0.000000
0.349781 0.405934 0.036181 0.000000
0.334497 0.273084 0.019362 0.000000
0.286988 0.130308 0.002199 0.000000
0.540624 0.033195 -0.014678 0.000000
0.135932 -1.223510 0.045231 0.000000
0.307492 -0.053830 0.043702 0.000000
0.303914 0.296950 0.046861 0.000000
0.617056 -0.071889 -0.049568 0.000000
0.332321 0.245936 0.049418 0.000000
0.381928 -0.045199 0.080584 0.000000
0.342611 0.451075 0.064901 0.000000
0.487282 0.113292 0.005896 0.000000
0.187689 -1.203017 -0.224268 1.000000
0.296610 -0.063022 0.036380 0.000000
0.175775 -0.447980 0.020407 0.000000
0.263172 -0.467089 0.020575 0.000000
0.356099 0.425932 0.035431 0.000000
0.231380 -0.959796 -0.034563 1.000000
0.247887 0.052079 -0.026005 0.000000
-0.041359 -0.966749 -0.010177 0.000000
0.226138 -0.942373 -0.026176 1.000000
0.453087 -0.015275 -0.012880 0.000000
0.198935 -1.084930 0.025534 0.000000
0.201106 -1.205653 -0.223573 1.000000
0.340398 0.053254 0.060324 0.000000
0.152388 -0.197394 -0.112595 0.000000
0.407531 -0.158244 0.082415 0.000000
0.478961 0.136854 0.017852 0.000000
0.421669 -0.123835 -0.106320 0.000000
0.013989 -0.831796 0.017574 0.000000
0.251419 -0.497642 0.012323 0.000000
0.296853 0.281299 0.032923 0.000000
0.195044 -0.973680 -0.039122 1.000000
0.134166 -1.157814 0.068212 0.000000
0.221437 -0.047929 -0.046180 0.000000
0.192940 -1.149585 -0.196497 1.000000
0.107007 -0.600612 0.029299 0.000000
0.226867 0.171948 0.008736 0.000000
0.218595 -0.998097 -0.072548 1.000000
0.355433 0.386717 0.029036 0.000000
0.559428 -0.436434 0.142161 0.000000
0.178449 -1.294293 -0.318212 1.000000
0.323745 0.209655 0.003193 0.000000
0.349233 0.081664 -0.009651 0.000000
0.190412 -1.136199 -0.164619 1.000000
0.329630 -0.060821 -0.003596 0.000000
0.181470 -1.158077 0.045264 0.000000
0.595172 -0.039742 -0.043239 0.000000
0.182072 -1.163034 0.032730 0.000000
0.217206 -0.360190 0.018840 0.000000
0.246194 0.195614 0.005580 0.000000
0.482658 -0.233591 -0.151433 0.000000
0.231806 0.000107 -0.033618 0.000000
0.230941 -0.680760 0.012548 0.000000
0.263606 -0.388458 0.016699 0.000000
0.228828 -0.348774 0.033267 0.000000
0.170949 -1.168689 0.035341 0.000000
-0.010423 -0.910235 -0.000067 0.000000
0.205107 -1.130017 -0.183779 1.000000
0.467605 0.144681 0.009238 0.000000
0.342447 0.152063 -0.000161 0.000000
0.222212 -0.937582 0.022477 0.000000
0.322219 0.119270 0.043829 0.000000
0.198153 -1.149663 0.021836 0.000000
0.265401 -0.415423 0.022152 0.000000
0.280489 -0.267554 0.025465 0.000000
0.341997 0.257580 0.017193 0.000000
0.322616 0.160868 0.048435 0.000000
0.243799 -0.633869 0.015669 0.000000
0.500452 0.075058 0.184884 0.000000
-0.055971 -1.012605 -0.021192 0.000000
0.400565 0.314376 0.029065 0.000000
0.127378 -1.268846 0.046121 0.000000
0.361201 -0.122126 0.008769 0.000000
0.388728 -0.017868 -0.044864 0.000000
0.154804 -1.227941 0.050401 0.000000
0.336823 0.105630 -0.009800 0.000000
0.262095 -0.481877 0.018337 0.000000
0.396178 0.209925 0.007831 0.000000
0.011830 -0.142135 -0.134224 0.000000
0.178220 -1.286553 0.061417 0.000000
0.262851 -0.447829 0.017846 0.000000
0.165930 -1.315041 -0.331959 1.000000
0.143525 -0.505856 0.024105 0.000000
0.176209 -1.327394 -0.347752 1.000000
0.315236 0.183016 -0.004223 0.000000
0.181476 -1.310329 0.060771 0.000000
0.184976 -0.428527 0.019225 0.000000
0.036882 -0.096435 -0.106182 0.000000
0.111935 -0.000526 -0.056795 0.000000
0.398431 0.293561 0.021232 0.000000
0.262169 -0.554713 0.016394 0.000000
0.047709 -0.774403 0.020544 0.000000
0.252598 0.208739 0.008469 0.000000
0.241974 -0.664635 0.016468 0.000000
0.478177 -0.318333 0.114210 0.000000
0.227683 0.169960 -0.006891 0.000000
0.508541 0.068262 0.182686 0.000000
0.333531 0.351527 0.064083 0.000000
0.223557 -0.824429 0.008331 0.000000
0.199956 -1.186894 -0.219153 1.000000
0.238372 -0.934422 -0.024319 1.000000
0.222232 -0.901924 0.002333 1.000000
0.188935 -1.131843 0.041046 0.000000
0.416176 -0.158490 0.087204 0.000000
0.338016 -0.049277 0.011906 0.000000
0.522953 0.070599 0.001770 0.000000
0.179928 -1.207594 0.038556 0.000000
0.106399 -0.266802 -0.182169 0.000000
0.233870 -0.781385 0.008378 0.000000
0.305057 0.163791 -0.005751 0.000000
0.301305 -0.028605 0.036114 0.000000
0.470394 -0.225799 -0.156563 0.000000
0.181438 -1.253954 -0.289714 1.000000
0.121775 0.027995 -0.053547 0.000000
0.661346 -0.105177 -0.065929 0.000000
0.561182 -0.167617 -0.086769 0.000000
0.286605 -0.227340 0.023041 0.000000
0.583925 -0.024085 -0.037897 0.000000
0.265821 0.088994 -0.010254 0.000000
0.234080 0.181164 -0.000731 0.000000
0.182017 0.104980 -0.019506 0.000000
0.182397 -0.150261 -0.091989 0.000000
0.683839 -0.523387 0.165416 0.000000
0.246440 -0.624276 0.007389 0.000000
0.158409 0.082010 -0.039209 0.000000
0.171259 -1.134701 0.045068 0.000000
0.141392 -1.171443 0.041553 0.000000
0.396172 0.156779 0.011829 0.000000
0.168126 -1.306008 0.035774 0.000000
0.429934 -0.145911 -0.120048 0.000000
0.358074 -0.104431 0.012593 0.000000
0.302660 0.173021 -0.000918 0.000000
0.212532 -0.972982 0.017614 0.000000
-0.087492 -1.071065 -0.027273 0.000000
0.520872 -0.399574 0.132484 0.000000
0.028678 -0.802552 0.019620 0.000000
0.316252 0.141499 0.047515 0.000000
0.134762 -1.154515 0.037149 0.000000
0.205968 -0.993227 0.023963 0.000000
0.344055 0.333577 0.030091 0.000000
0.431931 -0.135770 -0.117210 0.000000
0.276173 -0.247153 0.021101 0.000000
0.321433 0.106194 0.048892 0.000000
0.321889 -0.011877 -0.006550 0.000000
0.473904 0.121344 0.145710 0.000000
0.288007 -0.184612 0.031633 0.000000
0.285200 -0.238603 0.030981 0.000000
0.128982 -1.194499 0.066839 0.000000
0.284732 -0.214806 0.032732 0.000000
0.403357 0.148519 0.000214 0.000000
0.354070 0.017250 0.050924 0.000000
0.180080 -1.171888 0.051965 0.000000
0.203088 -0.904858 0.004924 1.000000
0.324513 0.037245 -0.001872 0.000000
0.352506 0.461452 0.037187 0.000000
0.139513 -1.197625 0.047723 0.000000
0.190035 -1.119233 0.030057 0.000000
0.269724 -0.438730 0.025719 0.000000
0.102746 -0.639347 0.032041 0.000000
0.221506 -0.986474 -0.061227 1.000000
0.337092 0.406056 0.057111 0.000000
0.495379 -0.360697 0.125863 0.000000
0.060221 -0.075871 -0.102361 0.000000
0.231863 -0.720844 0.013012 0.000000
0.378521 -0.003882 -0.040402 0.000000
0.227045 -0.745189 0.015528 0.000000
0.313729 0.127667 0.044572 0.000000
0.205943 -1.033113 0.033362 0.000000
0.397801 0.321261 0.037268 0.000000
0.206107 -1.033169 0.019999 0.000000
0.327440 0.137854 0.042462 0.000000
0.142249 -0.536059 0.034867 0.000000
0.252695 -0.467469 0.022039 0.000000
0.211162 -1.044723 0.028678 0.000000
0.290543 -0.200944 0.031892 0.000000
0.206119 -0.914428 0.005188 1.000000
0.096910 -0.652563 0.031274 0.000000
0.292855 -0.171878 0.035051 0.000000
0.164097 -1.209947 0.055554 0.000000
0.264525 -0.486846 0.010030 0.000000
0.391742 0.196230 0.012715 0.000000
0.482391 -0.253539 -0.150155 0.000000
0.427781 0.239993 0.087417 0.000000
0.268116 -0.309586 0.018695 0.000000
0.180787 -1.054115 0.015588 0.000000
0.238392 -0.323018 0.010011 0.000000
0.251184 -0.306685 0.027907 0.000000
0.202992 -0.936102 -0.015287 1.000000
0.443842 0.195363 0.015380 0.000000
0.547476 -0.144868 -0.062584 0.000000
0.182898 -1.198693 0.055404 0.000000
0.449563 -0.200117 0.088497 0.000000
0.199673 -1.132670 -0.168648 1.000000
0.278016 0.087705 -0.006431 0.000000
0.434738 -0.193761 0.092905 0.000000
0.264123 -0.425956 0.019547 0.000000
0.393220 -0.088687 0.085817 0.000000
0.338004 0.368854 0.056427 0.000000
0.296882 -0.048419 0.036539 0.000000
0.172331 -1.250066 0.053708 0.000000
0.090479 -0.619926 0.027713 0.000000
0.169027 -1.197839 0.049582 0.000000
0.045532 -0.724522 0.029517 0.000000
0.393517 0.252407 0.015923 0.000000
0.355276 0.373963 0.034166 0.000000
0.445995 -0.176447 -0.136102 0.000000
0.243419 -0.600182 0.010382 0.000000
0.242459 -0.647972 0.005984 0.000000
0.221649 -1.012399 -0.083020 1.000000
0.324694 0.098009 0.053810 0.000000
0.339441 -0.073279 0.014837 0.000000
0.172374 -1.181428 0.047325 0.000000
-0.021769 -0.918108 0.000969 0.000000
0.317657 0.153160 0.047290 0.000000
0.432938 0.226033 0.088034 0.000000
0.264565 -0.284098 0.011541 0.000000
0.214819 -0.931833 0.018493 0.000000
0.116952 -1.247054 0.040526 0.000000
0.462110 -0.292123 0.111731 0.000000
0.333641 0.175707 0.005096 0.000000
0.756594 -0.163600 -0.093882 0.000000
0.320199 0.219162 0.053289 0.000000
0.000040 -0.860614 0.015129 0.000000
0.188704 -1.104007 0.021302 0.000000
0.131138 -1.193310 0.032767 0.000000
0.219881 -0.370232 0.040231 0.000000
0.341240 0.315203 0.015522 0.000000
0.500830 -0.367704 0.123972 0.000000
0.350907 0.026284 0.062850 0.000000
0.411047 -0.134103 0.085730 0.000000
0.279731 -0.251756 0.027890 0.000000
0.177253 -1.264092 0.035976 0.000000
0.427901 0.048469 -0.006781 0.000000
0.447334 -0.248933 0.102425 0.000000
0.336772 0.214593 0.004489 0.000000
0.190274 -1.138889 0.019554 0.000000
0.302457 -0.109188 0.041583 0.000000
0.329467 0.074240 -0.004276 0.000000
0.099306 -0.598864 0.021789 0.000000
0.610672 -0.469339 0.143643 0.000000
0.360251 0.058757 -0.015565 0.000000
0.314741 0.024781 0.038161 0.000000
0.416973 0.076328 -0.004728 0.000000
0.248765 -0.590285 0.013101 0.000000
0.567881 -0.444702 0.126555 0.000000
0.321786 0.237055 0.053930 0.000000
0.503698 -0.269444 -0.149164 0.000000
0.185174 -1.146833 0.038797 0.000000
0.190682 -1.135044 -0.174061 1.000000
0.389293 0.483643 0.051042 0.000000
0.212330 -1.025343 -0.086326 1.000000
0.040551 -0.789204 0.014999 0.000000
0.240227 -0.627266 0.022008 0.000000
0.238435 -0.708961 0.008431 0.000000
0.448590 -0.192640 -0.140306 0.000000
0.251591 -0.597799 0.026002 0.000000
0.079425 -0.657784 0.029168 0.000000
0.335141 0.326269 0.051943 0.000000
0.496632 0.066064 0.187353 0.000000
0.362782 0.442397 0.033537 0.000000
0.183840 -1.251638 0.061335 0.000000
0.327448 0.210396 0.048518 0.000000
-0.074068 -1.048800 -0.025595 0.000000
0.182231 -1.227374 0.035445 0.000000
0.197362 -1.075118 0.036813 0.000000
0.332801 0.222615 0.009242 0.000000
0.368082 0.043664 -0.029607 0.000000
0.330966 0.232017 0.050329 0.000000
0.160001 -0.481026 0.030626 0.000000
0.265730 -0.397368 0.017877 0.000000
0.277235 0.116594 -0.014416 0.000000
0.326538 0.004583 -0.010452 0.000000
0.392801 0.440648 0.043238 0.000000
0.341301 0.418980 0.051443 0.000000
0.031988 -0.103611 -0.114631 0.000000
0.398538 0.353291 0.032347 0.000000
0.210935 -0.990880 -0.057746 1.000000
0.084826 -1.357829 0.082414 0.000000
0.221690 -0.852200 0.008161 0.000000
0.407366 0.131741 0.008713 0.000000
0.389388 0.410290 0.040922 0.000000
0.175662 -0.447779 0.029205 0.000000
0.359362 0.481144 0.043993 0.000000
0.186640 -1.163721 0.040941 0.000000
0.391365 0.296233 0.058255 0.000000
0.438781 0.219810 0.093540 0.000000
0.197219 -1.021722 0.026704 0.000000
0.213304 -0.966978 -0.039525 1.000000
0.232206 -0.915263 -0.006440 1.000000
0.199771 -1.078227 0.019135 0.000000
0.312670 0.118260 0.043829 0.000000
0.193345 -1.169252 -0.203050 1.000000
0.164490 -1.186819 0.048280 0.000000
0.309696 -0.076172 0.035365 0.000000
0.176433 -1.101251 0.038587 0.000000
0.123266 -0.250911 -0.174468 0.000000
0.363069 -0.007158 0.063716 0.000000
0.331588 0.379312 0.056288 0.000000
0.394869 -0.091501 0.076944 0.000000
0.196594 -0.088024 -0.058279 0.000000
0.211214 -0.374890 0.027286 0.000000
0.285388 -0.238081 0.019848 0.000000
0.330998 -0.043885 0.003982 0.000000
0.456978 -0.264429 0.105228 0.000000
0.178913 -1.044257 0.039915 0.000000
0.312481 -0.018307 0.042779 0.000000
0.159666 -1.241864 0.047199 0.000000
0.291862 -0.113358 0.033042 0.000000
0.426835 -0.137596 0.090214 0.000000
0.293754 0.158339 -0.003066 0.000000
0.243562 -0.654875 0.012757 0.000000
0.373325 -0.040881 0.070824 0.000000
0.368075 0.345788 0.048318 0.000000
0.495195 -0.093069 -0.033179 0.000000
0.322134 0.165724 0.056905 0.000000
0.205587 -1.006450 0.030413 0.000000
0.497838 0.079531 0.177759 0.000000
0.186776 -0.407892 0.020137 0.000000
0.439727 -0.167915 -0.128651 0.000000
0.334867 0.260230 0.054541 0.000000
0.457785 0.184434 0.018760 0.000000
0.171624 -0.172538 -0.102295 0.000000
0.077857 -0.697179 0.025797 0.000000
0.090133 -0.662113 0.029849 0.000000
0.365306 0.044854 -0.013902 0.000000
0.180323 -1.276475 -0.299805 1.000000
0.239419 0.018270 -0.029018 0.000000
0.189595 -1.208389 0.022484 0.000000
0.264869 -0.356507 0.021174 0.000000
0.239481 -0.326468 0.026591 0.000000
0.459839 0.159975 0.009683 0.000000
0.031218 -0.112388 -0.119465 0.000000
0.052128 -0.081410 -0.092851 0.000000
0.296128 0.271918 0.022526 0.000000
0.363124 -0.002052 0.074493 0.000000
0.636062 -0.086830 -0.058712 0.000000
0.217430 -0.955211 -0.031423 1.000000
-0.004472 -0.872185 0.014276 0.000000
0.193429 -1.092223 -0.132721 1.000000
0.175079 -0.160102 -0.095211 0.000000
0.197802 -1.147511 -0.188901 1.000000
0.021273 -0.129795 -0.121586 0.000000
0.234952 -0.736942 0.006981 0.000000
0.429059 -0.209182 0.094272 0.000000
0.189482 -1.283244 -0.309418 1.000000
0.368445 0.024447 -0.029128 0.000000
0.118206 0.030092 -0.061127 0.000000
0.354846 0.447988 0.039115 0.000000
0.642774 -0.486085 0.153505 0.000000
0.378080 0.006838 -0.041120 0.000000
0.330678 -0.077588 0.002240 0.000000
0.417872 0.251804 0.076488 0.000000
0.239807 -0.680969 0.022070 0.000000
0.264681 -0.274790 0.022632 0.000000
0.337504 0.169544 -0.000913 0.000000
0.464864 0.153083 0.012487 0.000000
0.137158 -1.192504 0.072827 0.000000
0.390212 0.385739 0.040176 0.000000
0.081568 -0.281904 -0.216793 0.000000
0.261426 -0.507550 0.009214 0.000000
0.311275 0.036500 0.042284 0.000000
0.156775 -1.359322 -0.378423 1.000000
0.463029 0.157754 0.119215 0.000000
0.164713 -1.332738 -0.339320 1.000000
0.305064 -0.036413 0.048934 0.000000
0.109493 -1.237908 0.035905 0.000000
0.209229 -1.019329 -0.079603 1.000000
0.001823 -0.848472 0.020000 0.000000
0.368117 -0.017847 0.073563 0.000000
0.405101 -0.064599 -0.076160 0.000000
0.198009 -1.008035 0.014981 0.000000
0.124655 -1.276142 0.037683 0.000000
0.151934 -1.238762 0.049899 0.000000
0.502663 0.084634 -0.001820 0.000000
0.330897 0.064850 0.004809 0.000000
0.326500 0.278609 0.048965 0.000000
0.578344 -0.202949 -0.121014 0.000000
0.325331 0.354195 0.056907 0.000000
0.390365 -0.036091 -0.062114 0.000000
0.255231 -0.298331 0.016158 0.000000
-0.027079 -0.943761 -0.005073 0.000000
-0.020153 -0.923492 0.009642 0.000000
0.203303 -1.002112 0.023085 0.000000
0.321633 0.171101 0.045326 0.000000
0.175017 -1.293718 0.028911 0.000000
0.122484 -0.609159 0.036348 0.000000
0.189481 -1.012056 0.027655 0.000000
0.210195 -1.042710 0.016223 0.000000
0.201439 -1.102120 0.020268 0.000000
-0.022686 -0.907188 0.010330 0.000000
0.514686 0.047984 0.202069 0.000000
0.213251 -0.980928 0.020652 0.000000
0.122039 -1.243624 0.073960 0.000000
0.274889 -0.362744 0.019362 0.000000
0.210291 -0.378859 0.018184 0.000000
0.344148 0.319462 0.024504 0.000000
0.342161 0.287628 0.022170 0.000000
0.398969 0.218381 0.006285 0.000000
0.256653 -0.514059 0.019014 0.000000
0.230660 -0.815916 0.016600 0.000000
0.290767 0.276206 0.029213 0.000000
0.356981 0.010435 0.062913 0.000000
0.383127 -0.038017 0.086611 0.000000
0.467904 -0.215315 -0.149498 0.000000
0.406024 0.125438 0.002003 0.000000
0.511566 -0.113293 -0.042931 0.000000
0.340353 0.359580 0.030173 0.000000
0.132198 -1.231484 0.036140 0.000000
0.259871 -0.375289 0.019499 0.000000
0.381289 0.314305 0.058089 0.000000
0.162648 -0.467928 0.021606 0.000000
0.150871 0.073344 -0.042726 0.000000
0.335229 0.292388 0.018400 0.000000
0.215270 -1.025549 -0.094888 1.000000
0.196620 -1.256418 -0.280880 1.000000
0.203942 -1.141155 -0.175749 1.000000
0.445904 -0.022989 -0.017483 0.000000
0.318433 0.026629 0.045543 0.000000
0.307896 0.062158 0.050067 0.000000
0.450366 -0.214513 0.094860 0.000000
0.175818 -1.219662 0.044612 0.000000
0.094683 -0.021522 -0.071125 0.000000
0.261432 -0.288898 0.018509 0.000000
0.185506 -1.100385 0.031870 0.000000
0.281036 -0.228398 0.029288 0.000000
0.137505 -0.555157 0.044090 0.000000
0.087459 -0.680091 0.026375 0.000000
0.228838 0.173880 0.000647 0.000000
0.400858 -0.048720 -0.071463 0.000000
0.196473 -1.077614 0.045075 0.000000
0.534819 -0.144908 -0.063448 0.000000
0.347285 0.458229 0.064373 0.000000
0.167822 -1.362850 -0.373435 1.000000
0.227305 0.175871 -0.015298 0.000000
0.170209 -0.457306 0.026325 0.000000
0.199961 -0.399073 0.017248 0.000000
0.454602 0.187260 0.105279 0.000000
0.394477 0.277452 0.019629 0.000000
0.387554 0.310303 0.051011 0.000000
0.642875 -0.094906 -0.056914 0.000000
0.130640 -0.530435 0.025781 0.000000
0.272061 -0.299108 0.028829 0.000000
0.400631 -0.126185 0.081701 0.000000
0.341142 0.382908 0.055245 0.000000
0.204325 -1.053369 -0.118037 1.000000
0.397118 0.398081 0.043240 0.000000
0.334943 0.260245 0.013545 0.000000
0.202450 -1.076171 -0.132668 1.000000
0.534283 -0.415009 0.136897 0.000000
0.200591 -0.391660 0.022576 0.000000
0.628996 -0.081365 -0.055530 0.000000
0.219307 -0.866609 0.013697 0.000000
0.467448 0.147304 0.126137 0.000000
0.223547 -0.352655 0.016908 0.000000
0.211518 0.154118 -0.007342 0.000000
0.216804 -0.936204 -0.019166 1.000000
0.212117 -0.887763 0.014438 0.000000
0.203663 -1.007241 -0.069007 1.000000
0.069605 -0.672038 0.025805 0.000000
0.331529 0.202973 0.051708 0.000000
0.190044 -0.138781 -0.085895 0.000000
0.335808 0.414269 0.057772 0.000000
0.380334 -0.053888 0.057451 0.000000
0.242286 -0.677704 0.014811 0.000000
0.150243 -1.163991 0.058201 0.000000
-0.021292 -0.928732 -0.001049 0.000000
0.388645 0.394432 0.039417 0.000000
0.193742 -1.130948 0.019587 0.000000
0.212629 -0.975253 -0.044049 1.000000
0.200563 -1.191427 -0.231398 1.000000
0.014258 -0.820587 0.021309 0.000000
0.489213 -0.319626 0.104177 0.000000
0.194769 -1.017519 -0.077370 1.000000
0.232768 -0.757778 0.023091 0.000000
0.497741 -0.105003 -0.032966 0.000000
0.355736 0.015016 0.070835 0.000000
0.407601 0.112446 0.004589 0.000000
0.182941 -1.251827 -0.281830 1.000000
0.325753 0.029464 -0.010233 0.000000
0.348529 0.369680 0.025551 0.000000
0.341681 0.096240 -0.005639 0.000000
0.228853 -0.929048 -0.015233 1.000000
0.408913 -0.096758 -0.093722 0.000000
0.266769 -0.329768 0.017504 0.000000
0.320243 0.124911 0.049564 0.000000
0.189741 -1.036432 0.033413 0.000000
0.126267 -0.545371 0.024903 0.000000
0.165764 -1.344425 -0.351323 1.000000
0.231529 -0.726350 0.020333 0.000000
0.279413 -0.190946 0.035471 0.000000
0.341719 0.274635 0.013753 0.000000
0.299824 -0.041272 0.044776 0.000000
0.177687 -1.282541 0.031769 0.000000
0.396663 0.364448 0.032905 0.000000
0.176603 -1.178409 0.040898 0.000000
0.188631 -1.049106 0.021051 0.000000
0.180921 -1.160437 0.053800 0.000000
0.457129 -0.014360 -0.004990 0.000000
0.342316 0.305328 0.023344 0.000000
0.382033 0.020977 -0.027005 0.000000
0.324075 0.190222 0.053273 0.000000
0.042727 -0.293845 -0.245642 0.000000
0.163501 -1.083484 0.028000 0.000000
0.315630 0.074718 0.037424 0.000000
0.514658 -0.370547 0.104458 0.000000
0.198161 -1.044360 0.029978 0.000000
0.169308 -0.470052 0.033935 0.000000
0.423879 0.062423 0.003042 0.000000
-0.025981 -0.939066 0.007940 0.000000
0.427463 0.241042 0.027102 0.000000
0.337624 0.072207 0.046990 0.000000
0.438302 0.210505 0.022516 0.000000
0.261675 -0.538272 0.014719 0.000000
-0.017210 -0.912452 0.004855 0.000000
0.235624 -0.726760 0.006163 0.000000
0.219996 -0.950445 0.021239 0.000000
0.246392 -0.580906 0.022418 0.000000
0.458195 -0.192345 -0.142673 0.000000
0.191398 -0.430801 0.033116 0.000000
0.420451 -0.133436 -0.109949 0.000000
0.221683 -0.836149 0.012932 0.000000
0.334111 -0.058333 0.009075 0.000000
0.300036 -0.141074 0.026200 0.000000
0.224811 -0.906818 0.017068 0.000000
0.323632 0.246347 0.045971 0.000000
0.321492 0.095395 0.061104 0.000000
0.173079 -1.211608 0.041896 0.000000
0.514622 -0.386028 0.127461 0.000000
0.400610 0.164030 0.011883 0.000000
0.509110 0.078462 -0.001072 0.000000
0.186914 -1.183753 0.048566 0.000000
0.246641 -0.612170 0.018667 0.000000
0.533557 0.039042 -0.011195 0.000000
0.271117 -0.443325 0.019075 0.000000
0.437037 0.210282 0.083218 0.000000
0.146813 -1.181827 0.049385 0.000000
0.032706 -0.119552 -0.124148 0.000000
0.239691 -0.014793 -0.032018 0.000000
0.487792 0.091778 0.170950 0.000000
0.226987 -0.846351 0.018491 0.000000
0.396009 -0.080959 0.084168 0.000000
0.326098 0.336131 0.057208 0.000000
0.157969 -0.205549 -0.120113 0.000000
0.631293 -0.089960 -0.052194 0.000000
0.202556 -1.172278 -0.201411 1.000000
0.194422 -1.141292 -0.177803 1.000000
0.301042 -0.072086 0.038842 0.000000
0.085496 -0.644817 0.028767 0.000000
0.410347 -0.116784 0.086508 0.000000
0.164679 -1.095090 0.039811 0.000000
0.124271 -0.590976 0.034588 0.000000
0.467838 -0.260163 0.098565 0.000000
0.294023 -0.086973 0.034309 0.000000
0.401152 0.182396 0.001233 0.000000
0.196126 -1.069755 0.042910 0.000000
0.196137 -0.416065 0.040645 0.000000
0.282140 0.122348 -0.009713 0.000000
0.331885 -0.031574 0.015049 0.000000
0.460633 -0.202114 -0.146550 0.000000
0.415739 0.096563 -0.014891 0.000000
0.179381 -1.258796 0.058596 0.000000
0.411612 -0.088684 -0.089406 0.000000
0.392616 0.340973 0.026923 0.000000
0.002489 -0.858732 0.022667 0.000000
0.269658 0.233903 0.011434 0.000000
0.100319 -0.271931 -0.200007 0.000000
0.554445 -0.433835 0.129487 0.000000
0.167490 -1.194533 0.036218 0.000000
0.367696 0.034149 -0.027472 0.000000
0.072420 -0.287236 -0.220826 0.000000
0.191285 -1.040390 0.026140 0.000000
0.238891 -0.697412 0.017644 0.000000
0.222546 -0.978127 -0.055047 1.000000
0.389376 0.286630 0.022904 0.000000
0.413035 -0.141860 0.084419 0.000000
0.148793 -0.490802 0.020812 0.000000
0.240558 -0.649748 0.018278 0.000000
0.586615 -0.451105 0.140193 0.000000
0.058222 -0.070406 -0.093564 0.000000
0.257200 -0.453634 0.011192 0.000000
0.121650 -1.198665 0.033271 0.000000
0.271834 -0.343530 0.013486 0.000000
0.561235 0.011353 -0.017175 0.000000
0.393366 0.226109 0.011869 0.000000
0.253705 -0.570371 0.014799 0.000000
0.323848 0.025497 0.005810 0.000000
0.325151 0.017760 -0.000328 0.000000
0.458243 0.167327 0.014097 0.000000
0.304247 -0.061896 0.040509 0.000000
0.347642 0.037987 0.061335 0.000000
0.229049 -0.764184 0.005041 0.000000
0.486467 -0.343452 0.120715 0.000000
0.217581 -0.965670 0.019372 0.000000
0.647011 -0.496267 0.151707 0.000000
0.160480 -1.105156 0.026689 0.000000
0.292773 -0.190665 0.026746 0.000000
0.471949 -0.063854 -0.027867 0.000000
0.200106 -0.105738 -0.069249 0.000000
0.253156 0.220640 0.019601 0.000000
0.534494 0.047422 -0.008400 0.000000
0.267385 -0.280334 0.030102 0.000000
0.264839 -0.457089 0.018040 0.000000
0.327619 0.179390 0.053537 0.000000
0.151319 -1.176189 0.039345 0.000000
0.449744 0.185385 0.017653 0.000000
0.340925 0.328129 0.023892 0.000000
0.398525 0.387992 0.043109 0.000000
0.270292 -0.291503 0.017881 0.000000
0.339503 -0.086701 0.009928 0.000000
0.058893 -0.729342 0.021934 0.000000
0.246759 -0.663783 0.023618 0.000000
0.149527 -0.221651 -0.137099 0.000000
0.206771 -1.114758 -0.167930 1.000000
0.169104 -1.321778 -0.344781 1.000000
0.172529 -1.227900 0.038999 0.000000
0.033820 -0.117665 -0.112187 0.000000
0.303800 -0.099485 0.042709 0.000000
0.129778 0.022194 -0.046531 0.000000
0.342553 0.435595 0.057889 0.000000
0.114711 0.016445 -0.054736 0.000000
0.504904 -0.359552 0.110853 0.000000
0.392120 0.262125 0.019133 0.000000
0.334442 0.200113 0.009085 0.000000
0.227400 -0.347983 0.022993 0.000000
0.315623 0.094025 0.043941 0.000000
0.217984 -0.910511 -0.003055 1.000000
0.303945 -0.047042 0.040716 0.000000
0.193477 -1.079756 -0.131572 1.000000
0.349708 0.418465 0.037620 0.000000
0.374233 -0.028760 0.078045 0.000000
0.154310 -1.212759 0.042979 0.000000
0.193095 -1.098690 0.040060 0.000000
0.273983 0.104214 -0.010043 0.000000
0.210143 -0.369812 0.013044 0.000000
0.421526 -0.185096 0.093689 0.000000
0.074974 -0.689239 0.023980 0.000000
0.335274 0.288762 0.052159 0.000000
0.395628 0.302031 0.028306 0.000000
0.022364 -0.840336 0.005665 0.000000
0.102298 -0.005203 -0.061459 0.000000
0.396845 0.374204 0.036481 0.000000
0.351064 0.088897 -0.013193 0.000000
0.207389 -0.397693 0.032339 0.000000
0.454109 0.170528 0.110287 0.000000
0.523325 -0.121560 -0.048931 0.000000
0.387165 -0.097993 0.071988 0.000000
0.225861 -0.034222 -0.041289 0.000000
0.328027 0.325903 0.055807 0.000000
0.169838 -1.250166 0.033291 0.000000
0.195379 -0.419087 0.026769 0.000000
0.160133 -1.318938 -0.340865 1.000000
0.307647 0.002820 0.042418 0.000000
0.141379 -1.154159 0.032736 0.000000
0.077303 -0.038041 -0.076715 0.000000
-0.090294 -1.086564 -0.029083 0.000000
0.254144 0.067873 -0.022819 0.000000
0.305480 -0.014184 0.038588 0.000000
0.412013 0.077385 -0.013726 0.000000
0.419146 -0.137677 0.087736 0.000000
0.211583 -1.034014 -0.105979 1.000000
0.113424 -0.615273 0.026677 0.000000
0.422776 -0.154677 0.091322 0.000000
0.490672 -0.261930 -0.152415 0.000000
0.479060 -0.304342 0.106556 0.000000
0.178706 -1.049763 0.025407 0.000000
0.334746 0.192123 0.003491 0.000000
0.145611 0.060559 -0.041486 0.000000
0.237031 0.038751 -0.033091 0.000000
0.245215 -0.642264 0.014844 0.000000
0.183820 -1.136121 0.036793 0.000000
0.201829 -1.099742 0.029874 0.000000
0.179423 -0.432173 0.023500 0.000000
0.390048 0.465901 0.043656 0.000000
0.259648 -0.526016 0.025966 0.000000
0.413276 0.262120 0.077372 0.000000
0.429879 -0.153251 -0.117135 0.000000
0.325661 0.000563 0.001852 0.000000
0.232280 -0.752283 0.012132 0.000000
0.056029 -0.706507 0.030879 0.000000
0.190468 -1.207252 -0.240022 1.000000
0.342513 0.342282 0.018510 0.000000
0.178985 -1.288728 -0.312608 1.000000
0.412911 0.092239 0.000025 0.000000
0.035203 -0.771047 0.023790 0.000000
0.439493 0.212042 0.092465 0.000000
0.348417 0.482486 0.058230 0.000000
0.528973 -0.405300 0.124045 0.000000
0.354617 -0.116543 0.007849 0.000000
0.260122 -0.493181 0.015819 0.000000
0.169595 -1.297816 -0.319007 1.000000
0.174628 -1.235505 0.034944 0.000000
0.031866 -0.755558 0.028669 0.000000
0.313274 0.305157 0.035886 0.000000
0.038266 -0.804466 0.014279 0.000000
0.318874 0.196068 0.052576 0.000000
0.622806 -0.482153 0.152068 0.000000
0.223579 -0.859742 0.011776 0.000000
0.209155 0.144877 -0.019115 0.000000
0.138907 -0.513538 0.026263 0.000000
0.165867 -1.227422 0.054693 0.000000
0.316230 0.011478 0.045677 0.000000
0.403172 0.198116 0.001880 0.000000
0.619780 -0.474657 0.148149 0.000000
0.247126 -0.623464 0.015147 0.000000
0.308013 -0.035912 0.038335 0.000000
0.332406 0.387904 0.060268 0.000000
0.144635 -1.219324 0.042061 0.000000
0.193133 -1.217120 -0.235418 1.000000
0.459473 -0.237771 0.102398 0.000000
0.702478 -0.142132 -0.077622 0.000000
0.005566 -0.837255 0.021253 0.000000
-0.027293 -0.925701 0.012027 0.000000
0.168484 0.077778 -0.026868 0.000000
0.607207 -0.043747 -0.054247 0.000000
0.290217 0.266907 0.029847 0.000000
0.424429 0.250598 0.023484 0.000000
0.336156 0.143019 -0.001978 0.000000
0.440499 -0.182017 0.092679 0.000000
0.295826 -0.117132 0.038794 0.000000
0.209253 -1.089179 -0.143101 1.000000
0.221955 0.164668 -0.006485 0.000000
0.086709 -0.672675 0.033097 0.000000
0.567502 -0.005995 -0.029565 0.000000
0.546277 0.010704 -0.021643 0.000000
0.577490 -0.448986 0.137155 0.000000
0.296253 0.151189 -0.007931 0.000000
0.471306 0.134080 0.134934 0.000000
0.063592 -0.701731 0.025915 0.000000
-0.057116 -1.004475 -0.010974 0.000000
0.491849 -0.326601 0.096403 0.000000
0.536894 -0.414288 0.116569 0.000000
0.435857 0.025861 -0.009612 0.000000
0.190872 -1.200132 -0.235173 1.000000
0.295801 0.152165 0.008705 0.000000
0.018601 -0.148811 -0.132605 0.000000
0.386502 -0.026212 -0.057726 0.000000
0.171213 -1.194420 0.056224 0.000000
0.151595 -1.163986 0.047532 0.000000
0.230608 -0.337940 0.018886 0.000000
0.290762 -0.106116 0.036902 0.000000
-0.007077 -0.889972 0.003104 0.000000
0.465037 -0.050176 -0.023944 0.000000
0.264308 -0.343597 0.015567 0.000000
0.178821 -1.274890 0.020667 0.000000
0.495263 -0.340516 0.109207 0.000000
0.261059 -0.422364 0.012857 0.000000
0.202958 -0.982020 -0.046982 1.000000
0.359964 0.048338 -0.029184 0.000000
0.528646 -0.399587 0.115910 0.000000
0.203655 -1.121787 -0.179269 1.000000
0.280175 -0.244030 0.027985 0.000000
0.167040 -1.224833 0.032727 0.000000
0.426852 -0.200329 0.092970 0.000000
0.183523 -0.442495 0.038820 0.000000
0.209441 -1.049836 -0.107912 1.000000
-0.053916 -0.989898 -0.011466 0.000000
0.718721 -0.151205 -0.081769 0.000000
0.261973 -0.407941 0.019840 0.000000
0.275658 -0.301999 0.017086 0.000000
0.487307 -0.077313 -0.024669 0.000000
0.196612 -1.027230 -0.082667 1.000000
0.213182 -0.902975 0.012256 0.000000
0.258557 -0.535703 0.025957 0.000000
0.273070 0.090416 0.000058 0.000000
0.180569 -1.262674 0.020586 0.000000
0.272549 -0.323765 0.014935 0.000000
0.236049 -0.664802 0.010205 0.000000
0.405078 0.141543 0.003018 0.000000
-0.014447 -0.890283 0.016132 0.000000
0.206464 -1.036180 0.041955 0.000000
0.252673 -0.627420 0.010661 0.000000
0.269646 -0.373670 0.020151 0.000000
0.411412 0.138538 -0.010242 0.000000
0.337163 0.168386 0.010895 0.000000
0.675582 -0.119632 -0.064919 0.000000
0.318716 0.111822 0.044401 0.000000
0.211699 -0.038804 -0.048288 0.000000
0.273192 -0.263545 0.026477 0.000000
0.447854 -0.208632 0.100138 0.000000
0.537523 -0.154078 -0.070837 0.000000
0.519966 -0.392224 0.120976 0.000000
0.232093 -0.764880 0.013882 0.000000
0.188550 -1.203763 0.056541 0.000000
0.187874 0.115542 -0.021543 0.000000
0.364555 -0.128142 0.004600 0.000000
0.287849 -0.142215 0.031404 0.000000
-0.036990 -0.941650 0.007241 0.000000
0.343112 0.217600 0.007590 0.000000
0.146224 -1.196188 0.052035 0.000000
0.260119 -0.285889 0.025439 0.000000
0.144802 -1.145332 0.043997 0.000000
0.376304 -0.049987 0.074872 0.000000
0.159065 0.067667 -0.030030 0.000000
0.473523 -0.055169 -0.019322 0.000000
0.496019 0.089666 0.169386 0.000000
0.182645 -1.172591 0.020785 0.000000
0.204421 -1.152359 -0.193882 1.000000
0.204219 -1.080374 0.038948 0.000000
0.266454 -0.364973 0.019254 0.000000
0.450903 -0.236558 0.098683 0.000000
0.193043 -1.145069 0.025330 0.000000
0.143413 -1.164320 0.045245 0.000000
0.195656 -1.005896 -0.070713 1.000000
0.149703 -1.157483 0.042439 0.000000
0.333258 0.362441 0.053643 0.000000
0.414709 0.266001 0.027992 0.000000
0.295506 -0.093929 0.038319 0.000000
0.147666 -1.173375 0.047539 0.000000
0.546664 -0.425179 0.134569 0.000000
0.399545 0.168960 0.003985 0.000000
0.479320 0.124887 0.007054 0.000000
0.268864 -0.500437 0.012753 0.000000
-0.042929 -0.961536 -0.004833 0.000000
0.435329 0.015738 -0.017126 0.000000
0.134866 0.033584 -0.043757 0.000000
0.307046 -0.049225 0.034102 0.000000
0.265157 0.226819 0.002543 0.000000
0.331589 -0.000010 -0.004818 0.000000
0.235340 -0.740456 0.014948 0.000000
0.230384 -0.798584 0.014508 0.000000
0.188598 -1.122447 0.049026 0.000000
0.369918 -0.134700 -0.001157 0.000000
0.184760 -1.075059 0.030420 0.000000
0.123931 0.036462 -0.051465 0.000000
0.685345 -0.130759 -0.071076 0.000000
0.448374 -0.261872 0.106700 0.000000
0.330437 -0.009264 -0.004567 0.000000
0.184296 -1.048374 0.033580 0.000000
0.179981 -1.130663 0.040727 0.000000
0.418293 -0.189288 0.087217 0.000000
0.336629 0.309984 0.021408 0.000000
0.213514 -1.038566 0.035154 0.000000
0.478604 -0.284694 0.098339 0.000000
0.389453 0.428146 0.044464 0.000000
0.246564 -0.551309 0.020571 0.000000
0.306820 -0.082359 0.038983 0.000000
0.510968 -0.380702 0.122979 0.000000
0.343785 0.394622 0.036519 0.000000
0.327348 0.044715 -0.007952 0.000000
0.333784 -0.026065 0.008464 0.000000
0.399646 -0.058888 -0.073529 0.000000
0.096101 -0.272691 -0.191917 0.000000
0.439307 -0.232784 0.099153 0.000000
0.141473 -0.550098 0.038776 0.000000
0.218711 -0.924826 -0.010909 1.000000
0.015219 -0.846352 0.014307 0.000000
0.475756 -0.228383 -0.151338 0.000000
0.182847 -1.116927 0.042576 0.000000
0.516846 -0.381063 0.112385 0.000000
0.291496 -0.153604 0.024107 0.000000
0.163376 -1.376628 -0.395259 1.000000
0.452772 -0.225417 0.096575 0.000000
0.432247 0.042304 -0.007457 0.000000
0.154687 -0.522333 0.034676 0.000000
0.174671 -1.249418 0.060882 0.000000
0.195440 -1.004501 0.028480 0.000000
0.184824 -1.127983 0.027236 0.000000
0.195956 -1.119894 -0.183773 1.000000
0.471681 -0.306359 0.112697 0.000000
0.206287 -1.050942 0.023566 0.000000
0.264142 -0.401217 0.024444 0.000000
0.294204 0.144883 0.007423 0.000000
0.324412 0.007996 0.011064 0.000000
0.228379 -0.786920 0.006473 0.000000
0.305494 0.163860 0.002597 0.000000
0.693264 -0.133309 -0.071889 0.000000
0.181379 -1.165753 0.047751 0.000000
0.204612 -1.038770 -0.082352 1.000000
0.496168 -0.354523 0.118911 0.000000
0.402988 -0.076638 -0.082823 0.000000
0.193874 -0.100261 -0.066388 0.000000
0.144074 -0.229761 -0.143647 0.000000
0.273918 -0.336786 0.017490 0.000000
0.503163 0.068789 0.177247 0.000000
0.168846 -1.324067 -0.335106 1.000000
0.462344 -0.276415 0.103347 0.000000
0.457514 -0.029172 -0.017860 0.000000
0.190134 -0.413449 0.025073 0.000000
0.218669 -0.021820 -0.042853 0.000000
0.432434 -0.152496 0.088300 0.000000
0.253629 -0.541401 0.020599 0.000000
0.209031 -0.912505 -0.001818 1.000000
0.208160 -1.018671 0.022832 0.000000
0.371681 -0.031422 0.066037 0.000000
0.335002 0.088972 -0.007293 0.000000
0.194414 -1.040982 0.038179 0.000000
0.152368 -1.113439 0.022725 0.000000
0.168883 -1.100208 0.036275 0.000000
0.178124 -1.090402 0.037515 0.000000
0.453113 -0.021344 -0.018763 0.000000
0.215559 -0.913351 0.013242 0.000000
0.034412 -0.793504 0.014799 0.000000
0.410425 0.107523 -0.001652 0.000000
0.334265 -0.061605 0.002333 0.000000
0.260800 -0.474029 0.018940 0.000000
0.016230 -0.142627 -0.127027 0.000000
0.305768 0.156489 -0.004231 0.000000
0.167473 -1.217478 0.048368 0.000000
0.629817 -0.480583 0.149960 0.000000
0.166209 -1.173066 0.044490 0.000000
0.341761 0.446337 0.058925 0.000000
0.319193 0.212203 0.049811 0.000000
0.280906 0.258263 0.031417 0.000000
0.341365 0.058805 0.046888 0.000000
0.392578 -0.095767 0.065467 0.000000
0.208942 -0.077660 -0.064885 0.000000
0.258387 0.217564 0.024361 0.000000
0.290288 0.146521 -0.004340 0.000000
0.489494 -0.332144 0.110966 0.000000
0.201633 -1.050849 -0.111536 1.000000
0.203957 -1.039188 0.029312 0.000000
0.662322 -0.507334 0.163206 0.000000
0.229903 -0.979400 -0.055101 1.000000
0.298392 -0.131061 0.042658 0.000000
0.239395 -0.705597 0.016632 0.000000
0.044855 -0.738620 0.028082 0.000000
0.186957 -1.244075 0.057425 0.000000
0.313786 0.053682 0.050078 0.000000
0.467913 -0.288760 0.107758 0.000000
0.283919 -0.197475 0.033064 0.000000
0.325654 -0.024235 -0.003971 0.000000
0.386596 0.303760 0.066471 0.000000
0.210896 -1.033513 0.014310 0.000000
0.132026 -1.233925 0.055654 0.000000
0.307886 0.302051 0.043173 0.000000
0.204915 0.136283 -0.007797 0.000000
0.233341 -0.909237 -0.001781 1.000000
0.303474 0.293448 0.035307 0.000000
0.238732 0.190970 0.014923 0.000000
0.161037 -1.309148 0.038725 0.000000
0.170796 -1.334040 0.064212 0.000000
0.144266 -1.226202 0.044895 0.000000
-0.014887 -0.898083 0.010518 0.000000
0.154095 -1.149487 0.048043 0.000000
0.229048 -0.842078 0.011712 0.000000
0.160928 -0.494262 0.033230 0.000000
-0.103648 -1.111477 -0.037099 0.000000
0.135403 -0.550923 0.034212 0.000000
0.149808 -1.210513 0.051794 0.000000
0.374427 0.022973 -0.036764 0.000000
0.134709 -0.540201 0.028530 0.000000
0.567483 -0.186014 -0.106670 0.000000
0.137647 -1.221283 0.058516 0.000000
0.183463 -1.189746 0.045304 0.000000
0.165439 -1.217225 0.055691 0.000000
0.194668 -1.244578 -0.274745 1.000000
-0.037862 -0.973011 -0.011995 0.000000
0.394403 0.327353 0.034296 0.000000
0.331289 0.118206 -0.003385 0.000000
0.299795 -0.072313 0.031555 0.000000
0.591978 -0.018899 -0.039838 0.000000
0.200280 0.132503 -0.014640 0.000000
0.195790 -1.027802 0.030656 0.000000
0.339550 0.253003 0.010150 0.000000
0.141912 -0.523256 0.032188 0.000000
0.461629 -0.042863 -0.022917 0.000000
0.320325 0.032162 -0.006019 0.000000
0.096251 -0.602441 0.027477 0.000000
0.168401 0.095626 -0.037244 0.000000
0.178631 -1.161990 0.039689 0.000000
0.383170 0.487735 0.051476 0.000000
0.233682 -0.833029 0.010505 0.000000
0.342079 -0.080209 0.016090 0.000000
0.166638 -1.241574 0.033903 0.000000
-0.036257 -0.958212 -0.003566 0.000000
0.461649 -0.244782 0.100959 0.000000
0.172370 -1.285282 -0.308295 1.000000
0.607056 -0.051004 -0.053052 0.000000
0.289660 -0.141276 0.039670 0.000000
0.338289 0.219556 0.013067 0.000000
0.200338 -0.410052 0.040113 0.000000
0.346165 0.469598 0.059031 0.000000
0.348337 -0.101718 0.021941 0.000000
0.230294 -0.775820 0.013162 0.000000
0.291340 -0.152235 0.036721 0.000000
0.267612 -0.517413 0.015373 0.000000
0.135385 -0.238667 -0.147804 0.000000
0.258244 0.216795 0.009482 0.000000
0.248216 -0.574368 0.010027 0.000000
0.416612 -0.168584 0.087543 0.000000
0.399062 0.306456 0.036467 0.000000
0.208935 -1.039229 -0.101383 1.000000
0.119064 -0.559115 0.022695 0.000000
0.038665 -0.748029 0.028327 0.000000
0.174530 -1.184319 0.037099 0.000000
0.430363 -0.165244 0.091462 0.000000
0.349199 0.475494 0.062142 0.000000
0.120086 -0.256753 -0.167268 0.000000
0.218854 -0.818985 0.011886 0.000000
0.178912 -1.273730 0.059150 0.000000
0.390945 0.316864 0.028513 0.000000
0.225479 -0.950691 -0.030454 1.000000
0.176814 -1.214415 0.036282 0.000000
0.195326 -1.093736 0.024249 0.000000
0.392527 -0.023676 -0.052728 0.000000
0.315234 0.160044 0.047195 0.000000
0.218378 -1.035638 -0.103872 1.000000
0.196329 -1.004589 0.021240 0.000000
0.093410 -0.014484 -0.067065 0.000000
0.265185 -0.382825 0.026348 0.000000
0.654117 -0.103616 -0.065958 0.000000
0.238476 -0.720457 0.016760 0.000000
0.323352 -0.006383 0.009767 0.000000
0.217359 -0.880451 0.013095 0.000000
0.249198 -0.608981 0.024701 0.000000
0.318114 0.099762 0.049733 0.000000
0.445988 -0.229204 0.095291 0.000000
0.335485 0.336585 0.058218 0.000000
0.429889 -0.179485 0.095926 0.000000
0.218915 -0.895063 0.008001 0.000000
0.368941 0.351065 0.042324 0.000000
0.196903 -1.143273 -0.196568 1.000000
0.219592 -0.030440 -0.044576 0.000000
0.437355 -0.219192 0.095616 0.000000
0.223515 -0.885186 0.008201 0.000000
0.138003 -1.227913 0.039464 0.000000
0.360727 -0.002669 0.055207 0.000000
0.182254 -1.136370 0.021889 0.000000
0.386346 0.452245 0.038879 0.000000
0.442123 -0.226159 0.102154 0.000000
0.351677 0.459753 0.044542 0.000000
0.130309 -1.203074 0.064018 0.000000
0.066934 -0.686835 0.028587 0.000000
0.341855 0.370785 0.028169 0.000000
0.386905 -0.074527 0.071889 0.000000
0.238758 -0.330304 0.016113 0.000000
0.260253 -0.301568 0.031310 0.000000
0.447788 -0.019562 -0.023590 0.000000
0.402864 0.154302 0.006116 0.000000
0.184281 -1.241084 -0.275014 1.000000
0.178961 -1.042036 0.031477 0.000000
0.387907 0.203462 0.010243 0.000000
0.128939 -1.153710 0.032500 0.000000
0.263035 -0.523327 0.010754 0.000000
0.255827 -0.443065 0.021816 0.000000
0.148513 -0.510665 0.027572 0.000000
0.222504 -0.841138 0.007763 0.000000
0.192239 -1.063761 0.032057 0.000000
0.270922 -0.273834 0.035231 0.000000
0.331094 0.349844 0.057203 0.000000
0.213032 -0.378230 0.034084 0.000000
0.577367 -0.195109 -0.120579 0.000000
0.273647 -0.292484 0.031232 0.000000
0.180760 -1.233178 0.055675 0.000000
0.299230 -0.100131 0.035401 0.000000
0.480318 0.121755 0.142422 0.000000
0.067454 -0.653011 0.028930 0.000000
0.507493 -0.366135 0.112284 0.000000
0.279512 0.116049 -0.007368 0.000000
0.567073 0.001335 -0.027196 0.000000
0.145725 -1.185303 0.057660 0.000000
0.138616 -1.160459 0.030574 0.000000
0.345878 0.358752 0.025365 0.000000
0.328400 0.289079 0.054311 0.000000
0.513222 0.043791 0.213669 0.000000
0.119596 -1.248385 0.033954 0.000000
0.108827 -1.301342 0.035151 0.000000
0.080295 -1.354202 0.086685 0.000000
0.394288 0.291383 0.067163 0.000000
0.027181 -0.297942 -0.248772 0.000000
0.277845 -0.304454 0.025920 0.000000
0.415298 0.084258 0.005223 0.000000
0.159137 -1.171499 0.042771 0.000000
0.386310 -0.067596 0.074463 0.000000
0.199775 -0.966076 -0.031227 1.000000
0.076307 -0.056321 -0.078492 0.000000
0.191128 -1.194459 -0.240890 1.000000
0.566354 -0.441318 0.138908 0.000000
0.226183 -0.810205 0.014738 0.000000
0.158361 -1.132678 0.051400 0.000000
0.387510 0.220830 0.015959 0.000000
0.274240 -0.230575 0.030186 0.000000
0.572838 -0.014443 -0.029164 0.000000
0.037035 -0.109972 -0.114295 0.000000
0.269446 -0.316533 0.025533 0.000000
0.212082 -1.031166 0.030172 0.000000
0.137539 -1.211919 0.048285 0.000000
0.254158 -0.300841 0.024967 0.000000
0.275701 -0.288901 0.023281 0.000000
0.487016 0.098062 0.161745 0.000000
0.187345 -1.187201 0.059143 0.000000
0.236879 0.186803 -0.004188 0.000000
0.201912 -1.059649 0.033895 0.000000
0.531445 0.037670 -0.018562 0.000000
0.320373 0.065273 0.044316 0.000000
0.395452 0.243042 0.012470 0.000000
0.351134 0.431311 0.037187 0.000000
0.442287 0.008855 -0.010973 0.000000
0.238503 0.184656 0.003902 0.000000
0.342213 0.282728 0.016658 0.000000
0.177307 -1.256867 0.035980 0.000000
0.250733 -0.635647 0.015326 0.000000
0.202391 -1.152679 -0.186065 1.000000
0.320664 0.188184 0.047114 0.000000
0.327970 0.240337 0.051552 0.000000
0.204237 -0.986340 0.024879 0.000000
0.195272 -1.111988 0.039728 0.000000
0.168566 -1.171366 0.029144 0.000000
0.201776 -1.020774 0.032444 0.000000
0.049520 -0.089279 -0.103967 0.000000
0.116980 -1.280965 0.058347 0.000000
0.219634 -0.857301 0.018220 0.000000
0.335021 0.231711 0.006201 0.000000
0.140935 -1.209486 0.037876 0.000000
0.481973 0.113382 0.001103 0.000000
0.218826 -0.942158 -0.022669 1.000000
0.192168 -1.012784 0.021069 0.000000
0.365893 -0.021748 0.057380 0.000000
0.182855 -1.287135 -0.304475 1.000000
-0.028785 -0.951076 -0.004909 0.000000
0.337992 0.068874 0.055296 0.000000
0.333293 0.077947 0.051116 0.000000
0.334218 -0.084477 0.005505 0.000000
0.336720 0.119937 0.002660 0.000000
0.172329 -1.211918 0.053223 0.000000
0.317561 0.135649 0.043654 0.000000
0.235498 -0.731910 0.015356 0.000000
0.199014 -1.140340 -0.183172 1.000000
-0.006200 -0.886194 0.009086 0.000000
0.326357 0.090053 0.054482 0.000000
0.111823 -0.567119 0.026162 0.000000
-0.026123 -0.933123 0.001806 0.000000
-0.047615 -0.986596 -0.011863 0.000000
0.275408 -0.317962 0.019030 0.000000
0.149065 -1.155565 0.054230 0.000000
0.332485 0.304675 0.051510 0.000000
0.404370 -0.091060 0.088863 0.000000
0.034844 -0.786984 0.019194 0.000000
0.195028 -0.407710 0.026272 0.000000
0.325269 0.056765 -0.010710 0.000000
0.411726 0.274414 0.029310 0.000000
0.199894 -1.089716 -0.146602 1.000000
0.379275 -0.056269 0.067416 0.000000
0.240381 -0.636498 0.021324 0.000000
0.317286 0.107335 0.054554 0.000000
0.271070 -0.333739 0.027883 0.000000
0.472299 -0.220821 -0.150409 0.000000
0.216105 -0.902185 0.018681 0.000000
0.389816 0.336117 0.035821 0.000000
0.491334 0.107478 0.005427 0.000000
0.238845 -0.694317 0.006043 0.000000
0.171794 -0.180933 -0.108762 0.000000
0.456704 -0.273428 0.106585 0.000000
0.585637 -0.031024 -0.038195 0.000000
0.171259 -1.281389 0.036731 0.000000
0.024907 -0.829742 0.012460 0.000000
0.154497 -0.499065 0.031804 0.000000
0.388907 0.212284 0.008721 0.000000
0.252092 -0.527977 0.016101 0.000000
0.210516 -0.946647 0.020539 0.000000
0.284942 -0.221886 0.033084 0.000000
0.183112 -1.328513 -0.346600 1.000000
0.242161 -0.599502 0.022871 0.000000
0.193233 -1.187529 -0.221294 1.000000
0.254577 -0.481348 0.013458 0.000000
0.254234 -0.586690 0.009825 0.000000
0.244532 -0.696573 0.021843 0.000000
0.111128 0.008540 -0.056851 0.000000
0.664114 -0.111920 -0.061017 0.000000
0.133350 -0.578071 0.037823 0.000000
0.145241 -1.211193 0.044263 0.000000
0.263735 -0.345952 0.025265 0.000000
0.324213 0.113095 0.048672 0.000000
0.363414 0.038825 -0.024286 0.000000
0.172764 -0.136950 -0.086538 0.000000
0.297859 -0.148797 0.029604 0.000000
0.523655 -0.392892 0.114758 0.000000
0.430938 0.232808 0.088223 0.000000
0.351942 0.011653 0.054675 0.000000
0.264775 0.105777 -0.018263 0.000000
0.231109 -0.897012 0.005967 1.000000
0.333688 0.096097 0.001464 0.000000
0.148893 -1.182550 0.041426 0.000000
0.130055 -0.563651 0.032898 0.000000
0.332093 -0.039954 0.009741 0.000000
0.351012 0.427931 0.043767 0.000000
0.203598 -1.066552 0.031261 0.000000
0.180659 -0.448882 0.037937 0.000000
0.343681 0.090378 -0.012711 0.000000
0.247023 -0.640863 0.007668 0.000000
0.237740 -0.944936 -0.033013 1.000000
0.247899 -0.313376 0.031927 0.000000
0.295718 -0.137049 0.033384 0.000000
0.116299 -0.614570 0.034421 0.000000
0.450123 -0.001842 -0.005222 0.000000
0.145276 -1.163673 0.064455 0.000000
0.337433 0.246754 0.017748 0.000000
0.345244 0.383534 0.032353 0.000000
0.193033 -1.122640 -0.164416 1.000000
0.323858 0.230160 0.054855 0.000000
0.184201 -1.115091 0.035378 0.000000
0.198708 -1.071329 0.020017 0.000000
0.327342 0.005427 -0.003457 0.000000
0.464535 -0.038516 -0.016283 0.000000
0.107943 -0.609233 0.031198 0.000000
0.136984 -1.182405 0.048153 0.000000
0.339750 0.406630 0.050630 0.000000
0.074454 -0.665182 0.027378 0.000000
0.272345 -0.369226 0.015423 0.000000
0.434193 0.216802 0.015080 0.000000
0.357819 -0.001973 0.064224 0.000000
0.497749 0.103975 0.009404 0.000000
0.736521 -0.155944 -0.080249 0.000000
0.185405 -1.016830 0.024515 0.000000
0.259069 -0.440862 0.013848 0.000000
0.386555 -0.012011 -0.049301 0.000000
0.217161 0.153787 -0.003189 0.000000
0.432032 0.238475 0.021277 0.000000
0.162457 -1.198859 0.052126 0.000000
0.205147 -1.082529 -0.135082 1.000000
0.223741 -0.803305 0.010701 0.000000
0.084376 -0.026375 -0.072397 0.000000
0.304549 -0.027303 0.045525 0.000000
0.749732 -0.166153 -0.095795 0.000000
0.340547 0.296091 0.014402 0.000000
0.355003 0.397032 0.032384 0.000000
0.182067 -0.422612 0.021708 0.000000
0.161820 -1.179146 0.044996 0.000000
0.300512 -0.061772 0.030701 0.000000
0.263455 -0.380556 0.016595 0.000000
0.340674 0.238650 0.008704 0.000000
0.333337 0.418066 0.052438 0.000000
0.081132 -0.631173 0.028151 0.000000
0.322384 0.148181 0.050964 0.000000
0.478902 -0.063119 -0.027863 0.000000
0.410752 0.114594 -0.012885 0.000000
0.245787 -0.607130 0.012467 0.000000
0.351603 0.482288 0.044695 0.000000
0.166687 0.084843 -0.026261 0.000000
0.226930 -0.006316 -0.037148 0.000000
-0.063110 -1.020225 -0.012045 0.000000
0.217819 0.148077 -0.008184 0.000000
0.388655 -0.089458 0.074506 0.000000
0.257731 -0.486816 0.020634 0.000000
0.258587 -0.507428 0.019992 0.000000
0.324708 0.214243 0.055317 0.000000
0.137655 -1.190049 0.066130 0.000000
0.231036 0.183800 -0.014443 0.000000
0.186063 -1.210773 0.037642 0.000000
0.168291 -1.053973 0.033291 0.000000
0.096462 -0.635602 0.029613 0.000000
0.389878 -0.042446 0.083418 0.000000
0.239382 -0.684808 0.015176 0.000000
0.121871 -1.325449 0.034663 0.000000
0.265121 -0.428361 0.029575 0.000000
0.492857 -0.344301 0.114704 0.000000
0.323341 0.259990 0.054999 0.000000
0.390391 0.375434 0.038775 0.000000
0.305795 -0.007133 0.034131 0.000000
0.228550 -0.984650 -0.059488 1.000000
0.325658 0.040870 0.005220 0.000000
0.157791 -0.472573 0.019812 0.000000
0.099114 -0.595234 0.027719 0.000000
0.336264 -0.049919 0.018605 0.000000
0.143453 -0.224549 -0.138846 0.000000
0.298405 -0.145754 0.040379 0.000000
0.183989 -1.258619 -0.284730 1.000000
0.270736 -0.421216 0.017353 0.000000
0.176940 -1.201001 0.050459 0.000000
0.235935 -0.770381 0.015675 0.000000
0.331294 0.058754 -0.007892 0.000000
0.263134 -0.463331 0.013460 0.000000
0.196454 -1.030898 -0.090470 1.000000
0.415436 -0.101066 -0.093482 0.000000
0.387533 0.499637 0.049417 0.000000
0.219307 -1.005955 -0.084078 1.000000
0.252019 -0.577395 0.014978 0.000000
0.392952 -0.066932 0.087692 0.000000
0.416835 0.082461 -0.009138 0.000000
0.290542 0.275012 0.038849 0.000000
-0.009576 -0.899825 0.004817 0.000000
0.193179 -1.138640 0.031352 0.000000
0.234689 0.184182 0.010731 0.000000
0.454654 0.178346 0.020937 0.000000
0.200531 -1.126236 -0.172780 1.000000
0.250307 0.207856 0.015410 0.000000
0.252893 -0.597433 0.012799 0.000000
0.422200 0.064074 -0.009371 0.000000
0.406001 0.300341 0.029232 0.000000
0.185214 -1.042766 0.018020 0.000000
0.317096 0.192079 0.006510 0.000000
0.268365 -0.484359 0.021703 0.000000
0.310270 0.084043 0.039162 0.000000
0.469081 -0.229901 -0.150336 0.000000
0.389246 0.303985 0.055641 0.000000
0.300426 -0.095268 0.047032 0.000000
0.250599 -0.584149 0.015702 0.000000
0.267130 -0.442146 0.012019 0.000000
0.671223 -0.110393 -0.064341 0.000000
0.163253 -1.356724 -0.373550 1.000000
0.130298 0.037054 -0.047603 0.000000
-0.062254 -1.026034 -0.020370 0.000000
0.047502 -0.752450 0.023646 0.000000
0.401090 0.207750 0.003496 0.000000
0.160667 -0.487903 0.029120 0.000000
-0.000090 -0.852181 0.026490 0.000000
0.211215 -0.966616 0.021849 0.000000
0.499228 0.085525 0.173863 0.000000
0.259607 0.086041 -0.022883 0.000000
0.320127 0.007086 -0.010739 0.000000
0.192709 -0.430510 0.041322 0.000000
0.331079 0.275353 0.054056 0.000000
0.231908 -0.934338 -0.019279 1.000000
0.182702 -1.131261 0.047269 0.000000
0.190914 -1.125583 0.038981 0.000000
0.199565 -1.091102 0.041392 0.000000
0.352477 0.411472 0.039415 0.000000
0.426121 -0.119818 -0.109687 0.000000
0.143898 -0.234173 -0.155258 0.000000
0.162769 -0.190859 -0.112505 0.000000
0.353239 0.409741 0.031619 0.000000
0.205834 -1.094939 -0.141561 1.000000
0.197017 -0.419534 0.033429 0.000000
0.249878 -0.561129 0.021332 0.000000
0.233349 0.017198 -0.032993 0.000000
0.349328 -0.092482 0.018825 0.000000
0.311421 0.047764 0.041501 0.000000
0.426419 -0.133301 -0.113867 0.000000
0.279067 0.245683 0.031885 0.000000
0.580146 -0.018093 -0.035606 0.000000
0.063802 -0.659135 0.029474 0.000000
0.227582 -0.891816 0.015147 0.000000
0.322953 0.245564 0.052923 0.000000
0.412268 -0.160993 0.078277 0.000000
0.390958 -0.076655 0.079796 0.000000
0.191432 0.121415 -0.021595 0.000000
0.314905 0.007444 0.039051 0.000000
0.426078 -0.138461 -0.120995 0.000000
0.195735 -1.072099 0.028261 0.000000
0.072711 -0.643736 0.028306 0.000000
0.389469 0.248110 0.019791 0.000000
0.327721 0.186505 0.045508 0.000000
0.445096 -0.001012 -0.018473 0.000000
0.321961 0.086800 0.048974 0.000000
0.370777 0.437437 0.037083 0.000000
0.265855 0.230010 0.015592 0.000000
0.214687 -0.979140 0.027106 0.000000
0.201011 -1.123884 -0.165023 1.000000
0.457800 -0.185514 -0.142933 0.000000
0.223274 -0.834169 0.019289 0.000000
0.255361 -0.520557 0.021174 0.000000
0.396812 -0.036171 -0.059820 0.000000
0.574237 -0.445467 0.144271 0.000000
-0.086350 -1.091605 -0.033228 0.000000
0.220485 -0.848372 0.017807 0.000000
0.356890 0.052059 -0.020754 0.000000
0.201382 -1.037746 -0.090922 1.000000
0.184748 -1.294584 -0.320867 1.000000
0.126564 -0.569534 0.032797 0.000000
0.339684 0.396761 0.061338 0.000000
0.401902 0.277165 0.019156 0.000000
0.185151 -1.179542 0.021968 0.000000
0.375450 -0.048989 0.060343 0.000000
0.255147 -0.539472 0.007312 0.000000
0.024130 -0.816570 0.015830 0.000000
0.180980 -1.295143 -0.311415 1.000000
0.007257 -0.847378 0.015805 0.000000
0.150785 -0.475958 0.021515 0.000000
0.129014 -0.246664 -0.158291 0.000000
0.081038 -0.652465 0.024558 0.000000
0.187996 -1.172886 0.052851 0.000000
0.200887 -0.399444 0.031269 0.000000
0.276896 -0.265570 0.034163 0.000000
0.365559 -0.013552 0.064966 0.000000
0.210890 -0.934949 -0.015808 1.000000
0.472779 -0.210942 -0.147620 0.000000
0.329081 0.073035 0.005415 0.000000
0.219475 -0.935086 0.014731 0.000000
0.246874 -0.650092 0.021302 0.000000
0.047889 -0.079240 -0.099811 0.000000
0.214959 -0.835096 0.012722 0.000000
0.404801 0.291334 0.033242 0.000000
0.171695 -0.154570 -0.091136 0.000000
0.278632 -0.281926 0.022322 0.000000
0.181247 -1.085786 0.032917 0.000000
0.167194 -1.340271 -0.356826 1.000000
0.034698 -0.298318 -0.237386 0.000000
0.447770 -0.255718 0.103867 0.000000
0.344431 0.094045 0.001359 0.000000
-0.049356 -0.984437 0.001983 0.000000
0.247037 -0.664053 0.010565 0.000000
0.497029 0.081352 -0.004166 0.000000
0.122409 0.010341 -0.050467 0.000000
0.269284 -0.386383 0.013604 0.000000
0.220715 -0.370888 0.026165 0.000000
0.208358 -0.972238 -0.038256 1.000000
0.111162 -0.262148 -0.179982 0.000000
0.444107 0.209178 0.096757 0.000000
0.417355 0.078648 0.002001 0.000000
0.478211 -0.297741 0.104823 0.000000
0.219679 -0.966832 -0.043026 1.000000
0.179283 -1.257686 -0.277982 1.000000
0.451929 -0.176752 -0.139879 0.000000
0.302977 -0.077761 0.035470 0.000000
0.390233 -0.069881 0.081475 0.000000
0.171648 -0.453361 0.020603 0.000000
0.196649 -1.010054 0.033160 0.000000
0.233959 -0.962586 -0.041390 1.000000
0.461377 -0.253881 0.099718 0.000000
0.241914 0.034082 -0.032547 0.000000
0.122302 -1.256171 0.059646 0.000000
0.258012 -0.543857 0.015856 0.000000
-0.083223 -1.077989 -0.025314 0.000000
0.224173 -0.828561 0.013720 0.000000
0.177169 -1.187204 0.048489 0.000000
0.276572 -0.272563 0.018714 0.000000
0.023142 -0.129764 -0.128097 0.000000
0.272181 0.091124 -0.006745 0.000000
0.229612 -0.863417 0.014820 0.000000
0.329372 0.253867 0.050169 0.000000
0.300860 -0.084677 0.035222 0.000000
0.030214 -0.778871 0.024996 0.000000
0.215165 -0.049646 -0.048049 0.000000
0.432870 0.048844 0.006178 0.000000
0.222177 -0.921856 0.018365 0.000000
0.172612 -1.054430 0.024949 0.000000
0.237502 -0.637707 0.010596 0.000000
0.335604 0.063813 0.059828 0.000000
0.536999 0.052769 -0.004776 0.000000
-0.001756 -0.892346 -0.000317 0.000000
0.218900 -0.961565 0.024569 0.000000
0.122081 -0.538182 0.024744 0.000000
0.203895 -1.014265 0.027452 0.000000
0.242800 -0.629201 0.010223 0.000000
0.058506 -0.286790 -0.226637 0.000000
0.258611 -0.451670 0.021423 0.000000
0.033223 -0.816846 0.010534 0.000000
0.348129 0.399663 0.033613 0.000000
0.197311 -1.053313 -0.106981 1.000000
0.308085 -0.003653 0.040576 0.000000
0.248600 -0.658070 0.016242 0.000000
0.349502 0.080945 -0.020132 0.000000
0.205416 -1.083742 -0.141710 1.000000
0.222658 -0.944435 0.022734 0.000000
0.411429 0.101268 -0.003956 0.000000
0.336139 0.138887 0.006482 0.000000
0.071411 -0.701582 0.027581 0.000000
0.393874 -0.097783 0.074438 0.000000
0.189022 -1.193105 0.023779 0.000000
0.162937 -0.184761 -0.104761 0.000000
0.654231 -0.495332 0.158965 0.000000
0.273874 -0.256037 0.025840 0.000000
0.016426 -0.300740 -0.253708 0.000000
0.041870 -0.100637 -0.104513 0.000000
0.194819 -1.188415 -0.229520 1.000000
0.438024 -0.159151 -0.127981 0.000000
0.195072 -1.201866 -0.222588 1.000000
0.601571 -0.464441 0.141147 0.000000
0.447255 0.177356 0.104594 0.000000
0.183105 -1.210146 0.022483 0.000000
0.218014 -0.985413 -0.049464 1.000000
0.173523 -1.094522 0.034881 0.000000
0.208167 -0.384625 0.030805 0.000000
0.437866 0.037477 -0.007569 0.000000
0.081160 -0.710262 0.026314 0.000000
0.221555 -0.954906 -0.036710 1.000000
0.476818 -0.242515 -0.151338 0.000000
0.197360 -1.009139 -0.064412 1.000000
0.199171 -0.996855 0.022521 0.000000
0.147803 -1.156985 0.029965 0.000000
0.227137 -0.869800 0.011157 0.000000
0.351151 -0.105080 0.013947 0.000000
0.209044 -0.982188 -0.049791 1.000000
0.200183 -1.091425 -0.139242 1.000000
0.074043 -0.685175 0.031239 0.000000
0.327519 0.341107 0.051626 0.000000
0.398156 0.237850 0.009217 0.000000
0.406457 0.135351 -0.003953 0.000000
0.219117 -1.003451 -0.077162 1.000000
0.176142 -1.267709 0.021160 0.000000
0.077242 -0.703275 0.023106 0.000000
0.231086 -0.789341 0.017557 0.000000
0.391719 0.290806 0.027795 0.000000
0.263945 -0.442707 0.022006 0.000000
0.449427 0.190592 0.101598 0.000000
0.105512 -0.019750 -0.064540 0.000000
0.066360 -0.069973 -0.091373 0.000000
0.478459 -0.046646 -0.016031 0.000000
0.222638 -0.917693 -0.006355 1.000000
0.127243 -1.251681 0.059182 0.000000
0.100097 -0.643003 0.027117 0.000000
0.574843 -0.446150 0.129019 0.000000
0.042907 -0.760124 0.020177 0.000000
0.180261 -0.440979 0.031250 0.000000
0.232258 -0.939668 -0.025543 1.000000
0.269319 -0.387169 0.022899 0.000000
0.222914 -0.359143 0.033464 0.000000
0.268583 -0.350685 0.020974 0.000000
0.371293 -0.023513 0.075099 0.000000
0.112114 -0.603779 0.026397 0.000000
0.203155 -0.943920 -0.019037 1.000000
0.427088 0.044375 0.003229 0.000000
0.222331 -0.913353 0.015817 0.000000
-0.061463 -1.013688 -0.007456 0.000000
0.195099 -0.991524 -0.052020 1.000000
0.117010 -1.250332 0.058895 0.000000
0.007498 -0.881128 0.005163 0.000000
0.313689 0.068501 0.049020 0.000000
0.533015 -0.410528 0.124869 0.000000
-0.081845 -1.060950 -0.035035 0.000000
0.126280 -1.198101 0.038023 0.000000
0.329212 0.216729 0.010043 0.000000
0.233817 -0.742156 0.021199 0.000000
0.487912 -0.251123 -0.152974 0.000000
0.305255 0.032126 0.041675 0.000000
0.339870 0.343560 0.052748 0.000000
0.146577 -1.164266 0.034044 0.000000
0.167069 -1.092470 0.029050 0.000000
0.418436 0.256856 0.026834 0.000000
0.178135 -1.177642 0.049262 0.000000
0.470246 0.150338 0.018517 0.000000
0.271119 -0.322107 0.028810 0.000000
0.151371 -1.293952 0.053331 0.000000
0.265730 -0.433569 0.024477 0.000000
0.396531 -0.052621 -0.074673 0.000000
0.418155 0.077132 -0.016238 0.000000
0.295661 -0.110309 0.038481 0.000000
0.263234 -0.320944 0.022452 0.000000
0.100933 -0.018795 -0.069398 0.000000
0.358092 -0.127649 -0.000102 0.000000
0.272042 -0.283769 0.025352 0.000000
0.490758 -0.086796 -0.030939 0.000000
0.068322 -0.046907 -0.082143 0.000000
0.185577 -1.246795 -0.278406 1.000000
0.347888 0.311664 0.019145 0.000000
0.259505 0.219966 0.017656 0.000000
0.148535 -0.499469 0.028933 0.000000
0.456737 -0.280451 0.109274 0.000000
0.403317 0.155272 -0.000423 0.000000
0.315123 0.060438 0.042476 0.000000
0.284066 0.255807 0.025630 0.000000
0.199156 -1.150720 -0.198469 1.000000
0.240057 0.026196 -0.028855 0.000000
0.637288 -0.491464 0.146562 0.000000
0.474255 0.141769 0.129993 0.000000
0.193950 -1.146600 -0.182376 1.000000
0.329536 0.083002 -0.002424 0.000000
0.157122 -1.237598 0.053833 0.000000
0.345558 0.352331 0.027800 0.000000
0.199155 -1.089787 -0.127226 1.000000
0.275131 -0.295700 0.020548 0.000000
0.241977 -0.722371 0.008761 0.000000
0.519735 0.066493 -0.002292 0.000000
0.095820 -0.673146 0.032205 0.000000
0.326516 0.217593 0.049684 0.000000
0.187388 -0.419704 0.026144 0.000000
0.298114 0.163234 -0.009658 0.000000
0.151279 -0.211082 -0.122387 0.000000
0.227720 -0.968303 -0.048480 1.000000
0.280158 -0.258069 0.025793 0.000000
0.280958 -0.214498 0.027323 0.000000
0.371829 0.007166 -0.043220 0.000000
0.025987 -0.126235 -0.118641 0.000000
0.252175 -0.554227 0.012803 0.000000
0.189652 -1.255539 -0.281436 1.000000
0.307792 0.180115 -0.000628 0.000000
-0.031634 -0.944037 0.000628 0.000000
0.200498 -1.141481 -0.189839 1.000000
0.387554 0.318161 0.055219 0.000000
-0.041757 -0.972923 -0.006678 0.000000
0.316924 0.312986 0.038969 0.000000
0.138506 -1.148656 0.043090 0.000000
0.611068 -0.059296 -0.050101 0.000000
0.580886 -0.455021 0.134861 0.000000
0.519293 -0.394851 0.126979 0.000000
0.200181 -0.090650 -0.063606 0.000000
0.087626 -0.276148 -0.201513 0.000000
0.066239 -0.281837 -0.223517 0.000000
0.388396 -0.085052 0.083195 0.000000
0.119609 -1.247335 0.069094 0.000000
0.205275 -1.056248 -0.106901 1.000000
0.261334 -0.299776 0.039128 0.000000
0.217516 -0.875161 0.008262 0.000000
0.188226 -1.113124 0.044041 0.000000
0.234176 -0.026279 -0.036299 0.000000
0.770777 -0.172055 -0.096028 0.000000
0.233589 -0.694925 0.020863 0.000000
0.273486 0.099136 -0.005899 0.000000
0.119071 -1.237145 0.040707 0.000000
0.208121 -0.052314 -0.051046 0.000000
0.213479 -0.077330 -0.059208 0.000000
0.186297 -1.258028 0.059320 0.000000
0.119040 -0.575313 0.029161 0.000000
0.221079 -0.009324 -0.043445 0.000000
0.292167 -0.181442 0.023380 0.000000
0.237097 -0.332319 0.031344 0.000000
0.325131 0.033447 0.004199 0.000000
0.170519 -1.059775 0.029307 0.000000
-0.060378 -1.024954 -0.026568 0.000000
0.377550 -0.043307 0.076079 0.000000
0.375240 0.016290 -0.035877 0.000000
0.397646 -0.048232 -0.064821 0.000000
0.158765 -1.234322 0.044789 0.000000
0.591725 -0.457348 0.140630 0.000000
0.328080 0.076441 0.059834 0.000000
0.312874 0.313075 0.047852 0.000000
0.252419 0.036200 -0.017764 0.000000
0.156539 -1.103778 0.021646 0.000000
0.329988 0.264480 0.053549 0.000000
0.283192 -0.200481 0.024818 0.000000
0.292327 -0.175320 0.027625 0.000000
0.261679 0.069114 -0.012124 0.000000
0.568471 -0.016768 -0.034619 0.000000
0.215087 -0.938265 0.019662 0.000000
0.268961 -0.408630 0.011682 0.000000
0.183822 -1.106619 0.041185 0.000000
0.300144 0.002414 0.041547 0.000000
0.154097 -1.153977 0.039094 0.000000
0.332648 0.293999 0.048974 0.000000
0.334717 0.242766 0.054611 0.000000
-0.085842 -1.074400 -0.035582 0.000000
0.050996 -0.737966 0.025936 0.000000
0.471951 -0.273564 0.099772 0.000000
0.262972 -0.487667 0.024962 0.000000
0.268747 -0.410687 0.019138 0.000000
0.558223 0.010347 -0.023253 0.000000
0.194630 -1.109327 0.026576 0.000000
0.360143 0.043612 -0.035236 0.000000
0.288219 0.262866 0.035038 0.000000
0.497263 -0.272751 -0.149283 0.000000
0.088280 -0.626322 0.028231 0.000000
0.064400 -0.716050 0.026050 0.000000
0.403988 -0.152774 0.082737 0.000000
0.197549 -1.221751 -0.234147 1.000000
0.324934 0.103966 0.043372 0.000000
0.523530 0.049790 -0.011621 0.000000
0.198106 -1.101020 0.036596 0.000000
0.450811 -0.217495 0.100642 0.000000
0.462194 -0.032634 -0.014720 0.000000
0.427487 0.233714 0.025743 0.000000
0.311515 -0.000994 0.046021 0.000000
0.306842 -0.026997 0.039153 0.000000
0.425085 -0.181744 0.089383 0.000000
0.058284 -0.748248 0.022259 0.000000
0.637203 -0.093561 -0.054018 0.000000
0.325346 0.199361 0.051022 0.000000
0.468627 -0.295018 0.109388 0.000000
-0.093980 -1.104768 -0.026369 0.000000
0.236072 -0.714805 0.012728 0.000000
0.194758 -1.034938 0.023746 0.000000
0.116439 -0.588162 0.031051 0.000000
0.412360 -0.110451 0.089408 0.000000
0.284890 -0.233410 0.024623 0.000000
0.316871 0.188084 -0.000492 0.000000
0.394613 0.170686 0.010361 0.000000
0.399818 -0.099343 0.081022 0.000000
0.276369 -0.312833 0.025689 0.000000
0.182498 -1.154943 0.037276 0.000000
0.173387 -1.201036 0.042139 0.000000
0.164807 0.089448 -0.036689 0.000000
0.048106 -0.767023 0.017875 0.000000
0.163828 -1.186678 0.040890 0.000000
0.242797 -0.320814 0.026260 0.000000
0.247663 -0.623082 0.021634 0.000000
-0.079256 -1.049638 -0.021780 0.000000
0.667474 -0.117638 -0.070825 0.000000
0.392314 0.416398 0.041045 0.000000
0.342061 0.102123 -0.011610 0.000000
0.056350 -0.078496 -0.097854 0.000000
0.335935 0.299352 0.052872 0.000000
0.296413 -0.167113 0.027625 0.000000
0.182132 -1.216800 0.027965 0.000000
0.546794 -0.424706 0.119881 0.000000
0.331877 0.373987 0.059982 0.000000
0.322278 0.252600 0.047029 0.000000
0.176352 -1.153286 0.045609 0.000000
0.502020 0.062955 0.189836 0.000000
0.212863 -0.897377 0.007889 0.000000
0.197366 -0.074533 -0.058659 0.000000
0.209324 -1.006449 -0.074060 1.000000
0.149281 -0.518960 0.035827 0.000000
0.210073 -1.078804 -0.144818 1.000000
0.388261 0.478713 0.044248 0.000000
0.213077 0.149692 -0.025400 0.000000
0.212686 -1.075065 -0.138255 1.000000
0.449993 -0.009592 -0.012813 0.000000
0.272360 -0.324180 0.021991 0.000000
-0.074734 -1.042948 -0.022547 0.000000
0.084059 -0.664346 0.029109 0.000000
0.225390 -0.853317 0.016322 0.000000
0.244300 -0.706584 0.012174 0.000000
-0.095566 -1.106758 -0.032514 0.000000
0.187606 -1.008427 0.022642 0.000000
0.159591 -1.366809 -0.368961 1.000000
0.653031 -0.497902 0.150015 0.000000
0.196883 -1.113838 0.047383 0.000000
-0.042377 -0.985390 -0.016701 0.000000
0.201023 -1.021169 -0.079097 1.000000
0.090369 -0.025949 -0.069248 0.000000
0.287544 -0.206720 0.033448 0.000000
0.143672 -0.529685 0.033620 0.000000
0.338690 0.375183 0.057498 0.000000
0.096054 -0.658473 0.028825 0.000000
0.288635 -0.201434 0.040293 0.000000
0.434929 0.028946 -0.015204 0.000000
0.290405 -0.178513 0.034656 0.000000
0.173173 -0.167003 -0.098947 0.000000
0.537017 -0.146227 -0.069368 0.000000
0.258282 -0.558168 0.012083 0.000000
0.342986 0.393278 0.055369 0.000000
0.184806 -1.004746 0.027136 0.000000
0.185491 -1.202658 0.022548 0.000000
0.227111 -0.820578 0.013923 0.000000
0.245968 -0.312714 0.015795 0.000000
0.241026 -0.671497 0.013418 0.000000
0.327391 0.365065 0.053218 0.000000
0.695824 -0.131041 -0.077345 0.000000
0.499274 -0.097845 -0.034741 0.000000
0.171954 -1.185943 0.031427 0.000000
0.327820 0.052449 0.001753 0.000000
0.389087 0.277467 0.026502 0.000000
0.198157 -1.200125 -0.233463 1.000000
0.081353 -0.045593 -0.079229 0.000000
0.394818 0.183483 0.006061 0.000000
0.398952 0.307986 0.029778 0.000000
0.184320 -1.285423 0.059723 0.000000
0.158693 0.075656 -0.037899 0.000000
0.352852 0.455112 0.038176 0.000000
0.252701 -0.509861 0.021853 0.000000
0.097814 -0.267667 -0.195904 0.000000
0.159316 0.087236 -0.042835 0.000000
0.549045 -0.428846 0.128805 0.000000
0.191821 -1.172820 -0.208169 1.000000
0.316878 0.197226 0.014094 0.000000
0.309164 0.016095 0.043221 0.000000
0.210768 -1.085790 -0.130565 1.000000
0.017657 -0.827113 0.019987 0.000000
0.266868 0.095740 -0.017739 0.000000
0.352920 0.026860 0.070007 0.000000
0.305609 0.296255 0.040712 0.000000
0.341888 0.261215 0.011908 0.000000
0.191802 -1.115756 0.023369 0.000000
0.436563 0.209635 0.014783 0.000000
0.057147 -0.712214 0.028173 0.000000
0.138635 -1.158290 0.042514 0.000000
0.234153 -0.762181 0.008445 0.000000
0.210953 -1.005358 0.023545 0.000000
0.210369 -1.028595 -0.092097 1.000000
0.511734 -0.377715 0.117335 0.000000
0.235105 -0.686810 0.009998 0.000000
0.234386 -0.782156 0.015419 0.000000
0.267374 -0.402283 0.012430 0.000000
0.326787 -0.014009 0.002905 0.000000
0.247744 0.032759 -0.021921 0.000000
0.105877 -0.263589 -0.187792 0.000000
0.341746 0.338293 0.024376 0.000000
0.223910 -0.775929 0.012696 0.000000
0.078872 -0.691069 0.028937 0.000000
0.289072 -0.195303 0.029248 0.000000
0.176490 -1.331372 -0.352906 1.000000
0.151227 -0.485427 0.024160 0.000000
0.173573 -0.474784 0.034531 0.000000
0.258803 -0.476547 0.013329 0.000000
0.195684 -1.175064 -0.201763 1.000000
0.266526 -0.496591 0.017580 0.000000
0.256837 -0.463724 0.025154 0.000000
0.248408 -0.605169 0.018261 0.000000
0.609039 -0.465076 0.148116 0.000000
0.349125 0.421609 0.032085 0.000000
0.209321 -0.901912 0.004477 1.000000
0.340742 0.455383 0.059275 0.000000
0.435755 -0.177099 0.092196 0.000000
0.327359 0.158016 0.051627 0.000000
0.314129 -0.010488 0.038415 0.000000
0.179195 -1.225544 0.057949 0.000000
0.439543 -0.198738 0.092884 0.000000
0.132492 -0.546138 0.030499 0.000000
0.259604 -0.481142 0.024166 0.000000
0.515309 -0.117602 -0.045781 0.000000
0.335068 0.168012 0.004775 0.000000
0.318653 0.174465 0.049846 0.000000
0.100650 -0.585664 0.027077 0.000000
0.200557 -1.113543 -0.168654 1.000000
0.290395 -0.186990 0.038406 0.000000
0.224464 -0.789148 0.012546 0.000000
0.359894 0.464927 0.043301 0.000000
0.311235 0.025133 0.046089 0.000000
0.192453 -1.200762 0.051740 0.000000
0.200985 -1.039499 0.035187 0.000000
0.041431 -0.778720 0.024715 0.000000
0.451598 -0.188099 -0.135183 0.000000
0.249616 -0.613692 0.013251 0.000000
0.314233 0.154004 0.041887 0.000000
0.315658 0.088084 0.047472 0.000000
0.222940 -0.874154 0.017628 0.000000
0.320777 0.180564 0.051977 0.000000
0.177472 -1.232071 0.027485 0.000000
0.270196 -0.273769 0.028917 0.000000
0.269516 -0.280243 0.012554 0.000000
0.197101 -1.205381 -0.238247 1.000000
0.543479 -0.142516 -0.066925 0.000000
0.572096 -0.001646 -0.030141 0.000000
0.343092 0.047828 0.057553 0.000000
0.398861 0.159244 0.006629 0.000000
0.332296 -0.019972 0.001392 0.000000
0.220017 -0.365305 0.023222 0.000000
0.117640 -0.542948 0.023862 0.000000
0.273517 -0.285706 0.013155 0.000000
0.345895 -0.102249 0.010649 0.000000
0.037698 -0.294297 -0.241795 0.000000
0.461337 -0.261421 0.101734 0.000000
0.190369 -1.186387 0.043944 0.000000
0.302971 -0.010020 0.042658 0.000000
0.279112 -0.224847 0.023152 0.000000
0.371843 -0.046404 0.065136 0.000000
0.254391 -0.552179 0.024021 0.000000
0.331554 0.086906 0.045944 0.000000
0.274126 -0.241303 0.022410 0.000000
0.078324 -0.678993 0.028781 0.000000
0.155397 -0.511290 0.040193 0.000000
0.316332 0.079247 0.045076 0.000000
0.245271 0.039889 -0.026697 0.000000
0.077776 -0.053280 -0.085913 0.000000
0.186096 -1.208531 0.059938 0.000000
-0.083789 -1.070250 -0.022206 0.000000
0.218863 0.161527 -0.000506 0.000000
0.168865 -1.215694 0.033007 0.000000
0.092690 -0.647906 0.031971 0.000000
0.270467 0.103088 -0.017670 0.000000
0.131225 -1.199948 0.070248 0.000000
0.380502 -0.062579 0.064114 0.000000
0.120386 -0.554517 0.027983 0.000000
0.231197 -0.013185 -0.038132 0.000000
0.101983 -0.604248 0.023736 0.000000
0.445160 -0.207548 0.094525 0.000000
0.256032 -0.528148 0.021242 0.000000
0.204226 -1.058321 0.020789 0.000000
0.154725 -1.223259 0.046160 0.000000
-0.060368 -1.017194 -0.017151 0.000000
0.499050 -0.345387 0.107865 0.000000
0.319556 0.317412 0.043201 0.000000
0.265612 -0.480796 0.012178 0.000000
0.179465 -1.053027 0.040670 0.000000
0.428912 -0.190828 0.092091 0.000000
0.232855 -0.332523 0.015904 0.000000
0.259385 -0.518863 0.015019 0.000000
0.273672 -0.268741 0.022931 0.000000
0.400537 0.138150 0.007160 0.000000
0.266525 0.229333 0.027012 0.000000
0.265995 0.228181 0.009557 0.000000
0.345215 0.079383 -0.015747 0.000000
0.028142 -0.297796 -0.239115 0.000000
0.188101 -1.237931 -0.271119 1.000000
-0.100692 -1.103608 -0.030006 0.000000
0.183509 -1.169752 0.031332 0.000000
0.268379 -0.343895 0.020648 0.000000
0.494850 0.091210 0.176747 0.000000
0.034021 -0.798900 0.018023 0.000000
0.176894 -1.167059 0.034056 0.000000
0.291702 -0.120611 0.035547 0.000000
0.592513 -0.034252 -0.041690 0.000000
0.203844 -1.059639 -0.118270 1.000000
0.432597 0.221767 0.023070 0.000000
0.478649 -0.292075 0.100388 0.000000
-0.087763 -1.081993 -0.023601 0.000000
0.109650 -1.244162 0.035266 0.000000
0.250681 0.048513 -0.021646 0.000000
0.163634 -1.162333 0.048694 0.000000
0.041197 -0.772227 0.021450 0.000000
0.190348 -1.137270 0.043877 0.000000
0.491205 -0.091566 -0.037791 0.000000
0.254529 0.058663 -0.019133 0.000000
0.380619 0.000835 -0.036826 0.000000
0.201616 -0.384580 0.018325 0.000000
0.240115 -0.660145 0.012086 0.000000
0.340869 0.408360 0.061566 0.000000
0.180813 -1.141607 0.036276 0.000000
0.253589 -0.514083 0.013530 0.000000
0.238289 0.183271 -0.009182 0.000000
0.154140 -0.215958 -0.132361 0.000000
0.195299 -0.402064 0.020189 0.000000
0.347357 0.036944 0.050338 0.000000
0.415219 0.261264 0.083531 0.000000
0.176039 -1.280904 0.056492 0.000000
0.199546 -1.080849 0.030891 0.000000
0.477375 0.130840 0.007254 0.000000
0.051970 -0.089032 -0.098209 0.000000
0.309938 0.009285 0.044254 0.000000
0.178193 0.098996 -0.021645 0.000000
0.286825 0.132629 -0.003879 0.000000
0.228996 0.177052 -0.004748 0.000000
0.123992 -1.192537 0.036293 0.000000
0.356733 0.443186 0.034917 0.000000
0.296970 -0.055599 0.039174 0.000000
0.057038 -0.724382 0.026811 0.000000
0.298565 -0.064114 0.042684 0.000000
0.192087 -1.246842 -0.269264 1.000000
0.202844 -1.049100 0.028446 0.000000
0.580428 -0.193046 -0.112107 0.000000
0.015920 -0.837554 0.014879 0.000000
0.325138 0.158504 0.057564 0.000000
0.254757 -0.588856 0.015659 0.000000
0.231974 -0.923208 -0.010342 1.000000
-0.094152 -1.097364 -0.031433 0.000000
0.190886 -1.200261 -0.228864 1.000000
0.178590 -1.283232 -0.302128 1.000000
0.412941 0.101624 -0.010753 0.000000
0.094982 -0.608547 0.027320 0.000000
0.126790 -1.252675 0.066593 0.000000
0.206336 -1.073220 -0.128277 1.000000
0.192546 -1.044882 0.032644 0.000000
0.219472 -1.039325 -0.109044 1.000000
0.171343 -1.209007 0.031879 0.000000
0.151168 -1.130239 0.046542 0.000000
0.315445 0.032299 0.044971 0.000000
0.146880 -0.499811 0.022939 0.000000
0.238992 -0.911690 -0.002690 1.000000
0.310529 0.072897 0.045301 0.000000
0.237425 -0.646754 0.022748 0.000000
0.145475 -1.199859 0.045717 0.000000
-0.058575 -1.009477 -0.016481 0.000000
0.466159 -0.272087 0.107002 0.000000
0.333035 0.282869 0.053378 0.000000
0.301281 -0.093787 0.041053 0.000000
0.125998 -1.191169 0.071162 0.000000
0.340841 0.055615 0.054587 0.000000
0.216291 -0.852177 0.015238 0.000000
0.171216 -1.195211 0.042289 0.000000
0.259379 -0.425975 0.023566 0.000000
0.521056 -0.391979 0.132546 0.000000
0.182745 -1.196655 0.033453 0.000000
0.289199 -0.192425 0.021668 0.000000
0.305913 -0.040287 0.044017 0.000000
0.411555 0.150035 -0.004535 0.000000
0.284593 -0.182948 0.026719 0.000000
0.402453 0.128245 0.010199 0.000000
0.201720 -1.127745 -0.178685 1.000000
0.195258 -1.077097 0.024607 0.000000
0.433758 -0.213859 0.095579 0.000000
0.333134 0.402039 0.061339 0.000000
0.181110 -1.319048 0.062364 0.000000
0.241368 -0.674807 0.007325 0.000000
0.414358 0.260702 0.024176 0.000000
0.356600 0.475876 0.042235 0.000000
0.609787 -0.473235 0.138704 0.000000
0.194384 -0.086209 -0.063782 0.000000
0.317497 0.126381 0.039137 0.000000
0.052306 -0.777318 0.017554 0.000000
0.185414 -1.122295 0.023199 0.000000
-0.071475 -1.040779 -0.015219 0.000000
0.558446 -0.430879 0.139591 0.000000
0.182008 -1.250430 -0.273437 1.000000
0.394096 0.178696 0.001736 0.000000
0.165546 -1.319048 -0.337855 1.000000
0.189428 -1.013155 0.033919 0.000000
0.270183 -0.333866 0.021477 0.000000
-0.091500 -1.092563 -0.025298 0.000000
0.500646 0.073827 0.174677 0.000000
0.395448 0.380607 0.036004 0.000000
0.321740 0.136583 0.054234 0.000000
0.233719 -0.945953 -0.022074 1.000000
0.405291 -0.114705 0.083609 0.000000
0.107427 -0.592802 0.029253 0.000000
0.578593 -0.025119 -0.034934 0.000000
0.198117 -1.083845 -0.131421 1.000000
0.284097 -0.274470 0.024638 0.000000
0.345445 0.406015 0.052963 0.000000
0.208694 -0.977313 0.022753 0.000000
0.388069 -0.084979 0.070116 0.000000
0.107170 0.004258 -0.058912 0.000000
0.526456 -0.403294 0.131131 0.000000
0.061377 -0.060523 -0.094154 0.000000
0.184693 -1.121520 0.036550 0.000000
0.604378 -0.051500 -0.047503 0.000000
0.355550 0.005347 0.053435 0.000000
-0.025695 -0.921066 0.008266 0.000000
0.228377 -0.833884 0.013557 0.000000
0.395692 0.266571 0.016752 0.000000
0.362537 0.052685 -0.017081 0.000000
0.137455 0.028007 -0.043175 0.000000
0.215304 -0.373931 0.037889 0.000000
0.172931 -1.303675 0.025206 0.000000
0.231885 -0.758907 0.017088 0.000000
0.177871 -1.253894 -0.284675 1.000000
0.432102 0.045135 -0.001810 0.000000
0.495695 -0.105913 -0.038721 0.000000
0.237404 -0.715986 0.021326 0.000000
0.157374 0.080493 -0.048193 0.000000
0.273485 -0.352407 0.017401 0.000000
0.172471 -1.292390 0.023253 0.000000
0.133588 0.048926 -0.047674 0.000000
0.028398 -0.119918 -0.114061 0.000000
0.420695 -0.114343 -0.101483 0.000000
0.217200 -0.043319 -0.046066 0.000000
-0.069511 -1.034956 -0.016071 0.000000
0.019946 -0.818366 0.022133 0.000000
0.258384 -0.391142 0.018565 0.000000
0.222107 -0.980271 -0.061107 1.000000
0.236627 -0.649971 0.012814 0.000000
0.396757 0.404125 0.044367 0.000000
0.351614 0.390454 0.035377 0.000000
0.300539 -0.017718 0.037603 0.000000
0.262574 -0.515711 0.019301 0.000000
0.221704 -0.016468 -0.042926 0.000000
0.394469 0.203899 0.010416 0.000000
0.563039 -0.441052 0.127593 0.000000
0.359062 0.356785 0.044178 0.000000
0.243692 -0.320230 0.012064 0.000000
0.173383 -1.226475 0.055939 0.000000
0.205113 -0.918068 -0.005168 1.000000
0.416522 0.090212 -0.004520 0.000000
0.051719 -0.770766 0.023460 0.000000
0.336183 0.428057 0.053617 0.000000
0.178684 -1.186970 0.042152 0.000000
0.345279 0.039873 0.066687 0.000000
0.354903 0.020908 0.069299 0.000000
0.223536 -0.844633 0.012710 0.000000
0.297018 -0.155706 0.036587 0.000000
0.676970 -0.516062 0.158713 0.000000
0.407583 0.114007 -0.006118 0.000000
0.380865 -0.002233 -0.045835 0.000000
0.216282 0.156596 -0.016748 0.000000
0.212102 -1.031660 0.039303 0.000000
0.179513 -1.242942 -0.281623 1.000000
0.203417 -1.136813 -0.171440 1.000000
0.296532 -0.113030 0.029073 0.000000
0.210536 0.152679 -0.019767 0.000000
0.324635 0.220119 0.057421 0.000000
0.423935 -0.128478 -0.110908 0.000000
0.216711 -0.368321 0.035339 0.000000
0.257551 0.088521 -0.017555 0.000000
-0.071741 -1.051543 -0.014907 0.000000
0.395397 0.298648 0.022820 0.000000
0.372331 0.334249 0.048943 0.000000
0.139604 -1.155173 0.067192 0.000000
0.299894 0.158862 -0.003155 0.000000
0.188609 -1.095693 0.034306 0.000000
0.234746 0.006255 -0.031914 0.000000
0.570580 -0.196790 -0.114777 0.000000
0.212092 -1.013737 -0.080705 1.000000
0.251794 -0.536980 0.012894 0.000000
0.201452 -0.080413 -0.059827 0.000000
0.095274 -0.665422 0.030155 0.000000
0.273357 -0.396628 0.023677 0.000000
0.451333 0.182162 0.104192 0.000000
0.290405 -0.162167 0.031894 0.000000
0.268118 -0.470657 0.020096 0.000000
0.248727 -0.547064 0.024587 0.000000
0.441868 -0.246260 0.101792 0.000000
0.175469 -1.272061 0.054279 0.000000
0.319157 0.323921 0.046092 0.000000
0.283058 0.255749 0.037035 0.000000
-0.110119 -1.123194 -0.036655 0.000000
0.257655 -0.575032 0.015133 0.000000
0.173114 -1.166525 0.040632 0.000000
0.414936 -0.105881 -0.099230 0.000000
0.406444 0.150211 -0.008566 0.000000
0.335031 0.392231 0.056847 0.000000
0.357952 0.020116 0.076000 0.000000
0.341660 0.251173 0.015604 0.000000
0.471728 -0.047389 -0.015221 0.000000
0.312078 0.300455 0.030688 0.000000
0.125331 -0.582752 0.034266 0.000000
0.398433 -0.093204 0.081600 0.000000
0.199951 -1.193356 -0.225013 1.000000
0.322889 0.200621 0.003273 0.000000
0.264842 0.227958 0.021250 0.000000
0.339081 -0.066668 0.017056 0.000000
0.047834 -0.290858 -0.234264 0.000000
0.407308 0.097772 -0.006785 0.000000
0.428198 -0.175917 0.090001 0.000000
0.336879 0.179681 0.001793 0.000000
0.170542 -1.329647 -0.347751 1.000000
0.388777 0.213406 0.015083 0.000000
0.414506 0.089679 -0.010331 0.000000
0.395015 0.283971 0.028397 0.000000
0.116930 -1.247434 0.075060 0.000000
0.566475 -0.174583 -0.094341 0.000000
0.446029 -0.184676 -0.136912 0.000000
0.724706 -0.152430 -0.082654 0.000000
0.170584 -1.179855 0.035712 0.000000
0.207979 -0.907459 0.001604 1.000000
0.184365 -1.271137 0.058362 0.000000
0.199130 -1.095165 -0.143929 1.000000
0.397432 0.339692 0.031026 0.000000
0.059396 -0.696701 0.029222 0.000000
0.248235 -0.555994 0.024158 0.000000
0.084190 -0.033780 -0.074605 0.000000
0.162569 -1.086208 0.039174 0.000000
0.206807 -1.047605 0.017487 0.000000
0.352293 0.024586 0.057173 0.000000
0.663606 -0.117890 -0.062072 0.000000
0.402871 0.278840 0.072751 0.000000
0.765966 -0.169739 -0.102394 0.000000
0.332143 0.368111 0.058434 0.000000
0.522368 -0.115391 -0.045791 0.000000
-0.076906 -1.061728 -0.018042 0.000000
0.669100 -0.120994 -0.065275 0.000000
0.228976 -0.959241 -0.040120 1.000000
-0.030882 -0.935981 0.006093 0.000000
0.204349 -1.132518 -0.175637 1.000000
0.180031 -1.224263 0.029985 0.000000
0.601154 -0.039570 -0.044254 0.000000
0.346390 -0.082635 0.020655 0.000000
0.336936 0.315008 0.053727 0.000000
0.340568 0.346504 0.025048 0.000000
0.383056 -0.063485 0.077513 0.000000
0.159547 -1.219176 0.054270 0.000000
0.216479 -0.890464 0.011116 0.000000
0.200107 -1.216300 -0.237890 1.000000
0.185258 -0.154712 -0.095201 0.000000
0.327879 0.173318 0.046518 0.000000
0.291881 -0.149466 0.031358 0.000000
0.328211 0.225189 0.048056 0.000000
0.325808 0.208754 0.042922 0.000000
0.726474 -0.144254 -0.083881 0.000000
0.581801 -0.011658 -0.034889 0.000000
0.337448 0.421139 0.057003 0.000000
0.087187 -0.684622 0.030383 0.000000
0.333611 -0.013598 0.004149 0.000000
0.347685 0.343445 0.025346 0.000000
0.080898 -0.276510 -0.214127 0.000000
0.116721 -0.256451 -0.179872 0.000000
0.491706 -0.264090 -0.157973 0.000000
0.230431 -0.827852 0.011375 0.000000
0.506957 0.059410 0.196155 0.000000
0.174513 -1.322016 -0.342081 1.000000
0.241298 -0.661599 0.025034 0.000000
0.173568 -1.048833 0.028458 0.000000
0.234664 -0.338183 0.038985 0.000000
0.423272 -0.175641 0.094895 0.000000
0.167839 -1.213660 0.038606 0.000000
0.384686 -0.003530 -0.040553 0.000000
0.533312 -0.135578 -0.061409 0.000000
0.294624 0.275788 0.034006 0.000000
0.338407 0.413639 0.051620 0.000000
0.216321 -1.003818 -0.071084 1.000000
0.269882 0.234662 0.017421 0.000000
0.335637 0.084210 -0.003634 0.000000
0.229396 -0.028778 -0.039013 0.000000
0.181703 -1.176486 0.043495 0.000000
0.320549 0.004641 0.007860 0.000000
0.346047 0.488142 0.056829 0.000000
0.194404 -0.142686 -0.088577 0.000000
0.071586 -0.040912 -0.076956 0.000000
0.201365 -1.084491 0.044661 0.000000
0.388209 0.490592 0.049789 0.000000
0.191251 -1.252994 -0.274229 1.000000
0.386483 0.453182 0.045616 0.000000
0.370410 0.343270 0.043360 0.000000
0.169832 -1.058145 0.021097 0.000000
0.137793 -1.164121 0.035293 0.000000
0.264669 -0.452411 0.012573 0.000000
0.011174 -0.304457 -0.250701 0.000000
0.386673 -0.019468 -0.052491 0.000000
0.393837 0.424156 0.043403 0.000000
-0.041711 -0.961767 0.005255 0.000000
0.191791 -1.003091 -0.067046 1.000000
0.211043 -0.895636 0.015293 0.000000
0.270981 -0.309721 0.024095 0.000000
0.385990 0.298820 0.057460 0.000000
0.195006 -1.118658 -0.170865 1.000000
0.747995 -0.160823 -0.085175 0.000000
0.239620 -0.668786 0.007455 0.000000
0.220489 0.162773 -0.014882 0.000000
0.325394 0.051703 -0.007461 0.000000
0.344102 0.427788 0.059717 0.000000
0.350598 0.031622 0.060095 0.000000
0.162979 -1.213621 0.047319 0.000000
0.120155 0.022425 -0.051960 0.000000
0.192572 -1.144529 -0.191166 1.000000
0.170258 -1.150863 0.045754 0.000000
0.637590 -0.487003 0.150606 0.000000
0.437510 0.226709 0.094339 0.000000
0.305109 0.004375 0.047639 0.000000
0.187051 -1.180375 -0.222898 1.000000
0.237432 -0.731324 0.009631 0.000000
0.167678 -1.200594 0.040321 0.000000
0.302336 -0.084449 0.045252 0.000000
0.224531 -0.968381 -0.055190 1.000000
0.470715 0.132691 0.003105 0.000000
0.329340 -0.016650 0.014540 0.000000
0.249567 -0.618645 0.017774 0.000000
0.118092 -1.278662 0.064688 0.000000
0.165304 -1.257114 0.034701 0.000000
0.208945 -1.035501 -0.090507 1.000000
0.079395 -0.644179 0.028843 0.000000
0.394374 0.289211 0.020422 0.000000
0.212351 0.147728 -0.004741 0.000000
0.270240 -0.416811 0.025420 0.000000
0.444450 0.003002 -0.011975 0.000000
0.500110 -0.355587 0.114512 0.000000
0.290766 0.270221 0.034818 0.000000
0.384906 -0.078008 0.065941 0.000000
0.283793 -0.189522 0.028325 0.000000
0.092754 -0.625500 0.023959 0.000000
0.258178 -0.551483 0.011947 0.000000
0.327740 0.062416 -0.004739 0.000000
0.171725 -1.173082 0.039351 0.000000
0.199852 -0.405850 0.035560 0.000000
0.469642 0.134994 0.128168 0.000000
0.137445 -0.523657 0.028114 0.000000
0.201368 -1.057559 0.027420 0.000000
0.241629 -0.328317 0.037718 0.000000
0.272466 -0.303755 0.023373 0.000000
0.173640 -1.279177 -0.306127 1.000000
0.206956 -1.029489 -0.096955 1.000000
0.254986 -0.610099 0.016006 0.000000
0.118111 -0.602986 0.033805 0.000000
0.184448 -0.145472 -0.089034 0.000000
0.239047 -0.710300 0.022240 0.000000
0.171362 -1.356663 -0.371727 1.000000
0.311625 -0.003603 0.035236 0.000000
0.330802 -0.036326 0.004464 0.000000
0.199185 -1.108557 0.021130 0.000000
0.202831 -1.120161 -0.160422 1.000000
0.481001 -0.226519 -0.149143 0.000000
0.318614 0.147502 0.045601 0.000000
0.087663 -0.639641 0.026697 0.000000
0.216319 -0.900530 0.003688 1.000000
0.208345 -0.999014 0.023943 0.000000
0.317075 0.199659 0.006057 0.000000
0.333185 0.342594 0.052825 0.000000
0.169294 -0.451016 0.025573 0.000000
0.474150 -0.282176 0.101598 0.000000
0.342403 0.314673 0.021398 0.000000
0.205519 -0.899061 0.011833 0.000000
0.154734 -0.202848 -0.111983 0.000000
0.326887 0.068360 -0.011309 0.000000
0.202705 -1.053287 0.036706 0.000000
0.186442 0.117711 -0.028495 0.000000
0.206281 -0.381095 0.021987 0.000000
0.260577 -0.416601 0.018853 0.000000
0.259230 -0.428307 0.016107 0.000000
0.420944 0.254105 0.081049 0.000000
0.112958 -0.600105 0.031486 0.000000
0.266119 -0.338647 0.018953 0.000000
0.527067 0.027244 0.229536 0.000000
0.077317 -0.705891 0.030491 0.000000
0.570601 0.008824 -0.025527 0.000000
0.225025 -0.973495 -0.049600 1.000000
-0.066587 -1.031338 -0.009185 0.000000
0.135164 -0.564656 0.037837 0.000000
0.572028 -0.185331 -0.102797 0.000000
0.333865 0.156973 0.005516 0.000000
0.152284 -1.217639 0.052785 0.000000
0.405974 -0.102720 0.088044 0.000000
0.362555 -0.002957 0.068639 0.000000
0.107460 -0.580746 0.023983 0.000000
0.352253 0.422900 0.040662 0.000000
0.371321 -0.034348 0.060870 0.000000
0.351748 0.080764 -0.004335 0.000000
0.467372 -0.305770 0.118926 0.000000
0.229953 -0.822413 0.018811 0.000000
0.364699 0.058780 -0.010976 0.000000
0.319424 0.177602 0.044679 0.000000
0.161201 -0.495535 0.039027 0.000000
0.446801 -0.161631 -0.135607 0.000000
0.208236 -1.021077 -0.085764 1.000000
0.180921 -1.308218 0.066294 0.000000
0.396423 0.355529 0.038109 0.000000
0.267195 -0.452412 0.023442 0.000000
0.196334 -1.052003 0.028878 0.000000
0.469528 -0.050821 -0.019915 0.000000
0.301102 0.162287 0.007541 0.000000
0.233244 -0.726557 0.013822 0.000000
0.441390 -0.162319 -0.131699 0.000000
0.216648 -0.806153 0.013668 0.000000
0.323478 0.241183 0.057838 0.000000
0.306229 0.036637 0.045398 0.000000
0.158159 -1.186808 0.044008 0.000000
0.100666 -0.648782 0.028681 0.000000
0.092007 -0.677436 0.030731 0.000000
0.303923 -0.059134 0.046289 0.000000
0.087014 -1.354265 0.086833 0.000000
0.397290 0.223817 0.007950 0.000000
0.191350 -1.103701 0.032267 0.000000
0.462238 -0.213832 -0.148600 0.000000
0.382698 -0.015969 -0.047085 0.000000
0.318996 0.100605 0.039074 0.000000
0.313505 0.182041 0.005750 0.000000
0.465887 -0.199755 -0.147917 0.000000
0.189630 -1.175521 -0.203053 1.000000
0.261200 -0.289226 0.033899 0.000000
0.617405 -0.066617 -0.052451 0.000000
0.499569 -0.272994 -0.154727 0.000000
0.198153 -1.118848 -0.163808 1.000000
0.182833 -1.095888 0.037018 0.000000
0.457090 -0.267844 0.110050 0.000000
0.375343 0.022920 -0.029040 0.000000
0.138921 -0.559403 0.040237 0.000000
0.333534 0.108829 -0.006086 0.000000
0.338911 0.351475 0.061658 0.000000
0.257505 -0.459404 0.012383 0.000000
0.063353 -0.742284 0.022989 0.000000
0.132968 -1.220977 0.040804 0.000000
0.340807 0.102073 -0.005596 0.000000
0.182750 -1.278736 -0.304730 1.000000
0.334947 0.377304 0.051242 0.000000
0.293627 -0.142709 0.028824 0.000000
0.334990 0.443966 0.059449 0.000000
0.192288 -1.193799 -0.227382 1.000000
0.188999 -1.127281 0.031333 0.000000
0.474067 -0.060483 -0.022563 0.000000
0.411657 -0.128867 0.088360 0.000000
0.418890 0.067961 -0.006434 0.000000
0.219480 -0.907651 0.001868 1.000000
0.139103 -0.555534 0.032639 0.000000
0.144232 -1.199904 0.056140 0.000000
0.120552 -1.236786 0.034636 0.000000
0.188104 -1.049068 0.029149 0.000000
0.257472 -0.509011 0.014438 0.000000
0.312955 0.090819 0.038572 0.000000
0.228214 -0.887229 0.011082 0.000000
0.207974 -0.992358 0.017613 0.000000
0.301910 -0.152004 0.035037 0.000000
0.200138 -0.971393 -0.034631 1.000000
0.229453 -0.948965 -0.026484 1.000000
0.426261 0.056225 0.000445 0.000000
0.046616 -0.732902 0.027769 0.000000
0.160382 -1.103216 0.034451 0.000000
0.214349 -0.032785 -0.045800 0.000000
0.217914 -0.904949 -0.004934 1.000000
0.335162 0.346306 0.061850 0.000000
0.424936 -0.150288 0.094561 0.000000
0.471686 0.141118 0.011489 0.000000
0.140942 0.036485 -0.038594 0.000000
0.328975 0.316503 0.054348 0.000000
0.326110 -0.005989 0.000420 0.000000
0.005679 -0.842811 0.019128 0.000000
0.019681 -0.841420 0.011148 0.000000
0.334079 0.369147 0.049448 0.000000
0.332892 -0.046327 0.008964 0.000000
0.192342 -1.150735 0.020502 0.000000
0.297636 0.153648 -0.000385 0.000000
0.560796 0.017092 -0.016069 0.000000
0.514346 0.052027 0.209900 0.000000
0.557685 0.003294 -0.025674 0.000000
0.136924 -0.239278 -0.153422 0.000000
0.072833 -0.032841 -0.075992 0.000000
0.072216 -0.690662 0.028947 0.000000
0.436053 -0.188055 0.093003 0.000000
0.257747 -0.515188 0.007250 0.000000
0.260303 -0.340707 0.021752 0.000000
0.512880 0.044421 0.206822 0.000000
0.348776 0.377563 0.032642 0.000000
0.484073 -0.307456 0.103137 0.000000
0.293578 0.270365 0.017495 0.000000
0.282914 -0.222503 0.027631 0.000000
0.233003 -0.943767 -0.029785 1.000000
0.256383 -0.471746 0.023562 0.000000
0.201277 -1.096275 0.020448 0.000000
0.006095 -0.856137 0.018863 0.000000
0.351520 0.473490 0.043878 0.000000
0.168710 -1.311591 0.037411 0.000000
0.337555 0.110573 -0.000579 0.000000
0.134099 -1.155303 0.030259 0.000000
0.068116 -0.283749 -0.218321 0.000000
0.327511 -0.010341 0.007506 0.000000
0.204487 -0.396648 0.037303 0.000000
0.404685 0.130088 -0.002137 0.000000
-0.045486 -0.980165 -0.014965 0.000000
0.307528 0.063575 0.038343 0.000000
0.196150 -0.395622 0.020569 0.000000
0.048773 -0.702694 0.029587 0.000000
0.414756 -0.175002 0.089502 0.000000
0.215034 -0.373573 0.017828 0.000000
0.399469 0.284443 0.066994 0.000000
0.109300 -1.300131 0.044444 0.000000
0.153916 0.064889 -0.035113 0.000000
0.040807 -0.783222 0.020002 0.000000
0.369736 -0.026011 0.065032 0.000000
0.213352 -0.922651 -0.009320 1.000000
0.223370 -0.870817 0.006821 0.000000
0.236429 -0.754282 0.008552 0.000000
0.449635 -0.015926 -0.019409 0.000000
0.008645 -0.831905 0.021122 0.000000
0.201337 -1.007345 0.020096 0.000000
0.533091 -0.412029 0.132031 0.000000
0.201874 -1.030146 0.024349 0.000000
0.278190 0.102668 -0.001182 0.000000
0.193716 -1.099075 0.022556 0.000000
0.336248 0.364171 0.059694 0.000000
0.216597 -0.920368 0.017587 0.000000
0.022036 -0.296126 -0.250817 0.000000
0.201936 -0.395545 0.027069 0.000000
0.212970 -0.944653 -0.022137 1.000000
0.244376 -0.589527 0.016856 0.000000
0.312940 0.042047 0.042893 0.000000
0.154811 -0.513296 0.034758 0.000000
0.282084 -0.262146 0.020850 0.000000
0.508746 -0.104510 -0.038380 0.000000
0.190914 -1.263697 -0.273592 1.000000
0.327647 0.059099 0.003161 0.000000
0.265363 -0.282826 0.025246 0.000000
0.317359 0.040261 0.037190 0.000000
0.394508 0.190590 0.009659 0.000000
0.408448 -0.114548 0.091564 0.000000
0.522363 0.037889 0.220443 0.000000
0.417718 -0.151916 0.088597 0.000000
0.113168 -0.592840 0.025610 0.000000
0.208461 0.145454 -0.013368 0.000000
0.149294 -0.494434 0.025776 0.000000
0.188862 -1.146487 0.034314 0.000000
0.374432 -0.034626 0.072440 0.000000
0.301986 -0.053499 0.041231 0.000000
0.245688 0.046412 -0.026256 0.000000
0.704589 -0.136935 -0.067842 0.000000
0.236659 0.012964 -0.030775 0.000000
0.176720 -0.150599 -0.089852 0.000000
0.170228 -1.048076 0.035913 0.000000
0.393056 0.283075 0.019289 0.000000
0.204237 -1.088046 -0.136660 1.000000
0.179568 -0.136430 -0.083107 0.000000
0.265724 -0.421109 0.023580 0.000000
-0.100792 -1.117759 -0.034839 0.000000
0.347311 0.408330 0.029351 0.000000
0.178327 -1.251522 0.056889 0.000000
0.199513 -1.014292 0.020923 0.000000
0.209177 -0.387468 0.035765 0.000000
0.203551 -1.040948 -0.100057 1.000000
0.354639 -0.111205 0.012455 0.000000
0.326160 0.083133 0.057809 0.000000
0.196634 -1.216173 -0.245057 1.000000
0.188971 -1.149370 0.042375 0.000000
0.300140 -0.067037 0.034129 0.000000
0.391611 0.349345 0.037175 0.000000
0.261943 -0.495219 0.020933 0.000000
-0.051518 -0.995718 -0.012206 0.000000
0.219543 -0.983290 -0.056387 1.000000
0.253784 -0.591838 0.022712 0.000000
0.400703 0.192657 0.002300 0.000000
0.104687 -1.295976 0.039617 0.000000
0.243312 0.016493 -0.025114 0.000000
0.357292 -0.107021 0.017714 0.000000
0.156017 -0.484272 0.027958 0.000000
0.344218 0.300894 0.019219 0.000000
0.383080 0.463852 0.043384 0.000000
0.202447 -1.032592 0.037948 0.000000
0.272799 -0.314783 0.029915 0.000000
0.151527 -1.134733 0.050791 0.000000
0.337089 0.087642 0.042132 0.000000
0.405125 -0.134630 0.085377 0.000000
0.352069 0.361962 0.028706 0.000000
0.068241 -0.667035 0.028364 0.000000
0.275941 -0.239335 0.030775 0.000000
0.330004 0.094595 0.042587 0.000000
0.334695 0.278421 0.017132 0.000000
0.407801 -0.140622 0.082297 0.000000
0.081031 -1.353122 0.081054 0.000000
0.260062 -0.542768 0.009055 0.000000
0.418606 0.089050 0.010193 0.000000
0.206766 -1.030846 0.027928 0.000000
0.337348 -0.038784 0.012612 0.000000
0.308808 -0.053023 0.038134 0.000000
0.316695 0.169396 0.041028 0.000000
0.158869 -0.476695 0.026978 0.000000
0.423820 -0.142979 0.093331 0.000000
0.277844 -0.275877 0.029765 0.000000
0.660301 -0.501983 0.158773 0.000000
0.199499 -1.105709 0.029738 0.000000
0.158782 -1.094305 0.035533 0.000000
0.481555 -0.239141 -0.152565 0.000000
0.421800 0.241108 0.076700 0.000000
0.260829 -0.282085 0.021161 0.000000
0.347055 0.443738 0.039147 0.000000
0.326791 0.185161 0.053795 0.000000
0.356087 0.418725 0.031484 0.000000
0.357398 0.011783 0.075632 0.000000
0.646644 -0.097488 -0.060467 0.000000
0.191043 -1.113584 0.034451 0.000000
0.272502 -0.439454 0.015034 0.000000
0.428791 -0.204024 0.096947 0.000000
0.441106 0.220098 0.098807 0.000000
0.246572 -0.629209 0.017621 0.000000
0.339378 0.242790 0.013554 0.000000
0.391050 0.363300 0.039405 0.000000
-0.027535 -0.938289 -0.000312 0.000000
0.249790 -0.548240 0.013490 0.000000
0.328647 -0.031877 0.000826 0.000000
0.271815 -0.267680 0.030239 0.000000
0.207205 -1.059555 0.025937 0.000000
0.189337 -1.070808 0.027918 0.000000
0.172062 -1.174726 0.048828 0.000000
0.224878 -0.782942 0.016957 0.000000
0.157990 -0.207172 -0.125955 0.000000
0.404480 -0.121843 0.081091 0.000000
0.214630 -1.047833 -0.106446 1.000000
0.192847 -1.017202 0.017451 0.000000
0.559253 -0.436505 0.127808 0.000000
0.251134 -0.577793 0.023333 0.000000
0.491732 -0.318668 0.098405 0.000000
0.432887 -0.154056 -0.123316 0.000000
0.172568 -1.057714 0.035108 0.000000
0.206952 -0.070972 -0.055679 0.000000
0.343116 0.175818 0.003323 0.000000
0.338047 0.178662 0.008180 0.000000
-0.033670 -0.955271 -0.007758 0.000000
0.282650 -0.252078 0.022964 0.000000
0.167571 0.087739 -0.031963 0.000000
0.413514 -0.121406 0.087730 0.000000
0.431124 0.034467 -0.014342 0.000000
0.534732 -0.408663 0.112373 0.000000
0.011924 -0.830308 0.025790 0.000000
0.424075 0.238100 0.023533 0.000000
0.310557 0.027647 0.040984 0.000000
