0.208082 -0.119031 0.404039 0.000000
0.629383 -1.349613 0.116922 1.000000
0.389457 0.488165 0.121810 0.000000
0.379677 -0.777826 0.392477 0.000000
-0.133953 -0.593533 0.124262 0.000000
0.501899 -0.276349 -0.072827 0.000000
0.071320 -0.247117 -0.047532 0.000000
0.459428 0.080256 0.134052 0.000000
0.293793 -1.134764 0.212173 0.000000
0.351784 -0.431201 0.239768 0.000000
0.594463 -0.054130 0.454303 0.000000
0.442830 -0.990936 0.613004 0.000000
0.238550 -0.123837 0.133936 0.000000
0.057660 -0.406940 0.170878 0.000000
0.530426 -0.175558 0.164449 0.000000
0.355421 -0.896419 0.177006 1.000000
0.171382 -0.276080 0.582864 0.000000
0.527784 -1.134742 0.162965 1.000000
0.338559 0.273027 0.196185 0.000000
0.339760 -0.662508 0.194143 0.000000
0.281438 0.059240 0.277875 0.000000
0.372602 -0.063654 -0.040603 0.000000
0.397444 -0.210585 0.310955 0.000000
0.447508 -0.023275 0.332140 0.000000
0.231824 -0.179880 -0.027589 0.000000
0.156589 -0.269079 0.164151 0.000000
0.307729 0.060587 0.065099 0.000000
0.401277 -0.913214 0.477868 0.000000
0.332109 -0.282826 0.185691 0.000000
0.377668 -0.567479 0.315934 0.000000
0.662060 -0.177504 0.084250 0.000000
0.504996 -0.157395 0.016864 0.000000
0.437023 -1.020038 0.191962 1.000000
0.259704 -0.996309 0.244410 0.000000
0.396535 0.201365 0.084102 0.000000
0.465087 -0.050894 0.191726 0.000000
0.326643 -0.025310 0.178170 0.000000
-0.039155 -0.499944 0.150489 0.000000
0.323734 0.138046 0.177041 0.000000
0.449069 -0.037599 0.062440 0.000000
0.373193 0.363327 0.115825 0.000000
0.551818 -1.253117 0.128373 1.000000
0.397340 0.056703 0.238710 0.000000
0.339406 -0.540256 0.186204 0.000000
0.193179 -0.209571 0.483264 0.000000
0.326223 -0.782053 0.205299 0.000000
0.516350 -0.288439 0.204255 0.000000
0.336461 -0.159192 0.192520 0.000000
0.290361 -0.066687 0.043522 0.000000
0.264289 -0.035475 0.344192 0.000000
0.356966 -0.681167 0.331123 0.000000
0.360003 -0.074837 0.292698 0.000000
0.392530 0.030983 0.008326 0.000000
0.406758 0.196634 0.208639 0.000000
0.428746 -0.129026 0.245825 0.000000
0.512404 -0.091457 0.114039 0.000000
0.516794 -0.032839 0.399967 0.000000
0.334308 0.276208 0.099096 0.000000
0.391108 0.113009 0.053804 0.000000
0.297326 -0.909761 0.243709 0.000000
0.217872 -0.204558 0.164691 0.000000
0.267755 -1.085504 0.281034 0.000000
0.155126 -0.221512 -0.039032 0.000000
0.390020 -0.957517 0.229976 1.000000
0.116851 -0.344904 0.167780 0.000000
0.325529 -0.367348 0.189598 0.000000
0.589567 -0.146638 0.112693 0.000000
0.334069 0.121391 0.259323 0.000000
0.400535 -0.955330 0.549941 0.000000
0.488838 0.002390 0.130352 0.000000
0.411533 0.270528 0.128357 0.000000
0.325127 -1.044396 0.228901 0.000000
0.320267 0.195968 0.114477 0.000000
0.322867 0.056273 0.175951 0.000000
0.358215 -0.509553 0.263307 0.000000
0.383950 -0.849423 0.428409 0.000000
0.350640 0.427317 0.158546 0.000000
0.444689 0.158669 0.131755 0.000000
0.473934 -1.077835 0.151311 1.000000
0.437193 0.037648 0.071777 0.000000
0.448379 0.028695 0.190197 0.000000
0.421414 0.122979 0.194101 0.000000
0.380832 -0.016116 0.249961 0.000000
0.511696 -0.215155 -0.030694 0.000000
0.274180 -0.134254 0.014082 0.000000
0.336893 0.197446 0.233951 0.000000
0.316360 -0.969941 0.204813 0.000000
0.485230 -0.120656 0.181382 0.000000
0.271156 -0.072045 0.170786 0.000000
0.327416 0.138619 0.072249 0.000000
0.477632 -0.101793 0.051861 0.000000
0.327733 -0.470217 0.186926 0.000000
-0.083400 -0.545268 0.122685 0.000000
0.395221 0.309809 0.182457 0.000000
0.326256 -0.850603 0.224025 0.000000
0.015812 -0.459705 0.158244 0.000000
0.319518 -0.003658 0.046752 0.000000
0.332268 -0.094314 0.182362 0.000000
0.605297 -1.289199 0.116950 1.000000
0.555163 -1.191219 0.145507 1.000000
0.337199 0.322884 0.156089 0.000000
0.533600 -0.219087 0.117743 0.000000
0.328059 -0.600852 0.205831 0.000000
0.401087 -0.956754 0.167692 1.000000
0.388120 -0.720472 0.368262 0.000000
0.335629 -0.221398 0.197114 0.000000
0.355954 -0.625464 0.303375 0.000000
0.333592 -0.721204 0.212281 0.000000
0.207099 -0.172439 0.434604 0.000000
0.186495 -0.236579 0.538127 0.000000
0.333093 0.206638 0.173370 0.000000
0.405492 0.009155 0.302298 0.000000
0.255260 0.014742 0.312035 0.000000
0.217962 -0.063776 0.370255 0.000000
0.246799 -1.135974 0.248567 0.000000
0.327612 -1.167249 0.248346 0.000000
0.524831 -0.239485 0.172472 0.000000
0.395383 0.253552 0.199392 0.000000
0.334186 -0.374979 0.245279 0.000000
0.359731 0.099730 0.156265 0.000000
0.260476 -1.051670 0.236839 0.000000
0.357481 -0.910582 0.231013 1.000000
0.428176 -0.074295 0.226030 0.000000
0.425933 0.088710 0.090056 0.000000
0.425242 0.216796 0.128418 0.000000
0.384582 -0.021224 -0.007838 0.000000
0.322461 -1.099931 0.243243 0.000000
0.396111 0.363993 0.165542 0.000000
0.502882 -0.052721 0.152185 0.000000
0.409458 -0.172819 0.273314 0.000000
0.343302 0.481474 0.150301 0.000000
0.341752 0.147700 0.127438 0.000000
0.390384 -0.642138 0.341413 0.000000
0.345362 0.375033 0.158254 0.000000
0.380824 0.311835 0.116892 0.000000
0.339790 -0.419630 0.185649 0.000000
0.241852 -0.158720 0.171570 0.000000
0.323894 -0.323281 0.215918 0.000000
0.301729 -0.965968 0.253657 0.000000
0.395444 0.407574 0.139705 0.000000
0.488417 -0.041574 0.105000 0.000000
0.521692 -0.128481 0.147304 0.000000
0.446517 -0.011081 0.220900 0.000000
0.440027 0.077576 0.182762 0.000000
0.416842 0.137772 0.094587 0.000000
0.368866 0.441704 0.114945 0.000000
0.362765 0.063915 0.203973 0.000000
0.271474 -1.135379 0.291123 0.000000
0.347987 0.224049 0.085347 0.000000
0.294938 -1.080651 0.208135 0.000000
0.481663 -0.028154 0.366781 0.000000
0.334051 0.324758 0.107899 0.000000
0.555392 -0.043060 0.428155 0.000000
0.454717 0.035243 0.117230 0.000000
0.397327 0.104655 0.231704 0.000000
0.295960 -0.006322 0.146462 0.000000
0.423869 0.168262 0.174697 0.000000
0.327939 0.152073 0.223664 0.000000
0.072015 -0.362369 0.177959 0.000000
0.318077 -0.920131 0.202521 0.000000
0.388497 0.069341 0.036206 0.000000
0.355732 -0.464500 0.276792 0.000000
0.398468 0.151875 0.223058 0.000000
0.405312 -0.811537 0.412182 0.000000
0.120449 -0.295563 0.169215 0.000000
0.509485 -1.173414 0.149238 1.000000
0.300977 0.091305 0.253389 0.000000
0.294680 -1.011682 0.221073 0.000000
0.337434 0.095301 0.075174 0.000000
0.254934 -0.116488 0.177038 0.000000
0.481367 -1.061993 0.192172 1.000000
0.277268 -1.028158 0.270371 0.000000
0.406866 0.221525 0.171138 0.000000
0.178503 -0.218813 0.150575 0.000000
0.194712 -0.202743 -0.033903 0.000000
0.359882 -0.551267 0.279097 0.000000
0.376338 -0.886027 0.453910 0.000000
0.376747 -0.933496 0.195750 1.000000
0.485931 -1.119366 0.155345 1.000000
0.390417 0.160419 0.068678 0.000000
0.114320 -0.234663 -0.045442 0.000000
0.388478 0.023423 0.265221 0.000000
0.343378 0.231995 0.208215 0.000000
0.405843 -0.942022 0.509489 0.000000
0.338081 0.247685 0.161639 0.000000
0.310675 0.016181 0.184651 0.000000
0.553946 -0.123733 0.118778 0.000000
0.283573 -1.115916 0.255267 0.000000
0.406848 0.179142 0.122556 0.000000
0.438484 0.115737 0.125437 0.000000
0.338256 0.183507 0.078578 0.000000
0.626772 -0.163504 0.102856 0.000000
0.423760 -0.966984 0.582951 0.000000
0.295605 0.030953 0.305440 0.000000
0.399581 0.239398 0.103017 0.000000
0.386967 0.453993 0.150632 0.000000
0.356865 -0.352162 0.212752 0.000000
0.238221 -0.101904 0.380777 0.000000
0.340281 0.411467 0.117711 0.000000
0.213849 -0.169992 0.142094 0.000000
0.329743 0.363638 0.121399 0.000000
0.278684 -0.942660 0.228966 0.000000
0.335450 -0.504962 0.206209 0.000000
0.423901 -0.994482 0.220409 1.000000
0.368979 -0.518133 0.301017 0.000000
0.320999 0.096167 0.173961 0.000000
0.292553 -1.070099 0.254355 0.000000
0.394163 0.274860 0.164005 0.000000
0.287442 -0.036279 0.171130 0.000000
0.290722 -0.099327 0.021704 0.000000
0.512937 -0.089869 0.159477 0.000000
0.358172 -0.589343 0.288029 0.000000
0.257895 -0.090610 0.139132 0.000000
0.339419 -0.814296 0.224464 0.000000
0.443197 -0.000465 0.071843 0.000000
0.360138 -0.478350 0.240717 0.000000
0.567901 -1.287754 0.123958 1.000000
0.236317 -0.012385 0.332689 0.000000
0.257449 -0.155901 -0.013339 0.000000
0.386318 0.329509 0.149894 0.000000
0.473251 -0.066268 0.066431 0.000000
0.357386 -0.395804 0.224251 0.000000
0.381035 -0.609155 0.326206 0.000000
0.317620 -0.882690 0.202088 0.000000
0.504551 -0.242785 -0.056440 0.000000
0.370219 -0.048742 0.268049 0.000000
0.510343 -0.187455 -0.005889 0.000000
0.358618 -0.741293 0.359394 0.000000
0.499558 -0.155037 0.162008 0.000000
0.254140 -0.067485 0.359974 0.000000
0.186907 -0.177659 0.465604 0.000000
0.327553 0.233979 0.114526 0.000000
0.451901 -1.037880 0.163292 1.000000
0.264988 -1.088143 0.237183 0.000000
0.473134 -0.086137 0.185363 0.000000
0.328804 -0.998754 0.224574 0.000000
0.570907 -1.222794 0.136049 1.000000
0.426693 -0.998856 0.164356 1.000000
0.333706 0.172088 0.162364 0.000000
0.588019 -1.254311 0.127665 1.000000
-0.017333 -0.475602 0.166073 0.000000
-0.062976 -0.526905 0.146580 0.000000
0.486328 -0.135782 0.038997 0.000000
0.310788 -0.037640 0.037757 0.000000
0.328654 -0.059344 0.189840 0.000000
0.450504 -0.006797 0.185303 0.000000
0.321952 -0.884026 0.237599 0.000000
0.186552 -0.249656 0.166710 0.000000
0.356341 0.297218 0.171624 0.000000
0.366930 -0.823919 0.410634 0.000000
-0.105619 -0.572150 0.127361 0.000000
0.312727 -1.133869 0.241719 0.000000
0.319993 -0.189826 0.188594 0.000000
0.311848 0.075424 0.283876 0.000000
0.344149 -0.754461 0.217040 0.000000
0.040226 -0.434566 0.158530 0.000000
0.292919 -1.045927 0.210842 0.000000
0.465737 0.021278 0.148204 0.000000
0.534761 -1.217673 0.136141 1.000000
0.351374 -0.317677 0.195654 0.000000
0.312968 -0.941280 0.231454 0.000000
0.309157 0.026936 0.058440 0.000000
0.190785 -0.142430 0.433196 0.000000
0.327406 -0.566823 0.204303 0.000000
0.293647 -0.999095 0.252707 0.000000
0.325996 -0.127429 0.185780 0.000000
0.406767 -0.868328 0.444799 0.000000
0.321790 -0.690082 0.201244 0.000000
0.435197 -0.043976 0.213198 0.000000
0.371950 0.400181 0.116141 0.000000
0.278769 -0.054457 0.143177 0.000000
0.142987 -0.320242 0.169659 0.000000
0.607861 -1.324215 0.115852 1.000000
0.341048 -0.627786 0.191424 0.000000
0.381068 0.277674 0.117516 0.000000
0.355365 0.252894 0.109569 0.000000
0.524060 -0.194594 0.137799 0.000000
0.236545 -1.103239 0.244578 0.000000
0.400404 -0.968512 0.200611 1.000000
0.348329 -0.884010 0.213827 1.000000
0.434300 0.137220 0.167397 0.000000
0.435038 0.059858 0.210019 0.000000
0.399745 0.346326 0.125078 0.000000
0.232016 -0.040561 0.351807 0.000000
0.313242 0.119031 0.234234 0.000000
0.323390 -0.251002 0.190761 0.000000
0.319962 0.026272 0.155034 0.000000
0.274872 -0.009214 0.327998 0.000000
0.481161 0.045858 0.132923 0.000000
0.181413 -0.264068 0.554555 0.000000
0.338635 0.122359 0.147171 0.000000
0.349505 0.083518 0.182174 0.000000
0.208553 -0.091221 0.387032 0.000000
0.536554 -0.209997 0.167460 0.000000
0.346098 0.173993 0.109764 0.000000
0.417170 0.250777 0.163489 0.000000
0.468869 -0.017965 0.113503 0.000000
0.487790 -0.025557 0.146335 0.000000
0.412441 0.466624 0.119719 0.000000
0.374768 0.483829 0.149659 0.000000
0.335789 -0.405763 0.251591 0.000000
0.288598 -1.036785 0.240594 0.000000
0.538592 -1.165229 0.157502 1.000000
0.427749 -0.014278 0.309542 0.000000
0.408982 0.304386 0.154842 0.000000
0.192352 -0.228558 0.508114 0.000000
0.082576 -0.388227 0.163898 0.000000
0.451297 -1.066877 0.174484 1.000000
0.437587 -0.099788 0.242616 0.000000
0.356057 0.299076 0.103991 0.000000
0.389328 0.027793 0.233068 0.000000
0.329551 -0.351450 0.226465 0.000000
0.381231 -0.670488 0.347462 0.000000
0.340572 0.198486 0.203879 0.000000
0.437588 0.189616 0.123268 0.000000
0.297456 -1.105914 0.224630 0.000000
0.427362 0.095361 0.204962 0.000000
0.101677 -0.319426 0.173825 0.000000
0.327497 -0.336653 0.189089 0.000000
0.336445 -0.444404 0.202536 0.000000
0.213193 -0.148450 0.413986 0.000000
0.477704 -1.092304 0.177355 1.000000
0.270553 -1.057441 0.270757 0.000000
0.379260 0.380851 0.147309 0.000000
0.318914 -1.074576 0.227892 0.000000
0.389730 0.473739 0.095682 0.000000
0.430860 0.059562 0.093582 0.000000
0.284937 -0.971743 0.228884 0.000000
0.383851 -0.922969 0.499899 0.000000
0.435406 0.105358 0.173338 0.000000
0.364907 0.471700 0.120651 0.000000
0.404109 0.225431 0.202697 0.000000
0.343574 0.169866 0.241955 0.000000
0.407980 0.192679 0.179046 0.000000
0.495649 -0.066031 0.119725 0.000000
0.361770 -0.492889 0.287023 0.000000
0.323673 -0.970216 0.233060 0.000000
0.364867 0.335787 0.111126 0.000000
0.419430 0.142348 0.123260 0.000000
0.300114 -0.010822 0.177092 0.000000
0.519919 -0.265408 0.184589 0.000000
0.331824 -0.394184 0.198573 0.000000
0.368390 0.049082 0.228225 0.000000
0.336300 0.063807 0.067977 0.000000
0.334602 -0.834397 0.201623 0.000000
0.434169 0.085586 0.121141 0.000000
0.415724 0.172781 0.095865 0.000000
0.347166 0.450515 0.141947 0.000000
0.256154 -1.024721 0.246369 0.000000
0.349534 0.383884 0.125409 0.000000
0.443574 0.016939 0.216061 0.000000
0.336598 0.276112 0.164138 0.000000
0.161603 -0.242102 0.155339 0.000000
0.417954 -0.994302 0.190982 1.000000
0.500512 -1.136740 0.172369 1.000000
0.358734 -0.908761 0.202786 1.000000
0.420403 0.244074 0.122786 0.000000
0.395041 -0.693775 0.362161 0.000000
0.468630 0.010742 0.112479 0.000000
-0.016447 -0.487109 0.139855 0.000000
0.412018 -0.148888 0.258685 0.000000
0.304468 -0.073452 0.020122 0.000000
0.377228 0.427858 0.146676 0.000000
0.415186 0.201074 0.107211 0.000000
0.398677 0.283484 0.191371 0.000000
0.363097 -0.645751 0.321314 0.000000
0.522378 -0.156426 0.145626 0.000000
0.385947 0.003967 0.004291 0.000000
0.315024 -1.020289 0.238682 0.000000
0.321309 -0.309710 0.191099 0.000000
0.231309 -0.149015 0.146737 0.000000
0.340863 0.157203 0.088419 0.000000
0.097727 -0.365502 0.168189 0.000000
0.295751 -0.888094 0.226618 0.000000
0.403351 -0.198335 0.286916 0.000000
0.322071 0.299915 0.108164 0.000000
0.197660 -0.196910 0.147582 0.000000
0.353948 0.400428 0.152019 0.000000
0.402603 0.296303 0.124917 0.000000
0.374744 -0.037322 -0.027793 0.000000
0.343998 0.201670 0.101928 0.000000
0.441979 0.051228 0.175411 0.000000
0.402394 -0.891036 0.460667 0.000000
0.269766 0.034803 0.297260 0.000000
0.457322 0.135693 0.124402 0.000000
0.348115 0.347479 0.160083 0.000000
0.202070 -0.226241 0.165285 0.000000
0.461597 -0.015412 0.354356 0.000000
0.395861 0.079085 0.223956 0.000000
0.404520 0.003822 0.276131 0.000000
0.447857 0.060952 0.118707 0.000000
0.399252 0.135376 0.066645 0.000000
0.015917 -0.435803 0.169831 0.000000
0.346767 -0.698844 0.203344 0.000000
0.332120 0.003247 0.175999 0.000000
0.414280 0.148956 0.190010 0.000000
0.364769 -0.716158 0.354012 0.000000
0.464688 0.110365 0.124664 0.000000
0.317120 -0.907913 0.226424 0.000000
0.528804 -0.112034 0.113098 0.000000
0.227695 -0.180197 0.162917 0.000000
0.333990 0.145745 0.249460 0.000000
0.394824 0.338966 0.173415 0.000000
0.347691 0.247198 0.186017 0.000000
0.356346 -0.454570 0.252580 0.000000
0.306007 0.053415 0.297178 0.000000
0.333070 0.174475 0.210671 0.000000
0.379826 0.354534 0.146845 0.000000
0.336179 -0.496026 0.181940 0.000000
0.529333 -1.192511 0.137580 1.000000
0.339310 -0.862049 0.204059 0.000000
0.304879 -0.945384 0.207464 0.000000
0.395492 0.382168 0.127512 0.000000
0.315709 0.085983 0.065300 0.000000
0.451952 -1.040779 0.190682 1.000000
0.033414 -0.414743 0.173205 0.000000
0.150091 -0.293603 0.167356 0.000000
0.088252 -0.342758 0.175910 0.000000
0.289369 0.010377 0.319148 0.000000
0.325103 0.167577 0.122731 0.000000
0.409500 -0.961070 0.526027 0.000000
0.272620 -1.138423 0.251375 0.000000
0.335537 -0.807252 0.200452 0.000000
0.425982 0.114507 0.091148 0.000000
0.324062 -0.518665 0.188373 0.000000
0.245256 -0.134267 0.161641 0.000000
0.384228 -0.801781 0.402464 0.000000
0.387361 0.044804 0.028723 0.000000
0.508087 -0.074076 0.139908 0.000000
0.391480 0.177175 0.088024 0.000000
0.330743 0.029789 0.178608 0.000000
0.421484 -0.967850 0.558103 0.000000
0.400568 0.092352 0.043621 0.000000
0.385478 0.296260 0.154153 0.000000
0.299111 -0.019842 0.050599 0.000000
0.402479 0.387208 0.153087 0.000000
0.294611 -1.062407 0.229198 0.000000
0.306838 -0.996768 0.205548 0.000000
-0.045457 -0.513877 0.131065 0.000000
0.252218 -0.110633 0.153203 0.000000
0.290959 -0.913553 0.220182 0.000000
0.370053 -0.592498 0.311784 0.000000
0.305200 -0.986434 0.231850 0.000000
0.285269 -0.115292 0.002982 0.000000
0.377102 -0.938608 0.221133 1.000000
0.264381 -1.111974 0.269977 0.000000
0.347670 -0.427894 0.263565 0.000000
0.514980 -0.106993 0.137974 0.000000
0.261898 -0.094488 0.168856 0.000000
0.450083 -0.031134 0.184994 0.000000
0.247574 -1.072219 0.243107 0.000000
0.379690 -0.903012 0.473480 0.000000
0.387903 0.006633 0.244783 0.000000
0.319801 0.099307 0.266298 0.000000
0.370928 -0.922908 0.174805 1.000000
0.325286 -0.742802 0.205368 0.000000
0.362305 -0.794519 0.393694 0.000000
0.360668 -0.527144 0.279630 0.000000
0.339354 0.118304 0.082147 0.000000
0.342995 -0.583192 0.195949 0.000000
0.236126 -0.079599 0.370632 0.000000
0.397172 0.175752 0.220312 0.000000
0.291473 -1.090832 0.242314 0.000000
0.398674 0.128171 0.226749 0.000000
0.394401 0.212826 0.105736 0.000000
0.389461 -0.828189 0.418714 0.000000
0.398387 0.263180 0.109735 0.000000
0.327069 -0.641076 0.205435 0.000000
0.358221 0.276366 0.111011 0.000000
0.337588 -0.449205 0.179426 0.000000
0.500711 -1.112855 0.172545 1.000000
0.331894 0.252942 0.101301 0.000000
0.334333 0.117860 0.171593 0.000000
0.350070 -0.373648 0.222059 0.000000
0.362965 -0.567335 0.295846 0.000000
0.270858 -1.079831 0.258579 0.000000
0.500464 -0.032338 0.383289 0.000000
0.325986 0.042610 0.061955 0.000000
0.214214 -0.195974 -0.023214 0.000000
0.375951 0.036600 0.249893 0.000000
0.510706 -0.176754 0.152330 0.000000
0.358252 -0.486430 0.264768 0.000000
0.399928 -0.766837 0.390505 0.000000
0.440952 0.020055 0.086307 0.000000
-0.001806 -0.471883 0.149184 0.000000
0.307773 0.007576 0.160928 0.000000
0.476846 -0.005131 0.148522 0.000000
0.396681 0.319179 0.131773 0.000000
0.501259 -0.039906 0.133265 0.000000
0.263056 -0.153769 0.008705 0.000000
-0.001868 -0.453339 0.171205 0.000000
0.390851 -0.950446 0.189957 1.000000
0.266403 -0.971762 0.242046 0.000000
0.335823 0.397621 0.137173 0.000000
0.384984 0.442784 0.131021 0.000000
0.392068 0.238501 0.168692 0.000000
0.409214 0.200872 0.129528 0.000000
0.135041 -0.275925 0.164210 0.000000
0.094928 -0.245444 -0.049661 0.000000
0.380578 -0.868872 0.439884 0.000000
0.277850 -1.010414 0.241416 0.000000
0.337349 -0.482828 0.202870 0.000000
0.438729 0.070652 0.075704 0.000000
0.341337 0.254655 0.208771 0.000000
0.339060 -0.541677 0.208598 0.000000
0.341164 -0.792181 0.218616 0.000000
0.331611 -0.927402 0.218790 0.000000
0.339410 -0.676544 0.211502 0.000000
0.344051 -0.334010 0.210844 0.000000
0.433438 -0.006274 0.335211 0.000000
0.507019 -1.146576 0.153524 1.000000
0.281432 -1.006217 0.269848 0.000000
0.311195 0.038685 0.184238 0.000000
0.226660 -0.118220 0.391926 0.000000
0.338042 0.293889 0.183719 0.000000
0.345495 -0.892689 0.236209 0.000000
0.430349 -0.985818 0.592572 0.000000
0.308668 -0.863690 0.221097 0.000000
0.367233 -0.539950 0.298180 0.000000
0.421780 0.205607 0.167742 0.000000
0.305654 -1.032621 0.223016 0.000000
0.190837 -0.163734 0.446588 0.000000
0.242196 -0.175112 -0.008794 0.000000
0.173542 -0.206260 -0.038694 0.000000
0.177882 -0.272896 0.167875 0.000000
0.263915 -1.120731 0.241809 0.000000
0.348077 -0.878368 0.192552 1.000000
0.585953 -1.275594 0.123513 1.000000
0.333062 0.226068 0.163551 0.000000
0.343124 0.344172 0.111616 0.000000
0.134433 -0.225279 -0.044529 0.000000
0.194783 -0.197040 0.459723 0.000000
0.406631 -0.930593 0.489722 0.000000
0.062726 -0.381729 0.174892 0.000000
0.436004 -1.019661 0.170381 1.000000
0.376199 -0.630799 0.329741 0.000000
0.531064 -0.143606 0.160651 0.000000
0.586945 -1.300165 0.119641 1.000000
0.485917 -1.095143 0.155833 1.000000
0.463209 0.043329 0.144491 0.000000
0.572463 -0.134597 0.119208 0.000000
0.330787 -0.873674 0.221006 0.000000
-0.066863 -0.531871 0.125323 0.000000
0.294912 0.073236 0.269130 0.000000
0.466089 -0.084196 0.055163 0.000000
0.438830 0.006126 0.197478 0.000000
0.339900 -0.604579 0.188585 0.000000
0.302025 -0.963574 0.219436 0.000000
0.442997 -0.058827 0.226054 0.000000
0.328855 0.076694 0.176359 0.000000
0.338526 0.302503 0.161497 0.000000
0.347587 0.223653 0.189295 0.000000
0.330753 -0.895492 0.215908 0.000000
0.403588 0.324477 0.160854 0.000000
0.321959 -0.427456 0.193679 0.000000
0.645099 -0.169846 0.094658 0.000000
0.268182 -0.075600 0.150314 0.000000
0.428217 0.167302 0.122028 0.000000
0.406983 -0.958181 0.569767 0.000000
0.294690 -1.150143 0.226395 0.000000
0.415479 -0.007036 0.293533 0.000000
0.121652 -0.324616 0.169784 0.000000
0.341172 -0.564558 0.186590 0.000000
0.371691 0.421019 0.117791 0.000000
0.335049 -0.177792 0.180504 0.000000
0.273835 -1.066546 0.242672 0.000000
0.338173 0.100032 0.161553 0.000000
0.440673 0.036241 0.208825 0.000000
0.338754 -0.266854 0.197239 0.000000
0.271230 -1.045424 0.253826 0.000000
0.295878 -0.931119 0.237347 0.000000
0.378243 0.401235 0.150840 0.000000
0.337415 -0.199513 0.194212 0.000000
0.347320 0.234097 0.103406 0.000000
0.334322 -0.297669 0.201738 0.000000
0.281063 -0.117008 0.026333 0.000000
0.453091 -0.021423 0.074636 0.000000
0.359623 -0.448976 0.232776 0.000000
0.321797 0.107696 0.070143 0.000000
0.341708 -0.836681 0.220799 0.000000
0.569438 -1.263475 0.125232 1.000000
0.320053 -0.077227 0.184672 0.000000
0.276890 -0.131633 -0.006125 0.000000
0.364142 -0.528671 0.258895 0.000000
0.183658 -0.191462 0.482160 0.000000
0.470212 -1.073224 0.178864 1.000000
0.289819 -0.954461 0.241700 0.000000
0.306728 -0.056778 0.031899 0.000000
0.432344 -1.005212 0.205257 1.000000
0.466868 0.060384 0.132195 0.000000
0.373541 -0.654699 0.337213 0.000000
-0.077752 -0.540996 0.141742 0.000000
0.398646 -0.787505 0.401429 0.000000
0.337769 -0.763030 0.199772 0.000000
0.390079 -0.953815 0.209967 1.000000
0.554194 -1.211242 0.142886 1.000000
0.388804 -0.933635 0.516306 0.000000
0.252961 -0.045924 0.357168 0.000000
0.279554 -0.988622 0.238458 0.000000
0.324508 -0.045811 0.175547 0.000000
0.549353 -1.230655 0.131439 1.000000
0.257967 -0.018947 0.334703 0.000000
0.380729 0.462339 0.129969 0.000000
0.437831 0.136286 0.128904 0.000000
0.531196 -0.194056 0.156428 0.000000
0.337772 0.214381 0.223459 0.000000
0.366607 -0.922313 0.216645 1.000000
0.278599 -0.053462 0.175831 0.000000
0.503381 -1.126496 0.149209 1.000000
0.451430 0.098439 0.133266 0.000000
0.348787 -0.411557 0.237865 0.000000
0.308834 -1.067531 0.243437 0.000000
0.292860 -0.023901 0.154955 0.000000
0.568736 -1.242115 0.132760 1.000000
0.348726 0.272535 0.179322 0.000000
0.344443 -0.391500 0.238456 0.000000
0.298359 -1.023467 0.205755 0.000000
0.274044 0.019767 0.309165 0.000000
0.358354 -0.605928 0.298563 0.000000
0.345967 -0.646191 0.204217 0.000000
0.607784 -0.153514 0.110404 0.000000
0.333987 0.218410 0.103773 0.000000
0.400436 -0.944004 0.529233 0.000000
0.324341 0.136053 0.234333 0.000000
0.312828 -0.921750 0.240059 0.000000
0.328560 0.153457 0.166020 0.000000
0.386871 0.422672 0.130500 0.000000
0.410114 0.154075 0.102947 0.000000
0.402215 0.062224 0.024287 0.000000
0.322084 -0.108075 0.191718 0.000000
0.348082 0.364566 0.114852 0.000000
-0.094100 -0.558304 0.134779 0.000000
0.200842 -0.133667 0.416683 0.000000
0.322200 -0.146064 0.189820 0.000000
0.289290 -0.083502 0.032890 0.000000
0.353551 0.128713 0.136512 0.000000
0.393730 0.017093 0.285154 0.000000
0.322864 0.013944 0.054026 0.000000
0.236670 -0.059581 0.357664 0.000000
0.375094 -0.737449 0.368689 0.000000
0.503968 -0.230529 -0.041581 0.000000
0.455677 -0.062770 0.059372 0.000000
0.518646 -0.108191 0.157926 0.000000
0.431463 0.076126 0.199935 0.000000
0.338462 0.191129 0.163323 0.000000
0.448184 -0.030179 0.222329 0.000000
0.360013 -0.498894 0.247423 0.000000
0.309109 -1.091274 0.228938 0.000000
0.340751 0.137057 0.086003 0.000000
0.320235 -0.951758 0.217049 0.000000
0.307734 -0.904127 0.204560 0.000000
0.344219 -0.741406 0.202774 0.000000
0.351524 -0.445489 0.270063 0.000000
0.397092 0.344889 0.153500 0.000000
0.438809 -0.012428 0.202037 0.000000
0.532461 -0.038150 0.409449 0.000000
0.317967 0.110814 0.251227 0.000000
0.328458 -0.619829 0.204899 0.000000
0.366493 -0.614317 0.314574 0.000000
0.336837 -0.384867 0.182819 0.000000
0.507954 -0.173394 0.006606 0.000000
0.243224 -0.028176 0.342221 0.000000
0.495327 -0.138068 0.169285 0.000000
0.479440 0.021313 0.135183 0.000000
0.303167 0.002102 0.054289 0.000000
0.490784 -0.118551 0.045283 0.000000
0.397400 0.256292 0.164833 0.000000
0.375970 -0.033756 0.258159 0.000000
0.437177 -1.041543 0.179004 1.000000
0.436740 0.044296 0.192124 0.000000
0.371470 0.487056 0.129356 0.000000
0.509960 -0.199357 -0.020607 0.000000
0.313707 -1.115469 0.237288 0.000000
0.520552 -1.160902 0.160537 1.000000
0.444777 0.062190 0.192450 0.000000
0.324850 -0.406384 0.186098 0.000000
0.341011 0.309487 0.099464 0.000000
0.342781 -0.517715 0.194546 0.000000
0.438810 0.016728 0.065754 0.000000
0.376503 0.334193 0.125672 0.000000
0.537777 -1.183505 0.153680 1.000000
0.319944 -0.021684 0.041036 0.000000
0.293528 -0.037662 0.049951 0.000000
0.293159 -0.026472 0.185938 0.000000
0.341264 -0.773941 0.214699 0.000000
0.285222 -1.095247 0.259277 0.000000
0.379436 -0.705511 0.358230 0.000000
0.416598 0.001348 0.315011 0.000000
0.502651 -0.259673 -0.064632 0.000000
0.371925 0.381286 0.120362 0.000000
0.401656 0.369102 0.148614 0.000000
0.367071 -0.061105 0.282523 0.000000
0.285767 0.043484 0.294067 0.000000
-0.023940 -0.490522 0.156392 0.000000
0.467092 -0.068842 0.187733 0.000000
0.396240 0.211855 0.212431 0.000000
0.512874 -0.071501 0.157758 0.000000
0.288343 -1.052722 0.249921 0.000000
0.373693 0.050075 0.210619 0.000000
0.212962 -0.188259 0.153067 0.000000
0.334108 -0.354629 0.199731 0.000000
-0.048207 -0.515945 0.150345 0.000000
0.320935 -0.168805 0.188102 0.000000
0.481629 -0.031414 0.118664 0.000000
0.429637 0.094023 0.186535 0.000000
0.476739 -0.102797 0.178726 0.000000
0.463494 -1.057042 0.184050 1.000000
0.462605 -0.049272 0.069521 0.000000
0.200447 -0.184350 0.446725 0.000000
0.350815 0.408139 0.132230 0.000000
0.327618 0.041370 0.164874 0.000000
0.442482 -0.019435 0.059967 0.000000
0.184235 -0.268645 0.572348 0.000000
0.336888 0.179932 0.228404 0.000000
0.284477 -0.039916 0.152394 0.000000
0.052887 -0.421888 0.161308 0.000000
0.170946 -0.257148 0.161369 0.000000
0.297444 -1.123937 0.226287 0.000000
0.461077 -1.056400 0.163463 1.000000
0.387090 0.398540 0.126468 0.000000
0.496305 -0.146938 0.028746 0.000000
0.490868 -1.137140 0.157169 1.000000
0.397534 -0.967114 0.181952 1.000000
0.385106 0.292587 0.126735 0.000000
0.335546 -0.315952 0.204361 0.000000
0.319731 -0.858517 0.207914 0.000000
0.424467 -0.112085 0.241658 0.000000
0.350636 0.465183 0.151906 0.000000
0.334745 -0.236939 0.188207 0.000000
0.309120 -1.003849 0.234799 0.000000
0.389569 0.416625 0.153971 0.000000
0.202232 -0.155053 0.427815 0.000000
-0.119727 -0.582735 0.124483 0.000000
0.326479 -0.533779 0.197577 0.000000
0.468705 -1.094915 0.160413 1.000000
0.611801 -1.306844 0.115858 1.000000
0.296774 -1.062977 0.206950 0.000000
0.313571 -0.891805 0.219749 0.000000
0.416313 -0.958998 0.542594 0.000000
0.430788 0.123743 0.179015 0.000000
0.268285 0.004648 0.318701 0.000000
0.436340 -0.975412 0.607406 0.000000
0.182972 -0.226220 0.522943 0.000000
0.185027 -0.204951 0.498267 0.000000
0.358289 -0.509531 0.282165 0.000000
0.422129 0.124920 0.122087 0.000000
0.427339 -1.006631 0.182483 1.000000
0.337332 -0.712338 0.196924 0.000000
0.395946 0.293511 0.168116 0.000000
0.352855 0.445154 0.157787 0.000000
0.371398 0.466570 0.144348 0.000000
0.231335 -0.162746 0.158000 0.000000
0.296098 -1.098452 0.208733 0.000000
0.027458 -0.446593 0.157053 0.000000
0.325767 -0.583970 0.192575 0.000000
0.335319 -0.414022 0.201691 0.000000
0.224548 -0.090154 0.379897 0.000000
0.295031 -0.994194 0.219799 0.000000
0.189626 -0.248607 0.553665 0.000000
0.309973 0.085024 0.268812 0.000000
0.361900 -0.911975 0.185863 1.000000
0.381839 -0.936101 0.178478 1.000000
0.330501 0.079235 0.074606 0.000000
0.427097 0.150585 0.176107 0.000000
0.467367 -0.031574 0.350946 0.000000
0.321167 -0.268047 0.193904 0.000000
0.341548 -0.859917 0.221463 0.000000
0.186852 -0.233134 0.160251 0.000000
0.043943 -0.397326 0.175680 0.000000
0.194512 -0.213588 0.155044 0.000000
0.389948 0.265556 0.126318 0.000000
0.343147 0.391327 0.163927 0.000000
0.311030 -0.899089 0.243939 0.000000
0.136381 -0.304259 0.167006 0.000000
0.319772 -0.007921 0.180905 0.000000
0.330613 -0.551530 0.196765 0.000000
0.327210 -0.673895 0.197742 0.000000
0.353898 -0.471441 0.255585 0.000000
0.361668 -0.664671 0.328954 0.000000
0.522014 -0.225135 0.163251 0.000000
0.332269 -0.211296 0.182696 0.000000
0.298906 0.063074 0.282485 0.000000
0.293214 -1.085251 0.226041 0.000000
0.532962 -0.207778 0.131150 0.000000
0.344814 0.184993 0.094428 0.000000
0.329135 0.139760 0.136026 0.000000
0.373069 0.445436 0.145245 0.000000
0.432244 0.053049 0.077521 0.000000
0.398282 -0.854743 0.436166 0.000000
0.334160 0.166968 0.076027 0.000000
0.304850 -0.922601 0.224538 0.000000
0.266178 -1.035522 0.236389 0.000000
0.335010 -0.462805 0.200515 0.000000
0.336656 -0.366418 0.230660 0.000000
0.461870 -1.074144 0.163209 1.000000
0.354978 -0.899291 0.217495 1.000000
0.337514 -0.314430 0.186246 0.000000
0.325541 -0.706315 0.207632 0.000000
0.305873 -1.051004 0.234846 0.000000
0.270689 -1.020937 0.254313 0.000000
0.442565 -0.077343 0.234498 0.000000
0.325312 -0.487747 0.191972 0.000000
0.332348 0.184397 0.111795 0.000000
0.313671 0.028372 0.171045 0.000000
0.503372 -0.076884 0.109314 0.000000
0.493093 -0.038818 0.155379 0.000000
0.358594 -0.697339 0.335671 0.000000
0.371725 -0.684131 0.344579 0.000000
0.340841 0.360788 0.167451 0.000000
0.402275 0.150260 0.075023 0.000000
0.440367 -0.012501 0.321176 0.000000
0.378290 -0.053774 -0.028062 0.000000
0.315417 -1.084070 0.242779 0.000000
0.276196 -0.059626 0.160356 0.000000
0.522519 -1.166180 0.141451 1.000000
0.452454 -1.022803 0.198045 1.000000
0.319738 -0.982630 0.222469 0.000000
0.342867 0.215319 0.206449 0.000000
0.319635 0.283383 0.109642 0.000000
0.352773 0.113588 0.149134 0.000000
0.307937 0.044325 0.061145 0.000000
0.293494 -1.016568 0.237024 0.000000
0.393925 0.472236 0.119363 0.000000
0.212984 -0.105948 0.393530 0.000000
0.360581 0.073041 0.188966 0.000000
0.513169 -0.090424 0.138791 0.000000
0.332141 -0.280995 0.203129 0.000000
0.622942 -1.334315 0.115239 1.000000
0.409752 0.185429 0.105312 0.000000
0.328045 -0.333347 0.228539 0.000000
0.070998 -0.402270 0.162058 0.000000
0.510984 -1.124912 0.167207 1.000000
0.354747 0.264156 0.097364 0.000000
0.323788 0.267165 0.108214 0.000000
0.357824 -0.542683 0.265104 0.000000
0.336447 -0.246780 0.201388 0.000000
0.393332 0.308977 0.162936 0.000000
0.541242 -1.201212 0.145000 1.000000
0.426265 -0.982657 0.576901 0.000000
0.355287 0.419682 0.117318 0.000000
0.335397 -0.435445 0.188637 0.000000
0.486376 -0.052525 0.118635 0.000000
0.251439 -0.169065 -0.021084 0.000000
0.103174 -0.336612 0.172987 0.000000
0.454444 0.007444 0.192398 0.000000
0.422449 0.195702 0.120887 0.000000
0.386083 -0.912349 0.487653 0.000000
0.404208 0.251017 0.118980 0.000000
0.449527 -0.011907 0.343914 0.000000
0.384064 -0.004512 -0.009526 0.000000
0.454086 0.118778 0.133758 0.000000
0.348691 0.159501 0.118626 0.000000
0.241617 -0.136554 0.144922 0.000000
0.185566 -0.206461 0.142574 0.000000
0.337616 -0.256135 0.185010 0.000000
0.183865 -0.214541 0.511795 0.000000
0.324795 0.126052 0.246979 0.000000
0.418393 0.102391 0.098614 0.000000
0.082158 -0.372818 0.171046 0.000000
0.301176 -0.054053 0.046768 0.000000
0.383177 -0.816040 0.410223 0.000000
0.335654 -0.583486 0.210239 0.000000
0.334762 -0.350304 0.184297 0.000000
0.341859 -0.420662 0.250486 0.000000
0.370924 -0.577673 0.305165 0.000000
0.352444 -0.893787 0.192613 1.000000
0.488271 -0.011857 0.137662 0.000000
0.330353 0.261269 0.165088 0.000000
0.305575 -0.946744 0.244522 0.000000
0.465558 -0.034966 0.192626 0.000000
0.358192 -0.411951 0.224990 0.000000
0.328129 -0.660053 0.205581 0.000000
0.531184 -0.159375 0.162777 0.000000
0.226145 -0.190031 -0.014533 0.000000
0.437431 0.089506 0.172569 0.000000
0.371197 0.457383 0.116188 0.000000
0.495179 -0.025141 0.132278 0.000000
0.334608 0.293642 0.100721 0.000000
0.306155 -0.929543 0.207112 0.000000
0.349118 0.312199 0.168215 0.000000
0.481540 -1.104475 0.167951 1.000000
0.401684 0.207135 0.177616 0.000000
0.321142 -0.226295 0.193036 0.000000
0.350140 0.435053 0.143496 0.000000
0.505170 -0.059874 0.133586 0.000000
0.376137 0.347968 0.113560 0.000000
0.430407 -0.089314 0.233229 0.000000
0.322779 0.211533 0.114050 0.000000
0.309586 -1.013571 0.216312 0.000000
0.439160 0.175965 0.130980 0.000000
0.335685 0.139494 0.164435 0.000000
0.517307 -1.145377 0.167956 1.000000
0.284816 -1.076434 0.236007 0.000000
0.338929 -0.819875 0.209762 0.000000
0.332604 -0.877052 0.205759 0.000000
0.329908 -0.762213 0.213361 0.000000
0.390617 0.023242 0.249670 0.000000
0.409891 0.236467 0.167464 0.000000
0.364532 -0.630941 0.316423 0.000000
0.399629 0.328690 0.119684 0.000000
0.341601 -0.352403 0.216232 0.000000
0.437266 -0.025330 0.210766 0.000000
0.344475 -0.615960 0.201067 0.000000
0.494515 -0.058758 0.105949 0.000000
0.398211 0.267963 0.194120 0.000000
0.327936 -0.911621 0.215808 0.000000
0.402957 0.138005 0.215447 0.000000
0.330709 -0.181166 0.195834 0.000000
0.423907 0.109502 0.121136 0.000000
0.398851 0.225364 0.096375 0.000000
0.343206 -0.466372 0.187804 0.000000
0.350399 0.246874 0.095145 0.000000
0.449104 0.078782 0.122564 0.000000
-0.029390 -0.498375 0.138537 0.000000
0.479309 -0.079954 0.062358 0.000000
0.350885 0.094838 0.168739 0.000000
0.475398 -1.081389 0.166317 1.000000
0.402559 -0.183393 0.282287 0.000000
0.279291 -1.063681 0.259105 0.000000
0.334149 0.158893 0.236447 0.000000
0.340950 -0.685877 0.197244 0.000000
0.331744 -0.521215 0.204897 0.000000
0.323892 0.016219 0.174236 0.000000
0.524347 -1.180601 0.146592 1.000000
0.340024 0.187968 0.215138 0.000000
0.393896 0.041677 0.238858 0.000000
0.303058 -0.976358 0.210899 0.000000
0.468249 0.095596 0.127184 0.000000
0.530763 -0.251952 0.179259 0.000000
0.403824 0.240491 0.199576 0.000000
0.398781 0.089960 0.235954 0.000000
0.258948 -0.095746 0.153864 0.000000
0.192503 -0.219504 0.494920 0.000000
0.425506 0.074058 0.085592 0.000000
0.519897 -0.279340 0.192465 0.000000
0.454075 -1.047595 0.174919 1.000000
0.343888 0.209499 0.087748 0.000000
0.427970 0.181146 0.167531 0.000000
0.582508 -0.050448 0.445502 0.000000
0.267028 -0.143178 -0.004298 0.000000
0.331855 -0.849229 0.208659 0.000000
0.323403 0.126900 0.165893 0.000000
0.343979 -0.879358 0.227675 0.000000
0.296423 -1.111860 0.238622 0.000000
0.331335 -0.803802 0.216938 0.000000
0.319658 -0.311765 0.206889 0.000000
0.327353 0.152502 0.126163 0.000000
0.439360 0.100705 0.123306 0.000000
0.333023 0.290805 0.169504 0.000000
0.423494 0.137993 0.183818 0.000000
0.300754 -0.005788 0.162270 0.000000
0.214103 -0.134742 0.407591 0.000000
0.378856 0.038157 0.228543 0.000000
0.482649 -0.020151 0.107646 0.000000
0.440453 0.022816 0.201854 0.000000
0.162255 -0.282875 0.166640 0.000000
0.281737 -0.966609 0.245659 0.000000
0.220354 -0.156265 0.139256 0.000000
-0.007416 -0.463955 0.161996 0.000000
0.358691 0.059386 0.217794 0.000000
0.385911 0.100290 0.047586 0.000000
0.388866 -0.734837 0.374235 0.000000
0.181421 -0.251300 0.541309 0.000000
0.304013 -1.051920 0.219100 0.000000
0.332524 -0.379174 0.199659 0.000000
0.297079 -0.903270 0.229334 0.000000
0.332229 0.152045 0.077211 0.000000
0.397582 0.093836 0.221234 0.000000
0.321138 0.067348 0.066073 0.000000
0.325437 -0.039868 0.189339 0.000000
0.390120 0.017070 -0.001799 0.000000
0.418302 -0.162374 0.267101 0.000000
0.413575 0.164990 0.185145 0.000000
0.341262 -0.405136 0.189325 0.000000
0.524467 -0.171249 0.149905 0.000000
0.410744 0.284248 0.121190 0.000000
0.325082 -0.323389 0.195994 0.000000
0.326048 0.185440 0.169542 0.000000
0.343291 -0.781486 0.201892 0.000000
0.434359 0.160721 0.167081 0.000000
0.324794 0.123860 0.072064 0.000000
0.332935 0.377091 0.127178 0.000000
0.276579 -1.043931 0.272989 0.000000
0.408242 0.266497 0.163407 0.000000
0.329262 0.338582 0.111406 0.000000
0.331627 -0.340149 0.203022 0.000000
0.318601 -0.861763 0.232082 0.000000
0.475186 -0.115636 0.046822 0.000000
0.463643 -0.002288 0.117782 0.000000
0.283853 -1.014224 0.256231 0.000000
0.388476 0.306833 0.133281 0.000000
0.386943 -0.656411 0.343931 0.000000
0.396545 -0.901175 0.469880 0.000000
0.381705 -0.765639 0.384162 0.000000
0.381782 -0.034034 -0.014870 0.000000
0.372114 -0.556662 0.307365 0.000000
0.340043 -0.734350 0.215184 0.000000
0.272536 0.050072 0.285481 0.000000
-0.057946 -0.522845 0.133195 0.000000
0.293890 -1.041342 0.225516 0.000000
0.308327 -0.881263 0.232374 0.000000
0.374455 -0.723591 0.362464 0.000000
0.390929 0.377229 0.155743 0.000000
0.345260 -0.552082 0.194416 0.000000
0.319350 -0.935673 0.219289 0.000000
0.340833 0.172151 0.088273 0.000000
0.267839 -1.100190 0.279395 0.000000
0.351534 -0.440618 0.251109 0.000000
0.406530 0.168308 0.211710 0.000000
0.422041 -0.994692 0.205287 1.000000
0.338641 -0.298998 0.187724 0.000000
0.399426 0.116032 0.218455 0.000000
0.339017 -0.632574 0.206474 0.000000
0.362286 0.080162 0.175743 0.000000
0.398251 0.165033 0.080216 0.000000
0.426420 0.110147 0.189024 0.000000
0.416647 -0.136455 0.252409 0.000000
0.134241 -0.332028 0.171175 0.000000
0.238862 -0.149773 0.159295 0.000000
0.384397 -0.896329 0.460557 0.000000
0.405777 0.227700 0.109308 0.000000
0.344303 0.260102 0.192049 0.000000
0.327003 -0.455458 0.190708 0.000000
0.512990 -0.163389 0.157834 0.000000
0.445685 0.046450 0.119860 0.000000
0.402759 -0.821888 0.422199 0.000000
0.388550 0.084046 0.042916 0.000000
0.122127 -0.310048 0.170973 0.000000
0.338763 -0.645194 0.191532 0.000000
0.101609 -0.350969 0.170729 0.000000
0.306461 0.005141 0.175256 0.000000
0.432728 0.152359 0.126278 0.000000
0.443027 -0.000060 0.210004 0.000000
0.488898 -0.023169 0.378417 0.000000
0.397552 -0.880681 0.451619 0.000000
0.333379 0.165569 0.222888 0.000000
0.396012 0.047271 0.017267 0.000000
0.362571 0.347978 0.118848 0.000000
0.399500 0.193930 0.096261 0.000000
0.316964 -0.877974 0.216733 0.000000
0.446256 0.018110 0.180441 0.000000
0.274574 -1.092542 0.247204 0.000000
-0.014585 -0.478870 0.152172 0.000000
0.322929 0.316081 0.111416 0.000000
0.400000 -0.199884 0.301459 0.000000
0.245051 -0.123548 0.150424 0.000000
0.434363 0.040569 0.085724 0.000000
0.345461 0.413837 0.157068 0.000000
0.303923 -1.037516 0.206514 0.000000
0.356864 -0.642989 0.308511 0.000000
0.421474 -1.008754 0.196360 1.000000
0.333684 0.238602 0.101758 0.000000
0.401348 0.121184 0.059908 0.000000
0.099987 -0.232018 -0.051381 0.000000
0.475231 -0.005414 0.109739 0.000000
0.306432 0.102139 0.245556 0.000000
0.322308 -1.154165 0.245352 0.000000
0.534041 -0.228460 0.171192 0.000000
0.334488 -0.110637 0.184819 0.000000
0.300792 -1.079363 0.241740 0.000000
0.357215 -0.538817 0.287911 0.000000
0.481028 -1.078831 0.186514 1.000000
0.323566 -0.384378 0.189702 0.000000
0.386570 0.438199 0.150167 0.000000
0.471059 0.032149 0.140078 0.000000
0.349926 0.360668 0.154723 0.000000
0.134564 -0.290111 0.168543 0.000000
0.338531 -0.706430 0.213665 0.000000
0.259881 -0.004944 0.325221 0.000000
0.422148 0.156944 0.095735 0.000000
0.292307 -0.984965 0.250865 0.000000
0.281410 -0.957292 0.230478 0.000000
0.343594 -0.726474 0.203525 0.000000
0.521738 -0.096601 0.123562 0.000000
0.273242 -1.023168 0.235098 0.000000
0.459529 0.021440 0.115102 0.000000
0.475023 0.007071 0.141314 0.000000
0.338294 -0.328475 0.194101 0.000000
0.447664 -1.029112 0.183651 1.000000
0.392935 0.213798 0.090479 0.000000
0.381927 -0.942823 0.205200 1.000000
0.414398 0.188094 0.133124 0.000000
0.324234 -1.125615 0.243262 0.000000
0.384971 0.367705 0.145135 0.000000
0.087419 -0.356604 0.172694 0.000000
0.325747 0.109275 0.164169 0.000000
0.283492 -1.080839 0.252106 0.000000
0.339510 -0.365412 0.191244 0.000000
0.396459 -0.931074 0.504610 0.000000
-0.099131 -0.560388 0.121665 0.000000
0.312304 -1.061821 0.228274 0.000000
0.456277 -0.016092 0.194348 0.000000
0.332177 -0.141352 0.180893 0.000000
0.252080 -0.165584 -0.004473 0.000000
0.419221 0.228967 0.124401 0.000000
0.376369 -0.833264 0.416889 0.000000
0.396446 0.012070 0.262396 0.000000
0.226312 -0.193888 0.168570 0.000000
0.335008 0.207221 0.159372 0.000000
0.446403 0.006733 0.083584 0.000000
0.541821 -0.116693 0.117146 0.000000
0.361729 0.289871 0.113119 0.000000
0.368217 -0.669163 0.340616 0.000000
0.300882 -0.952052 0.227497 0.000000
0.225468 -0.103593 0.386518 0.000000
0.340021 -0.483221 0.186380 0.000000
0.369833 -0.923491 0.202822 1.000000
0.394887 0.277554 0.115061 0.000000
0.521749 -0.142606 0.143293 0.000000
0.336287 -0.690151 0.210156 0.000000
0.386087 0.018952 0.011496 0.000000
0.154238 -0.255876 0.160119 0.000000
0.011367 -0.447334 0.163345 0.000000
0.415620 -1.002587 0.172050 1.000000
0.146536 -0.220507 -0.050017 0.000000
0.516602 -0.253617 0.177855 0.000000
0.322444 -0.966412 0.216887 0.000000
0.336086 0.195541 0.091633 0.000000
0.343092 -0.453220 0.192506 0.000000
0.350065 0.220417 0.103929 0.000000
0.326502 -0.796011 0.205340 0.000000
0.333837 -0.078369 0.182856 0.000000
0.300551 -1.009262 0.206597 0.000000
0.288841 -0.916866 0.233560 0.000000
0.387720 0.329173 0.135543 0.000000
0.292321 -0.023338 0.169364 0.000000
0.318861 -0.921780 0.220208 0.000000
0.260382 0.024943 0.304155 0.000000
0.339388 0.200964 0.219939 0.000000
0.294796 -0.979096 0.237348 0.000000
0.349383 0.245963 0.201564 0.000000
0.327508 -0.610179 0.195010 0.000000
0.322909 0.028480 0.058177 0.000000
0.456015 0.065193 0.139298 0.000000
0.332945 -0.825985 0.220791 0.000000
0.249211 -1.058828 0.246118 0.000000
0.387951 0.391422 0.151257 0.000000
0.315093 -0.848395 0.216206 0.000000
0.274092 -1.054455 0.236013 0.000000
0.341826 -0.794875 0.205098 0.000000
0.228617 -0.069884 0.363983 0.000000
0.330388 0.202506 0.106928 0.000000
0.430948 0.200114 0.130796 0.000000
0.384465 0.468002 0.148476 0.000000
0.339254 0.410799 0.139267 0.000000
0.256249 -0.107533 0.166661 0.000000
0.325425 -0.507265 0.197055 0.000000
0.456275 -0.034818 0.074453 0.000000
0.329799 -0.341513 0.216950 0.000000
0.406965 0.289071 0.161184 0.000000
0.498187 -1.124302 0.161750 1.000000
0.312228 0.130657 0.226975 0.000000
0.253650 -0.108688 0.139675 0.000000
0.207448 -0.212839 0.161323 0.000000
0.347244 0.287667 0.175645 0.000000
0.250244 -0.132429 0.174300 0.000000
0.281783 -0.047321 0.163636 0.000000
0.497485 -0.126989 0.036797 0.000000
0.463447 -0.097640 0.054839 0.000000
0.344345 0.328951 0.166073 0.000000
0.474427 -0.016745 0.368983 0.000000
0.419578 0.219158 0.166652 0.000000
0.320623 -0.103622 0.178863 0.000000
0.288161 -1.064203 0.241146 0.000000
0.560598 -0.135328 0.112441 0.000000
0.425332 0.182338 0.120711 0.000000
0.028863 -0.432522 0.165838 0.000000
0.429788 0.101562 0.087489 0.000000
0.297730 -0.072785 0.032187 0.000000
0.321652 -0.062776 0.178641 0.000000
0.327818 -0.570232 0.191104 0.000000
0.389014 0.130052 0.059404 0.000000
0.093218 -0.378998 0.166041 0.000000
0.328074 0.166423 0.173391 0.000000
0.412221 -0.956870 0.556754 0.000000
0.438010 0.070261 0.119993 0.000000
0.294358 -1.024800 0.224682 0.000000
0.419119 -0.972737 0.570573 0.000000
0.336817 -0.556098 0.207965 0.000000
0.330350 0.350577 0.117724 0.000000
0.250984 -0.121261 0.164959 0.000000
0.337078 0.112662 0.156730 0.000000
0.250576 -0.057483 0.350562 0.000000
0.296879 -0.086520 0.022110 0.000000
0.320041 -1.032514 0.232867 0.000000
0.334624 -0.037087 0.179828 0.000000
0.393149 -0.948133 0.174415 1.000000
0.580422 -1.287184 0.118972 1.000000
0.447886 -1.025020 0.163940 1.000000
0.062876 -0.394295 0.170010 0.000000
0.198435 -0.109620 0.404303 0.000000
0.328723 -0.158982 0.181486 0.000000
0.359429 -0.423568 0.231721 0.000000
0.390134 0.145157 0.065033 0.000000
0.404582 0.311533 0.124041 0.000000
0.358053 -0.465334 0.244357 0.000000
0.380089 -0.015277 -0.019011 0.000000
0.292086 -0.941879 0.229174 0.000000
0.393734 -0.867028 0.441805 0.000000
0.402257 0.193192 0.120996 0.000000
0.558701 -1.231347 0.141037 1.000000
0.342463 -0.379504 0.231411 0.000000
0.192011 -0.197276 0.472827 0.000000
0.312338 -0.971822 0.226109 0.000000
0.430331 -0.061842 0.221601 0.000000
0.221141 -0.174308 0.152464 0.000000
0.396037 -0.923008 0.492811 0.000000
0.149033 -0.280099 0.163713 0.000000
0.451414 0.041070 0.186153 0.000000
0.406758 0.004784 0.289742 0.000000
0.377683 0.414545 0.148270 0.000000
0.512122 -1.160339 0.149311 1.000000
0.400049 -0.964164 0.213210 1.000000
0.333881 0.134569 0.256724 0.000000
0.310951 -0.013789 0.047923 0.000000
0.331757 0.105514 0.175872 0.000000
0.419214 0.189917 0.172393 0.000000
0.430048 -0.972605 0.594145 0.000000
0.286396 -0.110283 0.015511 0.000000
0.341913 0.135106 0.135665 0.000000
0.318519 -0.993371 0.231057 0.000000
0.386030 -0.790741 0.395296 0.000000
0.518787 -0.184367 0.145060 0.000000
0.368568 -0.923210 0.188180 1.000000
0.441875 -1.032878 0.194979 1.000000
0.331872 0.237433 0.211938 0.000000
0.428555 0.142620 0.090717 0.000000
0.338147 0.167456 0.118037 0.000000
0.297330 0.047289 0.288950 0.000000
0.341959 0.281525 0.186221 0.000000
0.341958 -0.285084 0.194174 0.000000
0.426645 -0.002701 0.324485 0.000000
0.340906 0.260370 0.157251 0.000000
0.336172 -0.527096 0.188075 0.000000
0.282043 0.028711 0.303747 0.000000
0.358463 -0.893301 0.206304 1.000000
0.353403 -0.459147 0.264546 0.000000
0.180666 -0.260777 0.172139 0.000000
0.329394 0.239359 0.166927 0.000000
0.386205 -0.622780 0.332614 0.000000
0.189230 -0.239160 0.525538 0.000000
0.307601 -0.894809 0.232001 0.000000
0.204879 -0.183675 0.143780 0.000000
0.002989 -0.457492 0.156471 0.000000
0.365242 -0.528101 0.292879 0.000000
0.335737 -0.508696 0.185352 0.000000
0.395622 0.351143 0.168146 0.000000
0.397969 0.188182 0.084566 0.000000
0.298860 -1.071091 0.220342 0.000000
0.305081 0.018497 0.171595 0.000000
0.318537 0.053261 0.064116 0.000000
0.246307 -0.043716 0.346112 0.000000
0.039736 -0.423553 0.165873 0.000000
0.081289 -0.239583 -0.051410 0.000000
0.187809 -0.154447 0.437922 0.000000
0.599345 -1.310386 0.117528 1.000000
0.456425 -0.043043 0.185926 0.000000
0.322834 -0.355058 0.193047 0.000000
0.402518 0.104500 0.047947 0.000000
0.390939 0.252910 0.112730 0.000000
0.441641 0.064816 0.180079 0.000000
0.404293 0.174209 0.109060 0.000000
0.522436 -0.120653 0.158222 0.000000
0.406744 -0.951407 0.537884 0.000000
0.325796 -0.441137 0.195805 0.000000
-0.042906 -0.503181 0.138021 0.000000
0.363758 -0.589409 0.300829 0.000000
0.290411 -1.058328 0.217585 0.000000
0.361759 -0.727725 0.359132 0.000000
0.302709 -1.033486 0.235646 0.000000
0.342786 0.303629 0.175657 0.000000
0.293226 -1.048697 0.236669 0.000000
0.176834 -0.241373 0.159680 0.000000
0.425689 0.127424 0.092333 0.000000
0.332404 -0.234470 0.200797 0.000000
0.337173 -0.595808 0.197736 0.000000
0.522285 -0.212327 0.161344 0.000000
0.353542 0.280563 0.099687 0.000000
0.295300 -1.137218 0.226228 0.000000
0.404427 0.181499 0.211280 0.000000
0.324858 0.095023 0.072205 0.000000
0.388097 0.030540 0.020455 0.000000
0.520991 -0.118487 0.139146 0.000000
0.305147 -0.934352 0.219186 0.000000
0.452374 -0.050320 0.060223 0.000000
0.332167 -0.224796 0.184739 0.000000
0.406334 0.238448 0.117106 0.000000
0.346263 -0.401277 0.230270 0.000000
0.372956 0.481185 0.117343 0.000000
0.369552 -0.604660 0.322508 0.000000
0.406623 -0.941510 0.496530 0.000000
0.417399 -0.121768 0.246311 0.000000
0.375289 0.473849 0.128154 0.000000
0.184237 -0.209996 -0.032242 0.000000
0.372848 -0.619643 0.324384 0.000000
0.399856 0.396044 0.143129 0.000000
0.264396 -0.086043 0.178155 0.000000
0.326841 0.197787 0.166261 0.000000
0.456392 -0.024554 0.341263 0.000000
0.269423 -1.069531 0.266723 0.000000
0.483620 -0.128439 0.171362 0.000000
0.338493 -0.497808 0.196067 0.000000
0.515737 -0.097757 0.149829 0.000000
0.330260 -0.266772 0.185029 0.000000
0.333541 -0.745989 0.214566 0.000000
0.315542 0.044599 0.173811 0.000000
0.331455 -0.985229 0.226773 0.000000
0.326106 -0.201589 0.188703 0.000000
0.451053 0.146750 0.123584 0.000000
0.434746 0.087904 0.080905 0.000000
0.393911 -0.777249 0.394662 0.000000
0.347020 0.395846 0.131411 0.000000
0.265966 -0.083673 0.163549 0.000000
0.327538 -0.816548 0.203805 0.000000
0.369005 -0.783437 0.388442 0.000000
0.221601 -0.128485 0.399469 0.000000
-0.085992 -0.548550 0.135428 0.000000
0.415804 0.176742 0.179624 0.000000
0.284449 -1.128556 0.256097 0.000000
0.235083 -0.170010 0.167714 0.000000
0.506429 -1.134443 0.158627 1.000000
0.526430 -1.169514 0.153058 1.000000
0.391140 0.057856 0.028686 0.000000
0.192318 -0.175255 0.454380 0.000000
0.308063 0.013722 0.055706 0.000000
0.402676 0.299598 0.183520 0.000000
0.331498 0.129433 0.081278 0.000000
0.396980 0.140993 0.229398 0.000000
0.326862 -0.295188 0.191808 0.000000
0.391834 0.285961 0.158372 0.000000
0.009051 -0.465518 0.147807 0.000000
0.221596 -0.187064 -0.029587 0.000000
0.283042 -1.025915 0.243934 0.000000
0.385367 0.375716 0.123516 0.000000
0.397997 0.073142 0.234913 0.000000
0.365004 0.431291 0.120991 0.000000
0.328530 -0.474268 0.199925 0.000000
0.563345 -0.048132 0.436567 0.000000
0.046450 -0.412404 0.168830 0.000000
0.385534 0.288745 0.113381 0.000000
0.330901 -0.366782 0.201489 0.000000
0.398053 0.078664 0.036576 0.000000
0.240232 -1.114807 0.248036 0.000000
0.298337 -1.148075 0.214489 0.000000
0.333438 -0.427372 0.198924 0.000000
0.593643 -1.284325 0.118641 1.000000
0.328257 -0.627913 0.195222 0.000000
0.394300 0.061840 0.227613 0.000000
0.355459 -0.474691 0.268396 0.000000
0.378890 -0.642816 0.336298 0.000000
0.382849 0.411640 0.125941 0.000000
0.325426 0.008078 0.185488 0.000000
0.326074 0.112551 0.263333 0.000000
0.350122 -0.361497 0.218892 0.000000
0.242596 -0.071190 0.363921 0.000000
0.364628 -0.507775 0.292855 0.000000
0.279830 -0.123055 0.015410 0.000000
0.433621 0.025630 0.077788 0.000000
0.320918 -1.087658 0.231102 0.000000
0.327475 -0.756098 0.201545 0.000000
0.297615 -0.998905 0.234210 0.000000
0.319155 -0.901609 0.214284 0.000000
0.293051 -0.094923 0.036438 0.000000
0.358143 -0.487283 0.251762 0.000000
0.437577 -1.032053 0.169351 1.000000
0.308528 -1.080008 0.223479 0.000000
0.385674 -0.879650 0.447807 0.000000
0.380992 -0.003797 0.244614 0.000000
0.541632 -1.208217 0.131688 1.000000
0.496809 -0.045513 0.143516 0.000000
0.268229 -1.032048 0.249164 0.000000
0.306571 0.000100 0.147905 0.000000
0.396186 -0.844386 0.429519 0.000000
0.281547 -0.938049 0.240193 0.000000
0.444758 0.005417 0.184814 0.000000
0.202614 -0.194905 -0.028294 0.000000
0.330933 -0.785253 0.217110 0.000000
0.360046 -0.564940 0.283991 0.000000
0.307616 -0.027365 0.043996 0.000000
0.330522 -0.169017 0.198450 0.000000
0.331956 0.091083 0.176878 0.000000
0.504932 -0.066471 0.149208 0.000000
0.304497 -1.017384 0.226978 0.000000
0.436857 0.054885 0.198593 0.000000
0.429914 -0.985946 0.608602 0.000000
0.556524 -1.240722 0.130511 1.000000
0.311897 -0.911114 0.246751 0.000000
0.328196 0.161071 0.212591 0.000000
0.273637 -1.079496 0.244743 0.000000
0.390936 0.404339 0.154445 0.000000
0.456574 0.052322 0.117190 0.000000
0.205676 -0.201983 0.155695 0.000000
0.423715 -0.144927 0.258602 0.000000
0.300586 -1.146922 0.236751 0.000000
0.384992 0.016026 0.237334 0.000000
0.463761 -0.072065 0.058776 0.000000
0.166566 -0.217430 -0.036985 0.000000
0.327235 -0.681235 0.207863 0.000000
0.298286 -1.099272 0.234967 0.000000
0.327045 -0.768738 0.201730 0.000000
0.273341 -0.064572 0.148534 0.000000
0.373753 -0.932512 0.210994 1.000000
0.333767 -0.051706 0.181083 0.000000
0.446306 -0.012367 0.069265 0.000000
0.329884 -0.699081 0.198714 0.000000
0.572751 -1.275061 0.122886 1.000000
0.345553 0.235952 0.195586 0.000000
0.407993 -0.948506 0.520694 0.000000
0.293871 -1.031742 0.213598 0.000000
0.408086 -0.187139 0.292545 0.000000
0.446508 -0.981935 0.605496 0.000000
0.347914 0.471981 0.142138 0.000000
0.311031 0.097653 0.256143 0.000000
0.350421 0.403950 0.163158 0.000000
0.477121 -0.090521 0.056505 0.000000
0.359076 -0.521908 0.268728 0.000000
0.258332 -0.099272 0.179495 0.000000
0.353877 -0.342179 0.206427 0.000000
0.329890 0.146881 0.235029 0.000000
0.384485 0.401998 0.140412 0.000000
0.399815 0.336293 0.161677 0.000000
0.329708 -0.863142 0.213126 0.000000
0.546717 -1.219656 0.137185 1.000000
0.345840 -0.823986 0.220885 0.000000
0.319132 -0.944826 0.207118 0.000000
0.437122 0.122899 0.168669 0.000000
0.528996 -0.131021 0.156674 0.000000
0.250039 -1.124530 0.246128 0.000000
0.379130 0.322789 0.121822 0.000000
0.328453 -0.834838 0.213824 0.000000
0.480310 0.034435 0.128953 0.000000
0.305000 -0.911720 0.232905 0.000000
0.364794 -0.567701 0.308294 0.000000
0.329963 -0.210606 0.195815 0.000000
0.405961 0.264971 0.118997 0.000000
0.359204 -0.910623 0.217259 1.000000
0.345017 -0.323588 0.204076 0.000000
0.336691 0.264523 0.097090 0.000000
0.362432 -0.553201 0.290743 0.000000
0.389256 0.277778 0.126389 0.000000
0.340932 -0.848860 0.216612 0.000000
0.270912 -0.997654 0.240267 0.000000
0.359838 -0.501927 0.272448 0.000000
0.342640 -0.753338 0.204904 0.000000
0.441163 0.163564 0.121387 0.000000
0.549680 -1.198363 0.153423 1.000000
0.335509 -0.574900 0.200296 0.000000
0.343921 0.421594 0.148074 0.000000
0.387239 -0.859182 0.434888 0.000000
0.348672 0.105503 0.159790 0.000000
0.329008 0.041528 0.177255 0.000000
0.599296 -1.298543 0.121338 1.000000
0.397433 -0.956755 0.201033 1.000000
0.303327 -1.056072 0.245347 0.000000
0.194937 -0.185926 0.468659 0.000000
0.576893 -1.233998 0.135875 1.000000
0.406506 0.255798 0.195771 0.000000
0.369779 -0.047159 -0.033128 0.000000
0.388200 0.473736 0.107475 0.000000
0.397953 0.229120 0.173185 0.000000
0.340074 0.386755 0.134635 0.000000
0.616191 -1.318012 0.121600 1.000000
0.309445 -0.961563 0.210396 0.000000
0.334042 -0.147625 0.191436 0.000000
0.330980 -0.257210 0.197427 0.000000
0.395864 0.200336 0.215213 0.000000
0.339904 -0.673873 0.197501 0.000000
0.449586 0.054769 0.184563 0.000000
0.343469 0.287469 0.164419 0.000000
0.293062 -0.968737 0.242956 0.000000
0.286032 -0.931738 0.228394 0.000000
0.381091 0.476826 0.141351 0.000000
0.334524 -0.650925 0.201607 0.000000
0.326948 -0.363178 0.236584 0.000000
0.523696 -0.181161 0.156509 0.000000
0.331463 -0.189826 0.185759 0.000000
0.348191 -0.389094 0.227412 0.000000
0.199685 -0.163046 0.436129 0.000000
0.360065 -0.538595 0.276453 0.000000
0.378545 0.430485 0.127525 0.000000
-0.069365 -0.532344 0.136844 0.000000
0.320713 -0.237784 0.190383 0.000000
0.240473 -0.173345 -0.020372 0.000000
0.338768 -0.606823 0.205858 0.000000
0.487696 0.015150 0.129467 0.000000
0.634120 -0.162479 0.093711 0.000000
0.395996 0.013145 0.274109 0.000000
0.294016 0.082182 0.255999 0.000000
0.341151 -0.562615 0.198194 0.000000
0.378270 -0.579154 0.317225 0.000000
0.343057 0.187671 0.108200 0.000000
0.330369 0.307308 0.104319 0.000000
0.435905 -1.025964 0.180309 1.000000
0.329442 -0.417628 0.190853 0.000000
0.480559 -0.125678 0.043929 0.000000
0.224540 -0.162514 0.148275 0.000000
0.564039 -1.253263 0.127294 1.000000
0.275728 -1.034482 0.260609 0.000000
0.612149 -0.163532 0.106137 0.000000
0.211271 -0.158935 0.421432 0.000000
0.380601 -0.945185 0.192116 1.000000
0.074395 -0.382932 0.170410 0.000000
0.430214 0.063900 0.082138 0.000000
0.389315 -0.708504 0.363775 0.000000
0.385485 0.345375 0.151467 0.000000
0.331376 0.146893 0.177818 0.000000
0.323993 0.022668 0.185010 0.000000
0.435038 0.149026 0.167154 0.000000
0.485122 0.001162 0.141849 0.000000
0.143118 -0.226822 -0.036834 0.000000
0.402177 0.205129 0.101579 0.000000
0.392151 0.301228 0.123045 0.000000
-0.054050 -0.513214 0.138980 0.000000
0.344153 0.204506 0.194508 0.000000
0.349562 0.235437 0.087505 0.000000
0.312883 -1.103605 0.237628 0.000000
0.442587 0.038360 0.178979 0.000000
0.404475 0.477202 0.120218 0.000000
0.488524 -1.097321 0.173981 1.000000
0.103465 -0.236647 -0.041251 0.000000
0.396377 0.335184 0.128813 0.000000
0.330143 -0.732261 0.204227 0.000000
0.302945 -0.884744 0.218076 0.000000
0.336224 -0.551425 0.185248 0.000000
0.313997 0.015927 0.155702 0.000000
0.365860 -0.745783 0.367332 0.000000
0.346005 -0.657795 0.202763 0.000000
0.364121 -0.578842 0.294506 0.000000
0.383737 0.029789 0.256375 0.000000
0.394235 0.356016 0.155261 0.000000
0.199046 -0.122788 0.410308 0.000000
0.285943 0.052395 0.286094 0.000000
0.349069 -0.889573 0.223977 1.000000
0.352650 -0.905118 0.184521 1.000000
0.294459 -0.943598 0.240385 0.000000
0.344413 -0.763816 0.209520 0.000000
0.337011 0.312790 0.166591 0.000000
0.463538 -1.064351 0.175076 1.000000
0.460512 -0.059412 0.185364 0.000000
0.353036 0.253747 0.178133 0.000000
0.369172 0.410357 0.121453 0.000000
0.321276 -1.073339 0.239130 0.000000
0.343929 -0.876370 0.203608 1.000000
0.332141 0.168488 0.242757 0.000000
0.234313 -0.181891 -0.015034 0.000000
0.305287 0.075782 0.274386 0.000000
0.362789 0.307957 0.106983 0.000000
-0.034293 -0.485582 0.155427 0.000000
0.354478 0.070394 0.199295 0.000000
0.061873 -0.414723 0.160690 0.000000
0.583443 -0.138109 0.117394 0.000000
0.445938 0.124338 0.127857 0.000000
0.144109 -0.269282 0.161838 0.000000
0.360363 -0.435000 0.232276 0.000000
0.130510 -0.317207 0.167756 0.000000
0.330719 0.065486 0.174716 0.000000
-0.007318 -0.480558 0.143461 0.000000
0.418140 -0.003184 0.303975 0.000000
0.363804 -0.922358 0.227739 1.000000
-0.074986 -0.539410 0.128156 0.000000
0.359409 -0.518267 0.292674 0.000000
0.386893 0.339356 0.140666 0.000000
0.343979 -0.432244 0.252948 0.000000
0.251029 -0.010196 0.330180 0.000000
0.322337 -0.089921 0.185911 0.000000
0.438359 0.032783 0.196682 0.000000
0.339403 -0.394977 0.248097 0.000000
0.288451 -1.088987 0.212478 0.000000
0.309940 -0.853609 0.226310 0.000000
0.445753 0.089509 0.124576 0.000000
0.467416 0.071772 0.131652 0.000000
0.408279 -0.857216 0.441080 0.000000
0.391149 -0.959756 0.176015 1.000000
0.336462 0.355103 0.158583 0.000000
0.405087 0.251013 0.171394 0.000000
0.289146 0.022462 0.310109 0.000000
0.125294 -0.232438 -0.047571 0.000000
0.253019 -0.033825 0.344628 0.000000
0.332377 -0.309575 0.195186 0.000000
0.426393 -1.013765 0.172022 1.000000
0.323896 0.084014 0.169183 0.000000
0.435952 -0.110689 0.245424 0.000000
0.470118 0.046121 0.135608 0.000000
0.389170 -0.886787 0.456688 0.000000
0.447170 0.001107 0.220504 0.000000
0.303176 -1.001177 0.215336 0.000000
0.483708 -0.031561 0.107479 0.000000
0.293063 -0.924875 0.222740 0.000000
0.336843 0.382498 0.158416 0.000000
0.424374 0.077566 0.096295 0.000000
0.340458 -0.339799 0.220327 0.000000
0.387775 0.021489 0.276612 0.000000
0.510177 -0.079685 0.149493 0.000000
0.348794 -0.887211 0.201047 1.000000
0.301574 -0.044012 0.041620 0.000000
0.340905 0.370610 0.122509 0.000000
0.334031 -0.329964 0.214089 0.000000
0.323858 -0.887801 0.211370 0.000000
0.531656 -0.190241 0.167032 0.000000
0.355047 0.265634 0.109642 0.000000
0.442475 -0.012749 0.333362 0.000000
0.246244 -0.019070 0.336313 0.000000
0.417331 0.128182 0.100476 0.000000
0.322270 0.224038 0.114195 0.000000
0.299238 -0.896996 0.239216 0.000000
0.313073 -0.913863 0.210417 0.000000
0.336206 -0.531952 0.202934 0.000000
0.369544 -0.068949 0.293654 0.000000
0.279246 -0.124782 0.002806 0.000000
0.391380 -0.907329 0.479106 0.000000
0.167251 -0.267391 0.167277 0.000000
0.265637 -1.048321 0.266406 0.000000
0.110809 -0.312920 0.173230 0.000000
0.430212 -0.971247 0.574830 0.000000
0.454034 0.018464 0.190392 0.000000
0.418734 -0.962057 0.574231 0.000000
0.338249 0.234080 0.157685 0.000000
0.346529 0.336816 0.157045 0.000000
0.343163 0.091229 0.177110 0.000000
0.505837 -0.077294 0.120223 0.000000
0.446064 0.110567 0.131835 0.000000
0.482114 -1.074495 0.158171 1.000000
0.357732 -0.499382 0.258679 0.000000
0.384426 -0.946809 0.219100 1.000000
0.388601 0.307542 0.152916 0.000000
0.480695 -1.091187 0.165447 1.000000
0.352622 -0.446728 0.241176 0.000000
0.311675 0.027541 0.183816 0.000000
0.389471 0.350757 0.142545 0.000000
0.337292 -0.394311 0.188858 0.000000
0.434990 -1.002988 0.215850 1.000000
0.345812 -0.716310 0.207480 0.000000
0.491795 -0.032742 0.373537 0.000000
0.341224 0.197857 0.082038 0.000000
0.294148 -0.983740 0.223505 0.000000
0.533760 -1.210439 0.144531 1.000000
0.440117 -0.048269 0.222198 0.000000
0.328909 -0.814258 0.219836 0.000000
0.529237 -0.203415 0.162295 0.000000
0.277497 0.011079 0.315174 0.000000
0.201261 -0.173478 0.444569 0.000000
0.388513 -0.762560 0.392385 0.000000
0.431078 0.087973 0.195731 0.000000
0.396789 0.379592 0.146620 0.000000
0.436300 0.076587 0.085152 0.000000
0.450056 0.085645 0.136546 0.000000
0.341890 0.312844 0.155678 0.000000
0.435560 0.081582 0.208676 0.000000
0.425009 -0.997062 0.177394 1.000000
0.261136 -0.152450 -0.002809 0.000000
0.402212 -0.944787 0.546955 0.000000
0.282550 -0.997368 0.244574 0.000000
0.340226 0.357352 0.117868 0.000000
0.393253 0.355072 0.127132 0.000000
0.295974 -1.070896 0.236184 0.000000
0.329254 0.136542 0.244249 0.000000
0.196346 -0.185769 0.456912 0.000000
0.524510 -0.040509 0.401981 0.000000
0.071300 -0.372937 0.174805 0.000000
0.342369 0.265503 0.166927 0.000000
0.486580 -0.107920 0.049752 0.000000
0.199032 -0.142467 0.423110 0.000000
0.288893 -1.005123 0.260647 0.000000
0.300188 -0.008273 0.051996 0.000000
0.323546 -0.946161 0.225964 0.000000
0.238302 -0.090221 0.372631 0.000000
0.508527 -0.184228 0.004666 0.000000
0.412962 0.210712 0.171931 0.000000
0.188103 -0.261981 0.564475 0.000000
0.329001 -0.013931 0.181047 0.000000
0.417133 0.133110 0.193587 0.000000
0.494164 -0.129001 0.175413 0.000000
0.473753 -1.070464 0.188908 1.000000
0.559172 -1.220462 0.139526 1.000000
0.403771 0.157382 0.215150 0.000000
0.369035 0.448056 0.123924 0.000000
0.330951 0.104832 0.075509 0.000000
0.493579 -0.035014 0.143246 0.000000
0.109858 -0.327893 0.172850 0.000000
0.187512 -0.222534 0.155630 0.000000
0.371316 -0.642619 0.328356 0.000000
0.393228 -0.818559 0.413817 0.000000
0.218339 -0.194151 0.160587 0.000000
0.271687 -1.056316 0.254972 0.000000
0.325570 -0.179125 0.185845 0.000000
0.383918 -0.949207 0.180211 1.000000
0.296580 -0.059808 0.037696 0.000000
0.301691 -1.052857 0.208440 0.000000
0.308326 -1.075385 0.234872 0.000000
0.339765 -0.575142 0.189278 0.000000
0.544485 -1.190113 0.148109 1.000000
0.334347 0.193257 0.102187 0.000000
0.271129 -0.070507 0.159962 0.000000
0.448375 0.135106 0.131542 0.000000
0.273848 -0.063332 0.176814 0.000000
0.337736 0.229713 0.106662 0.000000
0.357523 -0.620545 0.314933 0.000000
0.440780 0.010199 0.074290 0.000000
0.108765 -0.358667 0.167759 0.000000
0.434990 -0.991776 0.600462 0.000000
0.447039 -1.037654 0.176378 1.000000
0.342158 0.442568 0.147515 0.000000
0.441783 0.012396 0.206295 0.000000
0.402884 0.275708 0.124192 0.000000
0.387261 0.427246 0.150898 0.000000
0.254381 0.005816 0.318222 0.000000
0.511507 -0.225082 -0.035168 0.000000
0.367708 -0.073195 -0.042501 0.000000
0.440034 -0.088565 0.238245 0.000000
0.282687 -1.069906 0.249773 0.000000
0.388084 0.366910 0.158803 0.000000
0.369755 -0.604448 0.311390 0.000000
0.176611 -0.267403 0.563717 0.000000
0.327468 0.250010 0.165963 0.000000
0.338197 0.157139 0.123424 0.000000
0.421231 0.206445 0.121753 0.000000
0.451214 -1.055369 0.167857 1.000000
0.434324 0.070105 0.191386 0.000000
0.395316 -0.961114 0.191338 1.000000
0.385217 0.412492 0.137800 0.000000
0.286360 0.066829 0.271906 0.000000
0.383086 0.030522 0.244451 0.000000
0.351653 -0.420707 0.245848 0.000000
0.432596 -1.010268 0.193497 1.000000
0.526656 -0.151896 0.154487 0.000000
0.322748 -0.344178 0.195266 0.000000
0.407832 -0.899794 0.463971 0.000000
0.186786 -0.201158 0.485786 0.000000
0.325199 0.117070 0.177326 0.000000
0.340055 0.334120 0.109080 0.000000
0.325089 -0.115944 0.184242 0.000000
0.215228 -0.118454 0.395953 0.000000
0.338463 -0.839344 0.210842 0.000000
0.402664 -0.921902 0.484136 0.000000
0.342333 0.222153 0.096592 0.000000
0.394306 -0.957884 0.220074 1.000000
0.584397 -1.265006 0.124903 1.000000
0.262012 -1.025572 0.236629 0.000000
0.494557 -0.046640 0.112257 0.000000
0.468166 -1.084271 0.158850 1.000000
0.352691 -0.331132 0.204510 0.000000
0.469843 -0.020216 0.359335 0.000000
0.293628 -0.013521 0.165152 0.000000
0.339710 0.243375 0.207581 0.000000
0.436158 -0.081508 0.225995 0.000000
0.412367 0.257779 0.123777 0.000000
0.334295 -0.447048 0.192329 0.000000
0.321602 0.032545 0.163717 0.000000
0.398937 -0.938985 0.517135 0.000000
-0.049487 -0.502745 0.149616 0.000000
0.332134 -0.400309 0.181065 0.000000
0.361427 -0.688121 0.340389 0.000000
0.519330 -0.113235 0.148475 0.000000
0.415427 0.113027 0.092404 0.000000
0.297717 -0.014453 0.153513 0.000000
0.334278 -0.344976 0.193582 0.000000
0.359914 -0.904065 0.192813 1.000000
0.290273 -0.106011 0.006482 0.000000
0.503761 -0.167869 0.015014 0.000000
0.442638 0.145924 0.130149 0.000000
0.352213 0.390030 0.153884 0.000000
0.471573 -1.084215 0.180713 1.000000
0.343953 0.398571 0.155326 0.000000
0.322540 0.183228 0.115871 0.000000
0.337733 0.169053 0.232003 0.000000
0.279423 -0.051854 0.153779 0.000000
0.448306 -0.026408 0.065580 0.000000
0.327188 0.097013 0.165305 0.000000
0.394464 0.030550 0.242003 0.000000
0.421307 0.172273 0.104938 0.000000
0.386811 0.005832 -0.006172 0.000000
0.351361 0.453989 0.152010 0.000000
0.471668 -1.070255 0.168728 1.000000
0.384736 -0.696106 0.360790 0.000000
0.376911 0.455909 0.147716 0.000000
0.417951 0.239851 0.132241 0.000000
0.331053 -0.773211 0.211795 0.000000
0.429759 0.139755 0.122905 0.000000
0.342515 -0.616868 0.190653 0.000000
0.280042 -0.948529 0.241188 0.000000
0.244042 -0.146581 0.168014 0.000000
0.394685 0.179317 0.078117 0.000000
0.174224 -0.266940 0.575480 0.000000
0.517327 -1.133434 0.166976 1.000000
0.424000 -0.126274 0.254924 0.000000
0.327802 -0.036389 0.171720 0.000000
0.345008 -0.410158 0.248694 0.000000
-0.089684 -0.553744 0.123856 0.000000
0.282379 -1.044046 0.248582 0.000000
0.334567 -0.383817 0.239419 0.000000
0.424991 -0.977210 0.585918 0.000000
0.462234 0.052389 0.138938 0.000000
0.458012 -0.027102 0.190773 0.000000
0.439910 -0.033919 0.216852 0.000000
0.316900 0.037405 0.060329 0.000000
-0.023916 -0.484921 0.147400 0.000000
0.318150 -0.857707 0.220211 0.000000
0.360686 0.289707 0.102309 0.000000
0.334344 -0.137048 0.191232 0.000000
0.521631 -0.102036 0.114483 0.000000
0.327836 0.257169 0.110111 0.000000
0.388132 0.317220 0.137675 0.000000
0.483595 -0.043196 0.114265 0.000000
0.342706 -0.810278 0.212063 0.000000
0.376673 -0.929570 0.185861 1.000000
0.330353 -0.589922 0.203243 0.000000
0.391538 0.311681 0.124359 0.000000
0.299033 -0.921924 0.241444 0.000000
0.329277 -0.544508 0.204522 0.000000
0.386576 -0.012617 -0.002084 0.000000
0.328211 -0.496663 0.198095 0.000000
0.443652 0.177645 0.121603 0.000000
0.326559 -0.319022 0.186525 0.000000
0.278871 -0.978239 0.240084 0.000000
0.337901 0.209239 0.096402 0.000000
0.363419 -0.915134 0.175946 1.000000
0.378672 -0.025503 -0.021021 0.000000
0.338932 -0.843952 0.200888 0.000000
0.381027 -0.727641 0.371235 0.000000
0.216511 -0.098145 0.387299 0.000000
0.404452 0.314001 0.160930 0.000000
0.281904 -1.102344 0.252269 0.000000
0.298438 -1.087140 0.234963 0.000000
0.313736 0.074771 0.065365 0.000000
0.351480 -0.449203 0.260184 0.000000
0.338519 -0.472361 0.203076 0.000000
0.460122 0.125654 0.123152 0.000000
0.412832 -0.965304 0.563464 0.000000
0.357309 -0.385569 0.221948 0.000000
0.257258 -0.099814 0.144125 0.000000
0.336635 -0.474261 0.190708 0.000000
0.332186 -0.404900 0.197593 0.000000
0.298482 -1.009292 0.231373 0.000000
0.349828 0.488043 0.145414 0.000000
0.298770 -0.991724 0.209911 0.000000
0.612627 -1.336017 0.114936 1.000000
0.327279 0.286090 0.103036 0.000000
0.269409 -0.145599 0.007277 0.000000
0.186945 -0.257391 0.547750 0.000000
0.269048 -0.016775 0.332221 0.000000
0.322884 -0.870480 0.210218 0.000000
0.301280 0.082358 0.263488 0.000000
0.389710 0.170261 0.076734 0.000000
0.336576 -0.275434 0.191520 0.000000
0.017570 -0.455368 0.148936 0.000000
0.530174 -1.189337 0.149603 1.000000
0.398302 0.068998 0.031158 0.000000
0.304108 -0.999564 0.226103 0.000000
0.653195 -0.173750 0.089426 0.000000
0.397927 0.249636 0.103775 0.000000
0.338958 -0.357926 0.225122 0.000000
0.326653 -0.427857 0.184437 0.000000
0.325983 -0.098258 0.190881 0.000000
0.238715 -0.051061 0.352127 0.000000
0.334804 -0.373577 0.186931 0.000000
0.439011 0.027861 0.068905 0.000000
0.338883 0.201020 0.166705 0.000000
0.317165 -0.893204 0.237552 0.000000
0.393588 0.371686 0.128340 0.000000
0.534667 -1.201736 0.137025 1.000000
0.330050 0.245572 0.108488 0.000000
0.512901 -0.199122 -0.010696 0.000000
0.346912 0.233269 0.185597 0.000000
0.337612 0.147744 0.084898 0.000000
0.189833 -0.232321 0.517829 0.000000
0.421955 0.159337 0.179512 0.000000
0.403353 0.217513 0.103644 0.000000
0.333606 -0.541864 0.194586 0.000000
0.364926 -0.678548 0.337143 0.000000
0.617876 -0.155502 0.109128 0.000000
0.352778 0.416835 0.150461 0.000000
0.337611 0.187034 0.235816 0.000000
0.403267 0.284755 0.129076 0.000000
0.506182 -0.270717 -0.065368 0.000000
0.363441 -0.070682 0.283946 0.000000
0.396816 0.244703 0.114647 0.000000
0.398380 0.234671 0.206062 0.000000
0.295566 -1.095822 0.224287 0.000000
0.432933 0.049540 0.092700 0.000000
0.381275 -0.714850 0.362081 0.000000
0.265497 0.014040 0.311765 0.000000
0.409557 -0.003386 0.284196 0.000000
0.402342 0.301324 0.162041 0.000000
0.387638 0.270317 0.114559 0.000000
0.331808 0.073085 0.066504 0.000000
0.234755 -0.032308 0.346262 0.000000
0.292937 -1.027782 0.238302 0.000000
0.330644 0.116417 0.075990 0.000000
0.321116 -0.935168 0.230320 0.000000
0.464499 -0.060949 0.066678 0.000000
0.367773 -0.544908 0.287981 0.000000
0.374442 -0.939678 0.186064 1.000000
0.325212 -0.831376 0.204377 0.000000
0.337075 0.177285 0.239199 0.000000
0.288703 -0.032484 0.158689 0.000000
0.318781 -1.003516 0.229696 0.000000
0.328689 -0.629696 0.207624 0.000000
-0.030050 -0.493834 0.147683 0.000000
0.290602 -1.112838 0.246980 0.000000
0.435079 0.065660 0.201592 0.000000
0.363660 -0.599119 0.305144 0.000000
0.369214 -0.040152 0.262396 0.000000
0.330188 -0.671480 0.208650 0.000000
0.399588 0.189811 0.214732 0.000000
0.314154 -0.926504 0.227942 0.000000
0.327015 -0.600086 0.193539 0.000000
0.423943 -0.005247 0.312393 0.000000
0.337338 -0.569088 0.208482 0.000000
0.482835 -0.110975 0.178949 0.000000
0.210241 -0.220383 0.167597 0.000000
0.415189 0.147692 0.096819 0.000000
0.375646 -0.879186 0.446035 0.000000
0.020846 -0.442090 0.163362 0.000000
0.335752 -0.620157 0.197795 0.000000
0.543924 -1.212392 0.143758 1.000000
-0.026703 -0.481379 0.160763 0.000000
0.460957 0.101472 0.135213 0.000000
0.532603 -0.106344 0.120643 0.000000
0.613456 -1.296840 0.114956 1.000000
0.334618 0.282893 0.193120 0.000000
0.344545 0.222620 0.198934 0.000000
0.332642 0.127876 0.171729 0.000000
0.280666 -1.053375 0.258697 0.000000
0.334254 -0.462164 0.185515 0.000000
0.326065 0.070403 0.183817 0.000000
0.469729 -1.097379 0.173678 1.000000
0.352940 0.458828 0.142578 0.000000
0.443353 -0.011216 0.211265 0.000000
0.398488 0.114363 0.229022 0.000000
0.415880 0.163672 0.100307 0.000000
0.437004 -0.066858 0.227571 0.000000
0.338687 0.178128 0.218272 0.000000
0.448423 -0.007152 0.077687 0.000000
0.350249 -0.908206 0.224331 1.000000
0.266458 -1.041655 0.245733 0.000000
0.350225 -0.438592 0.260937 0.000000
0.332570 -0.246870 0.191718 0.000000
0.305116 -0.065233 0.025976 0.000000
0.365350 -0.915533 0.207159 1.000000
0.335370 -0.492135 0.206285 0.000000
0.308955 -0.047260 0.034475 0.000000
0.290333 -1.074421 0.244229 0.000000
0.331873 0.087994 0.069771 0.000000
0.400729 0.009869 0.283274 0.000000
0.372578 0.343445 0.121850 0.000000
0.473136 0.017791 0.142231 0.000000
0.337884 -0.666061 0.203560 0.000000
0.336483 -0.781464 0.209321 0.000000
0.525231 -0.141572 0.152692 0.000000
0.336540 -0.168653 0.189070 0.000000
0.319823 0.126344 0.236381 0.000000
0.327313 -0.561004 0.195100 0.000000
0.338158 0.189690 0.224879 0.000000
0.387359 0.320350 0.153937 0.000000
0.400150 0.172072 0.088363 0.000000
0.324731 -1.163246 0.239576 0.000000
0.305110 -1.061362 0.235285 0.000000
0.304575 -0.935355 0.234607 0.000000
0.114255 -0.303147 0.171495 0.000000
0.371145 -0.057166 0.274218 0.000000
0.327192 -0.070796 0.181720 0.000000
0.368579 0.371863 0.118448 0.000000
0.323620 -0.890572 0.200387 0.000000
0.404234 0.279439 0.161877 0.000000
0.266726 -0.101405 0.174289 0.000000
0.356210 -0.599173 0.288443 0.000000
0.417017 0.228836 0.166086 0.000000
0.494312 -1.130727 0.149802 1.000000
0.378612 -0.662431 0.342107 0.000000
0.327275 -0.917120 0.224156 0.000000
0.362706 -0.513608 0.273007 0.000000
0.325395 0.119532 0.254560 0.000000
0.259321 -0.052770 0.351808 0.000000
0.574273 -1.255459 0.128777 1.000000
0.319235 0.036242 0.177880 0.000000
0.313355 -1.143548 0.239287 0.000000
0.238546 -0.142452 0.152389 0.000000
0.328180 -0.717747 0.204618 0.000000
0.375838 -0.788823 0.393363 0.000000
0.311678 -0.907175 0.218072 0.000000
0.330070 -0.021648 0.187301 0.000000
0.351015 0.245131 0.104963 0.000000
0.395293 0.257479 0.190208 0.000000
0.351598 -0.898303 0.228116 1.000000
0.430391 0.170079 0.167355 0.000000
0.324594 -0.844960 0.214021 0.000000
0.313621 -1.092706 0.237729 0.000000
0.342048 0.205163 0.211153 0.000000
0.380956 -0.927239 0.173984 1.000000
0.348042 0.436512 0.155693 0.000000
0.398391 0.103770 0.221540 0.000000
0.285619 -0.941310 0.221606 0.000000
0.438109 0.089686 0.182515 0.000000
0.231347 -0.111682 0.386035 0.000000
0.310198 -0.004020 0.050766 0.000000
0.503308 -0.052104 0.139537 0.000000
0.574010 -1.295072 0.121075 1.000000
0.328576 -0.860109 0.203630 0.000000
0.287381 -0.963863 0.236395 0.000000
0.356761 -0.638608 0.318522 0.000000
0.318972 -0.039074 0.180332 0.000000
0.332999 -0.519497 0.194614 0.000000
0.329102 0.175795 0.116600 0.000000
0.430647 0.084135 0.186426 0.000000
0.116400 -0.334682 0.169705 0.000000
0.526602 -0.162730 0.154557 0.000000
0.312690 -1.025509 0.230554 0.000000
0.315073 0.084421 0.277317 0.000000
0.292246 -0.990970 0.258777 0.000000
0.307167 -1.100657 0.226339 0.000000
0.034496 -0.425722 0.174020 0.000000
0.430705 0.128053 0.125974 0.000000
0.407529 0.194566 0.108474 0.000000
0.387841 0.388469 0.127133 0.000000
0.322456 0.078550 0.068195 0.000000
0.430921 -0.011117 0.318500 0.000000
0.437908 -0.979486 0.593471 0.000000
0.515383 -1.174039 0.141317 1.000000
0.334940 -0.747393 0.203093 0.000000
0.354750 0.443776 0.144245 0.000000
0.316053 -0.963501 0.229955 0.000000
0.432020 0.113276 0.181497 0.000000
0.345366 -0.689295 0.205493 0.000000
0.306834 -0.949971 0.235267 0.000000
0.348289 0.261294 0.182394 0.000000
0.368374 0.052268 0.218652 0.000000
0.344895 -0.783124 0.214936 0.000000
0.599128 -0.149103 0.112870 0.000000
0.427649 0.189559 0.127032 0.000000
0.326652 -0.160066 0.191932 0.000000
0.346656 -0.344363 0.213582 0.000000
0.327037 0.058177 0.064983 0.000000
0.388434 -0.784274 0.402334 0.000000
0.376870 -0.824481 0.412449 0.000000
0.335232 -0.821854 0.200721 0.000000
0.193211 -0.205660 0.149361 0.000000
0.431631 0.102929 0.182094 0.000000
0.452962 -1.032479 0.199756 1.000000
0.357275 -0.369703 0.216650 0.000000
0.390880 0.302397 0.187246 0.000000
0.187522 -0.245607 0.534376 0.000000
0.429904 -0.119648 0.248532 0.000000
0.326565 0.307053 0.113378 0.000000
0.336687 -0.641374 0.202424 0.000000
0.516696 -1.168516 0.155683 1.000000
0.181106 -0.255563 0.161068 0.000000
0.494947 -0.147256 0.165816 0.000000
0.337205 -0.699789 0.205318 0.000000
0.445520 0.029009 0.179407 0.000000
0.399335 0.166202 0.219781 0.000000
0.328747 -0.085625 0.178661 0.000000
0.333090 0.214555 0.165569 0.000000
0.453956 -1.054944 0.183332 1.000000
0.437576 0.167357 0.135336 0.000000
0.391523 0.263755 0.162557 0.000000
0.504279 -0.076090 0.156395 0.000000
0.375318 -0.023302 0.253599 0.000000
0.321543 -0.894905 0.224443 0.000000
0.409386 -0.951413 0.547276 0.000000
0.341275 -0.700018 0.195368 0.000000
0.331546 0.161590 0.083730 0.000000
0.327570 -0.394050 0.189556 0.000000
0.341383 -0.828688 0.213600 0.000000
0.324057 -0.001862 0.174024 0.000000
0.324512 -0.215011 0.189046 0.000000
0.388669 -0.926198 0.507837 0.000000
0.333192 -0.120607 0.186971 0.000000
0.326587 -0.495117 0.185743 0.000000
0.404054 0.212024 0.206634 0.000000
0.310554 -0.975564 0.217311 0.000000
0.336873 -0.336060 0.186578 0.000000
0.408960 -0.886626 0.455010 0.000000
0.300011 -0.914172 0.224558 0.000000
0.479452 -1.062962 0.182705 1.000000
0.094188 -0.333800 0.175347 0.000000
0.433012 0.072232 0.209135 0.000000
0.386999 -0.771871 0.390136 0.000000
0.343065 -0.489551 0.193838 0.000000
0.289176 -1.008413 0.240005 0.000000
0.494502 -0.119746 0.178701 0.000000
0.345761 0.211946 0.102014 0.000000
0.329277 -0.271899 0.197539 0.000000
0.334774 -0.366041 0.241596 0.000000
0.380330 0.452938 0.132248 0.000000
0.468723 -0.097340 0.046731 0.000000
0.456580 0.116336 0.124732 0.000000
0.528644 -0.218513 0.165662 0.000000
0.074284 -0.394101 0.166065 0.000000
0.290136 -1.011697 0.249331 0.000000
0.327867 -0.806019 0.206201 0.000000
-0.011947 -0.471593 0.157955 0.000000
0.230588 -0.048784 0.356826 0.000000
0.300191 0.056607 0.289543 0.000000
0.232143 -0.134945 0.143975 0.000000
0.213586 -0.177986 0.147497 0.000000
0.395707 0.222573 0.106659 0.000000
0.392812 0.038580 0.014272 0.000000
0.482771 0.009438 0.135485 0.000000
0.303770 -1.067028 0.227592 0.000000
0.455136 0.107890 0.129941 0.000000
0.392356 0.263224 0.200142 0.000000
0.481643 -0.013489 0.148684 0.000000
0.464132 0.086753 0.128725 0.000000
0.345447 -0.419313 0.259807 0.000000
0.372723 0.391710 0.120647 0.000000
-0.128330 -0.585837 0.121510 0.000000
0.039565 -0.405836 0.174807 0.000000
0.207162 -0.127669 0.408676 0.000000
0.389993 -0.950692 0.200546 1.000000
0.340785 -0.315107 0.196357 0.000000
0.208538 -0.139571 0.413740 0.000000
0.445373 -0.020068 0.217742 0.000000
0.247433 -0.115607 0.145601 0.000000
0.336823 -0.774729 0.199768 0.000000
0.556651 -1.250889 0.136344 1.000000
-0.126154 -0.591584 0.129479 0.000000
0.301634 -0.954884 0.215443 0.000000
0.326647 0.275900 0.104824 0.000000
0.257192 -0.028146 0.337223 0.000000
0.462198 0.033897 0.143212 0.000000
0.292540 -0.075593 0.040816 0.000000
0.343938 0.253336 0.198865 0.000000
0.187803 -0.241664 0.546103 0.000000
0.455956 -0.043094 0.066559 0.000000
0.343312 0.365789 0.159474 0.000000
0.505699 -0.164866 0.151854 0.000000
0.346950 -0.893326 0.208139 1.000000
0.270359 -0.135365 0.000045 0.000000
0.318283 -0.924914 0.211219 0.000000
0.321944 -0.012312 0.043563 0.000000
0.418799 0.157457 0.188309 0.000000
0.506929 -0.236457 -0.048430 0.000000
0.407689 -0.932249 0.499047 0.000000
0.425288 -0.998908 0.197384 1.000000
0.427749 -0.103625 0.238759 0.000000
0.328291 -0.532733 0.188287 0.000000
0.503425 -0.252007 -0.059039 0.000000
0.373182 -0.865529 0.434910 0.000000
0.414094 -0.953013 0.528164 0.000000
0.332322 0.161664 0.163027 0.000000
0.366267 0.353984 0.112469 0.000000
0.330663 -0.228764 0.193246 0.000000
0.319595 0.077210 0.174263 0.000000
0.362773 -0.518308 0.283782 0.000000
0.269575 -1.075658 0.237053 0.000000
0.602506 -1.302911 0.112577 1.000000
0.394149 0.259035 0.119251 0.000000
0.337202 0.182391 0.089367 0.000000
0.349160 -0.454714 0.271802 0.000000
0.302756 -0.002987 0.172019 0.000000
0.359481 -0.531851 0.269789 0.000000
0.394249 -0.727310 0.372102 0.000000
0.387976 -0.948325 0.228763 1.000000
0.331093 -0.192067 0.194965 0.000000
0.529794 -1.160882 0.158431 1.000000
0.420399 0.100932 0.088630 0.000000
0.221214 -0.110469 0.391605 0.000000
0.510691 -0.207921 -0.024653 0.000000
0.376449 -0.895506 0.465654 0.000000
0.382615 -0.903568 0.486827 0.000000
0.079425 -0.370817 0.179897 0.000000
0.444894 -1.044107 0.185306 1.000000
0.317175 -1.038507 0.226112 0.000000
0.341075 -0.801654 0.218709 0.000000
0.306660 -0.897689 0.223026 0.000000
0.376050 0.335370 0.116284 0.000000
0.392770 0.207309 0.097378 0.000000
0.325598 0.145304 0.170483 0.000000
0.423698 0.148943 0.128543 0.000000
0.453863 -1.065158 0.165537 1.000000
0.356877 -0.500224 0.283592 0.000000
0.272605 0.027242 0.303547 0.000000
0.367416 -0.656554 0.330247 0.000000
0.368489 0.458032 0.125227 0.000000
0.355702 -0.403652 0.229241 0.000000
0.327423 0.135095 0.168572 0.000000
0.345983 0.268610 0.187900 0.000000
0.319679 0.106115 0.259233 0.000000
0.357068 0.087151 0.172145 0.000000
0.168077 -0.247258 0.159865 0.000000
0.426943 0.120025 0.186784 0.000000
0.444616 -0.004449 0.063413 0.000000
0.372489 -0.933551 0.178406 1.000000
0.370737 -0.573513 0.313817 0.000000
0.343625 -0.366648 0.223376 0.000000
0.315477 0.019489 0.056484 0.000000
0.395627 0.284183 0.169415 0.000000
0.342710 0.464914 0.146820 0.000000
0.415270 0.200539 0.172288 0.000000
0.377477 0.437363 0.147857 0.000000
0.340429 -0.762929 0.218815 0.000000
0.514312 -1.149269 0.158841 1.000000
0.323917 0.025778 0.173512 0.000000
0.324068 -0.982100 0.231698 0.000000
0.289208 -0.924708 0.239082 0.000000
0.301173 -0.973512 0.248058 0.000000
0.290987 -0.992414 0.245271 0.000000
0.337480 -0.433891 0.179600 0.000000
0.561991 -0.128563 0.119378 0.000000
0.352506 -0.429061 0.250079 0.000000
0.327255 -0.349632 0.235400 0.000000
0.449216 0.015500 0.085487 0.000000
0.359795 -0.573794 0.287140 0.000000
0.335285 0.154850 0.244853 0.000000
0.375234 0.474119 0.148421 0.000000
0.439211 -0.002677 0.200734 0.000000
0.339721 -0.453201 0.202265 0.000000
0.334502 -0.710721 0.206355 0.000000
0.386291 -0.914321 0.497196 0.000000
0.351765 -0.420400 0.236107 0.000000
0.498382 -0.155931 0.023350 0.000000
0.207152 -0.110414 0.399358 0.000000
0.437074 0.031203 0.084493 0.000000
0.334563 -0.507859 0.195047 0.000000
0.290407 0.058873 0.280573 0.000000
0.283075 -1.060437 0.249289 0.000000
0.509253 -1.116469 0.170866 1.000000
0.388655 0.356556 0.165013 0.000000
0.188309 -0.202727 -0.040732 0.000000
0.338916 0.317732 0.104079 0.000000
0.365522 -0.735341 0.363055 0.000000
0.329762 0.142581 0.080394 0.000000
0.445744 0.050139 0.191727 0.000000
0.360469 -0.903063 0.210001 1.000000
0.435074 0.187206 0.132213 0.000000
0.437201 0.058487 0.188402 0.000000
0.324576 0.169428 0.210465 0.000000
0.332892 -0.287309 0.194620 0.000000
0.425586 -0.136213 0.255800 0.000000
0.337711 0.230016 0.215373 0.000000
0.403161 0.148080 0.215697 0.000000
0.492898 -1.114677 0.159426 1.000000
0.442025 0.025353 0.212325 0.000000
0.347158 0.373996 0.167356 0.000000
0.185978 -0.231598 0.530250 0.000000
0.282385 -0.045278 0.145057 0.000000
0.326473 -0.904786 0.221977 0.000000
0.327863 -0.479345 0.188806 0.000000
0.476175 -0.094860 0.184143 0.000000
0.237349 -0.127342 0.142484 0.000000
0.251529 -1.052214 0.239374 0.000000
0.373535 -0.568735 0.305266 0.000000
0.342173 0.126680 0.139727 0.000000
0.478574 -1.079038 0.177432 1.000000
0.278154 -0.065883 0.166958 0.000000
0.340141 -0.592852 0.189434 0.000000
0.328219 -0.333036 0.198107 0.000000
0.336479 -0.803529 0.209205 0.000000
0.241145 -1.105201 0.252402 0.000000
0.418437 -1.008929 0.183777 1.000000
-0.023622 -0.490766 0.135241 0.000000
0.352394 -0.691220 0.338875 0.000000
0.333656 -0.320608 0.192448 0.000000
0.427863 -0.979986 0.599348 0.000000
0.427896 0.068294 0.094604 0.000000
0.393657 0.049393 0.233713 0.000000
0.530538 -1.198044 0.144925 1.000000
0.052945 -0.399059 0.172168 0.000000
0.369579 -0.634548 0.323317 0.000000
0.331066 -0.919915 0.213085 0.000000
0.295381 -0.018451 0.179411 0.000000
0.463305 0.033807 0.114055 0.000000
0.468009 -1.084440 0.171004 1.000000
0.380184 0.309941 0.125940 0.000000
0.327389 0.193114 0.109294 0.000000
0.337597 -0.619311 0.206828 0.000000
0.322275 -1.090150 0.241525 0.000000
0.477492 0.045765 0.124434 0.000000
0.329774 -0.170208 0.180239 0.000000
0.425769 -1.004555 0.172017 1.000000
-0.111152 -0.578550 0.123669 0.000000
0.355403 -0.884639 0.207165 1.000000
0.337868 -0.596988 0.206859 0.000000
0.282651 -1.090665 0.251694 0.000000
0.227643 -0.081299 0.373832 0.000000
0.247868 -0.167924 -0.012655 0.000000
0.311717 -0.936887 0.206700 0.000000
0.337703 0.206425 0.228113 0.000000
0.328173 -0.823911 0.209311 0.000000
0.349749 0.256463 0.098243 0.000000
0.287565 0.034960 0.297075 0.000000
0.328001 -0.309281 0.203867 0.000000
0.307354 -0.887944 0.225863 0.000000
0.341558 0.097911 0.169850 0.000000
0.494107 -0.137520 0.034386 0.000000
0.326695 -0.219311 0.197889 0.000000
0.343842 -0.608115 0.196291 0.000000
0.212963 -0.189467 -0.031688 0.000000
0.470356 -0.058082 0.193993 0.000000
0.300199 -0.032251 0.046669 0.000000
0.631909 -0.170584 0.100029 0.000000
0.314865 0.113425 0.242978 0.000000
-0.099078 -0.565278 0.131454 0.000000
0.180078 -0.273971 0.578575 0.000000
0.400311 -0.959957 0.176664 1.000000
0.613879 -1.328864 0.109310 1.000000
0.285226 -0.108878 0.025360 0.000000
0.314547 -1.128108 0.234803 0.000000
0.357112 -0.478278 0.250301 0.000000
0.394243 -0.916408 0.486544 0.000000
0.429882 0.117269 0.122614 0.000000
0.358105 -0.634041 0.310653 0.000000
0.393888 0.299380 0.159054 0.000000
0.469531 -0.077731 0.186081 0.000000
0.194857 -0.150627 0.432598 0.000000
0.438928 0.040944 0.200829 0.000000
0.328075 -0.841016 0.206509 0.000000
0.128983 -0.298837 0.169899 0.000000
0.292204 -1.072188 0.210346 0.000000
0.264941 -0.148105 -0.011738 0.000000
0.411063 0.190654 0.120858 0.000000
0.046988 -0.429350 0.161852 0.000000
0.331876 0.194183 0.173011 0.000000
0.140959 -0.284369 0.165383 0.000000
-0.057956 -0.519416 0.144976 0.000000
0.272967 -1.070976 0.257623 0.000000
0.355876 0.272255 0.102730 0.000000
0.220111 -0.185247 0.157905 0.000000
0.329380 -0.697847 0.209628 0.000000
0.321685 -1.135606 0.242229 0.000000
0.350933 0.120730 0.143742 0.000000
0.344048 -0.543062 0.193658 0.000000
0.328377 -1.158459 0.250686 0.000000
0.359333 -0.579849 0.302207 0.000000
0.333000 -0.687488 0.202073 0.000000
0.334878 -0.385464 0.193491 0.000000
0.195705 -0.221922 0.159577 0.000000
0.463427 -0.023458 0.349697 0.000000
0.221198 -0.059931 0.362664 0.000000
0.244981 -0.085216 0.368994 0.000000
0.294365 0.043773 0.297045 0.000000
0.495141 -0.047485 0.153495 0.000000
0.401070 0.239797 0.168408 0.000000
0.476989 -0.025324 0.112544 0.000000
0.365433 -0.534408 0.286325 0.000000
0.081472 -0.363329 0.174164 0.000000
0.488402 -1.128393 0.157494 1.000000
0.499562 -0.068645 0.109812 0.000000
0.337256 0.236069 0.170067 0.000000
0.343642 -0.650926 0.196823 0.000000
0.451874 -0.022258 0.184296 0.000000
0.356542 -0.361207 0.212012 0.000000
0.331742 -0.361152 0.187264 0.000000
0.293596 -1.079392 0.234049 0.000000
0.327879 0.176615 0.168500 0.000000
0.489380 -0.126943 0.040873 0.000000
0.141561 -0.296623 0.166744 0.000000
0.391128 0.343793 0.126333 0.000000
0.600877 -1.285387 0.124005 1.000000
0.342225 0.320003 0.163060 0.000000
0.320518 -0.991560 0.221142 0.000000
0.323010 0.007130 0.174364 0.000000
0.273080 -1.036517 0.269146 0.000000
0.303751 -1.018291 0.235956 0.000000
0.431843 0.180705 0.126801 0.000000
0.175114 -0.265351 0.163281 0.000000
0.323513 0.160961 0.166118 0.000000
0.367047 -0.499978 0.285105 0.000000
0.344391 0.201469 0.092896 0.000000
0.588936 -1.293197 0.125048 1.000000
0.412358 0.001144 0.298533 0.000000
0.332607 -0.880042 0.214858 0.000000
0.362701 -0.913554 0.196232 1.000000
0.337833 -0.517333 0.183724 0.000000
0.403686 0.467413 0.117638 0.000000
0.395495 -0.953540 0.182857 1.000000
0.348422 0.382387 0.162508 0.000000
0.417766 -0.963511 0.550277 0.000000
0.130365 -0.326612 0.165085 0.000000
0.190448 -0.210502 0.491812 0.000000
0.301402 -1.047658 0.227763 0.000000
0.372367 -0.058022 -0.033370 0.000000
0.325015 -0.334026 0.220073 0.000000
0.339514 -0.526605 0.196475 0.000000
0.391775 0.093267 0.045363 0.000000
0.258627 -0.041672 0.347468 0.000000
0.422314 0.090553 0.098093 0.000000
0.434553 -1.012425 0.184976 1.000000
0.142393 -0.219037 -0.042161 0.000000
0.523334 -0.247234 0.177370 0.000000
0.316276 -0.867296 0.217921 0.000000
0.527920 -0.206032 0.123904 0.000000
0.305272 0.034911 0.059939 0.000000
0.332064 -0.794849 0.217204 0.000000
0.340812 0.381292 0.126146 0.000000
0.206663 -0.175570 0.140338 0.000000
0.400780 0.129184 0.218077 0.000000
0.378297 -0.942343 0.229211 1.000000
0.436444 0.058369 0.086654 0.000000
0.337520 -0.413060 0.191329 0.000000
0.371642 -0.583697 0.312495 0.000000
0.277810 -1.053486 0.267266 0.000000
0.372368 -0.714327 0.358411 0.000000
0.311514 0.092177 0.263229 0.000000
0.627248 -1.341282 0.119464 1.000000
0.354301 -0.455304 0.243879 0.000000
0.079590 -0.246589 -0.044106 0.000000
0.512184 -0.085037 0.120290 0.000000
0.339604 -0.636049 0.194574 0.000000
0.324813 -0.855044 0.214421 0.000000
0.435468 0.060966 0.074866 0.000000
0.444124 0.008068 0.215006 0.000000
0.388850 -0.003470 0.240342 0.000000
0.273370 -1.129528 0.250780 0.000000
0.230316 -0.156556 0.151615 0.000000
0.527285 -0.259533 0.182483 0.000000
0.342402 -0.707474 0.202455 0.000000
0.325567 0.147479 0.073378 0.000000
0.397194 0.054914 0.022803 0.000000
0.431537 0.205321 0.123559 0.000000
0.020057 -0.451572 0.157531 0.000000
0.439200 0.018570 0.076976 0.000000
0.397336 0.013669 0.292572 0.000000
0.546423 -0.123143 0.113034 0.000000
0.393112 0.016506 0.254958 0.000000
0.408750 0.167002 0.104506 0.000000
0.294792 -0.923125 0.231312 0.000000
0.228842 -0.171146 0.159620 0.000000
0.400326 0.264587 0.167023 0.000000
0.437978 0.049852 0.205853 0.000000
0.235861 -0.023542 0.340328 0.000000
0.468436 0.019619 0.113122 0.000000
0.207172 -0.151055 0.420849 0.000000
0.386902 0.284631 0.121222 0.000000
0.609356 -1.315454 0.116319 1.000000
0.474541 0.038416 0.134808 0.000000
0.440058 0.072382 0.175537 0.000000
0.330808 -0.610675 0.206814 0.000000
-0.042383 -0.508017 0.152355 0.000000
0.503289 -0.147031 0.160988 0.000000
0.338766 -0.659115 0.209037 0.000000
0.139406 -0.312445 0.165328 0.000000
0.495752 -0.033491 0.129300 0.000000
0.032637 -0.439094 0.159422 0.000000
0.458825 -1.055428 0.175920 1.000000
0.293067 -1.061507 0.248040 0.000000
0.367186 -0.551280 0.297994 0.000000
0.426057 0.129519 0.184481 0.000000
0.536514 -0.116459 0.110034 0.000000
0.129562 -0.230591 -0.039355 0.000000
0.500317 -1.121374 0.169850 1.000000
0.367215 0.344269 0.112246 0.000000
0.258751 -0.099298 0.161987 0.000000
0.517162 -0.170840 0.154914 0.000000
0.436312 -0.019485 0.324834 0.000000
0.298256 -0.889011 0.235492 0.000000
0.574258 -0.140643 0.112981 0.000000
0.290179 -0.029296 0.178083 0.000000
0.576450 -1.281387 0.127867 1.000000
0.316459 -0.943141 0.215506 0.000000
0.325597 -0.054855 0.179008 0.000000
0.205088 -0.193010 0.150415 0.000000
0.417228 0.242015 0.164771 0.000000
0.329339 -0.102360 0.179772 0.000000
0.508151 -1.133499 0.169284 1.000000
0.283195 -1.016837 0.244329 0.000000
0.243826 -0.132005 0.152718 0.000000
0.206161 -0.100378 0.394304 0.000000
0.320379 -1.109677 0.237620 0.000000
0.272142 -1.092457 0.277787 0.000000
0.430500 0.139972 0.174887 0.000000
0.525410 -0.231350 0.169072 0.000000
0.339585 -0.863179 0.213493 0.000000
0.427918 0.158914 0.172846 0.000000
0.394257 0.481010 0.118489 0.000000
0.319682 0.004050 0.051036 0.000000
0.286147 -1.050436 0.241692 0.000000
0.364183 0.058010 0.210363 0.000000
0.471636 0.002432 0.111514 0.000000
0.526818 -0.201207 0.132674 0.000000
0.409691 0.257834 0.164081 0.000000
0.232021 -0.094807 0.379614 0.000000
0.389964 0.324291 0.128565 0.000000
0.436673 0.160970 0.128930 0.000000
0.154095 -0.247708 0.156841 0.000000
0.281390 0.005182 0.320424 0.000000
0.388942 0.359264 0.149024 0.000000
0.327888 0.218309 0.110581 0.000000
0.263368 -1.129508 0.241974 0.000000
0.451487 0.068881 0.119837 0.000000
0.236951 -0.159023 0.163650 0.000000
0.585085 -1.283853 0.126401 1.000000
0.324840 -0.653130 0.201284 0.000000
0.292408 -0.962003 0.248559 0.000000
0.187854 -0.222388 0.512457 0.000000
0.334084 -0.756874 0.207775 0.000000
0.418661 0.120251 0.096205 0.000000
0.425723 -0.998221 0.186068 1.000000
0.328322 -0.317957 0.208924 0.000000
0.328538 -0.249595 0.203942 0.000000
0.277894 -0.963006 0.238644 0.000000
0.303784 -0.924199 0.233098 0.000000
0.532327 -1.170787 0.160087 1.000000
0.297664 -0.990228 0.235423 0.000000
0.404757 -0.954474 0.529923 0.000000
0.310166 0.014862 0.165158 0.000000
0.387126 0.012701 0.005452 0.000000
0.323877 -0.854807 0.231453 0.000000
0.336303 -0.766566 0.207710 0.000000
0.456918 -0.007493 0.191217 0.000000
0.443165 0.168546 0.128295 0.000000
0.389129 0.121127 0.056395 0.000000
0.325370 0.073021 0.169200 0.000000
0.334007 -0.482176 0.194352 0.000000
0.577096 -1.267368 0.129099 1.000000
0.216914 -0.143191 0.408073 0.000000
0.363007 -0.790843 0.385791 0.000000
0.161917 -0.259527 0.162154 0.000000
-0.046999 -0.508742 0.143763 0.000000
0.353002 0.077374 0.189382 0.000000
0.342467 0.402708 0.134652 0.000000
0.347017 0.229617 0.093503 0.000000
0.401915 -0.193046 0.294369 0.000000
0.422339 -0.999411 0.213372 1.000000
0.305546 -0.939296 0.226877 0.000000
0.338876 -0.266105 0.186272 0.000000
0.399306 0.180592 0.090068 0.000000
0.335189 0.291798 0.161106 0.000000
0.359346 -0.596169 0.296013 0.000000
0.339815 -0.853797 0.206848 0.000000
0.335332 -0.678796 0.204125 0.000000
0.330623 0.268759 0.101734 0.000000
0.349442 0.259906 0.113071 0.000000
0.438273 -1.034066 0.187133 1.000000
0.294334 -1.049825 0.223159 0.000000
0.335479 -0.426313 0.189195 0.000000
0.317630 0.046485 0.182049 0.000000
0.523694 -0.198830 0.157403 0.000000
0.408849 -0.962117 0.545785 0.000000
0.395659 0.388551 0.147867 0.000000
0.347656 -0.438177 0.243725 0.000000
0.339796 0.189869 0.085780 0.000000
0.310824 0.036581 0.171088 0.000000
0.440484 0.079836 0.122807 0.000000
0.327711 -0.341746 0.226347 0.000000
0.394190 0.105467 0.050791 0.000000
0.337081 -0.348424 0.223366 0.000000
0.334369 -0.489210 0.189142 0.000000
0.355911 -0.463194 0.253511 0.000000
0.267637 -0.079809 0.172450 0.000000
0.285952 -1.068301 0.233182 0.000000
0.513253 -0.117414 0.143893 0.000000
0.292058 -0.091552 0.027289 0.000000
0.003356 -0.457376 0.165567 0.000000
0.327107 -0.508040 0.186022 0.000000
-0.085453 -0.557154 0.134475 0.000000
0.317967 -0.848897 0.225907 0.000000
0.393809 -0.933874 0.523382 0.000000
0.412011 0.141841 0.102370 0.000000
0.195209 -0.231108 0.163189 0.000000
0.382134 -0.650321 0.339177 0.000000
0.310039 -1.021366 0.220073 0.000000
0.391507 0.398237 0.143889 0.000000
0.382960 -0.013238 -0.010781 0.000000
0.332067 -0.512689 0.203395 0.000000
0.444315 -1.035622 0.159771 1.000000
0.422103 0.177540 0.173733 0.000000
0.395178 -0.894355 0.464113 0.000000
0.383660 0.446277 0.148529 0.000000
0.396524 0.303360 0.176835 0.000000
0.374175 0.039881 0.242086 0.000000
0.565222 -1.234880 0.135950 1.000000
0.513576 -1.139768 0.162429 1.000000
0.394694 0.152932 0.071827 0.000000
0.420653 0.133414 0.122712 0.000000
0.491986 -0.058927 0.116432 0.000000
0.415656 -0.151120 0.266202 0.000000
0.338868 0.259641 0.201899 0.000000
0.481647 -1.070763 0.192407 1.000000
0.430653 -0.994488 0.204619 1.000000
0.229732 -0.061329 0.363522 0.000000
0.347651 -0.399498 0.238986 0.000000
0.387694 -0.900437 0.471525 0.000000
0.347758 0.415362 0.119558 0.000000
0.415774 0.180545 0.101524 0.000000
0.187918 -0.215547 0.504248 0.000000
0.343308 0.352508 0.165178 0.000000
0.185449 -0.241323 0.162552 0.000000
0.355023 -0.467539 0.263190 0.000000
0.437460 0.096710 0.177303 0.000000
-0.065931 -0.524468 0.137493 0.000000
0.510825 -0.082227 0.137560 0.000000
0.329300 -0.360568 0.195504 0.000000
0.371867 0.413767 0.113150 0.000000
0.336918 -0.177240 0.189597 0.000000
0.313812 -0.980443 0.228316 0.000000
0.026374 -0.419528 0.174480 0.000000
0.293576 0.066339 0.276569 0.000000
0.323672 -1.068572 0.231811 0.000000
0.390964 -0.792960 0.401987 0.000000
0.315955 -0.890365 0.229154 0.000000
0.440165 0.002271 0.079416 0.000000
0.332950 -0.567195 0.197305 0.000000
0.287718 -0.986359 0.239940 0.000000
0.336503 -0.786560 0.200429 0.000000
0.415735 0.236934 0.124462 0.000000
0.090033 -0.238488 -0.048397 0.000000
0.404272 -0.904519 0.471599 0.000000
0.520486 -1.162301 0.149491 1.000000
0.322243 0.128269 0.174296 0.000000
0.586610 -0.055570 0.451130 0.000000
0.320841 0.103704 0.168489 0.000000
0.513640 -0.089429 0.149924 0.000000
0.507880 -0.068241 0.133610 0.000000
0.304874 0.070482 0.283086 0.000000
0.369042 0.465355 0.113845 0.000000
0.385262 -0.003294 -0.000233 0.000000
0.285415 0.071920 0.265065 0.000000
0.251876 -0.161402 -0.016842 0.000000
0.386000 -0.959655 0.221260 1.000000
0.331141 -0.359199 0.229763 0.000000
0.471179 -1.062849 0.184935 1.000000
0.321286 -0.155818 0.186779 0.000000
0.390391 -0.929977 0.498664 0.000000
0.374827 0.449604 0.117806 0.000000
0.402765 0.077040 0.228593 0.000000
0.335970 0.248532 0.169884 0.000000
0.400876 -0.873891 0.447533 0.000000
0.420783 0.147757 0.184590 0.000000
0.301553 -0.006815 0.152904 0.000000
0.370841 0.432597 0.114887 0.000000
-0.030703 -0.495744 0.156521 0.000000
0.442542 -0.981121 0.613020 0.000000
0.367564 -0.622227 0.317618 0.000000
0.347264 0.194689 0.098243 0.000000
0.389794 0.022680 0.004763 0.000000
0.254506 -0.113907 0.160753 0.000000
0.374744 -0.676282 0.343087 0.000000
0.457055 0.092631 0.130519 0.000000
0.297432 -1.077635 0.225638 0.000000
0.454438 -0.012087 0.350896 0.000000
0.397274 -0.207172 0.297955 0.000000
0.185327 -0.257063 0.558079 0.000000
0.398847 0.346383 0.161847 0.000000
0.313827 -1.075241 0.242823 0.000000
0.433172 -0.008913 0.327109 0.000000
-0.066326 -0.535691 0.144070 0.000000
0.065237 -0.368931 0.179252 0.000000
0.397685 -0.948668 0.540870 0.000000
0.527486 -0.189872 0.144004 0.000000
0.333947 -0.868867 0.208463 0.000000
0.344015 0.116468 0.150144 0.000000
0.422936 -0.974224 0.578215 0.000000
0.302638 -1.057226 0.228272 0.000000
0.447978 -1.032281 0.168374 1.000000
0.341451 0.229088 0.192686 0.000000
0.339088 -0.275160 0.199642 0.000000
0.432479 0.080317 0.077804 0.000000
-0.000206 -0.465828 0.154938 0.000000
0.336823 -0.164901 0.181445 0.000000
0.332903 -0.853210 0.216288 0.000000
0.362620 0.054666 0.225426 0.000000
0.324542 -0.010346 0.174121 0.000000
0.334345 0.133051 0.138936 0.000000
0.281205 -1.034174 0.244691 0.000000
0.334365 0.209613 0.104114 0.000000
0.334294 0.183085 0.211207 0.000000
0.186274 -0.215020 0.151871 0.000000
0.311027 -0.902533 0.231158 0.000000
0.389188 0.337498 0.150136 0.000000
0.391625 -0.699964 0.357460 0.000000
0.339829 0.180426 0.111295 0.000000
0.088266 -0.366353 0.170082 0.000000
0.356531 0.064170 0.211131 0.000000
0.349881 0.304169 0.171050 0.000000
0.529962 -0.183900 0.161672 0.000000
0.351321 0.392775 0.162226 0.000000
0.373460 -0.612153 0.318886 0.000000
0.332943 -0.739917 0.207568 0.000000
0.453489 0.043800 0.117913 0.000000
0.333721 -0.812028 0.207414 0.000000
0.277506 -1.054695 0.243752 0.000000
0.320918 -1.119847 0.237927 0.000000
0.327283 -0.002842 0.181782 0.000000
0.379038 -0.046201 -0.024376 0.000000
0.329792 0.157351 0.173422 0.000000
0.235566 -0.134542 0.152389 0.000000
0.399220 0.212632 0.096157 0.000000
0.391370 0.292084 0.121090 0.000000
0.399034 0.231060 0.104247 0.000000
0.214492 -0.126423 0.403536 0.000000
0.245031 -0.058457 0.358073 0.000000
0.354743 -0.900838 0.198655 1.000000
0.440739 0.005761 0.066701 0.000000
0.374109 0.354275 0.118779 0.000000
0.264682 -1.136400 0.286229 0.000000
0.288851 -1.082417 0.242006 0.000000
0.229537 -0.191771 -0.022049 0.000000
0.433061 -0.052083 0.219621 0.000000
0.396630 0.245435 0.201271 0.000000
0.329769 -0.290635 0.202588 0.000000
0.324624 -0.375216 0.192462 0.000000
0.326560 -0.048093 0.187951 0.000000
0.375994 0.043098 0.222363 0.000000
0.321034 -0.973015 0.225578 0.000000
0.531722 -1.178723 0.150178 1.000000
0.326304 -0.029135 0.186582 0.000000
0.397991 0.087199 0.228054 0.000000
0.346483 0.171084 0.094398 0.000000
0.298935 -0.991435 0.226706 0.000000
0.309726 -0.891105 0.241705 0.000000
0.096855 -0.342097 0.173604 0.000000
0.507257 -0.062184 0.142382 0.000000
0.309456 -0.970419 0.210777 0.000000
0.195173 -0.201262 0.485640 0.000000
0.453261 -1.043980 0.183041 1.000000
0.568239 -1.279909 0.128708 1.000000
0.394629 -0.833148 0.423073 0.000000
0.327434 -0.241996 0.196205 0.000000
0.427788 0.102641 0.192491 0.000000
0.393901 0.388905 0.156597 0.000000
0.503201 -0.063753 0.156944 0.000000
0.371461 -0.047434 0.276230 0.000000
0.418044 0.141408 0.189320 0.000000
0.532667 -0.167721 0.151647 0.000000
0.344561 -0.331797 0.202485 0.000000
0.324099 -0.135432 0.184226 0.000000
0.472608 -1.091289 0.167601 1.000000
0.335144 -0.584477 0.198550 0.000000
0.286344 -0.946666 0.232937 0.000000
0.344650 -0.624003 0.198779 0.000000
0.310599 -0.978320 0.207860 0.000000
0.403686 0.204287 0.210026 0.000000
0.343891 0.429335 0.151236 0.000000
0.334847 -0.628194 0.200361 0.000000
0.357810 -0.523452 0.257299 0.000000
0.326512 -0.525499 0.199985 0.000000
0.220607 -0.190839 -0.021606 0.000000
0.268210 -1.128570 0.287549 0.000000
0.285122 -0.040133 0.161008 0.000000
0.414388 0.180513 0.129626 0.000000
0.395128 0.371079 0.160439 0.000000
0.410584 0.245032 0.169493 0.000000
0.335518 -0.611261 0.199591 0.000000
0.110109 -0.350467 0.168447 0.000000
0.295264 -1.060825 0.238382 0.000000
0.322207 -0.917408 0.213948 0.000000
0.335858 -0.454558 0.188524 0.000000
0.345497 -0.381699 0.223966 0.000000
0.435772 -0.017969 0.316660 0.000000
0.336499 -0.392961 0.240555 0.000000
0.324562 -0.186644 0.182349 0.000000
0.296615 -1.090160 0.208176 0.000000
0.435197 -0.035986 0.210314 0.000000
0.302662 -0.051457 0.038072 0.000000
0.380403 -0.940448 0.213025 1.000000
0.329338 -0.348121 0.201750 0.000000
0.413485 0.186651 0.177483 0.000000
0.326280 -0.662349 0.197811 0.000000
0.257090 -0.159365 -0.000620 0.000000
0.447246 -1.027357 0.191878 1.000000
0.337551 -0.555124 0.193934 0.000000
0.509090 -1.125121 0.175287 1.000000
0.199151 -0.204681 -0.027162 0.000000
0.056209 -0.386808 0.175667 0.000000
0.308730 -0.993635 0.229720 0.000000
0.361995 -0.917174 0.221523 1.000000
0.319196 -0.910674 0.218008 0.000000
0.055245 -0.413020 0.165363 0.000000
0.298554 -1.139871 0.216635 0.000000
0.307838 -0.920946 0.246623 0.000000
0.475844 -1.087358 0.159212 1.000000
0.309485 -1.071812 0.222768 0.000000
0.327157 -0.686564 0.196008 0.000000
0.211599 -0.196043 0.156165 0.000000
0.330772 0.020820 0.174040 0.000000
0.273012 -1.017012 0.242651 0.000000
0.355505 0.470728 0.148170 0.000000
0.074917 -0.385984 0.161730 0.000000
0.518237 -0.105541 0.145647 0.000000
0.297208 -1.029295 0.231006 0.000000
0.384368 0.373603 0.150893 0.000000
0.085010 -0.379761 0.165460 0.000000
0.329400 0.299111 0.104061 0.000000
0.332386 0.080624 0.182703 0.000000
0.310481 0.053314 0.062307 0.000000
0.294851 -1.005735 0.215349 0.000000
0.458942 -0.054102 0.063495 0.000000
0.522140 -0.252925 0.183937 0.000000
0.187087 -0.165484 0.453728 0.000000
0.376643 -0.600458 0.322106 0.000000
0.313639 -1.028415 0.239018 0.000000
0.150465 -0.263186 0.160737 0.000000
0.403492 0.276864 0.190377 0.000000
0.369600 0.487843 0.120866 0.000000
0.337782 -0.289467 0.201037 0.000000
0.324723 0.105748 0.267788 0.000000
0.300989 -1.043439 0.211438 0.000000
0.262291 -0.089333 0.157815 0.000000
0.129403 -0.326336 0.174654 0.000000
0.525746 -0.033520 0.408294 0.000000
0.457234 -1.062063 0.180798 1.000000
0.528817 -0.169670 0.158920 0.000000
0.357547 0.283799 0.107109 0.000000
0.427211 -0.082080 0.228528 0.000000
0.405905 -0.961431 0.559416 0.000000
0.432028 -0.096197 0.237444 0.000000
0.408524 -0.945478 0.528823 0.000000
0.481862 0.029332 0.135222 0.000000
0.328749 -0.344608 0.187395 0.000000
0.300982 -1.037941 0.228945 0.000000
0.337585 -0.375791 0.237832 0.000000
0.301757 -0.973921 0.218646 0.000000
0.115415 -0.319755 0.172044 0.000000
0.524360 -1.140004 0.168275 1.000000
0.325451 -0.273335 0.189293 0.000000
0.285360 -1.107835 0.257315 0.000000
0.378686 -0.614340 0.332134 0.000000
0.381850 0.032895 0.234101 0.000000
0.334005 -0.204411 0.186827 0.000000
0.428710 -0.993601 0.213808 1.000000
0.407031 0.200937 0.176946 0.000000
0.100550 -0.328721 0.174266 0.000000
0.338627 -0.790192 0.211063 0.000000
0.433958 0.171836 0.125757 0.000000
0.357351 -0.647903 0.315069 0.000000
0.440567 0.016086 0.197165 0.000000
0.333950 -0.407156 0.186207 0.000000
0.364213 -0.530597 0.300614 0.000000
0.458229 -0.035274 0.188977 0.000000
0.339063 0.126603 0.082635 0.000000
0.205953 -0.162324 0.428417 0.000000
0.371684 -0.663093 0.336349 0.000000
0.339059 -0.720307 0.200614 0.000000
0.334626 0.148369 0.170449 0.000000
0.333212 -0.217476 0.188243 0.000000
0.400178 -0.862133 0.440599 0.000000
0.357565 -0.673537 0.328238 0.000000
0.497891 -1.133741 0.159623 1.000000
0.421612 0.107683 0.093083 0.000000
0.452382 0.077624 0.137250 0.000000
0.326445 0.186966 0.161525 0.000000
0.425281 0.135251 0.089395 0.000000
0.329143 -0.582071 0.205511 0.000000
0.296849 -1.062616 0.220207 0.000000
0.491739 -0.030836 0.154338 0.000000
0.082536 -0.351415 0.176676 0.000000
0.479461 -1.099691 0.161674 1.000000
0.335661 0.255076 0.164116 0.000000
0.296364 -0.959257 0.240818 0.000000
0.353953 -0.896711 0.185029 1.000000
0.444702 0.045294 0.184228 0.000000
0.559030 -0.048263 0.423037 0.000000
0.303748 -1.027721 0.216783 0.000000
0.095500 -0.356348 0.171219 0.000000
0.374281 0.451321 0.139735 0.000000
0.451903 0.000577 0.188477 0.000000
0.334124 -0.829714 0.208274 0.000000
0.333845 0.101421 0.169144 0.000000
0.436604 0.045636 0.073266 0.000000
-0.012776 -0.468884 0.166763 0.000000
0.266455 -0.009283 0.327294 0.000000
0.336296 0.177059 0.083280 0.000000
0.462690 -0.043150 0.192478 0.000000
0.395842 0.302129 0.166875 0.000000
0.356199 -0.478550 0.261268 0.000000
0.319804 -1.098227 0.235740 0.000000
0.331279 -0.258701 0.189421 0.000000
0.310766 -0.863755 0.228956 0.000000
0.595051 -1.292319 0.118113 1.000000
0.295346 -1.040882 0.235918 0.000000
0.338232 -0.401599 0.243538 0.000000
0.378678 0.395204 0.145417 0.000000
0.441851 0.072825 0.190005 0.000000
0.407022 -0.950721 0.555012 0.000000
0.064314 -0.405342 0.166510 0.000000
0.348938 0.446837 0.149028 0.000000
0.257744 -0.107149 0.177619 0.000000
0.518241 -0.271997 0.189024 0.000000
0.387853 -0.006487 0.248017 0.000000
0.507136 -0.083179 0.112784 0.000000
0.296788 -0.081053 0.028102 0.000000
0.422771 0.206675 0.129714 0.000000
0.010168 -0.442139 0.169454 0.000000
0.335242 0.168317 0.170111 0.000000
0.372949 0.472371 0.119883 0.000000
0.262112 -1.043064 0.252428 0.000000
0.345997 -0.324344 0.196065 0.000000
0.497668 -0.054119 0.112539 0.000000
0.298274 -0.016730 0.170962 0.000000
0.340800 -0.477991 0.197366 0.000000
0.463635 0.102181 0.126213 0.000000
0.369013 0.059186 0.201928 0.000000
0.302314 0.006214 0.166751 0.000000
0.331229 -0.088724 0.188126 0.000000
0.516084 -0.079966 0.155023 0.000000
0.329424 -0.452070 0.197652 0.000000
0.453944 0.125346 0.128486 0.000000
0.367180 -0.573126 0.299618 0.000000
0.514142 -1.164952 0.142980 1.000000
0.299219 -1.068672 0.212306 0.000000
0.325173 -0.526271 0.192018 0.000000
0.471042 -1.074529 0.161897 1.000000
0.200350 -0.197645 -0.036652 0.000000
0.154726 -0.285708 0.167386 0.000000
0.315090 0.024436 0.164135 0.000000
0.483253 -0.115264 0.046849 0.000000
0.337893 0.349391 0.115096 0.000000
0.308884 -0.049008 0.026592 0.000000
0.284000 -0.970984 0.238144 0.000000
0.331436 -0.487851 0.200649 0.000000
0.326293 -0.544395 0.196872 0.000000
0.321289 -1.081570 0.236385 0.000000
0.478085 -0.013568 0.108620 0.000000
0.267104 -1.027246 0.242660 0.000000
0.328905 0.232135 0.102420 0.000000
0.443310 -1.021691 0.196741 1.000000
0.328223 -0.749847 0.207985 0.000000
0.332865 0.390189 0.133482 0.000000
0.242874 -0.035485 0.345616 0.000000
0.352953 0.353810 0.158828 0.000000
0.375442 -0.936343 0.204107 1.000000
0.327073 0.119871 0.167331 0.000000
0.333325 -0.370822 0.194358 0.000000
0.067456 -0.387869 0.171629 0.000000
0.354834 0.105903 0.154595 0.000000
0.351257 -0.891314 0.216425 1.000000
-0.039371 -0.493928 0.155838 0.000000
0.388798 0.076869 0.039041 0.000000
0.400217 0.137299 0.222983 0.000000
0.329726 0.128191 0.254110 0.000000
0.344693 0.226492 0.103367 0.000000
0.190253 -0.184015 0.461980 0.000000
0.329347 -0.043761 0.181631 0.000000
0.327882 0.330662 0.111427 0.000000
0.326352 -0.107862 0.184813 0.000000
0.386030 -0.782365 0.394377 0.000000
0.302507 -0.964955 0.208180 0.000000
-0.080735 -0.543520 0.131970 0.000000
0.615035 -1.327521 0.117296 1.000000
0.396962 -0.963254 0.205853 1.000000
0.359145 -0.546070 0.273022 0.000000
0.309016 -0.880072 0.220480 0.000000
0.271584 -0.079909 0.159225 0.000000
0.162531 -0.210532 -0.037732 0.000000
0.423299 -0.009329 0.303765 0.000000
0.360480 -0.626388 0.310228 0.000000
0.319653 -0.306226 0.198132 0.000000
0.312944 0.104575 0.250859 0.000000
0.476470 -0.079221 0.189811 0.000000
0.250100 -0.129539 0.165936 0.000000
0.337773 -0.294684 0.194422 0.000000
0.331452 -0.635452 0.200492 0.000000
0.276924 -0.129125 0.019760 0.000000
0.392615 0.093949 0.227514 0.000000
0.490005 -0.007131 0.131436 0.000000
0.336318 -0.534345 0.194172 0.000000
0.419749 -0.129391 0.248902 0.000000
0.127095 -0.287422 0.167527 0.000000
0.255228 -0.102936 0.155791 0.000000
0.315252 -1.082065 0.230322 0.000000
0.225479 -0.187867 0.163324 0.000000
0.379998 -0.795159 0.398123 0.000000
0.360768 0.424186 0.120995 0.000000
0.482050 -0.100270 0.184329 0.000000
0.348428 0.239278 0.096639 0.000000
0.339050 -0.325499 0.209031 0.000000
0.323183 0.086368 0.069656 0.000000
0.275490 -0.127950 0.009101 0.000000
0.385327 0.022976 0.241253 0.000000
0.565612 -1.227588 0.139670 1.000000
0.328186 -0.417065 0.199793 0.000000
0.326604 0.085512 0.178896 0.000000
0.547848 -0.117553 0.122312 0.000000
0.342762 0.339640 0.163492 0.000000
0.328791 0.226219 0.110003 0.000000
0.400644 -0.189978 0.287111 0.000000
0.403242 0.200888 0.122869 0.000000
0.449925 0.012063 0.187714 0.000000
0.333305 -0.354284 0.191799 0.000000
0.486453 -0.018576 0.142714 0.000000
0.344379 -0.769751 0.204199 0.000000
0.302031 -1.016105 0.216112 0.000000
0.323067 0.203213 0.112687 0.000000
0.383134 -0.938308 0.198747 1.000000
0.292944 -0.910552 0.230954 0.000000
0.429788 0.083522 0.085342 0.000000
0.439066 -0.009130 0.066694 0.000000
0.126502 -0.224879 -0.045120 0.000000
0.348120 -0.447087 0.247966 0.000000
0.101453 -0.241308 -0.047754 0.000000
0.254190 -0.114943 0.168703 0.000000
0.341099 -0.733111 0.199915 0.000000
0.470202 -0.092943 0.053193 0.000000
0.398584 0.255248 0.110261 0.000000
0.491758 -0.065661 0.108760 0.000000
0.329782 -0.559317 0.205373 0.000000
0.239642 -0.043203 0.351410 0.000000
0.331941 0.243368 0.159033 0.000000
0.521143 -0.120957 0.149789 0.000000
0.307882 -0.904514 0.239067 0.000000
0.311945 0.004258 0.052814 0.000000
0.342537 -0.891154 0.229003 0.000000
0.364194 -0.557587 0.284364 0.000000
0.300112 -1.000247 0.207923 0.000000
0.328496 -0.460744 0.196484 0.000000
0.344946 -0.598153 0.192859 0.000000
0.496481 -1.123667 0.152689 1.000000
0.552812 -1.199387 0.146210 1.000000
0.331750 0.316126 0.107072 0.000000
0.325240 -1.035390 0.227619 0.000000
0.314876 -0.906988 0.206461 0.000000
0.432921 0.130074 0.174753 0.000000
0.333472 -0.436979 0.196168 0.000000
0.355222 -0.512225 0.270811 0.000000
0.442220 -1.042072 0.171907 1.000000
0.509841 -0.191397 -0.012738 0.000000
0.357881 0.079380 0.182276 0.000000
0.328415 -0.151814 0.187766 0.000000
0.346010 -0.636057 0.205190 0.000000
0.336529 -0.549610 0.201661 0.000000
0.439347 0.023498 0.194049 0.000000
0.296356 -1.001208 0.223211 0.000000
0.214579 -0.088462 0.382735 0.000000
0.537193 -1.187784 0.146172 1.000000
0.337707 -0.714282 0.213566 0.000000
0.408954 -0.179674 0.279531 0.000000
0.383143 0.304640 0.120895 0.000000
0.009493 -0.454170 0.159459 0.000000
0.311358 -0.933498 0.225600 0.000000
0.431106 0.039707 0.078598 0.000000
-0.035812 -0.502207 0.141310 0.000000
-0.070382 -0.528006 0.143343 0.000000
0.451407 -0.018728 0.339452 0.000000
0.312520 -0.019570 0.042609 0.000000
0.480075 -0.086654 0.189051 0.000000
0.356138 -0.437724 0.239042 0.000000
0.344071 -0.676673 0.205158 0.000000
0.395063 -0.934441 0.511597 0.000000
0.324213 -0.096556 0.181169 0.000000
0.398627 0.339085 0.122215 0.000000
0.343506 0.212795 0.199026 0.000000
0.462570 0.066645 0.135130 0.000000
0.340473 -0.724633 0.213939 0.000000
0.398405 0.248706 0.166646 0.000000
0.403319 0.185945 0.124321 0.000000
0.340345 -0.441284 0.190447 0.000000
0.342511 0.328621 0.155253 0.000000
0.258196 0.007603 0.310547 0.000000
0.321860 -0.315710 0.215335 0.000000
0.331062 0.204681 0.166034 0.000000
0.499875 -0.263668 -0.070804 0.000000
0.328696 -0.168936 0.189431 0.000000
0.416293 -0.969015 0.576941 0.000000
0.332079 -0.638172 0.210743 0.000000
0.398404 0.218219 0.208369 0.000000
0.318585 0.120141 0.241321 0.000000
0.340976 0.295148 0.165225 0.000000
0.434677 -0.982163 0.603637 0.000000
0.338814 -0.831575 0.226015 0.000000
0.379573 -0.860751 0.434263 0.000000
0.494323 -1.114235 0.168201 1.000000
0.229448 -0.183958 -0.021310 0.000000
0.475923 -1.085857 0.172748 1.000000
0.322766 -0.032300 0.179192 0.000000
0.390280 0.043907 0.021496 0.000000
0.464116 -1.064301 0.167253 1.000000
0.369192 -0.585478 0.304895 0.000000
0.180932 -0.205887 -0.041292 0.000000
0.413759 0.207955 0.110690 0.000000
0.488451 -0.123261 0.174721 0.000000
0.312421 -0.030449 0.035100 0.000000
0.435601 -0.074878 0.230136 0.000000
0.378435 -0.622432 0.329118 0.000000
0.324052 -0.580531 0.199402 0.000000
0.310670 -0.854528 0.218250 0.000000
0.314132 -0.964629 0.222445 0.000000
0.385809 0.017331 0.247854 0.000000
0.263617 0.030792 0.299982 0.000000
0.300953 0.068641 0.275312 0.000000
0.477431 -0.000309 0.142326 0.000000
0.319606 0.308104 0.109958 0.000000
0.307972 -0.939974 0.212839 0.000000
0.340660 0.366929 0.115591 0.000000
0.339527 0.164715 0.086226 0.000000
0.345860 0.244291 0.194785 0.000000
0.323211 -0.872646 0.217725 0.000000
0.530440 -0.244127 0.176367 0.000000
0.514076 -0.098972 0.142285 0.000000
0.332082 -0.498793 0.189915 0.000000
0.379395 0.406340 0.144457 0.000000
0.315760 0.089664 0.271280 0.000000
0.337653 -0.741392 0.198534 0.000000
0.047729 -0.405042 0.171121 0.000000
0.318786 -0.894345 0.211423 0.000000
0.174638 -0.265553 0.173513 0.000000
0.225640 -0.065709 0.369876 0.000000
0.417640 -0.999438 0.200918 1.000000
0.350205 -0.465961 0.271473 0.000000
0.212578 -0.114013 0.390103 0.000000
0.436988 0.093290 0.122717 0.000000
0.387250 -0.835159 0.421449 0.000000
0.358720 -0.900052 0.225441 1.000000
0.277440 -1.049564 0.251544 0.000000
0.368083 -0.721923 0.358099 0.000000
0.330109 -0.789165 0.204350 0.000000
0.400252 -0.780503 0.397824 0.000000
0.247900 -0.050583 0.353014 0.000000
0.415704 -0.169175 0.270404 0.000000
0.392962 0.326151 0.147586 0.000000
0.389471 0.022918 0.257472 0.000000
0.594245 -1.304500 0.117529 1.000000
0.176658 -0.248872 0.161772 0.000000
0.324161 -0.258781 0.194013 0.000000
0.323541 0.292035 0.106395 0.000000
0.281608 0.022242 0.308180 0.000000
0.269858 -1.052522 0.242251 0.000000
0.434110 0.072434 0.183969 0.000000
0.267807 -1.061442 0.264682 0.000000
0.280272 0.047952 0.289014 0.000000
-0.054795 -0.511843 0.150760 0.000000
0.129355 -0.307235 0.170521 0.000000
0.420532 -0.965220 0.565349 0.000000
0.287359 -0.935356 0.235138 0.000000
0.314151 -0.886054 0.237729 0.000000
0.437727 0.082556 0.189184 0.000000
0.374619 0.382637 0.113212 0.000000
0.324614 -0.226418 0.185448 0.000000
0.334945 0.196311 0.158748 0.000000
0.357348 -0.494596 0.264770 0.000000
0.383271 0.405313 0.155114 0.000000
0.341346 -0.443275 0.182719 0.000000
0.318494 -0.875448 0.204714 0.000000
0.329357 -0.865251 0.220579 0.000000
0.194490 -0.170343 0.448345 0.000000
0.363256 -0.898890 0.203877 1.000000
0.395701 0.275016 0.192108 0.000000
0.302029 -1.016748 0.207957 0.000000
0.328599 -0.113352 0.190647 0.000000
0.342001 0.221930 0.210400 0.000000
0.399168 0.203751 0.094572 0.000000
0.392737 0.019666 0.270953 0.000000
0.290052 -1.058947 0.254696 0.000000
0.424151 0.224417 0.129226 0.000000
0.331459 0.144345 0.242171 0.000000
0.022254 -0.430549 0.169347 0.000000
0.315378 0.060409 0.066253 0.000000
0.439635 -0.018988 0.207021 0.000000
0.407224 0.230126 0.171002 0.000000
0.350475 0.408082 0.155816 0.000000
0.303240 0.000248 0.155567 0.000000
0.325181 -0.989315 0.228700 0.000000
0.327756 0.053945 0.181466 0.000000
0.312021 -0.912634 0.239174 0.000000
0.292241 -1.097848 0.245463 0.000000
0.325361 0.256832 0.102675 0.000000
0.336339 -0.815216 0.217439 0.000000
0.357943 -0.518241 0.276948 0.000000
0.437204 -0.988747 0.607215 0.000000
0.276957 -0.058662 0.170361 0.000000
0.377563 0.442523 0.128896 0.000000
0.271901 -1.064110 0.254256 0.000000
0.236444 -0.065143 0.363499 0.000000
0.328859 -0.647923 0.208519 0.000000
0.327984 0.011162 0.178889 0.000000
0.322572 -0.021378 0.185481 0.000000
0.345814 0.354232 0.155850 0.000000
0.413752 -0.955684 0.535398 0.000000
0.413720 0.155210 0.095877 0.000000
0.341398 0.325859 0.105822 0.000000
0.342658 0.387377 0.157043 0.000000
0.344416 0.218323 0.089083 0.000000
0.485911 -0.034469 0.368017 0.000000
0.394444 0.159698 0.076158 0.000000
0.386869 0.302559 0.158817 0.000000
0.202051 -0.143292 0.415608 0.000000
0.374189 0.481077 0.133390 0.000000
0.370948 -0.050822 -0.026449 0.000000
0.271988 -1.040874 0.262742 0.000000
0.501911 -0.057550 0.145439 0.000000
0.046723 -0.419185 0.165053 0.000000
0.199018 -0.165569 0.443374 0.000000
0.327141 0.160213 0.123693 0.000000
0.524288 -0.188794 0.157327 0.000000
0.414827 0.192744 0.106846 0.000000
0.384231 -0.823989 0.414629 0.000000
0.326653 0.356610 0.121850 0.000000
0.431767 0.048330 0.083574 0.000000
0.456592 -1.061759 0.172172 1.000000
0.272294 -1.087369 0.259002 0.000000
0.411167 0.003930 0.305594 0.000000
0.331082 -0.264895 0.194950 0.000000
0.376732 -0.586670 0.317628 0.000000
0.337099 -0.229448 0.188342 0.000000
0.439970 -1.026614 0.187869 1.000000
0.381257 -0.025289 -0.013440 0.000000
0.493440 -0.072487 0.116217 0.000000
0.382366 0.473404 0.125227 0.000000
0.463289 -0.061053 0.193724 0.000000
0.335632 -0.306274 0.201294 0.000000
0.032450 -0.425507 0.164493 0.000000
0.243639 -0.012877 0.330464 0.000000
0.296656 -1.052399 0.242441 0.000000
0.349192 -0.394476 0.233226 0.000000
0.394323 0.266669 0.115412 0.000000
0.366982 0.426175 0.113287 0.000000
0.343797 -0.835659 0.206764 0.000000
0.530911 -0.151230 0.161359 0.000000
0.275024 -1.087718 0.283066 0.000000
0.324620 0.131241 0.240283 0.000000
0.299680 -0.891457 0.219776 0.000000
0.337605 -0.422042 0.202508 0.000000
0.255096 -0.060991 0.355648 0.000000
0.262790 -1.044873 0.234185 0.000000
-0.023016 -0.491147 0.143040 0.000000
0.320620 -1.026150 0.228657 0.000000
0.346285 -0.425664 0.235207 0.000000
0.201616 -0.208205 0.157517 0.000000
0.411139 0.155876 0.190833 0.000000
0.288289 -0.920564 0.226865 0.000000
0.296201 -0.094297 0.019954 0.000000
0.353117 -0.904460 0.208455 1.000000
0.361490 -0.543999 0.283729 0.000000
0.376322 0.370288 0.116177 0.000000
0.347870 0.280114 0.178882 0.000000
0.110891 -0.339841 0.170899 0.000000
0.378273 -0.033431 -0.021630 0.000000
0.452982 -0.028538 0.071611 0.000000
0.411386 -0.964057 0.571873 0.000000
0.329487 -0.142204 0.188373 0.000000
0.443671 -0.979753 0.598752 0.000000
0.356563 0.078863 0.170861 0.000000
0.328531 -0.617277 0.197705 0.000000
0.444825 -0.005264 0.216261 0.000000
0.372374 -0.032751 0.264812 0.000000
0.514367 -0.178934 0.142056 0.000000
0.293088 0.051370 0.283652 0.000000
0.453234 -0.013472 0.187760 0.000000
0.282686 -0.118033 0.009604 0.000000
0.393445 0.190114 0.093648 0.000000
0.374210 -0.873051 0.440010 0.000000
0.424520 -1.003850 0.191056 1.000000
0.343156 0.240257 0.201547 0.000000
0.302674 -0.942817 0.238678 0.000000
0.388500 0.036305 0.238723 0.000000
0.445474 -1.036590 0.184240 1.000000
0.491142 -0.049833 0.106250 0.000000
0.514630 -0.099410 0.113059 0.000000
0.329768 0.145711 0.131324 0.000000
0.333362 0.084343 0.173640 0.000000
0.328530 -0.242236 0.187240 0.000000
0.341338 -0.741342 0.212491 0.000000
0.282750 0.016254 0.312719 0.000000
0.256465 -1.029266 0.240287 0.000000
0.336019 0.163299 0.246730 0.000000
0.383918 -0.711662 0.368451 0.000000
0.531588 -0.213600 0.122596 0.000000
0.322147 0.039120 0.171483 0.000000
0.358475 -0.586763 0.296059 0.000000
0.522910 -1.174600 0.142151 1.000000
0.330794 0.153238 0.230980 0.000000
0.342068 -0.575596 0.196539 0.000000
0.374535 -0.730680 0.365304 0.000000
0.279673 -0.966690 0.226804 0.000000
0.177531 -0.212119 -0.035988 0.000000
0.261861 -0.093063 0.176796 0.000000
0.607572 -1.300943 0.118056 1.000000
0.331958 0.170549 0.217350 0.000000
0.403860 0.240270 0.109216 0.000000
0.532387 -1.211088 0.133228 1.000000
0.292437 -1.095548 0.231188 0.000000
0.298656 -0.917763 0.235117 0.000000
0.429915 -1.015000 0.179560 1.000000
0.638458 -0.167290 0.098103 0.000000
0.358128 -0.427820 0.242167 0.000000
0.335768 -0.834949 0.216395 0.000000
0.330115 -0.577582 0.195700 0.000000
0.396736 -0.886638 0.456324 0.000000
0.366927 -0.919666 0.180900 1.000000
0.581090 -1.258871 0.127871 1.000000
0.348743 0.293873 0.179722 0.000000
0.344483 0.287755 0.182731 0.000000
0.335915 0.342350 0.113129 0.000000
0.292765 -0.059662 0.045004 0.000000
-0.058609 -0.528883 0.128676 0.000000
0.379427 0.422136 0.131758 0.000000
0.310396 0.015320 0.177136 0.000000
0.344097 -0.373594 0.226980 0.000000
0.319470 0.132282 0.228437 0.000000
0.305454 0.061166 0.292498 0.000000
0.468738 -0.078160 0.058868 0.000000
0.474346 0.025357 0.139598 0.000000
0.428889 0.147114 0.121413 0.000000
0.390617 -0.873225 0.444808 0.000000
0.369126 -0.563163 0.302693 0.000000
0.441173 -0.041066 0.220177 0.000000
0.440406 -1.025486 0.172313 1.000000
0.312882 -1.064902 0.237628 0.000000
0.556631 -1.233435 0.132489 1.000000
0.469537 -0.010613 0.115089 0.000000
0.271541 -1.050003 0.271577 0.000000
0.344820 -0.568432 0.195088 0.000000
0.406867 0.320372 0.155438 0.000000
0.378712 -0.773388 0.386452 0.000000
0.432600 0.110457 0.124381 0.000000
0.340544 -0.698906 0.212024 0.000000
0.326134 0.143533 0.229410 0.000000
0.275926 -1.073547 0.240530 0.000000
0.501760 -1.116162 0.164596 1.000000
0.297423 -1.016883 0.229533 0.000000
0.302601 -1.039832 0.221831 0.000000
0.538844 -1.207300 0.139923 1.000000
0.298577 -1.037284 0.215570 0.000000
0.350282 0.087838 0.176051 0.000000
0.417335 -1.009760 0.173582 1.000000
0.325425 -0.286850 0.193758 0.000000
0.161998 -0.251694 0.159731 0.000000
0.337714 -0.808269 0.220291 0.000000
-0.074025 -0.534587 0.143101 0.000000
0.306197 -1.010178 0.225650 0.000000
0.337295 -0.211817 0.196978 0.000000
0.242165 -0.141115 0.161298 0.000000
0.194795 -0.157425 0.437161 0.000000
0.389365 -0.952374 0.218005 1.000000
0.405711 -0.817424 0.416917 0.000000
0.362338 -0.671874 0.334841 0.000000
0.463584 0.006005 0.115416 0.000000
0.349743 0.476571 0.147803 0.000000
0.420231 -1.003915 0.177834 1.000000
0.340948 0.310456 0.173114 0.000000
0.347081 0.458916 0.148287 0.000000
0.522099 -1.138170 0.159453 1.000000
0.411928 -0.000489 0.291098 0.000000
0.348148 -0.684644 0.200297 0.000000
0.396264 0.317515 0.124396 0.000000
0.524122 -0.147715 0.148255 0.000000
0.264818 -0.086960 0.170720 0.000000
0.356652 0.439984 0.153895 0.000000
0.278508 -0.996585 0.238306 0.000000
0.092340 -0.348636 0.173684 0.000000
0.496517 -0.032050 0.136619 0.000000
0.341368 0.265934 0.195735 0.000000
0.352217 0.419988 0.158505 0.000000
0.430626 0.108802 0.089238 0.000000
0.292626 -1.069798 0.229570 0.000000
0.360263 0.296646 0.109697 0.000000
0.349738 -0.352901 0.214943 0.000000
0.463437 -1.064953 0.183838 1.000000
0.469227 0.040204 0.140109 0.000000
0.591215 -1.267132 0.127143 1.000000
0.336757 0.076042 0.071279 0.000000
0.344384 -0.825443 0.207560 0.000000
0.339628 -0.694482 0.200631 0.000000
0.334771 0.397579 0.129765 0.000000
0.426704 -1.012145 0.187499 1.000000
0.443025 -0.069356 0.231242 0.000000
0.383790 0.418689 0.149477 0.000000
0.399763 -0.968805 0.188886 1.000000
0.316620 -0.915353 0.226949 0.000000
0.503706 -1.129597 0.164714 1.000000
0.353394 0.259337 0.105978 0.000000
0.475976 -1.066063 0.176867 1.000000
0.295979 -1.055867 0.212194 0.000000
0.339400 0.236380 0.097497 0.000000
0.268086 -1.079994 0.265509 0.000000
0.327533 -0.193770 0.180786 0.000000
0.349251 0.098232 0.161369 0.000000
-0.018108 -0.475775 0.158409 0.000000
0.512623 -0.205490 -0.017300 0.000000
0.397576 0.289869 0.161093 0.000000
0.336919 0.173153 0.225296 0.000000
0.589577 -0.048791 0.452045 0.000000
0.327110 -0.316395 0.194399 0.000000
0.320832 0.117289 0.248901 0.000000
0.355785 -0.411630 0.232038 0.000000
0.235385 -0.072902 0.367448 0.000000
0.295966 -0.067449 0.037076 0.000000
0.240637 -0.153032 0.166101 0.000000
0.334108 0.263324 0.171183 0.000000
0.329837 -0.762642 0.204969 0.000000
0.382032 -0.917520 0.491157 0.000000
0.303993 0.088237 0.259462 0.000000
0.313235 -1.122517 0.239633 0.000000
0.397450 0.334352 0.154893 0.000000
0.381194 -0.888858 0.458787 0.000000
0.334820 -0.186383 0.191937 0.000000
0.431327 0.071503 0.081725 0.000000
0.338875 -0.750725 0.210763 0.000000
0.330506 -0.890701 0.209721 0.000000
0.343807 0.177813 0.092724 0.000000
0.385235 0.432131 0.130311 0.000000
0.363601 -0.500181 0.291686 0.000000
0.488127 -1.097580 0.162496 1.000000
0.396492 -0.826338 0.420240 0.000000
0.403410 0.225261 0.102701 0.000000
0.557527 -1.247619 0.127943 1.000000
0.489579 -0.132652 0.169981 0.000000
0.346601 0.252841 0.191951 0.000000
0.036118 -0.432376 0.167412 0.000000
0.448288 0.117367 0.128854 0.000000
-0.097665 -0.567340 0.123802 0.000000
0.402560 0.271657 0.167279 0.000000
0.400665 -0.930534 0.497393 0.000000
0.339238 -0.398278 0.254737 0.000000
-0.014314 -0.483420 0.145925 0.000000
0.413205 0.243303 0.127706 0.000000
0.211556 -0.205739 0.160989 0.000000
0.380274 -0.035536 0.263929 0.000000
0.305463 -0.035665 0.042522 0.000000
0.397850 0.373169 0.153506 0.000000
0.481865 -0.006235 0.142671 0.000000
0.396330 0.146294 0.076978 0.000000
0.346903 -0.425678 0.256309 0.000000
0.116002 -0.227988 -0.048170 0.000000
0.326678 0.101200 0.172292 0.000000
0.496586 -1.129561 0.166744 1.000000
0.367687 0.338594 0.117368 0.000000
0.348012 0.360059 0.161848 0.000000
0.295224 -0.019260 0.160213 0.000000
0.392285 -0.906970 0.468133 0.000000
0.442682 -0.026723 0.215941 0.000000
0.414284 -0.958539 0.566091 0.000000
0.288421 -0.097933 0.031511 0.000000
0.457054 -0.073298 0.055906 0.000000
0.201967 -0.218468 0.161474 0.000000
0.307169 -0.948240 0.226677 0.000000
0.516603 -1.171587 0.148398 1.000000
0.323450 -0.323479 0.208231 0.000000
0.398432 0.080125 0.237310 0.000000
0.326939 -0.304249 0.198552 0.000000
0.313096 -0.860802 0.215176 0.000000
0.286606 -1.068094 0.258264 0.000000
0.242632 -0.078306 0.367371 0.000000
0.335202 -0.658268 0.202105 0.000000
-0.079298 -0.547970 0.139846 0.000000
0.388545 0.387125 0.145278 0.000000
0.334154 0.221204 0.169002 0.000000
0.344399 0.307570 0.164918 0.000000
0.553623 -1.227590 0.136627 1.000000
0.333687 -0.334177 0.193202 0.000000
0.142421 -0.276937 0.164610 0.000000
0.508633 -0.157940 0.160250 0.000000
0.434367 -0.082698 0.233057 0.000000
0.395833 0.379172 0.160907 0.000000
0.320144 -0.244248 0.193897 0.000000
0.429710 0.056312 0.084457 0.000000
0.368726 0.386575 0.116340 0.000000
0.271805 -1.050767 0.263191 0.000000
0.334531 -0.029722 0.180133 0.000000
0.465713 -0.083394 0.183309 0.000000
0.298005 -0.980989 0.229151 0.000000
0.373188 0.043869 0.230243 0.000000
-0.094669 -0.558080 0.127113 0.000000
0.333877 0.357922 0.123521 0.000000
0.347753 -0.756446 0.210932 0.000000
0.325803 -0.420570 0.185060 0.000000
0.373551 -0.028287 -0.025518 0.000000
0.392254 0.313302 0.131604 0.000000
0.160365 -0.216741 -0.041036 0.000000
0.411419 0.175087 0.103846 0.000000
0.562199 -0.045251 0.429881 0.000000
0.333208 0.185178 0.163800 0.000000
0.315786 -0.987446 0.227239 0.000000
0.277421 0.053736 0.280647 0.000000
0.375473 -0.042353 0.265571 0.000000
0.327194 -0.434994 0.192009 0.000000
0.444906 0.072689 0.120778 0.000000
0.518876 -0.094874 0.116988 0.000000
0.360809 -0.543404 0.297263 0.000000
0.287015 -0.947663 0.243346 0.000000
0.497354 -0.062034 0.112490 0.000000
0.382540 -0.024377 0.252771 0.000000
0.390748 0.351165 0.159536 0.000000
0.189184 -0.200498 0.144881 0.000000
0.507838 -0.073087 0.147264 0.000000
0.355946 -0.532811 0.278329 0.000000
0.462535 -0.065045 0.060908 0.000000
0.276224 -0.059052 0.152420 0.000000
0.179771 -0.263708 0.569252 0.000000
0.225992 -0.043089 0.357386 0.000000
0.302779 0.096409 0.248330 0.000000
0.297516 -0.065306 0.044400 0.000000
0.395958 0.128900 0.067670 0.000000
0.396899 0.173010 0.081855 0.000000
0.456165 0.027619 0.117176 0.000000
0.197304 -0.178517 0.449867 0.000000
0.428664 0.094619 0.197785 0.000000
0.308048 -1.081333 0.239144 0.000000
0.269555 -0.152867 0.005439 0.000000
0.104797 -0.357060 0.173707 0.000000
0.398513 0.182415 0.217576 0.000000
0.331576 -0.669536 0.201687 0.000000
0.474366 -0.083959 0.058228 0.000000
0.402825 -0.936934 0.505173 0.000000
0.618767 -0.165589 0.103775 0.000000
0.529434 -0.210549 0.163926 0.000000
0.509000 -0.175808 -0.000224 0.000000
0.336971 -0.306177 0.190615 0.000000
0.419906 -0.996104 0.172243 1.000000
0.200651 -0.190296 0.145274 0.000000
-0.043787 -0.511114 0.137626 0.000000
0.404810 0.189619 0.209311 0.000000
-0.022224 -0.482178 0.155039 0.000000
0.346460 0.139084 0.131547 0.000000
0.436663 0.144616 0.126146 0.000000
0.466452 0.026773 0.143436 0.000000
0.330316 -0.441867 0.189050 0.000000
0.270205 -0.064973 0.169235 0.000000
0.122534 -0.317285 0.170083 0.000000
0.318141 0.029217 0.179549 0.000000
0.327514 -0.606748 0.201456 0.000000
0.307572 -1.030715 0.230716 0.000000
0.276959 0.032546 0.300175 0.000000
0.395143 0.219111 0.095703 0.000000
0.472220 -1.076785 0.171948 1.000000
0.371646 -0.649881 0.332070 0.000000
-0.003866 -0.458412 0.165720 0.000000
0.398552 -0.206200 0.305073 0.000000
0.331858 -0.280192 0.195850 0.000000
0.358600 -0.494458 0.253368 0.000000
0.369895 0.424467 0.123961 0.000000
0.156424 -0.278502 0.166430 0.000000
0.332448 -0.856413 0.209721 0.000000
0.270933 -1.090826 0.241132 0.000000
0.381480 -0.628975 0.334415 0.000000
0.336194 -0.393597 0.181694 0.000000
0.423099 0.095461 0.092607 0.000000
0.280800 -1.078549 0.243880 0.000000
0.408591 0.313333 0.154799 0.000000
0.437227 0.020592 0.209634 0.000000
0.356441 -0.376337 0.219513 0.000000
0.444086 0.152775 0.127538 0.000000
0.397818 0.259904 0.196581 0.000000
0.341154 0.208370 0.217617 0.000000
0.338263 -0.387367 0.244851 0.000000
0.503608 -1.140551 0.155880 1.000000
0.191142 -0.201968 0.479636 0.000000
0.295245 -0.028062 0.049939 0.000000
0.334415 0.152192 0.127839 0.000000
0.338569 0.240920 0.164239 0.000000
0.507773 -0.160753 0.011052 0.000000
0.342974 0.192462 0.092823 0.000000
0.476362 -1.078789 0.159387 1.000000
0.308297 -1.038499 0.226361 0.000000
0.333045 -0.334565 0.219616 0.000000
0.259285 -0.012673 0.331301 0.000000
0.300451 -0.893600 0.230316 0.000000
0.359588 -0.451969 0.240193 0.000000
0.430964 -0.113285 0.238661 0.000000
0.579640 -1.278551 0.121503 1.000000
0.242714 -0.122491 0.143039 0.000000
0.322232 0.112493 0.172544 0.000000
0.593134 -1.276339 0.122812 1.000000
0.312408 0.020889 0.169864 0.000000
0.186880 -0.250249 0.546497 0.000000
0.317815 0.044403 0.061977 0.000000
0.353243 -0.901345 0.190678 1.000000
0.393263 0.284077 0.117797 0.000000
0.334360 -0.539875 0.202243 0.000000
0.319761 -0.976846 0.234216 0.000000
0.459973 -1.069912 0.178051 1.000000
0.325532 -0.939306 0.224722 0.000000
0.005068 -0.449954 0.165775 0.000000
0.306524 -1.005941 0.208988 0.000000
0.420968 -0.989614 0.210334 1.000000
0.402944 0.323989 0.124079 0.000000
0.337572 -0.590347 0.203469 0.000000
0.392554 0.131874 0.225658 0.000000
0.231462 -0.188838 0.169145 0.000000
0.335926 -0.840930 0.221730 0.000000
0.253666 -1.059937 0.240529 0.000000
0.363940 -0.638475 0.317665 0.000000
0.592349 -0.152546 0.109591 0.000000
0.522163 -0.135269 0.144859 0.000000
0.537708 -1.194626 0.143897 1.000000
0.194015 -0.192734 0.466411 0.000000
0.419566 0.131107 0.093946 0.000000
0.407112 -0.958107 0.551542 0.000000
0.387323 -0.865931 0.438656 0.000000
0.456156 0.059367 0.115648 0.000000
0.403876 0.008470 0.295291 0.000000
-0.117464 -0.581582 0.131244 0.000000
0.333993 0.162186 0.229238 0.000000
0.441011 0.129931 0.127623 0.000000
0.290407 -0.029036 0.165363 0.000000
0.387639 0.286169 0.128859 0.000000
0.348639 -0.882187 0.206584 1.000000
0.250352 -0.027727 0.341176 0.000000
0.332263 -0.372129 0.231039 0.000000
0.076693 -0.356913 0.177320 0.000000
0.390907 0.138104 0.063728 0.000000
0.184822 -0.265250 0.168301 0.000000
0.332419 -0.847865 0.221473 0.000000
0.390102 0.397385 0.156154 0.000000
0.398884 0.098539 0.228222 0.000000
0.367742 0.476441 0.115846 0.000000
0.272950 -1.046849 0.246604 0.000000
0.324776 -0.925291 0.217942 0.000000
0.425704 0.143430 0.179642 0.000000
0.334259 -0.132221 0.185886 0.000000
0.333905 -0.464139 0.193152 0.000000
0.491856 -1.121799 0.158637 1.000000
0.355196 -0.448418 0.248143 0.000000
0.121409 -0.302488 0.171021 0.000000
0.448494 0.022031 0.187474 0.000000
0.442030 -1.030120 0.179283 1.000000
0.410344 0.184929 0.125527 0.000000
0.456207 -0.018199 0.344786 0.000000
0.335303 -0.100442 0.184590 0.000000
0.323134 -0.889844 0.233542 0.000000
0.365068 0.442729 0.121175 0.000000
0.368747 -0.728889 0.361437 0.000000
0.326428 -0.175493 0.194764 0.000000
0.507748 -0.258923 -0.059622 0.000000
0.396014 0.098629 0.047573 0.000000
0.326697 -0.078211 0.182086 0.000000
0.399314 0.121229 0.225022 0.000000
0.398897 0.302230 0.126561 0.000000
0.622553 -1.328438 0.111131 1.000000
0.335699 -0.563272 0.204423 0.000000
0.331371 0.232603 0.159116 0.000000
0.357146 -0.471502 0.247933 0.000000
0.329336 0.111734 0.173201 0.000000
0.544586 -1.225714 0.133990 1.000000
0.300216 -1.031387 0.206206 0.000000
0.337912 -0.547394 0.193076 0.000000
0.481869 -0.036459 0.112380 0.000000
0.043917 -0.403279 0.179895 0.000000
0.327518 0.092863 0.171542 0.000000
0.397244 0.402318 0.145399 0.000000
0.322307 -0.146071 0.182657 0.000000
0.328071 -0.063099 0.181804 0.000000
0.278841 -0.953631 0.236305 0.000000
0.387531 -0.947826 0.206977 1.000000
0.008588 -0.461436 0.154378 0.000000
0.347440 -0.426488 0.245501 0.000000
0.448372 0.141654 0.127836 0.000000
0.413062 0.217958 0.170799 0.000000
0.332712 -0.753665 0.214023 0.000000
-0.086164 -0.549213 0.128133 0.000000
0.328260 -0.325625 0.189985 0.000000
0.399529 0.062448 0.033759 0.000000
0.318251 -0.856339 0.227230 0.000000
0.412320 0.199027 0.123356 0.000000
0.196616 -0.127263 0.415329 0.000000
0.331411 -0.152451 0.196010 0.000000
0.408288 0.186521 0.182660 0.000000
0.340745 -0.347787 0.192419 0.000000
0.399448 0.312968 0.165925 0.000000
0.385964 0.362039 0.140896 0.000000
0.356033 -0.904421 0.178267 1.000000
0.320627 -0.841961 0.219147 0.000000
0.501042 -0.072826 0.117397 0.000000
0.388346 -0.700795 0.364778 0.000000
0.436137 0.061029 0.194985 0.000000
0.326452 -0.595829 0.199239 0.000000
0.222494 -0.095740 0.383829 0.000000
0.332439 -0.819474 0.213259 0.000000
0.541280 -1.214842 0.136657 1.000000
0.436073 0.123385 0.126392 0.000000
0.447031 -0.019180 0.067305 0.000000
0.532839 -0.196160 0.163033 0.000000
0.523800 -0.133138 0.152264 0.000000
0.360580 -0.533849 0.295421 0.000000
0.336898 -0.514055 0.192180 0.000000
0.337143 -0.251825 0.194011 0.000000
0.395031 0.126447 0.060632 0.000000
0.234921 -0.149689 0.153365 0.000000
0.267025 0.020155 0.308039 0.000000
0.518153 -0.093015 0.155792 0.000000
0.432762 -0.976622 0.578742 0.000000
0.335549 -0.855303 0.222553 0.000000
0.430348 0.160664 0.123444 0.000000
0.364228 0.461672 0.120845 0.000000
0.388726 0.297842 0.129880 0.000000
0.436376 0.096271 0.184571 0.000000
0.134929 -0.324074 0.170790 0.000000
0.426601 -1.013935 0.194580 1.000000
0.327486 0.124034 0.176551 0.000000
0.346201 0.362328 0.121330 0.000000
0.384746 -0.904913 0.479891 0.000000
0.388409 -0.955158 0.180686 1.000000
0.423751 -0.118857 0.245042 0.000000
0.459200 0.073253 0.132911 0.000000
0.388820 0.062805 0.033216 0.000000
0.357248 -0.907023 0.224343 1.000000
0.339911 0.198530 0.213292 0.000000
0.340717 -0.800115 0.200443 0.000000
0.473516 -1.077209 0.183719 1.000000
0.337768 0.226517 0.099828 0.000000
0.365237 -0.521407 0.290119 0.000000
0.326319 -0.121494 0.189653 0.000000
0.334945 0.136694 0.081942 0.000000
-0.110801 -0.569364 0.123397 0.000000
0.379647 -0.893768 0.471741 0.000000
0.269142 -0.077742 0.165784 0.000000
0.409009 0.193932 0.128098 0.000000
0.292691 -1.017837 0.218180 0.000000
0.244110 -0.064978 0.360868 0.000000
0.253572 -0.046730 0.350156 0.000000
0.442533 0.055652 0.180916 0.000000
0.494019 -0.040716 0.147918 0.000000
0.339429 -0.773729 0.207863 0.000000
0.337080 0.247453 0.212737 0.000000
0.227052 -0.074757 0.371189 0.000000
0.326790 0.121535 0.079002 0.000000
0.188499 -0.188378 0.470291 0.000000
0.297908 -0.957514 0.220854 0.000000
0.331189 -0.516896 0.188286 0.000000
0.326046 0.033828 0.175188 0.000000
0.335520 0.141480 0.171794 0.000000
0.436414 0.033830 0.077956 0.000000
0.270473 -0.010335 0.334777 0.000000
0.328858 -0.486238 0.185850 0.000000
0.304417 -0.017537 0.046528 0.000000
0.397190 -0.902458 0.462953 0.000000
0.414207 -0.142441 0.255270 0.000000
0.250216 -0.118529 0.157566 0.000000
0.433348 -0.975598 0.601008 0.000000
0.343704 0.109549 0.156812 0.000000
0.356072 -0.517706 0.285937 0.000000
0.449873 0.053902 0.118772 0.000000
0.344709 -0.839832 0.215242 0.000000
0.385304 -0.944031 0.184805 1.000000
0.390396 -0.918841 0.492028 0.000000
0.521676 -0.186792 0.139097 0.000000
0.039781 -0.414377 0.170193 0.000000
0.423478 0.212129 0.165664 0.000000
0.466950 0.057105 0.141231 0.000000
0.391292 -0.957092 0.195502 1.000000
0.376613 -0.655818 0.343510 0.000000
0.328831 0.201044 0.172900 0.000000
0.334062 -0.797017 0.208007 0.000000
0.386038 0.420376 0.158781 0.000000
0.299361 -1.106329 0.235391 0.000000
0.204838 -0.222737 0.171460 0.000000
0.329956 -0.381413 0.189549 0.000000
0.331027 -0.724143 0.205404 0.000000
0.571011 -1.230122 0.135816 1.000000
0.337963 -0.502445 0.187716 0.000000
0.103306 -0.343522 0.171162 0.000000
0.369981 0.464793 0.123932 0.000000
0.375018 -0.669216 0.342447 0.000000
0.323213 -0.162652 0.185542 0.000000
0.336720 0.303907 0.099296 0.000000
0.446189 0.034195 0.186388 0.000000
0.384647 0.294291 0.119920 0.000000
0.300857 -0.934774 0.213624 0.000000
0.547448 -1.204346 0.143923 1.000000
0.342571 -0.284359 0.201713 0.000000
0.379892 -0.936810 0.189459 1.000000
0.425087 0.201274 0.125857 0.000000
0.251063 -0.108215 0.146191 0.000000
0.316210 0.030431 0.058973 0.000000
0.268607 -1.067325 0.238048 0.000000
0.333767 -0.386699 0.200313 0.000000
0.340370 -0.810314 0.204522 0.000000
0.399451 0.144925 0.222922 0.000000
0.332117 -0.162839 0.186267 0.000000
0.301061 -0.074351 0.026216 0.000000
0.327701 0.209673 0.109413 0.000000
0.353505 -0.895989 0.211487 1.000000
0.383187 0.006953 0.239609 0.000000
0.488917 -0.004937 0.138551 0.000000
0.271122 -1.040290 0.237762 0.000000
0.397996 0.086399 0.040973 0.000000
0.344454 -0.386729 0.232844 0.000000
0.297530 -0.049639 0.042732 0.000000
0.286961 -1.007483 0.254342 0.000000
0.170270 -0.241135 0.157253 0.000000
0.448858 -0.033217 0.216056 0.000000
0.074874 -0.242393 -0.051284 0.000000
0.422991 -0.983302 0.595570 0.000000
0.225194 -0.124446 0.395022 0.000000
0.326194 0.003971 0.179737 0.000000
0.344411 0.230050 0.199169 0.000000
0.483800 0.000520 0.134835 0.000000
0.382055 0.367053 0.151736 0.000000
0.614281 -1.321160 0.114483 1.000000
0.483373 -1.092090 0.173261 1.000000
0.289300 0.029240 0.308383 0.000000
0.342115 -0.631984 0.199683 0.000000
0.367676 -0.922610 0.209740 1.000000
0.332743 -0.918310 0.219961 0.000000
0.385898 0.380387 0.150162 0.000000
0.382713 -0.901464 0.466727 0.000000
0.364031 -0.560853 0.290543 0.000000
-0.001113 -0.477111 0.144597 0.000000
0.292867 -0.930469 0.229110 0.000000
0.336517 -0.343660 0.185559 0.000000
0.349171 -0.409893 0.230611 0.000000
0.304860 -1.068920 0.234227 0.000000
0.338851 0.237430 0.211142 0.000000
0.371838 -0.829569 0.413072 0.000000
0.402558 -0.969212 0.207214 1.000000
0.226571 -0.183663 0.168870 0.000000
0.076419 -0.368213 0.174164 0.000000
0.387740 0.410424 0.156726 0.000000
0.363386 -0.916605 0.214250 1.000000
0.357070 -0.489180 0.258466 0.000000
0.297399 -1.039514 0.205057 0.000000
0.527416 -0.137743 0.161650 0.000000
0.495196 -0.029238 0.379927 0.000000
0.335664 -0.491444 0.195663 0.000000
0.362047 -0.505620 0.286744 0.000000
0.336345 -0.287893 0.187935 0.000000
0.397653 0.281738 0.161713 0.000000
0.436540 -1.000821 0.208680 1.000000
0.370792 -0.926044 0.181030 1.000000
0.393839 -0.770601 0.392567 0.000000
0.330115 -0.355723 0.237214 0.000000
0.340013 -0.822566 0.217336 0.000000
0.370154 0.416978 0.123390 0.000000
0.402622 -0.943081 0.521401 0.000000
0.294465 -0.896930 0.228101 0.000000
-0.064794 -0.529698 0.131780 0.000000
0.327393 0.023266 0.057054 0.000000
0.349181 0.369338 0.160682 0.000000
0.336629 -0.254773 0.200688 0.000000
0.278042 -1.086243 0.248919 0.000000
0.149257 -0.220108 -0.042642 0.000000
0.343485 0.367160 0.168399 0.000000
0.407162 0.307287 0.160905 0.000000
0.328463 0.168104 0.166647 0.000000
0.428708 -0.999760 0.208727 1.000000
0.293514 -1.093510 0.214010 0.000000
0.345524 0.380255 0.153656 0.000000
0.368766 -0.792940 0.391648 0.000000
0.390286 0.017493 0.242530 0.000000
0.339922 -0.654012 0.191818 0.000000
0.176295 -0.257770 0.165774 0.000000
0.343870 0.102731 0.164495 0.000000
0.339573 -0.821251 0.224435 0.000000
0.384196 -0.638322 0.336508 0.000000
0.489194 -0.035292 0.149643 0.000000
0.372632 -0.562643 0.310878 0.000000
0.386716 0.352061 0.150002 0.000000
0.397960 -0.943741 0.535968 0.000000
0.376888 0.038469 0.235842 0.000000
0.370870 0.376174 0.113497 0.000000
0.374382 -0.608987 0.328209 0.000000
0.202674 -0.147806 0.425662 0.000000
0.551734 -1.245669 0.131435 1.000000
0.379920 0.388385 0.145881 0.000000
0.389080 -0.943667 0.190622 1.000000
0.264408 -0.021507 0.335081 0.000000
0.375293 -0.056163 0.268746 0.000000
0.330173 -0.235676 0.193602 0.000000
0.340582 0.393263 0.131421 0.000000
0.330564 -0.203782 0.194722 0.000000
0.323059 -0.892054 0.216792 0.000000
0.328552 -0.222598 0.190235 0.000000
0.332412 -0.528669 0.194973 0.000000
0.297255 -1.128755 0.212223 0.000000
0.366191 -0.579466 0.311827 0.000000
0.343436 -0.865781 0.208194 1.000000
0.401759 0.174158 0.215367 0.000000
0.337795 -0.467755 0.183455 0.000000
0.337560 -0.357628 0.185934 0.000000
0.255405 0.020573 0.308296 0.000000
0.396279 0.066973 0.232273 0.000000
0.402311 0.333493 0.125667 0.000000
0.353326 -0.890523 0.181983 1.000000
0.370598 0.434947 0.122804 0.000000
0.337094 -0.644983 0.208320 0.000000
0.396917 0.196413 0.090337 0.000000
0.329776 0.158331 0.221347 0.000000
0.421156 0.213364 0.121748 0.000000
0.224952 -0.167723 0.152809 0.000000
0.307032 0.010076 0.170021 0.000000
0.304417 0.000688 0.162368 0.000000
0.417881 0.168099 0.180716 0.000000
0.384142 0.397756 0.149880 0.000000
0.358354 -0.459415 0.248076 0.000000
0.319636 0.032557 0.172047 0.000000
0.364845 -0.078821 0.295605 0.000000
0.356545 -0.459077 0.270698 0.000000
0.394580 0.326207 0.133335 0.000000
0.359387 -0.483582 0.246062 0.000000
0.254170 -0.160523 -0.008686 0.000000
-0.041374 -0.504180 0.144899 0.000000
0.169109 -0.210158 -0.042281 0.000000
0.369539 0.349310 0.117307 0.000000
0.365590 -0.515437 0.293897 0.000000
0.338568 -0.683398 0.211422 0.000000
0.345638 0.275041 0.190391 0.000000
0.399100 0.312968 0.128752 0.000000
0.340133 -0.652894 0.205120 0.000000
0.236482 -0.159013 0.155306 0.000000
0.325388 0.186513 0.109000 0.000000
0.409405 0.243882 0.120058 0.000000
0.223295 -0.178309 0.157661 0.000000
0.388055 0.051670 0.028770 0.000000
0.441537 0.003255 0.203380 0.000000
0.388212 0.381118 0.126723 0.000000
0.347717 -0.395836 0.226042 0.000000
0.363446 -0.527392 0.285936 0.000000
0.414466 0.194239 0.174961 0.000000
0.371229 0.332786 0.120474 0.000000
0.332268 -0.323980 0.211163 0.000000
0.338928 -0.589266 0.195355 0.000000
0.420063 -0.996979 0.182344 1.000000
0.335021 0.118544 0.153801 0.000000
0.392016 0.017326 0.262006 0.000000
0.297126 -1.074007 0.205891 0.000000
0.329862 -0.428664 0.192456 0.000000
0.423253 -0.973996 0.565217 0.000000
0.331234 -0.299400 0.195837 0.000000
0.323323 -0.473476 0.191081 0.000000
0.341437 -0.383839 0.239049 0.000000
0.468222 -1.069892 0.184541 1.000000
0.515168 -1.120307 0.170132 1.000000
0.330638 -0.195928 0.188816 0.000000
0.519440 -0.125738 0.141417 0.000000
0.452821 0.038399 0.123035 0.000000
0.394301 0.394281 0.151413 0.000000
0.406276 0.180945 0.109186 0.000000
0.344192 -0.414680 0.254895 0.000000
0.426801 0.115260 0.116815 0.000000
0.274147 -0.133745 0.005540 0.000000
0.431450 -1.028430 0.175702 1.000000
0.511424 -1.140565 0.168899 1.000000
0.337300 0.200805 0.103150 0.000000
0.517801 -0.112248 0.141858 0.000000
0.308130 -1.014326 0.232469 0.000000
0.401211 -0.949631 0.534241 0.000000
0.356368 0.293050 0.115980 0.000000
0.273448 -0.065134 0.156387 0.000000
0.209431 -0.195631 -0.028446 0.000000
0.371294 -0.925390 0.194082 1.000000
0.496268 -0.038988 0.138347 0.000000
0.151091 -0.273098 0.163363 0.000000
0.505008 -0.243140 -0.049612 0.000000
0.337989 0.282248 0.166849 0.000000
0.374690 -0.647083 0.339626 0.000000
0.413962 -0.957874 0.549447 0.000000
0.390074 0.274998 0.119211 0.000000
-0.006026 -0.470480 0.154395 0.000000
0.346762 -0.880774 0.199195 1.000000
0.066750 -0.398947 0.166723 0.000000
0.422982 0.142518 0.094688 0.000000
0.317085 0.010300 0.053611 0.000000
0.182091 -0.263744 0.561720 0.000000
0.286599 -0.111687 0.008815 0.000000
0.431910 0.153416 0.172023 0.000000
0.395663 0.072471 0.225702 0.000000
0.380717 -0.009749 0.252461 0.000000
0.363424 -0.539601 0.290665 0.000000
0.351119 0.423447 0.150993 0.000000
0.377013 0.465770 0.148165 0.000000
0.436662 -0.056687 0.223165 0.000000
0.508396 -0.225340 -0.042013 0.000000
0.339975 0.249041 0.203770 0.000000
0.330695 -0.833848 0.220832 0.000000
0.313568 -0.918231 0.234254 0.000000
0.397728 -0.905980 0.474585 0.000000
0.584800 -1.292407 0.119385 1.000000
0.512162 -0.162962 0.150766 0.000000
0.459292 0.040503 0.116495 0.000000
0.371689 -0.628050 0.325423 0.000000
0.381371 -0.721336 0.367769 0.000000
0.428187 0.133685 0.179519 0.000000
0.195377 -0.145031 0.428736 0.000000
0.462826 -1.069942 0.170857 1.000000
0.315051 -0.901543 0.219910 0.000000
0.340708 -0.669062 0.208989 0.000000
0.249816 -1.131249 0.244696 0.000000
0.501447 -0.148327 0.024500 0.000000
0.327216 0.237630 0.106075 0.000000
0.485488 -0.024781 0.372744 0.000000
0.312037 -1.075923 0.227651 0.000000
0.331768 0.166037 0.119949 0.000000
0.348188 0.132845 0.134310 0.000000
0.337542 -0.577278 0.208187 0.000000
0.346669 -0.416409 0.242140 0.000000
0.399840 0.188329 0.091106 0.000000
0.343332 -0.797876 0.211013 0.000000
0.324019 -0.337372 0.194977 0.000000
0.479786 -0.108004 0.049520 0.000000
0.360547 -0.527539 0.264552 0.000000
0.399176 -0.812561 0.414924 0.000000
0.323247 -0.877489 0.212960 0.000000
-0.076181 -0.538483 0.134779 0.000000
0.341809 0.333184 0.160311 0.000000
0.416764 -0.961982 0.559035 0.000000
0.203339 -0.114515 0.405833 0.000000
-0.029361 -0.487827 0.159515 0.000000
0.330950 -0.399654 0.187718 0.000000
0.423222 0.246289 0.128549 0.000000
0.256687 -1.022300 0.239277 0.000000
0.266783 -1.036657 0.253932 0.000000
0.383837 -0.565239 0.314208 0.000000
0.278192 0.022322 0.302318 0.000000
0.320394 0.090800 0.169853 0.000000
0.188167 -0.249896 0.539845 0.000000
0.271230 -0.138899 0.010114 0.000000
-0.029804 -0.491501 0.141318 0.000000
0.220702 -0.068121 0.365826 0.000000
0.449845 -0.013389 0.075438 0.000000
0.301081 -0.066912 0.031683 0.000000
0.343492 0.344150 0.156409 0.000000
0.034188 -0.420768 0.169406 0.000000
0.281810 -0.122463 0.021864 0.000000
0.344628 0.155108 0.122772 0.000000
0.442588 0.013535 0.087155 0.000000
0.333269 -0.559908 0.198138 0.000000
0.332209 -0.421044 0.196005 0.000000
0.337929 -0.566484 0.192215 0.000000
0.285827 -0.993745 0.239883 0.000000
0.519643 -0.236950 0.168936 0.000000
0.304982 0.021659 0.057689 0.000000
0.337890 -0.752171 0.199312 0.000000
0.395565 0.024075 0.245126 0.000000
0.336209 -0.329039 0.187687 0.000000
0.343862 -0.482953 0.192559 0.000000
0.526596 -0.100758 0.121343 0.000000
0.308999 -1.084454 0.229322 0.000000
0.324232 -0.019007 0.178659 0.000000
0.258777 -0.094000 0.147232 0.000000
0.332602 0.282664 0.100164 0.000000
0.464743 0.020031 0.141632 0.000000
0.342768 -0.449719 0.186731 0.000000
0.301213 -0.902254 0.234586 0.000000
0.328275 0.134121 0.077220 0.000000
0.440647 0.070584 0.183745 0.000000
0.370101 -0.524600 0.302620 0.000000
0.297191 -1.047709 0.205924 0.000000
0.439003 0.150766 0.123571 0.000000
0.354760 -0.434959 0.247684 0.000000
0.331772 -0.632980 0.192474 0.000000
0.362833 -0.512587 0.288433 0.000000
0.406442 0.003353 0.282586 0.000000
0.182054 -0.255814 0.552126 0.000000
0.334031 0.123566 0.079112 0.000000
0.289881 -1.061815 0.233971 0.000000
0.076521 -0.375934 0.169042 0.000000
0.340182 -0.757248 0.211875 0.000000
0.337069 0.362947 0.120350 0.000000
0.298450 -0.071531 0.017759 0.000000
0.337442 -0.364371 0.184911 0.000000
0.438352 0.008753 0.080410 0.000000
0.566838 -0.133748 0.115591 0.000000
0.300379 -1.056403 0.234568 0.000000
0.328762 -0.106627 0.191062 0.000000
0.330529 -0.542080 0.188595 0.000000
0.477992 0.015053 0.138447 0.000000
0.210446 -0.184052 0.148445 0.000000
0.328059 -0.122775 0.181369 0.000000
0.417638 0.109078 0.098896 0.000000
0.193485 -0.242273 0.529728 0.000000
0.436603 -1.008990 0.201665 1.000000
0.384509 0.452488 0.144549 0.000000
0.341179 0.214991 0.097619 0.000000
0.329513 -0.679626 0.200846 0.000000
0.602651 -0.157536 0.108745 0.000000
0.318955 -0.884203 0.215153 0.000000
0.335302 -0.862030 0.218551 0.000000
0.389968 0.343331 0.145137 0.000000
0.327684 0.051632 0.063573 0.000000
0.400461 0.158053 0.221299 0.000000
0.438797 0.181373 0.124389 0.000000
0.396352 0.116782 0.060848 0.000000
0.353092 -0.446358 0.254244 0.000000
0.299919 -0.931617 0.231520 0.000000
0.501341 -0.164585 0.020355 0.000000
0.338332 0.196408 0.224967 0.000000
0.448886 -1.034809 0.190370 1.000000
0.437686 0.048218 0.198575 0.000000
0.326597 -0.588985 0.197752 0.000000
0.336816 0.263200 0.163930 0.000000
0.419480 -0.972572 0.583732 0.000000
0.327096 -0.687890 0.208749 0.000000
0.347272 0.488805 0.151575 0.000000
0.310990 0.036163 0.177786 0.000000
0.515952 -0.178614 0.148580 0.000000
0.524399 -1.163111 0.155119 1.000000
0.339144 0.143582 0.132050 0.000000
0.298120 -0.011608 0.160218 0.000000
0.263504 -0.000242 0.322092 0.000000
0.359080 -0.443925 0.237157 0.000000
0.293253 -0.938937 0.235722 0.000000
0.336387 0.154028 0.082921 0.000000
0.387729 -0.727284 0.370564 0.000000
0.338562 -0.786207 0.217067 0.000000
0.332341 0.140272 0.178116 0.000000
0.372192 -0.929755 0.203039 1.000000
0.348872 0.451524 0.157718 0.000000
0.471736 0.051917 0.132671 0.000000
0.383484 0.437821 0.126789 0.000000
0.310362 -0.887706 0.231836 0.000000
0.362264 0.301626 0.104879 0.000000
0.333921 -0.294308 0.187010 0.000000
0.335209 -0.604600 0.200649 0.000000
0.328232 -0.693463 0.204711 0.000000
0.187718 -0.160128 0.441902 0.000000
0.546194 -1.197210 0.147839 1.000000
0.301093 0.049625 0.294699 0.000000
0.322233 -0.069289 0.177269 0.000000
0.380688 -0.874059 0.444089 0.000000
0.338471 -0.716088 0.206425 0.000000
0.297308 -1.055960 0.219990 0.000000
0.305929 -0.965603 0.214418 0.000000
0.353851 -0.452960 0.267395 0.000000
0.290116 0.047764 0.288471 0.000000
0.357246 -0.688780 0.335003 0.000000
0.370699 -0.674467 0.337425 0.000000
