0.356620 -0.480735 0.263044 0.000000
0.389457 0.488165 0.121810 0.000000
0.629383 -1.349613 0.116922 1.000000
0.438329 -0.993068 0.611222 0.000000
0.373551 -0.028287 -0.025518 0.000000
0.592978 -0.052259 0.453207 0.000000
-0.136434 -0.597674 0.126317 0.000000
0.369500 -0.926075 0.174245 1.000000
0.171382 -0.276080 0.582864 0.000000
0.241210 -0.008901 0.330598 0.000000
0.071320 -0.247117 -0.047532 0.000000
0.662060 -0.177504 0.084250 0.000000
0.414599 0.190490 0.180316 0.000000
0.388866 -0.734837 0.374235 0.000000
0.044006 -0.400208 0.175139 0.000000
0.332031 -0.221447 0.189877 0.000000
0.265428 -1.138626 0.287295 0.000000
0.515531 -1.131193 0.167263 1.000000
0.501038 -0.278094 -0.072086 0.000000
0.465558 -0.034966 0.192626 0.000000
0.521470 -0.276899 0.191436 0.000000
0.327959 -0.666255 0.200084 0.000000
0.246395 -0.172915 -0.005238 0.000000
0.203517 -0.166436 0.430799 0.000000
0.282872 -0.042797 0.146776 0.000000
0.376449 -0.895506 0.465654 0.000000
0.153029 -0.248406 0.156911 0.000000
0.326675 0.325629 0.109442 0.000000
0.495817 -0.140137 0.032809 0.000000
0.320130 0.101681 0.069227 0.000000
0.464313 -0.017258 0.355814 0.000000
0.306432 0.102139 0.245556 0.000000
0.259535 -0.996882 0.244240 0.000000
0.338463 -0.363164 0.184947 0.000000
0.376815 -0.605014 0.324402 0.000000
0.397444 -0.210585 0.310955 0.000000
0.331623 -0.802231 0.218760 0.000000
-0.037810 -0.504243 0.141088 0.000000
0.438273 0.032398 0.077970 0.000000
0.363441 -0.070682 0.283946 0.000000
0.531064 -0.143606 0.160651 0.000000
0.452454 -1.022803 0.198045 1.000000
0.552826 -1.247380 0.128566 1.000000
0.233701 -0.155378 0.155075 0.000000
0.431690 0.077028 0.207532 0.000000
0.320146 0.209559 0.114834 0.000000
0.292571 -0.078219 0.035861 0.000000
0.404182 0.301729 0.183550 0.000000
0.325614 -0.557488 0.193797 0.000000
0.427222 0.137135 0.089592 0.000000
0.320617 -1.076961 0.227041 0.000000
0.333192 -0.120607 0.186971 0.000000
0.331872 0.237433 0.211938 0.000000
0.299238 -0.896996 0.239216 0.000000
0.384772 0.394042 0.151953 0.000000
0.164299 -0.215049 -0.039689 0.000000
0.386179 0.024182 0.276069 0.000000
0.325785 0.042061 0.168676 0.000000
0.119076 -0.337766 0.169006 0.000000
0.499562 -0.068645 0.109812 0.000000
0.428746 -0.129026 0.245825 0.000000
0.228782 -0.090385 0.378344 0.000000
0.409500 -0.961070 0.526027 0.000000
0.187507 -0.218837 0.508725 0.000000
0.405711 -0.817424 0.416917 0.000000
0.325404 0.009851 0.052724 0.000000
0.397924 0.255326 0.105545 0.000000
0.331753 0.138147 0.167867 0.000000
0.510846 -0.206178 -0.022757 0.000000
0.337551 -0.452749 0.182518 0.000000
0.533600 -0.219087 0.117743 0.000000
0.525746 -0.033520 0.408294 0.000000
0.324731 -1.163246 0.239576 0.000000
0.293289 0.041282 0.297862 0.000000
0.594442 -0.147374 0.113248 0.000000
0.461748 0.082227 0.134745 0.000000
0.335789 -0.405763 0.251591 0.000000
0.392812 0.038580 0.014272 0.000000
0.488867 0.005265 0.129693 0.000000
0.356929 -0.679915 0.330845 0.000000
0.322444 -0.966412 0.216887 0.000000
0.449480 -0.044647 0.059331 0.000000
0.247574 -1.072219 0.243107 0.000000
0.343574 0.169866 0.241955 0.000000
0.359882 -0.551267 0.279097 0.000000
0.333944 -0.291814 0.196186 0.000000
0.466432 -1.079881 0.158830 1.000000
0.476739 -0.102797 0.178726 0.000000
0.341600 -0.735144 0.201838 0.000000
0.001664 -0.455645 0.171726 0.000000
0.399629 0.328690 0.119684 0.000000
0.385911 0.100290 0.047586 0.000000
-0.086140 -0.550642 0.125578 0.000000
0.338753 0.289086 0.166943 0.000000
0.401345 0.136057 0.227188 0.000000
0.342420 0.446804 0.150522 0.000000
0.390020 -0.957517 0.229976 1.000000
0.211355 -0.217251 0.166396 0.000000
0.607423 -1.284579 0.120556 1.000000
0.370996 0.050369 0.216905 0.000000
0.266726 -0.101405 0.174289 0.000000
0.330070 -0.021648 0.187301 0.000000
0.395643 0.194126 0.084020 0.000000
0.537193 -1.187784 0.146172 1.000000
0.434635 0.130639 0.170770 0.000000
0.341732 -0.864217 0.206527 1.000000
0.340863 0.157203 0.088419 0.000000
0.337594 0.355922 0.164563 0.000000
0.444010 0.021209 0.180512 0.000000
0.426300 -0.011078 0.308110 0.000000
0.298359 -1.023467 0.205755 0.000000
0.336036 0.265499 0.097984 0.000000
0.362379 -0.787228 0.388072 0.000000
0.429366 -0.071149 0.224276 0.000000
0.396630 0.245435 0.201271 0.000000
0.439206 0.184313 0.123637 0.000000
0.279913 -0.124505 -0.000642 0.000000
0.536514 -0.116459 0.110034 0.000000
0.333326 0.197170 0.169360 0.000000
0.342566 -0.612110 0.193893 0.000000
0.335735 -0.503960 0.203989 0.000000
0.482421 -0.089093 0.057901 0.000000
0.357068 0.087151 0.172145 0.000000
0.357481 -0.910582 0.231013 1.000000
0.409458 -0.172819 0.273314 0.000000
0.424636 0.082447 0.093771 0.000000
0.377627 -0.023520 0.252043 0.000000
0.534041 -0.228460 0.171192 0.000000
0.334771 0.397579 0.129765 0.000000
0.327255 -0.349632 0.235400 0.000000
0.258334 -0.054180 0.352194 0.000000
0.280042 -0.948529 0.241188 0.000000
0.297255 -1.128755 0.212223 0.000000
0.198589 -0.118426 0.409625 0.000000
0.401154 -0.966346 0.180475 1.000000
0.320882 -0.171614 0.185044 0.000000
0.285670 -1.103030 0.257010 0.000000
0.276281 -1.041508 0.271723 0.000000
0.512943 -0.073052 0.159399 0.000000
0.325278 -0.071198 0.181937 0.000000
0.208983 -0.194383 -0.031094 0.000000
0.090467 -0.378456 0.166500 0.000000
0.402309 -0.861177 0.440401 0.000000
0.119038 -0.234973 -0.046113 0.000000
0.415266 -0.969253 0.574245 0.000000
0.145391 -0.295791 0.167191 0.000000
0.306571 0.000100 0.147905 0.000000
0.460383 0.130383 0.124981 0.000000
0.402690 -0.928758 0.489560 0.000000
0.396829 0.347600 0.169319 0.000000
0.295245 -0.028062 0.049939 0.000000
0.367708 -0.073195 -0.042501 0.000000
0.370416 0.427919 0.115942 0.000000
0.187261 -0.253790 0.541967 0.000000
0.195236 -0.198216 0.466034 0.000000
0.334916 -0.408043 0.201246 0.000000
0.310801 0.054426 0.062288 0.000000
0.363560 -0.440162 0.233453 0.000000
0.367667 0.363959 0.117849 0.000000
0.319255 -0.921154 0.203455 0.000000
0.331941 0.243368 0.159033 0.000000
0.425092 -1.003320 0.164820 1.000000
0.445484 -0.001234 0.221385 0.000000
0.246663 -1.129434 0.245763 0.000000
0.452821 0.038399 0.123035 0.000000
0.389609 0.150258 0.066200 0.000000
0.423901 -0.994482 0.220409 1.000000
0.512391 -0.181976 0.144017 0.000000
0.398781 0.089960 0.235954 0.000000
0.489194 -0.035292 0.149643 0.000000
0.386967 0.453993 0.150632 0.000000
0.387666 -0.645155 0.340804 0.000000
0.416679 0.256086 0.163020 0.000000
0.420043 0.223736 0.129796 0.000000
0.362749 0.299911 0.105284 0.000000
0.367936 -0.512245 0.298006 0.000000
0.507954 -0.173394 0.006606 0.000000
0.506404 -0.239726 -0.051157 0.000000
0.389818 -0.694190 0.357421 0.000000
0.281390 0.005182 0.320424 0.000000
0.348817 0.219375 0.083463 0.000000
0.356864 -0.642989 0.308511 0.000000
0.357146 -0.594227 0.288380 0.000000
0.308787 0.075822 0.278582 0.000000
0.347272 0.488805 0.151575 0.000000
0.376601 -0.563565 0.317164 0.000000
0.333038 0.132240 0.257519 0.000000
0.399153 0.176822 0.217727 0.000000
0.496058 -0.035568 0.378960 0.000000
0.483246 -0.029834 0.107918 0.000000
0.559667 -0.046072 0.428962 0.000000
0.342916 0.146140 0.128224 0.000000
0.423516 0.111986 0.122504 0.000000
0.351359 -0.328459 0.203285 0.000000
0.356441 -0.376337 0.219513 0.000000
0.340216 0.195631 0.209847 0.000000
0.036337 -0.438214 0.158330 0.000000
0.204879 -0.183675 0.143780 0.000000
0.448423 -0.007152 0.077687 0.000000
0.245144 -0.117901 0.143730 0.000000
0.481367 -1.061993 0.192172 1.000000
0.400050 -0.769820 0.391616 0.000000
0.407237 0.288787 0.126444 0.000000
0.296527 -0.988511 0.257596 0.000000
0.290073 -0.025165 0.185735 0.000000
0.627287 -0.167270 0.101390 0.000000
0.385655 0.018828 0.236477 0.000000
0.366930 -0.823919 0.410634 0.000000
0.567901 -1.287754 0.123958 1.000000
0.385686 0.002774 -0.001539 0.000000
0.293226 -1.048697 0.236669 0.000000
0.446505 -1.038164 0.162212 1.000000
0.517474 -0.109714 0.145634 0.000000
0.321584 -1.118337 0.241269 0.000000
0.291413 -1.090271 0.204918 0.000000
0.309940 -0.853609 0.226310 0.000000
0.419811 0.150427 0.125206 0.000000
-0.007318 -0.480558 0.143461 0.000000
0.317442 -1.018590 0.238753 0.000000
0.493344 -0.140607 0.166830 0.000000
0.322410 0.101993 0.175003 0.000000
0.353326 -0.890523 0.181983 1.000000
0.412385 0.153576 0.190960 0.000000
0.184822 -0.265250 0.168301 0.000000
0.273722 -0.064521 0.176036 0.000000
0.437431 0.089506 0.172569 0.000000
0.350421 0.403950 0.163158 0.000000
0.327414 0.361302 0.120717 0.000000
0.344686 -0.698659 0.209176 0.000000
0.360751 -0.522797 0.255014 0.000000
0.402555 0.189987 0.120506 0.000000
0.293998 -0.989731 0.220060 0.000000
0.354122 0.115865 0.146009 0.000000
0.433754 -0.036081 0.214194 0.000000
0.510610 -1.161026 0.146577 1.000000
0.327045 -0.768738 0.201730 0.000000
0.401215 0.223789 0.172188 0.000000
0.220326 -0.057447 0.364975 0.000000
0.178503 -0.218813 0.150575 0.000000
0.337600 -0.257060 0.185103 0.000000
0.351524 -0.445489 0.270063 0.000000
0.608221 -1.320469 0.116236 1.000000
-0.065090 -0.527150 0.146220 0.000000
0.398100 0.069805 0.031321 0.000000
0.588019 -1.254311 0.127665 1.000000
0.346406 0.260403 0.186859 0.000000
0.257543 0.025533 0.303810 0.000000
0.401336 0.211584 0.211152 0.000000
0.358525 -0.736385 0.356020 0.000000
0.374335 -0.934242 0.208319 1.000000
0.470526 -0.069880 0.190065 0.000000
0.324497 0.174399 0.117906 0.000000
0.385478 0.296260 0.154153 0.000000
0.231462 -0.188838 0.169145 0.000000
0.267755 -1.085504 0.281034 0.000000
0.364228 0.461672 0.120845 0.000000
0.339618 0.321615 0.155226 0.000000
0.312228 0.130657 0.226975 0.000000
0.442533 0.055652 0.180916 0.000000
-0.110874 -0.574601 0.125218 0.000000
0.328196 0.161071 0.212591 0.000000
0.250244 -0.132429 0.174300 0.000000
0.308884 -0.049008 0.026592 0.000000
0.485931 -1.119366 0.155345 1.000000
0.310675 0.016181 0.184651 0.000000
0.328406 -0.832232 0.203384 0.000000
0.086573 -0.342391 0.176660 0.000000
0.557606 -1.214159 0.142813 1.000000
0.397340 0.056703 0.238710 0.000000
0.254497 -1.029721 0.246424 0.000000
0.323280 -0.889813 0.217108 0.000000
0.432285 0.164853 0.166790 0.000000
0.321528 -0.318891 0.214253 0.000000
0.418814 0.170802 0.098873 0.000000
0.465737 0.021278 0.148204 0.000000
0.565034 -0.132522 0.115899 0.000000
0.340167 0.123875 0.083304 0.000000
0.112751 -0.305596 0.172050 0.000000
0.395707 0.222573 0.106659 0.000000
0.293063 -0.924875 0.222740 0.000000
0.258486 -0.088250 0.140703 0.000000
0.375112 0.396033 0.120947 0.000000
0.365399 0.331619 0.115423 0.000000
0.344527 0.189434 0.097242 0.000000
0.296940 -1.058312 0.204285 0.000000
0.357938 -0.408550 0.228143 0.000000
0.335654 -0.583486 0.210239 0.000000
0.284202 -1.017476 0.249703 0.000000
0.440673 0.036241 0.208825 0.000000
0.406867 0.320372 0.155438 0.000000
0.326065 0.070403 0.183817 0.000000
0.408383 0.000174 0.283986 0.000000
0.323477 0.293954 0.106088 0.000000
0.226231 -0.123765 0.394491 0.000000
0.407832 -0.899794 0.463971 0.000000
0.336979 0.070732 0.069519 0.000000
0.412441 0.466624 0.119719 0.000000
0.393809 -0.933874 0.523382 0.000000
0.233359 -0.034121 0.347757 0.000000
0.281078 -1.071425 0.254764 0.000000
0.354478 0.070394 0.199295 0.000000
0.384207 0.362279 0.144662 0.000000
0.532839 -0.196160 0.163033 0.000000
0.265284 -0.150906 0.006836 0.000000
0.515682 -0.094294 0.116802 0.000000
0.377783 0.423825 0.147109 0.000000
0.433223 -0.098013 0.239181 0.000000
0.481161 0.045858 0.132923 0.000000
0.464294 0.009305 0.111510 0.000000
0.347587 0.223653 0.189295 0.000000
0.285226 -0.108878 0.025360 0.000000
0.345512 -0.641231 0.203450 0.000000
0.444051 -0.014887 0.332802 0.000000
0.330409 0.235937 0.103211 0.000000
0.374210 -0.873051 0.440010 0.000000
0.310090 -0.944729 0.244225 0.000000
0.438010 0.070261 0.119993 0.000000
0.387702 -0.796398 0.402132 0.000000
0.274871 -1.137745 0.253156 0.000000
0.401307 0.122843 0.060770 0.000000
0.481964 -0.117162 0.046401 0.000000
0.070998 -0.402270 0.162058 0.000000
0.453132 -0.006176 0.188798 0.000000
0.329120 -0.994785 0.224734 0.000000
0.389730 0.473739 0.095682 0.000000
0.457054 -0.073298 0.055906 0.000000
0.065237 -0.368931 0.179252 0.000000
0.381068 0.277674 0.117516 0.000000
0.326887 0.167361 0.170734 0.000000
0.397783 0.273699 0.192223 0.000000
0.334850 -0.377817 0.240856 0.000000
0.423976 -1.009326 0.194740 1.000000
0.434983 0.061563 0.075165 0.000000
0.280626 0.057225 0.276612 0.000000
0.213526 -0.143641 0.412096 0.000000
0.374418 -0.048370 0.267415 0.000000
0.300586 -1.146922 0.236751 0.000000
0.340595 -0.532430 0.192020 0.000000
0.420222 0.123784 0.195259 0.000000
0.378250 0.481808 0.148045 0.000000
0.242608 -1.100475 0.248575 0.000000
0.263032 -0.028477 0.339180 0.000000
0.328530 -0.474268 0.199925 0.000000
0.326867 -0.335351 0.189150 0.000000
0.324723 0.105748 0.267788 0.000000
0.487477 -1.096979 0.173690 1.000000
0.404235 -0.946958 0.550624 0.000000
0.320937 -0.016682 0.042480 0.000000
0.325127 -1.044396 0.228901 0.000000
0.455097 -1.061901 0.177982 1.000000
0.348275 -0.882635 0.228343 0.000000
0.296522 -1.090212 0.233718 0.000000
0.187087 -0.165484 0.453728 0.000000
0.358734 -0.908761 0.202786 1.000000
0.304879 -0.945384 0.207464 0.000000
0.412018 -0.148888 0.258685 0.000000
0.264499 -1.117024 0.269555 0.000000
0.419643 0.109931 0.094348 0.000000
0.519492 -0.255938 0.173317 0.000000
0.267460 -1.091629 0.239407 0.000000
0.380184 0.309941 0.125940 0.000000
0.333290 -0.147470 0.193691 0.000000
0.403351 -0.198335 0.286916 0.000000
0.508037 -0.060192 0.135594 0.000000
-0.025046 -0.480843 0.164270 0.000000
0.231824 -0.179880 -0.027589 0.000000
0.190785 -0.142430 0.433196 0.000000
0.326653 -0.427857 0.184437 0.000000
0.335378 -0.192358 0.194970 0.000000
0.316471 -0.917713 0.235997 0.000000
0.017570 -0.455368 0.148936 0.000000
0.532387 -1.211088 0.133228 1.000000
0.320647 -0.097500 0.177609 0.000000
0.444689 0.158669 0.131755 0.000000
0.381231 -0.670488 0.347462 0.000000
0.293773 -0.021299 0.158793 0.000000
0.402558 -0.969212 0.207214 1.000000
0.278871 -0.978239 0.240084 0.000000
0.476961 -0.009314 0.148791 0.000000
0.346323 -0.351246 0.216364 0.000000
0.271941 -0.067147 0.149527 0.000000
0.208343 -0.099770 0.392385 0.000000
0.575898 -1.232282 0.136077 1.000000
0.332120 0.003247 0.175999 0.000000
0.434597 -0.975290 0.592014 0.000000
0.397784 0.274449 0.165045 0.000000
0.509232 -0.160125 0.158485 0.000000
0.449669 0.107456 0.132350 0.000000
0.323566 -0.384378 0.189702 0.000000
0.368763 -0.539714 0.300895 0.000000
0.184443 -0.200602 0.489797 0.000000
0.324508 -0.045811 0.175547 0.000000
0.026374 -0.419528 0.174480 0.000000
0.334618 0.282893 0.193120 0.000000
0.372368 -0.714327 0.358411 0.000000
0.385304 -0.944031 0.184805 1.000000
0.244900 -0.076462 0.363325 0.000000
0.378290 -0.053774 -0.028062 0.000000
0.345840 -0.823986 0.220885 0.000000
0.345524 0.380255 0.153656 0.000000
0.370081 -0.629632 0.329292 0.000000
0.423478 0.212129 0.165664 0.000000
0.306818 0.027210 0.057909 0.000000
0.530756 -1.166938 0.161808 1.000000
0.141396 -0.321292 0.169358 0.000000
0.394413 0.379007 0.127751 0.000000
0.160274 -0.272858 0.165398 0.000000
0.355159 0.253965 0.110954 0.000000
0.410997 0.263261 0.127113 0.000000
0.358822 -0.505781 0.274758 0.000000
0.533041 -0.170437 0.161518 0.000000
0.294016 0.082182 0.255999 0.000000
0.355701 -0.460501 0.247020 0.000000
0.387250 -0.835159 0.421449 0.000000
0.399380 0.111325 0.221056 0.000000
0.367416 -0.656554 0.330247 0.000000
0.359588 -0.570078 0.296265 0.000000
0.185890 -0.266275 0.564376 0.000000
0.325532 -0.939306 0.224722 0.000000
0.302433 -0.000919 0.053662 0.000000
0.329854 0.147893 0.234198 0.000000
0.269030 -1.055640 0.239041 0.000000
0.385196 -0.909814 0.484439 0.000000
0.325398 -0.714459 0.205764 0.000000
0.191896 -0.235610 0.163584 0.000000
0.134746 -0.273392 0.163272 0.000000
0.347739 0.414387 0.116414 0.000000
0.185978 -0.231598 0.530250 0.000000
0.187461 -0.206701 -0.034688 0.000000
0.349457 -0.426711 0.250735 0.000000
0.397522 0.168661 0.081195 0.000000
0.285640 -1.005479 0.272248 0.000000
0.338701 0.196459 0.234673 0.000000
0.343124 0.344172 0.111616 0.000000
0.328523 0.144148 0.071215 0.000000
0.140745 -0.223079 -0.043847 0.000000
0.344149 -0.754461 0.217040 0.000000
0.336514 -0.492723 0.181996 0.000000
0.294761 -0.053035 0.046417 0.000000
0.321790 -0.690082 0.201244 0.000000
0.374175 0.039881 0.242086 0.000000
0.390484 0.336484 0.146673 0.000000
0.315618 0.020614 0.158010 0.000000
0.106927 -0.359046 0.167017 0.000000
0.324220 -0.627984 0.197790 0.000000
0.094970 -0.237011 -0.050423 0.000000
0.344975 -0.782254 0.211269 0.000000
0.525491 -0.199942 0.134084 0.000000
0.053484 -0.421221 0.161480 0.000000
0.302756 -0.002987 0.172019 0.000000
0.435905 -1.025964 0.180309 1.000000
0.396474 -0.881721 0.452476 0.000000
0.296051 -0.963439 0.251525 0.000000
0.360013 -0.498894 0.247423 0.000000
0.200447 -0.184350 0.446725 0.000000
0.493415 -0.120294 0.179844 0.000000
0.343921 0.421594 0.148074 0.000000
0.410473 0.148559 0.102840 0.000000
0.334154 0.221204 0.169002 0.000000
0.320154 -0.241829 0.194468 0.000000
0.396563 0.351617 0.126086 0.000000
0.298672 -0.881818 0.220655 0.000000
0.589282 -1.299832 0.117700 1.000000
0.435723 0.132781 0.127298 0.000000
0.426514 0.098872 0.199535 0.000000
-0.065619 -0.536101 0.124150 0.000000
0.381415 0.447105 0.128536 0.000000
0.340828 0.264996 0.163461 0.000000
0.341011 0.309487 0.099464 0.000000
0.440916 0.012201 0.202247 0.000000
0.332419 -0.847865 0.221473 0.000000
0.337514 -0.314430 0.186246 0.000000
0.369134 -0.586869 0.309842 0.000000
0.350333 -0.886086 0.205143 1.000000
0.510937 -0.083287 0.138395 0.000000
0.416184 0.204020 0.107624 0.000000
0.342902 0.103695 0.163700 0.000000
0.405140 0.369774 0.151788 0.000000
0.469153 -0.057435 0.067974 0.000000
0.254381 0.005816 0.318222 0.000000
0.337568 0.178539 0.077898 0.000000
0.458913 0.059551 0.139097 0.000000
0.197085 -0.204296 0.150969 0.000000
0.457527 -0.030396 0.075506 0.000000
0.280802 0.023926 0.307128 0.000000
0.339765 -0.575142 0.189278 0.000000
0.357002 0.278327 0.110404 0.000000
0.386798 -0.002980 0.247732 0.000000
0.384835 -0.020463 -0.007260 0.000000
0.344714 0.377670 0.124727 0.000000
0.298207 -1.112765 0.236599 0.000000
0.395732 0.016727 0.256813 0.000000
0.285418 -0.042071 0.169373 0.000000
0.293048 -1.022428 0.229341 0.000000
0.361011 -0.620760 0.310109 0.000000
0.378300 -0.770121 0.385305 0.000000
0.486376 -0.052525 0.118635 0.000000
0.355877 -0.529063 0.280434 0.000000
0.268502 -1.062685 0.272620 0.000000
0.432049 0.110130 0.179984 0.000000
0.439827 0.012411 0.067788 0.000000
0.308632 -0.998866 0.205732 0.000000
0.349501 0.466159 0.141689 0.000000
0.296692 -1.070116 0.223823 0.000000
0.442482 -0.019435 0.059967 0.000000
0.480852 -0.030118 0.363513 0.000000
0.014977 -0.437981 0.168830 0.000000
0.308834 -1.067531 0.243437 0.000000
0.218522 -0.159392 0.139262 0.000000
0.310991 0.040697 0.185278 0.000000
0.511507 -0.225082 -0.035168 0.000000
0.406167 0.240135 0.119577 0.000000
0.296655 -0.090324 0.017676 0.000000
0.332178 -0.909913 0.220315 0.000000
0.300272 -0.967310 0.216526 0.000000
0.397661 0.245420 0.167154 0.000000
0.324673 -0.601758 0.201967 0.000000
0.406688 0.297995 0.160392 0.000000
0.431537 0.205321 0.123559 0.000000
0.306865 -0.998499 0.235779 0.000000
0.470051 -0.013319 0.114407 0.000000
0.387209 -0.923754 0.504885 0.000000
0.332168 -0.441836 0.200948 0.000000
0.510745 -0.189693 -0.008091 0.000000
0.565972 -1.265917 0.125323 1.000000
0.319741 -1.097013 0.235963 0.000000
0.523027 -0.130494 0.141628 0.000000
0.222514 -0.174755 0.155033 0.000000
0.257449 -0.155901 -0.013339 0.000000
0.503840 -0.259626 -0.060799 0.000000
0.324062 -0.518665 0.188373 0.000000
0.585953 -1.275594 0.123513 1.000000
0.476372 -1.078482 0.178867 1.000000
0.338897 0.215257 0.102395 0.000000
0.321220 -0.884748 0.238174 0.000000
0.345609 0.310031 0.172548 0.000000
0.436823 0.056520 0.202205 0.000000
0.267037 -0.009558 0.327247 0.000000
0.498138 -0.028003 0.131327 0.000000
0.321167 -0.268047 0.193904 0.000000
0.456156 0.059367 0.115648 0.000000
0.409087 0.005840 0.304823 0.000000
0.319606 0.119214 0.244389 0.000000
0.501794 -0.156824 0.020481 0.000000
0.273131 -0.134271 0.018138 0.000000
0.452309 -1.041329 0.183799 1.000000
0.292235 -1.149117 0.216840 0.000000
0.325291 -0.747930 0.207374 0.000000
0.320970 -0.866902 0.213602 0.000000
0.232143 -0.134945 0.143975 0.000000
0.317468 0.079180 0.066780 0.000000
0.432401 0.050187 0.093139 0.000000
0.404842 0.152911 0.214433 0.000000
0.437049 0.093497 0.122112 0.000000
0.305813 -0.070545 0.020901 0.000000
0.389203 -0.952522 0.208292 1.000000
0.498430 -0.053989 0.154388 0.000000
0.417766 -0.963511 0.550277 0.000000
-0.050071 -0.518350 0.130763 0.000000
0.342768 0.217183 0.209039 0.000000
0.441593 0.075805 0.188696 0.000000
0.255228 -0.102936 0.155791 0.000000
0.368504 0.487460 0.118130 0.000000
0.384981 0.413221 0.128693 0.000000
0.338477 0.177828 0.221286 0.000000
0.348997 0.238966 0.093455 0.000000
0.302754 0.058643 0.290241 0.000000
0.306539 -1.037562 0.219270 0.000000
0.440378 -0.013414 0.204842 0.000000
0.101478 -0.323348 0.173865 0.000000
0.324595 0.038237 0.060690 0.000000
0.463447 -0.097640 0.054839 0.000000
0.440906 -0.052930 0.224549 0.000000
0.349383 0.245963 0.201564 0.000000
0.172508 -0.240152 0.157523 0.000000
0.311678 -0.907175 0.218072 0.000000
0.386087 0.018952 0.011496 0.000000
0.215033 -0.196486 0.159014 0.000000
0.498146 -1.136044 0.153430 1.000000
0.328059 -0.338477 0.216421 0.000000
0.513932 -0.093773 0.159847 0.000000
0.265032 -0.085364 0.160834 0.000000
0.319166 -0.883987 0.197631 0.000000
0.337116 0.130603 0.140676 0.000000
0.500711 -1.112855 0.172545 1.000000
0.236753 -0.169141 0.172624 0.000000
0.404818 -0.940272 0.507134 0.000000
0.327156 -0.811840 0.200743 0.000000
0.355732 -0.464500 0.276792 0.000000
0.310989 0.091104 0.263572 0.000000
0.395663 0.072471 0.225702 0.000000
0.335168 -0.401636 0.181798 0.000000
0.348332 -0.390802 0.231597 0.000000
-0.023622 -0.490766 0.135241 0.000000
0.319761 -0.976846 0.234216 0.000000
0.319653 -0.306226 0.198132 0.000000
0.395014 0.036145 0.241732 0.000000
0.238523 -0.057697 0.355349 0.000000
0.328765 -0.789860 0.201573 0.000000
0.345260 -0.552082 0.194416 0.000000
0.485718 -1.094706 0.153605 1.000000
0.323810 0.122243 0.071423 0.000000
0.449216 0.015500 0.085487 0.000000
0.378211 -0.941275 0.227293 1.000000
0.646081 -0.169981 0.094353 0.000000
0.387895 0.051364 0.029170 0.000000
0.423222 0.246289 0.128549 0.000000
0.359258 -0.909835 0.182044 1.000000
-0.007282 -0.469761 0.160398 0.000000
0.347638 0.164189 0.120822 0.000000
0.185445 -0.179079 0.468395 0.000000
0.329103 0.022963 0.173857 0.000000
0.611392 -0.157151 0.108108 0.000000
0.282550 -0.997368 0.244574 0.000000
0.344071 -0.676673 0.205158 0.000000
0.413630 0.200134 0.133469 0.000000
0.400781 0.205089 0.178800 0.000000
-0.074414 -0.544609 0.140330 0.000000
0.393726 0.413992 0.153481 0.000000
0.290273 -0.106011 0.006482 0.000000
0.460881 0.040255 0.142744 0.000000
0.263915 -1.120731 0.241809 0.000000
0.546803 -1.229306 0.133615 1.000000
0.426584 -0.986530 0.578046 0.000000
0.400060 0.307039 0.127005 0.000000
0.382590 0.466678 0.127826 0.000000
0.385530 -0.817772 0.411704 0.000000
0.291465 -1.054845 0.255146 0.000000
0.457664 -0.055684 0.186166 0.000000
0.310507 -0.034307 0.039461 0.000000
0.125360 -0.291200 0.168343 0.000000
0.415591 0.171096 0.181766 0.000000
0.360354 -0.479449 0.243986 0.000000
0.522366 -0.153226 0.145910 0.000000
0.428266 0.148668 0.180901 0.000000
0.522285 -0.212327 0.161344 0.000000
0.322834 -0.355058 0.193047 0.000000
0.337434 0.095301 0.075174 0.000000
0.480075 -0.086654 0.189051 0.000000
0.520676 -1.177417 0.148383 1.000000
0.386881 -0.853216 0.432018 0.000000
0.436791 -1.004085 0.209789 1.000000
0.083437 -0.361141 0.173550 0.000000
0.321093 0.122130 0.167578 0.000000
0.397996 0.086399 0.040973 0.000000
0.465752 0.098143 0.124815 0.000000
0.065319 -0.386743 0.171761 0.000000
0.372056 0.443417 0.144834 0.000000
0.390740 -0.711554 0.365410 0.000000
0.273242 -1.023168 0.235098 0.000000
0.428217 0.167302 0.122028 0.000000
0.450966 -0.024795 0.185050 0.000000
0.232970 -0.108217 0.383688 0.000000
-0.054795 -0.511843 0.150760 0.000000
0.323896 0.084014 0.169183 0.000000
0.479440 0.021313 0.135183 0.000000
0.331219 0.192234 0.110371 0.000000
0.250709 -1.053350 0.243086 0.000000
0.342657 -0.366415 0.228002 0.000000
0.359731 0.099730 0.156265 0.000000
0.300882 -0.952052 0.227497 0.000000
0.397550 0.013992 0.290706 0.000000
0.346928 0.338571 0.158657 0.000000
0.435072 0.080118 0.078339 0.000000
0.299033 -0.921924 0.241444 0.000000
0.341832 -0.714484 0.196767 0.000000
0.281350 -0.966972 0.225321 0.000000
0.451434 0.037742 0.185225 0.000000
0.554322 -1.195313 0.146253 1.000000
0.447640 -0.022550 0.219451 0.000000
0.272294 -1.087369 0.259002 0.000000
0.328763 -0.102117 0.193795 0.000000
0.331067 -0.541626 0.205184 0.000000
0.348912 0.408231 0.135652 0.000000
0.323172 0.273942 0.108529 0.000000
0.328859 -0.647923 0.208519 0.000000
0.392935 0.213798 0.090479 0.000000
0.419058 -0.993129 0.202450 1.000000
0.376137 0.347968 0.113560 0.000000
0.364350 -0.921405 0.217540 1.000000
0.326738 0.254763 0.109965 0.000000
0.372687 -0.924515 0.192477 1.000000
0.373163 0.464412 0.143656 0.000000
0.470475 -1.099420 0.163088 1.000000
0.307221 -1.012784 0.218035 0.000000
0.348759 0.278452 0.178350 0.000000
0.338979 -0.275402 0.186975 0.000000
0.339465 -0.472797 0.185091 0.000000
0.283660 -1.121658 0.255243 0.000000
0.414244 0.237488 0.166208 0.000000
0.269732 -1.048580 0.256052 0.000000
0.426645 -0.002701 0.324485 0.000000
0.336447 -0.246780 0.201388 0.000000
0.440011 -0.081406 0.235431 0.000000
0.338971 -0.594695 0.189541 0.000000
0.337587 -0.162387 0.184051 0.000000
0.335600 -0.312728 0.204430 0.000000
0.383097 0.029758 0.257602 0.000000
0.339922 -0.654012 0.191818 0.000000
0.358594 -0.697339 0.335671 0.000000
0.344153 0.204506 0.194508 0.000000
0.284816 -1.076434 0.236007 0.000000
0.242022 -0.138980 0.158653 0.000000
0.285619 -0.941310 0.221606 0.000000
0.415127 0.182174 0.132070 0.000000
-0.039371 -0.493928 0.155838 0.000000
0.404293 0.174209 0.109060 0.000000
0.346374 0.084230 0.186404 0.000000
0.314624 -1.136034 0.240001 0.000000
0.334036 -0.369881 0.201099 0.000000
0.361770 -0.492889 0.287023 0.000000
0.608451 -1.302467 0.117061 1.000000
0.373020 -0.731290 0.365432 0.000000
0.389104 0.292737 0.126875 0.000000
0.354568 -0.897754 0.218177 1.000000
0.199353 -0.134387 0.418214 0.000000
0.516350 -0.288439 0.204255 0.000000
0.404000 0.229057 0.202209 0.000000
0.387359 0.320350 0.153937 0.000000
0.335021 0.118544 0.153801 0.000000
0.420063 -0.996979 0.182344 1.000000
0.330752 -0.055651 0.189144 0.000000
0.341496 -0.758051 0.199708 0.000000
0.389490 0.323565 0.133514 0.000000
0.254986 -0.114461 0.171006 0.000000
0.292240 0.071067 0.269856 0.000000
0.620963 -1.332959 0.116002 1.000000
0.386205 -0.622780 0.332614 0.000000
0.401832 0.193397 0.211751 0.000000
0.123027 -0.320033 0.170204 0.000000
0.456392 -0.024554 0.341263 0.000000
0.404883 -0.944939 0.532004 0.000000
0.227565 -0.072885 0.369973 0.000000
0.463659 0.028645 0.112932 0.000000
0.331744 -0.521215 0.204897 0.000000
0.336580 -0.559619 0.207913 0.000000
0.324068 -0.582366 0.196869 0.000000
0.401277 -0.913214 0.477868 0.000000
0.341224 0.197857 0.082038 0.000000
0.402479 0.387208 0.153087 0.000000
0.339127 -0.722828 0.214239 0.000000
-0.096648 -0.564948 0.129215 0.000000
0.324099 -0.135432 0.184226 0.000000
0.340867 -0.624642 0.207055 0.000000
-0.125048 -0.584527 0.122432 0.000000
0.338572 0.259895 0.202502 0.000000
0.170946 -0.257148 0.161369 0.000000
0.369013 0.059186 0.201928 0.000000
0.243488 -0.153220 0.169967 0.000000
0.401501 0.106887 0.051976 0.000000
0.226145 -0.190031 -0.014533 0.000000
0.523342 -0.124821 0.158119 0.000000
0.336478 -0.458920 0.202258 0.000000
0.335460 -0.848484 0.202440 0.000000
0.389948 0.265556 0.126318 0.000000
0.310599 -0.978320 0.207860 0.000000
0.397525 0.239338 0.098705 0.000000
0.514312 -1.149269 0.158841 1.000000
0.319772 -0.007921 0.180905 0.000000
0.341509 0.178266 0.110695 0.000000
0.309891 -1.058501 0.228687 0.000000
0.306644 -0.935745 0.228005 0.000000
0.251453 -0.039189 0.347044 0.000000
0.351059 -0.423371 0.233767 0.000000
0.402940 -0.954383 0.168141 1.000000
0.334254 0.282647 0.097097 0.000000
0.294936 -0.973467 0.235951 0.000000
0.340745 -0.347787 0.192419 0.000000
0.353853 -0.443371 0.250243 0.000000
0.278436 -0.055607 0.160547 0.000000
0.417331 0.128182 0.100476 0.000000
0.581602 -0.137494 0.118966 0.000000
0.399083 0.205871 0.104556 0.000000
0.344197 0.360928 0.117210 0.000000
0.333094 -0.087475 0.183811 0.000000
0.325795 -0.205392 0.189300 0.000000
0.361474 -0.537653 0.263486 0.000000
0.451790 0.145125 0.123744 0.000000
0.264110 -1.038766 0.235553 0.000000
0.393078 0.364181 0.162494 0.000000
0.430769 0.096829 0.086941 0.000000
0.288363 -0.094747 0.035412 0.000000
0.501092 -0.044695 0.134275 0.000000
0.385178 0.430594 0.126773 0.000000
0.549935 -0.121198 0.119378 0.000000
0.277635 0.046452 0.289446 0.000000
0.335874 -0.425016 0.200764 0.000000
0.354747 0.264156 0.097364 0.000000
0.345142 0.172624 0.094950 0.000000
0.340617 -0.515224 0.186905 0.000000
0.329482 -0.818881 0.221219 0.000000
0.327353 0.152502 0.126163 0.000000
0.492711 -0.123555 0.034989 0.000000
0.334549 -0.877370 0.214396 0.000000
0.391689 -0.900598 0.470890 0.000000
0.363284 -0.602175 0.305786 0.000000
0.312834 0.031454 0.170827 0.000000
0.371725 -0.684131 0.344579 0.000000
0.427970 0.181146 0.167531 0.000000
0.519643 -0.236950 0.168936 0.000000
0.388875 0.134320 0.060766 0.000000
0.102925 -0.341593 0.171909 0.000000
0.246904 -0.022860 0.338105 0.000000
0.487582 -0.021158 0.376947 0.000000
0.212548 -0.126322 0.404548 0.000000
0.500512 -1.136740 0.172369 1.000000
0.353812 0.434725 0.153075 0.000000
0.321490 -0.188336 0.186319 0.000000
0.352542 0.358801 0.157504 0.000000
0.366941 0.444315 0.116716 0.000000
0.348801 0.244608 0.181733 0.000000
0.373631 0.380158 0.115732 0.000000
0.424467 -0.112085 0.241658 0.000000
0.477522 0.006039 0.142110 0.000000
0.339667 -0.690683 0.195328 0.000000
0.356341 0.297218 0.171624 0.000000
0.435402 0.147567 0.165798 0.000000
0.387865 -0.781084 0.395379 0.000000
0.330522 -0.169017 0.198450 0.000000
0.327756 0.053945 0.181466 0.000000
0.487705 -0.019884 0.141594 0.000000
0.342347 0.208937 0.224237 0.000000
0.400098 0.008471 0.272155 0.000000
0.194665 -0.233945 0.516241 0.000000
0.327037 0.058177 0.064983 0.000000
0.461077 -1.056400 0.163463 1.000000
0.379906 -0.883184 0.452699 0.000000
0.427514 0.066059 0.092203 0.000000
0.281205 -1.034174 0.244691 0.000000
0.311390 -0.893766 0.228264 0.000000
0.323840 -0.535183 0.190112 0.000000
0.298424 -1.132757 0.228361 0.000000
0.395476 -0.960206 0.194987 1.000000
0.482114 -1.074495 0.158171 1.000000
0.336031 0.150658 0.249339 0.000000
0.306796 -0.929435 0.211451 0.000000
0.212734 -0.086855 0.383078 0.000000
0.292944 -0.910552 0.230954 0.000000
0.397333 0.400926 0.143815 0.000000
0.414000 0.188048 0.104449 0.000000
0.196917 -0.218927 0.158761 0.000000
0.318861 -0.921780 0.220208 0.000000
0.251439 -0.169065 -0.021084 0.000000
0.395293 0.257479 0.190208 0.000000
0.389898 0.309642 0.182185 0.000000
0.387797 0.116188 0.054317 0.000000
0.392742 0.296958 0.168912 0.000000
0.314434 -0.902391 0.241981 0.000000
0.451749 0.010066 0.190107 0.000000
0.275938 -1.026098 0.266287 0.000000
0.427254 0.089981 0.185342 0.000000
0.381985 0.378886 0.146540 0.000000
0.358890 0.061159 0.215013 0.000000
0.341351 -0.799513 0.205319 0.000000
0.530561 -0.105313 0.120324 0.000000
0.337832 -0.487055 0.203857 0.000000
0.269267 0.013097 0.311015 0.000000
0.399544 0.332802 0.162990 0.000000
0.339460 -0.627721 0.190477 0.000000
0.365860 -0.745783 0.367332 0.000000
0.133181 -0.307256 0.168806 0.000000
0.420191 0.132617 0.122452 0.000000
0.004285 -0.469493 0.146185 0.000000
0.307167 -1.100657 0.226339 0.000000
0.464089 0.114237 0.123385 0.000000
0.506771 -0.080793 0.117866 0.000000
0.335007 -0.178233 0.180675 0.000000
0.379859 0.037281 0.227143 0.000000
0.395427 0.473931 0.116903 0.000000
0.372421 0.412036 0.118381 0.000000
0.332282 0.116196 0.177652 0.000000
0.325496 0.225740 0.114760 0.000000
0.164169 -0.288410 0.167337 0.000000
0.377995 0.407969 0.144083 0.000000
0.352392 0.128802 0.135809 0.000000
0.437009 0.041890 0.194183 0.000000
0.335827 -0.392375 0.197670 0.000000
0.297399 -1.039514 0.205057 0.000000
0.341884 0.295537 0.181345 0.000000
0.269766 0.034803 0.297260 0.000000
0.360409 0.076603 0.183737 0.000000
0.264396 -0.086043 0.178155 0.000000
0.322770 0.309511 0.109686 0.000000
0.302709 -1.033486 0.235646 0.000000
0.248421 -0.124329 0.160290 0.000000
0.372374 -0.032751 0.264812 0.000000
0.389781 -0.870720 0.443022 0.000000
0.326798 0.133301 0.242327 0.000000
0.344709 -0.839832 0.215242 0.000000
0.469799 0.066873 0.130046 0.000000
0.307186 0.012090 0.169379 0.000000
0.428167 -1.012113 0.178905 1.000000
0.321286 -0.155818 0.186779 0.000000
0.040640 -0.415062 0.169234 0.000000
0.305328 -0.015294 0.047680 0.000000
0.337943 0.140648 0.083437 0.000000
0.334745 -0.236939 0.188207 0.000000
0.474427 -0.016745 0.368983 0.000000
0.057660 -0.406940 0.170878 0.000000
0.465713 -0.083394 0.183309 0.000000
0.386570 0.438199 0.150167 0.000000
0.325312 -0.487747 0.191972 0.000000
0.083712 -0.392737 0.166277 0.000000
0.339488 -0.864443 0.222160 0.000000
0.293253 -0.938937 0.235722 0.000000
0.297126 -1.074007 0.205891 0.000000
0.189275 -0.251241 0.557395 0.000000
0.201742 -0.151522 0.426019 0.000000
0.502817 -1.122641 0.146597 1.000000
0.491302 -0.043996 0.106353 0.000000
0.194178 -0.157273 0.439542 0.000000
0.523193 -0.183239 0.155384 0.000000
0.298874 -0.063476 0.035390 0.000000
0.430613 0.046108 0.077606 0.000000
0.423770 0.190470 0.121920 0.000000
0.339520 -0.821159 0.203775 0.000000
0.437177 -1.041543 0.179004 1.000000
0.333993 0.162186 0.229238 0.000000
0.417068 -0.006414 0.296330 0.000000
0.321699 -0.942915 0.209973 0.000000
0.354205 0.455525 0.156008 0.000000
0.348086 -0.407029 0.240210 0.000000
0.185361 -0.249759 0.166137 0.000000
0.435725 -0.016547 0.319662 0.000000
0.376613 -0.655818 0.343510 0.000000
0.293560 -1.063672 0.240964 0.000000
0.372811 0.488600 0.133057 0.000000
0.478398 -0.102926 0.051614 0.000000
0.265877 -0.969701 0.240727 0.000000
0.408445 -0.959888 0.563859 0.000000
0.339790 -0.419630 0.185649 0.000000
0.269869 -1.072288 0.236988 0.000000
0.438484 0.115737 0.125437 0.000000
0.330933 -0.785253 0.217110 0.000000
0.294091 -1.048108 0.221208 0.000000
0.292315 -1.008949 0.219829 0.000000
0.436340 -0.975412 0.607406 0.000000
0.402559 -0.183393 0.282287 0.000000
0.184642 -0.238710 0.544309 0.000000
-0.021938 -0.483971 0.149444 0.000000
0.322369 0.149804 0.171684 0.000000
0.560873 -1.235608 0.134777 1.000000
0.402275 0.150260 0.075023 0.000000
0.467367 -0.031574 0.350946 0.000000
0.002989 -0.457492 0.156471 0.000000
0.330473 0.181773 0.166578 0.000000
0.311633 -1.083281 0.237842 0.000000
0.337081 -0.379935 0.183823 0.000000
0.336284 -0.393013 0.242847 0.000000
0.338584 -0.739751 0.216185 0.000000
0.368921 -0.559634 0.302565 0.000000
0.416931 0.138458 0.192151 0.000000
0.368531 -0.671541 0.336400 0.000000
0.376503 0.334193 0.125672 0.000000
0.388957 0.393319 0.127601 0.000000
0.483620 -0.128439 0.171362 0.000000
0.314451 -0.852325 0.211741 0.000000
0.298183 -0.017169 0.175483 0.000000
0.292687 -1.009302 0.237185 0.000000
0.442890 0.021825 0.213963 0.000000
0.528179 -0.245078 0.179665 0.000000
0.380934 -0.038518 -0.016887 0.000000
0.397582 0.093836 0.221234 0.000000
0.334049 -0.034007 0.179272 0.000000
0.460664 -0.044495 0.070571 0.000000
0.354247 -0.458454 0.262546 0.000000
0.528026 -1.196954 0.136840 1.000000
0.405245 0.275596 0.119188 0.000000
0.365532 -0.526443 0.293202 0.000000
0.341398 0.325859 0.105822 0.000000
0.347158 0.373996 0.167356 0.000000
0.214171 -0.113636 0.394112 0.000000
0.337253 -0.263652 0.198719 0.000000
0.339989 -0.437237 0.188843 0.000000
0.190752 -0.213419 0.494750 0.000000
0.324608 -0.319470 0.192281 0.000000
0.273615 -1.009328 0.241145 0.000000
0.357699 -0.361124 0.215230 0.000000
0.327514 -0.615576 0.207370 0.000000
0.317868 -0.984187 0.221153 0.000000
0.343116 0.232323 0.203249 0.000000
0.430212 -0.971247 0.574830 0.000000
0.324477 -0.411282 0.186289 0.000000
0.225992 -0.043089 0.357386 0.000000
0.418302 -0.162374 0.267101 0.000000
0.321664 -0.859350 0.233739 0.000000
0.444616 -0.004449 0.063413 0.000000
0.330396 -0.763648 0.215447 0.000000
0.536554 -0.209997 0.167460 0.000000
0.469323 -0.081768 0.057478 0.000000
0.399306 0.180592 0.090068 0.000000
0.256282 -0.103052 0.140588 0.000000
0.338766 -0.659115 0.209037 0.000000
0.348077 -0.878368 0.192552 1.000000
0.317052 -1.029641 0.226329 0.000000
0.441875 -1.032878 0.194979 1.000000
0.321942 0.023646 0.057136 0.000000
0.189407 -0.187860 0.457043 0.000000
0.438188 0.024650 0.194581 0.000000
0.076838 -0.376013 0.171807 0.000000
0.399448 0.312968 0.165925 0.000000
0.501565 -1.125207 0.162943 1.000000
0.468554 -1.062468 0.184812 1.000000
0.267839 -1.100190 0.279395 0.000000
0.376178 -0.790093 0.394593 0.000000
0.375715 -0.642943 0.332361 0.000000
0.368503 -0.058537 0.276325 0.000000
0.390108 -0.956779 0.178454 1.000000
0.329266 0.339735 0.113880 0.000000
0.427196 -0.086000 0.229862 0.000000
0.316657 0.106185 0.255503 0.000000
0.401826 0.261054 0.169556 0.000000
0.434406 0.147107 0.124318 0.000000
0.328839 0.257263 0.166949 0.000000
0.416647 -0.136455 0.252409 0.000000
0.295359 -1.103060 0.210926 0.000000
0.386634 0.073765 0.039557 0.000000
0.331894 -0.363182 0.238516 0.000000
0.335961 -0.687169 0.211720 0.000000
0.372930 -0.619290 0.318485 0.000000
0.319236 -0.002701 0.048410 0.000000
0.322765 -0.111907 0.181519 0.000000
0.271796 -0.136658 -0.001053 0.000000
0.327144 0.117895 0.260022 0.000000
0.422148 0.156944 0.095735 0.000000
0.343147 0.391327 0.163927 0.000000
0.329283 -0.505358 0.185471 0.000000
0.448120 0.127118 0.132458 0.000000
0.344964 0.204348 0.094531 0.000000
0.362571 0.347978 0.118848 0.000000
0.299766 -0.008025 0.157876 0.000000
0.422991 -0.983302 0.595570 0.000000
0.150465 -0.263186 0.160737 0.000000
0.281097 -0.056696 0.142889 0.000000
0.504932 -0.066471 0.149208 0.000000
0.240232 -1.114807 0.248036 0.000000
0.400000 -0.199884 0.301459 0.000000
0.414772 0.200924 0.170202 0.000000
0.523374 -0.168545 0.150835 0.000000
0.347454 0.229478 0.104321 0.000000
0.363097 -0.645751 0.321314 0.000000
0.316053 -0.963501 0.229955 0.000000
0.325437 -0.039868 0.189339 0.000000
0.337957 -0.326113 0.209435 0.000000
0.338526 0.302503 0.161497 0.000000
0.021985 -0.447248 0.160082 0.000000
0.409979 -0.956854 0.540050 0.000000
0.281810 -0.122463 0.021864 0.000000
0.271001 -0.071586 0.163746 0.000000
0.329030 0.109286 0.164463 0.000000
0.372071 -0.573654 0.303825 0.000000
0.399164 0.349919 0.155276 0.000000
0.328739 0.140657 0.134619 0.000000
0.185566 -0.206461 0.142574 0.000000
0.307734 -0.904127 0.204560 0.000000
0.428446 0.123897 0.181953 0.000000
0.392705 0.377041 0.155895 0.000000
0.268231 -1.074781 0.264910 0.000000
0.285344 -0.924379 0.237967 0.000000
0.337207 -0.210624 0.197713 0.000000
0.344168 0.092952 0.174428 0.000000
0.279639 -1.056275 0.263098 0.000000
0.353877 -0.342179 0.206427 0.000000
0.337651 -0.605298 0.206802 0.000000
0.331009 -0.701258 0.205940 0.000000
0.318781 -1.003516 0.229696 0.000000
0.364845 -0.078821 0.295605 0.000000
0.325095 -0.368971 0.189993 0.000000
0.514708 -0.095714 0.145206 0.000000
0.540127 -1.201607 0.144168 1.000000
0.335008 0.207221 0.159372 0.000000
0.292241 -1.097848 0.245463 0.000000
0.477617 -1.087707 0.166975 1.000000
0.337256 0.236069 0.170067 0.000000
0.383247 -0.007033 -0.011697 0.000000
0.338294 -0.328475 0.194101 0.000000
0.327905 -0.729780 0.208937 0.000000
0.449104 0.078782 0.122564 0.000000
0.356368 0.293050 0.115980 0.000000
0.362238 -0.516012 0.284021 0.000000
0.184930 -0.190636 0.479670 0.000000
0.388887 0.164772 0.070616 0.000000
0.472725 0.033549 0.137787 0.000000
0.213640 -0.172514 0.143373 0.000000
0.324553 -0.025074 0.173686 0.000000
0.408777 -0.887303 0.456778 0.000000
0.338828 -0.544748 0.184133 0.000000
0.383756 0.347757 0.151960 0.000000
0.291384 -0.028908 0.170469 0.000000
0.330695 -0.833848 0.220832 0.000000
0.387668 0.016988 -0.002412 0.000000
0.516387 -0.033312 0.397712 0.000000
0.361792 -0.584516 0.298006 0.000000
0.330619 -0.278719 0.200258 0.000000
0.199001 -0.200110 -0.039298 0.000000
0.221260 -0.099214 0.386284 0.000000
0.270689 -1.020937 0.254313 0.000000
0.132564 -0.330810 0.163980 0.000000
0.344007 -0.768413 0.208865 0.000000
0.378270 -0.579154 0.317225 0.000000
0.390840 0.045222 0.231853 0.000000
0.236177 -0.180249 -0.014002 0.000000
0.331611 -0.927402 0.218790 0.000000
0.321861 0.132879 0.176510 0.000000
0.358880 -0.518336 0.268584 0.000000
0.357348 -0.494596 0.264770 0.000000
0.528654 -0.157155 0.158263 0.000000
0.331627 -0.340149 0.203022 0.000000
0.381395 -0.940416 0.197696 1.000000
0.398646 -0.787505 0.401429 0.000000
0.319628 -0.951777 0.222839 0.000000
0.520019 -0.264658 0.184160 0.000000
0.277894 -0.963006 0.238644 0.000000
0.369617 -0.060023 -0.036961 0.000000
0.336108 -0.353812 0.225519 0.000000
0.330531 -0.569712 0.198229 0.000000
0.328644 -0.464386 0.187343 0.000000
0.294348 -1.000933 0.250976 0.000000
0.347956 -0.315504 0.195337 0.000000
0.311880 -0.964611 0.206063 0.000000
0.471668 -1.070255 0.168728 1.000000
0.337132 0.180606 0.235991 0.000000
0.581598 -1.288244 0.119883 1.000000
0.333945 0.165324 0.075802 0.000000
0.527486 -0.189872 0.144004 0.000000
0.345491 -0.420700 0.262560 0.000000
0.468346 -0.051931 0.194127 0.000000
0.372290 0.474181 0.118912 0.000000
0.566374 -1.252512 0.128672 1.000000
0.192694 -0.207563 0.481176 0.000000
0.444042 0.172392 0.130458 0.000000
0.290172 -0.984742 0.244588 0.000000
0.391632 -0.919369 0.492580 0.000000
0.544205 -1.214533 0.139440 1.000000
0.095283 -0.353663 0.172069 0.000000
0.265997 -1.035802 0.250967 0.000000
0.293088 0.051370 0.283652 0.000000
0.440967 -0.065636 0.229841 0.000000
0.454215 0.094467 0.132102 0.000000
0.449453 -0.011619 0.345022 0.000000
0.449105 -1.026410 0.185205 1.000000
0.285148 -1.086856 0.254165 0.000000
0.305355 -0.920334 0.228365 0.000000
0.308063 0.013722 0.055706 0.000000
0.439741 0.072019 0.175658 0.000000
0.267482 0.002424 0.320296 0.000000
0.353892 -0.896391 0.194338 1.000000
0.327046 -0.254554 0.195181 0.000000
0.145102 -0.282436 0.164285 0.000000
0.331203 -0.680311 0.199637 0.000000
0.439157 0.007365 0.080462 0.000000
0.388513 -0.762560 0.392385 0.000000
0.354457 0.393968 0.154771 0.000000
0.329580 0.085205 0.070436 0.000000
0.272474 -1.061537 0.251023 0.000000
0.330123 0.110792 0.075260 0.000000
0.517376 -0.118832 0.135514 0.000000
0.361671 -0.539582 0.289291 0.000000
0.442330 -0.000235 0.207555 0.000000
0.329121 0.040437 0.182062 0.000000
0.503430 -0.149535 0.165026 0.000000
0.349531 0.251679 0.098538 0.000000
0.389159 0.283881 0.158320 0.000000
0.328576 -0.860109 0.203630 0.000000
0.342032 -0.338593 0.214212 0.000000
0.308327 -0.881263 0.232374 0.000000
0.488917 -0.004937 0.138551 0.000000
0.196294 -0.170007 0.444938 0.000000
0.331230 0.072694 0.169690 0.000000
0.423446 0.161181 0.177067 0.000000
0.420740 0.095470 0.095867 0.000000
0.293663 -1.034129 0.216822 0.000000
0.174172 -0.272939 0.165333 0.000000
0.334156 0.248699 0.100503 0.000000
0.340866 -0.666693 0.196275 0.000000
0.527784 -1.134742 0.162965 1.000000
0.444777 0.062190 0.192450 0.000000
0.468189 0.050207 0.136422 0.000000
0.416598 0.001348 0.315011 0.000000
0.398611 0.149190 0.226677 0.000000
0.352217 0.419988 0.158505 0.000000
0.027373 -0.432553 0.166543 0.000000
0.301936 -0.986376 0.232889 0.000000
0.333264 0.202506 0.102025 0.000000
0.450345 -1.025346 0.161960 1.000000
0.345555 0.475550 0.150362 0.000000
0.456431 -0.042136 0.185989 0.000000
0.343862 -0.482953 0.192559 0.000000
0.389702 0.009885 0.245658 0.000000
0.293952 -1.075757 0.246600 0.000000
0.448877 -0.030178 0.064616 0.000000
0.522519 -1.166180 0.141451 1.000000
0.360046 -0.564940 0.283991 0.000000
0.254140 -0.067485 0.359974 0.000000
0.282731 -1.056402 0.243527 0.000000
0.482832 -1.104258 0.162401 1.000000
0.470989 -0.068787 0.061326 0.000000
0.421900 -0.973477 0.584936 0.000000
0.129562 -0.230591 -0.039355 0.000000
-0.078127 -0.536924 0.128440 0.000000
0.303751 -1.018291 0.235956 0.000000
0.331793 0.373033 0.124983 0.000000
0.393263 0.284077 0.117797 0.000000
0.238550 -0.123837 0.133936 0.000000
0.382586 -0.721386 0.368791 0.000000
0.302588 0.080393 0.265880 0.000000
0.356455 0.424280 0.117097 0.000000
0.506701 -0.174064 0.152920 0.000000
0.463643 -0.002288 0.117782 0.000000
0.300551 -1.009262 0.206597 0.000000
0.433438 -0.006274 0.335211 0.000000
0.387157 0.310156 0.137130 0.000000
0.257090 -0.159365 -0.000620 0.000000
0.421156 0.213364 0.121748 0.000000
0.290798 -0.956093 0.240635 0.000000
0.328045 -0.333347 0.228539 0.000000
0.359992 -0.451984 0.237949 0.000000
0.531498 -0.209632 0.126625 0.000000
0.383086 0.030522 0.244451 0.000000
0.443313 0.057983 0.118020 0.000000
0.186539 -0.244614 0.531861 0.000000
0.239187 -0.084923 0.371574 0.000000
0.582508 -0.050448 0.445502 0.000000
0.333321 -0.634985 0.204174 0.000000
0.437023 -1.020038 0.191962 1.000000
0.203601 -0.109686 0.400805 0.000000
0.274717 -0.995788 0.234178 0.000000
0.416878 0.224671 0.166963 0.000000
0.450402 -0.019131 0.072754 0.000000
0.566297 -1.223753 0.138610 1.000000
0.081289 -0.239583 -0.051410 0.000000
0.264527 -0.146520 -0.005632 0.000000
0.307102 -0.905755 0.231231 0.000000
0.323306 0.138457 0.227960 0.000000
0.396186 -0.844386 0.429519 0.000000
0.345495 -0.892689 0.236209 0.000000
0.397378 -0.891986 0.461117 0.000000
0.440851 0.041175 0.178387 0.000000
0.378856 -0.933452 0.179585 1.000000
0.594969 -1.288006 0.118688 1.000000
0.494551 -0.056535 0.107883 0.000000
0.447397 -1.033409 0.174333 1.000000
0.320627 -0.841961 0.219147 0.000000
0.458623 -1.068691 0.167056 1.000000
0.410399 0.161580 0.102905 0.000000
0.295605 0.030953 0.305440 0.000000
0.316125 0.086934 0.274784 0.000000
0.311663 0.041521 0.060959 0.000000
0.340074 0.386755 0.134635 0.000000
0.276264 -1.081897 0.244130 0.000000
0.394184 0.180970 0.078150 0.000000
0.376109 -0.831598 0.415827 0.000000
0.174939 -0.207866 -0.041568 0.000000
0.332404 -0.234470 0.200797 0.000000
0.199151 -0.204681 -0.027162 0.000000
0.308528 -1.080008 0.223479 0.000000
0.180183 -0.259835 0.554035 0.000000
0.344767 -0.380034 0.223739 0.000000
0.404581 0.203627 0.124884 0.000000
0.522014 -0.225135 0.163251 0.000000
0.327562 0.011441 0.184915 0.000000
0.314972 -0.879906 0.217458 0.000000
0.309401 0.009344 0.156782 0.000000
0.283310 -0.116824 0.009189 0.000000
0.332645 0.173345 0.210662 0.000000
0.211271 -0.158935 0.421432 0.000000
0.524143 -0.140886 0.149273 0.000000
0.349544 0.397702 0.128211 0.000000
0.399357 0.120042 0.230573 0.000000
0.345638 0.275041 0.190391 0.000000
0.354097 -0.393463 0.220379 0.000000
-0.029782 -0.494574 0.145893 0.000000
-0.062079 -0.526452 0.133721 0.000000
0.380218 0.317393 0.115443 0.000000
0.290602 -1.112838 0.246980 0.000000
0.344160 -0.564689 0.196748 0.000000
0.395958 -0.825838 0.419766 0.000000
0.433648 0.064780 0.211539 0.000000
0.417399 -0.121768 0.246311 0.000000
0.303327 -1.056072 0.245347 0.000000
0.180332 -0.270820 0.575290 0.000000
0.290062 -1.060492 0.218490 0.000000
0.214877 -0.184823 0.152753 0.000000
0.225074 -0.199859 0.167559 0.000000
0.300375 0.063296 0.276037 0.000000
0.399500 0.193930 0.096261 0.000000
0.401769 -0.947347 0.519796 0.000000
0.278776 -0.053023 0.173098 0.000000
0.434340 0.069034 0.197878 0.000000
0.340564 -0.812473 0.218954 0.000000
0.578336 -1.262692 0.126221 1.000000
0.322850 0.031055 0.156361 0.000000
0.384465 0.468002 0.148476 0.000000
0.344352 0.327310 0.165655 0.000000
0.338027 0.248201 0.207652 0.000000
0.295604 -1.084078 0.222548 0.000000
-0.051123 -0.507989 0.139146 0.000000
0.388877 0.426252 0.154061 0.000000
0.300735 -0.042333 0.042819 0.000000
0.406530 0.168308 0.211710 0.000000
0.381119 -0.703476 0.358475 0.000000
0.332743 0.082919 0.178319 0.000000
0.405727 0.252812 0.118186 0.000000
0.395661 -0.932187 0.510785 0.000000
-0.085532 -0.550674 0.138888 0.000000
0.352628 0.450977 0.144145 0.000000
0.349332 -0.436103 0.259672 0.000000
-0.042383 -0.508017 0.152355 0.000000
0.397327 0.104655 0.231704 0.000000
0.326068 -0.499552 0.196981 0.000000
0.344907 -0.414633 0.251284 0.000000
0.393176 0.339052 0.123271 0.000000
0.397342 0.264700 0.116008 0.000000
0.371266 -0.043970 -0.032064 0.000000
0.342040 0.252488 0.161640 0.000000
0.362620 0.054666 0.225426 0.000000
0.355796 -0.471775 0.252997 0.000000
0.342571 -0.284359 0.201713 0.000000
0.231771 -0.166930 0.161193 0.000000
0.221596 -0.187064 -0.029587 0.000000
0.242259 -0.128959 0.149157 0.000000
0.439137 0.024066 0.087438 0.000000
0.391523 0.263755 0.162557 0.000000
0.321276 -1.073339 0.239130 0.000000
0.328377 -1.158459 0.250686 0.000000
0.184124 -0.221194 0.520667 0.000000
0.331409 0.166599 0.241015 0.000000
0.335376 -0.593940 0.201625 0.000000
0.406506 0.255798 0.195771 0.000000
0.425443 0.124396 0.091569 0.000000
0.332949 0.155939 0.168647 0.000000
0.401512 0.123287 0.217780 0.000000
0.430676 0.082027 0.196030 0.000000
0.225104 -0.162877 0.149389 0.000000
0.354458 -0.435140 0.240512 0.000000
0.395565 0.024075 0.245126 0.000000
0.312286 -1.109967 0.240289 0.000000
0.444611 -0.034729 0.220335 0.000000
0.330246 -0.982299 0.224512 0.000000
0.536584 -1.177844 0.153780 1.000000
0.352031 -0.628754 0.306606 0.000000
0.387337 0.350120 0.140196 0.000000
0.185304 -0.227200 0.156898 0.000000
0.103465 -0.236647 -0.041251 0.000000
0.297326 -0.909761 0.243709 0.000000
0.364532 -0.630941 0.316423 0.000000
0.426222 0.136421 0.182128 0.000000
0.342388 -0.460628 0.190892 0.000000
0.317114 0.065720 0.065442 0.000000
0.379300 0.477541 0.132982 0.000000
0.353632 -0.603364 0.296074 0.000000
0.341164 -0.792181 0.218616 0.000000
0.518646 -0.108191 0.157926 0.000000
0.343723 0.459173 0.150330 0.000000
0.308816 -0.972023 0.224510 0.000000
0.242977 -0.046244 0.352768 0.000000
0.367354 -0.917698 0.203236 1.000000
0.301634 -0.954884 0.215443 0.000000
0.392393 0.306438 0.155704 0.000000
0.396815 0.244237 0.110987 0.000000
0.473925 -0.002228 0.110435 0.000000
0.439351 0.101606 0.174444 0.000000
0.370763 0.045836 0.231769 0.000000
0.360115 -0.908788 0.219016 1.000000
0.433674 -1.029752 0.168756 1.000000
0.511490 -0.083511 0.152978 0.000000
0.193711 -0.176278 0.456981 0.000000
0.423715 -0.144927 0.258602 0.000000
0.496339 -0.045508 0.145639 0.000000
0.321142 -0.226295 0.193036 0.000000
0.455184 0.022051 0.118983 0.000000
0.417335 -1.009760 0.173582 1.000000
0.503936 -0.030971 0.387202 0.000000
0.394343 -0.724358 0.370785 0.000000
0.288703 -0.032484 0.158689 0.000000
0.320267 0.195968 0.114477 0.000000
0.285557 0.016513 0.318199 0.000000
0.409712 0.211874 0.172446 0.000000
0.483742 -0.112862 0.178317 0.000000
0.522030 -1.163585 0.153877 1.000000
0.279988 -0.954762 0.229816 0.000000
0.357945 -0.504996 0.287208 0.000000
0.408086 -0.187139 0.292545 0.000000
0.418371 0.141270 0.096959 0.000000
0.309726 -0.891105 0.241705 0.000000
0.446508 -0.981935 0.605496 0.000000
0.375660 -0.615887 0.329900 0.000000
0.290361 -0.066687 0.043522 0.000000
0.365123 -0.725614 0.358062 0.000000
0.205331 -0.195318 0.151450 0.000000
0.295314 -1.103176 0.227687 0.000000
0.329256 0.132142 0.075996 0.000000
0.573255 -1.277011 0.121845 1.000000
0.423253 -0.973996 0.565217 0.000000
0.333103 0.300477 0.102468 0.000000
0.330260 -0.266772 0.185029 0.000000
0.405473 -0.939470 0.494629 0.000000
0.340494 -0.711006 0.211696 0.000000
0.435952 -0.110689 0.245424 0.000000
0.430626 0.108802 0.089238 0.000000
0.253128 -0.011248 0.330009 0.000000
0.330709 -0.181166 0.195834 0.000000
0.112888 -0.327181 0.172181 0.000000
0.397935 0.138329 0.067802 0.000000
0.295960 -0.006322 0.146462 0.000000
0.154149 -0.221695 -0.039176 0.000000
0.486328 -0.135782 0.038997 0.000000
0.328826 -0.874454 0.204101 0.000000
0.237512 -0.066885 0.364115 0.000000
0.297057 -0.891751 0.228511 0.000000
0.417520 0.235060 0.126297 0.000000
0.378654 -0.011939 0.248172 0.000000
0.324615 -0.433968 0.194698 0.000000
0.445744 0.050139 0.191727 0.000000
0.444118 0.010015 0.217118 0.000000
0.333374 -0.104332 0.182820 0.000000
0.337202 0.182391 0.089367 0.000000
0.330471 0.142229 0.179179 0.000000
0.093707 -0.365458 0.168852 0.000000
0.402125 0.140893 0.216139 0.000000
0.338327 -0.300787 0.189382 0.000000
0.362432 -0.553201 0.290743 0.000000
0.599345 -1.310386 0.117528 1.000000
0.338197 0.157139 0.123424 0.000000
0.355873 0.290377 0.102578 0.000000
0.387368 0.281296 0.130272 0.000000
0.338564 0.194282 0.221715 0.000000
0.327002 -0.446054 0.190912 0.000000
0.358219 -0.488105 0.253646 0.000000
0.341094 -0.835379 0.204659 0.000000
0.334209 0.101051 0.172825 0.000000
0.460749 -0.062490 0.060738 0.000000
0.308193 -1.071069 0.231530 0.000000
0.297307 -0.996585 0.209102 0.000000
0.298897 -1.078426 0.234097 0.000000
0.282828 -1.045759 0.249132 0.000000
0.482907 0.035310 0.127414 0.000000
0.339191 -0.781507 0.200751 0.000000
0.372606 -0.780748 0.387921 0.000000
0.303652 -1.008531 0.228699 0.000000
0.334108 -0.354629 0.199731 0.000000
0.355578 -0.539632 0.273763 0.000000
0.305261 -0.053605 0.037849 0.000000
0.324490 -0.215623 0.197412 0.000000
0.480050 -0.038454 0.115646 0.000000
0.380702 -0.863507 0.436717 0.000000
0.260438 -0.096764 0.165183 0.000000
0.441163 0.163564 0.121387 0.000000
0.435446 0.118699 0.171512 0.000000
0.313242 0.119031 0.234234 0.000000
0.074917 -0.385984 0.161730 0.000000
0.322009 0.009470 0.174387 0.000000
0.396868 -0.960857 0.213644 1.000000
-0.017708 -0.474852 0.155959 0.000000
0.335313 0.352922 0.116830 0.000000
0.320482 0.061821 0.176177 0.000000
0.312729 0.027780 0.182652 0.000000
0.509090 -1.125121 0.175287 1.000000
0.289658 -1.035667 0.236383 0.000000
0.390257 0.408940 0.138541 0.000000
0.389061 -0.656738 0.343241 0.000000
0.401086 0.285668 0.162746 0.000000
0.509485 -1.173414 0.149238 1.000000
0.336598 0.276112 0.164138 0.000000
0.503374 -0.246368 -0.060568 0.000000
0.330580 -0.546673 0.194190 0.000000
0.281427 0.034038 0.299545 0.000000
0.338135 0.233250 0.158018 0.000000
0.341431 0.368883 0.158267 0.000000
0.473237 -0.024778 0.114243 0.000000
0.337461 -0.746919 0.198719 0.000000
0.388200 0.473736 0.107475 0.000000
0.393858 0.384081 0.145539 0.000000
0.430653 -0.994488 0.204619 1.000000
0.397685 -0.948668 0.540870 0.000000
0.288893 -1.005123 0.260647 0.000000
0.392356 0.263224 0.200142 0.000000
0.343911 0.350836 0.155930 0.000000
0.393208 0.336688 0.172211 0.000000
0.406848 0.179142 0.122556 0.000000
0.372676 -0.596879 0.315083 0.000000
0.507773 -0.160753 0.011052 0.000000
0.532132 -1.212570 0.144966 1.000000
0.337486 -0.531713 0.205846 0.000000
0.326100 -0.400090 0.189738 0.000000
0.301173 -0.973512 0.248058 0.000000
0.348073 -0.401612 0.226826 0.000000
0.437266 -0.025330 0.210766 0.000000
0.397194 0.054914 0.022803 0.000000
0.384239 -0.945034 0.215955 1.000000
0.322953 -0.903800 0.216202 0.000000
0.383271 0.405313 0.155114 0.000000
0.333183 0.154194 0.079634 0.000000
0.456277 -0.016092 0.194348 0.000000
0.434863 0.066423 0.186330 0.000000
0.345886 -0.879475 0.217244 1.000000
0.407320 -0.958410 0.552223 0.000000
0.323993 0.022668 0.185010 0.000000
0.349964 0.240916 0.105592 0.000000
0.290295 -0.097864 0.024112 0.000000
0.388820 0.062805 0.033216 0.000000
0.396098 0.234298 0.170698 0.000000
0.398082 0.096822 0.046451 0.000000
0.495217 -0.065638 0.120331 0.000000
0.300977 0.091305 0.253389 0.000000
0.522921 -1.145843 0.166091 1.000000
0.346418 0.222685 0.094786 0.000000
0.355047 0.265634 0.109642 0.000000
0.343929 -0.876370 0.203608 1.000000
0.315542 0.044599 0.173811 0.000000
0.325861 0.096846 0.165037 0.000000
0.340638 -0.402774 0.192463 0.000000
-0.057937 -0.518846 0.141897 0.000000
0.437469 0.081780 0.122138 0.000000
0.036529 -0.426073 0.163149 0.000000
0.095030 -0.333594 0.175212 0.000000
0.127362 -0.227162 -0.050337 0.000000
0.223292 -0.185424 0.160876 0.000000
0.355391 0.469412 0.152003 0.000000
0.194937 -0.185926 0.468659 0.000000
0.386993 -0.950930 0.194095 1.000000
0.336891 -0.571351 0.207902 0.000000
0.372253 0.454905 0.125981 0.000000
0.400848 -0.872176 0.446458 0.000000
0.335207 -0.136869 0.189235 0.000000
0.332263 -0.372129 0.231039 0.000000
0.401281 0.232118 0.110287 0.000000
0.330382 -0.602199 0.191815 0.000000
0.329656 -0.618034 0.195211 0.000000
0.366195 0.388747 0.119365 0.000000
-0.073565 -0.532139 0.137999 0.000000
0.327698 -0.856425 0.215198 0.000000
0.348876 0.108971 0.155255 0.000000
0.426058 0.112113 0.189731 0.000000
0.346212 0.239281 0.192617 0.000000
0.451323 0.049174 0.118347 0.000000
0.344384 -0.600854 0.198470 0.000000
0.262012 -1.025572 0.236629 0.000000
0.257981 0.016383 0.310899 0.000000
0.458103 -1.051341 0.183248 1.000000
0.335005 0.169651 0.116855 0.000000
0.334688 -0.045138 0.182383 0.000000
0.337824 0.409064 0.138823 0.000000
0.389273 0.023037 0.264696 0.000000
0.385750 -0.890130 0.459857 0.000000
0.331870 0.125895 0.169359 0.000000
0.233660 -0.145714 0.147878 0.000000
0.340023 -0.702333 0.198795 0.000000
-0.028197 -0.491902 0.157955 0.000000
0.012435 -0.451202 0.165233 0.000000
0.438808 0.071084 0.084471 0.000000
0.314016 -0.867342 0.222781 0.000000
0.210048 -0.206737 0.160705 0.000000
0.509712 -0.214753 -0.030393 0.000000
0.479325 -0.128185 0.044349 0.000000
0.425716 0.076020 0.084275 0.000000
0.331698 -0.302715 0.199130 0.000000
0.363610 -0.920307 0.183972 1.000000
0.398712 0.068083 0.235888 0.000000
0.499875 -0.263668 -0.070804 0.000000
0.327939 0.152073 0.223664 0.000000
0.341630 -0.583939 0.196421 0.000000
0.225279 -0.112837 0.390849 0.000000
0.322737 -1.085561 0.239623 0.000000
0.394085 0.016215 0.278453 0.000000
0.353526 -0.475405 0.274005 0.000000
0.380305 -0.022320 -0.017631 0.000000
0.478983 -0.014844 0.107379 0.000000
0.438739 0.019574 0.076668 0.000000
0.495844 -0.150668 0.028293 0.000000
0.430317 0.101687 0.187532 0.000000
0.311773 -1.019574 0.227882 0.000000
0.396264 0.317515 0.124396 0.000000
0.262711 -0.037051 0.346743 0.000000
0.419351 -0.962546 0.582792 0.000000
0.439150 0.086308 0.184966 0.000000
0.544958 -1.198195 0.153926 1.000000
0.463765 -1.071820 0.180370 1.000000
0.335458 -0.522421 0.194092 0.000000
0.319302 0.090379 0.067902 0.000000
0.429835 0.195246 0.130303 0.000000
0.462549 0.028689 0.140160 0.000000
0.188583 -0.213652 0.151802 0.000000
0.333875 -0.775287 0.212449 0.000000
0.452133 -1.046773 0.173807 1.000000
0.392550 -0.951375 0.220451 1.000000
0.335259 -0.825655 0.214138 0.000000
0.251641 -0.113663 0.156963 0.000000
0.324333 0.162439 0.121536 0.000000
0.403917 0.194438 0.181192 0.000000
0.290959 -0.913553 0.220182 0.000000
0.477704 -1.092304 0.177355 1.000000
0.271106 -1.051331 0.269378 0.000000
0.360741 -0.668273 0.328827 0.000000
0.634120 -0.162479 0.093711 0.000000
0.434990 -0.991776 0.600462 0.000000
0.286032 -0.931738 0.228394 0.000000
0.615325 -1.311644 0.116609 1.000000
-0.117464 -0.581582 0.131244 0.000000
0.521148 -0.120220 0.147714 0.000000
0.327705 -0.799995 0.206497 0.000000
0.379690 -0.903012 0.473480 0.000000
0.344464 0.313302 0.161172 0.000000
0.322503 -0.850823 0.226016 0.000000
0.503968 -0.230529 -0.041581 0.000000
0.235861 -0.023542 0.340328 0.000000
0.327859 -0.415892 0.197281 0.000000
0.343953 0.398571 0.155326 0.000000
0.290177 -1.087067 0.242987 0.000000
0.218578 -0.196105 -0.023607 0.000000
0.491042 -1.128952 0.158502 1.000000
0.271494 -1.129730 0.290543 0.000000
0.275490 -0.127950 0.009101 0.000000
0.269656 0.023528 0.305738 0.000000
0.526500 -1.155976 0.160833 1.000000
0.396803 -0.694908 0.366193 0.000000
0.192930 -0.223382 0.499456 0.000000
0.322337 -0.089921 0.185911 0.000000
0.429914 -0.985946 0.608602 0.000000
0.353224 0.095642 0.164416 0.000000
0.298554 -1.139871 0.216635 0.000000
0.324981 -0.876573 0.221222 0.000000
0.297562 -0.085796 0.027879 0.000000
0.327918 -0.757043 0.201419 0.000000
0.436444 0.058369 0.086654 0.000000
0.301910 -0.997591 0.221042 0.000000
0.320501 -1.035507 0.235219 0.000000
0.388097 0.030540 0.020455 0.000000
0.570577 -1.241701 0.133279 1.000000
0.460796 0.070665 0.135467 0.000000
0.164420 -0.248518 0.158617 0.000000
0.509186 -0.071285 0.135907 0.000000
0.328900 0.210779 0.167991 0.000000
0.407047 0.201950 0.206869 0.000000
0.407745 0.250280 0.166245 0.000000
0.336086 0.195541 0.091633 0.000000
0.344278 0.120942 0.144948 0.000000
0.385244 -0.008249 -0.000128 0.000000
0.286137 -0.043254 0.157706 0.000000
0.342291 0.205766 0.205781 0.000000
0.398851 0.225364 0.096375 0.000000
0.369544 -0.068949 0.293654 0.000000
0.433104 0.176168 0.128082 0.000000
0.322748 -0.344178 0.195266 0.000000
0.509930 -1.139170 0.161959 1.000000
0.501799 -0.055848 0.143674 0.000000
0.555215 -1.224355 0.139161 1.000000
0.509172 -0.183993 0.003594 0.000000
0.336526 -0.500105 0.192007 0.000000
0.202070 -0.226241 0.165285 0.000000
0.346608 0.433736 0.144725 0.000000
0.523694 -0.198830 0.157403 0.000000
0.320405 0.128682 0.234579 0.000000
0.329639 -0.654785 0.199886 0.000000
0.332681 -0.288686 0.185667 0.000000
0.333706 0.172088 0.162364 0.000000
0.331750 0.316126 0.107072 0.000000
0.174638 -0.265553 0.173513 0.000000
0.259202 -0.094073 0.150568 0.000000
0.295915 -1.145260 0.226907 0.000000
0.323193 -0.058363 0.181604 0.000000
0.533326 -0.185170 0.162592 0.000000
0.440164 0.105030 0.123540 0.000000
0.324109 0.090742 0.177885 0.000000
0.325422 -0.528893 0.200202 0.000000
0.402482 -0.807267 0.414243 0.000000
0.327869 -0.014967 0.178568 0.000000
0.473116 -0.093304 0.051573 0.000000
0.374981 0.453881 0.146384 0.000000
0.335970 0.248532 0.169884 0.000000
0.332269 -0.211296 0.182696 0.000000
0.401023 -0.930435 0.501375 0.000000
0.281611 -0.939012 0.235961 0.000000
0.325874 -0.779013 0.205377 0.000000
0.307276 -0.888469 0.219361 0.000000
0.401068 -0.907093 0.468793 0.000000
0.342107 -0.854371 0.218764 0.000000
0.255997 -1.019172 0.243158 0.000000
0.257244 -0.020011 0.335367 0.000000
0.379427 0.422136 0.131758 0.000000
0.243954 -0.032040 0.343271 0.000000
0.479450 -1.072457 0.194702 1.000000
0.358463 -0.893301 0.206304 1.000000
0.334350 -0.841469 0.210750 0.000000
0.061066 -0.396854 0.168440 0.000000
0.421529 0.192349 0.170471 0.000000
0.468009 -1.084440 0.171004 1.000000
0.252961 -0.045924 0.357168 0.000000
0.506182 -0.270717 -0.065368 0.000000
0.208009 -0.134298 0.410977 0.000000
0.307792 -1.048089 0.226212 0.000000
0.477925 -0.079080 0.063616 0.000000
0.359778 -0.579505 0.288538 0.000000
0.427496 0.122055 0.123721 0.000000
0.267542 -0.077537 0.153684 0.000000
0.605195 -0.149084 0.112959 0.000000
0.394300 0.061840 0.227613 0.000000
0.493319 -0.036232 0.139612 0.000000
0.510686 -0.197784 -0.015829 0.000000
0.316853 -0.910038 0.205101 0.000000
0.340370 -0.810314 0.204522 0.000000
0.444970 0.137788 0.130039 0.000000
0.415164 -0.958497 0.572719 0.000000
0.268556 -0.076838 0.174173 0.000000
0.326937 0.126218 0.250860 0.000000
0.241145 -0.172954 -0.020314 0.000000
0.408665 0.308610 0.159325 0.000000
0.337305 0.185658 0.212964 0.000000
0.323020 0.031104 0.177633 0.000000
0.413573 -0.951074 0.526914 0.000000
0.601207 -1.294456 0.124737 1.000000
0.354952 -0.469701 0.264920 0.000000
0.399335 0.166202 0.219781 0.000000
0.473934 -1.077835 0.151311 1.000000
0.400855 -0.969568 0.195321 1.000000
0.487573 -0.033016 0.371456 0.000000
0.477940 -1.066926 0.181871 1.000000
0.133176 -0.283983 0.166538 0.000000
0.310021 -0.024316 0.043495 0.000000
0.322232 0.112493 0.172544 0.000000
0.278346 -1.035752 0.262126 0.000000
0.522140 -0.252925 0.183937 0.000000
0.329359 0.243253 0.111057 0.000000
0.360319 -0.428089 0.230909 0.000000
0.455061 0.119262 0.126441 0.000000
0.343386 -0.724638 0.200267 0.000000
0.332705 -0.512581 0.197499 0.000000
0.334945 0.196311 0.158748 0.000000
0.448379 0.028695 0.190197 0.000000
0.304151 0.050525 0.297174 0.000000
0.350021 -0.367380 0.220211 0.000000
0.442816 0.001019 0.072496 0.000000
0.389146 -0.773749 0.387621 0.000000
0.315991 -0.930696 0.226367 0.000000
0.331304 0.181087 0.112968 0.000000
0.390808 0.026890 0.006017 0.000000
0.361427 -0.688121 0.340389 0.000000
0.334931 0.225161 0.103593 0.000000
0.332100 0.140403 0.248381 0.000000
0.452382 0.077624 0.137250 0.000000
0.384041 0.292905 0.117415 0.000000
-0.014804 -0.488043 0.141709 0.000000
0.324690 -0.314144 0.203334 0.000000
0.396755 0.083112 0.224918 0.000000
0.300379 -1.056403 0.234568 0.000000
0.408606 0.196352 0.108561 0.000000
0.327558 -0.146006 0.184757 0.000000
0.324273 -0.327916 0.219323 0.000000
0.330625 -0.158768 0.195343 0.000000
0.387428 0.040741 0.023644 0.000000
0.299479 -0.074771 0.028419 0.000000
0.277444 -1.069364 0.244913 0.000000
0.353036 0.253747 0.178133 0.000000
0.462453 -0.065353 0.184709 0.000000
0.331101 -0.479031 0.189766 0.000000
0.436055 0.055249 0.189409 0.000000
0.389755 0.356910 0.169591 0.000000
0.390875 0.273069 0.117472 0.000000
0.349328 0.153650 0.120991 0.000000
0.395582 0.294087 0.159038 0.000000
0.339400 0.236380 0.097497 0.000000
0.327802 0.215007 0.109805 0.000000
0.368664 -0.610058 0.315301 0.000000
0.368259 0.434107 0.124341 0.000000
0.426573 0.140432 0.127067 0.000000
0.338519 -0.472361 0.203076 0.000000
0.386493 0.008388 0.007465 0.000000
0.061873 -0.414723 0.160690 0.000000
0.337513 -0.768728 0.199847 0.000000
0.311945 0.004258 0.052814 0.000000
0.370101 -0.524600 0.302620 0.000000
0.424000 -0.126274 0.254924 0.000000
0.398069 0.202071 0.216583 0.000000
0.590885 -1.266719 0.126590 1.000000
0.352855 0.445154 0.157787 0.000000
0.333041 -0.815762 0.211028 0.000000
0.419244 0.146945 0.186201 0.000000
0.290591 -0.945870 0.243426 0.000000
0.274574 -1.092542 0.247204 0.000000
0.341172 -0.564558 0.186590 0.000000
0.326819 0.069825 0.066474 0.000000
0.373443 -0.039090 0.256401 0.000000
0.458682 -0.052553 0.064021 0.000000
0.496290 -1.117821 0.156769 1.000000
0.108895 -0.315309 0.173634 0.000000
0.613879 -1.328864 0.109310 1.000000
0.425706 0.171081 0.172236 0.000000
-0.005889 -0.459755 0.165581 0.000000
0.341660 0.284881 0.185502 0.000000
0.331455 -0.867018 0.211126 0.000000
0.311843 -0.915216 0.245149 0.000000
0.045231 -0.430801 0.159498 0.000000
0.336734 -0.670692 0.209823 0.000000
0.294481 -0.011288 0.167541 0.000000
0.333180 -0.382575 0.194802 0.000000
0.350311 0.289115 0.174646 0.000000
0.451487 0.068881 0.119837 0.000000
0.432381 0.157406 0.123367 0.000000
0.313639 -1.028415 0.239018 0.000000
0.391021 0.387922 0.157822 0.000000
0.303748 -1.027721 0.216783 0.000000
0.422771 0.206675 0.129714 0.000000
0.373135 -0.934941 0.191096 1.000000
0.428390 -1.007372 0.204095 1.000000
0.335039 -0.555641 0.198291 0.000000
0.434363 0.040569 0.085724 0.000000
0.385367 0.375716 0.123516 0.000000
0.345133 -0.894343 0.225831 0.000000
0.155188 -0.282961 0.167593 0.000000
0.300213 -0.977751 0.215380 0.000000
0.416260 -0.966450 0.561397 0.000000
0.338424 -0.649536 0.202217 0.000000
0.396949 0.204040 0.087208 0.000000
0.451214 -1.055369 0.167857 1.000000
0.353542 0.280563 0.099687 0.000000
0.122672 -0.303059 0.169801 0.000000
0.436004 -1.019661 0.170381 1.000000
0.335607 -0.756547 0.208528 0.000000
0.335414 -0.452740 0.192779 0.000000
0.347162 0.411108 0.156187 0.000000
0.398747 0.078516 0.235061 0.000000
0.304417 0.000688 0.162368 0.000000
0.334383 0.156814 0.238843 0.000000
0.405666 0.186233 0.110479 0.000000
0.366865 -0.914236 0.176138 1.000000
0.250455 -0.109427 0.146679 0.000000
0.408242 0.266497 0.163407 0.000000
0.015812 -0.459705 0.158244 0.000000
0.403689 0.322699 0.165079 0.000000
-0.005188 -0.473431 0.150748 0.000000
0.364794 -0.567701 0.308294 0.000000
0.341237 -0.393036 0.188804 0.000000
0.297261 -0.995481 0.231010 0.000000
0.348944 0.387544 0.126040 0.000000
0.318494 -0.875448 0.204714 0.000000
0.334762 -0.350304 0.184297 0.000000
0.344451 0.218107 0.198834 0.000000
0.498974 -0.157130 0.159525 0.000000
0.359295 -0.529643 0.270649 0.000000
0.389454 0.029899 0.235580 0.000000
0.330506 -0.890701 0.209721 0.000000
0.328252 -0.343581 0.226877 0.000000
0.135174 -0.297035 0.168439 0.000000
0.404732 0.007873 0.295638 0.000000
0.333448 0.168712 0.221206 0.000000
0.437988 0.032640 0.067614 0.000000
0.336873 -0.336060 0.186578 0.000000
0.313154 -1.123300 0.237878 0.000000
0.503720 -0.080088 0.108004 0.000000
0.343502 -0.398436 0.236733 0.000000
0.235467 -0.099781 0.378266 0.000000
0.330909 -0.172106 0.187919 0.000000
0.460012 0.108603 0.131028 0.000000
0.296057 -0.927660 0.233389 0.000000
0.384581 0.369873 0.151648 0.000000
0.388121 0.397620 0.140532 0.000000
0.342115 -0.631984 0.199683 0.000000
0.396524 0.303360 0.176835 0.000000
0.427974 0.066394 0.080982 0.000000
0.390939 0.252910 0.112730 0.000000
0.362102 -0.907614 0.191692 1.000000
0.332943 -0.739917 0.207568 0.000000
0.206014 -0.145231 0.419076 0.000000
0.431737 0.086109 0.087280 0.000000
0.418437 -1.008929 0.183777 1.000000
0.429115 -1.005188 0.186450 1.000000
0.312114 0.021110 0.169700 0.000000
0.283828 -1.008927 0.242390 0.000000
0.335624 -0.202615 0.188144 0.000000
0.524251 -0.110336 0.113959 0.000000
0.104220 -0.231651 -0.050192 0.000000
0.358215 -0.509553 0.263307 0.000000
0.392962 0.326151 0.147586 0.000000
0.259075 -0.108998 0.163343 0.000000
0.293929 -1.048368 0.208908 0.000000
0.325437 0.283936 0.105065 0.000000
0.363804 -0.922358 0.227739 1.000000
0.325448 -0.328534 0.197002 0.000000
0.296067 -1.094324 0.222567 0.000000
0.356641 -0.900041 0.180106 1.000000
0.392052 -0.862003 0.438141 0.000000
0.320950 -0.889658 0.205975 0.000000
0.346655 0.249654 0.190385 0.000000
0.376322 0.370288 0.116177 0.000000
0.318519 -0.993371 0.231057 0.000000
0.416322 0.160437 0.184380 0.000000
0.257744 -0.107149 0.177619 0.000000
0.378581 0.326983 0.118613 0.000000
0.286447 -1.065228 0.248647 0.000000
0.074703 -0.366092 0.175513 0.000000
0.424834 -1.003058 0.175434 1.000000
0.621086 -0.159660 0.106036 0.000000
0.034496 -0.425722 0.174020 0.000000
0.341629 -0.385977 0.237624 0.000000
0.468436 0.019619 0.113122 0.000000
0.349800 0.479021 0.141745 0.000000
0.296452 -1.066377 0.213120 0.000000
0.323615 -0.123517 0.185000 0.000000
0.229980 -0.179095 0.166535 0.000000
0.373521 0.451437 0.113567 0.000000
0.328353 -0.245517 0.189665 0.000000
0.436158 -0.081508 0.225995 0.000000
0.339855 0.137911 0.134121 0.000000
0.198932 -0.190544 0.460438 0.000000
0.341607 0.266890 0.194983 0.000000
0.348148 -0.684644 0.200297 0.000000
0.377630 0.434723 0.146742 0.000000
0.162008 -0.263215 0.162621 0.000000
0.464625 -1.059871 0.175018 1.000000
0.445698 0.088694 0.124513 0.000000
0.404475 0.477202 0.120218 0.000000
0.340354 0.193180 0.105987 0.000000
0.418494 -0.002443 0.305761 0.000000
0.297903 -1.122744 0.226705 0.000000
0.325425 -0.286850 0.193758 0.000000
0.319041 0.047285 0.064886 0.000000
0.336843 0.382498 0.158416 0.000000
0.519052 -0.193759 0.139907 0.000000
0.469477 -1.089440 0.160362 1.000000
0.482896 0.011773 0.135066 0.000000
0.337480 -0.433891 0.179600 0.000000
0.292015 -1.060313 0.228443 0.000000
0.469729 -1.097379 0.173678 1.000000
0.358895 -0.595309 0.299278 0.000000
0.330405 0.273419 0.101441 0.000000
0.088493 -0.246351 -0.049145 0.000000
0.175896 -0.265376 0.562927 0.000000
0.509221 -0.076364 0.145591 0.000000
0.338654 -0.790398 0.208823 0.000000
0.272950 -1.046849 0.246604 0.000000
0.113151 -0.345967 0.168510 0.000000
0.424799 -0.994344 0.169507 1.000000
0.327070 -0.683394 0.208669 0.000000
0.350249 -0.908206 0.224331 1.000000
0.335270 -0.412441 0.191311 0.000000
0.311717 -0.936887 0.206700 0.000000
0.496606 -0.039559 0.155023 0.000000
0.351844 -0.447734 0.260221 0.000000
0.331463 -0.189826 0.185759 0.000000
0.372578 0.343445 0.121850 0.000000
0.473136 0.017791 0.142231 0.000000
0.308949 -0.043714 0.036165 0.000000
0.327802 -0.036389 0.171720 0.000000
0.417134 0.247580 0.168729 0.000000
0.197023 -0.142322 0.425279 0.000000
-0.093047 -0.555784 0.131353 0.000000
0.270308 -0.139929 0.008360 0.000000
0.438079 -0.043591 0.219294 0.000000
0.457434 -0.016879 0.348130 0.000000
0.526434 -1.185254 0.145857 1.000000
0.328266 -0.459472 0.196096 0.000000
0.337711 0.230016 0.215373 0.000000
0.260084 -1.051643 0.236850 0.000000
-0.126154 -0.591584 0.129479 0.000000
0.340371 -0.542182 0.194362 0.000000
0.336575 -0.614349 0.202611 0.000000
0.355518 -0.351935 0.211868 0.000000
0.463289 -0.061053 0.193724 0.000000
0.192352 -0.228558 0.508114 0.000000
0.393149 -0.948133 0.174415 1.000000
0.129403 -0.326336 0.174654 0.000000
0.328255 -0.821249 0.203969 0.000000
0.306834 -0.949971 0.235267 0.000000
0.318150 -0.857707 0.220211 0.000000
0.584585 -0.146557 0.111769 0.000000
0.449558 0.000979 0.182798 0.000000
0.317120 -0.907913 0.226424 0.000000
0.475450 -0.093892 0.183953 0.000000
0.340022 -0.770811 0.218923 0.000000
0.574258 -0.140643 0.112981 0.000000
0.391027 0.124711 0.058385 0.000000
0.370737 -0.573513 0.313817 0.000000
0.300992 -1.040859 0.227252 0.000000
0.551676 -1.237522 0.129602 1.000000
0.250533 -0.058827 0.356330 0.000000
0.315965 0.031379 0.059132 0.000000
0.326995 -0.668572 0.210222 0.000000
0.320353 -0.080757 0.182517 0.000000
0.050508 -0.413423 0.166932 0.000000
0.527592 -1.171816 0.153029 1.000000
0.145462 -0.271506 0.162966 0.000000
0.338463 0.171245 0.084623 0.000000
0.523593 -0.040248 0.401273 0.000000
0.343987 0.363181 0.166933 0.000000
0.574010 -1.295072 0.121075 1.000000
0.388346 -0.700795 0.364778 0.000000
0.431335 -0.061668 0.221972 0.000000
0.356761 -0.638608 0.318522 0.000000
0.318972 -0.039074 0.180332 0.000000
0.418317 -1.000126 0.195426 1.000000
0.334936 -0.490138 0.192681 0.000000
0.330628 0.230748 0.164034 0.000000
0.348204 0.231311 0.087172 0.000000
0.309109 -1.091274 0.228938 0.000000
0.388550 0.084046 0.042916 0.000000
0.372566 -0.666390 0.344890 0.000000
0.303893 -1.057880 0.220813 0.000000
0.446517 -0.011081 0.220900 0.000000
0.056209 -0.386808 0.175667 0.000000
0.329936 -0.362325 0.228839 0.000000
0.588936 -1.293197 0.125048 1.000000
0.311031 0.097653 0.256143 0.000000
0.428379 0.089851 0.203163 0.000000
0.503513 -0.069432 0.158548 0.000000
0.506091 -1.145724 0.154616 1.000000
0.529227 -0.205387 0.162625 0.000000
0.301707 -0.032071 0.043401 0.000000
0.338814 -0.831575 0.226015 0.000000
0.629286 -1.338235 0.115218 1.000000
0.082536 -0.351415 0.176676 0.000000
0.279448 -1.054364 0.252631 0.000000
0.374973 -0.662302 0.336219 0.000000
0.410539 0.276192 0.127512 0.000000
0.382032 -0.917520 0.491157 0.000000
0.344133 -0.321668 0.203141 0.000000
0.347848 0.269087 0.182390 0.000000
0.326255 -0.590790 0.203690 0.000000
0.406214 -0.923526 0.481971 0.000000
0.337848 0.187248 0.228598 0.000000
0.398677 0.283484 0.191371 0.000000
0.323406 0.000822 0.183645 0.000000
0.229661 -0.059877 0.362952 0.000000
0.392554 0.131874 0.225658 0.000000
0.287835 -0.107056 0.016034 0.000000
0.326679 0.204227 0.109749 0.000000
0.472720 -0.021963 0.360809 0.000000
0.329357 -0.865251 0.220579 0.000000
0.452962 -1.032479 0.199756 1.000000
0.386000 -0.959655 0.221260 1.000000
0.343192 -0.401021 0.246259 0.000000
0.318262 0.052006 0.179807 0.000000
0.429904 -0.119648 0.248532 0.000000
0.654188 -0.173894 0.088891 0.000000
0.357933 -0.546303 0.266513 0.000000
0.401377 0.219526 0.205377 0.000000
0.329681 -0.223750 0.199240 0.000000
0.317595 0.098246 0.264854 0.000000
0.411745 0.178540 0.103562 0.000000
0.541632 -1.208217 0.131688 1.000000
0.392151 0.301228 0.123045 0.000000
0.494164 -0.129001 0.175413 0.000000
0.323649 -0.472678 0.189551 0.000000
0.334133 0.331997 0.110371 0.000000
0.435074 0.187206 0.132213 0.000000
0.457160 -0.031512 0.188547 0.000000
0.176658 -0.248872 0.161772 0.000000
0.326950 -0.363729 0.198362 0.000000
-0.042791 -0.511955 0.132048 0.000000
0.326946 0.039435 0.159336 0.000000
0.259312 -0.095529 0.176722 0.000000
0.236951 -0.159023 0.163650 0.000000
0.395863 0.158977 0.074238 0.000000
0.349678 -0.458307 0.272279 0.000000
0.486580 -0.107920 0.049752 0.000000
0.335589 0.171668 0.232382 0.000000
0.392714 -0.910467 0.474082 0.000000
0.293528 -0.037662 0.049951 0.000000
0.399621 0.213206 0.098153 0.000000
0.324057 -0.001862 0.174024 0.000000
0.449576 -0.022733 0.334537 0.000000
0.229608 -0.083161 0.371451 0.000000
0.326587 -0.495117 0.185743 0.000000
0.283637 0.053520 0.285087 0.000000
0.381584 -0.712842 0.361143 0.000000
0.616226 -1.325914 0.120747 1.000000
0.394172 0.014827 0.266467 0.000000
0.329386 0.263606 0.104821 0.000000
0.326782 0.094769 0.072297 0.000000
0.377415 -0.938307 0.217561 1.000000
0.324181 -0.297092 0.196639 0.000000
0.292105 -1.084451 0.212652 0.000000
0.509587 -0.088220 0.112296 0.000000
0.337784 -0.345926 0.220129 0.000000
0.278154 -0.065883 0.166958 0.000000
0.370812 0.402859 0.115571 0.000000
0.379328 -0.630055 0.332171 0.000000
0.402236 0.336185 0.125247 0.000000
0.308557 -0.936213 0.218145 0.000000
0.388178 0.402973 0.127780 0.000000
0.445061 0.066070 0.181141 0.000000
0.297925 -1.068075 0.233530 0.000000
0.240977 -0.149282 0.156971 0.000000
0.337950 -0.524469 0.184969 0.000000
0.428783 0.154475 0.172575 0.000000
0.528644 -0.218513 0.165662 0.000000
0.292553 -1.070099 0.254355 0.000000
0.346005 -0.657795 0.202763 0.000000
0.328268 -0.164834 0.182121 0.000000
0.291542 0.061028 0.279241 0.000000
0.323504 -0.110443 0.191045 0.000000
0.478299 -1.094475 0.160114 1.000000
0.327468 -0.310383 0.190671 0.000000
0.382336 0.437747 0.132610 0.000000
0.325563 -0.028869 0.182508 0.000000
0.279554 -0.988622 0.238458 0.000000
0.349710 -0.411955 0.231839 0.000000
0.328711 -0.129687 0.190437 0.000000
0.395958 0.128900 0.067670 0.000000
0.199361 -0.209616 0.159138 0.000000
-0.104883 -0.567094 0.124524 0.000000
0.334754 -0.373441 0.192183 0.000000
0.491171 -0.119157 0.044439 0.000000
0.250717 -0.165627 -0.009794 0.000000
0.516540 -0.166376 0.158607 0.000000
0.398276 0.375024 0.147571 0.000000
0.379920 0.388385 0.145881 0.000000
0.372271 0.473918 0.144773 0.000000
0.352622 -0.446728 0.241176 0.000000
0.209615 -0.117346 0.401716 0.000000
0.318316 -0.973245 0.223893 0.000000
0.339900 -0.604579 0.188585 0.000000
0.342483 0.211096 0.088188 0.000000
0.436176 -0.010341 0.326955 0.000000
0.331155 0.120101 0.077284 0.000000
0.333666 -0.430114 0.192969 0.000000
0.366967 0.343792 0.111450 0.000000
0.403556 0.264659 0.193691 0.000000
0.027562 -0.452728 0.154586 0.000000
0.348422 0.382387 0.162508 0.000000
0.404427 0.181499 0.211280 0.000000
0.388913 0.022627 0.253668 0.000000
0.385662 -0.018083 0.250252 0.000000
0.394301 0.394281 0.151413 0.000000
0.334394 -0.578368 0.199319 0.000000
0.185027 -0.204951 0.498267 0.000000
0.338462 -0.805026 0.212548 0.000000
0.437576 0.167357 0.135336 0.000000
0.338807 -0.506510 0.183485 0.000000
0.365258 -0.736586 0.363821 0.000000
0.379254 -0.736508 0.370408 0.000000
0.525655 -0.135678 0.157109 0.000000
0.331772 -0.632980 0.192474 0.000000
0.327275 -0.917120 0.224156 0.000000
0.445130 -0.013291 0.066917 0.000000
0.284428 -1.112451 0.257632 0.000000
0.319595 0.077210 0.174263 0.000000
0.390748 0.351165 0.159536 0.000000
0.396012 0.047271 0.017267 0.000000
0.440784 0.021558 0.203936 0.000000
0.366267 0.353984 0.112469 0.000000
0.389298 -0.786833 0.402998 0.000000
0.422012 0.130150 0.187893 0.000000
0.496957 -0.037241 0.129453 0.000000
0.524613 -0.095493 0.113796 0.000000
0.358369 -0.902777 0.211067 1.000000
-0.017333 -0.475602 0.166073 0.000000
0.387976 -0.948325 0.228763 1.000000
0.286344 -0.946666 0.232937 0.000000
0.306544 -0.907455 0.243466 0.000000
0.335964 0.104465 0.079256 0.000000
0.281428 -0.052276 0.152178 0.000000
0.327671 -0.842575 0.204101 0.000000
0.287381 -0.963863 0.236395 0.000000
0.346669 -0.416409 0.242140 0.000000
0.516776 -0.284631 0.194252 0.000000
0.459391 0.038009 0.116228 0.000000
0.358474 0.064992 0.205965 0.000000
0.449131 0.061165 0.124788 0.000000
0.196164 -0.125830 0.414997 0.000000
0.335206 -0.720522 0.205948 0.000000
0.344421 0.205776 0.103863 0.000000
0.067766 -0.376665 0.174385 0.000000
0.515383 -1.174039 0.141317 1.000000
0.132499 -0.316683 0.168847 0.000000
0.403803 0.239546 0.199492 0.000000
0.428532 -0.009015 0.317051 0.000000
0.350065 0.220417 0.103929 0.000000
0.555280 -1.204507 0.144350 1.000000
0.340869 0.187268 0.082168 0.000000
0.235140 -1.105799 0.246360 0.000000
0.353142 0.077051 0.189733 0.000000
0.335397 -0.362066 0.194076 0.000000
0.217959 -0.121348 0.398639 0.000000
0.331066 -0.919915 0.213085 0.000000
0.509253 -1.116469 0.170866 1.000000
0.404304 0.220652 0.103306 0.000000
0.386936 -0.826919 0.416889 0.000000
0.333462 -0.317118 0.194485 0.000000
0.405188 0.236040 0.168944 0.000000
0.310077 -0.005317 0.050354 0.000000
0.409009 0.193932 0.128098 0.000000
0.190532 -0.195728 0.474077 0.000000
0.307839 -0.993290 0.226954 0.000000
0.397519 -0.961392 0.204270 1.000000
0.413205 0.243303 0.127706 0.000000
0.324108 -0.881826 0.212204 0.000000
0.439825 -0.978597 0.599096 0.000000
0.293752 -0.996915 0.260754 0.000000
0.556384 -0.127279 0.116270 0.000000
0.359409 -0.518267 0.292674 0.000000
0.327518 -0.181158 0.186000 0.000000
0.288035 -0.989702 0.253803 0.000000
0.307730 -0.940628 0.235936 0.000000
0.423937 -0.978999 0.573138 0.000000
0.399549 -0.939026 0.515875 0.000000
0.331933 -0.154940 0.183507 0.000000
0.521738 -0.096601 0.123562 0.000000
0.532667 -0.167721 0.151647 0.000000
0.340532 0.198170 0.200375 0.000000
0.383187 0.006953 0.239609 0.000000
0.340755 -0.678882 0.196691 0.000000
0.390391 -0.929977 0.498664 0.000000
0.329805 -0.095947 0.178704 0.000000
0.556651 -1.250889 0.136344 1.000000
0.268141 -1.082425 0.237902 0.000000
0.397711 -0.917963 0.485616 0.000000
0.361578 -0.522709 0.276620 0.000000
0.285283 0.065573 0.272817 0.000000
0.326900 0.190469 0.168284 0.000000
0.516894 -0.176421 0.154297 0.000000
0.266089 -0.018913 0.332555 0.000000
0.371258 0.481469 0.127220 0.000000
0.300413 -1.006732 0.215727 0.000000
0.371461 -0.047434 0.276230 0.000000
0.425586 -0.136213 0.255800 0.000000
0.343398 -0.428661 0.258143 0.000000
0.072702 -0.394729 0.167299 0.000000
0.246501 -0.135021 0.165827 0.000000
0.454459 -0.038356 0.067263 0.000000
0.290209 0.023639 0.307565 0.000000
0.382732 -0.876634 0.446683 0.000000
0.220702 -0.068121 0.365826 0.000000
0.283949 -1.097144 0.249983 0.000000
0.351375 0.441659 0.143550 0.000000
0.052397 -0.396392 0.173755 0.000000
0.381332 -0.929576 0.187690 1.000000
0.359216 -0.399257 0.225579 0.000000
0.354853 -0.384625 0.223461 0.000000
0.164082 -0.237588 0.154511 0.000000
0.433061 -0.052083 0.219621 0.000000
0.526261 -0.149306 0.153887 0.000000
0.334454 -0.624948 0.200346 0.000000
0.352394 -0.691220 0.338875 0.000000
0.376520 -0.041236 -0.024585 0.000000
0.332102 0.290192 0.102049 0.000000
0.399772 -0.780838 0.395078 0.000000
0.449583 0.019625 0.188664 0.000000
0.337948 -0.251426 0.192464 0.000000
0.354673 -0.422430 0.242258 0.000000
0.354215 -0.453555 0.252983 0.000000
0.322540 0.183228 0.115871 0.000000
0.346912 0.233269 0.185597 0.000000
-0.049487 -0.502745 0.149616 0.000000
0.369042 0.465355 0.113845 0.000000
0.299661 -1.102607 0.235842 0.000000
0.317852 -0.913605 0.215574 0.000000
0.317989 0.014929 0.054926 0.000000
0.315165 0.110335 0.247370 0.000000
0.381122 -0.943017 0.207482 1.000000
0.332739 -0.342794 0.194228 0.000000
0.477492 0.045765 0.124434 0.000000
0.423082 0.090683 0.088310 0.000000
0.364776 -0.679923 0.337468 0.000000
0.309669 -0.969165 0.213800 0.000000
0.464292 0.088122 0.128094 0.000000
0.338502 -0.748093 0.210884 0.000000
0.346869 -0.429967 0.242483 0.000000
0.377729 -0.822722 0.411868 0.000000
0.398072 -0.941365 0.526711 0.000000
0.561421 -1.244216 0.131468 1.000000
0.395309 -0.961222 0.185806 1.000000
0.105129 -0.332627 0.172227 0.000000
0.326237 -0.424789 0.194306 0.000000
0.336039 -0.282914 0.192047 0.000000
0.320675 -1.127810 0.240762 0.000000
0.337011 0.312790 0.166591 0.000000
0.424169 -0.994092 0.211194 1.000000
0.438741 0.000863 0.199129 0.000000
0.343938 0.253336 0.198865 0.000000
0.474410 -1.079563 0.163426 1.000000
0.339088 -0.275160 0.199642 0.000000
0.362305 -0.794519 0.393694 0.000000
0.314736 -0.893495 0.217397 0.000000
0.331620 -0.531328 0.193749 0.000000
0.284541 0.042356 0.293942 0.000000
0.379363 0.398899 0.144823 0.000000
0.243031 -0.145200 0.165490 0.000000
0.432757 0.140473 0.171018 0.000000
0.430215 0.091386 0.193932 0.000000
0.264096 -0.088984 0.169450 0.000000
0.273084 -1.047933 0.236106 0.000000
0.233571 -0.043108 0.352189 0.000000
0.299508 -0.009975 0.052399 0.000000
0.333837 -0.078369 0.182856 0.000000
0.318436 -0.950981 0.212910 0.000000
0.420712 0.102188 0.089534 0.000000
0.272988 0.051827 0.283643 0.000000
0.194857 -0.150627 0.432598 0.000000
0.541311 -0.115813 0.117819 0.000000
0.429774 0.184187 0.124833 0.000000
-0.073937 -0.537606 0.146221 0.000000
-0.099131 -0.560388 0.121665 0.000000
0.379826 0.354534 0.146845 0.000000
0.302046 -1.032161 0.207927 0.000000
0.336783 -0.480126 0.197636 0.000000
0.317695 0.028326 0.163725 0.000000
0.338689 -0.482889 0.185009 0.000000
0.329652 -0.271474 0.194749 0.000000
0.355876 0.272255 0.102730 0.000000
0.322308 -1.154165 0.245352 0.000000
0.279136 -0.047703 0.165098 0.000000
0.336068 0.365783 0.121406 0.000000
0.334988 -0.465298 0.193865 0.000000
0.398892 0.302237 0.164679 0.000000
0.546747 -1.190573 0.148188 1.000000
0.336882 -0.512788 0.206061 0.000000
-0.034293 -0.485582 0.155427 0.000000
0.369817 -0.611664 0.324290 0.000000
0.480661 -0.002345 0.143911 0.000000
0.306461 0.005141 0.175256 0.000000
0.327612 -1.167249 0.248346 0.000000
0.344108 -0.359914 0.221761 0.000000
0.405961 0.264971 0.118997 0.000000
0.444998 -1.035917 0.182772 1.000000
0.436304 0.097067 0.181744 0.000000
0.028135 -0.440745 0.161836 0.000000
-0.051539 -0.520006 0.148292 0.000000
0.292651 0.048527 0.292359 0.000000
0.202233 -0.177698 0.440750 0.000000
0.282418 0.011678 0.311137 0.000000
0.285323 -1.026322 0.242572 0.000000
0.304221 -0.890957 0.234089 0.000000
0.343037 -0.642939 0.194851 0.000000
0.594042 -1.279708 0.122326 1.000000
0.418661 0.120251 0.096205 0.000000
0.450928 0.116197 0.134563 0.000000
0.538592 -1.165229 0.157502 1.000000
0.463519 -0.044525 0.191969 0.000000
0.321543 -0.894905 0.224443 0.000000
0.001035 -0.466100 0.154277 0.000000
0.302103 -0.912660 0.234398 0.000000
0.235566 -0.134542 0.152389 0.000000
0.312838 -0.864051 0.231174 0.000000
0.184948 -0.245349 0.550510 0.000000
0.320598 -1.107111 0.237979 0.000000
0.329394 0.239359 0.166927 0.000000
0.353479 -0.889568 0.214402 1.000000
0.503761 -0.167869 0.015014 0.000000
0.334108 0.263324 0.171183 0.000000
0.485187 -0.045435 0.112953 0.000000
0.400729 0.009869 0.283274 0.000000
0.392770 0.207309 0.097378 0.000000
0.279771 -1.019139 0.241963 0.000000
0.293696 -1.025552 0.237832 0.000000
0.274618 -1.067545 0.259810 0.000000
0.081917 -0.382253 0.167628 0.000000
0.376050 0.335370 0.116284 0.000000
0.433409 -0.089767 0.235424 0.000000
0.341168 -0.848740 0.211725 0.000000
0.338462 -0.691952 0.204443 0.000000
0.434150 0.078753 0.184456 0.000000
0.323672 -1.068572 0.231811 0.000000
0.400917 0.343374 0.161284 0.000000
0.443500 -0.007996 0.212067 0.000000
0.392318 -0.951066 0.186778 1.000000
0.350720 -0.887918 0.194568 1.000000
0.375752 -0.721777 0.362870 0.000000
0.297395 -0.015478 0.152887 0.000000
0.217872 -0.204558 0.164691 0.000000
0.292691 -1.017837 0.218180 0.000000
0.339359 0.110548 0.158978 0.000000
0.367047 -0.499978 0.285105 0.000000
0.313812 -0.980443 0.228316 0.000000
0.334591 -0.767255 0.208272 0.000000
0.403686 0.467413 0.117638 0.000000
0.501758 -0.073313 0.118556 0.000000
0.439390 0.045167 0.208353 0.000000
0.386030 -0.790741 0.395296 0.000000
0.308879 -1.129901 0.243270 0.000000
0.487354 -1.096245 0.162337 1.000000
0.358105 -0.634041 0.310653 0.000000
0.404757 -0.954474 0.529923 0.000000
0.287338 -0.918196 0.227002 0.000000
0.304822 -0.064905 0.027852 0.000000
0.337236 -0.840303 0.220632 0.000000
0.300011 -0.914172 0.224558 0.000000
0.378803 -0.031866 0.258577 0.000000
0.319350 -0.935673 0.219289 0.000000
0.319731 -0.858517 0.207914 0.000000
0.402215 0.062224 0.024287 0.000000
0.274643 -0.063002 0.157127 0.000000
0.568239 -1.279909 0.128708 1.000000
0.331550 0.092412 0.173141 0.000000
0.325418 -0.100975 0.185279 0.000000
0.309965 -0.860768 0.218157 0.000000
0.516920 -0.100631 0.153405 0.000000
0.326558 -0.656592 0.208162 0.000000
0.398317 -0.959398 0.175550 1.000000
0.379432 -0.648690 0.338164 0.000000
0.353775 0.083050 0.179415 0.000000
0.324576 0.169428 0.210465 0.000000
0.364769 -0.716158 0.354012 0.000000
0.393750 0.253865 0.200237 0.000000
0.317210 -0.892870 0.237091 0.000000
0.079590 -0.246589 -0.044106 0.000000
0.293514 -1.093510 0.214010 0.000000
0.348006 0.301420 0.173253 0.000000
0.320918 -1.087658 0.231102 0.000000
0.402603 0.296303 0.124917 0.000000
0.481028 -1.078831 0.186514 1.000000
0.462296 -0.024358 0.348939 0.000000
0.325240 -1.035390 0.227619 0.000000
0.302507 -0.964955 0.208180 0.000000
0.291093 -1.012243 0.252007 0.000000
0.142129 -0.307480 0.168622 0.000000
0.513253 -0.117414 0.143893 0.000000
0.362286 0.080162 0.175743 0.000000
0.468043 0.059036 0.133993 0.000000
0.339267 -0.307182 0.195570 0.000000
0.374193 -0.880981 0.446176 0.000000
0.475768 -0.111028 0.048881 0.000000
0.278868 -1.010760 0.269747 0.000000
0.612627 -1.336017 0.114936 1.000000
0.322536 0.134504 0.167742 0.000000
0.347256 -0.693449 0.201560 0.000000
0.329762 0.142581 0.080394 0.000000
0.436721 -0.073975 0.230775 0.000000
0.254159 -0.027850 0.340037 0.000000
0.341214 -0.374775 0.235369 0.000000
0.452402 0.136279 0.124804 0.000000
0.327549 -0.696887 0.198965 0.000000
0.369139 -0.636763 0.324004 0.000000
0.340600 0.293049 0.159165 0.000000
0.343566 -0.492111 0.191573 0.000000
0.362961 -0.561892 0.295167 0.000000
0.156716 -0.255840 0.160181 0.000000
0.300540 -1.077136 0.219897 0.000000
0.344428 -0.819780 0.213151 0.000000
0.402882 0.281023 0.125973 0.000000
0.340817 0.239585 0.207868 0.000000
0.331702 0.147040 0.167374 0.000000
-0.037080 -0.499096 0.148319 0.000000
0.379677 -0.777826 0.392477 0.000000
0.333380 0.163195 0.162656 0.000000
0.178809 -0.259371 0.165392 0.000000
0.365907 -0.576733 0.296716 0.000000
0.398053 0.078664 0.036576 0.000000
0.390880 0.302397 0.187246 0.000000
0.424705 -0.104683 0.236749 0.000000
0.505699 -0.164866 0.151854 0.000000
0.360809 -0.543404 0.297263 0.000000
0.416523 0.190865 0.133266 0.000000
0.367186 -0.551280 0.297994 0.000000
0.384356 0.412406 0.149896 0.000000
0.218534 -0.106605 0.390911 0.000000
0.341451 0.229088 0.192686 0.000000
0.397307 0.387393 0.127839 0.000000
0.199846 -0.191701 0.145489 0.000000
-0.082153 -0.545001 0.132966 0.000000
0.446103 0.001752 0.080692 0.000000
0.330211 -0.128470 0.181781 0.000000
0.031472 -0.443766 0.153448 0.000000
0.395462 0.047428 0.239065 0.000000
0.146536 -0.220507 -0.050017 0.000000
0.272142 -1.092457 0.277787 0.000000
0.105609 -0.350683 0.169556 0.000000
0.527757 -0.235568 0.172158 0.000000
0.374591 0.435654 0.116839 0.000000
0.341806 0.400707 0.134092 0.000000
0.331217 -0.229538 0.184923 0.000000
0.443958 -0.016718 0.213936 0.000000
0.364496 -0.526142 0.284213 0.000000
0.436405 0.042126 0.072263 0.000000
0.326943 -0.692849 0.207857 0.000000
0.398380 0.234671 0.206062 0.000000
0.423288 0.199002 0.124133 0.000000
0.339238 -0.398278 0.254737 0.000000
0.373077 -0.564277 0.308809 0.000000
0.383019 0.286955 0.123846 0.000000
0.345011 -0.756985 0.208633 0.000000
0.434553 -1.012425 0.184976 1.000000
0.430670 -0.980227 0.598620 0.000000
0.389037 0.302975 0.131105 0.000000
0.332667 -0.512898 0.182414 0.000000
0.332676 0.187572 0.160320 0.000000
0.388042 0.423960 0.131944 0.000000
0.336672 -0.858665 0.211126 0.000000
0.444283 -1.030509 0.165953 1.000000
0.528202 -0.177632 0.159983 0.000000
0.439409 0.035316 0.200161 0.000000
0.330719 0.065486 0.174716 0.000000
0.308732 -1.054943 0.236920 0.000000
0.321622 -0.922928 0.211742 0.000000
0.358361 -0.468462 0.244381 0.000000
0.373222 -0.926655 0.182194 1.000000
0.263368 -1.129508 0.241974 0.000000
0.204579 -0.126347 0.409439 0.000000
0.346106 -0.332318 0.209186 0.000000
0.381577 -0.662944 0.342161 0.000000
0.314138 -0.012727 0.046398 0.000000
0.384196 -0.638322 0.336508 0.000000
0.391480 0.177175 0.088024 0.000000
0.334430 -0.332274 0.214599 0.000000
0.438729 0.070652 0.075704 0.000000
0.317175 -1.038507 0.226112 0.000000
0.400423 0.002355 0.278751 0.000000
0.328538 -0.249595 0.203942 0.000000
0.281737 -0.966609 0.245659 0.000000
0.189230 -0.239160 0.525538 0.000000
0.437821 0.110339 0.170322 0.000000
0.602651 -0.157536 0.108745 0.000000
0.276890 -0.131633 -0.006125 0.000000
0.344593 -0.617588 0.201153 0.000000
0.262197 0.010119 0.315347 0.000000
0.387199 0.384136 0.125104 0.000000
0.432596 -1.010268 0.193497 1.000000
0.328912 -0.575226 0.191621 0.000000
0.289392 -1.042201 0.242207 0.000000
0.343962 0.361131 0.155079 0.000000
0.341129 -0.762352 0.214488 0.000000
0.489622 0.013656 0.127314 0.000000
0.240953 -0.017268 0.334953 0.000000
0.259881 -0.004944 0.325221 0.000000
0.607808 -1.293527 0.119065 1.000000
0.342872 0.115083 0.152073 0.000000
0.336540 -0.550900 0.207151 0.000000
0.458520 -1.052706 0.173095 1.000000
0.335544 0.123606 0.146689 0.000000
0.369895 0.424467 0.123961 0.000000
0.395627 0.284183 0.169415 0.000000
0.221284 -0.129314 0.400037 0.000000
0.325266 -0.761799 0.208260 0.000000
0.371277 -0.927266 0.204031 1.000000
0.598020 -1.299830 0.117549 1.000000
0.401915 -0.193046 0.294369 0.000000
0.365937 0.453791 0.117492 0.000000
0.338876 -0.266105 0.186272 0.000000
0.229630 -0.184560 -0.020375 0.000000
0.374554 0.358619 0.118296 0.000000
0.442220 -1.042072 0.171907 1.000000
0.241617 -0.136554 0.144922 0.000000
0.248211 -1.061677 0.243743 0.000000
0.009202 -0.462377 0.152796 0.000000
0.436603 -1.008990 0.201665 1.000000
0.504337 -1.132116 0.158413 1.000000
0.469521 0.040810 0.143711 0.000000
0.190308 -0.199675 -0.039535 0.000000
0.341346 -0.443275 0.182719 0.000000
0.348052 0.368698 0.116482 0.000000
0.298885 -0.884265 0.232548 0.000000
0.563345 -0.048132 0.436567 0.000000
0.188477 -0.229447 0.520369 0.000000
0.398282 -0.854743 0.436166 0.000000
0.339060 -0.541677 0.208598 0.000000
0.375045 0.463575 0.130814 0.000000
0.352494 0.426183 0.152200 0.000000
0.339745 -0.731554 0.213559 0.000000
0.358154 -0.499072 0.280234 0.000000
0.273370 -1.129528 0.250780 0.000000
0.285952 -1.068301 0.233182 0.000000
0.292672 -0.030648 0.179527 0.000000
0.331869 -0.598968 0.208160 0.000000
0.358720 -0.900052 0.225441 1.000000
0.185449 -0.241323 0.162552 0.000000
0.501760 -1.116162 0.164596 1.000000
0.516858 -1.168308 0.147668 1.000000
0.381033 -0.928322 0.172943 1.000000
0.388804 -0.933635 0.516306 0.000000
0.505812 -1.130766 0.168064 1.000000
0.478024 -1.098840 0.167598 1.000000
0.334747 -0.200822 0.196708 0.000000
0.379567 -0.798585 0.400121 0.000000
0.326563 -0.165364 0.191472 0.000000
0.352778 0.416835 0.150461 0.000000
0.293062 -0.968737 0.242956 0.000000
0.153471 -0.291407 0.166805 0.000000
0.383660 0.446277 0.148529 0.000000
0.332177 -0.139270 0.181492 0.000000
0.375951 0.036600 0.249893 0.000000
0.295814 -0.919846 0.229692 0.000000
-0.026422 -0.487279 0.142690 0.000000
0.415656 -0.151120 0.266202 0.000000
0.321617 0.113211 0.254657 0.000000
0.332471 -0.608819 0.197413 0.000000
0.327486 0.124034 0.176551 0.000000
0.344536 0.181365 0.094202 0.000000
0.279967 -0.970369 0.234668 0.000000
0.237613 -0.125991 0.142229 0.000000
0.345812 -0.716310 0.207480 0.000000
0.331546 0.161590 0.083730 0.000000
0.381849 -0.029628 -0.013347 0.000000
0.398008 -0.817036 0.413091 0.000000
0.095266 -0.342970 0.175589 0.000000
0.448886 -1.034809 0.190370 1.000000
0.413720 0.155210 0.095877 0.000000
0.310990 0.036163 0.177786 0.000000
0.433144 0.174568 0.169519 0.000000
0.483224 -0.012665 0.143941 0.000000
0.326371 -0.539481 0.197118 0.000000
0.085280 -0.368788 0.170076 0.000000
0.364213 -0.530597 0.300614 0.000000
0.585085 -1.283853 0.126401 1.000000
0.335284 -0.444852 0.188942 0.000000
0.381091 0.476826 0.141351 0.000000
0.328700 -0.565292 0.191100 0.000000
0.348899 -0.898870 0.187811 1.000000
0.332422 0.215313 0.161610 0.000000
0.272494 -1.078617 0.258527 0.000000
0.323513 0.160961 0.166118 0.000000
0.212556 -0.094714 0.386886 0.000000
0.334708 0.148904 0.128700 0.000000
0.453269 0.086416 0.134869 0.000000
0.342177 0.165725 0.090830 0.000000
0.331783 -0.399918 0.197694 0.000000
0.307529 -0.960892 0.216991 0.000000
0.301849 -0.899061 0.230318 0.000000
0.388397 0.092309 0.045130 0.000000
0.543720 -1.220596 0.133427 1.000000
0.337901 0.209239 0.096402 0.000000
0.360553 -0.542326 0.280176 0.000000
0.270152 -0.011768 0.334907 0.000000
0.372571 0.473245 0.129148 0.000000
0.520373 -0.184659 0.145483 0.000000
0.288038 -1.070818 0.241585 0.000000
0.235222 -0.077101 0.369266 0.000000
0.442542 -0.981121 0.613020 0.000000
0.425242 0.216796 0.128418 0.000000
0.374744 -0.676282 0.343087 0.000000
0.323827 0.236803 0.110208 0.000000
0.370346 0.054473 0.208922 0.000000
0.534308 -1.204368 0.138563 1.000000
0.530538 -1.198044 0.144925 1.000000
0.340780 0.203793 0.217609 0.000000
0.346950 -0.893326 0.208139 1.000000
0.397274 -0.207172 0.297955 0.000000
0.351440 -0.435217 0.249573 0.000000
0.313827 -1.075241 0.242823 0.000000
0.326002 -0.706499 0.210430 0.000000
0.472570 0.043139 0.134540 0.000000
0.432223 0.030856 0.083773 0.000000
0.358118 -0.498885 0.257444 0.000000
0.316685 -0.313108 0.210294 0.000000
0.524900 -0.159809 0.150684 0.000000
0.331215 -0.354982 0.191543 0.000000
0.374369 -0.056844 0.268252 0.000000
0.197025 -0.183801 0.454761 0.000000
0.275164 0.009155 0.316188 0.000000
0.049075 -0.405967 0.170782 0.000000
0.349442 0.259906 0.113071 0.000000
0.343963 -0.831629 0.217648 0.000000
0.397450 0.334352 0.154893 0.000000
0.315444 -1.101193 0.241997 0.000000
0.301546 0.071356 0.273588 0.000000
0.412358 0.001144 0.298533 0.000000
0.514980 -0.106993 0.137974 0.000000
0.285712 -1.078417 0.253293 0.000000
0.527285 -0.259533 0.182483 0.000000
0.497977 -1.126186 0.154439 1.000000
0.422513 -0.981660 0.587132 0.000000
0.327646 0.128488 0.162461 0.000000
0.452149 -1.063885 0.170270 1.000000
0.442393 0.145831 0.129185 0.000000
0.492355 -0.059161 0.115650 0.000000
0.361245 0.286631 0.113348 0.000000
0.309154 0.084374 0.269466 0.000000
0.336256 -0.450458 0.200897 0.000000
0.339741 0.244400 0.162685 0.000000
0.341653 -0.424366 0.248428 0.000000
0.401173 0.131717 0.218517 0.000000
0.394401 0.212826 0.105736 0.000000
0.362055 -0.514205 0.275752 0.000000
0.375994 0.043098 0.222363 0.000000
0.408073 0.227917 0.169439 0.000000
0.292644 -0.086673 0.035502 0.000000
0.303948 0.087236 0.260184 0.000000
0.399043 0.102958 0.222236 0.000000
0.180057 -0.264035 0.570165 0.000000
0.335964 -0.416337 0.199986 0.000000
0.385809 0.017331 0.247854 0.000000
0.337562 0.307560 0.173282 0.000000
0.396245 -0.959735 0.221995 1.000000
0.429835 -1.002228 0.194324 1.000000
0.387621 -0.000230 0.239717 0.000000
0.290069 -1.053829 0.246808 0.000000
0.341669 0.241360 0.199416 0.000000
0.037385 -0.408857 0.173934 0.000000
0.367111 -0.580732 0.304047 0.000000
0.373058 0.460875 0.119757 0.000000
0.335242 0.168317 0.170111 0.000000
0.515846 -0.093167 0.137249 0.000000
0.574273 -1.255459 0.128777 1.000000
0.501360 -0.143462 0.027396 0.000000
0.353629 -0.451612 0.275542 0.000000
0.432095 0.053666 0.081176 0.000000
0.331899 -0.320264 0.209785 0.000000
0.304329 0.068097 0.281722 0.000000
0.491758 -0.065661 0.108760 0.000000
0.431046 -1.010710 0.171116 1.000000
0.413815 0.136059 0.101754 0.000000
0.416779 0.216233 0.168691 0.000000
0.256683 -0.117870 0.162232 0.000000
-0.067744 -0.532354 0.131737 0.000000
0.445279 0.044504 0.185492 0.000000
0.326560 -0.048093 0.187951 0.000000
0.336644 -0.494746 0.200653 0.000000
0.278684 -0.942660 0.228966 0.000000
0.300751 -0.960318 0.221943 0.000000
0.399134 0.253672 0.166433 0.000000
0.400058 -0.898848 0.467468 0.000000
0.330307 0.077765 0.074290 0.000000
0.309785 -0.978792 0.216214 0.000000
0.073650 -0.385180 0.170001 0.000000
0.393963 0.110574 0.053268 0.000000
0.472679 -0.077823 0.188373 0.000000
0.221517 -0.191985 0.165814 0.000000
0.338874 -0.683255 0.203612 0.000000
0.200685 -0.165799 0.439148 0.000000
0.474833 -1.073117 0.186612 1.000000
0.572463 -0.134597 0.119208 0.000000
0.517431 -1.156758 0.156696 1.000000
0.437653 0.050558 0.196357 0.000000
0.324512 -0.215011 0.189046 0.000000
0.285415 0.071920 0.265065 0.000000
0.313108 -0.885381 0.226860 0.000000
0.481862 0.029332 0.135222 0.000000
0.325173 -0.526271 0.192018 0.000000
0.330124 -0.564447 0.205655 0.000000
0.204048 -0.203616 0.155567 0.000000
0.312285 -1.020676 0.219602 0.000000
0.400461 0.158053 0.221299 0.000000
0.262112 -1.043064 0.252428 0.000000
0.484617 0.002225 0.136221 0.000000
0.400150 0.172072 0.088363 0.000000
0.253555 -0.095211 0.141586 0.000000
0.382929 -0.895642 0.471225 0.000000
0.333931 0.123930 0.257703 0.000000
0.198442 -0.157858 0.430360 0.000000
0.304351 -1.016534 0.225525 0.000000
0.416927 -0.993734 0.190222 1.000000
0.326343 -0.740556 0.202479 0.000000
0.194849 -0.198370 -0.030544 0.000000
0.348213 -0.887556 0.221595 1.000000
0.337515 0.148613 0.085912 0.000000
0.118290 -0.313351 0.171822 0.000000
0.301691 -1.052857 0.208440 0.000000
0.520804 -0.115955 0.155774 0.000000
0.328812 0.107313 0.174515 0.000000
0.485230 -0.120656 0.181382 0.000000
0.332196 -0.113391 0.182938 0.000000
0.329314 0.202317 0.174526 0.000000
0.342781 -0.517715 0.194546 0.000000
0.395357 0.198091 0.209448 0.000000
0.327692 -0.674064 0.203869 0.000000
0.460957 0.101472 0.135213 0.000000
0.491215 -0.028441 0.141637 0.000000
0.210968 -0.152322 0.416395 0.000000
-0.103384 -0.572722 0.130462 0.000000
0.329338 -0.348121 0.201750 0.000000
0.419430 0.142348 0.123260 0.000000
0.340207 -0.634286 0.208786 0.000000
0.343891 0.429335 0.151236 0.000000
0.227420 -0.155530 0.146258 0.000000
0.171931 -0.264625 0.164866 0.000000
0.297838 -1.002014 0.236117 0.000000
0.400018 0.231889 0.101420 0.000000
0.522929 -0.129501 0.151264 0.000000
0.575448 -1.287914 0.127427 1.000000
0.300989 -1.043439 0.211438 0.000000
0.381850 0.032895 0.234101 0.000000
0.325086 -0.076535 0.188297 0.000000
0.219476 -0.091697 0.383219 0.000000
0.336275 -0.857435 0.202048 0.000000
0.294195 -0.020968 0.167076 0.000000
0.251876 -0.161402 -0.016842 0.000000
0.327492 -0.232131 0.194534 0.000000
0.143118 -0.226822 -0.036834 0.000000
0.352295 0.461207 0.147730 0.000000
0.442868 0.014188 0.210064 0.000000
0.388536 0.141904 0.064098 0.000000
-0.029390 -0.498375 0.138537 0.000000
0.355382 -0.463381 0.255979 0.000000
0.439970 -1.026614 0.187869 1.000000
0.409753 0.170072 0.104399 0.000000
0.325243 -0.988675 0.228768 0.000000
0.382229 0.307129 0.118421 0.000000
0.309485 -1.071812 0.222768 0.000000
0.327157 -0.686564 0.196008 0.000000
0.338867 -0.552732 0.186319 0.000000
0.315437 -0.961793 0.212985 0.000000
0.403860 0.240270 0.109216 0.000000
0.300857 -0.934774 0.213624 0.000000
0.246872 -0.120165 0.151496 0.000000
0.443652 0.177645 0.121603 0.000000
0.381832 -0.013909 -0.016064 0.000000
0.495371 -1.124430 0.168361 1.000000
0.376285 0.415725 0.146448 0.000000
0.310822 -0.901371 0.225089 0.000000
0.389710 0.170261 0.076734 0.000000
0.305914 -0.997709 0.213820 0.000000
0.388296 -0.845993 0.427686 0.000000
0.386624 -0.904932 0.477531 0.000000
0.375331 -0.622988 0.325700 0.000000
0.490868 -1.137140 0.157169 1.000000
0.327394 0.139700 0.237147 0.000000
0.190837 -0.163734 0.446588 0.000000
0.189356 -0.207209 0.489265 0.000000
0.329089 0.102650 0.074438 0.000000
0.314025 -1.091070 0.236061 0.000000
0.382533 -0.611555 0.328495 0.000000
0.364051 -0.509410 0.290555 0.000000
0.352584 0.102544 0.159260 0.000000
0.438546 0.020945 0.068542 0.000000
0.245427 -0.170634 -0.013653 0.000000
0.430349 -0.985818 0.592572 0.000000
0.334872 -0.801081 0.200473 0.000000
0.334737 -0.866636 0.202909 0.000000
0.322422 0.035192 0.165616 0.000000
0.532461 -0.038150 0.409449 0.000000
0.299111 -0.019842 0.050599 0.000000
0.321028 0.017548 0.179290 0.000000
0.588971 -0.141650 0.116708 0.000000
0.324804 -0.311615 0.212251 0.000000
0.436323 0.162153 0.129089 0.000000
0.444770 -1.024284 0.195515 1.000000
0.101453 -0.241308 -0.047754 0.000000
0.362789 0.307957 0.106983 0.000000
0.123667 -0.328369 0.169123 0.000000
0.194018 -0.226364 0.160700 0.000000
0.393320 0.110539 0.227609 0.000000
0.471235 -1.070698 0.177149 1.000000
0.357351 -0.647903 0.315069 0.000000
0.411063 0.190654 0.120858 0.000000
0.396054 -0.794837 0.404043 0.000000
0.367773 -0.544908 0.287981 0.000000
0.297208 -1.029295 0.231006 0.000000
0.206663 -0.175570 0.140338 0.000000
0.355811 -0.899636 0.201828 1.000000
0.328187 -0.377619 0.189308 0.000000
0.399585 0.186460 0.215654 0.000000
0.340010 0.131991 0.084407 0.000000
0.358041 -0.450085 0.246321 0.000000
0.339846 -0.619806 0.194564 0.000000
0.271988 -1.040874 0.262742 0.000000
0.493440 -0.072487 0.116217 0.000000
0.304179 -0.926723 0.233679 0.000000
0.188572 -0.199428 0.481104 0.000000
0.327434 -0.897409 0.213761 0.000000
0.352780 0.122694 0.141719 0.000000
0.351321 0.392775 0.162226 0.000000
0.336257 -0.601297 0.197701 0.000000
0.429365 -0.976197 0.583018 0.000000
0.299680 -0.891457 0.219776 0.000000
0.329143 -0.582071 0.205511 0.000000
0.329308 0.013852 0.177308 0.000000
0.332387 -0.807012 0.207474 0.000000
0.331175 -0.341620 0.184796 0.000000
0.356624 -0.523285 0.262506 0.000000
0.367676 -0.922610 0.209740 1.000000
0.138789 -0.288963 0.169728 0.000000
0.357130 -0.480290 0.251426 0.000000
0.392319 0.309873 0.128265 0.000000
0.333703 -0.832887 0.209544 0.000000
0.386827 0.330200 0.137422 0.000000
-0.012776 -0.468884 0.166763 0.000000
0.346485 -0.334553 0.200944 0.000000
0.473983 -1.065690 0.189959 1.000000
0.300917 -1.061643 0.227394 0.000000
0.412950 -0.005034 0.289443 0.000000
0.336550 -0.707477 0.205510 0.000000
0.344846 -0.381262 0.231785 0.000000
-0.066326 -0.535691 0.144070 0.000000
0.349181 0.369338 0.160682 0.000000
0.325388 0.186513 0.109000 0.000000
0.335210 0.207239 0.171699 0.000000
0.384815 0.285381 0.114441 0.000000
0.334848 0.259183 0.161827 0.000000
0.486774 -0.125802 0.042149 0.000000
0.482050 -0.100270 0.184329 0.000000
0.342218 0.226874 0.209206 0.000000
0.331678 -0.390133 0.191057 0.000000
0.408399 0.199714 0.176944 0.000000
0.285222 -1.095247 0.259277 0.000000
0.064314 -0.405342 0.166510 0.000000
0.337227 -0.781682 0.208743 0.000000
0.356293 -0.902789 0.188720 1.000000
0.340281 0.411467 0.117711 0.000000
0.003395 -0.453941 0.163754 0.000000
0.305272 0.034911 0.059939 0.000000
0.126144 -0.310851 0.170638 0.000000
0.259867 -0.153502 -0.005489 0.000000
0.195173 -0.201262 0.485640 0.000000
0.228427 -0.097368 0.382453 0.000000
0.333768 0.062458 0.066423 0.000000
0.336194 -0.393597 0.181694 0.000000
0.460534 0.017033 0.115532 0.000000
0.187605 -0.258908 0.561475 0.000000
0.246193 -0.069172 0.360034 0.000000
0.469955 0.026166 0.142252 0.000000
0.492038 -0.028329 0.376322 0.000000
0.335132 -0.828119 0.201557 0.000000
0.330414 -0.486107 0.185902 0.000000
0.324508 -0.907774 0.223136 0.000000
0.540348 -1.185001 0.153819 1.000000
0.219582 -0.170199 0.148340 0.000000
0.336918 -0.177240 0.189597 0.000000
0.510751 -1.124408 0.167386 1.000000
0.607236 -1.311700 0.116409 1.000000
0.334889 -0.288385 0.203437 0.000000
0.370948 -0.050822 -0.026449 0.000000
0.436073 0.123385 0.126392 0.000000
0.333431 -0.334822 0.195313 0.000000
0.384031 -0.729326 0.368976 0.000000
0.281017 -1.062205 0.253800 0.000000
0.343577 -0.687634 0.209083 0.000000
0.353544 0.304374 0.168181 0.000000
0.267104 -1.027246 0.242660 0.000000
0.332865 0.390189 0.133482 0.000000
0.019839 -0.431733 0.170381 0.000000
0.298450 -0.071531 0.017759 0.000000
0.342926 -0.321927 0.194952 0.000000
-0.113946 -0.581789 0.123231 0.000000
0.267807 -1.061442 0.264682 0.000000
0.312758 -0.903186 0.211149 0.000000
0.277786 -0.049549 0.144607 0.000000
0.444894 -1.044107 0.185306 1.000000
0.345154 -0.737780 0.208574 0.000000
0.300503 -1.051447 0.225478 0.000000
0.323912 0.301928 0.107217 0.000000
0.390052 0.406708 0.149870 0.000000
0.386038 0.420376 0.158781 0.000000
0.323174 -0.196060 0.184785 0.000000
0.386291 -0.914321 0.497196 0.000000
0.336019 0.163299 0.246730 0.000000
0.076693 -0.356913 0.177320 0.000000
0.371646 -0.649881 0.332070 0.000000
0.190983 -0.182142 0.462474 0.000000
0.186649 -0.237898 0.536276 0.000000
0.376946 -0.933800 0.200732 1.000000
0.393141 0.258766 0.119423 0.000000
0.306548 -0.920506 0.238992 0.000000
0.436137 0.061029 0.194985 0.000000
0.330092 -0.196972 0.189554 0.000000
0.331998 -0.662286 0.206110 0.000000
0.336629 -0.254773 0.200688 0.000000
0.288659 -0.980478 0.237960 0.000000
0.448080 0.059172 0.185520 0.000000
0.445520 0.029009 0.179407 0.000000
-0.062529 -0.528707 0.126038 0.000000
0.573616 -1.268997 0.124720 1.000000
0.326146 -0.947457 0.224610 0.000000
0.526534 -0.190026 0.158029 0.000000
0.327593 0.118132 0.170635 0.000000
0.310115 0.015579 0.175966 0.000000
0.433621 0.025630 0.077788 0.000000
0.392615 0.093949 0.227514 0.000000
0.464627 -0.073930 0.058428 0.000000
0.397418 0.359032 0.168667 0.000000
0.419749 -0.129391 0.248902 0.000000
0.331664 0.256761 0.101356 0.000000
0.394061 0.052531 0.232719 0.000000
0.366015 -0.622741 0.316413 0.000000
0.315252 -1.082065 0.230322 0.000000
0.350413 0.351071 0.160583 0.000000
0.464678 -1.070088 0.172605 1.000000
0.258405 -0.103629 0.170471 0.000000
0.373182 -0.865529 0.434910 0.000000
0.383837 -0.565239 0.314208 0.000000
0.507965 -0.079294 0.159756 0.000000
0.292099 -0.919853 0.238054 0.000000
0.079425 -0.370817 0.179897 0.000000
0.268069 -0.078823 0.165441 0.000000
0.276250 -1.031956 0.271706 0.000000
0.339896 0.335267 0.160506 0.000000
0.297433 -1.023617 0.220977 0.000000
0.400644 -0.189978 0.287111 0.000000
0.328115 -0.351561 0.226879 0.000000
0.422325 -0.003718 0.312723 0.000000
0.364907 0.471700 0.120651 0.000000
0.387758 -0.884281 0.454814 0.000000
0.368579 0.371863 0.118448 0.000000
0.294674 -0.070667 0.038121 0.000000
0.432600 0.110457 0.124381 0.000000
-0.127937 -0.592685 0.121786 0.000000
0.468432 0.002777 0.113460 0.000000
0.337656 0.380548 0.127055 0.000000
0.323275 -0.980051 0.227644 0.000000
-0.078848 -0.544219 0.125325 0.000000
0.396180 0.147765 0.070551 0.000000
0.284642 -0.114187 0.019458 0.000000
0.043757 -0.421211 0.165255 0.000000
0.207099 -0.172439 0.434604 0.000000
0.393740 -0.775743 0.394096 0.000000
0.187170 -0.245838 0.541775 0.000000
0.291474 -0.929016 0.240017 0.000000
-0.043923 -0.500440 0.154811 0.000000
0.326373 -0.349270 0.188863 0.000000
0.473087 -0.086034 0.185310 0.000000
0.404323 0.160946 0.213738 0.000000
0.616191 -1.318012 0.121600 1.000000
0.111390 -0.337671 0.171018 0.000000
-0.025295 -0.483271 0.156606 0.000000
0.339111 0.202049 0.166955 0.000000
0.364194 -0.557587 0.284364 0.000000
0.394768 0.103318 0.049757 0.000000
0.393501 -0.910964 0.481962 0.000000
0.287952 0.031444 0.303405 0.000000
0.372331 -0.929302 0.214193 1.000000
0.300792 -1.079363 0.241740 0.000000
0.327473 0.077703 0.175028 0.000000
0.338916 0.317732 0.104079 0.000000
0.325916 -0.511385 0.190906 0.000000
0.489829 -0.002603 0.129786 0.000000
0.351575 -0.897052 0.229570 1.000000
0.513732 -0.091029 0.151860 0.000000
0.152574 -0.274618 0.166028 0.000000
0.365431 -0.594581 0.306462 0.000000
0.553181 -0.043378 0.425307 0.000000
0.300825 -1.002155 0.203120 0.000000
0.277305 -0.127592 0.016795 0.000000
0.368540 -0.644522 0.326921 0.000000
0.346255 -0.882761 0.199243 1.000000
0.188569 -0.224536 0.514175 0.000000
0.298355 -1.013659 0.232511 0.000000
0.395554 0.324359 0.128511 0.000000
0.330743 0.029789 0.178608 0.000000
0.408954 -0.179674 0.279531 0.000000
0.439348 -1.031440 0.173975 1.000000
0.334437 -0.642741 0.202660 0.000000
0.116002 -0.227988 -0.048170 0.000000
0.268458 -1.043976 0.270434 0.000000
0.523674 -0.242384 0.172983 0.000000
0.399529 0.062448 0.033759 0.000000
0.328148 0.079361 0.183642 0.000000
0.398497 0.116790 0.056583 0.000000
0.274872 -0.009214 0.327998 0.000000
0.558701 -1.231347 0.141037 1.000000
0.189359 -0.151250 0.441127 0.000000
0.296451 0.058464 0.285524 0.000000
0.371988 -0.041464 0.264522 0.000000
0.385698 0.385034 0.150043 0.000000
0.379114 0.436257 0.125587 0.000000
0.444461 0.131052 0.126005 0.000000
0.323269 0.126285 0.242792 0.000000
0.321116 -0.935168 0.230320 0.000000
0.350665 -0.400579 0.234290 0.000000
0.266458 -1.041655 0.245733 0.000000
0.296264 -0.056873 0.038772 0.000000
0.418777 0.149123 0.097003 0.000000
0.308435 -1.037393 0.226900 0.000000
0.517488 -1.141006 0.163102 1.000000
0.506583 -0.247253 -0.053452 0.000000
0.215363 -0.177869 0.148854 0.000000
0.407016 -0.945041 0.514427 0.000000
0.609930 -1.328223 0.116069 1.000000
0.380204 -0.940573 0.189670 1.000000
0.329447 0.250052 0.163906 0.000000
0.365190 -0.063253 0.285775 0.000000
0.494323 -1.114235 0.168201 1.000000
0.329450 0.308292 0.105752 0.000000
0.390132 0.030976 0.012889 0.000000
0.436400 0.050307 0.074373 0.000000
0.338111 -0.841258 0.200404 0.000000
0.520230 -1.140631 0.171297 1.000000
0.369035 0.448056 0.123924 0.000000
0.333103 -0.213127 0.191519 0.000000
-0.085453 -0.557154 0.134475 0.000000
0.510157 -0.181869 -0.003886 0.000000
0.369771 -0.787847 0.390677 0.000000
0.320518 -0.991560 0.221142 0.000000
0.332921 -0.421459 0.191936 0.000000
0.375901 0.488360 0.125862 0.000000
0.330480 -0.003748 0.179120 0.000000
0.314132 -0.964629 0.222445 0.000000
0.308603 -0.928240 0.225500 0.000000
0.328689 -0.629696 0.207624 0.000000
0.503755 -1.122118 0.170404 1.000000
0.332377 0.146851 0.241536 0.000000
0.263617 0.030792 0.299982 0.000000
0.335815 -0.732108 0.206810 0.000000
0.331279 -0.258701 0.189421 0.000000
0.327843 -0.040370 0.180081 0.000000
0.638458 -0.167290 0.098103 0.000000
0.515551 -0.276595 0.186324 0.000000
0.335681 0.344497 0.114013 0.000000
0.405751 0.186978 0.182679 0.000000
0.326228 0.353570 0.120772 0.000000
0.547448 -1.204346 0.143923 1.000000
0.481629 -0.031414 0.118664 0.000000
-0.046101 -0.509313 0.144990 0.000000
0.394629 -0.833148 0.423073 0.000000
0.387177 0.002994 -0.009208 0.000000
0.333877 0.357922 0.123521 0.000000
0.292450 -1.074493 0.212132 0.000000
0.364142 -0.528671 0.258895 0.000000
-0.014616 -0.481489 0.148320 0.000000
0.323450 -0.323479 0.208231 0.000000
0.421321 0.155125 0.181590 0.000000
0.369614 -0.051010 -0.035010 0.000000
0.418393 0.102391 0.098614 0.000000
0.327682 -0.841937 0.214780 0.000000
0.358590 -0.420617 0.229467 0.000000
0.336940 -0.820980 0.222154 0.000000
0.424481 0.122224 0.188912 0.000000
0.508168 -0.074493 0.153406 0.000000
0.208280 -0.188392 0.149421 0.000000
0.415704 -0.169175 0.270404 0.000000
0.393358 0.020850 0.001258 0.000000
0.422287 -0.971817 0.576455 0.000000
0.386318 0.329509 0.149894 0.000000
-0.093042 -0.555717 0.123019 0.000000
0.400535 -0.955330 0.549941 0.000000
0.337374 0.188643 0.236249 0.000000
0.196843 -0.177309 0.449924 0.000000
0.323583 -0.970179 0.232968 0.000000
0.396886 -0.866395 0.442379 0.000000
0.410744 0.284248 0.121190 0.000000
0.323287 0.111549 0.071628 0.000000
0.015624 -0.442855 0.160927 0.000000
0.403856 0.315926 0.124929 0.000000
0.335035 -0.563439 0.199126 0.000000
0.379505 0.320420 0.122675 0.000000
0.498081 -0.028284 0.382863 0.000000
0.340437 0.337043 0.110141 0.000000
0.389611 0.346609 0.146728 0.000000
0.394132 0.060131 0.028236 0.000000
0.402765 0.077040 0.228593 0.000000
0.362895 -0.916716 0.211338 1.000000
0.363256 -0.898890 0.203877 1.000000
0.249499 -0.128084 0.167556 0.000000
0.488476 -0.123436 0.174763 0.000000
0.302029 -1.016748 0.207957 0.000000
0.366191 -0.579466 0.311827 0.000000
0.460019 -1.075789 0.164280 1.000000
0.357590 -0.417723 0.236838 0.000000
0.447287 -0.021717 0.066148 0.000000
0.290987 -0.992414 0.245271 0.000000
0.455276 -0.018668 0.187014 0.000000
0.336197 0.174097 0.240073 0.000000
0.526592 -0.228414 0.168559 0.000000
0.366926 0.436725 0.115214 0.000000
0.336507 -0.660966 0.199109 0.000000
0.295346 -1.040882 0.235918 0.000000
0.613456 -1.296840 0.114956 1.000000
0.441648 -0.028880 0.216241 0.000000
0.489949 -0.051737 0.111821 0.000000
0.420456 0.134110 0.094939 0.000000
0.356661 -0.521157 0.285471 0.000000
0.312306 -1.142561 0.243419 0.000000
0.393332 0.308977 0.162936 0.000000
0.302971 -0.058047 0.030878 0.000000
0.327069 -0.641076 0.205435 0.000000
0.322572 -0.021378 0.185481 0.000000
0.350205 -0.465961 0.271473 0.000000
0.006958 -0.446556 0.168047 0.000000
0.342658 0.387377 0.157043 0.000000
0.333431 0.209803 0.104512 0.000000
0.133348 -0.224301 -0.046409 0.000000
0.412320 0.199027 0.123356 0.000000
0.331287 -0.466539 0.200509 0.000000
0.117814 -0.289641 0.168247 0.000000
0.327443 -0.172615 0.181056 0.000000
0.471573 -1.084215 0.180713 1.000000
0.336248 -0.535081 0.198623 0.000000
0.303666 -0.885150 0.225472 0.000000
0.399168 0.203751 0.094572 0.000000
0.534624 -0.111110 0.117308 0.000000
0.388404 0.278167 0.122680 0.000000
0.452570 0.031903 0.118921 0.000000
0.438388 -0.982721 0.606157 0.000000
0.474760 -0.087861 0.056753 0.000000
0.385114 0.421065 0.149808 0.000000
0.474147 -0.062243 0.063847 0.000000
0.352722 0.256462 0.103644 0.000000
0.447947 0.042958 0.115341 0.000000
0.476707 -1.081697 0.171895 1.000000
0.340906 0.260370 0.157251 0.000000
0.416665 0.208623 0.169739 0.000000
0.468723 -0.097340 0.046731 0.000000
0.240091 -0.176473 -0.008576 0.000000
0.417190 0.162656 0.099478 0.000000
0.376732 -0.586670 0.317628 0.000000
0.398625 0.127429 0.227206 0.000000
0.438273 -1.034066 0.187133 1.000000
0.341014 0.098216 0.169815 0.000000
0.325771 -0.394022 0.194428 0.000000
0.445314 0.008894 0.085515 0.000000
0.329321 0.222672 0.108860 0.000000
0.487187 -0.037695 0.107830 0.000000
0.270205 -0.064973 0.169235 0.000000
-0.051677 -0.515994 0.137881 0.000000
0.296656 -1.052399 0.242441 0.000000
0.190377 -0.202385 0.146935 0.000000
0.430446 -1.006410 0.213409 1.000000
0.337220 -0.559222 0.191873 0.000000
0.357247 0.295608 0.108808 0.000000
0.320394 0.090800 0.169853 0.000000
0.516416 -0.077813 0.154396 0.000000
0.339454 -0.506967 0.193759 0.000000
0.433611 0.075522 0.191384 0.000000
0.341509 0.319775 0.164014 0.000000
0.334586 -0.851525 0.215100 0.000000
0.202740 -0.198808 -0.031424 0.000000
0.385786 0.416213 0.135696 0.000000
0.275024 -1.087718 0.283066 0.000000
0.329424 -0.452070 0.197652 0.000000
0.318911 -0.889345 0.229884 0.000000
0.189906 -0.220313 0.156030 0.000000
0.279019 -1.050553 0.240283 0.000000
0.358195 -0.502952 0.267681 0.000000
0.389214 0.316069 0.132037 0.000000
0.298005 -0.980989 0.229151 0.000000
0.316719 -0.900330 0.220339 0.000000
0.309625 -0.852881 0.218708 0.000000
0.406814 -0.950821 0.536590 0.000000
0.398217 -0.899998 0.474816 0.000000
0.378918 0.460809 0.147159 0.000000
0.413077 -0.956820 0.547467 0.000000
0.422794 -0.999835 0.189248 1.000000
0.356563 0.078863 0.170861 0.000000
0.429032 0.129396 0.125866 0.000000
0.325033 -0.438966 0.188873 0.000000
0.342068 -0.575596 0.196539 0.000000
0.335549 -0.855303 0.222553 0.000000
0.450114 -0.016448 0.338833 0.000000
0.459707 -0.037364 0.073287 0.000000
0.495780 -0.150211 0.159920 0.000000
-0.028382 -0.488790 0.150668 0.000000
0.516991 -0.258307 0.180124 0.000000
0.316638 -0.022504 0.040072 0.000000
0.315912 -1.074072 0.233758 0.000000
0.463599 -1.062925 0.167416 1.000000
0.316459 -0.943141 0.215506 0.000000
0.367854 -0.519370 0.295299 0.000000
0.204838 -0.222737 0.171460 0.000000
0.036118 -0.432376 0.167412 0.000000
0.399840 0.188329 0.091106 0.000000
0.405872 -0.855190 0.437319 0.000000
0.311060 -1.016377 0.234978 0.000000
0.296463 -0.945690 0.237170 0.000000
0.343092 -0.453220 0.192506 0.000000
0.273574 -1.001951 0.243026 0.000000
0.332375 0.076232 0.066975 0.000000
0.430557 0.129835 0.177687 0.000000
0.358777 -0.586897 0.290032 0.000000
0.317151 -0.848579 0.220558 0.000000
0.430695 -0.106635 0.241710 0.000000
0.287007 -1.017001 0.241008 0.000000
0.225406 -0.105697 0.387785 0.000000
0.242382 -0.039924 0.348583 0.000000
0.387397 0.024309 0.245228 0.000000
0.425982 0.114507 0.091148 0.000000
0.393296 -0.955532 0.201912 1.000000
0.367687 0.338594 0.117368 0.000000
0.293424 -1.079322 0.239906 0.000000
0.468118 -0.023591 0.354087 0.000000
0.440218 0.078790 0.179049 0.000000
0.210502 -0.197776 -0.024479 0.000000
0.396367 -0.926008 0.496198 0.000000
0.328753 0.135657 0.174983 0.000000
0.334051 0.324758 0.107899 0.000000
0.423335 -1.002278 0.201642 1.000000
0.534761 -1.217673 0.136141 1.000000
0.342511 0.328621 0.155253 0.000000
0.033830 -0.419066 0.170463 0.000000
0.433837 0.100181 0.123655 0.000000
0.517330 -0.100194 0.112347 0.000000
0.378846 -0.030235 -0.020270 0.000000
0.466950 0.057105 0.141231 0.000000
0.350908 0.449185 0.151683 0.000000
0.336611 -0.364925 0.232858 0.000000
0.346210 0.214637 0.100546 0.000000
0.347656 -0.438177 0.243725 0.000000
0.360789 -0.534925 0.278617 0.000000
0.509459 -0.234020 -0.045439 0.000000
0.386893 0.339356 0.140666 0.000000
0.447826 0.009110 0.183710 0.000000
0.259576 -0.016654 0.329005 0.000000
0.424974 0.143203 0.093505 0.000000
0.333035 -0.405292 0.190273 0.000000
0.469784 -1.077064 0.182386 1.000000
0.253739 -0.045911 0.349649 0.000000
0.568396 -1.233207 0.136088 1.000000
0.332064 -0.794849 0.217204 0.000000
0.331784 -0.588636 0.197617 0.000000
0.443419 0.111694 0.132094 0.000000
0.021356 -0.438772 0.164865 0.000000
0.312882 -1.064902 0.237628 0.000000
0.399685 0.175877 0.081727 0.000000
0.397557 0.186822 0.083931 0.000000
0.523932 -0.102179 0.117239 0.000000
0.294049 -1.039883 0.211814 0.000000
0.362082 -0.916707 0.222991 1.000000
0.422103 0.177540 0.173733 0.000000
0.336744 0.178627 0.228720 0.000000
0.337046 -0.384361 0.243901 0.000000
0.345920 0.458796 0.143122 0.000000
0.319257 -0.874150 0.214798 0.000000
0.377683 -0.570669 0.314564 0.000000
0.346424 -0.647864 0.199976 0.000000
0.340987 0.393679 0.131498 0.000000
0.399713 0.343246 0.125974 0.000000
0.350462 -0.346356 0.212102 0.000000
0.426905 -0.077497 0.227499 0.000000
0.415620 -1.002587 0.172050 1.000000
0.485189 -0.021675 0.148463 0.000000
0.452905 0.126954 0.126645 0.000000
0.471090 -1.076734 0.172613 1.000000
0.320540 -0.105057 0.179336 0.000000
0.501625 -0.059532 0.150232 0.000000
0.434519 0.191306 0.125929 0.000000
0.438153 -0.102222 0.242994 0.000000
0.402759 -0.821888 0.422199 0.000000
0.437849 -0.059793 0.225227 0.000000
0.328260 -0.325625 0.189985 0.000000
0.299827 -0.010268 0.172719 0.000000
0.343576 0.197111 0.093071 0.000000
0.222942 -0.063476 0.371285 0.000000
0.271122 -1.040290 0.237762 0.000000
-0.056608 -0.523177 0.129758 0.000000
0.546423 -0.123143 0.113034 0.000000
0.344384 -0.825443 0.207560 0.000000
0.291772 -1.086331 0.229394 0.000000
0.325589 -0.608520 0.205706 0.000000
0.362701 -0.913554 0.196232 1.000000
0.297060 -0.014446 0.182379 0.000000
0.333515 -0.217012 0.199034 0.000000
0.327075 -0.418280 0.188487 0.000000
0.341075 -0.801654 0.218709 0.000000
0.338241 -0.700275 0.212640 0.000000
0.285093 -0.956338 0.235065 0.000000
0.374175 0.420101 0.119634 0.000000
0.392251 -0.822257 0.414333 0.000000
0.341646 0.170621 0.113534 0.000000
0.134241 -0.332028 0.171175 0.000000
0.327674 0.158695 0.173188 0.000000
0.516696 -1.168516 0.155683 1.000000
0.327434 -0.241996 0.196205 0.000000
0.292501 -1.151995 0.223744 0.000000
0.395128 0.371079 0.160439 0.000000
0.290254 -0.937857 0.227530 0.000000
0.314520 0.022735 0.057355 0.000000
0.177531 -0.212119 -0.035988 0.000000
0.378202 -0.004434 -0.006826 0.000000
0.391054 0.371842 0.126441 0.000000
0.414406 -0.958618 0.554826 0.000000
0.316620 -0.915353 0.226949 0.000000
0.530645 -1.179914 0.148961 1.000000
0.462368 -0.080407 0.055101 0.000000
0.333978 -0.797747 0.209880 0.000000
0.586610 -0.055570 0.451130 0.000000
0.387561 0.015500 0.005036 0.000000
0.527354 -0.164587 0.155875 0.000000
0.383918 -0.711662 0.368451 0.000000
0.295979 -1.055867 0.212194 0.000000
0.417991 0.131320 0.194074 0.000000
0.450963 -0.026325 0.070840 0.000000
0.355222 -0.512225 0.270811 0.000000
0.444828 -0.006139 0.071226 0.000000
0.334428 0.402466 0.135392 0.000000
0.325637 -0.117656 0.189150 0.000000
0.307572 -1.030715 0.230716 0.000000
0.463494 -1.057042 0.184050 1.000000
0.435198 0.064751 0.203921 0.000000
0.274824 -0.060602 0.147424 0.000000
0.351927 -0.453009 0.267077 0.000000
0.494312 -1.130727 0.149802 1.000000
0.540199 -1.193591 0.150075 1.000000
0.336508 0.185549 0.110047 0.000000
0.598033 -1.286207 0.125237 1.000000
0.329072 0.230066 0.109708 0.000000
0.441725 0.048550 0.177876 0.000000
0.488333 -1.122767 0.161637 1.000000
0.458632 -0.024904 0.191643 0.000000
0.333454 -0.679747 0.207504 0.000000
0.420217 -0.979032 0.580278 0.000000
0.384227 -0.765924 0.386929 0.000000
0.332814 -0.762578 0.202282 0.000000
0.333196 0.126968 0.079605 0.000000
0.448869 -1.040161 0.177308 1.000000
0.426704 -1.012145 0.187499 1.000000
0.394081 0.476075 0.123896 0.000000
0.299115 -0.049598 0.041464 0.000000
0.430860 0.059562 0.093582 0.000000
0.307729 0.060587 0.065099 0.000000
0.375200 -0.635954 0.329873 0.000000
0.386869 0.302559 0.158817 0.000000
0.267693 -1.066762 0.241457 0.000000
0.363601 -0.500181 0.291686 0.000000
0.369721 0.349425 0.117429 0.000000
0.337468 -0.361796 0.225366 0.000000
0.267831 -0.142723 0.000591 0.000000
0.083676 -0.375920 0.164164 0.000000
0.206367 -0.160921 0.426720 0.000000
0.215315 -0.191102 -0.033166 0.000000
0.489579 -0.132652 0.169981 0.000000
0.338462 0.191129 0.163323 0.000000
0.588666 -1.284274 0.119892 1.000000
0.331717 -0.751493 0.212325 0.000000
0.357969 -0.434609 0.233565 0.000000
0.406167 -0.867614 0.444020 0.000000
0.316345 -0.858401 0.227887 0.000000
0.442093 0.017701 0.085036 0.000000
0.325425 -0.507265 0.197055 0.000000
0.399279 0.008269 0.264786 0.000000
0.330933 0.161870 0.219835 0.000000
0.452752 -0.033713 0.183003 0.000000
0.554736 -1.188360 0.143703 1.000000
0.417951 0.239851 0.132241 0.000000
0.321685 -1.135606 0.242229 0.000000
0.293067 -1.061507 0.248040 0.000000
0.320392 0.104982 0.261818 0.000000
0.240039 -1.106724 0.251848 0.000000
0.337253 -0.549895 0.193967 0.000000
0.440765 0.005067 0.066632 0.000000
0.342949 0.483551 0.148633 0.000000
0.098608 -0.359721 0.169391 0.000000
0.334579 -0.668969 0.202944 0.000000
0.319635 0.283383 0.109642 0.000000
0.480586 -1.084480 0.177780 1.000000
0.513241 -0.169705 0.152868 0.000000
0.230469 -0.174712 0.160582 0.000000
0.473012 0.014404 0.110521 0.000000
0.389697 0.482046 0.117642 0.000000
0.331018 -0.355714 0.233470 0.000000
0.329597 0.004584 0.186839 0.000000
0.238546 -0.142452 0.152389 0.000000
0.332079 -0.638172 0.210743 0.000000
0.338744 -0.567874 0.192750 0.000000
0.581774 -1.269521 0.124206 1.000000
0.365538 -0.533814 0.293895 0.000000
0.369222 -0.067415 -0.036983 0.000000
0.229537 -0.191771 -0.022049 0.000000
0.333000 -0.687488 0.202073 0.000000
0.323675 -0.882013 0.231753 0.000000
0.328043 0.038227 0.174587 0.000000
0.307169 -0.948240 0.226677 0.000000
0.206161 -0.218339 0.161241 0.000000
0.299903 -0.034016 0.050839 0.000000
0.364912 -0.570707 0.301363 0.000000
0.186145 -0.253022 0.550935 0.000000
0.412972 0.198878 0.103157 0.000000
0.344954 -0.421059 0.255196 0.000000
0.340632 0.371513 0.122393 0.000000
0.256110 0.009244 0.310492 0.000000
0.322254 0.105723 0.168626 0.000000
0.331742 -0.361152 0.187264 0.000000
0.399189 0.257226 0.196479 0.000000
0.361130 0.066619 0.199267 0.000000
0.270083 0.020431 0.312430 0.000000
0.330709 0.203975 0.165759 0.000000
0.311784 0.103792 0.250368 0.000000
0.410344 0.184929 0.125527 0.000000
0.226795 -0.168473 0.155960 0.000000
0.320138 -0.249005 0.192735 0.000000
0.283998 -0.961708 0.230122 0.000000
0.276547 -1.050657 0.274311 0.000000
0.390373 0.157975 0.068175 0.000000
0.440223 -1.036561 0.167074 1.000000
0.334179 0.293118 0.162788 0.000000
0.322200 -0.146064 0.189820 0.000000
0.335804 -0.371277 0.185215 0.000000
0.300651 -0.003809 0.151894 0.000000
0.602506 -1.302911 0.112577 1.000000
0.209555 -0.106238 0.395698 0.000000
0.388286 0.105984 0.052288 0.000000
0.338259 0.186082 0.221338 0.000000
0.382713 -0.901464 0.466727 0.000000
0.302314 0.006214 0.166751 0.000000
0.439066 -0.009130 0.066694 0.000000
0.332403 0.176171 0.217483 0.000000
0.530763 -0.251952 0.179259 0.000000
0.275681 0.016446 0.309700 0.000000
0.444906 0.072689 0.120778 0.000000
0.362629 0.424932 0.122937 0.000000
-0.067143 -0.528741 0.139129 0.000000
0.523303 -0.249652 0.176606 0.000000
0.328729 -0.808989 0.218681 0.000000
0.009789 -0.455513 0.158651 0.000000
0.394235 0.356016 0.155261 0.000000
0.370829 0.047858 0.224514 0.000000
0.477018 0.037443 0.133238 0.000000
0.495141 -0.047485 0.153495 0.000000
0.352577 -0.395374 0.227303 0.000000
0.281127 -1.107882 0.252928 0.000000
0.286606 -1.068094 0.258264 0.000000
0.426801 0.115260 0.116815 0.000000
0.230588 -0.048784 0.356826 0.000000
0.302779 0.096409 0.248330 0.000000
0.297516 -0.065306 0.044400 0.000000
0.346365 0.087724 0.179087 0.000000
0.341337 0.254655 0.208771 0.000000
0.248877 -0.050608 0.352821 0.000000
0.436180 0.140299 0.126404 0.000000
0.632271 -0.161497 0.100743 0.000000
0.147723 -0.221016 -0.042650 0.000000
0.404636 0.314553 0.160832 0.000000
0.341209 0.303398 0.168265 0.000000
0.329817 -0.326033 0.213808 0.000000
0.409631 -0.964569 0.555464 0.000000
0.334162 -0.472189 0.191503 0.000000
0.367347 -0.665034 0.333240 0.000000
0.237027 -0.178889 -0.021538 0.000000
0.293890 -1.041342 0.225516 0.000000
0.343438 0.223740 0.102187 0.000000
0.324614 -0.226418 0.185448 0.000000
0.527068 -0.203811 0.126920 0.000000
0.389343 0.399473 0.153737 0.000000
0.373425 -0.603544 0.318011 0.000000
0.335413 -0.432315 0.200974 0.000000
0.296849 -1.062616 0.220207 0.000000
0.388773 0.265986 0.119113 0.000000
0.488129 -0.038090 0.156314 0.000000
0.346347 0.125375 0.139512 0.000000
0.391826 -0.895077 0.464728 0.000000
-0.003245 -0.461016 0.157930 0.000000
0.383535 0.027539 0.265143 0.000000
0.293453 -0.023146 0.151732 0.000000
0.264966 -1.109751 0.269068 0.000000
0.242299 -0.062184 0.359701 0.000000
0.493031 -0.134119 0.036628 0.000000
0.283853 -1.014224 0.256231 0.000000
0.395143 0.219111 0.095703 0.000000
0.326694 -0.139915 0.189371 0.000000
0.440034 -0.088565 0.238245 0.000000
0.245546 -0.131039 0.159785 0.000000
0.104797 -0.357060 0.173707 0.000000
0.398552 -0.206200 0.305073 0.000000
0.323271 0.139921 0.172747 0.000000
0.361328 -0.532558 0.285627 0.000000
0.512184 -0.085037 0.120290 0.000000
0.323130 -0.034111 0.176979 0.000000
0.407689 -0.932249 0.499047 0.000000
0.352300 -0.891676 0.200901 1.000000
0.289369 0.010377 0.319148 0.000000
0.423137 -0.004362 0.300485 0.000000
0.385511 -0.921611 0.496078 0.000000
0.328899 -0.493483 0.199845 0.000000
0.292058 -0.091552 0.027289 0.000000
0.191324 -0.171051 0.451702 0.000000
0.474648 -0.009175 0.105927 0.000000
0.409691 0.257834 0.164081 0.000000
-0.094386 -0.561375 0.135815 0.000000
0.394151 -0.965239 0.176767 1.000000
0.336385 0.144133 0.172125 0.000000
0.434746 0.087904 0.080905 0.000000
0.397515 0.160292 0.081199 0.000000
0.357275 -0.369703 0.216650 0.000000
0.382864 -0.869788 0.440981 0.000000
0.461358 0.094996 0.130844 0.000000
0.449069 -0.037599 0.062440 0.000000
0.444086 0.152775 0.127538 0.000000
0.237472 -0.132806 0.139518 0.000000
0.466657 -0.070560 0.181871 0.000000
0.298913 -1.041430 0.220264 0.000000
0.318786 -0.894345 0.211423 0.000000
0.373209 0.387998 0.121113 0.000000
0.299320 -0.931253 0.238794 0.000000
0.417848 0.187019 0.174822 0.000000
0.393506 -0.765967 0.388356 0.000000
0.332048 -0.751100 0.202031 0.000000
0.333771 -0.458462 0.184925 0.000000
0.339944 -0.499396 0.185641 0.000000
0.319682 0.004050 0.051036 0.000000
0.430964 -0.113285 0.238661 0.000000
0.405843 0.258365 0.122854 0.000000
0.296624 -0.013928 0.160689 0.000000
0.331189 -0.516896 0.188286 0.000000
0.230387 -0.066788 0.365474 0.000000
0.340785 -0.315107 0.196357 0.000000
0.385721 0.000998 0.005493 0.000000
0.364183 0.058010 0.210363 0.000000
0.332147 -0.880521 0.208328 0.000000
0.349891 0.244459 0.099056 0.000000
0.287445 -0.036456 0.173479 0.000000
0.378175 0.428888 0.127498 0.000000
0.391777 0.048568 0.023731 0.000000
0.323782 -0.178593 0.191651 0.000000
0.293494 -1.016568 0.237024 0.000000
0.344097 -0.373594 0.226980 0.000000
0.306524 -1.005941 0.208988 0.000000
0.402944 0.323989 0.124079 0.000000
0.174224 -0.266940 0.575480 0.000000
0.330529 -0.542080 0.188595 0.000000
0.329255 -0.205520 0.196321 0.000000
0.322461 -1.099931 0.243243 0.000000
0.350034 -0.323023 0.195753 0.000000
0.511424 -1.140565 0.168899 1.000000
0.411284 -0.963790 0.546735 0.000000
0.351443 0.400361 0.153226 0.000000
0.310139 -1.065242 0.225723 0.000000
0.386163 0.341077 0.150587 0.000000
0.363940 -0.638475 0.317665 0.000000
0.395034 0.207712 0.213229 0.000000
0.331855 -0.849229 0.208659 0.000000
0.324542 -0.010346 0.174121 0.000000
0.271584 -0.079909 0.159225 0.000000
0.327620 -0.081998 0.182266 0.000000
0.343150 0.211349 0.201022 0.000000
0.416238 -0.959583 0.563630 0.000000
0.286800 -0.036519 0.164969 0.000000
0.558456 -0.135039 0.114316 0.000000
0.316960 0.036714 0.173548 0.000000
0.344416 0.218323 0.089083 0.000000
0.311095 -1.023860 0.234034 0.000000
-0.058389 -0.521415 0.150065 0.000000
0.326841 0.197787 0.166261 0.000000
0.382366 0.473404 0.125227 0.000000
0.315786 -0.987446 0.227239 0.000000
0.328961 0.174984 0.168478 0.000000
0.276820 -0.058694 0.166858 0.000000
0.372956 0.481185 0.117343 0.000000
0.398884 0.098539 0.228222 0.000000
0.204958 -0.138386 0.416069 0.000000
0.381068 -0.784836 0.393412 0.000000
0.398019 0.089318 0.228650 0.000000
0.329779 0.243172 0.101994 0.000000
0.377211 -0.613397 0.323319 0.000000
0.324776 -0.925291 0.217942 0.000000
0.314151 -0.886054 0.237729 0.000000
0.323944 -0.848592 0.218165 0.000000
0.342555 -0.863731 0.213665 0.000000
0.348120 -0.447087 0.247966 0.000000
0.061681 -0.380123 0.176075 0.000000
0.223532 -0.063402 0.361184 0.000000
0.496160 -0.049052 0.107986 0.000000
0.420741 0.240576 0.122978 0.000000
0.512450 -0.088370 0.143262 0.000000
0.262280 -0.088637 0.154144 0.000000
0.522910 -1.174600 0.142151 1.000000
-0.001403 -0.473603 0.144616 0.000000
0.335682 -0.338473 0.218018 0.000000
-0.078630 -0.537227 0.138326 0.000000
0.334004 -0.477762 0.204525 0.000000
0.341455 0.176612 0.089749 0.000000
0.346460 0.139084 0.131547 0.000000
0.296132 -0.960782 0.241727 0.000000
0.336720 -0.164008 0.190996 0.000000
0.359336 -0.444832 0.237858 0.000000
0.292437 -1.095548 0.231188 0.000000
0.319470 0.132282 0.228437 0.000000
0.403528 0.196854 0.122353 0.000000
0.349180 0.261762 0.180381 0.000000
0.388500 0.036305 0.238723 0.000000
0.340328 -0.774203 0.206761 0.000000
0.509000 -0.175808 -0.000224 0.000000
0.401075 -0.887291 0.457147 0.000000
0.457542 -1.058714 0.169262 1.000000
0.450529 0.056534 0.119079 0.000000
0.233755 -0.171636 0.166229 0.000000
0.392575 0.072729 0.035679 0.000000
0.458500 -0.009384 0.193142 0.000000
0.382615 -0.903568 0.486827 0.000000
0.428685 -0.015302 0.313612 0.000000
0.297789 0.053508 0.290840 0.000000
0.332254 -0.503170 0.196913 0.000000
0.388349 -0.701200 0.357622 0.000000
0.452781 -1.032060 0.162497 1.000000
0.319324 0.020110 0.172823 0.000000
0.251745 -0.121328 0.166792 0.000000
0.404695 0.273819 0.163286 0.000000
0.432941 0.118515 0.180507 0.000000
0.374281 0.451321 0.139735 0.000000
0.139212 -0.314002 0.168246 0.000000
0.337772 0.214381 0.223459 0.000000
0.328033 -0.049771 0.180349 0.000000
0.340660 0.366929 0.115591 0.000000
0.465356 0.065120 0.136620 0.000000
0.296050 -0.092835 0.036744 0.000000
0.438405 0.045207 0.201034 0.000000
0.510460 -0.079330 0.110256 0.000000
0.307838 -0.920946 0.246623 0.000000
0.339933 0.199967 0.102366 0.000000
0.325199 0.117070 0.177326 0.000000
0.432564 0.038470 0.077048 0.000000
0.330958 -0.596204 0.195653 0.000000
0.180666 -0.260777 0.172139 0.000000
0.275866 -0.130155 0.000971 0.000000
0.354745 -0.334420 0.205261 0.000000
0.017928 -0.452943 0.157417 0.000000
0.314171 0.045283 0.180834 0.000000
0.330117 -0.187922 0.193094 0.000000
0.325451 -0.273335 0.189293 0.000000
0.333577 -0.436961 0.194963 0.000000
0.395711 0.384125 0.154020 0.000000
0.442811 -1.038911 0.189739 1.000000
0.357801 0.284088 0.105335 0.000000
0.348743 0.293873 0.179722 0.000000
0.347221 -0.877130 0.209888 1.000000
0.272159 -1.054492 0.252017 0.000000
0.430917 0.147688 0.172237 0.000000
0.431463 0.076126 0.199935 0.000000
0.273012 -1.017012 0.242651 0.000000
0.246799 -1.135974 0.248567 0.000000
0.507257 -0.062184 0.142382 0.000000
0.286147 -1.050436 0.241692 0.000000
0.335831 -0.431042 0.186256 0.000000
0.134929 -0.324074 0.170790 0.000000
0.295318 -0.994412 0.253644 0.000000
0.261387 -0.101706 0.152458 0.000000
0.441027 0.008648 0.073723 0.000000
0.356440 -0.488555 0.261132 0.000000
0.393445 0.190114 0.093648 0.000000
0.251053 -0.016567 0.334771 0.000000
0.388942 0.359264 0.149024 0.000000
0.334347 0.193257 0.102187 0.000000
0.442565 -0.990304 0.606230 0.000000
0.423676 0.183092 0.121357 0.000000
0.389537 0.015777 0.241694 0.000000
0.423751 -0.118857 0.245042 0.000000
0.396681 -0.945934 0.534393 0.000000
0.330194 -0.890727 0.218441 0.000000
0.444411 -0.001141 0.214367 0.000000
0.411025 -0.964162 0.571641 0.000000
0.305081 0.018497 0.171595 0.000000
0.288358 -0.914299 0.235700 0.000000
0.327203 -0.587372 0.192345 0.000000
0.373541 -0.654699 0.337213 0.000000
0.452833 -0.051235 0.060231 0.000000
0.441223 0.068722 0.188647 0.000000
0.431753 0.083981 0.206139 0.000000
0.281063 -0.117008 0.026333 0.000000
0.288574 -0.961561 0.244561 0.000000
0.294753 -1.128136 0.223354 0.000000
0.356545 -0.459077 0.270698 0.000000
0.431885 0.072212 0.082030 0.000000
0.338620 0.313366 0.157164 0.000000
0.297498 0.075525 0.266658 0.000000
0.237830 -0.051073 0.352139 0.000000
0.533783 -1.193266 0.134980 1.000000
0.309654 0.071592 0.284823 0.000000
0.364374 -0.614677 0.311453 0.000000
0.188499 -0.188378 0.470291 0.000000
0.398969 0.264663 0.164177 0.000000
0.323814 0.119893 0.251442 0.000000
0.349723 -0.374495 0.220756 0.000000
0.316360 -0.969941 0.204813 0.000000
0.320211 -0.308743 0.204719 0.000000
0.297598 -0.991161 0.236598 0.000000
0.337025 -0.400221 0.242896 0.000000
0.414207 -0.142441 0.255270 0.000000
0.330757 -0.556956 0.203759 0.000000
0.240733 -0.152625 0.163194 0.000000
0.335515 0.244354 0.213023 0.000000
0.404004 0.334644 0.157829 0.000000
0.502359 -0.069475 0.135725 0.000000
0.293235 -0.024172 0.175374 0.000000
0.292765 -0.059662 0.045004 0.000000
0.514525 -0.103480 0.147160 0.000000
0.425135 0.147743 0.128992 0.000000
0.328665 -0.548187 0.200818 0.000000
0.429653 -0.993848 0.216359 1.000000
0.381257 -0.002557 0.243375 0.000000
0.480933 -1.093227 0.171143 1.000000
0.384174 -0.016212 -0.001661 0.000000
0.341818 -0.668218 0.205595 0.000000
0.522102 -0.146243 0.144913 0.000000
0.383918 -0.949207 0.180211 1.000000
0.326466 0.144861 0.228799 0.000000
0.276873 0.026412 0.301821 0.000000
0.530911 -0.151230 0.161359 0.000000
0.336489 -0.547997 0.200718 0.000000
0.324614 -0.059872 0.188346 0.000000
0.300655 -0.077166 0.021376 0.000000
0.320054 -1.113999 0.235926 0.000000
0.328453 -0.834838 0.213824 0.000000
0.176480 -0.269852 0.568427 0.000000
0.339206 0.277113 0.192386 0.000000
0.306728 -0.897437 0.235262 0.000000
0.432967 -1.018903 0.176693 1.000000
0.295007 -0.998985 0.221200 0.000000
0.288592 -1.081802 0.247388 0.000000
0.325796 -0.441137 0.195805 0.000000
0.337789 -0.699607 0.204891 0.000000
0.127425 -0.297904 0.169170 0.000000
0.356044 -0.589372 0.296028 0.000000
0.429284 0.067566 0.206771 0.000000
0.334685 -0.586072 0.203768 0.000000
0.313073 -0.913863 0.210417 0.000000
0.332825 0.111785 0.170866 0.000000
0.426877 0.074214 0.090969 0.000000
0.358913 -0.903898 0.197181 1.000000
0.433161 0.093304 0.187198 0.000000
0.354659 -0.904336 0.229478 1.000000
0.408354 -0.949101 0.521495 0.000000
0.115415 -0.319755 0.172044 0.000000
0.467953 -0.089163 0.053921 0.000000
0.299959 -1.049494 0.217619 0.000000
0.327048 -0.063640 0.179049 0.000000
0.452237 0.002527 0.189086 0.000000
0.488271 -0.011857 0.137662 0.000000
0.316615 0.058833 0.064258 0.000000
0.512897 -1.163058 0.152878 1.000000
0.348464 -0.338849 0.210104 0.000000
0.391312 0.020073 0.273308 0.000000
0.221658 -0.190259 -0.021289 0.000000
0.462687 -0.051076 0.189642 0.000000
0.074874 -0.242393 -0.051284 0.000000
0.353505 -0.895989 0.211487 1.000000
0.380330 0.452938 0.132248 0.000000
0.432654 0.157304 0.167477 0.000000
0.328397 -1.001739 0.224983 0.000000
0.087811 -0.238727 -0.049026 0.000000
0.284449 -1.128556 0.256097 0.000000
0.339604 -0.636049 0.194574 0.000000
0.344970 -0.888614 0.229839 0.000000
0.332743 -0.918310 0.219961 0.000000
0.309310 -1.004853 0.234183 0.000000
0.263409 0.020900 0.307457 0.000000
0.466702 -0.063856 0.064138 0.000000
0.339815 -0.853797 0.206848 0.000000
0.361585 -0.572180 0.289909 0.000000
0.214103 -0.134742 0.407591 0.000000
0.332484 0.098660 0.166317 0.000000
0.372359 -0.579054 0.308340 0.000000
0.163285 -0.279075 0.166426 0.000000
0.396445 0.291747 0.166100 0.000000
0.338633 -0.300341 0.196809 0.000000
0.348771 0.251072 0.105659 0.000000
0.344836 -0.791852 0.211718 0.000000
0.387740 0.410424 0.156726 0.000000
0.203339 -0.114515 0.405833 0.000000
0.339194 -0.591527 0.195752 0.000000
0.327217 -0.152606 0.188546 0.000000
0.386897 0.378216 0.151441 0.000000
0.356309 -0.426743 0.236876 0.000000
0.406965 0.289071 0.161184 0.000000
0.178044 -0.266937 0.167284 0.000000
0.418088 0.222582 0.123208 0.000000
0.328935 -0.531758 0.186817 0.000000
0.349376 -0.358981 0.217299 0.000000
0.214871 -0.100570 0.389864 0.000000
0.345175 0.267738 0.189062 0.000000
0.398824 0.118870 0.223728 0.000000
0.351957 -0.905067 0.181251 1.000000
0.400005 0.250388 0.197508 0.000000
0.388962 -0.913359 0.489099 0.000000
0.408450 0.003072 0.290314 0.000000
0.428708 -0.999760 0.208727 1.000000
0.345362 0.375033 0.158254 0.000000
0.390065 0.286325 0.124348 0.000000
0.320613 -0.180702 0.185283 0.000000
0.329202 0.132545 0.249062 0.000000
0.491739 -0.030836 0.154338 0.000000
0.327657 0.098052 0.171954 0.000000
0.369146 -0.830509 0.410477 0.000000
0.376888 0.038469 0.235842 0.000000
0.284937 -0.971743 0.228884 0.000000
0.328556 -0.159660 0.187332 0.000000
0.396980 0.140993 0.229398 0.000000
0.474717 -0.018232 0.112443 0.000000
0.527261 -0.171493 0.156868 0.000000
0.343789 0.258494 0.194215 0.000000
0.330813 -0.264197 0.193644 0.000000
0.347670 -0.427894 0.263565 0.000000
0.389080 -0.943667 0.190622 1.000000
0.462090 0.050272 0.139742 0.000000
0.531656 -0.190241 0.167032 0.000000
0.387511 -0.723229 0.373324 0.000000
0.294577 -1.055123 0.224607 0.000000
0.420328 0.167246 0.178461 0.000000
0.520231 -0.113738 0.139268 0.000000
0.382921 -0.939074 0.179369 1.000000
0.057668 -0.410859 0.165150 0.000000
0.293793 -1.134764 0.212173 0.000000
0.335520 0.164752 0.235497 0.000000
0.281828 -1.004601 0.266524 0.000000
0.353502 0.418133 0.115510 0.000000
0.396377 0.335184 0.128813 0.000000
0.315016 0.091078 0.269339 0.000000
-0.102897 -0.561556 0.128181 0.000000
0.374039 -0.624716 0.332282 0.000000
0.333969 -0.861143 0.217446 0.000000
0.369755 -0.604448 0.311390 0.000000
0.312968 -0.941280 0.231454 0.000000
0.442214 0.007337 0.206997 0.000000
0.500751 -0.257183 -0.066489 0.000000
0.439200 0.177347 0.131135 0.000000
0.325567 0.081001 0.066681 0.000000
0.421231 0.206445 0.121753 0.000000
0.279529 -1.075538 0.247238 0.000000
0.330380 0.250319 0.106114 0.000000
0.400455 0.145731 0.220790 0.000000
0.533816 -1.171207 0.155976 1.000000
0.392285 -0.906970 0.468133 0.000000
0.294148 -0.983740 0.223505 0.000000
0.360003 -0.074837 0.292698 0.000000
0.255275 -0.034526 0.343669 0.000000
0.346895 -0.702949 0.204231 0.000000
0.312982 -0.910505 0.240227 0.000000
0.344934 0.278510 0.184101 0.000000
0.223421 -0.086100 0.379126 0.000000
0.369307 0.394187 0.116461 0.000000
-0.035380 -0.501086 0.154711 0.000000
0.296329 -1.076986 0.225368 0.000000
0.336649 0.138093 0.256906 0.000000
0.325280 0.317392 0.109117 0.000000
0.270112 -0.083290 0.172276 0.000000
0.334265 -0.276040 0.192404 0.000000
0.368269 -0.926328 0.220366 1.000000
0.394394 -0.699834 0.361607 0.000000
0.349995 -0.420287 0.246848 0.000000
0.362579 -0.548513 0.284815 0.000000
0.328161 -0.871659 0.217577 0.000000
0.089106 -0.356711 0.171764 0.000000
0.334440 -0.146188 0.185100 0.000000
0.305110 -1.061362 0.235285 0.000000
0.371229 0.332786 0.120474 0.000000
0.397407 0.250693 0.113587 0.000000
0.338443 -0.384414 0.190755 0.000000
0.425189 0.095429 0.205646 0.000000
0.325965 -0.856711 0.226885 0.000000
0.350371 0.482269 0.147789 0.000000
0.554620 -1.241352 0.134506 1.000000
0.291822 -0.944468 0.228634 0.000000
0.358824 -0.627530 0.308539 0.000000
0.338223 0.199577 0.226098 0.000000
0.485762 -0.026384 0.371145 0.000000
0.530280 -0.213756 0.120558 0.000000
0.480291 -1.068334 0.189216 1.000000
0.351711 -0.888595 0.228329 1.000000
0.397675 -0.937394 0.506765 0.000000
0.195064 -0.211409 0.154073 0.000000
0.443010 -0.072953 0.233367 0.000000
0.397889 0.258286 0.111753 0.000000
0.339704 -0.813461 0.210600 0.000000
0.335506 -0.815353 0.204621 0.000000
0.389591 0.290828 0.158200 0.000000
0.099307 -0.347474 0.172336 0.000000
0.579198 -1.281947 0.121209 1.000000
0.431450 -1.028430 0.175702 1.000000
0.293842 0.066133 0.275268 0.000000
0.350855 0.089754 0.173468 0.000000
0.506547 -0.068990 0.142914 0.000000
0.348472 0.251277 0.183325 0.000000
0.435050 0.103747 0.183008 0.000000
0.391849 0.295657 0.119050 0.000000
0.280040 -1.084908 0.249005 0.000000
0.287359 -0.935356 0.235138 0.000000
0.276111 -0.058155 0.176926 0.000000
0.521676 -0.186792 0.139097 0.000000
0.327998 -0.107198 0.186554 0.000000
0.409533 0.242442 0.166722 0.000000
0.374442 -0.939678 0.186064 1.000000
0.328164 -0.720730 0.205856 0.000000
0.340411 -0.469536 0.192450 0.000000
0.542288 -1.207481 0.140678 1.000000
0.405545 -0.952194 0.543182 0.000000
0.344219 -0.741406 0.202774 0.000000
0.335310 0.081452 0.070611 0.000000
0.337989 0.282248 0.166849 0.000000
0.584739 -1.260542 0.127361 1.000000
0.583303 -1.298917 0.120914 1.000000
0.342598 -0.524415 0.193145 0.000000
0.313194 -1.116204 0.237613 0.000000
0.329843 0.148469 0.076901 0.000000
0.217415 -0.166394 0.143078 0.000000
0.306058 0.045357 0.060106 0.000000
0.280029 -0.122983 0.010338 0.000000
0.546142 -1.223796 0.138968 1.000000
0.344650 -0.624003 0.198779 0.000000
0.396917 0.196413 0.090337 0.000000
0.327003 -0.455458 0.190708 0.000000
0.292626 -1.069798 0.229570 0.000000
0.311261 0.026562 0.175334 0.000000
0.508396 -0.225340 -0.042013 0.000000
0.296767 -1.087977 0.208491 0.000000
0.622553 -1.328438 0.111131 1.000000
0.326265 -0.066332 0.186864 0.000000
0.467276 -1.075020 0.166570 1.000000
0.335768 -0.834949 0.216395 0.000000
0.572720 -1.237744 0.138795 1.000000
0.280023 -1.061979 0.246382 0.000000
0.512162 -0.162962 0.150766 0.000000
0.318631 0.072475 0.067249 0.000000
0.335451 0.310913 0.103843 0.000000
0.302056 -0.967300 0.250732 0.000000
0.456004 -0.044741 0.065435 0.000000
0.477859 -0.023571 0.364989 0.000000
0.338167 -0.412022 0.185156 0.000000
0.348097 0.469476 0.152117 0.000000
-0.017558 -0.481263 0.158264 0.000000
0.191685 -0.245873 0.551386 0.000000
0.434522 0.168723 0.129224 0.000000
0.386921 0.356847 0.141569 0.000000
0.323788 0.267165 0.108214 0.000000
0.497055 -0.041947 0.139024 0.000000
0.312037 -1.075923 0.227651 0.000000
0.402729 0.223966 0.109042 0.000000
0.307248 0.019381 0.165201 0.000000
0.426172 -0.978414 0.592059 0.000000
0.445478 0.064370 0.118929 0.000000
0.337099 -0.229448 0.188342 0.000000
0.342710 0.464914 0.146820 0.000000
0.552884 -1.254147 0.127869 1.000000
0.137842 -0.279135 0.165552 0.000000
0.310581 0.013701 0.161868 0.000000
0.383102 -0.653529 0.341224 0.000000
0.473414 -1.092017 0.170138 1.000000
0.340810 0.188551 0.088845 0.000000
0.417865 -1.005657 0.199355 1.000000
0.211549 -0.179397 0.143116 0.000000
0.343677 0.223944 0.202230 0.000000
0.475844 -1.087358 0.159212 1.000000
0.418259 -0.964912 0.569957 0.000000
0.394983 -0.875443 0.447513 0.000000
0.378664 0.403064 0.150654 0.000000
0.514464 -0.099611 0.138898 0.000000
0.389558 0.272666 0.126494 0.000000
0.324019 -0.337372 0.194977 0.000000
0.343616 0.357380 0.161782 0.000000
0.358289 -0.509531 0.282165 0.000000
0.369740 -0.625044 0.321603 0.000000
0.465182 -1.065244 0.179456 1.000000
0.437227 0.020592 0.209634 0.000000
0.348872 0.451524 0.157718 0.000000
0.386245 -0.859690 0.435502 0.000000
0.403492 0.276864 0.190377 0.000000
0.426926 0.096876 0.191684 0.000000
0.388084 0.366910 0.158803 0.000000
0.368055 -0.047139 0.270372 0.000000
0.319754 0.055483 0.173879 0.000000
0.440268 0.018747 0.197191 0.000000
0.444944 0.038197 0.182900 0.000000
0.343480 -0.546404 0.188781 0.000000
0.326341 -0.853867 0.209071 0.000000
0.334761 -0.248115 0.187486 0.000000
0.350933 0.442465 0.150831 0.000000
0.518002 -0.122876 0.140911 0.000000
0.285827 -0.993745 0.239883 0.000000
0.340856 0.341875 0.159386 0.000000
0.481193 -0.021119 0.108628 0.000000
0.336209 -0.329039 0.187687 0.000000
0.308999 -1.084454 0.229322 0.000000
0.393730 0.017093 0.285154 0.000000
0.293964 -1.143813 0.213011 0.000000
0.528440 -1.161088 0.156849 1.000000
0.536266 -1.194150 0.144082 1.000000
0.159100 -0.245017 0.156338 0.000000
0.384909 -0.002881 -0.005168 0.000000
0.330758 0.167268 0.213478 0.000000
0.464743 0.020031 0.141632 0.000000
0.286349 0.048034 0.289953 0.000000
0.342768 -0.449719 0.186731 0.000000
0.403009 0.245455 0.113470 0.000000
0.459769 0.088683 0.134425 0.000000
0.343444 0.159098 0.119344 0.000000
0.396371 0.271254 0.113982 0.000000
0.301651 -1.033785 0.228605 0.000000
0.618767 -0.165589 0.103775 0.000000
0.398253 0.236756 0.105759 0.000000
0.387052 0.008953 -0.003899 0.000000
0.439953 0.027862 0.201658 0.000000
0.435197 -0.043976 0.213198 0.000000
-0.088883 -0.550571 0.133026 0.000000
0.351062 -0.893717 0.222663 1.000000
0.303803 -0.891814 0.226537 0.000000
0.296206 -1.139018 0.229561 0.000000
0.477842 0.012362 0.139773 0.000000
0.272809 -1.035993 0.267330 0.000000
0.492193 -0.023871 0.136770 0.000000
0.193826 -0.191486 0.464746 0.000000
0.462855 0.104220 0.124380 0.000000
0.337128 -0.319855 0.205545 0.000000
0.364280 0.055747 0.218980 0.000000
0.359333 -0.579849 0.302207 0.000000
0.276402 -1.058195 0.257268 0.000000
0.375802 -0.018181 0.248353 0.000000
0.339945 0.210543 0.218146 0.000000
0.351334 0.472846 0.143961 0.000000
0.341296 0.386346 0.128023 0.000000
0.324698 -0.334221 0.221659 0.000000
0.193485 -0.242273 0.529728 0.000000
0.504369 -0.252933 -0.059457 0.000000
0.296840 -1.096541 0.209002 0.000000
0.348475 0.236688 0.099768 0.000000
0.384509 0.452488 0.144549 0.000000
0.326634 0.261445 0.110756 0.000000
0.327684 0.051632 0.063573 0.000000
0.198835 -0.197493 0.148749 0.000000
0.286961 -1.007483 0.254342 0.000000
0.612149 -0.163532 0.106137 0.000000
0.421307 0.172273 0.104938 0.000000
0.501341 -0.164585 0.020355 0.000000
0.451952 -1.040779 0.190682 1.000000
0.600388 -1.281263 0.120761 1.000000
0.332377 -0.309575 0.195186 0.000000
0.339087 -0.847105 0.221187 0.000000
0.430647 0.084135 0.186426 0.000000
0.425589 0.083540 0.086483 0.000000
0.333665 -0.386554 0.200211 0.000000
0.391921 0.347154 0.124205 0.000000
0.342414 -0.880582 0.230879 0.000000
0.350640 0.427317 0.158546 0.000000
0.338921 0.291001 0.185668 0.000000
0.367073 -0.543415 0.294481 0.000000
0.274988 -1.058302 0.267483 0.000000
0.259708 -0.096057 0.156952 0.000000
0.528871 -0.212013 0.163583 0.000000
0.346856 0.232082 0.093694 0.000000
0.562408 -1.218777 0.140858 1.000000
0.370274 -0.720731 0.359152 0.000000
0.452954 0.112259 0.129025 0.000000
0.331074 0.072561 0.179922 0.000000
0.327622 -0.093949 0.185055 0.000000
-0.045947 -0.512354 0.137945 0.000000
0.465684 -0.059531 0.183972 0.000000
