0.348705 0.239369 0.093360 0.000000
0.629383 -1.349613 0.116922 1.000000
-0.136434 -0.597674 0.126317 0.000000
0.403122 -0.817363 0.416445 0.000000
0.185768 -0.231769 0.532452 0.000000
0.501038 -0.278094 -0.072086 0.000000
0.594463 -0.054130 0.454303 0.000000
0.071320 -0.247117 -0.047532 0.000000
0.292235 -1.149117 0.216840 0.000000
0.355104 -0.458385 0.252581 0.000000
0.323809 -0.105414 0.191717 0.000000
0.044006 -0.400208 0.175139 0.000000
0.442830 -0.990936 0.613004 0.000000
0.524543 -0.268783 0.186878 0.000000
0.355421 -0.896419 0.177006 1.000000
0.347272 0.488805 0.151575 0.000000
0.527784 -1.134742 0.162965 1.000000
0.372602 -0.063654 -0.040603 0.000000
0.478458 0.050034 0.126439 0.000000
0.327210 -0.673895 0.197742 0.000000
0.319801 0.099307 0.266298 0.000000
0.223421 -0.086100 0.379126 0.000000
0.172508 -0.240152 0.157523 0.000000
0.662060 -0.177504 0.084250 0.000000
0.449576 -0.022733 0.334537 0.000000
0.236177 -0.180249 -0.014002 0.000000
0.342653 -0.285775 0.201806 0.000000
0.313928 0.064707 0.064574 0.000000
0.501360 -0.143462 0.027396 0.000000
0.384191 -0.668598 0.348331 0.000000
0.482050 -0.100270 0.184329 0.000000
0.286309 -1.004489 0.272033 0.000000
0.408086 -0.187139 0.292545 0.000000
0.437023 -1.020038 0.191962 1.000000
0.394936 0.353590 0.168050 0.000000
0.390391 -0.929977 0.498664 0.000000
0.416671 0.159933 0.184277 0.000000
-0.037810 -0.504243 0.141088 0.000000
0.551818 -1.253117 0.128373 1.000000
0.310103 0.015688 0.177467 0.000000
0.335515 0.244354 0.213023 0.000000
0.255318 0.010286 0.315470 0.000000
0.290361 -0.066687 0.043522 0.000000
0.327024 -0.555772 0.193081 0.000000
0.372156 -0.560079 0.308396 0.000000
0.338768 -0.787286 0.220075 0.000000
0.449480 -0.044647 0.059331 0.000000
0.399420 0.141473 0.068385 0.000000
0.445484 -0.001234 0.221385 0.000000
0.231490 -0.146314 0.143936 0.000000
0.360003 -0.074837 0.292698 0.000000
0.565034 -0.132522 0.115899 0.000000
0.201310 -0.172765 0.441470 0.000000
0.390808 0.026890 0.006017 0.000000
0.115501 -0.325222 0.172116 0.000000
0.327197 -0.385857 0.185821 0.000000
0.322061 0.126583 0.167615 0.000000
0.416916 0.254762 0.163023 0.000000
0.518736 -0.037291 0.399198 0.000000
0.157576 -0.217328 -0.041414 0.000000
0.292099 -0.919853 0.238054 0.000000
0.323174 -0.196060 0.184785 0.000000
0.327882 0.330662 0.111427 0.000000
0.396481 0.074084 0.226282 0.000000
0.271553 -1.091869 0.282028 0.000000
0.294880 -1.059114 0.203736 0.000000
0.390020 -0.957517 0.229976 1.000000
0.532277 -0.217419 0.117166 0.000000
0.498997 -0.034479 0.131762 0.000000
0.424316 -0.117732 0.244682 0.000000
0.371867 0.413767 0.113150 0.000000
0.510422 -0.207974 -0.026166 0.000000
0.278769 -0.054457 0.143177 0.000000
0.395486 0.015119 0.284594 0.000000
0.365860 -0.745783 0.367332 0.000000
0.458450 0.129023 0.124229 0.000000
0.473934 -1.077835 0.151311 1.000000
0.343574 0.169866 0.241955 0.000000
0.416184 0.204020 0.107624 0.000000
0.325567 0.147479 0.073378 0.000000
0.375646 -0.879186 0.446035 0.000000
0.338689 -0.482889 0.185009 0.000000
0.437988 0.032640 0.067614 0.000000
0.510919 -0.161373 0.157380 0.000000
0.279913 -0.124505 -0.000642 0.000000
0.309625 -0.852881 0.218708 0.000000
0.336836 0.196067 0.159730 0.000000
0.342786 0.303629 0.175657 0.000000
0.405905 -0.961431 0.559416 0.000000
0.001664 -0.455645 0.171726 0.000000
0.319236 -0.002701 0.048410 0.000000
0.410648 0.470291 0.120176 0.000000
-0.086140 -0.550642 0.125578 0.000000
0.171382 -0.276080 0.582864 0.000000
0.325996 -0.980773 0.221677 0.000000
0.438325 0.087614 0.174254 0.000000
0.384041 0.292905 0.117415 0.000000
0.355954 -0.625464 0.303375 0.000000
0.400579 0.083626 0.037860 0.000000
0.336843 0.382498 0.158416 0.000000
0.339524 -0.395224 0.250302 0.000000
0.605297 -1.289199 0.116950 1.000000
0.360751 -0.522797 0.255014 0.000000
0.555163 -1.191219 0.145507 1.000000
0.513273 -0.094469 0.113632 0.000000
0.397402 0.216210 0.209767 0.000000
0.332761 -0.043635 0.180026 0.000000
0.401087 -0.956754 0.167692 1.000000
0.322461 -1.099931 0.243243 0.000000
0.362286 0.080162 0.175743 0.000000
0.343828 -0.614657 0.195524 0.000000
0.258332 -0.099272 0.179495 0.000000
0.258627 -0.041672 0.347468 0.000000
0.297330 0.047289 0.288950 0.000000
0.219856 -0.202602 0.165120 0.000000
0.431335 -0.061668 0.221972 0.000000
0.327124 -0.341137 0.226369 0.000000
0.423886 0.088716 0.093104 0.000000
0.477690 -0.096197 0.054117 0.000000
0.341214 -0.731941 0.200245 0.000000
0.250709 -1.053350 0.243086 0.000000
0.246663 -1.129434 0.245763 0.000000
0.397328 0.131010 0.230374 0.000000
0.350283 -0.892088 0.233514 0.000000
0.374155 -0.029295 0.256445 0.000000
0.612149 -0.163532 0.106137 0.000000
0.199526 -0.124833 0.412183 0.000000
0.184915 -0.199274 0.487556 0.000000
0.345608 0.150974 0.124772 0.000000
0.093073 -0.377960 0.167125 0.000000
0.399610 0.302535 0.185433 0.000000
0.374554 0.358619 0.118296 0.000000
0.362284 -0.793649 0.391271 0.000000
0.445032 0.034942 0.182016 0.000000
0.383809 -0.022971 -0.009198 0.000000
0.348042 0.436512 0.155693 0.000000
0.342040 0.252488 0.161640 0.000000
0.135081 -0.277228 0.164691 0.000000
0.533603 -0.213442 0.169190 0.000000
0.462407 0.000204 0.118351 0.000000
0.330249 -1.161072 0.250302 0.000000
0.267382 -0.969836 0.239604 0.000000
0.326493 0.196470 0.109727 0.000000
0.386769 0.023934 0.235150 0.000000
0.318519 -1.029030 0.237244 0.000000
0.312228 0.130657 0.226975 0.000000
0.452752 -0.033713 0.183003 0.000000
0.323384 0.280816 0.107187 0.000000
0.335413 -0.432315 0.200974 0.000000
0.421780 0.205607 0.167742 0.000000
0.512398 -0.072463 0.158327 0.000000
0.320144 -0.244248 0.193897 0.000000
0.395336 0.247026 0.110510 0.000000
0.559030 -0.048263 0.423037 0.000000
0.387865 0.399158 0.155212 0.000000
0.484347 -0.030789 0.367813 0.000000
0.266457 -1.138171 0.287771 0.000000
0.288535 -0.028615 0.182959 0.000000
0.334542 -0.150653 0.190453 0.000000
0.199696 -0.198326 -0.037163 0.000000
0.399928 -0.766837 0.390505 0.000000
0.444042 0.172392 0.130458 0.000000
0.365928 0.460322 0.120391 0.000000
0.320482 0.061821 0.176177 0.000000
0.367200 -0.515203 0.299550 0.000000
0.340709 0.199090 0.207047 0.000000
0.520941 -0.117003 0.154543 0.000000
0.114368 -0.232672 -0.047788 0.000000
0.334430 0.103459 0.077173 0.000000
0.509485 -1.173414 0.149238 1.000000
0.321510 -0.920682 0.204394 0.000000
0.481367 -1.061993 0.192172 1.000000
0.391754 0.261594 0.199944 0.000000
0.392696 -0.710913 0.365553 0.000000
0.375254 -0.931880 0.197387 1.000000
0.291703 -1.063762 0.254130 0.000000
0.355442 -0.373208 0.216304 0.000000
0.485931 -1.119366 0.155345 1.000000
0.415248 -0.155783 0.263354 0.000000
0.455022 0.086539 0.134425 0.000000
0.416529 0.138111 0.122366 0.000000
0.384651 -0.626975 0.335214 0.000000
0.406556 -0.899564 0.467608 0.000000
0.345016 -0.829715 0.215702 0.000000
0.299275 -1.010473 0.204389 0.000000
0.295359 -1.103060 0.210926 0.000000
0.335176 -0.332012 0.185974 0.000000
0.505935 -0.241159 -0.051686 0.000000
0.508909 -0.177382 0.002631 0.000000
0.397172 0.175752 0.220312 0.000000
0.403984 0.328895 0.124770 0.000000
0.448423 -0.007152 0.077687 0.000000
0.394911 0.183086 0.078460 0.000000
0.423299 -0.009329 0.303765 0.000000
0.256652 -0.091893 0.138735 0.000000
0.358691 0.059386 0.217794 0.000000
0.036337 -0.438214 0.158330 0.000000
0.433648 0.064780 0.211539 0.000000
0.354492 0.112187 0.146990 0.000000
0.340856 0.341875 0.159386 0.000000
0.387856 0.444196 0.151901 0.000000
0.295960 -0.006322 0.146462 0.000000
0.358594 -0.697339 0.335671 0.000000
0.423901 -0.994482 0.220409 1.000000
0.267097 -1.091549 0.239370 0.000000
0.273049 -1.021009 0.236555 0.000000
0.408279 -0.857216 0.441080 0.000000
0.424655 0.121550 0.189245 0.000000
0.333845 -0.518058 0.202248 0.000000
0.359429 -0.423568 0.231721 0.000000
0.284328 -1.123975 0.255922 0.000000
0.185566 -0.206461 0.142574 0.000000
0.357882 -0.589952 0.288098 0.000000
-0.007318 -0.480558 0.143461 0.000000
0.331286 0.367726 0.121571 0.000000
0.304397 -0.968547 0.251161 0.000000
0.461427 0.023944 0.149039 0.000000
0.567901 -1.287754 0.123958 1.000000
0.312622 -0.890187 0.225407 0.000000
0.208271 -0.176280 0.140952 0.000000
0.426584 -0.986530 0.578046 0.000000
0.288687 -0.099932 0.026780 0.000000
0.332363 0.133558 0.258177 0.000000
0.260222 -0.156297 0.000868 0.000000
0.236753 -0.169141 0.172624 0.000000
0.369146 -0.830509 0.410477 0.000000
0.451901 -1.037880 0.163292 1.000000
0.343436 -0.865781 0.208194 1.000000
0.570907 -1.222794 0.136049 1.000000
0.285415 0.071920 0.265065 0.000000
0.426693 -0.998856 0.164356 1.000000
0.327008 0.163025 0.171081 0.000000
0.311586 -0.036118 0.036499 0.000000
0.491758 -0.065661 0.108760 0.000000
0.493124 -0.133084 0.171373 0.000000
0.588019 -1.254311 0.127665 1.000000
0.419503 0.165246 0.098154 0.000000
0.408348 -0.945340 0.527103 0.000000
0.301634 -0.954884 0.215443 0.000000
0.522195 -0.191208 0.140489 0.000000
-0.065090 -0.527150 0.146220 0.000000
0.466712 -0.067967 0.188299 0.000000
0.382477 0.479201 0.146553 0.000000
0.252019 -0.136113 0.171396 0.000000
0.346483 0.171084 0.094398 0.000000
0.476197 -0.012261 0.148704 0.000000
0.340737 0.273044 0.193122 0.000000
0.312007 0.030041 0.059017 0.000000
0.325515 0.166385 0.212012 0.000000
0.273848 -0.063332 0.176814 0.000000
0.272358 -1.038521 0.268854 0.000000
0.420974 0.235346 0.131351 0.000000
0.185357 -0.257769 0.556542 0.000000
0.443313 0.057983 0.118020 0.000000
0.387461 0.285822 0.157271 0.000000
0.425443 0.124396 0.091569 0.000000
0.177882 -0.272896 0.167875 0.000000
0.534761 -1.217673 0.136141 1.000000
0.387359 0.320350 0.153937 0.000000
0.358233 0.271787 0.108159 0.000000
0.226660 -0.118220 0.391926 0.000000
-0.110874 -0.574601 0.125218 0.000000
0.359380 -0.548765 0.277450 0.000000
0.388626 0.052808 0.028383 0.000000
0.449558 0.000979 0.182798 0.000000
0.313555 -1.132826 0.239625 0.000000
0.411437 0.271900 0.127690 0.000000
0.289369 0.010377 0.319148 0.000000
0.330282 0.094994 0.177940 0.000000
0.236317 -0.012385 0.332689 0.000000
0.344955 0.406085 0.135082 0.000000
0.319698 -1.067624 0.232547 0.000000
0.225992 -0.043089 0.357386 0.000000
0.319727 -0.311978 0.208875 0.000000
0.086573 -0.342391 0.176660 0.000000
0.335654 -0.583486 0.210239 0.000000
0.391204 0.111971 0.053405 0.000000
0.363804 -0.922358 0.227739 1.000000
0.397953 0.229120 0.173185 0.000000
0.271897 -0.015527 0.331326 0.000000
0.325087 -0.760771 0.204829 0.000000
0.607861 -1.324215 0.115852 1.000000
0.347670 -0.427894 0.263565 0.000000
0.372936 -0.591935 0.317645 0.000000
0.400404 -0.968512 0.200611 1.000000
0.357215 -0.490188 0.260707 0.000000
0.395492 0.382168 0.127512 0.000000
0.327069 -0.641076 0.205435 0.000000
0.246193 -0.069172 0.360034 0.000000
0.387420 0.472494 0.097303 0.000000
0.473251 -0.066268 0.066431 0.000000
0.440034 -0.088565 0.238245 0.000000
0.448858 -0.033217 0.216056 0.000000
0.344686 -0.698659 0.209176 0.000000
0.430689 0.109094 0.123730 0.000000
0.536514 -0.116459 0.110034 0.000000
0.347810 0.225612 0.190046 0.000000
0.430676 0.057294 0.088547 0.000000
0.297615 -0.998905 0.234210 0.000000
0.322435 -0.073522 0.184812 0.000000
0.479325 -0.128185 0.044349 0.000000
0.065237 -0.368931 0.179252 0.000000
0.397444 -0.210585 0.310955 0.000000
0.489622 0.013656 0.127314 0.000000
0.270107 0.032532 0.298522 0.000000
0.327972 -0.010132 0.180079 0.000000
0.538592 -1.165229 0.157502 1.000000
0.326808 0.228279 0.112819 0.000000
0.142129 -0.307480 0.168622 0.000000
0.311726 0.074556 0.283843 0.000000
0.451297 -1.066877 0.174484 1.000000
0.435772 0.139595 0.166566 0.000000
0.412667 0.181161 0.128102 0.000000
0.425189 0.095429 0.205646 0.000000
0.343888 0.209499 0.087748 0.000000
0.340171 0.305026 0.098357 0.000000
0.199045 -0.225037 0.163012 0.000000
0.482649 -0.020151 0.107646 0.000000
0.392935 0.213798 0.090479 0.000000
0.330992 -0.358566 0.200367 0.000000
0.371735 -0.055343 0.272581 0.000000
0.209693 -0.153724 0.419361 0.000000
0.334774 -0.366041 0.241596 0.000000
0.070998 -0.402270 0.162058 0.000000
0.524461 -0.241793 0.173200 0.000000
0.477704 -1.092304 0.177355 1.000000
0.361668 -0.664671 0.328954 0.000000
0.382615 -0.903568 0.486827 0.000000
0.390964 -0.792960 0.401987 0.000000
0.325310 0.036381 0.161263 0.000000
0.353025 -0.339358 0.208586 0.000000
0.385031 -0.003537 0.246383 0.000000
0.321116 -0.935168 0.230320 0.000000
0.456735 0.029284 0.117053 0.000000
0.194783 -0.197040 0.459723 0.000000
0.361707 -0.902192 0.205325 1.000000
0.247567 -0.119355 0.147548 0.000000
0.327156 -0.811840 0.200743 0.000000
0.292946 -1.043419 0.233068 0.000000
0.399043 0.102958 0.222236 0.000000
0.319166 -0.883987 0.197631 0.000000
0.297148 -1.087340 0.236012 0.000000
0.640437 -0.163566 0.097554 0.000000
0.240455 -1.101421 0.249259 0.000000
0.383806 -0.848845 0.428188 0.000000
0.366364 -0.717032 0.355241 0.000000
0.405751 0.186978 0.182679 0.000000
0.380628 0.367979 0.147679 0.000000
0.365399 0.331619 0.115423 0.000000
0.334108 -0.219225 0.197483 0.000000
0.332005 0.225881 0.166234 0.000000
0.259535 -0.996882 0.244240 0.000000
0.303062 -0.076477 0.019321 0.000000
0.589567 -0.146638 0.112693 0.000000
0.338041 -0.454588 0.182689 0.000000
0.417954 -0.994302 0.190982 1.000000
0.500512 -1.136740 0.172369 1.000000
0.442025 0.025353 0.212325 0.000000
0.287015 -0.947663 0.243346 0.000000
0.192930 -0.223382 0.499456 0.000000
0.505081 -0.062131 0.133402 0.000000
0.338701 0.196459 0.234673 0.000000
0.369600 0.487843 0.120866 0.000000
0.369057 0.386543 0.117844 0.000000
0.442293 0.062184 0.185250 0.000000
0.516350 -0.288439 0.204255 0.000000
0.428027 0.178792 0.167897 0.000000
0.109448 -0.354606 0.167695 0.000000
0.348271 0.461681 0.144807 0.000000
0.526665 -0.143826 0.143415 0.000000
-0.025046 -0.480843 0.164270 0.000000
0.409449 0.305187 0.159164 0.000000
0.464393 -0.014723 0.358517 0.000000
0.267733 -1.070989 0.265051 0.000000
0.017570 -0.455368 0.148936 0.000000
0.488129 -0.038090 0.156314 0.000000
0.206161 -0.100378 0.394304 0.000000
0.342699 0.129769 0.084451 0.000000
0.327134 0.169759 0.118999 0.000000
0.285116 -1.095207 0.258971 0.000000
0.377963 0.434989 0.128388 0.000000
0.337796 -0.261847 0.184246 0.000000
0.386752 0.026127 0.261613 0.000000
0.394591 0.049378 0.235750 0.000000
0.430948 0.200114 0.130796 0.000000
0.353124 -0.398373 0.226662 0.000000
0.337704 0.281428 0.162202 0.000000
0.326738 0.254763 0.109965 0.000000
0.385721 0.000998 0.005493 0.000000
0.153817 -0.258498 0.160672 0.000000
0.336757 0.076042 0.071279 0.000000
0.328024 -0.412017 0.185945 0.000000
0.026374 -0.419528 0.174480 0.000000
0.361770 -0.492889 0.287023 0.000000
0.514853 -0.096081 0.140151 0.000000
0.532459 -0.187709 0.164937 0.000000
0.337116 0.130603 0.140676 0.000000
0.456610 0.061315 0.140857 0.000000
0.303100 0.098198 0.246306 0.000000
0.190785 -0.142430 0.433196 0.000000
0.350421 0.403950 0.163158 0.000000
0.529333 -1.192511 0.137580 1.000000
0.388866 -0.734837 0.374235 0.000000
0.330529 0.149183 0.233934 0.000000
0.451952 -1.040779 0.190682 1.000000
0.376178 -0.041552 -0.024935 0.000000
0.419351 -0.962546 0.582792 0.000000
0.440103 0.147332 0.127962 0.000000
0.289676 -0.030640 0.157602 0.000000
0.298207 -1.112765 0.236599 0.000000
0.340282 0.316681 0.153976 0.000000
0.267361 -0.079557 0.158382 0.000000
0.381033 -0.928322 0.172943 1.000000
0.362386 0.304998 0.110377 0.000000
0.346005 -0.657795 0.202763 0.000000
0.443154 0.015707 0.086821 0.000000
0.265654 -1.114603 0.269935 0.000000
0.403803 0.239546 0.199492 0.000000
0.355732 -0.464500 0.276792 0.000000
0.405140 0.369774 0.151788 0.000000
0.299111 -0.019842 0.050599 0.000000
0.310991 0.040697 0.185278 0.000000
0.405850 -0.921113 0.479891 0.000000
0.404842 0.152911 0.214433 0.000000
0.389968 0.343331 0.145137 0.000000
0.315334 -0.907858 0.242479 0.000000
0.299924 -0.009371 0.172462 0.000000
0.217962 -0.063776 0.370255 0.000000
0.118688 -0.300268 0.170574 0.000000
0.432820 -0.005497 0.329342 0.000000
0.481922 -0.043574 0.116612 0.000000
0.320882 -0.171614 0.185044 0.000000
0.272988 0.051827 0.283643 0.000000
0.327671 -0.842575 0.204101 0.000000
0.347676 0.250543 0.185396 0.000000
0.392672 -0.947641 0.190456 1.000000
0.271284 -1.067618 0.237066 0.000000
0.053484 -0.421221 0.161480 0.000000
0.159601 -0.288895 0.167263 0.000000
0.325398 -0.714459 0.205764 0.000000
0.330211 -0.128470 0.181781 0.000000
0.339060 -0.541677 0.208598 0.000000
0.435645 0.080802 0.121218 0.000000
0.357049 -0.647750 0.312548 0.000000
0.382818 -0.893617 0.464990 0.000000
0.316018 0.088576 0.065516 0.000000
0.336971 -0.306177 0.190615 0.000000
0.300274 -1.036133 0.207767 0.000000
0.347753 -0.756446 0.210932 0.000000
-0.065619 -0.536101 0.124150 0.000000
0.319606 0.308104 0.109958 0.000000
0.359633 -0.525024 0.278959 0.000000
0.389864 0.268949 0.117863 0.000000
0.375994 0.043098 0.222363 0.000000
0.401510 -0.881557 0.452958 0.000000
0.377220 0.419896 0.146699 0.000000
0.501314 -0.031788 0.384231 0.000000
0.354757 0.071937 0.196537 0.000000
0.500711 -1.112855 0.172545 1.000000
0.288035 -0.989702 0.253803 0.000000
0.277910 -0.125181 0.022779 0.000000
0.389837 0.311300 0.131313 0.000000
0.335370 -0.492135 0.206285 0.000000
0.360138 -0.478350 0.240717 0.000000
0.377840 -0.939386 0.219967 1.000000
0.532667 -0.167721 0.151647 0.000000
0.218578 -0.196105 -0.023607 0.000000
0.094928 -0.245444 -0.049661 0.000000
0.438809 -0.012428 0.202037 0.000000
0.402729 0.223966 0.109042 0.000000
0.295605 0.030953 0.305440 0.000000
0.409557 -0.003386 0.284196 0.000000
0.396188 0.356292 0.126888 0.000000
0.319373 0.114847 0.249076 0.000000
0.251194 -0.162981 -0.019388 0.000000
0.402379 0.280027 0.190080 0.000000
0.435118 0.110709 0.171687 0.000000
0.367233 -0.539950 0.298180 0.000000
0.346895 0.384367 0.125160 0.000000
0.396493 0.262872 0.170126 0.000000
0.135792 -0.224831 -0.044361 0.000000
0.327914 -0.784887 0.199887 0.000000
0.325205 -0.602451 0.202380 0.000000
0.457527 -0.030396 0.075506 0.000000
0.360523 -0.447449 0.233145 0.000000
0.339765 -0.575142 0.189278 0.000000
0.285282 -0.968472 0.225359 0.000000
0.272950 -1.046849 0.246604 0.000000
0.387312 0.162533 0.071902 0.000000
0.374690 -0.647083 0.339626 0.000000
0.347026 -0.885436 0.197109 1.000000
0.371282 -0.614327 0.321676 0.000000
0.329991 -0.910024 0.222670 0.000000
0.254497 -1.029721 0.246424 0.000000
0.179672 -0.209075 -0.037623 0.000000
0.312568 0.013240 0.155005 0.000000
0.335401 -0.467001 0.201535 0.000000
0.385656 0.403656 0.128095 0.000000
0.378820 -0.778298 0.389453 0.000000
0.438405 0.045207 0.201034 0.000000
0.308907 -0.973488 0.204900 0.000000
0.338807 -0.506510 0.183485 0.000000
0.324794 0.123860 0.072064 0.000000
0.222476 -0.180531 0.157932 0.000000
0.350728 0.097219 0.166642 0.000000
0.188312 -0.175417 0.459638 0.000000
0.349463 0.364218 0.161935 0.000000
0.297471 -1.021424 0.234095 0.000000
0.414812 0.143303 0.099382 0.000000
0.454864 0.108924 0.133730 0.000000
0.391303 0.483058 0.118274 0.000000
0.442482 -0.019435 0.059967 0.000000
0.339853 -0.538836 0.186117 0.000000
0.427863 -0.979986 0.599348 0.000000
0.014977 -0.437981 0.168830 0.000000
0.435015 0.076585 0.078077 0.000000
0.357466 -0.567663 0.289086 0.000000
0.501341 -0.164585 0.020355 0.000000
0.342616 0.412141 0.113788 0.000000
0.507019 -1.146576 0.153524 1.000000
0.409004 -0.174460 0.274318 0.000000
0.405708 0.293106 0.124707 0.000000
0.467175 -0.046101 0.194329 0.000000
0.318781 -1.003516 0.229696 0.000000
0.363109 -0.916089 0.183490 1.000000
0.301321 -0.933682 0.209244 0.000000
0.291328 -1.066653 0.228089 0.000000
0.294938 -1.080651 0.208135 0.000000
0.340388 0.188865 0.081290 0.000000
0.323211 -0.872646 0.217725 0.000000
0.409237 0.183324 0.106346 0.000000
0.284687 -0.935578 0.224794 0.000000
0.321699 -0.942915 0.209973 0.000000
0.585953 -1.275594 0.123513 1.000000
0.406758 0.196634 0.208639 0.000000
0.306728 -0.056778 0.031899 0.000000
0.308109 -0.942984 0.245855 0.000000
0.238221 -0.101904 0.380777 0.000000
0.418232 0.227486 0.165735 0.000000
0.416647 -0.136455 0.252409 0.000000
0.500751 -0.257183 -0.066489 0.000000
0.324717 -0.275518 0.194738 0.000000
0.436004 -1.019661 0.170381 1.000000
0.316053 -0.963501 0.229955 0.000000
0.304523 0.084158 0.264651 0.000000
0.337712 -0.850789 0.222579 0.000000
0.586945 -1.300165 0.119641 1.000000
0.307734 -0.904127 0.204560 0.000000
0.485917 -1.095143 0.155833 1.000000
0.342001 0.221930 0.210400 0.000000
0.297255 -1.128755 0.212223 0.000000
0.334160 0.166968 0.076027 0.000000
0.330238 0.025922 0.179295 0.000000
0.240589 -0.030753 0.343910 0.000000
0.259584 -0.101757 0.157478 0.000000
0.339658 -0.809157 0.218072 0.000000
0.499539 -0.055938 0.153096 0.000000
-0.050071 -0.518350 0.130763 0.000000
0.408602 0.202095 0.129143 0.000000
0.339812 -0.322711 0.206835 0.000000
0.342845 -0.354951 0.218961 0.000000
0.399279 0.008269 0.264786 0.000000
0.408625 0.006073 0.303721 0.000000
0.290273 -0.106011 0.006482 0.000000
0.205331 -0.195318 0.151450 0.000000
0.330471 0.142229 0.179179 0.000000
0.490005 -0.007131 0.131436 0.000000
0.401684 0.207135 0.177616 0.000000
0.462368 -0.080407 0.055101 0.000000
0.291093 -1.012243 0.252007 0.000000
0.322680 -0.693752 0.203119 0.000000
0.239404 -0.150770 0.162853 0.000000
0.337480 -0.433891 0.179600 0.000000
0.374476 0.458802 0.145419 0.000000
0.477564 0.030569 0.133784 0.000000
0.337431 0.348805 0.115062 0.000000
0.404004 0.334644 0.157829 0.000000
0.510515 -0.195573 -0.007370 0.000000
0.402212 -0.944787 0.546955 0.000000
0.276138 -0.988003 0.234597 0.000000
0.506275 -0.226023 -0.035555 0.000000
0.475023 0.007071 0.141314 0.000000
0.440255 0.008826 0.067324 0.000000
0.389296 -0.865350 0.439261 0.000000
0.569438 -1.263475 0.125232 1.000000
0.281080 -0.048456 0.162954 0.000000
0.312285 -1.020676 0.219602 0.000000
0.350065 0.220417 0.103929 0.000000
0.297462 -0.984571 0.219599 0.000000
0.185349 -0.252754 0.167227 0.000000
0.345992 -0.414431 0.247680 0.000000
0.470212 -1.073224 0.178864 1.000000
-0.023622 -0.490766 0.135241 0.000000
0.432344 -1.005212 0.205257 1.000000
0.392047 -0.934177 0.518526 0.000000
0.341502 -0.382244 0.231065 0.000000
0.369579 -0.634548 0.323317 0.000000
0.324815 0.047616 0.062854 0.000000
0.336192 0.181815 0.219819 0.000000
0.321664 -0.859350 0.233739 0.000000
0.270308 -0.139929 0.008360 0.000000
0.138331 -0.327367 0.169640 0.000000
0.371725 -0.684131 0.344579 0.000000
0.390079 -0.953815 0.209967 1.000000
0.395573 0.194457 0.095853 0.000000
0.554194 -1.211242 0.142886 1.000000
0.388246 -0.831119 0.419613 0.000000
0.339946 -0.595930 0.189258 0.000000
0.432812 0.080832 0.192350 0.000000
0.549353 -1.230655 0.131439 1.000000
-0.007282 -0.469761 0.160398 0.000000
0.374175 0.039881 0.242086 0.000000
0.334630 -0.088002 0.178185 0.000000
0.406623 -0.941510 0.496530 0.000000
0.368443 -0.578970 0.303017 0.000000
0.294595 -0.039150 0.046581 0.000000
0.293808 -0.911162 0.220155 0.000000
0.337078 0.112662 0.156730 0.000000
0.416313 -0.958998 0.542594 0.000000
0.387679 -0.694343 0.355817 0.000000
0.513932 -0.093773 0.159847 0.000000
0.243685 -0.086357 0.369636 0.000000
0.505837 -0.077294 0.120223 0.000000
0.503381 -1.126496 0.149209 1.000000
-0.074414 -0.544609 0.140330 0.000000
0.441135 0.007805 0.203319 0.000000
0.263915 -1.120731 0.241809 0.000000
0.568736 -1.242115 0.132760 1.000000
0.299238 -0.896996 0.239216 0.000000
0.214963 -0.138103 0.408614 0.000000
0.346010 -0.636057 0.205190 0.000000
0.253446 -0.116791 0.168482 0.000000
0.454034 0.018464 0.190392 0.000000
0.348683 0.283439 0.178273 0.000000
0.222549 -0.164245 0.146798 0.000000
0.380218 0.317393 0.115443 0.000000
0.416659 0.141531 0.190778 0.000000
0.463209 0.043329 0.144491 0.000000
0.517376 -0.118832 0.135514 0.000000
0.456277 -0.016092 0.194348 0.000000
0.300641 -1.147017 0.236728 0.000000
0.473012 0.014404 0.110521 0.000000
0.323962 0.015483 0.054535 0.000000
0.497485 -0.126989 0.036797 0.000000
0.352029 -0.446149 0.268275 0.000000
0.359214 -0.506199 0.271387 0.000000
0.273736 0.017257 0.309796 0.000000
0.382590 0.466678 0.127826 0.000000
0.356692 -0.437704 0.249373 0.000000
0.330646 -0.183826 0.197660 0.000000
0.304013 -1.051920 0.219100 0.000000
0.083437 -0.361141 0.173550 0.000000
0.527416 -0.137743 0.161650 0.000000
0.065319 -0.386743 0.171761 0.000000
0.434359 0.160721 0.167081 0.000000
0.355365 0.252894 0.109569 0.000000
0.455677 -0.062770 0.059372 0.000000
0.272620 -1.138423 0.251375 0.000000
0.429281 0.162209 0.122715 0.000000
0.247574 -1.072219 0.243107 0.000000
0.341983 0.179019 0.111289 0.000000
0.358354 -0.605928 0.298563 0.000000
0.181537 -0.221945 0.152939 0.000000
0.432711 -0.043476 0.216526 0.000000
-0.054795 -0.511843 0.150760 0.000000
0.391628 0.381112 0.159788 0.000000
0.495780 -0.150211 0.159920 0.000000
0.336691 0.264523 0.097090 0.000000
0.348705 0.418890 0.148732 0.000000
0.190244 -0.157598 0.444532 0.000000
0.369013 0.059186 0.201928 0.000000
0.330194 -0.890727 0.218441 0.000000
0.188255 -0.248990 0.539856 0.000000
0.387764 0.069571 0.037089 0.000000
0.325426 0.008078 0.185488 0.000000
0.338969 0.149922 0.086437 0.000000
0.425513 0.216984 0.124348 0.000000
0.430317 0.101687 0.187532 0.000000
0.437177 -1.041543 0.179004 1.000000
0.253832 -0.018514 0.335805 0.000000
0.520552 -1.160902 0.160537 1.000000
0.419717 0.106808 0.095955 0.000000
0.435374 0.036616 0.085777 0.000000
0.427054 -0.079654 0.228077 0.000000
0.398781 0.089960 0.235954 0.000000
0.467367 -0.031574 0.350946 0.000000
0.356455 0.424280 0.117097 0.000000
0.297023 0.063405 0.276999 0.000000
0.384238 -0.815551 0.410073 0.000000
0.332178 0.392440 0.135117 0.000000
0.325127 -1.044396 0.228901 0.000000
0.347419 -0.881890 0.218116 1.000000
0.537777 -1.183505 0.153680 1.000000
0.327175 -0.625565 0.195068 0.000000
0.342036 0.193602 0.099690 0.000000
0.294796 -0.979096 0.237348 0.000000
0.344071 -0.676673 0.205158 0.000000
0.194665 -0.233945 0.516241 0.000000
0.331627 -0.340149 0.203022 0.000000
0.332665 0.075801 0.174555 0.000000
0.466227 0.097473 0.124422 0.000000
0.350249 -0.908206 0.224331 1.000000
0.404234 0.279439 0.161877 0.000000
0.280273 -1.079416 0.248159 0.000000
0.327763 0.143870 0.131869 0.000000
0.306439 -1.099621 0.225834 0.000000
0.308528 -1.080008 0.223479 0.000000
0.320591 -0.020030 0.042341 0.000000
0.340240 -0.770882 0.202232 0.000000
0.485627 -0.117338 0.177190 0.000000
0.326298 -0.027259 0.186544 0.000000
0.242008 -0.051947 0.355186 0.000000
0.334762 -0.350304 0.184297 0.000000
0.399543 0.166990 0.086008 0.000000
0.348082 0.364566 0.114852 0.000000
0.324846 0.131417 0.240279 0.000000
0.333912 -0.399791 0.198292 0.000000
0.443150 -0.071431 0.232534 0.000000
0.513054 -0.177516 0.148525 0.000000
0.463494 -1.057042 0.184050 1.000000
0.366817 -0.919460 0.208353 1.000000
0.423253 -0.973996 0.565217 0.000000
0.403883 0.125104 0.061721 0.000000
0.345177 -0.554999 0.194071 0.000000
0.184235 -0.268645 0.572348 0.000000
0.336447 -0.246780 0.201388 0.000000
0.461077 -1.056400 0.163463 1.000000
-0.039371 -0.493928 0.155838 0.000000
0.389469 0.095078 0.046314 0.000000
0.328030 0.206698 0.171356 0.000000
0.326048 0.185440 0.169542 0.000000
0.472273 -0.084840 0.185168 0.000000
0.435772 -0.017969 0.316660 0.000000
0.333322 0.213274 0.105253 0.000000
0.333541 -0.745989 0.214566 0.000000
0.490868 -1.137140 0.157169 1.000000
0.346374 0.084230 0.186404 0.000000
0.397534 -0.967114 0.181952 1.000000
0.326479 -0.533779 0.197577 0.000000
0.358767 0.288121 0.115624 0.000000
0.338763 -0.645194 0.191532 0.000000
0.469799 0.066873 0.130046 0.000000
0.340717 -0.800115 0.200443 0.000000
0.270689 -1.020937 0.254313 0.000000
0.395467 0.042580 0.013287 0.000000
0.291295 -0.082468 0.035134 0.000000
0.272081 0.002766 0.320165 0.000000
0.402299 0.064330 0.027887 0.000000
0.332681 -0.288686 0.185667 0.000000
0.468705 -1.094915 0.160413 1.000000
0.611801 -1.306844 0.115858 1.000000
0.341832 -0.714484 0.196767 0.000000
0.279732 -1.004780 0.239496 0.000000
0.489207 -0.024841 0.143070 0.000000
0.303167 0.002102 0.054289 0.000000
0.509284 -0.077621 0.141014 0.000000
0.430705 0.128053 0.125974 0.000000
0.429835 0.182691 0.123877 0.000000
0.307709 -0.921938 0.229906 0.000000
0.272236 -1.056028 0.273428 0.000000
0.324068 -0.582366 0.196869 0.000000
0.323649 -0.472678 0.189551 0.000000
0.393923 0.304793 0.167652 0.000000
0.332282 0.116196 0.177652 0.000000
0.183865 -0.214541 0.511795 0.000000
0.427339 -1.006631 0.182483 1.000000
0.392714 -0.910467 0.474082 0.000000
-0.096648 -0.564948 0.129215 0.000000
0.436356 -0.104806 0.244077 0.000000
0.387368 0.281296 0.130272 0.000000
0.324608 -0.319470 0.192281 0.000000
0.368866 0.441704 0.114945 0.000000
0.326835 -0.495014 0.189507 0.000000
0.211390 -0.116979 0.400470 0.000000
0.527068 -0.203811 0.126920 0.000000
-0.125048 -0.584527 0.122432 0.000000
0.438188 0.024650 0.194581 0.000000
0.103303 -0.337779 0.172113 0.000000
0.522014 -0.225135 0.163251 0.000000
0.393208 0.336688 0.172211 0.000000
0.331231 0.240417 0.101030 0.000000
0.533233 -0.036147 0.408910 0.000000
0.318197 -1.115772 0.237295 0.000000
0.307529 -1.055817 0.236585 0.000000
0.337415 -0.199513 0.194212 0.000000
0.331611 -0.927402 0.218790 0.000000
0.400505 0.246072 0.167898 0.000000
0.374535 -0.730680 0.365304 0.000000
0.315417 -1.084070 0.242779 0.000000
0.325652 -0.326674 0.216934 0.000000
0.242700 -0.135371 0.155619 0.000000
0.329998 -0.567123 0.205823 0.000000
0.399856 0.396044 0.143129 0.000000
0.276074 -0.953593 0.231335 0.000000
0.409405 0.243882 0.120058 0.000000
0.387528 0.420192 0.132764 0.000000
0.387720 0.329173 0.135543 0.000000
0.462605 -0.049272 0.069521 0.000000
0.496160 -0.049052 0.107986 0.000000
0.340519 -0.718796 0.213354 0.000000
0.530683 -0.155077 0.163113 0.000000
0.221808 -0.101689 0.387360 0.000000
0.338773 0.210127 0.222426 0.000000
0.482559 -0.111812 0.048309 0.000000
0.304306 -0.941093 0.229254 0.000000
0.361474 -0.537653 0.263486 0.000000
0.306703 -0.997054 0.212407 0.000000
0.461870 -1.074144 0.163209 1.000000
0.353551 0.128713 0.136512 0.000000
0.333772 -0.235733 0.188237 0.000000
0.341542 0.257664 0.200393 0.000000
0.549935 -0.121198 0.119378 0.000000
0.335729 -0.371146 0.185278 0.000000
0.356872 -0.680839 0.331185 0.000000
0.336823 -0.164901 0.181445 0.000000
0.259337 -0.056898 0.355012 0.000000
0.292315 -1.008949 0.219829 0.000000
0.324062 -0.518665 0.188373 0.000000
0.298672 -0.881818 0.220655 0.000000
0.238550 -0.123837 0.133936 0.000000
0.332269 -0.211296 0.182696 0.000000
0.196852 -0.210393 0.154913 0.000000
0.274643 -0.063002 0.157127 0.000000
0.351374 -0.317677 0.195654 0.000000
0.345303 0.240824 0.198942 0.000000
0.352213 0.390030 0.153884 0.000000
0.522519 -1.166180 0.141451 1.000000
0.452454 -1.022803 0.198045 1.000000
0.436400 0.050307 0.074373 0.000000
0.332727 -0.448866 0.200840 0.000000
0.327323 -0.857736 0.211234 0.000000
0.339667 -0.690683 0.195328 0.000000
0.373863 0.438035 0.145094 0.000000
0.308435 -1.037393 0.226900 0.000000
0.373182 -0.865529 0.434910 0.000000
0.622942 -1.334315 0.115239 1.000000
0.383967 -0.005118 -0.009921 0.000000
0.334535 0.289360 0.097542 0.000000
0.298424 -1.132757 0.228361 0.000000
0.355922 -0.473602 0.260018 0.000000
0.333620 0.167768 0.228369 0.000000
0.382781 0.450338 0.132635 0.000000
0.081150 -0.389332 0.164834 0.000000
0.526596 -0.100758 0.121343 0.000000
0.479130 -0.080907 0.060473 0.000000
0.510984 -1.124912 0.167207 1.000000
0.231462 -0.188838 0.169145 0.000000
0.435560 0.081582 0.208676 0.000000
0.268994 -0.080907 0.174812 0.000000
0.340022 -0.770811 0.218923 0.000000
0.390384 -0.642138 0.341413 0.000000
0.321952 -0.884026 0.237599 0.000000
0.400322 0.119116 0.218990 0.000000
0.440864 0.095574 0.126466 0.000000
0.428266 0.148668 0.180901 0.000000
0.541242 -1.201212 0.145000 1.000000
0.400891 -0.201110 0.297593 0.000000
0.320647 -0.097500 0.177609 0.000000
0.334108 0.263324 0.171183 0.000000
0.312834 0.031454 0.170827 0.000000
0.306058 0.045357 0.060106 0.000000
0.305454 0.061166 0.292498 0.000000
0.335132 -0.828119 0.201557 0.000000
0.404582 0.311533 0.124041 0.000000
0.232300 -0.072680 0.368099 0.000000
0.199788 -0.160330 0.430829 0.000000
0.475231 -0.005414 0.109739 0.000000
0.358525 -0.736385 0.356020 0.000000
0.336031 0.150658 0.249339 0.000000
0.336317 -0.415971 0.199742 0.000000
0.406506 0.255798 0.195771 0.000000
0.169822 -0.255789 0.162877 0.000000
0.445444 -0.017233 0.216882 0.000000
0.281811 -1.030646 0.246444 0.000000
0.325033 -0.438966 0.188873 0.000000
0.378776 0.384191 0.147065 0.000000
0.322254 0.105723 0.168626 0.000000
0.375508 0.343204 0.123547 0.000000
0.264110 -1.038766 0.235553 0.000000
0.302314 0.006214 0.166751 0.000000
0.328654 -0.059344 0.189840 0.000000
0.332524 -0.379174 0.199659 0.000000
0.330499 -0.822458 0.219997 0.000000
0.004285 -0.469493 0.146185 0.000000
0.428555 0.142620 0.090717 0.000000
0.403027 0.135892 0.215974 0.000000
0.344352 0.327310 0.165655 0.000000
0.324181 -0.297092 0.196639 0.000000
0.127343 -0.313937 0.170028 0.000000
0.152456 -0.274159 0.164526 0.000000
0.388839 0.130718 0.059818 0.000000
0.262776 -0.145115 -0.010528 0.000000
0.360013 -0.498894 0.247423 0.000000
0.425703 0.070995 0.095440 0.000000
0.301176 -0.054053 0.046768 0.000000
0.330030 -0.658299 0.200594 0.000000
0.391479 0.422919 0.153413 0.000000
0.523694 -0.198830 0.157403 0.000000
0.289570 -1.048992 0.247724 0.000000
0.397650 0.146823 0.227840 0.000000
0.132891 -0.292994 0.169236 0.000000
0.447947 0.042958 0.115341 0.000000
0.276402 -1.058195 0.257268 0.000000
0.259227 0.022455 0.305700 0.000000
0.294082 0.085831 0.252724 0.000000
0.328496 -0.356515 0.230275 0.000000
0.281737 -0.966609 0.245659 0.000000
0.418329 0.190948 0.173784 0.000000
0.329270 0.243746 0.165314 0.000000
0.391927 0.341025 0.125711 0.000000
0.517346 -0.255040 0.178344 0.000000
0.332525 0.061530 0.066381 0.000000
0.335685 0.139494 0.164435 0.000000
0.481540 -1.104475 0.167951 1.000000
0.327905 -0.729780 0.208937 0.000000
0.040640 -0.415062 0.169234 0.000000
0.337890 -0.752171 0.199312 0.000000
0.332604 -0.877052 0.205759 0.000000
0.605195 -0.149084 0.112959 0.000000
0.443671 -0.979753 0.598752 0.000000
0.409500 -0.961070 0.526027 0.000000
0.057660 -0.406940 0.170878 0.000000
0.378227 -0.943985 0.185243 1.000000
0.329008 0.041528 0.177255 0.000000
0.420545 -0.000804 0.316748 0.000000
0.499809 -0.048352 0.139198 0.000000
0.450635 0.071701 0.120470 0.000000
0.517307 -1.145377 0.167956 1.000000
0.377148 -0.576558 0.315908 0.000000
0.314156 -0.912706 0.216038 0.000000
0.332753 -0.181129 0.181158 0.000000
0.372879 -0.044425 0.260351 0.000000
0.385784 0.301158 0.154525 0.000000
0.307838 -0.920946 0.246623 0.000000
0.315437 -0.961793 0.212985 0.000000
0.324316 -0.259295 0.194322 0.000000
0.377138 -0.706003 0.357515 0.000000
0.348316 0.267215 0.180826 0.000000
0.333418 -0.614461 0.207802 0.000000
0.356341 0.297218 0.171624 0.000000
0.397958 0.229894 0.095520 0.000000
0.320627 -0.841961 0.219147 0.000000
0.400252 -0.780503 0.397824 0.000000
0.076838 -0.376013 0.171807 0.000000
0.475398 -1.081389 0.166317 1.000000
0.313315 -1.014605 0.239411 0.000000
0.281167 -1.109122 0.252963 0.000000
-0.021938 -0.483971 0.149444 0.000000
0.400687 0.208071 0.102563 0.000000
0.390867 -0.916218 0.490082 0.000000
0.198899 -0.184500 0.451694 0.000000
0.316125 0.086934 0.274784 0.000000
0.403736 0.319386 0.161210 0.000000
0.376704 -0.017940 0.246300 0.000000
0.002989 -0.457492 0.156471 0.000000
0.321142 -0.226295 0.193036 0.000000
0.402555 0.189987 0.120506 0.000000
0.524347 -1.180601 0.146592 1.000000
0.320146 0.209559 0.114834 0.000000
0.457664 -0.055684 0.186166 0.000000
0.341398 0.325859 0.105822 0.000000
0.430557 0.129835 0.177687 0.000000
0.186798 -0.235183 0.160366 0.000000
0.198435 -0.109620 0.404303 0.000000
0.296003 -0.016660 0.158285 0.000000
0.406032 0.258827 0.120929 0.000000
0.296655 -0.090324 0.017676 0.000000
0.374973 -0.662302 0.336219 0.000000
0.101883 -0.318336 0.173631 0.000000
0.326310 0.113132 0.262643 0.000000
0.246395 -0.172915 -0.005238 0.000000
0.193241 -0.212072 0.488906 0.000000
0.200199 -0.137999 0.419963 0.000000
0.454075 -1.047595 0.174919 1.000000
0.347987 0.224049 0.085347 0.000000
0.582508 -0.050448 0.445502 0.000000
0.259881 -0.004944 0.325221 0.000000
0.449453 -0.011619 0.345022 0.000000
0.627020 -0.160496 0.104403 0.000000
0.354473 0.261916 0.097135 0.000000
0.367005 -0.064779 0.283600 0.000000
0.476615 -0.017656 0.368448 0.000000
0.282068 0.042963 0.292106 0.000000
0.231628 -0.164454 0.159050 0.000000
0.416585 0.176634 0.178638 0.000000
0.322307 -0.146071 0.182657 0.000000
0.348872 0.451524 0.157718 0.000000
0.362477 -0.508031 0.286495 0.000000
0.388840 -0.955228 0.177900 1.000000
0.308978 -0.990326 0.229002 0.000000
0.338345 -0.338329 0.216468 0.000000
0.388097 0.030540 0.020455 0.000000
0.354750 0.443776 0.144245 0.000000
0.296364 -0.959257 0.240818 0.000000
0.321532 0.106044 0.069801 0.000000
0.355835 -0.900691 0.191437 1.000000
0.188499 -0.188378 0.470291 0.000000
0.272294 -1.087369 0.259002 0.000000
0.388395 0.010832 0.242230 0.000000
0.292241 -1.097848 0.245463 0.000000
0.374189 0.481077 0.133390 0.000000
0.211355 -0.217251 0.166396 0.000000
0.349710 -0.411955 0.231839 0.000000
0.580830 -0.135761 0.117906 0.000000
0.395228 0.034259 0.241727 0.000000
0.338100 -0.401635 0.182504 0.000000
0.464089 0.114237 0.123385 0.000000
0.522540 -0.130683 0.148942 0.000000
0.330522 -0.169017 0.198450 0.000000
0.338526 0.302503 0.161497 0.000000
0.298189 -1.027101 0.219315 0.000000
0.534041 -0.228460 0.171192 0.000000
0.385823 -0.765528 0.386315 0.000000
0.397710 0.380947 0.145617 0.000000
0.391073 0.366403 0.158935 0.000000
0.406530 0.168308 0.211710 0.000000
0.441979 0.051228 0.175411 0.000000
0.422041 -0.994692 0.205287 1.000000
0.337594 0.355922 0.164563 0.000000
0.292129 -1.100619 0.230939 0.000000
0.399431 0.154096 0.075898 0.000000
0.359662 -0.527440 0.293441 0.000000
0.343506 0.212795 0.199026 0.000000
0.648805 -0.171740 0.086681 0.000000
0.335961 -0.687169 0.211720 0.000000
0.299517 -0.069513 0.031800 0.000000
0.340682 -0.269898 0.196117 0.000000
0.342377 -0.367543 0.226381 0.000000
0.402518 0.104500 0.047947 0.000000
0.350624 0.378789 0.163062 0.000000
0.386179 0.024182 0.276069 0.000000
0.284237 -0.042079 0.148631 0.000000
0.253650 -0.108688 0.139675 0.000000
0.354459 0.294751 0.103379 0.000000
0.322540 0.183228 0.115871 0.000000
0.393584 0.409693 0.140852 0.000000
0.362571 0.347978 0.118848 0.000000
0.468869 -0.017965 0.113503 0.000000
0.382159 -0.941881 0.205410 1.000000
0.439853 0.072901 0.175723 0.000000
0.373505 0.400221 0.119975 0.000000
0.337950 -0.524469 0.184969 0.000000
0.368579 0.371863 0.118448 0.000000
0.332196 -0.113391 0.182938 0.000000
0.318972 -0.039074 0.180332 0.000000
0.425135 0.147743 0.128992 0.000000
0.330064 0.156604 0.125294 0.000000
0.444616 -0.004449 0.063413 0.000000
0.319761 -0.976846 0.234216 0.000000
0.421474 -1.008754 0.196360 1.000000
0.021985 -0.447248 0.160082 0.000000
0.300927 -0.969203 0.217446 0.000000
0.262634 -0.091695 0.167579 0.000000
0.326146 -0.947457 0.224610 0.000000
0.099987 -0.232018 -0.051381 0.000000
0.436340 0.059477 0.198373 0.000000
0.337261 0.180672 0.234778 0.000000
0.329022 -0.996460 0.222384 0.000000
0.352609 -0.895770 0.217414 1.000000
0.444139 0.133486 0.127900 0.000000
0.341328 -0.846893 0.205730 0.000000
0.378215 -0.027659 -0.021691 0.000000
0.286336 -0.038402 0.171829 0.000000
0.325425 -0.507265 0.197055 0.000000
0.338921 0.291001 0.185668 0.000000
0.355460 -0.353231 0.212253 0.000000
0.481028 -1.078831 0.186514 1.000000
0.334231 0.175995 0.162421 0.000000
0.369790 -0.049965 -0.034689 0.000000
0.286470 -0.113819 0.020709 0.000000
0.159396 -0.245909 0.156496 0.000000
0.428842 -0.128905 0.252616 0.000000
0.369755 -0.604448 0.311390 0.000000
0.362432 -0.553201 0.290743 0.000000
0.463447 -0.097640 0.054839 0.000000
0.291110 -1.074928 0.239850 0.000000
0.337768 0.226517 0.099828 0.000000
0.405691 -0.942838 0.513250 0.000000
0.339572 -0.468618 0.185795 0.000000
0.395736 0.197001 0.081646 0.000000
0.447664 -1.029112 0.183651 1.000000
0.346869 -0.429967 0.242483 0.000000
0.231824 -0.179880 -0.027589 0.000000
0.331693 0.314750 0.106436 0.000000
0.396647 0.289676 0.168160 0.000000
0.334795 0.176177 0.086825 0.000000
0.324373 0.014459 0.172841 0.000000
0.563345 -0.048132 0.436567 0.000000
0.521519 -0.178642 0.159848 0.000000
0.386921 0.356847 0.141569 0.000000
0.429788 0.101562 0.087489 0.000000
0.441970 -0.050770 0.224356 0.000000
0.387758 -0.884281 0.454814 0.000000
0.382956 0.030572 0.248100 0.000000
0.380291 0.405753 0.145264 0.000000
0.490109 -0.140020 0.035231 0.000000
0.402319 -0.869668 0.445359 0.000000
0.286840 0.055887 0.283259 0.000000
0.370186 0.427376 0.118144 0.000000
0.349800 0.479021 0.141745 0.000000
0.488284 -0.055925 0.118998 0.000000
0.307102 -0.905755 0.231231 0.000000
0.337868 -0.596988 0.206859 0.000000
0.315796 0.120268 0.235805 0.000000
0.095283 -0.353663 0.172069 0.000000
0.372290 0.474181 0.118912 0.000000
0.335583 0.118708 0.079510 0.000000
0.388389 -0.655831 0.343842 0.000000
0.229661 -0.059877 0.362952 0.000000
0.292348 -0.023757 0.169840 0.000000
0.341048 -0.627786 0.191424 0.000000
0.385585 0.014882 0.011044 0.000000
0.339790 -0.419630 0.185649 0.000000
0.145720 -0.287131 0.168038 0.000000
0.415620 -1.002587 0.172050 1.000000
0.266783 -1.036657 0.253932 0.000000
0.323549 0.294772 0.106375 0.000000
0.347028 -0.399474 0.239195 0.000000
0.263032 -0.028477 0.339180 0.000000
0.359731 0.099730 0.156265 0.000000
0.522436 -0.160260 0.145766 0.000000
0.309229 0.016642 0.056289 0.000000
0.326392 -0.741744 0.201922 0.000000
0.399164 0.349919 0.155276 0.000000
0.304958 -1.011217 0.228248 0.000000
0.347638 0.164189 0.120822 0.000000
0.325755 -0.424233 0.192254 0.000000
0.404229 0.225795 0.202370 0.000000
0.327820 -0.799229 0.206544 0.000000
0.517225 -0.278916 0.194177 0.000000
0.318786 -0.894345 0.211423 0.000000
0.342067 -0.493563 0.193189 0.000000
0.444010 0.021209 0.180512 0.000000
0.293605 -1.059970 0.240314 0.000000
0.396803 -0.694908 0.366193 0.000000
0.488898 -0.023169 0.378417 0.000000
0.434990 -0.991776 0.600462 0.000000
0.219838 -0.127913 0.400476 0.000000
0.364514 -0.625050 0.314685 0.000000
0.422449 0.195702 0.120887 0.000000
0.340867 -0.732448 0.215193 0.000000
0.339488 -0.864443 0.222160 0.000000
0.342414 -0.880582 0.230879 0.000000
0.396681 -0.945934 0.534393 0.000000
0.424705 -0.104683 0.236749 0.000000
0.326757 -0.091954 0.188758 0.000000
0.402133 -0.927883 0.491810 0.000000
0.498187 -1.124302 0.161750 1.000000
0.341038 -0.785941 0.206584 0.000000
0.293063 -0.924875 0.222740 0.000000
0.411218 -0.964173 0.571782 0.000000
0.467767 0.052707 0.135562 0.000000
0.277305 -1.025912 0.271078 0.000000
0.357309 -0.385569 0.221948 0.000000
0.321333 0.075453 0.068785 0.000000
0.293817 -1.079197 0.221721 0.000000
0.425998 -0.973832 0.586828 0.000000
0.370917 0.471877 0.147314 0.000000
0.412623 0.216174 0.170947 0.000000
0.383028 -0.615038 0.328591 0.000000
0.212004 -0.090239 0.385330 0.000000
0.408242 0.266497 0.163407 0.000000
0.308834 -1.067531 0.243437 0.000000
0.332205 -0.309892 0.202816 0.000000
0.385627 -0.722800 0.368782 0.000000
0.343302 0.120369 0.147155 0.000000
0.457771 -0.022338 0.345798 0.000000
0.323306 0.138457 0.227960 0.000000
0.388726 0.297842 0.129880 0.000000
0.282043 0.028711 0.303747 0.000000
0.326995 -0.668572 0.210222 0.000000
0.338173 0.100032 0.161553 0.000000
0.443268 0.183215 0.122104 0.000000
0.397378 -0.891986 0.461117 0.000000
0.395032 -0.853537 0.434141 0.000000
0.328687 0.156428 0.220617 0.000000
0.418909 -0.963387 0.556243 0.000000
0.363293 -0.538084 0.285387 0.000000
0.299320 -0.931253 0.238794 0.000000
0.333004 0.138382 0.080053 0.000000
0.120369 -0.337427 0.168966 0.000000
0.346460 0.139084 0.131547 0.000000
0.413400 0.242024 0.165799 0.000000
0.368632 -0.564404 0.296100 0.000000
0.339034 0.194969 0.221259 0.000000
0.580422 -1.287184 0.118972 1.000000
0.447886 -1.025020 0.163940 1.000000
0.333070 -0.835933 0.215467 0.000000
0.326351 0.090297 0.165962 0.000000
0.370435 0.051923 0.213869 0.000000
0.365800 -0.592023 0.306245 0.000000
0.326228 0.353570 0.120772 0.000000
0.240232 -1.114807 0.248036 0.000000
0.340345 -0.441284 0.190447 0.000000
0.290411 -1.058328 0.217585 0.000000
0.434181 0.088865 0.083445 0.000000
0.558701 -1.231347 0.141037 1.000000
0.334344 -0.137048 0.191232 0.000000
0.027373 -0.432553 0.166543 0.000000
0.392826 0.017408 0.253442 0.000000
0.530763 -0.251952 0.179259 0.000000
0.319760 -0.922852 0.223074 0.000000
0.320918 -1.087658 0.231102 0.000000
0.338249 0.234080 0.157685 0.000000
0.336988 -0.383235 0.243631 0.000000
0.299219 -1.068672 0.212306 0.000000
0.322369 0.149804 0.171684 0.000000
0.387668 0.016988 -0.002412 0.000000
0.327003 -0.455458 0.190708 0.000000
0.507648 -0.065167 0.146159 0.000000
0.518415 -0.108250 0.144349 0.000000
0.472402 0.021247 0.141835 0.000000
0.377411 0.330096 0.121059 0.000000
0.377149 -0.602167 0.325115 0.000000
0.389609 0.150258 0.066200 0.000000
0.448877 -0.030178 0.064616 0.000000
0.512122 -1.160339 0.149311 1.000000
0.400049 -0.964164 0.213210 1.000000
0.164324 -0.268194 0.165547 0.000000
0.287961 -1.092198 0.208839 0.000000
0.364309 -0.673901 0.339757 0.000000
0.378429 -0.790295 0.395173 0.000000
0.226145 -0.190031 -0.014533 0.000000
0.395471 0.062188 0.232383 0.000000
0.441875 -1.032878 0.194979 1.000000
0.383837 -0.565239 0.314208 0.000000
0.311675 0.027541 0.183816 0.000000
0.395864 0.200336 0.215213 0.000000
0.444145 0.011119 0.216781 0.000000
0.350413 0.351071 0.160583 0.000000
0.335682 -0.627765 0.205505 0.000000
-0.078127 -0.536924 0.128440 0.000000
0.301860 -0.004798 0.159421 0.000000
0.193485 -0.242273 0.529728 0.000000
0.330266 0.002655 0.174432 0.000000
0.337235 0.212954 0.164203 0.000000
0.438015 0.025187 0.079162 0.000000
0.449711 0.120336 0.129009 0.000000
0.327271 0.090930 0.072020 0.000000
0.337017 -0.556067 0.207545 0.000000
0.366542 0.051219 0.226685 0.000000
0.324553 -0.025074 0.173686 0.000000
0.319595 0.077210 0.174263 0.000000
0.280889 -1.064458 0.246619 0.000000
0.312476 -0.895141 0.240842 0.000000
0.308743 -0.012031 0.046270 0.000000
0.456156 0.059367 0.115648 0.000000
0.328213 -0.546317 0.202106 0.000000
0.398387 0.263180 0.109735 0.000000
0.355403 -0.884639 0.207165 1.000000
0.450402 -0.019131 0.072754 0.000000
0.274092 -1.054455 0.236013 0.000000
0.344421 0.205776 0.103863 0.000000
0.081289 -0.239583 -0.051410 0.000000
0.428590 -0.092227 0.233085 0.000000
0.306198 -0.954350 0.227684 0.000000
0.338093 -0.503890 0.201258 0.000000
0.353542 0.280563 0.099687 0.000000
0.336783 -0.480126 0.197636 0.000000
0.599345 -1.310386 0.117528 1.000000
0.313984 -0.975656 0.221597 0.000000
0.327818 -0.570232 0.191104 0.000000
0.379690 -0.903012 0.473480 0.000000
0.241712 -0.171346 -0.022571 0.000000
0.307248 0.019381 0.165201 0.000000
0.434669 0.063320 0.077699 0.000000
0.386631 -0.917395 0.502353 0.000000
0.437266 -0.025330 0.210766 0.000000
0.319962 0.026272 0.155034 0.000000
0.325629 0.267532 0.107704 0.000000
0.175896 -0.265376 0.562927 0.000000
0.362701 -0.913554 0.196232 1.000000
0.324234 -1.125615 0.243262 0.000000
0.349118 0.312199 0.168215 0.000000
0.216535 -0.192085 0.158108 0.000000
0.324675 -0.053490 0.177597 0.000000
0.326587 -0.340898 0.189900 0.000000
0.298359 -1.023467 0.205755 0.000000
0.097559 -0.365801 0.167493 0.000000
0.522285 -0.212327 0.161344 0.000000
0.315542 0.044599 0.173811 0.000000
0.404427 0.181499 0.211280 0.000000
0.383059 0.305511 0.120062 0.000000
0.460534 0.017033 0.115532 0.000000
0.237693 -0.133528 0.143859 0.000000
0.397101 0.090203 0.221696 0.000000
0.386255 0.390823 0.124963 0.000000
0.295866 -0.016635 0.182318 0.000000
0.404836 0.280312 0.120490 0.000000
0.146536 -0.220507 -0.050017 0.000000
0.272887 -0.135500 -0.003465 0.000000
-0.029782 -0.494574 0.145893 0.000000
0.484353 -0.032913 0.108021 0.000000
-0.062079 -0.526452 0.133721 0.000000
0.502253 -0.074606 0.108153 0.000000
0.360337 -0.914047 0.218057 1.000000
0.336224 -0.551425 0.185248 0.000000
0.445744 0.050139 0.191727 0.000000
0.309916 -0.900856 0.218506 0.000000
0.508275 -0.196001 -0.019987 0.000000
0.370792 -0.926044 0.181030 1.000000
0.380089 -0.015277 -0.019011 0.000000
0.463422 0.076929 0.135463 0.000000
0.444689 0.158669 0.131755 0.000000
0.440068 -0.978437 0.612769 0.000000
0.348120 -0.447087 0.247966 0.000000
0.414656 -0.002278 0.296162 0.000000
-0.051123 -0.507989 0.139146 0.000000
0.333023 0.290805 0.169504 0.000000
0.298961 -0.910334 0.243066 0.000000
0.336075 0.378250 0.128009 0.000000
-0.085532 -0.550674 0.138888 0.000000
0.335303 -0.100442 0.184590 0.000000
0.371877 -0.930615 0.211851 1.000000
0.355391 0.469412 0.152003 0.000000
-0.042383 -0.508017 0.152355 0.000000
0.335963 -0.707380 0.206016 0.000000
0.437122 0.122899 0.168669 0.000000
0.342998 0.091780 0.176750 0.000000
0.409274 0.168414 0.104988 0.000000
0.332404 -0.234470 0.200797 0.000000
0.506429 -1.134443 0.158627 1.000000
0.526430 -1.169514 0.153058 1.000000
0.310766 -0.863755 0.228956 0.000000
0.392639 -0.959581 0.196037 1.000000
0.322052 -1.165988 0.241959 0.000000
0.292125 -0.943817 0.231512 0.000000
0.324343 -0.373876 0.190150 0.000000
0.287007 -1.017001 0.241008 0.000000
0.399306 0.180592 0.090068 0.000000
0.385367 0.375716 0.123516 0.000000
0.423715 -0.144927 0.258602 0.000000
0.440165 0.002271 0.079416 0.000000
0.311031 0.097653 0.256143 0.000000
0.282861 -0.937018 0.237220 0.000000
0.402415 0.007183 0.277622 0.000000
0.331409 0.166599 0.241015 0.000000
0.292919 -1.045927 0.210842 0.000000
0.417331 0.128182 0.100476 0.000000
0.398868 0.473128 0.116406 0.000000
0.451790 0.145125 0.123744 0.000000
0.190991 -0.206103 -0.032383 0.000000
0.593643 -1.284325 0.118641 1.000000
0.356877 -0.914167 0.234357 1.000000
0.326065 0.070403 0.183817 0.000000
0.402802 0.009186 0.292941 0.000000
0.325449 -0.158916 0.187771 0.000000
0.333359 0.277005 0.099483 0.000000
0.246307 -0.043716 0.346112 0.000000
0.392650 0.281426 0.117735 0.000000
0.402355 -0.183451 0.282014 0.000000
0.338623 -0.647213 0.203909 0.000000
0.406290 0.293098 0.160178 0.000000
0.437577 -1.032053 0.169351 1.000000
0.541632 -1.208217 0.131688 1.000000
0.306571 0.000100 0.147905 0.000000
0.332340 -0.248602 0.189739 0.000000
0.396550 0.249515 0.201440 0.000000
0.192162 -0.168998 0.449205 0.000000
0.389898 0.309642 0.182185 0.000000
0.303770 -1.067028 0.227592 0.000000
0.299597 0.074304 0.271550 0.000000
0.301195 -0.896032 0.226171 0.000000
0.285827 -0.993745 0.239883 0.000000
0.186454 -0.225881 0.520957 0.000000
0.282686 -0.118033 0.009604 0.000000
0.305571 -0.028688 0.044728 0.000000
0.191685 -0.245873 0.551386 0.000000
0.357705 -0.517774 0.267150 0.000000
0.386327 0.433281 0.146222 0.000000
0.556524 -1.240722 0.130511 1.000000
0.248368 -0.126216 0.161757 0.000000
0.349964 0.240916 0.105592 0.000000
0.339370 0.337103 0.110580 0.000000
0.353360 -0.458224 0.265923 0.000000
0.305721 -1.010565 0.214947 0.000000
0.425191 0.165355 0.173969 0.000000
0.304879 -0.945384 0.207464 0.000000
0.347527 0.238279 0.186898 0.000000
0.485402 0.003829 0.134807 0.000000
0.460332 -0.035522 0.192591 0.000000
0.344797 0.389894 0.164263 0.000000
0.497301 -0.068235 0.119465 0.000000
0.524251 -0.110336 0.113959 0.000000
0.511490 -0.083511 0.152978 0.000000
0.442475 -0.012749 0.333362 0.000000
0.355967 -0.537215 0.274938 0.000000
0.427254 0.089981 0.185342 0.000000
0.442810 -0.003441 0.209400 0.000000
0.475211 -0.028472 0.114926 0.000000
0.358474 0.064992 0.205965 0.000000
0.410114 0.154075 0.102947 0.000000
0.572751 -1.275061 0.122886 1.000000
0.336275 -0.857435 0.202048 0.000000
0.337774 -0.317480 0.185962 0.000000
0.296713 -0.997630 0.221378 0.000000
0.205511 -0.200632 -0.026646 0.000000
0.338929 -0.819875 0.209762 0.000000
0.351359 -0.328459 0.203285 0.000000
0.112192 -0.311805 0.172848 0.000000
0.330396 -0.763648 0.215447 0.000000
0.472593 0.035522 0.144550 0.000000
0.438441 0.100325 0.177160 0.000000
0.430212 -0.971247 0.574830 0.000000
0.338814 -0.831575 0.226015 0.000000
0.381068 0.277674 0.117516 0.000000
0.386618 0.411248 0.154492 0.000000
0.546717 -1.219656 0.137185 1.000000
0.338802 0.163637 0.086762 0.000000
0.213196 -0.182357 0.150289 0.000000
0.340866 -0.666693 0.196275 0.000000
0.423675 0.119131 0.121674 0.000000
0.298885 -0.884265 0.232548 0.000000
0.388368 0.332065 0.149379 0.000000
0.373751 -0.718518 0.364761 0.000000
0.265637 -1.048321 0.266406 0.000000
0.126651 -0.232634 -0.042731 0.000000
0.185027 -0.204951 0.498267 0.000000
0.401418 -0.827475 0.422909 0.000000
0.388121 0.397620 0.140532 0.000000
0.416938 0.127664 0.196314 0.000000
0.295510 -1.038653 0.221785 0.000000
0.202077 -0.186644 0.143647 0.000000
0.493410 -0.036151 0.144087 0.000000
0.201730 -0.148649 0.428376 0.000000
0.325203 -0.206730 0.191380 0.000000
0.380888 0.034847 0.229713 0.000000
0.305139 -0.046260 0.037718 0.000000
0.390178 -0.875224 0.446127 0.000000
0.337256 0.236069 0.170067 0.000000
0.341514 0.233737 0.208057 0.000000
0.332263 -0.372129 0.231039 0.000000
0.257882 -0.105623 0.168766 0.000000
0.252961 -0.045924 0.357168 0.000000
0.398532 0.113627 0.229516 0.000000
0.441163 0.163564 0.121387 0.000000
0.549680 -1.198363 0.153423 1.000000
0.390009 -0.775364 0.392566 0.000000
-0.017708 -0.474852 0.155959 0.000000
0.470356 -0.058082 0.193993 0.000000
0.406744 -0.951407 0.537884 0.000000
0.121087 -0.289044 0.167161 0.000000
0.414223 0.192398 0.133332 0.000000
0.396881 -0.934749 0.507507 0.000000
0.491171 -0.119157 0.044439 0.000000
0.399612 0.235962 0.105688 0.000000
0.393971 0.321125 0.125897 0.000000
0.430113 0.113374 0.182442 0.000000
0.327756 0.053945 0.181466 0.000000
0.271346 -0.071310 0.168096 0.000000
0.262012 -1.025572 0.236629 0.000000
0.426200 0.069542 0.083372 0.000000
0.336871 -0.530127 0.202190 0.000000
0.599296 -1.298543 0.121338 1.000000
0.507773 -0.160753 0.011052 0.000000
0.517959 -0.104516 0.155677 0.000000
0.327802 -0.036389 0.171720 0.000000
0.168819 -0.214462 -0.038640 0.000000
0.195023 -0.200013 0.147707 0.000000
0.359360 -0.636054 0.312397 0.000000
0.576893 -1.233998 0.135875 1.000000
0.338443 -0.384414 0.190755 0.000000
0.525782 -0.151064 0.152817 0.000000
0.344254 -0.873902 0.197899 1.000000
0.358587 -0.580069 0.294664 0.000000
0.290868 -1.109637 0.245802 0.000000
0.212963 -0.189467 -0.031688 0.000000
0.616191 -1.318012 0.121600 1.000000
0.369197 0.352276 0.109816 0.000000
0.324462 0.138113 0.168928 0.000000
0.290159 -1.085657 0.245416 0.000000
0.208183 -0.128600 0.405044 0.000000
0.333428 0.175754 0.210046 0.000000
0.327365 0.123333 0.254981 0.000000
0.294348 -1.000933 0.250976 0.000000
0.339481 0.198469 0.089240 0.000000
0.359556 -0.435289 0.233142 0.000000
0.386811 0.005832 -0.006172 0.000000
0.331490 0.139932 0.247434 0.000000
0.342781 -0.517715 0.194546 0.000000
0.409000 0.197445 0.176949 0.000000
0.330973 -0.284667 0.203062 0.000000
0.337622 -0.797765 0.212945 0.000000
0.439766 0.033588 0.202428 0.000000
0.178397 -0.262110 0.172569 0.000000
0.337773 -0.294684 0.194422 0.000000
0.184642 -0.238710 0.544309 0.000000
0.349544 0.397702 0.128211 0.000000
0.367031 -0.645595 0.326467 0.000000
0.341279 -0.327735 0.196301 0.000000
0.335109 0.197425 0.172846 0.000000
0.435905 -1.025964 0.180309 1.000000
0.290237 -1.029744 0.238176 0.000000
0.342158 0.442568 0.147515 0.000000
0.328482 -0.329375 0.197270 0.000000
0.308557 -0.936213 0.218145 0.000000
0.231875 -0.154015 0.152798 0.000000
0.213892 -0.109167 0.391754 0.000000
0.505656 -0.172911 0.013297 0.000000
0.564039 -1.253263 0.127294 1.000000
0.339905 -0.362059 0.191413 0.000000
0.251641 -0.113663 0.156963 0.000000
0.342996 0.182988 0.091711 0.000000
-0.057937 -0.518846 0.141897 0.000000
0.293051 -0.094923 0.036438 0.000000
0.481180 0.018009 0.134181 0.000000
0.036529 -0.426073 0.163149 0.000000
0.330382 -0.602199 0.191815 0.000000
0.410082 -0.954093 0.551217 0.000000
0.260476 -1.051670 0.236839 0.000000
0.335800 -0.589345 0.198012 0.000000
0.261904 -0.089453 0.155333 0.000000
0.312883 -1.103605 0.237628 0.000000
0.481668 -0.003625 0.143027 0.000000
0.338898 -0.565268 0.195478 0.000000
0.326399 -0.356487 0.189824 0.000000
0.474176 0.041748 0.133521 0.000000
0.359496 0.075602 0.186510 0.000000
0.488524 -1.097321 0.173981 1.000000
0.381332 -0.929576 0.187690 1.000000
0.534273 -0.199238 0.164841 0.000000
0.103465 -0.236647 -0.041251 0.000000
0.358149 -0.466217 0.244491 0.000000
0.441851 0.072825 0.190005 0.000000
0.389533 0.081264 0.040741 0.000000
0.241852 -0.158720 0.171570 0.000000
0.314303 0.052785 0.063638 0.000000
0.344355 0.477573 0.152424 0.000000
0.308326 -1.075385 0.234872 0.000000
0.395059 0.016328 0.272034 0.000000
0.322308 -1.154165 0.245352 0.000000
0.429208 0.113556 0.089684 0.000000
0.384396 0.463836 0.148795 0.000000
0.352167 0.425056 0.157958 0.000000
-0.073565 -0.532139 0.137999 0.000000
0.393577 -0.899469 0.469145 0.000000
0.323288 -0.883650 0.211905 0.000000
0.232456 -0.037249 0.349707 0.000000
0.337076 -0.276899 0.187589 0.000000
0.382217 -0.800475 0.400758 0.000000
0.334618 0.282893 0.193120 0.000000
0.332167 -0.224796 0.184739 0.000000
0.326100 -0.400090 0.189738 0.000000
0.457939 0.097654 0.132940 0.000000
0.337011 0.312790 0.166591 0.000000
0.384509 0.452488 0.144549 0.000000
0.346633 -0.379767 0.219957 0.000000
0.463538 -1.064351 0.175076 1.000000
0.407529 0.194566 0.108474 0.000000
0.209192 -0.203737 0.158378 0.000000
0.375827 -0.624059 0.327845 0.000000
0.451874 -0.022258 0.184296 0.000000
0.255464 -0.111118 0.178638 0.000000
-0.028197 -0.491902 0.157955 0.000000
0.432634 0.140387 0.122539 0.000000
0.012435 -0.451202 0.165233 0.000000
0.395686 0.270547 0.193811 0.000000
0.278871 -0.978239 0.240084 0.000000
0.459292 0.040503 0.116495 0.000000
0.423222 0.246289 0.128549 0.000000
0.349119 -0.424434 0.252685 0.000000
0.380274 -0.035536 0.263929 0.000000
0.182252 -0.191323 0.479491 0.000000
0.322386 -0.183367 0.185612 0.000000
0.343953 0.398571 0.155326 0.000000
0.293289 0.041282 0.297862 0.000000
0.316471 -0.917713 0.235997 0.000000
0.254337 -0.160646 -0.008600 0.000000
0.353526 -0.475405 0.274005 0.000000
0.297561 -1.106174 0.222506 0.000000
0.350544 0.250262 0.096413 0.000000
0.428532 -0.009015 0.317051 0.000000
0.438546 0.020945 0.068542 0.000000
0.357851 -0.483733 0.250557 0.000000
0.285999 0.064307 0.274072 0.000000
0.381347 -0.036705 -0.015435 0.000000
0.378290 -0.053774 -0.028062 0.000000
0.332642 0.127876 0.171729 0.000000
0.330591 -0.614781 0.196606 0.000000
0.509834 -0.183472 -0.006975 0.000000
0.333218 0.187407 0.111412 0.000000
0.288893 -1.005123 0.260647 0.000000
0.326256 -0.850603 0.224025 0.000000
0.347798 0.107882 0.155155 0.000000
0.289146 0.022462 0.310109 0.000000
0.434535 0.070727 0.198491 0.000000
0.426393 -1.013765 0.172022 1.000000
0.328435 -0.807225 0.218320 0.000000
0.464421 -0.070031 0.060088 0.000000
0.322953 -0.903800 0.216202 0.000000
0.296302 -1.090998 0.225279 0.000000
0.270912 -0.997654 0.240267 0.000000
0.392068 0.238501 0.168692 0.000000
0.317627 -0.861673 0.220140 0.000000
0.278776 -0.053023 0.173098 0.000000
0.358128 -0.427820 0.242167 0.000000
0.337268 -0.348898 0.195276 0.000000
0.335137 -0.578099 0.199378 0.000000
0.347252 0.429928 0.146487 0.000000
0.370843 0.450283 0.122322 0.000000
0.338183 0.169042 0.116564 0.000000
-0.117464 -0.581582 0.131244 0.000000
0.365713 -0.727925 0.358761 0.000000
0.317120 -0.907913 0.226424 0.000000
0.534218 -0.109299 0.119222 0.000000
0.631909 -0.170584 0.100029 0.000000
0.346196 0.260730 0.190542 0.000000
0.327159 -0.682068 0.205568 0.000000
0.344384 -0.600854 0.198470 0.000000
0.403351 -0.198335 0.286916 0.000000
0.418680 -0.971666 0.576171 0.000000
0.379439 -0.636942 0.334400 0.000000
0.440827 0.082396 0.184138 0.000000
0.273131 -0.134271 0.018138 0.000000
0.394163 0.274860 0.164005 0.000000
0.317949 -0.988494 0.220125 0.000000
0.374008 -0.820203 0.409396 0.000000
0.335789 -0.405763 0.251591 0.000000
0.486332 -0.013497 0.140349 0.000000
0.333264 0.202506 0.102025 0.000000
0.275490 -0.127950 0.009101 0.000000
0.331946 -0.846965 0.213646 0.000000
0.324361 -0.120971 0.187747 0.000000
0.506182 -0.270717 -0.065368 0.000000
0.279143 -1.068823 0.259610 0.000000
0.328935 -0.531758 0.186817 0.000000
0.333682 -0.696417 0.205321 0.000000
0.241474 -0.020864 0.337911 0.000000
0.454444 0.007444 0.192398 0.000000
0.507477 -0.232492 -0.044758 0.000000
0.298554 -1.139871 0.216635 0.000000
0.429914 -0.985946 0.608602 0.000000
0.220354 -0.156265 0.139256 0.000000
0.348776 0.261776 0.111314 0.000000
0.338887 0.266464 0.161557 0.000000
0.398897 0.302230 0.126561 0.000000
0.308952 -1.022021 0.230197 0.000000
0.333263 0.105331 0.170578 0.000000
0.327107 -0.508040 0.186022 0.000000
0.482114 -1.074495 0.158171 1.000000
0.369544 -0.068949 0.293654 0.000000
0.480695 -1.091187 0.165447 1.000000
0.312020 0.105702 0.248465 0.000000
0.436956 0.118840 0.125145 0.000000
0.304151 0.050525 0.297174 0.000000
0.302709 -1.033486 0.235646 0.000000
0.233172 -0.084695 0.373888 0.000000
0.386576 -0.012617 -0.002084 0.000000
0.368684 -0.784765 0.389130 0.000000
0.273508 -0.063939 0.145778 0.000000
0.316993 0.039940 0.060791 0.000000
0.534945 -0.213221 0.127142 0.000000
0.395293 0.257479 0.190208 0.000000
0.505014 -0.250111 -0.058264 0.000000
0.434990 -1.002988 0.215850 1.000000
0.356599 -0.451923 0.242596 0.000000
0.391878 -0.951082 0.221076 1.000000
0.346950 -0.893326 0.208139 1.000000
0.433958 0.171836 0.125757 0.000000
0.443419 0.111694 0.132094 0.000000
0.343092 -0.453220 0.192506 0.000000
0.533760 -1.210439 0.144531 1.000000
0.318494 -0.875448 0.204714 0.000000
0.325437 -0.039868 0.189339 0.000000
0.392968 -0.820955 0.419820 0.000000
0.345837 0.371818 0.154695 0.000000
0.190314 -0.225270 0.510569 0.000000
0.412230 -0.147048 0.257221 0.000000
0.341179 0.214991 0.097619 0.000000
0.425009 -0.997062 0.177394 1.000000
0.359290 -0.408674 0.227326 0.000000
0.332177 -0.141352 0.180893 0.000000
0.423901 0.132818 0.186028 0.000000
0.351827 -0.362413 0.217264 0.000000
0.329479 -0.773362 0.201443 0.000000
0.145939 -0.223906 -0.039504 0.000000
0.331056 0.302748 0.104196 0.000000
0.352693 0.085470 0.177189 0.000000
0.326255 -0.590790 0.203690 0.000000
0.332910 -0.191195 0.188494 0.000000
0.322909 0.028480 0.058177 0.000000
0.345732 -0.623487 0.201874 0.000000
0.341256 -0.820474 0.221507 0.000000
0.295915 -1.145260 0.226907 0.000000
0.288533 -0.969914 0.237621 0.000000
0.328173 -0.823911 0.209311 0.000000
0.414128 -0.165384 0.268669 0.000000
0.317052 -1.029641 0.226329 0.000000
0.407182 0.233436 0.168970 0.000000
0.500736 -0.153815 0.022609 0.000000
0.473753 -1.070464 0.188908 1.000000
0.559172 -1.220462 0.139526 1.000000
0.396966 0.342301 0.162898 0.000000
0.230278 -0.109678 0.386030 0.000000
0.340370 -0.810314 0.204522 0.000000
0.492988 -0.033190 0.376513 0.000000
0.456790 -0.039956 0.069561 0.000000
0.189407 -0.187860 0.457043 0.000000
0.274086 -1.088417 0.247259 0.000000
0.300188 -0.008273 0.051996 0.000000
0.358720 -0.900052 0.225441 1.000000
0.179858 -0.248150 0.158936 0.000000
0.296580 -0.059808 0.037696 0.000000
0.429332 0.091560 0.195970 0.000000
0.255997 -1.019172 0.243158 0.000000
0.269555 -0.152867 0.005439 0.000000
0.544485 -1.190113 0.148109 1.000000
0.311717 -0.936887 0.206700 0.000000
0.334051 0.250970 0.100698 0.000000
0.447039 -1.037654 0.176378 1.000000
0.061066 -0.396854 0.168440 0.000000
0.340785 -0.315107 0.196357 0.000000
0.336179 -0.496026 0.181940 0.000000
0.251217 -0.028196 0.340109 0.000000
0.244115 -0.140993 0.164863 0.000000
0.335101 -0.737988 0.207316 0.000000
0.363465 -0.519030 0.287626 0.000000
0.364256 -0.614838 0.310889 0.000000
0.394149 0.259035 0.119251 0.000000
0.367708 -0.073195 -0.042501 0.000000
0.269680 -1.078010 0.239880 0.000000
0.322820 -0.969306 0.221567 0.000000
0.316853 -0.910038 0.205101 0.000000
0.320617 -1.076961 0.227041 0.000000
0.514805 -0.216473 -0.031343 0.000000
0.426653 0.080048 0.086131 0.000000
0.438010 0.070261 0.119993 0.000000
0.417324 0.175524 0.100935 0.000000
0.370154 0.416978 0.123390 0.000000
0.319350 -0.935673 0.219289 0.000000
0.402479 0.387208 0.153087 0.000000
0.495771 -0.046191 0.150174 0.000000
0.292944 -0.910552 0.230954 0.000000
0.335962 -0.430996 0.190221 0.000000
0.421231 0.206445 0.121753 0.000000
0.451214 -1.055369 0.167857 1.000000
0.471444 -0.087542 0.056037 0.000000
0.403916 0.256039 0.165321 0.000000
0.432596 -1.010268 0.193497 1.000000
0.396004 0.297962 0.159505 0.000000
0.435074 0.187206 0.132213 0.000000
0.448379 0.028695 0.190197 0.000000
0.342810 -0.840093 0.217834 0.000000
0.266633 0.009323 0.311709 0.000000
0.191488 -0.219939 0.156681 0.000000
0.223249 -0.186292 -0.030678 0.000000
0.285888 -0.957274 0.228693 0.000000
0.343797 -0.835659 0.206764 0.000000
0.296467 -0.987104 0.230052 0.000000
0.326176 -0.064007 0.179520 0.000000
0.368489 -0.529240 0.299386 0.000000
0.584397 -1.265006 0.124903 1.000000
0.333336 0.156410 0.079915 0.000000
0.394543 0.121169 0.058029 0.000000
0.352350 -0.474526 0.249462 0.000000
0.452761 -0.008821 0.187211 0.000000
0.334626 0.148369 0.170449 0.000000
0.468166 -1.084271 0.158850 1.000000
0.350755 -0.420858 0.238255 0.000000
0.372032 0.482482 0.145868 0.000000
0.412732 0.151542 0.190982 0.000000
0.464132 0.086753 0.128725 0.000000
0.335268 -0.541741 0.195421 0.000000
0.395565 0.024075 0.245126 0.000000
0.131945 -0.304148 0.169336 0.000000
0.251030 -0.009947 0.329966 0.000000
0.361427 -0.688121 0.340389 0.000000
0.333837 -0.078369 0.182856 0.000000
-0.014804 -0.488043 0.141709 0.000000
0.313355 -1.143548 0.239287 0.000000
0.388299 0.042236 0.026599 0.000000
0.334531 -0.029722 0.180133 0.000000
0.329780 -0.785757 0.214448 0.000000
0.325425 -0.286850 0.193758 0.000000
0.336156 0.359193 0.117302 0.000000
0.294334 -1.049825 0.223159 0.000000
0.309120 -1.003849 0.234799 0.000000
0.444903 0.085284 0.124168 0.000000
0.471573 -1.084215 0.180713 1.000000
0.353948 0.400428 0.152019 0.000000
0.350225 -0.438592 0.260937 0.000000
0.295962 -1.010892 0.235046 0.000000
0.329316 -0.176324 0.190179 0.000000
0.314972 -0.879906 0.217458 0.000000
0.378678 0.395204 0.145417 0.000000
0.471668 -1.070255 0.168728 1.000000
0.399425 0.219897 0.098881 0.000000
0.228638 -0.095064 0.381532 0.000000
0.342511 0.328621 0.155253 0.000000
0.325243 -0.988675 0.228768 0.000000
0.126099 -0.324484 0.172762 0.000000
0.331328 -0.267108 0.190859 0.000000
0.438310 -0.036868 0.210343 0.000000
0.061873 -0.414723 0.160690 0.000000
0.360881 -0.594743 0.297221 0.000000
0.192599 -0.197848 0.472844 0.000000
0.338064 -0.756285 0.215383 0.000000
0.335433 -0.349560 0.224342 0.000000
0.174224 -0.266940 0.575480 0.000000
0.517327 -1.133434 0.166976 1.000000
0.195173 -0.201262 0.485640 0.000000
0.373731 -0.570658 0.306985 0.000000
0.387147 0.388674 0.151804 0.000000
0.395958 0.128900 0.067670 0.000000
0.377585 -0.883032 0.457538 0.000000
0.359462 -0.528141 0.268489 0.000000
0.316340 -0.950836 0.214526 0.000000
0.322937 -0.108698 0.180844 0.000000
0.329359 0.243253 0.111057 0.000000
0.333049 -0.369103 0.195341 0.000000
0.497916 -0.142795 0.167163 0.000000
0.483620 -0.128439 0.171362 0.000000
0.394342 0.169111 0.076268 0.000000
-0.005889 -0.459755 0.165581 0.000000
0.379221 -0.827675 0.414753 0.000000
0.344167 0.227224 0.200169 0.000000
0.327157 -0.686564 0.196008 0.000000
0.333380 0.163195 0.162656 0.000000
0.334643 0.159088 0.234332 0.000000
0.045231 -0.430801 0.159498 0.000000
0.305014 -0.000264 0.174633 0.000000
0.374345 -0.935462 0.177862 1.000000
0.322488 0.059028 0.068453 0.000000
0.297935 -0.086791 0.028175 0.000000
0.328690 -0.497105 0.199668 0.000000
0.329622 0.341750 0.114561 0.000000
0.348743 0.293873 0.179722 0.000000
0.382466 -0.941208 0.194902 1.000000
0.163285 -0.279075 0.166426 0.000000
0.347162 0.411108 0.156187 0.000000
0.322695 -0.310912 0.198066 0.000000
0.330719 0.065486 0.174716 0.000000
0.332050 -0.878193 0.218865 0.000000
0.344062 -0.332762 0.209647 0.000000
0.418253 0.117163 0.096871 0.000000
0.308031 -0.950699 0.237347 0.000000
0.335111 -0.510242 0.193463 0.000000
0.530426 -0.175558 0.164449 0.000000
0.280601 -0.053563 0.153462 0.000000
0.335163 -0.606158 0.200434 0.000000
0.300792 -1.079363 0.241740 0.000000
0.358103 -0.906891 0.183264 1.000000
0.328322 -0.317957 0.208924 0.000000
0.094897 -0.332374 0.175227 0.000000
0.612627 -1.336017 0.114936 1.000000
0.400568 0.092352 0.043621 0.000000
0.288616 -0.927889 0.232354 0.000000
0.456425 -0.043043 0.185926 0.000000
0.397194 0.054914 0.022803 0.000000
0.219274 -0.173600 0.150826 0.000000
0.343291 -0.389785 0.238269 0.000000
0.288152 -1.081748 0.254870 0.000000
0.331116 -0.634898 0.197503 0.000000
0.015812 -0.459705 0.158244 0.000000
0.530174 -1.189337 0.149603 1.000000
-0.005188 -0.473431 0.150748 0.000000
0.323985 0.031923 0.173532 0.000000
0.282418 0.011678 0.311137 0.000000
0.347166 0.450515 0.141947 0.000000
0.388346 -0.700795 0.364778 0.000000
0.332013 0.255210 0.162046 0.000000
0.382540 -0.024377 0.252771 0.000000
0.321186 -0.002331 0.179055 0.000000
0.296864 0.058515 0.286165 0.000000
0.418445 -0.126297 0.244897 0.000000
0.376299 -0.671067 0.342048 0.000000
0.383014 -0.713694 0.363035 0.000000
0.470866 0.003769 0.111833 0.000000
0.369403 -0.655005 0.331381 0.000000
0.301691 -1.052857 0.208440 0.000000
0.517072 -0.170472 0.154992 0.000000
0.384351 -0.858122 0.433706 0.000000
0.508462 -0.084833 0.113602 0.000000
0.210184 -0.144014 0.415660 0.000000
0.137628 -0.317137 0.168177 0.000000
0.327765 -0.484829 0.187902 0.000000
0.402482 -0.807267 0.414243 0.000000
0.434607 0.149856 0.167284 0.000000
0.393588 0.371686 0.128340 0.000000
0.343223 0.281385 0.186821 0.000000
0.534667 -1.201736 0.137025 1.000000
0.321808 -0.895296 0.222426 0.000000
0.326841 0.197787 0.166261 0.000000
0.396186 -0.844386 0.429519 0.000000
0.302507 -0.964955 0.208180 0.000000
0.277130 -1.046956 0.273824 0.000000
0.347054 0.228258 0.095690 0.000000
0.352836 -0.450509 0.258841 0.000000
0.431767 0.048330 0.083574 0.000000
0.617876 -0.155502 0.109128 0.000000
0.380466 -0.871345 0.441412 0.000000
0.336302 -0.394543 0.189748 0.000000
0.387349 -0.945392 0.180699 1.000000
0.328059 -0.338477 0.216421 0.000000
0.422214 0.135118 0.094662 0.000000
0.316399 -0.849329 0.226662 0.000000
0.266072 -0.145428 -0.000743 0.000000
0.290172 -0.984742 0.244588 0.000000
0.334428 0.402466 0.135392 0.000000
0.388200 0.473736 0.107475 0.000000
0.324490 -0.215623 0.197412 0.000000
0.434347 -0.070986 0.227279 0.000000
0.265211 -0.090627 0.177454 0.000000
0.340320 0.247770 0.204617 0.000000
0.341183 0.391157 0.130312 0.000000
0.087408 -0.369801 0.169743 0.000000
0.331053 -0.773211 0.211795 0.000000
0.387991 0.041528 0.235883 0.000000
0.420043 0.223736 0.129796 0.000000
0.344219 -0.741406 0.202774 0.000000
0.348191 -0.389094 0.227412 0.000000
0.345600 -0.346066 0.214663 0.000000
0.331551 -0.867527 0.209381 0.000000
0.464499 -0.060949 0.066678 0.000000
0.331205 -0.255578 0.201171 0.000000
0.288893 -1.039823 0.241759 0.000000
0.328208 0.113226 0.075000 0.000000
0.230469 -0.174712 0.160582 0.000000
0.383756 0.347757 0.151960 0.000000
0.074703 -0.366092 0.175513 0.000000
0.402241 -0.906757 0.473796 0.000000
0.034496 -0.425722 0.174020 0.000000
0.441783 -0.037079 0.222339 0.000000
0.399588 0.189811 0.214732 0.000000
0.341062 0.201673 0.197167 0.000000
0.326604 0.085512 0.178896 0.000000
0.271494 -1.129730 0.290543 0.000000
0.398813 -0.861066 0.439905 0.000000
0.310070 -0.966235 0.221956 0.000000
0.400223 -0.941811 0.521788 0.000000
0.278120 -0.063038 0.167568 0.000000
0.348148 -0.684644 0.200297 0.000000
0.543924 -1.212392 0.143758 1.000000
0.400955 0.161474 0.218339 0.000000
0.613456 -1.296840 0.114956 1.000000
0.462960 0.032583 0.143073 0.000000
0.278684 -0.942660 0.228966 0.000000
0.309150 -0.882330 0.230857 0.000000
0.320999 0.096167 0.173961 0.000000
0.313621 -1.092706 0.237729 0.000000
0.297903 -1.122744 0.226705 0.000000
0.438442 0.037494 0.193140 0.000000
0.111167 -0.343683 0.169562 0.000000
0.194182 -0.153160 0.435339 0.000000
0.375353 0.448376 0.146057 0.000000
0.434597 -0.975290 0.592014 0.000000
0.344442 -0.778861 0.214611 0.000000
0.469729 -1.097379 0.173678 1.000000
0.340607 0.366066 0.166503 0.000000
0.269732 -1.048580 0.256052 0.000000
0.328530 -0.474268 0.199925 0.000000
0.335606 -0.669971 0.204283 0.000000
0.456085 -0.051795 0.062198 0.000000
0.361076 -0.515218 0.276334 0.000000
0.312727 0.092132 0.265474 0.000000
0.321927 -1.075265 0.238777 0.000000
0.579440 -0.143849 0.112007 0.000000
0.266726 -0.101405 0.174289 0.000000
0.398394 -0.914525 0.481649 0.000000
0.488973 -0.130763 0.040720 0.000000
0.495179 -0.025141 0.132278 0.000000
0.398747 0.078516 0.235061 0.000000
0.295538 0.080311 0.261042 0.000000
0.340905 0.370610 0.122509 0.000000
0.389609 0.269029 0.127944 0.000000
-0.093047 -0.555784 0.131353 0.000000
0.388669 -0.926198 0.507837 0.000000
0.285545 -0.039542 0.159849 0.000000
0.327922 -0.916133 0.214949 0.000000
0.359147 -0.498920 0.278328 0.000000
0.386208 -0.784028 0.396335 0.000000
0.524288 -0.188794 0.157327 0.000000
0.504698 -0.154879 0.161865 0.000000
0.319741 0.106884 0.258310 0.000000
0.245511 -0.076981 0.366527 0.000000
0.144109 -0.269282 0.161838 0.000000
-0.126154 -0.591584 0.129479 0.000000
0.503709 -0.067663 0.156868 0.000000
0.488417 -0.041574 0.105000 0.000000
0.329357 -0.865251 0.220579 0.000000
0.432674 0.041671 0.070898 0.000000
0.494312 -1.130727 0.149802 1.000000
0.386897 0.378216 0.151441 0.000000
0.384740 0.411225 0.136395 0.000000
0.408777 -0.887303 0.456778 0.000000
0.312304 -1.061821 0.228274 0.000000
0.391925 0.356078 0.158442 0.000000
0.430964 -0.113285 0.238661 0.000000
0.574273 -1.255459 0.128777 1.000000
0.469360 -0.023531 0.356561 0.000000
0.257837 -0.096298 0.149272 0.000000
0.347603 0.201112 0.095606 0.000000
0.278868 -1.010760 0.269747 0.000000
0.326576 -0.703149 0.207315 0.000000
0.434680 0.068631 0.184458 0.000000
0.297307 -0.996585 0.209102 0.000000
0.050508 -0.413423 0.166932 0.000000
0.364876 0.359111 0.115959 0.000000
0.331811 0.128520 0.080745 0.000000
0.574010 -1.295072 0.121075 1.000000
0.339429 -0.765258 0.210407 0.000000
0.340600 0.293049 0.159165 0.000000
0.527124 -0.197940 0.134955 0.000000
0.293936 -0.993756 0.260703 0.000000
0.306412 0.004436 0.157872 0.000000
0.329030 0.259847 0.101357 0.000000
0.389993 -0.950692 0.200546 1.000000
0.440164 0.105030 0.123540 0.000000
0.319763 0.006839 0.052070 0.000000
0.366842 -0.923209 0.217534 1.000000
0.185445 -0.179079 0.468395 0.000000
0.436055 0.055249 0.189409 0.000000
0.056209 -0.386808 0.175667 0.000000
0.304384 0.069810 0.279175 0.000000
0.204838 -0.222737 0.171460 0.000000
0.337232 -0.531271 0.192208 0.000000
0.515383 -1.174039 0.141317 1.000000
0.457062 0.069409 0.134528 0.000000
0.384176 -0.946846 0.213764 1.000000
0.351271 -0.893327 0.185434 1.000000
0.274672 -1.015380 0.244524 0.000000
0.082536 -0.351415 0.176676 0.000000
0.306547 -0.067614 0.021941 0.000000
0.307886 0.079505 0.272838 0.000000
0.325166 -0.082469 0.180527 0.000000
0.365258 -0.736586 0.363821 0.000000
0.333543 0.171508 0.218945 0.000000
0.324312 0.319766 0.110629 0.000000
0.430500 0.139972 0.174887 0.000000
0.346705 -0.434001 0.251462 0.000000
0.250576 -0.057483 0.350562 0.000000
0.452962 -1.032479 0.199756 1.000000
0.386000 -0.959655 0.221260 1.000000
0.318262 0.052006 0.179807 0.000000
0.335787 -0.462004 0.192005 0.000000
0.357933 -0.546303 0.266513 0.000000
0.336977 -0.160170 0.190358 0.000000
0.491050 -0.125482 0.178056 0.000000
0.516696 -1.168516 0.155683 1.000000
0.412997 0.169028 0.183905 0.000000
0.396954 -0.958574 0.187279 1.000000
0.332667 -0.754270 0.207354 0.000000
0.398380 0.234671 0.206062 0.000000
0.441613 0.017260 0.205888 0.000000
0.344328 -0.720873 0.204561 0.000000
0.326807 0.218637 0.111090 0.000000
0.344754 0.250041 0.195149 0.000000
0.296051 -0.963439 0.251525 0.000000
0.353129 -0.438353 0.240275 0.000000
0.453956 -1.054944 0.183332 1.000000
0.332921 -0.389725 0.197570 0.000000
0.338995 -0.680992 0.196536 0.000000
0.316476 -0.995009 0.233944 0.000000
0.311205 -0.934233 0.230289 0.000000
0.602651 -0.157536 0.108745 0.000000
0.275728 -1.034482 0.260609 0.000000
0.287338 -0.918196 0.227002 0.000000
-0.042791 -0.511955 0.132048 0.000000
0.339400 0.236380 0.097497 0.000000
0.295300 -1.019150 0.224206 0.000000
0.360562 -0.558841 0.282987 0.000000
0.520241 -0.121425 0.145861 0.000000
0.451414 0.041070 0.186153 0.000000
0.376613 -0.655818 0.343510 0.000000
0.302638 -1.057226 0.228272 0.000000
0.331476 0.177021 0.114161 0.000000
0.396245 -0.959735 0.221995 1.000000
0.403267 0.284755 0.129076 0.000000
0.335935 -0.444441 0.182365 0.000000
0.141561 -0.296623 0.166744 0.000000
0.514174 -0.092490 0.149161 0.000000
0.303327 -1.056072 0.245347 0.000000
0.103558 -0.328170 0.173887 0.000000
0.452382 0.077624 0.137250 0.000000
0.378297 -0.942343 0.229211 1.000000
0.400535 -0.955330 0.549941 0.000000
0.479452 -1.062962 0.182705 1.000000
0.380717 -0.009749 0.252461 0.000000
0.403643 0.249898 0.114617 0.000000
0.340023 -0.702333 0.198795 0.000000
0.337177 -0.408399 0.193744 0.000000
0.457046 0.049922 0.117657 0.000000
0.349069 -0.889573 0.223977 1.000000
0.330426 -0.655875 0.209969 0.000000
0.255937 -0.064849 0.359385 0.000000
0.342995 -0.583192 0.195949 0.000000
0.642865 -0.172459 0.094605 0.000000
0.468723 -0.097340 0.046731 0.000000
0.427965 0.156086 0.173890 0.000000
0.327901 0.140455 0.237161 0.000000
0.354754 -0.467912 0.267798 0.000000
0.407689 -0.932249 0.499047 0.000000
0.308884 -0.049008 0.026592 0.000000
0.197158 -0.163704 0.439482 0.000000
0.492504 -0.148659 0.031666 0.000000
0.387530 0.139688 0.063112 0.000000
0.434954 -0.077852 0.234024 0.000000
0.437878 0.091769 0.182946 0.000000
0.393202 0.063083 0.030828 0.000000
0.190308 -0.199675 -0.039535 0.000000
0.337568 0.178539 0.077898 0.000000
0.371642 -0.583697 0.312495 0.000000
0.203461 -0.118567 0.406007 0.000000
0.337715 0.187876 0.212483 0.000000
0.428563 -0.984427 0.590829 0.000000
-0.104883 -0.567094 0.124524 0.000000
0.398913 0.347226 0.128542 0.000000
0.401437 0.207734 0.211824 0.000000
0.281390 0.005182 0.320424 0.000000
0.328552 -0.347661 0.233995 0.000000
0.269377 -1.061577 0.266005 0.000000
0.364152 -0.565169 0.306913 0.000000
0.204467 -0.213844 0.160648 0.000000
0.280035 -0.960547 0.236618 0.000000
0.556651 -1.250889 0.136344 1.000000
0.340780 -0.653589 0.195695 0.000000
0.324099 -0.135432 0.184226 0.000000
0.333800 -0.329447 0.210040 0.000000
0.328303 0.099793 0.164153 0.000000
0.353036 0.253747 0.178133 0.000000
0.243173 -0.127558 0.149815 0.000000
0.328111 -0.348508 0.198051 0.000000
0.468842 0.015587 0.148689 0.000000
0.321861 0.132879 0.176510 0.000000
0.482907 0.035310 0.127414 0.000000
0.403556 0.264659 0.193691 0.000000
0.525642 -0.232788 0.169684 0.000000
0.293453 -0.023146 0.151732 0.000000
0.188068 -0.207696 0.151720 0.000000
0.027562 -0.452728 0.154586 0.000000
0.322758 0.115150 0.167159 0.000000
0.303315 -0.977028 0.212520 0.000000
0.335367 -0.208225 0.197541 0.000000
0.345188 0.358120 0.155960 0.000000
0.418065 0.153333 0.097719 0.000000
0.324682 -0.619108 0.202717 0.000000
0.437576 0.167357 0.135336 0.000000
0.329605 0.070450 0.068370 0.000000
0.395629 -0.960344 0.205682 1.000000
0.205164 -0.170465 0.433066 0.000000
0.425288 -0.998908 0.197384 1.000000
0.487393 -0.029798 0.151683 0.000000
0.445130 -0.013291 0.066917 0.000000
0.428694 0.081649 0.202082 0.000000
0.525408 -0.141447 0.153114 0.000000
0.414094 -0.953013 0.528164 0.000000
0.354477 -0.896432 0.199837 1.000000
0.458632 -0.024904 0.191643 0.000000
0.287138 -1.072036 0.253026 0.000000
0.345447 -0.419313 0.259807 0.000000
0.347221 -0.877130 0.209888 1.000000
0.602506 -1.302911 0.112577 1.000000
0.336306 -0.838384 0.201595 0.000000
-0.017333 -0.475602 0.166073 0.000000
0.394249 -0.727310 0.372102 0.000000
0.338625 0.146567 0.129458 0.000000
0.205849 -0.133840 0.412609 0.000000
0.285259 -1.055831 0.242127 0.000000
0.334811 0.138332 0.135680 0.000000
0.418113 0.231729 0.123060 0.000000
0.267839 -1.100190 0.279395 0.000000
0.324976 0.121189 0.244804 0.000000
0.529794 -1.160882 0.158431 1.000000
0.332676 0.187572 0.160320 0.000000
0.444894 -1.044107 0.185306 1.000000
0.449131 0.061165 0.124788 0.000000
0.339338 0.157740 0.122618 0.000000
0.335039 -0.555641 0.198291 0.000000
0.392770 0.207309 0.097378 0.000000
0.512623 -0.205490 -0.017300 0.000000
0.453863 -1.065158 0.165537 1.000000
0.356652 0.439984 0.153895 0.000000
0.067766 -0.376665 0.174385 0.000000
0.404001 0.238459 0.114511 0.000000
0.309936 -1.087490 0.229082 0.000000
0.327669 0.133699 0.073812 0.000000
0.398098 0.202220 0.089162 0.000000
0.350304 -0.408230 0.240567 0.000000
0.186220 -0.263002 0.565042 0.000000
0.124918 -0.224753 -0.047627 0.000000
0.452821 0.038399 0.123035 0.000000
0.173244 -0.264458 0.165019 0.000000
0.357732 -0.499382 0.258679 0.000000
0.299381 -1.096501 0.235931 0.000000
0.325212 -0.831376 0.204377 0.000000
0.472106 -0.075677 0.188827 0.000000
0.473195 -0.098599 0.181588 0.000000
0.353117 -0.904460 0.208455 1.000000
0.514312 -1.149269 0.158841 1.000000
0.335970 0.248532 0.169884 0.000000
0.420399 0.100932 0.088630 0.000000
0.439211 -0.002677 0.200734 0.000000
0.322567 0.016747 0.183191 0.000000
0.397572 -0.958450 0.176492 1.000000
0.524613 -0.095493 0.113796 0.000000
0.441227 0.011552 0.078263 0.000000
0.403848 0.199426 0.121470 0.000000
0.344832 -0.795177 0.207479 0.000000
0.357439 0.282706 0.107972 0.000000
0.428748 0.191702 0.126603 0.000000
0.430516 0.169755 0.167273 0.000000
0.556384 -0.127279 0.116270 0.000000
0.242329 -0.060658 0.359159 0.000000
0.272205 -1.078014 0.258187 0.000000
0.315090 0.024436 0.164135 0.000000
0.338232 -0.401599 0.243538 0.000000
0.335193 -0.277260 0.198029 0.000000
0.309392 -0.003323 0.049689 0.000000
0.356210 -0.599173 0.288443 0.000000
0.282106 -1.089367 0.252283 0.000000
0.223571 -0.193114 0.164216 0.000000
0.337585 -0.375791 0.237832 0.000000
0.102321 -0.347583 0.170919 0.000000
0.423937 -0.978999 0.573138 0.000000
0.438078 0.190815 0.123849 0.000000
0.322031 -1.036228 0.232280 0.000000
0.392811 0.103441 0.049886 0.000000
0.394081 0.476075 0.123896 0.000000
0.526862 -0.160252 0.154257 0.000000
0.509253 -1.116469 0.170866 1.000000
0.337903 0.188606 0.229639 0.000000
0.267272 -1.030975 0.246509 0.000000
0.449586 0.054769 0.184563 0.000000
0.239252 -0.144722 0.155725 0.000000
0.368259 0.434107 0.124341 0.000000
0.364183 0.058010 0.210363 0.000000
0.072702 -0.394729 0.167299 0.000000
0.492898 -1.114677 0.159426 1.000000
0.438476 -0.014319 0.324816 0.000000
0.383005 0.314149 0.123740 0.000000
0.523252 -0.125749 0.156843 0.000000
0.371108 0.045322 0.232292 0.000000
0.516397 -0.269638 0.182415 0.000000
0.336818 -0.360628 0.229363 0.000000
0.507748 -0.258923 -0.059622 0.000000
0.380155 -0.678710 0.345747 0.000000
0.052397 -0.396392 0.173755 0.000000
0.397327 0.104655 0.231704 0.000000
0.297714 -1.094277 0.208923 0.000000
0.361602 -0.641535 0.319579 0.000000
0.164082 -0.237588 0.154511 0.000000
0.326948 -0.363178 0.236584 0.000000
0.478574 -1.079038 0.177432 1.000000
0.330731 -0.422754 0.202780 0.000000
0.380086 -0.735488 0.371257 0.000000
0.397167 0.333731 0.128827 0.000000
0.260256 -0.148468 0.005864 0.000000
0.418437 -1.008929 0.183777 1.000000
0.408591 0.313333 0.154799 0.000000
0.352394 -0.691220 0.338875 0.000000
0.316428 0.130383 0.236523 0.000000
0.530538 -1.198044 0.144925 1.000000
0.333959 -0.818734 0.202015 0.000000
0.468009 -1.084440 0.171004 1.000000
-0.049487 -0.502745 0.149616 0.000000
0.353689 0.456428 0.151513 0.000000
0.368055 -0.047139 0.270372 0.000000
0.234057 -0.047500 0.353546 0.000000
0.483476 -0.017963 0.148343 0.000000
0.322275 -1.090150 0.241525 0.000000
0.343057 0.187671 0.108200 0.000000
0.438808 0.071084 0.084471 0.000000
0.413061 -0.966123 0.562936 0.000000
0.441379 -0.003939 0.072638 0.000000
0.399685 0.175877 0.081727 0.000000
0.336238 0.124541 0.257252 0.000000
0.307529 -0.891601 0.233889 0.000000
0.328115 0.081526 0.070357 0.000000
0.417311 -0.001614 0.308132 0.000000
0.379716 0.032616 0.256504 0.000000
0.335242 0.168317 0.170111 0.000000
0.335206 -0.720522 0.205948 0.000000
0.425769 -1.004555 0.172017 1.000000
0.353629 -0.451612 0.275542 0.000000
0.373521 0.451437 0.113567 0.000000
0.335393 0.157765 0.243494 0.000000
0.329805 -0.095947 0.178704 0.000000
0.372687 -0.924515 0.192477 1.000000
0.375408 -0.566482 0.317721 0.000000
0.333609 -0.476170 0.189943 0.000000
0.292179 -1.051002 0.238430 0.000000
0.436539 0.157143 0.127748 0.000000
0.398775 0.096121 0.228560 0.000000
0.341558 0.097911 0.169850 0.000000
0.364769 -0.572754 0.295719 0.000000
0.341203 -0.564662 0.186589 0.000000
0.330528 -0.166525 0.188727 0.000000
0.268595 -1.086607 0.275089 0.000000
0.280626 0.057225 0.276612 0.000000
0.252529 -0.106991 0.148643 0.000000
0.337241 0.244534 0.160803 0.000000
0.482421 -0.089093 0.057901 0.000000
0.333949 -0.447870 0.191788 0.000000
0.180078 -0.273971 0.578575 0.000000
0.439276 -0.063253 0.226730 0.000000
0.613879 -1.328864 0.109310 1.000000
0.325785 0.042061 0.168676 0.000000
0.246685 -0.168923 -0.013498 0.000000
0.326978 0.206153 0.109738 0.000000
0.419585 0.150046 0.185070 0.000000
0.296815 -1.064089 0.220738 0.000000
0.396524 0.303360 0.176835 0.000000
0.336672 -0.858665 0.211126 0.000000
0.541311 -0.115813 0.117819 0.000000
-0.073937 -0.537606 0.146221 0.000000
-0.099131 -0.560388 0.121665 0.000000
0.465684 -0.059531 0.183972 0.000000
0.297311 -0.918575 0.227852 0.000000
0.313528 -1.123429 0.239142 0.000000
0.433061 -0.052083 0.219621 0.000000
0.343862 -0.482953 0.192559 0.000000
0.332909 -0.808847 0.209614 0.000000
0.376023 0.376739 0.120550 0.000000
0.363400 -0.600713 0.304717 0.000000
0.408689 0.224413 0.170470 0.000000
0.335995 -0.302033 0.200091 0.000000
0.379826 0.354534 0.146845 0.000000
-0.034293 -0.485582 0.155427 0.000000
0.307530 -0.917135 0.237745 0.000000
0.340703 -0.634261 0.197984 0.000000
0.330663 -0.228764 0.193246 0.000000
0.395983 0.071571 0.033668 0.000000
0.028135 -0.440745 0.161836 0.000000
-0.051539 -0.520006 0.148292 0.000000
0.434309 -0.097181 0.239513 0.000000
0.364296 0.341115 0.113097 0.000000
0.295245 -0.028062 0.049939 0.000000
0.401702 0.144389 0.218970 0.000000
0.333460 -0.201149 0.186176 0.000000
0.391523 0.263755 0.162557 0.000000
0.422176 0.128463 0.122834 0.000000
0.001035 -0.466100 0.154277 0.000000
0.259576 -0.016654 0.329005 0.000000
0.488402 -1.128393 0.157494 1.000000
0.268222 0.025398 0.303836 0.000000
0.381837 0.425213 0.127760 0.000000
0.412155 -0.955862 0.568225 0.000000
0.397272 0.189479 0.086501 0.000000
0.083676 -0.375920 0.164164 0.000000
0.432933 0.049540 0.092700 0.000000
0.180952 -0.214000 0.148580 0.000000
0.293937 -1.054982 0.254709 0.000000
0.362420 0.299099 0.103163 0.000000
0.279967 -0.970369 0.234668 0.000000
0.328560 0.153457 0.166020 0.000000
0.600877 -1.285387 0.124005 1.000000
0.215718 -0.169822 0.143397 0.000000
0.307758 -1.048456 0.226588 0.000000
0.372571 0.473245 0.129148 0.000000
0.344048 -0.543062 0.193658 0.000000
0.387976 -0.948325 0.228763 1.000000
0.385476 0.289642 0.127331 0.000000
0.253364 -0.099921 0.141891 0.000000
0.337711 0.230016 0.215373 0.000000
0.399448 0.312968 0.165925 0.000000
0.367047 -0.499978 0.285105 0.000000
0.588936 -1.293197 0.125048 1.000000
0.309938 0.010652 0.164776 0.000000
0.335601 -0.341042 0.189242 0.000000
0.143966 -0.278891 0.164769 0.000000
0.525815 -0.173282 0.153594 0.000000
0.130365 -0.326612 0.165085 0.000000
0.268182 -0.075600 0.150314 0.000000
0.319697 -0.921490 0.214157 0.000000
0.256219 -0.151969 -0.010151 0.000000
0.414799 0.241818 0.130310 0.000000
0.292540 -0.075593 0.040816 0.000000
0.302674 -0.942817 0.238678 0.000000
0.434553 -1.012425 0.184976 1.000000
0.332610 -0.156130 0.183079 0.000000
0.263854 -1.042558 0.247800 0.000000
0.322748 -0.890590 0.202584 0.000000
0.220056 -0.059837 0.362442 0.000000
0.338766 -0.659115 0.209037 0.000000
0.382032 -0.917520 0.491157 0.000000
0.393262 0.014933 0.262077 0.000000
0.398916 -0.788768 0.401912 0.000000
0.152061 -0.293773 0.167673 0.000000
0.304108 -0.999564 0.226103 0.000000
0.376137 0.347968 0.113560 0.000000
0.393149 -0.948133 0.174415 1.000000
0.338090 0.410749 0.138507 0.000000
0.321685 -1.135606 0.242229 0.000000
0.347106 -0.375061 0.227669 0.000000
0.475807 -0.106476 0.050853 0.000000
0.313827 -1.075241 0.242823 0.000000
0.385809 0.017331 0.247854 0.000000
0.627248 -1.341282 0.119464 1.000000
0.079590 -0.246589 -0.044106 0.000000
0.218017 -0.117899 0.394284 0.000000
0.435816 0.056317 0.206746 0.000000
0.501799 -0.055848 0.143674 0.000000
0.284202 -1.017476 0.249703 0.000000
0.314920 -0.970922 0.211015 0.000000
0.304619 -1.003449 0.205877 0.000000
0.524533 -0.261303 0.181970 0.000000
0.273370 -1.129528 0.250780 0.000000
0.505723 -0.168050 0.154477 0.000000
0.404305 -0.939341 0.505135 0.000000
0.186945 -0.257391 0.547750 0.000000
0.430222 0.151543 0.122696 0.000000
0.347256 -0.693449 0.201560 0.000000
0.431537 0.205321 0.123559 0.000000
0.452402 0.136279 0.124804 0.000000
0.316139 0.022352 0.057130 0.000000
0.333628 -0.523329 0.194130 0.000000
0.529091 -0.206190 0.162708 0.000000
0.334785 -0.499373 0.193550 0.000000
0.394301 0.394281 0.151413 0.000000
0.342413 0.212690 0.207882 0.000000
0.394864 -0.923207 0.494027 0.000000
0.337434 0.095301 0.075174 0.000000
0.313375 -0.025692 0.041623 0.000000
0.506386 -0.069670 0.138203 0.000000
0.397924 0.255326 0.105545 0.000000
0.457054 -0.073298 0.055906 0.000000
0.327873 -0.247614 0.198963 0.000000
0.305843 -0.887077 0.220101 0.000000
0.320413 -0.852754 0.213841 0.000000
0.518787 -0.184367 0.145060 0.000000
-0.037080 -0.499096 0.148319 0.000000
0.329774 -0.170208 0.180239 0.000000
0.436158 -0.081508 0.225995 0.000000
0.480075 -0.086654 0.189051 0.000000
0.609356 -1.315454 0.116319 1.000000
0.303917 -0.038721 0.042277 0.000000
0.311515 -1.071986 0.225893 0.000000
0.390880 0.302397 0.187246 0.000000
0.464080 0.008882 0.115356 0.000000
0.284586 -1.070754 0.235492 0.000000
0.406453 0.269629 0.120697 0.000000
0.458825 -1.055428 0.175920 1.000000
0.367186 -0.551280 0.297994 0.000000
0.357576 -0.481765 0.263483 0.000000
0.378300 -0.770121 0.385305 0.000000
0.500317 -1.121374 0.169850 1.000000
0.554149 -0.041920 0.426862 0.000000
-0.082153 -0.545001 0.132966 0.000000
0.328711 -0.129687 0.190437 0.000000
0.335795 -0.392136 0.242380 0.000000
0.337432 -0.621297 0.199661 0.000000
0.440567 0.016086 0.197165 0.000000
0.576450 -1.281387 0.127867 1.000000
0.415535 0.201091 0.172113 0.000000
0.510629 -0.074211 0.149077 0.000000
0.328644 -0.464386 0.187343 0.000000
0.388132 0.317220 0.137675 0.000000
0.508151 -1.133499 0.169284 1.000000
0.031472 -0.443766 0.153448 0.000000
0.336588 0.175921 0.226623 0.000000
0.355132 -0.464807 0.259484 0.000000
0.466449 0.061425 0.136180 0.000000
0.344792 0.105164 0.164368 0.000000
0.432353 0.120161 0.177249 0.000000
0.444591 0.059112 0.195245 0.000000
0.324515 -0.432588 0.194957 0.000000
0.300977 0.091305 0.253389 0.000000
0.392087 0.300126 0.121354 0.000000
0.329763 0.231728 0.101527 0.000000
0.369042 0.465355 0.113845 0.000000
0.325613 -0.630419 0.202751 0.000000
0.374034 -0.060133 -0.032458 0.000000
0.327468 -0.310383 0.190671 0.000000
0.327879 0.176615 0.168500 0.000000
0.530497 -0.166209 0.160055 0.000000
0.427749 -0.014278 0.309542 0.000000
0.400696 0.128370 0.219927 0.000000
0.327859 -0.415892 0.197281 0.000000
0.298846 -1.065256 0.234678 0.000000
0.434294 0.034436 0.077311 0.000000
0.376970 -0.934494 0.205620 1.000000
0.358215 -0.509553 0.263307 0.000000
0.263368 -1.129508 0.241974 0.000000
0.288634 -0.104354 0.019177 0.000000
0.585085 -1.283853 0.126401 1.000000
0.329752 -0.215307 0.190381 0.000000
0.382842 0.030653 0.239317 0.000000
0.446703 0.006102 0.083859 0.000000
0.391480 0.177175 0.088024 0.000000
0.420304 0.214497 0.167036 0.000000
0.425723 -0.998221 0.186068 1.000000
0.095813 -0.342631 0.174112 0.000000
0.388571 0.364755 0.144990 0.000000
0.341338 -0.741342 0.212491 0.000000
0.282379 -1.044046 0.248582 0.000000
0.381577 -0.662944 0.342161 0.000000
0.532327 -1.170787 0.160087 1.000000
0.337166 -0.261333 0.193924 0.000000
0.289176 -1.008413 0.240005 0.000000
0.432210 -0.115135 0.247458 0.000000
0.404757 -0.954474 0.529923 0.000000
0.346424 -0.647864 0.199976 0.000000
0.263362 0.002118 0.320689 0.000000
0.332289 0.207412 0.159566 0.000000
0.337636 0.066924 0.071009 0.000000
0.237512 -0.066885 0.364115 0.000000
0.328678 0.130278 0.249818 0.000000
0.329851 -0.159256 0.195356 0.000000
0.325370 0.073021 0.169200 0.000000
0.394437 0.212220 0.107062 0.000000
0.577096 -1.267368 0.129099 1.000000
0.337112 -0.830272 0.210165 0.000000
0.330431 -0.897935 0.213495 0.000000
0.321441 0.097347 0.068904 0.000000
0.187359 -0.239920 0.535502 0.000000
0.250638 -0.127087 0.170153 0.000000
0.312672 0.022347 0.172423 0.000000
0.401915 -0.193046 0.294369 0.000000
0.382849 0.411640 0.125941 0.000000
0.422339 -0.999411 0.213372 1.000000
0.531196 -0.194056 0.156428 0.000000
0.229630 -0.184560 -0.020375 0.000000
0.226856 -0.156136 0.145978 0.000000
0.408450 0.003072 0.290314 0.000000
0.347454 0.229478 0.104321 0.000000
0.339669 -0.688171 0.203681 0.000000
0.335261 -0.743946 0.200532 0.000000
0.340092 0.137973 0.085842 0.000000
0.326209 -0.145121 0.190396 0.000000
0.248211 -1.061677 0.243743 0.000000
0.009202 -0.462377 0.152796 0.000000
0.438273 -1.034066 0.187133 1.000000
0.267037 -0.009558 0.327247 0.000000
0.335332 -0.678796 0.204125 0.000000
0.330333 0.148275 0.080685 0.000000
0.264289 -0.035475 0.344192 0.000000
0.303148 -1.034777 0.220273 0.000000
0.296574 -0.077359 0.029472 0.000000
0.408849 -0.962117 0.545785 0.000000
0.168077 -0.247258 0.159865 0.000000
0.572695 -0.137092 0.115141 0.000000
0.277810 -1.053486 0.267266 0.000000
0.375045 0.463575 0.130814 0.000000
0.341025 0.350751 0.157906 0.000000
0.321528 -0.318891 0.214253 0.000000
0.281010 -1.100505 0.251925 0.000000
0.321696 -0.189966 0.191209 0.000000
0.337548 -0.778315 0.208811 0.000000
0.250541 -0.035704 0.344402 0.000000
0.339900 -0.604579 0.188585 0.000000
0.231840 -0.179952 0.167355 0.000000
0.348636 -0.369828 0.220477 0.000000
0.369740 -0.625044 0.321603 0.000000
0.410997 0.263261 0.127113 0.000000
0.444213 0.044626 0.182890 0.000000
0.444315 -1.035622 0.159771 1.000000
0.326653 -0.427857 0.184437 0.000000
0.358193 -0.905694 0.218861 1.000000
0.493036 -0.056613 0.110825 0.000000
0.404293 0.174209 0.109060 0.000000
0.073650 -0.385180 0.170001 0.000000
0.528977 -0.221643 0.167022 0.000000
0.349262 0.470222 0.145786 0.000000
0.565222 -1.234880 0.135950 1.000000
0.513576 -1.139768 0.162429 1.000000
0.396111 0.363993 0.165542 0.000000
0.332659 -0.322073 0.194085 0.000000
0.201988 -0.203058 0.153636 0.000000
0.296305 -0.016399 0.166925 0.000000
0.388911 -0.908082 0.481474 0.000000
0.275506 -1.072940 0.243768 0.000000
0.433890 0.072878 0.208517 0.000000
-0.026422 -0.487279 0.142690 0.000000
0.236951 -0.159023 0.163650 0.000000
0.330326 -0.816248 0.213254 0.000000
0.286039 0.035618 0.300431 0.000000
0.481647 -1.070763 0.192407 1.000000
0.430653 -0.994488 0.204619 1.000000
0.441577 0.063036 0.176683 0.000000
0.396290 0.331694 0.160344 0.000000
0.268086 -1.079994 0.265509 0.000000
0.300040 -1.039963 0.229573 0.000000
0.383195 0.440934 0.131814 0.000000
0.187918 -0.215547 0.504248 0.000000
0.326512 -0.525499 0.199985 0.000000
0.294715 -0.948578 0.239575 0.000000
0.324567 -0.562804 0.197421 0.000000
0.436241 0.089292 0.122587 0.000000
0.333362 0.084343 0.173640 0.000000
0.323510 0.023350 0.174285 0.000000
0.357176 -0.621796 0.311558 0.000000
0.425586 -0.136213 0.255800 0.000000
0.517461 -0.092571 0.120911 0.000000
0.294021 -1.086778 0.214104 0.000000
0.310990 0.036163 0.177786 0.000000
0.336275 0.172200 0.235893 0.000000
0.328788 -0.048255 0.186097 0.000000
0.090033 -0.238488 -0.048397 0.000000
0.402560 0.271657 0.167279 0.000000
0.341653 -0.424366 0.248428 0.000000
0.520486 -1.162301 0.149491 1.000000
0.586610 -0.055570 0.451130 0.000000
0.337769 -0.763030 0.199772 0.000000
0.375951 0.036600 0.249893 0.000000
0.525990 -0.036953 0.404379 0.000000
0.265898 -0.083802 0.166770 0.000000
0.289516 -0.942811 0.223401 0.000000
0.324842 -0.016523 0.174278 0.000000
0.153428 -0.282415 0.166623 0.000000
0.307225 -0.020500 0.046648 0.000000
0.288574 -0.961561 0.244561 0.000000
0.471179 -1.062849 0.184935 1.000000
0.367773 -0.544908 0.287981 0.000000
0.383451 -0.646656 0.339227 0.000000
0.374591 0.435654 0.116839 0.000000
0.411063 0.190654 0.120858 0.000000
0.392393 0.306438 0.155704 0.000000
0.323827 0.236803 0.110208 0.000000
0.422883 0.187165 0.121742 0.000000
0.329774 0.119884 0.168286 0.000000
0.293871 -1.031742 0.213598 0.000000
0.297079 -0.903270 0.229334 0.000000
0.371277 -0.927266 0.204031 1.000000
0.327883 -0.920324 0.222514 0.000000
0.362629 0.424932 0.122937 0.000000
0.300751 -0.960318 0.221943 0.000000
0.385038 -0.003890 -0.001448 0.000000
0.397880 0.085211 0.228943 0.000000
0.374363 0.487847 0.128228 0.000000
0.344464 0.313302 0.161172 0.000000
0.049075 -0.405967 0.170782 0.000000
0.257852 -0.049365 0.351025 0.000000
0.323680 0.083992 0.171052 0.000000
0.447978 -1.032281 0.168374 1.000000
0.328599 -0.113352 0.190647 0.000000
0.345524 0.380255 0.153656 0.000000
0.339111 0.202049 0.166955 0.000000
0.366002 -0.911972 0.204437 1.000000
0.321333 0.191576 0.114362 0.000000
0.346347 0.125375 0.139512 0.000000
0.320598 -1.107111 0.237979 0.000000
0.349881 0.304169 0.171050 0.000000
0.397581 0.313945 0.129105 0.000000
0.332386 0.080624 0.182703 0.000000
0.455348 -0.012849 0.350984 0.000000
0.396330 0.146294 0.076978 0.000000
0.366865 -0.914236 0.176138 1.000000
0.504279 -0.076090 0.156395 0.000000
0.424169 0.139475 0.125731 0.000000
0.280984 0.049667 0.287063 0.000000
0.341729 -0.751889 0.207134 0.000000
0.399369 0.136662 0.224436 0.000000
0.516310 -0.100959 0.148064 0.000000
0.487776 -0.047238 0.111758 0.000000
0.370597 0.407968 0.121634 0.000000
0.475186 -0.115636 0.046822 0.000000
0.037385 -0.408857 0.173934 0.000000
0.298312 -1.015139 0.217421 0.000000
0.426058 0.112113 0.189731 0.000000
0.385493 -0.706301 0.359066 0.000000
0.281063 -0.117008 0.026333 0.000000
0.439137 0.024066 0.087438 0.000000
0.351513 -0.428278 0.234342 0.000000
0.329030 0.109286 0.164463 0.000000
0.372374 -0.032751 0.264812 0.000000
0.335544 0.123606 0.146689 0.000000
-0.067744 -0.532354 0.131737 0.000000
0.358486 -0.492284 0.252656 0.000000
0.531722 -1.178723 0.150178 1.000000
0.369552 -0.604660 0.322508 0.000000
0.512616 -0.087756 0.142388 0.000000
0.448818 0.013379 0.186212 0.000000
0.342537 -0.891154 0.229003 0.000000
0.307338 0.008196 0.174900 0.000000
0.431364 0.055721 0.078993 0.000000
0.453261 -1.043980 0.183041 1.000000
0.568239 -1.279909 0.128708 1.000000
0.342006 0.204830 0.213017 0.000000
0.397515 0.160292 0.081199 0.000000
0.347758 0.415362 0.119558 0.000000
0.472608 -1.091289 0.167601 1.000000
0.434444 0.076984 0.185102 0.000000
0.275111 -1.071964 0.252987 0.000000
0.397340 0.056703 0.238710 0.000000
0.337081 -0.379935 0.183823 0.000000
0.305272 0.034911 0.059939 0.000000
0.313736 0.074771 0.065365 0.000000
0.420741 0.240576 0.122978 0.000000
0.161056 -0.254351 0.160221 0.000000
0.339721 -0.453201 0.202265 0.000000
0.309376 -0.862356 0.219053 0.000000
0.376479 0.430283 0.146763 0.000000
0.323778 -0.168817 0.193075 0.000000
0.336891 -0.571351 0.207902 0.000000
0.344550 -0.814623 0.214085 0.000000
0.194874 -0.176470 0.451752 0.000000
0.390166 0.033140 0.235184 0.000000
0.410315 0.286744 0.121897 0.000000
0.299433 -0.010758 0.153492 0.000000
0.426645 -0.002701 0.324485 0.000000
0.326731 -0.332898 0.225147 0.000000
0.400055 -0.920833 0.486839 0.000000
0.192565 -0.228064 0.158188 0.000000
0.339938 0.297575 0.180654 0.000000
0.184822 -0.265250 0.168301 0.000000
0.297208 -1.029295 0.231006 0.000000
0.333192 -0.120607 0.186971 0.000000
0.340617 -0.515224 0.186905 0.000000
0.325291 -0.747930 0.207374 0.000000
0.389923 0.038400 0.018435 0.000000
-0.103384 -0.572722 0.130462 0.000000
0.330529 -0.542080 0.188595 0.000000
0.321167 -0.268047 0.193904 0.000000
0.446310 0.141429 0.129020 0.000000
0.399429 0.153966 0.221558 0.000000
0.447246 -1.027357 0.191878 1.000000
0.337709 -0.253547 0.184350 0.000000
0.509090 -1.125121 0.175287 1.000000
0.409745 0.250337 0.166865 0.000000
0.316470 -0.012876 0.043180 0.000000
0.363446 -0.527392 0.285936 0.000000
0.319731 -0.858517 0.207914 0.000000
0.513253 -0.117414 0.143893 0.000000
-0.029390 -0.498375 0.138537 0.000000
0.297582 -0.046428 0.043970 0.000000
0.406848 0.179142 0.122556 0.000000
0.313534 -0.922869 0.204940 0.000000
0.295227 -0.025760 0.177346 0.000000
0.397379 0.080809 0.221526 0.000000
0.475844 -1.087358 0.159212 1.000000
0.343320 -0.410973 0.254714 0.000000
0.346263 -0.401277 0.230270 0.000000
0.311880 -0.964611 0.206063 0.000000
0.324710 -0.044937 0.178613 0.000000
0.264756 -0.020257 0.334358 0.000000
0.388361 -0.902983 0.474981 0.000000
0.462849 -0.019756 0.351793 0.000000
0.441799 -0.015543 0.209088 0.000000
0.285993 -0.109362 0.012712 0.000000
0.177974 -0.255196 0.164398 0.000000
0.422755 0.110357 0.121781 0.000000
0.311945 0.004258 0.052814 0.000000
0.330966 -0.280966 0.191969 0.000000
0.280029 -0.947602 0.235450 0.000000
0.289406 0.049447 0.289844 0.000000
0.378707 -0.888678 0.451611 0.000000
0.372335 -0.642323 0.331891 0.000000
0.496606 -0.039559 0.155023 0.000000
0.189288 -0.212140 0.496154 0.000000
0.454100 0.126257 0.132727 0.000000
0.313812 -0.980443 0.228316 0.000000
0.291474 -0.929016 0.240017 0.000000
0.281838 -1.057335 0.250665 0.000000
0.365589 -0.072691 0.285431 0.000000
0.352584 0.102544 0.159260 0.000000
0.324723 0.105748 0.267788 0.000000
0.324333 0.162439 0.121536 0.000000
0.328075 -0.241960 0.192096 0.000000
0.348453 0.258739 0.182875 0.000000
0.435593 -0.978011 0.601397 0.000000
0.457234 -1.062063 0.180798 1.000000
0.087029 -0.383403 0.164886 0.000000
0.478498 -0.035982 0.115651 0.000000
0.370576 0.349578 0.121887 0.000000
0.334186 -0.374979 0.245279 0.000000
0.382960 -0.013238 -0.010781 0.000000
0.330518 -0.799307 0.217525 0.000000
0.288418 -1.068461 0.244161 0.000000
0.374619 0.382637 0.113212 0.000000
0.397850 0.373169 0.153506 0.000000
0.312758 -0.903186 0.211149 0.000000
0.323508 -0.234077 0.191826 0.000000
0.359299 0.295142 0.111378 0.000000
0.524360 -1.140004 0.168275 1.000000
0.205533 -0.110989 0.400389 0.000000
0.523303 -0.249652 0.176606 0.000000
0.332667 -0.512898 0.182414 0.000000
0.358463 -0.893301 0.206304 1.000000
0.428710 -0.993601 0.213808 1.000000
0.292240 0.071067 0.269856 0.000000
0.350989 0.120054 0.144285 0.000000
0.300989 -1.043439 0.211438 0.000000
0.194849 -0.198370 -0.030544 0.000000
0.285272 -0.954236 0.236465 0.000000
0.383898 0.486291 0.119679 0.000000
0.370882 0.337445 0.117220 0.000000
0.359288 -0.905093 0.197422 1.000000
0.456448 0.116068 0.127132 0.000000
0.445624 -0.025165 0.218906 0.000000
0.343469 0.287469 0.164419 0.000000
0.418734 -0.962057 0.574231 0.000000
0.393950 0.401529 0.144734 0.000000
0.337909 -0.511572 0.205134 0.000000
0.497891 -1.133741 0.159623 1.000000
0.463305 0.033807 0.114055 0.000000
0.271129 -0.070507 0.159962 0.000000
0.317175 -1.038507 0.226112 0.000000
0.325532 -0.939306 0.224722 0.000000
0.113196 -0.334533 0.171602 0.000000
0.329143 -0.582071 0.205511 0.000000
0.332377 0.146851 0.241536 0.000000
0.450397 0.094715 0.133997 0.000000
0.479461 -1.099691 0.161674 1.000000
0.338916 0.317732 0.104079 0.000000
0.119163 -0.315614 0.170977 0.000000
0.327018 -0.364624 0.189855 0.000000
0.333526 -0.422738 0.195113 0.000000
0.330506 -0.890701 0.209721 0.000000
0.385960 0.002813 0.241348 0.000000
0.322978 0.024888 0.183465 0.000000
0.507121 -0.218699 -0.029772 0.000000
0.241661 -0.124238 0.142526 0.000000
0.336489 -0.547997 0.200718 0.000000
0.393000 0.156758 0.071076 0.000000
-0.012776 -0.468884 0.166763 0.000000
0.346485 -0.334553 0.200944 0.000000
0.332216 -0.570631 0.197955 0.000000
0.399383 -0.903218 0.464840 0.000000
0.496908 -0.040503 0.138161 0.000000
0.418785 -0.970256 0.585614 0.000000
0.319804 -1.098227 0.235740 0.000000
0.314154 -0.926504 0.227942 0.000000
-0.066326 -0.535691 0.144070 0.000000
0.326673 -0.790812 0.205325 0.000000
0.440348 0.024781 0.203054 0.000000
0.330170 -0.403427 0.182779 0.000000
0.595051 -1.292319 0.118113 1.000000
0.275164 0.009155 0.316188 0.000000
0.325388 0.186513 0.109000 0.000000
0.445100 -0.009131 0.216301 0.000000
0.384815 0.285381 0.114441 0.000000
0.481161 0.045858 0.132923 0.000000
0.348938 0.446837 0.149028 0.000000
0.483588 -0.104311 0.051731 0.000000
0.338531 -0.706430 0.213665 0.000000
0.323390 -0.251002 0.190761 0.000000
0.124401 -0.306304 0.171439 0.000000
0.323586 -0.867471 0.210962 0.000000
0.306544 -0.907455 0.243466 0.000000
0.064314 -0.405342 0.166510 0.000000
0.188743 -0.198171 0.480485 0.000000
0.399380 0.111325 0.221056 0.000000
0.325173 -0.526271 0.192018 0.000000
0.003395 -0.453941 0.163754 0.000000
0.465958 -0.004501 0.112778 0.000000
0.422771 0.206675 0.129714 0.000000
0.336194 -0.393597 0.181694 0.000000
0.192694 -0.207563 0.481176 0.000000
0.334562 -0.488137 0.190837 0.000000
0.341337 0.254655 0.208771 0.000000
0.345027 0.425930 0.154229 0.000000
0.272474 -1.061537 0.251023 0.000000
0.344384 -0.825443 0.207560 0.000000
0.331436 -0.487851 0.200649 0.000000
0.393377 -0.782871 0.401811 0.000000
0.334347 0.193257 0.102187 0.000000
0.413045 0.196120 0.102763 0.000000
0.280705 0.021258 0.308856 0.000000
0.514142 -1.164952 0.142980 1.000000
0.292204 -1.072188 0.210346 0.000000
0.368003 -0.596428 0.313074 0.000000
0.360686 0.289707 0.102309 0.000000
0.471042 -1.074529 0.161897 1.000000
0.213107 -0.100005 0.390190 0.000000
0.226604 -0.065952 0.367317 0.000000
0.277827 -0.960933 0.228445 0.000000
0.332081 -0.441074 0.198801 0.000000
0.391370 0.292084 0.121090 0.000000
0.227744 -0.078819 0.372770 0.000000
0.370948 -0.050822 -0.026449 0.000000
0.412580 -0.956981 0.558495 0.000000
0.329884 -0.699081 0.198714 0.000000
0.391982 0.047299 0.018833 0.000000
0.257981 0.016383 0.310899 0.000000
0.364402 -0.584276 0.298471 0.000000
0.343124 0.344172 0.111616 0.000000
0.337070 -0.597314 0.198080 0.000000
0.434635 0.130639 0.170770 0.000000
0.478085 -0.013568 0.108620 0.000000
0.443310 -1.021691 0.196741 1.000000
0.019839 -0.431733 0.170381 0.000000
-0.113946 -0.581789 0.123231 0.000000
0.194862 -0.189579 0.462782 0.000000
0.333476 -0.376986 0.191956 0.000000
0.388219 0.293967 0.157244 0.000000
0.328576 -0.860109 0.203630 0.000000
0.444091 0.076386 0.120949 0.000000
0.369667 -0.574481 0.313733 0.000000
0.314151 -0.886054 0.237729 0.000000
0.366473 -0.523000 0.294705 0.000000
0.386038 0.420376 0.158781 0.000000
0.420217 -0.979032 0.580278 0.000000
0.424265 0.081658 0.096955 0.000000
0.076693 -0.356913 0.177320 0.000000
0.353290 0.270562 0.101927 0.000000
0.385235 0.432131 0.130311 0.000000
0.332832 -0.767692 0.206217 0.000000
0.329793 -0.504758 0.203325 0.000000
0.236332 -0.140464 0.147695 0.000000
0.327486 0.124034 0.176551 0.000000
0.399046 -0.205983 0.303713 0.000000
0.423283 0.142950 0.184323 0.000000
0.354097 -0.393463 0.220379 0.000000
0.397525 0.239338 0.098705 0.000000
0.615035 -1.327521 0.117296 1.000000
0.401282 -0.189559 0.287165 0.000000
0.365056 -0.533782 0.291930 0.000000
0.327959 -0.666255 0.200084 0.000000
0.243956 -0.014321 0.331175 0.000000
0.515551 -0.276595 0.186324 0.000000
0.387289 0.011679 0.003591 0.000000
0.392742 0.296958 0.168912 0.000000
0.366252 -0.509895 0.293323 0.000000
0.503289 -0.147031 0.160988 0.000000
-0.062529 -0.528707 0.126038 0.000000
0.335937 -0.315441 0.208917 0.000000
0.329149 0.154571 0.173940 0.000000
0.319628 -0.951777 0.222839 0.000000
0.450452 0.054428 0.118815 0.000000
0.398336 -0.937806 0.515109 0.000000
0.399329 0.123832 0.226386 0.000000
0.297961 -0.002469 0.168902 0.000000
0.348919 0.156232 0.119718 0.000000
0.294671 -1.036526 0.236759 0.000000
0.310086 -0.897080 0.228645 0.000000
0.324857 -0.019548 0.184961 0.000000
0.277506 -1.054695 0.243752 0.000000
0.315027 -0.857342 0.226786 0.000000
0.230416 -0.162101 0.149932 0.000000
0.342885 0.398524 0.132902 0.000000
0.387695 0.417330 0.149134 0.000000
0.299033 -0.921924 0.241444 0.000000
0.345326 0.378005 0.129735 0.000000
0.079425 -0.370817 0.179897 0.000000
0.500298 -0.270141 -0.072216 0.000000
0.262398 0.029964 0.300834 0.000000
0.104797 -0.357060 0.173707 0.000000
0.379260 0.477248 0.127415 0.000000
0.355162 -0.450698 0.250417 0.000000
0.565612 -1.227588 0.139670 1.000000
0.325418 -0.100975 0.185279 0.000000
0.374382 -0.608987 0.328209 0.000000
0.189185 -0.236030 0.526632 0.000000
0.364907 0.471700 0.120651 0.000000
-0.127937 -0.592685 0.121786 0.000000
0.362882 -0.681127 0.336417 0.000000
0.349192 -0.394476 0.233226 0.000000
0.412809 0.279171 0.121970 0.000000
0.433837 0.100181 0.123655 0.000000
0.328496 -0.460744 0.196484 0.000000
0.338361 -0.726186 0.210578 0.000000
-0.078848 -0.544219 0.125325 0.000000
0.437475 0.101274 0.169314 0.000000
0.434586 0.080309 0.085522 0.000000
0.043757 -0.421211 0.165255 0.000000
0.331072 0.217418 0.166532 0.000000
0.438724 0.178165 0.129152 0.000000
0.101453 -0.241308 -0.047754 0.000000
0.346079 -0.644471 0.207166 0.000000
0.300933 -0.949978 0.233823 0.000000
0.334555 -0.639970 0.202976 0.000000
0.326502 -0.332688 0.190315 0.000000
0.346529 0.336816 0.157045 0.000000
-0.043923 -0.500440 0.154811 0.000000
0.432456 -0.085282 0.232673 0.000000
0.335926 -0.840930 0.221730 0.000000
0.395495 0.225031 0.103506 0.000000
0.508230 -0.170278 0.006129 0.000000
0.336586 -0.298813 0.187652 0.000000
0.348077 -0.878368 0.192552 1.000000
0.420740 0.095470 0.095867 0.000000
0.322573 0.067129 0.066736 0.000000
0.300428 -0.052915 0.038565 0.000000
0.374299 0.467952 0.141297 0.000000
-0.025295 -0.483271 0.156606 0.000000
0.292568 -0.024121 0.161082 0.000000
0.298897 -1.078426 0.234097 0.000000
0.496481 -1.123667 0.152689 1.000000
0.552812 -1.199387 0.146210 1.000000
0.329743 -0.303638 0.195487 0.000000
0.319933 0.199939 0.112517 0.000000
0.344073 -0.772519 0.209873 0.000000
0.282251 -0.986826 0.241334 0.000000
0.331142 0.294982 0.102637 0.000000
0.442220 -1.042072 0.171907 1.000000
0.299263 -0.926926 0.232161 0.000000
0.396371 0.271254 0.113982 0.000000
0.278508 -0.996585 0.238306 0.000000
0.370192 -0.669127 0.337401 0.000000
0.373126 -0.632291 0.333331 0.000000
0.290326 -0.092627 0.029337 0.000000
0.404475 0.477202 0.120218 0.000000
0.326964 -0.032022 0.180166 0.000000
0.384992 0.016026 0.237334 0.000000
0.279830 -0.123055 0.015410 0.000000
0.317381 -0.872455 0.212388 0.000000
0.357565 -0.673537 0.328238 0.000000
0.420532 -0.965220 0.565349 0.000000
0.219476 -0.091697 0.383219 0.000000
0.331872 0.237433 0.211938 0.000000
0.537193 -1.187784 0.146172 1.000000
0.334146 -0.538407 0.202489 0.000000
0.339342 -0.618151 0.190046 0.000000
0.392323 0.350069 0.123950 0.000000
0.332505 0.137855 0.171469 0.000000
0.331442 0.264378 0.163830 0.000000
0.387076 -0.822774 0.414896 0.000000
0.350721 0.394044 0.161114 0.000000
0.303527 -1.016528 0.235346 0.000000
0.310492 0.019653 0.184274 0.000000
0.277712 -0.056526 0.160419 0.000000
0.620446 -0.164814 0.103837 0.000000
0.190398 -0.183002 0.463175 0.000000
0.389641 0.024343 0.251465 0.000000
0.395386 -0.965482 0.191590 1.000000
0.298281 -1.099011 0.225711 0.000000
0.348771 0.251072 0.105659 0.000000
0.330623 0.268759 0.101734 0.000000
0.331952 -0.418593 0.187786 0.000000
0.339410 -0.676544 0.211502 0.000000
0.328396 0.034059 0.179692 0.000000
0.345808 0.220377 0.094225 0.000000
0.311669 -1.030478 0.233648 0.000000
0.200448 -0.179030 0.446154 0.000000
0.356602 -0.908336 0.228971 1.000000
0.435380 0.041865 0.079662 0.000000
0.324833 0.039315 0.060969 0.000000
0.331333 0.163670 0.219058 0.000000
0.331279 -0.258701 0.189421 0.000000
0.333767 -0.051706 0.181083 0.000000
0.090725 -0.360309 0.170725 0.000000
0.326983 -0.607807 0.196298 0.000000
0.304219 -0.063857 0.029038 0.000000
0.332079 -0.638172 0.210743 0.000000
0.444440 0.003423 0.215147 0.000000
0.352269 0.079049 0.186696 0.000000
0.331559 -0.688546 0.204961 0.000000
0.304575 -0.935355 0.234607 0.000000
0.467574 0.019997 0.113724 0.000000
0.494323 -1.114235 0.168201 1.000000
0.475923 -1.085857 0.172748 1.000000
0.390834 0.020743 0.266760 0.000000
0.390132 0.030976 0.012889 0.000000
0.301185 -1.004192 0.215577 0.000000
0.464116 -1.064301 0.167253 1.000000
0.334916 -0.408043 0.201246 0.000000
0.340429 -0.762929 0.218815 0.000000
-0.085453 -0.557154 0.134475 0.000000
0.388492 0.019438 0.005269 0.000000
0.330490 0.223215 0.105906 0.000000
0.281270 -1.052101 0.256527 0.000000
0.327646 0.128488 0.162461 0.000000
0.329651 -0.072150 0.180587 0.000000
0.331298 -0.984318 0.226222 0.000000
0.361717 -0.908867 0.189925 1.000000
0.226679 -0.184524 0.163642 0.000000
0.382921 -0.939074 0.179369 1.000000
0.335172 0.084524 0.071937 0.000000
0.326565 0.307053 0.113378 0.000000
0.398095 -0.773541 0.394100 0.000000
0.342046 0.157156 0.089713 0.000000
0.340660 0.366929 0.115591 0.000000
0.319981 0.030539 0.163960 0.000000
0.297027 -0.017596 0.174642 0.000000
0.238285 -0.080356 0.369861 0.000000
0.348568 -0.886553 0.211701 1.000000
0.329782 -0.559317 0.205373 0.000000
0.341362 0.320912 0.160464 0.000000
0.364031 -0.560853 0.290543 0.000000
0.337613 -0.825510 0.216347 0.000000
0.345247 -0.713607 0.209913 0.000000
-0.046101 -0.509313 0.144990 0.000000
0.364142 -0.528671 0.258895 0.000000
-0.014616 -0.481489 0.148320 0.000000
0.393269 0.391061 0.128396 0.000000
0.433579 0.085260 0.184678 0.000000
0.426332 0.089060 0.085695 0.000000
0.417640 -0.999438 0.200918 1.000000
0.225605 -0.171390 0.155455 0.000000
0.336504 0.071198 0.064573 0.000000
0.351598 -0.898303 0.228116 1.000000
0.398627 0.339085 0.122215 0.000000
0.399947 -0.931515 0.499666 0.000000
0.376322 0.370288 0.116177 0.000000
0.560863 -0.044982 0.429878 0.000000
0.528996 -0.131021 0.156674 0.000000
0.483133 -0.119052 0.045470 0.000000
0.283597 -1.116157 0.255289 0.000000
0.208280 -0.188392 0.149421 0.000000
0.334004 -0.477762 0.204525 0.000000
0.338167 -0.412022 0.185156 0.000000
-0.093042 -0.555717 0.123019 0.000000
0.394580 0.326207 0.133335 0.000000
0.239921 -0.042923 0.350505 0.000000
0.301971 -0.992371 0.231729 0.000000
0.302103 -0.912660 0.234398 0.000000
0.594245 -1.304500 0.117529 1.000000
0.464166 0.051522 0.142364 0.000000
0.323583 -0.970179 0.232968 0.000000
0.269858 -1.052522 0.242251 0.000000
0.301588 0.053636 0.290408 0.000000
0.206367 -0.160921 0.426720 0.000000
0.015624 -0.442855 0.160927 0.000000
0.435957 0.133588 0.127468 0.000000
0.369307 0.394187 0.116461 0.000000
0.654706 -0.176350 0.088759 0.000000
0.325874 -0.779013 0.205377 0.000000
0.467797 0.042760 0.138248 0.000000
0.387675 0.023535 0.012282 0.000000
0.318911 -0.889345 0.229884 0.000000
0.409955 -0.182130 0.281124 0.000000
0.512591 -0.188580 -0.012132 0.000000
0.399220 0.212632 0.096157 0.000000
0.342493 0.373516 0.161490 0.000000
0.327279 0.286090 0.103036 0.000000
0.353727 0.436039 0.147889 0.000000
0.324614 -0.226418 0.185448 0.000000
0.464743 0.020031 0.141632 0.000000
0.379452 0.375598 0.146830 0.000000
0.319235 0.036242 0.177880 0.000000
0.348204 -0.882505 0.204393 1.000000
0.395056 0.385051 0.153633 0.000000
0.447287 -0.021717 0.066148 0.000000
0.394793 -0.696010 0.358389 0.000000
0.294251 -0.992324 0.216300 0.000000
0.469606 -0.080370 0.058308 0.000000
0.337754 -0.548980 0.193142 0.000000
0.389381 -0.954043 0.187608 1.000000
0.435198 0.064751 0.203921 0.000000
0.339227 -0.635828 0.208908 0.000000
0.344909 -0.362547 0.221044 0.000000
0.274872 -0.009214 0.327998 0.000000
0.340906 0.260370 0.157251 0.000000
0.302029 -1.016748 0.207957 0.000000
0.074917 -0.385984 0.161730 0.000000
0.437204 -0.988747 0.607215 0.000000
0.307529 -0.960892 0.216991 0.000000
0.295751 -0.888094 0.226618 0.000000
0.328859 -0.647923 0.208519 0.000000
0.327984 0.011162 0.178889 0.000000
0.413752 -0.955684 0.535398 0.000000
0.392555 -0.764773 0.391461 0.000000
0.314865 0.113425 0.242978 0.000000
0.449069 -0.037599 0.062440 0.000000
0.436420 0.013409 0.072203 0.000000
0.006958 -0.446556 0.168047 0.000000
0.334051 0.324758 0.107899 0.000000
0.341451 0.229088 0.192686 0.000000
0.342658 0.387377 0.157043 0.000000
0.352877 -0.423037 0.246097 0.000000
0.343883 -0.407013 0.247714 0.000000
0.341196 0.204875 0.093548 0.000000
0.336594 -0.493812 0.198607 0.000000
0.237027 -0.178889 -0.021538 0.000000
0.472082 0.058658 0.131711 0.000000
0.397313 0.256483 0.198244 0.000000
0.326265 -0.066332 0.186864 0.000000
0.353979 0.264014 0.105924 0.000000
0.392962 0.326151 0.147586 0.000000
0.356072 -0.517706 0.285937 0.000000
0.291772 -1.086331 0.229394 0.000000
0.315252 -1.082065 0.230322 0.000000
0.341958 -0.285084 0.194174 0.000000
0.353267 -0.405065 0.230474 0.000000
0.181413 -0.264068 0.554555 0.000000
0.333687 -0.334177 0.193202 0.000000
0.344877 0.220128 0.197161 0.000000
0.456592 -1.061759 0.172172 1.000000
0.413815 0.136059 0.101754 0.000000
0.393726 0.413992 0.153481 0.000000
0.327323 -0.350658 0.225442 0.000000
0.296848 -1.071142 0.223785 0.000000
0.240091 -0.176473 -0.008576 0.000000
0.336918 -0.177240 0.189597 0.000000
0.255085 -0.108267 0.162122 0.000000
0.439970 -1.026614 0.187869 1.000000
0.356095 -0.468793 0.252994 0.000000
0.325771 -0.394022 0.194428 0.000000
0.339588 0.202647 0.219967 0.000000
0.137139 -0.284357 0.166654 0.000000
0.339307 -0.803679 0.208352 0.000000
0.480975 0.009834 0.136608 0.000000
0.390939 0.252910 0.112730 0.000000
0.354064 -0.458841 0.244742 0.000000
0.336503 -0.786560 0.200429 0.000000
0.463289 -0.061053 0.193724 0.000000
0.388759 0.431572 0.153291 0.000000
0.233943 -0.169214 0.165489 0.000000
-0.051677 -0.515994 0.137881 0.000000
0.346040 0.273293 0.184909 0.000000
0.355432 -0.444591 0.244505 0.000000
0.516416 -0.077813 0.154396 0.000000
0.522140 -0.252925 0.183937 0.000000
0.428349 0.065275 0.091082 0.000000
0.341075 -0.801654 0.218709 0.000000
0.221570 -0.109103 0.389278 0.000000
0.189275 -0.251241 0.557395 0.000000
0.443626 0.124873 0.127971 0.000000
0.335991 -0.840906 0.208821 0.000000
0.377013 0.465770 0.148165 0.000000
0.512184 -0.085037 0.120290 0.000000
0.394383 0.086999 0.042218 0.000000
0.412925 0.160780 0.100557 0.000000
0.187087 -0.165484 0.453728 0.000000
0.462687 -0.051076 0.189642 0.000000
0.357590 -0.417723 0.236838 0.000000
0.377255 -0.896934 0.469065 0.000000
0.358764 -0.512219 0.291706 0.000000
0.455184 0.022051 0.118983 0.000000
0.387226 -0.890328 0.459681 0.000000
0.374578 -0.616582 0.329029 0.000000
0.476506 -0.021549 0.111967 0.000000
0.287823 -0.033797 0.164331 0.000000
0.446508 -0.981935 0.605496 0.000000
0.312311 -0.915279 0.243400 0.000000
0.356563 0.078863 0.170861 0.000000
0.347664 0.231481 0.087060 0.000000
0.413834 0.189963 0.179874 0.000000
0.343021 0.264802 0.196163 0.000000
0.342068 -0.575596 0.196539 0.000000
0.450114 -0.016448 0.338833 0.000000
-0.028382 -0.488790 0.150668 0.000000
0.188817 -0.205890 0.488252 0.000000
0.328473 0.100319 0.073592 0.000000
0.357832 -0.506464 0.278880 0.000000
0.316459 -0.943141 0.215506 0.000000
0.036118 -0.432376 0.167412 0.000000
0.285269 -0.115292 0.002982 0.000000
0.424520 -1.003850 0.191056 1.000000
0.395096 -0.886769 0.456061 0.000000
0.515854 -0.111101 0.137769 0.000000
0.445474 -1.036590 0.184240 1.000000
0.299903 -0.034016 0.050839 0.000000
0.422513 -0.981660 0.587132 0.000000
0.289183 -1.058540 0.249081 0.000000
0.262210 -0.150446 -0.004964 0.000000
0.402342 0.301324 0.162041 0.000000
0.323010 0.007130 0.174364 0.000000
0.330897 -0.105549 0.188956 0.000000
0.380440 0.440225 0.148226 0.000000
0.436492 0.018412 0.083091 0.000000
0.285107 -1.010554 0.246680 0.000000
0.494056 -0.029970 0.138045 0.000000
0.279187 -0.047569 0.147159 0.000000
0.334965 -0.357469 0.186828 0.000000
0.330614 -0.906914 0.215763 0.000000
0.387348 0.283723 0.122673 0.000000
0.291038 -0.954389 0.244053 0.000000
0.360206 -0.532586 0.279429 0.000000
0.235566 -0.134542 0.152389 0.000000
0.329002 -0.853228 0.217448 0.000000
0.124681 -0.295354 0.169385 0.000000
0.403860 0.217227 0.205903 0.000000
0.522910 -1.174600 0.142151 1.000000
0.302308 0.063470 0.284310 0.000000
0.270014 -1.026497 0.240832 0.000000
0.337870 -0.613727 0.200134 0.000000
0.108631 -0.321806 0.173798 0.000000
0.398712 0.068083 0.235888 0.000000
0.607572 -1.300943 0.118056 1.000000
0.326790 0.121535 0.079002 0.000000
0.289881 -1.061815 0.233971 0.000000
0.359333 -0.579849 0.302207 0.000000
0.532387 -1.211088 0.133228 1.000000
0.343723 0.459173 0.150330 0.000000
0.429915 -1.015000 0.179560 1.000000
0.359399 -0.628864 0.309950 0.000000
0.440965 0.165666 0.128770 0.000000
0.368681 -0.059960 0.277995 0.000000
0.290987 -0.992414 0.245271 0.000000
0.033830 -0.419066 0.170463 0.000000
0.403686 0.467413 0.117638 0.000000
0.581090 -1.258871 0.127871 1.000000
0.315912 -1.074072 0.233758 0.000000
0.283424 -0.045051 0.169301 0.000000
0.334289 -0.342859 0.220982 0.000000
0.292765 -0.059662 0.045004 0.000000
0.395444 0.390079 0.144637 0.000000
0.299680 -0.891457 0.219776 0.000000
0.420418 -0.129955 0.251529 0.000000
0.365062 0.054534 0.220048 0.000000
0.394629 0.043014 0.239830 0.000000
0.340879 0.172365 0.089191 0.000000
0.382732 -0.876634 0.446683 0.000000
0.207186 -0.194334 -0.031994 0.000000
0.199151 -0.204681 -0.027162 0.000000
0.440406 -1.025486 0.172313 1.000000
0.197023 -0.142322 0.425279 0.000000
0.021356 -0.438772 0.164865 0.000000
0.312882 -1.064902 0.237628 0.000000
0.556631 -1.233435 0.132489 1.000000
0.338718 -0.662869 0.202422 0.000000
0.327414 0.361302 0.120717 0.000000
0.474884 -0.091904 0.184646 0.000000
0.415504 -0.959262 0.550296 0.000000
0.470960 -0.018275 0.361733 0.000000
0.409009 0.193932 0.128098 0.000000
0.337736 0.229713 0.106662 0.000000
0.352542 0.358801 0.157504 0.000000
0.379130 0.322789 0.121822 0.000000
0.335248 0.208627 0.170320 0.000000
0.462855 0.104220 0.124380 0.000000
0.501760 -1.116162 0.164596 1.000000
0.394629 -0.833148 0.423073 0.000000
0.538844 -1.207300 0.139923 1.000000
0.529401 -0.182289 0.160686 0.000000
0.335224 -0.857081 0.219245 0.000000
0.292572 -0.094660 0.022437 0.000000
0.319098 -1.017682 0.235692 0.000000
0.417335 -1.009760 0.173582 1.000000
0.412320 0.199027 0.123356 0.000000
0.328366 -0.875219 0.212876 0.000000
0.419104 0.246340 0.163446 0.000000
0.488917 -0.004937 0.138551 0.000000
0.150921 -0.266087 0.161859 0.000000
0.331738 -0.562415 0.195182 0.000000
0.336238 0.164541 0.246646 0.000000
0.333400 0.235459 0.163640 0.000000
0.297308 -1.055960 0.219990 0.000000
0.348212 -0.322039 0.200960 0.000000
0.481040 -0.106706 0.180578 0.000000
0.420231 -1.003915 0.177834 1.000000
0.265448 0.018627 0.307463 0.000000
0.340948 0.310456 0.173114 0.000000
0.309785 -0.978792 0.216214 0.000000
0.522099 -1.138170 0.159453 1.000000
0.384075 0.347770 0.143734 0.000000
0.271122 -1.040290 0.237762 0.000000
-0.056608 -0.523177 0.129758 0.000000
0.546423 -0.123143 0.113034 0.000000
0.332342 -0.813786 0.220053 0.000000
0.352855 0.445154 0.157787 0.000000
0.336825 -0.654431 0.202961 0.000000
0.327626 -0.546260 0.194635 0.000000
0.309297 -1.023322 0.237569 0.000000
0.378600 -0.724447 0.366168 0.000000
0.313339 0.123448 0.229486 0.000000
0.463437 -1.064953 0.183838 1.000000
0.591215 -1.267132 0.127143 1.000000
0.292501 -1.151995 0.223744 0.000000
0.426704 -1.012145 0.187499 1.000000
0.316620 -0.915353 0.226949 0.000000
0.503706 -1.129597 0.164714 1.000000
0.469531 0.029528 0.141243 0.000000
0.284040 -0.947814 0.228188 0.000000
0.634120 -0.162479 0.093711 0.000000
0.357456 -0.498973 0.287508 0.000000
0.440470 -0.044297 0.220914 0.000000
0.235140 -1.105799 0.246360 0.000000
0.162531 -0.210532 -0.037732 0.000000
0.475976 -1.066063 0.176867 1.000000
0.295979 -1.055867 0.212194 0.000000
0.382713 -0.901464 0.466727 0.000000
0.450963 -0.026325 0.070840 0.000000
0.380403 -0.940448 0.213025 1.000000
0.385662 -0.018083 0.250252 0.000000
0.299822 -0.009582 0.165001 0.000000
0.424254 0.000350 0.310044 0.000000
0.378243 0.401235 0.150840 0.000000
0.351735 -0.890346 0.203174 1.000000
0.311295 0.044858 0.065399 0.000000
0.307729 0.060587 0.065099 0.000000
0.401755 0.117965 0.061300 0.000000
0.286703 -0.088243 0.036244 0.000000
0.334771 0.397579 0.129765 0.000000
0.441464 -0.030901 0.216580 0.000000
0.293088 0.051370 0.283652 0.000000
0.379892 -0.936810 0.189459 1.000000
0.589577 -0.048791 0.452045 0.000000
0.320944 0.082910 0.068856 0.000000
0.359883 -0.400946 0.224855 0.000000
0.406442 0.003353 0.282586 0.000000
0.469537 -0.010613 0.115089 0.000000
0.479485 0.041474 0.125007 0.000000
0.335608 -0.563448 0.201899 0.000000
0.428404 0.122922 0.182919 0.000000
0.327203 -0.587372 0.192345 0.000000
0.422103 0.177540 0.173733 0.000000
0.275028 -1.045249 0.266898 0.000000
0.379211 -0.834172 0.418370 0.000000
0.418950 0.134400 0.191345 0.000000
0.341224 0.197857 0.082038 0.000000
0.338100 0.299039 0.102246 0.000000
0.132159 -0.329746 0.173027 0.000000
0.363601 -0.500181 0.291686 0.000000
0.488127 -1.097580 0.162496 1.000000
0.332214 -0.440081 0.190410 0.000000
0.557527 -1.247619 0.127943 1.000000
0.524261 -0.137215 0.145855 0.000000
0.213931 -0.207274 0.162869 0.000000
0.334101 -0.470156 0.194940 0.000000
0.185304 -0.227200 0.156898 0.000000
0.351933 -0.892276 0.192753 1.000000
0.368779 0.480495 0.117215 0.000000
0.391333 -0.816860 0.413515 0.000000
0.598003 -0.150305 0.111647 0.000000
0.380441 -0.865148 0.437346 0.000000
0.406618 0.251399 0.121230 0.000000
0.322477 -0.910254 0.219804 0.000000
0.328711 -0.198256 0.191067 0.000000
0.386369 0.305360 0.126683 0.000000
0.496586 -1.129561 0.166744 1.000000
0.504087 -0.158110 0.016904 0.000000
0.370826 0.049018 0.220668 0.000000
0.229537 -0.191771 -0.022049 0.000000
0.516603 -1.171587 0.148398 1.000000
0.398081 0.201316 0.097029 0.000000
0.323450 -0.323479 0.208231 0.000000
0.381849 -0.029628 -0.013347 0.000000
0.129794 -0.286534 0.167396 0.000000
0.216270 -0.177448 0.145274 0.000000
0.438729 0.070652 0.075704 0.000000
0.361130 0.066619 0.199267 0.000000
0.498252 -0.063517 0.113861 0.000000
0.248877 -0.050608 0.352821 0.000000
0.553623 -1.227590 0.136627 1.000000
0.291694 -1.082652 0.238847 0.000000
0.439390 0.045167 0.208353 0.000000
0.285344 -0.924379 0.237967 0.000000
0.330884 -0.183503 0.189460 0.000000
0.321552 -0.114522 0.185504 0.000000
0.342869 0.365218 0.156136 0.000000
0.331212 -0.331844 0.217116 0.000000
0.418943 0.147979 0.124992 0.000000
0.271805 -1.050767 0.263191 0.000000
0.445950 0.065612 0.119843 0.000000
0.293952 -1.075757 0.246600 0.000000
0.294915 -1.106642 0.234145 0.000000
0.322748 -0.344178 0.195266 0.000000
0.205388 -0.147209 0.420250 0.000000
0.365068 0.442729 0.121175 0.000000
0.299184 -1.052855 0.240175 0.000000
0.395541 -0.868029 0.442984 0.000000
0.295357 -0.989296 0.254456 0.000000
0.347124 -0.765845 0.209294 0.000000
0.246755 -0.134125 0.164724 0.000000
0.181421 -0.251300 0.541309 0.000000
0.439066 -0.009130 0.066694 0.000000
0.435468 0.108410 0.181533 0.000000
0.324840 -0.653130 0.201284 0.000000
0.312968 -0.941280 0.231454 0.000000
0.315786 -0.987446 0.227239 0.000000
0.388655 0.356556 0.165013 0.000000
0.374450 -0.653809 0.336595 0.000000
0.301166 0.085825 0.258324 0.000000
-0.067143 -0.528741 0.139129 0.000000
0.334920 -0.455168 0.189440 0.000000
0.528179 -0.245078 0.179665 0.000000
0.360809 -0.543404 0.297263 0.000000
0.464410 0.069205 0.134600 0.000000
0.009789 -0.455513 0.158651 0.000000
0.437163 0.093963 0.169991 0.000000
0.324284 0.116760 0.256112 0.000000
0.398217 -0.899998 0.474816 0.000000
0.349678 -0.458307 0.272279 0.000000
0.285670 -1.103030 0.257010 0.000000
0.443728 0.071977 0.182955 0.000000
0.330772 0.020820 0.174040 0.000000
0.213266 -0.123829 0.402733 0.000000
0.310435 0.085976 0.268754 0.000000
0.392664 0.373617 0.158685 0.000000
0.179771 -0.263708 0.569252 0.000000
0.519643 -0.236950 0.168936 0.000000
0.297516 -0.065306 0.044400 0.000000
0.462385 0.024956 0.115254 0.000000
0.368416 -0.570821 0.301787 0.000000
0.424465 -0.110760 0.240948 0.000000
0.341209 0.303398 0.168265 0.000000
0.360132 -0.548106 0.284715 0.000000
0.523027 -0.130494 0.141628 0.000000
0.290515 -0.941795 0.238374 0.000000
0.390052 0.406708 0.149870 0.000000
0.308048 -1.081333 0.239144 0.000000
0.333702 -0.288732 0.193123 0.000000
0.410750 -0.954249 0.543321 0.000000
0.398513 0.182415 0.217576 0.000000
0.142065 -0.218659 -0.042842 0.000000
0.356044 -0.589372 0.296028 0.000000
0.418286 -0.148724 0.261722 0.000000
0.386100 -0.947477 0.193678 1.000000
0.530204 -0.211559 0.121034 0.000000
0.162474 -0.220810 -0.037235 0.000000
0.357353 -0.536809 0.289470 0.000000
0.402765 0.077040 0.228593 0.000000
0.388670 0.022526 0.243221 0.000000
0.211317 -0.196867 0.156252 0.000000
0.080717 -0.382218 0.168390 0.000000
0.387155 0.363820 0.152107 0.000000
0.222943 -0.188355 -0.023666 0.000000
0.419906 -0.996104 0.172243 1.000000
0.326678 0.101200 0.172292 0.000000
0.324285 -0.982108 0.231907 0.000000
0.404810 0.189619 0.209311 0.000000
0.341913 0.135106 0.135665 0.000000
0.347158 0.373996 0.167356 0.000000
0.332118 0.189510 0.169507 0.000000
0.372368 -0.714327 0.358411 0.000000
-0.003245 -0.461016 0.157930 0.000000
0.369050 0.347047 0.115205 0.000000
0.338770 -0.789539 0.213125 0.000000
0.318141 0.029217 0.179549 0.000000
0.283853 -1.014224 0.256231 0.000000
0.472220 -1.076785 0.171948 1.000000
0.276509 0.023998 0.303065 0.000000
0.275763 -0.059199 0.151000 0.000000
0.343795 0.356737 0.168314 0.000000
0.406885 0.241745 0.169064 0.000000
0.394432 0.285502 0.159376 0.000000
0.356624 -0.523285 0.262506 0.000000
0.325321 -0.084813 0.188548 0.000000
0.199808 -0.131344 0.415831 0.000000
0.294283 -1.039000 0.213102 0.000000
0.285557 0.016513 0.318199 0.000000
0.319470 0.132282 0.228437 0.000000
0.385511 -0.921611 0.496078 0.000000
0.329680 0.152844 0.226880 0.000000
0.332961 -0.310635 0.195610 0.000000
0.326197 0.075318 0.177865 0.000000
0.326373 -0.349270 0.188863 0.000000
0.330021 -0.836807 0.208100 0.000000
0.369917 -0.610214 0.315830 0.000000
-0.094386 -0.561375 0.135815 0.000000
0.322921 -0.009123 0.174943 0.000000
0.315093 -0.848395 0.216206 0.000000
0.306796 -0.929435 0.211451 0.000000
0.403917 0.194438 0.181192 0.000000
0.238302 -0.090221 0.372631 0.000000
0.352246 -0.346497 0.211748 0.000000
0.388626 0.383952 0.124862 0.000000
0.334737 -0.866636 0.202909 0.000000
0.314736 -0.893495 0.217397 0.000000
0.503608 -1.140551 0.155880 1.000000
0.299370 -1.044064 0.236398 0.000000
0.300540 -1.077136 0.219897 0.000000
0.476362 -1.078789 0.159387 1.000000
0.337880 -0.694164 0.212066 0.000000
0.377113 0.477653 0.151193 0.000000
0.320546 -0.976840 0.224464 0.000000
0.189359 -0.151250 0.441127 0.000000
0.379337 0.445108 0.127302 0.000000
0.579640 -1.278551 0.121503 1.000000
0.331189 -0.516896 0.188286 0.000000
0.333056 -0.265175 0.198504 0.000000
0.593134 -1.276339 0.122812 1.000000
0.397751 -0.952511 0.543866 0.000000
0.371793 -0.676728 0.341554 0.000000
0.388465 0.276563 0.124890 0.000000
0.452467 -0.001706 0.188873 0.000000
0.187115 -0.215511 0.152088 0.000000
0.482416 -0.029206 0.115216 0.000000
0.236482 -0.159013 0.155306 0.000000
0.340614 0.240677 0.206186 0.000000
0.459973 -1.069912 0.178051 1.000000
0.339904 -0.673873 0.197501 0.000000
0.337197 -0.605863 0.207377 0.000000
0.420968 -0.989614 0.210334 1.000000
0.150844 -0.219629 -0.042756 0.000000
0.315618 0.020614 0.158010 0.000000
0.338946 0.294412 0.167432 0.000000
0.327002 -0.446054 0.190912 0.000000
0.499757 -0.263128 -0.070525 0.000000
0.326575 -0.596315 0.198801 0.000000
0.300651 -0.003809 0.151894 0.000000
0.293436 0.057531 0.279221 0.000000
0.342872 0.115083 0.152073 0.000000
0.246930 -0.122834 0.153856 0.000000
0.324203 -0.058382 0.183612 0.000000
0.537708 -1.194626 0.143897 1.000000
0.354689 -0.378864 0.221291 0.000000
0.296428 -0.894631 0.232996 0.000000
0.521631 -0.102036 0.114483 0.000000
0.314016 -0.867342 0.222781 0.000000
0.328734 0.113604 0.171695 0.000000
0.558456 -0.135039 0.114316 0.000000
0.342949 0.483551 0.148633 0.000000
0.336604 -0.852275 0.207777 0.000000
0.323912 0.301928 0.107217 0.000000
0.311607 -1.116184 0.240203 0.000000
-0.058389 -0.521415 0.150065 0.000000
0.386035 0.395391 0.147065 0.000000
0.481142 0.003293 0.140821 0.000000
0.327744 -0.152100 0.188253 0.000000
0.469744 0.023902 0.147986 0.000000
0.452911 0.102572 0.130944 0.000000
0.455763 -0.020952 0.339018 0.000000
0.284260 -0.964140 0.231025 0.000000
0.262470 -0.098837 0.169075 0.000000
0.324776 -0.925291 0.217942 0.000000
0.426926 0.096876 0.191684 0.000000
0.491856 -1.121799 0.158637 1.000000
0.370555 -0.722683 0.359728 0.000000
0.437810 -0.056640 0.224049 0.000000
0.331387 0.139896 0.254901 0.000000
0.340120 -0.346942 0.219542 0.000000
0.061681 -0.380123 0.176075 0.000000
0.341776 -0.709628 0.202413 0.000000
0.448494 0.022031 0.187474 0.000000
0.373135 -0.934941 0.191096 1.000000
0.442030 -1.030120 0.179283 1.000000
0.441754 0.001786 0.067335 0.000000
0.309044 -1.137496 0.242724 0.000000
-0.001403 -0.473603 0.144616 0.000000
0.326466 0.144861 0.228799 0.000000
0.337143 -0.251825 0.194011 0.000000
0.322105 -0.008345 0.183829 0.000000
-0.078630 -0.537227 0.138326 0.000000
0.476088 -0.001314 0.146922 0.000000
0.442545 0.175717 0.123584 0.000000
0.622553 -1.328438 0.111131 1.000000
0.373058 0.460875 0.119757 0.000000
0.422599 0.154948 0.180778 0.000000
0.259436 -0.113419 0.170553 0.000000
0.489035 0.004906 0.128711 0.000000
0.323776 -0.381497 0.190376 0.000000
0.544586 -1.225714 0.133990 1.000000
0.343849 -0.780053 0.203602 0.000000
0.388610 -0.800683 0.403999 0.000000
0.391538 0.311681 0.124359 0.000000
0.330115 -0.355723 0.237214 0.000000
0.458500 -0.009384 0.193142 0.000000
0.337647 0.169049 0.081931 0.000000
0.322072 -1.121799 0.237177 0.000000
0.330718 -0.596931 0.206442 0.000000
0.387531 -0.947826 0.206977 1.000000
0.470431 -0.093951 0.053007 0.000000
0.415652 -0.170420 0.273527 0.000000
0.403308 -0.947602 0.532255 0.000000
0.356542 -0.361207 0.212012 0.000000
0.333283 -0.830465 0.220081 0.000000
0.407993 -0.948506 0.520694 0.000000
0.325052 -0.309111 0.204579 0.000000
0.337220 -0.559222 0.191873 0.000000
0.610000 -0.157007 0.108134 0.000000
0.508527 -0.184228 0.004666 0.000000
0.193963 -0.181245 0.456996 0.000000
0.386301 -0.792111 0.396636 0.000000
0.437653 0.050558 0.196357 0.000000
0.330288 -0.383332 0.192753 0.000000
0.365937 0.453791 0.117492 0.000000
0.347513 0.092468 0.171255 0.000000
0.339933 0.199967 0.102366 0.000000
0.325199 0.117070 0.177326 0.000000
0.442956 0.017562 0.212898 0.000000
0.324594 -0.844960 0.214021 0.000000
0.381726 0.472144 0.147341 0.000000
0.326014 -0.997281 0.228807 0.000000
0.426514 0.098872 0.199535 0.000000
0.275866 -0.130155 0.000971 0.000000
0.017928 -0.452943 0.157417 0.000000
0.331688 -0.646593 0.202107 0.000000
0.314171 0.045283 0.180834 0.000000
0.333532 0.180948 0.168878 0.000000
0.353182 0.256698 0.101823 0.000000
0.541280 -1.214842 0.136657 1.000000
0.374418 -0.048370 0.267415 0.000000
0.350278 0.273323 0.177730 0.000000
0.272159 -1.054492 0.252017 0.000000
0.256683 -0.117870 0.162232 0.000000
0.332646 -0.455984 0.200675 0.000000
0.432762 -0.976622 0.578742 0.000000
0.355843 -0.539014 0.268051 0.000000
0.375659 0.383846 0.120676 0.000000
0.246799 -1.135974 0.248567 0.000000
0.184237 -0.209996 -0.032242 0.000000
0.330611 -0.271995 0.196602 0.000000
0.080471 -0.369856 0.172926 0.000000
0.337099 -0.229448 0.188342 0.000000
0.228224 -0.102592 0.384427 0.000000
0.426601 -1.013935 0.194580 1.000000
0.346201 0.362328 0.121330 0.000000
0.225194 -0.124446 0.395022 0.000000
0.281828 -1.004601 0.266524 0.000000
0.397204 0.267978 0.163119 0.000000
0.368053 -0.618210 0.316684 0.000000
0.323280 -0.889813 0.217108 0.000000
0.472348 0.035114 0.137467 0.000000
0.288358 -0.914299 0.235700 0.000000
0.293062 -0.968737 0.242956 0.000000
0.355222 -0.512225 0.270811 0.000000
0.473516 -1.077209 0.183719 1.000000
0.528275 -0.215157 0.164230 0.000000
0.424985 0.106949 0.091205 0.000000
0.395712 0.347058 0.170707 0.000000
0.434324 0.070105 0.191386 0.000000
0.384749 -0.942955 0.187831 1.000000
0.339419 -0.814296 0.224464 0.000000
0.380962 -0.881663 0.451357 0.000000
0.360553 -0.542326 0.280176 0.000000
0.376340 0.416987 0.117607 0.000000
0.294753 -1.128136 0.223354 0.000000
0.375963 -0.609049 0.321016 0.000000
0.436740 0.044296 0.192124 0.000000
0.331998 -0.662286 0.206110 0.000000
0.402237 0.221976 0.172087 0.000000
0.442533 0.055652 0.180916 0.000000
0.240230 -0.174901 -0.016629 0.000000
0.397336 0.013669 0.292572 0.000000
0.344483 0.287755 0.182731 0.000000
0.393247 0.134951 0.063385 0.000000
0.369498 0.364437 0.116481 0.000000
0.386846 0.405432 0.139853 0.000000
0.399140 0.324240 0.163499 0.000000
0.299886 -1.008630 0.220919 0.000000
0.349383 0.245963 0.201564 0.000000
0.504189 -0.072980 0.114877 0.000000
0.316719 -0.900330 0.220339 0.000000
0.348801 0.244608 0.181733 0.000000
0.322755 -0.855781 0.227313 0.000000
0.211894 -0.194948 -0.026767 0.000000
0.444260 0.153006 0.127340 0.000000
0.374281 0.451321 0.139735 0.000000
0.346765 0.437246 0.147945 0.000000
0.338743 -0.308472 0.199249 0.000000
0.340932 -0.848860 0.216612 0.000000
0.377379 -0.930562 0.181936 1.000000
0.329088 0.144097 0.171329 0.000000
0.332558 0.200670 0.162922 0.000000
0.276959 0.032546 0.300175 0.000000
0.328757 -0.087984 0.183046 0.000000
0.325575 -0.673080 0.204997 0.000000
0.532962 -0.207778 0.131150 0.000000
0.571011 -1.230122 0.135816 1.000000
0.484598 -0.039273 0.111040 0.000000
0.358836 -0.474908 0.246723 0.000000
0.273014 -1.066395 0.256755 0.000000
0.389774 -0.701084 0.357051 0.000000
0.336803 -0.310327 0.184930 0.000000
0.395239 0.148232 0.070298 0.000000
0.295096 -1.066849 0.240448 0.000000
0.330718 -0.242795 0.185624 0.000000
0.429284 0.067566 0.206771 0.000000
0.308113 0.014917 0.170761 0.000000
0.522366 -0.153226 0.145910 0.000000
0.547448 -1.204346 0.143923 1.000000
0.378270 -0.035499 -0.022021 0.000000
0.377144 -0.892822 0.460910 0.000000
0.401086 0.285668 0.162746 0.000000
0.450928 0.116197 0.134563 0.000000
0.425087 0.201274 0.125857 0.000000
0.475825 0.015198 0.140793 0.000000
0.335378 -0.192358 0.194970 0.000000
0.242630 -0.152096 0.168951 0.000000
0.380305 -0.022320 -0.017631 0.000000
0.342974 0.192462 0.092823 0.000000
0.301256 -0.995322 0.216489 0.000000
0.332560 -0.402703 0.190616 0.000000
0.335537 -0.807252 0.200452 0.000000
0.334496 -0.499066 0.205581 0.000000
0.357415 -0.900398 0.214320 1.000000
0.386163 0.341077 0.150587 0.000000
0.176480 -0.269852 0.568427 0.000000
0.333375 0.096284 0.171774 0.000000
0.339071 -0.758331 0.207958 0.000000
0.266007 -1.084664 0.240162 0.000000
0.273615 -1.009328 0.241145 0.000000
0.341110 -0.750258 0.217274 0.000000
0.325803 -0.420570 0.185060 0.000000
0.294267 -1.063738 0.211779 0.000000
0.309900 -0.966217 0.213101 0.000000
0.378184 0.485740 0.146659 0.000000
0.399800 0.173500 0.088586 0.000000
0.074874 -0.242393 -0.051284 0.000000
0.353502 0.418133 0.115510 0.000000
0.340927 -0.587816 0.191117 0.000000
0.323869 0.000011 0.173028 0.000000
0.422991 -0.983302 0.595570 0.000000
0.340708 -0.669062 0.208989 0.000000
0.337442 -0.364371 0.184911 0.000000
0.614281 -1.321160 0.114483 1.000000
0.483373 -1.092090 0.173261 1.000000
0.289300 0.029240 0.308383 0.000000
0.327612 -1.167249 0.248346 0.000000
0.426880 0.137634 0.180396 0.000000
0.367834 -0.919377 0.201432 1.000000
0.254465 -0.025518 0.334526 0.000000
0.305699 -1.017520 0.214243 0.000000
0.443556 0.065464 0.192518 0.000000
0.345175 0.267738 0.189062 0.000000
0.496341 -0.140089 0.032065 0.000000
0.420946 0.118206 0.090507 0.000000
0.388850 -0.003470 0.240342 0.000000
0.157998 -0.268378 0.162583 0.000000
0.502732 -0.061542 0.150409 0.000000
0.304860 -1.068920 0.234227 0.000000
0.331883 -0.207222 0.189398 0.000000
0.440673 0.036241 0.208825 0.000000
0.328260 -0.325625 0.189985 0.000000
0.402558 -0.969212 0.207214 1.000000
0.433407 -0.984776 0.602674 0.000000
0.531064 -0.143606 0.160651 0.000000
0.460933 0.083183 0.137300 0.000000
0.342291 0.205766 0.205781 0.000000
0.319099 -0.916325 0.220405 0.000000
0.436540 -1.000821 0.208680 1.000000
0.370928 -0.922908 0.174805 1.000000
0.335848 -0.629266 0.195825 0.000000
0.414000 0.188048 0.104449 0.000000
0.359296 -0.907530 0.209438 1.000000
0.326584 0.090303 0.173835 0.000000
0.465713 -0.083394 0.183309 0.000000
0.418088 0.222582 0.123208 0.000000
0.323840 -0.535183 0.190112 0.000000
0.327393 0.023266 0.057054 0.000000
0.413827 0.232987 0.166929 0.000000
0.322233 -0.069289 0.177269 0.000000
0.477859 -0.023571 0.364989 0.000000
0.403533 0.264449 0.124322 0.000000
0.325796 -0.441137 0.195805 0.000000
0.428708 -0.999760 0.208727 1.000000
0.426801 0.115260 0.116815 0.000000
0.366930 -0.823919 0.410634 0.000000
0.376888 0.038469 0.235842 0.000000
0.370870 0.376174 0.113497 0.000000
0.327565 0.308357 0.106362 0.000000
0.348475 0.236688 0.099768 0.000000
0.331564 0.237612 0.107380 0.000000
0.291828 -0.921826 0.231255 0.000000
0.551734 -1.245669 0.131435 1.000000
0.343398 -0.428661 0.258143 0.000000
0.436940 0.028266 0.073031 0.000000
0.269142 -0.077742 0.165784 0.000000
0.388759 0.320836 0.131781 0.000000
0.298450 -0.071531 0.017759 0.000000
0.057668 -0.410859 0.165150 0.000000
0.291770 -1.091786 0.242118 0.000000
0.332851 -0.581299 0.193664 0.000000
0.328552 -0.222598 0.190235 0.000000
0.331408 -0.504666 0.190603 0.000000
0.293793 -1.134764 0.212173 0.000000
0.466657 -0.070560 0.181871 0.000000
0.325589 -0.608520 0.205706 0.000000
0.401759 0.174158 0.215367 0.000000
0.515609 -0.097496 0.154026 0.000000
0.202051 -0.143292 0.415608 0.000000
0.290336 -0.931659 0.225663 0.000000
0.377878 0.412048 0.146863 0.000000
0.350311 0.289115 0.174646 0.000000
-0.102897 -0.561556 0.128181 0.000000
0.343786 -0.607377 0.196216 0.000000
0.344153 -0.641321 0.200107 0.000000
0.382769 -0.944108 0.221136 1.000000
0.330480 -0.003748 0.179120 0.000000
0.409638 0.176426 0.105257 0.000000
0.332344 -0.365221 0.231978 0.000000
0.284522 -1.033395 0.240697 0.000000
0.335231 0.219495 0.102498 0.000000
0.308744 0.051576 0.058682 0.000000
0.290452 -0.029600 0.173030 0.000000
0.333016 -0.291082 0.201454 0.000000
0.194937 -0.185926 0.468659 0.000000
0.344410 0.233669 0.196941 0.000000
0.413630 0.200134 0.133469 0.000000
0.328649 0.169621 0.168480 0.000000
0.323172 0.273942 0.108529 0.000000
0.512162 -0.162962 0.150766 0.000000
0.392285 -0.906970 0.468133 0.000000
0.330901 -0.366782 0.201489 0.000000
0.302164 -1.028370 0.208801 0.000000
0.503798 -0.264340 -0.064172 0.000000
0.486976 -0.124476 0.042784 0.000000
0.120904 -0.230307 -0.046718 0.000000
0.364845 -0.078821 0.295605 0.000000
0.307756 -1.003809 0.213422 0.000000
0.376334 -0.784791 0.391558 0.000000
0.338552 0.124431 0.081997 0.000000
0.346895 -0.702949 0.204231 0.000000
-0.035380 -0.501086 0.154711 0.000000
0.506397 -0.198955 -0.011760 0.000000
0.388518 0.397400 0.127524 0.000000
0.259933 0.009642 0.310087 0.000000
0.186387 -0.248364 0.547732 0.000000
0.436655 0.184327 0.125714 0.000000
0.397584 -0.877298 0.449211 0.000000
0.285226 -0.108878 0.025360 0.000000
0.349289 -0.355706 0.216618 0.000000
0.338996 0.261213 0.166028 0.000000
0.430038 0.118414 0.124231 0.000000
0.330850 -0.881863 0.210374 0.000000
0.332851 -0.760922 0.204925 0.000000
0.396495 0.219596 0.092650 0.000000
0.328528 0.210945 0.165954 0.000000
0.352033 -0.441783 0.252396 0.000000
0.283670 -0.047493 0.154561 0.000000
0.301514 -0.074097 0.025598 0.000000
0.428379 0.089851 0.203163 0.000000
0.420063 -0.996979 0.182344 1.000000
0.385447 -0.729796 0.371021 0.000000
0.423400 -0.009110 0.310886 0.000000
0.335021 0.118544 0.153801 0.000000
0.184986 -0.205051 -0.039350 0.000000
0.357068 0.087151 0.172145 0.000000
0.350371 0.482269 0.147789 0.000000
0.363543 -0.787753 0.385658 0.000000
0.343500 0.218441 0.203692 0.000000
0.420328 0.167246 0.178461 0.000000
0.297126 -1.074007 0.205891 0.000000
0.340315 0.383662 0.128209 0.000000
0.334259 -0.132221 0.185886 0.000000
0.468222 -1.069892 0.184541 1.000000
0.515168 -1.120307 0.170132 1.000000
0.338729 0.392949 0.137138 0.000000
0.255302 -0.161781 -0.001890 0.000000
0.339350 -0.401468 0.189260 0.000000
0.337703 0.206425 0.228113 0.000000
0.492855 -0.051828 0.115919 0.000000
0.431450 -1.028430 0.175702 1.000000
0.306838 -0.996768 0.205548 0.000000
0.432223 0.030856 0.083773 0.000000
0.511424 -1.140565 0.168899 1.000000
0.476052 0.024597 0.137088 0.000000
0.391122 -0.717404 0.367123 0.000000
0.348002 0.403970 0.156738 0.000000
0.368913 0.432731 0.114047 0.000000
0.327393 0.249454 0.101358 0.000000
0.395495 -0.953540 0.182857 1.000000
0.380996 -0.653037 0.338706 0.000000
0.333605 -0.342284 0.195684 0.000000
0.395278 0.190288 0.079991 0.000000
0.234609 -0.096057 0.378313 0.000000
0.279543 -1.066174 0.253300 0.000000
0.328164 -0.720730 0.205856 0.000000
0.333866 -0.361394 0.194824 0.000000
0.225782 -0.072645 0.370531 0.000000
0.326929 -0.754461 0.202892 0.000000
0.153029 -0.248406 0.156911 0.000000
0.388545 0.387125 0.145278 0.000000
0.342598 -0.524415 0.193145 0.000000
0.430476 0.075055 0.083424 0.000000
0.333967 -0.487293 0.182736 0.000000
0.422982 0.142518 0.094688 0.000000
0.371258 0.481469 0.127220 0.000000
0.383271 0.405313 0.155114 0.000000
0.359795 -0.573794 0.287140 0.000000
0.318650 -0.876289 0.221952 0.000000
0.400549 0.217370 0.105138 0.000000
0.444758 0.005417 0.184814 0.000000
0.336747 0.170570 0.242599 0.000000
0.255805 -0.089761 0.145178 0.000000
0.391542 -0.894165 0.463938 0.000000
0.425415 0.096216 0.090935 0.000000
0.342939 -0.419811 0.253469 0.000000
0.342388 -0.460628 0.190892 0.000000
0.350815 0.408139 0.132230 0.000000
0.289644 -0.017601 0.165980 0.000000
0.279771 -1.019139 0.241963 0.000000
0.508396 -0.225340 -0.042013 0.000000
0.173542 -0.206260 -0.038694 0.000000
0.584800 -1.292407 0.119385 1.000000
0.437938 0.111386 0.122433 0.000000
0.294433 -1.072328 0.230261 0.000000
0.295193 -0.069214 0.037069 0.000000
0.416238 -0.959583 0.563630 0.000000
0.438881 0.018456 0.076701 0.000000
0.421306 -0.969111 0.559070 0.000000
0.462826 -1.069942 0.170857 1.000000
0.358967 -0.543244 0.272517 0.000000
0.340435 -0.382155 0.237851 0.000000
0.326194 0.003971 0.179737 0.000000
0.368251 -0.919280 0.186625 1.000000
0.354595 -0.899290 0.184883 1.000000
0.369192 -0.585478 0.304895 0.000000
-0.017558 -0.481263 0.158264 0.000000
0.344908 0.216338 0.088810 0.000000
0.519532 -0.114185 0.148501 0.000000
0.485488 -0.024781 0.372744 0.000000
0.334624 -0.037087 0.179828 0.000000
0.333118 0.161564 0.225604 0.000000
0.171652 -0.271024 0.165845 0.000000
0.286147 -0.940732 0.232547 0.000000
0.348188 0.132845 0.134310 0.000000
0.460214 0.108488 0.129546 0.000000
0.417961 -0.142284 0.255666 0.000000
0.463850 -0.025915 0.349076 0.000000
0.198259 -0.220386 0.157159 0.000000
0.438574 0.140888 0.125814 0.000000
0.354071 -0.457273 0.259228 0.000000
0.332367 0.165563 0.120117 0.000000
0.342451 -0.684761 0.208862 0.000000
0.334440 -0.146188 0.185100 0.000000
0.480762 -0.026757 0.109097 0.000000
0.391879 -0.931069 0.511322 0.000000
0.432464 -0.011186 0.324362 0.000000
0.337605 -0.422042 0.202508 0.000000
0.250220 -0.113052 0.146621 0.000000
0.401267 0.199798 0.211086 0.000000
0.428746 -0.129026 0.245825 0.000000
0.341809 0.333184 0.160311 0.000000
0.322130 -1.081890 0.240261 0.000000
0.358670 -0.440725 0.237153 0.000000
0.305079 -0.888588 0.226675 0.000000
0.328589 -0.279460 0.199418 0.000000
0.312828 -0.921750 0.240059 0.000000
0.320394 0.090800 0.169853 0.000000
0.339223 -0.857310 0.224721 0.000000
0.285323 -1.026322 0.242572 0.000000
0.368425 -0.662441 0.334453 0.000000
0.371461 -0.047434 0.276230 0.000000
0.275374 -1.031450 0.266666 0.000000
0.319754 0.055483 0.173879 0.000000
0.334179 0.293118 0.162788 0.000000
0.387405 -0.637535 0.337425 0.000000
0.308066 -1.092478 0.224888 0.000000
0.341341 -0.858548 0.216717 0.000000
0.322379 0.090671 0.066565 0.000000
0.277440 -1.049564 0.251544 0.000000
0.353083 -0.895488 0.210045 1.000000
0.405296 0.311777 0.160513 0.000000
0.379765 -0.008066 0.245969 0.000000
0.331106 -0.536736 0.193550 0.000000
0.282550 -0.997368 0.244574 0.000000
0.340411 -0.469536 0.192450 0.000000
0.392554 0.131874 0.225658 0.000000
0.293964 -1.143813 0.213011 0.000000
0.335389 0.309759 0.103752 0.000000
0.300503 -1.051447 0.225478 0.000000
0.268502 -1.062685 0.272620 0.000000
0.330568 -0.294693 0.193759 0.000000
0.329556 0.142984 0.076478 0.000000
0.342768 -0.449719 0.186731 0.000000
0.301213 -0.902254 0.234586 0.000000
0.399529 0.062448 0.033759 0.000000
0.342351 -0.396251 0.243882 0.000000
0.389397 -0.851331 0.431060 0.000000
0.303398 -1.045259 0.222533 0.000000
0.216166 -0.198249 0.160852 0.000000
0.506192 -0.234533 -0.052972 0.000000
0.297191 -1.047709 0.205924 0.000000
0.331668 0.169151 0.211693 0.000000
0.338154 0.285373 0.168020 0.000000
-0.088883 -0.550571 0.133026 0.000000
0.514367 -0.178934 0.142056 0.000000
0.164807 -0.260302 0.162647 0.000000
0.510839 -0.172955 0.152980 0.000000
0.296206 -1.139018 0.229561 0.000000
0.379000 -0.630085 0.330852 0.000000
0.456890 -0.045707 0.066035 0.000000
0.330911 -0.603774 0.206099 0.000000
0.280088 -0.123186 0.005972 0.000000
0.340106 -0.545717 0.187729 0.000000
0.333877 0.357922 0.123521 0.000000
0.510460 -0.079330 0.110256 0.000000
0.342710 0.464914 0.146820 0.000000
0.343438 0.223740 0.102187 0.000000
0.300379 -1.056403 0.234568 0.000000
0.424100 -0.970311 0.572149 0.000000
0.186614 -0.221309 0.516009 0.000000
0.485245 -0.049167 0.118368 0.000000
0.292544 -0.023584 0.184955 0.000000
0.375318 -0.023302 0.253599 0.000000
0.393372 0.022187 0.001530 0.000000
0.118024 -0.308538 0.172047 0.000000
0.372036 -0.043581 -0.029839 0.000000
0.250116 -0.120011 0.159819 0.000000
0.436603 -1.008990 0.201665 1.000000
0.338223 0.199577 0.226098 0.000000
0.386967 0.453993 0.150632 0.000000
0.326634 0.261445 0.110756 0.000000
0.388277 0.119742 0.056036 0.000000
0.369126 -0.563163 0.302693 0.000000
0.386893 0.339356 0.140666 0.000000
0.494502 -0.119746 0.178701 0.000000
0.344820 -0.568432 0.195088 0.000000
0.315092 0.103046 0.255331 0.000000
0.317464 -0.852707 0.220947 0.000000
0.286961 -1.007483 0.254342 0.000000
0.304982 0.021659 0.057689 0.000000
0.351957 -0.905067 0.181251 1.000000
0.448886 -1.034809 0.190370 1.000000
0.393723 -0.956426 0.214967 1.000000
0.136142 -0.310516 0.168483 0.000000
0.511745 -0.222642 -0.033624 0.000000
0.390588 0.020413 0.259264 0.000000
0.344044 -0.338815 0.212951 0.000000
0.394204 0.264422 0.115245 0.000000
0.334685 -0.586072 0.203768 0.000000
0.327867 -0.806019 0.206201 0.000000
0.528365 -0.106115 0.117171 0.000000
0.524399 -1.163111 0.155119 1.000000
0.394730 0.055455 0.232654 0.000000
0.415427 0.113027 0.092404 0.000000
0.510776 -0.081601 0.146584 0.000000
0.338623 -0.745996 0.206323 0.000000
0.272137 -1.040013 0.261847 0.000000
0.432390 0.094781 0.185362 0.000000
0.325179 -0.189703 0.184016 0.000000
0.457001 -0.031644 0.188248 0.000000
0.348275 -0.882635 0.228343 0.000000
0.417514 -0.004272 0.301977 0.000000
0.436201 -0.005596 0.335133 0.000000
0.317440 0.109244 0.252472 0.000000
0.425374 -0.978054 0.592145 0.000000
0.335465 -0.847251 0.202500 0.000000
0.252039 -0.045336 0.349182 0.000000
0.225192 -0.198589 0.167724 0.000000
-0.045947 -0.512354 0.137945 0.000000
0.334415 0.152192 0.127839 0.000000
0.399629 0.328690 0.119684 0.000000
0.393446 0.348224 0.158325 0.000000
0.192401 -0.163938 0.444823 0.000000
0.324019 -0.337372 0.194977 0.000000
0.359948 -0.485602 0.256669 0.000000
0.429300 -0.120948 0.249043 0.000000
0.303995 -0.015332 0.051324 0.000000
0.432285 0.089599 0.189730 0.000000
0.301173 -0.973512 0.248058 0.000000
0.546194 -1.197210 0.147839 1.000000
