0.186387 -0.248364 0.547732 0.000000
0.629383 -1.349613 0.116922 1.000000
0.389730 0.473739 0.095682 0.000000
0.501899 -0.276349 -0.072827 0.000000
0.440068 -0.978437 0.612769 0.000000
-0.136434 -0.597674 0.126317 0.000000
0.346895 -0.702949 0.204231 0.000000
0.593409 -0.053724 0.450414 0.000000
0.246799 -1.135974 0.248567 0.000000
0.071320 -0.247117 -0.047532 0.000000
0.315129 0.067434 0.064986 0.000000
0.328552 -0.347661 0.233995 0.000000
0.235914 -0.027549 0.343357 0.000000
0.518646 -0.108191 0.157926 0.000000
0.044006 -0.400208 0.175139 0.000000
0.506272 -1.116034 0.173464 1.000000
0.400006 -0.822710 0.419422 0.000000
0.393750 0.253865 0.200237 0.000000
0.220354 -0.156265 0.139256 0.000000
0.372650 -0.931677 0.205618 1.000000
0.440367 -0.012501 0.321176 0.000000
0.368157 -0.530437 0.299835 0.000000
0.516350 -0.288439 0.204255 0.000000
0.367708 -0.073195 -0.042501 0.000000
0.307399 0.103642 0.245457 0.000000
0.400000 -0.199884 0.301459 0.000000
0.662060 -0.177504 0.084250 0.000000
0.472082 0.058658 0.131711 0.000000
0.231824 -0.179880 -0.027589 0.000000
0.334688 -0.045138 0.182383 0.000000
0.208921 -0.159519 0.422365 0.000000
0.153471 -0.291407 0.166805 0.000000
0.504996 -0.157395 0.016864 0.000000
0.381231 -0.670488 0.347462 0.000000
0.394911 0.183086 0.078460 0.000000
0.331050 0.349025 0.116418 0.000000
0.551676 -1.237522 0.129602 1.000000
-0.037810 -0.504243 0.141088 0.000000
0.259535 -0.996882 0.244240 0.000000
0.390391 -0.929977 0.498664 0.000000
0.333626 -0.218083 0.187122 0.000000
0.339482 -0.470459 0.185304 0.000000
0.451682 -0.048124 0.060512 0.000000
0.429162 -0.100547 0.238529 0.000000
0.329660 -0.821202 0.220218 0.000000
0.327203 -0.587372 0.192345 0.000000
0.294761 -0.053035 0.046417 0.000000
0.435683 -1.023307 0.174429 1.000000
0.416659 0.141531 0.190778 0.000000
0.532277 -0.217419 0.117166 0.000000
0.390166 0.033140 0.235184 0.000000
0.393372 0.022187 0.001530 0.000000
0.326445 0.186966 0.161525 0.000000
0.323817 -1.071793 0.231198 0.000000
0.451874 -0.022258 0.184296 0.000000
0.516387 -0.033312 0.397712 0.000000
0.331664 0.256761 0.101356 0.000000
0.315542 0.044599 0.173811 0.000000
0.295605 0.030953 0.305440 0.000000
0.360003 -0.074837 0.292698 0.000000
0.390936 0.404339 0.154445 0.000000
0.351524 -0.445489 0.270063 0.000000
0.398548 0.100036 0.048032 0.000000
0.330673 -1.162754 0.248435 0.000000
0.155126 -0.221512 -0.039032 0.000000
0.288358 -0.914299 0.235700 0.000000
0.584585 -0.146557 0.111769 0.000000
0.326413 -0.131167 0.189523 0.000000
0.410315 0.286744 0.121897 0.000000
0.264130 -0.084944 0.156461 0.000000
0.276924 -0.129125 0.019760 0.000000
0.354492 0.112187 0.146990 0.000000
0.365860 -0.745783 0.367332 0.000000
0.337075 0.177285 0.239199 0.000000
0.233612 -0.097670 0.379910 0.000000
0.107788 -0.355121 0.167945 0.000000
0.327260 0.144316 0.072438 0.000000
0.185157 -0.199366 0.486812 0.000000
0.457322 0.135693 0.124402 0.000000
0.439011 0.027861 0.068905 0.000000
0.197553 -0.228040 0.162902 0.000000
0.333023 0.290805 0.169504 0.000000
0.358354 -0.605928 0.298563 0.000000
0.511696 -0.215155 -0.030694 0.000000
0.329859 -0.998557 0.221952 0.000000
0.501259 -0.039906 0.133265 0.000000
0.344355 0.477573 0.152424 0.000000
0.434324 0.070105 0.191386 0.000000
0.333921 -0.294308 0.187010 0.000000
0.334376 -0.399249 0.185716 0.000000
0.374009 -0.881106 0.450060 0.000000
0.395256 0.336457 0.172699 0.000000
0.604297 -1.282958 0.118652 1.000000
0.248914 -1.066119 0.243218 0.000000
0.001664 -0.455645 0.171726 0.000000
-0.086140 -0.550642 0.125578 0.000000
0.522910 -1.174600 0.142151 1.000000
0.425242 0.216796 0.128418 0.000000
0.417766 -0.963511 0.550277 0.000000
0.480292 -0.106495 0.050434 0.000000
0.331872 0.237433 0.211938 0.000000
0.533041 -0.170437 0.161518 0.000000
0.342616 0.412141 0.113788 0.000000
0.377859 -0.027479 0.254993 0.000000
0.322880 0.006257 0.051647 0.000000
0.465713 -0.083394 0.183309 0.000000
0.481367 -1.061993 0.192172 1.000000
0.325087 -0.760771 0.204829 0.000000
0.342414 -0.880582 0.230879 0.000000
0.295960 -0.006322 0.146462 0.000000
0.336129 -0.528377 0.203610 0.000000
0.415377 -0.155559 0.263089 0.000000
0.401852 0.195518 0.213815 0.000000
0.392615 0.093949 0.227514 0.000000
0.340960 0.197036 0.104107 0.000000
0.341910 -0.643279 0.207951 0.000000
0.297255 -1.128755 0.212223 0.000000
0.526338 -0.238310 0.172553 0.000000
0.424374 0.077566 0.096295 0.000000
0.397550 0.013992 0.290706 0.000000
0.467753 0.003313 0.113847 0.000000
0.360013 -0.498894 0.247423 0.000000
0.343485 0.367160 0.168399 0.000000
0.423901 -0.994482 0.220409 1.000000
0.270334 -1.098181 0.282865 0.000000
0.474001 -0.020049 0.364233 0.000000
0.347028 -0.399474 0.239195 0.000000
0.359019 0.075377 0.188309 0.000000
0.381849 -0.029628 -0.013347 0.000000
0.363015 -0.794000 0.391429 0.000000
0.442890 0.021825 0.213963 0.000000
0.401087 -0.956754 0.167692 1.000000
0.301729 -0.965968 0.253657 0.000000
0.362264 0.301626 0.104879 0.000000
0.318779 -0.945661 0.206872 0.000000
0.338251 0.237528 0.157658 0.000000
0.395336 0.355395 0.124353 0.000000
0.250244 -0.132429 0.174300 0.000000
0.536514 -0.116459 0.110034 0.000000
0.439198 -0.052636 0.223394 0.000000
0.353326 -0.890523 0.181983 1.000000
0.326120 0.139430 0.179148 0.000000
0.412011 0.141841 0.102370 0.000000
0.293663 -1.034129 0.216822 0.000000
0.286360 0.066829 0.271906 0.000000
0.329428 0.151360 0.126626 0.000000
0.336827 -0.348817 0.184833 0.000000
0.386967 0.453993 0.150632 0.000000
0.197544 -0.113446 0.407978 0.000000
0.385619 -0.624912 0.333154 0.000000
0.421529 0.192349 0.170471 0.000000
0.554287 -0.043810 0.424578 0.000000
0.276250 -1.031956 0.271706 0.000000
0.503720 -0.080088 0.108004 0.000000
0.395997 0.288962 0.168415 0.000000
0.171382 -0.276080 0.582864 0.000000
0.254856 0.009538 0.315857 0.000000
0.154901 -0.245787 0.155983 0.000000
0.228052 -0.191622 0.168609 0.000000
0.397525 0.239338 0.098705 0.000000
0.349019 0.423674 0.159167 0.000000
0.283424 -0.045051 0.169301 0.000000
0.399928 -0.766837 0.390505 0.000000
0.390564 0.058715 0.030249 0.000000
0.323406 0.000822 0.183645 0.000000
0.320394 0.090800 0.169853 0.000000
0.470067 -1.092326 0.159438 1.000000
0.419104 0.246340 0.163446 0.000000
0.256314 -0.064324 0.359423 0.000000
0.494947 -0.147256 0.165816 0.000000
0.626582 -0.159877 0.104644 0.000000
0.388536 0.141904 0.064098 0.000000
0.194712 -0.202743 -0.033903 0.000000
0.392696 -0.710913 0.365553 0.000000
0.296579 -0.088663 0.020629 0.000000
0.335113 -0.174120 0.187277 0.000000
0.112192 -0.311805 0.172848 0.000000
0.443652 0.177645 0.121603 0.000000
0.332160 -0.088475 0.179304 0.000000
0.114320 -0.234663 -0.045442 0.000000
0.396980 0.140993 0.229398 0.000000
0.292241 -1.097848 0.245463 0.000000
0.377683 -0.570669 0.314564 0.000000
0.336649 0.138093 0.256906 0.000000
0.319606 0.308104 0.109958 0.000000
0.437821 0.110339 0.170322 0.000000
0.307809 -0.857832 0.220465 0.000000
0.357924 -0.648004 0.311368 0.000000
0.334655 0.102904 0.076132 0.000000
0.340768 0.198304 0.199310 0.000000
0.259342 -0.154048 -0.008901 0.000000
0.082576 -0.388227 0.163898 0.000000
0.408279 -0.857216 0.441080 0.000000
0.450397 0.094715 0.133997 0.000000
0.406556 -0.899564 0.467608 0.000000
0.359073 -0.438128 0.230202 0.000000
0.036337 -0.438214 0.158330 0.000000
0.265428 -1.138626 0.287295 0.000000
0.398768 -0.962113 0.213555 1.000000
0.371661 0.441779 0.113649 0.000000
0.342511 0.328621 0.155253 0.000000
0.388132 0.317220 0.137675 0.000000
0.330409 -0.256379 0.200938 0.000000
0.295143 -1.085316 0.205907 0.000000
0.461427 0.023944 0.149039 0.000000
0.449441 -0.011243 0.076196 0.000000
0.361770 -0.492889 0.287023 0.000000
0.198899 -0.184500 0.451694 0.000000
0.373209 0.387998 0.121113 0.000000
0.191741 -0.229185 0.513813 0.000000
0.317704 -0.891024 0.201942 0.000000
0.476197 -0.012261 0.148704 0.000000
0.552812 -1.199387 0.146210 1.000000
0.503513 -0.069432 0.158548 0.000000
0.374922 0.487097 0.129100 0.000000
0.358671 -0.546147 0.265676 0.000000
0.357275 -0.369703 0.216650 0.000000
-0.007318 -0.480558 0.143461 0.000000
0.239681 -0.122834 0.138389 0.000000
0.217962 -0.063776 0.370255 0.000000
0.403319 0.185945 0.124321 0.000000
0.324234 -1.125615 0.243262 0.000000
0.359376 0.057424 0.221611 0.000000
0.184822 -0.265250 0.168301 0.000000
0.568239 -1.279909 0.128708 1.000000
0.454822 -1.058568 0.165394 1.000000
0.321860 -0.315710 0.215335 0.000000
0.504551 -0.242785 -0.056440 0.000000
0.288991 -1.060744 0.248120 0.000000
0.510343 -0.187455 -0.005889 0.000000
0.324615 -0.433968 0.194698 0.000000
0.426584 -0.986530 0.578046 0.000000
0.358594 -0.697339 0.335671 0.000000
0.293064 -0.994433 0.222001 0.000000
0.346406 0.260403 0.186859 0.000000
0.356877 -0.914167 0.234357 1.000000
0.201212 -0.187750 0.143874 0.000000
0.443879 0.034985 0.179958 0.000000
0.448361 -0.014972 0.219791 0.000000
0.276074 -0.953593 0.231335 0.000000
0.484514 -0.114872 0.177692 0.000000
0.608221 -1.320469 0.116236 1.000000
-0.065090 -0.527150 0.146220 0.000000
0.327210 -0.673895 0.197742 0.000000
0.415541 -0.996426 0.185774 1.000000
0.429208 0.113556 0.089684 0.000000
0.364044 0.336268 0.115453 0.000000
0.242608 -1.100475 0.248575 0.000000
0.506091 -1.145724 0.154616 1.000000
0.521749 -0.142606 0.143293 0.000000
0.392468 0.369534 0.158820 0.000000
0.339815 -0.853797 0.206848 0.000000
0.316125 0.086934 0.274784 0.000000
0.528900 -0.205036 0.162455 0.000000
0.266282 -1.036431 0.238214 0.000000
-0.110874 -0.574601 0.125218 0.000000
0.318988 0.131797 0.228091 0.000000
0.305272 0.034911 0.059939 0.000000
0.322270 0.224038 0.114195 0.000000
0.434359 0.160721 0.167081 0.000000
0.340770 -0.788804 0.216790 0.000000
0.366930 -0.823919 0.410634 0.000000
0.299510 -0.019163 0.048048 0.000000
0.340499 0.380682 0.127562 0.000000
0.271606 -0.015774 0.331456 0.000000
0.381033 -0.928322 0.172943 1.000000
0.290733 -1.000020 0.256974 0.000000
0.412441 0.466624 0.119719 0.000000
0.324290 -0.917315 0.226126 0.000000
0.407993 -0.948506 0.520694 0.000000
0.309753 -0.888250 0.236661 0.000000
0.347987 0.224049 0.085347 0.000000
0.315078 -1.025128 0.241035 0.000000
0.284449 -1.128556 0.256097 0.000000
0.350830 -0.322682 0.200171 0.000000
0.426302 0.116866 0.122769 0.000000
0.468346 -0.051931 0.194127 0.000000
0.476276 -0.028761 0.114431 0.000000
0.447947 0.042958 0.115341 0.000000
0.324802 -0.497849 0.198227 0.000000
0.463359 -0.078627 0.055966 0.000000
0.359795 -0.573794 0.287140 0.000000
0.491384 -0.135092 0.036747 0.000000
0.387621 -0.000230 0.239717 0.000000
0.451590 -1.028918 0.202438 1.000000
0.295931 -0.016738 0.182187 0.000000
0.076693 -0.356913 0.177320 0.000000
0.330331 0.165876 0.209588 0.000000
0.374369 -0.056844 0.268252 0.000000
0.336927 0.173955 0.081774 0.000000
0.588019 -1.254311 0.127665 1.000000
0.357863 -0.466645 0.246105 0.000000
0.224711 -0.126313 0.396137 0.000000
0.340043 -0.734350 0.215184 0.000000
0.418746 0.173507 0.097658 0.000000
0.392995 0.206622 0.099933 0.000000
0.317457 0.020272 0.153510 0.000000
0.268502 -1.062685 0.272620 0.000000
0.428842 -0.128905 0.252616 0.000000
0.342515 -0.616868 0.190653 0.000000
0.336580 -0.559619 0.207913 0.000000
0.396054 -0.794837 0.404043 0.000000
0.383535 0.027539 0.265143 0.000000
0.141471 -0.321130 0.168082 0.000000
0.238597 -0.160157 0.166760 0.000000
0.381068 0.277674 0.117516 0.000000
0.426514 0.098872 0.199535 0.000000
0.395697 0.063402 0.232261 0.000000
0.263933 0.033235 0.298273 0.000000
0.402237 0.221976 0.172087 0.000000
0.300641 -1.147017 0.236728 0.000000
0.418478 -0.007161 0.298355 0.000000
0.404766 0.224205 0.203273 0.000000
0.417617 0.246257 0.125211 0.000000
0.354457 0.393968 0.154771 0.000000
0.435501 0.057092 0.076592 0.000000
0.323673 -0.970216 0.233060 0.000000
0.407631 -0.180853 0.279079 0.000000
0.519919 -0.265408 0.184589 0.000000
0.425135 0.147743 0.128992 0.000000
0.307730 -0.940628 0.235936 0.000000
0.337703 0.206425 0.228113 0.000000
0.454695 0.007385 0.188006 0.000000
0.388042 0.423960 0.131944 0.000000
0.521676 -0.186792 0.139097 0.000000
0.382615 -0.903568 0.486827 0.000000
0.561991 -0.128563 0.119378 0.000000
0.308907 -0.973488 0.204900 0.000000
0.347810 0.225612 0.190046 0.000000
0.304385 0.058326 0.293544 0.000000
0.347166 0.450515 0.141947 0.000000
0.360186 -0.517646 0.271139 0.000000
0.190244 -0.157598 0.444532 0.000000
0.492566 -0.053287 0.108741 0.000000
0.281097 -0.056696 0.142889 0.000000
0.383806 -0.848845 0.428188 0.000000
0.356866 -0.900787 0.208724 1.000000
0.366364 -0.717032 0.355241 0.000000
0.494532 -0.034497 0.378401 0.000000
0.355876 0.272255 0.102730 0.000000
0.345447 -0.419313 0.259807 0.000000
0.283233 0.007507 0.318758 0.000000
0.349445 0.093949 0.168319 0.000000
0.402755 0.165290 0.215832 0.000000
0.456392 -0.024554 0.341263 0.000000
0.334186 -0.374979 0.245279 0.000000
0.438010 0.070261 0.119993 0.000000
0.376643 -0.600458 0.322106 0.000000
0.487629 0.011381 0.132290 0.000000
0.369906 -0.046200 -0.032859 0.000000
0.412997 0.169028 0.183905 0.000000
0.266696 -1.087940 0.238748 0.000000
0.521738 -0.096601 0.123562 0.000000
0.385190 -0.004431 -0.000951 0.000000
0.318647 -1.099123 0.236619 0.000000
0.060445 -0.417793 0.161119 0.000000
0.258332 -0.099272 0.179495 0.000000
0.262711 -0.037051 0.346743 0.000000
0.324343 -0.373876 0.190150 0.000000
0.485931 -1.119366 0.155345 1.000000
0.325760 -0.321830 0.188901 0.000000
0.330551 0.284425 0.101708 0.000000
0.296033 -1.061254 0.219395 0.000000
0.326074 0.112551 0.263333 0.000000
-0.025046 -0.480843 0.164270 0.000000
0.327524 0.176917 0.116734 0.000000
0.330775 0.159889 0.161824 0.000000
0.182795 -0.207559 0.146399 0.000000
0.406158 0.311969 0.158167 0.000000
0.390700 0.310139 0.184531 0.000000
0.017570 -0.455368 0.148936 0.000000
0.442565 -0.077343 0.234498 0.000000
0.535046 -1.216593 0.134008 1.000000
0.331442 0.264378 0.163830 0.000000
0.094897 -0.332374 0.175227 0.000000
0.360741 -0.668273 0.328827 0.000000
0.208553 -0.091221 0.387032 0.000000
0.339942 0.325170 0.106143 0.000000
0.371867 0.413767 0.113150 0.000000
0.397621 0.262175 0.165435 0.000000
0.387219 -0.951293 0.189899 1.000000
0.127095 -0.287422 0.167527 0.000000
0.488129 -0.038090 0.156314 0.000000
0.333776 0.210780 0.170684 0.000000
0.378297 -0.942343 0.229211 1.000000
0.334184 0.114794 0.173486 0.000000
0.278871 -0.978239 0.240084 0.000000
0.572281 -1.225748 0.140849 1.000000
0.418129 0.198289 0.106290 0.000000
0.403492 0.276864 0.190377 0.000000
0.026374 -0.419528 0.174480 0.000000
0.397318 -0.946937 0.544509 0.000000
0.337116 0.130603 0.140676 0.000000
0.370696 0.362262 0.117939 0.000000
0.505723 -0.168050 0.154477 0.000000
0.061412 -0.379360 0.176142 0.000000
0.276890 -0.131633 -0.006125 0.000000
0.305719 -0.064405 0.025832 0.000000
0.385319 0.344959 0.150364 0.000000
0.346192 -0.343882 0.214253 0.000000
0.309586 -1.013571 0.216312 0.000000
0.330719 0.065486 0.174716 0.000000
0.388866 -0.734837 0.374235 0.000000
0.527784 -1.134742 0.162965 1.000000
0.253723 -0.108487 0.154401 0.000000
0.337824 0.409064 0.138823 0.000000
0.288595 -0.110670 0.006277 0.000000
0.364670 -0.623342 0.316269 0.000000
0.338828 -0.544748 0.184133 0.000000
0.374690 -0.647083 0.339626 0.000000
0.336249 0.282627 0.194252 0.000000
0.419351 -0.962546 0.582792 0.000000
0.583303 -1.298917 0.120914 1.000000
0.315237 -0.918875 0.202391 0.000000
0.353635 -0.470752 0.271963 0.000000
0.507880 -0.068241 0.133610 0.000000
0.399560 0.116907 0.219345 0.000000
0.294859 0.082157 0.253723 0.000000
0.438084 0.047178 0.201214 0.000000
0.397307 0.387393 0.127839 0.000000
0.436424 -1.009178 0.204447 1.000000
0.335826 -0.602665 0.210036 0.000000
0.331647 0.153887 0.232578 0.000000
0.196936 -0.135004 0.420433 0.000000
0.335537 -0.807252 0.200452 0.000000
0.325127 -1.044396 0.228901 0.000000
0.399279 0.008269 0.264786 0.000000
0.309507 0.021366 0.185619 0.000000
0.482907 0.035310 0.127414 0.000000
0.361135 -0.914251 0.177789 1.000000
0.311897 -0.911114 0.246751 0.000000
0.517376 -0.118832 0.135514 0.000000
0.281974 0.048858 0.288458 0.000000
0.297561 -1.106174 0.222506 0.000000
0.405850 -0.921113 0.479891 0.000000
0.366324 0.465503 0.118517 0.000000
0.210048 -0.206737 0.160705 0.000000
0.429897 -0.998850 0.165895 1.000000
0.230593 -0.047857 0.356325 0.000000
0.353544 0.304374 0.168181 0.000000
0.345854 -0.877439 0.203475 1.000000
0.432647 0.136654 0.172742 0.000000
0.444073 0.011246 0.086311 0.000000
0.349964 0.240916 0.105592 0.000000
0.302314 0.006214 0.166751 0.000000
0.297908 -0.957514 0.220854 0.000000
0.144109 -0.269282 0.161838 0.000000
0.323174 -0.196060 0.184785 0.000000
0.185890 -0.266275 0.564376 0.000000
0.325398 -0.714459 0.205764 0.000000
0.401348 0.121184 0.059908 0.000000
0.324338 -0.023391 0.178440 0.000000
0.342699 0.129769 0.084451 0.000000
0.293295 -1.015482 0.236428 0.000000
0.399629 0.328690 0.119684 0.000000
0.339721 -0.453201 0.202265 0.000000
0.396729 0.260331 0.111322 0.000000
0.377113 0.477653 0.151193 0.000000
0.272952 -1.017826 0.252034 0.000000
0.336757 0.076042 0.071279 0.000000
0.265514 -1.117686 0.269680 0.000000
0.488524 -1.097321 0.173981 1.000000
0.270205 -0.064973 0.169235 0.000000
0.263915 -1.120731 0.241809 0.000000
0.397584 -0.877298 0.449211 0.000000
0.538592 -1.165229 0.157502 1.000000
0.444894 -1.044107 0.185306 1.000000
0.310788 -0.037640 0.037757 0.000000
-0.065619 -0.536101 0.124150 0.000000
0.238345 -0.077210 0.368250 0.000000
0.347753 -0.756446 0.210932 0.000000
0.395467 0.042580 0.013287 0.000000
0.327073 -0.106488 0.193691 0.000000
0.325294 -0.872602 0.214554 0.000000
0.320713 -0.237784 0.190383 0.000000
0.177536 -0.239495 0.158687 0.000000
0.467364 -1.075266 0.176018 1.000000
0.121830 -0.333895 0.167695 0.000000
0.291033 -0.027875 0.155311 0.000000
0.464406 0.110888 0.124468 0.000000
0.243551 -0.010765 0.328917 0.000000
0.330772 0.020820 0.174040 0.000000
0.425566 0.120149 0.188042 0.000000
0.374990 0.431676 0.149651 0.000000
0.460580 -0.031708 0.074468 0.000000
0.401879 0.155133 0.077877 0.000000
0.381263 0.309848 0.116687 0.000000
0.378776 0.384191 0.147065 0.000000
0.214214 -0.195974 -0.023214 0.000000
0.326265 -0.066332 0.186864 0.000000
0.332667 -0.512898 0.182414 0.000000
0.291407 -1.039372 0.239444 0.000000
0.246395 -0.172915 -0.005238 0.000000
0.379677 -0.777826 0.392477 0.000000
0.397999 0.079482 0.037143 0.000000
0.238620 -0.141033 0.152562 0.000000
0.438325 0.087614 0.174254 0.000000
0.347638 0.164189 0.120822 0.000000
0.298661 -1.078897 0.234176 0.000000
0.321286 -0.155818 0.186779 0.000000
0.394257 0.481010 0.118489 0.000000
0.292540 -0.075593 0.040816 0.000000
0.319933 0.199939 0.112517 0.000000
0.219908 -0.176822 0.153303 0.000000
0.512450 -0.088370 0.143262 0.000000
0.533783 -1.193266 0.134980 1.000000
0.426694 0.194186 0.127822 0.000000
0.452781 -1.032060 0.162497 1.000000
0.094928 -0.245444 -0.049661 0.000000
0.324220 -0.627984 0.197790 0.000000
0.338914 0.185085 0.217589 0.000000
0.439211 -0.002677 0.200734 0.000000
0.455184 0.022051 0.118983 0.000000
0.381273 -0.895025 0.466055 0.000000
0.642865 -0.172459 0.094605 0.000000
0.323810 0.122243 0.071423 0.000000
0.471025 -0.060434 0.066389 0.000000
0.014977 -0.437981 0.168830 0.000000
0.340277 0.304153 0.098161 0.000000
0.320937 -0.016682 0.042480 0.000000
0.341408 -0.566634 0.187178 0.000000
0.325986 0.042610 0.061955 0.000000
0.401553 -0.971176 0.184502 1.000000
0.337588 -0.449205 0.179426 0.000000
0.185445 -0.179079 0.468395 0.000000
0.216914 -0.143191 0.408073 0.000000
0.341224 0.197857 0.082038 0.000000
0.300857 -0.934774 0.213624 0.000000
0.173542 -0.206260 -0.038694 0.000000
0.369013 0.059186 0.201928 0.000000
0.402601 0.199731 0.178861 0.000000
0.358192 -0.411951 0.224990 0.000000
0.348120 -0.447087 0.247966 0.000000
0.336317 -0.415971 0.199742 0.000000
0.403811 0.307377 0.125190 0.000000
0.348082 0.364566 0.114852 0.000000
0.270858 -1.079831 0.258579 0.000000
0.269732 -1.048580 0.256052 0.000000
0.134433 -0.225279 -0.044529 0.000000
0.338229 -0.276641 0.200452 0.000000
0.340328 -0.839716 0.224112 0.000000
0.328690 -0.835426 0.203761 0.000000
0.436815 -0.032646 0.214879 0.000000
0.361223 -0.552202 0.288100 0.000000
0.327914 -0.784887 0.199887 0.000000
0.445127 0.155637 0.127263 0.000000
0.482114 -1.074495 0.158171 1.000000
0.604969 -0.153429 0.110434 0.000000
0.375994 0.043098 0.222363 0.000000
0.456874 0.074341 0.136368 0.000000
0.503409 -1.137300 0.174709 1.000000
0.326943 -0.692849 0.207857 0.000000
0.319997 0.088792 0.067058 0.000000
0.292235 -1.149117 0.216840 0.000000
0.367974 -0.588326 0.306765 0.000000
0.307529 -1.055817 0.236585 0.000000
0.385788 0.300804 0.153860 0.000000
-0.050071 -0.518350 0.130763 0.000000
0.342768 0.217183 0.209039 0.000000
0.287347 -0.935365 0.232646 0.000000
0.334004 -0.477762 0.204525 0.000000
0.434746 0.087904 0.080905 0.000000
0.192503 -0.219504 0.494920 0.000000
0.311567 -1.000205 0.232666 0.000000
0.449586 0.054769 0.184563 0.000000
0.443889 -0.025665 0.061885 0.000000
0.566374 -1.252512 0.128672 1.000000
0.421058 0.213006 0.166863 0.000000
0.382433 0.450915 0.129067 0.000000
0.271284 -1.067618 0.237066 0.000000
0.373182 -0.865529 0.434910 0.000000
0.345378 -0.682119 0.204530 0.000000
0.422497 -0.001765 0.320187 0.000000
0.433648 0.064780 0.211539 0.000000
0.164473 -0.271543 0.165699 0.000000
0.341752 -0.491010 0.187813 0.000000
0.349383 0.245963 0.201564 0.000000
0.324840 -0.653130 0.201284 0.000000
0.440765 0.005067 0.066632 0.000000
0.411251 0.266130 0.125026 0.000000
0.309916 -0.900856 0.218506 0.000000
0.269409 -0.145599 0.007277 0.000000
0.356025 -0.389224 0.223431 0.000000
0.402479 0.387208 0.153087 0.000000
0.333019 -0.359249 0.202293 0.000000
0.337886 0.155557 0.091099 0.000000
0.343357 0.349130 0.157060 0.000000
0.492280 -0.021791 0.137099 0.000000
0.393809 -0.933874 0.523382 0.000000
0.298672 -0.881818 0.220655 0.000000
0.339673 -0.363272 0.226753 0.000000
0.532461 -0.038150 0.409449 0.000000
0.429774 -0.975376 0.594925 0.000000
0.324976 0.121189 0.244804 0.000000
0.256652 -0.091893 0.138735 0.000000
-0.023622 -0.490766 0.135241 0.000000
0.427222 0.137135 0.089592 0.000000
0.348485 0.279467 0.178287 0.000000
0.336714 0.216875 0.101777 0.000000
0.303167 0.002102 0.054289 0.000000
0.193485 -0.242273 0.529728 0.000000
0.528434 -0.144390 0.162363 0.000000
0.063318 -0.398618 0.167004 0.000000
0.463494 -1.057042 0.184050 1.000000
0.540348 -1.185001 0.153819 1.000000
0.363251 -0.512678 0.290693 0.000000
0.195236 -0.198216 0.466034 0.000000
0.446930 0.118748 0.130792 0.000000
0.306838 -0.996768 0.205548 0.000000
0.213164 -0.109844 0.395627 0.000000
0.325532 -0.939306 0.224722 0.000000
-0.007282 -0.469761 0.160398 0.000000
0.354673 -0.422430 0.242258 0.000000
0.406623 -0.941510 0.496530 0.000000
0.385656 0.403656 0.128095 0.000000
0.400067 0.242119 0.167884 0.000000
0.463209 0.043329 0.144491 0.000000
0.278868 -1.010760 0.269747 0.000000
0.388615 0.295248 0.129575 0.000000
0.529151 -0.203373 0.130896 0.000000
0.329187 -0.334384 0.218165 0.000000
0.387679 -0.694343 0.355817 0.000000
0.503381 -1.126496 0.149209 1.000000
-0.074414 -0.544609 0.140330 0.000000
0.328238 -0.893494 0.218412 0.000000
0.323877 -0.854807 0.231453 0.000000
0.326343 -0.740556 0.202479 0.000000
0.305421 -0.921934 0.229520 0.000000
0.438392 0.022680 0.194307 0.000000
0.436469 0.033165 0.087633 0.000000
0.385964 0.362039 0.140896 0.000000
0.336843 0.382498 0.158416 0.000000
0.285226 -0.108878 0.025360 0.000000
0.409031 0.204466 0.125829 0.000000
0.385809 0.017331 0.247854 0.000000
0.278721 0.021397 0.304396 0.000000
0.340473 -0.430387 0.183014 0.000000
0.426704 -1.012145 0.187499 1.000000
0.342254 -0.661480 0.200151 0.000000
0.336777 0.310950 0.161150 0.000000
0.375951 0.036600 0.249893 0.000000
0.349544 0.397702 0.128211 0.000000
0.503968 -0.230529 -0.041581 0.000000
0.326664 -0.545431 0.199502 0.000000
0.402729 0.223966 0.109042 0.000000
0.384238 -0.815551 0.410073 0.000000
0.248146 -0.165235 -0.022774 0.000000
0.255997 -1.019172 0.243158 0.000000
0.335654 -0.583486 0.210239 0.000000
0.390020 -0.957517 0.229976 1.000000
0.326946 0.039435 0.159336 0.000000
0.319653 -0.306226 0.198132 0.000000
0.585651 -1.274609 0.122818 1.000000
0.609189 -1.301273 0.116550 1.000000
0.482421 -0.089093 0.057901 0.000000
0.337796 -0.261847 0.184246 0.000000
0.463447 -0.097640 0.054839 0.000000
0.322739 -0.341172 0.195041 0.000000
0.344946 -0.598153 0.192859 0.000000
-0.054795 -0.511843 0.150760 0.000000
0.344384 -0.825443 0.207560 0.000000
0.436241 0.089292 0.122587 0.000000
0.507954 -0.173394 0.006606 0.000000
0.352212 -0.897311 0.227142 1.000000
0.365090 -0.919957 0.218369 1.000000
0.333767 -0.386699 0.200313 0.000000
0.498749 -0.051595 0.147844 0.000000
0.509960 -0.199357 -0.020607 0.000000
0.296969 -0.979080 0.232155 0.000000
0.422600 0.096346 0.093382 0.000000
0.408383 0.000174 0.283986 0.000000
0.520552 -1.160902 0.160537 1.000000
0.327646 0.128488 0.162461 0.000000
0.523296 -0.126293 0.156474 0.000000
0.202830 -0.169462 0.437033 0.000000
0.317868 -0.984187 0.221153 0.000000
0.429124 -0.069463 0.224110 0.000000
0.254465 -0.025518 0.334526 0.000000
0.356455 0.424280 0.117097 0.000000
0.455945 -0.040462 0.185626 0.000000
0.338743 -0.308472 0.199249 0.000000
0.386378 -0.948180 0.212699 1.000000
0.343058 -0.720783 0.200366 0.000000
0.361170 -0.532527 0.282321 0.000000
0.391479 0.422919 0.153413 0.000000
0.304848 0.070494 0.279477 0.000000
0.325777 0.023649 0.057578 0.000000
0.502651 -0.259673 -0.064632 0.000000
0.428217 0.167302 0.122028 0.000000
0.356467 -0.482369 0.255881 0.000000
0.477237 -0.097932 0.182982 0.000000
0.356652 0.439984 0.153895 0.000000
0.276948 -0.997612 0.237930 0.000000
0.409755 -0.961853 0.566907 0.000000
0.362701 -0.913554 0.196232 1.000000
0.526013 -0.187377 0.157927 0.000000
0.291038 -0.954389 0.244053 0.000000
0.281210 -1.110462 0.253136 0.000000
0.404293 0.174209 0.109060 0.000000
0.298491 -0.011858 0.164624 0.000000
0.340240 -0.770882 0.202232 0.000000
0.087408 -0.369801 0.169743 0.000000
0.432001 0.053412 0.094254 0.000000
0.137604 -0.302471 0.168053 0.000000
0.456156 0.059367 0.115648 0.000000
0.352908 0.255830 0.095123 0.000000
0.383397 -0.832923 0.419176 0.000000
0.435723 0.132781 0.127298 0.000000
0.337933 0.114704 0.154324 0.000000
0.330409 0.239741 0.107838 0.000000
0.445080 0.002828 0.217431 0.000000
0.423253 -0.973996 0.565217 0.000000
0.340867 -0.624642 0.207055 0.000000
0.496331 -0.067858 0.119538 0.000000
0.324184 -0.417603 0.186283 0.000000
0.390825 -0.863456 0.438787 0.000000
0.308435 -1.037393 0.226900 0.000000
0.524448 -0.159485 0.149864 0.000000
0.386226 0.327021 0.152879 0.000000
0.367428 -0.681096 0.339702 0.000000
0.320627 -0.841961 0.219147 0.000000
0.434990 -0.991776 0.600462 0.000000
-0.039371 -0.493928 0.155838 0.000000
0.339488 -0.864443 0.222160 0.000000
0.329635 0.367167 0.122617 0.000000
0.322876 -0.270630 0.192916 0.000000
0.368921 -0.559634 0.302565 0.000000
0.323862 0.270034 0.110652 0.000000
0.043486 -0.417987 0.167054 0.000000
0.484051 -1.080211 0.180403 1.000000
0.209456 -0.126827 0.407496 0.000000
0.405060 0.146756 0.214484 0.000000
0.286618 -0.093449 0.034715 0.000000
0.335789 -0.405763 0.251591 0.000000
0.354297 0.068930 0.204684 0.000000
0.492087 -0.118261 0.042658 0.000000
0.620963 -1.332959 0.116002 1.000000
0.296319 -0.898906 0.231461 0.000000
0.530793 -0.221220 0.170034 0.000000
0.344559 0.296619 0.181790 0.000000
0.288152 -1.081748 0.254870 0.000000
0.323012 -0.524070 0.192418 0.000000
0.297191 -1.047709 0.205924 0.000000
0.377444 0.414830 0.144585 0.000000
0.340110 -0.806862 0.219409 0.000000
0.394936 0.353590 0.168050 0.000000
0.421367 -0.999987 0.202520 1.000000
0.388887 0.164772 0.070616 0.000000
0.246307 -0.043716 0.346112 0.000000
0.254986 -0.114461 0.171006 0.000000
0.374442 -0.939678 0.186064 1.000000
0.398432 0.080125 0.237310 0.000000
0.392714 -0.910467 0.474082 0.000000
0.424168 0.152251 0.178759 0.000000
0.490868 -1.137140 0.157169 1.000000
-0.096648 -0.564948 0.129215 0.000000
0.358767 0.288121 0.115624 0.000000
0.341502 -0.382244 0.231065 0.000000
0.475217 0.023534 0.138184 0.000000
-0.125048 -0.584527 0.122432 0.000000
0.403753 0.240375 0.115102 0.000000
0.284328 -0.968583 0.226085 0.000000
0.338572 0.259895 0.202502 0.000000
0.449105 -1.026410 0.185205 1.000000
0.169405 -0.255557 0.160626 0.000000
0.331761 0.058643 0.065790 0.000000
0.378581 0.326983 0.118613 0.000000
0.337415 -0.199513 0.194212 0.000000
0.323323 -0.473476 0.191081 0.000000
0.462453 -0.065353 0.184709 0.000000
0.293996 -0.035492 0.050516 0.000000
0.343076 0.179817 0.109483 0.000000
0.374535 -0.730680 0.365304 0.000000
0.379567 -0.798585 0.400121 0.000000
0.408625 0.006073 0.303721 0.000000
0.404004 0.334644 0.157829 0.000000
0.349442 0.259906 0.113071 0.000000
0.292505 -1.016003 0.218058 0.000000
0.380717 -0.009749 0.252461 0.000000
0.367052 -0.062191 0.283024 0.000000
0.396240 0.211855 0.212431 0.000000
0.195921 -0.149119 0.430568 0.000000
0.425403 0.174844 0.171467 0.000000
0.413752 -0.955684 0.535398 0.000000
0.389948 0.265556 0.126318 0.000000
0.494164 -0.129001 0.175413 0.000000
0.385367 0.375716 0.123516 0.000000
0.488917 -0.004937 0.138551 0.000000
0.329013 -0.604974 0.194388 0.000000
0.332386 0.080624 0.182703 0.000000
0.311329 0.094481 0.260120 0.000000
0.435560 0.081582 0.208676 0.000000
0.327454 -0.571912 0.200193 0.000000
0.367781 -0.639669 0.325796 0.000000
0.510610 -1.161026 0.146577 1.000000
0.308066 -1.092478 0.224888 0.000000
0.259881 -0.004944 0.325221 0.000000
0.329165 0.139544 0.241558 0.000000
0.419367 0.156404 0.097284 0.000000
0.308744 0.051576 0.058682 0.000000
0.353551 0.128713 0.136512 0.000000
0.396535 0.201365 0.084102 0.000000
0.427196 -0.086000 0.229862 0.000000
0.360900 -0.524613 0.255599 0.000000
0.369214 -0.040152 0.262396 0.000000
0.378388 0.470366 0.129448 0.000000
0.270112 -0.083290 0.172276 0.000000
0.339955 -0.332986 0.192192 0.000000
0.458500 -0.009384 0.193142 0.000000
0.337909 -0.511572 0.205134 0.000000
0.417335 -1.009760 0.173582 1.000000
0.389169 -0.654986 0.343451 0.000000
0.308771 0.017871 0.056625 0.000000
0.385962 0.008661 0.009703 0.000000
0.476936 -0.009224 0.107233 0.000000
0.349588 0.455000 0.158038 0.000000
0.356563 0.078863 0.170861 0.000000
0.485718 -1.094706 0.153605 1.000000
0.512914 -0.087626 0.160102 0.000000
0.358665 -0.590266 0.290525 0.000000
0.433438 -0.006274 0.335211 0.000000
0.338763 -0.645194 0.191532 0.000000
0.352031 -0.628754 0.306606 0.000000
0.381759 -0.011103 -0.015980 0.000000
0.348801 0.244608 0.181733 0.000000
0.293808 -0.911162 0.220155 0.000000
0.183865 -0.214541 0.511795 0.000000
0.547848 -0.117553 0.122312 0.000000
0.416057 -0.139617 0.254017 0.000000
0.210005 -0.173554 0.140217 0.000000
0.309339 -1.073954 0.222279 0.000000
0.403824 0.240491 0.199576 0.000000
0.290452 -0.029600 0.173030 0.000000
0.316160 0.027144 0.168683 0.000000
0.323350 -0.856511 0.206147 0.000000
0.432475 0.100024 0.183767 0.000000
0.340022 -0.770811 0.218923 0.000000
0.327003 -0.455458 0.190708 0.000000
0.495088 -0.149274 0.028776 0.000000
0.318972 -0.039074 0.180332 0.000000
0.228115 -0.162062 0.152823 0.000000
0.298424 -1.132757 0.228361 0.000000
0.322444 -0.966412 0.216887 0.000000
0.555215 -1.224355 0.139161 1.000000
0.283759 -0.043064 0.152790 0.000000
0.335970 0.248532 0.169884 0.000000
0.315417 -1.084070 0.242779 0.000000
0.342352 -0.743496 0.199548 0.000000
0.092340 -0.348636 0.173684 0.000000
0.461597 -0.015412 0.354356 0.000000
0.408777 -0.887303 0.456778 0.000000
0.344032 0.141596 0.130491 0.000000
0.329769 -0.290635 0.202588 0.000000
0.232213 -0.175797 0.166550 0.000000
0.332787 0.393644 0.134212 0.000000
0.260084 -1.051643 0.236850 0.000000
0.402482 -0.807267 0.414243 0.000000
0.464292 0.088122 0.128094 0.000000
0.314744 -1.139810 0.241129 0.000000
0.358525 -0.736385 0.356020 0.000000
0.329121 0.040437 0.182062 0.000000
0.320623 -0.103622 0.178863 0.000000
0.439642 0.067936 0.176013 0.000000
0.438808 0.071084 0.084471 0.000000
0.359731 0.099730 0.156265 0.000000
0.334440 -0.146188 0.185100 0.000000
0.417017 0.228836 0.166086 0.000000
0.292307 -0.984965 0.250865 0.000000
0.489107 -0.037341 0.108677 0.000000
0.245793 -0.124639 0.153404 0.000000
0.424776 -0.115853 0.243779 0.000000
0.420191 0.132617 0.122452 0.000000
0.279019 -1.050553 0.240283 0.000000
0.004285 -0.469493 0.146185 0.000000
0.388272 0.113896 0.053573 0.000000
0.359628 -0.453275 0.237035 0.000000
0.440164 0.105030 0.123540 0.000000
0.333344 -0.228717 0.199389 0.000000
0.467367 -0.031574 0.350946 0.000000
0.354071 -0.457273 0.259228 0.000000
0.427749 -0.014278 0.309542 0.000000
0.296423 -1.111860 0.238622 0.000000
0.237687 -0.062436 0.361811 0.000000
0.272620 -1.138423 0.251375 0.000000
0.227691 -0.110966 0.388751 0.000000
0.437576 0.167357 0.135336 0.000000
0.475023 0.007071 0.141314 0.000000
0.346483 0.171084 0.094398 0.000000
0.197825 -0.201938 0.150594 0.000000
0.417397 0.126629 0.096668 0.000000
0.323675 -0.882013 0.231753 0.000000
0.402676 0.299598 0.183520 0.000000
0.393923 0.304793 0.167652 0.000000
0.439635 -0.018988 0.207021 0.000000
0.313648 -1.115289 0.237296 0.000000
0.184852 -0.221276 0.154258 0.000000
0.343197 -0.581154 0.196409 0.000000
0.336019 0.163299 0.246730 0.000000
0.376137 0.347968 0.113560 0.000000
0.226145 -0.190031 -0.014533 0.000000
0.394634 0.048084 0.238223 0.000000
0.479325 -0.128185 0.044349 0.000000
0.400167 0.171088 0.087364 0.000000
0.433828 -1.025379 0.192489 1.000000
0.388097 0.030540 0.020455 0.000000
0.530763 -0.251952 0.179259 0.000000
0.404943 -0.194933 0.287268 0.000000
0.349501 0.466159 0.141689 0.000000
0.326948 -0.363178 0.236584 0.000000
0.273049 -1.021009 0.236555 0.000000
0.271901 -1.064110 0.254256 0.000000
0.359838 -0.501927 0.272448 0.000000
0.388651 -0.639326 0.338805 0.000000
0.186552 -0.249656 0.166710 0.000000
0.332005 0.225881 0.166234 0.000000
0.189849 -0.171719 0.453409 0.000000
0.517307 -1.145377 0.167956 1.000000
0.373163 0.464412 0.143656 0.000000
0.308884 -0.049008 0.026592 0.000000
0.397243 -0.960611 0.197655 1.000000
0.344728 -0.553635 0.195869 0.000000
0.393537 0.017704 0.275944 0.000000
0.299275 -1.010473 0.204389 0.000000
0.445813 0.018667 0.181073 0.000000
0.457133 -0.062725 0.058676 0.000000
0.395444 0.407574 0.139705 0.000000
0.373693 0.446690 0.145331 0.000000
0.563345 -0.048132 0.436567 0.000000
0.375694 -0.615812 0.324787 0.000000
0.308372 -0.970659 0.222126 0.000000
0.216535 -0.192085 0.158108 0.000000
0.428784 0.085233 0.187036 0.000000
0.351160 -0.886575 0.215885 1.000000
0.326206 0.103994 0.163925 0.000000
0.377138 -0.706003 0.357515 0.000000
0.327514 -0.615576 0.207370 0.000000
0.320613 -0.180702 0.185283 0.000000
0.337442 -0.364371 0.184911 0.000000
0.265877 -0.969701 0.240727 0.000000
0.395401 0.220691 0.093741 0.000000
0.327262 -0.927763 0.214453 0.000000
0.346149 0.407062 0.155309 0.000000
0.312547 0.038055 0.187554 0.000000
0.127343 -0.313937 0.170028 0.000000
0.400252 -0.780503 0.397824 0.000000
0.273910 -0.064890 0.154199 0.000000
-0.021938 -0.483971 0.149444 0.000000
0.184203 -0.235029 0.540208 0.000000
0.337081 -0.379935 0.183823 0.000000
0.415704 -0.169175 0.270404 0.000000
0.390867 -0.916218 0.490082 0.000000
0.223421 -0.086100 0.379126 0.000000
0.347712 0.084534 0.182165 0.000000
0.002989 -0.457492 0.156471 0.000000
0.334588 0.169191 0.224019 0.000000
0.263409 0.020900 0.307457 0.000000
0.511674 -0.092557 0.112652 0.000000
0.327782 -0.820072 0.203936 0.000000
0.341951 0.339967 0.110442 0.000000
0.294365 0.043773 0.297045 0.000000
0.377963 0.434989 0.128388 0.000000
0.349807 -0.434978 0.257260 0.000000
0.343197 0.185895 0.092129 0.000000
0.108181 -0.339630 0.171691 0.000000
0.432674 0.041671 0.070898 0.000000
0.519897 -0.279340 0.192465 0.000000
0.313242 0.119031 0.234234 0.000000
0.210241 -0.220383 0.167597 0.000000
0.446641 -0.012672 0.339407 0.000000
0.337338 0.197464 0.164141 0.000000
0.374973 -0.662302 0.336219 0.000000
0.389843 -0.889426 0.454764 0.000000
0.340182 -0.328483 0.209431 0.000000
0.403758 0.365976 0.149234 0.000000
0.397379 0.080809 0.221526 0.000000
0.301980 -1.025464 0.207497 0.000000
0.379561 0.399187 0.144740 0.000000
0.285952 -1.068301 0.233182 0.000000
0.277130 -1.046956 0.273824 0.000000
0.484347 -0.030789 0.367813 0.000000
0.458913 0.059551 0.139097 0.000000
0.463305 0.033807 0.114055 0.000000
0.469729 -1.097379 0.173678 1.000000
0.336461 -0.159192 0.192520 0.000000
0.343116 0.232323 0.203249 0.000000
0.280088 -0.123186 0.005972 0.000000
0.393445 0.190114 0.093648 0.000000
0.402648 0.276232 0.163559 0.000000
0.334371 -0.243393 0.187537 0.000000
0.294616 -1.076186 0.219806 0.000000
0.340893 0.202337 0.214046 0.000000
0.411139 0.155876 0.190833 0.000000
0.338494 0.278055 0.163861 0.000000
0.346608 0.433736 0.144725 0.000000
0.372687 -0.924515 0.192477 1.000000
0.399510 -0.935476 0.509178 0.000000
0.338277 -0.389194 0.247477 0.000000
0.574893 -1.264408 0.125582 1.000000
0.185617 -0.227369 0.527303 0.000000
0.368779 0.480495 0.117215 0.000000
0.355767 -0.899170 0.193879 1.000000
0.321532 0.106044 0.069801 0.000000
0.401173 0.131717 0.218517 0.000000
0.330646 -0.183826 0.197660 0.000000
0.334626 0.148369 0.170449 0.000000
0.381705 -0.765639 0.384162 0.000000
0.366199 -0.608525 0.310945 0.000000
0.532603 -0.106344 0.120643 0.000000
0.408288 0.186521 0.182660 0.000000
0.414215 0.189772 0.134604 0.000000
0.287430 -1.014691 0.250888 0.000000
0.299520 0.077328 0.267425 0.000000
0.258139 -0.050584 0.351862 0.000000
0.391927 0.341025 0.125711 0.000000
0.517010 -0.105109 0.141108 0.000000
0.571172 -1.238888 0.134103 1.000000
0.391729 -0.960171 0.178649 1.000000
0.331097 0.099348 0.177096 0.000000
0.417321 0.231608 0.127262 0.000000
0.407022 -0.950721 0.555012 0.000000
0.373551 -0.028287 -0.025518 0.000000
0.311006 -1.069861 0.239657 0.000000
0.515041 -0.178244 0.149220 0.000000
0.332274 0.158911 0.077856 0.000000
0.281811 -1.030646 0.246444 0.000000
0.417638 0.109078 0.098896 0.000000
0.253650 -0.108688 0.139675 0.000000
0.498424 -1.125263 0.163019 1.000000
0.539198 -1.204352 0.143674 1.000000
0.260143 -0.098037 0.162525 0.000000
0.468436 0.019619 0.113122 0.000000
0.244042 -0.146581 0.168014 0.000000
0.510277 -1.174252 0.152911 1.000000
0.294830 0.053575 0.283215 0.000000
0.334998 0.175437 0.164508 0.000000
0.401963 0.180865 0.214126 0.000000
0.350624 0.378789 0.163062 0.000000
0.406048 0.188680 0.108558 0.000000
0.337707 -0.714282 0.213566 0.000000
0.551818 -1.253117 0.128373 1.000000
0.336803 -0.310327 0.184930 0.000000
0.343954 0.209732 0.089999 0.000000
0.240232 -1.114807 0.248036 0.000000
0.374034 -0.060133 -0.032458 0.000000
0.308130 -1.014326 0.232469 0.000000
0.397444 -0.210585 0.310955 0.000000
0.443671 -0.979753 0.598752 0.000000
0.339060 -0.541677 0.208598 0.000000
0.285222 -1.095247 0.259277 0.000000
0.307734 -0.904127 0.204560 0.000000
0.021985 -0.447248 0.160082 0.000000
0.400865 0.124684 0.231482 0.000000
0.478537 -0.084802 0.189858 0.000000
0.320353 -0.080757 0.182517 0.000000
0.335370 -0.492135 0.206285 0.000000
0.292437 -1.095548 0.231188 0.000000
0.367189 -0.573985 0.302808 0.000000
0.336734 -0.670692 0.209823 0.000000
0.099987 -0.232018 -0.051381 0.000000
0.333931 0.123930 0.257703 0.000000
0.573093 -0.136943 0.115615 0.000000
0.330691 -0.983898 0.227680 0.000000
0.387461 0.285822 0.157271 0.000000
0.436055 0.055249 0.189409 0.000000
0.297208 -1.029295 0.231006 0.000000
0.334737 -0.866636 0.202909 0.000000
0.140959 -0.284369 0.165383 0.000000
0.330151 -0.118492 0.183910 0.000000
0.387361 0.044804 0.028723 0.000000
0.441011 0.011066 0.204411 0.000000
0.268285 0.004648 0.318701 0.000000
0.319595 0.077210 0.174263 0.000000
0.454075 -1.047595 0.174919 1.000000
0.299686 -0.992984 0.235931 0.000000
0.313858 -0.006241 0.049145 0.000000
0.327882 0.330662 0.111427 0.000000
0.297168 -1.046423 0.223146 0.000000
0.370870 0.376174 0.113497 0.000000
0.412692 0.259046 0.162631 0.000000
0.439066 -0.009130 0.066694 0.000000
0.449104 0.078782 0.122564 0.000000
0.376888 0.038469 0.235842 0.000000
0.462605 -0.049272 0.069521 0.000000
0.288817 -0.924608 0.223496 0.000000
0.336172 -0.527096 0.188075 0.000000
0.383134 -0.938308 0.198747 1.000000
0.406688 0.297995 0.160392 0.000000
0.340859 -0.692845 0.196394 0.000000
0.506555 -0.154594 0.162494 0.000000
0.279639 -1.056275 0.263098 0.000000
0.416938 0.127664 0.196314 0.000000
0.370186 0.427376 0.118144 0.000000
0.440223 -1.036561 0.167074 1.000000
0.342627 0.228857 0.106252 0.000000
0.334778 0.270231 0.098792 0.000000
0.341322 -0.420722 0.246445 0.000000
0.376732 -0.586670 0.317628 0.000000
0.268595 -1.086607 0.275089 0.000000
0.277555 -0.055532 0.176601 0.000000
0.335583 0.118708 0.079510 0.000000
0.293062 -0.968737 0.242956 0.000000
0.340175 0.105256 0.164551 0.000000
0.394887 0.277554 0.115061 0.000000
0.322834 -0.355058 0.193047 0.000000
0.296601 -1.100759 0.209602 0.000000
0.387368 0.281296 0.130272 0.000000
0.236177 -0.180249 -0.014002 0.000000
0.317967 0.110814 0.251227 0.000000
0.398669 0.106445 0.229402 0.000000
0.075485 -0.378852 0.171525 0.000000
0.048118 -0.428881 0.159572 0.000000
0.275144 -1.078635 0.244920 0.000000
0.324854 0.164022 0.121486 0.000000
0.460348 -1.075476 0.163912 1.000000
0.378637 -0.040636 -0.021364 0.000000
0.146536 -0.220507 -0.050017 0.000000
0.348881 -0.358438 0.217411 0.000000
0.324490 -0.215623 0.197412 0.000000
0.516602 -0.253617 0.177855 0.000000
0.478639 -1.103765 0.161524 1.000000
0.108283 -0.325193 0.172782 0.000000
0.399164 0.349919 0.155276 0.000000
0.328036 -0.490362 0.185496 0.000000
0.319628 -0.951777 0.222839 0.000000
0.350947 0.361172 0.158310 0.000000
0.332712 -0.753665 0.214023 0.000000
0.324675 -0.053490 0.177597 0.000000
0.425332 0.182338 0.120711 0.000000
0.330614 -0.906914 0.215763 0.000000
0.303062 -0.076477 0.019321 0.000000
0.386081 0.439934 0.150486 0.000000
0.332271 -0.852274 0.218355 0.000000
0.485309 -0.046167 0.118632 0.000000
0.396803 -0.694908 0.366193 0.000000
0.206772 -0.144346 0.417755 0.000000
0.596776 -1.295425 0.118200 1.000000
0.448184 -0.030179 0.222329 0.000000
0.281427 0.034038 0.299545 0.000000
0.338022 -0.757526 0.199535 0.000000
0.198637 -0.215117 0.158201 0.000000
0.323778 -0.168817 0.193075 0.000000
0.331570 0.188952 0.110162 0.000000
0.220592 -0.097900 0.386378 0.000000
0.360596 -0.482331 0.242740 0.000000
0.372612 0.401750 0.120638 0.000000
0.337487 0.190052 0.234050 0.000000
0.478943 -1.084245 0.167356 1.000000
0.492547 -0.034314 0.142791 0.000000
0.402133 -0.927883 0.491810 0.000000
0.473657 0.042876 0.135557 0.000000
0.324542 -0.010346 0.174121 0.000000
0.433116 0.123116 0.175030 0.000000
0.349828 0.488043 0.145414 0.000000
0.440641 0.034498 0.209201 0.000000
0.358391 -0.908382 0.221974 1.000000
0.336201 -0.348910 0.222731 0.000000
0.327325 0.298969 0.103343 0.000000
0.487582 -0.021158 0.376947 0.000000
0.330166 -0.559726 0.194658 0.000000
0.406506 0.255798 0.195771 0.000000
0.387052 0.008953 -0.003899 0.000000
0.307962 -0.907432 0.234221 0.000000
0.297604 -1.068054 0.207692 0.000000
0.578788 -1.285452 0.118236 1.000000
0.393884 0.266704 0.195686 0.000000
0.193036 -0.210004 0.483602 0.000000
0.385627 -0.722800 0.368782 0.000000
0.320620 -1.026150 0.228657 0.000000
0.306781 -0.961127 0.211202 0.000000
0.153817 -0.258498 0.160672 0.000000
0.327756 0.053945 0.181466 0.000000
0.425285 0.069790 0.084513 0.000000
0.328074 0.166423 0.173391 0.000000
0.338979 -0.275402 0.186975 0.000000
0.402215 0.062224 0.024287 0.000000
0.279304 -0.964743 0.241134 0.000000
0.319635 0.283383 0.109642 0.000000
0.356966 -0.681167 0.331123 0.000000
0.299033 -0.921924 0.241444 0.000000
0.441816 -0.064683 0.228948 0.000000
0.230719 -0.150290 0.146702 0.000000
0.329125 -0.635512 0.207871 0.000000
0.348067 -0.400922 0.225811 0.000000
0.398060 -0.947645 0.529784 0.000000
0.305081 0.018497 0.171595 0.000000
0.335764 0.145072 0.082887 0.000000
0.345840 -0.823986 0.220885 0.000000
0.323390 -0.251002 0.190761 0.000000
0.515531 -1.131193 0.167263 1.000000
0.335303 -0.100442 0.184590 0.000000
0.180183 -0.259835 0.554035 0.000000
0.370435 0.051923 0.213869 0.000000
0.599345 -1.310386 0.117528 1.000000
0.351957 -0.905067 0.181251 1.000000
0.118688 -0.300268 0.170574 0.000000
0.334911 -0.505242 0.193222 0.000000
0.334266 -0.444443 0.193139 0.000000
0.027373 -0.432553 0.166543 0.000000
0.348770 0.237564 0.092681 0.000000
0.332031 -0.727960 0.206568 0.000000
0.431392 -1.010534 0.172243 1.000000
0.354745 -0.334420 0.205261 0.000000
0.328739 0.140657 0.134619 0.000000
0.326990 0.210985 0.109882 0.000000
0.312838 -0.864051 0.231174 0.000000
0.389627 0.390809 0.153783 0.000000
0.303480 -0.952704 0.232128 0.000000
0.503936 -0.030971 0.387202 0.000000
0.387711 0.070311 0.036195 0.000000
0.338167 -0.412022 0.185156 0.000000
0.278718 -0.053907 0.160527 0.000000
0.297154 -0.063016 0.037941 0.000000
0.634120 -0.162479 0.093711 0.000000
0.331693 0.314750 0.106436 0.000000
0.427061 -0.973008 0.580004 0.000000
0.355963 -0.350937 0.208707 0.000000
0.437410 0.186271 0.129506 0.000000
0.342101 -0.797834 0.207175 0.000000
0.508872 -0.076485 0.148693 0.000000
-0.078127 -0.536924 0.128440 0.000000
0.446310 0.141429 0.129020 0.000000
0.327420 0.006041 0.172152 0.000000
0.359321 -0.531357 0.269258 0.000000
0.316677 -0.881964 0.218217 0.000000
0.396186 -0.844386 0.429519 0.000000
0.435402 0.147567 0.165798 0.000000
0.384041 0.292905 0.117415 0.000000
0.370028 0.451764 0.122121 0.000000
0.185865 -0.188579 0.477538 0.000000
0.342781 -0.517715 0.194546 0.000000
0.235681 -0.135104 0.141031 0.000000
0.425346 0.134134 0.183403 0.000000
0.326898 -0.594363 0.205092 0.000000
0.355873 0.290377 0.102578 0.000000
0.474833 -1.073117 0.186612 1.000000
0.388434 -0.784274 0.402334 0.000000
0.443313 0.057983 0.118020 0.000000
0.468869 -0.017965 0.113503 0.000000
0.342368 0.308215 0.173877 0.000000
0.612149 -0.163532 0.106137 0.000000
0.391596 0.018671 0.259549 0.000000
0.371951 0.340666 0.124939 0.000000
0.290333 -1.074421 0.244229 0.000000
0.465558 -0.034966 0.192626 0.000000
0.314547 -1.128108 0.234803 0.000000
0.081289 -0.239583 -0.051410 0.000000
0.388397 0.092309 0.045130 0.000000
0.495392 -1.112407 0.167168 1.000000
0.311358 -0.933498 0.225600 0.000000
0.349678 -0.458307 0.272279 0.000000
0.434990 -1.002988 0.215850 1.000000
0.381925 -0.873187 0.443352 0.000000
0.386827 0.330200 0.137422 0.000000
0.438724 0.022129 0.081049 0.000000
0.332056 -0.032883 0.173940 0.000000
0.386631 -0.917395 0.502353 0.000000
0.323993 0.022668 0.185010 0.000000
0.134241 -0.332028 0.171175 0.000000
0.485189 -0.021675 0.148463 0.000000
0.478045 -0.077349 0.061413 0.000000
0.340600 0.293049 0.159165 0.000000
0.340436 -0.631599 0.196076 0.000000
0.403689 0.322699 0.165079 0.000000
0.506631 -0.062718 0.145309 0.000000
0.395600 0.024928 0.243647 0.000000
0.153954 -0.278800 0.163421 0.000000
0.298846 -1.065256 0.234678 0.000000
0.405727 0.252812 0.118186 0.000000
0.454864 0.108924 0.133730 0.000000
0.333933 -0.704255 0.206267 0.000000
0.391747 0.312105 0.124894 0.000000
0.526930 -1.171214 0.153986 1.000000
0.421231 0.206445 0.121753 0.000000
0.399083 0.154719 0.222747 0.000000
0.320918 -1.087658 0.231102 0.000000
0.357342 -0.492717 0.263563 0.000000
0.327795 -0.388525 0.188633 0.000000
0.304879 -0.945384 0.207464 0.000000
0.336031 0.150658 0.249339 0.000000
0.317852 -0.913605 0.215574 0.000000
0.528858 -1.185510 0.145594 1.000000
0.366141 -0.543025 0.297905 0.000000
0.351735 -0.890346 0.203174 1.000000
-0.029782 -0.494574 0.145893 0.000000
-0.062079 -0.526452 0.133721 0.000000
0.339881 -0.837523 0.209765 0.000000
0.335589 0.133803 0.171075 0.000000
0.403923 -0.970434 0.205205 1.000000
0.385416 -0.018084 -0.005823 0.000000
0.180332 -0.270820 0.575290 0.000000
0.184237 -0.209996 -0.032242 0.000000
0.393149 -0.948133 0.174415 1.000000
0.440026 0.078874 0.183941 0.000000
0.344025 0.273553 0.188758 0.000000
0.051753 -0.408327 0.168715 0.000000
0.441236 0.037314 0.193655 0.000000
0.409452 0.163644 0.103955 0.000000
0.399856 0.396044 0.143129 0.000000
0.451297 -1.066877 0.174484 1.000000
0.399252 0.135376 0.066645 0.000000
0.442830 -0.990936 0.613004 0.000000
0.447508 -0.023275 0.332140 0.000000
0.338027 0.248201 0.207652 0.000000
0.310559 -0.025890 0.042800 0.000000
0.327157 -0.686564 0.196008 0.000000
0.353176 -0.435809 0.244681 0.000000
0.262051 -0.155763 0.004840 0.000000
0.339686 -0.783436 0.204651 0.000000
-0.051123 -0.507989 0.139146 0.000000
0.322243 0.128269 0.174296 0.000000
0.265997 -1.035802 0.250967 0.000000
0.344278 0.120942 0.144948 0.000000
0.328738 0.156623 0.220460 0.000000
0.389014 0.130052 0.059404 0.000000
0.351337 0.384464 0.122002 0.000000
0.286606 -1.068094 0.258264 0.000000
-0.085532 -0.550674 0.138888 0.000000
0.185027 -0.204951 0.498267 0.000000
0.300213 -0.977751 0.215380 0.000000
0.343834 0.320157 0.166422 0.000000
0.310509 0.010478 0.157767 0.000000
-0.042383 -0.508017 0.152355 0.000000
0.505837 -0.077294 0.120223 0.000000
0.303240 0.000248 0.155567 0.000000
0.332081 -0.163695 0.180681 0.000000
0.327820 -0.799229 0.206544 0.000000
0.395037 0.248360 0.107475 0.000000
0.245256 -0.134267 0.161641 0.000000
0.371461 -0.047434 0.276230 0.000000
0.472946 -1.080984 0.152299 1.000000
0.296656 -1.052399 0.242441 0.000000
0.221596 -0.187064 -0.029587 0.000000
0.285619 -0.941310 0.221606 0.000000
0.334613 -0.341283 0.200100 0.000000
0.377949 -0.939074 0.215132 1.000000
0.315069 -0.918648 0.236979 0.000000
0.425009 -0.997062 0.177394 1.000000
0.334866 -0.480431 0.191500 0.000000
0.229785 -0.068147 0.370700 0.000000
0.301185 -1.004192 0.215577 0.000000
0.096195 -0.359889 0.169324 0.000000
0.277850 -1.010414 0.241416 0.000000
0.221185 -0.201773 0.165684 0.000000
0.335413 -0.432315 0.200974 0.000000
0.333912 -0.399791 0.198292 0.000000
0.257792 -0.097288 0.150046 0.000000
0.330957 -0.243845 0.201870 0.000000
0.409712 0.211874 0.172446 0.000000
0.372406 -0.627991 0.325358 0.000000
0.382055 0.367053 0.151736 0.000000
0.471919 -0.074137 0.189245 0.000000
0.393102 -0.899101 0.468759 0.000000
0.334661 -0.230391 0.184863 0.000000
0.339238 -0.693315 0.210329 0.000000
0.329717 -0.335147 0.185283 0.000000
0.341458 -0.538309 0.194562 0.000000
0.364311 0.352296 0.113903 0.000000
0.369005 -0.783437 0.388442 0.000000
0.334163 -0.372122 0.197676 0.000000
0.297326 -0.909761 0.243709 0.000000
0.303374 -0.052135 0.037351 0.000000
0.346633 -0.379767 0.219957 0.000000
0.423592 -1.012037 0.200142 1.000000
0.202614 -0.194905 -0.028294 0.000000
0.274574 -1.092542 0.247204 0.000000
0.384465 0.468002 0.148476 0.000000
0.340364 -0.456109 0.190199 0.000000
0.334828 -0.317545 0.206964 0.000000
0.401511 0.008307 0.277510 0.000000
0.435952 -0.110689 0.245424 0.000000
0.441979 0.051228 0.175411 0.000000
0.322369 0.149804 0.171684 0.000000
0.164082 -0.237588 0.154511 0.000000
0.582508 -0.050448 0.445502 0.000000
0.554194 -1.211242 0.142886 1.000000
0.368979 -0.518133 0.301017 0.000000
0.367023 0.050301 0.228259 0.000000
0.343921 0.421594 0.148074 0.000000
0.311030 -0.899089 0.243939 0.000000
0.322308 -1.154165 0.245352 0.000000
0.337180 -0.321364 0.195432 0.000000
0.396996 0.378072 0.146800 0.000000
0.338551 -0.814736 0.210030 0.000000
0.482649 -0.020151 0.107646 0.000000
0.344797 0.389894 0.164263 0.000000
0.319810 -0.861783 0.216786 0.000000
0.329073 -0.881523 0.206934 0.000000
0.166566 -0.217430 -0.036985 0.000000
0.355391 0.469412 0.152003 0.000000
0.296607 -0.016922 0.153570 0.000000
0.472929 -1.086302 0.177953 1.000000
0.318494 -0.875448 0.204714 0.000000
0.523027 -0.130494 0.141628 0.000000
0.328466 0.239727 0.165751 0.000000
0.348787 -0.411557 0.237865 0.000000
0.269347 -0.075330 0.162691 0.000000
0.402884 0.275708 0.124192 0.000000
0.386185 0.020706 0.236058 0.000000
0.418445 -0.126297 0.244897 0.000000
0.079425 -0.370817 0.179897 0.000000
0.337295 -0.211817 0.196978 0.000000
0.355637 -0.470271 0.259904 0.000000
0.303923 -1.037516 0.206514 0.000000
0.331287 -0.466539 0.200509 0.000000
0.331873 0.087994 0.069771 0.000000
0.322232 0.112493 0.172544 0.000000
0.340906 0.260370 0.157251 0.000000
0.345495 -0.892689 0.236209 0.000000
0.297260 -0.078572 0.029838 0.000000
0.385164 0.391931 0.124799 0.000000
0.329256 0.132142 0.075996 0.000000
0.341227 0.153465 0.124455 0.000000
0.242008 -0.051947 0.355186 0.000000
0.445103 0.001995 0.078457 0.000000
0.352115 0.293104 0.172918 0.000000
0.250614 -0.032554 0.343680 0.000000
0.326134 0.143533 0.229410 0.000000
0.298885 -0.884265 0.232548 0.000000
0.250039 -1.124530 0.246128 0.000000
0.373751 -0.718518 0.364761 0.000000
0.339904 -0.673873 0.197501 0.000000
0.280626 0.057225 0.276612 0.000000
0.294224 -1.085905 0.244744 0.000000
0.274147 -0.133745 0.005540 0.000000
0.477492 0.045765 0.124434 0.000000
0.191391 -0.256159 0.556794 0.000000
0.444394 0.063629 0.193131 0.000000
0.232456 -0.037249 0.349707 0.000000
0.440034 -0.088565 0.238245 0.000000
0.371831 -0.925035 0.180421 1.000000
0.450918 -0.034648 0.065881 0.000000
0.475976 -1.066063 0.176867 1.000000
0.272372 0.014708 0.312687 0.000000
0.380274 -0.035536 0.263929 0.000000
0.337298 -0.500183 0.181355 0.000000
0.267028 -0.143178 -0.004298 0.000000
0.433249 0.043847 0.082747 0.000000
0.329464 -0.055079 0.189743 0.000000
0.326819 0.069825 0.066474 0.000000
0.404868 -0.868668 0.445094 0.000000
0.359418 -0.636319 0.313691 0.000000
0.068799 -0.369205 0.174554 0.000000
0.429835 -1.002228 0.194324 1.000000
-0.017708 -0.474852 0.155959 0.000000
0.506429 -1.134443 0.158627 1.000000
0.570534 -1.291651 0.124309 1.000000
0.250277 -0.123810 0.164592 0.000000
0.402902 0.294115 0.127714 0.000000
0.384476 0.028728 0.252790 0.000000
0.235982 -0.152636 0.157839 0.000000
0.435963 0.059007 0.201333 0.000000
0.192235 -0.186118 0.461526 0.000000
0.330735 -0.771636 0.211451 0.000000
0.356661 -0.521157 0.285471 0.000000
0.366052 -0.920810 0.206499 1.000000
0.036529 -0.410837 0.173610 0.000000
0.456929 0.122321 0.125348 0.000000
0.282218 -1.049172 0.251695 0.000000
0.287718 -0.986359 0.239940 0.000000
0.298883 -1.004876 0.235717 0.000000
0.491758 -0.065661 0.108760 0.000000
0.317996 0.032458 0.059476 0.000000
0.520171 -0.118354 0.148177 0.000000
0.294459 -0.943598 0.240385 0.000000
0.544586 -1.225714 0.133990 1.000000
0.345837 0.371818 0.154695 0.000000
0.268182 -0.075600 0.150314 0.000000
0.348583 -0.883862 0.193712 1.000000
0.324076 -0.207543 0.187747 0.000000
0.388200 0.473736 0.107475 0.000000
0.394629 -0.833148 0.423073 0.000000
0.206161 -0.100378 0.394304 0.000000
0.451905 -0.023924 0.072365 0.000000
0.468829 0.033378 0.140722 0.000000
0.467416 0.071772 0.131652 0.000000
0.423685 0.163752 0.176026 0.000000
0.335877 0.164753 0.234989 0.000000
0.317120 -0.907913 0.226424 0.000000
0.391970 0.153365 0.070654 0.000000
0.333338 -0.682472 0.205209 0.000000
0.530098 -1.211866 0.144061 1.000000
0.321142 -0.226295 0.193036 0.000000
0.343676 0.338439 0.162036 0.000000
0.332263 -0.372129 0.231039 0.000000
0.309631 -1.023752 0.225107 0.000000
0.433130 -0.044380 0.217564 0.000000
0.515609 -0.097496 0.154026 0.000000
0.433331 0.156133 0.127905 0.000000
0.195944 -0.126456 0.412400 0.000000
0.337321 -0.613182 0.201316 0.000000
0.280042 -0.948529 0.241188 0.000000
0.067528 -0.388327 0.170851 0.000000
0.522014 -0.225135 0.163251 0.000000
0.524467 -0.171249 0.149905 0.000000
0.330695 -0.833848 0.220832 0.000000
0.315363 -0.891521 0.224905 0.000000
0.336891 -0.571351 0.207902 0.000000
0.328435 -0.807225 0.218320 0.000000
0.359764 -0.400219 0.225070 0.000000
0.338745 0.195244 0.223444 0.000000
-0.057937 -0.518846 0.141897 0.000000
0.273844 -1.039283 0.262881 0.000000
0.324725 -0.095884 0.189288 0.000000
0.448379 0.028695 0.190197 0.000000
0.332289 0.207412 0.159566 0.000000
0.143118 -0.226822 -0.036834 0.000000
0.516540 -0.166376 0.158607 0.000000
0.590230 -1.285631 0.120651 1.000000
0.331497 -0.284105 0.193043 0.000000
0.383898 0.486291 0.119679 0.000000
0.471052 -0.088710 0.055237 0.000000
0.431895 0.111397 0.181162 0.000000
0.290295 -0.097864 0.024112 0.000000
0.103465 -0.236647 -0.041251 0.000000
0.463712 -1.063133 0.171407 1.000000
0.359055 -0.423122 0.231472 0.000000
0.403598 0.096196 0.224348 0.000000
0.337594 0.355922 0.164563 0.000000
0.289146 0.022462 0.310109 0.000000
0.329780 -0.785757 0.214448 0.000000
0.430172 0.205211 0.129171 0.000000
0.524922 -0.137407 0.153453 0.000000
0.342930 0.209700 0.200136 0.000000
0.259576 -0.016654 0.329005 0.000000
-0.073565 -0.532139 0.137999 0.000000
0.409500 -0.961070 0.526027 0.000000
0.320643 0.102348 0.264454 0.000000
0.346212 0.239281 0.192617 0.000000
0.415266 -0.969253 0.574245 0.000000
0.326610 -0.536364 0.192259 0.000000
0.383538 -0.901816 0.475395 0.000000
0.328482 -0.329375 0.197270 0.000000
0.419121 -0.002479 0.308935 0.000000
0.387337 0.350120 0.140196 0.000000
0.391628 0.381112 0.159788 0.000000
0.483446 -0.125199 0.172567 0.000000
0.187511 -0.233969 0.160688 0.000000
0.438810 0.016728 0.065754 0.000000
0.420968 -0.989614 0.210334 1.000000
0.337883 -0.590321 0.201044 0.000000
0.359846 -0.544153 0.277007 0.000000
0.348912 0.408231 0.135652 0.000000
0.327847 -0.036854 0.187401 0.000000
0.391746 0.323555 0.126485 0.000000
0.425589 0.083540 0.086483 0.000000
-0.028197 -0.491902 0.157955 0.000000
0.012435 -0.451202 0.165233 0.000000
0.323973 0.033906 0.173830 0.000000
0.327348 0.201499 0.168277 0.000000
0.337084 0.359193 0.118868 0.000000
0.300735 -0.042333 0.042819 0.000000
0.334152 0.176699 0.210652 0.000000
0.389166 -0.771273 0.390893 0.000000
0.331156 0.227843 0.106193 0.000000
0.308442 -1.062289 0.227112 0.000000
0.337642 0.200657 0.093200 0.000000
0.451414 0.041070 0.186153 0.000000
0.450504 -0.006797 0.185303 0.000000
0.093218 -0.378998 0.166041 0.000000
0.350065 0.220417 0.103929 0.000000
0.443500 -0.007996 0.212067 0.000000
0.413759 0.207955 0.110690 0.000000
0.327562 0.011441 0.184915 0.000000
0.554736 -1.188360 0.143703 1.000000
0.183031 -0.246046 0.537029 0.000000
0.199788 -0.160330 0.430829 0.000000
0.359829 -0.504305 0.283672 0.000000
0.447001 -1.035372 0.176224 1.000000
0.338183 0.169042 0.116564 0.000000
0.174638 -0.265553 0.173513 0.000000
0.358215 -0.509553 0.263307 0.000000
0.320501 -1.035507 0.235219 0.000000
0.346285 -0.425664 0.235207 0.000000
0.238302 -0.090221 0.372631 0.000000
0.524251 -0.110336 0.113959 0.000000
0.398282 -0.854743 0.436166 0.000000
0.560635 -1.243144 0.135099 1.000000
0.347798 0.107882 0.155155 0.000000
0.125294 -0.232438 -0.047571 0.000000
0.414536 0.182929 0.103589 0.000000
0.250709 -1.053350 0.243086 0.000000
0.315105 -0.850367 0.225710 0.000000
0.243891 -0.020191 0.335293 0.000000
0.036529 -0.426073 0.163149 0.000000
0.331653 -0.188837 0.186996 0.000000
0.454034 0.018464 0.190392 0.000000
0.537662 -1.193418 0.146313 1.000000
0.464113 0.099632 0.125889 0.000000
0.375424 -0.559147 0.311848 0.000000
0.326065 0.070403 0.183817 0.000000
0.430447 0.080558 0.197232 0.000000
0.615325 -1.311644 0.116609 1.000000
-0.117464 -0.581582 0.131244 0.000000
0.208591 -0.115048 0.404595 0.000000
0.318537 0.053261 0.064116 0.000000
0.365713 -0.727925 0.358761 0.000000
0.299919 -0.931617 0.231520 0.000000
0.314451 -0.852325 0.211741 0.000000
0.341214 -0.731941 0.200245 0.000000
0.533743 -0.194437 0.162174 0.000000
0.280813 -1.069593 0.248683 0.000000
0.263112 -0.092328 0.171803 0.000000
0.531184 -0.159375 0.162777 0.000000
0.330003 -0.663492 0.201117 0.000000
0.403707 0.473708 0.118758 0.000000
0.281734 -0.118376 0.020371 0.000000
0.441875 -1.032878 0.194979 1.000000
0.340905 0.370610 0.122509 0.000000
0.445690 0.166778 0.123800 0.000000
0.384740 0.411225 0.136395 0.000000
0.267733 -1.070989 0.265051 0.000000
0.322052 -1.165988 0.241959 0.000000
0.436754 0.098255 0.170948 0.000000
0.369544 -0.068949 0.293654 0.000000
0.295822 -1.086045 0.225091 0.000000
0.271494 -1.129730 0.290543 0.000000
0.324850 -0.406384 0.186098 0.000000
0.407182 0.233436 0.168970 0.000000
0.563636 -1.229965 0.134289 1.000000
0.377836 -0.825396 0.412973 0.000000
0.349063 -0.390963 0.232064 0.000000
0.429914 -0.985946 0.608602 0.000000
0.303031 0.086930 0.259777 0.000000
0.361687 -0.580807 0.295801 0.000000
0.367416 -0.656554 0.330247 0.000000
0.379528 -0.788844 0.394522 0.000000
0.358875 -0.594547 0.300880 0.000000
0.298554 -1.139871 0.216635 0.000000
0.356010 -0.455730 0.247801 0.000000
0.255302 -0.161781 -0.001890 0.000000
0.497203 -0.029744 0.130962 0.000000
0.468842 0.015587 0.148689 0.000000
0.056981 -0.391964 0.173361 0.000000
0.340164 -0.287878 0.199574 0.000000
0.120318 -0.322602 0.170378 0.000000
0.524510 -0.040509 0.401981 0.000000
0.502189 -0.055178 0.137852 0.000000
0.392530 0.030983 0.008326 0.000000
0.534945 -0.213221 0.127142 0.000000
0.469005 -0.069642 0.060440 0.000000
0.254497 -1.029721 0.246424 0.000000
0.519425 -1.163867 0.140380 1.000000
0.265637 -1.048321 0.266406 0.000000
0.319754 0.055483 0.173879 0.000000
0.398100 0.069805 0.031321 0.000000
0.337153 0.238352 0.099094 0.000000
0.407207 -0.954332 0.544292 0.000000
0.164169 -0.288410 0.167337 0.000000
0.336888 0.179932 0.228404 0.000000
0.652704 -0.173768 0.089628 0.000000
0.381332 -0.929576 0.187690 1.000000
0.436956 0.118840 0.125145 0.000000
0.307758 -1.048456 0.226588 0.000000
0.337572 -0.763041 0.209940 0.000000
0.422513 -0.981660 0.587132 0.000000
0.475186 -0.115636 0.046822 0.000000
0.544958 -1.198195 0.153926 1.000000
0.433104 0.176168 0.128082 0.000000
0.210560 -0.184092 0.148528 0.000000
0.342369 0.265503 0.166927 0.000000
0.334943 -0.744207 0.208380 0.000000
0.295915 -1.145260 0.226907 0.000000
0.300188 -0.008273 0.051996 0.000000
0.333672 -0.424327 0.193042 0.000000
0.247433 -0.115607 0.145601 0.000000
0.443310 -1.021691 0.196741 1.000000
0.328678 0.130278 0.249818 0.000000
0.508527 -0.184228 0.004666 0.000000
0.389993 -0.950692 0.200546 1.000000
0.376704 -0.017940 0.246300 0.000000
0.392404 -0.954939 0.218956 1.000000
0.217894 -0.166933 0.144093 0.000000
0.338932 -0.843952 0.200888 0.000000
0.396966 0.342301 0.162898 0.000000
0.246193 -0.069172 0.360034 0.000000
0.430653 -0.994488 0.204619 1.000000
0.316187 0.029572 0.181524 0.000000
0.344503 0.317816 0.155296 0.000000
0.358443 0.276282 0.112620 0.000000
0.417449 0.203193 0.170182 0.000000
0.327468 -0.310383 0.190671 0.000000
0.379826 0.354534 0.146845 0.000000
0.307543 0.007832 0.176243 0.000000
0.325916 -0.511385 0.190906 0.000000
0.262012 -1.025572 0.236629 0.000000
0.329656 -0.618034 0.195211 0.000000
0.389325 -0.823224 0.415974 0.000000
0.311717 -0.936887 0.206700 0.000000
0.201381 -0.179013 0.442569 0.000000
0.546423 -0.123143 0.113034 0.000000
0.471042 -1.074529 0.161897 1.000000
0.478199 -0.003489 0.142534 0.000000
0.326490 0.258933 0.110707 0.000000
0.541632 -1.208217 0.131688 1.000000
0.412667 0.181161 0.128102 0.000000
0.511507 -0.225082 -0.035168 0.000000
0.457664 -0.055684 0.186166 0.000000
0.330221 0.087155 0.172764 0.000000
0.330254 -0.844322 0.209819 0.000000
0.116851 -0.344904 0.167780 0.000000
0.346707 0.443316 0.156770 0.000000
0.370154 0.416978 0.123390 0.000000
0.335321 -0.650881 0.203859 0.000000
0.290073 -0.025165 0.185735 0.000000
0.331159 -0.300289 0.195632 0.000000
0.308978 -0.990326 0.229002 0.000000
0.297023 0.063405 0.276999 0.000000
0.333837 -0.078369 0.182856 0.000000
0.395452 0.211271 0.088386 0.000000
0.329635 0.199464 0.107719 0.000000
0.303803 -0.891814 0.226537 0.000000
0.317774 -0.941438 0.216794 0.000000
0.382921 -0.939074 0.179369 1.000000
0.322233 -0.069289 0.177269 0.000000
0.336529 -0.549610 0.201661 0.000000
0.285888 -0.957274 0.228693 0.000000
0.392554 0.131874 0.225658 0.000000
0.405087 0.251013 0.171394 0.000000
0.407047 0.201950 0.206869 0.000000
0.252494 -0.161205 -0.013762 0.000000
0.395293 0.257479 0.190208 0.000000
0.402610 0.196921 0.121607 0.000000
0.289772 -1.027700 0.239816 0.000000
0.337332 -0.712338 0.196924 0.000000
0.285344 -0.924379 0.237967 0.000000
0.305575 -0.946744 0.244522 0.000000
0.331489 -0.863876 0.212773 0.000000
0.436158 -0.081508 0.225995 0.000000
0.468245 -1.083896 0.166470 1.000000
0.393823 0.375702 0.130137 0.000000
0.362643 -0.563815 0.289893 0.000000
0.396133 0.168341 0.077680 0.000000
-0.014804 -0.488043 0.141709 0.000000
0.324690 -0.314144 0.203334 0.000000
0.324323 -0.142626 0.184886 0.000000
0.409106 -0.946820 0.531539 0.000000
0.396004 0.297962 0.159505 0.000000
0.215907 -0.121581 0.400011 0.000000
0.323321 0.130867 0.237845 0.000000
0.503761 -0.167869 0.015014 0.000000
0.326653 -0.427857 0.184437 0.000000
0.241145 -0.172954 -0.020314 0.000000
0.340810 0.165492 0.087055 0.000000
0.353036 0.253747 0.178133 0.000000
0.330070 -0.021648 0.187301 0.000000
0.359408 0.062193 0.211225 0.000000
0.342558 0.395651 0.155542 0.000000
0.428066 0.066704 0.094358 0.000000
0.440957 0.011697 0.076104 0.000000
0.337143 -0.251825 0.194011 0.000000
0.353215 0.458012 0.147501 0.000000
0.272450 0.052178 0.284969 0.000000
0.429788 0.101562 0.087489 0.000000
0.311961 -1.080357 0.233410 0.000000
0.223532 -0.063402 0.361184 0.000000
0.381091 0.476826 0.141351 0.000000
0.404091 0.287729 0.161477 0.000000
0.337401 -0.570591 0.196209 0.000000
0.583325 -0.137655 0.118450 0.000000
0.370368 -0.578369 0.314031 0.000000
0.289644 -0.017601 0.165980 0.000000
0.365499 -0.670645 0.339433 0.000000
0.362521 -0.909691 0.207411 1.000000
0.391480 0.177175 0.088024 0.000000
0.395961 0.232783 0.170871 0.000000
0.444758 0.005417 0.184814 0.000000
0.594541 -0.151411 0.110490 0.000000
0.316053 -0.963501 0.229955 0.000000
0.345008 -0.410158 0.248694 0.000000
0.323450 -0.323479 0.208231 0.000000
0.302756 -0.002987 0.172019 0.000000
0.318888 -1.016649 0.235925 0.000000
0.392308 0.357817 0.157049 0.000000
0.400322 -0.893153 0.461912 0.000000
0.333010 -0.502261 0.203869 0.000000
0.335474 -0.352039 0.194932 0.000000
0.227744 -0.078819 0.372770 0.000000
0.390484 0.336484 0.146673 0.000000
0.487613 -0.056487 0.118144 0.000000
0.299529 -1.102091 0.235540 0.000000
0.359662 -0.527440 0.293441 0.000000
0.613879 -1.328864 0.109310 1.000000
-0.005889 -0.459755 0.165581 0.000000
0.399935 0.214818 0.104546 0.000000
0.479192 0.034058 0.137319 0.000000
0.436663 0.144616 0.126146 0.000000
0.329964 -0.516631 0.200366 0.000000
0.286344 -0.946666 0.232937 0.000000
0.346530 0.226122 0.095799 0.000000
0.451487 0.068881 0.119837 0.000000
0.349457 -0.426711 0.250735 0.000000
0.341660 0.284881 0.185502 0.000000
0.389766 0.398926 0.142204 0.000000
0.631909 -0.170584 0.100029 0.000000
0.313309 0.042690 0.061948 0.000000
0.332743 -0.918310 0.219961 0.000000
0.326963 0.138837 0.167830 0.000000
0.412574 0.194271 0.177038 0.000000
0.328045 -0.333347 0.228539 0.000000
0.379439 -0.636942 0.334400 0.000000
0.330888 -0.795974 0.216478 0.000000
0.409104 -0.961513 0.555815 0.000000
0.393489 0.049744 0.021817 0.000000
0.298770 -0.991724 0.209911 0.000000
0.337256 0.236069 0.170067 0.000000
0.324996 0.096460 0.072118 0.000000
0.386087 0.018952 0.011496 0.000000
0.398703 0.090777 0.043209 0.000000
0.396330 0.146294 0.076978 0.000000
0.388476 0.306833 0.133281 0.000000
0.206496 -0.136221 0.411218 0.000000
0.399159 0.090688 0.234955 0.000000
0.208366 -0.197640 0.154769 0.000000
0.428716 -0.009899 0.322149 0.000000
0.318316 -0.973245 0.223893 0.000000
0.015812 -0.459705 0.158244 0.000000
0.515168 -1.120307 0.170132 1.000000
-0.005188 -0.473431 0.150748 0.000000
0.320450 0.028514 0.159123 0.000000
0.395408 0.228392 0.100740 0.000000
0.430349 -0.985818 0.592572 0.000000
0.536554 -0.209997 0.167460 0.000000
0.354750 0.443776 0.144245 0.000000
0.300272 -0.967310 0.216526 0.000000
0.388346 -0.700795 0.364778 0.000000
0.423715 -0.144927 0.258602 0.000000
0.337025 -0.400221 0.242896 0.000000
0.383014 -0.713694 0.363035 0.000000
0.342227 -0.476918 0.198248 0.000000
0.135041 -0.275925 0.164210 0.000000
0.332631 -0.000473 0.178326 0.000000
0.334567 -0.383817 0.239419 0.000000
0.348317 0.268922 0.180529 0.000000
0.287961 -1.092198 0.208839 0.000000
0.332536 -0.825984 0.211480 0.000000
0.525778 -0.215485 0.162852 0.000000
0.376539 -0.051141 -0.026630 0.000000
0.231771 -0.166930 0.161193 0.000000
0.330767 -0.264002 0.193865 0.000000
0.404670 0.006673 0.292388 0.000000
0.301553 -0.030408 0.045154 0.000000
0.298299 -0.914297 0.228934 0.000000
0.506136 -1.126177 0.169856 1.000000
0.308879 -1.129901 0.243270 0.000000
0.086474 -0.359789 0.172862 0.000000
0.272250 -0.137833 0.014850 0.000000
0.296940 -1.058312 0.204285 0.000000
0.512901 -0.199122 -0.010696 0.000000
0.352778 0.416835 0.150461 0.000000
0.416248 -0.967760 0.560892 0.000000
0.458632 -0.024904 0.191643 0.000000
0.544205 -1.214533 0.139440 1.000000
0.340869 0.187268 0.082168 0.000000
0.250576 -0.057483 0.350562 0.000000
0.269866 -1.055135 0.241585 0.000000
0.497167 -0.126174 0.038416 0.000000
0.326653 0.356610 0.121850 0.000000
0.330358 -0.356841 0.184537 0.000000
0.321264 -0.900152 0.214757 0.000000
0.430899 0.072755 0.203956 0.000000
0.518579 -1.165674 0.151570 1.000000
0.312332 0.008532 0.054100 0.000000
0.617876 -0.155502 0.109128 0.000000
0.275024 -1.087718 0.283066 0.000000
0.484563 -0.013817 0.141435 0.000000
0.446467 -0.016289 0.067736 0.000000
0.437177 -1.041543 0.179004 1.000000
0.190391 -0.212656 0.152572 0.000000
0.506182 -0.270717 -0.065368 0.000000
0.224383 -0.185005 0.161649 0.000000
0.342158 0.442568 0.147515 0.000000
0.591215 -1.267132 0.127143 1.000000
0.398380 0.234671 0.206062 0.000000
0.196294 -0.170007 0.444938 0.000000
0.368003 -0.596428 0.313074 0.000000
0.307838 -0.920946 0.246623 0.000000
0.259075 -0.108998 0.163343 0.000000
0.347613 0.433251 0.155008 0.000000
0.347603 0.201112 0.095606 0.000000
0.419001 -0.992561 0.194622 1.000000
0.387638 0.270317 0.114559 0.000000
0.323850 -0.325358 0.218303 0.000000
0.476607 -0.097423 0.053473 0.000000
0.346424 -0.647864 0.199976 0.000000
0.175114 -0.265351 0.163281 0.000000
0.346655 0.249654 0.190385 0.000000
0.343574 0.169866 0.241955 0.000000
0.524613 -0.095493 0.113796 0.000000
0.286519 -0.037334 0.163326 0.000000
0.328208 0.113226 0.075000 0.000000
0.317806 0.078844 0.066052 0.000000
0.329479 -0.773362 0.201443 0.000000
0.290602 -1.112838 0.246980 0.000000
0.402241 -0.906757 0.473796 0.000000
0.348771 0.251072 0.105659 0.000000
0.034496 -0.425722 0.174020 0.000000
0.335207 -0.136869 0.189235 0.000000
0.294148 -0.983740 0.223505 0.000000
0.329255 -0.205520 0.196321 0.000000
0.383918 -0.949207 0.180211 1.000000
0.343436 -0.865781 0.208194 1.000000
0.384799 -0.000921 -0.010535 0.000000
0.396954 -0.958574 0.187279 1.000000
0.433907 0.031821 0.077842 0.000000
0.350681 -0.885661 0.227725 1.000000
0.276138 -0.988003 0.234597 0.000000
0.342998 0.091780 0.176750 0.000000
0.307886 0.079505 0.272838 0.000000
0.452570 0.031903 0.118921 0.000000
0.263032 -0.028477 0.339180 0.000000
0.352350 -0.474526 0.249462 0.000000
0.329636 0.253960 0.164037 0.000000
0.398520 0.198931 0.094092 0.000000
0.450873 0.130319 0.130167 0.000000
0.443811 -1.027270 0.162980 1.000000
0.341806 0.400707 0.134092 0.000000
0.392087 0.300126 0.121354 0.000000
0.310174 -0.014546 0.044577 0.000000
0.179642 -0.253650 0.160410 0.000000
0.297903 -1.122744 0.226705 0.000000
0.365594 -0.535445 0.291164 0.000000
0.332012 0.125212 0.175148 0.000000
0.385348 0.036458 0.246040 0.000000
0.297061 -1.046904 0.233909 0.000000
0.400420 -0.941829 0.521700 0.000000
0.344442 -0.778861 0.214611 0.000000
0.334549 -0.877370 0.214396 0.000000
0.357755 -0.443507 0.239023 0.000000
0.512943 -0.073052 0.159399 0.000000
0.175896 -0.265376 0.562927 0.000000
0.300280 -1.070936 0.226359 0.000000
0.480184 -1.092860 0.162180 1.000000
0.526014 -0.150124 0.153390 0.000000
0.329339 -0.363359 0.193808 0.000000
0.468786 -0.022634 0.355468 0.000000
0.332118 0.189510 0.169507 0.000000
0.302768 -1.030657 0.221918 0.000000
0.329042 -0.355244 0.227331 0.000000
0.398394 -0.914525 0.481649 0.000000
0.340096 0.207026 0.102873 0.000000
0.436444 0.058369 0.086654 0.000000
0.074284 -0.394101 0.166065 0.000000
0.330353 -0.236819 0.194057 0.000000
0.236753 -0.169141 0.172624 0.000000
0.190092 -0.236412 0.520657 0.000000
0.346554 0.384952 0.155647 0.000000
0.307729 0.060587 0.065099 0.000000
0.266726 -0.101405 0.174289 0.000000
0.384193 -0.881672 0.451679 0.000000
0.341632 0.266198 0.195259 0.000000
-0.093047 -0.555784 0.131353 0.000000
0.333605 -0.548275 0.192112 0.000000
0.388669 -0.926198 0.507837 0.000000
0.362448 -0.513417 0.279992 0.000000
0.342107 -0.854371 0.218764 0.000000
0.451642 -1.036646 0.185353 1.000000
0.343837 0.220562 0.199625 0.000000
0.293937 -1.054982 0.254709 0.000000
0.331807 -0.695942 0.199619 0.000000
0.376911 0.455909 0.147716 0.000000
0.431338 0.090417 0.195496 0.000000
0.523548 -0.196031 0.135613 0.000000
0.365068 0.442729 0.121175 0.000000
0.337711 0.230016 0.215373 0.000000
-0.126154 -0.591584 0.129479 0.000000
0.428383 0.140191 0.122626 0.000000
0.494312 -1.130727 0.149802 1.000000
0.416842 0.137772 0.094587 0.000000
0.463289 -0.061053 0.193724 0.000000
0.386897 0.378216 0.151441 0.000000
0.322691 -0.111956 0.185341 0.000000
0.153883 -0.268453 0.163867 0.000000
0.399448 0.312968 0.165925 0.000000
0.512184 -0.085037 0.120290 0.000000
0.454173 -0.015057 0.345553 0.000000
0.521519 -0.178642 0.159848 0.000000
0.254881 -0.041212 0.353150 0.000000
0.465495 0.052362 0.136843 0.000000
0.286309 -1.004489 0.272033 0.000000
0.440863 0.021135 0.204200 0.000000
0.288207 -0.976026 0.237284 0.000000
0.451263 0.084905 0.135676 0.000000
0.482972 0.003258 0.136616 0.000000
0.327443 -0.172615 0.181056 0.000000
0.335132 -0.828119 0.201557 0.000000
0.333198 -0.460853 0.185040 0.000000
0.391683 -0.955768 0.208966 1.000000
0.326995 -0.668572 0.210222 0.000000
0.343723 0.459173 0.150330 0.000000
0.401007 0.316945 0.125401 0.000000
0.281010 -1.100505 0.251925 0.000000
0.335124 -0.208238 0.187421 0.000000
0.318283 -0.924914 0.211219 0.000000
0.304108 -0.999564 0.226103 0.000000
0.337495 -0.339206 0.215529 0.000000
0.496290 -1.117821 0.156769 1.000000
0.383715 -0.858787 0.433625 0.000000
0.334865 0.200041 0.174623 0.000000
0.292015 -1.060313 0.228443 0.000000
0.335664 -0.491444 0.195663 0.000000
0.328059 -0.750435 0.204825 0.000000
0.400855 -0.969568 0.195321 1.000000
0.168003 -0.245977 0.158435 0.000000
0.418088 0.222582 0.123208 0.000000
0.416585 0.176634 0.178638 0.000000
0.408086 -0.187139 0.292545 0.000000
0.327073 0.119871 0.167331 0.000000
0.386460 0.024620 0.275332 0.000000
0.413630 0.200134 0.133469 0.000000
0.388875 0.009333 0.242876 0.000000
0.325395 0.119532 0.254560 0.000000
0.514312 -1.149269 0.158841 1.000000
0.281547 -0.938049 0.240193 0.000000
0.629286 -1.338235 0.115218 1.000000
0.343786 -0.607377 0.196216 0.000000
0.372566 -0.666390 0.344890 0.000000
0.143848 -0.294985 0.166421 0.000000
0.329942 0.075274 0.173614 0.000000
0.318519 -0.993371 0.231057 0.000000
0.279647 -1.060935 0.244094 0.000000
0.350162 0.401130 0.162091 0.000000
0.365258 -0.736586 0.363821 0.000000
0.324312 0.319766 0.110629 0.000000
0.315908 -0.966534 0.209507 0.000000
0.289290 -0.083502 0.032890 0.000000
0.101665 -0.346996 0.170949 0.000000
0.287835 -0.107056 0.016034 0.000000
0.351844 -0.447734 0.260221 0.000000
0.329982 0.249852 0.108163 0.000000
0.351295 0.100865 0.161204 0.000000
0.402220 0.336723 0.124740 0.000000
0.338766 -0.659115 0.209037 0.000000
0.495327 -0.138068 0.169285 0.000000
0.494502 -0.119746 0.178701 0.000000
0.314984 0.102603 0.255730 0.000000
0.318159 -0.891756 0.240345 0.000000
0.286077 0.040330 0.293048 0.000000
0.386343 0.414610 0.152389 0.000000
0.340473 -0.724633 0.213939 0.000000
0.367773 -0.544908 0.287981 0.000000
0.130756 -0.323318 0.168330 0.000000
0.470173 -0.007168 0.114026 0.000000
0.480050 -0.038454 0.115646 0.000000
0.435291 0.079660 0.120413 0.000000
0.294792 -0.923125 0.231312 0.000000
0.453956 -1.054944 0.183332 1.000000
0.385662 -0.018083 0.250252 0.000000
0.560598 -0.135328 0.112441 0.000000
0.425443 0.124396 0.091569 0.000000
0.348731 0.478490 0.143612 0.000000
0.333072 -0.579612 0.198025 0.000000
0.460933 0.083183 0.137300 0.000000
-0.042791 -0.511955 0.132048 0.000000
0.306728 -0.897437 0.235262 0.000000
0.325785 0.042061 0.168676 0.000000
0.331116 -0.634898 0.197503 0.000000
0.500243 -0.070094 0.110694 0.000000
0.398913 0.347226 0.128542 0.000000
0.591903 -1.303611 0.116077 1.000000
0.363804 -0.922358 0.227739 1.000000
0.360330 -0.687607 0.338135 0.000000
0.341237 -0.393036 0.188804 0.000000
0.442136 -0.038985 0.220040 0.000000
0.299054 -1.096080 0.223938 0.000000
0.376613 -0.655818 0.343510 0.000000
0.348607 -0.370682 0.222891 0.000000
0.335863 -0.599665 0.199136 0.000000
0.334836 -0.805313 0.209979 0.000000
0.460957 0.101472 0.135213 0.000000
0.311669 -1.030478 0.233648 0.000000
0.404054 0.212024 0.206634 0.000000
0.616226 -1.325914 0.120747 1.000000
0.445753 0.089509 0.124576 0.000000
0.408806 -0.171426 0.277034 0.000000
0.356542 -0.361207 0.212012 0.000000
0.354629 -0.897935 0.217763 1.000000
0.411063 0.190654 0.120858 0.000000
0.457046 0.049922 0.117657 0.000000
0.380596 -0.944904 0.205386 1.000000
0.310824 0.036581 0.171088 0.000000
0.467598 -1.067035 0.181646 1.000000
0.242227 -0.131480 0.147193 0.000000
0.396512 0.191673 0.084067 0.000000
0.500239 -0.058353 0.154629 0.000000
0.334774 -0.366041 0.241596 0.000000
0.406627 -0.815896 0.412795 0.000000
0.562726 -1.218288 0.139874 1.000000
0.468723 -0.097340 0.046731 0.000000
0.070998 -0.402270 0.162058 0.000000
0.410559 0.154135 0.102582 0.000000
0.379122 -0.022573 -0.019371 0.000000
0.573223 -1.274631 0.122322 1.000000
0.390212 0.083225 0.041479 0.000000
0.296050 -0.092835 0.036744 0.000000
0.346241 -0.316588 0.194234 0.000000
0.309785 -0.978792 0.216214 0.000000
0.426420 0.110147 0.189024 0.000000
0.392617 0.074262 0.226791 0.000000
0.407689 -0.932249 0.499047 0.000000
0.516035 -0.080509 0.153762 0.000000
0.402765 0.077040 0.228593 0.000000
0.396524 0.303360 0.176835 0.000000
0.327010 -0.603965 0.203771 0.000000
0.437878 0.091769 0.182946 0.000000
0.189184 -0.200498 0.144881 0.000000
0.405691 -0.942838 0.513250 0.000000
0.241658 -0.035284 0.346358 0.000000
-0.104883 -0.567094 0.124524 0.000000
0.347670 -0.427894 0.263565 0.000000
0.341110 -0.750258 0.217274 0.000000
0.311848 0.075424 0.283876 0.000000
0.282106 -1.089367 0.252283 0.000000
0.398510 -0.885319 0.455529 0.000000
0.418437 -1.008929 0.183777 1.000000
0.346151 0.310465 0.163241 0.000000
0.355757 -0.491721 0.253802 0.000000
0.332753 -0.181129 0.181158 0.000000
0.420040 0.104891 0.089852 0.000000
0.331063 -0.413340 0.192162 0.000000
0.341183 0.391157 0.130312 0.000000
0.310674 0.087693 0.266938 0.000000
0.340181 0.300638 0.165002 0.000000
0.607644 -1.291749 0.116823 1.000000
0.411048 0.241823 0.166412 0.000000
0.325880 -0.342983 0.220773 0.000000
0.338757 0.190330 0.209587 0.000000
0.117814 -0.289641 0.168247 0.000000
0.403556 0.264659 0.193691 0.000000
0.347124 -0.765845 0.209294 0.000000
0.416790 0.158239 0.183495 0.000000
0.027562 -0.452728 0.154586 0.000000
0.483246 -0.029834 0.107918 0.000000
0.386902 0.284631 0.121222 0.000000
0.523694 -0.198830 0.157403 0.000000
0.339507 0.251967 0.161720 0.000000
0.128983 -0.298837 0.169899 0.000000
0.436470 0.069370 0.075390 0.000000
0.381194 -0.888858 0.458787 0.000000
0.506929 -0.236457 -0.048430 0.000000
0.290361 -0.066687 0.043522 0.000000
0.457012 -0.041596 0.068187 0.000000
0.503425 -0.252007 -0.059039 0.000000
0.370576 0.349578 0.121887 0.000000
0.368638 -0.568587 0.310512 0.000000
0.417951 0.239851 0.132241 0.000000
0.372949 0.472371 0.119883 0.000000
0.278684 -0.942660 0.228966 0.000000
0.272950 -1.046849 0.246604 0.000000
0.315905 -0.871593 0.215623 0.000000
0.375447 -0.677287 0.343091 0.000000
0.329266 0.339735 0.113880 0.000000
0.355966 -0.522454 0.264115 0.000000
-0.017333 -0.475602 0.166073 0.000000
0.394249 -0.727310 0.372102 0.000000
0.387976 -0.948325 0.228763 1.000000
0.439570 -1.027647 0.185280 1.000000
0.352955 0.263407 0.100942 0.000000
0.327899 -0.346825 0.189437 0.000000
0.418905 0.146815 0.096564 0.000000
0.336486 -0.438987 0.183077 0.000000
0.529794 -1.160882 0.158431 1.000000
0.510691 -0.207921 -0.024653 0.000000
0.315071 -0.910123 0.206006 0.000000
0.356210 -0.599173 0.288443 0.000000
0.325422 -0.528893 0.200202 0.000000
0.449131 0.061165 0.124788 0.000000
0.403267 0.284755 0.129076 0.000000
0.388610 -0.800683 0.403999 0.000000
0.321468 -0.885791 0.210603 0.000000
0.401496 -0.186170 0.283931 0.000000
0.388794 0.274407 0.123201 0.000000
0.444123 0.012470 0.214525 0.000000
0.496979 -0.044207 0.142224 0.000000
0.355785 -0.478177 0.265079 0.000000
0.373734 -0.933840 0.177569 1.000000
0.325256 -0.045940 0.187423 0.000000
0.402177 0.205129 0.101579 0.000000
0.351876 -0.433276 0.235403 0.000000
0.534345 -1.177949 0.151959 1.000000
0.364730 -0.916373 0.186260 1.000000
0.359588 -0.570078 0.296265 0.000000
0.396111 0.363993 0.165542 0.000000
0.494028 -0.045884 0.153695 0.000000
0.342015 -0.390638 0.238930 0.000000
0.380350 0.316705 0.123105 0.000000
0.235140 -1.105799 0.246360 0.000000
0.546747 -1.190573 0.148188 1.000000
0.101883 -0.318336 0.173631 0.000000
0.365589 -0.072691 0.285431 0.000000
0.301173 -0.973512 0.248058 0.000000
0.578794 -1.256308 0.128355 1.000000
0.330506 -0.890701 0.209721 0.000000
0.287381 -0.963863 0.236395 0.000000
0.297824 -0.018239 0.171494 0.000000
0.360982 -0.626292 0.308068 0.000000
0.334608 0.293642 0.100721 0.000000
0.437587 -0.099788 0.242616 0.000000
0.296564 -1.019168 0.225915 0.000000
0.336445 -0.444404 0.202536 0.000000
0.340638 -0.402774 0.192463 0.000000
0.313984 -0.892417 0.215671 0.000000
0.436312 -0.072274 0.229437 0.000000
0.553946 -0.123733 0.118778 0.000000
0.423937 -0.978999 0.573138 0.000000
0.480922 -0.106250 0.180745 0.000000
0.483825 -1.066630 0.184413 1.000000
0.188309 -0.202727 -0.040732 0.000000
0.412128 0.220157 0.168824 0.000000
0.445744 0.050139 0.191727 0.000000
0.292246 -0.990970 0.258777 0.000000
0.368259 0.434107 0.124341 0.000000
0.397172 0.175752 0.220312 0.000000
0.435989 -1.013027 0.188091 1.000000
0.283594 -1.119302 0.255133 0.000000
0.139406 -0.312445 0.165328 0.000000
0.258084 -0.105439 0.171919 0.000000
0.479450 -1.072457 0.194702 1.000000
0.378184 0.485740 0.146659 0.000000
0.388545 0.387125 0.145278 0.000000
0.444074 -0.024140 0.216526 0.000000
0.298765 -1.090514 0.235840 0.000000
0.332290 -0.173759 0.196158 0.000000
0.380244 0.461231 0.129364 0.000000
0.398950 0.236228 0.107376 0.000000
0.346485 -0.334553 0.200944 0.000000
0.322410 0.101993 0.175003 0.000000
0.285557 0.016513 0.318199 0.000000
0.356769 0.081727 0.179722 0.000000
0.323656 0.290471 0.105133 0.000000
0.454349 -0.031304 0.185114 0.000000
0.348805 0.079142 0.189666 0.000000
0.350399 0.246874 0.095145 0.000000
0.357215 -0.538817 0.287911 0.000000
0.429581 0.126642 0.123976 0.000000
0.330731 -0.422754 0.202780 0.000000
0.431077 0.075902 0.088455 0.000000
0.246839 -0.168703 -0.014249 0.000000
0.335544 0.123606 0.146689 0.000000
0.380086 -0.735488 0.371257 0.000000
0.401134 0.108023 0.052007 0.000000
0.340114 -0.653828 0.194678 0.000000
0.334454 -0.624948 0.200346 0.000000
0.432900 -1.034327 0.172320 1.000000
0.336945 -0.826086 0.223250 0.000000
0.425956 0.145363 0.184713 0.000000
0.327553 0.233979 0.114526 0.000000
0.422840 -1.001798 0.188245 1.000000
0.192526 -0.156664 0.435591 0.000000
0.380601 -0.945185 0.192116 1.000000
0.384857 0.028002 0.242272 0.000000
0.398611 -0.965932 0.176339 1.000000
0.431809 -0.091985 0.235689 0.000000
0.360430 -0.524920 0.277085 0.000000
0.401825 0.208573 0.176008 0.000000
-0.049487 -0.502745 0.149616 0.000000
0.386650 0.430729 0.151320 0.000000
0.322105 -0.008345 0.183829 0.000000
0.394730 0.200689 0.210938 0.000000
0.380612 -0.864435 0.440326 0.000000
0.358188 0.280918 0.100430 0.000000
0.177882 -0.272896 0.167875 0.000000
0.331335 -0.325622 0.212576 0.000000
0.330743 0.029789 0.178608 0.000000
0.322275 -1.090150 0.241525 0.000000
0.327818 -0.570232 0.191104 0.000000
0.299517 -0.069513 0.031800 0.000000
0.354660 0.072377 0.195891 0.000000
0.373521 0.451437 0.113567 0.000000
0.488127 -1.097580 0.162496 1.000000
0.370796 -0.607463 0.320648 0.000000
0.312530 0.046369 0.182363 0.000000
0.326002 -0.706499 0.210430 0.000000
0.329792 0.157351 0.173422 0.000000
0.331397 -0.108706 0.183283 0.000000
0.419430 0.142348 0.123260 0.000000
0.211024 -0.152459 0.416640 0.000000
0.195173 -0.201262 0.485640 0.000000
0.441522 0.068694 0.185791 0.000000
0.339945 0.210543 0.218146 0.000000
0.306155 -0.929543 0.207112 0.000000
0.343938 0.253336 0.198865 0.000000
0.301093 0.049625 0.294699 0.000000
0.310440 0.027172 0.059458 0.000000
0.162008 -0.263215 0.162621 0.000000
0.530926 -1.201456 0.138087 1.000000
0.190532 -0.195728 0.474077 0.000000
0.523350 -0.246590 0.175250 0.000000
0.233524 -0.106944 0.382874 0.000000
0.212963 -0.189467 -0.031688 0.000000
0.331933 -0.154940 0.183507 0.000000
0.355005 -0.406048 0.231286 0.000000
0.382769 -0.944108 0.221136 1.000000
0.498382 -0.155931 0.023350 0.000000
0.314865 0.113425 0.242978 0.000000
0.340207 -0.634286 0.208786 0.000000
0.318861 -0.921780 0.220208 0.000000
0.184124 -0.221194 0.520667 0.000000
0.400375 0.183487 0.085832 0.000000
0.333253 0.306093 0.103799 0.000000
0.327549 -0.158768 0.194680 0.000000
0.430315 -1.003063 0.207878 1.000000
0.323726 -0.854918 0.221441 0.000000
0.251367 -0.014639 0.332563 0.000000
0.324052 -0.580531 0.199402 0.000000
0.348899 -0.898870 0.187811 1.000000
0.299782 -1.038109 0.229835 0.000000
-0.073937 -0.537606 0.146221 0.000000
0.337636 0.066924 0.071009 0.000000
-0.099131 -0.560388 0.121665 0.000000
0.433953 -1.020393 0.183041 1.000000
0.430227 0.152427 0.171892 0.000000
0.329219 -0.643999 0.204435 0.000000
0.219836 -0.106527 0.390304 0.000000
0.277591 -0.055288 0.151549 0.000000
0.314025 -1.091070 0.236061 0.000000
0.364225 -0.501968 0.291342 0.000000
0.341601 -0.352403 0.216232 0.000000
-0.034293 -0.485582 0.155427 0.000000
0.484472 -0.115335 0.046771 0.000000
0.510071 -0.160121 0.155773 0.000000
0.327055 -0.042430 0.177726 0.000000
0.479075 0.015344 0.137001 0.000000
0.432600 0.110457 0.124381 0.000000
0.322338 -0.980308 0.228502 0.000000
0.338754 -0.266854 0.197239 0.000000
0.532216 -0.231399 0.171559 0.000000
0.436928 0.078794 0.079966 0.000000
0.028135 -0.440745 0.161836 0.000000
-0.051539 -0.520006 0.148292 0.000000
0.332507 -0.537353 0.199141 0.000000
0.489829 -0.002603 0.129786 0.000000
0.300596 -1.054859 0.224016 0.000000
0.088635 -0.338910 0.176274 0.000000
0.372902 -0.646014 0.330755 0.000000
0.333263 0.105331 0.170578 0.000000
0.244981 -0.085216 0.368994 0.000000
0.329309 -0.100911 0.177756 0.000000
0.463519 -0.044525 0.191969 0.000000
0.344650 -0.624003 0.198779 0.000000
0.292475 -1.060459 0.239721 0.000000
0.001035 -0.466100 0.154277 0.000000
0.532667 -0.167721 0.151647 0.000000
0.488402 -1.128393 0.157494 1.000000
0.442409 0.002109 0.207771 0.000000
0.371229 0.332786 0.120474 0.000000
0.083676 -0.375920 0.164164 0.000000
0.470188 0.024744 0.146785 0.000000
0.188914 -0.221621 0.509200 0.000000
0.335576 -0.599847 0.190071 0.000000
0.598033 -1.286207 0.125237 1.000000
0.346306 -0.335761 0.210227 0.000000
0.323153 0.014963 0.054133 0.000000
0.418320 0.149830 0.186655 0.000000
0.300269 -0.008692 0.154502 0.000000
0.437559 -0.013331 0.329745 0.000000
0.419021 0.113796 0.091128 0.000000
0.565972 -1.265917 0.125323 1.000000
0.380024 0.422847 0.147901 0.000000
0.344175 -0.893148 0.227267 0.000000
0.302779 0.096409 0.248330 0.000000
0.369286 -0.056216 0.276022 0.000000
0.256683 -0.117870 0.162232 0.000000
0.253364 -0.099921 0.141891 0.000000
0.051747 -0.419481 0.163683 0.000000
0.397340 0.056703 0.238710 0.000000
0.462296 -0.024358 0.348939 0.000000
0.186945 -0.257391 0.547750 0.000000
0.330260 -0.266772 0.185029 0.000000
0.330211 -0.128470 0.181781 0.000000
0.341151 -0.562615 0.198194 0.000000
0.345154 -0.737780 0.208574 0.000000
0.297105 -1.041886 0.212825 0.000000
0.383582 0.407777 0.144656 0.000000
0.362692 -0.644549 0.320160 0.000000
0.335970 0.135115 0.081696 0.000000
0.335601 -0.341042 0.189242 0.000000
0.361130 0.066619 0.199267 0.000000
0.386851 -0.792769 0.399752 0.000000
0.387853 -0.006487 0.248017 0.000000
0.339419 -0.814296 0.224464 0.000000
0.388822 0.383808 0.126153 0.000000
0.487393 -0.029798 0.151683 0.000000
0.366967 0.343792 0.111450 0.000000
0.340796 -0.832739 0.218434 0.000000
0.441892 0.060591 0.180712 0.000000
0.142393 -0.219037 -0.042161 0.000000
0.480933 -1.093227 0.171143 1.000000
0.291694 0.072727 0.267691 0.000000
0.339112 -0.703467 0.198951 0.000000
0.393141 0.258766 0.119423 0.000000
0.330426 -0.655875 0.209969 0.000000
0.382032 -0.917520 0.491157 0.000000
0.355773 -0.463099 0.265863 0.000000
0.339572 -0.397620 0.252021 0.000000
0.316340 -0.950836 0.214526 0.000000
0.372602 -0.063654 -0.040603 0.000000
0.281017 -1.062205 0.253800 0.000000
0.329001 -0.013931 0.181047 0.000000
0.324373 0.014459 0.172841 0.000000
0.321696 -0.189966 0.191209 0.000000
0.352710 0.448090 0.152105 0.000000
0.282517 -1.021707 0.246112 0.000000
0.079590 -0.246589 -0.044106 0.000000
0.135999 -0.291799 0.169360 0.000000
0.451053 0.146750 0.123584 0.000000
0.299693 -0.919859 0.222046 0.000000
0.332575 -0.524783 0.195950 0.000000
0.397892 0.253220 0.165422 0.000000
0.368798 -0.615419 0.316948 0.000000
0.341558 0.097911 0.169850 0.000000
0.302311 -1.079912 0.225805 0.000000
0.325240 -1.035390 0.227619 0.000000
0.263345 0.012123 0.314679 0.000000
0.412230 -0.147048 0.257221 0.000000
0.533326 -0.185170 0.162592 0.000000
0.404757 -0.954474 0.529923 0.000000
0.345886 -0.879475 0.217244 1.000000
0.273370 -1.129528 0.250780 0.000000
0.612627 -1.336017 0.114936 1.000000
0.527285 -0.259533 0.182483 0.000000
0.346071 0.288073 0.178253 0.000000
0.330396 -0.763648 0.215447 0.000000
0.429468 0.209882 0.121434 0.000000
0.388145 -0.780048 0.394237 0.000000
0.289176 -1.008413 0.240005 0.000000
0.326200 0.079127 0.069084 0.000000
0.394864 -0.923207 0.494027 0.000000
0.425764 -0.969181 0.587957 0.000000
0.340817 0.239585 0.207868 0.000000
0.459973 -1.069912 0.178051 1.000000
-0.037080 -0.499096 0.148319 0.000000
0.372331 -0.929302 0.214193 1.000000
0.428235 0.144778 0.176126 0.000000
0.346912 0.233269 0.185597 0.000000
0.302308 0.063470 0.284310 0.000000
0.396630 0.245435 0.201271 0.000000
0.458825 -1.055428 0.175920 1.000000
0.377042 0.339784 0.116885 0.000000
0.332477 0.197173 0.099625 0.000000
0.186628 -0.235054 0.531628 0.000000
0.392393 0.306438 0.155704 0.000000
0.331229 -0.088724 0.188126 0.000000
0.352238 0.088055 0.174337 0.000000
0.458650 -0.054943 0.062661 0.000000
0.129562 -0.230591 -0.039355 0.000000
-0.082153 -0.545001 0.132966 0.000000
0.382533 -0.611555 0.328495 0.000000
0.372271 0.473918 0.144773 0.000000
0.406867 0.320372 0.155438 0.000000
0.388513 -0.762560 0.392385 0.000000
0.444042 0.172392 0.130458 0.000000
0.329501 0.219333 0.108034 0.000000
0.338215 0.176535 0.220327 0.000000
0.365237 -0.521407 0.290119 0.000000
0.333499 0.373123 0.127914 0.000000
0.300114 -0.010822 0.177092 0.000000
0.327267 -0.224089 0.185739 0.000000
0.464743 0.020031 0.141632 0.000000
0.273081 0.031413 0.300913 0.000000
0.327156 -0.811840 0.200743 0.000000
0.031472 -0.443766 0.153448 0.000000
0.302536 -0.913571 0.237657 0.000000
0.458048 0.041237 0.116294 0.000000
0.588936 -1.293197 0.125048 1.000000
0.512670 -0.097415 0.140646 0.000000
0.345812 -0.716310 0.207480 0.000000
0.321714 -1.133564 0.240325 0.000000
0.216270 -0.177448 0.145274 0.000000
0.205164 -0.152640 0.426442 0.000000
0.272095 -0.060313 0.161971 0.000000
0.190785 -0.142430 0.433196 0.000000
0.426905 -0.077497 0.227499 0.000000
0.321578 -1.112672 0.234435 0.000000
0.325592 -0.442947 0.193782 0.000000
0.400178 -0.862133 0.440599 0.000000
0.393925 0.472236 0.119363 0.000000
0.332989 -0.149101 0.193300 0.000000
0.388942 0.359264 0.149024 0.000000
0.328365 0.266087 0.103209 0.000000
0.333972 0.245793 0.158717 0.000000
0.412950 -0.005034 0.289443 0.000000
0.392877 -0.870536 0.443624 0.000000
0.513506 -1.169242 0.145218 1.000000
0.344345 0.328951 0.166073 0.000000
0.349328 0.153650 0.120991 0.000000
0.424827 -1.005870 0.177521 1.000000
0.325052 -0.032089 0.180538 0.000000
0.361474 -0.537653 0.263486 0.000000
0.379427 0.422136 0.131758 0.000000
0.309639 -0.882263 0.230202 0.000000
0.340927 -0.587816 0.191117 0.000000
0.377169 -0.932805 0.195332 1.000000
0.405895 0.265180 0.165526 0.000000
0.393108 -0.932510 0.514439 0.000000
0.341455 0.176612 0.089749 0.000000
0.400535 -0.955330 0.549941 0.000000
0.518497 -0.108895 0.148910 0.000000
0.556651 -1.250889 0.136344 1.000000
0.272597 -1.053135 0.268810 0.000000
0.263368 -1.129508 0.241974 0.000000
0.330910 -0.198013 0.188487 0.000000
0.293935 -0.940943 0.230969 0.000000
0.329338 -0.348121 0.201750 0.000000
0.323421 -0.164181 0.185095 0.000000
0.226551 -0.173561 0.158731 0.000000
0.381577 -0.662944 0.342161 0.000000
0.438830 0.006126 0.197478 0.000000
0.517330 -0.100194 0.112347 0.000000
0.400475 0.141276 0.221341 0.000000
0.329283 -0.505358 0.185471 0.000000
0.292408 -0.962003 0.248559 0.000000
0.383451 -0.646656 0.339227 0.000000
0.084066 -0.348840 0.176612 0.000000
0.317175 -1.038507 0.226112 0.000000
0.376023 0.376739 0.120550 0.000000
0.267037 -0.009558 0.327247 0.000000
0.332660 0.257903 0.171240 0.000000
0.352394 -0.691220 0.338875 0.000000
0.333898 0.152813 0.241131 0.000000
0.188406 -0.206994 0.490459 0.000000
0.408982 0.304386 0.154842 0.000000
0.394444 0.159698 0.076158 0.000000
0.409491 0.197425 0.107353 0.000000
0.335685 0.139494 0.164435 0.000000
0.394017 0.015475 0.267321 0.000000
0.384984 0.442784 0.131021 0.000000
0.324109 0.090742 0.177885 0.000000
0.338032 -0.376176 0.236964 0.000000
0.382849 0.411640 0.125941 0.000000
0.422339 -0.999411 0.213372 1.000000
0.229630 -0.184560 -0.020375 0.000000
0.282418 0.011678 0.311137 0.000000
0.326647 0.275900 0.104824 0.000000
0.398573 0.108371 0.220859 0.000000
0.283502 -0.993513 0.242612 0.000000
0.336184 -0.520036 0.206347 0.000000
0.292228 -0.994776 0.250169 0.000000
0.355047 0.265634 0.109642 0.000000
0.009202 -0.462377 0.152796 0.000000
0.216126 -0.131578 0.404512 0.000000
0.513576 -1.139768 0.162429 1.000000
0.385911 0.100290 0.047586 0.000000
0.301437 -0.902851 0.239557 0.000000
0.398008 -0.817036 0.413091 0.000000
0.399220 0.212632 0.096157 0.000000
0.306938 -0.888153 0.219296 0.000000
0.295399 -0.891907 0.224308 0.000000
0.334747 -0.460556 0.195125 0.000000
0.387991 0.041528 0.235883 0.000000
0.363284 -0.602175 0.305786 0.000000
0.333018 0.141949 0.250024 0.000000
0.284816 -1.076434 0.236007 0.000000
0.308193 -1.071069 0.231530 0.000000
0.395014 0.036145 0.241732 0.000000
0.197023 -0.142322 0.425279 0.000000
0.321201 -1.074125 0.239139 0.000000
0.462983 0.010269 0.115890 0.000000
0.292442 0.049690 0.290996 0.000000
0.321333 0.191576 0.114362 0.000000
0.293782 -1.008261 0.221761 0.000000
0.435593 -0.978011 0.601397 0.000000
0.474032 -0.089918 0.184496 0.000000
0.498542 -0.141395 0.029869 0.000000
0.369307 0.394187 0.116461 0.000000
0.444213 0.044626 0.182890 0.000000
0.425789 -0.007369 0.314393 0.000000
0.288833 -1.050247 0.245485 0.000000
0.473856 -1.064805 0.188859 1.000000
0.357865 -0.898948 0.179612 1.000000
0.306524 -1.005941 0.208988 0.000000
0.555928 -1.245326 0.128170 1.000000
0.487586 -0.125633 0.042141 0.000000
0.222302 -0.118093 0.394913 0.000000
0.332994 -0.219306 0.196447 0.000000
0.112958 -0.332424 0.171941 0.000000
0.264396 -0.086043 0.178155 0.000000
0.358172 -0.904311 0.187218 1.000000
0.388911 -0.908082 0.481474 0.000000
-0.026422 -0.487279 0.142690 0.000000
0.328673 0.097444 0.169001 0.000000
0.464922 0.062984 0.133893 0.000000
0.264941 -0.148105 -0.011738 0.000000
0.331791 -0.779782 0.206747 0.000000
0.331352 -0.272057 0.196938 0.000000
0.467094 -1.070512 0.168450 1.000000
0.287950 0.060342 0.279965 0.000000
0.396290 0.331694 0.160344 0.000000
0.336925 -0.486795 0.182030 0.000000
0.192505 -0.223024 0.158017 0.000000
0.274964 -1.055398 0.255266 0.000000
0.431221 0.063458 0.080544 0.000000
0.417044 -0.960898 0.573021 0.000000
0.379452 0.375598 0.146830 0.000000
0.339765 -0.575142 0.189278 0.000000
0.331093 -0.192067 0.194965 0.000000
0.411356 0.172038 0.104291 0.000000
0.472608 -1.091289 0.167601 1.000000
0.392962 0.326151 0.147586 0.000000
0.425586 -0.136213 0.255800 0.000000
0.429300 -0.120948 0.249043 0.000000
0.394163 0.274860 0.164005 0.000000
0.291092 0.035995 0.300128 0.000000
0.310166 0.014862 0.165158 0.000000
0.385178 0.430594 0.126773 0.000000
0.337835 0.137379 0.134707 0.000000
0.090033 -0.238488 -0.048397 0.000000
0.279967 -0.970369 0.234668 0.000000
0.333233 -0.858252 0.201771 0.000000
0.344487 0.216418 0.098142 0.000000
0.316193 0.094269 0.267302 0.000000
0.372557 0.476672 0.129578 0.000000
0.508087 -0.074076 0.139908 0.000000
0.331371 0.232603 0.159116 0.000000
0.459026 -0.071266 0.056832 0.000000
0.202550 -0.221036 0.163031 0.000000
0.325086 -0.076535 0.188297 0.000000
0.053012 -0.399424 0.171897 0.000000
0.340499 -0.704482 0.211776 0.000000
0.330326 -0.816248 0.213254 0.000000
0.293369 -1.079439 0.211890 0.000000
0.203025 -0.120759 0.407731 0.000000
0.302971 -0.058047 0.030878 0.000000
0.273848 -0.063332 0.176814 0.000000
0.284224 -0.955672 0.238978 0.000000
0.328059 -0.178179 0.189950 0.000000
0.320146 0.209559 0.114834 0.000000
0.196340 -0.162984 0.439934 0.000000
0.443682 -0.002574 0.071355 0.000000
0.428176 0.097700 0.190797 0.000000
0.367347 -0.665034 0.333240 0.000000
0.390126 0.040560 0.019653 0.000000
0.541016 -0.116046 0.117292 0.000000
0.350743 0.351877 0.160372 0.000000
0.438872 0.038692 0.201843 0.000000
0.430418 0.169213 0.167451 0.000000
0.279187 -0.047569 0.147159 0.000000
0.510825 -0.082227 0.137560 0.000000
0.314016 -0.867342 0.222781 0.000000
0.332694 -0.472190 0.191036 0.000000
0.309322 -0.046362 0.034694 0.000000
0.397274 -0.207172 0.297955 0.000000
0.239642 -0.043203 0.351410 0.000000
0.313812 -0.980443 0.228316 0.000000
0.340160 -0.759557 0.217280 0.000000
0.498974 -0.157130 0.159525 0.000000
0.340344 0.311674 0.102177 0.000000
0.337057 -0.639544 0.202019 0.000000
0.362629 0.424932 0.122937 0.000000
0.446302 -1.043852 0.176643 1.000000
0.438959 0.163276 0.127671 0.000000
0.412367 0.257779 0.123777 0.000000
0.374418 -0.048370 0.267415 0.000000
0.416827 0.165220 0.100001 0.000000
0.355159 0.253965 0.110954 0.000000
0.338667 -0.820395 0.217164 0.000000
0.332028 0.159656 0.122845 0.000000
0.323513 0.160961 0.166118 0.000000
0.324057 -0.001862 0.174024 0.000000
0.481161 0.045858 0.132923 0.000000
0.273508 -0.063939 0.145778 0.000000
0.337906 0.198352 0.232345 0.000000
0.334156 0.248699 0.100503 0.000000
0.350249 -0.908206 0.224331 1.000000
0.345470 0.192948 0.096414 0.000000
0.334160 0.166968 0.076027 0.000000
0.318781 -1.003516 0.229696 0.000000
0.346869 -0.429967 0.242483 0.000000
0.399383 -0.903218 0.464840 0.000000
0.454056 -0.014780 0.188360 0.000000
0.281764 -1.077935 0.250158 0.000000
0.286417 0.029380 0.304551 0.000000
0.355813 -0.463813 0.253813 0.000000
0.379859 0.037281 0.227143 0.000000
0.330787 -0.873674 0.221006 0.000000
0.180057 -0.264035 0.570165 0.000000
0.341729 -0.751889 0.207134 0.000000
0.343862 -0.482953 0.192559 0.000000
0.435772 -0.017969 0.316660 0.000000
0.316888 -1.108785 0.241599 0.000000
0.225699 -0.157976 0.145839 0.000000
0.436740 0.044296 0.192124 0.000000
0.385721 0.000998 0.005493 0.000000
0.343172 0.364209 0.159569 0.000000
0.341669 0.241360 0.199416 0.000000
0.287209 -0.035604 0.154685 0.000000
0.103753 -0.332292 0.173240 0.000000
0.513584 -0.089588 0.151909 0.000000
0.396168 0.389833 0.147661 0.000000
0.430964 -0.113285 0.238661 0.000000
0.180415 -0.215893 0.149524 0.000000
0.385493 -0.706301 0.359066 0.000000
0.300825 -1.002155 0.203120 0.000000
0.353629 -0.451612 0.275542 0.000000
0.441755 -1.029957 0.172457 1.000000
0.444315 -1.035622 0.159771 1.000000
0.241473 -0.143258 0.160715 0.000000
0.324161 -0.258781 0.194013 0.000000
-0.067744 -0.532354 0.131737 0.000000
0.308557 -0.936213 0.218145 0.000000
0.334519 -0.517043 0.193125 0.000000
0.374210 -0.873051 0.440010 0.000000
0.375492 -0.623897 0.332022 0.000000
0.333670 -0.434353 0.193006 0.000000
0.327684 0.051632 0.063573 0.000000
0.360562 -0.558841 0.282987 0.000000
0.372374 -0.032751 0.264812 0.000000
0.332305 -0.855112 0.210380 0.000000
0.373188 0.043869 0.230243 0.000000
0.294634 -0.089101 0.028785 0.000000
0.095743 -0.341075 0.171553 0.000000
0.289362 -0.914835 0.226256 0.000000
0.336329 -0.844419 0.215610 0.000000
0.161998 -0.251694 0.159731 0.000000
0.337768 0.226517 0.099828 0.000000
0.299802 -0.893178 0.237320 0.000000
0.576450 -1.281387 0.127867 1.000000
0.339566 -0.281903 0.192446 0.000000
0.381092 -0.003242 0.244276 0.000000
0.269397 -1.075775 0.237447 0.000000
0.319166 -0.883987 0.197631 0.000000
0.391754 -0.950910 0.182647 1.000000
0.431335 -0.061668 0.221972 0.000000
0.358118 -0.498885 0.257444 0.000000
0.503289 -0.147031 0.160988 0.000000
0.347758 0.415362 0.119558 0.000000
0.330124 -0.564447 0.205655 0.000000
0.304698 -0.004957 0.148461 0.000000
0.388664 0.122139 0.056708 0.000000
0.338443 -0.384414 0.190755 0.000000
0.262112 -1.043064 0.252428 0.000000
0.339669 -0.688171 0.203681 0.000000
0.337773 -0.294684 0.194422 0.000000
0.331235 0.131718 0.259105 0.000000
0.404785 0.266916 0.119787 0.000000
0.338413 -0.250845 0.185808 0.000000
0.575898 -1.232282 0.136077 1.000000
0.410539 0.276192 0.127512 0.000000
0.220607 -0.190839 -0.021606 0.000000
0.307167 -1.100657 0.226339 0.000000
0.434784 0.048928 0.074462 0.000000
0.413540 0.000644 0.299701 0.000000
0.364589 -0.634229 0.319911 0.000000
0.397850 0.373169 0.153506 0.000000
0.328459 -0.306766 0.202298 0.000000
0.327534 -0.675802 0.206087 0.000000
0.255464 -0.111118 0.178638 0.000000
0.462385 0.024956 0.115254 0.000000
0.378202 -0.004434 -0.006826 0.000000
0.289971 -0.029751 0.163650 0.000000
0.400055 -0.920833 0.486839 0.000000
0.422991 -0.983302 0.595570 0.000000
0.295979 -1.055867 0.212194 0.000000
0.355462 -0.414971 0.234231 0.000000
0.335290 0.334446 0.110989 0.000000
0.416313 -0.958998 0.542594 0.000000
0.378665 0.395018 0.151891 0.000000
0.321016 0.061573 0.065533 0.000000
0.340617 -0.515224 0.186905 0.000000
0.439434 0.030452 0.198006 0.000000
0.367186 -0.551280 0.297994 0.000000
0.035531 -0.418864 0.169332 0.000000
0.323675 0.024411 0.176485 0.000000
0.349849 -0.384070 0.226310 0.000000
0.278154 -0.065883 0.166958 0.000000
0.330528 -0.166525 0.188727 0.000000
0.236317 -0.012385 0.332689 0.000000
-0.103384 -0.572722 0.130462 0.000000
0.257543 0.025533 0.303810 0.000000
0.323615 -0.123517 0.185000 0.000000
0.388198 0.015699 0.001002 0.000000
0.181291 -0.258603 0.171829 0.000000
0.305546 -0.939296 0.226877 0.000000
0.409452 0.202501 0.175068 0.000000
0.401823 -0.948187 0.537167 0.000000
0.124401 -0.306304 0.171439 0.000000
0.199151 -0.204681 -0.027162 0.000000
0.339482 0.189095 0.107667 0.000000
0.419480 -0.972572 0.583732 0.000000
0.409405 0.243882 0.120058 0.000000
0.446064 0.110567 0.131835 0.000000
-0.029390 -0.498375 0.138537 0.000000
0.395138 0.145445 0.068819 0.000000
0.405508 -0.940828 0.505212 0.000000
0.331072 0.217418 0.166532 0.000000
0.321790 -0.690082 0.201244 0.000000
0.328589 -0.279460 0.199418 0.000000
0.311261 0.026562 0.175334 0.000000
0.386000 -0.959655 0.221260 1.000000
0.438809 -0.012428 0.202037 0.000000
0.338867 -0.552732 0.186319 0.000000
0.077768 -0.364654 0.174598 0.000000
0.264756 -0.020257 0.334358 0.000000
0.223520 -0.169411 0.152249 0.000000
0.422449 0.195702 0.120887 0.000000
0.074917 -0.385984 0.161730 0.000000
0.373058 0.460875 0.119757 0.000000
0.353851 -0.452960 0.267395 0.000000
0.513540 -0.112574 0.141752 0.000000
0.522140 -0.252925 0.183937 0.000000
0.357247 0.295608 0.108808 0.000000
0.203601 -0.109686 0.400805 0.000000
0.327879 0.176615 0.168500 0.000000
0.397101 0.090203 0.221696 0.000000
0.398677 0.283484 0.191371 0.000000
0.369600 0.487843 0.120866 0.000000
0.321116 -0.935168 0.230320 0.000000
0.347256 -0.693449 0.201560 0.000000
0.429647 0.054728 0.083738 0.000000
0.423346 -0.969934 0.572762 0.000000
0.349507 0.233693 0.099921 0.000000
0.363256 -0.898890 0.203877 1.000000
0.325771 -0.394022 0.194428 0.000000
0.322422 0.035192 0.165616 0.000000
0.428379 0.089851 0.203163 0.000000
0.525746 -0.033520 0.408294 0.000000
0.303652 -1.008531 0.228699 0.000000
0.457234 -1.062063 0.180798 1.000000
0.371670 -0.830809 0.413645 0.000000
0.397880 0.085211 0.228943 0.000000
0.262854 -0.150029 -0.002456 0.000000
0.338617 -0.773915 0.210867 0.000000
0.335554 -0.735892 0.208468 0.000000
0.312758 -0.903186 0.211149 0.000000
0.343532 -0.653891 0.204843 0.000000
0.310103 0.015688 0.177467 0.000000
0.524360 -1.140004 0.168275 1.000000
0.422307 0.127531 0.189608 0.000000
0.225857 -0.103774 0.384077 0.000000
0.354689 -0.378864 0.221291 0.000000
0.428710 -0.993601 0.213808 1.000000
0.305914 -0.997709 0.213820 0.000000
0.374744 -0.037322 -0.027793 0.000000
0.383837 -0.565239 0.314208 0.000000
0.355967 -0.537215 0.274938 0.000000
0.324110 -0.094354 0.181244 0.000000
0.374240 0.438343 0.144921 0.000000
0.190446 -0.165130 0.448005 0.000000
0.309016 -0.880072 0.220480 0.000000
0.304351 -1.016534 0.225525 0.000000
0.409009 0.193932 0.128098 0.000000
0.329357 -0.865251 0.220579 0.000000
0.329161 0.139547 0.079536 0.000000
0.149351 -0.284186 0.167562 0.000000
0.390880 0.302397 0.187246 0.000000
0.527486 -0.189872 0.144004 0.000000
0.191760 -0.178889 0.457678 0.000000
0.395728 -0.787327 0.398233 0.000000
0.396619 0.175601 0.081454 0.000000
0.395701 0.275016 0.192108 0.000000
0.347059 0.301503 0.173643 0.000000
0.334916 -0.408043 0.201246 0.000000
0.396816 0.244703 0.114647 0.000000
0.331376 0.146893 0.177818 0.000000
0.374412 -0.653830 0.335002 0.000000
0.343469 0.287469 0.164419 0.000000
0.338654 -0.790398 0.208823 0.000000
0.352494 0.426183 0.152200 0.000000
0.497891 -1.133741 0.159623 1.000000
0.337672 -0.713835 0.204955 0.000000
0.326790 0.121535 0.079002 0.000000
0.355732 -0.464500 0.276792 0.000000
0.338568 -0.683398 0.211422 0.000000
0.333086 0.167210 0.085009 0.000000
0.273059 -1.071987 0.258004 0.000000
0.524799 -0.102880 0.117269 0.000000
0.354553 -0.483969 0.247971 0.000000
0.390677 0.106159 0.050647 0.000000
0.346743 0.115187 0.150176 0.000000
0.532327 -1.170787 0.160087 1.000000
0.337434 0.095301 0.075174 0.000000
0.303327 -1.056072 0.245347 0.000000
0.336387 0.154028 0.082921 0.000000
0.325486 0.184567 0.114292 0.000000
-0.012776 -0.468884 0.166763 0.000000
0.362777 -0.676131 0.334064 0.000000
0.337833 -0.820533 0.204356 0.000000
0.348652 0.415618 0.158044 0.000000
-0.066326 -0.535691 0.144070 0.000000
0.326673 -0.790812 0.205325 0.000000
0.320771 -1.120098 0.237646 0.000000
0.247038 -0.025762 0.340305 0.000000
0.489612 -0.046058 0.111741 0.000000
0.330115 -0.355723 0.237214 0.000000
0.332177 -0.139270 0.181492 0.000000
0.342218 0.226874 0.209206 0.000000
0.466223 -1.084891 0.158667 1.000000
0.334199 -0.363951 0.233013 0.000000
0.518241 -0.271997 0.189024 0.000000
0.214393 -0.199951 0.159748 0.000000
0.003395 -0.453941 0.163754 0.000000
0.403798 -0.199042 0.294165 0.000000
0.335242 0.168317 0.170111 0.000000
0.302601 -1.039832 0.221831 0.000000
0.244900 -0.076462 0.363325 0.000000
0.198932 -0.190544 0.460438 0.000000
0.329143 -0.582071 0.205511 0.000000
0.298935 -0.991435 0.226706 0.000000
0.330513 -0.229035 0.191809 0.000000
0.329424 -0.452070 0.197652 0.000000
0.408849 -0.962117 0.545785 0.000000
0.420924 -0.131430 0.250645 0.000000
0.428459 -0.981826 0.601668 0.000000
0.474389 -1.085477 0.160779 1.000000
0.324508 -0.907774 0.223136 0.000000
0.398269 -0.964383 0.204736 1.000000
0.318084 0.125492 0.234693 0.000000
0.442344 0.084214 0.119506 0.000000
0.560452 -0.044773 0.429717 0.000000
0.200350 -0.197645 -0.036652 0.000000
0.213107 -0.100005 0.390190 0.000000
0.277827 -0.960933 0.228445 0.000000
0.333365 -0.744319 0.200457 0.000000
0.391370 0.292084 0.121090 0.000000
0.607236 -1.311700 0.116409 1.000000
0.354670 -0.892061 0.211111 1.000000
0.391852 0.021977 0.250519 0.000000
0.326701 -0.061002 0.180815 0.000000
0.507387 -0.062892 0.153344 0.000000
0.061668 -0.406381 0.165529 0.000000
0.328000 -0.245511 0.194469 0.000000
0.390939 0.252910 0.112730 0.000000
0.267104 -1.027246 0.242660 0.000000
0.320377 -1.079611 0.231323 0.000000
0.019839 -0.431733 0.170381 0.000000
-0.113946 -0.581789 0.123231 0.000000
0.267807 -1.061442 0.264682 0.000000
0.298156 -0.959824 0.213138 0.000000
0.405493 0.256330 0.165021 0.000000
0.583866 -1.262457 0.127187 1.000000
0.386038 0.420376 0.158781 0.000000
0.203659 -0.204307 0.155614 0.000000
0.286339 -1.009688 0.257102 0.000000
0.336990 0.281819 0.097636 0.000000
0.386336 -0.009691 -0.009508 0.000000
0.323134 -0.889844 0.233542 0.000000
0.282521 -0.118438 0.011997 0.000000
0.372179 -0.622236 0.319561 0.000000
0.330843 0.151008 0.077442 0.000000
0.368632 -0.564404 0.296100 0.000000
0.396529 0.012080 0.282566 0.000000
0.325768 -0.422933 0.192598 0.000000
0.438043 0.021066 0.073085 0.000000
0.558701 -1.231347 0.141037 1.000000
0.508037 -0.060192 0.135594 0.000000
0.162531 -0.210532 -0.037732 0.000000
0.392742 0.296958 0.168912 0.000000
-0.062529 -0.528707 0.126038 0.000000
0.476372 -1.078482 0.178867 1.000000
0.396681 0.319179 0.131773 0.000000
0.326146 -0.947457 0.224610 0.000000
0.395751 -0.774806 0.394424 0.000000
0.309669 -0.969165 0.213800 0.000000
0.440864 0.095574 0.126466 0.000000
0.450452 0.054428 0.118815 0.000000
0.348020 -0.883791 0.207845 1.000000
0.336799 -0.485062 0.200364 0.000000
0.388219 0.293967 0.157244 0.000000
0.078513 -0.371541 0.170316 0.000000
0.344132 0.196067 0.208088 0.000000
0.221116 -0.057624 0.366225 0.000000
0.403771 0.157382 0.215150 0.000000
0.250216 -0.118529 0.157566 0.000000
0.352780 0.122694 0.141719 0.000000
0.418302 -0.162374 0.267101 0.000000
0.328560 0.153457 0.166020 0.000000
0.507965 -0.079294 0.159756 0.000000
0.520804 -0.115955 0.155774 0.000000
0.404810 0.189619 0.209311 0.000000
0.470475 -1.099420 0.163088 1.000000
0.269538 -0.075460 0.170810 0.000000
0.275938 -1.026098 0.266287 0.000000
0.290383 -1.071101 0.251902 0.000000
0.332683 0.169903 0.216070 0.000000
0.386999 0.320846 0.147360 0.000000
0.463643 -0.002288 0.117782 0.000000
0.296057 -1.092887 0.208392 0.000000
0.302709 -1.033486 0.235646 0.000000
0.527609 -0.174413 0.156899 0.000000
0.264966 -1.109751 0.269068 0.000000
0.334446 0.071456 0.064813 0.000000
-0.127937 -0.592685 0.121786 0.000000
0.433837 0.100181 0.123655 0.000000
0.302031 -1.016105 0.216112 0.000000
0.436312 -0.019485 0.324834 0.000000
0.351933 -0.892276 0.192753 1.000000
0.335476 0.179972 0.111872 0.000000
0.444616 -0.004449 0.063413 0.000000
-0.078848 -0.544219 0.125325 0.000000
0.126502 -0.224879 -0.045120 0.000000
0.326014 -0.997281 0.228807 0.000000
0.448818 0.013379 0.186212 0.000000
0.351534 -0.440618 0.251109 0.000000
0.339084 -0.313378 0.192875 0.000000
0.339741 0.192518 0.088044 0.000000
0.328530 -0.474268 0.199925 0.000000
0.101453 -0.241308 -0.047754 0.000000
0.428803 0.124619 0.181546 0.000000
0.601207 -1.294456 0.124737 1.000000
0.291474 -0.929016 0.240017 0.000000
0.307169 -0.948240 0.226677 0.000000
-0.043923 -0.500440 0.154811 0.000000
0.616191 -1.318012 0.121600 1.000000
0.602506 -1.302911 0.112577 1.000000
0.399658 0.125332 0.222996 0.000000
-0.025295 -0.483271 0.156606 0.000000
0.286872 -1.081548 0.243742 0.000000
0.338327 -0.300787 0.189382 0.000000
0.398217 -0.899998 0.474816 0.000000
0.317131 0.018688 0.057707 0.000000
0.398488 0.114363 0.229022 0.000000
0.489579 -0.132652 0.169981 0.000000
0.333118 0.161564 0.225604 0.000000
0.445785 -0.004905 0.219019 0.000000
0.287007 -1.017001 0.241008 0.000000
0.264895 -0.086493 0.166745 0.000000
0.480722 -1.086749 0.176589 1.000000
0.509841 -0.191397 -0.012738 0.000000
0.422571 -1.004665 0.170028 1.000000
0.620446 -0.164814 0.103837 0.000000
0.585085 -1.283853 0.126401 1.000000
0.373126 -0.632291 0.333331 0.000000
0.314658 -0.858527 0.224369 0.000000
0.423907 0.109502 0.121136 0.000000
0.385607 0.286303 0.113345 0.000000
0.270996 0.022821 0.306293 0.000000
0.366576 0.457940 0.116223 0.000000
0.296364 -0.959257 0.240818 0.000000
0.182700 -0.244308 0.162252 0.000000
0.216032 -0.091185 0.384469 0.000000
0.435095 0.063005 0.187996 0.000000
0.070136 -0.362357 0.178264 0.000000
0.222330 -0.193219 0.163400 0.000000
0.187918 -0.215547 0.504248 0.000000
0.459220 0.095106 0.130128 0.000000
0.332923 -0.757622 0.206562 0.000000
0.335635 -0.389069 0.184899 0.000000
0.207863 -0.214359 0.163077 0.000000
0.353877 -0.342179 0.206427 0.000000
0.397145 0.056074 0.026790 0.000000
0.314154 -0.926504 0.227942 0.000000
0.375198 0.355884 0.116817 0.000000
0.389080 -0.943667 0.190622 1.000000
0.342568 -0.406354 0.242236 0.000000
0.399529 0.062448 0.033759 0.000000
0.338672 0.352064 0.115906 0.000000
0.274872 -0.009214 0.327998 0.000000
0.422129 0.124920 0.122087 0.000000
0.360899 -0.906824 0.199901 1.000000
0.300792 -1.079363 0.241740 0.000000
0.321028 0.017548 0.179290 0.000000
0.325421 -0.186732 0.182677 0.000000
0.188772 -0.188798 0.470229 0.000000
0.333592 -0.721204 0.212281 0.000000
0.266458 -1.041655 0.245733 0.000000
0.406848 0.179142 0.122556 0.000000
0.342290 0.207525 0.207665 0.000000
0.229718 -0.183590 0.167249 0.000000
0.337199 0.322884 0.156089 0.000000
0.344037 -0.727340 0.205962 0.000000
0.427970 0.181146 0.167531 0.000000
0.359500 -0.497370 0.279987 0.000000
0.453261 -1.043980 0.183041 1.000000
0.499875 -0.263668 -0.070804 0.000000
0.462549 0.028689 0.140160 0.000000
0.366963 0.342880 0.119287 0.000000
0.335754 -0.372320 0.185223 0.000000
0.398404 0.218219 0.208369 0.000000
0.609930 -1.328223 0.116069 1.000000
0.339053 0.314529 0.170592 0.000000
0.384940 0.450233 0.144049 0.000000
0.339912 -0.356506 0.222788 0.000000
0.357482 0.282898 0.107989 0.000000
0.180932 -0.205887 -0.041292 0.000000
-0.085453 -0.557154 0.134475 0.000000
0.312421 -0.030449 0.035100 0.000000
0.359562 -0.551658 0.279240 0.000000
0.320518 -0.991560 0.221142 0.000000
0.321671 0.108859 0.258007 0.000000
0.399286 -0.957524 0.175276 1.000000
0.314132 -0.964629 0.222445 0.000000
0.329651 -0.072150 0.180587 0.000000
0.314547 0.036689 0.178706 0.000000
0.501760 -1.116162 0.164596 1.000000
0.326565 0.307053 0.113378 0.000000
0.340660 0.366929 0.115591 0.000000
0.257981 0.016383 0.310899 0.000000
0.437908 -0.979486 0.593471 0.000000
-0.046101 -0.509313 0.144990 0.000000
0.372881 0.409540 0.119646 0.000000
0.421307 0.172273 0.104938 0.000000
-0.014616 -0.481489 0.148320 0.000000
0.296259 0.070579 0.273645 0.000000
0.417848 0.187019 0.174822 0.000000
0.399947 -0.931515 0.499666 0.000000
0.343775 -0.322613 0.203497 0.000000
0.376322 0.370288 0.116177 0.000000
0.507104 -1.133756 0.168300 1.000000
0.354659 -0.904336 0.229478 1.000000
0.343049 0.356916 0.156800 0.000000
0.339790 -0.419630 0.185649 0.000000
0.325181 -0.989315 0.228700 0.000000
-0.093042 -0.555717 0.123019 0.000000
0.493379 -0.060111 0.114356 0.000000
0.133788 -0.308705 0.170754 0.000000
0.311027 0.001112 0.052109 0.000000
0.321808 -0.895296 0.222426 0.000000
0.357523 -0.620545 0.314933 0.000000
0.244075 -0.060120 0.358009 0.000000
0.538587 -1.197878 0.139011 1.000000
0.301416 -0.004385 0.161547 0.000000
0.452130 0.000078 0.188759 0.000000
0.395386 -0.965482 0.191590 1.000000
0.332082 -0.498793 0.189915 0.000000
0.444139 0.133486 0.127900 0.000000
0.427667 0.094083 0.087236 0.000000
0.347658 0.471726 0.147300 0.000000
0.434110 0.072434 0.183969 0.000000
0.015624 -0.442855 0.160927 0.000000
0.302858 -1.017780 0.206713 0.000000
0.184505 -0.259179 0.561522 0.000000
0.207024 -0.190850 0.150015 0.000000
0.336776 0.181176 0.085549 0.000000
0.332590 -0.257202 0.190579 0.000000
0.498081 -0.028284 0.382863 0.000000
0.229143 -0.091334 0.379514 0.000000
0.332716 0.207638 0.105202 0.000000
0.262790 -1.044873 0.234185 0.000000
0.342493 0.373516 0.161490 0.000000
0.330529 -0.542080 0.188595 0.000000
0.353727 0.436039 0.147889 0.000000
0.356578 -0.906873 0.214583 1.000000
0.325996 -0.980773 0.221677 0.000000
0.359088 -0.472698 0.241413 0.000000
0.344153 0.204506 0.194508 0.000000
0.383271 0.405313 0.155114 0.000000
0.525500 -0.152649 0.160703 0.000000
0.306548 -0.920506 0.238992 0.000000
0.331502 -0.766815 0.205429 0.000000
0.337419 -0.557064 0.194060 0.000000
0.377549 -0.937678 0.205470 1.000000
0.324975 -0.919438 0.216064 0.000000
0.319727 -0.311978 0.208875 0.000000
0.343979 -0.432244 0.252948 0.000000
0.394793 -0.696010 0.358389 0.000000
0.374382 -0.608987 0.328209 0.000000
0.454086 0.118778 0.133758 0.000000
0.325119 0.081551 0.177525 0.000000
0.280878 -0.126301 0.013019 0.000000
0.497946 -1.125670 0.154664 1.000000
0.320882 -0.171614 0.185044 0.000000
0.423886 0.088716 0.093104 0.000000
0.424151 0.224417 0.129226 0.000000
0.324181 -0.297092 0.196639 0.000000
0.559059 -1.236030 0.132487 1.000000
0.434637 -0.083587 0.233294 0.000000
0.397924 0.255326 0.105545 0.000000
0.437266 -0.025330 0.210766 0.000000
0.292626 -1.069798 0.229570 0.000000
0.342231 -0.546400 0.194751 0.000000
0.315108 -1.096168 0.242826 0.000000
0.403859 0.231778 0.201435 0.000000
0.395056 0.385051 0.153633 0.000000
0.201662 -0.131296 0.414701 0.000000
0.519643 -0.236950 0.168936 0.000000
0.363230 -0.588306 0.299539 0.000000
0.354245 -0.450477 0.253185 0.000000
0.397859 0.260370 0.197630 0.000000
0.189288 -0.212140 0.496154 0.000000
0.199198 -0.195041 0.147396 0.000000
0.331409 0.166599 0.241015 0.000000
0.437204 -0.988747 0.607215 0.000000
0.501447 -0.148327 0.024500 0.000000
0.285593 0.054522 0.284458 0.000000
0.414094 -0.953013 0.528164 0.000000
0.186594 -0.241579 0.544061 0.000000
0.273084 -1.047933 0.236106 0.000000
0.233458 -0.072269 0.364899 0.000000
0.334312 -0.035337 0.183475 0.000000
0.340405 -0.440464 0.189556 0.000000
0.527968 -0.164382 0.156774 0.000000
0.275949 0.009243 0.316792 0.000000
0.006958 -0.446556 0.168047 0.000000
0.341451 0.229088 0.192686 0.000000
0.344416 0.218323 0.089083 0.000000
0.527190 -1.176429 0.148311 1.000000
0.381800 0.032594 0.236708 0.000000
0.403843 0.173442 0.213293 0.000000
0.424799 -0.994344 0.169507 1.000000
0.424395 -0.106580 0.238149 0.000000
0.402770 0.305828 0.161340 0.000000
0.330932 0.168495 0.119970 0.000000
0.372310 -0.925817 0.200053 1.000000
0.389347 0.022655 0.266405 0.000000
0.348246 -0.418830 0.249219 0.000000
0.334428 0.402466 0.135392 0.000000
0.380218 0.317393 0.115443 0.000000
0.294021 -1.086778 0.214104 0.000000
0.452821 0.038399 0.123035 0.000000
0.522366 -0.153226 0.145910 0.000000
0.333035 -0.405292 0.190273 0.000000
0.286336 -0.038402 0.171829 0.000000
0.331191 -0.656454 0.198265 0.000000
0.272294 -1.087369 0.259002 0.000000
0.322461 -1.099931 0.243243 0.000000
0.196843 -0.177309 0.449924 0.000000
0.240091 -0.176473 -0.008576 0.000000
0.378270 -0.579154 0.317225 0.000000
0.593134 -1.276339 0.122812 1.000000
0.329470 0.116114 0.179402 0.000000
0.336776 0.306704 0.168254 0.000000
0.344475 -0.615960 0.201067 0.000000
0.296549 -1.070818 0.239447 0.000000
0.458623 -1.068691 0.167056 1.000000
0.436779 0.035132 0.069926 0.000000
0.327294 -0.083883 0.183482 0.000000
0.329632 -0.379432 0.189994 0.000000
0.328653 0.130514 0.170731 0.000000
0.329251 -0.610662 0.199526 0.000000
-0.051677 -0.515994 0.137881 0.000000
0.347434 -0.876256 0.196066 1.000000
0.352277 -0.397916 0.231710 0.000000
0.513804 -0.170750 0.152936 0.000000
0.323896 0.084014 0.169183 0.000000
0.334402 -0.595658 0.205978 0.000000
0.472294 -1.077529 0.168838 1.000000
0.394323 0.266669 0.115412 0.000000
0.328599 -0.113352 0.190647 0.000000
0.337235 0.212954 0.164203 0.000000
0.320337 0.001044 0.046643 0.000000
0.397653 0.281738 0.161713 0.000000
0.163285 -0.279075 0.166426 0.000000
0.253666 -1.059937 0.240529 0.000000
0.342768 -0.449719 0.186731 0.000000
0.344709 -0.839832 0.215242 0.000000
0.508462 -0.084833 0.113602 0.000000
0.313605 -0.895173 0.231401 0.000000
0.547448 -1.204346 0.143923 1.000000
0.274524 -1.070138 0.244354 0.000000
0.530538 -1.198044 0.144925 1.000000
0.596904 -1.287015 0.117176 1.000000
0.310504 -0.901201 0.226120 0.000000
0.239714 -0.152001 0.164800 0.000000
0.233172 -0.084695 0.373888 0.000000
0.328806 -0.413038 0.199458 0.000000
0.451407 -0.018728 0.339452 0.000000
0.418317 -1.000126 0.195426 1.000000
0.462307 -1.059506 0.164205 1.000000
0.446508 -0.981935 0.605496 0.000000
0.347664 0.231481 0.087060 0.000000
0.330757 -0.556956 0.203759 0.000000
-0.028382 -0.488790 0.150668 0.000000
0.296356 -1.001208 0.223211 0.000000
0.297471 -1.021424 0.234095 0.000000
0.476506 -0.021549 0.111967 0.000000
0.388176 0.398038 0.151158 0.000000
0.293339 -0.022624 0.160334 0.000000
0.036118 -0.432376 0.167412 0.000000
0.321248 0.138031 0.173459 0.000000
0.328826 -0.874454 0.204101 0.000000
0.435410 0.066756 0.202650 0.000000
0.327680 -0.488206 0.192795 0.000000
0.436812 0.104453 0.175376 0.000000
0.301936 -0.986376 0.232889 0.000000
0.189348 -0.200289 0.480525 0.000000
0.416598 0.001348 0.315011 0.000000
0.416238 -0.959583 0.563630 0.000000
0.272326 -0.067907 0.162370 0.000000
0.430222 0.151543 0.122696 0.000000
0.404643 -0.945828 0.546218 0.000000
0.379300 0.477541 0.132982 0.000000
0.317470 -0.884572 0.235314 0.000000
0.378707 -0.888678 0.451611 0.000000
0.340424 -0.463699 0.190437 0.000000
0.447978 -1.032281 0.168374 1.000000
0.324512 -0.215011 0.189046 0.000000
0.330250 0.145839 0.237455 0.000000
0.530440 -0.244127 0.176367 0.000000
0.324403 -0.103147 0.187115 0.000000
0.377105 -0.938455 0.222647 1.000000
0.177531 -0.212119 -0.035988 0.000000
0.517278 -1.158403 0.153301 1.000000
0.043720 -0.411066 0.170152 0.000000
0.362379 -0.787228 0.388072 0.000000
0.429915 -1.015000 0.179560 1.000000
0.260256 -0.148468 0.005864 0.000000
0.327863 -0.479345 0.188806 0.000000
0.527920 -0.206032 0.123904 0.000000
0.271796 -0.136658 -0.001053 0.000000
0.388655 0.356556 0.165013 0.000000
0.184525 -0.252751 0.557503 0.000000
0.638458 -0.167290 0.098103 0.000000
0.295538 0.080311 0.261042 0.000000
0.452454 -1.022803 0.198045 1.000000
0.485493 -1.105139 0.164445 1.000000
0.389484 -0.815651 0.416005 0.000000
0.347213 -0.421351 0.241537 0.000000
0.378846 -0.030235 -0.020270 0.000000
0.567754 -1.244866 0.130956 1.000000
0.386893 0.339356 0.140666 0.000000
0.423299 -0.009329 0.303765 0.000000
0.336221 0.172792 0.230811 0.000000
0.422771 0.206675 0.129714 0.000000
0.424974 0.143203 0.093505 0.000000
0.377563 0.442523 0.128896 0.000000
0.320293 -0.917545 0.209602 0.000000
0.300917 -1.061643 0.227394 0.000000
0.375605 -0.034051 0.258105 0.000000
0.295245 -0.028062 0.049939 0.000000
0.335988 0.343460 0.113498 0.000000
0.435662 0.063816 0.195515 0.000000
0.021356 -0.438772 0.164865 0.000000
0.464139 -0.061587 0.063513 0.000000
0.314026 -0.977332 0.210140 0.000000
0.344820 -0.568432 0.195088 0.000000
0.338559 0.273027 0.196185 0.000000
0.176295 -0.257770 0.165774 0.000000
0.395707 0.222573 0.106659 0.000000
0.345920 0.458796 0.143122 0.000000
0.378712 -0.773388 0.386452 0.000000
0.358740 -0.430038 0.234471 0.000000
0.279703 -0.052374 0.170097 0.000000
0.305000 0.082410 0.266419 0.000000
0.292867 -0.930469 0.229110 0.000000
0.331067 -0.541626 0.205184 0.000000
0.500317 -1.121374 0.169850 1.000000
0.458790 0.105057 0.128584 0.000000
0.583753 -1.290992 0.119453 1.000000
0.376503 0.334193 0.125672 0.000000
0.322572 -0.021378 0.185481 0.000000
0.415620 -1.002587 0.172050 1.000000
0.443958 -0.016718 0.213936 0.000000
0.439390 0.045167 0.208353 0.000000
0.489035 0.004906 0.128711 0.000000
0.448364 -1.029069 0.195121 1.000000
0.284857 -1.065172 0.240697 0.000000
0.337674 0.195795 0.216019 0.000000
0.255408 -0.038234 0.345385 0.000000
0.435772 0.139595 0.166566 0.000000
0.437122 0.122899 0.168669 0.000000
0.293734 -0.027382 0.179419 0.000000
0.349178 -0.350584 0.211914 0.000000
0.322679 0.217120 0.110346 0.000000
0.346950 -0.893326 0.208139 1.000000
0.418950 0.134400 0.191345 0.000000
0.522099 -1.138170 0.159453 1.000000
0.329554 -0.142498 0.190273 0.000000
0.443626 0.124873 0.127971 0.000000
0.272140 -1.043239 0.269032 0.000000
0.265033 0.026489 0.302713 0.000000
0.440567 0.016086 0.197165 0.000000
-0.056608 -0.523177 0.129758 0.000000
0.332342 -0.813786 0.220053 0.000000
0.332524 -0.379174 0.199659 0.000000
0.313235 -1.122517 0.239633 0.000000
0.332271 -0.497887 0.197514 0.000000
0.331934 -0.027954 0.179596 0.000000
0.374591 0.435654 0.116839 0.000000
0.394580 0.326207 0.133335 0.000000
0.382170 -0.619265 0.329624 0.000000
0.328935 -0.531758 0.186817 0.000000
0.269555 -0.152867 0.005439 0.000000
0.325652 0.137993 0.234441 0.000000
0.273574 -1.001951 0.243026 0.000000
0.322130 -1.081890 0.240261 0.000000
0.452500 0.101709 0.132324 0.000000
0.378600 -0.724447 0.366168 0.000000
0.393726 0.413992 0.153481 0.000000
0.132564 -0.330810 0.163980 0.000000
0.332109 -0.282826 0.185691 0.000000
0.292501 -1.151995 0.223744 0.000000
0.321836 -0.892693 0.214545 0.000000
0.188172 -0.228847 0.520383 0.000000
0.334154 -0.834069 0.213112 0.000000
0.346891 -0.329130 0.206078 0.000000
0.374619 0.382637 0.113212 0.000000
0.332703 0.322020 0.107858 0.000000
0.316620 -0.915353 0.226949 0.000000
0.328792 -0.347962 0.225668 0.000000
0.316638 -0.022504 0.040072 0.000000
0.292785 -0.920019 0.237816 0.000000
0.298897 0.054993 0.289321 0.000000
0.230197 -0.063971 0.364508 0.000000
0.398610 0.098013 0.229603 0.000000
0.268086 -1.079994 0.265509 0.000000
0.332983 -0.334882 0.195000 0.000000
0.355403 -0.884639 0.207165 1.000000
0.404090 0.219653 0.100669 0.000000
0.512623 -0.205490 -0.017300 0.000000
0.142421 -0.276937 0.164610 0.000000
0.332847 0.126156 0.078621 0.000000
0.516676 -0.183991 0.144758 0.000000
0.473648 0.017291 0.141946 0.000000
0.344425 -0.712971 0.200963 0.000000
0.300379 -1.056403 0.234568 0.000000
0.324634 0.166775 0.214306 0.000000
0.403790 0.192433 0.182107 0.000000
0.394207 0.053759 0.232627 0.000000
0.355892 -0.450262 0.242746 0.000000
0.515368 -0.091761 0.120038 0.000000
0.364496 -0.526142 0.284213 0.000000
0.413030 -0.956908 0.549063 0.000000
0.257970 -0.101600 0.156107 0.000000
0.412517 0.190837 0.105584 0.000000
0.308630 -1.083562 0.227581 0.000000
0.315912 -1.074072 0.233758 0.000000
0.285259 -1.055831 0.242127 0.000000
0.314665 0.125756 0.227937 0.000000
0.337044 -0.783047 0.211585 0.000000
0.431885 0.072212 0.082030 0.000000
0.438773 0.085716 0.187147 0.000000
0.433741 0.192982 0.125825 0.000000
0.339827 -0.315530 0.201265 0.000000
0.337193 -0.366427 0.194012 0.000000
0.338625 0.146567 0.129458 0.000000
0.325425 -0.507265 0.197055 0.000000
0.351321 0.392775 0.162226 0.000000
0.240039 -1.106724 0.251848 0.000000
0.306260 0.094263 0.254515 0.000000
0.472430 -0.082206 0.186212 0.000000
0.338569 0.240920 0.164239 0.000000
0.370405 -0.053170 -0.035326 0.000000
0.430759 0.140551 0.181664 0.000000
0.473012 0.014404 0.110521 0.000000
0.528996 -0.131021 0.156674 0.000000
0.188052 -0.250802 0.540938 0.000000
0.329597 0.004584 0.186839 0.000000
0.116002 -0.227988 -0.048170 0.000000
0.243903 -0.122861 0.146469 0.000000
0.370826 0.049018 0.220668 0.000000
0.519051 -0.123313 0.142796 0.000000
0.410933 0.249199 0.165785 0.000000
0.229537 -0.191771 -0.022049 0.000000
0.329917 -0.317361 0.193085 0.000000
0.332605 -0.508701 0.200247 0.000000
0.381347 -0.036705 -0.015435 0.000000
0.397997 0.073142 0.234913 0.000000
0.368269 -0.926328 0.220366 1.000000
0.338362 -0.646134 0.198927 0.000000
0.396054 -0.965612 0.184227 1.000000
0.329378 0.195765 0.164073 0.000000
0.334030 -0.317039 0.186303 0.000000
0.312408 0.020889 0.169864 0.000000
0.248877 -0.050608 0.352821 0.000000
0.320144 -0.244248 0.193897 0.000000
0.326100 -0.400090 0.189738 0.000000
0.374008 -0.820203 0.409396 0.000000
0.381858 0.309189 0.124010 0.000000
0.489207 -0.024841 0.143070 0.000000
0.312883 -1.103605 0.237628 0.000000
0.338450 -0.796587 0.200895 0.000000
0.431005 0.183680 0.126942 0.000000
0.253314 -0.111583 0.147479 0.000000
0.430485 -1.006374 0.184916 1.000000
0.334579 -0.668969 0.202944 0.000000
0.334630 -0.451577 0.191085 0.000000
0.420217 -0.979032 0.580278 0.000000
0.317984 0.119639 0.239832 0.000000
0.338653 -0.862559 0.213820 0.000000
0.160365 -0.216741 -0.041036 0.000000
0.334322 -0.297669 0.201738 0.000000
0.355222 -0.512225 0.270811 0.000000
0.272142 -1.092457 0.277787 0.000000
0.325027 -0.135400 0.183670 0.000000
0.313001 -1.077207 0.241711 0.000000
0.466613 0.041058 0.138380 0.000000
0.444906 0.072689 0.120778 0.000000
-0.067143 -0.528741 0.139129 0.000000
0.496507 -0.035060 0.136088 0.000000
0.287015 -0.947663 0.243346 0.000000
0.009789 -0.455513 0.158651 0.000000
0.369340 0.370842 0.118403 0.000000
0.339410 -0.697310 0.204167 0.000000
0.285670 -1.103030 0.257010 0.000000
0.572101 -1.284431 0.122792 1.000000
0.444051 -0.014887 0.332802 0.000000
0.328823 0.234418 0.103038 0.000000
0.341337 0.254655 0.208771 0.000000
0.339988 -0.741532 0.212988 0.000000
0.395958 0.128900 0.067670 0.000000
0.398167 0.100441 0.221838 0.000000
0.522540 -0.130683 0.148942 0.000000
0.526406 -0.228360 0.168279 0.000000
0.354834 0.105903 0.154595 0.000000
0.492855 -0.051828 0.115919 0.000000
0.457401 0.112192 0.127643 0.000000
0.359238 -0.474873 0.251945 0.000000
0.374646 -0.639088 0.328291 0.000000
0.330901 -0.366782 0.201489 0.000000
0.237027 -0.178889 -0.021538 0.000000
0.330582 -0.720740 0.205619 0.000000
0.387658 0.024751 0.258463 0.000000
0.494153 -0.041022 0.148184 0.000000
0.338042 0.293889 0.183719 0.000000
0.549353 -1.230655 0.131439 1.000000
0.340253 -0.528440 0.194004 0.000000
0.481629 -0.031414 0.118664 0.000000
0.418286 -0.148724 0.261722 0.000000
0.509000 -0.175808 -0.000224 0.000000
0.339291 0.162878 0.120346 0.000000
0.437849 -0.059793 0.225227 0.000000
0.346347 0.125375 0.139512 0.000000
0.347158 0.373996 0.167356 0.000000
0.351159 -0.892303 0.221924 1.000000
0.326048 0.185440 0.169542 0.000000
0.372368 -0.714327 0.358411 0.000000
0.579640 -1.278551 0.121503 1.000000
0.299320 -0.931253 0.238794 0.000000
-0.003245 -0.461016 0.157930 0.000000
0.399137 0.269314 0.165792 0.000000
0.494143 -1.119094 0.163635 1.000000
0.337622 -0.797765 0.212945 0.000000
0.324849 -0.856039 0.213280 0.000000
0.328525 -0.827348 0.205532 0.000000
0.292204 -1.072188 0.210346 0.000000
0.398552 -0.206200 0.305073 0.000000
0.351992 -0.364963 0.218401 0.000000
0.343795 0.356737 0.168314 0.000000
0.456592 -1.061759 0.172172 1.000000
0.349181 0.369338 0.160682 0.000000
0.273012 -1.017012 0.242651 0.000000
0.374281 0.451321 0.139735 0.000000
0.434617 0.074583 0.197409 0.000000
0.396377 0.335184 0.128813 0.000000
0.301691 -1.052857 0.208440 0.000000
0.385511 -0.921611 0.496078 0.000000
-0.094386 -0.561375 0.135815 0.000000
0.480145 0.027716 0.133889 0.000000
0.173773 -0.250269 0.163061 0.000000
0.337487 -0.471588 0.196836 0.000000
0.257377 -0.057551 0.353798 0.000000
0.390748 0.351165 0.159536 0.000000
0.363155 -0.539482 0.283067 0.000000
0.329390 -0.589453 0.198957 0.000000
0.466657 -0.070560 0.181871 0.000000
0.438609 -0.041500 0.213754 0.000000
0.306544 -0.907455 0.243466 0.000000
0.507773 -0.160753 0.011052 0.000000
0.343503 -0.400305 0.246179 0.000000
0.356187 -0.899405 0.201124 1.000000
0.325498 -0.151330 0.182932 0.000000
0.189359 -0.151250 0.441127 0.000000
0.334131 -0.564654 0.199608 0.000000
0.345416 -0.376054 0.226582 0.000000
0.443351 -1.033617 0.182242 1.000000
0.392068 0.238501 0.168692 0.000000
0.291703 -1.063762 0.254130 0.000000
0.333208 0.185178 0.163800 0.000000
0.478024 -1.098840 0.167598 1.000000
0.386716 0.352061 0.150002 0.000000
0.406359 0.181150 0.109324 0.000000
0.398897 0.302230 0.126561 0.000000
0.459262 -1.052842 0.165272 1.000000
0.393263 0.284077 0.117797 0.000000
0.279932 -0.124582 -0.001136 0.000000
0.430659 -1.013381 0.193443 1.000000
0.474940 -0.014145 0.112161 0.000000
0.082533 -0.382198 0.167915 0.000000
0.339223 -0.857310 0.224721 0.000000
0.338995 -0.680992 0.196536 0.000000
0.391292 -0.957092 0.195502 1.000000
0.286452 -1.007310 0.265365 0.000000
0.344550 -0.814623 0.214085 0.000000
0.402944 0.323989 0.124079 0.000000
0.174224 -0.266940 0.575480 0.000000
0.327812 0.110613 0.166376 0.000000
0.419058 -0.993129 0.202450 1.000000
0.255552 -0.009518 0.328784 0.000000
0.332948 -0.341715 0.221672 0.000000
0.311647 -1.023324 0.232567 0.000000
0.473914 0.004949 0.110427 0.000000
0.351443 0.400361 0.153226 0.000000
0.360893 -0.915122 0.222766 1.000000
0.320701 -0.878025 0.213213 0.000000
0.539119 -1.219579 0.140416 1.000000
0.293424 -1.079322 0.239906 0.000000
0.336559 0.260271 0.097360 0.000000
0.433061 -0.052083 0.219621 0.000000
0.395252 0.118527 0.057085 0.000000
0.346420 -0.393288 0.225756 0.000000
0.340745 -0.347787 0.192419 0.000000
0.399975 0.205070 0.213265 0.000000
0.327070 -0.683394 0.208669 0.000000
0.421688 -1.006554 0.195851 1.000000
0.342949 0.483551 0.148633 0.000000
0.413775 -0.176614 0.276347 0.000000
0.392329 0.213931 0.097861 0.000000
-0.058389 -0.521415 0.150065 0.000000
0.299153 -1.030795 0.213537 0.000000
0.315786 -0.987446 0.227239 0.000000
0.308031 -0.950699 0.237347 0.000000
0.334969 -0.182272 0.187916 0.000000
0.460534 0.017033 0.115532 0.000000
0.370555 -0.722683 0.359728 0.000000
0.448494 0.022031 0.187474 0.000000
0.334179 0.293118 0.162788 0.000000
0.327344 -0.922911 0.222788 0.000000
0.100391 -0.354132 0.170341 0.000000
0.322071 0.299915 0.108164 0.000000
0.337221 -0.160490 0.185487 0.000000
-0.001403 -0.473603 0.144616 0.000000
0.303298 -0.071520 0.024522 0.000000
0.357243 -0.486417 0.267024 0.000000
0.458612 -0.035047 0.189528 0.000000
-0.078630 -0.537227 0.138326 0.000000
0.507748 -0.258923 -0.059622 0.000000
0.578675 -0.141201 0.114085 0.000000
0.337744 -0.534733 0.206542 0.000000
0.402957 0.138005 0.215447 0.000000
0.491344 -0.027223 0.376136 0.000000
0.457807 0.088369 0.133437 0.000000
0.337901 0.209239 0.096402 0.000000
0.379716 0.032616 0.256504 0.000000
0.292321 -0.023338 0.169364 0.000000
0.373535 -0.568735 0.305266 0.000000
0.349180 0.261762 0.180381 0.000000
0.235566 -0.134542 0.152389 0.000000
0.364010 -0.618726 0.310816 0.000000
0.371725 -0.684131 0.344579 0.000000
0.158300 -0.284212 0.166878 0.000000
0.473925 -0.002228 0.110435 0.000000
0.332961 -0.310635 0.195610 0.000000
0.397244 0.402318 0.145399 0.000000
0.368489 0.458032 0.125227 0.000000
0.319761 -0.976846 0.234216 0.000000
0.368550 0.056169 0.208422 0.000000
0.432941 0.118515 0.180507 0.000000
0.459561 0.066527 0.137040 0.000000
0.341168 -0.848740 0.211725 0.000000
0.358720 -0.900052 0.225441 1.000000
0.308565 -1.017722 0.238748 0.000000
0.329626 -0.050179 0.182075 0.000000
0.341890 -0.751524 0.199260 0.000000
0.384971 0.367705 0.145135 0.000000
0.330872 0.163097 0.217247 0.000000
0.442811 -1.038911 0.189739 1.000000
0.211008 -0.141685 0.412659 0.000000
0.501042 -0.072826 0.117397 0.000000
0.219382 -0.183199 0.156888 0.000000
0.129403 -0.326336 0.174654 0.000000
0.282356 -1.056749 0.249398 0.000000
0.017928 -0.452943 0.157417 0.000000
0.277345 -0.059106 0.170141 0.000000
0.588971 -0.141650 0.116708 0.000000
0.375968 -0.783921 0.390786 0.000000
0.326351 0.090297 0.165962 0.000000
0.391963 0.065786 0.032688 0.000000
0.319324 0.020110 0.172823 0.000000
0.367047 -0.499978 0.285105 0.000000
0.324384 -0.331389 0.222743 0.000000
0.400954 0.010889 0.296775 0.000000
0.323944 -0.848592 0.218165 0.000000
0.067766 -0.376665 0.174385 0.000000
0.395031 0.126447 0.060632 0.000000
0.399255 0.134247 0.225251 0.000000
0.348188 0.132845 0.134310 0.000000
0.355843 -0.539014 0.268051 0.000000
0.345375 -0.638910 0.203527 0.000000
0.349929 -0.439463 0.262782 0.000000
0.114801 -0.318418 0.172677 0.000000
0.430193 -0.976463 0.585371 0.000000
0.476362 -1.078789 0.159387 1.000000
0.399840 0.188329 0.091106 0.000000
0.532372 -0.112096 0.113822 0.000000
0.368326 -0.581291 0.305810 0.000000
0.336581 -0.445413 0.186179 0.000000
0.346201 0.362328 0.121330 0.000000
0.334160 -0.812728 0.204816 0.000000
0.388898 0.052217 0.027904 0.000000
0.529210 -0.179306 0.161794 0.000000
0.432403 0.049363 0.088432 0.000000
0.454088 -0.031827 0.071575 0.000000
0.436275 -1.029658 0.177549 1.000000
0.366926 0.436725 0.115214 0.000000
0.398437 0.147700 0.223584 0.000000
0.430978 -0.106778 0.242210 0.000000
0.337159 0.182961 0.234943 0.000000
0.395712 0.347058 0.170707 0.000000
0.324199 0.056156 0.068828 0.000000
0.346367 0.385437 0.126970 0.000000
0.312021 -0.912634 0.239174 0.000000
0.376340 0.416987 0.117607 0.000000
0.294753 -1.128136 0.223354 0.000000
0.283197 -0.048054 0.162886 0.000000
0.363212 -0.520525 0.297665 0.000000
0.632271 -0.161497 0.100743 0.000000
0.318693 -0.936701 0.223841 0.000000
0.345080 -0.365243 0.219927 0.000000
0.335320 -0.606899 0.198726 0.000000
0.278756 -1.084223 0.248750 0.000000
0.346217 0.379132 0.123681 0.000000
0.431685 0.061383 0.090946 0.000000
0.586610 -0.055570 0.451130 0.000000
0.362895 -0.916716 0.211338 1.000000
0.508543 -0.069612 0.150359 0.000000
0.365555 -0.585047 0.312552 0.000000
0.400005 0.250388 0.197508 0.000000
0.335520 0.141480 0.171794 0.000000
0.406116 -0.178348 0.272638 0.000000
0.318650 -0.876289 0.221952 0.000000
0.391542 -0.894165 0.463938 0.000000
0.294936 -0.973467 0.235951 0.000000
0.335515 0.244354 0.213023 0.000000
0.275409 -0.131700 0.013318 0.000000
0.336209 -0.329039 0.187687 0.000000
0.439003 0.150766 0.123571 0.000000
0.316719 -0.900330 0.220339 0.000000
0.308620 0.004910 0.161680 0.000000
0.292765 -0.059662 0.045004 0.000000
0.537336 -1.186462 0.147493 1.000000
0.419811 0.150427 0.125206 0.000000
0.360523 -0.447449 0.233145 0.000000
0.325562 -0.536107 0.199400 0.000000
0.305463 -0.035665 0.042522 0.000000
0.341818 -0.668218 0.205595 0.000000
0.469653 -0.081244 0.057805 0.000000
0.133176 -0.283983 0.166538 0.000000
0.234430 -0.159205 0.159893 0.000000
0.319777 0.039316 0.061381 0.000000
0.398435 -0.938075 0.515644 0.000000
0.336921 0.170151 0.244269 0.000000
0.542884 -1.218715 0.133921 1.000000
0.176480 -0.269852 0.568427 0.000000
0.204838 -0.222737 0.171460 0.000000
0.469784 -1.077064 0.182386 1.000000
0.279143 -1.068823 0.259610 0.000000
0.389774 -0.701084 0.357051 0.000000
0.449250 -0.027053 0.066641 0.000000
0.326774 -0.549218 0.193544 0.000000
0.254473 -0.103470 0.149455 0.000000
0.404018 -0.945571 0.526452 0.000000
0.134849 -0.317596 0.168226 0.000000
0.440234 -0.045642 0.221292 0.000000
0.304783 -1.002063 0.232693 0.000000
0.124159 -0.293790 0.169049 0.000000
0.418804 0.220057 0.166616 0.000000
0.318262 0.052006 0.179807 0.000000
0.379892 -0.936810 0.189459 1.000000
0.297928 -0.991894 0.216889 0.000000
0.425087 0.201274 0.125857 0.000000
0.329724 0.166291 0.164524 0.000000
0.248200 -1.059858 0.246326 0.000000
0.565238 -1.224775 0.138893 1.000000
0.566838 -0.133748 0.115591 0.000000
0.430348 0.160664 0.123444 0.000000
0.333432 -0.739390 0.214297 0.000000
0.234825 -0.143076 0.147021 0.000000
0.349171 -0.409893 0.230611 0.000000
0.339418 -0.594712 0.195480 0.000000
0.338144 0.389245 0.156981 0.000000
0.332361 -0.391952 0.195876 0.000000
0.467523 -1.061405 0.177457 1.000000
0.040391 -0.432802 0.160207 0.000000
0.334369 -0.489210 0.189142 0.000000
0.589585 -1.296851 0.118581 1.000000
0.376601 -0.563565 0.317164 0.000000
0.320832 0.117289 0.248901 0.000000
0.544860 -1.198328 0.146416 1.000000
0.478632 0.039644 0.130885 0.000000
0.372032 0.482482 0.145868 0.000000
0.303750 -0.012885 0.048112 0.000000
0.448858 -0.033217 0.216056 0.000000
0.462687 -0.051076 0.189642 0.000000
0.074874 -0.242393 -0.051284 0.000000
0.325082 -0.323389 0.195994 0.000000
0.388337 0.287883 0.128106 0.000000
0.353502 0.418133 0.115510 0.000000
0.330501 0.079235 0.074606 0.000000
0.501911 -0.057550 0.145439 0.000000
0.299992 -1.031785 0.205239 0.000000
0.333690 -0.531616 0.194918 0.000000
0.382197 -0.017186 -0.012548 0.000000
0.384061 0.435778 0.131729 0.000000
0.262470 -0.098837 0.169075 0.000000
0.352330 0.257713 0.104953 0.000000
0.431437 0.091650 0.186217 0.000000
0.340549 -0.804325 0.205099 0.000000
0.488333 -1.122767 0.161637 1.000000
0.536627 -1.208376 0.138573 1.000000
0.357456 -0.498973 0.287508 0.000000
0.335473 -0.267842 0.189552 0.000000
0.390632 0.034679 0.015435 0.000000
0.194937 -0.185926 0.468659 0.000000
0.362286 0.080162 0.175743 0.000000
0.610671 -0.157040 0.108229 0.000000
0.330431 -0.897935 0.213495 0.000000
0.344836 -0.791852 0.211718 0.000000
0.328528 0.210945 0.165954 0.000000
0.359157 -0.910274 0.183730 1.000000
0.383187 0.006953 0.239609 0.000000
0.297399 -1.039514 0.205057 0.000000
0.463422 0.076929 0.135463 0.000000
0.338171 0.187917 0.223921 0.000000
0.313096 -0.860802 0.215176 0.000000
0.397097 0.130527 0.230987 0.000000
0.299816 -0.039315 0.050223 0.000000
0.515977 -0.099285 0.146488 0.000000
0.434522 0.168723 0.129224 0.000000
0.338736 -0.626190 0.192028 0.000000
0.377585 -0.883032 0.457538 0.000000
0.389574 0.016581 0.240532 0.000000
0.295510 -1.038653 0.221785 0.000000
0.149257 -0.220108 -0.042642 0.000000
0.203517 -0.166436 0.430799 0.000000
0.433135 0.078788 0.191059 0.000000
0.324567 -0.562804 0.197421 0.000000
0.375951 -0.044132 -0.027006 0.000000
0.307225 -0.020500 0.046648 0.000000
0.213035 -0.136084 0.408840 0.000000
0.496606 -0.039559 0.155023 0.000000
0.424490 -0.995058 0.207799 1.000000
0.327788 -0.339622 0.190512 0.000000
0.375594 -0.042823 0.263136 0.000000
0.481028 -1.078831 0.186514 1.000000
0.325189 0.059326 0.175889 0.000000
0.374175 0.039881 0.242086 0.000000
0.388798 0.076869 0.039041 0.000000
0.427918 0.158914 0.172846 0.000000
0.328556 -0.159660 0.187332 0.000000
0.320731 -0.906775 0.216797 0.000000
0.343789 0.258494 0.194215 0.000000
0.212578 -0.114013 0.390103 0.000000
0.385304 -0.944031 0.184805 1.000000
0.361505 0.295548 0.101608 0.000000
0.501042 -1.131320 0.165947 1.000000
0.337633 -0.404473 0.182503 0.000000
0.387834 -0.853390 0.432176 0.000000
0.520231 -0.113738 0.139268 0.000000
0.445273 -0.009184 0.069957 0.000000
0.298450 -0.071531 0.017759 0.000000
0.330958 -0.596204 0.195653 0.000000
0.357605 -0.674645 0.328841 0.000000
0.308048 -1.081333 0.239144 0.000000
0.293793 -1.134764 0.212173 0.000000
0.440302 0.021655 0.087785 0.000000
0.313753 -0.851806 0.218619 0.000000
-0.102897 -0.561556 0.128181 0.000000
0.391523 0.263755 0.162557 0.000000
0.245323 -0.139570 0.166092 0.000000
0.312968 -0.941280 0.231454 0.000000
0.284522 -1.033395 0.240697 0.000000
0.327683 -0.318610 0.210745 0.000000
0.306058 0.045357 0.060106 0.000000
0.383538 0.390525 0.148636 0.000000
0.387583 0.423297 0.147705 0.000000
0.076442 -0.387339 0.168344 0.000000
0.336345 -0.287893 0.187935 0.000000
0.439200 0.177347 0.131135 0.000000
0.421156 0.213364 0.121748 0.000000
0.243318 -0.131018 0.154423 0.000000
0.367246 -0.915930 0.201745 1.000000
0.320841 0.103704 0.168489 0.000000
0.338214 0.315067 0.154461 0.000000
0.120389 -0.314768 0.170873 0.000000
0.333179 -0.607161 0.205294 0.000000
0.392285 -0.906970 0.468133 0.000000
0.364845 -0.078821 0.295605 0.000000
0.299959 -1.049494 0.217619 0.000000
0.483748 0.017068 0.131714 0.000000
0.344686 -0.698659 0.209176 0.000000
0.364876 0.359111 0.115959 0.000000
0.169109 -0.210158 -0.042281 0.000000
0.366195 0.388747 0.119365 0.000000
0.287264 -1.043978 0.247923 0.000000
-0.035380 -0.501086 0.154711 0.000000
0.337772 0.214381 0.223459 0.000000
0.475669 -1.093698 0.175584 1.000000
0.388518 0.397400 0.127524 0.000000
0.394640 0.111244 0.053347 0.000000
0.191685 -0.245873 0.551386 0.000000
0.344131 -0.426437 0.257823 0.000000
0.485230 -0.120656 0.181382 0.000000
0.289984 -1.091321 0.244246 0.000000
0.330691 -0.095413 0.183007 0.000000
0.335076 0.258150 0.164663 0.000000
0.331952 -0.418593 0.187786 0.000000
0.322061 0.126583 0.167615 0.000000
0.359333 -0.579849 0.302207 0.000000
0.266795 -0.078588 0.156470 0.000000
0.376322 -0.930398 0.183030 1.000000
0.260566 -0.092367 0.153992 0.000000
0.339006 0.124707 0.081586 0.000000
0.425189 0.095429 0.205646 0.000000
0.450345 -1.025346 0.161960 1.000000
0.385447 -0.729796 0.371021 0.000000
0.432921 0.130074 0.174753 0.000000
0.348921 -0.883793 0.200586 1.000000
0.336829 -0.459443 0.202229 0.000000
0.396725 -0.959925 0.220900 1.000000
0.446189 0.034195 0.186388 0.000000
0.325183 0.204462 0.111081 0.000000
0.341565 -0.826434 0.213750 0.000000
0.473590 -1.071995 0.179731 1.000000
0.261041 -0.092019 0.178648 0.000000
0.337653 0.206437 0.166336 0.000000
0.309065 0.099903 0.250975 0.000000
0.354572 -0.442987 0.245422 0.000000
0.443408 -0.070282 0.232596 0.000000
0.334559 -0.676027 0.203170 0.000000
0.295069 -0.986367 0.233069 0.000000
0.329946 -0.210835 0.191111 0.000000
0.397576 0.289869 0.161093 0.000000
0.344192 -0.414680 0.254895 0.000000
0.432762 -0.976622 0.578742 0.000000
0.341853 0.245262 0.160056 0.000000
0.511424 -1.140565 0.168899 1.000000
0.348472 0.251277 0.183325 0.000000
0.335298 -0.619104 0.204135 0.000000
0.297868 -0.054785 0.040554 0.000000
0.297516 -0.065306 0.044400 0.000000
0.344934 0.278510 0.184101 0.000000
0.334438 -0.687341 0.199319 0.000000
0.317374 0.032105 0.174363 0.000000
0.312252 0.036156 0.060107 0.000000
0.301227 -0.947279 0.235673 0.000000
0.391122 -0.717404 0.367123 0.000000
0.327393 0.249454 0.101358 0.000000
0.377414 -0.882350 0.444239 0.000000
0.380996 -0.653037 0.338706 0.000000
0.420741 0.240576 0.122978 0.000000
0.209431 -0.195631 -0.028446 0.000000
0.285415 0.071920 0.265065 0.000000
0.505008 -0.243140 -0.049612 0.000000
0.187399 -0.240803 0.536428 0.000000
0.390575 -0.829026 0.419404 0.000000
0.325076 -0.865762 0.214386 0.000000
0.393247 0.134951 0.063385 0.000000
0.338807 -0.506510 0.183485 0.000000
0.326304 -0.029135 0.186582 0.000000
0.362711 -0.523607 0.264161 0.000000
0.312285 -1.020676 0.219602 0.000000
0.115493 -0.338361 0.169678 0.000000
0.428183 -1.005898 0.202028 1.000000
0.255805 -0.089761 0.145178 0.000000
0.292944 -0.910552 0.230954 0.000000
0.358863 -0.599605 0.296009 0.000000
0.420300 0.103041 0.097107 0.000000
0.445039 -0.018644 0.061480 0.000000
0.392254 0.313302 0.131604 0.000000
0.508396 -0.225340 -0.042013 0.000000
0.322740 0.006152 0.179420 0.000000
0.337712 -0.850789 0.222579 0.000000
0.227331 -0.097022 0.382840 0.000000
0.622553 -1.328438 0.111131 1.000000
0.324062 -0.518665 0.188373 0.000000
0.351765 -0.420400 0.236107 0.000000
0.324614 -0.059872 0.188346 0.000000
0.330602 -0.356998 0.196314 0.000000
0.432564 0.038470 0.077048 0.000000
0.393506 -0.765967 0.388356 0.000000
0.379239 0.034846 0.242622 0.000000
0.337224 0.161232 0.083109 0.000000
0.341437 -0.383839 0.239049 0.000000
0.337560 -0.357628 0.185934 0.000000
0.412320 0.199027 0.123356 0.000000
0.450800 0.136995 0.126434 0.000000
0.598358 -1.302105 0.117929 1.000000
0.357268 -0.435423 0.239241 0.000000
0.471736 0.051917 0.132671 0.000000
0.476724 -0.083786 0.059602 0.000000
0.294267 -1.063738 0.211779 0.000000
-0.017558 -0.481263 0.158264 0.000000
0.171652 -0.271024 0.165845 0.000000
0.336765 -0.632365 0.201765 0.000000
0.249816 -1.131249 0.244696 0.000000
0.362102 -0.907614 0.191692 1.000000
0.438273 -1.034066 0.187133 1.000000
0.445478 0.064370 0.118929 0.000000
0.342710 0.464914 0.146820 0.000000
0.401840 0.226969 0.103002 0.000000
0.390970 0.303504 0.127153 0.000000
0.213339 -0.186887 0.154072 0.000000
0.289776 -1.071829 0.237564 0.000000
0.327867 -0.806019 0.206201 0.000000
0.323188 -0.314442 0.194049 0.000000
0.341279 -0.327735 0.196301 0.000000
0.331066 -0.919915 0.213085 0.000000
0.216977 -0.207013 0.164686 0.000000
0.378664 0.403064 0.150654 0.000000
0.337605 -0.422042 0.202508 0.000000
0.428746 -0.129026 0.245825 0.000000
0.431683 -0.011557 0.316269 0.000000
0.289369 0.010377 0.319148 0.000000
0.357664 -0.460579 0.243075 0.000000
0.338228 0.271489 0.165540 0.000000
0.368055 -0.047139 0.270372 0.000000
0.220702 -0.068121 0.365826 0.000000
0.344666 0.428546 0.148633 0.000000
0.249036 -0.129921 0.167254 0.000000
0.338946 0.294412 0.167432 0.000000
0.340723 0.390178 0.137004 0.000000
0.445855 0.056911 0.191843 0.000000
0.327868 0.106462 0.075111 0.000000
0.484732 -1.099342 0.168386 1.000000
0.389710 0.170261 0.076734 0.000000
0.328707 -0.838575 0.213041 0.000000
0.360580 -0.533849 0.295421 0.000000
0.458450 0.129023 0.124229 0.000000
0.339462 0.329280 0.161258 0.000000
0.386578 -0.868868 0.441009 0.000000
0.293964 -1.143813 0.213011 0.000000
0.284721 -0.112870 0.017542 0.000000
0.462946 0.035995 0.142796 0.000000
0.395342 0.068084 0.227178 0.000000
0.527416 -0.137743 0.161650 0.000000
0.310424 -1.065161 0.233948 0.000000
0.498858 -0.064041 0.113857 0.000000
0.328284 -0.469374 0.186756 0.000000
0.365431 -0.594581 0.306462 0.000000
0.370699 -0.674467 0.337425 0.000000
0.453800 -1.055377 0.171261 1.000000
0.330758 -0.100629 0.189585 0.000000
0.385686 0.002774 -0.001539 0.000000
0.370101 -0.524600 0.302620 0.000000
0.338154 0.285373 0.168020 0.000000
-0.088883 -0.550571 0.133026 0.000000
0.451952 -1.040779 0.190682 1.000000
0.339749 -0.618043 0.196720 0.000000
0.342940 0.157416 0.118787 0.000000
0.303666 -0.885150 0.225472 0.000000
0.329779 0.243172 0.101994 0.000000
0.531656 -0.190241 0.167032 0.000000
0.325581 0.086209 0.071440 0.000000
0.296206 -1.139018 0.229561 0.000000
0.287228 -1.054649 0.254061 0.000000
0.414975 -0.967742 0.567519 0.000000
0.379000 -0.630085 0.330852 0.000000
0.510460 -0.079330 0.110256 0.000000
0.362571 0.347978 0.118848 0.000000
0.325370 0.073021 0.169200 0.000000
0.481637 -0.121428 0.046234 0.000000
0.055245 -0.413020 0.165363 0.000000
0.582164 -1.268555 0.124872 1.000000
0.308487 0.012263 0.171147 0.000000
0.433172 -0.008913 0.327109 0.000000
0.360745 -0.545923 0.283448 0.000000
0.118024 -0.308538 0.172047 0.000000
0.425547 0.188892 0.122236 0.000000
0.389968 0.343331 0.145137 0.000000
0.438797 0.181373 0.124389 0.000000
0.449216 0.015500 0.085487 0.000000
0.386576 -0.012617 -0.002084 0.000000
0.383725 -0.023552 -0.009351 0.000000
0.327717 0.016894 0.179186 0.000000
0.349208 0.443614 0.148044 0.000000
0.340751 0.137057 0.086003 0.000000
0.331611 0.277291 0.100511 0.000000
0.318962 -0.860190 0.229255 0.000000
0.501341 -0.164585 0.020355 0.000000
0.338901 0.204551 0.221001 0.000000
0.281424 -0.960996 0.235219 0.000000
0.411535 0.161560 0.187282 0.000000
0.347272 0.488805 0.151575 0.000000
0.200683 -0.147891 0.424464 0.000000
0.524399 -1.163111 0.155119 1.000000
0.431737 0.086109 0.087280 0.000000
0.225992 -0.043089 0.357386 0.000000
0.263504 -0.000242 0.322092 0.000000
0.469334 -0.094952 0.053071 0.000000
0.364907 0.471700 0.120651 0.000000
0.491704 -0.144661 0.032272 0.000000
0.599868 -0.148565 0.113397 0.000000
0.297433 -1.023617 0.220977 0.000000
0.325425 -0.286850 0.193758 0.000000
0.331074 0.072561 0.179922 0.000000
0.334265 -0.276040 0.192404 0.000000
0.418253 0.117163 0.096871 0.000000
-0.045947 -0.512354 0.137945 0.000000
0.465684 -0.059531 0.183972 0.000000
0.282484 -0.951697 0.230775 0.000000
0.360188 -0.565968 0.284043 0.000000
0.448548 -1.039917 0.171553 1.000000
0.435992 -1.019164 0.190773 1.000000
0.367936 -0.512245 0.298006 0.000000
0.394833 0.012812 0.259470 0.000000
0.362789 0.307957 0.106983 0.000000
0.336068 0.365783 0.121406 0.000000
0.364152 -0.565169 0.306913 0.000000
0.412809 0.279171 0.121970 0.000000
0.344735 0.235132 0.105286 0.000000
0.343577 -0.687634 0.209083 0.000000
0.559030 -0.048263 0.423037 0.000000
0.302629 -1.016482 0.235598 0.000000
0.369500 -0.926075 0.174245 1.000000
0.334430 -0.332274 0.214599 0.000000
0.324455 0.127765 0.243654 0.000000
0.327830 0.308993 0.106406 0.000000
0.385978 -0.876839 0.447429 0.000000
0.322337 -0.089921 0.185911 0.000000
0.340004 0.316983 0.160599 0.000000
0.327355 -0.699376 0.209192 0.000000
0.527202 -0.156602 0.155214 0.000000
0.359409 -0.518267 0.292674 0.000000
0.328905 -0.426531 0.197596 0.000000
0.352832 0.279217 0.104017 0.000000
0.329088 0.144097 0.171329 0.000000
0.332262 -0.235116 0.200910 0.000000
