0.498485 -0.357046 0.117587 0.000000
0.151217 -1.380708 -0.390268 1.000000
0.383475 0.505266 0.049374 0.000000
0.004818 -0.839097 0.021137 0.000000
0.010627 -0.299809 -0.255718 0.000000
0.081510 -1.353968 0.087382 0.000000
0.249692 0.047397 -0.022644 0.000000
0.779971 -0.176566 -0.105338 0.000000
0.530669 0.022969 0.233089 0.000000
0.157298 -0.492927 0.031848 0.000000
0.210638 -1.093277 -0.145122 1.000000
0.451929 -0.176752 -0.139879 0.000000
-0.110420 -1.129714 -0.035554 0.000000
0.428183 0.232987 0.083472 0.000000
0.691646 -0.528767 0.167688 0.000000
0.043589 -0.089846 -0.106329 0.000000
0.268154 -0.258169 0.028681 0.000000
0.240735 -0.737890 0.012182 0.000000
0.562923 0.018106 -0.019060 0.000000
0.395369 -0.085173 0.085274 0.000000
0.151194 -1.148946 0.055770 0.000000
0.221477 -0.950238 0.019046 0.000000
0.192945 -1.240343 -0.266415 1.000000
0.063802 -0.659135 0.029474 0.000000
0.264143 0.229623 0.004644 0.000000
0.140661 -0.234858 -0.149424 0.000000
0.413178 0.093506 -0.008722 0.000000
0.201391 -0.101292 -0.067670 0.000000
-0.050033 -0.986130 -0.004566 0.000000
0.393147 -0.049943 -0.069435 0.000000
0.337025 0.356772 0.056314 0.000000
0.650641 -0.103751 -0.057784 0.000000
0.433811 -0.226466 0.097812 0.000000
0.273514 -0.406074 0.016017 0.000000
0.111123 0.027820 -0.056942 0.000000
0.254329 -0.595448 0.010567 0.000000
0.480318 0.121755 0.142422 0.000000
0.513011 -0.108705 -0.040559 0.000000
0.178555 -1.274483 0.017064 0.000000
0.580669 -0.207976 -0.127547 0.000000
0.586726 -0.454708 0.133413 0.000000
0.294006 -0.135733 0.030571 0.000000
0.349931 0.024722 0.067050 0.000000
0.318415 0.135717 0.048674 0.000000
0.223747 -1.007995 -0.075501 1.000000
0.207205 -1.059555 0.025937 0.000000
0.503002 -0.277455 -0.154726 0.000000
0.217616 -0.842922 0.014500 0.000000
0.206223 0.144167 -0.020789 0.000000
0.452281 -0.003118 -0.002968 0.000000
0.403726 0.190877 -0.002310 0.000000
0.058209 -0.756147 0.022118 0.000000
0.125034 -0.584245 0.034610 0.000000
0.331837 -0.047672 0.005077 0.000000
0.257200 -0.500149 0.018955 0.000000
0.193345 -1.169252 -0.203050 1.000000
0.114808 -1.239570 0.075936 0.000000
0.394918 0.294168 0.021137 0.000000
0.504056 0.086876 0.001052 0.000000
0.083663 -0.275242 -0.206921 0.000000
0.376082 -0.138359 -0.005219 0.000000
0.165930 -1.315041 -0.331959 1.000000
0.186776 -0.407892 0.020137 0.000000
0.366070 0.026671 -0.036732 0.000000
0.333738 0.242035 0.054110 0.000000
0.390712 0.420290 0.039769 0.000000
0.176174 -0.172823 -0.104472 0.000000
0.232855 -0.332523 0.015904 0.000000
0.214664 -0.022596 -0.047564 0.000000
-0.012470 -0.914267 -0.002280 0.000000
-0.076881 -1.057289 -0.029917 0.000000
0.418835 -0.115156 -0.104448 0.000000
0.164167 0.078187 -0.029439 0.000000
0.713294 -0.145784 -0.078088 0.000000
0.602729 -0.043172 -0.046987 0.000000
0.171120 -1.335895 0.064289 0.000000
0.281094 0.122395 -0.018113 0.000000
0.108046 -1.303977 0.035755 0.000000
0.466244 0.151133 0.012639 0.000000
0.430273 -0.151243 0.090995 0.000000
0.475457 -0.287810 0.102485 0.000000
0.011200 -0.151088 -0.131754 0.000000
0.188854 -1.213004 0.056253 0.000000
0.085294 -0.037601 -0.075638 0.000000
0.329081 0.073035 0.005415 0.000000
0.242149 -0.666109 0.020238 0.000000
0.499167 0.069631 0.188303 0.000000
0.554235 -0.162222 -0.080632 0.000000
0.315236 0.183016 -0.004223 0.000000
0.455391 0.176100 0.108840 0.000000
0.533302 -0.412765 0.134657 0.000000
0.312078 0.300455 0.030688 0.000000
0.641010 -0.486767 0.154575 0.000000
0.336145 0.451172 0.057874 0.000000
0.470674 -0.060777 -0.025676 0.000000
0.291801 -0.199545 0.023028 0.000000
0.232829 -0.955036 -0.042178 1.000000
0.370635 -0.033637 0.059857 0.000000
0.396423 0.355529 0.038109 0.000000
0.302601 -0.001714 0.037107 0.000000
0.118103 -1.194580 0.030491 0.000000
0.432032 0.238475 0.021277 0.000000
0.189729 -1.002007 0.023991 0.000000
0.201283 -1.147889 0.022676 0.000000
0.194815 -1.050113 -0.107597 1.000000
0.158782 -1.094305 0.035533 0.000000
0.302139 -0.078655 0.043674 0.000000
0.474932 -0.227643 -0.151381 0.000000
0.231109 -0.897012 0.005967 1.000000
0.234770 0.183053 0.005713 0.000000
0.328235 0.076487 0.059906 0.000000
0.352128 -0.096190 0.019247 0.000000
0.321105 0.189538 0.052451 0.000000
0.339301 0.132803 -0.000915 0.000000
0.401672 0.280386 0.072788 0.000000
0.227304 -0.789947 0.009920 0.000000
0.431844 0.045377 0.003545 0.000000
0.322009 0.014812 -0.009244 0.000000
0.081497 -0.709119 0.028702 0.000000
0.188319 -1.277314 -0.303091 1.000000
0.277718 -0.308277 0.024833 0.000000
0.343551 0.402999 0.030521 0.000000
0.190412 -1.136199 -0.164619 1.000000
0.217592 -0.374172 0.041629 0.000000
0.400792 0.140526 0.003623 0.000000
0.037821 -0.801876 0.015670 0.000000
0.129833 -0.535464 0.025528 0.000000
0.340957 0.225654 0.007711 0.000000
0.150510 -1.290332 0.055949 0.000000
0.245774 -0.547063 0.022581 0.000000
0.258611 -0.451670 0.021423 0.000000
0.097927 -0.624999 0.029217 0.000000
0.190220 -1.199890 -0.240918 1.000000
0.273031 -0.358727 0.018197 0.000000
0.181319 -0.448782 0.042483 0.000000
0.285214 0.258636 0.034692 0.000000
0.524930 0.047441 -0.012643 0.000000
0.137158 -1.192504 0.072827 0.000000
0.446154 0.192168 0.017316 0.000000
0.386915 0.228614 0.017274 0.000000
0.151580 -1.238166 0.048341 0.000000
0.048938 -0.290770 -0.232597 0.000000
0.114620 -0.257558 -0.178893 0.000000
0.389834 -0.011371 -0.043372 0.000000
0.311540 0.042371 0.035250 0.000000
0.342926 0.331239 0.020154 0.000000
0.174745 -0.135815 -0.079846 0.000000
0.198200 -1.103897 0.017442 0.000000
0.170715 -1.179257 0.030340 0.000000
0.195515 -0.984967 -0.050901 1.000000
0.340030 0.270307 0.015507 0.000000
0.149933 -0.205558 -0.118192 0.000000
0.380783 0.315585 0.057310 0.000000
0.199436 -0.942883 -0.017201 1.000000
0.271695 0.081622 -0.008412 0.000000
0.184856 -1.264781 0.059345 0.000000
0.385244 0.462260 0.044903 0.000000
0.096478 -1.314916 0.083549 0.000000
0.111487 -1.235931 0.032719 0.000000
0.570890 -0.020692 -0.032367 0.000000
-0.028118 -0.951586 -0.012200 0.000000
0.160127 -1.351145 -0.351780 1.000000
0.006286 -0.878081 0.003829 0.000000
0.234841 0.009727 -0.031905 0.000000
0.364699 0.058780 -0.010976 0.000000
0.426973 -0.151842 -0.119828 0.000000
0.091669 -1.341077 0.034892 0.000000
0.297119 0.149018 0.008314 0.000000
0.171500 -1.041849 0.030980 0.000000
0.348106 0.489146 0.062414 0.000000
0.418293 -0.189288 0.087217 0.000000
0.182557 0.114418 -0.033431 0.000000
-0.062129 -1.019324 -0.023203 0.000000
-0.093142 -1.093628 -0.033067 0.000000
0.400631 -0.126185 0.081701 0.000000
0.496617 -0.321395 0.099711 0.000000
0.528461 -0.139155 -0.060975 0.000000
0.746456 -0.162614 -0.090711 0.000000
0.681857 -0.124843 -0.067782 0.000000
0.623992 -0.074932 -0.054516 0.000000
0.408564 -0.082263 -0.086493 0.000000
0.308772 -0.040430 0.045594 0.000000
0.465597 -0.248600 0.096312 0.000000
0.143134 0.043917 -0.042391 0.000000
0.334735 0.317127 0.056897 0.000000
0.238355 -0.928433 -0.015224 1.000000
0.209595 -0.066787 -0.054123 0.000000
0.188598 -1.122447 0.049026 0.000000
0.168027 -1.314314 0.032992 0.000000
0.520886 -0.386152 0.110209 0.000000
0.239359 -0.700484 0.006616 0.000000
0.060809 -0.062162 -0.088809 0.000000
0.108988 -0.008980 -0.059272 0.000000
0.125725 -1.269685 0.037085 0.000000
0.332261 0.278809 0.053773 0.000000
0.240227 -0.627266 0.022008 0.000000
0.028609 -0.121900 -0.118087 0.000000
0.334569 0.410132 0.065284 0.000000
0.188242 -1.219218 0.020201 0.000000
0.100738 -0.661134 0.033393 0.000000
0.201438 -1.087553 0.049859 0.000000
0.491754 0.095707 0.164558 0.000000
0.514508 0.044604 0.209063 0.000000
0.557409 -0.436569 0.123415 0.000000
0.192207 -1.021620 -0.084901 1.000000
0.386737 -0.045364 0.088910 0.000000
0.568701 -0.189591 -0.100296 0.000000
0.045532 -0.724522 0.029517 0.000000
0.327807 -0.010974 0.013309 0.000000
0.342262 0.368575 0.024120 0.000000
0.311848 0.101838 0.042927 0.000000
0.207129 -1.028543 0.041110 0.000000
0.481973 0.113382 0.001103 0.000000
0.131493 -1.162438 0.030954 0.000000
0.397891 0.260758 0.013735 0.000000
0.359548 0.434051 0.039053 0.000000
0.151078 -1.204443 0.044091 0.000000
0.201292 -0.912414 -0.002358 1.000000
0.092888 -0.591643 0.027265 0.000000
0.466638 0.147741 0.125813 0.000000
0.440758 0.203533 0.093794 0.000000
0.612750 -0.469127 0.149958 0.000000
0.339371 0.099539 -0.012397 0.000000
0.452782 -0.029012 -0.024167 0.000000
0.666926 -0.507479 0.160560 0.000000
0.486087 -0.089920 -0.034466 0.000000
0.287659 -0.231344 0.032439 0.000000
0.344497 0.168817 0.003251 0.000000
0.435587 0.022667 -0.020306 0.000000
0.364995 0.342798 0.045371 0.000000
0.449963 -0.197318 0.092486 0.000000
0.364229 -0.004688 0.074557 0.000000
0.398525 0.387992 0.043109 0.000000
0.029521 -0.772331 0.026347 0.000000
0.294454 -0.169171 0.033395 0.000000
0.187450 -1.178378 0.057596 0.000000
0.393269 0.325253 0.028548 0.000000
0.204817 -0.375752 0.012442 0.000000
0.213251 -0.980928 0.020652 0.000000
0.226286 -0.980095 -0.060460 1.000000
0.121630 -1.332332 0.033653 0.000000
0.342808 0.051567 0.048100 0.000000
0.204139 -1.118565 -0.186294 1.000000
0.165146 -0.464808 0.021136 0.000000
0.120016 -1.284296 0.063904 0.000000
0.179555 -1.306025 0.064299 0.000000
0.032589 -0.832045 0.009365 0.000000
0.380502 -0.062579 0.064114 0.000000
0.343389 0.300676 0.021556 0.000000
0.264565 -0.284098 0.011541 0.000000
0.290762 -0.106116 0.036902 0.000000
0.327348 0.044715 -0.007952 0.000000
0.354394 0.469944 0.039861 0.000000
0.330678 -0.077588 0.002240 0.000000
0.175129 -1.256995 -0.285311 1.000000
0.197227 -1.073244 -0.126410 1.000000
0.214495 -0.873447 0.013850 0.000000
0.248689 -0.311767 0.030878 0.000000
0.451129 -0.270655 0.110180 0.000000
-0.031806 -0.935801 0.012771 0.000000
0.162987 -1.354637 -0.382103 1.000000
0.144416 -0.557036 0.039639 0.000000
0.111917 -0.559900 0.024101 0.000000
0.154687 -0.522333 0.034676 0.000000
0.468949 -0.312771 0.116450 0.000000
0.236183 -0.765353 0.023032 0.000000
0.217671 -1.032322 -0.110803 1.000000
0.232826 -0.818602 0.019141 0.000000
0.457611 -0.204952 -0.146113 0.000000
0.175992 -1.151299 0.041059 0.000000
0.172187 -0.432524 0.020768 0.000000
0.220882 0.169267 -0.015116 0.000000
0.251366 0.208755 0.019362 0.000000
0.337835 0.197303 0.006384 0.000000
-0.018119 -0.893703 0.016573 0.000000
0.416424 0.258864 0.084836 0.000000
0.222177 -0.921856 0.018365 0.000000
0.487919 -0.253474 -0.153125 0.000000
0.294661 0.276490 0.014764 0.000000
0.171244 -1.254810 0.036591 0.000000
0.194959 -0.424030 0.041947 0.000000
0.317916 0.162725 0.040585 0.000000
0.060608 -0.690260 0.029569 0.000000
0.322405 0.216529 0.044618 0.000000
0.354225 -0.122465 0.002510 0.000000
0.208103 -0.966077 -0.034485 1.000000
0.414236 0.270124 0.034399 0.000000
0.337486 0.385800 0.052096 0.000000
0.133518 -0.508018 0.022838 0.000000
0.202105 -1.146660 -0.189396 1.000000
0.184760 -1.075059 0.030420 0.000000
0.259524 -0.382628 0.020671 0.000000
0.210896 -1.033513 0.014310 0.000000
0.395710 0.166841 0.009685 0.000000
0.311365 0.069965 0.039360 0.000000
0.265346 -0.475436 0.010145 0.000000
0.421387 0.066391 -0.009857 0.000000
0.232782 -0.344007 0.040302 0.000000
0.258143 -0.566138 0.008126 0.000000
0.190555 -1.224239 -0.229642 1.000000
0.403988 -0.152774 0.082737 0.000000
0.342830 -0.067996 0.023983 0.000000
0.262706 -0.288263 0.037782 0.000000
0.271070 -0.333739 0.027883 0.000000
0.136984 -1.182405 0.048153 0.000000
0.236542 -0.032417 -0.036360 0.000000
0.411935 0.120820 -0.009939 0.000000
0.204487 -0.396648 0.037303 0.000000
0.183112 -1.328513 -0.346600 1.000000
0.194315 -1.192766 -0.214729 1.000000
0.219777 -0.355314 0.019344 0.000000
0.177933 -1.236599 0.057949 0.000000
0.262590 -0.525228 0.014592 0.000000
0.177266 -1.295383 -0.318086 1.000000
0.118137 -0.610043 0.035147 0.000000
0.135702 -1.224146 0.033682 0.000000
0.202430 -1.113945 -0.160758 1.000000
0.523352 0.070129 0.001329 0.000000
0.259379 -0.425975 0.023566 0.000000
0.312457 0.019373 0.047420 0.000000
0.090064 -0.684193 0.033206 0.000000
0.146557 0.069422 -0.045371 0.000000
0.191245 -1.005745 -0.064650 1.000000
0.357057 0.008950 0.048644 0.000000
0.167040 -1.224833 0.032727 0.000000
0.135736 -1.166977 0.067900 0.000000
-0.071643 -1.039309 -0.011541 0.000000
0.051946 -0.780182 0.018689 0.000000
0.202104 0.126611 -0.003553 0.000000
0.211976 -1.036619 -0.086838 1.000000
0.121374 -1.252212 0.054223 0.000000
0.031439 -0.747756 0.029503 0.000000
0.404263 0.215571 0.000239 0.000000
0.437666 -0.250877 0.103583 0.000000
0.134286 -1.224769 0.060017 0.000000
0.244527 -0.645908 0.006081 0.000000
-0.002708 -0.862526 0.023306 0.000000
0.267047 0.101016 -0.022956 0.000000
0.350291 0.078567 -0.019393 0.000000
0.185729 -0.152693 -0.094089 0.000000
0.174892 -1.202325 0.038565 0.000000
0.436429 0.214364 0.014270 0.000000
0.187071 -1.048275 0.013305 0.000000
0.391282 -0.105608 0.072518 0.000000
0.083234 -0.644445 0.028230 0.000000
0.332319 0.089146 0.039218 0.000000
-0.041711 -0.961767 0.005255 0.000000
0.155644 -0.218363 -0.139620 0.000000
0.195928 -1.265324 -0.276062 1.000000
0.155510 -1.115198 0.023720 0.000000
0.393818 0.295371 0.054956 0.000000
0.190086 -1.220181 -0.253763 1.000000
0.155883 -1.126619 0.048415 0.000000
0.505336 -0.381606 0.127806 0.000000
0.339537 0.246411 0.019470 0.000000
0.182122 -1.133639 0.023252 0.000000
0.383945 0.010866 -0.035973 0.000000
0.211471 -1.011722 0.024111 0.000000
0.387344 -0.029271 -0.059264 0.000000
0.324068 0.031111 0.011205 0.000000
0.221437 -0.047929 -0.046180 0.000000
0.171749 -0.475054 0.041364 0.000000
0.018015 -0.816894 0.019886 0.000000
0.153850 -1.155408 0.032405 0.000000
0.432699 -0.129016 -0.117259 0.000000
0.389502 0.198609 0.014519 0.000000
0.172512 -1.288145 0.034951 0.000000
0.221259 -0.943929 -0.025352 1.000000
0.276460 0.103126 -0.001048 0.000000
0.177701 -1.107778 0.034770 0.000000
0.284097 -0.274470 0.024638 0.000000
-0.085050 -1.077400 -0.018817 0.000000
0.592325 -0.020716 -0.040777 0.000000
0.130495 0.020712 -0.046809 0.000000
0.031972 -0.296215 -0.247081 0.000000
0.067086 -0.283808 -0.220381 0.000000
0.298114 0.163234 -0.009658 0.000000
0.088856 -0.015175 -0.068217 0.000000
0.250886 0.024727 -0.019803 0.000000
0.211638 0.150739 0.000403 0.000000
0.542687 0.033248 -0.014244 0.000000
0.408582 -0.106165 0.089040 0.000000
0.207126 -0.897049 0.013324 0.000000
0.534732 -0.408663 0.112373 0.000000
0.468566 -0.041560 -0.013933 0.000000
0.100238 -0.267135 -0.193451 0.000000
0.128376 -0.247164 -0.163770 0.000000
0.433107 -0.172957 0.096278 0.000000
0.487339 -0.337396 0.112531 0.000000
0.266525 0.229333 0.027012 0.000000
0.416909 0.078889 0.008294 0.000000
0.342793 0.427626 0.053847 0.000000
0.165439 -1.217225 0.055691 0.000000
0.389293 0.483643 0.051042 0.000000
0.189022 -1.193105 0.023779 0.000000
0.316878 0.197226 0.014094 0.000000
0.364414 -0.011823 0.052086 0.000000
0.019511 -0.849881 0.007447 0.000000
0.165543 -0.190409 -0.113836 0.000000
0.286988 0.130308 0.002199 0.000000
0.169629 -1.060978 0.020133 0.000000
0.174208 -1.284097 0.059886 0.000000
0.229013 -0.718780 0.013238 0.000000
0.512784 -0.366833 0.103502 0.000000
0.302540 -0.059447 0.032965 0.000000
0.489181 -0.071104 -0.019922 0.000000
-0.058591 -1.008479 -0.004449 0.000000
0.215033 -0.928348 -0.011220 1.000000
0.317949 0.320413 0.043210 0.000000
0.230402 -0.011401 -0.035812 0.000000
0.325654 -0.024235 -0.003971 0.000000
0.326907 0.337520 0.057634 0.000000
0.257948 0.066444 -0.016497 0.000000
0.191242 -0.083407 -0.061056 0.000000
0.359964 0.048338 -0.029184 0.000000
0.372589 -0.024061 0.078988 0.000000
0.189240 -1.170370 0.024159 0.000000
0.473184 0.132789 0.003430 0.000000
0.458176 0.170859 0.014568 0.000000
0.203619 -1.084922 0.028548 0.000000
0.298235 0.282009 0.035081 0.000000
0.561187 -0.001531 -0.027267 0.000000
0.520395 -0.396418 0.130051 0.000000
0.309736 -0.021881 0.035309 0.000000
0.435041 -0.169901 -0.127528 0.000000
0.245485 -0.578050 0.020262 0.000000
0.191845 -1.091841 -0.135031 1.000000
0.335674 0.058158 0.067167 0.000000
0.352124 0.382287 0.036692 0.000000
0.419556 -0.130053 0.089956 0.000000
0.417875 0.253957 0.020878 0.000000
0.391894 0.440940 0.043158 0.000000
0.427906 -0.206391 0.094247 0.000000
0.569973 -0.443719 0.139112 0.000000
0.547884 -0.427178 0.139346 0.000000
0.322516 0.258204 0.047381 0.000000
0.241813 -0.606578 0.022772 0.000000
0.437848 0.225569 0.100229 0.000000
0.321719 0.097102 0.060470 0.000000
0.308420 0.304029 0.051445 0.000000
0.325498 0.065686 -0.013440 0.000000
0.213924 -0.085994 -0.059816 0.000000
0.060754 -0.710650 0.027530 0.000000
0.062567 -0.734135 0.023469 0.000000
0.306041 0.168783 0.008370 0.000000
0.263242 -0.546620 0.011967 0.000000
0.277971 -0.185796 0.029158 0.000000
0.164490 -1.186819 0.048280 0.000000
0.192546 -1.044882 0.032644 0.000000
0.391220 -0.064959 0.085760 0.000000
0.227860 -0.913760 -0.005099 1.000000
0.469188 -0.268233 0.100150 0.000000
-0.022994 -0.931218 -0.006134 0.000000
0.403999 0.121503 0.009916 0.000000
0.517331 -0.125850 -0.050495 0.000000
0.241290 -0.314576 0.011776 0.000000
0.190422 0.113418 -0.013526 0.000000
0.418363 -0.095986 -0.098016 0.000000
0.261035 0.082382 -0.028547 0.000000
0.452275 -0.217230 0.094997 0.000000
0.346627 0.466507 0.065769 0.000000
0.406943 -0.063199 -0.075691 0.000000
0.543872 -0.148307 -0.070078 0.000000
-0.103230 -1.110986 -0.034467 0.000000
-0.004510 -0.894257 -0.001201 0.000000
0.399062 0.306456 0.036467 0.000000
0.497749 0.103975 0.009404 0.000000
0.168551 0.096236 -0.036936 0.000000
0.230941 -0.680760 0.012548 0.000000
0.484266 -0.305933 0.102425 0.000000
0.699329 -0.134477 -0.067539 0.000000
0.415784 -0.169170 0.087151 0.000000
0.291942 0.143651 -0.011716 0.000000
0.610492 -0.061347 -0.048914 0.000000
0.162430 -1.330977 -0.343255 1.000000
0.637530 -0.088680 -0.059084 0.000000
0.190790 -1.017780 0.035915 0.000000
0.082355 -0.663495 0.022929 0.000000
0.324771 -0.004619 -0.006446 0.000000
0.664180 -0.113852 -0.068085 0.000000
0.216648 -0.806153 0.013668 0.000000
0.171101 -1.081142 0.043553 0.000000
0.102599 0.009643 -0.060333 0.000000
0.329288 0.298259 0.054887 0.000000
0.386154 -0.080993 0.068263 0.000000
0.129404 -1.242709 0.037277 0.000000
0.058754 -0.079923 -0.098702 0.000000
0.228405 -0.752863 0.009119 0.000000
0.077969 -0.053317 -0.085590 0.000000
0.272502 -0.439454 0.015034 0.000000
0.212686 -1.075065 -0.138255 1.000000
0.339807 0.349809 0.029038 0.000000
0.335058 0.151739 0.002109 0.000000
0.331650 -0.030849 0.014948 0.000000
0.730530 -0.153753 -0.083864 0.000000
0.162351 -1.167862 0.044670 0.000000
0.041657 -0.107981 -0.114477 0.000000
0.324412 0.007996 0.011064 0.000000
0.173166 -1.132106 0.041263 0.000000
-0.037862 -0.973011 -0.011995 0.000000
0.389069 0.273186 0.025683 0.000000
0.625835 -0.483070 0.143232 0.000000
0.195890 -1.103669 0.040810 0.000000
0.357679 0.489605 0.045720 0.000000
0.420909 0.248457 0.069293 0.000000
0.207250 -1.132051 -0.172903 1.000000
0.285469 -0.207009 0.039555 0.000000
0.237886 0.032455 -0.031569 0.000000
0.450903 -0.236558 0.098683 0.000000
0.169221 -1.085054 0.022447 0.000000
0.326530 0.213812 0.003545 0.000000
0.406401 0.156132 -0.005897 0.000000
0.227213 -0.859414 0.016321 0.000000
0.441708 0.003233 -0.017483 0.000000
0.501849 -0.343706 0.101932 0.000000
0.357045 0.415406 0.036103 0.000000
0.428327 0.039289 -0.014638 0.000000
0.126571 0.039242 -0.050362 0.000000
0.108181 -0.578938 0.027721 0.000000
0.274126 -0.241303 0.022410 0.000000
0.194293 -0.390545 0.019021 0.000000
0.411543 0.285282 0.022882 0.000000
0.325138 0.158504 0.057564 0.000000
0.458933 -0.289940 0.111319 0.000000
0.151084 -0.477337 0.021939 0.000000
0.519439 0.029874 0.219656 0.000000
0.253993 -0.618437 0.012750 0.000000
0.313786 0.053682 0.050078 0.000000
0.245856 -0.644955 0.024865 0.000000
0.129374 -0.565980 0.032857 0.000000
0.199986 -1.070830 0.041498 0.000000
0.347895 0.451649 0.043319 0.000000
0.143413 -1.164320 0.045245 0.000000
0.338141 0.070855 0.045079 0.000000
0.400107 0.242215 0.013548 0.000000
0.301910 -0.152004 0.035037 0.000000
0.235637 0.182645 -0.012881 0.000000
0.239153 -0.941069 -0.029597 1.000000
0.547904 -0.421272 0.118783 0.000000
0.196648 -1.071508 0.016387 0.000000
0.162309 -1.370887 -0.373175 1.000000
0.762170 -0.169505 -0.097645 0.000000
0.317028 0.117435 0.051389 0.000000
0.546277 0.010704 -0.021643 0.000000
0.371389 0.036225 -0.021374 0.000000
0.330106 0.092823 0.001978 0.000000
0.222556 -0.970778 -0.045109 1.000000
-0.023290 -0.910930 0.012124 0.000000
0.210506 -1.018457 -0.088580 1.000000
0.240044 -0.702401 0.024801 0.000000
0.212774 -0.991636 -0.056105 1.000000
0.178281 0.099160 -0.021723 0.000000
0.240574 -0.327671 0.034848 0.000000
0.020087 -0.136143 -0.126093 0.000000
0.216488 -0.824749 0.012846 0.000000
0.362957 0.359792 0.039094 0.000000
0.335324 0.115061 -0.001847 0.000000
0.377586 -0.044095 0.073010 0.000000
0.183873 -1.218860 0.037842 0.000000
0.192783 -1.120599 0.030020 0.000000
0.141125 -0.227789 -0.132740 0.000000
0.560769 -0.176237 -0.090007 0.000000
0.453503 0.195444 0.103738 0.000000
0.325404 0.049106 0.010400 0.000000
0.102568 -0.642211 0.032082 0.000000
0.496114 0.081831 0.175235 0.000000
0.251430 -0.469421 0.019912 0.000000
0.508112 0.057066 0.197741 0.000000
0.188303 -0.434175 0.028667 0.000000
0.255503 -0.298687 0.020703 0.000000
0.344463 0.041720 0.065560 0.000000
0.194755 -1.015685 0.013603 0.000000
0.306118 -0.093836 0.035100 0.000000
0.225321 0.167936 0.004656 0.000000
0.185590 -1.165774 0.044781 0.000000
0.246950 0.198383 0.005637 0.000000
0.276856 -0.290547 0.022701 0.000000
0.173662 -1.341378 -0.357754 1.000000
0.495695 -0.105913 -0.038721 0.000000
0.576578 -0.197645 -0.113859 0.000000
0.449077 -0.012754 -0.018319 0.000000
0.202291 -1.203571 -0.226130 1.000000
0.046802 -0.741930 0.023022 0.000000
0.073959 -0.678914 0.028026 0.000000
0.177842 -1.242942 -0.275044 1.000000
0.208644 -1.060377 -0.111161 1.000000
0.411412 0.138538 -0.010242 0.000000
0.171711 -0.449667 0.027114 0.000000
0.478101 0.136655 0.133120 0.000000
0.503049 -0.090858 -0.030153 0.000000
0.439982 0.207684 0.030073 0.000000
0.369416 -0.126246 0.010351 0.000000
0.186662 -1.189794 0.041843 0.000000
0.341815 -0.082838 0.014749 0.000000
0.461387 0.161659 0.116705 0.000000
0.374695 -0.003059 -0.045715 0.000000
0.477069 0.139291 0.019209 0.000000
0.205496 -1.092015 -0.124382 1.000000
0.206158 -1.009088 -0.074684 1.000000
0.357636 0.012192 0.076151 0.000000
0.151541 -1.222592 0.040375 0.000000
0.257524 -0.401698 0.020804 0.000000
0.284765 -0.253230 0.028839 0.000000
0.189607 -1.137025 0.039814 0.000000
0.213951 -0.383181 0.027456 0.000000
-0.071576 -1.040979 -0.028888 0.000000
0.260273 -0.346165 0.022981 0.000000
0.101328 -0.608172 0.029071 0.000000
0.171156 -1.252234 0.056184 0.000000
0.229564 -0.771921 0.008727 0.000000
-0.085842 -1.074400 -0.035582 0.000000
0.273575 0.239758 0.015515 0.000000
0.118086 0.009440 -0.053274 0.000000
0.331529 0.202973 0.051708 0.000000
0.653031 -0.497902 0.150015 0.000000
0.601550 -0.466285 0.137495 0.000000
0.192603 0.126117 -0.026291 0.000000
0.408711 0.107229 0.000230 0.000000
0.274209 -0.222816 0.026620 0.000000
0.337737 0.286913 0.013015 0.000000
0.163158 -0.205360 -0.128783 0.000000
0.583471 -0.034686 -0.037100 0.000000
0.345445 0.406015 0.052963 0.000000
0.068780 -0.035928 -0.078881 0.000000
-0.007961 -0.880229 0.012611 0.000000
0.201079 -1.035732 -0.101432 1.000000
0.233682 -0.833029 0.010505 0.000000
0.179465 -1.053027 0.040670 0.000000
0.270922 -0.273834 0.035231 0.000000
0.081186 -0.625381 0.028040 0.000000
0.393054 0.403721 0.041030 0.000000
0.357817 -0.111471 0.014668 0.000000
0.171733 -1.279407 -0.301908 1.000000
0.316857 0.086591 0.047698 0.000000
0.190044 -0.138781 -0.085895 0.000000
0.390674 0.371191 0.037653 0.000000
0.337142 0.315853 0.017271 0.000000
0.155300 0.083606 -0.044455 0.000000
0.102288 -0.024984 -0.067169 0.000000
0.183261 -1.092262 0.032369 0.000000
0.263996 -0.483795 0.024485 0.000000
0.042301 -0.761048 0.022232 0.000000
0.165794 -1.200133 0.058158 0.000000
0.459977 0.160549 0.000500 0.000000
0.138506 -1.148656 0.043090 0.000000
0.187051 -1.180375 -0.222898 1.000000
0.173103 -1.298397 0.022009 0.000000
0.185081 -1.196247 0.056955 0.000000
0.256087 -0.559629 0.025359 0.000000
0.446801 -0.161631 -0.135607 0.000000
0.182086 -1.030755 0.024934 0.000000
0.212116 -0.963495 0.021902 0.000000
0.348211 0.086219 -0.004967 0.000000
0.216085 -0.904463 0.001674 1.000000
0.433622 0.216686 0.087028 0.000000
0.152366 -1.180512 0.039190 0.000000
0.272549 -0.323765 0.014935 0.000000
0.679694 -0.516906 0.164624 0.000000
0.472779 -0.210942 -0.147620 0.000000
0.236722 -0.727325 0.024891 0.000000
0.027731 -0.791350 0.023097 0.000000
-0.056652 -1.003239 -0.019829 0.000000
0.433872 -0.189176 0.094285 0.000000
0.293208 -0.182829 0.024013 0.000000
0.440764 -0.146932 -0.127047 0.000000
0.329483 0.371582 0.052156 0.000000
0.394107 0.182823 0.012134 0.000000
0.448590 -0.192640 -0.140306 0.000000
0.223562 -0.886518 0.017117 0.000000
0.148054 -0.508004 0.030942 0.000000
0.206086 -0.996794 0.020778 0.000000
0.392405 0.339881 0.035359 0.000000
0.209333 -1.039723 0.029136 0.000000
0.030966 -0.815421 0.010248 0.000000
0.323695 0.173643 0.052012 0.000000
0.248569 -0.524677 0.022417 0.000000
0.295710 -0.122408 0.039367 0.000000
0.142838 -1.194603 0.057990 0.000000
0.137539 -1.211919 0.048285 0.000000
0.151971 0.058949 -0.034552 0.000000
0.132641 -0.550135 0.031230 0.000000
0.179013 -1.322002 0.064213 0.000000
0.386596 0.303760 0.066471 0.000000
0.222490 -0.359945 0.034375 0.000000
0.191759 -1.249683 -0.279246 1.000000
0.127237 -1.204802 0.070959 0.000000
0.266454 -0.440630 0.029765 0.000000
0.329630 -0.060821 -0.003596 0.000000
0.325514 0.110744 0.039732 0.000000
0.231710 -0.801047 0.020314 0.000000
0.195044 -0.973680 -0.039122 1.000000
0.197016 -0.410722 0.033738 0.000000
0.160596 -1.301727 0.038804 0.000000
0.005197 -0.853243 0.012995 0.000000
0.288193 0.262884 0.019209 0.000000
0.483970 -0.322187 0.110549 0.000000
0.173737 -1.238607 0.036188 0.000000
0.270779 -0.422102 0.013504 0.000000
0.102024 -1.329972 0.038725 0.000000
0.391573 0.214242 0.013185 0.000000
0.299158 -0.077994 0.028327 0.000000
0.165466 -1.374561 -0.392240 1.000000
0.290650 -0.189381 0.037974 0.000000
0.137999 -0.522187 0.027685 0.000000
0.347756 0.036890 0.050181 0.000000
0.108929 -0.594512 0.028733 0.000000
0.265627 -0.511040 0.008970 0.000000
0.260929 -0.516248 0.027188 0.000000
0.142249 -0.536059 0.034867 0.000000
0.266530 -0.457834 0.009563 0.000000
0.230361 -0.781156 0.022344 0.000000
0.187014 -1.206076 -0.227047 1.000000
0.331683 0.219328 0.018399 0.000000
0.115408 -1.250957 0.039986 0.000000
0.017610 -0.832104 0.015947 0.000000
0.323858 0.230160 0.054855 0.000000
0.144703 -0.491444 0.022997 0.000000
0.320814 0.031144 -0.011460 0.000000
0.403907 0.175467 -0.002090 0.000000
0.176587 -1.154778 0.026064 0.000000
0.236367 -0.749954 0.021968 0.000000
0.076201 -0.694703 0.027825 0.000000
0.537607 0.051865 -0.005156 0.000000
0.224811 -0.906818 0.017068 0.000000
0.358875 0.004063 0.063049 0.000000
0.192407 -1.061812 0.029786 0.000000
0.477009 -0.054437 -0.013281 0.000000
0.258557 -0.535703 0.025957 0.000000
0.341667 -0.098042 0.008255 0.000000
0.200863 -1.024558 0.026627 0.000000
0.335645 -0.061090 0.012405 0.000000
0.212582 -1.046280 -0.106855 1.000000
0.139847 0.029506 -0.038617 0.000000
0.269025 -0.393999 0.027111 0.000000
0.271834 -0.343530 0.013486 0.000000
0.377969 0.023401 -0.026152 0.000000
0.291496 -0.153604 0.024107 0.000000
0.118224 -0.545127 0.024137 0.000000
0.241590 -0.660860 0.006025 0.000000
0.196414 -1.036140 -0.085919 1.000000
0.149794 -1.169860 0.057776 0.000000
0.431543 0.224632 0.027239 0.000000
0.386941 0.254222 0.021749 0.000000
0.166928 -1.356322 -0.367716 1.000000
0.249816 -0.632820 0.011764 0.000000
0.244777 -0.686859 0.009823 0.000000
0.172101 -0.147780 -0.088501 0.000000
0.265480 -0.465973 0.023880 0.000000
0.476818 -0.242515 -0.151338 0.000000
0.185832 -1.249791 0.057944 0.000000
0.346529 0.425725 0.038782 0.000000
0.412013 0.077385 -0.013726 0.000000
0.420451 -0.133436 -0.109949 0.000000
0.347147 0.441690 0.061289 0.000000
0.200107 -1.216300 -0.237890 1.000000
0.251950 -0.590567 0.025119 0.000000
0.216850 -0.936100 0.018439 0.000000
0.334032 0.378594 0.064657 0.000000
0.265041 -0.412420 0.027875 0.000000
0.337109 0.182444 0.006264 0.000000
0.400115 0.228050 0.007158 0.000000
0.184942 -1.206711 0.028103 0.000000
0.482366 0.126496 0.013863 0.000000
0.208121 -0.052314 -0.051046 0.000000
0.302935 -0.063235 0.047264 0.000000
0.335304 0.260134 0.054566 0.000000
0.314905 0.007444 0.039051 0.000000
0.458417 -0.023092 -0.011864 0.000000
0.257221 0.216585 0.004149 0.000000
0.251794 -0.536980 0.012894 0.000000
0.487912 -0.347982 0.122801 0.000000
0.324338 0.148780 0.045219 0.000000
0.457332 -0.257372 0.104812 0.000000
0.172329 -1.175984 0.054439 0.000000
0.177281 -0.418958 0.018128 0.000000
0.414432 0.093390 0.008775 0.000000
0.331292 0.399001 0.056250 0.000000
0.166017 -1.061494 0.034368 0.000000
0.194422 -1.141292 -0.177803 1.000000
0.217716 -0.370192 0.021731 0.000000
0.037417 -0.780098 0.016589 0.000000
0.182782 -1.191737 -0.231238 1.000000
-0.031634 -0.944037 0.000628 0.000000
0.187375 -1.291884 -0.301636 1.000000
-0.064366 -1.025606 -0.010168 0.000000
-0.044305 -0.989095 -0.017704 0.000000
0.480129 -0.077138 -0.030571 0.000000
0.444782 0.182550 0.101105 0.000000
0.287730 -0.218205 0.023493 0.000000
0.279067 0.245683 0.031885 0.000000
0.509690 -0.373513 0.116455 0.000000
0.367624 -0.019990 0.064090 0.000000
0.270238 -0.373250 0.017477 0.000000
0.179763 -1.013466 0.027492 0.000000
0.048773 -0.702694 0.029587 0.000000
0.165161 -1.230485 0.049889 0.000000
0.318299 0.177091 0.038905 0.000000
0.370158 0.438664 0.030372 0.000000
0.416318 0.271998 0.019751 0.000000
0.410325 -0.139952 0.084780 0.000000
0.170584 -1.268955 0.039361 0.000000
0.581801 -0.011658 -0.034889 0.000000
0.453743 0.182177 0.024355 0.000000
0.213125 0.156376 -0.023926 0.000000
0.437546 0.024057 -0.006145 0.000000
0.222890 -0.034264 -0.042052 0.000000
0.352851 0.446679 0.030820 0.000000
-0.025185 -0.923844 0.006205 0.000000
0.239433 -0.905461 -0.003773 1.000000
0.613716 -0.048045 -0.054731 0.000000
0.206807 -1.047605 0.017487 0.000000
0.172981 -0.162068 -0.095661 0.000000
0.316340 0.033034 0.048751 0.000000
0.352497 0.356229 0.028079 0.000000
0.531598 -0.154259 -0.065948 0.000000
0.117591 -1.253467 0.074485 0.000000
0.494849 -0.265924 -0.153104 0.000000
0.265371 -0.490437 0.012021 0.000000
0.472999 -0.300286 0.108936 0.000000
0.241977 -0.722371 0.008761 0.000000
0.325660 0.058782 0.000044 0.000000
0.182095 -1.229911 0.027125 0.000000
0.412802 0.260846 0.071315 0.000000
0.255669 -0.300463 0.036744 0.000000
0.264681 -0.274790 0.022632 0.000000
0.383378 -0.056808 0.077381 0.000000
0.399058 0.281085 0.017917 0.000000
0.299285 -0.097741 0.046752 0.000000
0.255207 -0.439982 0.014397 0.000000
0.397537 -0.038656 -0.061533 0.000000
0.422665 0.245956 0.082980 0.000000
0.162872 -0.475236 0.030513 0.000000
0.370994 0.014072 -0.040359 0.000000
0.298425 -0.139203 0.043395 0.000000
0.625356 -0.475257 0.154825 0.000000
0.339870 0.343560 0.052748 0.000000
0.268591 -0.392794 0.013197 0.000000
0.173656 -1.326402 -0.334505 1.000000
0.229583 -0.347796 0.027243 0.000000
0.208566 -0.950766 -0.024232 1.000000
0.259505 0.219966 0.017656 0.000000
0.528747 0.032960 -0.013859 0.000000
0.276484 -0.276269 0.013108 0.000000
0.275663 0.110651 -0.013007 0.000000
0.176894 -1.167059 0.034056 0.000000
0.396257 0.153657 0.003200 0.000000
0.571760 0.007351 -0.026280 0.000000
0.164388 -0.180116 -0.104651 0.000000
0.391430 0.310489 0.025671 0.000000
0.425074 0.058609 0.000955 0.000000
0.201819 -1.083115 -0.141087 1.000000
0.218918 -0.996914 -0.068860 1.000000
0.291860 0.269979 0.030441 0.000000
0.213239 -0.884557 0.005804 0.000000
0.172876 -1.046654 0.018144 0.000000
0.404801 0.291334 0.033242 0.000000
0.138044 -1.198848 0.044017 0.000000
0.399552 0.203257 0.004143 0.000000
0.375450 -0.048989 0.060343 0.000000
0.329222 0.084441 -0.008873 0.000000
0.257548 -0.582764 0.014699 0.000000
0.320143 0.246254 0.053679 0.000000
0.229724 -0.803944 0.007106 0.000000
0.424435 0.053536 -0.013308 0.000000
0.277922 -0.263251 0.020023 0.000000
0.417561 -0.154611 0.087527 0.000000
0.195981 -1.126289 -0.178632 1.000000
0.518713 0.058786 -0.008473 0.000000
0.399818 -0.099343 0.081022 0.000000
0.215090 -0.857118 0.010656 0.000000
0.306251 -0.016334 0.047191 0.000000
0.323983 0.019503 0.003918 0.000000
0.328893 0.100519 0.047957 0.000000
0.362886 -0.131867 -0.001901 0.000000
0.333337 0.418066 0.052438 0.000000
0.128937 -1.202203 0.033190 0.000000
0.341589 0.099708 0.003828 0.000000
0.211699 -0.038804 -0.048288 0.000000
0.278384 -0.204130 0.028419 0.000000
-0.074736 -1.053708 -0.017075 0.000000
0.197166 -1.088614 0.017281 0.000000
0.321132 0.193877 0.001180 0.000000
0.006367 -0.825714 0.021695 0.000000
0.252175 -0.554227 0.012803 0.000000
0.071681 -0.718129 0.025151 0.000000
0.523892 -0.397504 0.116760 0.000000
0.500370 0.075509 -0.005096 0.000000
0.190884 -1.156214 0.020915 0.000000
0.217008 0.157204 -0.010065 0.000000
0.188055 -1.105662 0.026502 0.000000
0.152284 -1.217639 0.052785 0.000000
0.317497 0.126381 0.039137 0.000000
0.394371 0.308690 0.055808 0.000000
0.157716 -1.147027 0.042058 0.000000
0.200563 -1.191427 -0.231398 1.000000
0.442480 -0.208036 0.095194 0.000000
0.129083 -1.247469 0.064033 0.000000
0.341932 0.239040 0.008609 0.000000
0.353190 0.073508 -0.007406 0.000000
0.590646 -0.462714 0.144279 0.000000
0.559234 -0.436152 0.136857 0.000000
0.110073 -0.619712 0.030592 0.000000
0.410908 0.106068 -0.012853 0.000000
0.334846 0.257508 0.013799 0.000000
0.193033 -1.122640 -0.164416 1.000000
0.178767 -1.179118 0.041081 0.000000
0.338066 0.211345 0.009913 0.000000
0.171635 -1.216606 0.043969 0.000000
0.347385 0.314351 0.025565 0.000000
0.270859 -0.319799 0.027468 0.000000
0.202705 -1.053287 0.036706 0.000000
0.253589 -0.514083 0.013530 0.000000
-0.011990 -0.903375 0.005208 0.000000
0.207094 -1.046698 -0.094833 1.000000
0.409110 -0.105408 -0.097444 0.000000
0.390438 -0.093962 0.066333 0.000000
0.545011 -0.432404 0.125294 0.000000
0.029242 -0.111380 -0.110146 0.000000
0.400265 -0.074199 0.090704 0.000000
0.132942 -1.147830 0.031166 0.000000
0.305255 0.032126 0.041675 0.000000
0.354569 0.394438 0.032231 0.000000
0.201092 -1.097979 0.030155 0.000000
0.198321 -1.002943 0.012142 0.000000
0.269549 0.094180 -0.011558 0.000000
0.172882 -1.191679 0.026716 0.000000
0.343497 0.476305 0.057626 0.000000
-0.046448 -0.974293 -0.000196 0.000000
0.493251 -0.083042 -0.025897 0.000000
0.230157 -0.844692 0.017894 0.000000
0.380803 -0.012680 -0.052775 0.000000
0.301772 0.014682 0.041512 0.000000
0.173841 -1.214162 0.029418 0.000000
0.240769 0.020269 -0.026787 0.000000
0.446229 0.215355 0.094905 0.000000
0.424926 0.235964 0.031949 0.000000
0.257551 0.088521 -0.017555 0.000000
0.126575 -1.186393 0.036116 0.000000
0.047234 -0.073945 -0.097387 0.000000
0.463621 -0.278896 0.106196 0.000000
0.226121 -0.933942 -0.018517 1.000000
0.329400 -0.035117 0.002161 0.000000
0.239480 -0.919417 -0.003418 1.000000
0.213690 -0.915092 -0.005475 1.000000
-0.093980 -1.104768 -0.026369 0.000000
0.506596 0.074967 0.178774 0.000000
0.440732 -0.179916 -0.133595 0.000000
0.239807 -0.680969 0.022070 0.000000
0.181285 -1.261773 0.017380 0.000000
0.206742 0.139093 -0.008833 0.000000
0.118678 -0.571278 0.027437 0.000000
0.026421 -0.806866 0.019367 0.000000
0.241665 0.192157 -0.006421 0.000000
0.172163 -1.316090 -0.343286 1.000000
0.600377 -0.055745 -0.043059 0.000000
0.302457 -0.109188 0.041583 0.000000
0.308395 0.169573 -0.004332 0.000000
0.365306 0.044854 -0.013902 0.000000
0.206536 -0.978562 -0.042492 1.000000
0.187388 -0.419704 0.026144 0.000000
0.271773 -0.429149 0.025356 0.000000
0.358876 0.458763 0.044524 0.000000
0.175469 -1.272061 0.054279 0.000000
0.273476 0.090758 0.001155 0.000000
0.296882 -0.048419 0.036539 0.000000
0.091928 -0.670521 0.027956 0.000000
0.197717 -1.157558 -0.194696 1.000000
0.228481 -0.733987 0.012742 0.000000
0.120086 -0.256753 -0.167268 0.000000
0.228632 -0.344951 0.014730 0.000000
0.080250 -0.025904 -0.073866 0.000000
0.299283 -0.031818 0.044528 0.000000
0.202374 -0.076472 -0.058517 0.000000
0.394288 0.291383 0.067163 0.000000
0.190906 -1.151590 -0.185475 1.000000
0.182437 -1.294569 0.059291 0.000000
0.407228 -0.118787 0.090753 0.000000
0.281910 0.121128 -0.005140 0.000000
0.194311 -1.137476 0.020082 0.000000
0.106399 -0.266802 -0.182169 0.000000
0.336264 -0.049919 0.018605 0.000000
0.443286 0.010120 -0.006840 0.000000
0.238732 0.190970 0.014923 0.000000
0.529319 -0.406206 0.124444 0.000000
0.241368 -0.674807 0.007325 0.000000
0.567881 -0.444702 0.126555 0.000000
-0.035414 -0.960402 -0.006550 0.000000
0.254577 -0.481348 0.013458 0.000000
0.249341 -0.617522 0.024541 0.000000
0.148974 -1.104546 0.021429 0.000000
-0.080621 -1.065973 -0.015514 0.000000
0.338665 0.061415 0.055280 0.000000
0.239134 -0.652416 0.017121 0.000000
0.406198 0.130218 -0.001376 0.000000
0.155723 0.071478 -0.036069 0.000000
0.305609 0.296255 0.040712 0.000000
0.500830 -0.367704 0.123972 0.000000
0.238865 -0.710198 0.014682 0.000000
0.346673 0.279256 0.021450 0.000000
0.580078 -0.449025 0.144514 0.000000
0.227112 -0.870966 0.011225 0.000000
-0.003363 -0.850072 0.025278 0.000000
0.188971 -1.149370 0.042375 0.000000
0.354906 0.016746 0.058628 0.000000
0.198405 -0.402451 0.018444 0.000000
0.187328 -1.260144 -0.284988 1.000000
0.314129 -0.010488 0.038415 0.000000
0.187099 -1.288490 -0.313758 1.000000
0.384283 0.430876 0.042002 0.000000
0.211449 -0.939456 -0.018652 1.000000
0.210440 -0.384605 0.039443 0.000000
0.382890 0.492606 0.045021 0.000000
0.487350 0.105246 0.157708 0.000000
0.172004 -1.096592 0.035804 0.000000
0.219796 -0.010918 -0.042486 0.000000
0.303773 0.157381 0.001758 0.000000
0.384542 -0.073019 0.078861 0.000000
0.221555 -0.954906 -0.036710 1.000000
0.348130 0.340516 0.027896 0.000000
0.522368 -0.115391 -0.045791 0.000000
0.614639 -0.476778 0.140246 0.000000
0.243063 -0.320021 0.022894 0.000000
0.421268 -0.142603 0.090324 0.000000
0.537499 -0.415617 0.122769 0.000000
0.192911 -1.088084 0.040760 0.000000
0.250204 0.061246 -0.024787 0.000000
0.463673 -0.047657 -0.023654 0.000000
0.225069 -0.022136 -0.040150 0.000000
0.326136 0.238602 0.044850 0.000000
0.267739 -0.299618 0.018540 0.000000
0.183953 -1.126381 0.036676 0.000000
0.198721 -1.010525 0.025270 0.000000
0.139604 -1.155173 0.067192 0.000000
0.181893 -1.047761 0.026645 0.000000
0.331597 -0.013563 0.001754 0.000000
0.197914 -1.073923 0.029524 0.000000
0.391491 -0.022222 -0.049913 0.000000
0.412268 -0.160993 0.078277 0.000000
0.305109 0.004375 0.047639 0.000000
0.075552 -0.654110 0.029515 0.000000
0.157994 -0.504638 0.037563 0.000000
0.207277 -0.387251 0.017828 0.000000
0.211912 -1.028902 -0.096539 1.000000
0.156118 -1.106646 0.032672 0.000000
0.329263 0.288808 0.046886 0.000000
0.194758 -1.034938 0.023746 0.000000
0.122092 -1.232077 0.037812 0.000000
0.201412 -0.088842 -0.065470 0.000000
0.285720 -0.176257 0.038477 0.000000
0.054984 -0.286114 -0.220882 0.000000
0.317497 0.310445 0.035972 0.000000
0.260119 -0.285889 0.025439 0.000000
0.507691 -0.119570 -0.046137 0.000000
0.285911 0.132109 -0.009909 0.000000
0.138106 -0.240192 -0.161101 0.000000
0.156243 -0.199259 -0.109776 0.000000
0.333381 0.327755 0.050943 0.000000
0.185296 -1.226892 0.056620 0.000000
0.690524 -0.134255 -0.076060 0.000000
0.232620 -0.966563 -0.050689 1.000000
0.201994 -1.140168 -0.164256 1.000000
0.495886 -0.346162 0.112454 0.000000
0.245407 -0.585731 0.010736 0.000000
0.330219 0.086850 0.053738 0.000000
0.248058 -0.565323 0.015840 0.000000
0.093464 -0.650550 0.030926 0.000000
0.319579 0.202647 0.054168 0.000000
0.514706 -0.389795 0.121536 0.000000
0.125182 -1.277908 0.046063 0.000000
0.432964 -0.140947 -0.119856 0.000000
0.426374 -0.164331 0.090727 0.000000
0.449531 -0.248569 0.101685 0.000000
0.019944 -0.300947 -0.247970 0.000000
0.153905 -0.213196 -0.127754 0.000000
0.477296 -0.277494 0.096300 0.000000
0.387932 0.000428 -0.041116 0.000000
0.416695 0.082168 -0.003591 0.000000
0.241218 -0.623821 0.010415 0.000000
0.440878 0.203203 0.018835 0.000000
0.496987 0.087985 -0.008720 0.000000
0.348458 -0.112337 0.005790 0.000000
0.511842 0.077625 0.000552 0.000000
0.081568 -0.281904 -0.216793 0.000000
0.195152 -1.004026 0.034789 0.000000
0.196883 -1.113838 0.047383 0.000000
0.285802 -0.238935 0.020658 0.000000
0.065995 -0.700142 0.024511 0.000000
0.229791 0.176437 -0.004400 0.000000
0.177388 -1.187772 0.053275 0.000000
0.182231 -1.041474 0.038848 0.000000
0.437866 0.037477 -0.007569 0.000000
0.133588 0.048926 -0.047674 0.000000
0.348043 0.452107 0.055393 0.000000
0.263587 -0.364657 0.022630 0.000000
0.384109 0.450389 0.043596 0.000000
0.325331 0.354195 0.056907 0.000000
0.136113 -1.223817 0.048081 0.000000
0.294023 -0.086973 0.034309 0.000000
0.187450 -0.435083 0.040540 0.000000
-0.053916 -0.994799 -0.011793 0.000000
0.215559 -0.913351 0.013242 0.000000
0.296532 -0.113030 0.029073 0.000000
0.462118 -0.216116 -0.148990 0.000000
0.054406 -0.768572 0.017530 0.000000
0.312372 0.183237 0.007350 0.000000
0.056793 -0.723953 0.025661 0.000000
0.243419 -0.600182 0.010382 0.000000
0.409703 -0.094660 -0.089988 0.000000
0.163001 -1.198159 0.045076 0.000000
0.327798 0.009105 -0.000370 0.000000
0.189881 -0.103744 -0.069120 0.000000
-0.064548 -1.030810 -0.024799 0.000000
0.257705 0.055053 -0.013284 0.000000
0.351712 0.476901 0.049141 0.000000
0.402240 0.302936 0.024190 0.000000
-0.088779 -1.083596 -0.028585 0.000000
0.372331 0.334249 0.048943 0.000000
0.160132 -1.339888 -0.355348 1.000000
0.169477 0.079120 -0.018935 0.000000
0.092763 -0.636502 0.028883 0.000000
0.246199 0.036007 -0.024009 0.000000
0.437747 -0.158436 -0.127670 0.000000
0.220807 -0.896646 0.011778 0.000000
0.324126 0.035329 -0.000968 0.000000
0.481536 -0.310503 0.112906 0.000000
0.002602 -0.869054 0.010394 0.000000
0.121482 0.027753 -0.051422 0.000000
0.187945 -1.203396 0.048098 0.000000
0.307104 -0.051750 0.041244 0.000000
0.199130 -1.095165 -0.143929 1.000000
0.230085 -0.815651 0.007579 0.000000
0.171572 -1.190533 0.039720 0.000000
0.174355 -1.200953 0.050205 0.000000
0.237502 -0.637707 0.010596 0.000000
0.214121 -0.980661 -0.051156 1.000000
0.137972 -1.202223 0.066381 0.000000
0.171952 -1.287373 -0.311465 1.000000
0.422312 -0.181084 0.094459 0.000000
0.094589 -0.005721 -0.064524 0.000000
0.206100 -1.079942 -0.129910 1.000000
0.043014 -0.791508 0.016730 0.000000
0.254617 0.034653 -0.014995 0.000000
0.361416 0.037184 -0.032155 0.000000
0.210516 -0.946647 0.020539 0.000000
0.312989 0.025111 0.036576 0.000000
0.302996 -0.037798 0.035283 0.000000
0.178728 -1.164873 0.054099 0.000000
0.395015 0.283971 0.028397 0.000000
0.505563 -0.357180 0.108411 0.000000
0.428302 -0.122126 -0.109051 0.000000
0.404856 -0.092455 0.088849 0.000000
0.272365 0.226940 0.017305 0.000000
0.146577 -1.164266 0.034044 0.000000
0.040199 -0.294590 -0.239133 0.000000
0.182045 -0.443435 0.031549 0.000000
0.346718 0.414775 0.031008 0.000000
0.412635 0.259176 0.031180 0.000000
0.198630 -1.036244 0.042199 0.000000
0.091985 -0.026002 -0.072206 0.000000
0.071559 -0.667630 0.029101 0.000000
0.184356 -1.278812 0.061116 0.000000
0.044832 -0.773191 0.024424 0.000000
0.309696 -0.076172 0.035365 0.000000
0.223274 -0.834169 0.019289 0.000000
-0.063677 -1.013036 -0.013737 0.000000
0.184976 -0.428527 0.019225 0.000000
0.148321 -0.227212 -0.145640 0.000000
0.068322 -0.046907 -0.082143 0.000000
0.539384 -0.137872 -0.064198 0.000000
0.291399 -0.145234 0.036648 0.000000
0.494171 -0.331768 0.105263 0.000000
0.487724 0.103790 -0.001347 0.000000
0.253148 -0.606779 0.011639 0.000000
0.528292 -0.126005 -0.053768 0.000000
0.351139 -0.085980 0.024312 0.000000
0.092022 -0.271801 -0.199885 0.000000
0.702478 -0.142132 -0.077622 0.000000
0.506859 -0.100290 -0.035340 0.000000
0.395622 -0.064463 -0.075247 0.000000
0.187689 -1.124227 0.020036 0.000000
0.403778 -0.073099 -0.080345 0.000000
0.263451 -0.336118 0.018683 0.000000
0.337503 -0.072945 0.011155 0.000000
0.051970 -0.089032 -0.098209 0.000000
0.125998 -1.191169 0.071162 0.000000
0.265822 -0.507120 0.021411 0.000000
0.648385 -0.099670 -0.068136 0.000000
0.404051 -0.054851 -0.068575 0.000000
0.650847 -0.491138 0.158856 0.000000
0.057761 -0.744452 0.024435 0.000000
0.204237 -0.986340 0.024879 0.000000
0.444173 -0.186115 0.090699 0.000000
0.557347 0.008470 -0.023602 0.000000
0.160133 -1.318938 -0.340865 1.000000
0.632028 -0.078919 -0.061415 0.000000
0.187200 -1.142432 0.030168 0.000000
0.471696 0.128778 0.138104 0.000000
0.389433 0.241727 0.017234 0.000000
0.320373 0.065273 0.044316 0.000000
0.399356 -0.110420 0.078839 0.000000
0.569410 -0.009658 -0.030497 0.000000
0.425268 0.250966 0.028867 0.000000
0.311234 -0.029587 0.043415 0.000000
0.223000 -0.835534 0.007879 0.000000
0.353996 0.055478 -0.022811 0.000000
0.460452 -0.035733 -0.019356 0.000000
0.314536 0.167255 0.050459 0.000000
0.352362 0.027258 0.053800 0.000000
0.291796 -0.159161 0.037809 0.000000
0.316777 0.152546 0.052954 0.000000
0.274336 -0.344230 0.025516 0.000000
0.310432 0.081375 0.040096 0.000000
0.296102 0.151669 -0.005033 0.000000
0.205515 -0.923164 -0.008319 1.000000
0.140935 -1.209486 0.037876 0.000000
0.160121 -1.213582 0.045902 0.000000
0.199213 -1.222993 -0.247928 1.000000
0.457129 -0.014360 -0.004990 0.000000
0.232503 -0.949821 -0.032288 1.000000
0.324708 0.214243 0.055317 0.000000
0.363069 -0.007158 0.063716 0.000000
0.272061 -0.299108 0.028829 0.000000
0.534991 0.041890 -0.011413 0.000000
0.327440 0.137854 0.042462 0.000000
0.189879 -1.178566 -0.197983 1.000000
0.013038 -0.843338 0.013738 0.000000
0.434189 -0.215617 0.095287 0.000000
0.333964 0.171767 0.006620 0.000000
0.462877 0.161286 0.017769 0.000000
0.674248 -0.117958 -0.063466 0.000000
0.122751 -0.558004 0.025807 0.000000
0.061829 -0.291223 -0.228012 0.000000
0.205107 -1.130017 -0.183779 1.000000
0.467334 0.143232 0.004896 0.000000
0.099306 -0.598864 0.021789 0.000000
0.336338 0.440478 0.054892 0.000000
0.342513 0.342282 0.018510 0.000000
0.041870 -0.100637 -0.104513 0.000000
0.368060 -0.015075 0.074220 0.000000
0.347586 0.369360 0.033792 0.000000
0.443700 0.193731 0.098000 0.000000
0.248600 -0.658070 0.016242 0.000000
0.188107 -1.111211 0.036184 0.000000
0.173506 -1.054646 0.028709 0.000000
0.251620 -0.601924 0.024702 0.000000
0.204851 -1.021432 -0.079603 1.000000
0.325472 0.270141 0.053371 0.000000
0.394096 0.178696 0.001736 0.000000
0.457412 -0.186319 -0.142094 0.000000
0.242123 0.044100 -0.030225 0.000000
0.600207 -0.459203 0.148403 0.000000
0.109369 -1.293232 0.037592 0.000000
0.527443 0.032470 0.226699 0.000000
0.319098 0.107380 0.057666 0.000000
0.173383 -1.226475 0.055939 0.000000
0.165434 -1.154654 0.043595 0.000000
0.373602 -0.033963 0.070400 0.000000
0.337969 0.304836 0.056051 0.000000
0.182745 -1.196655 0.033453 0.000000
0.189615 -1.175740 0.046873 0.000000
0.120038 -0.621009 0.034936 0.000000
0.064773 -0.072581 -0.093263 0.000000
0.352713 0.433485 0.030531 0.000000
0.237335 -0.692530 0.020954 0.000000
0.194104 -1.139242 -0.188749 1.000000
0.199622 -1.114622 0.018990 0.000000
0.268032 -0.451985 0.026926 0.000000
0.332921 -0.023275 0.007194 0.000000
0.161215 -0.199356 -0.119480 0.000000
0.200280 0.132503 -0.014640 0.000000
0.315880 0.316292 0.053088 0.000000
0.339370 0.372399 0.056654 0.000000
0.153371 -1.159602 0.055219 0.000000
0.330161 0.346622 0.048891 0.000000
0.183200 -0.161781 -0.099514 0.000000
0.580863 -0.022975 -0.036056 0.000000
0.298538 -0.101215 0.031105 0.000000
0.287475 -0.172439 0.025735 0.000000
0.172144 -1.328387 -0.347353 1.000000
0.181904 -1.318664 -0.339248 1.000000
0.133350 -0.578071 0.037823 0.000000
0.427283 0.028092 -0.015937 0.000000
0.276831 -0.252493 0.020755 0.000000
0.233671 -0.739482 0.021297 0.000000
0.195039 -0.966537 -0.030982 1.000000
0.203187 -0.392391 0.026438 0.000000
0.271725 -0.282130 0.027172 0.000000
0.488473 0.089534 0.172804 0.000000
0.231524 -0.699483 0.013979 0.000000
0.267173 -0.310087 0.023385 0.000000
0.339553 0.394403 0.061462 0.000000
0.232407 -0.762242 0.012620 0.000000
0.216918 -0.972208 0.026053 0.000000
0.263410 -0.433078 0.015489 0.000000
0.153654 -0.467015 0.020226 0.000000
0.324520 0.054966 -0.013032 0.000000
0.257972 -0.462977 0.014288 0.000000
0.187965 0.116722 -0.023814 0.000000
0.399931 0.315376 0.030107 0.000000
0.207651 -1.123247 -0.162169 1.000000
0.215148 -0.075944 -0.055153 0.000000
0.495869 0.070508 0.178104 0.000000
0.280175 -0.241374 0.031303 0.000000
0.248216 -0.574368 0.010027 0.000000
0.450850 0.180364 0.014159 0.000000
0.182702 -1.131261 0.047269 0.000000
0.204219 -1.080374 0.038948 0.000000
0.445904 -0.022989 -0.017483 0.000000
0.142966 -0.503561 0.020314 0.000000
0.260223 0.077073 -0.019242 0.000000
0.153312 -1.138459 0.054846 0.000000
0.260546 -0.416327 0.018952 0.000000
0.204325 -1.053369 -0.118037 1.000000
0.233472 -0.000844 -0.033087 0.000000
0.444513 -0.226564 0.097359 0.000000
0.334235 0.231825 0.013311 0.000000
0.310133 0.043901 0.047715 0.000000
0.284186 -0.196994 0.034122 0.000000
0.198302 -1.056143 0.021083 0.000000
0.464857 -0.226377 -0.147695 0.000000
0.234422 -0.335077 0.026175 0.000000
0.395448 0.380607 0.036004 0.000000
0.154804 -1.227941 0.050401 0.000000
0.144453 -1.205679 0.053487 0.000000
0.141379 -1.154159 0.032736 0.000000
0.541880 -0.420270 0.133884 0.000000
0.180358 -1.116727 0.029627 0.000000
0.120235 -0.593542 0.032612 0.000000
0.656643 -0.106556 -0.066123 0.000000
0.203088 -0.904858 0.004924 1.000000
0.389238 0.299149 0.028631 0.000000
0.180207 -0.454374 0.031459 0.000000
0.203039 -1.173575 -0.203583 1.000000
0.223280 -0.880359 0.008081 0.000000
0.038458 -0.117119 -0.118839 0.000000
0.268864 -0.500437 0.012753 0.000000
0.192365 -1.030213 0.032947 0.000000
0.335162 0.346306 0.061850 0.000000
0.249808 -0.307635 0.020944 0.000000
0.724332 -0.146783 -0.078809 0.000000
0.578453 -0.449941 0.128799 0.000000
0.331199 0.222622 0.053549 0.000000
0.204539 -1.029147 -0.087928 1.000000
0.195051 -1.088794 -0.125400 1.000000
0.167927 -1.178175 0.043205 0.000000
0.299110 0.279968 0.023732 0.000000
-0.008536 -0.890125 0.008874 0.000000
0.239691 -0.014793 -0.032018 0.000000
0.333510 0.426274 0.059119 0.000000
0.267888 -0.374247 0.027735 0.000000
0.339897 0.462069 0.058941 0.000000
0.425211 0.260791 0.024199 0.000000
0.409752 0.282008 0.033443 0.000000
0.194658 -1.207122 -0.234256 1.000000
0.279080 -0.267840 0.032262 0.000000
0.658670 -0.501333 0.158253 0.000000
0.072711 -0.643736 0.028306 0.000000
0.301480 -0.069627 0.036289 0.000000
0.341395 0.360383 0.030688 0.000000
0.197203 -1.148239 -0.199556 1.000000
0.325502 0.184066 0.060290 0.000000
0.117318 0.036631 -0.055233 0.000000
0.318180 0.034503 0.037399 0.000000
0.447533 -0.003979 -0.012308 0.000000
0.155461 -1.160312 0.042233 0.000000
0.100160 -0.014615 -0.064304 0.000000
0.409955 0.120730 0.001071 0.000000
0.191976 -1.197269 -0.229846 1.000000
0.392818 -0.090435 0.076568 0.000000
0.233719 -0.945953 -0.022074 1.000000
0.119334 -1.243316 0.033984 0.000000
0.397390 0.413059 0.043332 0.000000
0.166294 -0.483160 0.037623 0.000000
0.218863 0.161527 -0.000506 0.000000
0.438511 -0.235558 0.099957 0.000000
0.208103 -1.044422 0.038392 0.000000
0.201186 -1.119758 -0.170259 1.000000
0.218470 -0.369474 0.032360 0.000000
0.457768 0.151925 0.006616 0.000000
-0.082015 -1.066616 -0.025828 0.000000
0.208804 -1.021706 0.033429 0.000000
0.388645 0.394432 0.039417 0.000000
0.151232 -1.170058 0.041329 0.000000
0.233870 -0.781385 0.008378 0.000000
0.344832 0.377770 0.028323 0.000000
0.616024 -0.070493 -0.049517 0.000000
0.132026 -1.233925 0.055654 0.000000
0.180583 -1.282134 -0.308074 1.000000
0.459983 -0.241054 0.100965 0.000000
0.212477 -0.888484 0.015723 0.000000
0.155595 -0.514965 0.041929 0.000000
0.430253 0.227403 0.017322 0.000000
0.328179 -0.000619 0.003210 0.000000
0.131906 -0.243038 -0.153292 0.000000
0.344539 0.256219 0.017242 0.000000
0.397519 0.192727 0.005782 0.000000
0.342367 0.053109 0.060241 0.000000
-0.047408 -0.980279 -0.012698 0.000000
0.300539 -0.017718 0.037603 0.000000
0.496608 -0.256804 -0.148534 0.000000
-0.061384 -1.018843 -0.002924 0.000000
0.328470 0.068632 -0.003930 0.000000
0.187409 -1.180257 0.021757 0.000000
0.319675 0.077249 0.044298 0.000000
0.376760 -0.033320 0.080884 0.000000
0.333916 0.101460 -0.003844 0.000000
0.307896 0.062158 0.050067 0.000000
0.193402 -1.082958 0.031626 0.000000
0.343785 0.394622 0.036519 0.000000
0.180436 -0.143119 -0.084363 0.000000
0.225407 -0.855342 0.007035 0.000000
0.287673 -0.208478 0.026856 0.000000
0.770449 -0.174228 -0.102228 0.000000
0.089893 -0.660609 0.029802 0.000000
0.188921 -1.012349 0.022732 0.000000
0.213490 -1.013810 -0.069237 1.000000
0.204847 -0.933334 -0.013690 1.000000
0.437551 -0.198664 0.092835 0.000000
0.324143 0.127345 0.047021 0.000000
0.208735 -1.083875 -0.148810 1.000000
0.397283 0.271018 0.016865 0.000000
0.287220 0.268965 0.039548 0.000000
0.407366 0.131741 0.008713 0.000000
0.567335 -0.179910 -0.097176 0.000000
0.025663 -0.131805 -0.118651 0.000000
0.632468 -0.482335 0.151017 0.000000
0.341579 0.415725 0.058060 0.000000
0.177043 -0.156701 -0.087501 0.000000
0.494602 -0.096516 -0.034789 0.000000
0.225253 -0.925591 -0.012648 1.000000
0.318016 0.049686 0.041653 0.000000
0.102971 -0.000576 -0.060801 0.000000
0.145546 -0.517979 0.033154 0.000000
0.198271 -0.401703 0.029105 0.000000
0.206560 -0.971685 0.024439 0.000000
0.132485 0.031392 -0.045428 0.000000
0.077446 -0.043707 -0.077936 0.000000
0.050458 -0.733020 0.026393 0.000000
0.405479 0.146281 -0.003375 0.000000
0.204487 -1.048531 0.027415 0.000000
0.336925 0.161680 0.003401 0.000000
0.244250 -0.614138 0.009432 0.000000
0.396663 0.364448 0.032905 0.000000
0.326538 0.004583 -0.010452 0.000000
0.421746 0.239534 0.074139 0.000000
0.024652 -0.781265 0.026669 0.000000
0.367471 0.051355 -0.023011 0.000000
0.469610 -0.257948 0.096563 0.000000
0.158602 -0.486808 0.023824 0.000000
0.326329 0.024332 -0.006299 0.000000
0.459535 -0.268646 0.104820 0.000000
0.180556 -1.207197 0.057179 0.000000
0.217156 -0.056646 -0.049199 0.000000
0.202533 -0.998313 0.030753 0.000000
0.552786 0.018809 -0.019400 0.000000
0.145276 -1.163673 0.064455 0.000000
0.532551 -0.147995 -0.073888 0.000000
-0.103902 -1.121111 -0.034018 0.000000
0.350552 -0.104444 0.013542 0.000000
0.592513 -0.034252 -0.041690 0.000000
0.101825 -0.587735 0.024465 0.000000
0.047502 -0.752450 0.023646 0.000000
0.110741 -0.604366 0.031147 0.000000
0.021958 -0.839726 0.010542 0.000000
0.394468 0.250547 0.014791 0.000000
0.420822 -0.104761 -0.102439 0.000000
0.336194 0.309206 0.024848 0.000000
0.331728 0.221517 0.007867 0.000000
0.163148 -1.240379 0.050481 0.000000
0.195818 -1.082114 -0.132955 1.000000
0.205755 -1.093593 -0.134368 1.000000
0.338439 0.141319 0.004465 0.000000
0.145991 -1.185318 0.055540 0.000000
0.478934 -0.062867 -0.020251 0.000000
0.215939 -0.976765 -0.039286 1.000000
0.455919 0.186017 0.106423 0.000000
0.201472 -0.991716 -0.055464 1.000000
0.227045 -0.745189 0.015528 0.000000
0.553125 -0.430639 0.131017 0.000000
0.343629 0.090374 -0.012927 0.000000
0.252598 0.208739 0.008469 0.000000
0.638241 -0.086823 -0.049204 0.000000
0.335717 -0.040174 0.016098 0.000000
0.181692 -1.178027 0.031500 0.000000
0.176804 -1.081099 0.029145 0.000000
0.334249 0.407907 0.052603 0.000000
0.303152 0.290953 0.032514 0.000000
0.468108 0.139432 0.131296 0.000000
0.239942 -0.637451 0.021715 0.000000
0.182847 -1.116927 0.042576 0.000000
0.327721 0.186505 0.045508 0.000000
0.256926 -0.550339 0.020767 0.000000
0.379283 -0.053169 0.068645 0.000000
0.269285 -0.384964 0.020102 0.000000
0.185949 -1.246700 -0.270438 1.000000
0.504856 -0.364745 0.115255 0.000000
0.526403 0.061303 -0.002357 0.000000
0.331494 0.251094 0.057803 0.000000
0.340839 0.060389 0.043745 0.000000
0.282040 -0.194037 0.024785 0.000000
0.348515 0.034269 0.060212 0.000000
0.220873 -0.815767 0.012072 0.000000
0.333834 0.079849 0.046017 0.000000
0.318179 0.096341 0.049575 0.000000
0.575767 -0.188707 -0.109415 0.000000
-0.001435 -0.885158 0.001636 0.000000
0.637288 -0.491464 0.146562 0.000000
0.201834 -1.037747 0.014534 0.000000
0.464969 -0.303138 0.114168 0.000000
0.260800 -0.474029 0.018940 0.000000
0.179199 -1.054150 0.016195 0.000000
0.148361 -0.220305 -0.133053 0.000000
0.216105 -0.902185 0.018681 0.000000
0.431948 0.208102 0.091856 0.000000
0.404580 0.163133 0.000983 0.000000
0.082038 -0.673077 0.027856 0.000000
0.224320 0.168056 -0.005842 0.000000
0.351183 0.439870 0.038023 0.000000
0.226340 -0.826188 0.008682 0.000000
0.263843 -0.354635 0.019161 0.000000
0.240521 -0.617497 0.019931 0.000000
0.200194 -1.094823 0.042316 0.000000
0.465887 -0.199755 -0.147917 0.000000
0.383698 -0.071388 0.068897 0.000000
0.268348 -0.403461 0.024166 0.000000
0.333225 0.241699 0.013118 0.000000
0.311249 0.304788 0.041965 0.000000
-0.090769 -1.093593 -0.023442 0.000000
0.218099 -0.966510 -0.037353 1.000000
0.377601 0.005788 -0.041639 0.000000
0.266389 -0.447209 0.017218 0.000000
0.360727 -0.002669 0.055207 0.000000
0.272474 -0.234915 0.029788 0.000000
0.167571 0.087739 -0.031963 0.000000
0.312955 0.090819 0.038572 0.000000
0.333166 0.125057 -0.001323 0.000000
0.236483 -0.938141 -0.015241 1.000000
0.197546 -1.133363 -0.170843 1.000000
0.257200 -0.453634 0.011192 0.000000
0.194186 -1.128632 0.037355 0.000000
0.138094 -0.559722 0.032550 0.000000
0.219307 -1.005955 -0.084078 1.000000
0.428940 0.045893 -0.007328 0.000000
0.516838 -0.375532 0.105810 0.000000
0.284942 -0.221886 0.033084 0.000000
0.416357 -0.087217 -0.093986 0.000000
0.327211 0.075349 -0.012088 0.000000
0.334695 0.278421 0.017132 0.000000
0.390620 0.349141 0.032532 0.000000
0.482149 -0.234351 -0.152684 0.000000
0.448374 -0.261872 0.106700 0.000000
0.271324 -0.248855 0.028663 0.000000
0.490379 0.110863 0.005549 0.000000
0.195079 -0.413067 0.019123 0.000000
0.349111 0.348740 0.022600 0.000000
0.292991 -0.143948 0.023095 0.000000
0.193764 0.122583 -0.014654 0.000000
0.518338 0.039669 0.216636 0.000000
0.353999 0.024773 0.075979 0.000000
0.481636 -0.296933 0.099535 0.000000
0.329711 0.357529 0.048795 0.000000
0.123266 -0.250911 -0.174468 0.000000
0.323610 0.202908 0.004037 0.000000
0.503493 -0.110784 -0.042081 0.000000
0.389514 0.264049 0.022201 0.000000
0.079260 -1.363434 0.086313 0.000000
0.316094 0.148229 0.039977 0.000000
0.061499 -0.680521 0.029735 0.000000
0.204348 -1.052296 -0.107661 1.000000
0.503698 -0.269444 -0.149164 0.000000
0.190108 -1.187757 0.058352 0.000000
0.740048 -0.156715 -0.086271 0.000000
0.165571 -1.365931 -0.380939 1.000000
0.386908 0.311543 0.050187 0.000000
0.271831 -0.268492 0.025572 0.000000
0.644722 -0.095571 -0.060069 0.000000
0.222970 -0.798742 0.014271 0.000000
0.158651 -0.189450 -0.107001 0.000000
0.212067 -1.036894 -0.104259 1.000000
-0.020313 -0.915626 0.003356 0.000000
0.259648 -0.526016 0.025966 0.000000
0.331568 0.083091 0.000487 0.000000
0.177372 -1.161324 0.042034 0.000000
0.203942 -1.141155 -0.175749 1.000000
0.237201 -0.718917 0.019997 0.000000
0.410314 -0.130214 0.084962 0.000000
0.332406 0.387904 0.060268 0.000000
0.215913 -0.864269 0.017204 0.000000
0.255603 -0.491475 0.014893 0.000000
0.333351 0.069530 0.054873 0.000000
0.259856 -0.291085 0.016360 0.000000
0.444658 -0.171087 -0.135145 0.000000
0.306269 -0.091165 0.045271 0.000000
0.332960 0.365448 0.058833 0.000000
0.164501 -0.447821 0.020912 0.000000
0.190316 -1.133068 0.028385 0.000000
0.435379 0.216395 0.023682 0.000000
0.321117 0.107445 0.047705 0.000000
0.195245 -1.186115 -0.221702 1.000000
0.191038 -0.092341 -0.064751 0.000000
0.438645 0.012346 -0.016446 0.000000
0.514625 0.069313 -0.003532 0.000000
0.186435 -1.263525 -0.275706 1.000000
0.393635 0.234119 0.013011 0.000000
0.212208 0.147661 -0.008738 0.000000
0.368941 0.351065 0.042324 0.000000
0.417584 0.252766 0.077443 0.000000
0.162569 -1.086208 0.039174 0.000000
0.296919 -0.172307 0.023770 0.000000
0.033967 -0.103002 -0.110799 0.000000
0.229044 -0.987303 -0.066230 1.000000
0.349764 0.386820 0.028546 0.000000
0.190359 -1.205748 0.020223 0.000000
0.213884 -1.013380 -0.078825 1.000000
0.602293 -0.033646 -0.045892 0.000000
-0.044428 -0.962801 -0.004294 0.000000
0.448218 0.202482 0.099736 0.000000
0.232068 -0.890453 0.015068 0.000000
0.190014 -1.045421 0.021975 0.000000
0.109300 -1.300131 0.044444 0.000000
0.168304 -1.208980 0.051739 0.000000
0.113761 -0.586845 0.025622 0.000000
0.424199 -0.195425 0.091599 0.000000
0.312633 0.060143 0.041967 0.000000
0.289944 0.137993 -0.002687 0.000000
0.329725 0.308419 0.052775 0.000000
0.197773 -1.079897 0.022054 0.000000
0.284066 0.255807 0.025630 0.000000
0.236783 -0.728406 0.014050 0.000000
0.235698 -0.336032 0.035595 0.000000
0.359905 -0.120232 0.009859 0.000000
0.270735 -0.463187 0.016263 0.000000
-0.005375 -0.871480 0.015435 0.000000
0.342611 0.451075 0.064901 0.000000
0.085599 -0.693524 0.029048 0.000000
0.065621 -0.748633 0.020986 0.000000
0.145611 0.060559 -0.041486 0.000000
0.181520 0.107860 -0.026576 0.000000
0.234621 -0.789117 0.019258 0.000000
0.342161 0.287628 0.022170 0.000000
0.356099 0.425932 0.035431 0.000000
0.552198 -0.430033 0.118827 0.000000
0.325259 0.198286 0.046265 0.000000
0.169638 -1.326669 0.062413 0.000000
0.424388 0.243712 0.019065 0.000000
0.245215 -0.642264 0.014844 0.000000
0.179021 -0.435550 0.027090 0.000000
0.452383 -0.206322 0.094368 0.000000
0.397801 0.321261 0.037268 0.000000
0.299995 -0.144134 0.030062 0.000000
0.456856 -0.195734 -0.143944 0.000000
0.192306 -1.096665 0.033522 0.000000
0.407780 0.205870 0.000191 0.000000
0.332141 -0.066350 0.003701 0.000000
0.290326 -0.190786 0.028297 0.000000
0.210947 -0.366959 0.015935 0.000000
0.307676 0.006120 0.033065 0.000000
0.203598 -1.066552 0.031261 0.000000
0.139359 -1.218548 0.040928 0.000000
-0.098091 -1.103069 -0.034962 0.000000
0.189047 -0.398367 0.018236 0.000000
0.223968 -0.778505 0.015917 0.000000
0.226177 -0.961716 -0.041706 1.000000
0.607115 -0.051993 -0.048495 0.000000
0.182941 -1.251827 -0.281830 1.000000
0.224531 -0.968381 -0.055190 1.000000
0.306602 0.176383 0.001945 0.000000
0.215156 -1.003755 -0.074150 1.000000
0.347093 0.043804 0.056747 0.000000
0.432938 0.226033 0.088034 0.000000
0.398841 0.218716 0.007374 0.000000
0.259326 -0.533845 0.008180 0.000000
0.142442 -0.547830 0.039547 0.000000
0.147190 -0.527980 0.035363 0.000000
0.203457 -1.032582 0.033450 0.000000
0.033989 -0.761622 0.026584 0.000000
0.225480 -0.906039 -0.000299 1.000000
0.321402 0.160005 0.049082 0.000000
0.204599 -1.032081 0.021486 0.000000
0.392480 -0.076761 0.082167 0.000000
0.368082 0.043664 -0.029607 0.000000
0.109537 -1.244816 0.034992 0.000000
0.352836 0.407681 0.031368 0.000000
0.252701 -0.509861 0.021853 0.000000
0.115684 0.018397 -0.054598 0.000000
0.425483 0.069784 -0.002147 0.000000
0.432098 -0.180628 0.090905 0.000000
0.164994 -1.091820 0.027342 0.000000
0.325735 0.044187 0.001584 0.000000
0.212597 -1.040785 0.020222 0.000000
0.164776 -1.101266 0.039438 0.000000
0.268119 -0.290728 0.026001 0.000000
0.023390 -0.824447 0.018760 0.000000
0.507320 0.066181 0.185331 0.000000
-0.055971 -1.012605 -0.021192 0.000000
0.331377 0.063337 0.005844 0.000000
0.339297 0.403588 0.059873 0.000000
0.345027 -0.076895 0.022269 0.000000
0.056054 -0.069447 -0.092209 0.000000
0.331294 0.058754 -0.007892 0.000000
0.249472 -0.627535 0.020959 0.000000
0.311208 -0.001059 0.043174 0.000000
0.011830 -0.142135 -0.134224 0.000000
0.324355 0.087696 0.060906 0.000000
0.243735 0.199363 0.014300 0.000000
0.410343 0.098157 -0.001193 0.000000
0.337855 0.249016 0.009747 0.000000
0.421208 0.075722 -0.008530 0.000000
0.111935 -0.000526 -0.056795 0.000000
0.082575 -0.634553 0.028461 0.000000
0.255456 -0.530253 0.018139 0.000000
0.200931 -1.003614 -0.069310 1.000000
0.303436 -0.084514 0.033356 0.000000
0.341334 0.295470 0.014156 0.000000
0.467912 -0.290985 0.109251 0.000000
0.266662 -0.327661 0.020948 0.000000
0.470692 -0.052537 -0.020061 0.000000
0.353083 0.015889 0.067679 0.000000
0.217690 -0.951817 -0.028875 1.000000
0.228510 0.174317 -0.013656 0.000000
0.528152 -0.396274 0.108639 0.000000
-0.082664 -1.063689 -0.034580 0.000000
0.267612 -0.517413 0.015373 0.000000
0.076649 -0.703632 0.023056 0.000000
0.273517 -0.285706 0.013155 0.000000
0.509746 0.048132 0.199419 0.000000
-0.035876 -0.950260 -0.004717 0.000000
0.221188 -0.988932 -0.058774 1.000000
0.301305 -0.028605 0.036114 0.000000
0.342295 0.362655 0.051537 0.000000
0.167497 -0.172388 -0.100677 0.000000
0.209322 -0.093412 -0.062807 0.000000
0.169268 -1.053326 0.037167 0.000000
0.208942 -0.077660 -0.064885 0.000000
0.246556 -0.594592 0.017015 0.000000
0.127378 -1.268846 0.046121 0.000000
0.561182 -0.167617 -0.086769 0.000000
0.286605 -0.227340 0.023041 0.000000
0.382451 -0.048217 0.080575 0.000000
0.188966 -0.425614 0.033033 0.000000
0.174115 -1.170410 0.042173 0.000000
0.494262 -0.356549 0.125752 0.000000
0.079796 -0.686245 0.028273 0.000000
0.345060 0.309003 0.018015 0.000000
0.029658 -0.114644 -0.123643 0.000000
0.401578 0.282216 0.063776 0.000000
-0.054681 -0.995872 -0.002691 0.000000
0.195615 -1.091293 0.025933 0.000000
0.328735 0.211371 0.014877 0.000000
0.483114 -0.245968 -0.157065 0.000000
0.206119 -0.914428 0.005188 1.000000
0.396172 0.156779 0.011829 0.000000
0.322095 0.100316 0.041804 0.000000
0.212055 -1.084065 -0.136614 1.000000
0.068730 -0.686430 0.027620 0.000000
0.458905 0.162434 0.009603 0.000000
-0.076179 -1.043048 -0.021256 0.000000
0.511846 -0.381110 0.121342 0.000000
-0.069702 -1.027896 -0.017231 0.000000
0.209957 -0.374980 0.021046 0.000000
0.232629 -0.773777 0.017452 0.000000
0.374427 0.022973 -0.036764 0.000000
0.090479 -0.619926 0.027713 0.000000
0.185305 -1.007504 0.031615 0.000000
0.183761 -1.204745 0.037540 0.000000
0.174184 -1.301099 -0.324486 1.000000
0.620001 -0.474470 0.147502 0.000000
0.224222 -0.930652 0.019545 0.000000
0.422537 0.085974 0.007279 0.000000
0.336153 -0.084231 0.005202 0.000000
0.352506 0.461452 0.037187 0.000000
0.709619 -0.139939 -0.072161 0.000000
0.238392 -0.323018 0.010011 0.000000
0.395939 0.338745 0.027056 0.000000
0.246183 -0.668080 0.011099 0.000000
0.102531 -0.651284 0.032520 0.000000
-0.027663 -0.932280 0.003941 0.000000
0.144266 -1.226202 0.044895 0.000000
0.253629 -0.541401 0.020599 0.000000
0.038950 -0.752358 0.026654 0.000000
0.151221 -0.485718 0.018498 0.000000
0.415935 0.086449 -0.013685 0.000000
0.126975 -0.544006 0.027717 0.000000
0.241088 -0.935190 -0.022457 1.000000
0.212082 -1.031166 0.030172 0.000000
0.231380 -0.959796 -0.034563 1.000000
0.034412 -0.793504 0.014799 0.000000
0.265202 0.084996 -0.014280 0.000000
0.235905 -0.688447 0.009145 0.000000
0.416264 -0.180499 0.087629 0.000000
0.381144 -0.021521 -0.054578 0.000000
0.476891 -0.068933 -0.026614 0.000000
0.299824 -0.041272 0.044776 0.000000
-0.025248 -0.940015 -0.004316 0.000000
0.256837 -0.463724 0.025154 0.000000
0.230379 -0.809466 0.017363 0.000000
0.435788 -0.158349 0.091640 0.000000
0.138873 -0.234309 -0.140605 0.000000
0.547476 -0.144868 -0.062584 0.000000
0.278016 0.087705 -0.006431 0.000000
0.443294 -0.216998 0.095049 0.000000
0.028142 -0.297796 -0.239115 0.000000
0.203807 -1.043866 -0.104075 1.000000
0.485560 -0.339076 0.121166 0.000000
0.040984 -0.732253 0.029307 0.000000
0.473173 0.138811 0.011142 0.000000
0.286676 -0.180444 0.029706 0.000000
0.370056 0.029755 -0.027443 0.000000
0.355276 0.373963 0.034166 0.000000
0.512592 -0.388996 0.130214 0.000000
0.176666 -1.261461 0.057829 0.000000
0.052128 -0.081410 -0.092851 0.000000
0.219481 -0.361580 0.025745 0.000000
0.139613 -1.168572 0.037676 0.000000
0.297532 -0.087873 0.042500 0.000000
0.428069 0.236537 0.013489 0.000000
0.756594 -0.163600 -0.093882 0.000000
0.194769 -1.017519 -0.077370 1.000000
0.180226 -1.169963 0.026277 0.000000
0.069603 -0.708068 0.026556 0.000000
0.169308 -0.470052 0.033935 0.000000
0.239888 -0.328381 0.023111 0.000000
0.316165 0.179209 0.047328 0.000000
0.407583 0.114007 -0.006118 0.000000
0.131138 -1.193310 0.032767 0.000000
0.429310 -0.140820 0.093783 0.000000
0.190513 -0.147293 -0.088821 0.000000
0.393552 0.205898 0.010690 0.000000
0.293922 0.269760 0.021762 0.000000
0.177253 -1.264092 0.035976 0.000000
0.271497 0.235844 0.007776 0.000000
0.385990 0.298820 0.057460 0.000000
0.257692 -0.295631 0.029532 0.000000
0.324891 0.325979 0.042826 0.000000
0.162164 -0.456379 0.021670 0.000000
0.291998 -0.131606 0.038200 0.000000
0.196334 -1.052003 0.028878 0.000000
0.233439 -0.020160 -0.037871 0.000000
0.322219 0.119270 0.043829 0.000000
0.158765 -1.234322 0.044789 0.000000
0.204612 -1.038770 -0.082352 1.000000
0.275101 0.101083 -0.009587 0.000000
0.172529 -1.227900 0.038999 0.000000
0.269817 -0.482902 0.013536 0.000000
0.180813 -1.141607 0.036276 0.000000
0.382957 0.482355 0.044969 0.000000
0.234728 -0.797889 0.012596 0.000000
0.323684 0.208306 0.048718 0.000000
0.178748 -1.201035 0.025280 0.000000
0.143213 -1.176222 0.046927 0.000000
0.201153 -1.064393 0.019556 0.000000
0.360760 0.004065 0.074521 0.000000
0.241833 0.011390 -0.026731 0.000000
0.362782 0.442397 0.033537 0.000000
0.334839 0.268226 0.051007 0.000000
0.275986 -0.326262 0.024272 0.000000
0.258384 -0.391142 0.018565 0.000000
0.254204 -0.478914 0.022233 0.000000
0.230041 0.175376 0.005384 0.000000
0.145273 -1.154765 0.060422 0.000000
-0.036990 -0.941650 0.007241 0.000000
0.000040 -0.860614 0.015129 0.000000
-0.017639 -0.921261 -0.003827 0.000000
0.161370 0.086324 -0.038644 0.000000
0.073442 -0.282660 -0.213431 0.000000
0.264318 0.226569 0.012923 0.000000
0.401908 0.149374 0.008453 0.000000
0.472272 0.147070 0.017639 0.000000
0.182132 -1.216800 0.027965 0.000000
0.415506 0.265677 0.025850 0.000000
0.229290 -0.709997 0.012487 0.000000
0.197017 -0.419534 0.033429 0.000000
0.303478 -0.005837 0.044844 0.000000
0.470263 -0.219343 -0.149921 0.000000
0.343662 0.322188 0.024067 0.000000
0.478898 -0.220671 -0.147751 0.000000
0.463063 0.169771 0.113731 0.000000
0.359362 0.481144 0.043993 0.000000
0.477744 0.125515 0.005324 0.000000
0.266688 -0.283309 0.020032 0.000000
0.234834 0.024431 -0.033442 0.000000
0.438781 0.219810 0.093540 0.000000
0.147248 -1.154800 0.039238 0.000000
0.148535 -0.499469 0.028933 0.000000
0.088667 -0.678723 0.026501 0.000000
0.312670 0.118260 0.043829 0.000000
0.168126 -1.306008 0.035774 0.000000
0.342030 0.096133 -0.004778 0.000000
0.298859 -0.121202 0.031180 0.000000
0.253280 -0.500201 0.011129 0.000000
0.201277 -1.096275 0.020448 0.000000
0.331588 0.379312 0.056288 0.000000
0.164263 -1.323284 -0.334499 1.000000
0.323319 -0.014417 -0.000923 0.000000
0.140557 -0.512052 0.026092 0.000000
0.242798 -0.712450 0.022151 0.000000
0.248235 -0.555994 0.024158 0.000000
0.186067 -1.113074 0.022335 0.000000
0.427117 -0.136014 -0.114959 0.000000
0.220204 -0.866222 0.008785 0.000000
0.388913 -0.004204 -0.048443 0.000000
0.216735 -1.048158 -0.114292 1.000000
0.162700 -1.221959 0.048904 0.000000
0.185830 -0.132451 -0.081641 0.000000
0.187574 -1.165305 0.053252 0.000000
0.324976 0.141721 0.050287 0.000000
0.272025 -0.335138 0.017487 0.000000
0.399943 0.176732 0.007889 0.000000
0.331760 0.203352 0.007903 0.000000
0.299902 -0.056933 0.042086 0.000000
0.182231 -1.227374 0.035445 0.000000
0.205587 -1.006450 0.030413 0.000000
0.227243 -0.847121 0.010068 0.000000
0.606535 -0.466135 0.144615 0.000000
0.180323 -1.276475 -0.299805 1.000000
0.686615 -0.524560 0.162003 0.000000
0.259415 -0.506684 0.013693 0.000000
0.309822 0.016796 0.039058 0.000000
0.311994 0.191865 0.006526 0.000000
0.393162 0.432441 0.044326 0.000000
0.244532 -0.319266 0.032169 0.000000
0.238432 -0.673727 0.017509 0.000000
0.341717 0.431823 0.061355 0.000000
0.220474 -0.366039 0.040813 0.000000
0.264839 -0.457089 0.018040 0.000000
0.191533 -1.208307 -0.242506 1.000000
0.138304 -0.531789 0.028448 0.000000
0.313689 0.068501 0.049020 0.000000
0.058816 -0.699912 0.029335 0.000000
0.446595 0.186878 0.010382 0.000000
0.335485 0.336585 0.058218 0.000000
0.335652 -0.037134 0.007781 0.000000
0.357728 -0.102367 0.021522 0.000000
0.489213 -0.319626 0.104177 0.000000
0.221848 -0.976848 -0.051779 1.000000
0.354846 0.447988 0.039115 0.000000
0.418402 0.263852 0.017811 0.000000
0.330966 0.232017 0.050329 0.000000
0.349015 0.331937 0.027883 0.000000
0.186914 -1.183753 0.048566 0.000000
0.132777 -0.516566 0.023748 0.000000
0.500065 0.077308 0.184490 0.000000
0.280958 -0.214498 0.027323 0.000000
0.169674 -1.296883 -0.314296 1.000000
0.133078 -1.185815 0.069249 0.000000
0.526483 -0.404759 0.132445 0.000000
0.196367 -1.113109 0.032292 0.000000
0.156775 -1.359322 -0.378423 1.000000
0.123789 0.016438 -0.050099 0.000000
0.113710 -1.228099 0.035478 0.000000
0.261059 -0.422364 0.012857 0.000000
0.190384 -1.279238 -0.311193 1.000000
0.161201 -0.495535 0.039027 0.000000
0.264101 -0.421488 0.029144 0.000000
0.234427 -0.745492 0.011180 0.000000
0.323378 0.256080 0.055637 0.000000
0.389253 -0.013795 -0.051919 0.000000
0.399835 0.184991 0.002625 0.000000
0.578344 -0.202949 -0.121014 0.000000
0.471734 -0.235515 -0.150339 0.000000
0.138418 -1.218344 0.054243 0.000000
0.423225 -0.173829 0.090013 0.000000
0.175017 -1.293718 0.028911 0.000000
0.212461 -0.986541 0.027215 0.000000
0.218515 -0.912660 0.021237 0.000000
-0.079583 -1.059482 -0.021809 0.000000
0.212532 -0.972982 0.017614 0.000000
0.219086 -0.349440 0.013191 0.000000
0.118206 0.030092 -0.061127 0.000000
0.266544 -0.490939 0.020574 0.000000
0.447964 0.189523 0.025222 0.000000
0.573193 -0.451573 0.135314 0.000000
0.278999 0.111641 -0.005221 0.000000
0.258699 -0.434459 0.024074 0.000000
0.122039 -1.243624 0.073960 0.000000
0.337080 0.208794 0.001844 0.000000
0.279279 -0.281239 0.022756 0.000000
0.191092 -1.068685 0.024930 0.000000
0.212380 -0.375213 0.030781 0.000000
0.229049 -0.764184 0.005041 0.000000
0.214892 -0.031311 -0.045814 0.000000
0.344800 -0.090803 0.015036 0.000000
0.171794 -0.180933 -0.108762 0.000000
0.496234 0.098680 0.002918 0.000000
0.332891 0.336134 0.049541 0.000000
0.136071 -0.541378 0.032431 0.000000
0.227421 -0.355427 0.023069 0.000000
0.409361 -0.163767 0.088521 0.000000
0.383127 -0.038017 0.086611 0.000000
0.132198 -1.231484 0.036140 0.000000
0.338289 0.219556 0.013067 0.000000
0.220050 -0.920716 -0.008036 1.000000
0.193129 -1.210832 -0.223578 1.000000
0.394554 -0.028426 -0.054867 0.000000
0.224774 -0.767216 0.013914 0.000000
0.030724 -0.824052 0.011494 0.000000
0.260626 -0.513418 0.018692 0.000000
0.110383 0.008725 -0.057113 0.000000
0.543188 0.040865 -0.009556 0.000000
0.196620 -1.256418 -0.280880 1.000000
0.434801 0.029927 -0.012511 0.000000
0.437047 0.206633 0.010896 0.000000
0.572096 -0.001646 -0.030141 0.000000
0.341032 0.324119 0.016005 0.000000
0.214959 -0.835096 0.012722 0.000000
0.405291 -0.114705 0.083609 0.000000
0.331222 -0.056009 0.003844 0.000000
0.033001 -0.780373 0.023785 0.000000
0.370783 -0.024917 0.070781 0.000000
0.276767 -0.260738 0.027999 0.000000
-0.000816 -0.877085 0.009398 0.000000
0.390212 0.385739 0.040176 0.000000
0.196473 -1.077614 0.045075 0.000000
0.137505 -0.555157 0.044090 0.000000
0.418862 -0.123275 -0.106725 0.000000
0.399718 -0.046132 -0.065786 0.000000
0.332733 -0.006681 -0.002972 0.000000
0.546736 -0.424956 0.128831 0.000000
0.534819 -0.144908 -0.063448 0.000000
0.347285 0.458229 0.064373 0.000000
0.167822 -1.362850 -0.373435 1.000000
0.053460 -0.716373 0.027136 0.000000
0.255091 -0.521968 0.016551 0.000000
0.290308 -0.161754 0.029952 0.000000
0.458218 -0.233352 0.096068 0.000000
0.259592 -0.537531 0.016119 0.000000
-0.073959 -1.048905 -0.027455 0.000000
0.275658 -0.301999 0.017086 0.000000
0.329372 0.253867 0.050169 0.000000
0.269220 -0.283276 0.036012 0.000000
0.478459 -0.046646 -0.016031 0.000000
0.200899 -0.404610 0.037970 0.000000
0.205796 -1.034348 -0.094636 1.000000
0.434329 -0.151571 -0.123840 0.000000
0.384894 0.308770 0.059939 0.000000
0.001952 -0.855152 0.021260 0.000000
0.592842 -0.459500 0.136528 0.000000
0.207279 -1.046229 -0.114824 1.000000
0.448266 -0.184066 -0.138119 0.000000
0.180313 -1.172750 0.051765 0.000000
0.404689 -0.136239 0.079836 0.000000
-0.019025 -0.903762 0.011478 0.000000
0.362973 -0.126571 0.005027 0.000000
0.182498 -1.154943 0.037276 0.000000
0.111098 -0.567780 0.027010 0.000000
0.083883 -0.654713 0.029196 0.000000
0.267448 -0.436795 0.022409 0.000000
0.452772 -0.225417 0.096575 0.000000
0.298211 0.157298 0.008255 0.000000
0.004400 -0.847113 0.018608 0.000000
0.415262 0.086774 0.003260 0.000000
0.208203 -1.055834 0.018532 0.000000
0.328321 0.196684 0.056151 0.000000
0.252527 -0.304406 0.028139 0.000000
0.329902 -0.018932 0.014640 0.000000
0.193716 -1.099075 0.022556 0.000000
0.037106 -0.769345 0.024619 0.000000
0.193365 -0.409110 0.026428 0.000000
0.284480 -0.246977 0.022344 0.000000
0.207817 -0.389270 0.032604 0.000000
0.387908 0.221986 0.012352 0.000000
0.138854 -1.156920 0.043948 0.000000
0.307904 -0.063973 0.037416 0.000000
0.310703 -0.004108 0.034340 0.000000
0.136292 0.039363 -0.043613 0.000000
0.232768 -0.757778 0.023091 0.000000
0.389376 0.286630 0.022904 0.000000
0.193738 -1.145831 0.025477 0.000000
0.505163 0.062963 0.192689 0.000000
0.463255 -0.261960 0.101230 0.000000
-0.056301 -1.002599 -0.010271 0.000000
0.178156 -1.193997 0.047760 0.000000
0.011924 -0.830308 0.025790 0.000000
0.188550 -1.203763 0.056541 0.000000
0.496019 0.089666 0.169386 0.000000
0.230464 -0.730987 0.020206 0.000000
0.363414 0.038825 -0.024286 0.000000
0.222940 -0.874154 0.017628 0.000000
0.178744 -1.244808 0.057266 0.000000
0.165764 -1.344425 -0.351323 1.000000
0.176142 -1.267709 0.021160 0.000000
0.268129 -0.418104 0.021747 0.000000
0.244287 0.028019 -0.025010 0.000000
0.413517 -0.140919 0.092678 0.000000
0.181438 -1.253954 -0.289714 1.000000
0.306276 0.023631 0.042073 0.000000
0.172252 0.093541 -0.028387 0.000000
0.168566 -1.171366 0.029144 0.000000
0.177687 -1.282541 0.031769 0.000000
0.160059 -1.179276 0.045478 0.000000
0.261765 -0.518381 0.009617 0.000000
0.496466 -0.339398 0.107443 0.000000
0.386981 0.206096 0.016921 0.000000
0.428463 0.232151 0.025535 0.000000
0.644761 -0.493693 0.152097 0.000000
0.554414 -0.434001 0.143206 0.000000
0.081600 -0.700742 0.029404 0.000000
0.337936 0.337863 0.023765 0.000000
0.086614 -1.355442 0.081070 0.000000
0.458221 -0.249866 0.099784 0.000000
0.308259 0.094206 0.044440 0.000000
0.044196 -0.095857 -0.111932 0.000000
0.118490 -1.187209 0.034756 0.000000
0.413062 -0.113066 0.089462 0.000000
0.541120 -0.417993 0.115464 0.000000
0.221767 -0.851878 0.013961 0.000000
0.311415 0.010288 0.045941 0.000000
0.233268 -0.822537 0.011929 0.000000
0.231848 -0.921516 -0.009899 1.000000
0.044180 -0.084613 -0.100010 0.000000
0.371192 -0.132007 -0.003395 0.000000
0.174424 -1.221312 0.033545 0.000000
0.195072 -1.201866 -0.222588 1.000000
0.243007 -0.702635 0.013659 0.000000
0.323632 0.246347 0.045971 0.000000
0.175693 -0.441078 0.022007 0.000000
0.202233 -1.004248 0.021304 0.000000
0.689016 -0.129818 -0.069316 0.000000
-0.085278 -1.074979 -0.027409 0.000000
0.246641 -0.612170 0.018667 0.000000
0.130137 -1.200969 0.064275 0.000000
0.277844 -0.275877 0.029765 0.000000
0.216806 -0.958514 0.017368 0.000000
0.195956 -1.119894 -0.183773 1.000000
0.329766 0.286514 0.055095 0.000000
0.275255 -0.317331 0.019245 0.000000
0.437037 0.210282 0.083218 0.000000
0.140557 0.051693 -0.042586 0.000000
0.024907 -0.829742 0.012460 0.000000
0.671223 -0.110393 -0.064341 0.000000
0.348049 0.082371 -0.012197 0.000000
0.245166 -0.652025 0.011491 0.000000
0.631293 -0.089960 -0.052194 0.000000
0.028160 -0.128160 -0.125545 0.000000
0.203163 -1.072015 0.023536 0.000000
0.121972 -0.537545 0.024651 0.000000
0.587608 -0.028012 -0.039388 0.000000
0.292568 -0.097899 0.035605 0.000000
0.201836 -1.041588 0.033976 0.000000
0.202689 -0.971658 -0.037002 1.000000
0.124022 -1.277650 0.037739 0.000000
0.337504 0.169544 -0.000913 0.000000
0.319948 0.092412 0.042632 0.000000
0.367038 -0.026705 0.057461 0.000000
0.236429 -0.754282 0.008552 0.000000
0.453883 -0.016343 -0.012601 0.000000
0.237425 -0.646754 0.022748 0.000000
0.078370 -0.662280 0.029931 0.000000
0.471853 -0.280504 0.102340 0.000000
0.270292 -0.291503 0.017881 0.000000
0.291496 -0.202007 0.037329 0.000000
0.235624 -0.726760 0.006163 0.000000
0.232070 -0.836793 0.017821 0.000000
0.163501 -1.083484 0.028000 0.000000
0.250628 -0.585419 0.018974 0.000000
0.100319 -0.271931 -0.200007 0.000000
0.237678 0.185962 -0.001278 0.000000
0.673069 -0.513126 0.161868 0.000000
0.171213 -1.194420 0.056224 0.000000
0.262169 -0.554713 0.016394 0.000000
0.266573 -0.317813 0.020882 0.000000
0.389914 0.332233 0.030933 0.000000
0.326645 0.238122 0.054107 0.000000
0.253080 -0.494040 0.022315 0.000000
0.333039 0.093806 -0.006326 0.000000
0.530778 -0.402977 0.116560 0.000000
0.391050 0.363300 0.039405 0.000000
0.227816 -0.986476 -0.054846 1.000000
0.628487 -0.081640 -0.054649 0.000000
0.184302 -1.140100 0.045068 0.000000
-0.015030 -0.896788 0.009785 0.000000
0.428032 0.053767 -0.005824 0.000000
0.205002 -0.085301 -0.059173 0.000000
0.396003 0.390709 0.035950 0.000000
0.325183 -0.003946 0.010362 0.000000
0.267374 -0.402283 0.012430 0.000000
0.255827 -0.443065 0.021816 0.000000
0.196137 -0.416065 0.040645 0.000000
0.228897 -0.828436 0.018652 0.000000
-0.025981 -0.939066 0.007940 0.000000
0.464704 -0.208508 -0.148458 0.000000
0.427781 0.239993 0.087417 0.000000
0.348119 0.032987 0.068149 0.000000
0.335229 0.292388 0.018400 0.000000
0.198930 -1.200034 -0.232801 1.000000
0.325005 0.151002 0.052918 0.000000
0.033820 -0.117665 -0.112187 0.000000
0.416114 -0.110132 -0.098750 0.000000
0.487307 -0.077313 -0.024669 0.000000
0.563111 -0.439628 0.130735 0.000000
0.209763 -0.989260 0.019829 0.000000
0.182768 -1.100151 0.030921 0.000000
0.373720 0.017227 -0.029037 0.000000
0.183822 -1.106619 0.041185 0.000000
0.199005 -1.091233 0.033973 0.000000
0.166638 -1.241574 0.033903 0.000000
0.236427 -0.717256 0.006035 0.000000
0.468067 0.155637 0.125859 0.000000
0.529862 0.049915 -0.005941 0.000000
0.184748 -1.294584 -0.320867 1.000000
0.363545 0.052433 -0.015839 0.000000
0.344618 0.357764 0.023830 0.000000
0.212338 0.148807 -0.026449 0.000000
0.218610 -0.888938 0.010580 0.000000
0.123074 -1.196492 0.036482 0.000000
0.336255 0.105585 0.002725 0.000000
0.506109 -0.374891 0.123488 0.000000
0.349708 0.418465 0.037620 0.000000
0.270246 0.234571 0.020631 0.000000
0.229396 -0.028778 -0.039013 0.000000
0.390784 -0.040499 -0.065421 0.000000
0.159636 -0.483906 0.031211 0.000000
0.406252 0.138043 -0.004145 0.000000
0.212199 -0.970682 -0.042889 1.000000
0.396209 -0.057001 -0.072436 0.000000
0.157415 -0.206623 -0.120797 0.000000
0.200187 -1.134924 -0.179836 1.000000
0.339081 -0.066668 0.017056 0.000000
0.236049 -0.664802 0.010205 0.000000
0.168016 -1.172285 0.037377 0.000000
0.264798 -0.409599 0.018382 0.000000
-0.044897 -0.973193 -0.008241 0.000000
0.271046 0.103662 -0.015949 0.000000
0.439504 -0.243705 0.100623 0.000000
0.465094 -0.240846 0.094541 0.000000
0.241590 -0.659294 0.024320 0.000000
0.182770 -1.079091 0.036992 0.000000
0.143052 -1.168954 0.051711 0.000000
0.207023 -1.022461 0.022038 0.000000
0.134762 -1.154515 0.037149 0.000000
0.254059 -0.575663 0.015575 0.000000
0.329501 0.076515 -0.004193 0.000000
0.320250 0.170857 0.045406 0.000000
0.195052 -1.010255 -0.069979 1.000000
0.226397 -0.890059 0.009456 0.000000
0.319224 0.179613 0.054746 0.000000
0.132274 -1.199082 0.073184 0.000000
0.283186 -0.233891 0.026200 0.000000
0.324282 0.026948 0.001185 0.000000
0.389776 0.410835 0.043351 0.000000
0.564807 0.011160 -0.023604 0.000000
0.244532 -0.696573 0.021843 0.000000
0.178684 -1.186970 0.042152 0.000000
0.211691 0.148735 -0.017321 0.000000
0.348030 0.364347 0.027511 0.000000
0.183568 -1.189034 0.027816 0.000000
0.212863 -0.897377 0.007889 0.000000
0.179283 -1.257686 -0.277982 1.000000
0.199499 -1.105709 0.029738 0.000000
0.218772 -0.040583 -0.045019 0.000000
0.195596 -1.222474 -0.235457 1.000000
0.153676 -0.512354 0.034372 0.000000
0.145241 -1.211193 0.044263 0.000000
0.201319 -0.408094 0.025632 0.000000
0.235501 -0.912295 -0.003644 1.000000
0.238660 -0.695407 0.013733 0.000000
0.076307 -0.056321 -0.078492 0.000000
0.312481 -0.018307 0.042779 0.000000
0.159065 0.067667 -0.030030 0.000000
0.393620 -0.098833 0.075803 0.000000
0.340976 0.378395 0.051800 0.000000
0.167675 -1.323556 -0.343023 1.000000
0.439493 0.212042 0.092465 0.000000
0.348417 0.482486 0.058230 0.000000
0.177225 -1.323689 -0.343611 1.000000
0.342704 0.279855 0.014686 0.000000
0.365564 0.345450 0.037974 0.000000
0.170599 -1.064126 0.027273 0.000000
0.478177 -0.318333 0.114210 0.000000
0.171918 -1.306655 0.062543 0.000000
0.239382 -0.684808 0.015176 0.000000
0.622806 -0.482153 0.152068 0.000000
0.179637 -1.289352 -0.311476 1.000000
0.206771 -1.114758 -0.167930 1.000000
0.322134 0.165724 0.056905 0.000000
0.474118 -0.308104 0.112010 0.000000
0.188752 -1.051937 0.030890 0.000000
0.314893 0.313240 0.045930 0.000000
0.257435 -0.486120 0.020322 0.000000
0.340103 -0.090180 0.008446 0.000000
0.277946 -0.271883 0.019439 0.000000
0.196634 -1.216173 -0.245057 1.000000
0.234952 -0.736942 0.006981 0.000000
0.185416 -1.118603 0.035368 0.000000
0.305841 -0.010865 0.039322 0.000000
0.310317 0.052754 0.040832 0.000000
0.043837 -0.775639 0.017058 0.000000
0.170209 -0.457306 0.026325 0.000000
0.410342 -0.156749 0.085207 0.000000
0.279413 -0.190946 0.035471 0.000000
0.322254 0.226275 0.048263 0.000000
0.164833 -1.093577 0.040843 0.000000
0.607207 -0.043747 -0.054247 0.000000
0.298392 -0.131061 0.042658 0.000000
0.264308 -0.343597 0.015567 0.000000
0.256684 0.215433 0.011963 0.000000
0.160160 -0.470287 0.025121 0.000000
0.227692 -0.940852 -0.021787 1.000000
0.109296 -0.612001 0.031857 0.000000
0.034844 -0.786984 0.019194 0.000000
0.491849 -0.326601 0.096403 0.000000
0.290288 0.146521 -0.004340 0.000000
0.486799 -0.329330 0.111868 0.000000
0.018601 -0.148811 -0.132605 0.000000
0.127930 -0.590591 0.038070 0.000000
0.414223 -0.146591 0.087397 0.000000
0.151537 -1.297326 0.059199 0.000000
0.078198 -0.033157 -0.075791 0.000000
0.247990 -0.603107 0.016153 0.000000
0.202719 -1.087477 -0.130052 1.000000
0.341888 0.261215 0.011908 0.000000
0.264588 0.090979 -0.019764 0.000000
0.265185 -0.382825 0.026348 0.000000
0.214504 -0.881216 0.013842 0.000000
0.424663 -0.156461 0.092279 0.000000
0.318446 0.143816 0.046210 0.000000
0.242794 -0.598873 0.022756 0.000000
0.354070 0.017250 0.050924 0.000000
0.170111 -1.336220 -0.353160 1.000000
0.190682 -1.135044 -0.174061 1.000000
0.329168 0.094537 0.053949 0.000000
0.262616 -0.497263 0.009431 0.000000
0.285165 -0.212476 0.033513 0.000000
0.267541 -0.396997 0.019966 0.000000
0.190383 -1.111917 0.043560 0.000000
0.135164 -0.564656 0.037837 0.000000
0.302880 0.163606 -0.003558 0.000000
0.426342 -0.187958 0.092912 0.000000
0.405323 -0.145845 0.079543 0.000000
0.203655 -1.121787 -0.179269 1.000000
0.319112 0.189392 0.008303 0.000000
0.303707 0.007400 0.039587 0.000000
0.312114 0.028450 0.044166 0.000000
0.170395 -1.231208 0.029903 0.000000
0.342447 0.152063 -0.000161 0.000000
0.165467 -1.185868 0.040617 0.000000
0.718721 -0.151205 -0.081769 0.000000
0.271013 -0.431692 0.015655 0.000000
0.589312 -0.455103 0.144087 0.000000
0.221495 -0.942257 0.018010 0.000000
-0.090215 -1.080997 -0.035714 0.000000
0.651107 -0.499949 0.157547 0.000000
0.296610 -0.063022 0.036380 0.000000
0.262703 -0.541191 0.022453 0.000000
0.329768 0.092932 0.045439 0.000000
0.234643 -0.672379 0.010560 0.000000
0.206464 -1.036180 0.041955 0.000000
0.333534 0.108829 -0.006086 0.000000
0.445979 -0.255177 0.103721 0.000000
0.333193 0.137457 -0.000246 0.000000
0.179790 -0.148616 -0.089724 0.000000
0.457516 -0.282506 0.109883 0.000000
0.403992 -0.100157 0.087581 0.000000
0.276036 -0.233292 0.023160 0.000000
0.296663 -0.153794 0.040409 0.000000
0.390030 -0.081777 0.074866 0.000000
0.163306 0.093021 -0.041903 0.000000
0.305777 -0.024240 0.042501 0.000000
0.329354 0.055970 0.006765 0.000000
0.302669 -0.102331 0.037496 0.000000
0.205363 -1.073216 -0.133555 1.000000
0.537523 -0.154078 -0.070837 0.000000
0.246717 -0.628971 0.005882 0.000000
0.231629 -0.342675 0.032824 0.000000
0.120270 -0.577920 0.030946 0.000000
0.191653 -1.128739 -0.169150 1.000000
0.304086 -0.045275 0.036643 0.000000
0.233959 -0.962586 -0.041390 1.000000
0.412456 0.273091 0.027552 0.000000
0.099675 -0.632324 0.030679 0.000000
0.264957 -0.380518 0.015595 0.000000
0.294977 -0.177268 0.029283 0.000000
0.219768 -0.938011 -0.019878 1.000000
0.173213 -1.246248 0.036480 0.000000
0.194067 -1.055391 0.035368 0.000000
0.112086 -0.259073 -0.185965 0.000000
0.438845 0.209661 0.022524 0.000000
0.010659 -0.834172 0.019298 0.000000
0.176490 -1.331372 -0.352906 1.000000
0.144037 -1.183613 0.045115 0.000000
-0.016955 -0.909482 0.006445 0.000000
-0.039664 -0.979723 -0.015190 0.000000
0.357723 0.009392 0.069038 0.000000
0.224473 -0.808487 0.012610 0.000000
0.224616 -0.354005 0.030071 0.000000
0.158159 -1.186808 0.044008 0.000000
0.158922 0.077952 -0.038551 0.000000
0.247052 -0.638795 0.007896 0.000000
0.372747 -0.040762 0.061593 0.000000
0.239544 -0.734631 0.021687 0.000000
0.514846 -0.116997 -0.045571 0.000000
0.265493 -0.424598 0.018641 0.000000
0.386153 -0.096747 0.071990 0.000000
0.320741 0.220507 0.053552 0.000000
0.438779 0.017502 -0.009832 0.000000
0.259128 -0.554743 0.009407 0.000000
0.085639 -0.022310 -0.069855 0.000000
0.191061 -1.184572 -0.227877 1.000000
0.292990 -0.153431 0.032939 0.000000
0.204421 -1.152359 -0.193882 1.000000
0.186335 -1.068286 0.033520 0.000000
0.494850 0.091210 0.176747 0.000000
0.245006 -0.652061 0.022277 0.000000
0.260880 -0.508648 0.027542 0.000000
0.156539 -1.103778 0.021646 0.000000
0.016230 -0.142627 -0.127027 0.000000
0.237699 -0.757538 0.015382 0.000000
0.183947 -1.257326 0.058178 0.000000
0.396487 0.296878 0.028504 0.000000
0.278991 0.118334 -0.012047 0.000000
0.440739 -0.165818 -0.131326 0.000000
0.168180 -1.217122 0.037224 0.000000
0.298597 -0.095156 0.039323 0.000000
0.346495 0.394114 0.029442 0.000000
0.196594 -0.088024 -0.058279 0.000000
0.157385 -0.478804 0.025913 0.000000
0.384094 0.469255 0.047620 0.000000
0.333627 0.215612 0.001542 0.000000
0.033010 -0.808263 0.015869 0.000000
0.053443 -0.708563 0.028440 0.000000
0.283715 0.249712 0.036318 0.000000
0.321127 0.008661 -0.003945 0.000000
0.195938 -1.009620 0.018281 0.000000
0.442603 -0.193042 0.093341 0.000000
0.181268 -1.286777 0.060474 0.000000
0.317075 0.199659 0.006057 0.000000
0.124845 -1.262477 0.034936 0.000000
0.254529 0.058663 -0.019133 0.000000
0.202646 -1.127772 -0.165603 1.000000
0.186862 -0.414547 0.016530 0.000000
0.263921 -0.369609 0.015446 0.000000
0.616380 -0.060912 -0.053649 0.000000
0.260968 0.224531 0.025191 0.000000
0.453248 -0.022222 -0.019131 0.000000
0.461713 -0.271796 0.111344 0.000000
0.279756 -0.247224 0.036074 0.000000
0.093180 -1.321717 0.083645 0.000000
0.325509 0.038348 0.006376 0.000000
0.343112 0.217600 0.007590 0.000000
0.211618 -0.998831 -0.068499 1.000000
0.382658 -0.004912 -0.040284 0.000000
0.151171 -0.488834 0.025887 0.000000
0.345678 0.293936 0.024363 0.000000
0.407458 -0.123314 0.083157 0.000000
0.262301 -0.440884 0.017681 0.000000
0.334365 -0.051216 0.011421 0.000000
0.418349 -0.162185 0.088381 0.000000
0.218900 -0.961565 0.024569 0.000000
0.251906 -0.506818 0.014645 0.000000
0.387554 0.318161 0.055219 0.000000
0.055083 -0.287896 -0.229311 0.000000
0.201799 -1.017276 0.023943 0.000000
-0.049284 -0.980997 0.001742 0.000000
0.484214 -0.312866 0.105365 0.000000
0.563788 -0.440073 0.121502 0.000000
0.226929 -0.839918 0.013054 0.000000
0.260990 -0.469407 0.011265 0.000000
0.327946 -0.020133 0.001967 0.000000
0.387671 -0.065103 0.079133 0.000000
0.218031 -1.039780 -0.107813 1.000000
0.290209 0.263303 0.027402 0.000000
0.151595 -1.163986 0.047532 0.000000
0.194820 -1.037246 0.033963 0.000000
0.297791 -0.107881 0.034915 0.000000
0.254144 0.067873 -0.022819 0.000000
0.492831 -0.260820 -0.158234 0.000000
0.328555 0.015540 -0.004173 0.000000
0.227903 -0.972751 -0.050053 1.000000
0.423255 0.242751 0.026427 0.000000
0.351871 0.410476 0.038405 0.000000
0.326500 0.278609 0.048965 0.000000
0.178124 -1.090402 0.037515 0.000000
0.316139 0.188214 0.001448 0.000000
0.194615 -1.012345 0.032436 0.000000
0.401731 0.128373 0.005086 0.000000
0.380334 -0.053888 0.057451 0.000000
0.173480 -1.276512 0.059970 0.000000
0.263858 -0.475382 0.025646 0.000000
0.203924 -1.146893 -0.182132 1.000000
0.161358 -1.373513 -0.386072 1.000000
0.341761 0.446337 0.058925 0.000000
0.176814 -1.214415 0.036282 0.000000
0.178961 -1.042036 0.031477 0.000000
0.183523 -0.442495 0.038820 0.000000
0.196612 -1.027230 -0.082667 1.000000
0.273708 -0.349075 0.018134 0.000000
0.247126 -0.623464 0.015147 0.000000
0.516822 -0.379821 0.111930 0.000000
0.208039 -1.043701 0.011235 0.000000
0.212330 -1.025343 -0.086326 1.000000
0.514346 0.052027 0.209900 0.000000
0.391722 0.317995 0.027681 0.000000
0.233393 0.016970 -0.032997 0.000000
0.311275 0.036500 0.042284 0.000000
0.328027 0.325903 0.055807 0.000000
0.202965 -0.069279 -0.056485 0.000000
0.050432 -0.080534 -0.100119 0.000000
0.219655 -0.911198 -0.003252 1.000000
0.192785 -1.115210 -0.165050 1.000000
0.332578 0.415429 0.060420 0.000000
0.206954 -0.992905 0.028132 0.000000
0.342025 0.394289 0.054425 0.000000
0.278785 -0.248008 0.027048 0.000000
0.457069 0.168826 0.006235 0.000000
0.295093 -0.115260 0.036038 0.000000
0.316675 0.060453 0.048916 0.000000
0.413514 -0.121406 0.087730 0.000000
0.323839 0.037938 -0.011904 0.000000
0.391010 0.457710 0.046097 0.000000
0.259871 -0.375289 0.019499 0.000000
0.296473 -0.102600 0.041601 0.000000
0.157122 -1.237598 0.053833 0.000000
0.236442 0.190252 0.007885 0.000000
0.161037 -1.309148 0.038725 0.000000
0.335366 0.283017 0.048491 0.000000
0.365986 0.337685 0.050711 0.000000
0.067151 -0.673571 0.029765 0.000000
0.145949 -1.231313 0.050015 0.000000
0.387746 -0.087898 0.070490 0.000000
0.184824 -1.127983 0.027236 0.000000
0.319517 0.182062 0.005706 0.000000
0.187720 -1.195192 -0.235746 1.000000
0.145475 -1.199859 0.045717 0.000000
0.213514 -1.038566 0.035154 0.000000
0.298066 -0.071748 0.042525 0.000000
0.585670 -0.017526 -0.037559 0.000000
0.269714 -0.365775 0.018045 0.000000
0.173219 -1.054331 0.020576 0.000000
0.154095 -1.149487 0.048043 0.000000
0.415436 -0.101066 -0.093482 0.000000
0.149808 -1.210513 0.051794 0.000000
0.567483 -0.186014 -0.106670 0.000000
0.445633 0.003356 -0.008733 0.000000
-0.028482 -0.950612 -0.004544 0.000000
0.261367 0.221319 0.008620 0.000000
0.194668 -1.244578 -0.274745 1.000000
0.311625 0.108851 0.045282 0.000000
0.383436 -0.014333 -0.045621 0.000000
0.066412 -0.740456 0.023605 0.000000
-0.041359 -0.966749 -0.010177 0.000000
0.199323 -0.107658 -0.070818 0.000000
0.418257 0.254371 0.031147 0.000000
0.015884 -0.823970 0.019623 0.000000
0.144150 -0.484198 0.021634 0.000000
0.178991 -1.328853 0.061459 0.000000
0.253993 0.047288 -0.016643 0.000000
0.096251 -0.602441 0.027477 0.000000
0.341301 0.418980 0.051443 0.000000
0.208314 -0.908921 0.000795 1.000000
0.383170 0.487735 0.051476 0.000000
0.265538 -0.458821 0.025738 0.000000
0.115725 -1.238009 0.038381 0.000000
0.157444 -1.380184 -0.394178 1.000000
0.270455 -0.414738 0.013490 0.000000
0.479038 0.129415 0.138240 0.000000
0.331853 0.078157 0.052902 0.000000
0.223348 -0.822303 0.014363 0.000000
0.402317 0.171080 0.003594 0.000000
0.346165 0.469598 0.059031 0.000000
0.400227 -0.086007 0.079822 0.000000
0.415739 0.096563 -0.014891 0.000000
0.024130 -0.816570 0.015830 0.000000
0.381500 -0.061763 0.071344 0.000000
0.358074 -0.104431 0.012593 0.000000
0.198882 -0.949544 -0.020240 1.000000
0.254960 -0.574098 0.007136 0.000000
0.457514 -0.029172 -0.017860 0.000000
0.293754 0.158339 -0.003066 0.000000
0.064405 -0.716861 0.026128 0.000000
0.463817 -0.054936 -0.024588 0.000000
0.183047 -0.429292 0.027127 0.000000
0.495108 0.111630 0.011107 0.000000
0.103884 -0.599780 0.027938 0.000000
0.428404 -0.219688 0.097230 0.000000
0.516578 0.046257 0.202223 0.000000
0.219335 -0.026275 -0.042870 0.000000
0.133668 -1.159969 0.068504 0.000000
0.404841 0.306600 0.031957 0.000000
0.418148 0.075232 0.002064 0.000000
0.269115 0.088234 -0.006581 0.000000
0.337780 0.304295 0.018530 0.000000
0.664114 -0.111920 -0.061017 0.000000
0.441131 0.199265 0.012661 0.000000
0.176175 -0.167972 -0.098982 0.000000
0.447854 -0.208632 0.100138 0.000000
0.523463 -0.121959 -0.049530 0.000000
0.427973 -0.156974 -0.124953 0.000000
0.205679 -0.945222 -0.020227 1.000000
0.334307 0.347978 0.054774 0.000000
0.154452 -0.198246 -0.116801 0.000000
0.349199 0.475494 0.062142 0.000000
0.509739 -0.367882 0.110807 0.000000
0.225479 -0.950691 -0.030454 1.000000
0.523991 -0.399210 0.124331 0.000000
0.306180 -0.034484 0.041451 0.000000
0.241696 -0.660539 0.015536 0.000000
0.462113 0.177113 0.111509 0.000000
0.254211 -0.561445 0.015205 0.000000
0.435288 -0.206920 0.094640 0.000000
0.397118 0.398081 0.043240 0.000000
0.143453 -0.224549 -0.138846 0.000000
-0.079256 -1.049638 -0.021780 0.000000
0.169589 -1.172460 0.048677 0.000000
0.384052 0.498041 0.050147 0.000000
0.201746 -1.015558 -0.076603 1.000000
0.249198 -0.608981 0.024701 0.000000
0.300594 -0.093785 0.030349 0.000000
0.339161 0.316562 0.025145 0.000000
0.212633 -0.921764 -0.008984 1.000000
0.297722 0.152959 0.001950 0.000000
0.362334 0.351703 0.045321 0.000000
0.226854 -0.852438 0.019142 0.000000
0.337532 0.189712 0.006351 0.000000
0.217395 -0.923206 0.013044 0.000000
0.348980 0.399326 0.034553 0.000000
0.388396 -0.085052 0.083195 0.000000
0.091386 -0.629404 0.028073 0.000000
0.270823 -0.258436 0.021919 0.000000
0.138003 -1.227913 0.039464 0.000000
0.294624 0.275788 0.034006 0.000000
0.554297 0.001872 -0.023504 0.000000
0.545634 0.018413 -0.020629 0.000000
0.351677 0.459753 0.044542 0.000000
0.249948 -0.543959 0.013728 0.000000
-0.062870 -1.022808 -0.016705 0.000000
0.580167 -0.450588 0.137096 0.000000
0.391648 0.300648 0.021392 0.000000
0.182017 0.104980 -0.019506 0.000000
0.390666 0.358957 0.033597 0.000000
0.457785 0.184434 0.018760 0.000000
0.217161 0.153787 -0.003189 0.000000
0.351064 0.088897 -0.013193 0.000000
0.171010 -1.205100 0.033100 0.000000
0.447788 -0.019562 -0.023590 0.000000
0.422603 -0.149766 0.090406 0.000000
0.243799 -0.633869 0.015669 0.000000
0.500966 0.082784 -0.004072 0.000000
0.085665 -0.030663 -0.073110 0.000000
0.413514 0.261653 0.078811 0.000000
0.403494 0.152880 -0.000108 0.000000
0.336942 0.144489 -0.001878 0.000000
0.202521 0.132729 -0.007414 0.000000
0.224327 -0.899748 0.006256 1.000000
0.340914 0.048778 0.065859 0.000000
0.360143 0.043612 -0.035236 0.000000
0.384779 0.441759 0.044219 0.000000
0.068784 -0.659898 0.024278 0.000000
0.363274 -0.116395 0.014989 0.000000
0.342308 0.422665 0.059977 0.000000
0.128939 -1.153710 0.032500 0.000000
0.497263 -0.272751 -0.149283 0.000000
0.411555 0.150035 -0.004535 0.000000
0.200150 -0.081794 -0.064435 0.000000
0.284954 -0.187280 0.031635 0.000000
0.173221 -1.103596 0.030932 0.000000
0.503163 0.068789 0.177247 0.000000
0.126627 -0.550752 0.025142 0.000000
0.195620 -0.999841 0.020407 0.000000
0.394687 0.225009 0.010837 0.000000
0.232265 -0.942970 -0.028516 1.000000
0.197529 -0.396642 0.022652 0.000000
0.577367 -0.195109 -0.120579 0.000000
0.333276 0.228398 0.006292 0.000000
0.348337 -0.101718 0.021941 0.000000
0.674791 -0.123441 -0.068321 0.000000
0.273647 -0.292484 0.031232 0.000000
0.183488 -0.436570 0.033487 0.000000
0.400963 -0.117908 0.078797 0.000000
0.219067 -0.982558 -0.056060 1.000000
0.188403 -1.156866 0.040957 0.000000
0.473904 0.121344 0.145710 0.000000
0.219634 -0.857301 0.018220 0.000000
0.131115 -0.572889 0.031700 0.000000
0.179620 -1.315885 0.067986 0.000000
0.298405 -0.145754 0.040379 0.000000
0.561235 0.011353 -0.017175 0.000000
0.138616 -1.160459 0.030574 0.000000
0.596510 -0.039891 -0.043740 0.000000
0.258387 0.217564 0.024361 0.000000
0.233212 -0.932696 -0.018840 1.000000
0.391043 0.297739 0.068160 0.000000
0.201050 -1.089843 -0.138632 1.000000
0.124174 -0.565109 0.027949 0.000000
0.182017 -1.043773 0.015769 0.000000
-0.028640 -0.944610 -0.008704 0.000000
0.338500 -0.059588 0.018839 0.000000
0.206281 -0.381095 0.021987 0.000000
0.158361 -1.132678 0.051400 0.000000
0.404855 0.298557 0.029261 0.000000
0.198617 -1.142280 -0.193908 1.000000
0.396949 0.354767 0.030979 0.000000
0.416177 0.094041 -0.000370 0.000000
0.118111 -0.602986 0.033805 0.000000
0.347324 -0.098047 0.014036 0.000000
0.531445 0.037670 -0.018562 0.000000
0.478579 -0.304618 0.107591 0.000000
0.286287 -0.199965 0.027610 0.000000
0.189778 -1.194034 0.051996 0.000000
0.398398 0.285766 0.069339 0.000000
0.351134 0.431311 0.037187 0.000000
0.144802 -1.145332 0.043997 0.000000
0.273170 -0.276280 0.022495 0.000000
0.290675 -0.102214 0.030193 0.000000
0.183185 -1.271741 0.059831 0.000000
0.318849 0.322779 0.052347 0.000000
0.188101 -1.237931 -0.271119 1.000000
0.251204 -0.574815 0.023129 0.000000
0.178018 -0.177468 -0.109610 0.000000
0.327623 -0.008475 0.005372 0.000000
0.342872 0.335813 0.029145 0.000000
0.206005 -1.076751 -0.140218 1.000000
0.034079 -0.110986 -0.115411 0.000000
0.095590 -0.016957 -0.069870 0.000000
0.180652 -1.140255 0.025556 0.000000
0.116980 -1.280965 0.058347 0.000000
0.067896 -0.063142 -0.088728 0.000000
0.067454 -0.653011 0.028930 0.000000
0.027780 -0.798280 0.021345 0.000000
0.301479 0.285657 0.040302 0.000000
0.158807 -0.499907 0.032117 0.000000
0.655419 -0.110187 -0.060092 0.000000
0.282029 -0.227768 0.029692 0.000000
0.191933 -1.091792 -0.142172 1.000000
0.307528 0.063575 0.038343 0.000000
0.322011 0.181362 0.043844 0.000000
0.343116 0.175818 0.003323 0.000000
0.149406 -1.216721 0.045993 0.000000
0.397933 0.308549 0.029572 0.000000
0.175101 -1.252075 -0.279361 1.000000
0.189616 -1.131050 0.020807 0.000000
0.470394 -0.225799 -0.156563 0.000000
0.392157 0.257591 0.018243 0.000000
0.444119 -0.201011 0.094309 0.000000
0.195091 -1.146476 -0.188142 1.000000
0.327619 0.179390 0.053537 0.000000
0.209106 -0.392188 0.040389 0.000000
0.430497 -0.197972 0.093742 0.000000
0.172814 -1.205379 0.044651 0.000000
0.224014 -0.783761 0.008659 0.000000
0.327570 0.245723 0.051868 0.000000
0.450079 0.185373 0.019155 0.000000
0.104780 -0.264254 -0.188793 0.000000
0.448021 -0.230406 0.102212 0.000000
0.490020 -0.343456 0.117736 0.000000
-0.037737 -0.956335 -0.001198 0.000000
0.311436 -0.046940 0.044186 0.000000
0.267963 -0.470844 0.014900 0.000000
0.208956 -1.039943 -0.098641 1.000000
0.349651 0.391214 0.038645 0.000000
0.212499 -1.006880 -0.067999 1.000000
0.150919 0.074567 -0.043131 0.000000
0.068020 -0.693485 0.028078 0.000000
0.302108 0.164061 0.003513 0.000000
0.268463 -0.340053 0.025932 0.000000
0.234386 -0.782156 0.015419 0.000000
0.362990 0.045633 -0.020570 0.000000
0.213182 -0.902975 0.012256 0.000000
0.354144 -0.116182 0.008943 0.000000
0.167678 -1.200594 0.040321 0.000000
0.316051 0.124467 0.051448 0.000000
0.171648 -0.453361 0.020603 0.000000
0.171259 -1.281389 0.036731 0.000000
0.096101 -0.272691 -0.191917 0.000000
0.413328 -0.120421 -0.103326 0.000000
-0.086350 -1.091605 -0.033228 0.000000
0.341951 0.416181 0.065125 0.000000
-0.047562 -0.987446 -0.011634 0.000000
0.272466 -0.303755 0.023373 0.000000
0.254234 -0.586690 0.009825 0.000000
0.157090 -0.473226 0.019460 0.000000
0.040602 -0.744724 0.024969 0.000000
0.476605 -0.294363 0.104890 0.000000
0.188345 -1.104537 0.033852 0.000000
0.327854 0.363110 0.052723 0.000000
0.209649 -0.902404 0.003959 1.000000
0.329199 0.263023 0.052472 0.000000
0.172764 -0.136950 -0.086538 0.000000
0.265814 0.228816 0.019998 0.000000
0.351942 0.011653 0.054675 0.000000
0.220952 0.162756 -0.011945 0.000000
0.140942 0.036485 -0.038594 0.000000
0.463236 -0.255147 0.099363 0.000000
0.288761 -0.144664 0.028705 0.000000
0.424698 0.060249 -0.010946 0.000000
0.327252 0.207940 0.057235 0.000000
0.400845 0.160143 0.007746 0.000000
0.174530 -1.184319 0.037099 0.000000
0.351012 0.427931 0.043767 0.000000
0.319055 0.153372 0.044328 0.000000
0.495153 -0.088339 -0.030142 0.000000
0.500566 0.092820 0.002527 0.000000
0.197033 -0.095876 -0.066518 0.000000
0.151229 -0.525341 0.040498 0.000000
0.256711 -0.296925 0.013990 0.000000
0.637203 -0.093561 -0.054018 0.000000
0.185898 -1.245708 -0.277410 1.000000
0.340880 0.369467 0.031650 0.000000
0.329554 0.358495 0.060547 0.000000
0.339587 0.274885 0.020832 0.000000
0.337059 0.321780 0.052164 0.000000
0.086709 -0.672675 0.033097 0.000000
0.204680 -1.094576 -0.148621 1.000000
0.146224 -1.196188 0.052035 0.000000
0.413026 -0.134311 0.090331 0.000000
0.139771 -1.179988 0.054136 0.000000
0.190622 -1.111944 0.028421 0.000000
0.517709 -0.385639 0.116736 0.000000
0.372136 0.339005 0.043777 0.000000
0.007218 -0.884247 0.000596 0.000000
0.502606 0.099015 0.010472 0.000000
0.042727 -0.293845 -0.245642 0.000000
0.736521 -0.155944 -0.080249 0.000000
0.419600 0.246007 0.075811 0.000000
0.303030 -0.072163 0.028873 0.000000
0.191519 -1.190430 -0.231718 1.000000
0.245007 -0.591303 0.024390 0.000000
0.165001 -1.090726 0.034384 0.000000
0.243242 -0.679188 0.013509 0.000000
0.331589 -0.000010 -0.004818 0.000000
0.162457 -1.198859 0.052126 0.000000
0.264775 0.105777 -0.018263 0.000000
0.380619 0.000835 -0.036826 0.000000
0.399543 0.322408 0.029839 0.000000
0.749732 -0.166153 -0.095795 0.000000
0.182067 -0.422612 0.021708 0.000000
0.197897 -1.083163 0.037797 0.000000
0.176433 -1.101251 0.038587 0.000000
0.150883 -1.175953 0.045093 0.000000
0.201912 -1.059649 0.033895 0.000000
0.201776 -1.020774 0.032444 0.000000
0.357321 0.008483 0.057837 0.000000
0.229706 -0.890894 0.002874 1.000000
0.259094 -0.446660 0.015377 0.000000
0.269389 -0.362463 0.025865 0.000000
0.264826 -0.284343 0.030376 0.000000
0.533101 -0.411641 0.126693 0.000000
0.266776 -0.348711 0.022647 0.000000
0.409321 0.291538 0.025077 0.000000
0.404776 0.199576 -0.000275 0.000000
0.410752 0.114594 -0.012885 0.000000
0.179981 -1.130663 0.040727 0.000000
0.309314 -0.030375 0.036744 0.000000
0.351603 0.482288 0.044695 0.000000
0.352515 0.023477 0.059671 0.000000
0.091573 -0.643382 0.028862 0.000000
0.200531 -1.126236 -0.172780 1.000000
0.267895 -0.446556 0.010437 0.000000
0.321830 0.100536 0.054400 0.000000
0.157260 -1.173058 0.043147 0.000000
0.001873 -0.891010 -0.000223 0.000000
0.255147 -0.539472 0.007312 0.000000
0.449712 0.180525 0.105599 0.000000
0.137655 -1.190049 0.066130 0.000000
0.290418 -0.137831 0.040910 0.000000
-0.045033 -0.979601 -0.005503 0.000000
0.326118 0.050881 -0.000318 0.000000
0.389878 -0.042446 0.083418 0.000000
0.292550 -0.175018 0.039064 0.000000
0.170037 -0.476765 0.032223 0.000000
0.431051 0.038762 -0.008227 0.000000
0.190333 -1.115506 0.049529 0.000000
0.450220 0.187369 0.102659 0.000000
0.121871 -1.325449 0.034663 0.000000
0.265121 -0.428361 0.029575 0.000000
0.322501 0.133354 0.040512 0.000000
-0.010983 -0.906455 -0.000950 0.000000
0.163634 -1.162333 0.048694 0.000000
0.347341 0.284903 0.017442 0.000000
0.298209 -0.077460 0.035198 0.000000
0.376762 -0.056824 0.062984 0.000000
0.243893 -0.319835 0.015507 0.000000
0.280489 -0.267554 0.025465 0.000000
0.389300 0.279688 0.022692 0.000000
0.327162 0.168519 0.048859 0.000000
0.328060 0.245153 0.058861 0.000000
0.196454 -1.030898 -0.090470 1.000000
0.375622 -0.045050 0.066234 0.000000
0.210716 -0.045561 -0.049528 0.000000
0.412370 0.100923 -0.008431 0.000000
0.221649 -1.012399 -0.083020 1.000000
0.272670 -0.307886 0.029573 0.000000
0.256043 -0.547194 0.014410 0.000000
0.193179 -1.138640 0.031352 0.000000
0.220385 -0.017796 -0.043111 0.000000
0.446187 -0.241878 0.100804 0.000000
0.386954 0.283543 0.028611 0.000000
0.172102 -1.158939 0.038226 0.000000
0.078357 -0.278493 -0.210895 0.000000
0.234803 -0.735682 0.015624 0.000000
0.289199 -0.192425 0.021668 0.000000
0.216511 -0.929733 0.015749 0.000000
0.406346 0.114510 0.000671 0.000000
0.259130 -0.294179 0.038073 0.000000
0.388991 0.304650 0.054198 0.000000
0.396786 0.212226 0.008589 0.000000
0.171048 -1.184663 0.047883 0.000000
0.177695 -1.251887 0.058404 0.000000
0.235360 -0.716074 0.013686 0.000000
0.345316 0.085616 -0.017654 0.000000
0.049219 -0.758844 0.021659 0.000000
0.306820 -0.082359 0.038983 0.000000
0.423051 0.062547 -0.004349 0.000000
0.163253 -1.356724 -0.373550 1.000000
0.277514 -0.319232 0.025716 0.000000
0.184249 -1.212349 0.032798 0.000000
0.199827 -1.076533 -0.136002 1.000000
0.331235 -0.031764 0.007906 0.000000
0.177999 -1.335808 0.063767 0.000000
0.251328 0.039277 -0.018901 0.000000
0.046387 -0.785523 0.017229 0.000000
0.320127 0.007086 -0.010739 0.000000
0.192709 -0.430510 0.041322 0.000000
0.202391 -1.152679 -0.186065 1.000000
0.405701 0.125317 -0.006186 0.000000
0.399969 0.247666 0.009345 0.000000
0.329541 0.030282 -0.007595 0.000000
0.182760 -1.124850 0.044764 0.000000
0.612780 -0.055288 -0.051981 0.000000
0.302648 -0.052047 0.035566 0.000000
0.146710 -1.164272 0.055203 0.000000
0.232274 -0.751135 0.014540 0.000000
0.172289 -1.220160 0.053435 0.000000
0.264935 -0.480245 0.018670 0.000000
0.389469 0.248110 0.019791 0.000000
-0.031275 -0.946759 0.006931 0.000000
0.209747 -1.017579 0.027270 0.000000
0.216770 -0.974765 -0.047640 1.000000
0.195379 -0.419087 0.026769 0.000000
0.197362 -1.075118 0.036813 0.000000
0.278586 0.251431 0.028152 0.000000
0.051719 -0.770766 0.023460 0.000000
0.148092 -0.471159 0.022224 0.000000
0.393689 0.192456 0.011476 0.000000
0.403144 -0.085808 0.088678 0.000000
0.175706 -1.195561 0.037537 0.000000
0.099844 -0.593661 0.027308 0.000000
0.220745 -0.831124 0.013682 0.000000
0.312819 0.075684 0.043096 0.000000
0.011174 -0.304457 -0.250701 0.000000
0.698202 -0.137427 -0.075048 0.000000
0.492734 0.104322 0.004739 0.000000
0.194844 -1.195702 -0.236203 1.000000
0.301396 0.157254 -0.008951 0.000000
0.284700 0.127329 -0.004280 0.000000
0.574039 -0.014565 -0.031706 0.000000
0.188559 -1.204286 -0.247189 1.000000
0.183725 -1.166991 0.034552 0.000000
0.370777 0.437437 0.037083 0.000000
0.214687 -0.979140 0.027106 0.000000
0.199558 -1.171107 -0.208940 1.000000
0.188903 -1.042094 0.015614 0.000000
0.478788 0.145831 0.015937 0.000000
0.444209 -0.156819 -0.129249 0.000000
0.055138 -0.738211 0.025457 0.000000
0.154097 -1.153977 0.039094 0.000000
0.391719 0.290806 0.027795 0.000000
0.159191 -0.213357 -0.136588 0.000000
0.574237 -0.445467 0.144271 0.000000
0.226680 -0.863573 0.010915 0.000000
0.125941 0.032507 -0.049337 0.000000
0.075557 -0.711364 0.025856 0.000000
0.339484 0.119511 0.001262 0.000000
0.183105 -1.210146 0.022483 0.000000
0.132968 -1.220977 0.040804 0.000000
0.337685 0.204780 0.011772 0.000000
0.428087 0.050813 0.001818 0.000000
0.205660 -1.054619 0.030398 0.000000
0.250729 0.032444 -0.020157 0.000000
0.403890 -0.091096 -0.090352 0.000000
0.337895 0.352540 0.062383 0.000000
0.084223 -0.044368 -0.077459 0.000000
0.472487 0.143905 0.128581 0.000000
0.408089 0.132864 -0.008426 0.000000
0.333127 0.272446 0.014241 0.000000
0.594167 -0.027166 -0.042008 0.000000
0.187996 -1.172886 0.052851 0.000000
0.365559 -0.013552 0.064966 0.000000
0.152490 -0.503990 0.025710 0.000000
0.174244 -1.177630 0.048116 0.000000
0.171695 -0.154570 -0.091136 0.000000
0.318874 0.196068 0.052576 0.000000
0.213501 -0.378745 0.037830 0.000000
0.181247 -1.085786 0.032917 0.000000
0.113424 -0.615273 0.026677 0.000000
0.137989 -0.554461 0.036859 0.000000
0.344431 0.094045 0.001359 0.000000
0.034698 -0.298318 -0.237386 0.000000
0.295961 -0.127102 0.032920 0.000000
0.259543 -0.493567 0.020259 0.000000
0.185860 -1.285279 -0.305163 1.000000
0.278368 -0.284710 0.028527 0.000000
0.339239 0.403249 0.052819 0.000000
0.188975 -0.413796 0.022943 0.000000
0.247909 -0.622632 0.008015 0.000000
0.074974 -0.689239 0.023980 0.000000
0.612818 -0.470950 0.143415 0.000000
0.342010 0.343385 0.029159 0.000000
0.193409 -1.094849 0.040421 0.000000
0.237423 -0.703467 0.018629 0.000000
0.043239 -0.766517 0.026145 0.000000
0.444107 0.209178 0.096757 0.000000
-0.060378 -1.024954 -0.026568 0.000000
0.168381 -1.164778 0.044218 0.000000
0.278159 0.096562 -0.001355 0.000000
0.179513 -1.242942 -0.281623 1.000000
0.209196 -0.080799 -0.056312 0.000000
0.175775 -0.447980 0.020407 0.000000
0.169936 0.077056 -0.026058 0.000000
0.457825 -0.275430 0.106794 0.000000
0.641568 -0.090783 -0.064108 0.000000
0.317124 0.128222 0.045905 0.000000
0.122302 -1.256171 0.059646 0.000000
0.193356 -1.216227 -0.237304 1.000000
0.402780 0.209477 0.002997 0.000000
0.257441 -0.458326 0.021005 0.000000
0.325074 0.208258 0.010106 0.000000
0.402258 0.300529 0.035840 0.000000
0.237627 -0.643911 0.013282 0.000000
0.345244 0.383534 0.032353 0.000000
0.295443 0.274746 0.026068 0.000000
0.215058 -0.945610 -0.023263 1.000000
0.471728 -0.047389 -0.015221 0.000000
0.031866 -0.755558 0.028669 0.000000
0.427314 0.046130 -0.013879 0.000000
0.228937 0.170899 -0.000631 0.000000
0.200537 -0.995361 0.025017 0.000000
0.215892 -0.850146 0.011121 0.000000
0.354470 0.017831 0.074218 0.000000
0.216282 0.156596 -0.016748 0.000000
0.262433 0.223949 0.001416 0.000000
0.345963 0.437224 0.056375 0.000000
-0.043356 -0.968202 -0.000407 0.000000
0.496541 -0.362538 0.123392 0.000000
0.164993 -1.192452 0.039267 0.000000
0.176580 -1.048306 0.036827 0.000000
0.542485 -0.420138 0.123039 0.000000
0.202917 -1.107513 0.020609 0.000000
0.036882 -0.096435 -0.106182 0.000000
0.197790 -0.972584 -0.029891 1.000000
0.097896 0.003573 -0.062331 0.000000
0.422389 0.065821 0.002325 0.000000
0.476536 0.132986 0.010949 0.000000
0.343281 0.238883 0.015195 0.000000
0.382798 -0.008158 -0.048207 0.000000
0.198548 -1.141791 -0.184396 1.000000
0.245673 -0.311623 0.024432 0.000000
0.318433 0.026629 0.045543 0.000000
0.118136 -0.538621 0.019241 0.000000
0.236854 -0.680671 0.009366 0.000000
0.125931 -1.196959 0.030265 0.000000
0.152343 -1.233804 0.042911 0.000000
0.263731 -0.353696 0.025949 0.000000
0.147803 -1.156985 0.029965 0.000000
0.284503 -0.174236 0.031474 0.000000
0.223574 -0.350022 0.022079 0.000000
0.250333 -0.581663 0.012781 0.000000
0.143898 -0.234173 -0.155258 0.000000
0.260253 -0.301568 0.031310 0.000000
0.135385 -0.238667 -0.147804 0.000000
0.153338 -1.210591 0.045521 0.000000
0.466837 -0.284739 0.106879 0.000000
0.202958 -0.982020 -0.046982 1.000000
0.198268 -1.032665 0.029208 0.000000
0.195999 -1.106548 0.024084 0.000000
0.217914 -0.904949 -0.004934 1.000000
0.131428 -0.559323 0.031986 0.000000
0.562829 0.005080 -0.025612 0.000000
0.318873 0.080915 0.050632 0.000000
0.360350 0.053573 -0.021872 0.000000
0.210728 -0.984977 -0.054995 1.000000
0.327519 0.341107 0.051626 0.000000
0.601645 -0.049262 -0.044173 0.000000
0.199951 -1.193356 -0.225013 1.000000
0.201382 -1.037746 -0.090922 1.000000
0.183521 -1.187743 0.055959 0.000000
0.334741 0.076139 -0.000043 0.000000
0.195580 -1.151518 -0.192769 1.000000
0.684448 -0.521262 0.167406 0.000000
0.105512 -0.019750 -0.064540 0.000000
0.196819 -1.153829 0.022859 0.000000
0.208487 -0.074178 -0.056899 0.000000
0.327978 0.331669 0.050304 0.000000
0.127243 -1.251681 0.059182 0.000000
0.423508 -0.126530 -0.110560 0.000000
0.096216 -0.656632 0.030882 0.000000
0.253156 0.220640 0.019601 0.000000
0.053700 -0.075435 -0.096687 0.000000
0.254337 -0.522124 0.024891 0.000000
-0.024775 -0.917791 0.008978 0.000000
0.227971 -0.783623 0.014332 0.000000
0.207050 -1.015677 0.020156 0.000000
0.302127 -0.064384 0.040723 0.000000
0.570843 -0.018658 -0.038714 0.000000
0.222331 -0.913353 0.015817 0.000000
-0.061463 -1.013688 -0.007456 0.000000
0.195099 -0.991524 -0.052020 1.000000
0.117010 -1.250332 0.058895 0.000000
0.242921 0.193596 0.007925 0.000000
0.155704 -1.218775 0.047183 0.000000
0.239382 -0.324003 0.018117 0.000000
0.312792 0.026511 0.050501 0.000000
0.250212 0.204196 0.012711 0.000000
0.180031 -1.224263 0.029985 0.000000
0.335935 0.299352 0.052872 0.000000
0.470897 0.134553 0.134892 0.000000
0.281788 0.125009 -0.012031 0.000000
0.191285 -1.040390 0.026140 0.000000
0.307715 0.032554 0.035509 0.000000
0.328712 0.215614 0.009753 0.000000
0.217138 -0.967214 0.019623 0.000000
0.296155 -0.149731 0.026846 0.000000
0.142474 -1.161236 0.038310 0.000000
0.043910 -0.738179 0.028583 0.000000
0.165304 -1.257114 0.034701 0.000000
0.369260 -0.027735 0.063639 0.000000
0.420578 0.261335 0.080277 0.000000
0.230881 -0.794191 0.017164 0.000000
0.211518 0.154118 -0.007342 0.000000
0.304747 -0.097001 0.042487 0.000000
0.418155 0.077132 -0.016238 0.000000
0.355390 0.383451 0.029586 0.000000
0.251318 0.214342 0.015715 0.000000
0.238720 -0.748398 0.015322 0.000000
0.358092 -0.127649 -0.000102 0.000000
-0.069511 -1.034956 -0.016071 0.000000
0.335274 0.288762 0.052159 0.000000
0.190621 -1.199414 0.022506 0.000000
0.309514 0.300306 0.036798 0.000000
0.307047 0.300819 0.045297 0.000000
0.482178 -0.072648 -0.025147 0.000000
-0.095375 -1.099403 -0.029998 0.000000
0.394188 0.264896 0.017581 0.000000
0.260904 0.083381 -0.021142 0.000000
0.349414 0.373680 0.025843 0.000000
0.198911 -1.004315 0.027558 0.000000
0.451531 -0.007296 -0.008202 0.000000
0.256195 -0.567693 0.014260 0.000000
0.186543 -1.013854 0.016741 0.000000
-0.110119 -1.123194 -0.036655 0.000000
0.376745 -0.050382 0.074887 0.000000
0.328999 -0.026640 0.001417 0.000000
0.166522 -1.317552 -0.339874 1.000000
0.339095 0.064461 0.048655 0.000000
0.326516 0.217593 0.049684 0.000000
0.241565 0.037595 -0.029195 0.000000
0.044993 -0.095412 -0.101946 0.000000
0.514143 -0.395134 0.128327 0.000000
0.247831 -0.539669 0.023245 0.000000
0.353925 0.080056 -0.006955 0.000000
0.061821 -0.285324 -0.224064 0.000000
0.263478 -0.466249 0.017597 0.000000
0.161611 -0.488688 0.035309 0.000000
0.428648 -0.154466 0.097144 0.000000
0.166730 -0.185072 -0.109628 0.000000
0.426078 -0.138461 -0.120995 0.000000
-0.033491 -0.937731 0.000105 0.000000
0.367369 0.033053 -0.032481 0.000000
-0.008359 -0.895990 0.005867 0.000000
0.398843 -0.053216 -0.064878 0.000000
0.383116 0.317403 0.050404 0.000000
0.145492 -1.170451 0.062735 0.000000
0.347042 0.306068 0.023574 0.000000
0.071562 -0.053088 -0.087112 0.000000
0.119609 -1.247335 0.069094 0.000000
0.317438 0.085824 0.041184 0.000000
0.438256 -0.221637 0.097294 0.000000
0.192907 -0.404983 0.021032 0.000000
0.435151 -0.160171 -0.121875 0.000000
0.234327 0.182871 -0.006435 0.000000
0.205607 -1.083579 -0.135398 1.000000
0.493804 -0.337022 0.113698 0.000000
0.217516 -0.875161 0.008262 0.000000
0.267336 -0.464944 0.010911 0.000000
0.230608 -0.337940 0.018886 0.000000
0.339653 0.253107 0.020360 0.000000
0.536826 -0.418138 0.130254 0.000000
0.770777 -0.172055 -0.096028 0.000000
0.256383 -0.471746 0.023562 0.000000
0.264369 -0.502168 0.017334 0.000000
0.325970 0.013267 0.004529 0.000000
0.396845 0.374204 0.036481 0.000000
0.328561 0.233777 0.058646 0.000000
0.143129 -0.231046 -0.144430 0.000000
0.307850 0.295708 0.032330 0.000000
0.394273 0.174265 0.010096 0.000000
0.200561 -0.391964 0.017684 0.000000
0.129811 0.040284 -0.044093 0.000000
0.402468 -0.058921 -0.073472 0.000000
0.564453 -0.439880 0.138239 0.000000
0.375240 0.016290 -0.035877 0.000000
-0.022888 -0.929556 0.000362 0.000000
0.392110 0.300250 0.050474 0.000000
0.182645 -1.172591 0.020785 0.000000
0.074043 -0.685175 0.031239 0.000000
0.398426 0.287767 0.062309 0.000000
0.074168 -0.045407 -0.084684 0.000000
0.160480 -1.105156 0.026689 0.000000
0.196496 -1.019508 0.027068 0.000000
0.270483 -0.342755 0.019844 0.000000
0.200162 -1.048928 -0.102090 1.000000
0.231792 -0.767285 0.017369 0.000000
0.167160 -0.167262 -0.096622 0.000000
0.200121 -1.119615 -0.163067 1.000000
0.268961 -0.408630 0.011682 0.000000
0.454284 -0.264799 0.105455 0.000000
0.332648 0.293999 0.048974 0.000000
0.329546 0.343126 0.059715 0.000000
0.321740 0.136583 0.054234 0.000000
0.169054 -1.196487 0.050412 0.000000
0.462406 -0.041661 -0.021289 0.000000
0.399097 0.380879 0.041418 0.000000
0.189702 -1.212246 0.020421 0.000000
0.411130 0.108543 -0.006572 0.000000
0.500112 0.077205 0.177518 0.000000
0.197216 -1.002438 -0.064075 1.000000
-0.074994 -1.047536 -0.014976 0.000000
0.221248 -0.843379 0.009100 0.000000
0.270567 -0.278975 0.012675 0.000000
0.156254 -1.377561 -0.386362 1.000000
0.374990 -0.038184 0.075172 0.000000
0.249944 -0.644932 0.009574 0.000000
0.074018 -0.039062 -0.081171 0.000000
0.165259 -1.224752 0.054208 0.000000
0.325394 0.051703 -0.007461 0.000000
0.324213 0.113095 0.048672 0.000000
0.212477 -0.933385 -0.014464 1.000000
0.398890 0.289114 0.020089 0.000000
0.523162 -0.390494 0.114494 0.000000
0.271135 -0.445931 0.021484 0.000000
0.223115 -0.945683 0.023396 0.000000
0.222212 -0.937582 0.022477 0.000000
0.170258 -1.150863 0.045754 0.000000
0.283705 -0.268869 0.019207 0.000000
0.215602 -0.050100 -0.048060 0.000000
0.229903 -0.979400 -0.055101 1.000000
0.181622 -1.112094 0.037641 0.000000
0.250660 -0.568263 0.021019 0.000000
0.041431 -0.778720 0.024715 0.000000
0.048106 -0.767023 0.017875 0.000000
0.234510 -0.904575 0.000369 1.000000
0.216586 -1.020566 -0.087443 1.000000
0.406444 0.150211 -0.008566 0.000000
0.533919 -0.410542 0.120345 0.000000
0.159061 -0.193283 -0.112226 0.000000
0.057490 -0.731823 0.026788 0.000000
0.256430 -0.421345 0.018985 0.000000
0.197905 -1.019198 -0.086848 1.000000
0.597807 -0.460846 0.142601 0.000000
0.335587 0.375094 0.050327 0.000000
0.025764 -0.298029 -0.247602 0.000000
0.337312 0.410552 0.057674 0.000000
0.192158 -1.120850 0.023569 0.000000
0.331877 0.373987 0.059982 0.000000
-0.088903 -1.087749 -0.021337 0.000000
0.095274 -0.665422 0.030155 0.000000
0.217676 -0.375459 0.025506 0.000000
0.203904 -1.136261 -0.169288 1.000000
0.327001 0.186901 0.052969 0.000000
0.248862 0.053287 -0.025208 0.000000
0.325912 -0.011068 -0.005822 0.000000
0.176489 -1.174136 0.029528 0.000000
0.264669 -0.452411 0.012573 0.000000
0.210073 -1.078804 -0.144818 1.000000
0.388261 0.478713 0.044248 0.000000
0.334562 0.104402 -0.010693 0.000000
0.179567 -1.283106 -0.301757 1.000000
-0.027293 -0.925701 0.012027 0.000000
0.159591 -1.366809 -0.368961 1.000000
0.634306 -0.476829 0.153857 0.000000
0.295679 -0.157094 0.028345 0.000000
0.269284 -0.386383 0.013604 0.000000
0.408914 -0.076001 -0.082978 0.000000
0.180771 -1.201696 0.050191 0.000000
0.166737 -1.341504 -0.357000 1.000000
0.205314 -1.094074 -0.141556 1.000000
0.500460 -0.099436 -0.035246 0.000000
0.072661 -0.700072 0.027262 0.000000
0.166687 0.084843 -0.026261 0.000000
0.191924 -1.054656 -0.111157 1.000000
0.335860 0.225507 0.012485 0.000000
0.080791 -0.051424 -0.080103 0.000000
0.432667 0.222551 0.020824 0.000000
0.392734 0.304234 0.026746 0.000000
0.537017 -0.146227 -0.069368 0.000000
0.269630 0.234290 0.013753 0.000000
0.398156 0.237850 0.009217 0.000000
0.315234 0.160044 0.047195 0.000000
0.322383 0.233939 0.049842 0.000000
0.084994 -1.348814 0.085688 0.000000
0.330530 0.351715 0.059803 0.000000
0.212417 -0.890951 0.009768 0.000000
0.227610 -0.817402 0.015556 0.000000
0.245968 -0.312714 0.015795 0.000000
0.415135 0.088662 -0.003758 0.000000
0.174366 -1.329950 -0.341513 1.000000
0.442893 -0.166449 -0.139249 0.000000
0.225249 -0.868177 0.018256 0.000000
0.334935 0.063051 0.060266 0.000000
0.171954 -1.185943 0.031427 0.000000
0.280495 -0.294996 0.025594 0.000000
0.082364 -0.680358 0.028679 0.000000
0.300144 0.002414 0.041547 0.000000
0.331822 -0.040844 0.004181 0.000000
0.224861 -0.880335 0.015910 0.000000
0.296413 -0.167113 0.027625 0.000000
0.177307 -1.256867 0.035980 0.000000
0.227192 -0.759009 0.010561 0.000000
0.352852 0.455112 0.038176 0.000000
0.411566 -0.087350 -0.089710 0.000000
0.191821 -1.172820 -0.208169 1.000000
0.315131 0.191102 0.013253 0.000000
0.018371 -0.301275 -0.254189 0.000000
-0.101260 -1.115888 -0.030816 0.000000
0.421283 0.249464 0.024060 0.000000
0.210768 -1.085790 -0.130565 1.000000
0.184379 -1.017148 0.024981 0.000000
0.401746 0.134196 0.002397 0.000000
0.210953 -1.005358 0.023545 0.000000
0.203298 -0.095568 -0.065196 0.000000
0.379942 -0.042690 0.083593 0.000000
0.388728 -0.017868 -0.044864 0.000000
0.305064 -0.036413 0.048934 0.000000
0.315630 0.074718 0.037424 0.000000
0.345558 0.352331 0.027800 0.000000
0.170985 -1.261099 0.035432 0.000000
0.313333 0.092200 0.050139 0.000000
0.690104 -0.127873 -0.076269 0.000000
0.336911 0.422886 0.054889 0.000000
0.181137 -0.157075 -0.094893 0.000000
0.258803 -0.476547 0.013329 0.000000
0.258587 -0.507428 0.019992 0.000000
0.195684 -1.175064 -0.201763 1.000000
0.380187 -0.000149 -0.043764 0.000000
0.511936 0.082817 0.004284 0.000000
0.620731 -0.479600 0.141560 0.000000
0.216251 -0.943505 0.021448 0.000000
0.087626 -0.276148 -0.201513 0.000000
0.349125 0.421609 0.032085 0.000000
0.224921 -0.012801 -0.038784 0.000000
0.340742 0.455383 0.059275 0.000000
0.360251 0.058757 -0.015565 0.000000
0.243681 -0.697198 0.010211 0.000000
0.362555 -0.002957 0.068639 0.000000
0.311991 -0.010421 0.032395 0.000000
0.289520 -0.180404 0.035451 0.000000
0.278904 -0.197414 0.030556 0.000000
-0.004608 -0.900432 0.000429 0.000000
0.231295 -0.721209 0.007790 0.000000
0.263319 0.077685 -0.013690 0.000000
0.238435 -0.708961 0.008431 0.000000
0.306522 -0.057767 0.043298 0.000000
0.141124 -0.496692 0.023624 0.000000
0.290542 0.275012 0.038849 0.000000
0.178361 -1.163884 0.028720 0.000000
0.178741 -1.230278 0.057669 0.000000
0.184177 -1.241474 0.057443 0.000000
0.305768 0.156489 -0.004231 0.000000
0.238173 -0.332490 0.040280 0.000000
0.200557 -1.113543 -0.168654 1.000000
0.259230 -0.428307 0.016107 0.000000
0.218014 -0.985413 -0.049464 1.000000
0.224296 -0.352488 0.015230 0.000000
0.309411 0.005163 0.041326 0.000000
0.481001 -0.226519 -0.149143 0.000000
0.159547 -1.219176 0.054270 0.000000
0.359894 0.464927 0.043301 0.000000
0.227954 -0.947882 -0.025306 1.000000
0.192453 -1.200762 0.051740 0.000000
0.249616 -0.613692 0.013251 0.000000
0.498577 -0.337424 0.101775 0.000000
0.367585 -0.131645 0.002381 0.000000
0.402478 -0.068209 -0.076493 0.000000
0.327359 0.158016 0.051627 0.000000
0.270196 -0.273769 0.028917 0.000000
0.072420 -0.287236 -0.220826 0.000000
0.508870 0.048983 0.208834 0.000000
0.543479 -0.142516 -0.066925 0.000000
0.206499 -0.386626 0.026984 0.000000
0.277971 -0.288789 0.016466 0.000000
0.237603 -0.330739 0.029546 0.000000
0.240041 -0.668815 0.013071 0.000000
0.400858 -0.048720 -0.071463 0.000000
0.246272 0.022119 -0.023287 0.000000
0.190236 -1.259434 -0.279397 1.000000
0.010798 -0.849248 0.013232 0.000000
0.279112 -0.224847 0.023152 0.000000
0.134861 -0.529384 0.023700 0.000000
0.236868 -0.772037 0.013072 0.000000
0.151279 -0.211082 -0.122387 0.000000
0.261679 0.069114 -0.012124 0.000000
0.316080 -0.000079 0.039244 0.000000
0.181384 -1.161491 0.049448 0.000000
0.332384 -0.041750 0.010634 0.000000
0.494958 -0.351830 0.118274 0.000000
0.344253 0.337616 0.022423 0.000000
0.489621 -0.259566 -0.152812 0.000000
0.339267 0.401792 0.065946 0.000000
0.175146 -1.208644 0.038894 0.000000
0.095820 -0.673146 0.032205 0.000000
0.186096 -1.208531 0.059938 0.000000
0.227903 -0.777853 0.010189 0.000000
0.695824 -0.131041 -0.077345 0.000000
0.328975 0.316503 0.054348 0.000000
0.058174 -0.779260 0.018036 0.000000
0.429192 0.226779 0.082772 0.000000
0.214206 0.162563 -0.004661 0.000000
0.233203 -0.791508 0.011591 0.000000
0.315506 0.184062 0.051331 0.000000
0.287832 0.266167 0.033911 0.000000
0.114852 -0.615049 0.033116 0.000000
0.363740 0.345815 0.050783 0.000000
0.491205 -0.091566 -0.037791 0.000000
0.101983 -0.604248 0.023736 0.000000
0.337163 0.168386 0.010895 0.000000
0.299673 -0.090057 0.035368 0.000000
0.398433 -0.093204 0.081600 0.000000
0.205466 -0.892234 0.009586 0.000000
0.307710 -0.055635 0.034397 0.000000
0.314122 0.305650 0.033635 0.000000
0.173374 -1.052397 0.042195 0.000000
0.238758 -0.330304 0.016113 0.000000
0.310590 0.046519 0.041993 0.000000
0.207739 -1.037110 0.018578 0.000000
0.210851 -1.019458 -0.082361 1.000000
0.265975 -0.378748 0.021599 0.000000
0.184296 -1.048374 0.033580 0.000000
0.195006 -1.118658 -0.170865 1.000000
0.190531 -1.122213 0.036130 0.000000
0.212141 -0.370462 0.024866 0.000000
0.325181 0.001454 -0.004797 0.000000
0.331554 0.086906 0.045944 0.000000
0.130647 -0.584160 0.037472 0.000000
0.226930 -0.006316 -0.037148 0.000000
0.340752 0.433823 0.055387 0.000000
0.207458 -0.914453 -0.004821 1.000000
0.201763 -1.048296 0.021194 0.000000
0.272505 0.093485 -0.004438 0.000000
0.520793 -0.393788 0.120788 0.000000
0.327360 0.019325 -0.009972 0.000000
0.371351 0.007891 -0.041496 0.000000
0.185725 -0.143288 -0.088020 0.000000
0.203844 -1.059639 -0.118270 1.000000
0.186537 -0.431035 0.035107 0.000000
0.280079 -0.256281 0.025041 0.000000
0.488894 -0.325000 0.107431 0.000000
0.119483 -0.584809 0.031703 0.000000
0.295414 0.149059 -0.010715 0.000000
0.168285 -1.202811 0.048180 0.000000
0.351845 -0.110236 0.011461 0.000000
0.161465 -1.212671 0.051977 0.000000
0.415572 0.255097 0.071963 0.000000
0.124696 -0.250582 -0.167548 0.000000
0.288853 -0.139630 0.035096 0.000000
0.506427 0.080775 -0.001706 0.000000
0.177236 -0.448904 0.032299 0.000000
0.201616 -0.384580 0.018325 0.000000
0.478902 -0.063119 -0.027863 0.000000
0.183820 -1.136121 0.036793 0.000000
0.249669 -0.518114 0.016321 0.000000
0.482391 -0.253539 -0.150155 0.000000
0.153916 0.064889 -0.035113 0.000000
0.280000 0.255230 0.035456 0.000000
0.424392 -0.113508 -0.106848 0.000000
0.235022 0.176732 0.008948 0.000000
0.272857 -0.282567 0.020893 0.000000
0.338473 0.413382 0.051456 0.000000
0.182241 -0.137113 -0.084298 0.000000
0.196930 -1.186234 -0.229326 1.000000
0.344925 0.399843 0.053921 0.000000
0.143977 -0.223464 -0.129214 0.000000
0.220124 -0.904207 0.013831 0.000000
0.152715 -0.494938 0.027810 0.000000
0.325381 0.002333 0.008571 0.000000
0.049520 -0.089279 -0.103967 0.000000
0.663536 -0.504282 0.155637 0.000000
0.627498 -0.478571 0.149963 0.000000
0.454369 -0.243795 0.100537 0.000000
0.428626 -0.130440 -0.112538 0.000000
0.228233 -0.832682 0.014101 0.000000
0.331867 0.387927 0.054035 0.000000
0.337990 -0.078997 0.008093 0.000000
0.356733 0.443186 0.034917 0.000000
0.399611 0.159337 0.000875 0.000000
0.321302 0.191099 0.046398 0.000000
0.192087 -1.246842 -0.269264 1.000000
0.580428 -0.193046 -0.112107 0.000000
0.184873 -1.112509 0.030998 0.000000
0.323444 0.030430 -0.005837 0.000000
0.394727 0.347519 0.036951 0.000000
0.243597 -0.704241 0.019666 0.000000
0.254757 -0.588856 0.015659 0.000000
0.669100 -0.120994 -0.065275 0.000000
0.294403 -0.195401 0.027276 0.000000
0.191432 0.121415 -0.021595 0.000000
0.386510 0.437186 0.040338 0.000000
0.230367 -0.749418 0.020340 0.000000
0.389113 -0.024721 -0.055113 0.000000
0.407229 0.125637 0.003794 0.000000
0.357819 -0.001973 0.064224 0.000000
0.184137 -1.203183 0.022986 0.000000
0.290062 -0.194898 0.034050 0.000000
0.373906 -0.030316 0.075453 0.000000
0.094982 -0.608547 0.027320 0.000000
0.126790 -1.252675 0.066593 0.000000
0.349056 0.404002 0.027768 0.000000
-0.097780 -1.107964 -0.030141 0.000000
0.185109 -1.233087 0.055938 0.000000
0.322149 0.120980 0.051130 0.000000
0.234819 -0.722282 0.012819 0.000000
0.335143 -0.066479 0.009313 0.000000
0.340841 0.055615 0.054587 0.000000
0.151168 -1.130239 0.046542 0.000000
0.205556 -1.010607 0.025771 0.000000
0.163571 0.083142 -0.033253 0.000000
0.287544 -0.206720 0.033448 0.000000
0.252821 0.052725 -0.019908 0.000000
0.417431 0.259470 0.027220 0.000000
0.142687 -1.204713 0.042992 0.000000
-0.066587 -1.031338 -0.009185 0.000000
-0.058575 -1.009477 -0.016481 0.000000
0.461985 0.157861 0.012493 0.000000
0.187488 -1.254610 0.053838 0.000000
0.246511 0.042602 -0.025018 0.000000
0.140559 -1.152525 0.048013 0.000000
0.185919 -1.121233 0.029749 0.000000
0.394403 0.327353 0.034296 0.000000
0.550563 -0.429522 0.124810 0.000000
0.282680 -0.241667 0.025615 0.000000
0.143866 -0.505996 0.025968 0.000000
-0.094645 -1.089837 -0.028369 0.000000
0.466159 -0.272087 0.107002 0.000000
0.192766 -1.063256 0.022394 0.000000
0.040187 -0.103052 -0.110856 0.000000
0.274572 -0.298075 0.021961 0.000000
0.241806 -0.643212 0.020111 0.000000
0.128982 -1.194499 0.066839 0.000000
0.084288 -1.359782 0.086066 0.000000
0.428010 0.233992 0.019613 0.000000
0.199546 -1.080849 0.030891 0.000000
0.170475 -0.176187 -0.104593 0.000000
0.238845 -0.694317 0.006043 0.000000
0.288048 -0.186320 0.021843 0.000000
0.265498 -0.402993 0.018665 0.000000
0.195272 -1.111988 0.039728 0.000000
0.401813 -0.106202 0.082680 0.000000
0.356178 0.012398 0.062878 0.000000
0.416483 -0.138047 0.086773 0.000000
0.241373 -0.323015 0.028356 0.000000
0.195698 -1.203860 -0.229076 1.000000
0.529070 0.041286 -0.014109 0.000000
0.416596 0.080852 -0.011082 0.000000
0.379886 0.312572 0.062662 0.000000
0.252673 -0.627420 0.010661 0.000000
0.333134 0.402039 0.061339 0.000000
0.487442 -0.244941 -0.152737 0.000000
0.301081 0.281373 0.029606 0.000000
0.042475 -0.797857 0.014857 0.000000
0.356600 0.475876 0.042235 0.000000
0.192555 -1.047770 0.016828 0.000000
0.182008 -1.250430 -0.273437 1.000000
0.078088 -0.658889 0.024750 0.000000
0.232394 0.178951 0.000900 0.000000
0.586615 -0.451105 0.140193 0.000000
0.078357 -0.648262 0.028485 0.000000
0.418750 0.248338 0.029818 0.000000
0.301105 -0.064894 0.030385 0.000000
0.183873 -1.046930 0.020833 0.000000
0.633071 -0.486370 0.146354 0.000000
0.114705 -0.578454 0.028276 0.000000
0.180490 -1.311260 0.061122 0.000000
0.186911 -1.187024 0.023006 0.000000
0.178158 0.102703 -0.027248 0.000000
0.270289 -0.391661 0.021484 0.000000
0.127093 -0.554087 0.030337 0.000000
0.114427 -0.591335 0.029831 0.000000
0.325808 0.208754 0.042922 0.000000
0.488890 0.100332 0.161139 0.000000
0.188267 -1.131103 0.044566 0.000000
0.156294 -1.166946 0.043125 0.000000
0.407308 0.097772 -0.006785 0.000000
0.208694 -0.977313 0.022753 0.000000
0.487581 -0.082349 -0.028269 0.000000
0.558473 0.014356 -0.022089 0.000000
0.317954 0.158163 0.055247 0.000000
0.232503 -0.709151 0.017698 0.000000
0.334953 0.369073 0.053556 0.000000
0.209349 -0.381354 0.031152 0.000000
0.101618 -0.582052 0.026879 0.000000
0.269448 -0.369655 0.023911 0.000000
0.183252 -0.449583 0.033890 0.000000
0.497741 -0.105003 -0.032966 0.000000
0.181580 -1.195729 0.023884 0.000000
0.217967 -1.008804 -0.078125 1.000000
0.172931 -1.303675 0.025206 0.000000
0.396405 0.335596 0.033423 0.000000
0.414023 0.104093 0.000049 0.000000
0.246759 -0.663783 0.023618 0.000000
0.404395 0.184743 -0.002219 0.000000
0.207711 -1.000510 0.025561 0.000000
0.256887 -0.468687 0.016358 0.000000
-0.092036 -1.086889 -0.035565 0.000000
0.189772 -1.193767 -0.241518 1.000000
0.449496 0.002323 -0.002140 0.000000
0.172471 -1.292390 0.023253 0.000000
0.387907 0.203462 0.010243 0.000000
0.148154 -1.222655 0.048103 0.000000
-0.060368 -1.017194 -0.017151 0.000000
0.263606 -0.388458 0.016699 0.000000
0.184469 -1.183167 0.042944 0.000000
0.209164 -1.026772 0.025880 0.000000
0.393837 0.424156 0.043403 0.000000
0.088567 -0.648531 0.027326 0.000000
0.261456 -0.293362 0.021852 0.000000
0.390048 0.465901 0.043656 0.000000
0.138946 -0.546817 0.032250 0.000000
0.057053 -0.750113 0.021758 0.000000
0.323435 0.018955 -0.004124 0.000000
0.301869 -0.049565 0.043625 0.000000
0.359062 0.356785 0.044178 0.000000
0.173737 -1.232363 0.054199 0.000000
0.228828 -0.348774 0.033267 0.000000
0.394818 0.183483 0.006061 0.000000
0.390633 -0.069751 0.081857 0.000000
0.309576 0.184718 -0.002537 0.000000
0.179206 -1.261446 -0.284149 1.000000
0.226427 -0.919076 -0.008342 1.000000
0.553858 -0.432179 0.136921 0.000000
0.170694 -1.258324 0.056863 0.000000
0.200215 -1.102189 0.023109 0.000000
0.447894 -0.211063 0.094498 0.000000
0.212102 -1.031660 0.039303 0.000000
0.151930 -1.109927 0.021452 0.000000
0.201119 -1.060355 0.025836 0.000000
0.266362 -0.267913 0.028300 0.000000
0.203181 -0.396382 0.031311 0.000000
0.323668 0.166262 0.043197 0.000000
0.211052 -1.074907 -0.131994 1.000000
0.421718 -0.135763 0.090558 0.000000
-0.086693 -1.082261 -0.022972 0.000000
0.150038 -1.162826 0.040856 0.000000
0.248765 -0.590285 0.013101 0.000000
0.328265 0.099858 0.041896 0.000000
0.197360 -1.009139 -0.064412 1.000000
0.570580 -0.196790 -0.114777 0.000000
0.330446 -0.015053 -0.004077 0.000000
0.262570 -0.540623 0.010903 0.000000
0.275052 0.106750 -0.007262 0.000000
0.336188 -0.027988 0.009347 0.000000
0.607742 -0.469727 0.139803 0.000000
0.207260 0.143820 -0.004975 0.000000
0.044720 -0.291028 -0.237044 0.000000
0.174361 -1.231978 0.034505 0.000000
0.620583 -0.075040 -0.049432 0.000000
0.273357 -0.396628 0.023677 0.000000
0.633237 -0.084688 -0.057323 0.000000
-0.018391 -0.899804 0.016979 0.000000
0.146771 -0.499394 0.023074 0.000000
0.340807 0.102073 -0.005596 0.000000
0.386673 -0.019468 -0.052491 0.000000
0.167473 -1.217478 0.048368 0.000000
0.234765 -0.026564 -0.036514 0.000000
0.220934 -0.983672 -0.061887 1.000000
0.402911 -0.079407 0.088886 0.000000
0.346390 -0.082635 0.020655 0.000000
0.199894 -1.089716 -0.146602 1.000000
0.174745 -1.267748 0.058555 0.000000
0.271477 -0.314514 0.023143 0.000000
0.263057 -0.430277 0.021248 0.000000
0.203859 -1.148655 -0.198715 1.000000
0.265657 -0.445475 0.026122 0.000000
0.152753 -0.482664 0.024430 0.000000
0.173509 -0.455703 0.031212 0.000000
0.150877 -0.222143 -0.140178 0.000000
0.308742 -0.008917 0.045177 0.000000
0.571717 -0.445946 0.131143 0.000000
0.084059 -0.664346 0.029109 0.000000
0.261334 -0.299776 0.039128 0.000000
0.097302 -0.640229 0.027212 0.000000
-0.020153 -0.923492 0.009642 0.000000
0.076255 -0.704566 0.029298 0.000000
0.270668 0.097935 -0.018023 0.000000
0.469081 -0.229901 -0.150336 0.000000
0.373113 -0.050571 0.066908 0.000000
0.129885 0.044169 -0.048962 0.000000
0.198161 -1.044360 0.029978 0.000000
0.393056 0.283075 0.019289 0.000000
0.116930 -1.247434 0.075060 0.000000
0.253882 -0.449808 0.015655 0.000000
0.566475 -0.174583 -0.094341 0.000000
0.389201 0.303223 0.060187 0.000000
0.212117 -1.045735 0.023743 0.000000
0.207136 -0.983773 0.020174 0.000000
0.724706 -0.152430 -0.082654 0.000000
0.445891 -0.007567 -0.018523 0.000000
0.191778 -1.050614 0.024623 0.000000
0.395083 0.159627 0.005846 0.000000
0.237031 0.038751 -0.033091 0.000000
0.194154 -1.077507 0.026348 0.000000
0.387712 -0.076609 0.072189 0.000000
0.365479 -0.009898 0.071669 0.000000
0.249878 -0.561129 0.021332 0.000000
0.337338 0.382313 0.057082 0.000000
0.175874 -1.174560 0.038085 0.000000
0.394177 0.276935 0.020311 0.000000
0.663606 -0.117890 -0.062072 0.000000
0.765966 -0.169739 -0.102394 0.000000
0.174405 -1.209845 0.048465 0.000000
0.250737 -0.547491 0.018617 0.000000
0.519193 -0.116636 -0.040754 0.000000
0.567938 0.001715 -0.027241 0.000000
0.235291 -0.945738 -0.035828 1.000000
0.316545 0.112229 0.046441 0.000000
0.179364 -1.170602 0.045228 0.000000
0.301610 0.151904 0.011213 0.000000
0.373911 0.029879 -0.022750 0.000000
0.209236 0.143569 -0.015276 0.000000
0.409515 0.102152 0.003625 0.000000
0.467717 -0.045342 -0.019762 0.000000
0.183764 -1.160785 0.038339 0.000000
0.186410 -1.144878 0.039196 0.000000
0.097854 -0.646444 0.030079 0.000000
0.574910 -0.007346 -0.031605 0.000000
0.345168 0.408836 0.030149 0.000000
0.327978 0.292294 0.054636 0.000000
0.582647 -0.454327 0.128811 0.000000
0.478604 -0.284694 0.098339 0.000000
0.457548 0.171020 0.111359 0.000000
0.108072 -0.587643 0.027569 0.000000
0.187803 -1.253997 -0.284732 1.000000
0.343101 0.348511 0.021830 0.000000
0.131718 -0.244577 -0.159423 0.000000
0.141912 -0.523256 0.032188 0.000000
0.306320 -0.018792 0.039247 0.000000
0.328211 0.225189 0.048056 0.000000
0.726474 -0.144254 -0.083881 0.000000
0.344067 0.290131 0.013320 0.000000
0.433755 0.040081 0.001320 0.000000
0.638908 -0.493797 0.153635 0.000000
0.377694 0.010820 -0.038283 0.000000
0.348863 -0.090152 0.019468 0.000000
0.081031 -1.353122 0.081054 0.000000
0.319193 0.212203 0.049811 0.000000
0.330304 -0.017786 0.007011 0.000000
0.533312 -0.135578 -0.061409 0.000000
0.318706 0.059859 0.042212 0.000000
0.025794 -0.820575 0.011235 0.000000
0.187600 -1.044230 0.039038 0.000000
0.346047 0.488142 0.056829 0.000000
0.335031 0.392231 0.056847 0.000000
0.551834 0.012153 -0.023501 0.000000
0.194404 -0.142686 -0.088577 0.000000
0.394282 0.240793 0.012876 0.000000
0.197849 -1.142180 0.021407 0.000000
0.201365 -1.084491 0.044661 0.000000
0.388209 0.490592 0.049789 0.000000
0.191251 -1.252994 -0.274229 1.000000
0.517466 0.063909 -0.005547 0.000000
0.692665 -0.139641 -0.074162 0.000000
0.296201 -0.139043 0.035106 0.000000
0.071931 -0.661479 0.029170 0.000000
0.501862 0.071775 0.182318 0.000000
0.060896 -0.072217 -0.097861 0.000000
0.463088 0.149156 0.006036 0.000000
0.240798 -0.731630 0.010934 0.000000
0.189364 -1.012170 0.028731 0.000000
0.747995 -0.160823 -0.085175 0.000000
0.471951 -0.273564 0.099772 0.000000
-0.083451 -1.068711 -0.020061 0.000000
0.238497 -0.670207 0.022685 0.000000
0.437510 0.226709 0.094339 0.000000
0.162484 -1.377318 -0.396669 1.000000
0.302336 -0.084449 0.045252 0.000000
0.276628 -0.311497 0.019644 0.000000
0.249567 -0.618645 0.017774 0.000000
0.321665 0.195359 0.006976 0.000000
0.118092 -1.278662 0.064688 0.000000
0.049770 -0.746855 0.024751 0.000000
0.206311 -1.023070 -0.085192 1.000000
0.268643 -0.355668 0.022615 0.000000
0.240057 0.026196 -0.028855 0.000000
0.414756 -0.175002 0.089502 0.000000
0.333865 0.156973 0.005516 0.000000
0.138987 0.032710 -0.043615 0.000000
0.327740 0.062416 -0.004739 0.000000
0.451598 -0.188099 -0.135183 0.000000
0.204581 0.139713 -0.014393 0.000000
0.415286 -0.104155 -0.098618 0.000000
0.126240 0.024362 -0.048933 0.000000
0.205522 -1.035991 0.026397 0.000000
0.274449 -0.328736 0.017695 0.000000
0.537672 -0.413087 0.115147 0.000000
0.181017 -1.172298 0.033119 0.000000
0.424603 -0.183969 0.088798 0.000000
0.171362 -1.356663 -0.371727 1.000000
0.159100 -1.232857 0.050585 0.000000
0.270914 -0.412304 0.018940 0.000000
0.075885 -0.674413 0.031468 0.000000
0.266526 -0.496591 0.017580 0.000000
0.361526 -0.010270 0.058842 0.000000
0.149065 -1.155565 0.054230 0.000000
0.217496 -0.918438 0.016877 0.000000
0.235120 -0.743783 0.017400 0.000000
0.200662 -1.088529 0.024295 0.000000
0.407419 -0.068287 -0.079865 0.000000
-0.076700 -1.054721 -0.023998 0.000000
0.280097 -0.236697 0.020387 0.000000
0.220291 -0.961349 -0.039427 1.000000
0.034856 -0.294343 -0.242191 0.000000
0.200324 -1.188158 -0.219308 1.000000
0.651182 -0.099383 -0.061823 0.000000
0.475366 0.125459 0.141448 0.000000
0.383493 0.004829 -0.041583 0.000000
0.272091 -0.307453 0.018702 0.000000
0.231542 -0.961552 -0.047641 1.000000
0.279217 -0.253183 0.031025 0.000000
0.205149 -1.141877 -0.191242 1.000000
0.100259 -0.005632 -0.062683 0.000000
0.180242 -1.268867 0.015994 0.000000
0.527067 0.027244 0.229536 0.000000
0.572028 -0.185331 -0.102797 0.000000
0.183562 -1.323516 -0.342275 1.000000
-0.007077 -0.889972 0.003104 0.000000
0.352253 0.422900 0.040662 0.000000
0.558512 -0.435854 0.130786 0.000000
0.173333 -1.316245 -0.337456 1.000000
0.232100 -0.888384 0.009288 0.000000
0.199055 -1.088306 0.040728 0.000000
0.467372 -0.305770 0.118926 0.000000
0.180980 -1.295143 -0.311415 1.000000
0.306102 0.012948 0.046159 0.000000
0.049646 -0.774370 0.019214 0.000000
0.135452 0.045169 -0.042702 0.000000
0.078468 -0.667801 0.027760 0.000000
0.142517 -1.170183 0.045289 0.000000
0.208675 -1.084125 -0.141487 1.000000
0.340904 0.282232 0.020055 0.000000
0.306229 0.036637 0.045398 0.000000
0.175622 -0.142137 -0.087682 0.000000
0.327254 -0.008338 -0.000733 0.000000
0.323613 0.038706 -0.006030 0.000000
0.341911 0.312747 0.021361 0.000000
0.192015 -1.201676 -0.235559 1.000000
0.408874 -0.148536 0.083451 0.000000
0.206501 -1.034718 -0.088418 1.000000
0.244265 -0.673091 0.013615 0.000000
0.259879 -0.292515 0.010612 0.000000
0.186411 -1.121238 0.040627 0.000000
0.304962 -0.029464 0.045169 0.000000
0.204357 -1.054538 0.024599 0.000000
0.201720 -1.127745 -0.178685 1.000000
0.215062 -0.897435 0.015302 0.000000
0.417951 -0.118762 -0.099835 0.000000
0.338113 0.057071 0.061365 0.000000
0.178193 -0.433356 0.021654 0.000000
0.189630 -1.175521 -0.203053 1.000000
0.302660 0.173021 -0.000918 0.000000
0.581834 -0.028796 -0.036476 0.000000
0.222664 0.166291 -0.000367 0.000000
0.435388 0.023895 -0.014524 0.000000
0.050458 -0.727993 0.029508 0.000000
0.618600 -0.470236 0.151386 0.000000
0.337462 -0.045067 0.013272 0.000000
0.341244 -0.077264 0.016641 0.000000
0.218422 -0.898064 0.005997 1.000000
0.315077 0.017059 0.042652 0.000000
0.182833 -1.095888 0.037018 0.000000
0.272799 -0.314783 0.029915 0.000000
0.339841 0.259270 0.019123 0.000000
0.330517 -0.024803 0.014868 0.000000
0.504909 -0.105125 -0.038118 0.000000
0.119039 -0.254901 -0.176011 0.000000
0.176967 -1.043034 0.020391 0.000000
0.138921 -0.559403 0.040237 0.000000
0.078132 -0.641418 0.028604 0.000000
0.177074 -1.046028 0.013466 0.000000
0.335637 0.084210 -0.003634 0.000000
0.268698 -0.325067 0.025931 0.000000
0.242231 -0.676033 0.024202 0.000000
0.334990 0.443966 0.059449 0.000000
0.185331 -1.201251 0.030286 0.000000
0.188999 -1.127281 0.031333 0.000000
0.226522 -0.891464 0.018333 0.000000
0.316619 0.104751 0.044781 0.000000
0.264692 -0.281350 0.025307 0.000000
0.221377 -0.861922 0.012870 0.000000
0.023170 -0.844951 0.008113 0.000000
0.081038 -0.652465 0.024558 0.000000
0.010075 -0.839749 0.017505 0.000000
0.272081 -0.447885 0.015880 0.000000
0.120552 -1.236786 0.034636 0.000000
0.245787 -0.607130 0.012467 0.000000
0.224998 -0.976030 -0.064512 1.000000
0.142125 -1.159747 0.061414 0.000000
0.237932 0.015660 -0.029087 0.000000
0.431234 0.232402 0.088464 0.000000
0.193950 -1.146600 -0.182376 1.000000
0.272473 -0.378629 0.016690 0.000000
0.390096 -0.099670 0.067690 0.000000
0.200338 -0.410052 0.040113 0.000000
0.400828 0.148121 0.002819 0.000000
0.518444 -0.391156 0.127954 0.000000
0.340117 0.346501 0.058709 0.000000
0.169838 -1.250166 0.033291 0.000000
0.139446 -1.162693 0.066387 0.000000
0.294296 -0.144754 0.031303 0.000000
0.296388 -0.149499 0.035656 0.000000
0.172568 -1.057714 0.035108 0.000000
0.031766 -0.116017 -0.117423 0.000000
0.171246 -1.184221 0.041950 0.000000
0.136924 -0.239278 -0.153422 0.000000
0.310802 0.174785 -0.003172 0.000000
0.235424 -0.725932 0.019353 0.000000
0.383884 -0.076224 0.065600 0.000000
0.187377 -1.042493 0.031280 0.000000
0.499137 0.084660 0.179375 0.000000
0.196121 -1.094641 -0.138933 1.000000
0.230559 -0.908824 -0.003479 1.000000
0.023142 -0.129764 -0.128097 0.000000
0.262383 -0.488771 0.017074 0.000000
0.703599 -0.138211 -0.072924 0.000000
0.348776 0.377563 0.032642 0.000000
0.329769 0.067099 0.001660 0.000000
0.220293 0.162785 -0.006039 0.000000
0.328569 0.281436 0.057740 0.000000
0.440499 -0.182017 0.092679 0.000000
0.111162 -0.262148 -0.179982 0.000000
0.117239 0.030787 -0.055030 0.000000
0.351520 0.473490 0.043878 0.000000
0.134099 -1.155303 0.030259 0.000000
0.198528 -1.022892 0.021532 0.000000
0.329055 -0.052192 -0.000017 0.000000
0.341739 0.437409 0.063069 0.000000
0.349189 0.032161 0.053956 0.000000
0.397550 -0.078067 0.086989 0.000000
0.462194 -0.032634 -0.014720 0.000000
0.144661 -1.190682 0.053649 0.000000
0.159543 -1.111685 0.021375 0.000000
0.317918 0.173187 0.052732 0.000000
0.450811 -0.217495 0.100642 0.000000
0.429563 -0.211957 0.094837 0.000000
0.176345 -1.110561 0.039719 0.000000
-0.003286 -0.856431 0.023496 0.000000
0.299416 0.156928 -0.003251 0.000000
0.208358 -0.972238 -0.038256 1.000000
0.333185 0.342594 0.052825 0.000000
0.109488 -1.250463 0.036457 0.000000
0.092754 -0.625500 0.023959 0.000000
0.264873 -0.510812 0.015660 0.000000
0.192119 -0.414394 0.028556 0.000000
0.245491 0.047917 -0.027381 0.000000
0.387344 -0.060046 0.082014 0.000000
0.457090 -0.267844 0.110050 0.000000
0.087663 -0.639641 0.026697 0.000000
0.316695 0.169396 0.041028 0.000000
0.112776 -0.599125 0.032675 0.000000
0.184965 -1.197128 -0.230926 1.000000
0.334559 0.325051 0.056284 0.000000
0.350802 0.077306 -0.013018 0.000000
0.293132 0.153138 0.005527 0.000000
0.211775 -0.976200 -0.044695 1.000000
0.290767 0.276206 0.029213 0.000000
0.291702 -0.120611 0.035547 0.000000
0.317359 0.040261 0.037190 0.000000
0.215034 -0.373573 0.017828 0.000000
0.429934 -0.145911 -0.120048 0.000000
0.522363 0.037889 0.220443 0.000000
0.173568 -1.048833 0.028458 0.000000
0.132961 -0.522714 0.024822 0.000000
0.051703 -0.722143 0.027817 0.000000
0.213920 -0.080180 -0.059831 0.000000
0.331937 0.274937 0.049448 0.000000
0.195881 -1.204660 -0.241249 1.000000
0.676970 -0.516062 0.158713 0.000000
0.181587 -1.290970 -0.316708 1.000000
0.417774 0.253375 0.086186 0.000000
0.230495 -0.809987 0.008815 0.000000
0.469690 0.143452 0.011428 0.000000
0.188188 -1.008476 0.018202 0.000000
0.221174 -0.870323 0.013636 0.000000
0.199730 -1.098332 0.037712 0.000000
0.238914 -0.707837 0.022152 0.000000
0.534494 0.047422 -0.008400 0.000000
0.083323 -0.017106 -0.070979 0.000000
0.015920 -0.837554 0.014879 0.000000
0.234418 -0.768676 0.009023 0.000000
0.181373 -1.182059 0.048241 0.000000
0.326160 0.083133 0.057809 0.000000
0.196431 -1.212367 -0.240683 1.000000
0.141737 -0.517762 0.027993 0.000000
0.032706 -0.119552 -0.124148 0.000000
0.440722 -0.227426 0.101662 0.000000
0.412282 -0.113546 -0.101448 0.000000
0.138545 -0.504794 0.024003 0.000000
0.368445 0.024447 -0.029128 0.000000
0.197947 -1.054948 -0.108225 1.000000
0.202238 -0.397325 0.019109 0.000000
0.243317 -0.318782 0.008344 0.000000
0.150551 0.069392 -0.040551 0.000000
-0.027849 -0.937487 0.001402 0.000000
0.332930 0.353548 0.053782 0.000000
0.208589 -1.027278 -0.091624 1.000000
0.172332 -1.321451 -0.340295 1.000000
0.104687 -1.295976 0.039617 0.000000
0.204902 -1.008783 -0.069038 1.000000
0.247520 -0.631574 0.024623 0.000000
0.107170 0.004258 -0.058912 0.000000
0.151527 -1.134733 0.050791 0.000000
0.337089 0.087642 0.042132 0.000000
0.168403 -1.327407 -0.336717 1.000000
0.405125 -0.134630 0.085377 0.000000
0.144232 -1.199904 0.056140 0.000000
0.254986 -0.610099 0.016006 0.000000
0.252840 -0.554305 0.019747 0.000000
0.324697 0.200890 0.052130 0.000000
0.223370 -0.870817 0.006821 0.000000
0.418606 0.089050 0.010193 0.000000
0.214998 -0.866040 0.011273 0.000000
0.194466 -0.078656 -0.061658 0.000000
0.323478 0.241183 0.057838 0.000000
0.237775 -0.948039 -0.030756 1.000000
0.124037 -1.190959 0.033660 0.000000
0.310965 0.005505 0.049139 0.000000
0.157914 -1.099377 0.038147 0.000000
0.294404 -0.081382 0.032930 0.000000
0.350783 0.028906 0.060574 0.000000
0.305795 -0.007133 0.034131 0.000000
0.217222 -0.967909 -0.043492 1.000000
0.347055 0.443738 0.039147 0.000000
0.356087 0.418725 0.031484 0.000000
0.303952 -0.077819 0.034814 0.000000
0.330263 0.240414 0.048447 0.000000
0.441106 0.220098 0.098807 0.000000
0.200411 -0.967898 -0.033276 1.000000
0.196263 -1.005724 0.022513 0.000000
0.339378 0.242790 0.013554 0.000000
0.206265 -1.044615 -0.109232 1.000000
0.174421 -1.291400 -0.314761 1.000000
0.120170 -1.245951 0.039036 0.000000
0.148626 -0.522004 0.035886 0.000000
0.107014 -0.614300 0.027097 0.000000
0.205004 -1.064704 0.024598 0.000000
0.160382 -1.103216 0.034451 0.000000
-0.030353 -0.925976 0.004838 0.000000
0.226867 0.171948 0.008736 0.000000
0.224766 -0.754709 0.013509 0.000000
0.504273 0.080537 0.179676 0.000000
0.229253 -0.799627 0.012344 0.000000
0.322548 0.250759 0.049494 0.000000
0.285200 -0.238603 0.030981 0.000000
0.213054 -0.910300 -0.002369 1.000000
0.011789 -0.827891 0.020558 0.000000
0.491732 -0.318668 0.098405 0.000000
0.259869 -0.479591 0.021575 0.000000
0.317673 0.071901 0.044903 0.000000
0.507522 -0.362742 0.109525 0.000000
0.693708 -0.132796 -0.070750 0.000000
0.339774 0.252432 0.013941 0.000000
0.515757 -0.104248 -0.038207 0.000000
0.222142 -1.002595 -0.076590 1.000000
0.323872 0.183161 0.049947 0.000000
0.040807 -0.783222 0.020002 0.000000
0.344111 0.319155 0.019221 0.000000
0.177018 -1.094516 0.033677 0.000000
0.164218 -0.467929 0.028414 0.000000
0.410923 -0.098307 -0.095691 0.000000
0.343092 0.047828 0.057553 0.000000
0.218378 -1.035638 -0.103872 1.000000
0.236498 -0.764276 0.016105 0.000000
0.318749 0.144547 0.051881 0.000000
0.307800 -0.004506 0.040127 0.000000
0.320854 0.114317 0.041304 0.000000
0.227912 -0.986137 -0.060559 1.000000
0.286825 0.132629 -0.003879 0.000000
0.416973 0.076328 -0.004728 0.000000
0.282914 -0.222503 0.027631 0.000000
0.324655 0.105536 0.041944 0.000000
-0.003823 -0.866211 0.017040 0.000000
0.331621 -0.069632 -0.000957 0.000000
0.667474 -0.117638 -0.070825 0.000000
0.105746 -0.013621 -0.063604 0.000000
0.448049 0.196751 0.100155 0.000000
0.071001 -0.695067 0.023465 0.000000
0.146914 -0.514052 0.029234 0.000000
0.117209 -0.566040 0.029187 0.000000
0.474173 -0.058821 -0.021604 0.000000
0.260829 -0.282085 0.021161 0.000000
0.419326 0.071696 -0.012122 0.000000
-0.000730 -0.882056 0.006585 0.000000
0.319889 0.184401 -0.000558 0.000000
0.325484 0.089605 0.055355 0.000000
0.239412 0.186069 0.004304 0.000000
0.402069 -0.131961 0.077109 0.000000
0.163380 -0.492694 0.031646 0.000000
0.304355 -0.040527 0.041383 0.000000
0.337684 0.176909 0.004696 0.000000
0.504225 0.068964 0.190864 0.000000
