0.071674 -0.281581 -0.216025 0.000000
0.079260 -1.363434 0.086313 0.000000
0.383475 0.505266 0.049374 0.000000
0.691646 -0.528767 0.167688 0.000000
0.218382 -0.811712 0.012544 0.000000
0.585335 -0.014313 -0.036750 0.000000
0.162484 -1.377318 -0.396669 1.000000
0.170023 0.094573 -0.033635 0.000000
-0.072124 -1.042356 -0.028320 0.000000
0.269383 -0.456393 0.025390 0.000000
0.205107 -1.130017 -0.183779 1.000000
0.431152 0.209468 0.091408 0.000000
0.503002 -0.277455 -0.154726 0.000000
0.295421 -0.163069 0.037224 0.000000
0.493804 -0.337022 0.113698 0.000000
0.779971 -0.176566 -0.105338 0.000000
0.530669 0.022969 0.233089 0.000000
0.175506 -1.049567 0.043180 0.000000
0.081320 -0.624196 0.027716 0.000000
0.043612 -0.084793 -0.100978 0.000000
0.004787 -0.846061 0.018740 0.000000
0.374401 0.028561 -0.024556 0.000000
0.272676 0.239850 0.010043 0.000000
0.421669 -0.123835 -0.106320 0.000000
0.180813 -1.227365 0.024819 0.000000
0.252673 -0.627420 0.010661 0.000000
0.191477 -1.267586 -0.273886 1.000000
0.179878 -0.175352 -0.107832 0.000000
0.444173 -0.186115 0.090699 0.000000
0.390620 0.349141 0.032532 0.000000
0.250363 -0.305819 0.018240 0.000000
0.501039 0.101628 0.010995 0.000000
0.222076 -0.045229 -0.044895 0.000000
0.557977 -0.163549 -0.079819 0.000000
0.235291 -0.945738 -0.035828 1.000000
0.578325 -0.450925 0.129750 0.000000
0.387344 -0.060046 0.082014 0.000000
0.142966 -0.503561 0.020314 0.000000
0.311394 0.116587 0.051275 0.000000
0.675804 -0.118613 -0.062484 0.000000
0.469119 -0.049739 -0.019611 0.000000
0.203767 -1.044553 -0.097824 1.000000
0.487350 0.105246 0.157708 0.000000
0.063353 -0.742284 0.022989 0.000000
0.106028 0.001913 -0.059064 0.000000
0.403494 0.152880 -0.000108 0.000000
0.178991 -1.328853 0.061459 0.000000
-0.028640 -0.944610 -0.008704 0.000000
0.300539 -0.017718 0.037603 0.000000
0.187903 -0.397010 0.018760 0.000000
0.257705 0.055053 -0.013284 0.000000
0.332037 0.424176 0.055971 0.000000
0.398089 0.255603 0.012217 0.000000
-0.110420 -1.129714 -0.035554 0.000000
0.375206 -0.136548 -0.006889 0.000000
0.133601 -0.242465 -0.155876 0.000000
0.134166 -1.157814 0.068212 0.000000
0.236612 -0.719517 0.017817 0.000000
0.221536 0.163931 -0.001764 0.000000
0.453411 -0.200122 -0.144036 0.000000
0.395024 -0.047197 -0.069157 0.000000
0.311983 0.309856 0.048333 0.000000
0.113918 -1.249794 0.076184 0.000000
0.246326 -0.541048 0.020717 0.000000
0.182311 -1.194385 -0.232828 1.000000
0.179504 -1.316773 -0.340641 1.000000
0.448456 -0.267656 0.106706 0.000000
0.328321 0.196684 0.056151 0.000000
0.201283 -1.147889 0.022676 0.000000
0.011200 -0.151088 -0.131754 0.000000
0.343849 0.044668 0.061566 0.000000
0.511021 -0.112540 -0.042493 0.000000
0.205740 -0.891361 0.012627 0.000000
0.008040 -0.300468 -0.256634 0.000000
0.529358 0.035339 -0.017115 0.000000
0.298114 0.163234 -0.009658 0.000000
0.269808 -0.379866 0.021400 0.000000
0.285200 -0.238603 0.030981 0.000000
0.208778 -0.983114 0.024531 0.000000
0.339821 0.096864 -0.014681 0.000000
0.330678 -0.077588 0.002240 0.000000
0.417391 0.080330 0.008203 0.000000
0.192315 -0.107413 -0.070557 0.000000
0.524522 -0.401433 0.129655 0.000000
0.637070 -0.484057 0.154281 0.000000
0.620583 -0.075040 -0.049432 0.000000
0.131115 -0.572889 0.031700 0.000000
0.402600 -0.129885 0.078118 0.000000
0.440467 0.013357 -0.009729 0.000000
0.580669 -0.207976 -0.127547 0.000000
0.108046 -1.303977 0.035755 0.000000
0.398639 0.284701 0.073253 0.000000
0.441305 0.205705 0.025206 0.000000
0.463029 0.157754 0.119215 0.000000
0.150782 -1.106053 0.021578 0.000000
0.397390 0.413059 0.043332 0.000000
0.334943 0.260245 0.013545 0.000000
0.726685 -0.151838 -0.082149 0.000000
0.195099 -0.991524 -0.052020 1.000000
0.090302 -0.687687 0.030659 0.000000
0.191845 -1.091841 -0.135031 1.000000
0.465813 0.151324 0.012144 0.000000
0.364414 -0.011823 0.052086 0.000000
0.041913 -0.798391 0.014911 0.000000
0.336248 0.364171 0.059694 0.000000
0.175820 -0.455026 0.030797 0.000000
0.324158 0.030188 0.007069 0.000000
0.292712 -0.102932 0.039011 0.000000
0.143134 0.043917 -0.042391 0.000000
0.277479 0.109304 -0.004779 0.000000
0.505163 0.062963 0.192689 0.000000
0.080106 -0.044971 -0.080721 0.000000
0.124345 -1.201813 0.032726 0.000000
0.175274 -1.272195 0.059767 0.000000
-0.054681 -0.995872 -0.002691 0.000000
0.231346 0.010757 -0.034310 0.000000
0.217787 -0.350748 0.013373 0.000000
0.334731 0.203777 0.001959 0.000000
-0.003217 -0.897563 0.000836 0.000000
0.200724 -1.098441 0.042464 0.000000
0.187345 -1.187201 0.059143 0.000000
0.387907 0.203462 0.010243 0.000000
0.096478 -1.314916 0.083549 0.000000
0.343497 0.476305 0.057626 0.000000
0.329580 -0.023071 -0.002262 0.000000
-0.088903 -1.087749 -0.021337 0.000000
0.222554 -0.936273 0.019482 0.000000
0.210896 -1.033513 0.014310 0.000000
0.402240 0.302936 0.024190 0.000000
0.328060 0.245153 0.058861 0.000000
0.237295 -0.768383 0.021922 0.000000
0.151576 -0.212138 -0.123185 0.000000
0.338439 0.141319 0.004465 0.000000
0.346472 0.331522 0.023172 0.000000
0.234643 -0.672379 0.010560 0.000000
0.104929 -0.265541 -0.186144 0.000000
0.307528 0.063575 0.038343 0.000000
0.246824 0.200954 0.014176 0.000000
0.264290 -0.499440 0.008093 0.000000
0.386173 0.459009 0.044089 0.000000
0.482352 -0.235373 -0.153014 0.000000
0.444209 -0.156819 -0.129249 0.000000
0.173103 -1.298397 0.022009 0.000000
0.389021 -0.008885 -0.045904 0.000000
0.292243 0.272053 0.034276 0.000000
0.410810 -0.084265 -0.088340 0.000000
0.124845 -1.262477 0.034936 0.000000
0.307251 -0.061060 0.043471 0.000000
0.481636 -0.296933 0.099535 0.000000
0.354569 0.394438 0.032231 0.000000
0.173020 -1.284880 -0.309898 1.000000
0.248921 -0.584851 0.021522 0.000000
0.202556 -1.172278 -0.201411 1.000000
0.224695 -1.010661 -0.080898 1.000000
0.419682 0.246318 0.072197 0.000000
0.357932 -0.105972 0.019246 0.000000
0.048773 -0.702694 0.029587 0.000000
0.225824 -0.853477 0.014900 0.000000
0.433811 -0.226466 0.097812 0.000000
0.202104 0.126611 -0.003553 0.000000
0.316223 0.158514 0.043917 0.000000
0.311824 0.022112 0.046780 0.000000
0.196997 -0.947571 -0.019623 1.000000
0.126868 -1.198942 0.074154 0.000000
0.160127 -1.351145 -0.351780 1.000000
0.153850 -1.155408 0.032405 0.000000
0.239789 -0.907877 -0.004310 1.000000
0.148052 -1.232572 0.050271 0.000000
0.410752 0.114594 -0.012885 0.000000
0.275097 -0.339698 0.018703 0.000000
0.276805 -0.274803 0.014631 0.000000
0.091669 -1.341077 0.034892 0.000000
0.514658 -0.370547 0.104458 0.000000
0.177543 -0.141818 -0.085481 0.000000
0.256450 -0.418590 0.022176 0.000000
0.029658 -0.114644 -0.123643 0.000000
0.561235 0.011353 -0.017175 0.000000
0.291918 -0.200071 0.022963 0.000000
0.523352 0.070129 0.001329 0.000000
0.120038 -0.621009 0.034936 0.000000
0.492105 -0.081967 -0.026137 0.000000
0.531553 -0.139771 -0.062330 0.000000
0.179763 -1.013466 0.027492 0.000000
0.380783 0.315585 0.057310 0.000000
0.426325 0.049857 -0.014406 0.000000
0.063802 -0.659135 0.029474 0.000000
0.041760 -0.293114 -0.238628 0.000000
0.387156 -0.095985 0.067539 0.000000
0.118136 -0.538621 0.019241 0.000000
0.410209 -0.167180 0.084241 0.000000
0.337089 0.087642 0.042132 0.000000
0.198781 -1.069961 0.017175 0.000000
0.352851 0.446679 0.030820 0.000000
0.213210 -0.378385 0.039320 0.000000
0.549364 -0.427619 0.119438 0.000000
0.030979 -0.764898 0.027311 0.000000
0.213013 -0.078326 -0.059167 0.000000
0.426565 0.239372 0.029995 0.000000
0.189053 -1.185138 0.022241 0.000000
0.229903 -0.979400 -0.055101 1.000000
0.345678 0.293936 0.024363 0.000000
0.237352 -0.333082 0.039266 0.000000
0.325085 0.063207 -0.013724 0.000000
0.178604 -1.128178 0.043653 0.000000
0.199213 -1.222993 -0.247928 1.000000
0.447788 -0.019562 -0.023590 0.000000
0.120016 -1.284296 0.063904 0.000000
0.194959 -0.424030 0.041947 0.000000
0.646644 -0.097488 -0.060467 0.000000
0.665981 -0.504179 0.162595 0.000000
0.600232 -0.045714 -0.045747 0.000000
0.353808 0.014881 0.078912 0.000000
0.607601 -0.468617 0.140573 0.000000
0.099951 -0.589952 0.027006 0.000000
0.179511 -1.263195 0.020001 0.000000
0.330116 0.280212 0.054660 0.000000
0.479633 0.132076 0.136090 0.000000
0.568701 -0.189591 -0.100296 0.000000
0.102531 -0.651284 0.032520 0.000000
0.360251 0.058757 -0.015565 0.000000
0.151537 -1.297326 0.059199 0.000000
0.465094 -0.240846 0.094541 0.000000
0.146998 -0.534413 0.036180 0.000000
0.454602 0.187260 0.105279 0.000000
0.262274 0.086503 -0.024310 0.000000
0.032611 -0.831277 0.007515 0.000000
0.341804 0.364321 0.023276 0.000000
0.158159 -1.186808 0.044008 0.000000
0.148092 -0.471159 0.022224 0.000000
0.429310 -0.140820 0.093783 0.000000
0.179195 -1.225544 0.057949 0.000000
0.172002 -1.082023 0.041954 0.000000
0.363740 0.345815 0.050783 0.000000
0.112490 -1.232256 0.035347 0.000000
0.374185 -0.028095 0.078637 0.000000
0.396183 0.379838 0.042102 0.000000
0.336264 -0.049919 0.018605 0.000000
0.209469 -0.918871 -0.007206 1.000000
0.194060 -1.020134 -0.077797 1.000000
0.698835 -0.137666 -0.074304 0.000000
0.116318 0.032510 -0.055651 0.000000
0.333770 0.333005 0.054708 0.000000
0.752030 -0.166040 -0.094180 0.000000
0.206714 0.148523 -0.025620 0.000000
0.338263 0.172542 0.008065 0.000000
0.121630 -1.332332 0.033653 0.000000
-0.024831 -0.919145 0.008874 0.000000
0.414236 0.270124 0.034399 0.000000
0.451026 0.178763 0.013894 0.000000
0.480653 0.124679 0.008759 0.000000
0.515260 0.042285 0.212696 0.000000
0.339553 0.394403 0.061462 0.000000
0.234724 -0.019191 -0.034416 0.000000
0.181470 -1.158077 0.045264 0.000000
0.150958 0.072996 -0.042311 0.000000
0.294491 -0.132614 0.035037 0.000000
0.177074 -1.046028 0.013466 0.000000
-0.037862 -0.973011 -0.011995 0.000000
0.188101 -1.237931 -0.271119 1.000000
0.175619 -0.424045 0.017905 0.000000
0.083323 -0.017106 -0.070979 0.000000
0.263383 -0.287036 0.037892 0.000000
0.320127 0.007086 -0.010739 0.000000
0.311740 0.185206 0.004182 0.000000
0.356112 0.015642 0.046252 0.000000
0.338211 0.230934 0.012317 0.000000
0.203440 -1.038207 0.042162 0.000000
0.151914 -1.134301 0.053699 0.000000
0.075486 -0.713404 0.025527 0.000000
0.186941 0.117479 -0.027848 0.000000
0.240909 0.037951 -0.029703 0.000000
0.163308 -0.489698 0.038578 0.000000
0.499262 0.084629 0.174424 0.000000
0.195405 -1.104487 0.014698 0.000000
0.208026 -0.968592 -0.036098 1.000000
0.058220 -0.062803 -0.089351 0.000000
-0.007495 -0.873660 0.016289 0.000000
0.403176 0.181870 -0.001051 0.000000
0.290299 0.137450 0.000245 0.000000
0.405974 -0.102720 0.088044 0.000000
0.214266 -1.074170 -0.133836 1.000000
0.495836 -0.364308 0.124891 0.000000
-0.058623 -1.018032 -0.022295 0.000000
0.346254 0.447710 0.062901 0.000000
0.277718 -0.308277 0.024833 0.000000
0.202430 -1.113945 -0.160758 1.000000
0.320714 0.221436 0.045503 0.000000
0.055248 -0.772785 0.015924 0.000000
0.204817 -0.375752 0.012442 0.000000
0.400115 0.228050 0.007158 0.000000
0.231541 -0.745544 0.007544 0.000000
0.237425 -0.646754 0.022748 0.000000
0.161683 -1.354938 -0.378850 1.000000
0.389087 0.277467 0.026502 0.000000
0.348747 -0.080810 0.023379 0.000000
0.375450 -0.048989 0.060343 0.000000
0.236602 0.188036 -0.007089 0.000000
0.254204 -0.478914 0.022233 0.000000
0.473269 -0.267107 0.096489 0.000000
0.257009 -0.562216 0.008150 0.000000
0.402453 0.128245 0.010199 0.000000
0.348950 0.420795 0.035653 0.000000
0.468568 -0.310686 0.118186 0.000000
0.278439 0.249467 0.035372 0.000000
0.498981 0.084535 -0.009125 0.000000
0.232068 -0.890453 0.015068 0.000000
0.159425 -0.192047 -0.107582 0.000000
0.559428 -0.436434 0.142161 0.000000
0.207835 -1.009213 0.023599 0.000000
-0.081267 -1.065903 -0.034655 0.000000
0.190906 -1.151590 -0.185475 1.000000
0.337969 0.304836 0.056051 0.000000
0.196126 -1.069755 0.042910 0.000000
0.260381 -0.517424 0.026229 0.000000
0.228379 -0.786920 0.006473 0.000000
0.173918 -1.206107 0.037933 0.000000
0.012545 -0.821821 0.021888 0.000000
0.419139 -0.191231 0.088948 0.000000
0.311670 0.090410 0.043313 0.000000
0.107762 -0.022787 -0.066792 0.000000
0.331289 0.118206 -0.003385 0.000000
0.040984 -0.732253 0.029307 0.000000
0.150160 -0.225058 -0.144851 0.000000
0.144453 -1.205679 0.053487 0.000000
0.188263 -1.251048 0.055664 0.000000
0.228009 -0.934453 -0.013545 1.000000
0.128939 -1.153710 0.032500 0.000000
0.190412 -1.136199 -0.164619 1.000000
0.241529 -0.696297 0.010074 0.000000
0.065789 -0.684397 0.028409 0.000000
0.371351 0.007891 -0.041496 0.000000
0.340644 0.063188 0.043690 0.000000
0.325564 0.136882 0.051545 0.000000
-0.100344 -1.107157 -0.035651 0.000000
0.259295 0.218004 0.001407 0.000000
0.224628 -0.356648 0.036872 0.000000
0.418155 0.077132 -0.016238 0.000000
0.220422 -0.912060 0.015522 0.000000
0.260968 0.224531 0.025191 0.000000
0.326367 -0.004205 0.012951 0.000000
0.391977 0.325157 0.028134 0.000000
0.165804 -1.317021 0.035883 0.000000
0.441955 -0.180428 -0.135460 0.000000
0.173221 -1.103596 0.030932 0.000000
0.170611 -1.244741 0.038217 0.000000
0.386173 0.434838 0.042994 0.000000
0.401410 -0.077516 0.090957 0.000000
0.299158 -0.077994 0.028327 0.000000
0.155657 -0.512437 0.040615 0.000000
0.491732 -0.318668 0.098405 0.000000
0.214664 -0.022596 -0.047564 0.000000
0.217318 -0.959427 0.022478 0.000000
0.460148 -0.288059 0.110968 0.000000
0.185449 -1.130308 0.019459 0.000000
0.450058 -0.209304 0.094398 0.000000
0.120661 -0.253018 -0.172936 0.000000
0.488681 -0.258363 -0.153057 0.000000
0.305494 0.292105 0.033886 0.000000
0.354225 -0.122465 0.002510 0.000000
0.201106 -1.205653 -0.223573 1.000000
0.232855 -0.332523 0.015904 0.000000
0.203844 -1.059639 -0.118270 1.000000
0.508136 -0.384352 0.127873 0.000000
0.333054 0.077991 0.002951 0.000000
0.364702 -0.005738 0.075297 0.000000
0.316080 -0.000079 0.039244 0.000000
0.430938 0.232808 0.088223 0.000000
0.182437 -1.294569 0.059291 0.000000
0.465187 -0.219745 -0.149722 0.000000
0.249198 -0.608981 0.024701 0.000000
0.268154 -0.258169 0.028681 0.000000
0.156021 -1.157264 0.055675 0.000000
0.433955 -0.163632 0.091797 0.000000
0.174152 -1.254474 -0.282443 1.000000
0.382957 0.482355 0.044969 0.000000
0.360143 0.043612 -0.035236 0.000000
0.428380 -0.142575 -0.119991 0.000000
0.358932 0.485930 0.043198 0.000000
0.353925 0.080056 -0.006955 0.000000
0.090150 -0.272676 -0.202415 0.000000
0.409110 -0.105408 -0.097444 0.000000
0.328585 0.055185 0.007564 0.000000
0.455380 -0.009573 -0.004393 0.000000
0.215310 -1.029773 -0.110921 1.000000
0.387235 -0.028315 -0.057763 0.000000
0.328080 0.076441 0.059834 0.000000
0.255207 -0.439982 0.014397 0.000000
0.393332 0.296760 0.054568 0.000000
0.230767 -0.831626 0.011141 0.000000
0.111917 -0.559900 0.024101 0.000000
0.536999 0.052769 -0.004776 0.000000
0.203665 -0.403312 0.039432 0.000000
0.171259 -1.281389 0.036731 0.000000
0.269181 -0.400993 0.013508 0.000000
0.137505 -0.555157 0.044090 0.000000
0.443820 -0.246756 0.098926 0.000000
0.191242 -0.083407 -0.061056 0.000000
0.407780 0.205870 0.000191 0.000000
0.301833 -0.040431 0.036707 0.000000
0.135702 -1.224146 0.033682 0.000000
0.141392 -1.171443 0.041553 0.000000
0.121374 -1.252212 0.054223 0.000000
0.170599 -1.064126 0.027273 0.000000
0.162430 -1.330977 -0.343255 1.000000
-0.018119 -0.893703 0.016573 0.000000
0.322233 0.175579 0.056968 0.000000
0.171033 -1.173685 0.027381 0.000000
0.190577 -1.207033 0.021535 0.000000
0.528152 -0.396274 0.108639 0.000000
0.355572 0.464262 0.043710 0.000000
0.025388 -0.785965 0.025187 0.000000
0.310133 0.043901 0.047715 0.000000
0.174184 -1.301099 -0.324486 1.000000
0.191721 -1.052487 0.028328 0.000000
0.207281 -1.004853 -0.069229 1.000000
0.403351 -0.065703 -0.076981 0.000000
0.045511 -0.104574 -0.112707 0.000000
0.081912 -0.645874 0.028300 0.000000
-0.038188 -0.960382 0.005631 0.000000
0.278016 0.087705 -0.006431 0.000000
0.432870 0.048844 0.006178 0.000000
0.132961 -0.522714 0.024822 0.000000
0.341446 -0.097450 0.008395 0.000000
0.249167 0.020741 -0.019877 0.000000
0.288710 -0.183569 0.036305 0.000000
0.022272 -0.134679 -0.122067 0.000000
0.301610 0.151904 0.011213 0.000000
0.210638 -1.093277 -0.145122 1.000000
0.323206 0.041422 -0.011077 0.000000
0.120235 -0.593542 0.032612 0.000000
0.008219 -0.879672 -0.001300 0.000000
0.269496 -0.359707 0.013847 0.000000
0.169477 0.079120 -0.018935 0.000000
0.326737 0.106019 0.039435 0.000000
0.431769 0.223352 0.017038 0.000000
0.122713 0.012002 -0.050651 0.000000
0.494569 -0.099848 -0.038653 0.000000
0.218012 -0.873044 0.013843 0.000000
-0.030052 -0.939427 0.011599 0.000000
0.321719 0.097102 0.060470 0.000000
0.169038 -1.198179 0.057866 0.000000
0.567502 -0.005995 -0.029565 0.000000
0.328499 -0.055593 0.000065 0.000000
0.384340 -0.075433 0.067308 0.000000
0.282488 0.124405 -0.018077 0.000000
0.427283 0.028092 -0.015937 0.000000
0.409515 0.102152 0.003625 0.000000
0.579989 -0.034221 -0.035323 0.000000
0.216461 -0.948667 -0.026452 1.000000
0.087590 -0.665709 0.029294 0.000000
0.128843 -1.233001 0.057604 0.000000
0.339001 0.311783 0.016643 0.000000
0.209611 -1.025742 -0.089984 1.000000
0.188593 -1.207551 0.054992 0.000000
0.261409 -0.288682 0.016006 0.000000
0.175436 -0.159568 -0.095319 0.000000
0.540797 -0.420234 0.136407 0.000000
0.195254 -1.187753 -0.215886 1.000000
-0.066587 -1.031338 -0.009185 0.000000
0.485570 0.107201 -0.000895 0.000000
0.096412 -0.610638 0.028003 0.000000
0.190555 -1.224239 -0.229642 1.000000
0.288251 -0.218687 0.030002 0.000000
0.525233 -0.124109 -0.051318 0.000000
0.294661 0.276490 0.014764 0.000000
0.208329 0.145734 -0.004532 0.000000
0.476891 -0.068933 -0.026614 0.000000
0.172382 -0.471590 0.041531 0.000000
0.178841 -1.186602 0.040484 0.000000
0.366277 -0.030147 0.059788 0.000000
0.169221 -1.085054 0.022447 0.000000
0.428225 -0.207355 0.096828 0.000000
0.129404 -1.242709 0.037277 0.000000
0.261227 -0.532605 0.010537 0.000000
0.196595 -1.124239 0.034731 0.000000
0.355276 0.373963 0.034166 0.000000
0.198706 -1.087747 0.025969 0.000000
0.176587 -1.154778 0.026064 0.000000
0.160789 -1.217484 0.050188 0.000000
0.536983 -0.412860 0.114697 0.000000
0.350907 0.026284 0.062850 0.000000
0.235022 0.176732 0.008948 0.000000
0.020595 -0.847949 0.007219 0.000000
0.183529 -0.436666 0.032236 0.000000
0.208944 -1.053300 0.015345 0.000000
0.213299 -0.989091 -0.058870 1.000000
0.144136 -1.186638 0.057982 0.000000
0.659467 -0.110083 -0.069037 0.000000
0.234593 -0.798620 0.020862 0.000000
0.419765 0.256485 0.021593 0.000000
0.056904 -0.286803 -0.228174 0.000000
0.057189 -0.720051 0.027140 0.000000
0.246759 -0.663783 0.023618 0.000000
0.231542 -0.961552 -0.047641 1.000000
0.263234 -0.320944 0.022452 0.000000
0.271184 -0.428359 0.014360 0.000000
0.332028 -0.031168 0.015064 0.000000
0.415219 0.261264 0.083531 0.000000
0.411412 0.138538 -0.010242 0.000000
0.099675 -0.632324 0.030679 0.000000
0.411543 0.285282 0.022882 0.000000
0.025034 -0.300452 -0.244600 0.000000
0.563788 -0.440073 0.121502 0.000000
-0.080621 -1.065973 -0.015514 0.000000
0.653031 -0.497902 0.150015 0.000000
0.462194 -0.032634 -0.014720 0.000000
0.338420 0.279015 0.013635 0.000000
0.422896 0.063888 -0.001927 0.000000
0.370158 0.438664 0.030372 0.000000
0.125182 -1.277908 0.046063 0.000000
0.306269 -0.091165 0.045271 0.000000
0.229049 -0.764184 0.005041 0.000000
0.384699 -0.040660 0.088108 0.000000
0.191889 -1.115803 0.050981 0.000000
0.264775 0.105777 -0.018263 0.000000
0.047502 -0.752450 0.023646 0.000000
0.198539 -1.027635 0.027236 0.000000
0.415739 0.096563 -0.014891 0.000000
0.341589 0.099708 0.003828 0.000000
0.632577 -0.079939 -0.063055 0.000000
0.169589 -1.172460 0.048677 0.000000
0.250478 -0.595951 0.006480 0.000000
0.203859 -1.148655 -0.198715 1.000000
0.395710 0.166841 0.009685 0.000000
0.172981 -1.338499 -0.356886 1.000000
0.358230 0.006581 0.062518 0.000000
0.204141 -0.389532 0.026761 0.000000
0.408874 -0.148536 0.083451 0.000000
0.133582 0.028123 -0.045305 0.000000
0.265032 -0.470208 0.009752 0.000000
0.447257 0.203453 0.098701 0.000000
0.592505 -0.457773 0.140961 0.000000
0.180122 -1.311613 0.068278 0.000000
0.060221 -0.075871 -0.102361 0.000000
0.318299 0.177091 0.038905 0.000000
0.278032 -0.272700 0.034582 0.000000
0.391600 0.396861 0.036387 0.000000
0.188559 -1.204286 -0.247189 1.000000
0.242797 -0.320814 0.026260 0.000000
0.109488 -1.250463 0.036457 0.000000
0.328478 0.215299 0.014937 0.000000
0.612599 -0.058531 -0.051277 0.000000
0.029111 -0.814932 0.015273 0.000000
0.194084 -1.008314 0.037874 0.000000
0.334701 0.060250 0.065502 0.000000
0.188319 -1.277314 -0.303091 1.000000
0.205769 -0.094265 -0.064710 0.000000
0.323032 0.323151 0.042194 0.000000
0.332212 0.262077 0.053161 0.000000
0.317750 0.307777 0.031083 0.000000
0.622999 -0.480208 0.143240 0.000000
0.215560 -0.366774 0.024687 0.000000
-0.044305 -0.989095 -0.017704 0.000000
0.130756 -0.548298 0.028160 0.000000
0.413099 -0.119701 0.088970 0.000000
0.158242 -1.094833 0.036386 0.000000
0.244527 -0.645908 0.006081 0.000000
0.180280 0.101993 -0.020661 0.000000
0.451959 -0.228519 0.096320 0.000000
0.466467 0.142198 0.129147 0.000000
0.254602 -0.302576 0.035742 0.000000
0.201662 -0.906488 0.003180 1.000000
0.192702 -0.414269 0.027076 0.000000
0.477069 0.139291 0.019209 0.000000
0.140559 -1.152525 0.048013 0.000000
0.254961 -0.559138 0.025626 0.000000
0.677193 -0.517995 0.163792 0.000000
0.153607 -0.489508 0.022689 0.000000
0.195221 -0.141415 -0.087311 0.000000
0.243317 -0.318782 0.008344 0.000000
0.216735 -1.048158 -0.114292 1.000000
0.279215 -0.290969 0.028230 0.000000
0.184760 -1.075059 0.030420 0.000000
0.288635 -0.201434 0.040293 0.000000
0.194755 -1.015685 0.013603 0.000000
0.537523 -0.154078 -0.070837 0.000000
0.306041 0.168783 0.008370 0.000000
-0.046854 -0.980656 0.001714 0.000000
0.341474 0.347740 0.029368 0.000000
0.297092 -0.147762 0.026382 0.000000
0.338499 -0.068542 0.015925 0.000000
-0.009209 -0.914017 -0.001268 0.000000
0.391679 0.186503 0.013253 0.000000
0.576578 -0.197645 -0.113859 0.000000
0.197231 -1.075404 -0.129566 1.000000
0.363554 0.041609 -0.018152 0.000000
0.369416 -0.126246 0.010351 0.000000
0.454109 0.170528 0.110287 0.000000
0.545634 0.018413 -0.020629 0.000000
0.510917 0.082228 0.003398 0.000000
0.208919 -0.934083 -0.015735 1.000000
0.445096 -0.001012 -0.018473 0.000000
0.041431 -0.778720 0.024715 0.000000
0.165146 -0.464808 0.021136 0.000000
0.341672 0.409946 0.053386 0.000000
0.227305 0.175871 -0.015298 0.000000
0.190891 -1.258027 -0.288346 1.000000
-0.062577 -1.010854 -0.006355 0.000000
0.205496 -1.092015 -0.124382 1.000000
0.031439 -0.747756 0.029503 0.000000
0.172298 -1.264187 0.037964 0.000000
0.325970 0.013267 0.004529 0.000000
0.334910 0.379184 0.051443 0.000000
0.171156 -1.252234 0.056184 0.000000
0.220257 -0.906130 -0.000549 1.000000
0.594393 -0.028313 -0.042450 0.000000
0.332081 0.348700 0.048079 0.000000
0.287531 0.262135 0.020772 0.000000
0.389433 0.241727 0.017234 0.000000
0.460206 -0.256545 0.101199 0.000000
0.191077 -1.172707 0.050923 0.000000
0.257747 -0.515188 0.007250 0.000000
0.128104 0.044165 -0.050361 0.000000
0.387510 0.220830 0.015959 0.000000
0.236749 -0.736193 0.020995 0.000000
0.334031 0.157639 0.001140 0.000000
0.188862 -1.146487 0.034314 0.000000
0.162309 -1.370887 -0.373175 1.000000
0.145492 -1.170451 0.062735 0.000000
0.388396 -0.085052 0.083195 0.000000
0.182086 -1.030755 0.024934 0.000000
0.362957 0.359792 0.039094 0.000000
0.240227 -0.627266 0.022008 0.000000
0.208121 -0.052314 -0.051046 0.000000
0.190544 -1.005253 -0.067918 1.000000
0.317497 0.126381 0.039137 0.000000
0.260273 -0.346165 0.022981 0.000000
0.332733 -0.006681 -0.002972 0.000000
0.193087 -1.049391 -0.110664 1.000000
0.164501 -0.447821 0.020912 0.000000
0.114705 -0.578454 0.028276 0.000000
0.505563 -0.357180 0.108411 0.000000
0.266454 -0.440630 0.029765 0.000000
0.320361 0.198774 0.008624 0.000000
0.187060 -1.291156 -0.316151 1.000000
0.429889 -0.179485 0.095926 0.000000
0.252339 0.039766 -0.017816 0.000000
0.090235 -0.032081 -0.072666 0.000000
0.298840 -0.117175 0.030902 0.000000
0.503163 0.068789 0.177247 0.000000
0.182341 -0.446924 0.045172 0.000000
0.205948 -1.059104 0.034914 0.000000
0.326399 0.024196 -0.008185 0.000000
0.560493 -0.176193 -0.090139 0.000000
0.214864 -0.841252 0.013243 0.000000
0.177581 -1.196865 0.023863 0.000000
0.638241 -0.086823 -0.049204 0.000000
0.396663 0.364448 0.032905 0.000000
0.340108 0.245543 0.019615 0.000000
0.437866 0.037477 -0.007569 0.000000
0.172529 -1.227900 0.038999 0.000000
0.160596 -1.301727 0.038804 0.000000
0.518301 -0.384246 0.113893 0.000000
0.308894 -0.028137 0.047133 0.000000
0.135711 -1.219931 0.049533 0.000000
0.259801 0.072305 -0.016481 0.000000
0.077857 -0.697179 0.025797 0.000000
0.296919 -0.172307 0.023770 0.000000
0.473260 -0.283164 0.102336 0.000000
0.328893 -0.039139 0.000619 0.000000
0.441106 0.220098 0.098807 0.000000
0.196414 -1.036140 -0.085919 1.000000
0.226427 -0.919076 -0.008342 1.000000
0.325138 0.158504 0.057564 0.000000
0.300144 0.002414 0.041547 0.000000
0.194313 -1.000456 0.021165 0.000000
-0.071741 -1.051543 -0.014907 0.000000
0.200563 -1.191427 -0.231398 1.000000
0.123625 -1.185942 0.036052 0.000000
0.481594 -0.311047 0.108506 0.000000
0.165930 -1.315041 -0.331959 1.000000
0.399720 0.271519 0.015844 0.000000
0.097077 -0.010827 -0.065106 0.000000
0.686327 -0.128322 -0.069892 0.000000
0.140935 -1.209486 0.037876 0.000000
0.318180 0.034503 0.037399 0.000000
0.164723 -0.177428 -0.102822 0.000000
0.151971 0.058949 -0.034552 0.000000
0.241382 -0.684434 0.020909 0.000000
0.574237 -0.445467 0.144271 0.000000
0.164166 -1.233339 0.051550 0.000000
0.240044 -0.702401 0.024801 0.000000
0.211162 -1.044723 0.028678 0.000000
0.764438 -0.172626 -0.101795 0.000000
0.459977 0.160549 0.000500 0.000000
0.186408 -1.112806 0.024915 0.000000
0.223146 -0.009516 -0.039572 0.000000
-0.090215 -1.080997 -0.035714 0.000000
0.447964 0.189523 0.025222 0.000000
0.283965 -0.256704 0.027641 0.000000
0.162946 -0.201058 -0.122130 0.000000
0.159316 0.087236 -0.042835 0.000000
0.547476 -0.144868 -0.062584 0.000000
0.241088 -0.935190 -0.022457 1.000000
0.349802 0.463568 0.064536 0.000000
0.337598 0.188087 0.005327 0.000000
0.244250 -0.614138 0.009432 0.000000
0.522328 0.032286 0.222604 0.000000
0.216770 -0.974765 -0.047640 1.000000
0.257763 -0.456793 0.013620 0.000000
0.084994 -1.348814 0.085688 0.000000
0.110546 -0.605908 0.032998 0.000000
0.490625 -0.349678 0.122634 0.000000
0.518713 0.058786 -0.008473 0.000000
0.102024 -1.329972 0.038725 0.000000
0.740735 -0.157602 -0.087366 0.000000
0.456112 -0.183814 -0.141189 0.000000
0.000991 -0.860055 0.013007 0.000000
0.326136 0.238602 0.044850 0.000000
0.271241 -0.445805 0.014114 0.000000
0.141967 -0.225950 -0.131671 0.000000
0.512822 0.050289 0.199597 0.000000
0.165434 -1.154654 0.043595 0.000000
0.473904 0.121344 0.145710 0.000000
0.386890 0.302151 0.067593 0.000000
0.258384 -0.391142 0.018565 0.000000
0.159191 -0.213357 -0.136588 0.000000
-0.024065 -0.928957 -0.003030 0.000000
0.247887 0.052079 -0.026005 0.000000
0.319675 0.077249 0.044298 0.000000
0.713095 -0.145690 -0.078199 0.000000
0.232826 -0.818602 0.019141 0.000000
0.423121 -0.108536 -0.105156 0.000000
0.420318 -0.156755 0.089770 0.000000
0.501849 -0.343706 0.101932 0.000000
0.265644 -0.273620 0.025179 0.000000
0.542818 0.039018 -0.010608 0.000000
0.344717 0.406023 0.030004 0.000000
0.267486 -0.407756 0.027202 0.000000
0.216282 0.156596 -0.016748 0.000000
0.570890 -0.020692 -0.032367 0.000000
0.432400 -0.128123 -0.116839 0.000000
0.133078 -1.185815 0.069249 0.000000
0.156294 -1.166946 0.043125 0.000000
0.254236 -0.504824 0.018295 0.000000
0.190422 0.113418 -0.013526 0.000000
0.266544 -0.490939 0.020574 0.000000
0.205499 -1.138249 -0.164044 1.000000
0.427973 -0.156974 -0.124953 0.000000
0.373891 0.336978 0.043678 0.000000
0.183261 -1.092262 0.032369 0.000000
0.016471 -0.834987 0.015443 0.000000
0.303949 -0.075832 0.042859 0.000000
0.200499 -1.083613 0.047186 0.000000
0.278384 -0.204130 0.028419 0.000000
0.293841 0.147908 -0.010106 0.000000
-0.056652 -1.003239 -0.019829 0.000000
0.248216 -0.574368 0.010027 0.000000
0.489192 0.093356 0.167315 0.000000
0.025204 -0.799830 0.019224 0.000000
0.366096 0.025028 -0.036649 0.000000
0.398861 -0.109291 0.076508 0.000000
0.183822 -1.106619 0.041185 0.000000
0.350792 0.436638 0.041809 0.000000
0.274209 -0.222816 0.026620 0.000000
0.384103 0.012258 -0.034878 0.000000
0.284063 0.122436 -0.001670 0.000000
0.203897 -0.066898 -0.055758 0.000000
0.171500 -1.041849 0.030980 0.000000
0.315987 0.189040 0.052422 0.000000
0.063592 -0.701731 0.025915 0.000000
0.343112 0.217600 0.007590 0.000000
0.437047 0.206633 0.010896 0.000000
0.233964 -0.783697 0.021624 0.000000
0.468495 -0.205203 -0.148709 0.000000
0.226306 -0.031642 -0.040330 0.000000
0.339326 0.436878 0.053114 0.000000
0.072833 -0.032841 -0.075992 0.000000
0.144722 -0.515757 0.031038 0.000000
0.189240 -1.170370 0.024159 0.000000
0.435041 -0.169901 -0.127528 0.000000
0.300594 -0.093785 0.030349 0.000000
0.381024 -0.060972 0.068048 0.000000
0.254795 0.213401 0.015449 0.000000
0.328975 0.316503 0.054348 0.000000
0.258397 -0.548614 0.013892 0.000000
0.553528 0.003415 -0.027019 0.000000
0.299956 -0.148594 0.040886 0.000000
0.387718 0.261047 0.021266 0.000000
0.189198 -1.177499 -0.197783 1.000000
0.318771 0.054788 0.042236 0.000000
0.229724 -0.803944 0.007106 0.000000
0.346296 0.084101 -0.018888 0.000000
0.199499 -1.105709 0.029738 0.000000
0.159898 0.071051 -0.030798 0.000000
0.322278 0.252600 0.047029 0.000000
0.461824 -0.273629 0.105668 0.000000
0.413026 -0.134311 0.090331 0.000000
0.503049 -0.090858 -0.030153 0.000000
0.160000 -0.477507 0.028095 0.000000
0.186040 -1.217647 0.034416 0.000000
0.210516 -0.946647 0.020539 0.000000
0.275004 -0.244562 0.022388 0.000000
0.191251 -1.252994 -0.274229 1.000000
-0.033628 -0.959533 -0.008175 0.000000
0.235090 0.024666 -0.032226 0.000000
0.152079 -1.376541 -0.386524 1.000000
0.187375 -1.291884 -0.301636 1.000000
0.418866 -0.093066 -0.096627 0.000000
0.075885 -0.674413 0.031468 0.000000
0.339929 -0.083197 0.012124 0.000000
0.429349 0.237344 0.014198 0.000000
0.220081 -0.894217 0.007680 0.000000
0.416318 0.271998 0.019751 0.000000
0.348106 0.489146 0.062414 0.000000
0.300512 -0.061772 0.030701 0.000000
0.232084 -0.749853 0.021719 0.000000
0.254352 -0.489975 0.012527 0.000000
0.151541 -1.222592 0.040375 0.000000
0.390965 0.291208 0.022649 0.000000
0.571760 0.007351 -0.026280 0.000000
0.210494 -1.013875 -0.079964 1.000000
0.248569 -0.524677 0.022417 0.000000
-0.006200 -0.886194 0.009086 0.000000
0.399037 0.194976 0.004299 0.000000
0.258557 -0.535703 0.025957 0.000000
0.347895 0.451649 0.043319 0.000000
0.347756 0.036890 0.050181 0.000000
0.288048 -0.186320 0.021843 0.000000
0.335162 0.346306 0.061850 0.000000
0.202706 -1.145751 -0.179952 1.000000
0.380930 -0.048531 0.076547 0.000000
0.195044 -0.973680 -0.039122 1.000000
-0.064548 -1.030810 -0.024799 0.000000
0.241590 -0.660860 0.006025 0.000000
0.415435 0.087960 -0.003607 0.000000
0.223638 -0.957552 -0.036561 1.000000
0.268724 0.225259 0.013340 0.000000
0.331978 0.089348 -0.005578 0.000000
0.155354 -0.500522 0.032991 0.000000
0.227421 -0.355427 0.023069 0.000000
0.324977 0.211019 0.054053 0.000000
0.311276 0.172911 -0.004055 0.000000
0.396924 0.214139 0.007894 0.000000
0.315718 0.144233 0.044670 0.000000
0.409504 0.117492 0.004472 0.000000
0.205253 -1.080299 -0.142718 1.000000
0.217920 -0.826330 0.013262 0.000000
-0.094078 -1.094606 -0.034975 0.000000
0.332347 -0.017628 0.011351 0.000000
0.471259 -0.298066 0.108869 0.000000
0.332648 0.293999 0.048974 0.000000
0.345244 0.383534 0.032353 0.000000
0.352497 0.356229 0.028079 0.000000
0.198426 -1.124161 -0.169392 1.000000
0.470715 0.132691 0.003105 0.000000
0.307539 -0.047051 0.047593 0.000000
-0.016932 -0.906980 0.007985 0.000000
0.137972 -1.202223 0.066381 0.000000
0.442893 -0.166449 -0.139249 0.000000
0.303914 0.296950 0.046861 0.000000
0.275986 -0.326262 0.024272 0.000000
0.029242 -0.111380 -0.110146 0.000000
0.478898 -0.220671 -0.147751 0.000000
0.218918 -0.996914 -0.068860 1.000000
0.187014 -1.206076 -0.227047 1.000000
0.334569 0.410132 0.065284 0.000000
0.327721 0.186505 0.045508 0.000000
0.187600 -1.044230 0.039038 0.000000
0.269025 -0.393999 0.027111 0.000000
0.228693 -0.866750 0.007686 0.000000
0.331531 0.223279 0.053866 0.000000
0.236967 0.191328 0.014588 0.000000
0.405370 0.166494 -0.001161 0.000000
0.180614 -1.166015 0.033980 0.000000
0.404801 0.291334 0.033242 0.000000
0.155818 -1.144948 0.045250 0.000000
0.235624 -0.726760 0.006163 0.000000
0.396424 -0.095525 0.079367 0.000000
0.155006 -1.204109 0.044866 0.000000
0.437721 -0.198171 0.093145 0.000000
0.313665 0.104893 0.043380 0.000000
0.366450 -0.016251 0.064877 0.000000
0.612894 -0.044914 -0.052581 0.000000
0.229044 -0.987303 -0.066230 1.000000
0.350089 -0.109948 0.008772 0.000000
0.212082 -1.031166 0.030172 0.000000
0.551574 -0.429474 0.132800 0.000000
0.270455 -0.414738 0.013490 0.000000
0.175383 -1.327775 -0.347606 1.000000
0.195956 -1.119894 -0.183773 1.000000
0.285419 -0.169574 0.030529 0.000000
0.124169 -0.560206 0.030033 0.000000
0.405701 0.125317 -0.006186 0.000000
0.196093 -1.140051 -0.191581 1.000000
0.618600 -0.470236 0.151386 0.000000
0.351394 -0.093806 0.020390 0.000000
0.524930 0.047441 -0.012643 0.000000
0.201785 -1.074671 0.031576 0.000000
0.460851 0.163714 0.014554 0.000000
0.401277 0.143951 0.009853 0.000000
0.456078 -0.020217 -0.012896 0.000000
0.036882 -0.096435 -0.106182 0.000000
0.362886 -0.131867 -0.001901 0.000000
0.126790 -1.252675 0.066593 0.000000
0.256837 -0.463724 0.025154 0.000000
0.509616 -0.373786 0.116524 0.000000
0.394832 0.336747 0.035688 0.000000
0.449496 0.002323 -0.002140 0.000000
0.186366 -1.202519 0.034287 0.000000
0.190884 -1.156214 0.020915 0.000000
0.414138 0.258430 0.070437 0.000000
0.418911 -0.176296 0.088856 0.000000
0.071562 -0.053088 -0.087112 0.000000
0.207057 -0.995246 0.019099 0.000000
0.223910 -0.775929 0.012696 0.000000
0.267780 -0.423688 0.027152 0.000000
0.175468 -0.438406 0.021713 0.000000
0.213470 -0.972022 0.018737 0.000000
0.190348 -1.137270 0.043877 0.000000
0.227570 -0.941332 -0.025439 1.000000
0.167490 -1.194533 0.036218 0.000000
0.485387 -0.323699 0.110330 0.000000
0.202958 -0.982020 -0.046982 1.000000
0.141187 -0.234177 -0.148748 0.000000
0.229940 -0.345443 0.032133 0.000000
0.340841 0.055615 0.054587 0.000000
0.391430 0.310489 0.025671 0.000000
0.386939 0.421180 0.042512 0.000000
0.335504 0.075014 0.046772 0.000000
0.334032 0.378594 0.064657 0.000000
0.042600 -0.765815 0.021018 0.000000
0.130557 -0.585811 0.035429 0.000000
0.172329 -1.211918 0.053223 0.000000
0.202036 -0.403724 0.026375 0.000000
0.399062 0.306456 0.036467 0.000000
0.509895 -0.100504 -0.035882 0.000000
0.269369 -0.298926 0.020888 0.000000
0.238435 -0.708961 0.008431 0.000000
0.129833 -0.535464 0.025528 0.000000
0.479437 -0.080821 -0.031531 0.000000
0.151918 -0.200660 -0.114020 0.000000
0.251846 0.065051 -0.023967 0.000000
-0.001903 -0.857346 0.025499 0.000000
0.498463 -0.328444 0.104969 0.000000
0.185830 -0.132451 -0.081641 0.000000
0.187051 -1.180375 -0.222898 1.000000
0.311991 -0.010421 0.032395 0.000000
0.324991 0.066657 -0.001134 0.000000
0.260206 -0.371050 0.021158 0.000000
0.111945 0.020308 -0.057048 0.000000
-0.085510 -1.075147 -0.023372 0.000000
0.054091 -0.734156 0.027203 0.000000
0.196431 -1.212367 -0.240683 1.000000
0.305255 0.032126 0.041675 0.000000
0.268268 0.079091 -0.006471 0.000000
0.420615 -0.135157 -0.112717 0.000000
0.267612 -0.517413 0.015373 0.000000
0.186023 -0.152208 -0.093959 0.000000
0.241833 0.011390 -0.026731 0.000000
0.144037 -1.183613 0.045115 0.000000
0.189999 -1.045425 0.013781 0.000000
0.365564 0.345450 0.037974 0.000000
-0.077298 -1.054824 -0.029298 0.000000
0.308742 -0.008917 0.045177 0.000000
0.241761 -0.682823 0.007968 0.000000
0.396917 -0.036540 -0.059936 0.000000
0.330650 0.220862 0.003520 0.000000
0.444886 0.191628 0.012900 0.000000
0.378521 -0.003882 -0.040402 0.000000
0.532004 -0.411284 0.133568 0.000000
0.489181 -0.071104 -0.019922 0.000000
0.391516 -0.072177 0.082758 0.000000
0.325735 0.044187 0.001584 0.000000
0.360275 -0.116771 0.012552 0.000000
0.173656 -1.326402 -0.334505 1.000000
0.227209 -0.840764 0.019397 0.000000
0.213145 -0.855271 0.014434 0.000000
0.202533 -0.998313 0.030753 0.000000
0.184962 -1.130699 0.032839 0.000000
0.177295 -1.242778 -0.275899 1.000000
0.137089 -0.560470 0.032517 0.000000
0.346074 0.089497 -0.003626 0.000000
0.343829 0.425246 0.060574 0.000000
0.347805 0.311243 0.025762 0.000000
0.200280 0.132503 -0.014640 0.000000
0.243896 -0.637710 0.015736 0.000000
0.211699 -0.038804 -0.048288 0.000000
0.077648 -0.657761 0.027311 0.000000
0.307505 0.012286 0.038636 0.000000
-0.050966 -0.980427 -0.010237 0.000000
0.477945 -0.059546 -0.018235 0.000000
0.255427 -0.294977 0.025165 0.000000
0.138044 -1.198848 0.044017 0.000000
0.141016 -1.157352 0.032309 0.000000
0.180652 -1.140255 0.025556 0.000000
0.169634 -0.186557 -0.112520 0.000000
0.403617 -0.090355 0.088531 0.000000
0.080737 -0.279204 -0.207650 0.000000
0.185737 -0.426684 0.024867 0.000000
0.184153 -1.263430 0.058365 0.000000
0.211631 -1.036729 -0.084258 1.000000
0.321889 -0.011877 -0.006550 0.000000
0.173409 -1.302787 0.062179 0.000000
0.173547 -1.218516 0.029909 0.000000
0.267883 0.091270 -0.012873 0.000000
0.323745 0.209655 0.003193 0.000000
0.176668 -1.053924 0.023315 0.000000
0.218428 -0.924956 0.016113 0.000000
0.254679 -0.607853 0.012271 0.000000
0.298604 0.282247 0.030496 0.000000
0.144930 -1.156519 0.061364 0.000000
0.438228 -0.214714 0.095604 0.000000
0.277971 -0.185796 0.029158 0.000000
0.310965 0.005505 0.049139 0.000000
0.431985 0.220176 0.085112 0.000000
0.247205 -0.597437 0.020519 0.000000
0.192764 -1.040347 0.025845 0.000000
0.327211 0.075349 -0.012088 0.000000
0.415832 0.093048 0.009246 0.000000
0.209106 -0.392188 0.040389 0.000000
0.001992 -0.874791 0.008273 0.000000
0.272474 -0.234915 0.029788 0.000000
0.332564 0.101748 -0.005348 0.000000
0.233281 -0.001438 -0.033079 0.000000
0.325331 0.354195 0.056907 0.000000
0.306626 -0.051751 0.035138 0.000000
0.166928 -1.356322 -0.367716 1.000000
0.228632 -0.344951 0.014730 0.000000
0.230338 0.176516 -0.002493 0.000000
0.324344 0.118750 0.046037 0.000000
0.275600 0.097699 0.000422 0.000000
0.195272 -1.111988 0.039728 0.000000
0.497119 0.076346 0.184913 0.000000
0.269389 -0.362463 0.025865 0.000000
0.295095 -0.084469 0.038002 0.000000
0.156118 -1.106646 0.032672 0.000000
0.118391 -0.548567 0.026513 0.000000
0.220232 -0.367461 0.040821 0.000000
0.402979 -0.076611 -0.082705 0.000000
0.270574 0.235216 0.021257 0.000000
0.201030 -1.059558 0.023366 0.000000
0.191039 -1.141512 0.019092 0.000000
0.165053 -1.176801 0.038105 0.000000
0.179886 -1.171990 0.055962 0.000000
0.259155 -0.431543 0.023295 0.000000
0.322463 0.199988 0.045879 0.000000
0.389563 0.308153 0.051970 0.000000
0.298030 0.154887 -0.000670 0.000000
0.224531 -0.968381 -0.055190 1.000000
0.522880 -0.394081 0.119596 0.000000
0.330219 0.086850 0.053738 0.000000
0.052128 -0.081410 -0.092851 0.000000
0.145613 -1.165317 0.051280 0.000000
0.222713 -0.795199 0.013494 0.000000
0.336042 0.291278 0.017306 0.000000
0.175993 -1.292925 0.032562 0.000000
0.500566 0.092820 0.002527 0.000000
0.181692 -1.178027 0.031500 0.000000
0.014338 -0.139108 -0.130229 0.000000
0.514143 -0.395134 0.128327 0.000000
0.373325 -0.040881 0.070824 0.000000
0.163835 0.082608 -0.032479 0.000000
0.567504 -0.442147 0.134644 0.000000
0.373720 0.017227 -0.029037 0.000000
0.342513 0.342282 0.018510 0.000000
0.122484 -0.609159 0.036348 0.000000
0.212348 -1.040770 -0.105559 1.000000
0.403597 -0.055783 -0.068417 0.000000
0.209106 -0.377036 0.023821 0.000000
-0.043558 -0.969392 -0.001411 0.000000
0.449963 -0.197318 0.092486 0.000000
0.325462 0.053100 -0.007016 0.000000
-0.033491 -0.937731 0.000105 0.000000
0.327879 0.173318 0.046518 0.000000
0.497540 -0.349125 0.112745 0.000000
0.265822 -0.507120 0.021411 0.000000
0.096101 -0.272691 -0.191917 0.000000
0.113456 -0.258917 -0.180758 0.000000
0.530304 -0.403534 0.118610 0.000000
0.186862 -0.414547 0.016530 0.000000
0.361088 0.051449 -0.025116 0.000000
0.404554 0.138021 -0.000117 0.000000
0.184980 -1.119021 0.035818 0.000000
0.213182 -0.902975 0.012256 0.000000
0.351133 0.475461 0.043845 0.000000
0.648226 -0.490228 0.157953 0.000000
0.190369 -1.186387 0.043944 0.000000
0.277971 -0.288789 0.016466 0.000000
0.385811 0.446990 0.043873 0.000000
0.168291 -1.053973 0.033291 0.000000
0.224766 -0.754709 0.013509 0.000000
0.177499 -1.197470 0.045476 0.000000
0.204348 -1.052296 -0.107661 1.000000
0.213239 -0.884557 0.005804 0.000000
0.060599 -0.753826 0.021357 0.000000
0.087602 -0.635341 0.027941 0.000000
0.343552 0.241005 0.008656 0.000000
0.418890 0.074940 -0.004165 0.000000
0.192406 -1.199725 -0.236383 1.000000
0.188242 -1.219218 0.020201 0.000000
0.174208 -1.284097 0.059886 0.000000
0.434434 -0.151736 0.092798 0.000000
0.496078 -0.267848 -0.153426 0.000000
0.169674 -1.296883 -0.314296 1.000000
-0.104449 -1.118041 -0.033107 0.000000
0.287849 -0.142215 0.031404 0.000000
0.434877 0.217062 0.026640 0.000000
0.400089 0.283679 0.020130 0.000000
0.228481 -0.733987 0.012742 0.000000
0.192239 -1.063761 0.032057 0.000000
0.269318 -0.388798 0.013584 0.000000
0.267713 -0.337076 0.027627 0.000000
0.352713 0.433485 0.030531 0.000000
0.302457 -0.109188 0.041583 0.000000
0.312317 0.062777 0.049162 0.000000
0.241774 -0.740569 0.010862 0.000000
0.326693 0.153078 0.045010 0.000000
0.265105 -0.485008 0.010435 0.000000
0.486419 -0.246444 -0.152194 0.000000
0.024096 -0.123711 -0.118063 0.000000
-0.093930 -1.102364 -0.026069 0.000000
0.336145 0.451172 0.057874 0.000000
0.160132 -1.339888 -0.355348 1.000000
0.276582 -0.260879 0.019429 0.000000
0.092754 -0.625500 0.023959 0.000000
0.037283 -0.788425 0.019178 0.000000
0.199622 -1.114622 0.018990 0.000000
0.284097 -0.274470 0.024638 0.000000
0.359853 0.005454 0.075269 0.000000
0.006699 -0.833185 0.021761 0.000000
0.324952 0.100096 0.049446 0.000000
0.248689 -0.311767 0.030878 0.000000
0.655908 -0.105426 -0.058865 0.000000
0.285911 0.132109 -0.009909 0.000000
0.178821 -1.274890 0.020667 0.000000
0.199130 -1.095165 -0.143929 1.000000
0.230085 -0.815651 0.007579 0.000000
0.403194 0.278331 0.064535 0.000000
0.132765 -0.508623 0.023051 0.000000
0.225463 0.169632 0.007678 0.000000
0.196669 -1.134173 -0.176833 1.000000
0.413992 -0.115794 -0.102698 0.000000
0.191821 -1.172820 -0.208169 1.000000
0.383664 -0.017901 -0.053899 0.000000
0.444782 0.182550 0.101105 0.000000
0.150116 -0.523390 0.038373 0.000000
0.332633 -0.047702 0.007599 0.000000
0.113424 -0.615273 0.026677 0.000000
0.437546 0.024057 -0.006145 0.000000
0.126163 -0.249015 -0.162005 0.000000
0.341032 0.324119 0.016005 0.000000
0.243134 -0.653911 0.015546 0.000000
0.486087 -0.089920 -0.034466 0.000000
0.070134 -0.648986 0.028766 0.000000
0.253150 -0.619596 0.022024 0.000000
0.308994 0.303896 0.038805 0.000000
0.495108 0.111630 0.011107 0.000000
0.539289 -0.417610 0.125052 0.000000
0.418750 0.248338 0.029818 0.000000
0.237010 -0.778225 0.011837 0.000000
0.333755 -0.063865 0.006412 0.000000
0.343785 0.394622 0.036519 0.000000
0.354573 0.410622 0.034051 0.000000
0.454184 -0.240773 0.098494 0.000000
0.316340 0.033034 0.048751 0.000000
0.286705 0.257640 0.031420 0.000000
0.023390 -0.824447 0.018760 0.000000
0.225727 -0.969597 -0.041665 1.000000
0.239480 -0.919417 -0.003418 1.000000
0.177388 -1.187772 0.053275 0.000000
0.094683 -0.021522 -0.071125 0.000000
0.244606 -0.585316 0.010793 0.000000
0.393991 0.292669 0.066298 0.000000
0.197717 -1.157558 -0.194696 1.000000
0.078922 -0.684930 0.027835 0.000000
0.412635 0.259176 0.031180 0.000000
0.276443 0.115226 -0.014600 0.000000
0.174514 -1.236005 0.055837 0.000000
0.397801 0.321261 0.037268 0.000000
0.407308 0.097772 -0.006785 0.000000
0.334251 0.400895 0.053593 0.000000
0.390473 -0.085079 0.071886 0.000000
0.339897 0.462069 0.058941 0.000000
0.095820 -0.673146 0.032205 0.000000
0.354668 0.016426 0.067331 0.000000
0.315576 0.169166 0.048096 0.000000
0.089425 -0.654420 0.029944 0.000000
0.440894 -0.235724 0.099832 0.000000
0.317286 0.107335 0.054554 0.000000
0.203199 -1.041459 0.011374 0.000000
0.249113 -0.572282 0.021235 0.000000
0.237699 -0.757538 0.015382 0.000000
0.286221 -0.246605 0.021551 0.000000
0.437940 -0.144487 -0.125958 0.000000
0.202496 -0.082791 -0.062950 0.000000
0.286152 -0.193730 0.031778 0.000000
0.279756 -0.247224 0.036074 0.000000
0.222042 0.165926 -0.013495 0.000000
0.138508 -0.541541 0.033542 0.000000
0.403970 -0.118929 0.082198 0.000000
0.627689 -0.476384 0.154451 0.000000
0.328561 0.233777 0.058646 0.000000
0.124036 0.023253 -0.051788 0.000000
0.167160 -0.167262 -0.096622 0.000000
0.346673 0.279256 0.021450 0.000000
0.270303 -0.283946 0.025961 0.000000
0.132911 -1.164813 0.035057 0.000000
0.383532 0.494155 0.047047 0.000000
0.223212 -0.883969 0.011408 0.000000
0.237120 -0.330626 0.026518 0.000000
0.666363 -0.112557 -0.060384 0.000000
0.102222 -0.601162 0.025787 0.000000
0.197018 -1.016539 0.025572 0.000000
0.160133 -1.318938 -0.340865 1.000000
0.335847 0.132242 -0.001778 0.000000
0.184356 -1.278812 0.061116 0.000000
0.239412 0.186069 0.004304 0.000000
0.485560 -0.339076 0.121166 0.000000
0.394090 -0.057156 -0.074423 0.000000
0.366444 0.036912 -0.028666 0.000000
0.400107 0.242215 0.013548 0.000000
0.108988 -0.008980 -0.059272 0.000000
0.118154 -1.242699 0.038034 0.000000
0.199773 -1.003700 0.011851 0.000000
0.344343 0.254058 0.012965 0.000000
0.229706 -0.890894 0.002874 1.000000
0.183046 -1.197167 0.055769 0.000000
0.448970 -0.252233 0.107281 0.000000
0.286605 -0.227340 0.023041 0.000000
0.261915 -0.448672 0.020153 0.000000
0.325661 0.000563 0.001852 0.000000
0.207023 -1.022461 0.022038 0.000000
0.231524 -0.699483 0.013979 0.000000
0.301250 -0.029266 0.039021 0.000000
0.257548 -0.582764 0.014699 0.000000
0.422665 0.245956 0.082980 0.000000
0.190086 -1.220181 -0.253763 1.000000
0.025254 -0.775169 0.028130 0.000000
0.151319 -1.176189 0.039345 0.000000
0.667474 -0.117638 -0.070825 0.000000
0.603281 -0.058318 -0.045165 0.000000
0.270735 -0.463187 0.016263 0.000000
0.463964 0.168351 0.115004 0.000000
0.192039 -1.245968 -0.264487 1.000000
0.217161 0.153787 -0.003189 0.000000
0.224998 -0.976030 -0.064512 1.000000
0.182133 -1.043158 0.027584 0.000000
0.202680 -1.084674 -0.132823 1.000000
0.190844 -1.190324 -0.226125 1.000000
0.194621 -0.097353 -0.066448 0.000000
0.264818 -0.478056 0.019100 0.000000
0.419449 -0.146118 0.086747 0.000000
0.512388 -0.121917 -0.048217 0.000000
0.296970 -0.055599 0.039174 0.000000
0.261059 -0.422364 0.012857 0.000000
0.094110 -0.644111 0.029673 0.000000
0.206365 -1.022292 0.033460 0.000000
0.149703 -1.157483 0.042439 0.000000
0.384094 0.469255 0.047620 0.000000
0.066360 -0.069973 -0.091373 0.000000
0.346497 0.035720 0.067421 0.000000
0.327391 0.365065 0.053218 0.000000
0.236542 -0.032417 -0.036360 0.000000
0.149290 -1.145709 0.054075 0.000000
0.209236 0.143569 -0.015276 0.000000
0.309355 0.073095 0.043531 0.000000
0.318849 0.322779 0.052347 0.000000
0.109369 -1.293232 0.037592 0.000000
-0.063110 -1.020225 -0.012045 0.000000
0.317298 0.129871 0.049853 0.000000
0.467334 0.143232 0.004896 0.000000
0.268116 -0.309586 0.018695 0.000000
0.207250 -1.132051 -0.172903 1.000000
0.471734 -0.235515 -0.150339 0.000000
0.399975 0.155280 0.009974 0.000000
0.150471 -0.219743 -0.134875 0.000000
0.396724 0.177448 0.007208 0.000000
0.167480 -0.469570 0.031963 0.000000
0.181703 -1.176486 0.043495 0.000000
0.171120 -1.335895 0.064289 0.000000
0.636415 -0.091460 -0.058929 0.000000
0.462165 -0.041568 -0.021661 0.000000
0.320199 0.149312 0.053235 0.000000
0.198258 -1.085554 0.036678 0.000000
0.213490 -1.013810 -0.069237 1.000000
0.144150 -0.484198 0.021634 0.000000
0.123326 -1.273256 0.036394 0.000000
0.454524 -0.028227 -0.021068 0.000000
0.294204 0.144883 0.007423 0.000000
0.237967 -0.674113 0.021485 0.000000
0.117916 -1.239739 0.075000 0.000000
0.217945 -0.056367 -0.048697 0.000000
0.131138 -1.193310 0.032767 0.000000
0.218014 -0.985413 -0.049464 1.000000
0.429652 0.229386 0.025818 0.000000
0.220736 -0.949614 0.018397 0.000000
-0.012320 -0.897215 0.006896 0.000000
0.192440 -1.032795 0.034579 0.000000
0.227459 -0.869701 0.018053 0.000000
0.450015 -0.010503 -0.013773 0.000000
0.222732 -0.020305 -0.040545 0.000000
0.435587 0.022667 -0.020306 0.000000
0.212495 -1.032863 -0.098151 1.000000
0.266738 0.232360 0.004947 0.000000
0.195039 -0.966537 -0.030982 1.000000
0.257524 -0.401698 0.020804 0.000000
-0.055003 -0.991955 -0.012767 0.000000
0.600207 -0.459203 0.148403 0.000000
0.171954 -1.185943 0.031427 0.000000
0.337992 0.068874 0.055296 0.000000
-0.030223 -0.929415 0.007566 0.000000
0.189403 -1.010063 0.021482 0.000000
0.443908 0.193208 0.098278 0.000000
0.326509 0.270811 0.050440 0.000000
-0.071475 -1.040779 -0.015219 0.000000
0.470139 0.151488 0.124331 0.000000
0.245508 -0.670466 0.008907 0.000000
0.168285 -1.202811 0.048180 0.000000
0.207651 -1.123247 -0.162169 1.000000
0.428327 0.039289 -0.014638 0.000000
0.456825 -0.209904 -0.146887 0.000000
0.326787 -0.014009 0.002905 0.000000
0.192796 -1.090923 0.045599 0.000000
0.326444 0.186141 0.056933 0.000000
0.233942 -0.688377 0.012771 0.000000
0.266769 -0.329768 0.017504 0.000000
0.208348 -0.943824 -0.020164 1.000000
0.522368 -0.115391 -0.045791 0.000000
0.247422 0.031079 -0.022074 0.000000
0.047814 -0.783116 0.017336 0.000000
0.637288 -0.491464 0.146562 0.000000
0.312989 0.025111 0.036576 0.000000
0.102255 -0.579515 0.026592 0.000000
0.368955 -0.016820 0.075254 0.000000
0.183071 -1.192326 0.031827 0.000000
0.153204 -1.287735 0.054795 0.000000
0.253080 -0.494040 0.022315 0.000000
0.475411 -0.049805 -0.010990 0.000000
0.018371 -0.301275 -0.254189 0.000000
0.243392 -0.324437 0.037885 0.000000
0.192785 -1.115210 -0.165050 1.000000
0.386310 -0.067596 0.074463 0.000000
0.199788 -1.097310 0.021463 0.000000
0.344925 0.399843 0.053921 0.000000
0.268914 -0.281702 0.013065 0.000000
0.195051 -1.088794 -0.125400 1.000000
0.409703 -0.094660 -0.089988 0.000000
0.179567 -1.283106 -0.301757 1.000000
0.159666 -1.241864 0.047199 0.000000
0.429790 0.044195 -0.002794 0.000000
0.046802 -0.741930 0.023022 0.000000
0.409752 0.282008 0.033443 0.000000
0.184177 -1.241474 0.057443 0.000000
0.243232 -0.710614 0.018982 0.000000
0.370707 -0.026706 0.068771 0.000000
0.385359 0.003260 -0.044058 0.000000
0.657560 -0.497909 0.159532 0.000000
0.265112 -0.437846 0.017307 0.000000
0.602386 -0.034166 -0.046039 0.000000
0.496632 0.066064 0.187353 0.000000
0.287333 -0.208485 0.032434 0.000000
0.201763 -1.048296 0.021194 0.000000
0.171940 -1.218035 0.044670 0.000000
0.311540 0.042371 0.035250 0.000000
0.355390 0.383451 0.029586 0.000000
0.155510 -1.115198 0.023720 0.000000
0.470394 -0.225799 -0.156563 0.000000
0.216376 -0.927299 -0.012775 1.000000
0.310978 -0.023221 0.038091 0.000000
0.400565 0.314376 0.029065 0.000000
0.037045 -0.109858 -0.117943 0.000000
0.002390 -0.888718 0.001267 0.000000
0.513865 0.070531 -0.003105 0.000000
0.457069 0.168826 0.006235 0.000000
0.165304 -1.257114 0.034701 0.000000
0.197366 -0.074533 -0.058659 0.000000
0.229924 -0.808258 0.016625 0.000000
0.199961 -0.399073 0.017248 0.000000
0.192603 0.126117 -0.026291 0.000000
0.339870 0.343560 0.052748 0.000000
0.295710 -0.122408 0.039367 0.000000
0.166586 -0.479938 0.036989 0.000000
0.433708 -0.188347 0.092032 0.000000
0.232503 -0.709151 0.017698 0.000000
0.255491 -0.468342 0.013460 0.000000
0.317651 0.092537 0.051552 0.000000
0.217767 -0.937027 -0.020340 1.000000
0.470420 -0.060868 -0.025521 0.000000
0.368048 0.336514 0.052488 0.000000
0.332321 0.245936 0.049418 0.000000
0.336700 0.208507 0.010996 0.000000
0.177531 -0.444791 0.029812 0.000000
0.203537 -1.115263 -0.171000 1.000000
0.088815 -0.677877 0.026180 0.000000
0.354350 0.017823 0.057052 0.000000
0.251794 -0.536980 0.012894 0.000000
0.315131 0.191102 0.013253 0.000000
0.583805 -0.452698 0.138375 0.000000
0.204492 -1.037519 0.021414 0.000000
0.269909 -0.369582 0.017835 0.000000
0.076307 -0.056321 -0.078492 0.000000
0.360727 -0.002669 0.055207 0.000000
0.345728 0.371186 0.031300 0.000000
0.182231 -1.227374 0.035445 0.000000
0.212281 -0.386028 0.032084 0.000000
0.125726 0.033228 -0.049656 0.000000
0.450811 -0.217495 0.100642 0.000000
0.270364 -0.279469 0.035994 0.000000
0.353999 0.024773 0.075979 0.000000
0.404263 0.215571 0.000239 0.000000
0.201724 -1.046719 0.032332 0.000000
0.392377 0.369961 0.040496 0.000000
0.292669 -0.156734 0.028886 0.000000
0.449066 -0.191453 -0.140542 0.000000
0.181438 -1.253954 -0.289714 1.000000
0.299399 -0.105887 0.031752 0.000000
0.333441 0.241688 0.012775 0.000000
0.180478 -0.166896 -0.101988 0.000000
0.270456 -0.348875 0.018239 0.000000
0.234782 -0.956124 -0.039518 1.000000
0.288719 -0.228874 0.032997 0.000000
0.118987 -0.569193 0.026994 0.000000
0.222172 -0.846090 0.007867 0.000000
0.626585 -0.073145 -0.058192 0.000000
0.243107 -0.615528 0.019551 0.000000
0.187373 -1.102580 0.025260 0.000000
0.217654 -0.974301 -0.037386 1.000000
0.396423 0.355529 0.038109 0.000000
0.275255 -0.317331 0.019245 0.000000
0.272252 0.100305 -0.010677 0.000000
0.328069 0.301652 0.054072 0.000000
0.389787 0.406614 0.040856 0.000000
0.238355 -0.928433 -0.015224 1.000000
0.229696 -0.909486 -0.003339 1.000000
0.342295 0.362655 0.051537 0.000000
0.337555 0.110573 -0.000579 0.000000
0.246564 -0.551309 0.020571 0.000000
0.567335 -0.179910 -0.097176 0.000000
0.400227 -0.086007 0.079822 0.000000
0.218606 -0.373604 0.032020 0.000000
0.341739 0.437409 0.063069 0.000000
0.320325 0.032162 -0.006019 0.000000
0.341406 0.270766 0.018926 0.000000
0.332534 0.388484 0.056918 0.000000
0.292599 0.271613 0.024048 0.000000
0.207508 -0.385286 0.017986 0.000000
0.504856 -0.364745 0.115255 0.000000
0.260479 -0.524112 0.018345 0.000000
0.580320 -0.023878 -0.034702 0.000000
0.502602 -0.110975 -0.036910 0.000000
0.096676 -0.661367 0.031859 0.000000
0.046766 -0.094004 -0.105299 0.000000
0.190790 -1.017780 0.035915 0.000000
0.055066 -0.071738 -0.094580 0.000000
0.241218 -0.623821 0.010415 0.000000
0.263571 0.081702 -0.015407 0.000000
0.214467 -0.088301 -0.060585 0.000000
0.342447 0.152063 -0.000161 0.000000
0.514346 0.052027 0.209900 0.000000
0.428060 0.054923 -0.000414 0.000000
0.163733 -1.373037 -0.387524 1.000000
0.327481 0.141139 0.042513 0.000000
0.191409 -1.122360 0.021616 0.000000
0.175347 -0.150969 -0.089903 0.000000
0.056330 -0.709421 0.028633 0.000000
0.486744 -0.305591 0.098049 0.000000
0.167069 -1.092470 0.029050 0.000000
0.134286 -1.224769 0.060017 0.000000
0.246194 0.195614 0.005580 0.000000
0.155883 -1.126619 0.048415 0.000000
0.058507 -0.693896 0.029837 0.000000
0.192306 -1.096665 0.033522 0.000000
0.048074 -0.724341 0.028079 0.000000
0.437037 0.210282 0.083218 0.000000
0.469694 0.134632 0.135026 0.000000
0.290466 -0.140316 0.040976 0.000000
0.435970 0.007641 -0.016738 0.000000
0.348925 -0.101424 0.014059 0.000000
0.389238 0.299149 0.028631 0.000000
0.694674 -0.132409 -0.065965 0.000000
0.178203 -1.040575 0.039028 0.000000
0.457785 0.184434 0.018760 0.000000
0.176804 -1.081099 0.029145 0.000000
0.104790 -0.640759 0.032699 0.000000
0.212720 -0.370143 0.015164 0.000000
-0.017639 -0.921261 -0.003827 0.000000
0.423909 -0.166102 0.088886 0.000000
0.335652 -0.037134 0.007781 0.000000
0.162569 -1.086208 0.039174 0.000000
0.526403 0.061303 -0.002357 0.000000
0.173114 -1.166525 0.040632 0.000000
0.211235 -0.910027 -0.002568 1.000000
0.204268 -1.034455 -0.091927 1.000000
0.151204 -1.219563 0.052282 0.000000
0.127047 -1.268069 0.045571 0.000000
0.575767 -0.188707 -0.109415 0.000000
-0.035876 -0.950260 -0.004717 0.000000
0.053366 -0.085997 -0.102856 0.000000
0.493735 0.102774 0.004253 0.000000
0.390633 -0.103918 0.072516 0.000000
0.273761 -0.266855 0.026914 0.000000
0.295848 -0.180603 0.029220 0.000000
0.538321 -0.143613 -0.068581 0.000000
0.038818 -0.756827 0.025895 0.000000
0.500370 0.075509 -0.005096 0.000000
0.392616 0.340973 0.026923 0.000000
0.194590 -1.076292 0.024858 0.000000
0.199857 -1.149185 -0.189165 1.000000
0.325507 0.014460 -0.006211 0.000000
0.184049 -1.119744 0.046240 0.000000
0.113168 -0.592840 0.025610 0.000000
0.468566 -0.041560 -0.013933 0.000000
0.172772 -1.235720 0.032835 0.000000
0.425928 0.233666 0.079657 0.000000
0.184616 -1.263888 -0.280084 1.000000
0.303927 0.165300 -0.001853 0.000000
0.316171 0.186151 -0.004672 0.000000
0.301479 0.285657 0.040302 0.000000
0.330004 0.094595 0.042587 0.000000
0.348130 0.340516 0.027896 0.000000
0.064928 -0.713647 0.026013 0.000000
0.296096 -0.137881 0.026343 0.000000
0.506420 0.078138 0.177975 0.000000
0.171259 -1.134701 0.045068 0.000000
0.260119 -0.285889 0.025439 0.000000
0.221842 -0.983843 -0.058796 1.000000
0.122092 -1.232077 0.037812 0.000000
0.415935 0.086449 -0.013685 0.000000
0.207129 -1.028543 0.041110 0.000000
0.232310 -0.769635 0.013323 0.000000
0.251808 -0.562357 0.016576 0.000000
0.201079 -1.035732 -0.101432 1.000000
0.337059 0.321780 0.052164 0.000000
0.424698 0.060249 -0.010946 0.000000
0.157791 -0.472573 0.019812 0.000000
0.212055 -1.084065 -0.136614 1.000000
0.197905 -1.019198 -0.086848 1.000000
0.137863 -0.529185 0.030444 0.000000
0.214128 -0.887749 0.016374 0.000000
-0.080607 -1.063116 -0.025096 0.000000
0.469610 -0.257948 0.096563 0.000000
0.188638 -0.430530 0.038026 0.000000
0.144162 -1.195831 0.053905 0.000000
0.348508 0.074529 -0.018054 0.000000
0.219117 -1.003451 -0.077162 1.000000
0.427605 -0.196055 0.092614 0.000000
0.220484 -0.861389 0.008610 0.000000
0.357194 0.423904 0.040046 0.000000
0.336369 0.355124 0.054175 0.000000
0.627406 -0.081595 -0.052125 0.000000
0.325808 0.208754 0.042922 0.000000
0.165958 -1.227295 0.031709 0.000000
0.349111 0.348740 0.022600 0.000000
0.305480 -0.069114 0.034930 0.000000
0.193764 0.122583 -0.014654 0.000000
0.118103 -1.194580 0.030491 0.000000
0.439926 -0.254628 0.104343 0.000000
0.188650 -1.154978 0.039365 0.000000
0.452943 0.196774 0.103649 0.000000
0.559588 -0.436940 0.132170 0.000000
0.272293 -0.318449 0.028873 0.000000
0.255670 -0.298257 0.014999 0.000000
0.478177 -0.318333 0.114210 0.000000
0.033529 -0.295672 -0.243707 0.000000
0.391491 -0.022222 -0.049913 0.000000
0.135675 0.037627 -0.043139 0.000000
0.207389 -0.397693 0.032339 0.000000
0.457768 0.151925 0.006616 0.000000
0.025481 -0.837835 0.008849 0.000000
0.389733 0.251224 0.019523 0.000000
0.138825 -0.232310 -0.138393 0.000000
0.292550 -0.175018 0.039064 0.000000
0.165571 -1.365931 -0.380939 1.000000
0.363069 -0.007158 0.063716 0.000000
0.392101 0.228847 0.012800 0.000000
0.324237 0.229252 0.050174 0.000000
0.080250 -0.025904 -0.073866 0.000000
0.181788 0.109061 -0.027215 0.000000
0.339161 0.316562 0.025145 0.000000
0.407737 0.107487 -0.004326 0.000000
0.328392 0.002710 -0.008032 0.000000
0.188108 -1.246235 -0.280487 1.000000
0.320373 0.065273 0.044316 0.000000
0.307346 -0.001076 0.035117 0.000000
0.406916 0.146547 -0.007092 0.000000
0.299285 -0.097741 0.046752 0.000000
-0.005107 -0.864589 0.019043 0.000000
0.230265 -0.761632 0.020081 0.000000
0.440672 0.208853 0.093165 0.000000
0.236722 -0.727325 0.024891 0.000000
0.192907 -0.404983 0.021032 0.000000
0.160667 -0.487903 0.029120 0.000000
0.175992 -1.151299 0.041059 0.000000
0.237706 -0.943484 -0.026111 1.000000
0.365387 0.051141 -0.012548 0.000000
0.175775 -0.447980 0.020407 0.000000
0.207279 -1.046229 -0.114824 1.000000
0.164776 -1.101266 0.039438 0.000000
-0.055378 -1.001705 -0.010364 0.000000
0.048938 -0.290770 -0.232597 0.000000
0.423558 0.245003 0.022147 0.000000
0.575043 -0.011991 -0.032591 0.000000
0.394953 0.390227 0.042528 0.000000
0.202161 -1.012096 -0.073008 1.000000
0.242643 -0.326693 0.018637 0.000000
0.215913 -0.864269 0.017204 0.000000
0.206784 -1.079133 0.041440 0.000000
0.180813 -1.141607 0.036276 0.000000
0.462113 0.177113 0.111509 0.000000
0.265334 -0.469201 0.022790 0.000000
0.231942 -0.971692 -0.049742 1.000000
0.266964 -0.455501 0.011230 0.000000
0.145676 0.065075 -0.043414 0.000000
0.109300 -1.300131 0.044444 0.000000
0.063929 -0.285456 -0.221796 0.000000
0.280097 -0.236697 0.020387 0.000000
0.321381 0.166090 0.041125 0.000000
0.429307 -0.218173 0.095239 0.000000
0.081568 -0.281904 -0.216793 0.000000
0.205755 -1.093593 -0.134368 1.000000
0.335559 0.251741 0.056280 0.000000
0.181110 -1.319048 0.062364 0.000000
0.355550 0.005347 0.053435 0.000000
0.458476 -0.264507 0.106170 0.000000
0.341951 0.416181 0.065125 0.000000
0.142442 -0.547830 0.039547 0.000000
0.327519 0.341107 0.051626 0.000000
0.359548 0.434051 0.039053 0.000000
0.411662 -0.110246 0.089421 0.000000
0.169638 -1.326669 0.062413 0.000000
0.543409 -0.421050 0.115941 0.000000
0.217047 -0.031684 -0.044889 0.000000
0.476536 0.132986 0.010949 0.000000
0.164218 -0.193582 -0.115980 0.000000
0.614639 -0.476778 0.140246 0.000000
0.232866 -0.010399 -0.037556 0.000000
0.021938 -0.808531 0.021257 0.000000
0.407531 -0.158244 0.082415 0.000000
0.180944 -1.213972 0.026047 0.000000
0.341102 0.165956 0.001839 0.000000
0.324107 0.022442 0.000856 0.000000
0.172374 -1.181428 0.047325 0.000000
0.316924 0.312986 0.038969 0.000000
0.237295 -0.693846 0.019753 0.000000
0.617405 -0.066617 -0.052451 0.000000
0.325353 0.005191 0.012224 0.000000
0.608175 -0.464217 0.149491 0.000000
0.141388 -1.162146 0.043379 0.000000
0.030054 -0.822248 0.008805 0.000000
0.192940 -1.149585 -0.196497 1.000000
0.399266 0.205579 0.004304 0.000000
0.533101 0.042801 -0.011550 0.000000
0.159250 -1.195311 0.048000 0.000000
0.165592 -1.164229 0.045878 0.000000
0.295506 -0.093929 0.038319 0.000000
0.440816 0.214547 0.014432 0.000000
0.206336 -1.073220 -0.128277 1.000000
0.197298 -0.409584 0.033875 0.000000
0.139359 -1.218548 0.040928 0.000000
0.028160 -0.128160 -0.125545 0.000000
0.149690 -0.507741 0.030551 0.000000
0.516275 -0.387948 0.122586 0.000000
0.114964 0.008915 -0.055074 0.000000
0.105606 0.013571 -0.058932 0.000000
0.204851 -1.021432 -0.079603 1.000000
0.320143 0.246254 0.053679 0.000000
0.123808 -0.579747 0.032835 0.000000
0.256715 -0.513921 0.017964 0.000000
0.186494 -0.144951 -0.087870 0.000000
0.193179 -1.138640 0.031352 0.000000
0.104981 -0.614718 0.030842 0.000000
0.146601 -0.495640 0.024148 0.000000
0.333349 0.414220 0.054516 0.000000
0.173858 -1.253472 0.036234 0.000000
0.298304 -0.064518 0.041889 0.000000
0.338500 -0.059588 0.018839 0.000000
0.265401 -0.415423 0.022152 0.000000
0.205294 -1.038012 0.032251 0.000000
0.082016 -0.035193 -0.076006 0.000000
0.484948 -0.073347 -0.028604 0.000000
0.320802 0.089306 0.041382 0.000000
0.344265 -0.070402 0.023109 0.000000
0.178449 -1.294293 -0.318212 1.000000
0.545474 -0.423851 0.128407 0.000000
0.442123 -0.226159 0.102154 0.000000
0.441507 0.200689 0.017294 0.000000
0.225479 -0.950691 -0.030454 1.000000
0.069508 -0.693064 0.026847 0.000000
0.093312 -0.598927 0.027618 0.000000
0.234081 0.182280 -0.014440 0.000000
0.563181 0.003614 -0.025898 0.000000
0.152279 -0.479509 0.022882 0.000000
0.159552 -1.226353 0.047360 0.000000
0.422715 -0.135172 0.090299 0.000000
0.209410 -1.063231 0.027267 0.000000
0.323378 0.256080 0.055637 0.000000
0.382033 0.020977 -0.027005 0.000000
-0.079256 -1.049638 -0.021780 0.000000
0.571218 -0.445069 0.126589 0.000000
0.498485 -0.357046 0.117587 0.000000
0.339484 0.119511 0.001262 0.000000
0.343922 0.287487 0.014064 0.000000
0.206119 -0.914428 0.005188 1.000000
0.191149 -1.082190 0.031679 0.000000
0.182008 -1.250430 -0.273437 1.000000
0.253993 -0.618437 0.012750 0.000000
0.151510 0.081313 -0.046472 0.000000
0.197017 -0.419534 0.033429 0.000000
0.339370 0.372399 0.056654 0.000000
0.170729 -1.223469 0.054686 0.000000
0.135736 -1.166977 0.067900 0.000000
0.324355 0.087696 0.060906 0.000000
0.305064 -0.036413 0.048934 0.000000
0.193990 -0.390130 0.017358 0.000000
0.590871 -0.460156 0.132130 0.000000
0.119609 -1.247335 0.069094 0.000000
-0.069702 -1.027896 -0.017231 0.000000
0.223000 -0.835534 0.007879 0.000000
0.274831 -0.275816 0.024730 0.000000
0.312353 0.298081 0.032039 0.000000
0.487282 0.113292 0.005896 0.000000
0.424936 -0.150288 0.094561 0.000000
0.303436 -0.084514 0.033356 0.000000
0.464969 -0.303138 0.114168 0.000000
0.472272 0.147070 0.017639 0.000000
0.139847 0.029506 -0.038617 0.000000
0.551834 0.012153 -0.023501 0.000000
0.144802 -1.145332 0.043997 0.000000
0.685286 -0.521671 0.166414 0.000000
-0.050927 -0.987490 -0.003911 0.000000
0.417482 0.253974 0.078278 0.000000
0.496608 -0.256804 -0.148534 0.000000
0.313786 0.053682 0.050078 0.000000
0.264969 -0.507767 0.012065 0.000000
0.341301 0.418980 0.051443 0.000000
0.205149 -1.141877 -0.191242 1.000000
0.310026 0.081107 0.039001 0.000000
0.352362 0.027258 0.053800 0.000000
0.231047 -0.791129 0.014225 0.000000
0.477296 -0.277494 0.096300 0.000000
0.284448 -0.179250 0.029273 0.000000
0.196620 -1.256418 -0.280880 1.000000
0.334297 0.251066 0.013422 0.000000
0.328027 0.325903 0.055807 0.000000
0.223368 -0.364473 0.032205 0.000000
0.238720 -0.748398 0.015322 0.000000
0.078343 -0.632871 0.028367 0.000000
0.326628 0.079171 -0.003749 0.000000
0.070304 -0.665629 0.029386 0.000000
0.261282 -0.384750 0.024498 0.000000
0.077317 -0.705891 0.030491 0.000000
0.013038 -0.843338 0.013738 0.000000
0.384476 0.306593 0.059921 0.000000
0.168845 -1.334222 -0.349890 1.000000
0.168126 -1.306008 0.035774 0.000000
0.319579 0.202647 0.054168 0.000000
-0.063455 -1.012377 -0.016931 0.000000
0.227045 -0.745189 0.015528 0.000000
-0.023537 -0.938490 -0.004169 0.000000
0.337868 0.334621 0.022536 0.000000
0.100319 -0.271931 -0.200007 0.000000
0.144266 -1.226202 0.044895 0.000000
0.381047 -0.009397 -0.050372 0.000000
0.690524 -0.134255 -0.076060 0.000000
0.237627 -0.643911 0.013282 0.000000
0.476133 -0.291546 0.104624 0.000000
0.336879 0.179681 0.001793 0.000000
0.399323 0.294177 0.024866 0.000000
0.291340 -0.152235 0.036721 0.000000
0.169104 -1.321778 -0.344781 1.000000
0.182548 0.116189 -0.035748 0.000000
0.707930 -0.137250 -0.073658 0.000000
0.185305 -1.007504 0.031615 0.000000
0.340979 0.196557 0.005599 0.000000
0.203655 -1.121787 -0.179269 1.000000
0.206750 -0.975084 -0.042370 1.000000
0.236357 -0.728753 0.015753 0.000000
0.243419 -0.600182 0.010382 0.000000
0.192766 -1.063256 0.022394 0.000000
0.199772 -1.005719 0.026247 0.000000
0.158922 0.077952 -0.038551 0.000000
0.424603 -0.183969 0.088798 0.000000
0.204915 0.136283 -0.007797 0.000000
0.630402 -0.482449 0.148259 0.000000
0.403726 0.190877 -0.002310 0.000000
0.473934 -0.307140 0.111421 0.000000
0.290675 -0.102214 0.030193 0.000000
0.375856 0.001011 -0.047564 0.000000
0.260875 0.221246 0.015497 0.000000
0.459919 -0.247510 0.100430 0.000000
0.236483 -0.938141 -0.015241 1.000000
0.216586 -1.020566 -0.087443 1.000000
0.146577 -1.164266 0.034044 0.000000
0.405125 -0.134630 0.085377 0.000000
0.505933 -0.376135 0.124842 0.000000
0.259425 -0.497775 0.016097 0.000000
-0.018094 -0.915159 0.004374 0.000000
0.554958 -0.432855 0.124182 0.000000
0.344800 -0.090803 0.015036 0.000000
0.392390 0.195440 0.012389 0.000000
0.209649 -0.902404 0.003959 1.000000
0.195305 -1.198912 -0.224980 1.000000
0.395015 0.283971 0.028397 0.000000
0.337499 -0.074335 0.007124 0.000000
0.185198 -1.283292 -0.309039 1.000000
0.308691 0.176437 0.004470 0.000000
0.390248 0.211097 0.014363 0.000000
0.287787 -0.212724 0.023300 0.000000
0.203895 -1.075352 0.022871 0.000000
0.196612 -1.027230 -0.082667 1.000000
0.032963 -0.806891 0.016228 0.000000
0.211673 -1.041785 0.018154 0.000000
0.206560 -0.971685 0.024439 0.000000
0.217206 -0.360190 0.018840 0.000000
0.187450 -1.178378 0.057596 0.000000
0.266119 -0.338647 0.018953 0.000000
0.179876 -1.253701 0.057614 0.000000
0.673188 -0.510238 0.161822 0.000000
0.357173 0.456611 0.039358 0.000000
0.242275 0.025318 -0.026584 0.000000
0.363817 0.352093 0.043705 0.000000
0.316165 0.179209 0.047328 0.000000
0.321132 0.193877 0.001180 0.000000
0.216113 -0.013617 -0.043273 0.000000
0.173523 -1.094522 0.034881 0.000000
0.135585 -0.551992 0.034905 0.000000
0.353061 0.445034 0.039803 0.000000
0.463817 -0.054936 -0.024588 0.000000
0.333688 0.096097 0.001464 0.000000
0.097896 0.003573 -0.062331 0.000000
-0.026535 -0.953209 -0.007646 0.000000
0.055036 -0.747872 0.024976 0.000000
0.378535 -0.051574 0.068292 0.000000
0.505514 0.069358 0.186500 0.000000
0.458195 -0.192345 -0.142673 0.000000
0.162164 -0.456379 0.021670 0.000000
0.229013 -0.718780 0.013238 0.000000
0.217075 -0.966435 -0.041513 1.000000
0.246416 -0.313324 0.020925 0.000000
0.167187 -1.220352 0.037131 0.000000
0.329711 0.357529 0.048795 0.000000
0.147666 -1.173375 0.047539 0.000000
0.348043 0.452107 0.055393 0.000000
0.465851 -0.265621 0.101142 0.000000
0.532051 -0.149846 -0.065268 0.000000
0.321786 0.237055 0.053930 0.000000
0.154310 -1.212759 0.042979 0.000000
0.651923 -0.100737 -0.066824 0.000000
0.245856 -0.644955 0.024865 0.000000
0.503698 -0.269444 -0.149164 0.000000
0.194668 -1.244578 -0.274745 1.000000
0.180921 -1.160437 0.053800 0.000000
0.070614 -0.041257 -0.077720 0.000000
-0.042098 -0.961657 -0.005504 0.000000
0.389293 0.483643 0.051042 0.000000
0.429879 -0.153251 -0.117135 0.000000
0.197166 -1.088614 0.017281 0.000000
0.247520 -0.631574 0.024623 0.000000
0.236427 -0.717256 0.006035 0.000000
0.253114 0.049713 -0.018666 0.000000
0.206235 -0.927302 -0.010712 1.000000
0.157387 -1.158712 0.047046 0.000000
0.335717 -0.040174 0.016098 0.000000
0.362782 0.442397 0.033537 0.000000
0.046797 -0.773382 0.019153 0.000000
0.532234 -0.409525 0.124828 0.000000
0.253773 -0.545795 0.021215 0.000000
0.351064 0.088897 -0.013193 0.000000
0.320017 0.111047 0.046364 0.000000
0.195157 -1.012504 -0.065848 1.000000
0.223046 -0.819224 0.012102 0.000000
0.489856 0.087552 0.173946 0.000000
0.139771 -1.179988 0.054136 0.000000
0.771326 -0.173719 -0.107207 0.000000
0.371389 0.036225 -0.021374 0.000000
0.481467 0.125080 0.141152 0.000000
0.264869 -0.356507 0.021174 0.000000
0.341296 0.097388 -0.004681 0.000000
0.193217 -0.428607 0.030733 0.000000
0.415506 0.265677 0.025850 0.000000
0.188345 -1.104537 0.033852 0.000000
0.392801 0.440648 0.043238 0.000000
0.128982 -1.194499 0.066839 0.000000
0.377099 -0.037368 0.077973 0.000000
0.339798 0.404393 0.059963 0.000000
0.341252 0.355904 0.026066 0.000000
0.084826 -1.357829 0.082414 0.000000
0.136263 -1.148827 0.032803 0.000000
0.310317 0.052754 0.040832 0.000000
0.323208 0.221378 0.056013 0.000000
0.190912 -1.198276 0.022294 0.000000
0.186640 -1.163721 0.040941 0.000000
0.331377 0.063337 0.005844 0.000000
0.333537 0.146596 -0.000566 0.000000
0.164097 -1.209947 0.055554 0.000000
0.331017 -0.027349 0.005268 0.000000
-0.031275 -0.946759 0.006931 0.000000
-0.061384 -1.018843 -0.002924 0.000000
0.344218 0.300894 0.019219 0.000000
0.109239 -0.584443 0.024616 0.000000
0.194646 -1.005592 -0.060171 1.000000
0.388431 -0.076082 0.075125 0.000000
0.170094 -1.188193 0.041693 0.000000
0.198323 -1.133444 -0.168250 1.000000
0.589273 -0.021730 -0.039279 0.000000
0.232782 -0.344007 0.040302 0.000000
0.390784 -0.040499 -0.065421 0.000000
0.607359 -0.050640 -0.048925 0.000000
0.180787 -1.054115 0.015588 0.000000
0.257731 -0.486816 0.020634 0.000000
0.437510 0.226709 0.094339 0.000000
0.250859 -0.592312 0.014429 0.000000
0.372747 -0.040762 0.061593 0.000000
0.365893 -0.021748 0.057380 0.000000
0.164263 -1.323284 -0.334499 1.000000
0.450118 -0.178008 -0.138574 0.000000
0.331673 -0.066907 -0.001509 0.000000
0.213514 -1.038566 0.035154 0.000000
0.067522 -0.675548 0.029233 0.000000
0.454162 0.178784 0.107325 0.000000
0.059330 -0.729349 0.022138 0.000000
0.230460 -0.774429 0.020379 0.000000
0.184351 -1.209995 0.038312 0.000000
0.545011 -0.432404 0.125294 0.000000
0.037417 -0.780098 0.016589 0.000000
0.375670 -0.059631 0.061298 0.000000
0.183791 -0.159844 -0.098080 0.000000
0.318519 0.082549 0.051118 0.000000
0.247300 -0.634972 0.008196 0.000000
0.199050 -1.009840 0.018433 0.000000
0.318982 0.097768 0.042376 0.000000
0.476818 -0.242515 -0.151338 0.000000
0.470113 -0.273679 0.101254 0.000000
0.171795 -1.059667 0.018952 0.000000
0.281956 0.249392 0.027412 0.000000
0.495195 -0.093069 -0.033179 0.000000
0.193507 -1.113778 0.029851 0.000000
0.298392 -0.131061 0.042658 0.000000
0.006095 -0.856137 0.018863 0.000000
0.031607 -0.779983 0.024103 0.000000
0.174745 -0.135815 -0.079846 0.000000
0.334079 0.369147 0.049448 0.000000
0.031988 -0.103611 -0.114631 0.000000
0.322501 0.133354 0.040512 0.000000
0.521056 -0.391979 0.132546 0.000000
0.394702 0.263847 0.016917 0.000000
0.419238 -0.102584 -0.100165 0.000000
0.197549 -1.221751 -0.234147 1.000000
0.267888 -0.374247 0.027735 0.000000
0.316230 0.011478 0.045677 0.000000
0.299572 -0.139944 0.040241 0.000000
0.397759 0.185872 0.005383 0.000000
0.254577 -0.481348 0.013458 0.000000
0.252598 0.208739 0.008469 0.000000
0.141102 -0.510814 0.024901 0.000000
0.561182 -0.167617 -0.086769 0.000000
0.305768 0.156489 -0.004231 0.000000
0.180226 -1.169963 0.026277 0.000000
0.171733 -1.279407 -0.301908 1.000000
0.448579 -0.003176 -0.009381 0.000000
0.246511 0.042602 -0.025018 0.000000
0.239601 -0.658833 0.021722 0.000000
0.444180 0.004030 -0.011506 0.000000
0.253429 -0.529140 0.016155 0.000000
0.234952 -0.736942 0.006981 0.000000
0.395131 -0.079762 0.084784 0.000000
0.412954 -0.140878 0.084521 0.000000
0.267114 0.096741 -0.019504 0.000000
0.341740 -0.076565 0.017633 0.000000
0.220331 -0.914310 -0.004542 1.000000
0.320084 0.151441 0.039727 0.000000
0.137158 -1.192504 0.072827 0.000000
0.208644 -1.060377 -0.111161 1.000000
0.047234 -0.073945 -0.097387 0.000000
0.152343 -1.233804 0.042911 0.000000
0.208103 -1.044422 0.038392 0.000000
0.124835 -0.542468 0.025940 0.000000
0.307959 -0.035090 0.039508 0.000000
0.261103 0.225885 0.004502 0.000000
0.253784 -0.591838 0.022712 0.000000
0.272065 -0.402934 0.021368 0.000000
0.234262 -0.338019 0.032953 0.000000
0.770777 -0.172055 -0.096028 0.000000
0.185834 -1.047674 0.021288 0.000000
0.301138 0.159193 0.006704 0.000000
0.374427 0.022973 -0.036764 0.000000
0.176345 -1.110561 0.039719 0.000000
0.335366 0.283017 0.048491 0.000000
0.185109 -1.233087 0.055938 0.000000
0.029861 -0.792257 0.021462 0.000000
0.157990 -0.207172 -0.125955 0.000000
0.515771 -0.376870 0.110134 0.000000
0.108921 -0.572420 0.026389 0.000000
0.578344 -0.202949 -0.121014 0.000000
0.252120 -0.304774 0.027321 0.000000
0.242286 -0.677704 0.014811 0.000000
0.328620 0.085879 0.001490 0.000000
0.263339 -0.522093 0.009622 0.000000
0.437607 0.216585 0.091162 0.000000
-0.023290 -0.910930 0.012124 0.000000
0.362284 -0.126026 0.004317 0.000000
0.146057 -1.205547 0.045088 0.000000
0.173477 -1.176067 0.040770 0.000000
0.277951 -0.250646 0.027630 0.000000
0.281366 0.121208 -0.009675 0.000000
0.082355 -0.663495 0.022929 0.000000
0.410908 0.106068 -0.012853 0.000000
0.214501 -0.071461 -0.054334 0.000000
0.319517 0.182062 0.005706 0.000000
0.356087 0.418725 0.031484 0.000000
0.392372 0.272176 0.020104 0.000000
0.176076 -1.193743 0.036752 0.000000
0.243507 -0.665909 0.016041 0.000000
0.456737 -0.280451 0.109274 0.000000
0.253156 0.220640 0.019601 0.000000
0.183252 -0.449583 0.033890 0.000000
0.255401 -0.294696 0.038834 0.000000
0.132198 -1.231484 0.036140 0.000000
0.193129 -1.210832 -0.223578 1.000000
0.192763 -1.003533 0.030813 0.000000
0.257551 0.088521 -0.017555 0.000000
0.323667 0.160912 0.049570 0.000000
0.353996 0.055478 -0.022811 0.000000
0.171624 -0.172538 -0.102295 0.000000
-0.086350 -1.091605 -0.033228 0.000000
0.273211 0.106280 -0.017740 0.000000
0.294071 -0.165079 0.028608 0.000000
0.434801 0.029927 -0.012511 0.000000
0.198302 -1.139382 -0.183368 1.000000
0.192453 -1.200762 0.051740 0.000000
0.333127 0.272446 0.014241 0.000000
0.198277 -0.090062 -0.063877 0.000000
0.252175 -0.554227 0.012803 0.000000
0.492700 0.099122 0.162237 0.000000
0.436427 -0.155439 -0.126271 0.000000
0.186517 -1.128025 0.040689 0.000000
0.736521 -0.155944 -0.080249 0.000000
0.201027 -1.087077 -0.145429 1.000000
0.281036 -0.228398 0.029288 0.000000
0.144416 -0.557036 0.039639 0.000000
0.467913 -0.288760 0.107758 0.000000
0.150243 -1.163991 0.058201 0.000000
0.532551 -0.147995 -0.073888 0.000000
0.167822 -1.362850 -0.373435 1.000000
0.340564 0.386140 0.055990 0.000000
0.347451 0.036963 0.059154 0.000000
0.335268 -0.055799 0.012060 0.000000
0.328400 0.289079 0.054311 0.000000
0.482391 -0.253539 -0.150155 0.000000
0.334218 -0.084477 0.005505 0.000000
0.201882 -1.030820 0.034946 0.000000
0.407229 0.125637 0.003794 0.000000
0.267723 -0.430975 0.021556 0.000000
0.436886 -0.206479 0.094057 0.000000
0.184804 -1.201197 0.047282 0.000000
0.171561 -1.048575 0.019262 0.000000
0.219122 -0.898007 0.015496 0.000000
0.418402 0.263852 0.017811 0.000000
0.195079 -0.413067 0.019123 0.000000
0.272061 -0.299108 0.028829 0.000000
0.041460 -0.747220 0.026731 0.000000
0.399944 0.131056 -0.000749 0.000000
0.228897 -0.828436 0.018652 0.000000
0.345266 0.321895 0.023056 0.000000
0.024907 -0.829742 0.012460 0.000000
0.315630 0.074718 0.037424 0.000000
0.391956 -0.064759 0.087164 0.000000
0.249669 -0.518114 0.016321 0.000000
0.154267 0.067532 -0.035880 0.000000
0.324575 0.180610 0.050530 0.000000
0.313015 0.121957 0.045080 0.000000
0.182793 -1.123160 0.028901 0.000000
0.566696 0.015614 -0.021841 0.000000
0.172531 -0.179305 -0.108198 0.000000
0.212417 0.151458 -0.011420 0.000000
0.427394 -0.173559 0.090606 0.000000
0.331529 0.202973 0.051708 0.000000
0.344452 0.456007 0.062414 0.000000
0.180556 -1.207197 0.057179 0.000000
0.305300 0.020105 0.040504 0.000000
0.198984 -1.004895 -0.068428 1.000000
0.227683 0.169960 -0.006891 0.000000
0.133350 -0.578071 0.037823 0.000000
0.351619 0.482984 0.047380 0.000000
0.220801 -0.358256 0.027301 0.000000
-0.041138 -0.981479 -0.016600 0.000000
0.281626 -0.264990 0.028891 0.000000
0.360984 0.000954 0.067993 0.000000
0.597745 -0.464084 0.139575 0.000000
0.193742 -1.130948 0.019587 0.000000
0.609578 -0.064655 -0.046529 0.000000
0.137539 -1.211919 0.048285 0.000000
0.206263 -0.990837 0.026272 0.000000
0.508112 0.057066 0.197741 0.000000
0.558348 0.018659 -0.019872 0.000000
0.497741 -0.105003 -0.032966 0.000000
0.335287 0.216801 0.010440 0.000000
0.189772 -1.193767 -0.241518 1.000000
0.274889 -0.362744 0.019362 0.000000
0.157122 -1.237598 0.053833 0.000000
0.187842 -1.165108 0.051605 0.000000
0.186325 -1.017750 0.021232 0.000000
0.399477 -0.122240 0.076078 0.000000
0.287223 0.265112 0.034953 0.000000
0.460963 -0.202209 -0.146710 0.000000
0.165764 -1.344425 -0.351323 1.000000
0.217430 -0.955211 -0.031423 1.000000
-0.084992 -1.075567 -0.032304 0.000000
0.299824 -0.041272 0.044776 0.000000
0.502566 -0.368758 0.123089 0.000000
0.253280 -0.500201 0.011129 0.000000
0.327440 0.046105 0.009441 0.000000
0.211158 -0.894991 0.007287 0.000000
0.224878 -0.782942 0.016957 0.000000
0.351012 0.427931 0.043767 0.000000
0.191608 -1.083719 -0.133542 1.000000
0.396282 0.333614 0.027709 0.000000
0.034021 -0.798900 0.018023 0.000000
0.182041 -1.205999 0.027898 0.000000
0.138928 -1.152949 0.039439 0.000000
0.176814 -1.214415 0.036282 0.000000
0.035203 -0.771047 0.023790 0.000000
0.253882 -0.449808 0.015655 0.000000
0.259620 -0.540462 0.013749 0.000000
0.219797 -1.037925 -0.107633 1.000000
0.747995 -0.160823 -0.085175 0.000000
0.193618 -1.206998 -0.232711 1.000000
0.291862 -0.113358 0.033042 0.000000
0.176583 -1.284879 0.030901 0.000000
0.280663 -0.193429 0.025649 0.000000
0.309696 -0.076172 0.035365 0.000000
0.267410 -0.292334 0.025412 0.000000
0.475079 0.139596 0.131272 0.000000
0.233268 -0.822537 0.011929 0.000000
0.595172 -0.039742 -0.043239 0.000000
0.274336 -0.344230 0.025516 0.000000
0.212555 0.154133 -0.024229 0.000000
0.574866 -0.447088 0.136137 0.000000
0.176433 -1.101251 0.038587 0.000000
0.290543 -0.200944 0.031892 0.000000
0.449313 0.186271 0.017801 0.000000
0.399954 0.162624 0.004059 0.000000
0.226876 -0.898730 0.008616 0.000000
0.643746 -0.493117 0.151346 0.000000
0.246349 -0.606379 0.014889 0.000000
0.272549 -0.323765 0.014935 0.000000
0.214886 -0.969403 0.026377 0.000000
0.352923 0.490957 0.046002 0.000000
0.140557 0.051693 -0.042586 0.000000
0.396757 0.404125 0.044367 0.000000
0.679424 -0.123675 -0.067808 0.000000
0.333276 0.228398 0.006292 0.000000
0.230941 -0.680760 0.012548 0.000000
0.631293 -0.089960 -0.052194 0.000000
0.115712 -0.613827 0.034403 0.000000
0.497028 -0.336447 0.104011 0.000000
0.267304 -0.395176 0.018952 0.000000
0.491849 -0.326601 0.096403 0.000000
0.502663 0.084634 -0.001820 0.000000
0.511846 -0.381110 0.121342 0.000000
0.184181 -1.255808 -0.281279 1.000000
0.191653 -1.128739 -0.169150 1.000000
0.471686 0.141118 0.011489 0.000000
0.279413 -0.190946 0.035471 0.000000
0.245734 -0.629260 0.014568 0.000000
0.331294 0.058754 -0.007892 0.000000
0.224465 -0.926295 -0.013325 1.000000
0.523034 -0.388649 0.108899 0.000000
0.130495 0.020712 -0.046809 0.000000
0.193738 -1.145831 0.025477 0.000000
-0.094645 -1.089837 -0.028369 0.000000
0.326316 0.334280 0.057792 0.000000
-0.061454 -1.023151 -0.027992 0.000000
0.456724 0.159894 0.008027 0.000000
0.379633 0.006523 -0.039249 0.000000
0.385990 0.298820 0.057460 0.000000
0.293495 -0.173042 0.031161 0.000000
0.445934 -0.221616 0.095583 0.000000
-0.008165 -0.906096 0.000323 0.000000
0.199531 -1.096097 0.029512 0.000000
0.345295 0.045709 0.053620 0.000000
0.179637 -1.289352 -0.311476 1.000000
0.207760 -1.052104 0.028283 0.000000
0.253705 -0.570371 0.014799 0.000000
0.188226 -1.113124 0.044041 0.000000
0.224641 -0.873739 0.008603 0.000000
0.069541 -0.707102 0.027405 0.000000
0.163501 -1.083484 0.028000 0.000000
0.214819 -0.931833 0.018493 0.000000
0.280958 -0.214498 0.027323 0.000000
0.227249 -0.861676 0.016828 0.000000
0.297929 0.277712 0.023471 0.000000
0.342138 0.259743 0.018327 0.000000
0.201292 -0.912414 -0.002358 1.000000
0.183617 -1.191090 0.023194 0.000000
0.195981 -1.126289 -0.178632 1.000000
0.215307 -0.048749 -0.047796 0.000000
0.491435 -0.329208 0.108946 0.000000
0.286988 0.130308 0.002199 0.000000
0.192546 -1.044882 0.032644 0.000000
0.172504 -0.431679 0.018292 0.000000
0.168484 0.077778 -0.026868 0.000000
0.212490 -1.007616 -0.075055 1.000000
0.759295 -0.168282 -0.096956 0.000000
0.087208 -0.024048 -0.069328 0.000000
0.200154 -0.102918 -0.068422 0.000000
0.491632 -0.344484 0.116512 0.000000
0.293132 0.153138 0.005527 0.000000
0.144595 -0.523724 0.032432 0.000000
0.258037 -0.552658 0.020895 0.000000
0.424343 -0.149251 -0.122106 0.000000
0.481567 -0.303939 0.104029 0.000000
0.306251 -0.016334 0.047191 0.000000
0.390666 0.358957 0.033597 0.000000
0.339246 0.053882 0.062314 0.000000
0.292773 -0.190665 0.026746 0.000000
0.265814 0.228816 0.019998 0.000000
0.200541 -0.940939 -0.016686 1.000000
0.394415 0.221318 0.010603 0.000000
0.009619 -0.850638 0.013456 0.000000
0.194925 -1.106395 0.022519 0.000000
0.130309 -1.203074 0.064018 0.000000
0.317472 0.137964 0.049429 0.000000
0.270292 -0.291503 0.017881 0.000000
0.221262 -0.832444 0.017317 0.000000
0.255827 -0.443065 0.021816 0.000000
0.204848 -1.077079 -0.135345 1.000000
0.196137 -0.416065 0.040645 0.000000
0.208566 -0.950766 -0.024232 1.000000
0.643371 -0.091737 -0.065046 0.000000
0.383299 -0.070151 0.081470 0.000000
0.292689 -0.194681 0.038662 0.000000
0.326516 0.217593 0.049684 0.000000
0.263134 -0.463331 0.013460 0.000000
0.259761 -0.293142 0.031681 0.000000
0.033820 -0.117665 -0.112187 0.000000
0.264898 -0.382104 0.015442 0.000000
0.183562 -1.323516 -0.342275 1.000000
0.401668 0.173319 0.000910 0.000000
0.200200 -0.972519 -0.032433 1.000000
0.268173 -0.327269 0.025837 0.000000
0.365565 0.044885 -0.028998 0.000000
0.241977 -0.722371 0.008761 0.000000
0.154061 -0.493076 0.030290 0.000000
0.172102 -1.158939 0.038226 0.000000
0.260880 -0.508648 0.027542 0.000000
0.451636 -0.261708 0.102367 0.000000
0.334442 0.200113 0.009085 0.000000
0.232280 -0.752283 0.012132 0.000000
0.111126 -1.240362 0.034973 0.000000
0.441318 -0.163960 -0.131455 0.000000
0.229048 -0.842078 0.011712 0.000000
0.412679 -0.098108 -0.097277 0.000000
0.184294 -1.145124 0.042567 0.000000
0.310249 0.005118 0.040988 0.000000
0.241813 -0.606578 0.022772 0.000000
0.202917 -1.107513 0.020609 0.000000
0.211261 -0.961985 -0.032954 1.000000
0.214206 0.162563 -0.004661 0.000000
0.446229 0.215355 0.094905 0.000000
0.718721 -0.151205 -0.081769 0.000000
0.215820 -0.978472 0.022826 0.000000
0.325660 0.058782 0.000044 0.000000
0.102298 -0.005203 -0.061459 0.000000
0.086709 -0.672675 0.033097 0.000000
0.118111 -0.602986 0.033805 0.000000
0.413226 0.095903 -0.001770 0.000000
0.453180 0.183548 0.026079 0.000000
0.280868 -0.281759 0.024826 0.000000
0.190110 -1.183279 0.051898 0.000000
-0.078700 -1.058312 -0.019029 0.000000
0.527827 0.054604 -0.006430 0.000000
0.194067 -1.055391 0.035368 0.000000
0.275658 -0.301999 0.017086 0.000000
0.161820 -1.179146 0.044996 0.000000
0.494262 -0.356549 0.125752 0.000000
0.182770 -1.079091 0.036992 0.000000
0.199558 -1.171107 -0.208940 1.000000
0.225407 -0.855342 0.007035 0.000000
0.330446 -0.015053 -0.004077 0.000000
0.352161 0.401828 0.033904 0.000000
0.246939 -0.644756 0.013566 0.000000
0.200005 -1.199744 -0.231333 1.000000
0.321302 0.191099 0.046398 0.000000
0.220485 -0.848372 0.017807 0.000000
0.224774 -0.767216 0.013914 0.000000
0.336194 0.309206 0.024848 0.000000
0.417774 0.253375 0.086186 0.000000
-0.044897 -0.973193 -0.008241 0.000000
0.166017 -1.061494 0.034368 0.000000
0.244532 -0.696573 0.021843 0.000000
0.346718 0.414775 0.031008 0.000000
0.237350 -0.322586 0.011910 0.000000
0.164807 0.089448 -0.036689 0.000000
0.622806 -0.482153 0.152068 0.000000
0.475756 -0.228383 -0.151338 0.000000
0.268652 -0.443077 0.022565 0.000000
0.266206 -0.408041 0.019396 0.000000
0.433197 -0.136381 -0.118963 0.000000
0.263996 -0.483795 0.024485 0.000000
0.458218 -0.233352 0.096068 0.000000
0.348337 -0.101718 0.021941 0.000000
0.352124 0.382287 0.036692 0.000000
0.168672 -1.195252 0.050531 0.000000
0.270171 0.086761 -0.006474 0.000000
0.368445 0.024447 -0.029128 0.000000
0.390048 0.465901 0.043656 0.000000
0.259648 -0.526016 0.025966 0.000000
0.342808 0.051567 0.048100 0.000000
0.396257 0.153657 0.003200 0.000000
0.238538 0.018156 -0.029110 0.000000
0.197130 -1.078035 0.038794 0.000000
0.428740 0.239053 0.022283 0.000000
0.325582 0.033848 -0.011657 0.000000
0.427781 0.239993 0.087417 0.000000
0.212129 -0.981034 -0.052368 1.000000
0.394524 0.236750 0.012470 0.000000
0.190468 -1.207252 -0.240022 1.000000
0.333111 0.238451 0.051751 0.000000
0.302660 0.173021 -0.000918 0.000000
0.251443 -0.467562 0.020170 0.000000
0.419777 0.070248 -0.010429 0.000000
0.208735 -1.083875 -0.148810 1.000000
0.394554 -0.028426 -0.054867 0.000000
0.346159 0.393338 0.029124 0.000000
0.348417 0.482486 0.058230 0.000000
0.234728 -0.797889 0.012596 0.000000
0.185742 -0.418333 0.023333 0.000000
0.193117 -1.050097 0.019572 0.000000
0.222605 -0.037387 -0.044620 0.000000
0.444671 -0.173107 -0.134552 0.000000
0.329372 0.253867 0.050169 0.000000
0.218244 -0.901570 0.005528 1.000000
0.547884 -0.427178 0.139346 0.000000
0.217105 -0.920326 -0.008432 1.000000
0.191261 -1.191922 -0.234030 1.000000
0.322134 0.165724 0.056905 0.000000
0.314574 0.015998 0.039491 0.000000
0.415859 -0.162833 0.087627 0.000000
0.183523 -0.442495 0.038820 0.000000
0.496019 0.089666 0.169386 0.000000
0.324143 0.127345 0.047021 0.000000
0.065221 -0.721441 0.025383 0.000000
0.560400 -0.003596 -0.027110 0.000000
0.392183 0.385035 0.037374 0.000000
0.157476 -1.379918 -0.391065 1.000000
0.331799 0.078200 0.052877 0.000000
0.164833 -1.093577 0.040843 0.000000
0.261334 -0.299776 0.039128 0.000000
0.283705 -0.268869 0.019207 0.000000
0.322947 0.022015 0.008568 0.000000
0.324771 -0.004619 -0.006446 0.000000
0.058858 -0.081576 -0.097209 0.000000
0.383867 -0.047629 0.083724 0.000000
0.011174 -0.304457 -0.250701 0.000000
0.199746 -0.396308 0.024540 0.000000
0.190499 0.120050 -0.021402 0.000000
0.112156 -0.597156 0.032023 0.000000
0.339336 -0.089947 0.008259 0.000000
0.203598 -1.066552 0.031261 0.000000
0.162937 -0.184761 -0.104761 0.000000
0.018601 -0.148811 -0.132605 0.000000
0.234510 -0.904575 0.000369 1.000000
0.173573 -0.474784 0.034531 0.000000
-0.088057 -1.081562 -0.026971 0.000000
0.324513 0.037245 -0.001872 0.000000
0.302336 -0.084449 0.045252 0.000000
0.219634 -0.857301 0.018220 0.000000
0.726474 -0.144254 -0.083881 0.000000
0.256540 -0.569962 0.007564 0.000000
0.332555 0.269645 0.055190 0.000000
0.391648 0.300648 0.021392 0.000000
0.648666 -0.497914 0.156445 0.000000
0.294720 -0.144751 0.033985 0.000000
0.329168 0.094537 0.053949 0.000000
0.261692 -0.478573 0.007756 0.000000
0.176666 -1.261461 0.057829 0.000000
0.019946 -0.818366 0.022133 0.000000
0.303945 -0.047042 0.040716 0.000000
0.187100 0.111688 -0.022207 0.000000
0.207155 -0.986540 0.017765 0.000000
0.416606 -0.109684 -0.098492 0.000000
0.374139 0.014563 -0.038694 0.000000
0.198475 -1.140358 0.022705 0.000000
0.137771 -1.218364 0.057392 0.000000
0.338988 0.210046 0.003564 0.000000
0.204139 -1.118565 -0.186294 1.000000
0.205519 -0.899061 0.011833 0.000000
0.428186 -0.132160 -0.111749 0.000000
0.133588 0.048926 -0.047674 0.000000
0.224072 0.171027 0.000002 0.000000
0.265736 -0.423466 0.018923 0.000000
0.334494 0.223821 0.013596 0.000000
0.181476 -1.310329 0.060771 0.000000
0.368726 0.343073 0.045546 0.000000
0.300954 -0.076200 0.035628 0.000000
0.372384 -0.020820 0.080907 0.000000
0.204630 -1.002896 0.020522 0.000000
0.398426 0.287767 0.062309 0.000000
0.179483 -0.431924 0.022924 0.000000
-0.054414 -1.010432 -0.021512 0.000000
0.262703 -0.541191 0.022453 0.000000
0.273070 0.090416 0.000058 0.000000
0.399543 0.322408 0.029839 0.000000
0.230464 -0.730987 0.020206 0.000000
0.242279 0.030507 -0.032293 0.000000
0.236049 -0.664802 0.010205 0.000000
0.085026 -0.693116 0.029188 0.000000
0.184365 -1.271137 0.058362 0.000000
0.173568 -1.048833 0.028458 0.000000
0.612845 -0.470114 0.146269 0.000000
0.452348 -0.274407 0.107406 0.000000
0.238396 -0.703320 0.013668 0.000000
0.422537 0.085974 0.007279 0.000000
0.249689 -0.580577 0.014322 0.000000
0.171711 -0.449667 0.027114 0.000000
0.331904 0.309232 0.054304 0.000000
0.214657 -0.916964 0.016860 0.000000
0.258244 0.216795 0.009482 0.000000
0.306102 0.012948 0.046159 0.000000
0.256460 0.063776 -0.017962 0.000000
0.315525 0.047412 0.042649 0.000000
0.418901 0.082522 0.000561 0.000000
0.182768 -1.100151 0.030921 0.000000
0.395774 0.303467 0.057395 0.000000
-0.036990 -0.941650 0.007241 0.000000
0.412456 0.273091 0.027552 0.000000
0.173358 -1.165586 0.031530 0.000000
0.234689 0.184182 0.010731 0.000000
0.301421 -0.053958 0.045195 0.000000
0.185325 -1.112100 0.032470 0.000000
0.230091 -0.935637 -0.020972 1.000000
0.223887 -0.975459 -0.052329 1.000000
0.345380 0.471309 0.063120 0.000000
0.211527 -0.376374 0.031074 0.000000
0.158072 -1.210324 0.050185 0.000000
0.209747 -1.017579 0.027270 0.000000
0.307008 -0.013469 0.039272 0.000000
0.408410 -0.124742 0.084452 0.000000
0.328853 0.361446 0.059801 0.000000
0.217682 -0.942733 0.019775 0.000000
0.142208 -1.163124 0.066555 0.000000
-0.005458 -0.890505 0.002759 0.000000
0.296882 -0.048419 0.036539 0.000000
0.327050 0.007380 -0.002138 0.000000
0.164490 -1.186819 0.048280 0.000000
0.518061 -0.126710 -0.051152 0.000000
0.100447 -0.021524 -0.065026 0.000000
0.464098 -0.280784 0.107298 0.000000
0.259128 -0.554743 0.009407 0.000000
0.458176 0.170859 0.014568 0.000000
0.435329 0.015738 -0.017126 0.000000
0.408280 0.155210 -0.005570 0.000000
-0.037500 -0.956988 -0.001530 0.000000
0.369918 -0.134700 -0.001157 0.000000
0.428929 0.227358 0.082692 0.000000
0.343584 0.361550 0.030607 0.000000
0.344055 0.333577 0.030091 0.000000
0.184296 -1.048374 0.033580 0.000000
0.332812 -0.018612 0.003490 0.000000
0.497474 -0.343010 0.108110 0.000000
0.094432 -0.619696 0.028573 0.000000
0.188022 -1.136767 0.026093 0.000000
0.268992 -0.386990 0.023915 0.000000
0.513479 0.045111 0.205871 0.000000
0.332221 0.374497 0.058148 0.000000
0.389453 0.428146 0.044464 0.000000
0.327673 -0.011042 0.009908 0.000000
0.333050 0.083134 0.046717 0.000000
0.031866 -0.755558 0.028669 0.000000
0.124029 -1.193907 0.035356 0.000000
0.266375 0.231941 0.026891 0.000000
0.585212 -0.029446 -0.038061 0.000000
0.343629 0.090374 -0.012927 0.000000
0.111465 -0.620351 0.031956 0.000000
0.186335 -1.068286 0.033520 0.000000
0.405508 -0.109672 0.085035 0.000000
0.245007 -0.591303 0.024390 0.000000
0.417374 0.081162 -0.008217 0.000000
0.181268 -1.286777 0.060474 0.000000
0.403751 0.199282 0.000225 0.000000
0.054984 -0.286114 -0.220882 0.000000
0.406627 0.118567 -0.002882 0.000000
0.429047 0.230736 0.018395 0.000000
-0.016242 -0.900482 0.013780 0.000000
0.264142 -0.401217 0.024444 0.000000
0.205689 -1.030053 0.021680 0.000000
0.388618 -0.017178 -0.045070 0.000000
0.093180 -1.321717 0.083645 0.000000
0.325509 0.038348 0.006376 0.000000
0.317954 0.158163 0.055247 0.000000
0.204612 -1.038770 -0.082352 1.000000
0.295013 0.148054 -0.002644 0.000000
0.181379 -1.165753 0.047751 0.000000
0.160480 -1.105156 0.026689 0.000000
0.078468 -0.667801 0.027760 0.000000
0.334490 0.109836 -0.007438 0.000000
0.342161 0.287628 0.022170 0.000000
0.176967 -1.043034 0.020391 0.000000
0.495869 0.070508 0.178104 0.000000
0.387554 0.318161 0.055219 0.000000
0.338332 0.430183 0.062057 0.000000
0.264528 -0.455717 0.019572 0.000000
0.172327 -1.317135 -0.338380 1.000000
0.068322 -0.046907 -0.082143 0.000000
0.072687 -0.680912 0.026528 0.000000
0.235340 -0.740456 0.014948 0.000000
0.317997 0.318142 0.046475 0.000000
0.170209 -0.457306 0.026325 0.000000
0.231276 -0.026116 -0.039128 0.000000
0.223452 -0.349980 0.019719 0.000000
0.340957 0.225654 0.007711 0.000000
0.065059 -0.059928 -0.088109 0.000000
0.257873 -0.474025 0.017773 0.000000
0.229717 -0.761614 0.012580 0.000000
0.357807 0.477641 0.046522 0.000000
0.268522 -0.374745 0.012554 0.000000
0.209757 -1.006091 0.030154 0.000000
0.395622 -0.064463 -0.075247 0.000000
0.391550 -0.095289 0.073591 0.000000
0.494567 0.079417 0.177103 0.000000
0.509489 -0.362599 0.105010 0.000000
0.308420 0.304029 0.051445 0.000000
0.302669 -0.102331 0.037496 0.000000
0.408638 -0.072463 -0.080040 0.000000
0.358334 0.043169 -0.027963 0.000000
0.174958 -1.231697 0.026617 0.000000
0.380334 -0.053888 0.057451 0.000000
0.100333 -0.266506 -0.192018 0.000000
0.343116 0.175818 0.003323 0.000000
0.054369 -0.757959 0.021865 0.000000
0.200292 -1.054257 0.028609 0.000000
0.127243 -1.251681 0.059182 0.000000
0.215270 -1.025549 -0.094888 1.000000
0.307676 0.006120 0.033065 0.000000
0.450744 -0.247280 0.101731 0.000000
0.242726 -0.689732 0.013467 0.000000
0.148754 -1.169426 0.041255 0.000000
0.144352 -0.229081 -0.142265 0.000000
0.172882 -1.191679 0.026716 0.000000
0.445489 -0.203389 0.094660 0.000000
0.015854 -0.853574 0.008565 0.000000
0.311901 0.035468 0.042440 0.000000
0.233315 -0.915106 -0.006691 1.000000
0.258387 0.217564 0.024361 0.000000
0.214630 -1.047833 -0.106446 1.000000
0.633237 -0.084688 -0.057323 0.000000
0.254640 0.029167 -0.022350 0.000000
0.334990 0.443966 0.059449 0.000000
0.049298 -0.766455 0.017783 0.000000
0.318433 0.026629 0.045543 0.000000
0.193033 -1.122640 -0.164416 1.000000
0.251620 -0.601924 0.024702 0.000000
0.311230 0.097808 0.042462 0.000000
0.203453 -1.033615 0.015146 0.000000
0.298266 0.153611 -0.008014 0.000000
0.211618 -0.998831 -0.068499 1.000000
0.072420 -0.287236 -0.220826 0.000000
0.038458 -0.117119 -0.118839 0.000000
0.465699 -0.212339 -0.149072 0.000000
0.341334 0.295470 0.014156 0.000000
0.437902 0.210368 0.019852 0.000000
0.428838 -0.156116 0.090600 0.000000
0.197523 -1.085021 -0.138171 1.000000
0.540624 0.033195 -0.014678 0.000000
0.161037 -1.309148 0.038725 0.000000
0.226340 -0.826188 0.008682 0.000000
0.332347 0.339442 0.062235 0.000000
0.275681 -0.293950 0.022417 0.000000
0.510712 -0.369236 0.110760 0.000000
0.195684 -1.175064 -0.201763 1.000000
0.160928 -0.494262 0.033230 0.000000
-0.003363 -0.850072 0.025278 0.000000
0.543872 -0.148307 -0.070078 0.000000
0.334511 0.124885 0.000054 0.000000
0.400292 0.299772 0.033490 0.000000
0.198528 -1.022892 0.021532 0.000000
0.202224 -0.390474 0.018385 0.000000
0.425211 0.260791 0.024199 0.000000
0.262647 -0.491376 0.014186 0.000000
0.058174 -0.779260 0.018036 0.000000
0.149808 -1.210513 0.051794 0.000000
0.567483 -0.186014 -0.106670 0.000000
0.192116 -1.073182 0.016913 0.000000
-0.063392 -1.024659 -0.019355 0.000000
0.345963 0.437224 0.056375 0.000000
0.329338 0.071895 -0.004042 0.000000
0.270885 -0.311802 0.025941 0.000000
0.473849 0.126141 0.001687 0.000000
0.327978 0.331669 0.050304 0.000000
0.130055 -0.563651 0.032898 0.000000
0.135385 -0.238667 -0.147804 0.000000
0.199565 -1.091102 0.041392 0.000000
0.442081 -0.151276 -0.123949 0.000000
0.296720 -0.113319 0.039419 0.000000
0.265930 -0.282857 0.020102 0.000000
0.206658 -0.074558 -0.059001 0.000000
0.220847 -0.918794 0.012509 0.000000
0.340330 0.062329 0.051548 0.000000
0.406842 0.133554 -0.005537 0.000000
0.244376 -0.589527 0.016856 0.000000
-0.108980 -1.122073 -0.037317 0.000000
0.188078 -1.177839 0.022766 0.000000
0.227816 -0.986476 -0.054846 1.000000
0.183463 -1.189746 0.045304 0.000000
0.217407 0.157792 -0.009554 0.000000
0.231312 -0.777223 0.007258 0.000000
0.357686 0.009551 0.069251 0.000000
0.383170 0.487735 0.051476 0.000000
0.663536 -0.504282 0.155637 0.000000
0.197428 -1.189765 -0.222848 1.000000
0.401817 0.144698 0.001403 0.000000
0.443605 -0.193656 0.093228 0.000000
0.428302 -0.122126 -0.109051 0.000000
0.339653 0.253107 0.020360 0.000000
0.393668 0.376042 0.036315 0.000000
0.354617 -0.116543 0.007849 0.000000
0.571813 -0.000068 -0.028902 0.000000
0.219307 -1.005955 -0.084078 1.000000
-0.075119 -1.043597 -0.021084 0.000000
0.353667 0.429531 0.036884 0.000000
0.175162 -1.278501 0.055214 0.000000
0.421746 0.239534 0.074139 0.000000
0.044196 -0.095857 -0.111932 0.000000
0.435755 -0.177099 0.092196 0.000000
0.138393 -0.517347 0.027660 0.000000
0.413178 0.093506 -0.008722 0.000000
0.269630 0.234290 0.013753 0.000000
0.492051 -0.324297 0.103521 0.000000
0.491706 -0.264090 -0.157973 0.000000
0.213198 -1.037355 0.023806 0.000000
0.195535 -1.013462 0.032069 0.000000
0.339094 0.419892 0.058909 0.000000
0.203518 -1.013741 0.027824 0.000000
0.304391 -0.066908 0.046857 0.000000
0.519382 0.037123 0.215887 0.000000
0.515757 -0.104248 -0.038207 0.000000
0.404841 0.306600 0.031957 0.000000
0.155087 -0.213685 -0.129428 0.000000
0.181373 -1.182059 0.048241 0.000000
0.119064 -0.559115 0.022695 0.000000
0.218107 -0.851929 0.010206 0.000000
0.167678 -1.200594 0.040321 0.000000
0.598566 -0.053252 -0.042786 0.000000
0.252344 -0.599336 0.012691 0.000000
0.211043 -0.895636 0.015293 0.000000
0.432960 -0.148433 -0.122335 0.000000
0.337780 0.304295 0.018530 0.000000
0.496591 -0.087399 -0.028778 0.000000
0.195890 -1.103669 0.040810 0.000000
0.305361 -0.094009 0.035881 0.000000
0.006367 -0.825714 0.021695 0.000000
0.149065 -1.155565 0.054230 0.000000
0.299552 -0.070396 0.030861 0.000000
0.437605 -0.175580 -0.132160 0.000000
-0.000730 -0.882056 0.006585 0.000000
0.539384 -0.137872 -0.064198 0.000000
0.351945 -0.087316 0.024227 0.000000
0.352127 0.463868 0.037291 0.000000
0.117045 0.016417 -0.053579 0.000000
0.116730 -1.250659 0.037275 0.000000
0.172329 -1.175984 0.054439 0.000000
0.279297 -0.242635 0.029559 0.000000
0.342268 0.443688 0.058320 0.000000
0.200414 -1.029118 -0.088817 1.000000
0.138003 -1.227913 0.039464 0.000000
0.209010 -1.019895 -0.085699 1.000000
0.322997 0.169189 0.050569 0.000000
0.319193 0.212203 0.049811 0.000000
0.386346 0.452245 0.038879 0.000000
0.389914 0.332233 0.030933 0.000000
0.448021 -0.230406 0.102212 0.000000
0.347527 0.377551 0.028287 0.000000
0.249948 -0.543959 0.013728 0.000000
0.092888 -0.591643 0.027265 0.000000
0.174020 -1.209078 0.031303 0.000000
0.176545 -1.260584 -0.285560 1.000000
0.307362 -0.002365 0.042360 0.000000
0.138106 -0.240192 -0.161101 0.000000
0.243893 -0.319835 0.015507 0.000000
0.211638 0.150739 0.000403 0.000000
0.312531 0.060039 0.042235 0.000000
0.210408 0.149874 -0.018762 0.000000
0.185711 -0.443418 0.030720 0.000000
0.259786 -0.428578 0.016379 0.000000
0.260253 -0.301568 0.031310 0.000000
0.445904 -0.022989 -0.017483 0.000000
0.271834 -0.343530 0.013486 0.000000
0.201472 -0.991716 -0.055464 1.000000
0.402871 0.278840 0.072751 0.000000
0.290209 0.263303 0.027402 0.000000
0.189778 -1.194034 0.051996 0.000000
0.039031 -0.101725 -0.111167 0.000000
0.472779 -0.210942 -0.147620 0.000000
0.159514 -0.200153 -0.115817 0.000000
0.559079 0.009499 -0.024921 0.000000
0.068784 -0.659898 0.024278 0.000000
0.232917 0.183264 -0.002053 0.000000
0.275828 -0.257548 0.027160 0.000000
0.423962 -0.188691 0.094243 0.000000
0.052555 -0.079036 -0.099690 0.000000
0.349642 0.079329 -0.012732 0.000000
0.245006 -0.652061 0.022277 0.000000
0.459473 -0.237771 0.102398 0.000000
0.577367 -0.195109 -0.120579 0.000000
0.322725 0.111705 0.037494 0.000000
0.275723 -0.281733 0.030188 0.000000
0.009806 -0.142879 -0.134397 0.000000
0.226781 -0.883220 0.017635 0.000000
0.226720 -0.891608 0.009772 0.000000
0.189872 -1.198134 -0.229663 1.000000
0.199265 -1.070498 0.026257 0.000000
0.145670 -1.150573 0.038468 0.000000
0.389253 -0.013795 -0.051919 0.000000
0.389878 -0.042446 0.083418 0.000000
0.342793 0.427626 0.053847 0.000000
0.222840 -0.866883 0.013289 0.000000
0.165439 -1.217225 0.055691 0.000000
0.680924 -0.511845 0.164248 0.000000
0.155939 -0.206070 -0.119134 0.000000
0.247909 -0.622632 0.008015 0.000000
0.276831 -0.252493 0.020755 0.000000
0.207543 -1.038788 -0.100539 1.000000
0.080295 -1.354202 0.086685 0.000000
0.178631 -1.161990 0.039689 0.000000
0.190236 -1.259434 -0.279397 1.000000
0.231974 -0.923208 -0.010342 1.000000
0.333134 0.402039 0.061339 0.000000
0.368670 0.030814 -0.032482 0.000000
0.011924 -0.830308 0.025790 0.000000
-0.008633 -0.880585 0.012884 0.000000
0.166687 0.084843 -0.026261 0.000000
0.019681 -0.841420 0.011148 0.000000
0.446801 -0.161631 -0.135607 0.000000
0.247203 -0.625392 0.020957 0.000000
0.396949 0.354767 0.030979 0.000000
0.323250 0.049790 -0.013001 0.000000
0.185782 -1.245475 -0.269848 1.000000
0.139987 -1.165408 0.037130 0.000000
0.104571 -0.607914 0.028575 0.000000
0.454654 0.178346 0.020937 0.000000
0.474379 0.128171 0.139047 0.000000
0.391722 0.317995 0.027681 0.000000
0.394558 0.249696 0.014430 0.000000
0.226287 -0.902345 0.000377 1.000000
0.401680 -0.095837 0.084247 0.000000
0.325074 0.208258 0.010106 0.000000
0.297655 -0.155374 0.040375 0.000000
0.239942 -0.637451 0.021715 0.000000
0.315880 0.316292 0.053088 0.000000
0.298066 -0.071748 0.042525 0.000000
0.236602 -0.757588 0.022465 0.000000
-0.047615 -0.986596 -0.011863 0.000000
0.022036 -0.296126 -0.250817 0.000000
0.337746 0.180201 0.008884 0.000000
0.503201 -0.102841 -0.037062 0.000000
0.240798 -0.731630 0.010934 0.000000
0.116980 -1.280965 0.058347 0.000000
0.250733 -0.635647 0.015326 0.000000
0.481973 0.113382 0.001103 0.000000
0.216627 -0.880039 0.014368 0.000000
0.157082 -1.359868 -0.381224 1.000000
0.217819 0.148077 -0.008184 0.000000
0.163565 -1.227218 0.055190 0.000000
0.191933 -1.091792 -0.142172 1.000000
0.322011 0.181362 0.043844 0.000000
0.396602 0.277665 0.017702 0.000000
0.250307 0.207856 0.015410 0.000000
0.105746 -0.013621 -0.063604 0.000000
0.389401 -0.090467 0.078669 0.000000
0.427157 0.050343 -0.007349 0.000000
0.310843 0.179958 -0.003139 0.000000
0.706042 -0.145360 -0.079118 0.000000
0.096841 -0.597751 0.021549 0.000000
0.042727 -0.293845 -0.245642 0.000000
0.228373 -0.849071 0.019875 0.000000
0.331094 0.349844 0.057203 0.000000
0.111123 0.027820 -0.056942 0.000000
0.472299 -0.220821 -0.150409 0.000000
0.076649 -0.703632 0.023056 0.000000
0.178508 -1.247095 0.055354 0.000000
0.112114 -0.603779 0.026397 0.000000
0.046182 -0.759694 0.020511 0.000000
0.271915 0.093645 -0.006817 0.000000
0.349651 0.391214 0.038645 0.000000
-0.024781 -0.925585 0.005067 0.000000
0.197102 -1.035244 0.029806 0.000000
0.276896 -0.265570 0.034163 0.000000
0.603351 -0.463899 0.144097 0.000000
0.330483 -0.023543 0.014815 0.000000
0.357175 -0.097512 0.022193 0.000000
0.352845 0.416061 0.039232 0.000000
0.465597 -0.248600 0.096312 0.000000
0.015761 -0.827943 0.015935 0.000000
0.232038 -0.836815 0.016013 0.000000
0.254387 -0.534997 0.020046 0.000000
0.210040 -1.025947 -0.081345 1.000000
0.200162 -1.048928 -0.102090 1.000000
0.425268 0.250966 0.028867 0.000000
0.151595 -1.163986 0.047532 0.000000
0.226177 -0.961716 -0.041706 1.000000
0.106126 -0.593206 0.028214 0.000000
0.254234 -0.586690 0.009825 0.000000
0.190588 -1.121117 0.028537 0.000000
0.414345 0.089050 0.003601 0.000000
0.174037 -1.055834 0.029606 0.000000
0.327754 -0.029716 -0.000667 0.000000
0.319876 0.153105 0.046879 0.000000
0.336452 0.062501 0.057928 0.000000
0.430901 0.039563 -0.008011 0.000000
0.311994 0.191865 0.006526 0.000000
0.189667 -0.421472 0.028294 0.000000
0.445333 -0.214600 0.095052 0.000000
0.260938 0.066325 -0.012908 0.000000
0.204346 -1.139826 -0.176489 1.000000
0.239691 -0.014793 -0.032018 0.000000
0.030111 -0.120282 -0.119405 0.000000
0.143898 -0.234173 -0.155258 0.000000
0.140942 0.036485 -0.038594 0.000000
0.194422 -1.141292 -0.177803 1.000000
0.301910 -0.152004 0.035037 0.000000
0.148672 -1.216810 0.046310 0.000000
0.337384 0.281232 0.020241 0.000000
0.051719 -0.770766 0.023460 0.000000
0.231380 -0.959796 -0.034563 1.000000
0.305627 -0.058493 0.036906 0.000000
0.414666 -0.151725 0.085870 0.000000
0.433755 0.040081 0.001320 0.000000
0.207050 -1.015677 0.020156 0.000000
0.329564 -0.070379 0.004239 0.000000
0.135164 -0.564656 0.037837 0.000000
0.351942 0.011653 0.054675 0.000000
0.179233 -1.249703 -0.281477 1.000000
-0.026434 -0.933733 0.001560 0.000000
0.158361 -1.132678 0.051400 0.000000
0.065621 -0.748633 0.020986 0.000000
0.208942 -0.077660 -0.064885 0.000000
0.204680 -1.094576 -0.148621 1.000000
0.226049 -0.352240 0.029184 0.000000
0.126128 -0.553473 0.029273 0.000000
0.082598 -0.701418 0.028795 0.000000
0.413517 -0.140919 0.092678 0.000000
0.136984 -1.182405 0.048153 0.000000
0.283192 -0.200481 0.024818 0.000000
0.448234 -0.184776 -0.138477 0.000000
0.434193 0.216802 0.015080 0.000000
0.134861 -0.529384 0.023700 0.000000
0.194414 -1.040982 0.038179 0.000000
0.724734 -0.151246 -0.075435 0.000000
0.395628 0.302031 0.028306 0.000000
0.054702 -0.740810 0.025065 0.000000
0.328976 0.214503 0.005967 0.000000
0.323727 0.144614 0.047313 0.000000
0.171016 -1.171882 0.035708 0.000000
0.261456 -0.293362 0.021852 0.000000
0.224811 -0.906818 0.017068 0.000000
0.046765 -0.736212 0.027077 0.000000
0.223741 -0.803305 0.010701 0.000000
0.081434 -0.050028 -0.085389 0.000000
0.391182 0.298325 0.062140 0.000000
0.349047 0.366532 0.027252 0.000000
0.219666 -0.943224 -0.023423 1.000000
0.385023 -0.003830 -0.043166 0.000000
0.333345 0.386964 0.050131 0.000000
0.074974 -0.689239 0.023980 0.000000
0.342986 0.393278 0.055369 0.000000
0.172396 -1.126627 0.040824 0.000000
0.263587 -0.364657 0.022630 0.000000
0.085416 -0.041271 -0.076662 0.000000
0.264826 -0.284343 0.030376 0.000000
0.409321 0.291538 0.025077 0.000000
0.411935 0.120820 -0.009939 0.000000
0.444994 -0.243124 0.104779 0.000000
0.190246 -1.129542 0.028417 0.000000
0.180242 -1.268867 0.015994 0.000000
0.217581 -0.965670 0.019372 0.000000
0.394403 0.327353 0.034296 0.000000
0.255147 -0.539472 0.007312 0.000000
0.137655 -1.190049 0.066130 0.000000
-0.045033 -0.979601 -0.005503 0.000000
0.326118 0.050881 -0.000318 0.000000
0.263858 -0.475382 0.025646 0.000000
-0.096664 -1.101575 -0.032428 0.000000
0.285720 -0.176257 0.038477 0.000000
0.354394 0.469944 0.039861 0.000000
0.121871 -1.325449 0.034663 0.000000
0.208153 -1.035043 0.038138 0.000000
0.283058 0.255749 0.037035 0.000000
0.236072 -0.714805 0.012728 0.000000
0.178158 0.102703 -0.027248 0.000000
0.312481 -0.018307 0.042779 0.000000
0.200338 -0.410052 0.040113 0.000000
0.322649 0.195916 0.051514 0.000000
0.338016 -0.049277 0.011906 0.000000
0.180323 -1.276475 -0.299805 1.000000
0.043014 -0.791508 0.016730 0.000000
0.434571 -0.219784 0.099576 0.000000
0.197947 -1.054948 -0.108225 1.000000
0.336936 0.315008 0.053727 0.000000
0.121889 -1.241785 0.032243 0.000000
0.034698 -0.298318 -0.237386 0.000000
0.449427 0.190592 0.101598 0.000000
-0.041359 -0.966749 -0.010177 0.000000
0.195387 -0.406793 0.027267 0.000000
0.204648 -1.087603 -0.139522 1.000000
0.402657 0.135660 0.006134 0.000000
0.088188 -0.647339 0.031331 0.000000
0.294901 -0.129794 0.028704 0.000000
0.464857 -0.226377 -0.147695 0.000000
0.271324 -0.248855 0.028663 0.000000
0.153654 -0.467015 0.020226 0.000000
0.387533 0.499637 0.049417 0.000000
0.373602 -0.033963 0.070400 0.000000
0.326500 0.278609 0.048965 0.000000
0.339470 0.325693 0.023021 0.000000
0.330966 0.232017 0.050329 0.000000
0.183556 -0.138494 -0.084598 0.000000
0.190384 -1.279238 -0.311193 1.000000
0.382697 -0.068771 0.068242 0.000000
0.327158 -0.005277 0.006104 0.000000
0.223350 -0.929116 0.018647 0.000000
0.486204 -0.310611 0.102789 0.000000
0.403999 0.121503 0.009916 0.000000
0.271497 -0.290011 0.030491 0.000000
0.123878 -0.567267 0.031493 0.000000
0.242882 0.194533 0.016198 0.000000
0.180358 -1.116727 0.029627 0.000000
0.061068 -0.735903 0.024365 0.000000
0.158877 -1.234952 0.044848 0.000000
0.619892 -0.474872 0.146344 0.000000
0.306820 -0.082359 0.038983 0.000000
0.244300 -0.706584 0.012174 0.000000
0.383038 -0.081406 0.070519 0.000000
0.383378 -0.056808 0.077381 0.000000
0.172764 -0.136950 -0.086538 0.000000
0.248600 -0.658070 0.016242 0.000000
0.438504 0.210378 0.029443 0.000000
0.158474 -1.150812 0.042765 0.000000
0.177999 -1.335808 0.063767 0.000000
0.306720 0.297412 0.039408 0.000000
0.202705 -1.053287 0.036706 0.000000
0.449731 -0.004652 -0.002744 0.000000
0.271172 -0.278510 0.019015 0.000000
0.115639 -0.588682 0.030938 0.000000
-0.099712 -1.112061 -0.030848 0.000000
0.393101 0.283697 0.021780 0.000000
0.134099 -1.158068 0.034303 0.000000
0.416357 -0.087217 -0.093986 0.000000
0.151580 -1.238166 0.048341 0.000000
0.168788 -1.344310 -0.357510 1.000000
0.395437 0.397658 0.042403 0.000000
0.092216 -0.016145 -0.067605 0.000000
0.399969 0.247666 0.009345 0.000000
0.167839 -1.213660 0.038606 0.000000
0.245485 -0.578050 0.020262 0.000000
0.420695 -0.114343 -0.101483 0.000000
0.236498 -0.764276 0.016105 0.000000
0.343281 0.238883 0.015195 0.000000
0.144244 -0.222784 -0.137339 0.000000
0.391050 0.363300 0.039405 0.000000
0.190648 -1.252474 -0.281873 1.000000
0.178753 -1.170440 0.040225 0.000000
-0.074869 -1.048358 -0.030243 0.000000
0.437887 0.020874 -0.012225 0.000000
0.469642 0.134994 0.128168 0.000000
0.488218 -0.076863 -0.023695 0.000000
0.081038 -0.652465 0.024558 0.000000
0.412268 -0.160993 0.078277 0.000000
0.459578 -0.026110 -0.012658 0.000000
0.254918 -0.576974 0.011739 0.000000
0.154172 -0.511665 0.033943 0.000000
0.224551 -0.350785 0.012265 0.000000
0.386915 0.228614 0.017274 0.000000
0.565590 -0.441424 0.128000 0.000000
0.318114 0.099762 0.049733 0.000000
0.242565 0.045138 -0.030009 0.000000
0.370777 0.437437 0.037083 0.000000
0.240838 0.192636 0.009093 0.000000
0.478604 -0.284694 0.098339 0.000000
0.478788 0.145831 0.015937 0.000000
0.321573 0.103946 0.060366 0.000000
0.186776 -0.407892 0.020137 0.000000
0.255361 -0.520557 0.021174 0.000000
0.155644 -0.218363 -0.139620 0.000000
0.580078 -0.449025 0.144514 0.000000
0.354493 -0.108775 0.014037 0.000000
-0.087309 -1.080660 -0.019746 0.000000
0.171625 -0.144804 -0.087166 0.000000
0.132968 -1.220977 0.040804 0.000000
0.217676 -0.375459 0.025506 0.000000
0.257441 -0.458326 0.021005 0.000000
0.176622 -1.046194 0.033970 0.000000
0.157748 -1.230067 0.053018 0.000000
0.089134 -0.681844 0.033997 0.000000
0.441007 0.202168 0.094522 0.000000
0.154157 -1.150866 0.054186 0.000000
0.367644 0.050641 -0.023385 0.000000
0.403890 -0.091096 -0.090352 0.000000
0.337895 0.352540 0.062383 0.000000
0.318752 0.191854 0.007495 0.000000
0.339329 0.411575 0.060609 0.000000
0.189364 -1.012170 0.028731 0.000000
0.270979 -0.407533 0.014231 0.000000
0.448951 -0.014460 -0.019223 0.000000
-0.000045 -0.853111 0.020161 0.000000
0.329081 0.073035 0.005415 0.000000
0.613686 -0.051674 -0.052306 0.000000
0.120086 -0.256753 -0.167268 0.000000
0.211583 -1.034014 -0.105979 1.000000
0.170031 -0.451726 0.020159 0.000000
0.112765 -0.566146 0.026678 0.000000
0.210440 -0.384605 0.039443 0.000000
0.305777 -0.024240 0.042501 0.000000
0.215232 -0.953951 0.019012 0.000000
0.155807 -0.482853 0.027660 0.000000
0.345060 0.309003 0.018015 0.000000
0.090582 -0.008910 -0.064446 0.000000
0.181247 -1.085786 0.032917 0.000000
0.406001 0.300341 0.029232 0.000000
0.344431 0.094045 0.001359 0.000000
0.028142 -0.297796 -0.239115 0.000000
0.323610 0.202908 0.004037 0.000000
0.207683 -1.046456 0.015239 0.000000
0.171518 -1.208604 0.046710 0.000000
0.494850 0.091210 0.176747 0.000000
0.259879 -0.292515 0.010612 0.000000
0.223115 -0.945683 0.023396 0.000000
0.233817 -0.742694 0.021174 0.000000
0.392991 -0.084551 0.078167 0.000000
0.555943 -0.433667 0.137036 0.000000
0.200965 -1.129141 -0.175014 1.000000
0.185491 -1.202658 0.022548 0.000000
0.111935 -0.000526 -0.056795 0.000000
0.332500 -0.055216 0.005525 0.000000
0.203893 -1.079441 -0.127141 1.000000
0.233959 -0.962586 -0.041390 1.000000
0.386954 0.283543 0.028611 0.000000
0.333185 0.340298 0.055568 0.000000
0.247037 -0.664053 0.010565 0.000000
0.184165 -1.131410 0.046061 0.000000
0.171266 -1.290290 -0.313573 1.000000
0.204561 -1.054022 -0.114204 1.000000
0.398744 -0.102858 0.078612 0.000000
0.191083 -1.132064 0.037748 0.000000
0.326883 0.260052 0.049008 0.000000
0.331644 0.070774 0.058865 0.000000
0.237502 -0.637707 0.010596 0.000000
0.426156 -0.138954 -0.113486 0.000000
0.201579 -1.076958 0.046711 0.000000
0.282820 -0.199608 0.031718 0.000000
0.200086 -0.403018 0.033709 0.000000
0.170584 -1.179855 0.035712 0.000000
-0.002733 -0.869041 0.014550 0.000000
0.338863 0.266938 0.013975 0.000000
0.422312 -0.181084 0.094459 0.000000
0.200537 -0.995361 0.025017 0.000000
0.244410 0.018912 -0.024306 0.000000
0.182009 -0.425864 0.019107 0.000000
0.412131 0.102687 -0.006105 0.000000
0.474638 -0.053943 -0.016450 0.000000
0.010461 -0.837403 0.017326 0.000000
0.293578 0.270365 0.017495 0.000000
0.236027 -0.723001 0.012077 0.000000
0.197229 -1.079514 0.030156 0.000000
0.170228 -1.048076 0.035913 0.000000
0.197101 -1.205381 -0.238247 1.000000
0.180843 -0.441591 0.024232 0.000000
0.231701 -0.757301 0.007676 0.000000
0.340490 0.375670 0.050070 0.000000
0.171216 -1.195211 0.042289 0.000000
0.400381 -0.049546 -0.065817 0.000000
0.152490 -0.503990 0.025710 0.000000
0.270823 -0.258436 0.021919 0.000000
0.041870 -0.100637 -0.104513 0.000000
0.333240 0.361464 0.052964 0.000000
0.585326 -0.455464 0.132431 0.000000
0.447255 0.177356 0.104594 0.000000
0.189337 -1.070808 0.027918 0.000000
0.117501 0.024842 -0.051634 0.000000
0.319868 0.115456 0.051442 0.000000
0.392295 0.369552 0.033212 0.000000
0.202646 -1.127772 -0.165603 1.000000
0.316183 0.082903 0.043282 0.000000
0.312114 0.028450 0.044166 0.000000
0.704589 -0.136935 -0.067842 0.000000
0.178124 -1.090402 0.037515 0.000000
0.400328 -0.059911 -0.073756 0.000000
0.254305 0.057509 -0.019038 0.000000
0.290767 0.276206 0.029213 0.000000
0.436252 0.204897 0.090025 0.000000
0.147803 -1.156985 0.029965 0.000000
0.229386 -0.801621 0.015820 0.000000
0.283097 -0.207729 0.025285 0.000000
0.509654 0.077481 -0.001167 0.000000
0.219806 -0.025952 -0.042773 0.000000
0.268406 -0.267907 0.023024 0.000000
0.198086 -1.138548 -0.163916 1.000000
0.414261 0.259877 0.077046 0.000000
0.329541 0.030282 -0.007595 0.000000
0.216321 -1.003818 -0.071084 1.000000
0.359062 0.356785 0.044178 0.000000
0.265893 -0.513571 0.008858 0.000000
0.157994 -0.504638 0.037563 0.000000
0.334759 0.194869 0.003789 0.000000
0.122302 -1.256171 0.059646 0.000000
0.264428 -0.502177 0.016699 0.000000
0.202550 -1.155775 -0.190429 1.000000
0.178920 -1.179595 0.037382 0.000000
0.416007 0.073943 0.006783 0.000000
0.201018 -1.118986 -0.164920 1.000000
0.669100 -0.120994 -0.065275 0.000000
0.096636 -0.654023 0.030952 0.000000
0.196819 -1.153829 0.022859 0.000000
0.064360 -0.075648 -0.094286 0.000000
0.127237 -1.204802 0.070959 0.000000
0.237839 -0.683008 0.013589 0.000000
0.478459 -0.046646 -0.016031 0.000000
0.247803 -0.654506 0.010647 0.000000
0.364566 -0.121757 0.011387 0.000000
0.396003 0.390709 0.035950 0.000000
0.254310 0.033828 -0.015490 0.000000
0.453113 -0.021344 -0.018763 0.000000
0.335274 0.288762 0.052159 0.000000
0.130599 0.037854 -0.047458 0.000000
0.196930 -1.186234 -0.229326 1.000000
0.207145 -0.389614 0.034562 0.000000
0.166638 -1.241574 0.033903 0.000000
0.570843 -0.018658 -0.038714 0.000000
0.195515 -0.984967 -0.050901 1.000000
0.117010 -1.250332 0.058895 0.000000
0.007498 -0.881128 0.005163 0.000000
0.174355 -1.200953 0.050205 0.000000
0.634306 -0.476829 0.153857 0.000000
0.283186 -0.233891 0.026200 0.000000
0.334249 0.407907 0.052603 0.000000
0.335935 0.299352 0.052872 0.000000
0.408696 -0.078071 -0.087125 0.000000
0.190682 -1.135044 -0.174061 1.000000
0.307715 0.032554 0.035509 0.000000
0.205992 -1.045928 -0.106659 1.000000
0.405648 -0.143709 0.080202 0.000000
0.270183 -0.333866 0.021477 0.000000
0.211113 -0.370849 0.021577 0.000000
0.121990 -1.248786 0.075125 0.000000
0.195006 -1.118658 -0.170865 1.000000
0.151371 -1.293952 0.053331 0.000000
0.438740 -0.242710 0.100330 0.000000
0.020333 -0.140595 -0.127785 0.000000
0.304747 -0.097001 0.042487 0.000000
0.380374 -0.042870 0.079975 0.000000
0.412013 0.077385 -0.013726 0.000000
0.349764 0.386820 0.028546 0.000000
0.268247 -0.318632 0.018765 0.000000
0.190042 -1.038414 0.031988 0.000000
0.291959 -0.143049 0.025882 0.000000
0.274895 0.107950 -0.011544 0.000000
0.325442 0.006687 0.005190 0.000000
0.671223 -0.110393 -0.064341 0.000000
0.134345 -0.536575 0.030257 0.000000
0.394832 0.343820 0.032484 0.000000
0.248114 -0.614834 0.014771 0.000000
0.183112 -1.328513 -0.346600 1.000000
0.527067 0.027244 0.229536 0.000000
0.306380 -0.041417 0.043842 0.000000
0.560170 -0.442279 0.136044 0.000000
0.284066 0.255807 0.025630 0.000000
0.302608 -0.087601 0.039154 0.000000
0.061829 -0.291223 -0.228012 0.000000
0.525861 -0.399556 0.121816 0.000000
0.336188 -0.027988 0.009347 0.000000
0.193950 -1.146600 -0.182376 1.000000
0.432938 0.226033 0.088034 0.000000
0.186250 -1.211791 0.059494 0.000000
0.375622 -0.045050 0.066234 0.000000
0.216077 -0.372346 0.039210 0.000000
0.054947 -0.727325 0.026656 0.000000
0.212199 -0.970682 -0.042889 1.000000
0.371321 -0.034348 0.060870 0.000000
0.242575 -0.645831 0.018414 0.000000
0.344556 0.401038 0.035142 0.000000
0.208597 -1.031694 -0.087275 1.000000
0.228777 -0.982894 -0.061315 1.000000
0.229699 -0.783430 0.011925 0.000000
0.512592 -0.388996 0.130214 0.000000
0.353190 0.073508 -0.007406 0.000000
0.445891 -0.007567 -0.018523 0.000000
0.100097 -0.643003 0.027117 0.000000
0.427088 0.044375 0.003229 0.000000
0.407100 -0.115723 0.087146 0.000000
0.232767 0.179562 0.003410 0.000000
0.276639 -0.287440 0.023283 0.000000
0.335637 0.084210 -0.003634 0.000000
0.449919 -0.235738 0.098644 0.000000
0.164880 -1.201477 0.053941 0.000000
0.283674 -0.247559 0.029183 0.000000
0.327280 0.241135 0.053687 0.000000
0.206956 -1.029489 -0.096955 1.000000
0.271109 -0.354535 0.021991 0.000000
-0.031634 -0.944037 0.000628 0.000000
0.232852 -0.336189 0.021383 0.000000
0.383116 0.317403 0.050404 0.000000
0.341888 0.261215 0.011908 0.000000
0.318441 0.121850 0.048818 0.000000
0.284514 -0.186508 0.028860 0.000000
0.393220 -0.088687 0.085817 0.000000
0.435151 -0.160171 -0.121875 0.000000
0.463673 -0.047657 -0.023654 0.000000
0.093956 -0.636744 0.028928 0.000000
0.487339 -0.337396 0.112531 0.000000
0.394469 0.203899 0.010416 0.000000
0.331937 0.274937 0.049448 0.000000
0.411043 -0.100994 -0.091149 0.000000
0.462413 0.157568 0.012826 0.000000
0.209463 -0.046046 -0.049598 0.000000
0.337499 0.101728 -0.009684 0.000000
0.457053 -0.034081 -0.022649 0.000000
0.224763 -0.876593 0.014518 0.000000
0.292167 -0.181442 0.023380 0.000000
0.184529 -1.135764 0.036995 0.000000
0.342244 0.339640 0.025128 0.000000
0.241665 0.192157 -0.006421 0.000000
0.210975 -0.981256 0.018495 0.000000
0.397661 -0.053302 -0.070457 0.000000
0.392981 0.257556 0.017613 0.000000
0.335914 0.165452 0.005821 0.000000
0.233393 0.016970 -0.032997 0.000000
0.239833 -0.327607 0.031662 0.000000
0.182645 -1.172591 0.020785 0.000000
0.413766 -0.115323 0.093797 0.000000
0.174366 -1.329950 -0.341513 1.000000
0.074168 -0.045407 -0.084684 0.000000
-0.030882 -0.935981 0.006093 0.000000
0.336190 -0.062189 0.013153 0.000000
0.301772 0.014682 0.041512 0.000000
0.235274 -0.694397 0.009748 0.000000
0.339267 0.401792 0.065946 0.000000
0.329263 0.288808 0.046886 0.000000
0.272502 -0.439454 0.015034 0.000000
0.278170 -0.269513 0.022630 0.000000
0.081160 -0.710262 0.026314 0.000000
0.154097 -1.153977 0.039094 0.000000
0.083266 -0.658549 0.030542 0.000000
0.173102 -1.224145 0.033187 0.000000
0.211386 -0.975667 0.026711 0.000000
0.497263 -0.272751 -0.149283 0.000000
0.411641 0.096081 0.004734 0.000000
0.193409 -1.094849 0.040421 0.000000
0.181549 -0.148665 -0.089954 0.000000
0.193133 -1.217120 -0.235418 1.000000
0.388711 -0.066485 0.081243 0.000000
0.187471 -1.124855 0.034283 0.000000
0.126061 -0.590474 0.036190 0.000000
0.329222 0.084441 -0.008873 0.000000
-0.083605 -1.073019 -0.017510 0.000000
0.340246 0.369313 0.027168 0.000000
0.356177 0.012740 0.061932 0.000000
0.081118 -0.638765 0.028219 0.000000
0.232191 -0.930655 -0.016793 1.000000
0.317145 0.187887 0.001718 0.000000
0.226522 -0.891464 0.018333 0.000000
0.353444 0.438813 0.034207 0.000000
0.642289 -0.487866 0.155069 0.000000
0.174671 -1.249418 0.060882 0.000000
0.156117 -1.109042 0.019353 0.000000
0.403988 -0.152774 0.082737 0.000000
0.604734 -0.041606 -0.048027 0.000000
0.181859 -1.114011 0.039857 0.000000
0.228673 0.175183 0.006583 0.000000
0.170258 -1.150863 0.045754 0.000000
0.135452 0.045169 -0.042702 0.000000
0.091857 -0.670355 0.027709 0.000000
0.168035 -1.171802 0.042395 0.000000
-0.027293 -0.925701 0.012027 0.000000
0.317918 0.173187 0.052732 0.000000
0.480187 -0.305479 0.112060 0.000000
0.176490 -1.331372 -0.352906 1.000000
0.386981 0.206096 0.016921 0.000000
0.033223 -0.816846 0.010534 0.000000
0.086490 -0.629229 0.029846 0.000000
0.182498 -1.154943 0.037276 0.000000
0.163306 0.093021 -0.041903 0.000000
0.208339 -0.382575 0.027124 0.000000
0.265867 -0.374294 0.019743 0.000000
0.392314 0.416398 0.041045 0.000000
0.368284 -0.022789 0.063324 0.000000
0.192207 -1.021620 -0.084901 1.000000
0.198763 -1.146206 -0.194825 1.000000
0.417458 0.252474 0.071967 0.000000
-0.090769 -1.093593 -0.023442 0.000000
0.323632 0.246347 0.045971 0.000000
0.500228 0.075360 0.179309 0.000000
0.325185 0.205311 0.050987 0.000000
0.329630 -0.060821 -0.003596 0.000000
0.030780 -0.112485 -0.116345 0.000000
0.397892 0.172688 0.011449 0.000000
0.529204 -0.406664 0.129790 0.000000
0.418283 -0.184952 0.090292 0.000000
0.260817 -0.508906 0.017706 0.000000
0.388261 0.478713 0.044248 0.000000
0.349105 0.031202 0.071254 0.000000
0.333381 0.327755 0.050943 0.000000
0.371293 -0.023513 0.075099 0.000000
0.163828 -1.186678 0.040890 0.000000
0.532468 0.048460 -0.008476 0.000000
0.302695 0.287243 0.030067 0.000000
0.336736 0.150443 0.003533 0.000000
0.535923 -0.413534 0.121041 0.000000
0.354269 0.018766 0.073344 0.000000
0.159591 -1.366809 -0.368961 1.000000
0.196883 -1.113838 0.047383 0.000000
0.211215 -0.966616 0.021849 0.000000
0.188303 -0.434175 0.028667 0.000000
0.246717 -0.628971 0.005882 0.000000
0.303162 0.291880 0.040699 0.000000
0.205314 -1.094074 -0.141556 1.000000
0.285469 -0.207009 0.039555 0.000000
0.173173 -0.167003 -0.098947 0.000000
0.165206 -0.475767 0.032263 0.000000
0.192961 -1.100366 0.021328 0.000000
0.051473 -0.777734 0.018278 0.000000
0.263921 -0.369609 0.015446 0.000000
0.262169 -0.554713 0.016394 0.000000
0.151223 -1.224191 0.047797 0.000000
0.262003 -0.469304 0.015595 0.000000
0.476526 -0.302047 0.107569 0.000000
0.177043 -0.156701 -0.087501 0.000000
0.425483 0.069784 -0.002147 0.000000
0.241026 -0.671497 0.013418 0.000000
0.300043 -0.091940 0.043807 0.000000
0.315316 0.069204 0.043636 0.000000
0.183804 -1.241791 -0.274745 1.000000
0.499274 -0.097845 -0.034741 0.000000
0.164732 -1.091023 0.034872 0.000000
0.195391 -1.167254 -0.205901 1.000000
0.392723 0.293740 0.028459 0.000000
0.501040 -0.360599 0.122307 0.000000
0.340914 0.048778 0.065859 0.000000
-0.020153 -0.923492 0.009642 0.000000
0.398952 0.307986 0.029778 0.000000
0.190352 -1.106931 0.040942 0.000000
0.148535 -0.499469 0.028933 0.000000
0.073698 -0.673933 0.025445 0.000000
0.267256 -0.436966 0.023972 0.000000
0.238086 -0.667805 0.022695 0.000000
0.316878 0.197226 0.014094 0.000000
0.217226 -0.886213 0.010807 0.000000
0.210768 -1.085790 -0.130565 1.000000
0.347071 -0.085920 0.019871 0.000000
0.243597 -0.704241 0.019666 0.000000
0.141809 -1.177635 0.043194 0.000000
0.292185 -0.208967 0.026076 0.000000
0.667050 -0.510063 0.159970 0.000000
0.164614 -1.210308 0.049173 0.000000
0.132643 -1.198122 0.070659 0.000000
0.244893 -0.593360 0.011745 0.000000
0.216677 -1.011107 -0.081327 1.000000
0.551970 0.018599 -0.019291 0.000000
0.282914 -0.222503 0.027631 0.000000
0.081882 -0.673506 0.028975 0.000000
0.690104 -0.127873 -0.076269 0.000000
0.256383 -0.471746 0.023562 0.000000
0.185906 -0.427228 0.031239 0.000000
-0.011990 -0.903375 0.005208 0.000000
0.642869 -0.092124 -0.058684 0.000000
0.251528 -0.555213 0.021929 0.000000
0.262715 -0.485056 0.016362 0.000000
0.191038 -0.092341 -0.064751 0.000000
0.433107 -0.172957 0.096278 0.000000
0.364699 0.058780 -0.010976 0.000000
0.314129 -0.010488 0.038415 0.000000
0.260607 -0.518154 0.015184 0.000000
0.231295 -0.721209 0.007790 0.000000
0.162227 0.077863 -0.028141 0.000000
-0.105301 -1.111986 -0.034941 0.000000
0.097927 -0.624999 0.029217 0.000000
0.093238 -0.664069 0.026815 0.000000
0.299283 -0.031818 0.044528 0.000000
0.230192 -0.946418 -0.030940 1.000000
0.324137 0.030765 0.000716 0.000000
0.172512 -1.288145 0.034951 0.000000
0.534955 -0.414108 0.128670 0.000000
0.403992 0.159440 0.000291 0.000000
0.361762 0.053734 -0.019189 0.000000
0.076491 -0.649446 0.028646 0.000000
0.579581 -0.017569 -0.035193 0.000000
0.207711 -1.000510 0.025561 0.000000
0.224464 -0.789148 0.012546 0.000000
0.382698 -0.015969 -0.047085 0.000000
0.315130 0.162452 0.051480 0.000000
0.661902 -0.108642 -0.062687 0.000000
0.235148 -0.765433 0.009473 0.000000
0.347366 0.085819 -0.008654 0.000000
0.195326 -1.093736 0.024249 0.000000
0.202160 -0.966992 -0.037961 1.000000
-0.069268 -1.034911 -0.014160 0.000000
0.415784 -0.169170 0.087151 0.000000
0.508870 0.048983 0.208834 0.000000
0.230014 -0.793022 0.007173 0.000000
0.140536 -1.190634 0.054385 0.000000
0.175185 -1.157149 0.045138 0.000000
0.252701 -0.509861 0.021853 0.000000
0.333627 0.215612 0.001542 0.000000
0.418111 0.254541 0.031026 0.000000
0.244532 -0.319266 0.032169 0.000000
0.340475 -0.065352 0.021047 0.000000
0.184706 -1.257279 0.059837 0.000000
0.342316 0.305328 0.023344 0.000000
0.189621 -1.114060 0.036710 0.000000
0.223303 -0.920250 0.018176 0.000000
0.184078 -1.196131 -0.240021 1.000000
0.411769 -0.133729 0.084140 0.000000
0.270307 -0.478209 0.015924 0.000000
0.420851 0.250852 0.024299 0.000000
0.732576 -0.155854 -0.085214 0.000000
0.425091 -0.126666 -0.112420 0.000000
0.225483 -0.835760 0.013944 0.000000
0.191802 -1.115756 0.023369 0.000000
0.194951 -1.205410 -0.226722 1.000000
0.309411 0.068620 0.048017 0.000000
0.495962 0.105385 0.010458 0.000000
0.298361 -0.099701 0.030718 0.000000
0.352713 0.458402 0.043485 0.000000
0.332384 -0.041750 0.010634 0.000000
0.199005 -1.091233 0.033973 0.000000
0.494958 -0.351830 0.118274 0.000000
0.747009 -0.163356 -0.091407 0.000000
0.185516 -1.141431 0.029564 0.000000
0.695824 -0.131041 -0.077345 0.000000
0.223925 -0.935921 -0.019384 1.000000
0.305795 -0.007133 0.034131 0.000000
0.210671 -0.083950 -0.057452 0.000000
0.270779 -0.422102 0.013504 0.000000
0.399675 -0.115410 0.079165 0.000000
0.452236 -0.222027 0.095947 0.000000
0.279112 -0.224847 0.023152 0.000000
0.330503 -0.034116 0.004110 0.000000
0.520869 -0.395933 0.125300 0.000000
0.321127 0.008661 -0.003945 0.000000
0.346529 0.425725 0.038782 0.000000
0.188971 -1.149370 0.042375 0.000000
0.216563 -0.042316 -0.045914 0.000000
0.264217 0.087673 -0.018417 0.000000
0.206223 0.144167 -0.020789 0.000000
0.185382 -1.173310 0.048277 0.000000
0.224590 -0.812867 0.008942 0.000000
0.336010 0.078866 0.041805 0.000000
0.358092 -0.127649 -0.000102 0.000000
0.337737 0.286913 0.013015 0.000000
0.034412 -0.793504 0.014799 0.000000
0.302971 -0.010020 0.042658 0.000000
0.335284 0.235700 0.009425 0.000000
0.432597 0.221767 0.023070 0.000000
0.397360 -0.044332 -0.064008 0.000000
0.374685 0.023665 -0.029053 0.000000
0.273488 -0.284819 0.018383 0.000000
0.310346 0.042328 0.041631 0.000000
0.205901 -1.046634 0.025800 0.000000
-0.057587 -1.007108 -0.007131 0.000000
0.342582 0.380710 0.053548 0.000000
0.317139 0.181610 -0.000094 0.000000
0.189619 -0.436333 0.035825 0.000000
0.261007 -0.443079 0.017442 0.000000
0.491205 -0.091566 -0.037791 0.000000
0.477167 -0.063991 -0.022605 0.000000
0.240115 -0.660145 0.012086 0.000000
0.519735 0.066493 -0.002292 0.000000
0.118206 0.030092 -0.061127 0.000000
0.592513 -0.034252 -0.041690 0.000000
0.339212 0.068705 0.046314 0.000000
0.015670 -0.301586 -0.247397 0.000000
0.327300 -0.007797 -0.000040 0.000000
0.221702 -0.970904 -0.047314 1.000000
0.366991 0.046679 -0.016802 0.000000
0.184748 -1.294584 -0.320867 1.000000
0.312626 0.308539 0.040942 0.000000
0.544909 -0.141681 -0.067335 0.000000
0.420578 0.261335 0.080277 0.000000
0.333047 0.138158 0.004952 0.000000
0.489861 -0.086164 -0.031160 0.000000
0.220124 -0.904207 0.013831 0.000000
0.117457 -0.542788 0.023872 0.000000
0.114263 -0.261221 -0.174988 0.000000
0.264308 -0.343597 0.015567 0.000000
0.027627 -0.805662 0.019270 0.000000
0.520246 -0.120764 -0.048209 0.000000
0.199771 -1.078227 0.019135 0.000000
0.406979 0.139929 -0.006044 0.000000
0.585867 -0.035599 -0.039021 0.000000
0.303707 0.007400 0.039587 0.000000
0.380619 0.000835 -0.036826 0.000000
0.302109 0.158415 -0.009722 0.000000
0.431959 -0.200617 0.093175 0.000000
-0.083908 -1.070269 -0.026950 0.000000
0.172046 -1.230366 0.054708 0.000000
0.214998 -0.866040 0.011273 0.000000
0.101672 0.008267 -0.060641 0.000000
0.193857 -1.220660 -0.245695 1.000000
0.307492 -0.053830 0.043702 0.000000
0.175726 -1.200197 0.036980 0.000000
0.565487 0.009195 -0.024273 0.000000
0.272466 -0.303755 0.023373 0.000000
0.295375 -0.138457 0.032998 0.000000
0.439418 -0.224898 0.095542 0.000000
0.580428 -0.193046 -0.112107 0.000000
0.160160 -0.470287 0.025121 0.000000
0.183400 -1.198229 0.029816 0.000000
0.132777 -0.516566 0.023748 0.000000
0.208305 -0.089857 -0.061091 0.000000
0.302549 -0.063921 0.036964 0.000000
0.461139 0.162882 0.116025 0.000000
0.129083 -1.247469 0.064033 0.000000
0.282650 -0.252078 0.022964 0.000000
0.078872 -0.691069 0.028937 0.000000
0.663606 -0.117890 -0.062072 0.000000
0.227954 -0.947882 -0.025306 1.000000
0.494570 -0.261244 -0.152411 0.000000
0.185296 -1.226892 0.056620 0.000000
0.590646 -0.462714 0.144279 0.000000
0.004818 -0.839097 0.021137 0.000000
0.184469 -1.183167 0.042944 0.000000
0.251134 -0.577793 0.023333 0.000000
0.151168 -1.130239 0.046542 0.000000
0.119071 -1.237145 0.040707 0.000000
0.261666 -0.335025 0.021372 0.000000
0.203619 -1.084922 0.028548 0.000000
0.417431 0.259470 0.027220 0.000000
0.422126 -0.141366 0.090105 0.000000
0.203055 -1.024935 -0.084422 1.000000
0.317561 0.135649 0.043654 0.000000
0.448894 0.197367 0.098964 0.000000
0.156243 -0.199259 -0.109776 0.000000
0.125998 -1.191169 0.071162 0.000000
0.068462 -0.699303 0.028925 0.000000
0.289199 -0.192425 0.021668 0.000000
0.315658 0.088084 0.047472 0.000000
0.003596 -0.877286 0.002096 0.000000
0.096417 -0.268326 -0.196482 0.000000
0.411555 0.150035 -0.004535 0.000000
0.407366 0.131741 0.008713 0.000000
0.267807 -0.447549 0.026788 0.000000
0.448904 0.006852 -0.006344 0.000000
0.497029 0.081352 -0.004166 0.000000
0.379886 0.312572 0.062662 0.000000
0.201917 -1.019732 0.028099 0.000000
0.350505 0.454879 0.038706 0.000000
0.222189 -0.361621 0.039670 0.000000
0.331683 0.219328 0.018399 0.000000
0.241368 -0.674807 0.007325 0.000000
0.168498 -1.328989 -0.346576 1.000000
0.208839 -0.374735 0.017054 0.000000
0.153753 -1.142129 0.051682 0.000000
0.260468 -0.479634 0.014360 0.000000
0.248727 -0.547064 0.024587 0.000000
0.185414 -1.122295 0.023199 0.000000
0.285196 0.128376 -0.005011 0.000000
0.394096 0.178696 0.001736 0.000000
0.053794 -0.699062 0.029534 0.000000
0.222444 -0.052381 -0.047191 0.000000
0.201093 -1.040661 0.035956 0.000000
0.325904 0.109121 0.046531 0.000000
0.179283 -1.257686 -0.277982 1.000000
0.255127 -0.527220 0.021906 0.000000
-0.065231 -1.018756 -0.019730 0.000000
0.148893 -1.182550 0.041426 0.000000
0.196594 -0.088024 -0.058279 0.000000
0.138470 -0.557783 0.038090 0.000000
0.195479 -1.009556 0.013126 0.000000
0.447335 0.186034 0.011895 0.000000
0.233719 -0.945953 -0.022074 1.000000
0.157260 -1.173058 0.043147 0.000000
0.268864 -0.500437 0.012753 0.000000
0.264272 -0.419281 0.029708 0.000000
0.447854 -0.208632 0.100138 0.000000
0.061377 -0.060523 -0.094154 0.000000
0.329634 -0.050043 0.002539 0.000000
0.166381 -1.319036 -0.339957 1.000000
0.357057 0.008950 0.048644 0.000000
0.229290 -0.709997 0.012487 0.000000
0.168891 -1.206790 0.052869 0.000000
0.347055 0.443738 0.039147 0.000000
0.368749 -0.019879 0.069890 0.000000
0.214959 -0.835096 0.012722 0.000000
0.326736 0.191355 0.052334 0.000000
0.228831 -0.020003 -0.039623 0.000000
0.214165 -0.905924 0.001000 1.000000
0.425102 0.057326 -0.005521 0.000000
0.533532 0.031012 -0.015703 0.000000
0.172931 -1.303675 0.025206 0.000000
-0.092036 -1.086889 -0.035565 0.000000
0.495695 -0.105913 -0.038721 0.000000
0.204186 -1.084798 0.042386 0.000000
0.200145 0.131954 -0.008500 0.000000
0.157374 0.080493 -0.048193 0.000000
0.172471 -1.292390 0.023253 0.000000
0.201180 -1.073142 0.041887 0.000000
0.163158 -0.205360 -0.128783 0.000000
0.041197 -0.772227 0.021450 0.000000
0.263606 -0.388458 0.016699 0.000000
0.476619 -0.312420 0.113457 0.000000
0.558517 -0.437878 0.123997 0.000000
0.236627 -0.649971 0.012814 0.000000
0.209164 -1.026772 0.025880 0.000000
0.336752 0.337892 0.051163 0.000000
0.428648 -0.154466 0.097144 0.000000
0.201153 -1.064393 0.019556 0.000000
0.230294 -0.775820 0.013162 0.000000
0.237733 -0.713328 0.018496 0.000000
0.122045 0.028750 -0.053701 0.000000
-0.011712 -0.892440 0.010727 0.000000
0.277514 -0.319232 0.025716 0.000000
0.170115 -1.099187 0.036994 0.000000
0.143708 -1.156458 0.043661 0.000000
0.305109 0.004375 0.047639 0.000000
-0.041658 -0.963376 0.000384 0.000000
0.423385 -0.117932 -0.106216 0.000000
0.230385 -0.849447 0.014032 0.000000
0.038266 -0.804466 0.014279 0.000000
0.132612 -0.542799 0.030188 0.000000
0.143672 -0.529685 0.033620 0.000000
0.336183 0.428057 0.053617 0.000000
0.002602 -0.869054 0.010394 0.000000
0.236820 -0.327937 0.016914 0.000000
0.327348 0.044715 -0.007952 0.000000
0.170694 -1.258324 0.056863 0.000000
-0.060686 -1.014173 -0.011749 0.000000
0.333868 0.383395 0.060088 0.000000
0.179513 -1.242942 -0.281623 1.000000
0.191269 -1.005281 0.024851 0.000000
0.232100 -0.888384 0.009288 0.000000
-0.014502 -0.916967 -0.000294 0.000000
0.191311 -1.185964 -0.221831 1.000000
0.194758 -1.034938 0.023746 0.000000
0.285802 -0.238935 0.020658 0.000000
0.151221 -0.485718 0.018498 0.000000
0.427449 -0.161921 0.092015 0.000000
0.139604 -1.155173 0.067192 0.000000
0.193442 -1.145067 -0.189260 1.000000
0.234746 0.006255 -0.031914 0.000000
0.570580 -0.196790 -0.114777 0.000000
0.361416 0.037184 -0.032155 0.000000
0.529491 -0.398861 0.114026 0.000000
0.336255 0.105585 0.002725 0.000000
0.326379 0.274607 0.055241 0.000000
0.273357 -0.396628 0.023677 0.000000
0.377787 -0.044889 0.072041 0.000000
0.263324 -0.279539 0.024526 0.000000
0.321206 0.174713 0.047810 0.000000
0.244688 0.035630 -0.025103 0.000000
0.342792 0.450238 0.057902 0.000000
0.234847 -0.734650 0.013103 0.000000
0.424845 -0.148767 0.087846 0.000000
-0.002904 -0.877616 0.010598 0.000000
0.123826 -0.573674 0.032165 0.000000
0.313238 0.088291 0.037802 0.000000
0.497095 -0.322111 0.100857 0.000000
0.204581 0.139713 -0.014393 0.000000
0.179348 -1.282031 -0.307820 1.000000
0.335993 0.243842 0.053825 0.000000
0.236327 -0.915006 -0.000610 1.000000
0.533627 -0.407762 0.114562 0.000000
0.212280 -0.939110 -0.018662 1.000000
0.514846 -0.116997 -0.045571 0.000000
0.469081 -0.229901 -0.150336 0.000000
0.149933 -0.205558 -0.118192 0.000000
0.692665 -0.139641 -0.074162 0.000000
0.333641 0.175707 0.005096 0.000000
0.237775 -0.948039 -0.030756 1.000000
0.445988 -0.229204 0.095291 0.000000
0.522429 -0.389625 0.114887 0.000000
0.216296 -0.983821 -0.055835 1.000000
0.178268 -0.418846 0.019667 0.000000
0.566475 -0.174583 -0.094341 0.000000
0.223747 -1.007995 -0.075501 1.000000
0.269448 -0.369655 0.023911 0.000000
0.186183 -1.260775 -0.285623 1.000000
0.345439 0.371184 0.024595 0.000000
0.354138 0.450439 0.042393 0.000000
0.488651 -0.252277 -0.153229 0.000000
0.079169 -0.040556 -0.076439 0.000000
0.397772 0.160856 0.011026 0.000000
0.519193 -0.116636 -0.040754 0.000000
0.398828 -0.090285 0.084089 0.000000
0.173480 -1.219853 0.037476 0.000000
0.071681 -0.718129 0.025151 0.000000
0.180031 -1.224263 0.029985 0.000000
0.332578 0.415429 0.060420 0.000000
0.232383 -0.779931 0.017128 0.000000
0.280365 -0.260045 0.032185 0.000000
0.338485 0.245036 0.012295 0.000000
0.414023 0.104093 0.000049 0.000000
0.254346 -0.506909 0.012593 0.000000
0.394942 0.190262 0.008493 0.000000
0.269145 -0.344498 0.022378 0.000000
0.635578 -0.485163 0.146616 0.000000
0.334407 0.319236 0.057270 0.000000
0.221267 0.163145 -0.007776 0.000000
0.223381 -0.914171 0.020379 0.000000
0.383056 -0.063485 0.077513 0.000000
0.328211 0.225189 0.048056 0.000000
0.455508 -0.252746 0.101732 0.000000
0.173307 -1.297174 -0.319640 1.000000
0.200107 -1.216300 -0.237890 1.000000
0.277139 -0.236981 0.026511 0.000000
0.343101 0.348511 0.021830 0.000000
0.254949 -0.541047 0.017569 0.000000
0.108181 -0.578938 0.027721 0.000000
0.291881 -0.149466 0.031358 0.000000
0.349833 0.031398 0.058873 0.000000
0.327448 0.210396 0.048518 0.000000
0.216105 -0.902185 0.018681 0.000000
0.402499 0.168175 0.003995 0.000000
0.080898 -0.276510 -0.214127 0.000000
0.271655 -0.322043 0.024001 0.000000
0.083359 -0.679432 0.028289 0.000000
0.347147 0.441690 0.061289 0.000000
0.391043 0.297739 0.068160 0.000000
0.174513 -1.322016 -0.342081 1.000000
0.206226 -1.115911 -0.165621 1.000000
0.327659 0.100120 0.041834 0.000000
0.187896 -1.286809 -0.304883 1.000000
0.630310 -0.486990 0.144267 0.000000
0.155704 -1.218775 0.047183 0.000000
0.218081 -0.367197 0.031121 0.000000
0.182122 -1.133639 0.023252 0.000000
0.179570 -0.436695 0.027542 0.000000
0.168865 -1.215694 0.033007 0.000000
0.075306 -0.051028 -0.082775 0.000000
0.202874 -0.394746 0.029613 0.000000
0.329520 0.378057 0.054082 0.000000
0.261035 0.082382 -0.028547 0.000000
0.607207 -0.043747 -0.054247 0.000000
0.242050 -0.632365 0.010927 0.000000
0.288126 -0.204126 0.027365 0.000000
0.346047 0.488142 0.056829 0.000000
0.061203 -0.070229 -0.094500 0.000000
0.359997 0.000753 0.060126 0.000000
0.546277 0.010704 -0.021643 0.000000
-0.093904 -1.096701 -0.029317 0.000000
0.238914 -0.707837 0.022152 0.000000
0.388209 0.490592 0.049789 0.000000
0.163710 -1.220023 0.045560 0.000000
0.170851 -1.057331 0.024707 0.000000
0.266526 -0.496591 0.017580 0.000000
0.386483 0.453182 0.045616 0.000000
0.107922 -0.600828 0.029793 0.000000
0.232574 0.179062 -0.009566 0.000000
0.172157 -1.277923 0.060409 0.000000
-0.067158 -1.032880 -0.019774 0.000000
0.463088 0.149156 0.006036 0.000000
0.212280 -0.890117 0.011152 0.000000
0.419556 -0.130053 0.089956 0.000000
0.393837 0.424156 0.043403 0.000000
0.190645 -1.192168 0.057653 0.000000
0.191061 -1.184572 -0.227877 1.000000
0.268343 -0.430795 0.027538 0.000000
0.239620 -0.668786 0.007455 0.000000
0.410082 -0.082140 -0.082759 0.000000
0.197130 -1.092986 -0.137664 1.000000
0.192945 -1.240343 -0.266415 1.000000
0.176918 -1.191593 0.046610 0.000000
0.167927 -1.178175 0.043205 0.000000
0.537820 0.044913 -0.008481 0.000000
-0.052325 -0.993049 -0.007497 0.000000
0.159459 -1.217535 0.056210 0.000000
0.437848 0.225569 0.100229 0.000000
0.227538 -0.824370 0.014441 0.000000
0.318085 0.181761 0.052419 0.000000
0.472233 0.136157 0.007771 0.000000
0.276628 -0.311497 0.019644 0.000000
0.227610 -0.817402 0.015556 0.000000
0.118092 -1.278662 0.064688 0.000000
0.654679 -0.105927 -0.065597 0.000000
0.372331 0.334249 0.048943 0.000000
0.201287 -0.977553 -0.042084 1.000000
0.270240 -0.416811 0.025420 0.000000
0.393304 -0.100648 0.077374 0.000000
0.327740 0.062416 -0.004739 0.000000
0.287220 0.268965 0.039548 0.000000
0.327391 0.248257 0.051918 0.000000
0.274449 -0.328736 0.017695 0.000000
0.293754 0.158339 -0.003066 0.000000
0.036544 -0.776677 0.021913 0.000000
0.181017 -1.172298 0.033119 0.000000
0.148859 0.062216 -0.039221 0.000000
0.313298 0.114484 0.045998 0.000000
0.217516 -0.875161 0.008262 0.000000
0.247126 -0.623464 0.015147 0.000000
0.204676 -1.059791 0.028545 0.000000
0.171362 -1.356663 -0.371727 1.000000
0.280780 -0.252206 0.032915 0.000000
0.365403 -0.012270 0.069224 0.000000
0.270914 -0.412304 0.018940 0.000000
0.325748 -0.018101 -0.001338 0.000000
0.178361 -1.163884 0.028720 0.000000
0.171613 -1.179150 0.029750 0.000000
0.361526 -0.010270 0.058842 0.000000
0.481001 -0.226519 -0.149143 0.000000
0.338691 -0.074256 0.012984 0.000000
0.301492 -0.023574 0.036854 0.000000
0.188598 -1.122447 0.049026 0.000000
0.190044 -0.138781 -0.085895 0.000000
0.169838 -1.250166 0.033291 0.000000
0.294404 -0.081382 0.032930 0.000000
0.127446 0.026807 -0.048403 0.000000
0.120386 -0.554517 0.027983 0.000000
0.321786 0.187677 0.051947 0.000000
0.220215 -0.355074 0.019525 0.000000
0.154687 -0.522333 0.034676 0.000000
0.313316 0.304791 0.034782 0.000000
0.110080 -0.611722 0.031655 0.000000
0.326887 0.068360 -0.011309 0.000000
0.099449 -0.595875 0.027542 0.000000
0.331699 0.088910 0.048336 0.000000
0.071781 -0.654720 0.028886 0.000000
0.461713 -0.271796 0.111344 0.000000
0.172568 -1.057714 0.035108 0.000000
0.395083 0.159627 0.005846 0.000000
0.342632 0.049227 0.057630 0.000000
0.477822 -0.235079 -0.149151 0.000000
0.195628 -1.200057 -0.241385 1.000000
0.289475 -0.196539 0.027707 0.000000
0.527443 0.032470 0.226699 0.000000
0.186676 -1.201380 0.057909 0.000000
0.209618 -1.042921 -0.110456 1.000000
0.267963 -0.470844 0.014900 0.000000
0.206804 -0.369525 0.014830 0.000000
0.654444 -0.494302 0.155962 0.000000
0.572028 -0.185331 -0.102797 0.000000
0.074043 -0.685175 0.031239 0.000000
0.244433 -0.315040 0.027975 0.000000
0.296610 -0.063022 0.036380 0.000000
0.332170 0.285828 0.057576 0.000000
0.203417 -1.136813 -0.171440 1.000000
0.287475 -0.172439 0.025735 0.000000
0.234621 -0.789117 0.019258 0.000000
0.411657 -0.128867 0.088360 0.000000
0.186543 -1.013854 0.016741 0.000000
0.279512 0.116049 -0.007368 0.000000
0.231222 -0.894617 0.007312 0.000000
0.138987 0.032710 -0.043615 0.000000
0.534819 -0.144908 -0.063448 0.000000
0.482679 -0.241844 -0.152647 0.000000
0.180980 -1.295143 -0.311415 1.000000
0.124696 -0.250582 -0.167548 0.000000
0.260005 -0.536857 0.019408 0.000000
0.223173 -0.842019 0.012603 0.000000
0.161201 -0.495535 0.039027 0.000000
0.204803 -1.053374 0.021686 0.000000
0.174530 -1.184319 0.037099 0.000000
0.320549 0.004641 0.007860 0.000000
0.463437 -0.037980 -0.017104 0.000000
0.421940 0.249383 0.078186 0.000000
0.242161 -0.599502 0.022871 0.000000
0.400618 0.282210 0.068215 0.000000
0.012664 -0.299030 -0.252580 0.000000
0.061499 -0.680521 0.029735 0.000000
0.216648 -0.806153 0.013668 0.000000
0.306229 0.036637 0.045398 0.000000
0.155312 -1.181611 0.044206 0.000000
0.128300 -1.270098 0.037052 0.000000
0.185214 -1.042766 0.018020 0.000000
0.209595 -0.066787 -0.054123 0.000000
0.326706 0.133521 0.044687 0.000000
0.299995 -0.144134 0.030062 0.000000
0.413177 -0.157570 0.088102 0.000000
0.201616 -0.384580 0.018325 0.000000
0.087014 -1.354265 0.086833 0.000000
0.213690 -0.915092 -0.005475 1.000000
0.345245 -0.096596 0.012858 0.000000
0.290973 -0.185444 0.028884 0.000000
0.062403 -0.689484 0.029182 0.000000
0.259543 -0.493567 0.020259 0.000000
0.388907 0.212284 0.008721 0.000000
0.274517 0.102572 -0.005702 0.000000
0.429858 -0.183474 0.091471 0.000000
0.301628 -0.059353 0.042776 0.000000
0.663875 -0.113183 -0.066602 0.000000
0.299332 0.160306 -0.002647 0.000000
0.352920 0.026860 0.070007 0.000000
0.363961 0.046146 -0.022293 0.000000
0.296701 -0.111975 0.029077 0.000000
0.182833 -1.095888 0.037018 0.000000
0.218866 -0.890699 0.014433 0.000000
0.314555 0.026427 0.049997 0.000000
0.284732 -0.214806 0.032732 0.000000
0.168488 -0.473111 0.037358 0.000000
0.483114 -0.245968 -0.157065 0.000000
0.499343 0.070931 0.184141 0.000000
0.464433 0.150437 0.123244 0.000000
0.308404 -0.063988 0.034818 0.000000
0.149794 -1.169860 0.057776 0.000000
0.484605 -0.316081 0.107869 0.000000
0.142696 -1.158991 0.037721 0.000000
0.179803 -1.175282 0.051069 0.000000
0.084416 -0.687270 0.028708 0.000000
0.406428 -0.055486 -0.073581 0.000000
0.316137 0.106101 0.048594 0.000000
0.353903 -0.100673 0.018447 0.000000
0.270196 -0.273769 0.028917 0.000000
0.303773 0.157381 0.001758 0.000000
0.379137 0.001745 -0.042655 0.000000
0.267130 -0.442146 0.012019 0.000000
0.138545 -0.504794 0.024003 0.000000
0.179555 -1.306025 0.064299 0.000000
-0.014260 -0.910937 0.002915 0.000000
0.183858 -1.188118 0.050947 0.000000
0.300191 -0.096824 0.035844 0.000000
0.031350 -0.786862 0.023282 0.000000
0.173079 -1.211608 0.041896 0.000000
0.020831 -0.820023 0.015847 0.000000
0.190439 -0.408803 0.024763 0.000000
0.493633 0.084004 0.171166 0.000000
0.176489 -1.174136 0.029528 0.000000
0.488137 -0.344430 0.121721 0.000000
0.119329 -1.189954 0.035931 0.000000
0.384649 0.311301 0.056191 0.000000
0.200598 -0.096935 -0.065531 0.000000
0.168668 0.089418 -0.031159 0.000000
0.338122 0.367077 0.054498 0.000000
-0.060326 -1.017635 -0.016686 0.000000
0.178533 -1.322903 -0.346681 1.000000
0.321961 0.086800 0.048974 0.000000
0.211564 0.153904 -0.004963 0.000000
0.339321 0.447111 0.062072 0.000000
0.321830 0.100536 0.054400 0.000000
0.455799 -0.268686 0.109306 0.000000
0.340117 0.346501 0.058709 0.000000
0.203020 -1.041944 0.028535 0.000000
0.139653 -1.204196 0.040067 0.000000
0.261140 0.081283 -0.020730 0.000000
0.072711 -0.643736 0.028306 0.000000
0.357861 0.011456 0.074795 0.000000
0.324010 -0.023615 -0.000359 0.000000
0.329483 0.371582 0.052156 0.000000
0.391598 0.216657 0.013083 0.000000
0.309839 0.016422 0.042922 0.000000
0.179299 -1.048491 0.027273 0.000000
0.201496 -1.088389 -0.128451 1.000000
0.345558 0.352331 0.027800 0.000000
0.501306 0.067414 0.190616 0.000000
0.333488 0.089068 0.000849 0.000000
0.335234 0.419853 0.053656 0.000000
0.023142 -0.129764 -0.128097 0.000000
0.538591 -0.418241 0.130829 0.000000
0.131346 -0.554855 0.031532 0.000000
0.210355 -0.988450 0.022274 0.000000
0.358876 0.458763 0.044524 0.000000
0.376532 -0.054154 0.063440 0.000000
0.440499 -0.182017 0.092679 0.000000
0.389493 0.303839 0.055920 0.000000
0.239359 -0.700484 0.006616 0.000000
0.247023 -0.640863 0.007668 0.000000
0.168710 -1.311591 0.037411 0.000000
0.337829 0.377987 0.057396 0.000000
0.034832 -0.109995 -0.111141 0.000000
0.204487 -0.396648 0.037303 0.000000
0.025274 -0.128939 -0.120392 0.000000
0.235219 -0.688560 0.021126 0.000000
0.173842 -0.444442 0.024636 0.000000
0.048394 -0.708516 0.029853 0.000000
0.490901 0.107787 0.005222 0.000000
0.189925 -1.175085 -0.203132 1.000000
0.121972 -0.537545 0.024651 0.000000
0.305353 -0.031187 0.043633 0.000000
0.177701 -1.107778 0.034770 0.000000
-0.064366 -1.025606 -0.010168 0.000000
0.280906 0.258263 0.031417 0.000000
0.291496 -0.153604 0.024107 0.000000
0.047611 -0.088023 -0.103731 0.000000
0.205860 -0.909954 0.000304 1.000000
0.263848 -0.341622 0.023740 0.000000
0.076107 -0.279572 -0.212816 0.000000
0.332143 0.368111 0.058434 0.000000
0.179465 -1.053027 0.040670 0.000000
0.278190 0.102668 -0.001182 0.000000
0.334559 0.325051 0.056284 0.000000
0.167249 -0.182516 -0.107968 0.000000
0.184249 -1.212349 0.032798 0.000000
0.282084 -0.262146 0.020850 0.000000
0.348861 0.407940 0.033615 0.000000
0.291702 -0.120611 0.035547 0.000000
0.317359 0.040261 0.037190 0.000000
0.293648 -0.126918 0.035883 0.000000
0.207730 -1.011912 -0.075234 1.000000
0.200107 -1.084230 0.021550 0.000000
0.413344 0.100691 -0.011562 0.000000
-0.046448 -0.974293 -0.000196 0.000000
-0.021813 -0.911160 0.006375 0.000000
0.220291 -0.961349 -0.039427 1.000000
0.224014 -0.783761 0.008659 0.000000
0.183840 -1.251638 0.061335 0.000000
0.178607 -1.232416 0.057879 0.000000
-0.021769 -0.918108 0.000969 0.000000
0.342169 0.433167 0.058088 0.000000
0.358074 -0.104431 0.012593 0.000000
0.230495 -0.809987 0.008815 0.000000
0.387915 -0.022674 -0.054470 0.000000
0.656844 -0.502876 0.156605 0.000000
0.163253 -1.356724 -0.373550 1.000000
0.297845 0.149566 0.007460 0.000000
0.392578 -0.095767 0.065467 0.000000
0.242754 -0.621779 0.021873 0.000000
0.505488 -0.097518 -0.033570 0.000000
0.487016 0.098062 0.161745 0.000000
0.205976 -0.938977 -0.017221 1.000000
0.326160 0.083133 0.057809 0.000000
0.394727 0.347519 0.036951 0.000000
0.021426 -0.835200 0.012433 0.000000
0.302108 0.164061 0.003513 0.000000
0.251278 -0.301109 0.022909 0.000000
0.306812 -0.019194 0.038269 0.000000
0.242625 -0.647831 0.011212 0.000000
0.528506 -0.404696 0.123997 0.000000
0.650547 -0.101104 -0.058167 0.000000
0.303319 -0.069444 0.041698 0.000000
0.241290 -0.314576 0.011776 0.000000
0.172252 0.093541 -0.028387 0.000000
0.104687 -1.295976 0.039617 0.000000
0.621831 -0.071930 -0.054154 0.000000
0.383080 0.463852 0.043384 0.000000
0.158602 -0.486808 0.023824 0.000000
0.332319 0.089146 0.039218 0.000000
0.168403 -1.327407 -0.336717 1.000000
0.404689 -0.136239 0.079836 0.000000
0.271389 -0.395788 0.014900 0.000000
0.388340 -0.090408 0.072613 0.000000
0.219475 -0.935086 0.014731 0.000000
0.331269 0.096246 0.047983 0.000000
0.397119 0.199970 0.006493 0.000000
0.081031 -1.353122 0.081054 0.000000
0.259983 -0.480697 0.020845 0.000000
0.124054 0.017595 -0.050084 0.000000
0.337504 0.169544 -0.000913 0.000000
-0.089228 -1.073900 -0.028748 0.000000
0.325027 0.215953 0.044349 0.000000
0.313729 0.127667 0.044572 0.000000
0.518351 0.042422 0.207414 0.000000
0.569596 -0.447996 0.138315 0.000000
0.194466 -0.078656 -0.061658 0.000000
0.277844 -0.275877 0.029765 0.000000
0.234664 -0.338183 0.038985 0.000000
0.229564 -0.771921 0.008727 0.000000
0.507559 -0.118761 -0.048387 0.000000
0.194933 -1.102885 0.027619 0.000000
0.445390 -0.251004 0.102924 0.000000
0.339370 0.146142 0.000732 0.000000
0.199942 -1.079511 -0.132571 1.000000
0.084272 -0.030028 -0.074110 0.000000
0.011789 -0.827891 0.020558 0.000000
0.129645 -1.198876 0.032625 0.000000
0.145241 -1.211193 0.044263 0.000000
0.439471 -0.170004 -0.131213 0.000000
0.451598 -0.188099 -0.135183 0.000000
0.262171 0.222271 0.009977 0.000000
0.263713 -0.544073 0.011907 0.000000
0.238967 -0.700569 0.019448 0.000000
0.160121 -1.213582 0.045902 0.000000
0.156539 -1.103778 0.021646 0.000000
0.550794 -0.429829 0.126760 0.000000
0.160382 -1.103216 0.034451 0.000000
0.068780 -0.035928 -0.078881 0.000000
0.248182 -0.612927 0.020311 0.000000
-0.073864 -1.048918 -0.023649 0.000000
0.145475 -1.199859 0.045717 0.000000
0.326124 0.155818 0.050606 0.000000
0.391956 -0.053878 -0.070025 0.000000
0.210550 -1.030035 0.036643 0.000000
0.176142 -1.267709 0.021160 0.000000
0.349199 0.475494 0.062142 0.000000
0.466402 -0.044742 -0.018769 0.000000
0.260117 0.215480 0.014803 0.000000
0.179339 -1.202343 0.054349 0.000000
0.194292 -1.194553 -0.228846 1.000000
0.204270 -0.947738 -0.021202 1.000000
0.243725 -0.633438 0.020102 0.000000
0.390098 0.399776 0.042295 0.000000
0.771841 -0.174514 -0.101541 0.000000
0.453087 -0.015275 -0.012880 0.000000
0.428046 0.044971 -0.011928 0.000000
0.331910 -0.004031 0.003136 0.000000
0.014762 -0.144785 -0.130956 0.000000
0.344675 0.041083 0.066501 0.000000
0.539319 -0.417582 0.117982 0.000000
0.249692 0.047397 -0.022644 0.000000
0.040807 -0.783222 0.020002 0.000000
0.316695 0.169396 0.041028 0.000000
0.212499 -1.006880 -0.067999 1.000000
0.195082 -1.260277 -0.276456 1.000000
0.193240 -0.399006 0.019365 0.000000
0.429477 -0.146108 0.091583 0.000000
0.340082 0.213116 0.010636 0.000000
0.356314 0.020248 0.061854 0.000000
0.173387 -1.201036 0.042139 0.000000
0.233516 -0.746410 0.014003 0.000000
0.058860 -0.075924 -0.096303 0.000000
0.051970 -0.089032 -0.098209 0.000000
0.338798 0.255467 0.012847 0.000000
0.460162 -0.241810 0.097278 0.000000
0.254469 -0.523611 0.015117 0.000000
0.188253 -1.211957 0.019781 0.000000
0.290650 -0.189381 0.037974 0.000000
0.230816 -0.795865 0.017566 0.000000
0.290405 -0.162167 0.031894 0.000000
0.172039 -0.477062 0.039548 0.000000
0.349785 0.434601 0.035456 0.000000
