0.394071 -0.954410 0.177270 1.000000
0.347272 0.488805 0.151575 0.000000
0.184203 -0.235029 0.540208 0.000000
0.501899 -0.276349 -0.072827 0.000000
-0.136434 -0.597674 0.126317 0.000000
0.629383 -1.349613 0.116922 1.000000
0.393896 0.041677 0.238858 0.000000
0.442830 -0.990936 0.613004 0.000000
0.357405 -0.524228 0.258956 0.000000
0.071320 -0.247117 -0.047532 0.000000
0.594463 -0.054130 0.454303 0.000000
0.323666 -0.239362 0.191031 0.000000
0.391234 -0.770948 0.394048 0.000000
0.375494 -0.031656 -0.025488 0.000000
0.044006 -0.400208 0.175139 0.000000
0.347738 0.242936 0.094762 0.000000
0.265428 -1.138626 0.287295 0.000000
0.583325 -0.137655 0.118450 0.000000
0.217962 -0.063776 0.370255 0.000000
0.522921 -1.145843 0.166091 1.000000
0.343058 -0.720783 0.200366 0.000000
0.246395 -0.172915 -0.005238 0.000000
0.516350 -0.288439 0.204255 0.000000
0.273508 -0.063939 0.145778 0.000000
0.151731 -0.263291 0.159568 0.000000
0.434746 0.087904 0.080905 0.000000
0.428146 -0.122981 0.249664 0.000000
0.401281 -0.910826 0.477168 0.000000
0.470960 -0.018275 0.361733 0.000000
0.336194 -0.393597 0.181694 0.000000
0.337395 0.185894 0.235677 0.000000
0.259704 -0.996309 0.244410 0.000000
0.487393 -0.029798 0.151683 0.000000
0.388651 -0.639326 0.338805 0.000000
0.394936 0.353590 0.168050 0.000000
0.309940 -0.853609 0.226310 0.000000
-0.037810 -0.504243 0.141088 0.000000
0.506135 -0.169418 0.010857 0.000000
0.306058 0.045357 0.060106 0.000000
0.269766 0.034803 0.297260 0.000000
0.207099 -0.172439 0.434604 0.000000
0.552884 -1.254147 0.127869 1.000000
0.225605 -0.171390 0.155455 0.000000
0.431204 0.168401 0.167057 0.000000
0.456903 -1.051785 0.182350 1.000000
0.325861 0.096846 0.165037 0.000000
0.292571 -0.078219 0.035861 0.000000
0.397444 -0.210585 0.310955 0.000000
0.327508 -0.610179 0.195010 0.000000
0.463359 -0.078627 0.055966 0.000000
0.335207 -0.136869 0.189235 0.000000
0.320617 -1.076961 0.227041 0.000000
0.493124 -0.133084 0.171373 0.000000
0.327260 0.144316 0.072438 0.000000
0.396446 0.258098 0.198049 0.000000
0.164299 -0.215049 -0.039689 0.000000
0.371461 -0.047434 0.276230 0.000000
0.533600 -0.219087 0.117743 0.000000
0.662060 -0.177504 0.084250 0.000000
0.332120 0.003247 0.175999 0.000000
0.327882 0.330662 0.111427 0.000000
0.346555 -0.432588 0.262562 0.000000
0.320643 0.102348 0.264454 0.000000
0.113306 -0.343798 0.169051 0.000000
0.394264 0.043944 0.016113 0.000000
0.336925 -0.486795 0.182030 0.000000
0.446103 0.001752 0.080692 0.000000
0.432711 -0.043476 0.216526 0.000000
0.321135 -0.938447 0.228467 0.000000
0.371867 0.413767 0.113150 0.000000
0.440218 0.078790 0.179049 0.000000
0.400535 -0.955330 0.549941 0.000000
0.321528 -0.318891 0.214253 0.000000
0.388296 -0.845993 0.427686 0.000000
0.397097 0.130527 0.230987 0.000000
0.399801 0.177689 0.088106 0.000000
0.410315 0.286744 0.121897 0.000000
0.324731 -1.163246 0.239576 0.000000
0.533233 -0.036147 0.408910 0.000000
0.334955 0.201851 0.159604 0.000000
0.416656 0.000730 0.312567 0.000000
0.247574 -1.072219 0.243107 0.000000
0.377870 -0.566635 0.316893 0.000000
0.510241 -0.089462 0.112863 0.000000
0.339935 0.300233 0.179347 0.000000
0.364769 -0.716158 0.354012 0.000000
0.480040 0.043777 0.129233 0.000000
0.353326 -0.890523 0.181983 1.000000
0.344836 -0.791852 0.211718 0.000000
0.001664 -0.455645 0.171726 0.000000
0.424871 -0.999120 0.220721 1.000000
0.410648 0.470291 0.120176 0.000000
-0.086140 -0.550642 0.125578 0.000000
0.263360 -0.025076 0.337057 0.000000
0.508994 -0.220381 -0.034599 0.000000
0.326265 -0.066332 0.186864 0.000000
0.448818 0.013379 0.186212 0.000000
0.320937 -0.016682 0.042480 0.000000
0.197544 -0.113446 0.407978 0.000000
0.336843 0.382498 0.158416 0.000000
0.424151 0.224417 0.129226 0.000000
0.458450 0.129023 0.124229 0.000000
0.605297 -1.289199 0.116950 1.000000
0.399440 0.196705 0.215755 0.000000
0.254934 -0.116488 0.177038 0.000000
0.328397 -1.001739 0.224983 0.000000
0.331794 -0.546947 0.202622 0.000000
0.184915 -0.199274 0.487556 0.000000
0.335515 0.244354 0.213023 0.000000
0.335403 -0.374179 0.241099 0.000000
0.388664 0.122139 0.056708 0.000000
0.554322 -1.195313 0.146253 1.000000
0.171382 -0.276080 0.582864 0.000000
0.202070 -0.226241 0.165285 0.000000
0.470798 -0.079230 0.186574 0.000000
0.478639 -1.103765 0.161524 1.000000
0.342864 0.143297 0.129833 0.000000
0.529210 -0.179306 0.161794 0.000000
0.279913 -0.124505 -0.000642 0.000000
0.524831 -0.239485 0.172472 0.000000
0.361130 0.066619 0.199267 0.000000
0.329183 -0.666476 0.209479 0.000000
0.426693 -0.998856 0.164356 1.000000
0.496010 -0.122962 0.040284 0.000000
0.411095 -0.171932 0.272997 0.000000
0.378297 -0.942343 0.229211 1.000000
0.374554 0.358619 0.118296 0.000000
0.344527 0.189434 0.097242 0.000000
0.288535 -0.028615 0.182959 0.000000
0.349092 -0.890015 0.234512 0.000000
0.330942 0.091792 0.073072 0.000000
0.348042 0.436512 0.155693 0.000000
0.297255 -1.128755 0.212223 0.000000
0.324369 -0.187973 0.184696 0.000000
0.358721 0.289969 0.112959 0.000000
0.288893 -1.039823 0.241759 0.000000
0.342040 0.252488 0.161640 0.000000
0.285670 -1.103030 0.257010 0.000000
0.380026 -0.007685 0.245789 0.000000
0.355954 -0.625464 0.303375 0.000000
0.323306 0.138457 0.227960 0.000000
0.394311 0.305838 0.183138 0.000000
0.359486 -0.476740 0.242867 0.000000
0.208983 -0.194383 -0.031094 0.000000
0.331376 0.146893 0.177818 0.000000
0.512943 -0.073052 0.159399 0.000000
0.119038 -0.234973 -0.046113 0.000000
0.325087 -0.440398 0.192938 0.000000
0.425281 0.135251 0.089395 0.000000
0.425465 0.124419 0.186600 0.000000
0.314577 0.047901 0.180590 0.000000
0.488417 -0.041574 0.105000 0.000000
0.357605 -0.674645 0.328841 0.000000
0.443652 0.177645 0.121603 0.000000
0.620446 -0.164814 0.103837 0.000000
0.276074 -0.953593 0.231335 0.000000
0.286723 0.069363 0.268984 0.000000
0.387865 0.399158 0.155212 0.000000
0.087029 -0.383403 0.164886 0.000000
0.409712 0.211874 0.172446 0.000000
0.296319 -0.898906 0.231461 0.000000
0.238550 -0.123837 0.133936 0.000000
0.445272 0.074423 0.124746 0.000000
0.246663 -1.129434 0.245763 0.000000
0.336254 -0.283882 0.187861 0.000000
0.142129 -0.307480 0.168622 0.000000
0.365928 0.460322 0.120391 0.000000
0.396177 0.084537 0.223223 0.000000
0.375114 -0.883539 0.451628 0.000000
0.367708 -0.073195 -0.042501 0.000000
0.370101 -0.524600 0.302620 0.000000
0.385721 0.000998 0.005493 0.000000
0.355963 -0.350937 0.208707 0.000000
0.345371 0.338593 0.156286 0.000000
0.400579 0.083626 0.037860 0.000000
0.238221 -0.101904 0.380777 0.000000
0.358192 -0.411951 0.224990 0.000000
0.435330 0.044803 0.070269 0.000000
0.466801 0.000233 0.119740 0.000000
0.545673 -0.114479 0.121403 0.000000
0.390238 0.020855 0.277613 0.000000
0.395401 0.220691 0.093741 0.000000
0.449069 -0.037599 0.062440 0.000000
0.295960 -0.006322 0.146462 0.000000
0.405465 -0.807989 0.415692 0.000000
0.434637 -0.083587 0.233294 0.000000
0.343797 -0.835659 0.206764 0.000000
0.394558 -0.933922 0.512751 0.000000
0.403984 0.328895 0.124770 0.000000
0.423760 -0.966984 0.582951 0.000000
0.465558 -0.034966 0.192626 0.000000
0.521749 -0.142606 0.143293 0.000000
0.036337 -0.438214 0.158330 0.000000
0.387856 0.444196 0.151901 0.000000
0.416916 0.254762 0.163023 0.000000
0.342367 0.206240 0.199346 0.000000
0.298359 -1.023467 0.205755 0.000000
0.422755 0.110357 0.121781 0.000000
0.396803 -0.694908 0.366193 0.000000
0.255056 -0.060031 0.355325 0.000000
0.501314 -0.031788 0.384231 0.000000
0.270378 -1.060230 0.273782 0.000000
0.358490 -0.588202 0.289273 0.000000
0.296527 -0.988511 0.257596 0.000000
0.439390 0.045167 0.208353 0.000000
0.372687 -0.924515 0.192477 1.000000
0.319635 0.283383 0.109642 0.000000
0.308907 -0.973488 0.204900 0.000000
0.318757 -0.884072 0.199819 0.000000
0.284633 0.005386 0.318849 0.000000
0.327918 -0.757043 0.201419 0.000000
0.321584 -1.118337 0.241269 0.000000
0.291413 -1.090271 0.204918 0.000000
0.563399 -0.045340 0.431525 0.000000
-0.007318 -0.480558 0.143461 0.000000
0.359293 -0.493360 0.282605 0.000000
0.331286 0.367726 0.121571 0.000000
0.305382 0.051908 0.297859 0.000000
0.515383 -1.174039 0.141317 1.000000
0.445484 -0.001234 0.221385 0.000000
0.323358 0.220266 0.113527 0.000000
0.446910 -0.022614 0.332362 0.000000
0.418943 0.147979 0.124992 0.000000
0.324624 -1.039294 0.228707 0.000000
0.395478 0.252753 0.113933 0.000000
0.320623 -0.103622 0.178863 0.000000
0.404378 0.192688 0.122263 0.000000
0.364845 -0.078821 0.295605 0.000000
0.362305 -0.794519 0.393694 0.000000
0.438108 -1.021661 0.193748 1.000000
0.325532 -0.346098 0.187857 0.000000
0.354492 0.112187 0.146990 0.000000
0.378199 -0.603321 0.323128 0.000000
0.391598 -0.732053 0.374077 0.000000
0.567901 -1.287754 0.123958 1.000000
0.517183 -0.106480 0.144308 0.000000
0.332056 -0.032883 0.173940 0.000000
0.199198 -0.195041 0.147396 0.000000
-0.065090 -0.527150 0.146220 0.000000
0.399701 -0.968188 0.209948 1.000000
0.382477 0.479201 0.146553 0.000000
0.572281 -1.225748 0.140849 1.000000
0.404323 0.160946 0.213738 0.000000
0.297076 -0.043972 0.044801 0.000000
0.259228 -0.096435 0.147037 0.000000
0.216914 -0.143191 0.408073 0.000000
0.481028 -1.078831 0.186514 1.000000
0.587774 -1.259006 0.130097 1.000000
0.351374 -0.317677 0.195654 0.000000
0.335659 -0.512239 0.206633 0.000000
0.499170 -1.128244 0.147008 1.000000
0.425189 0.095429 0.205646 0.000000
0.323962 0.015483 0.054535 0.000000
0.277305 -1.025912 0.271078 0.000000
-0.110874 -0.574601 0.125218 0.000000
0.184765 -0.255895 0.167539 0.000000
0.366930 -0.823919 0.410634 0.000000
0.190785 -0.142430 0.433196 0.000000
0.359562 -0.551658 0.279240 0.000000
0.344955 0.406085 0.135082 0.000000
0.387367 0.322996 0.154572 0.000000
0.450345 -1.025346 0.161960 1.000000
0.191247 -0.227292 0.507936 0.000000
0.266877 -0.078208 0.175822 0.000000
0.505214 -0.246855 -0.055451 0.000000
0.288125 -1.073318 0.236580 0.000000
0.510752 -0.194527 -0.012833 0.000000
0.254497 -1.029721 0.246424 0.000000
0.345250 0.269845 0.193155 0.000000
0.408960 -0.886626 0.455010 0.000000
0.461427 0.023944 0.149039 0.000000
0.330331 0.165876 0.209588 0.000000
0.389159 0.283881 0.158320 0.000000
0.298669 -1.057671 0.207183 0.000000
0.357068 0.087151 0.172145 0.000000
0.319962 0.026272 0.155034 0.000000
0.346010 -0.636057 0.205190 0.000000
0.607861 -1.324215 0.115852 1.000000
0.244042 -0.146581 0.168014 0.000000
0.338198 -0.578669 0.195257 0.000000
0.448573 0.040585 0.119358 0.000000
0.315237 -0.918875 0.202391 0.000000
0.233359 -0.034121 0.347757 0.000000
0.359433 -0.443687 0.233694 0.000000
0.395492 0.382168 0.127512 0.000000
0.390316 0.152893 0.067707 0.000000
0.387420 0.472494 0.097303 0.000000
0.327134 0.169759 0.118999 0.000000
0.082536 -0.351415 0.176676 0.000000
0.189407 -0.187860 0.457043 0.000000
0.404229 0.225795 0.202370 0.000000
0.181413 -0.264068 0.554555 0.000000
0.208553 -0.091221 0.387032 0.000000
0.253629 0.012279 0.314006 0.000000
0.354320 -0.462465 0.271439 0.000000
0.536554 -0.209997 0.167460 0.000000
0.323673 -0.970216 0.233060 0.000000
0.332363 0.133558 0.258177 0.000000
0.338874 -0.865722 0.216441 0.000000
0.271117 -1.091239 0.282727 0.000000
0.341916 -0.403456 0.250596 0.000000
0.366542 0.051219 0.226685 0.000000
0.534761 -1.217673 0.136141 1.000000
0.468249 0.095596 0.127184 0.000000
0.293064 -0.994433 0.222001 0.000000
0.110809 -0.312920 0.173230 0.000000
0.328792 -0.347962 0.225668 0.000000
0.384191 -0.668598 0.348331 0.000000
0.265284 -0.150906 0.006836 0.000000
0.361731 -0.916942 0.222413 1.000000
0.332525 0.061530 0.066381 0.000000
0.225074 -0.199859 0.167559 0.000000
0.523548 -0.196031 0.135613 0.000000
0.285226 -0.108878 0.025360 0.000000
0.346912 0.233269 0.185597 0.000000
0.380184 0.309941 0.125940 0.000000
0.442298 0.047968 0.178279 0.000000
0.274871 -1.137745 0.253156 0.000000
0.291474 -0.929016 0.240017 0.000000
0.365266 -0.744894 0.366572 0.000000
0.392068 0.238501 0.168692 0.000000
0.460348 -1.075476 0.163912 1.000000
0.346250 -0.690838 0.202404 0.000000
0.505170 -0.059874 0.133586 0.000000
0.506272 -1.116034 0.173464 1.000000
0.481040 -0.106706 0.180578 0.000000
0.337295 -0.211817 0.196978 0.000000
0.333706 0.172088 0.162364 0.000000
0.409557 -0.003386 0.284196 0.000000
0.429396 0.061922 0.093858 0.000000
0.412230 -0.147048 0.257221 0.000000
0.337306 0.304645 0.099136 0.000000
0.285542 -0.038943 0.155620 0.000000
0.416162 0.153422 0.187944 0.000000
0.300586 -1.146922 0.236751 0.000000
0.339354 0.118304 0.082147 0.000000
0.242608 -1.100475 0.248575 0.000000
0.418174 -0.993809 0.192864 1.000000
0.477322 -0.002693 0.146700 0.000000
0.164169 -0.288410 0.167337 0.000000
0.519919 -0.265408 0.184589 0.000000
0.164082 -0.237588 0.154511 0.000000
0.331074 0.072561 0.179922 0.000000
0.504888 -0.158598 0.160561 0.000000
0.355569 -0.382329 0.222035 0.000000
0.478398 -0.102926 0.051614 0.000000
0.327156 -0.811840 0.200743 0.000000
0.342053 0.161572 0.090393 0.000000
0.380628 0.367979 0.147679 0.000000
0.495088 -0.149274 0.028776 0.000000
0.344362 0.215523 0.085204 0.000000
0.308565 -1.017722 0.238748 0.000000
0.240007 -0.009048 0.332945 0.000000
0.321220 -0.884748 0.238174 0.000000
0.335319 -0.414022 0.201691 0.000000
0.335373 -0.466002 0.201522 0.000000
0.408982 0.304386 0.154842 0.000000
0.334036 -0.369881 0.201099 0.000000
0.326738 0.254763 0.109965 0.000000
0.310492 0.019653 0.184274 0.000000
0.335573 0.158213 0.244597 0.000000
0.365399 0.331619 0.115423 0.000000
0.311848 0.075424 0.283876 0.000000
0.068577 -0.405405 0.162580 0.000000
0.300563 -0.961888 0.249795 0.000000
0.363097 -0.645751 0.321314 0.000000
0.264499 -1.117024 0.269555 0.000000
0.421307 0.172273 0.104938 0.000000
0.420166 0.107569 0.094207 0.000000
0.404451 -0.192814 0.290091 0.000000
0.369600 0.487843 0.120866 0.000000
0.369057 0.386543 0.117844 0.000000
0.267460 -1.091629 0.239407 0.000000
0.181193 -0.216004 0.149762 0.000000
0.489622 0.013656 0.127314 0.000000
0.304879 -0.945384 0.207464 0.000000
0.348271 0.461681 0.144807 0.000000
0.221202 -0.118495 0.395153 0.000000
0.408288 0.186521 0.182660 0.000000
-0.025046 -0.480843 0.164270 0.000000
0.299302 -0.004279 0.053565 0.000000
0.231824 -0.179880 -0.027589 0.000000
0.323271 -0.161342 0.190940 0.000000
0.307167 -1.100657 0.226339 0.000000
0.385067 0.277818 0.117012 0.000000
0.061412 -0.379360 0.176142 0.000000
0.435772 0.139595 0.166566 0.000000
0.017570 -0.455368 0.148936 0.000000
0.314025 -0.914432 0.244341 0.000000
0.377963 0.434989 0.128388 0.000000
0.356789 -0.889986 0.208555 1.000000
0.413573 -0.951074 0.526914 0.000000
0.535281 -1.168430 0.158707 1.000000
0.394547 -0.867673 0.442349 0.000000
0.121087 -0.289044 0.167161 0.000000
0.240194 -0.078354 0.368073 0.000000
0.302756 -0.002987 0.172019 0.000000
0.356594 0.267883 0.097716 0.000000
0.329991 -0.910024 0.222670 0.000000
0.283828 -1.008927 0.242390 0.000000
0.326559 -0.319022 0.186525 0.000000
0.339419 -0.814296 0.224464 0.000000
0.390235 0.017992 0.249810 0.000000
0.436845 0.104511 0.173712 0.000000
0.278871 -0.978239 0.240084 0.000000
0.384492 -0.944968 0.203924 1.000000
0.026374 -0.419528 0.174480 0.000000
0.298571 0.087022 0.253968 0.000000
0.452717 -0.012325 0.187169 0.000000
0.341890 0.312844 0.155678 0.000000
0.337334 0.277503 0.166665 0.000000
0.331744 0.121607 0.172082 0.000000
0.337772 0.214381 0.223459 0.000000
0.278599 -0.053462 0.175831 0.000000
0.350421 0.403950 0.163158 0.000000
0.466454 -0.055851 0.067977 0.000000
0.431258 0.199911 0.125019 0.000000
0.377918 -0.030783 0.256819 0.000000
0.231490 -0.146314 0.143936 0.000000
0.444086 0.152775 0.127538 0.000000
0.269030 -1.055640 0.239041 0.000000
0.386387 -0.796824 0.401819 0.000000
0.292689 0.026477 0.306993 0.000000
0.497182 -0.064948 0.109731 0.000000
0.358118 -0.498885 0.257444 0.000000
0.469969 0.066922 0.131946 0.000000
0.380497 -0.896559 0.474646 0.000000
0.386291 -0.914321 0.497196 0.000000
0.340352 -0.258994 0.188781 0.000000
0.558456 -0.135039 0.114316 0.000000
0.332005 0.225881 0.166234 0.000000
0.338584 -0.739751 0.216185 0.000000
0.187461 -0.206701 -0.034688 0.000000
0.307529 -1.055817 0.236585 0.000000
0.409009 0.150861 0.101100 0.000000
0.337950 -0.524469 0.184969 0.000000
0.421484 -0.967850 0.558103 0.000000
0.405140 0.369774 0.151788 0.000000
0.324888 0.195492 0.111625 0.000000
0.433281 0.072095 0.208548 0.000000
0.140745 -0.223079 -0.043847 0.000000
0.314865 0.113425 0.242978 0.000000
0.437227 0.020592 0.209634 0.000000
0.475785 -0.021832 0.112423 0.000000
0.530770 -1.193089 0.139713 1.000000
0.094970 -0.237011 -0.050423 0.000000
0.321790 -0.690082 0.201244 0.000000
0.496957 -0.037241 0.129453 0.000000
0.388820 0.062805 0.033216 0.000000
0.439137 0.024066 0.087438 0.000000
0.530683 -0.155077 0.163113 0.000000
0.447662 0.107608 0.131646 0.000000
0.395400 0.351167 0.128938 0.000000
0.398677 0.283484 0.191371 0.000000
0.132141 -0.329320 0.164394 0.000000
0.600115 -0.152865 0.110138 0.000000
0.281844 0.052329 0.285351 0.000000
0.398573 0.108371 0.220859 0.000000
0.406631 -0.930593 0.489722 0.000000
0.189549 -0.165134 0.449194 0.000000
0.341491 0.359910 0.166322 0.000000
0.385911 0.100290 0.047586 0.000000
-0.065619 -0.536101 0.124150 0.000000
0.641936 -0.172122 0.095705 0.000000
0.377220 0.419896 0.146699 0.000000
0.363148 -0.517516 0.280971 0.000000
0.358594 -0.697339 0.335671 0.000000
0.385048 -0.019394 -0.006562 0.000000
0.272205 -1.078014 0.258187 0.000000
0.439635 -0.018988 0.207021 0.000000
0.392141 0.024804 0.002543 0.000000
0.050280 -0.420050 0.163703 0.000000
0.510937 -0.083287 0.138395 0.000000
0.330743 0.029789 0.178608 0.000000
0.286309 -1.004489 0.272033 0.000000
0.332781 -0.302550 0.202189 0.000000
0.249906 -0.120592 0.153927 0.000000
0.523342 -0.124821 0.158119 0.000000
0.339922 -0.654012 0.191818 0.000000
0.417617 0.246257 0.125211 0.000000
0.340159 -0.331967 0.210192 0.000000
0.290052 -1.058947 0.254696 0.000000
0.442507 -0.015642 0.065425 0.000000
0.346895 0.384367 0.125160 0.000000
0.396493 0.262872 0.170126 0.000000
0.457664 -0.055684 0.186166 0.000000
0.394300 0.061840 0.227613 0.000000
0.337715 0.187876 0.212483 0.000000
0.524251 -0.110336 0.113959 0.000000
0.313736 0.074771 0.065365 0.000000
0.369134 -0.586869 0.309842 0.000000
0.308632 -0.998866 0.205732 0.000000
0.368632 -0.564404 0.296100 0.000000
0.360539 -0.913269 0.176825 1.000000
0.340022 -0.770811 0.218923 0.000000
0.373182 -0.865529 0.434910 0.000000
0.481595 -1.075490 0.155864 1.000000
0.385656 0.403656 0.128095 0.000000
0.432330 -0.015495 0.315098 0.000000
0.424705 -0.104683 0.236749 0.000000
0.498430 -0.053989 0.154388 0.000000
0.209104 -0.175026 0.140486 0.000000
0.388787 -0.824259 0.416221 0.000000
0.370450 -0.624435 0.324499 0.000000
0.094897 -0.332374 0.175227 0.000000
0.485911 -0.034469 0.368017 0.000000
0.459696 0.021097 0.115112 0.000000
0.437177 -1.041543 0.179004 1.000000
0.378290 -0.053774 -0.028062 0.000000
0.306547 -0.067614 0.021941 0.000000
0.391303 0.483058 0.118274 0.000000
0.438810 0.016728 0.065754 0.000000
0.326355 -0.781728 0.204226 0.000000
0.337609 -0.488001 0.204741 0.000000
0.014977 -0.437981 0.168830 0.000000
0.302601 -1.039832 0.221831 0.000000
0.342616 0.412141 0.113788 0.000000
0.296655 -0.090324 0.017676 0.000000
0.413827 0.232987 0.166929 0.000000
0.430349 -0.985818 0.592572 0.000000
0.435216 -0.065609 0.220396 0.000000
0.384722 -0.713341 0.364200 0.000000
0.335544 0.123606 0.146689 0.000000
0.142701 -0.283659 0.165344 0.000000
0.511818 -0.181160 0.148334 0.000000
0.266643 -0.006688 0.325378 0.000000
0.334093 -0.085783 0.180112 0.000000
0.502286 -1.137608 0.171723 1.000000
0.309016 -0.880072 0.220480 0.000000
0.305951 -0.921229 0.225046 0.000000
0.398520 0.198931 0.094092 0.000000
0.352582 -0.423361 0.242905 0.000000
0.416184 0.204020 0.107624 0.000000
0.344270 -0.363401 0.223909 0.000000
0.385319 0.344959 0.150364 0.000000
0.349836 -0.457711 0.247600 0.000000
0.257449 -0.155901 -0.013339 0.000000
0.306198 -0.954350 0.227684 0.000000
0.321167 -0.268047 0.193904 0.000000
0.338041 -0.454588 0.182689 0.000000
0.377780 -0.931330 0.172500 1.000000
0.324683 -0.843035 0.214396 0.000000
0.435723 0.132781 0.127298 0.000000
0.375951 0.036600 0.249893 0.000000
0.402014 0.306342 0.125937 0.000000
0.335903 0.274148 0.097794 0.000000
0.273131 -0.134271 0.018138 0.000000
0.586945 -1.300165 0.119641 1.000000
0.337568 0.178539 0.077898 0.000000
0.292235 -1.149117 0.216840 0.000000
0.433438 -0.006274 0.335211 0.000000
-0.050071 -0.518350 0.130763 0.000000
0.347638 0.164189 0.120822 0.000000
0.325613 -0.630419 0.202751 0.000000
0.206523 -0.154056 0.423116 0.000000
0.260732 -0.097559 0.168192 0.000000
0.328117 -0.505792 0.187260 0.000000
0.300540 -1.077136 0.219897 0.000000
0.097727 -0.365502 0.168189 0.000000
0.439733 0.001189 0.201021 0.000000
0.319606 0.308104 0.109958 0.000000
0.406983 -0.958181 0.569767 0.000000
0.344254 -0.873902 0.197899 1.000000
0.401281 0.232118 0.110287 0.000000
0.294431 -0.020156 0.162048 0.000000
0.400954 0.010889 0.296775 0.000000
0.411251 0.266130 0.125026 0.000000
0.340473 -0.430387 0.183014 0.000000
0.462857 0.043842 0.141069 0.000000
0.345612 0.103519 0.164227 0.000000
0.374476 0.458802 0.145419 0.000000
0.253487 -0.040516 0.346955 0.000000
0.337431 0.348805 0.115062 0.000000
0.443260 0.063237 0.192548 0.000000
0.448184 -0.030179 0.222329 0.000000
0.344946 -0.598153 0.192859 0.000000
0.373541 -0.654699 0.337213 0.000000
0.308109 -0.942984 0.245855 0.000000
0.454438 -0.012087 0.350896 0.000000
0.236753 -0.169141 0.172624 0.000000
0.456156 0.059367 0.115648 0.000000
0.200842 -0.133667 0.416683 0.000000
0.404004 0.334644 0.157829 0.000000
0.326187 0.041530 0.061175 0.000000
0.555357 -1.234637 0.133556 1.000000
0.586139 -1.278618 0.122660 1.000000
-0.023622 -0.490766 0.135241 0.000000
0.342585 0.226297 0.206630 0.000000
0.235529 -0.052184 0.356999 0.000000
0.341422 0.226146 0.104461 0.000000
0.320845 -1.093471 0.239600 0.000000
0.323287 0.111549 0.071628 0.000000
0.322945 -0.014583 0.179471 0.000000
0.490005 -0.007131 0.131436 0.000000
0.513932 -0.093773 0.159847 0.000000
0.311145 -0.049512 0.029975 0.000000
0.507019 -1.146576 0.153524 1.000000
0.516387 -0.033312 0.397712 0.000000
0.360055 -0.909050 0.196654 1.000000
0.371725 -0.684131 0.344579 0.000000
0.304982 0.021659 0.057689 0.000000
0.329571 -0.708525 0.209030 0.000000
0.424265 0.081658 0.096955 0.000000
0.427077 -1.011754 0.179820 1.000000
-0.007282 -0.469761 0.160398 0.000000
0.437049 0.093497 0.122112 0.000000
0.371877 -0.930615 0.211851 1.000000
0.309401 0.009344 0.156782 0.000000
0.348805 0.079142 0.189666 0.000000
0.399279 0.008269 0.264786 0.000000
0.358354 -0.605928 0.298563 0.000000
0.325256 -0.045940 0.187423 0.000000
0.393310 -0.954896 0.225372 1.000000
0.079425 -0.370817 0.179897 0.000000
0.338828 -0.544748 0.184133 0.000000
0.273709 0.019459 0.309306 0.000000
0.266346 -0.079644 0.155668 0.000000
0.332514 -0.390977 0.201056 0.000000
0.348573 0.253235 0.182768 0.000000
0.360809 -0.543404 0.297263 0.000000
0.329025 -0.594423 0.206991 0.000000
0.296423 -1.111860 0.238622 0.000000
-0.074414 -0.544609 0.140330 0.000000
0.523694 -0.198830 0.157403 0.000000
0.330194 -0.890727 0.218441 0.000000
0.290273 -0.106011 0.006482 0.000000
0.401553 -0.971176 0.184502 1.000000
0.312285 -1.020676 0.219602 0.000000
0.170763 -0.269923 0.165396 0.000000
0.263915 -1.120731 0.241809 0.000000
0.184299 -0.237379 0.160768 0.000000
0.572384 -1.244419 0.132540 1.000000
0.399252 0.135376 0.066645 0.000000
0.208834 -0.208192 0.160348 0.000000
0.291770 -1.091786 0.242118 0.000000
0.340092 0.137973 0.085842 0.000000
0.306865 -0.998499 0.235779 0.000000
0.387720 0.329173 0.135543 0.000000
0.436470 0.069370 0.075390 0.000000
0.362789 0.307957 0.106983 0.000000
0.569836 -1.264178 0.124973 1.000000
0.324184 -0.417603 0.186283 0.000000
0.387665 0.303764 0.156595 0.000000
0.452962 -1.032479 0.199756 1.000000
0.382590 0.466678 0.127826 0.000000
0.324361 -0.120971 0.187747 0.000000
0.325422 -0.528893 0.200202 0.000000
0.473094 -1.061883 0.191220 1.000000
0.271361 -1.023964 0.239059 0.000000
0.311794 -0.905319 0.215663 0.000000
0.353551 0.128713 0.136512 0.000000
0.355159 0.253965 0.110954 0.000000
0.317868 -0.984187 0.221153 0.000000
0.348747 -0.396360 0.233178 0.000000
0.403674 0.142001 0.217172 0.000000
0.461077 -1.056400 0.163463 1.000000
0.431038 -1.004586 0.201962 1.000000
0.356620 -0.480735 0.263044 0.000000
0.464210 -0.028721 0.347337 0.000000
0.488333 -1.122767 0.161637 1.000000
-0.054795 -0.511843 0.150760 0.000000
0.340096 0.207026 0.102873 0.000000
0.391628 0.381112 0.159788 0.000000
0.366917 -0.064423 0.283350 0.000000
0.289516 -0.942811 0.223401 0.000000
0.348705 0.418890 0.148732 0.000000
0.344593 -0.617588 0.201153 0.000000
0.476187 0.015538 0.140626 0.000000
0.333620 0.167768 0.228369 0.000000
0.425332 0.182338 0.120711 0.000000
0.421529 0.192349 0.170471 0.000000
0.250709 -1.053350 0.243086 0.000000
0.430307 0.092633 0.187222 0.000000
0.216310 -0.188237 0.155633 0.000000
0.296969 -0.979080 0.232155 0.000000
0.379859 0.037281 0.227143 0.000000
0.557606 -1.214159 0.142813 1.000000
0.376974 -0.783095 0.390927 0.000000
0.305009 -0.026991 0.045892 0.000000
0.293048 -1.022428 0.229341 0.000000
0.475515 -1.087523 0.170279 1.000000
0.450614 0.089307 0.134742 0.000000
0.356455 0.424280 0.117097 0.000000
0.332178 0.392440 0.135117 0.000000
0.337524 -0.360175 0.185213 0.000000
0.327262 -0.927763 0.214453 0.000000
0.310349 0.085799 0.268481 0.000000
0.328859 -0.647923 0.208519 0.000000
0.396681 -0.945934 0.534393 0.000000
0.446987 0.031741 0.187027 0.000000
0.433460 0.044608 0.088929 0.000000
0.283660 -1.121658 0.255243 0.000000
0.343032 -0.560886 0.195942 0.000000
0.269732 -1.048580 0.256052 0.000000
0.327353 0.152502 0.126163 0.000000
0.480584 -0.084318 0.059072 0.000000
0.327406 -0.566823 0.204303 0.000000
0.297999 0.059660 0.279793 0.000000
0.356341 0.297218 0.171624 0.000000
0.348082 0.364566 0.114852 0.000000
0.389104 0.292737 0.126875 0.000000
0.218522 -0.159392 0.139262 0.000000
0.361416 -0.534322 0.273882 0.000000
0.327618 0.041370 0.164874 0.000000
0.395178 -0.894355 0.464113 0.000000
0.184235 -0.268645 0.572348 0.000000
0.320970 -0.866902 0.213602 0.000000
0.347753 -0.756446 0.210932 0.000000
0.340328 -0.839716 0.224112 0.000000
0.325934 0.187519 0.167825 0.000000
0.337415 -0.332522 0.191750 0.000000
0.292902 -0.061531 0.043761 0.000000
0.375779 -0.729655 0.365678 0.000000
-0.039371 -0.493928 0.155838 0.000000
0.349383 0.245963 0.201564 0.000000
0.314624 -1.136034 0.240001 0.000000
0.370346 0.054473 0.208922 0.000000
0.312834 0.031454 0.170827 0.000000
0.323649 -0.472678 0.189551 0.000000
0.406129 0.181552 0.108182 0.000000
0.540348 -1.185001 0.153819 1.000000
0.332167 -0.224796 0.184739 0.000000
0.336447 -0.246780 0.201388 0.000000
0.274717 -0.995788 0.234178 0.000000
0.519609 -1.161353 0.153483 1.000000
0.486457 -0.053440 0.118414 0.000000
0.378227 -0.943985 0.185243 1.000000
0.479325 -0.128185 0.044349 0.000000
0.288692 -0.947609 0.242523 0.000000
0.390520 0.170347 0.071609 0.000000
0.435611 0.122064 0.170685 0.000000
0.522436 -0.160260 0.145766 0.000000
0.289362 -0.914835 0.226256 0.000000
0.392639 -0.959581 0.196037 1.000000
0.611801 -1.306844 0.115858 1.000000
0.337037 -0.853527 0.203599 0.000000
0.386205 -0.622780 0.332614 0.000000
0.416313 -0.958998 0.542594 0.000000
0.437576 0.167357 0.135336 0.000000
0.403809 0.178644 0.215207 0.000000
0.337653 -0.741392 0.198534 0.000000
0.341509 0.178266 0.110695 0.000000
0.436340 -0.975412 0.607406 0.000000
0.335113 -0.174120 0.187277 0.000000
0.339904 -0.673873 0.197501 0.000000
0.341224 0.197857 0.082038 0.000000
0.450083 -0.031134 0.184994 0.000000
0.460580 -0.031708 0.074468 0.000000
-0.096648 -0.564948 0.129215 0.000000
0.308048 -1.081333 0.239144 0.000000
0.401134 0.108023 0.052007 0.000000
0.290269 0.042210 0.297061 0.000000
0.223421 -0.086100 0.379126 0.000000
0.405872 -0.855190 0.437319 0.000000
0.327216 0.237630 0.106075 0.000000
0.340600 0.293049 0.159165 0.000000
0.368866 0.441704 0.114945 0.000000
0.320235 -0.951758 0.217049 0.000000
0.189626 -0.248607 0.553665 0.000000
-0.125048 -0.584527 0.122432 0.000000
0.284328 -0.968583 0.226085 0.000000
0.393208 0.336688 0.172211 0.000000
0.294577 -1.055123 0.224607 0.000000
0.226145 -0.190031 -0.014533 0.000000
0.439491 -1.024530 0.175760 1.000000
0.276579 -1.043931 0.272989 0.000000
0.351534 0.374124 0.162711 0.000000
0.273965 -0.064999 0.163122 0.000000
0.415279 0.169661 0.182002 0.000000
0.399856 0.396044 0.143129 0.000000
0.522014 -0.225135 0.163251 0.000000
0.387528 0.420192 0.132764 0.000000
0.324455 0.127765 0.243654 0.000000
0.241163 -0.135455 0.153316 0.000000
0.166059 -0.253195 0.161565 0.000000
0.463765 -1.071820 0.180370 1.000000
0.427978 0.153213 0.174396 0.000000
0.182972 -0.226220 0.522943 0.000000
0.322307 -0.146071 0.182657 0.000000
0.330518 -0.799307 0.217525 0.000000
0.405642 0.319019 0.164698 0.000000
0.519440 -0.125738 0.141417 0.000000
0.345341 0.283853 0.183315 0.000000
0.245896 -0.025427 0.340012 0.000000
0.328763 -0.102117 0.193795 0.000000
0.288363 -0.094747 0.035412 0.000000
0.456610 0.061315 0.140857 0.000000
0.521738 -0.096601 0.123562 0.000000
0.229718 -0.183590 0.167249 0.000000
0.209555 -0.106238 0.395698 0.000000
0.298156 -0.959824 0.213138 0.000000
0.190752 -0.213419 0.494750 0.000000
0.510702 -0.207109 -0.024101 0.000000
0.315991 -0.002239 0.049699 0.000000
0.313339 0.123448 0.229486 0.000000
0.328123 -0.379841 0.188834 0.000000
0.264110 -1.038766 0.235553 0.000000
0.502704 -0.261779 -0.064426 0.000000
0.509459 -0.234020 -0.045439 0.000000
0.352213 0.390030 0.153884 0.000000
0.404045 0.243125 0.198773 0.000000
0.269869 -1.072288 0.236988 0.000000
0.351610 -0.448674 0.262297 0.000000
0.309065 0.099903 0.250975 0.000000
0.510288 -0.181960 -0.001776 0.000000
0.373863 0.438035 0.145094 0.000000
0.332487 -0.825656 0.213957 0.000000
0.488524 -1.097321 0.173981 1.000000
0.406965 0.289071 0.161184 0.000000
0.340240 -0.770882 0.202232 0.000000
0.296885 -0.912559 0.241047 0.000000
0.622942 -1.334315 0.115239 1.000000
0.250244 -0.132429 0.174300 0.000000
0.324076 -0.207543 0.187747 0.000000
0.257543 0.025533 0.303810 0.000000
0.192599 -0.197848 0.472844 0.000000
0.291744 -1.094612 0.224768 0.000000
0.382781 0.450338 0.132635 0.000000
0.288152 -1.081748 0.254870 0.000000
0.327144 0.117895 0.260022 0.000000
0.358720 -0.900052 0.225441 1.000000
0.298424 -1.132757 0.228361 0.000000
0.350151 -0.440923 0.247179 0.000000
0.398686 -0.785424 0.397228 0.000000
0.308372 -0.970659 0.222126 0.000000
0.338317 0.258147 0.204310 0.000000
0.222863 -0.101312 0.386853 0.000000
0.426265 -0.982657 0.576901 0.000000
0.416523 0.190865 0.133266 0.000000
0.325865 0.128360 0.076351 0.000000
0.236482 -0.159013 0.155306 0.000000
0.297060 -0.014446 0.182379 0.000000
0.322536 0.134504 0.167742 0.000000
0.378493 -0.699809 0.357272 0.000000
0.251439 -0.169065 -0.021084 0.000000
0.359060 -0.731052 0.357810 0.000000
0.316609 0.056988 0.064807 0.000000
0.359731 0.099730 0.156265 0.000000
0.313110 -0.896762 0.229560 0.000000
0.325293 -0.331937 0.223379 0.000000
0.418478 -0.007161 0.298355 0.000000
0.325965 -0.856711 0.226885 0.000000
0.368067 -0.612023 0.313732 0.000000
0.378776 0.384191 0.147065 0.000000
0.375508 0.343204 0.123547 0.000000
0.327905 -0.729780 0.208937 0.000000
0.335660 -0.390832 0.242420 0.000000
0.097901 -0.348889 0.171957 0.000000
0.473385 0.031695 0.137861 0.000000
0.004285 -0.469493 0.146185 0.000000
0.331509 0.142391 0.244562 0.000000
0.402445 0.211785 0.210507 0.000000
0.383187 0.006953 0.239609 0.000000
0.127343 -0.313937 0.170028 0.000000
0.386769 0.023934 0.235150 0.000000
0.116982 -0.328158 0.171031 0.000000
0.463447 -0.097640 0.054839 0.000000
0.249913 -0.108822 0.142405 0.000000
0.384799 -0.000921 -0.010535 0.000000
0.070907 -0.390429 0.169171 0.000000
0.339482 -0.470459 0.185304 0.000000
0.389948 0.265556 0.126318 0.000000
0.332274 0.158911 0.077856 0.000000
0.199699 -0.178912 0.447375 0.000000
0.487582 -0.021158 0.376947 0.000000
0.330973 -0.284667 0.203062 0.000000
0.402215 0.062224 0.024287 0.000000
0.297399 -1.039514 0.205057 0.000000
0.197574 -0.159520 0.435612 0.000000
0.420422 0.131983 0.122516 0.000000
0.391479 0.422919 0.153413 0.000000
0.464406 0.110888 0.124468 0.000000
0.428340 0.108474 0.188228 0.000000
0.492193 -0.023871 0.136770 0.000000
0.329314 0.202317 0.174526 0.000000
0.429281 0.162209 0.122715 0.000000
0.209901 -0.123652 0.405166 0.000000
0.300375 -1.010568 0.216504 0.000000
0.338176 0.198592 0.225369 0.000000
0.329270 0.243746 0.165314 0.000000
0.306796 -0.929435 0.211451 0.000000
0.336757 0.076042 0.071279 0.000000
0.394437 0.212220 0.107062 0.000000
0.384503 0.027282 0.264382 0.000000
0.322369 0.082502 0.170631 0.000000
0.368217 -0.669163 0.340616 0.000000
0.193485 -0.242273 0.529728 0.000000
0.344596 0.325600 0.165157 0.000000
0.345331 -0.417249 0.257347 0.000000
0.532962 -0.207778 0.131150 0.000000
0.304874 -0.938888 0.231058 0.000000
0.330439 0.152133 0.230821 0.000000
0.335378 -0.192358 0.194970 0.000000
0.336762 -0.446126 0.201666 0.000000
0.432424 0.075541 0.193298 0.000000
0.395278 0.190288 0.079991 0.000000
0.325513 0.057992 0.175754 0.000000
0.347419 -0.881890 0.218116 1.000000
0.490968 -0.118787 0.177346 0.000000
0.332102 0.290192 0.102049 0.000000
0.325270 -0.401432 0.189665 0.000000
0.473012 0.014404 0.110521 0.000000
0.354745 -0.334420 0.205261 0.000000
0.339460 -0.627721 0.190477 0.000000
0.342761 -0.349140 0.217827 0.000000
0.413815 0.136059 0.101754 0.000000
0.270689 -1.020937 0.254313 0.000000
0.416931 0.138458 0.192151 0.000000
0.265877 -0.969701 0.240727 0.000000
0.401879 0.155133 0.077877 0.000000
0.323513 0.160961 0.166118 0.000000
0.401512 0.123287 0.217780 0.000000
0.342998 0.091780 0.176750 0.000000
0.331972 -0.361128 0.233503 0.000000
0.329135 0.139760 0.136026 0.000000
-0.021938 -0.483971 0.149444 0.000000
0.323892 0.016219 0.174236 0.000000
0.195236 -0.215128 0.156154 0.000000
0.404031 -0.823008 0.419028 0.000000
0.422148 0.156944 0.095735 0.000000
0.277930 -0.049525 0.142455 0.000000
0.364628 -0.507775 0.292855 0.000000
0.455677 -0.062770 0.059372 0.000000
0.002989 -0.457492 0.156471 0.000000
0.443408 -0.070282 0.232596 0.000000
0.341398 0.325859 0.105822 0.000000
0.530763 -0.251952 0.179259 0.000000
0.388097 0.030540 0.020455 0.000000
0.515531 -1.131193 0.167263 1.000000
0.436740 0.044296 0.192124 0.000000
0.423478 0.212129 0.165664 0.000000
0.359214 -0.506199 0.271387 0.000000
0.407016 -0.945041 0.514427 0.000000
0.494947 -0.147256 0.165816 0.000000
0.325312 -0.487747 0.191972 0.000000
0.334108 -0.354629 0.199731 0.000000
0.519897 -0.279340 0.192465 0.000000
0.338641 -0.298998 0.187724 0.000000
0.582508 -0.050448 0.445502 0.000000
0.404695 0.273819 0.163286 0.000000
0.389169 -0.654986 0.343451 0.000000
0.490868 -1.137140 0.157169 1.000000
0.450396 -1.038460 0.185952 1.000000
0.421291 -0.990690 0.208535 1.000000
0.417447 -0.133737 0.251089 0.000000
0.183865 -0.214541 0.511795 0.000000
0.364648 -0.530826 0.289584 0.000000
0.334108 0.263324 0.171183 0.000000
0.334828 -0.317545 0.206964 0.000000
0.337867 -0.706182 0.196487 0.000000
0.333344 -0.228717 0.199389 0.000000
0.390391 -0.929977 0.498664 0.000000
0.526868 -0.141101 0.158488 0.000000
0.302709 -1.033486 0.235646 0.000000
0.285915 -0.039305 0.170800 0.000000
0.348872 0.451524 0.157718 0.000000
0.441577 0.063036 0.176683 0.000000
0.435952 -0.110689 0.245424 0.000000
0.427428 0.137450 0.179100 0.000000
0.286980 -1.006214 0.256949 0.000000
0.348943 0.270691 0.176785 0.000000
0.354750 0.443776 0.144245 0.000000
0.470356 -0.058082 0.193993 0.000000
0.338167 -0.412022 0.185156 0.000000
0.333712 -0.430033 0.199722 0.000000
0.435074 0.187206 0.132213 0.000000
0.394242 -0.883191 0.454006 0.000000
0.475618 -0.006626 0.109597 0.000000
0.331757 0.105514 0.175872 0.000000
0.181421 -0.251300 0.541309 0.000000
0.374646 -0.639088 0.328291 0.000000
0.507020 -0.070139 0.144573 0.000000
0.360319 -0.428089 0.230909 0.000000
0.387144 0.077309 0.040002 0.000000
0.352953 0.353810 0.158828 0.000000
0.410547 0.179051 0.122503 0.000000
0.435019 0.030464 0.074547 0.000000
0.372879 -0.044425 0.260351 0.000000
0.273839 -1.063228 0.256562 0.000000
0.392742 0.296958 0.168912 0.000000
0.540098 -1.205280 0.142596 1.000000
0.374189 0.481077 0.133390 0.000000
0.414469 -0.159485 0.265220 0.000000
0.450597 -0.012790 0.077665 0.000000
0.303631 -0.886555 0.235625 0.000000
0.528074 -1.176918 0.148650 1.000000
0.398432 0.080125 0.237310 0.000000
0.339404 -0.803521 0.202681 0.000000
0.456762 0.076132 0.139027 0.000000
0.186377 -0.202736 0.145318 0.000000
0.326298 -0.027259 0.186544 0.000000
0.404222 0.248914 0.168175 0.000000
0.504624 -0.074476 0.118424 0.000000
0.185445 -0.179079 0.468395 0.000000
0.402601 0.199731 0.178861 0.000000
0.475600 -0.093434 0.184485 0.000000
0.324052 -0.580531 0.199402 0.000000
0.293605 -1.059970 0.240314 0.000000
0.387581 -0.907912 0.482031 0.000000
0.320353 -0.080757 0.182517 0.000000
0.322444 -0.966412 0.216887 0.000000
0.360188 -0.565968 0.284043 0.000000
0.331774 -0.682226 0.208788 0.000000
0.397710 0.380947 0.145617 0.000000
0.478498 -0.035982 0.115651 0.000000
0.231893 -0.066490 0.365191 0.000000
0.396669 -0.919826 0.487916 0.000000
0.297126 -1.074007 0.205891 0.000000
0.391073 0.366403 0.158935 0.000000
0.331455 -0.985229 0.226773 0.000000
0.381705 -0.765639 0.384162 0.000000
0.514946 -0.168629 0.155398 0.000000
0.311030 -0.899089 0.243939 0.000000
0.308487 0.012263 0.171147 0.000000
0.376369 -0.833264 0.416889 0.000000
0.318519 -1.029030 0.237244 0.000000
0.500141 -0.160908 0.021385 0.000000
0.267051 0.006744 0.316124 0.000000
0.355740 -0.467457 0.256842 0.000000
0.295359 -1.103060 0.210926 0.000000
0.311586 -0.036118 0.036499 0.000000
0.358671 -0.546147 0.265676 0.000000
0.451297 -1.066877 0.174484 1.000000
0.153029 -0.248406 0.156911 0.000000
0.401215 0.223789 0.172188 0.000000
0.496528 -0.044236 0.143644 0.000000
0.036956 -0.425615 0.166063 0.000000
0.333376 -0.877148 0.207115 0.000000
0.271796 -0.136658 -0.001053 0.000000
0.385585 0.014882 0.011044 0.000000
0.310139 -1.065242 0.225723 0.000000
0.058393 -0.397889 0.170203 0.000000
0.358890 0.061159 0.215013 0.000000
0.344185 -0.661934 0.204722 0.000000
0.337078 0.112662 0.156730 0.000000
0.344424 -0.380639 0.231283 0.000000
0.392452 -0.955338 0.210376 1.000000
0.255072 -0.108025 0.159196 0.000000
0.316306 0.031032 0.059056 0.000000
0.393584 0.409693 0.140852 0.000000
0.362571 0.347978 0.118848 0.000000
0.334618 0.282893 0.193120 0.000000
0.434631 0.118331 0.125992 0.000000
0.373505 0.400221 0.119975 0.000000
0.335964 0.104465 0.079256 0.000000
0.240232 -1.114807 0.248036 0.000000
0.300642 0.075108 0.270122 0.000000
0.368579 0.371863 0.118448 0.000000
0.431364 0.055721 0.078993 0.000000
0.399702 0.010365 0.280931 0.000000
0.356864 -0.642989 0.308511 0.000000
0.440906 -0.052930 0.224549 0.000000
0.347515 -0.888143 0.197583 1.000000
0.021985 -0.447248 0.160082 0.000000
0.404613 0.241626 0.120682 0.000000
0.349118 0.312199 0.168215 0.000000
0.438392 0.022680 0.194307 0.000000
0.418592 0.121798 0.096201 0.000000
0.335685 0.139494 0.164435 0.000000
0.353117 -0.904460 0.208455 1.000000
0.281810 -0.122463 0.021864 0.000000
0.534041 -0.228460 0.171192 0.000000
0.133412 -0.296050 0.169804 0.000000
0.387361 0.044804 0.028723 0.000000
0.343574 0.169866 0.241955 0.000000
0.441975 -0.000788 0.067169 0.000000
0.493665 -0.136425 0.035029 0.000000
0.298482 -1.009292 0.231373 0.000000
0.365727 -0.918278 0.206071 1.000000
0.340473 -0.724633 0.213939 0.000000
0.378581 0.326983 0.118613 0.000000
0.356948 -0.364198 0.214036 0.000000
0.324048 -0.253403 0.193841 0.000000
0.290083 -0.962005 0.240060 0.000000
0.344871 0.175027 0.094327 0.000000
0.328554 -0.501167 0.200761 0.000000
0.359333 -0.579849 0.302207 0.000000
0.299680 -0.891457 0.219776 0.000000
0.536514 -0.116459 0.110034 0.000000
0.319653 -0.306226 0.198132 0.000000
0.318250 0.088124 0.066844 0.000000
0.386921 0.356847 0.141569 0.000000
0.325614 -0.557488 0.193797 0.000000
0.484089 -0.115010 0.046909 0.000000
0.397525 0.239338 0.098705 0.000000
0.407348 -0.179330 0.284454 0.000000
0.337744 -0.534733 0.206542 0.000000
0.449492 0.139722 0.128053 0.000000
0.380291 0.405753 0.145264 0.000000
0.448361 -0.014972 0.219791 0.000000
0.385427 -0.858521 0.434426 0.000000
0.278783 -0.053418 0.156648 0.000000
0.370186 0.427376 0.118144 0.000000
0.400000 -0.199884 0.301459 0.000000
0.334074 -0.152308 0.191745 0.000000
0.372114 -0.556662 0.307365 0.000000
0.349800 0.479021 0.141745 0.000000
0.314451 -0.852325 0.211741 0.000000
0.424468 0.093973 0.090159 0.000000
0.199001 -0.200110 -0.039298 0.000000
0.330933 -0.785253 0.217110 0.000000
0.290987 -0.992414 0.245271 0.000000
0.337197 -0.605863 0.207377 0.000000
0.372290 0.474181 0.118912 0.000000
0.323862 0.270034 0.110652 0.000000
0.236177 -0.180249 -0.014002 0.000000
0.380089 -0.015277 -0.019011 0.000000
0.155384 -0.277723 0.164865 0.000000
0.415620 -1.002587 0.172050 1.000000
0.285323 -1.026322 0.242572 0.000000
0.516602 -0.253617 0.177855 0.000000
0.532667 -0.167721 0.151647 0.000000
0.485718 -1.094706 0.153605 1.000000
0.437293 -1.005992 0.214363 1.000000
0.425716 0.076020 0.084275 0.000000
0.399164 0.349919 0.155276 0.000000
0.475976 -1.066063 0.176867 1.000000
0.396681 0.319179 0.131773 0.000000
0.350304 -0.408230 0.240567 0.000000
0.369617 -0.060023 -0.036961 0.000000
0.332712 -0.753665 0.214023 0.000000
0.336559 0.260271 0.097360 0.000000
0.348204 0.231311 0.087172 0.000000
0.484924 -0.014139 0.143484 0.000000
0.279650 -1.072321 0.247481 0.000000
0.331627 -0.340149 0.203022 0.000000
0.356994 0.281129 0.102480 0.000000
0.381925 -0.873187 0.443352 0.000000
0.518646 -0.108191 0.157926 0.000000
0.308319 -0.013634 0.048403 0.000000
0.443876 -1.035741 0.168434 1.000000
0.340544 -0.698906 0.212024 0.000000
0.265997 -1.035802 0.250967 0.000000
0.407832 -0.899794 0.463971 0.000000
0.331750 0.316126 0.107072 0.000000
0.331522 -0.618349 0.205689 0.000000
0.325286 -0.742802 0.205368 0.000000
0.342006 0.204830 0.213017 0.000000
0.547638 -1.222480 0.135993 1.000000
0.504246 -1.127112 0.160580 1.000000
0.398371 0.094985 0.045416 0.000000
0.352650 -0.905118 0.184521 1.000000
0.318786 -0.894345 0.211423 0.000000
0.370917 0.471877 0.147314 0.000000
0.328690 -0.835426 0.203761 0.000000
0.421156 0.213364 0.121748 0.000000
0.327003 -0.455458 0.190708 0.000000
0.473186 -0.067277 0.064684 0.000000
0.325448 -0.328534 0.197002 0.000000
0.338303 -0.513625 0.193247 0.000000
0.334488 -0.110637 0.184819 0.000000
0.308834 -1.067531 0.243437 0.000000
0.403598 0.096196 0.224348 0.000000
0.408750 0.167002 0.104506 0.000000
0.253128 -0.011248 0.330009 0.000000
0.401755 0.117965 0.061300 0.000000
0.275728 -1.034482 0.260609 0.000000
0.341131 -0.271195 0.194774 0.000000
0.412221 -0.956870 0.556754 0.000000
0.419119 -0.972737 0.570573 0.000000
0.246193 -0.069172 0.360034 0.000000
0.342067 -0.493563 0.193189 0.000000
0.371117 -0.573434 0.305907 0.000000
0.393176 0.339052 0.123271 0.000000
0.324062 -0.518665 0.188373 0.000000
0.318519 -0.993371 0.231057 0.000000
0.321707 -0.880795 0.215073 0.000000
0.378924 -0.891359 0.462301 0.000000
0.417865 -1.005657 0.199355 1.000000
0.321142 -0.226295 0.193036 0.000000
0.301701 -0.005500 0.158605 0.000000
0.326228 0.353570 0.120772 0.000000
0.337796 -0.313010 0.190812 0.000000
0.108212 -0.356374 0.167714 0.000000
0.396371 0.271254 0.113982 0.000000
0.278219 -0.965962 0.245418 0.000000
0.344334 -0.547558 0.196428 0.000000
0.118310 -0.301707 0.170546 0.000000
0.403663 -0.940442 0.498306 0.000000
0.336908 -0.583616 0.207665 0.000000
0.338249 0.234080 0.157685 0.000000
0.449216 0.015500 0.085487 0.000000
0.455555 -0.049768 0.062460 0.000000
0.468705 -1.094915 0.160413 1.000000
0.448120 0.127118 0.132458 0.000000
0.344428 -0.819780 0.213151 0.000000
0.349749 0.256463 0.098243 0.000000
0.392285 -0.906970 0.468133 0.000000
0.430048 -0.972605 0.594145 0.000000
0.422103 0.177540 0.173733 0.000000
0.338483 0.178172 0.221661 0.000000
0.342227 -0.476918 0.198248 0.000000
0.397207 0.145543 0.228236 0.000000
0.345533 0.222648 0.193470 0.000000
0.483743 0.004297 0.134699 0.000000
0.361553 0.077581 0.180195 0.000000
0.339983 -0.442607 0.189283 0.000000
0.193326 -0.208103 0.482327 0.000000
0.336200 -0.534761 0.193374 0.000000
0.463305 0.033807 0.114055 0.000000
0.129562 -0.230591 -0.039355 0.000000
0.444145 0.011119 0.216781 0.000000
-0.078127 -0.536924 0.128440 0.000000
0.152061 -0.293773 0.167673 0.000000
0.326502 -0.796011 0.205340 0.000000
0.439848 0.032861 0.202643 0.000000
0.452074 0.000815 0.188809 0.000000
0.336776 0.306704 0.168254 0.000000
0.141396 -0.321292 0.169358 0.000000
0.327818 -0.570232 0.191104 0.000000
0.378756 -0.935751 0.196431 1.000000
0.426645 -0.002701 0.324485 0.000000
0.322540 0.183228 0.115871 0.000000
0.356877 -0.914167 0.234357 1.000000
0.333793 -0.852437 0.216336 0.000000
0.387157 0.310156 0.137130 0.000000
0.257090 -0.159365 -0.000620 0.000000
0.225992 -0.043089 0.357386 0.000000
0.392672 -0.947641 0.190456 1.000000
0.395686 0.270547 0.193811 0.000000
0.436823 0.056520 0.202205 0.000000
0.301632 -0.059465 0.034132 0.000000
0.409031 0.204466 0.125829 0.000000
0.134746 -0.273392 0.163272 0.000000
0.341008 -0.610624 0.190590 0.000000
0.527079 -1.133191 0.161316 1.000000
0.443313 0.057983 0.118020 0.000000
0.312160 0.009436 0.054302 0.000000
0.365622 -0.599326 0.307761 0.000000
0.036529 -0.410837 0.173610 0.000000
0.081289 -0.239583 -0.051410 0.000000
0.495392 -1.112407 0.167168 1.000000
0.328907 -0.055894 0.179440 0.000000
0.264527 -0.146520 -0.005632 0.000000
0.404304 0.220652 0.103306 0.000000
0.231347 -0.111682 0.386035 0.000000
0.599345 -1.310386 0.117528 1.000000
0.404739 -0.955412 0.169819 1.000000
0.326862 -0.295188 0.191808 0.000000
0.313206 0.034417 0.183509 0.000000
0.450315 -0.025278 0.069684 0.000000
0.333023 0.290805 0.169504 0.000000
0.434075 -0.095470 0.238551 0.000000
0.312883 -1.103605 0.237628 0.000000
0.341064 -0.648820 0.204191 0.000000
0.387530 0.139688 0.063112 0.000000
0.174939 -0.207866 -0.041568 0.000000
0.199151 -0.204681 -0.027162 0.000000
0.369129 -0.922624 0.179417 1.000000
0.330522 -0.169017 0.198450 0.000000
0.522285 -0.212327 0.161344 0.000000
0.361505 0.295548 0.101608 0.000000
0.341496 -0.758051 0.199708 0.000000
0.467506 0.054539 0.134798 0.000000
0.358968 -0.487580 0.249907 0.000000
0.283310 -0.116824 0.009189 0.000000
0.281611 -0.939012 0.235961 0.000000
0.283421 -1.052933 0.244017 0.000000
0.386255 0.390823 0.124963 0.000000
-0.029782 -0.494574 0.145893 0.000000
0.431624 0.149018 0.123005 0.000000
-0.062079 -0.526452 0.133721 0.000000
0.298770 -0.991724 0.209911 0.000000
0.072449 -0.375327 0.170063 0.000000
0.332477 0.197173 0.099625 0.000000
0.335232 -0.821854 0.200721 0.000000
0.294418 0.051949 0.289756 0.000000
0.238302 -0.090221 0.372631 0.000000
0.235833 -0.134585 0.140982 0.000000
0.380668 -0.019295 0.251759 0.000000
0.395627 0.284183 0.169415 0.000000
0.407529 0.194566 0.108474 0.000000
0.574551 -1.275937 0.127492 1.000000
0.290481 -0.928511 0.227227 0.000000
0.378427 -0.818318 0.409525 0.000000
0.437431 0.089506 0.172569 0.000000
0.321803 0.207643 0.115136 0.000000
0.359465 -0.624206 0.315633 0.000000
0.318906 -0.915534 0.219395 0.000000
0.316765 -0.865181 0.229585 0.000000
0.325529 -0.367348 0.189598 0.000000
-0.051123 -0.507989 0.139146 0.000000
0.330260 -0.266772 0.185029 0.000000
0.437306 -0.029565 0.213763 0.000000
0.336075 0.378250 0.128009 0.000000
0.359216 -0.399257 0.225579 0.000000
-0.085532 -0.550674 0.138888 0.000000
0.402884 0.275708 0.124192 0.000000
0.300213 -0.977751 0.215380 0.000000
0.456431 -0.042136 0.185989 0.000000
0.355391 0.469412 0.152003 0.000000
-0.042383 -0.508017 0.152355 0.000000
0.307962 -0.907432 0.234221 0.000000
0.326280 -0.662349 0.197811 0.000000
0.426601 -1.013935 0.194580 1.000000
0.371266 -0.043970 -0.032064 0.000000
0.332081 -0.163695 0.180681 0.000000
0.381849 -0.029628 -0.013347 0.000000
0.553946 -0.123733 0.118778 0.000000
0.374369 -0.056844 0.268252 0.000000
0.510277 -1.174252 0.152911 1.000000
0.070136 -0.362357 0.178264 0.000000
0.632271 -0.161497 0.100743 0.000000
0.297061 -1.046904 0.233909 0.000000
0.221596 -0.187064 -0.029587 0.000000
0.385367 0.375716 0.123516 0.000000
0.394629 -0.833148 0.423073 0.000000
0.463894 0.084584 0.131618 0.000000
0.384426 -0.946809 0.219100 1.000000
0.321276 -1.073339 0.239130 0.000000
0.328377 -1.158459 0.250686 0.000000
0.376811 -0.614633 0.330421 0.000000
0.398868 0.473128 0.116406 0.000000
0.397340 0.056703 0.238710 0.000000
0.410456 0.002315 0.296229 0.000000
0.345353 0.363912 0.155022 0.000000
0.325426 0.008078 0.185488 0.000000
0.464625 -1.059871 0.175018 1.000000
0.353526 -0.475405 0.274005 0.000000
0.570940 -0.135962 0.115431 0.000000
0.278042 -1.086243 0.248919 0.000000
0.051139 -0.408486 0.168516 0.000000
0.378270 -0.579154 0.317225 0.000000
0.428176 -0.074295 0.226030 0.000000
0.321959 -0.427456 0.193679 0.000000
0.398833 0.308525 0.164277 0.000000
0.342393 -0.827137 0.223068 0.000000
0.103465 -0.236647 -0.041251 0.000000
0.397001 -0.939628 0.523587 0.000000
0.306571 0.000100 0.147905 0.000000
0.406767 -0.868328 0.444799 0.000000
0.325747 0.109275 0.164169 0.000000
0.190930 -0.226441 0.159057 0.000000
0.544958 -1.198195 0.153926 1.000000
0.327674 -0.675907 0.198278 0.000000
0.329716 -0.766810 0.213272 0.000000
0.265211 -0.090627 0.177454 0.000000
0.386327 0.433281 0.146222 0.000000
0.429914 -0.985946 0.608602 0.000000
0.025857 -0.433360 0.165098 0.000000
0.250930 -0.122843 0.166073 0.000000
0.553120 -0.046863 0.424778 0.000000
0.517330 -0.100194 0.112347 0.000000
0.321186 -0.002331 0.179055 0.000000
0.185865 -0.188579 0.477538 0.000000
0.356129 -0.897312 0.196408 1.000000
0.456968 0.099514 0.130435 0.000000
0.339370 0.337103 0.110580 0.000000
0.531656 -0.190241 0.167032 0.000000
0.589567 -0.146638 0.112693 0.000000
0.511490 -0.083511 0.152978 0.000000
0.339168 0.153997 0.122880 0.000000
0.341025 0.350751 0.157906 0.000000
0.593292 -1.289574 0.119784 1.000000
0.344797 0.389894 0.164263 0.000000
0.335624 -0.202615 0.188144 0.000000
0.496606 -0.039559 0.155023 0.000000
0.334761 -0.248115 0.187486 0.000000
0.485360 -0.029841 0.107047 0.000000
0.322256 0.295207 0.107523 0.000000
0.442977 -0.006558 0.209993 0.000000
0.337298 -0.500183 0.181355 0.000000
0.339125 -0.781496 0.208464 0.000000
0.330824 0.211453 0.166490 0.000000
0.374378 0.047287 0.217997 0.000000
0.471948 -1.072583 0.167302 1.000000
0.458632 -0.024904 0.191643 0.000000
0.176899 -0.247500 0.161520 0.000000
0.340327 0.134344 0.137782 0.000000
0.264289 -0.035475 0.344192 0.000000
0.611392 -0.157151 0.108108 0.000000
0.329903 0.089794 0.176933 0.000000
0.298286 -1.099272 0.234967 0.000000
0.446508 -0.981935 0.605496 0.000000
0.455575 -0.020983 0.342582 0.000000
0.334156 0.248699 0.100503 0.000000
0.330787 -0.873674 0.221006 0.000000
0.431753 0.083981 0.206139 0.000000
0.336580 -0.559619 0.207913 0.000000
0.242497 -0.044078 0.350883 0.000000
0.332299 0.218072 0.105104 0.000000
0.298189 -1.027101 0.219315 0.000000
0.284744 -1.017243 0.252250 0.000000
0.446641 -0.012672 0.339407 0.000000
0.323203 -0.172433 0.185316 0.000000
0.386618 0.411248 0.154492 0.000000
0.086071 -0.363667 0.171174 0.000000
0.299275 -1.010473 0.204389 0.000000
0.319132 -0.944826 0.207118 0.000000
0.189632 -0.151504 0.441205 0.000000
0.154149 -0.221695 -0.039176 0.000000
0.345247 -0.713607 0.209913 0.000000
0.449105 -1.026410 0.185205 1.000000
0.425009 -0.997062 0.177394 1.000000
0.228356 -0.077644 0.371972 0.000000
0.388121 0.397620 0.140532 0.000000
0.342414 -0.880582 0.230879 0.000000
0.387052 0.008953 -0.003899 0.000000
0.325390 -0.090805 0.186998 0.000000
0.347218 0.121725 0.144129 0.000000
0.341322 -0.420722 0.246445 0.000000
0.273722 -0.064521 0.176036 0.000000
0.515655 -0.094524 0.145091 0.000000
0.435645 0.080802 0.121218 0.000000
0.387368 0.281296 0.130272 0.000000
0.337256 0.236069 0.170067 0.000000
0.340638 -0.402774 0.192463 0.000000
0.493401 -0.053659 0.107933 0.000000
0.271153 -0.015939 0.331624 0.000000
0.335762 -0.590703 0.197738 0.000000
0.469909 -1.081516 0.159502 1.000000
0.441163 0.163564 0.121387 0.000000
0.288758 -1.070369 0.258721 0.000000
0.338969 0.149922 0.086437 0.000000
0.339862 -0.671932 0.210245 0.000000
0.340745 -0.347787 0.192419 0.000000
0.358623 -0.685170 0.334540 0.000000
0.324490 -0.215623 0.197412 0.000000
0.326119 0.074407 0.065951 0.000000
0.347603 0.201112 0.095606 0.000000
0.331111 -0.813378 0.215855 0.000000
0.323840 -0.535183 0.190112 0.000000
0.291022 -0.028472 0.170284 0.000000
-0.017708 -0.474852 0.155959 0.000000
0.346581 0.216770 0.099083 0.000000
0.466712 -0.067967 0.188299 0.000000
0.406744 -0.951407 0.537884 0.000000
0.207709 -0.186225 0.147550 0.000000
0.439534 0.014788 0.078481 0.000000
0.402902 0.294115 0.127714 0.000000
0.226170 -0.160995 0.149565 0.000000
0.433104 0.176168 0.128082 0.000000
0.309936 -1.087490 0.229082 0.000000
0.208366 -0.197640 0.154769 0.000000
0.329008 0.041528 0.177255 0.000000
0.397730 0.168295 0.081031 0.000000
0.286246 0.060845 0.278052 0.000000
0.210572 -0.217976 0.166967 0.000000
0.392016 0.017326 0.262006 0.000000
0.330709 -0.181166 0.195834 0.000000
0.469729 -1.097379 0.173678 1.000000
0.329940 -0.698760 0.201537 0.000000
0.281427 0.034038 0.299545 0.000000
0.441875 -1.032878 0.194979 1.000000
0.335249 -0.339671 0.220103 0.000000
0.307734 -0.904127 0.204560 0.000000
0.362432 -0.553201 0.290743 0.000000
0.338462 0.191129 0.163323 0.000000
0.361001 -0.541554 0.285312 0.000000
0.221284 -0.129314 0.400037 0.000000
0.503720 -0.080088 0.108004 0.000000
0.616191 -1.318012 0.121600 1.000000
0.369197 0.352276 0.109816 0.000000
0.339839 0.186309 0.086800 0.000000
0.384744 0.028482 0.249058 0.000000
0.424333 -0.008796 0.309451 0.000000
0.429771 0.105009 0.087737 0.000000
0.105706 -0.326105 0.173942 0.000000
0.350249 -0.908206 0.224331 1.000000
0.309409 -0.961949 0.210294 0.000000
0.342653 -0.285775 0.201806 0.000000
0.449586 0.054769 0.184563 0.000000
0.290295 -0.097864 0.024112 0.000000
0.344337 -0.733424 0.204059 0.000000
0.333154 -0.639352 0.201353 0.000000
0.349544 0.397702 0.128211 0.000000
0.351323 -0.894803 0.217939 1.000000
0.301173 -0.973512 0.248058 0.000000
0.386420 -0.785900 0.397443 0.000000
0.423715 -0.144927 0.258602 0.000000
0.520165 -0.116517 0.149768 0.000000
0.342158 0.442568 0.147515 0.000000
0.293952 -1.075757 0.246600 0.000000
0.355047 0.265634 0.109642 0.000000
0.503275 -0.065067 0.154477 0.000000
0.327045 -0.768738 0.201730 0.000000
-0.057937 -0.518846 0.141897 0.000000
0.347281 -0.325284 0.203708 0.000000
0.297561 -1.106174 0.222506 0.000000
0.359409 -0.518267 0.292674 0.000000
0.323993 0.022668 0.185010 0.000000
0.269423 -1.069531 0.266723 0.000000
0.127362 -0.227162 -0.050337 0.000000
0.356235 -0.506288 0.284822 0.000000
0.194937 -0.185926 0.468659 0.000000
0.364589 -0.634229 0.319911 0.000000
0.318972 -0.039074 0.180332 0.000000
0.424594 -1.003913 0.188901 1.000000
0.345388 0.254749 0.194971 0.000000
0.524510 -0.040509 0.401981 0.000000
0.330851 -0.273362 0.200205 0.000000
0.375051 -0.718781 0.360628 0.000000
0.241852 -0.158720 0.171570 0.000000
0.471789 -1.080181 0.179203 1.000000
0.418937 0.145278 0.096818 0.000000
0.297664 -0.990228 0.235423 0.000000
0.045231 -0.430801 0.159498 0.000000
0.359485 -0.520680 0.270388 0.000000
0.216322 -0.177808 0.150473 0.000000
0.311533 -1.031765 0.228259 0.000000
0.344355 0.477573 0.152424 0.000000
0.061873 -0.414723 0.160690 0.000000
0.335962 -0.523195 0.199432 0.000000
0.340240 0.195922 0.204276 0.000000
0.344447 0.234724 0.198835 0.000000
0.280666 -1.053375 0.258697 0.000000
0.384396 0.463836 0.148795 0.000000
0.352167 0.425056 0.157958 0.000000
0.296893 -1.066151 0.220964 0.000000
-0.073565 -0.532139 0.137999 0.000000
0.353629 -0.451612 0.275542 0.000000
0.193711 -0.176278 0.456981 0.000000
0.301073 -0.077846 0.022588 0.000000
0.333218 0.187407 0.111412 0.000000
0.506184 -0.057368 0.146298 0.000000
0.388962 -0.702797 0.361272 0.000000
0.391538 0.311681 0.124359 0.000000
0.358053 -0.465334 0.244357 0.000000
0.417449 0.203193 0.170182 0.000000
0.405850 -0.921113 0.479891 0.000000
0.420974 0.235346 0.131351 0.000000
0.394464 0.030550 0.242003 0.000000
0.302157 -0.926722 0.236192 0.000000
0.321093 0.122130 0.167578 0.000000
0.384509 0.452488 0.144549 0.000000
0.416938 0.127664 0.196314 0.000000
0.252961 -0.045924 0.357168 0.000000
0.432653 0.114142 0.178579 0.000000
0.652578 -0.173757 0.089714 0.000000
0.244059 -0.125853 0.145449 0.000000
0.177503 -0.263163 0.172845 0.000000
0.519437 -0.187775 0.142585 0.000000
0.237737 -0.146039 0.156457 0.000000
0.438476 -0.014319 0.324816 0.000000
-0.028197 -0.491902 0.157955 0.000000
0.012435 -0.451202 0.165233 0.000000
0.397327 0.104655 0.231704 0.000000
0.299270 -1.047489 0.213168 0.000000
0.334152 0.176699 0.210652 0.000000
0.305115 0.033774 0.059336 0.000000
0.385534 0.288745 0.113381 0.000000
0.560715 -1.225334 0.137745 1.000000
0.559624 -1.245112 0.130240 1.000000
0.525782 -0.151064 0.152817 0.000000
0.464408 -0.047525 0.192293 0.000000
0.328188 -0.622803 0.194527 0.000000
0.456040 0.118007 0.127861 0.000000
0.423685 0.163752 0.176026 0.000000
0.343953 0.398571 0.155326 0.000000
0.473900 -0.092582 0.054724 0.000000
0.264895 -0.086493 0.166745 0.000000
0.393650 0.052855 0.023526 0.000000
0.297495 -1.083403 0.235178 0.000000
0.407047 0.201950 0.206869 0.000000
0.338443 -0.384414 0.190755 0.000000
0.434680 0.068631 0.184458 0.000000
0.392617 0.074262 0.226791 0.000000
0.308668 -0.863690 0.221097 0.000000
0.526500 -1.155976 0.160833 1.000000
0.328738 0.156623 0.220460 0.000000
0.532603 -0.106344 0.120643 0.000000
0.297925 -1.068075 0.233530 0.000000
0.440927 0.012715 0.202253 0.000000
0.365913 -0.660093 0.330661 0.000000
0.334737 -0.866636 0.202909 0.000000
0.541632 -1.208217 0.131688 1.000000
0.350995 -0.430549 0.251786 0.000000
0.311560 0.094289 0.261002 0.000000
0.400706 0.209504 0.097677 0.000000
0.290621 -0.028676 0.155562 0.000000
0.245618 -0.135890 0.164512 0.000000
0.338188 -0.858762 0.225385 0.000000
0.510610 -1.161026 0.146577 1.000000
0.347252 0.429928 0.146487 0.000000
0.370843 0.450283 0.122322 0.000000
0.356504 -0.453980 0.237456 0.000000
0.462983 0.010269 0.115890 0.000000
0.440164 0.105030 0.123540 0.000000
0.338183 0.169042 0.116564 0.000000
-0.117464 -0.581582 0.131244 0.000000
0.398217 -0.899998 0.474816 0.000000
0.358443 0.276282 0.112620 0.000000
0.395983 0.071571 0.033668 0.000000
0.417399 -0.121768 0.246311 0.000000
0.190092 -0.236412 0.520657 0.000000
0.337254 0.232910 0.214107 0.000000
0.323350 -0.856511 0.206147 0.000000
0.386893 0.339356 0.140666 0.000000
0.335754 -0.372320 0.185223 0.000000
0.348726 -0.342215 0.211176 0.000000
0.385524 -0.724008 0.368995 0.000000
0.294573 -0.033581 0.048420 0.000000
0.322369 0.149804 0.171684 0.000000
0.359081 -0.571829 0.294286 0.000000
0.322953 -0.903800 0.216202 0.000000
0.299513 -0.014066 0.171381 0.000000
0.398712 0.068083 0.235888 0.000000
0.398380 0.234671 0.206062 0.000000
0.218578 -0.196105 -0.023607 0.000000
0.271494 -1.129730 0.290543 0.000000
0.483778 -0.125813 0.172306 0.000000
0.275490 -0.127950 0.009101 0.000000
0.349964 0.240916 0.105592 0.000000
0.356210 -0.599173 0.288443 0.000000
0.258332 -0.099272 0.179495 0.000000
0.462963 -0.018961 0.353402 0.000000
0.330211 -0.128470 0.181781 0.000000
0.208877 -0.144785 0.417237 0.000000
0.600890 -1.299348 0.118831 1.000000
0.394743 0.179240 0.078123 0.000000
0.430212 -0.971247 0.574830 0.000000
0.343037 -0.642939 0.194851 0.000000
0.418734 -0.962057 0.574231 0.000000
0.436055 0.055249 0.189409 0.000000
0.298554 -1.139871 0.216635 0.000000
0.334745 -0.236939 0.188207 0.000000
0.512288 -1.141518 0.162014 1.000000
0.338887 0.266464 0.161557 0.000000
0.332532 -0.257681 0.199761 0.000000
0.447941 -1.044121 0.174640 1.000000
0.388850 -0.003470 0.240342 0.000000
0.581714 -1.266929 0.125036 1.000000
0.285557 0.016513 0.318199 0.000000
0.362898 -0.594007 0.298322 0.000000
0.332641 -0.420771 0.192852 0.000000
0.316982 0.108208 0.252615 0.000000
0.255997 -1.019172 0.243158 0.000000
0.373755 -0.933885 0.183760 1.000000
0.265637 -1.048321 0.266406 0.000000
0.353291 -0.433593 0.238574 0.000000
0.492988 -0.033190 0.376513 0.000000
0.343092 -0.453220 0.192506 0.000000
0.379505 -0.645312 0.340846 0.000000
0.307758 -1.048456 0.226588 0.000000
0.336891 -0.571351 0.207902 0.000000
0.369544 -0.068949 0.293654 0.000000
0.103775 -0.338680 0.171539 0.000000
0.405727 0.252812 0.118186 0.000000
0.417429 0.243183 0.164450 0.000000
0.405882 0.259403 0.164965 0.000000
0.337199 0.322884 0.156089 0.000000
0.334438 -0.687341 0.199319 0.000000
0.402212 -0.944787 0.546955 0.000000
0.377415 -0.938307 0.217561 1.000000
0.301176 -0.054053 0.046768 0.000000
0.399840 0.188329 0.091106 0.000000
0.261990 -0.089761 0.156559 0.000000
0.199032 -0.142467 0.423110 0.000000
0.483010 0.030667 0.132539 0.000000
0.521101 -1.164239 0.142941 1.000000
0.129403 -0.326336 0.174654 0.000000
0.334051 -0.042190 0.179512 0.000000
0.329540 -0.544409 0.192112 0.000000
0.344220 0.215435 0.205716 0.000000
0.295915 -1.145260 0.226907 0.000000
0.188103 -0.261981 0.564475 0.000000
0.326941 0.136822 0.178333 0.000000
0.521301 -0.179014 0.153507 0.000000
0.443928 0.023358 0.180587 0.000000
0.297935 -0.086791 0.028175 0.000000
0.581598 -1.288244 0.119883 1.000000
0.396966 0.342301 0.162898 0.000000
0.304497 -1.017384 0.226978 0.000000
0.325589 -0.608520 0.205706 0.000000
0.332141 0.168488 0.242757 0.000000
0.336394 0.237330 0.100040 0.000000
0.333086 0.167210 0.085009 0.000000
0.332949 0.155939 0.168647 0.000000
0.457227 -0.040831 0.069353 0.000000
0.404810 0.189619 0.209311 0.000000
0.399429 0.153966 0.221558 0.000000
0.194783 -0.197040 0.459723 0.000000
0.319098 -1.017682 0.235692 0.000000
0.304170 -0.919561 0.245305 0.000000
0.400855 -0.969568 0.195321 1.000000
0.293253 -0.938937 0.235722 0.000000
0.353224 0.095642 0.164416 0.000000
0.329817 -0.326033 0.213808 0.000000
0.322449 0.071654 0.172086 0.000000
0.314013 -0.885445 0.229971 0.000000
0.392615 0.093949 0.227514 0.000000
0.232642 -0.166352 0.162446 0.000000
0.483076 -1.066330 0.191023 1.000000
0.442136 -0.038985 0.220040 0.000000
0.434990 -0.991776 0.600462 0.000000
0.391271 0.087010 0.042804 0.000000
0.468842 0.015587 0.148689 0.000000
0.397927 0.249636 0.103775 0.000000
0.321430 0.098104 0.069878 0.000000
0.339704 -0.843924 0.212960 0.000000
0.336720 -0.164008 0.190996 0.000000
0.341075 -0.801654 0.218709 0.000000
0.145462 -0.271506 0.162966 0.000000
0.530098 -1.211866 0.144061 1.000000
0.348743 0.293873 0.179722 0.000000
0.368434 -0.535073 0.298846 0.000000
0.176611 -0.267403 0.563717 0.000000
0.370154 0.416978 0.123390 0.000000
0.332835 -0.480014 0.193237 0.000000
0.364152 -0.565169 0.306913 0.000000
0.298700 -0.069384 0.037422 0.000000
0.402479 0.387208 0.153087 0.000000
0.348639 -0.882187 0.206584 1.000000
0.241145 -0.172954 -0.020314 0.000000
0.300736 -0.948070 0.235096 0.000000
0.297652 -0.014778 0.153049 0.000000
0.451214 -1.055369 0.167857 1.000000
0.294756 -0.999182 0.252860 0.000000
0.273574 -1.001951 0.243026 0.000000
0.330695 -0.833848 0.220832 0.000000
0.394151 -0.965239 0.176767 1.000000
0.346895 -0.702949 0.204231 0.000000
0.385244 -0.008249 -0.000128 0.000000
0.324553 -0.025074 0.173686 0.000000
0.387350 0.334346 0.151104 0.000000
0.409500 -0.961070 0.526027 0.000000
0.335718 -0.462040 0.191451 0.000000
0.195893 -0.205145 0.152016 0.000000
0.395032 -0.853537 0.434141 0.000000
0.322233 -0.069289 0.177269 0.000000
0.395452 0.211271 0.088386 0.000000
0.285888 -0.957274 0.228693 0.000000
0.185027 -0.204951 0.498267 0.000000
0.337267 -0.354857 0.225167 0.000000
0.495217 -0.065638 0.120331 0.000000
0.600827 -1.281876 0.123509 1.000000
0.401023 -0.930435 0.501375 0.000000
0.568842 -1.234672 0.135519 1.000000
0.313568 -0.918231 0.234254 0.000000
0.339077 -0.762917 0.209402 0.000000
0.391204 0.111971 0.053405 0.000000
0.399772 0.118259 0.227147 0.000000
0.257800 -0.089261 0.139133 0.000000
0.372032 0.482482 0.145868 0.000000
0.426573 0.140432 0.127067 0.000000
0.438773 0.085716 0.187147 0.000000
0.321602 0.032545 0.163717 0.000000
0.332263 -0.372129 0.231039 0.000000
0.303467 0.068892 0.279972 0.000000
0.422256 0.144962 0.184755 0.000000
-0.014804 -0.488043 0.141709 0.000000
0.324690 -0.314144 0.203334 0.000000
0.432900 -1.034327 0.172320 1.000000
0.492547 -0.034314 0.142791 0.000000
0.162008 -0.263215 0.162621 0.000000
0.329805 -0.095947 0.178704 0.000000
0.292691 -1.017837 0.218180 0.000000
0.326102 0.052162 0.063710 0.000000
0.336156 0.359193 0.117302 0.000000
0.274672 -1.015380 0.244524 0.000000
0.322834 -0.355058 0.193047 0.000000
0.444903 0.085284 0.124168 0.000000
0.404182 0.301729 0.183550 0.000000
0.305454 0.061166 0.292498 0.000000
0.397756 0.170903 0.219436 0.000000
0.425928 -0.113508 0.243003 0.000000
0.353948 0.400428 0.152019 0.000000
0.416700 0.220116 0.167763 0.000000
0.378678 0.395204 0.145417 0.000000
0.455661 0.048255 0.117162 0.000000
0.350891 0.084069 0.180434 0.000000
0.395582 0.294087 0.159038 0.000000
0.415724 0.172781 0.095865 0.000000
0.377457 -0.663799 0.341607 0.000000
0.327584 -0.335681 0.189174 0.000000
0.431106 0.039707 0.078598 0.000000
0.436300 0.076587 0.085152 0.000000
0.174224 -0.266940 0.575480 0.000000
0.316053 -0.963501 0.229955 0.000000
0.309207 -1.076991 0.227682 0.000000
0.539257 -1.192459 0.146345 1.000000
0.321772 0.118823 0.248962 0.000000
0.387147 0.388674 0.151804 0.000000
0.424991 -0.977210 0.585918 0.000000
0.328106 0.280433 0.103224 0.000000
0.462960 0.032583 0.143073 0.000000
0.394163 0.274860 0.164005 0.000000
0.341408 -0.566634 0.187178 0.000000
0.422449 0.195702 0.120887 0.000000
0.505699 -0.164866 0.151854 0.000000
0.363543 -0.787753 0.385658 0.000000
-0.005889 -0.459755 0.165581 0.000000
0.406506 0.255798 0.195771 0.000000
0.216834 -0.197634 0.161080 0.000000
0.496290 -1.117821 0.156769 1.000000
0.427077 0.118366 0.090940 0.000000
0.350142 -0.371757 0.216823 0.000000
0.399206 0.242375 0.111588 0.000000
0.244955 -0.057173 0.356298 0.000000
0.435989 -1.013027 0.188091 1.000000
0.329622 0.341750 0.114561 0.000000
0.211521 -0.134197 0.409012 0.000000
0.422771 0.206675 0.129714 0.000000
0.352766 -0.477502 0.253799 0.000000
0.258957 -0.107716 0.170301 0.000000
0.282683 -1.111426 0.251416 0.000000
0.285130 -1.092694 0.255125 0.000000
0.317120 -0.907913 0.226424 0.000000
0.326146 -0.947457 0.224610 0.000000
0.327883 -0.920324 0.222514 0.000000
0.347162 0.411108 0.156187 0.000000
0.302293 -1.000323 0.215170 0.000000
0.348876 0.108971 0.155255 0.000000
0.367047 -0.499978 0.285105 0.000000
0.574273 -1.255459 0.128777 1.000000
0.412832 -0.965304 0.563464 0.000000
0.412574 0.194271 0.177038 0.000000
0.294256 -1.035689 0.214766 0.000000
0.480700 -1.092932 0.162637 1.000000
0.331449 -0.601356 0.190956 0.000000
0.396330 0.146294 0.076978 0.000000
0.337068 0.128988 0.081391 0.000000
0.396535 0.201365 0.084102 0.000000
0.313245 -0.931572 0.228268 0.000000
0.354612 -0.513105 0.265013 0.000000
0.445411 0.042059 0.186338 0.000000
0.612627 -1.336017 0.114936 1.000000
0.372676 -0.596879 0.315083 0.000000
0.430653 -0.994488 0.204619 1.000000
0.186945 -0.257391 0.547750 0.000000
0.363256 -0.898890 0.203877 1.000000
0.243692 -0.033958 0.345616 0.000000
0.197282 -0.150594 0.430215 0.000000
0.399159 0.090688 0.234955 0.000000
0.303893 -1.057880 0.220813 0.000000
0.318316 -0.973245 0.223893 0.000000
0.206802 -0.114327 0.401692 0.000000
0.427974 0.066394 0.080982 0.000000
0.320608 -0.848821 0.222687 0.000000
0.015812 -0.459705 0.158244 0.000000
0.332646 -0.455984 0.200675 0.000000
0.515168 -1.120307 0.170132 1.000000
-0.005188 -0.473431 0.150748 0.000000
0.395408 0.228392 0.100740 0.000000
0.347166 0.450515 0.141947 0.000000
0.088252 -0.342758 0.175910 0.000000
0.433765 -1.026532 0.185650 1.000000
0.346950 -0.893326 0.208139 1.000000
0.332013 0.255210 0.162046 0.000000
0.299111 -0.019842 0.050599 0.000000
0.338156 -0.812983 0.206787 0.000000
0.340354 0.193180 0.105987 0.000000
0.347198 0.243437 0.187704 0.000000
0.334004 -0.477762 0.204525 0.000000
0.306051 -0.045450 0.038049 0.000000
0.406881 0.239035 0.171700 0.000000
0.326653 -0.427857 0.184437 0.000000
0.358618 -0.741293 0.359394 0.000000
0.378637 -0.040636 -0.021364 0.000000
0.522819 -0.133674 0.148420 0.000000
0.313154 -1.123300 0.237878 0.000000
0.398008 -0.817036 0.413091 0.000000
0.316428 0.130383 0.236523 0.000000
0.393588 0.371686 0.128340 0.000000
0.321808 -0.895296 0.222426 0.000000
0.330346 0.204721 0.106370 0.000000
0.317774 -0.941438 0.216794 0.000000
0.349328 0.153650 0.120991 0.000000
0.174278 -0.259460 0.161817 0.000000
0.446294 -1.024366 0.199453 1.000000
0.404132 -0.946635 0.526211 0.000000
0.430959 0.085662 0.194822 0.000000
0.332269 -0.211296 0.182696 0.000000
0.508508 -0.069634 0.134048 0.000000
0.329464 -0.055079 0.189743 0.000000
0.338028 -0.747722 0.207464 0.000000
0.463936 -0.068897 0.060283 0.000000
0.379000 -0.630085 0.330852 0.000000
0.327203 -0.587372 0.192345 0.000000
0.329393 0.265639 0.102489 0.000000
0.328180 -0.717747 0.204618 0.000000
0.305391 0.004486 0.165119 0.000000
0.281781 0.025828 0.305780 0.000000
0.325751 -0.197699 0.190300 0.000000
0.367200 -0.515203 0.299550 0.000000
0.331257 -0.860981 0.211172 0.000000
0.320918 -1.087658 0.231102 0.000000
0.335682 -0.627765 0.205505 0.000000
0.307839 -0.993290 0.226954 0.000000
0.334762 -0.350304 0.184297 0.000000
0.387349 -0.945392 0.180699 1.000000
0.393965 0.160708 0.073314 0.000000
0.434607 0.149856 0.167284 0.000000
0.334428 0.402466 0.135392 0.000000
0.388200 0.473736 0.107475 0.000000
0.104220 -0.231651 -0.050192 0.000000
0.341183 0.391157 0.130312 0.000000
0.364730 -0.916373 0.186260 1.000000
0.284863 -1.063199 0.244594 0.000000
0.293971 -0.971395 0.238697 0.000000
0.295781 -1.085194 0.225048 0.000000
0.344024 -0.682190 0.207435 0.000000
0.399928 -0.766837 0.390505 0.000000
0.318781 -1.003516 0.229696 0.000000
0.545660 -1.231536 0.131645 1.000000
0.288659 -0.980478 0.237960 0.000000
0.380218 0.317393 0.115443 0.000000
0.197184 -0.167444 0.442072 0.000000
0.454487 0.009370 0.193874 0.000000
0.318095 0.039877 0.173272 0.000000
0.323504 -0.110443 0.191045 0.000000
0.294148 -0.983740 0.223505 0.000000
0.314052 -0.025203 0.041477 0.000000
0.329255 -0.205520 0.196321 0.000000
0.414640 0.180602 0.102609 0.000000
0.337854 -0.500513 0.204941 0.000000
0.531293 -0.202115 0.163642 0.000000
0.235861 -0.023542 0.340328 0.000000
0.402765 0.077040 0.228593 0.000000
0.295538 0.080311 0.261042 0.000000
0.329481 0.118998 0.078226 0.000000
0.279136 -0.047703 0.165098 0.000000
0.346285 -0.425664 0.235207 0.000000
0.471235 0.004406 0.111534 0.000000
0.338111 -0.841258 0.200404 0.000000
0.337287 -0.503569 0.194642 0.000000
0.393044 -0.960161 0.185633 1.000000
0.360013 -0.498894 0.247423 0.000000
0.368269 -0.926328 0.220366 1.000000
0.441593 0.075805 0.188696 0.000000
0.270319 -0.073649 0.167382 0.000000
0.297198 -0.916434 0.219949 0.000000
0.320999 0.096167 0.173961 0.000000
0.384578 -0.886024 0.455507 0.000000
0.613456 -1.296840 0.114956 1.000000
0.328074 0.166423 0.173391 0.000000
0.359597 -0.907479 0.218550 1.000000
0.294021 -1.086778 0.214104 0.000000
0.340855 -0.323043 0.196154 0.000000
0.280995 -0.993944 0.244174 0.000000
0.329926 -0.074666 0.182336 0.000000
0.080279 -0.391206 0.165311 0.000000
0.516614 -0.115581 0.139820 0.000000
0.297903 -1.122744 0.226705 0.000000
0.381744 0.032621 0.236720 0.000000
0.349171 -0.409893 0.230611 0.000000
0.345524 0.380255 0.153656 0.000000
0.375353 0.448376 0.146057 0.000000
0.354657 -0.456464 0.256443 0.000000
0.190890 -0.223178 0.497524 0.000000
0.427549 -0.132135 0.253994 0.000000
0.387679 -0.694343 0.355817 0.000000
0.530174 -1.189337 0.149603 1.000000
0.088493 -0.246351 -0.049145 0.000000
0.496586 -1.129561 0.166744 1.000000
0.272950 -1.046849 0.246604 0.000000
0.335014 -0.567109 0.197629 0.000000
0.396054 -0.794837 0.404043 0.000000
0.311717 -0.936887 0.206700 0.000000
0.315073 0.084421 0.277317 0.000000
0.443889 -0.025665 0.061885 0.000000
0.332186 -0.404900 0.197593 0.000000
0.252927 -0.022304 0.333448 0.000000
0.333532 0.180948 0.168878 0.000000
0.267839 -1.100190 0.279395 0.000000
0.431956 -1.014046 0.171289 1.000000
0.380155 -0.678710 0.345747 0.000000
0.478537 -0.084802 0.189858 0.000000
0.340905 0.370610 0.122509 0.000000
-0.093047 -0.555784 0.131353 0.000000
0.270308 -0.139929 0.008360 0.000000
0.388669 -0.926198 0.507837 0.000000
0.355877 -0.529063 0.280434 0.000000
0.524288 -0.188794 0.157327 0.000000
0.393263 0.284077 0.117797 0.000000
0.335202 -0.658268 0.202105 0.000000
0.484147 -0.044188 0.114334 0.000000
0.212578 -0.114013 0.390103 0.000000
0.345133 -0.894343 0.225831 0.000000
0.260084 -1.051643 0.236850 0.000000
0.228638 -0.095064 0.381532 0.000000
-0.126154 -0.591584 0.129479 0.000000
0.282379 -1.044046 0.248582 0.000000
0.336399 0.100897 0.168272 0.000000
0.386897 0.378216 0.151441 0.000000
0.384740 0.411225 0.136395 0.000000
0.391925 0.356078 0.158442 0.000000
0.343923 -0.398280 0.241743 0.000000
0.338171 0.187917 0.223921 0.000000
0.293805 -0.921118 0.233094 0.000000
0.199526 -0.124833 0.412183 0.000000
0.042540 -0.414212 0.166139 0.000000
0.278868 -1.010760 0.269747 0.000000
0.327255 -0.349632 0.235400 0.000000
0.321370 0.065612 0.066477 0.000000
0.368839 -0.057064 0.276565 0.000000
0.222476 -0.180531 0.157932 0.000000
0.364876 0.359111 0.115959 0.000000
0.318283 -0.924914 0.211219 0.000000
0.574010 -1.295072 0.121075 1.000000
0.329991 -0.527363 0.190531 0.000000
0.315090 0.024436 0.164135 0.000000
0.334686 -0.555381 0.198202 0.000000
0.324508 -0.045811 0.175547 0.000000
0.470051 -0.013319 0.114407 0.000000
0.332177 -0.141352 0.180893 0.000000
0.328875 -0.306218 0.193818 0.000000
0.348955 -0.356821 0.216729 0.000000
0.372374 -0.032751 0.264812 0.000000
0.360581 0.073041 0.188966 0.000000
0.433411 0.096480 0.178424 0.000000
0.425703 0.070995 0.095440 0.000000
0.238726 -0.153765 0.163421 0.000000
0.318494 -0.875448 0.204714 0.000000
0.346530 0.226122 0.095799 0.000000
0.533622 -1.201492 0.135306 1.000000
0.437908 -0.979486 0.593471 0.000000
0.452167 0.067368 0.119905 0.000000
0.331156 0.227843 0.106193 0.000000
0.406399 0.313851 0.156128 0.000000
0.293841 -1.044408 0.221398 0.000000
0.338921 0.291001 0.185668 0.000000
0.508973 -0.171503 0.001619 0.000000
0.395740 0.015370 0.270949 0.000000
0.525774 -1.169772 0.156376 1.000000
0.373188 0.043869 0.230243 0.000000
0.386228 0.294155 0.154880 0.000000
0.441164 0.008630 0.070869 0.000000
0.336238 0.124541 0.257252 0.000000
0.287835 -0.107056 0.016034 0.000000
0.336503 -0.786560 0.200429 0.000000
0.306447 -1.003725 0.227440 0.000000
0.476197 -0.012261 0.148704 0.000000
0.277497 0.011079 0.315174 0.000000
0.325010 -0.112080 0.181318 0.000000
0.205953 -0.162324 0.428417 0.000000
0.332619 -0.392355 0.190770 0.000000
0.395329 0.127705 0.061312 0.000000
0.364760 -0.677945 0.337134 0.000000
0.403856 0.315926 0.124929 0.000000
0.358041 -0.450085 0.246321 0.000000
0.332048 -0.403962 0.183055 0.000000
0.392151 0.301228 0.123045 0.000000
0.501092 -0.044695 0.134275 0.000000
0.262012 -1.025572 0.236629 0.000000
0.399529 0.062448 0.033759 0.000000
0.490640 -1.127554 0.153427 1.000000
0.324840 -0.653130 0.201284 0.000000
0.082208 -0.375748 0.169708 0.000000
-0.042791 -0.511955 0.132048 0.000000
0.223532 -0.063402 0.361184 0.000000
0.473627 -1.070186 0.185407 1.000000
0.451901 -1.037880 0.163292 1.000000
0.369817 -0.611664 0.324290 0.000000
0.268222 0.025398 0.303836 0.000000
0.331706 -0.691974 0.209215 0.000000
0.409386 -0.951413 0.547276 0.000000
0.264396 0.016837 0.308096 0.000000
0.309207 -0.896377 0.218565 0.000000
0.331476 0.177021 0.114161 0.000000
0.579440 -0.143849 0.112007 0.000000
0.326841 0.197787 0.166261 0.000000
0.326587 -0.495117 0.185743 0.000000
0.340320 0.247770 0.204617 0.000000
0.187765 -0.244024 0.539155 0.000000
0.332667 -0.512898 0.182414 0.000000
0.298672 -0.881818 0.220655 0.000000
0.322880 0.006257 0.051647 0.000000
0.564039 -1.253263 0.127294 1.000000
0.444925 -1.035040 0.178674 1.000000
0.336931 0.176418 0.239215 0.000000
0.290067 -1.014822 0.237821 0.000000
0.303327 -1.056072 0.245347 0.000000
0.413630 0.200134 0.133469 0.000000
0.400849 0.132840 0.219388 0.000000
0.313073 -0.913863 0.210417 0.000000
0.477522 0.006039 0.142110 0.000000
0.487874 -0.130722 0.040311 0.000000
0.335101 -0.737988 0.207316 0.000000
0.308557 -0.936213 0.218145 0.000000
0.402539 0.322744 0.156318 0.000000
0.334377 -0.186281 0.187499 0.000000
0.357590 -0.417723 0.236838 0.000000
0.468723 -0.097340 0.046731 0.000000
0.550392 -1.241813 0.129370 1.000000
0.346967 0.262519 0.184979 0.000000
0.528644 -0.218513 0.165662 0.000000
0.367923 -0.727981 0.360174 0.000000
0.309785 -0.978792 0.216214 0.000000
0.533041 -0.170437 0.161518 0.000000
0.504279 -0.076090 0.156395 0.000000
0.435704 0.065439 0.198670 0.000000
0.281986 -0.963664 0.235067 0.000000
0.424938 0.123460 0.122872 0.000000
0.330333 0.148275 0.080685 0.000000
0.432223 0.030856 0.083773 0.000000
0.288547 -1.082326 0.242047 0.000000
0.426827 -0.088642 0.230739 0.000000
0.399159 -0.874480 0.447388 0.000000
0.386000 -0.959655 0.221260 1.000000
0.503289 -0.147031 0.160988 0.000000
0.506182 -0.270717 -0.065368 0.000000
0.322232 0.112493 0.172544 0.000000
0.457234 -1.062063 0.180798 1.000000
0.325961 0.136822 0.237076 0.000000
0.271688 -0.068938 0.154630 0.000000
0.216078 -0.168188 0.142329 0.000000
-0.104883 -0.567094 0.124524 0.000000
0.341110 -0.750258 0.217274 0.000000
0.337137 -0.797705 0.210722 0.000000
0.438010 0.070261 0.119993 0.000000
0.432039 0.129863 0.175047 0.000000
0.250717 -0.165627 -0.009794 0.000000
0.383814 -0.775685 0.390184 0.000000
0.282068 0.042963 0.292106 0.000000
0.133176 -0.283983 0.166538 0.000000
0.437588 0.189616 0.123268 0.000000
0.337541 -0.600957 0.198358 0.000000
0.301437 -0.902851 0.239557 0.000000
0.464686 -1.066014 0.167651 1.000000
0.332028 -0.219042 0.192412 0.000000
0.326950 -0.363729 0.198362 0.000000
0.313289 -1.113181 0.237429 0.000000
0.307729 0.060587 0.065099 0.000000
0.314670 0.018425 0.056489 0.000000
0.351054 -0.394048 0.224169 0.000000
0.324099 -0.135432 0.184226 0.000000
0.272536 0.050072 0.285481 0.000000
0.382713 -0.901464 0.466727 0.000000
0.403556 0.264659 0.193691 0.000000
0.452570 0.031903 0.118921 0.000000
0.436444 0.058369 0.086654 0.000000
0.142248 -0.292927 0.167888 0.000000
0.381332 -0.929576 0.187690 1.000000
0.338701 0.196459 0.234673 0.000000
0.185978 -0.231598 0.530250 0.000000
0.027562 -0.452728 0.154586 0.000000
0.480586 -1.084480 0.177780 1.000000
0.335793 0.162213 0.235926 0.000000
0.285572 -0.044252 0.147681 0.000000
0.425785 -1.005030 0.172192 1.000000
0.318150 -0.857707 0.220211 0.000000
0.502939 -1.138711 0.157061 1.000000
0.444042 0.172392 0.130458 0.000000
0.331772 -0.632980 0.192474 0.000000
0.332079 -0.638172 0.210743 0.000000
0.332524 -0.379174 0.199659 0.000000
0.276489 -1.053261 0.267253 0.000000
0.090886 -0.355216 0.173143 0.000000
0.323319 -0.980568 0.228408 0.000000
0.120369 -0.337427 0.168966 0.000000
0.506136 -1.126177 0.169856 1.000000
0.486816 -0.003428 0.139595 0.000000
0.515745 -0.100442 0.152533 0.000000
0.348468 0.302340 0.173038 0.000000
-0.017333 -0.475602 0.166073 0.000000
0.327584 0.124959 0.253363 0.000000
0.327646 0.128488 0.162461 0.000000
0.286344 -0.946666 0.232937 0.000000
0.392962 0.326151 0.147586 0.000000
0.339917 -0.310872 0.199809 0.000000
0.418113 0.231729 0.123060 0.000000
0.546423 -0.123143 0.113034 0.000000
0.332589 0.166781 0.218996 0.000000
0.396614 0.248827 0.200146 0.000000
0.403267 0.284755 0.129076 0.000000
0.453863 -1.065158 0.165537 1.000000
0.387994 0.015418 0.239075 0.000000
0.356652 0.439984 0.153895 0.000000
0.357865 -0.898948 0.179612 1.000000
0.132529 -0.305256 0.167854 0.000000
0.418437 -1.008929 0.183777 1.000000
0.472176 0.044882 0.134358 0.000000
0.327847 -0.036854 0.187401 0.000000
0.253804 -0.099726 0.140043 0.000000
0.339445 -0.697837 0.200614 0.000000
0.547311 -1.211351 0.143086 1.000000
0.328921 0.082101 0.070650 0.000000
0.401719 -0.937541 0.507781 0.000000
0.482588 0.015734 0.133694 0.000000
0.404520 0.003822 0.276131 0.000000
0.368403 -0.736003 0.366984 0.000000
0.555280 -1.204507 0.144350 1.000000
0.235140 -1.105799 0.246360 0.000000
0.411167 0.003930 0.305594 0.000000
0.428710 -0.993601 0.213808 1.000000
0.329470 0.116114 0.179402 0.000000
0.343436 -0.865781 0.208194 1.000000
0.306867 0.001708 0.053279 0.000000
0.501138 -0.052733 0.139833 0.000000
0.335970 0.248532 0.169884 0.000000
0.323917 0.025778 0.173512 0.000000
0.323188 -0.314442 0.194049 0.000000
0.336838 -0.612732 0.198958 0.000000
0.341383 -0.828688 0.213600 0.000000
0.317165 -0.893204 0.237552 0.000000
0.272294 -1.087369 0.259002 0.000000
0.411535 0.161560 0.187282 0.000000
0.383851 -0.922969 0.499899 0.000000
0.332828 -0.775894 0.215694 0.000000
0.288035 -0.989702 0.253803 0.000000
0.316904 0.040255 0.060824 0.000000
0.458520 -1.052706 0.173095 1.000000
0.266726 -0.101405 0.174289 0.000000
0.260937 -0.017581 0.331982 0.000000
0.394081 0.476075 0.123896 0.000000
0.523374 -0.168545 0.150835 0.000000
0.526862 -0.160252 0.154257 0.000000
0.307248 0.019381 0.165201 0.000000
0.445744 0.050139 0.191727 0.000000
0.427649 0.189559 0.127032 0.000000
0.329851 0.299332 0.103948 0.000000
0.268141 -1.082425 0.237902 0.000000
0.368259 0.434107 0.124341 0.000000
0.220998 -0.109956 0.390328 0.000000
0.290868 -1.109637 0.245802 0.000000
0.398387 0.263180 0.109735 0.000000
0.471196 0.023661 0.144619 0.000000
0.389457 0.027629 0.011683 0.000000
0.357215 -0.490188 0.260707 0.000000
0.405272 0.006334 0.289591 0.000000
0.424558 0.084553 0.087855 0.000000
0.416507 0.162991 0.100043 0.000000
0.329619 0.134461 0.249086 0.000000
0.336121 -0.274578 0.187313 0.000000
0.346485 -0.334553 0.200944 0.000000
0.377549 -0.937678 0.205470 1.000000
0.304852 0.087824 0.260897 0.000000
0.345934 -0.372385 0.225728 0.000000
0.471313 -0.084062 0.057456 0.000000
0.506701 -0.174064 0.152920 0.000000
0.376503 0.334193 0.125672 0.000000
0.335397 -0.362066 0.194076 0.000000
0.343611 -0.389593 0.237739 0.000000
0.325162 0.161672 0.123164 0.000000
0.172508 -0.240152 0.157523 0.000000
0.334795 0.176177 0.086825 0.000000
0.591215 -1.267132 0.127143 1.000000
0.219043 -0.093407 0.383782 0.000000
0.216977 -0.207013 0.164686 0.000000
0.320620 -1.026150 0.228657 0.000000
0.346633 -0.379767 0.219957 0.000000
0.425288 -0.998908 0.197384 1.000000
0.477859 -0.023571 0.364989 0.000000
0.358105 -0.634041 0.310653 0.000000
0.119077 -0.317956 0.171325 0.000000
0.268595 -1.086607 0.275089 0.000000
0.352394 -0.691220 0.338875 0.000000
0.427863 -0.979986 0.599348 0.000000
0.393657 0.049393 0.233713 0.000000
0.331439 -0.239280 0.199245 0.000000
0.427970 0.181146 0.167531 0.000000
0.362521 -0.909691 0.207411 1.000000
0.401825 0.208573 0.176008 0.000000
-0.049487 -0.502745 0.149616 0.000000
0.353689 0.456428 0.151513 0.000000
0.337877 -0.709976 0.205206 0.000000
0.380612 -0.864435 0.440326 0.000000
0.302165 -0.917153 0.232905 0.000000
0.332739 -0.342794 0.194228 0.000000
0.461521 0.069030 0.135501 0.000000
0.301092 -0.964714 0.220400 0.000000
0.320675 -1.127810 0.240762 0.000000
0.373521 0.451437 0.113567 0.000000
0.335303 -0.100442 0.184590 0.000000
0.342598 -0.524415 0.193145 0.000000
0.224063 -0.189230 0.162645 0.000000
0.305079 -0.888588 0.226675 0.000000
0.435313 0.063105 0.208687 0.000000
0.473934 -1.077835 0.151311 1.000000
0.327553 0.233979 0.114526 0.000000
0.341955 0.117397 0.150325 0.000000
0.341038 0.237606 0.207147 0.000000
0.290062 -1.060492 0.218490 0.000000
0.361474 -0.537653 0.263486 0.000000
0.376688 -0.617682 0.321739 0.000000
0.332121 -0.434116 0.191634 0.000000
0.277707 -0.057009 0.165714 0.000000
0.328835 0.142264 0.169905 0.000000
0.457599 -0.010753 0.194799 0.000000
0.337241 0.244534 0.160803 0.000000
0.344212 0.209741 0.093655 0.000000
0.273084 -1.047933 0.236106 0.000000
0.180078 -0.273971 0.578575 0.000000
0.256939 -0.099350 0.156817 0.000000
0.613879 -1.328864 0.109310 1.000000
0.331336 -0.366003 0.242096 0.000000
0.302286 -0.036437 0.044266 0.000000
0.382668 -0.733224 0.372350 0.000000
0.313979 0.017161 0.155369 0.000000
0.354983 -0.469852 0.266049 0.000000
-0.073937 -0.537606 0.146221 0.000000
-0.099131 -0.560388 0.121665 0.000000
0.465684 -0.059531 0.183972 0.000000
0.331230 0.072694 0.169690 0.000000
0.333004 0.138382 0.080053 0.000000
0.302046 -1.032161 0.207927 0.000000
0.396719 0.205296 0.214117 0.000000
0.433061 -0.052083 0.219621 0.000000
0.478983 -0.014844 0.107379 0.000000
0.322308 -1.154165 0.245352 0.000000
0.428484 0.094156 0.197208 0.000000
0.341418 -0.787077 0.218731 0.000000
0.322739 -0.341172 0.195041 0.000000
0.376023 0.376739 0.120550 0.000000
0.342493 0.373516 0.161490 0.000000
0.379826 0.354534 0.146845 0.000000
-0.034293 -0.485582 0.155427 0.000000
0.354660 0.072377 0.195891 0.000000
0.323010 0.007130 0.174364 0.000000
0.295889 -0.955433 0.242600 0.000000
0.327612 -1.167249 0.248346 0.000000
0.340703 -0.634261 0.197984 0.000000
0.324215 0.049778 0.179514 0.000000
0.259321 -0.052770 0.351808 0.000000
0.421654 0.155570 0.180983 0.000000
0.631909 -0.170584 0.100029 0.000000
0.393730 0.017093 0.285154 0.000000
0.397519 -0.961392 0.204270 1.000000
-0.051539 -0.520006 0.148292 0.000000
0.349507 0.233693 0.099921 0.000000
0.364296 0.341115 0.113097 0.000000
0.387976 -0.948325 0.228763 1.000000
0.281205 -1.034174 0.244691 0.000000
0.288358 -0.914299 0.235700 0.000000
0.444074 -0.024140 0.216526 0.000000
0.331279 -0.258701 0.189421 0.000000
0.391523 0.263755 0.162557 0.000000
0.056209 -0.386808 0.175667 0.000000
0.001035 -0.466100 0.154277 0.000000
0.344080 -0.770841 0.210784 0.000000
0.274398 -1.079171 0.244518 0.000000
0.381837 0.425213 0.127760 0.000000
0.436673 0.160970 0.128930 0.000000
0.451874 -0.022258 0.184296 0.000000
0.356761 -0.638608 0.318522 0.000000
0.233571 -0.043108 0.352189 0.000000
0.329021 -0.410427 0.189005 0.000000
0.293696 -1.025552 0.237832 0.000000
0.185942 -0.248180 0.161372 0.000000
0.198039 -0.184975 0.453906 0.000000
0.376050 0.335370 0.116284 0.000000
0.498138 -0.028003 0.131327 0.000000
0.323672 -1.068572 0.231811 0.000000
0.289037 -1.061916 0.232741 0.000000
0.273080 -1.036517 0.269146 0.000000
0.317837 0.120980 0.238972 0.000000
0.438153 -0.102222 0.242994 0.000000
0.372571 0.473245 0.129148 0.000000
0.322243 0.128269 0.174296 0.000000
0.388650 0.016617 0.000641 0.000000
0.345709 -0.413180 0.249275 0.000000
0.444758 0.005417 0.184814 0.000000
0.213107 -0.100005 0.390190 0.000000
0.338819 0.317642 0.163278 0.000000
0.305699 -1.017520 0.214243 0.000000
0.313812 -0.980443 0.228316 0.000000
0.275185 -0.987312 0.237293 0.000000
0.432144 0.052834 0.092442 0.000000
0.312592 -1.090526 0.237160 0.000000
0.417766 -0.963511 0.550277 0.000000
0.343774 -0.427072 0.255979 0.000000
0.294114 -0.022480 0.176286 0.000000
0.291388 -1.048345 0.243362 0.000000
0.188392 -0.210589 0.150249 0.000000
0.354297 0.068930 0.204684 0.000000
0.467569 -1.060787 0.184175 1.000000
0.401496 -0.186170 0.283931 0.000000
0.429468 0.209882 0.121434 0.000000
0.308879 -1.129901 0.243270 0.000000
0.398986 0.232914 0.170176 0.000000
0.336750 -0.382290 0.237404 0.000000
0.301270 -0.070936 0.028448 0.000000
0.324312 0.319766 0.110629 0.000000
0.185703 -0.242933 0.547868 0.000000
0.485189 -0.021675 0.148463 0.000000
0.378962 -0.024133 -0.020195 0.000000
0.446157 -0.005586 0.074596 0.000000
0.273835 -1.066546 0.242672 0.000000
0.523334 -0.247234 0.177370 0.000000
0.527920 -0.206032 0.123904 0.000000
0.382409 -0.915144 0.489123 0.000000
0.331270 -0.265790 0.195376 0.000000
0.376137 0.347968 0.113560 0.000000
0.333944 -0.291814 0.196186 0.000000
0.387984 0.024484 0.256589 0.000000
0.338090 0.410749 0.138507 0.000000
0.388513 -0.762560 0.392385 0.000000
0.346040 0.273293 0.184909 0.000000
0.627248 -1.341282 0.119464 1.000000
0.079590 -0.246589 -0.044106 0.000000
0.386336 -0.009691 -0.009508 0.000000
0.577685 -1.235985 0.135002 1.000000
0.314920 -0.970922 0.211015 0.000000
0.500227 -1.120769 0.165452 1.000000
0.337642 0.200657 0.093200 0.000000
0.561991 -0.128563 0.119378 0.000000
0.475768 -0.111028 0.048881 0.000000
0.162474 -0.246269 0.157183 0.000000
0.527285 -0.259533 0.182483 0.000000
0.390178 -0.875224 0.446127 0.000000
0.329964 -0.516631 0.200366 0.000000
0.508396 -0.225340 -0.042013 0.000000
0.516379 -1.169190 0.148798 1.000000
0.336031 0.150658 0.249339 0.000000
0.293842 0.066133 0.275268 0.000000
0.394301 0.394281 0.151413 0.000000
0.383019 0.286955 0.123846 0.000000
0.389759 -0.951613 0.198826 1.000000
0.156716 -0.255840 0.160181 0.000000
0.335420 0.148179 0.128504 0.000000
0.337868 -0.596988 0.206859 0.000000
0.556651 -1.250889 0.136344 1.000000
0.334441 0.169223 0.076432 0.000000
0.440704 -0.010873 0.332876 0.000000
0.331933 -0.154940 0.183507 0.000000
-0.037080 -0.499096 0.148319 0.000000
0.422314 0.090553 0.098093 0.000000
0.333380 0.163195 0.162656 0.000000
0.325777 0.023649 0.057578 0.000000
0.609356 -1.315454 0.116319 1.000000
0.311647 -1.023324 0.232567 0.000000
0.415127 0.182174 0.132070 0.000000
0.312672 0.022347 0.172423 0.000000
0.640437 -0.163566 0.097554 0.000000
0.367186 -0.551280 0.297994 0.000000
0.340927 -0.587816 0.191117 0.000000
0.333192 -0.120607 0.186971 0.000000
-0.082153 -0.545001 0.132966 0.000000
0.278319 -1.057652 0.251290 0.000000
0.328711 -0.129687 0.190437 0.000000
0.292315 -1.008949 0.219829 0.000000
0.331162 0.081349 0.181094 0.000000
0.184822 -0.265250 0.168301 0.000000
0.187718 -0.160128 0.441902 0.000000
0.512184 -0.085037 0.120290 0.000000
0.332768 -0.180101 0.181175 0.000000
0.372192 -0.929755 0.203039 1.000000
0.342107 -0.854371 0.218764 0.000000
0.436325 0.142221 0.126190 0.000000
0.383312 -0.942480 0.192909 1.000000
0.440034 -0.088565 0.238245 0.000000
0.308636 0.105752 0.244342 0.000000
0.031472 -0.443766 0.153448 0.000000
0.332841 -0.495703 0.195275 0.000000
0.146536 -0.220507 -0.050017 0.000000
0.348009 -0.416514 0.238488 0.000000
0.525410 -0.231350 0.169072 0.000000
0.334579 -0.668969 0.202944 0.000000
0.334907 -0.650120 0.197994 0.000000
0.325253 0.109836 0.263643 0.000000
0.404710 0.169729 0.212928 0.000000
0.331066 -0.919915 0.213085 0.000000
0.305200 -0.986434 0.231850 0.000000
0.321578 -1.112672 0.234435 0.000000
0.369042 0.465355 0.113845 0.000000
0.359778 -0.579505 0.288538 0.000000
0.507773 -0.160753 0.011052 0.000000
0.400725 -0.888119 0.457784 0.000000
0.389037 0.302975 0.131105 0.000000
0.509930 -0.078598 0.145788 0.000000
0.339760 -0.662508 0.194143 0.000000
0.401068 -0.907093 0.468793 0.000000
0.394343 -0.724358 0.370785 0.000000
0.284687 -0.935578 0.224794 0.000000
0.389964 0.324291 0.128565 0.000000
0.399585 0.186460 0.215654 0.000000
0.280042 -0.948529 0.241188 0.000000
0.380400 -0.825915 0.414144 0.000000
0.263368 -1.129508 0.241974 0.000000
0.330719 0.065486 0.174716 0.000000
0.254473 -0.103470 0.149455 0.000000
0.524613 -0.095493 0.113796 0.000000
0.348771 0.251072 0.105659 0.000000
0.328538 -0.249595 0.203942 0.000000
0.318650 -0.876289 0.221952 0.000000
0.388571 0.364755 0.144990 0.000000
0.330050 0.245572 0.108488 0.000000
0.372978 -0.565297 0.308633 0.000000
0.276890 -0.131633 -0.006125 0.000000
0.326777 -0.601124 0.198375 0.000000
0.406688 0.297995 0.160392 0.000000
0.389702 0.009885 0.245658 0.000000
0.304803 -0.897102 0.232739 0.000000
0.488127 -1.097580 0.162496 1.000000
0.334521 -0.451012 0.191405 0.000000
0.297615 -0.998905 0.234210 0.000000
0.254035 -0.114692 0.166872 0.000000
0.338888 -0.439393 0.181209 0.000000
0.337636 0.066924 0.071009 0.000000
0.448258 0.116612 0.131616 0.000000
0.365907 -0.576733 0.296716 0.000000
0.362148 -0.691024 0.340574 0.000000
0.435050 0.103747 0.183008 0.000000
0.364013 0.055628 0.219446 0.000000
0.335589 0.133803 0.171075 0.000000
0.330431 -0.897935 0.213495 0.000000
0.366473 -0.523000 0.294705 0.000000
0.352295 -0.438141 0.259009 0.000000
0.327565 0.308357 0.106362 0.000000
0.418088 0.222582 0.123208 0.000000
0.341237 -0.393036 0.188804 0.000000
0.186695 -0.221649 0.516007 0.000000
0.382849 0.411640 0.125941 0.000000
0.422328 0.132163 0.189139 0.000000
0.531196 -0.194056 0.156428 0.000000
0.229630 -0.184560 -0.020375 0.000000
0.339971 0.196190 0.217175 0.000000
0.398694 -0.776743 0.396385 0.000000
0.337481 0.177632 0.230307 0.000000
0.326209 -0.145121 0.190396 0.000000
0.248211 -1.061677 0.243743 0.000000
0.009202 -0.462377 0.152796 0.000000
0.312427 -1.072786 0.237484 0.000000
0.438273 -1.034066 0.187133 1.000000
0.401731 -0.862044 0.440747 0.000000
0.190308 -0.199675 -0.039535 0.000000
0.442587 0.038360 0.178979 0.000000
0.488129 -0.038090 0.156314 0.000000
0.390090 0.265122 0.117632 0.000000
0.408849 -0.962117 0.545785 0.000000
0.404757 -0.954474 0.529923 0.000000
0.399552 -0.926797 0.493615 0.000000
0.359568 -0.501106 0.278420 0.000000
0.368159 -0.620005 0.317165 0.000000
0.336266 0.198168 0.167920 0.000000
0.375045 0.463575 0.130814 0.000000
0.273370 -1.129528 0.250780 0.000000
0.334254 0.282647 0.097097 0.000000
0.325425 -0.286850 0.193758 0.000000
0.309426 0.077939 0.275929 0.000000
0.428705 -0.008105 0.318019 0.000000
0.322130 -1.081890 0.240261 0.000000
0.498542 -0.141395 0.029869 0.000000
0.397167 0.333731 0.128827 0.000000
0.101883 -0.318336 0.173631 0.000000
0.401594 -0.962901 0.180535 1.000000
0.444315 -1.035622 0.159771 1.000000
0.348944 -0.455014 0.269099 0.000000
0.448948 0.023526 0.188947 0.000000
0.381839 -0.936101 0.178478 1.000000
0.201967 -0.218468 0.161474 0.000000
0.420219 0.099593 0.097574 0.000000
0.034134 -0.418629 0.170700 0.000000
0.349262 0.470222 0.145786 0.000000
0.374175 0.039881 0.242086 0.000000
0.396111 0.363993 0.165542 0.000000
-0.026422 -0.487279 0.142690 0.000000
0.504292 -0.254160 -0.060661 0.000000
0.334562 -0.488137 0.190837 0.000000
0.295725 -1.068822 0.212662 0.000000
0.380570 -0.654702 0.344242 0.000000
0.389484 -0.815651 0.416005 0.000000
0.388361 -0.902983 0.474981 0.000000
0.396290 0.331694 0.160344 0.000000
0.340160 -0.759557 0.217280 0.000000
0.268086 -1.079994 0.265509 0.000000
0.329495 -0.819575 0.221642 0.000000
0.332186 0.148996 0.238669 0.000000
0.365589 -0.072691 0.285431 0.000000
0.233076 -0.150999 0.151154 0.000000
0.383195 0.440934 0.131814 0.000000
0.187918 -0.215547 0.504248 0.000000
0.514312 -1.149269 0.158841 1.000000
0.478145 -1.084291 0.162739 1.000000
0.254159 -0.027850 0.340037 0.000000
0.392054 0.208458 0.099693 0.000000
0.572648 -1.279790 0.120034 1.000000
0.388076 0.052767 0.031905 0.000000
0.287823 -0.033797 0.164331 0.000000
0.328914 -0.804540 0.204929 0.000000
0.336523 0.357908 0.159450 0.000000
0.586610 -0.055570 0.451130 0.000000
0.359664 -0.904241 0.189547 1.000000
0.320841 0.103704 0.168489 0.000000
0.329089 0.102650 0.074438 0.000000
0.379716 0.032616 0.256504 0.000000
0.354651 -0.897243 0.187952 1.000000
0.395240 0.102368 0.049375 0.000000
0.457925 -0.033404 0.189025 0.000000
0.339524 -0.395224 0.250302 0.000000
0.295751 -0.888094 0.226618 0.000000
0.330346 -0.575314 0.201974 0.000000
0.284224 -0.955672 0.238978 0.000000
0.324682 -0.856280 0.214856 0.000000
0.298024 -0.011752 0.163269 0.000000
0.440172 -0.010105 0.202724 0.000000
0.370368 -0.578369 0.314031 0.000000
0.324922 -0.888655 0.209634 0.000000
0.300825 -1.002155 0.203120 0.000000
0.329357 -0.865251 0.220579 0.000000
0.385348 0.036458 0.246040 0.000000
0.442542 -0.981121 0.613020 0.000000
0.344442 -0.778861 0.214611 0.000000
0.374591 0.435654 0.116839 0.000000
0.286431 -0.922279 0.238561 0.000000
0.369013 0.059186 0.201928 0.000000
0.509960 -0.199357 -0.020607 0.000000
0.397274 -0.207172 0.297955 0.000000
0.185327 -0.257063 0.558079 0.000000
0.436087 -0.072807 0.229016 0.000000
0.348354 -0.388308 0.230385 0.000000
0.335696 -0.831720 0.208017 0.000000
0.395861 -0.823452 0.421419 0.000000
0.362629 0.424932 0.122937 0.000000
0.316685 -0.313108 0.210294 0.000000
0.348422 0.382387 0.162508 0.000000
0.438661 0.040756 0.199630 0.000000
0.350068 0.283454 0.176240 0.000000
0.417514 0.140157 0.121940 0.000000
0.412367 0.257779 0.123777 0.000000
0.331215 -0.354982 0.191543 0.000000
0.374363 0.487847 0.128228 0.000000
0.326405 -0.276065 0.193465 0.000000
0.437933 0.022096 0.072304 0.000000
0.528996 -0.131021 0.156674 0.000000
0.240953 -0.017268 0.334953 0.000000
0.422936 -0.974224 0.578215 0.000000
0.349442 0.259906 0.113071 0.000000
0.328644 -0.464386 0.187343 0.000000
0.321664 -0.859350 0.233739 0.000000
0.353092 -0.446358 0.254244 0.000000
0.332659 -0.322073 0.194085 0.000000
0.469490 -0.024675 0.356326 0.000000
0.329514 -0.231354 0.191922 0.000000
0.415656 -0.151120 0.266202 0.000000
0.329000 -0.824528 0.205856 0.000000
0.432479 0.080317 0.077804 0.000000
0.188895 -0.206922 0.489489 0.000000
0.264484 0.000564 0.321369 0.000000
0.397582 0.256329 0.164806 0.000000
0.391102 -0.921087 0.495363 0.000000
0.406627 -0.815896 0.412795 0.000000
0.267807 -1.061442 0.264682 0.000000
0.274872 -0.009214 0.327998 0.000000
0.276824 -1.007789 0.237716 0.000000
0.354293 0.296048 0.106066 0.000000
0.323782 -0.178593 0.191651 0.000000
0.510329 -0.214189 -0.028945 0.000000
0.419416 0.131191 0.093998 0.000000
0.492355 -0.059161 0.115650 0.000000
0.378429 -0.790295 0.395173 0.000000
0.300968 -1.061341 0.229361 0.000000
0.337653 0.206437 0.166336 0.000000
0.363460 -0.669440 0.332072 0.000000
0.297714 -1.094277 0.208923 0.000000
0.236332 -0.140464 0.147695 0.000000
0.451053 0.146750 0.123584 0.000000
0.306461 0.005141 0.175256 0.000000
0.386983 -0.831993 0.419623 0.000000
0.390166 0.033140 0.235184 0.000000
0.289676 0.051745 0.282193 0.000000
0.292644 -0.086673 0.035502 0.000000
0.465958 -0.004501 0.112778 0.000000
0.449131 0.061165 0.124788 0.000000
0.343862 -0.482953 0.192559 0.000000
0.312968 -0.941280 0.231454 0.000000
0.400308 0.283871 0.161347 0.000000
0.392696 -0.710913 0.365553 0.000000
0.499534 -1.131281 0.154939 1.000000
0.376866 -0.708090 0.357140 0.000000
0.370597 0.407968 0.121634 0.000000
0.330731 -0.422754 0.202780 0.000000
0.527486 -0.189872 0.144004 0.000000
0.325418 -0.100975 0.185279 0.000000
0.093073 -0.377960 0.167125 0.000000
0.359248 -0.542468 0.273595 0.000000
0.337780 -0.543507 0.207465 0.000000
0.435213 -1.026728 0.168839 1.000000
0.380274 -0.035536 0.263929 0.000000
0.331855 -0.849229 0.208659 0.000000
0.339846 -0.619806 0.194564 0.000000
-0.067744 -0.532354 0.131737 0.000000
0.244981 -0.085216 0.368994 0.000000
0.278684 -0.942660 0.228966 0.000000
0.331124 -0.584584 0.201489 0.000000
0.309951 -0.903076 0.223599 0.000000
0.394892 0.142505 0.067613 0.000000
0.373873 -0.645140 0.334080 0.000000
0.374210 -0.873051 0.440010 0.000000
0.059080 -0.408478 0.165752 0.000000
0.341554 -0.825145 0.205181 0.000000
0.506404 -0.239726 -0.051157 0.000000
0.273993 0.003708 0.319768 0.000000
0.337707 -0.714282 0.213566 0.000000
0.419661 -1.010776 0.172569 1.000000
0.384647 0.294291 0.119920 0.000000
0.397190 -0.902458 0.462953 0.000000
0.360866 0.062323 0.206484 0.000000
0.348683 0.360433 0.162009 0.000000
0.356563 0.078863 0.170861 0.000000
0.154726 -0.285708 0.167386 0.000000
0.444461 0.131052 0.126005 0.000000
0.319041 0.047285 0.064886 0.000000
0.351524 -0.445489 0.270063 0.000000
0.315087 -0.010471 0.044577 0.000000
0.337943 0.207249 0.227879 0.000000
0.338057 -0.727414 0.201578 0.000000
0.309726 -0.891105 0.241705 0.000000
0.358960 -0.529631 0.267374 0.000000
0.028135 -0.440745 0.161836 0.000000
0.504343 -1.122226 0.149716 1.000000
0.068636 -0.398164 0.166867 0.000000
0.329849 -0.871478 0.212971 0.000000
0.370219 -0.048742 0.268049 0.000000
0.189348 -0.200289 0.480525 0.000000
0.347758 0.415362 0.119558 0.000000
0.298450 -0.071531 0.017759 0.000000
0.462055 -0.047649 0.069886 0.000000
0.325266 -0.761799 0.208260 0.000000
0.476422 0.023309 0.137531 0.000000
0.262112 -1.043064 0.252428 0.000000
0.404785 0.266916 0.119787 0.000000
0.318917 0.031117 0.177558 0.000000
0.410539 0.276192 0.127512 0.000000
0.136859 -0.313954 0.168235 0.000000
0.194849 -0.198370 -0.030544 0.000000
0.376479 0.430283 0.146763 0.000000
0.062845 -0.390894 0.171291 0.000000
0.477704 -1.092304 0.177355 1.000000
0.346869 -0.429967 0.242483 0.000000
0.378202 -0.004434 -0.006826 0.000000
0.337950 -0.365052 0.229090 0.000000
0.391480 0.177175 0.088024 0.000000
0.363386 -0.916605 0.214250 1.000000
0.340653 0.169574 0.088544 0.000000
0.357415 -0.900398 0.214320 1.000000
0.457740 0.039286 0.116945 0.000000
0.413752 -0.955684 0.535398 0.000000
0.494557 -0.046640 0.112257 0.000000
0.389957 -0.952973 0.218002 1.000000
0.294671 -1.036526 0.236759 0.000000
-0.103384 -0.572722 0.130462 0.000000
0.329338 -0.348121 0.201750 0.000000
0.510612 -0.188432 -0.006990 0.000000
0.327578 -0.592854 0.198705 0.000000
0.388891 0.273899 0.123269 0.000000
0.068355 -0.382952 0.173312 0.000000
0.430647 0.084135 0.186426 0.000000
0.080177 -0.359274 0.175369 0.000000
0.575448 -1.287914 0.127427 1.000000
0.409452 0.202501 0.175068 0.000000
0.395707 0.222573 0.106659 0.000000
0.434359 0.160721 0.167081 0.000000
0.332607 -0.880042 0.214858 0.000000
0.251876 -0.161402 -0.016842 0.000000
0.074917 -0.385984 0.161730 0.000000
0.143118 -0.226822 -0.036834 0.000000
0.524921 -1.185297 0.144613 1.000000
0.191896 -0.235610 0.163584 0.000000
0.325203 -0.153670 0.188463 0.000000
0.279143 -1.068823 0.259610 0.000000
0.432600 0.110457 0.124381 0.000000
-0.029390 -0.498375 0.138537 0.000000
0.382229 0.307129 0.118421 0.000000
0.532371 -1.201690 0.143489 1.000000
0.330772 0.020820 0.174040 0.000000
0.338867 -0.552732 0.186319 0.000000
0.300857 -0.934774 0.213624 0.000000
0.306237 -0.911445 0.241249 0.000000
0.293752 -0.996915 0.260754 0.000000
0.434952 -1.000333 0.208593 1.000000
0.422485 0.204094 0.121861 0.000000
0.328000 -0.245511 0.194469 0.000000
0.413720 0.155210 0.095877 0.000000
0.348073 -0.401612 0.226826 0.000000
0.407224 0.230126 0.171002 0.000000
0.304921 -1.006665 0.210561 0.000000
0.386933 -0.894644 0.464716 0.000000
0.290136 -1.011697 0.249331 0.000000
0.326473 -0.541306 0.199767 0.000000
0.065237 -0.368931 0.179252 0.000000
0.396186 -0.844386 0.429519 0.000000
0.334446 0.071456 0.064813 0.000000
0.457054 -0.073298 0.055906 0.000000
0.522140 -0.252925 0.183937 0.000000
0.410033 0.239478 0.163526 0.000000
0.338633 -0.300341 0.196809 0.000000
0.292408 -0.962003 0.248559 0.000000
0.403492 0.276864 0.190377 0.000000
0.347591 0.094261 0.170368 0.000000
0.352584 0.102544 0.159260 0.000000
0.245427 -0.170634 -0.013653 0.000000
0.340344 0.311674 0.102177 0.000000
0.160385 -0.270782 0.165450 0.000000
0.319760 -0.922852 0.223074 0.000000
0.356661 -0.521157 0.285471 0.000000
0.330426 -0.655875 0.209969 0.000000
0.405905 -0.961431 0.559416 0.000000
0.443066 0.008371 0.209099 0.000000
0.310424 -1.065161 0.233948 0.000000
0.370576 0.349578 0.121887 0.000000
0.500303 -0.152949 0.023463 0.000000
0.324804 -0.311615 0.212251 0.000000
0.387853 -0.006487 0.248017 0.000000
0.374619 0.382637 0.113212 0.000000
0.399713 0.343246 0.125974 0.000000
0.397850 0.373169 0.153506 0.000000
0.076846 -0.384959 0.170733 0.000000
0.101453 -0.241308 -0.047754 0.000000
0.358108 -0.458081 0.249158 0.000000
0.350681 -0.885661 0.227725 1.000000
0.460012 0.108603 0.131028 0.000000
0.248211 -0.114877 0.148274 0.000000
0.393320 0.110539 0.227609 0.000000
0.232213 -0.175797 0.166550 0.000000
0.357351 -0.647903 0.315069 0.000000
0.214075 -0.118019 0.399199 0.000000
0.420399 0.100932 0.088630 0.000000
0.383898 0.486291 0.119679 0.000000
0.362706 -0.513608 0.273007 0.000000
0.297208 -1.029295 0.231006 0.000000
0.287475 -1.071094 0.244728 0.000000
0.329851 -0.159256 0.195356 0.000000
0.315658 0.092953 0.267969 0.000000
0.284000 -0.970984 0.238144 0.000000
0.352622 -0.446728 0.241176 0.000000
0.493440 -0.072487 0.116217 0.000000
0.343469 0.287469 0.164419 0.000000
0.393950 0.401529 0.144734 0.000000
0.320059 -0.891990 0.201411 0.000000
0.474427 -0.016745 0.368983 0.000000
0.389945 -0.779007 0.394531 0.000000
0.337369 -0.471888 0.194015 0.000000
0.329376 -0.167383 0.189793 0.000000
0.428555 0.142620 0.090717 0.000000
0.400901 0.219230 0.205914 0.000000
0.439584 0.071152 0.176226 0.000000
0.163285 -0.279075 0.166426 0.000000
0.328059 -0.338477 0.216421 0.000000
0.524799 -0.102880 0.117269 0.000000
0.334901 -0.773447 0.208191 0.000000
0.440301 0.024425 0.202046 0.000000
0.339845 -0.323976 0.207195 0.000000
0.382615 -0.903568 0.486827 0.000000
0.300040 -1.039963 0.229573 0.000000
0.306574 -1.030770 0.221861 0.000000
0.506675 -0.232113 -0.037814 0.000000
0.388670 0.022526 0.243221 0.000000
0.468009 -1.084440 0.171004 1.000000
-0.012776 -0.468884 0.166763 0.000000
0.338526 0.302503 0.161497 0.000000
0.455928 0.083052 0.134812 0.000000
0.327859 -0.415892 0.197281 0.000000
0.237247 -0.059507 0.360115 0.000000
0.196063 -0.170815 0.451426 0.000000
-0.066326 -0.535691 0.144070 0.000000
0.342568 -0.406354 0.242236 0.000000
0.335644 -0.380380 0.184145 0.000000
0.325388 0.186513 0.109000 0.000000
0.406116 -0.178348 0.272638 0.000000
0.371783 -0.676421 0.341425 0.000000
0.438310 -0.036868 0.210343 0.000000
0.348938 0.446837 0.149028 0.000000
0.254140 -0.067485 0.359974 0.000000
0.409772 0.186637 0.119710 0.000000
0.342173 0.126680 0.139727 0.000000
0.323810 0.122243 0.071423 0.000000
0.407022 -0.950721 0.555012 0.000000
0.518241 -0.271997 0.189024 0.000000
0.095743 -0.341075 0.171553 0.000000
0.327506 -0.673828 0.206122 0.000000
0.003395 -0.453941 0.163754 0.000000
0.259867 -0.153502 -0.005489 0.000000
0.299947 0.057608 0.287725 0.000000
0.281139 -0.053973 0.148428 0.000000
0.335242 0.168317 0.170111 0.000000
0.336572 -0.677673 0.203837 0.000000
0.177882 -0.272896 0.167875 0.000000
0.327355 -0.699376 0.209192 0.000000
0.345027 0.425930 0.154229 0.000000
0.514464 -0.099611 0.138898 0.000000
0.304631 -0.971768 0.212166 0.000000
0.298935 -0.991435 0.226706 0.000000
0.463635 0.102181 0.126213 0.000000
0.338242 0.215513 0.100238 0.000000
0.332825 0.111785 0.170866 0.000000
0.343178 0.204757 0.087364 0.000000
0.442413 0.066258 0.184660 0.000000
0.410946 0.187911 0.105392 0.000000
0.413045 0.196120 0.102763 0.000000
0.434444 0.076984 0.185102 0.000000
0.536584 -1.177844 0.153780 1.000000
0.399140 0.324240 0.163499 0.000000
0.404842 0.152911 0.214433 0.000000
0.283195 -1.016837 0.244329 0.000000
0.277827 -0.960933 0.228445 0.000000
0.477018 0.037443 0.133238 0.000000
0.338229 -0.276641 0.200452 0.000000
0.370948 -0.050822 -0.026449 0.000000
0.308031 -0.950699 0.237347 0.000000
0.467574 0.019997 0.113724 0.000000
0.342368 0.308215 0.173877 0.000000
0.343124 0.344172 0.111616 0.000000
0.389214 0.316069 0.132037 0.000000
0.364142 -0.528671 0.258895 0.000000
0.336385 0.144133 0.172125 0.000000
0.328223 -0.749847 0.207985 0.000000
0.019839 -0.431733 0.170381 0.000000
0.426801 0.115260 0.116815 0.000000
0.348115 0.347479 0.160083 0.000000
-0.113946 -0.581789 0.123231 0.000000
0.244952 -0.126954 0.153857 0.000000
0.404605 0.235245 0.200364 0.000000
0.325207 -0.033047 0.178184 0.000000
0.497047 -0.038477 0.137417 0.000000
0.386038 0.420376 0.158781 0.000000
0.336740 -0.835707 0.214936 0.000000
0.187043 -0.220955 0.154624 0.000000
0.331513 -0.193971 0.186093 0.000000
0.385235 0.432131 0.130311 0.000000
0.203506 -0.204471 0.155604 0.000000
0.339087 -0.847105 0.221187 0.000000
0.190983 -0.182142 0.462474 0.000000
0.367111 -0.580732 0.304047 0.000000
0.432418 0.077571 0.201333 0.000000
0.327157 -0.686564 0.196008 0.000000
0.418486 -0.003327 0.305878 0.000000
0.486580 -0.107920 0.049752 0.000000
0.431341 0.095442 0.086269 0.000000
0.339707 -0.374357 0.233078 0.000000
0.615035 -1.327521 0.117296 1.000000
0.239323 -0.069453 0.364501 0.000000
0.329060 -0.355666 0.227905 0.000000
0.438560 0.030681 0.194907 0.000000
0.346116 0.222879 0.087880 0.000000
-0.062529 -0.528707 0.126038 0.000000
0.485762 -0.026384 0.371145 0.000000
0.489035 0.004906 0.128711 0.000000
0.359355 -0.586840 0.297758 0.000000
0.479450 -1.072457 0.194702 1.000000
0.450452 0.054428 0.118815 0.000000
0.367773 -0.544908 0.287981 0.000000
0.424254 0.000350 0.310044 0.000000
0.336271 0.097293 0.075408 0.000000
0.428610 0.116225 0.185167 0.000000
0.338559 0.273027 0.196185 0.000000
0.415541 -0.996426 0.185774 1.000000
0.221116 -0.057624 0.366225 0.000000
0.300428 -0.052915 0.038565 0.000000
0.369771 -0.787847 0.390677 0.000000
0.342885 0.398524 0.132902 0.000000
0.387695 0.417330 0.149134 0.000000
0.211024 -0.152459 0.416640 0.000000
0.345326 0.378005 0.129735 0.000000
0.524808 -0.141496 0.150591 0.000000
0.442533 0.055652 0.180916 0.000000
0.387711 0.070311 0.036195 0.000000
0.285621 -1.074481 0.252326 0.000000
0.379260 0.477248 0.127415 0.000000
0.464743 0.020031 0.141632 0.000000
0.341328 -0.846893 0.205730 0.000000
0.237229 -0.129495 0.147401 0.000000
0.419726 0.243088 0.132836 0.000000
0.364907 0.471700 0.120651 0.000000
0.301048 -1.062064 0.238341 0.000000
0.300915 -0.012051 0.050917 0.000000
0.538722 -0.114262 0.117495 0.000000
-0.127937 -0.592685 0.121786 0.000000
0.342032 -0.338593 0.214212 0.000000
0.202139 -0.166253 0.435443 0.000000
0.400067 0.242119 0.167884 0.000000
0.300280 -1.070936 0.226359 0.000000
0.335711 -0.542351 0.197426 0.000000
-0.078848 -0.544219 0.125325 0.000000
0.327473 0.077703 0.175028 0.000000
0.284642 -0.114187 0.019458 0.000000
0.328530 -0.474268 0.199925 0.000000
0.525746 -0.033520 0.408294 0.000000
0.501694 -0.072850 0.110613 0.000000
0.486075 -0.122148 0.044010 0.000000
0.300792 -1.079363 0.241740 0.000000
-0.043923 -0.500440 0.154811 0.000000
0.344425 -0.712971 0.200963 0.000000
0.275686 -0.060093 0.153629 0.000000
0.390332 -0.915397 0.489773 0.000000
0.325998 0.213118 0.111182 0.000000
0.395293 0.257479 0.190208 0.000000
0.428235 0.144778 0.176126 0.000000
0.051434 -0.426165 0.157704 0.000000
0.348077 -0.878368 0.192552 1.000000
0.399083 0.205871 0.104556 0.000000
0.336349 -0.805266 0.213031 0.000000
0.201276 -0.185885 0.142901 0.000000
0.337349 -0.818214 0.216733 0.000000
0.401345 0.136057 0.227188 0.000000
0.374299 0.467952 0.141297 0.000000
0.546747 -1.190573 0.148188 1.000000
0.325771 -0.394022 0.194428 0.000000
-0.025295 -0.483271 0.156606 0.000000
0.336365 -0.551706 0.207297 0.000000
0.515358 -0.093944 0.116957 0.000000
0.364194 -0.557587 0.284364 0.000000
0.318988 0.131797 0.228091 0.000000
0.348298 -0.423396 0.249657 0.000000
0.337731 -0.371661 0.192877 0.000000
0.342975 -0.749050 0.201408 0.000000
0.247900 -0.050583 0.353014 0.000000
0.317175 -1.038507 0.226112 0.000000
0.072818 -0.369245 0.175403 0.000000
0.351575 -0.897052 0.229570 1.000000
0.314876 -0.906988 0.206461 0.000000
0.402678 -0.915376 0.484329 0.000000
0.277305 -0.127592 0.016795 0.000000
0.332605 -0.508701 0.200247 0.000000
0.433172 -0.008913 0.327109 0.000000
0.368540 -0.644522 0.326921 0.000000
0.404475 0.477202 0.120218 0.000000
0.444894 -1.044107 0.185306 1.000000
0.461496 0.092115 0.131938 0.000000
0.325086 -0.076535 0.188297 0.000000
0.386204 0.008881 0.005654 0.000000
0.464166 0.051522 0.142364 0.000000
0.359624 -0.435808 0.233190 0.000000
0.338531 -0.706430 0.213665 0.000000
0.335015 -0.627413 0.197648 0.000000
0.331442 0.264378 0.163830 0.000000
0.116002 -0.227988 -0.048170 0.000000
0.350721 0.394044 0.161114 0.000000
0.297908 -0.957514 0.220854 0.000000
0.439276 -0.063253 0.226730 0.000000
0.355459 0.078315 0.185140 0.000000
0.298281 -1.099011 0.225711 0.000000
0.314889 -0.891539 0.222174 0.000000
0.259933 0.009642 0.310087 0.000000
0.363804 -0.922358 0.227739 1.000000
0.337143 -0.251825 0.194011 0.000000
0.123701 -0.324150 0.169685 0.000000
0.342348 0.330695 0.159596 0.000000
0.356602 -0.908336 0.228971 1.000000
0.378435 -0.622432 0.329118 0.000000
0.434983 0.061563 0.075165 0.000000
0.333592 -0.721204 0.212281 0.000000
0.266458 -1.041655 0.245733 0.000000
0.452912 -0.025458 0.336568 0.000000
0.437580 0.048849 0.198474 0.000000
0.513732 -0.091029 0.151860 0.000000
0.416293 -0.969015 0.576941 0.000000
0.444440 0.003423 0.215147 0.000000
0.593349 -1.281139 0.120834 1.000000
0.225640 -0.065709 0.369876 0.000000
0.339053 0.314529 0.170592 0.000000
0.434677 -0.982163 0.603637 0.000000
0.341826 -0.794875 0.205098 0.000000
0.437988 0.032640 0.067614 0.000000
0.328277 0.144101 0.233947 0.000000
0.478024 -1.098840 0.167598 1.000000
0.310670 -0.854528 0.218250 0.000000
0.520230 -1.140631 0.171297 1.000000
0.371684 -0.663093 0.336349 0.000000
-0.085453 -0.557154 0.134475 0.000000
0.034496 -0.425722 0.174020 0.000000
0.482416 -0.029206 0.115216 0.000000
0.283670 -0.047493 0.154561 0.000000
0.529315 -1.162846 0.157334 1.000000
0.402287 -0.200156 0.291776 0.000000
0.336018 -0.424746 0.186133 0.000000
0.299802 -0.893178 0.237320 0.000000
0.320518 -0.991560 0.221142 0.000000
0.330480 -0.003748 0.179120 0.000000
0.314132 -0.964629 0.222445 0.000000
0.370873 -0.633228 0.324474 0.000000
0.377414 -0.882350 0.444239 0.000000
0.331276 0.190337 0.160316 0.000000
0.263617 0.030792 0.299982 0.000000
0.331175 -0.341620 0.184796 0.000000
0.340660 0.366929 0.115591 0.000000
0.481395 -0.099785 0.184207 0.000000
0.530440 -0.244127 0.176367 0.000000
0.319043 0.080081 0.067554 0.000000
0.302507 -0.964955 0.208180 0.000000
-0.046101 -0.509313 0.144990 0.000000
0.344219 -0.741406 0.202774 0.000000
0.289607 -0.922227 0.222666 0.000000
0.331876 0.194183 0.173011 0.000000
0.363237 -0.618658 0.311248 0.000000
0.195173 -0.201262 0.485640 0.000000
0.331645 -0.606601 0.201085 0.000000
-0.014616 -0.481489 0.148320 0.000000
0.393269 0.391061 0.128396 0.000000
0.323450 -0.323479 0.208231 0.000000
0.369614 -0.051010 -0.035010 0.000000
0.296718 0.046579 0.296520 0.000000
0.320293 -0.917545 0.209602 0.000000
0.529434 -0.210549 0.163926 0.000000
0.414841 -0.005666 0.291613 0.000000
0.340269 -0.755093 0.208716 0.000000
0.358590 -0.420617 0.229467 0.000000
0.463218 0.060922 0.136724 0.000000
0.417848 0.187019 0.174822 0.000000
0.344820 -0.568432 0.195088 0.000000
0.343485 0.367160 0.168399 0.000000
0.330109 -0.789165 0.204350 0.000000
0.333479 0.142916 0.252091 0.000000
0.332217 -0.443420 0.192019 0.000000
0.376322 0.370288 0.116177 0.000000
0.443654 0.162814 0.131871 0.000000
-0.093042 -0.555717 0.123019 0.000000
0.399549 -0.939026 0.515875 0.000000
0.325425 -0.507265 0.197055 0.000000
0.594245 -1.304500 0.117529 1.000000
0.541065 -1.215405 0.140803 1.000000
0.326188 0.262461 0.108926 0.000000
0.396868 -0.960857 0.213644 1.000000
0.288335 0.032051 0.302541 0.000000
0.368206 -0.589916 0.302737 0.000000
0.397645 -0.965752 0.188493 1.000000
0.391061 0.036849 0.016127 0.000000
0.469521 0.040810 0.143711 0.000000
0.145900 -0.299749 0.168717 0.000000
0.343291 -0.781486 0.201892 0.000000
0.496082 -0.139745 0.168648 0.000000
0.422339 -0.999411 0.213372 1.000000
0.330123 0.110792 0.075260 0.000000
0.478045 -0.077349 0.061413 0.000000
0.015624 -0.442855 0.160927 0.000000
0.379505 0.320420 0.122675 0.000000
0.369307 0.394187 0.116461 0.000000
0.110703 -0.335158 0.171643 0.000000
0.050985 -0.401135 0.171848 0.000000
0.338381 0.157466 0.084675 0.000000
0.420532 -0.965220 0.565349 0.000000
0.282251 -0.986826 0.241334 0.000000
0.303100 0.098198 0.246306 0.000000
0.319761 -0.976846 0.234216 0.000000
0.382923 -0.944699 0.211783 1.000000
0.338724 -0.283239 0.195191 0.000000
0.474314 -1.089188 0.158093 1.000000
0.345837 0.371818 0.154695 0.000000
0.354285 -0.461879 0.262038 0.000000
0.309777 0.014528 0.178493 0.000000
0.353727 0.436039 0.147889 0.000000
0.324614 -0.226418 0.185448 0.000000
0.394132 0.060131 0.028236 0.000000
0.379452 0.375598 0.146830 0.000000
0.254381 0.005816 0.318222 0.000000
0.436784 0.051004 0.076081 0.000000
0.395056 0.385051 0.153633 0.000000
0.469372 -1.068390 0.173547 1.000000
0.306133 0.014192 0.055978 0.000000
0.394793 -0.696010 0.358389 0.000000
0.330537 -0.838044 0.210929 0.000000
0.437704 0.025513 0.079965 0.000000
0.290172 -0.984742 0.244588 0.000000
0.293067 -1.061507 0.248040 0.000000
0.458323 -1.062416 0.171310 1.000000
0.425242 0.216796 0.128418 0.000000
0.198932 -0.190544 0.460438 0.000000
0.333541 -0.745989 0.214566 0.000000
0.198777 -0.113588 0.400338 0.000000
0.436158 -0.081508 0.225995 0.000000
0.339227 -0.635828 0.208908 0.000000
0.342762 0.339640 0.163492 0.000000
0.588936 -1.293197 0.125048 1.000000
0.379439 -0.636942 0.334400 0.000000
0.371356 -0.604481 0.315568 0.000000
0.325181 -0.989315 0.228700 0.000000
0.340906 0.260370 0.157251 0.000000
0.360580 -0.533849 0.295421 0.000000
0.421962 -0.127562 0.248979 0.000000
0.437204 -0.988747 0.607215 0.000000
0.312306 -1.142561 0.243419 0.000000
0.327984 0.011162 0.178889 0.000000
0.400367 0.125869 0.225772 0.000000
0.507247 -1.132627 0.165763 1.000000
0.415298 -0.154117 0.257628 0.000000
0.340876 0.280832 0.188836 0.000000
0.297611 -1.054184 0.237151 0.000000
0.340867 -0.732448 0.215193 0.000000
0.334312 -0.035337 0.183475 0.000000
0.449480 -0.044647 0.059331 0.000000
0.358021 -0.470779 0.250264 0.000000
0.006958 -0.446556 0.168047 0.000000
0.334051 0.324758 0.107899 0.000000
0.342658 0.387377 0.157043 0.000000
0.306221 0.093950 0.254970 0.000000
0.495158 -0.046263 0.151499 0.000000
0.388785 -0.864152 0.438485 0.000000
0.133348 -0.224301 -0.046409 0.000000
0.385258 0.000048 -0.002900 0.000000
0.343308 0.352508 0.165178 0.000000
0.271988 -1.040874 0.262742 0.000000
0.362243 -0.560839 0.293693 0.000000
0.325361 0.256832 0.102675 0.000000
0.328276 -0.083162 0.184419 0.000000
0.315252 -1.082065 0.230322 0.000000
0.327648 -0.339179 0.224477 0.000000
0.293369 -1.079439 0.211890 0.000000
0.394181 0.301159 0.162630 0.000000
0.339721 -0.453201 0.202265 0.000000
0.439157 0.007365 0.080462 0.000000
0.288343 -1.052722 0.249921 0.000000
0.393726 0.413992 0.153481 0.000000
0.338876 -0.266105 0.186272 0.000000
0.124401 -0.306304 0.171439 0.000000
0.240091 -0.176473 -0.008576 0.000000
0.376732 -0.586670 0.317628 0.000000
0.431583 0.048817 0.082354 0.000000
0.338365 -0.685811 0.211156 0.000000
0.337099 -0.229448 0.188342 0.000000
0.496489 -1.125168 0.158987 1.000000
0.357456 -0.498973 0.287508 0.000000
0.462031 -0.060280 0.062886 0.000000
0.601207 -1.294456 0.124737 1.000000
0.364912 -0.570707 0.301363 0.000000
0.445314 0.008894 0.085515 0.000000
0.328653 0.130514 0.170731 0.000000
0.152923 -0.269436 0.164002 0.000000
0.463289 -0.061053 0.193724 0.000000
0.388759 0.431572 0.153291 0.000000
-0.051677 -0.515994 0.137881 0.000000
0.229253 -0.164210 0.155911 0.000000
0.341451 0.229088 0.192686 0.000000
0.428834 -1.006318 0.194828 1.000000
0.516416 -0.077813 0.154396 0.000000
0.335048 -0.819455 0.209456 0.000000
0.202740 -0.198808 -0.031424 0.000000
0.377013 0.465770 0.148165 0.000000
0.322105 -0.008345 0.183829 0.000000
0.316181 0.101830 0.258255 0.000000
0.359157 -0.910274 0.183730 1.000000
0.453100 -0.034020 0.067867 0.000000
0.336164 -0.305447 0.191007 0.000000
0.411562 0.187816 0.128307 0.000000
0.318756 -0.946441 0.222494 0.000000
0.259122 -0.106760 0.178157 0.000000
0.343165 -0.834192 0.219650 0.000000
0.324857 -0.019548 0.184961 0.000000
0.233172 -0.084695 0.373888 0.000000
0.297260 -0.078572 0.029838 0.000000
0.293472 0.073440 0.268074 0.000000
0.395357 0.198091 0.209448 0.000000
0.354887 -0.404917 0.229646 0.000000
0.411386 -0.964057 0.571873 0.000000
0.307276 -0.888469 0.219361 0.000000
0.408242 0.266497 0.163407 0.000000
0.443671 -0.979753 0.598752 0.000000
0.429032 0.129396 0.125866 0.000000
0.327048 -0.063640 0.179049 0.000000
-0.028382 -0.488790 0.150668 0.000000
0.296356 -1.001208 0.223211 0.000000
0.360687 -0.508937 0.279225 0.000000
0.344576 -0.653093 0.197789 0.000000
0.356041 -0.896434 0.204060 1.000000
0.363816 -0.524959 0.282473 0.000000
0.204838 -0.222737 0.171460 0.000000
0.404293 0.174209 0.109060 0.000000
0.344428 0.244429 0.195981 0.000000
0.391848 -0.952720 0.184358 1.000000
0.315176 -0.857617 0.230144 0.000000
0.434948 0.037800 0.085304 0.000000
0.360775 -0.512761 0.286425 0.000000
0.356692 -0.437704 0.249373 0.000000
0.547479 -1.198638 0.145990 1.000000
0.380440 0.440225 0.148226 0.000000
0.430695 -0.106635 0.241710 0.000000
0.336184 -0.520036 0.206347 0.000000
0.508555 -0.177484 0.006292 0.000000
0.330614 -0.906914 0.215763 0.000000
0.287523 -1.066149 0.252522 0.000000
0.405901 0.306103 0.161573 0.000000
0.134241 -0.332028 0.171175 0.000000
0.531588 -0.213600 0.122596 0.000000
0.463422 0.076929 0.135463 0.000000
0.341243 0.261254 0.198027 0.000000
0.124681 -0.295354 0.169385 0.000000
0.522910 -1.174600 0.142151 1.000000
0.324512 -0.215011 0.189046 0.000000
0.322461 -1.099931 0.243243 0.000000
0.210502 -0.197776 -0.024479 0.000000
0.187714 -0.238254 0.533449 0.000000
0.233252 -0.073600 0.367823 0.000000
0.336100 -0.495141 0.188370 0.000000
0.527235 -0.171446 0.156747 0.000000
0.532387 -1.211088 0.133228 1.000000
0.343723 0.459173 0.150330 0.000000
0.399137 0.269314 0.165792 0.000000
0.277962 -1.054533 0.239007 0.000000
0.257121 0.018429 0.309512 0.000000
0.399426 0.116032 0.218455 0.000000
0.328496 -0.460744 0.196484 0.000000
0.507023 -0.081794 0.115789 0.000000
0.566483 -1.220518 0.138717 1.000000
0.403686 0.467413 0.117638 0.000000
0.485493 -1.105139 0.164445 1.000000
0.190033 -0.230837 0.515529 0.000000
0.433837 0.100181 0.123655 0.000000
0.395444 0.390079 0.144637 0.000000
0.310481 0.053314 0.062307 0.000000
0.301195 -0.896032 0.226171 0.000000
0.427438 0.067775 0.088400 0.000000
0.228052 -0.191622 0.168609 0.000000
0.443132 0.018706 0.213965 0.000000
0.331763 -0.217833 0.199869 0.000000
0.386901 0.002442 0.244629 0.000000
0.287347 -0.935365 0.232646 0.000000
0.484514 -0.114872 0.177692 0.000000
0.568239 -1.279909 0.128708 1.000000
0.269366 0.013314 0.313200 0.000000
0.327414 0.361302 0.120717 0.000000
0.328917 -0.374830 0.194651 0.000000
0.425706 0.171081 0.172236 0.000000
0.485931 -1.119366 0.155345 1.000000
0.417601 -0.140421 0.254586 0.000000
0.270194 -1.052241 0.271283 0.000000
0.284702 -0.041947 0.163840 0.000000
0.435931 0.168306 0.127344 0.000000
0.307225 -0.019621 0.043954 0.000000
0.297191 -1.047709 0.205924 0.000000
0.337175 -0.401120 0.243543 0.000000
0.438143 0.181560 0.126563 0.000000
0.386999 0.320846 0.147360 0.000000
0.443958 -0.016718 0.213936 0.000000
0.397515 0.160292 0.081199 0.000000
0.337213 -0.548881 0.193993 0.000000
0.332375 -0.531546 0.199065 0.000000
0.327069 -0.641076 0.205435 0.000000
0.337714 -0.808269 0.220291 0.000000
0.430485 -1.006374 0.184916 1.000000
0.553623 -1.227590 0.136627 1.000000
0.328961 0.174984 0.168478 0.000000
0.395252 0.118527 0.057085 0.000000
0.401510 -0.881557 0.452958 0.000000
0.333400 0.235459 0.163640 0.000000
0.326260 -0.386952 0.190422 0.000000
0.397479 0.217566 0.100256 0.000000
0.420231 -1.003915 0.177834 1.000000
0.349178 -0.350584 0.211914 0.000000
0.298467 -1.091777 0.234480 0.000000
0.424284 0.125586 0.092845 0.000000
0.323959 0.089832 0.171003 0.000000
0.271122 -1.040290 0.237762 0.000000
-0.056608 -0.523177 0.129758 0.000000
0.292738 -0.073236 0.041475 0.000000
0.396264 0.317515 0.124396 0.000000
0.331934 -0.027954 0.179596 0.000000
0.352855 0.445154 0.157787 0.000000
0.323850 -0.325358 0.218303 0.000000
0.436424 -1.009178 0.204447 1.000000
0.295626 -1.075195 0.234048 0.000000
0.324682 -0.619108 0.202717 0.000000
0.274040 -1.092305 0.247075 0.000000
0.365021 -0.914109 0.199084 1.000000
0.315417 -1.084070 0.242779 0.000000
0.394149 0.259035 0.119251 0.000000
0.199361 -0.209616 0.159138 0.000000
0.451434 0.037742 0.185225 0.000000
0.292257 -1.101147 0.230934 0.000000
0.201143 -0.173786 0.441596 0.000000
0.301772 0.080657 0.265217 0.000000
0.358789 -0.474271 0.257421 0.000000
0.344500 -0.541868 0.191565 0.000000
0.415804 0.176742 0.179624 0.000000
0.513169 -0.090424 0.138791 0.000000
0.327674 0.158695 0.173188 0.000000
0.292501 -1.151995 0.223744 0.000000
0.334419 -0.211965 0.189833 0.000000
0.336117 -0.702573 0.205352 0.000000
0.177531 -0.212119 -0.035988 0.000000
0.338766 -0.659115 0.209037 0.000000
0.405388 0.238656 0.113556 0.000000
0.439540 -0.046425 0.221123 0.000000
0.341260 0.179443 0.089495 0.000000
0.111978 -0.322182 0.172863 0.000000
0.316620 -0.915353 0.226949 0.000000
0.342706 -0.810278 0.212063 0.000000
0.439066 -0.009130 0.066694 0.000000
0.442638 0.145924 0.130149 0.000000
0.353394 0.259337 0.105978 0.000000
0.479452 -1.062962 0.182705 1.000000
0.261640 -0.010282 0.330576 0.000000
0.393377 -0.782871 0.401811 0.000000
0.378243 0.401235 0.150840 0.000000
0.311295 0.044858 0.065399 0.000000
0.313928 0.064707 0.064574 0.000000
0.403883 0.125104 0.061721 0.000000
0.334771 0.397579 0.129765 0.000000
0.320748 -0.882685 0.206872 0.000000
0.316719 -0.900330 0.220339 0.000000
0.589577 -0.048791 0.452045 0.000000
0.308327 -0.881263 0.232374 0.000000
0.324634 0.166775 0.214306 0.000000
0.415427 0.113027 0.092404 0.000000
0.403790 0.192433 0.182107 0.000000
0.518595 -1.155323 0.158137 1.000000
0.325031 0.286761 0.105658 0.000000
0.337976 -0.789080 0.210890 0.000000
0.362711 -0.523607 0.264161 0.000000
0.395791 0.152565 0.072740 0.000000
0.353865 -0.327078 0.200734 0.000000
0.333602 -0.433242 0.182868 0.000000
0.181106 -0.255563 0.161068 0.000000
0.417331 0.128182 0.100476 0.000000
0.332814 -0.762578 0.202282 0.000000
0.373135 -0.934941 0.191096 1.000000
0.333523 0.218174 0.164799 0.000000
0.294011 -0.022518 0.153135 0.000000
0.521243 -0.123737 0.148351 0.000000
0.366414 -0.627205 0.317793 0.000000
0.347051 -0.403340 0.236008 0.000000
0.393694 -0.907557 0.477816 0.000000
0.330833 -0.520114 0.191942 0.000000
0.411664 0.224251 0.172016 0.000000
0.304071 -0.946992 0.228542 0.000000
0.096325 -0.358239 0.168900 0.000000
0.363601 -0.500181 0.291686 0.000000
0.472912 -1.079949 0.167466 1.000000
0.333385 -0.333301 0.216198 0.000000
0.267831 -0.142723 0.000591 0.000000
0.522968 -1.139360 0.160845 1.000000
0.215315 -0.191102 -0.033166 0.000000
0.302193 -0.996837 0.221800 0.000000
0.020532 -0.444118 0.166656 0.000000
0.338901 0.204551 0.221001 0.000000
0.351933 -0.892276 0.192753 1.000000
0.437878 0.091769 0.182946 0.000000
0.250983 -0.033574 0.344280 0.000000
0.329621 -0.017275 0.177661 0.000000
0.403242 0.200888 0.122869 0.000000
0.368779 0.480495 0.117215 0.000000
0.320613 -0.180702 0.185283 0.000000
0.397550 0.013992 0.290706 0.000000
0.442093 0.017701 0.085036 0.000000
0.400098 0.008471 0.272155 0.000000
0.554736 -1.188360 0.143703 1.000000
0.342917 0.311465 0.163048 0.000000
0.321685 -1.135606 0.242229 0.000000
0.338017 -0.691548 0.204274 0.000000
0.240039 -1.106724 0.251848 0.000000
0.338709 -0.602696 0.190273 0.000000
0.271687 -1.056316 0.254972 0.000000
0.451815 0.132099 0.128402 0.000000
0.331436 -0.487851 0.200649 0.000000
0.412643 -0.165878 0.269022 0.000000
0.449687 -0.001056 0.182053 0.000000
0.249036 -0.129921 0.167254 0.000000
0.346810 -0.881013 0.199505 1.000000
0.447763 -0.013616 0.070876 0.000000
0.326678 0.101200 0.172292 0.000000
0.326544 -0.874387 0.206391 0.000000
0.369222 -0.067415 -0.036983 0.000000
0.229537 -0.191771 -0.022049 0.000000
0.414284 -0.958539 0.566091 0.000000
0.430788 0.123743 0.179015 0.000000
0.323675 -0.882013 0.231753 0.000000
0.308297 -1.038499 0.226361 0.000000
0.381347 -0.036705 -0.015435 0.000000
0.348993 0.245511 0.180835 0.000000
0.346779 -0.335258 0.209592 0.000000
0.313096 -0.860802 0.215176 0.000000
0.501163 -0.266967 -0.069466 0.000000
0.342745 -0.887359 0.225396 0.000000
0.484943 -0.037878 0.110378 0.000000
0.332205 -0.309892 0.202816 0.000000
0.410584 0.245032 0.169493 0.000000
0.473507 -1.073040 0.178476 1.000000
0.339667 -0.690683 0.195328 0.000000
0.342376 0.195056 0.092394 0.000000
0.602506 -1.302911 0.112577 1.000000
0.441435 -1.027630 0.188863 1.000000
0.425135 0.147743 0.128992 0.000000
0.220912 -0.167820 0.147884 0.000000
0.037825 -0.432127 0.162211 0.000000
0.388197 0.281497 0.122577 0.000000
0.309891 -1.058501 0.228687 0.000000
0.365068 0.442729 0.121175 0.000000
0.355843 -0.539014 0.268051 0.000000
0.442565 -0.077343 0.234498 0.000000
0.510919 -0.161373 0.157380 0.000000
0.410525 0.197262 0.125603 0.000000
0.370159 -0.569418 0.314041 0.000000
0.320606 -1.034594 0.232696 0.000000
0.331872 0.237433 0.211938 0.000000
0.398152 0.084056 0.231099 0.000000
0.388655 0.356556 0.165013 0.000000
0.405492 0.009155 0.302298 0.000000
0.294642 -0.909825 0.225206 0.000000
-0.067143 -0.528741 0.139129 0.000000
0.473100 -0.086415 0.185184 0.000000
0.009789 -0.455513 0.158651 0.000000
0.480852 -0.030118 0.363513 0.000000
0.338292 0.190730 0.081136 0.000000
0.397052 0.194018 0.087386 0.000000
0.393577 -0.899469 0.469145 0.000000
0.281010 -1.100505 0.251925 0.000000
0.331429 -0.282394 0.195288 0.000000
0.331431 0.196301 0.106841 0.000000
0.351735 -0.890346 0.203174 1.000000
0.392664 0.373617 0.158685 0.000000
0.179771 -0.263708 0.569252 0.000000
0.465713 -0.083394 0.183309 0.000000
0.323301 0.276911 0.108152 0.000000
0.634120 -0.162479 0.093711 0.000000
0.329783 0.273249 0.101740 0.000000
0.147723 -0.221016 -0.042650 0.000000
0.398167 0.100441 0.221838 0.000000
0.432967 -1.018903 0.176693 1.000000
0.390052 0.406708 0.149870 0.000000
0.385493 -0.949242 0.191100 1.000000
0.561994 -1.237328 0.135117 1.000000
0.334991 0.224253 0.101085 0.000000
0.237027 -0.178889 -0.021538 0.000000
0.334138 -0.147224 0.184810 0.000000
0.376508 -0.014088 0.248721 0.000000
0.332560 -0.402703 0.190616 0.000000
0.338971 -0.594695 0.189541 0.000000
0.344735 0.235132 0.105286 0.000000
0.454034 0.018464 0.190392 0.000000
0.302029 -1.016748 0.207957 0.000000
0.396725 -0.959925 0.220900 1.000000
0.321696 -0.189966 0.191209 0.000000
0.387155 0.363820 0.152107 0.000000
0.339291 0.162878 0.120346 0.000000
0.330709 0.203975 0.165759 0.000000
0.305983 -0.006348 0.051420 0.000000
0.043645 -0.423056 0.164369 0.000000
0.353544 0.304374 0.168181 0.000000
0.356309 -0.426743 0.236876 0.000000
0.226231 -0.123765 0.394491 0.000000
0.419906 -0.996104 0.172243 1.000000
0.307021 -0.052878 0.035401 0.000000
0.388839 0.130718 0.059818 0.000000
0.443241 -0.032386 0.216962 0.000000
0.269517 -0.073866 0.159571 0.000000
0.474733 -1.098384 0.158170 1.000000
-0.003245 -0.461016 0.157930 0.000000
0.384075 0.347770 0.143734 0.000000
0.369050 0.347047 0.115205 0.000000
0.324289 0.089087 0.070842 0.000000
0.426704 -1.012145 0.187499 1.000000
0.264966 -1.109751 0.269068 0.000000
0.422874 -0.002405 0.318238 0.000000
0.349311 0.249174 0.098212 0.000000
0.423351 0.117873 0.189952 0.000000
0.330358 -0.356841 0.184537 0.000000
0.398552 -0.206200 0.305073 0.000000
0.508880 -0.071234 0.151543 0.000000
0.301276 -0.925327 0.229086 0.000000
0.409106 -0.946820 0.531539 0.000000
0.319143 -0.248169 0.192533 0.000000
0.407689 -0.932249 0.499047 0.000000
0.357353 -0.536809 0.289470 0.000000
0.229661 -0.059877 0.362952 0.000000
0.337220 -0.559222 0.191873 0.000000
0.593433 -1.297092 0.118414 1.000000
0.292058 -0.091552 0.027289 0.000000
0.224391 -0.156172 0.142117 0.000000
-0.094386 -0.561375 0.135815 0.000000
0.350181 -0.888313 0.212307 1.000000
0.346079 -0.644471 0.207166 0.000000
0.431737 0.086109 0.087280 0.000000
0.395565 0.024075 0.245126 0.000000
0.361245 -0.626133 0.308317 0.000000
0.442492 0.002158 0.073902 0.000000
0.388626 0.383952 0.124862 0.000000
0.308315 -0.918393 0.239269 0.000000
0.504996 -0.157395 0.016864 0.000000
0.329782 -0.559317 0.205373 0.000000
0.471684 0.059864 0.131921 0.000000
0.441236 0.037314 0.193655 0.000000
0.396096 0.184134 0.086513 0.000000
0.377113 0.477653 0.151193 0.000000
0.358161 0.287558 0.105644 0.000000
0.389770 -0.717591 0.367225 0.000000
0.515020 -0.175278 0.151132 0.000000
0.389525 0.093459 0.045640 0.000000
0.331234 -0.299400 0.195837 0.000000
0.379337 0.445108 0.127302 0.000000
0.397751 -0.952511 0.543866 0.000000
0.379176 -0.937051 0.187392 1.000000
0.186880 -0.250249 0.546497 0.000000
0.512623 -0.205490 -0.017300 0.000000
0.386716 0.352061 0.150002 0.000000
0.333362 0.084343 0.173640 0.000000
0.427788 0.102641 0.192491 0.000000
0.325996 -0.980773 0.221677 0.000000
0.379567 -0.798585 0.400121 0.000000
0.359160 -0.522678 0.277343 0.000000
0.338995 -0.680992 0.196536 0.000000
0.286452 -1.007310 0.265365 0.000000
0.334747 -0.200822 0.196708 0.000000
0.338946 0.294412 0.167432 0.000000
0.371836 -0.828839 0.412661 0.000000
0.328858 -0.486238 0.185850 0.000000
0.592349 -0.152546 0.109591 0.000000
0.329027 0.149346 0.168467 0.000000
0.241909 -0.143332 0.161704 0.000000
0.327671 -0.842575 0.204101 0.000000
0.194015 -0.192734 0.466411 0.000000
0.296338 -1.064806 0.206684 0.000000
0.407112 -0.958107 0.551542 0.000000
0.317562 -0.908171 0.219215 0.000000
0.380061 -0.723965 0.364264 0.000000
0.481432 -0.007735 0.143556 0.000000
0.212734 -0.086855 0.383078 0.000000
0.301376 -0.003245 0.151647 0.000000
0.326254 -0.260698 0.194364 0.000000
0.342949 0.483551 0.148633 0.000000
0.384649 -0.662257 0.344917 0.000000
0.327054 -0.512645 0.190990 0.000000
-0.058389 -0.521415 0.150065 0.000000
0.338833 0.180434 0.214675 0.000000
0.327169 -0.849972 0.217777 0.000000
0.386035 0.395391 0.147065 0.000000
0.454610 -1.045816 0.179017 1.000000
0.315786 -0.987446 0.227239 0.000000
0.337310 -0.346721 0.221880 0.000000
0.531184 -1.167873 0.152005 1.000000
0.323211 -0.872646 0.217725 0.000000
0.277440 -1.049564 0.251544 0.000000
0.304219 -0.063857 0.029038 0.000000
0.326565 0.307053 0.113378 0.000000
0.353650 0.122998 0.141140 0.000000
0.293655 -1.070009 0.239798 0.000000
0.314151 -0.886054 0.237729 0.000000
0.432647 0.136654 0.172742 0.000000
0.105079 -0.345750 0.171885 0.000000
0.453122 0.124580 0.127675 0.000000
0.520676 -1.177417 0.148383 1.000000
0.315905 -0.871593 0.215623 0.000000
-0.001403 -0.473603 0.144616 0.000000
0.574889 -1.269253 0.124351 1.000000
0.332048 -0.751100 0.202031 0.000000
-0.078630 -0.537227 0.138326 0.000000
0.338519 -0.472361 0.203076 0.000000
0.428746 -0.129026 0.245825 0.000000
0.416325 0.146403 0.189474 0.000000
0.622553 -1.328438 0.111131 1.000000
0.381035 -0.609155 0.326206 0.000000
0.373058 0.460875 0.119757 0.000000
0.337253 -0.263652 0.198719 0.000000
0.332081 -0.441074 0.198801 0.000000
0.270205 -0.064973 0.169235 0.000000
0.202051 -0.143292 0.415608 0.000000
0.538587 -1.197878 0.139011 1.000000
0.369552 -0.604660 0.322508 0.000000
0.427142 -0.081181 0.227749 0.000000
0.408086 -0.187139 0.292545 0.000000
0.337761 -0.487550 0.197284 0.000000
0.401375 -0.899234 0.467803 0.000000
0.607019 -1.295716 0.119648 1.000000
0.448132 -1.030062 0.192915 1.000000
0.332028 0.159656 0.122845 0.000000
0.398253 0.236756 0.105759 0.000000
0.308130 -1.014326 0.232469 0.000000
0.296050 -0.092835 0.036744 0.000000
0.328435 -0.807225 0.218320 0.000000
0.323134 -0.889844 0.233542 0.000000
0.418232 0.227486 0.165735 0.000000
0.365937 0.453791 0.117492 0.000000
0.558701 -1.231347 0.141037 1.000000
0.275111 -1.071964 0.252987 0.000000
0.309485 -1.071812 0.222768 0.000000
0.427545 0.155427 0.124124 0.000000
0.381726 0.472144 0.147341 0.000000
0.423840 -0.996603 0.204326 1.000000
0.439348 -1.031440 0.173975 1.000000
0.130756 -0.323318 0.168330 0.000000
0.445100 -0.009131 0.216301 0.000000
0.275866 -0.130155 0.000971 0.000000
0.241617 -0.136554 0.144922 0.000000
0.017928 -0.452943 0.157417 0.000000
0.293817 -1.079197 0.221721 0.000000
0.330117 -0.187922 0.193094 0.000000
0.364206 -0.538121 0.290946 0.000000
0.514367 -0.178934 0.142056 0.000000
0.442811 -1.038911 0.189739 1.000000
0.348412 -0.364661 0.218242 0.000000
0.252218 -0.110633 0.153203 0.000000
0.392554 0.131874 0.225658 0.000000
0.401132 -0.960602 0.173119 1.000000
0.403319 0.185945 0.124321 0.000000
0.355953 -0.537265 0.277387 0.000000
0.340321 -0.641824 0.201345 0.000000
0.396524 0.303360 0.176835 0.000000
0.289290 -1.072790 0.229571 0.000000
0.334030 -0.317039 0.186303 0.000000
0.339264 -0.615562 0.205423 0.000000
0.487894 -0.011155 0.136918 0.000000
0.321617 0.113211 0.254657 0.000000
0.348188 0.132845 0.134310 0.000000
0.432762 -0.976622 0.578742 0.000000
0.475211 -0.028472 0.114926 0.000000
0.375659 0.383846 0.120676 0.000000
0.246799 -1.135974 0.248567 0.000000
0.339765 -0.575142 0.189278 0.000000
0.391921 0.347154 0.124205 0.000000
0.395357 0.312029 0.130350 0.000000
0.315108 -1.096168 0.242826 0.000000
0.286145 0.048626 0.290728 0.000000
0.344451 0.218107 0.198834 0.000000
0.397850 0.255552 0.107718 0.000000
0.393445 0.190114 0.093648 0.000000
0.409835 0.174380 0.104611 0.000000
0.532372 -0.112096 0.113822 0.000000
0.299545 -1.051801 0.220758 0.000000
0.346201 0.362328 0.121330 0.000000
0.444790 0.068153 0.119829 0.000000
0.325497 -0.321641 0.195294 0.000000
0.309179 -0.030842 0.041625 0.000000
0.323280 -0.889813 0.217108 0.000000
0.439739 0.096621 0.175208 0.000000
0.402220 0.336723 0.124740 0.000000
0.395712 0.347058 0.170707 0.000000
0.440673 0.036241 0.208825 0.000000
0.322921 -0.009123 0.174943 0.000000
0.416842 0.137772 0.094587 0.000000
0.281063 -0.117008 0.026333 0.000000
0.376340 0.416987 0.117607 0.000000
0.340089 -0.853639 0.209996 0.000000
0.294753 -1.128136 0.223354 0.000000
0.438130 0.059258 0.195799 0.000000
0.626582 -0.159877 0.104644 0.000000
0.398610 0.098013 0.229603 0.000000
0.330311 -0.179214 0.188979 0.000000
0.328413 0.067789 0.066990 0.000000
0.335077 -0.507974 0.186897 0.000000
0.329476 -0.563352 0.190866 0.000000
0.384596 0.028403 0.241639 0.000000
0.188499 -0.188378 0.470291 0.000000
0.339933 0.199967 0.102366 0.000000
0.336232 -0.620383 0.200813 0.000000
0.326046 0.033828 0.175188 0.000000
0.320211 -0.308743 0.204719 0.000000
0.346471 0.367146 0.161785 0.000000
0.369498 0.364437 0.116481 0.000000
0.329766 -0.047496 0.181378 0.000000
0.332403 0.176171 0.217483 0.000000
0.362579 -0.548513 0.284815 0.000000
0.227517 -0.176963 0.161396 0.000000
0.386846 0.405432 0.139853 0.000000
0.371201 -0.780734 0.387605 0.000000
0.564855 -0.137257 0.112082 0.000000
0.433348 -0.975598 0.601008 0.000000
0.343786 -0.607377 0.196216 0.000000
0.297423 -1.016883 0.229533 0.000000
0.581353 -1.260180 0.127091 1.000000
0.275926 -1.073547 0.240530 0.000000
0.480933 -1.093227 0.171143 1.000000
0.431160 -1.028664 0.176162 1.000000
0.299816 -0.039315 0.050223 0.000000
0.345768 -0.875740 0.206658 1.000000
0.258211 -0.102243 0.163127 0.000000
0.374281 0.451321 0.139735 0.000000
0.375094 -0.737449 0.368689 0.000000
0.346765 0.437246 0.147945 0.000000
0.311675 0.027541 0.183816 0.000000
0.316888 -1.108785 0.241599 0.000000
0.299361 -1.106329 0.235391 0.000000
0.382706 -0.706048 0.360512 0.000000
0.331027 -0.724143 0.205404 0.000000
0.347915 0.223999 0.102770 0.000000
0.323652 -0.907176 0.223819 0.000000
0.331007 0.095493 0.172945 0.000000
0.387312 0.162533 0.071902 0.000000
0.302308 0.063470 0.284310 0.000000
0.489207 -0.024841 0.143070 0.000000
0.397594 0.091806 0.223028 0.000000
0.522366 -0.153226 0.145910 0.000000
0.307529 -0.960892 0.216991 0.000000
0.363818 -0.734953 0.361220 0.000000
0.310440 0.027172 0.059458 0.000000
0.478458 0.050034 0.126439 0.000000
0.376299 -0.671067 0.342048 0.000000
0.297928 -0.991894 0.216889 0.000000
0.356328 -0.389236 0.223101 0.000000
0.411853 0.144544 0.102297 0.000000
0.284126 -1.113921 0.257822 0.000000
0.337380 -0.717800 0.197503 0.000000
0.398599 0.317256 0.163000 0.000000
0.382370 -0.016392 -0.012465 0.000000
0.618721 -0.158706 0.106839 0.000000
0.380717 -0.009749 0.252461 0.000000
0.250576 -0.057483 0.350562 0.000000
0.203303 -0.109450 0.405325 0.000000
0.360263 0.296646 0.109697 0.000000
0.211271 -0.158935 0.421432 0.000000
0.322907 -0.000697 0.050751 0.000000
0.463697 -0.054044 0.189813 0.000000
0.401998 -0.893429 0.462176 0.000000
0.483553 0.001724 0.143046 0.000000
0.378184 0.485740 0.146659 0.000000
0.353877 -0.342179 0.206427 0.000000
0.511424 -1.140565 0.168899 1.000000
0.393751 0.078506 0.038008 0.000000
0.211171 -0.140536 0.412165 0.000000
0.221658 -0.190259 -0.021289 0.000000
0.338173 0.100032 0.161553 0.000000
0.074874 -0.242393 -0.051284 0.000000
0.353502 0.418133 0.115510 0.000000
0.323869 0.000011 0.173028 0.000000
0.422991 -0.983302 0.595570 0.000000
0.331447 -0.756400 0.207429 0.000000
0.565949 -1.241883 0.131475 1.000000
0.326194 0.003971 0.179737 0.000000
0.389347 0.022655 0.266405 0.000000
0.614281 -1.321160 0.114483 1.000000
0.329120 -0.994785 0.224734 0.000000
0.087811 -0.238727 -0.049026 0.000000
0.284449 -1.128556 0.256097 0.000000
0.309310 -1.004853 0.234183 0.000000
0.442316 0.000359 0.207465 0.000000
0.253572 -0.046730 0.350156 0.000000
0.270112 -0.083290 0.172276 0.000000
0.407993 -0.948506 0.520694 0.000000
0.321808 0.138875 0.174057 0.000000
0.355785 -0.411630 0.232038 0.000000
0.259881 -0.004944 0.325221 0.000000
0.328260 -0.325625 0.189985 0.000000
0.378692 -0.860176 0.433601 0.000000
0.396445 0.291747 0.166100 0.000000
0.436004 -1.019661 0.170381 1.000000
0.336419 -0.447841 0.183439 0.000000
0.498749 -0.051595 0.147844 0.000000
0.203025 -0.120759 0.407731 0.000000
0.384704 -0.819905 0.412613 0.000000
0.413041 0.248581 0.164000 0.000000
0.480377 0.010048 0.137064 0.000000
0.313492 -0.965995 0.206303 0.000000
0.379339 -0.031360 -0.019687 0.000000
0.357243 -0.486417 0.267024 0.000000
0.322488 0.059028 0.068453 0.000000
0.510460 -0.079330 0.110256 0.000000
0.328463 0.168104 0.166647 0.000000
0.360453 -0.483632 0.244371 0.000000
0.450750 0.101507 0.132934 0.000000
0.393149 -0.948133 0.174415 1.000000
0.268182 -0.075600 0.150314 0.000000
0.431885 0.072212 0.082030 0.000000
0.315334 -0.907858 0.242479 0.000000
0.376888 0.038469 0.235842 0.000000
0.370870 0.376174 0.113497 0.000000
0.344571 0.086560 0.181911 0.000000
0.512897 -1.163058 0.152878 1.000000
0.216126 -0.131578 0.404512 0.000000
0.479825 -1.077602 0.179781 1.000000
0.112751 -0.305596 0.172050 0.000000
0.202674 -0.147806 0.425662 0.000000
0.244900 -0.076462 0.363325 0.000000
0.312228 0.130657 0.226975 0.000000
0.533326 -0.185170 0.162592 0.000000
0.375112 -0.929229 0.178556 1.000000
0.192127 -0.149483 0.434732 0.000000
0.527268 -0.203268 0.130237 0.000000
0.292241 -1.097848 0.245463 0.000000
0.340617 -0.515224 0.186905 0.000000
0.508527 -0.184228 0.004666 0.000000
0.330718 -0.242795 0.185624 0.000000
0.442025 0.025353 0.212325 0.000000
0.357555 0.283058 0.111441 0.000000
0.293793 -1.134764 0.212173 0.000000
0.080471 -0.369856 0.172926 0.000000
0.605195 -0.149084 0.112959 0.000000
0.375318 -0.023302 0.253599 0.000000
0.466657 -0.070560 0.181871 0.000000
0.281490 -1.079689 0.250360 0.000000
0.318468 -0.858340 0.211552 0.000000
0.349369 -0.889115 0.221384 1.000000
0.104797 -0.357060 0.173707 0.000000
0.344056 -0.677439 0.202390 0.000000
0.337709 -0.253547 0.184350 0.000000
0.377878 0.412048 0.146863 0.000000
0.323912 0.301928 0.107217 0.000000
0.329779 0.243172 0.101994 0.000000
0.341397 -0.487093 0.187582 0.000000
-0.102897 -0.561556 0.128181 0.000000
0.430446 -1.006410 0.213409 1.000000
0.516696 -1.168516 0.155683 1.000000
0.427490 0.111505 0.090104 0.000000
0.327683 -0.318610 0.210745 0.000000
0.205088 -0.193010 0.150415 0.000000
0.329774 -0.170208 0.180239 0.000000
0.368606 -0.923476 0.209620 1.000000
0.339571 0.186578 0.108802 0.000000
0.433144 0.174568 0.169519 0.000000
0.337605 -0.422042 0.202508 0.000000
0.482907 0.035310 0.127414 0.000000
0.429835 0.195246 0.130303 0.000000
0.179413 -0.260932 0.166585 0.000000
0.206161 -0.100378 0.394304 0.000000
0.360003 -0.074837 0.292698 0.000000
0.439101 0.085608 0.179138 0.000000
0.394580 0.326207 0.133335 0.000000
0.330052 -0.913844 0.216915 0.000000
0.341004 -0.685219 0.202012 0.000000
-0.035380 -0.501086 0.154711 0.000000
0.467953 -0.089163 0.053921 0.000000
0.332139 0.256156 0.101544 0.000000
0.388518 0.397400 0.127524 0.000000
0.501522 -0.059359 0.151013 0.000000
0.395099 0.212905 0.095380 0.000000
0.141548 -0.276855 0.165249 0.000000
0.337901 0.209239 0.096402 0.000000
0.485230 -0.120656 0.181382 0.000000
0.338996 0.261213 0.166028 0.000000
0.359034 -0.599264 0.296084 0.000000
0.375951 -0.044132 -0.027006 0.000000
0.337094 -0.644983 0.208320 0.000000
0.294224 -1.085905 0.244744 0.000000
0.310991 0.040697 0.185278 0.000000
0.371229 0.332786 0.120474 0.000000
0.472893 -1.091524 0.164707 1.000000
0.428379 0.089851 0.203163 0.000000
0.443811 -1.027270 0.162980 1.000000
0.289369 0.010377 0.319148 0.000000
0.302267 -0.002014 0.165219 0.000000
0.459630 0.028397 0.116207 0.000000
0.335021 0.118544 0.153801 0.000000
0.350371 0.482269 0.147789 0.000000
0.239416 -0.123540 0.140923 0.000000
0.392356 0.263224 0.200142 0.000000
0.423253 -0.973996 0.565217 0.000000
0.299919 -0.931617 0.231520 0.000000
0.340315 0.383662 0.128209 0.000000
0.149033 -0.280099 0.163713 0.000000
0.322497 -0.911787 0.214885 0.000000
0.532826 -1.181848 0.149266 1.000000
0.321645 -0.921047 0.215802 0.000000
0.322570 0.036685 0.169119 0.000000
0.338729 0.392949 0.137138 0.000000
0.314620 -0.848072 0.217139 0.000000
0.396053 -0.932477 0.506205 0.000000
0.579198 -1.281947 0.121209 1.000000
0.296840 -0.062282 0.038163 0.000000
0.436420 0.013409 0.072203 0.000000
0.434768 0.069150 0.192421 0.000000
0.391849 0.295657 0.119050 0.000000
0.453091 -0.021423 0.074636 0.000000
0.348002 0.403970 0.156738 0.000000
0.368913 0.432731 0.114047 0.000000
0.320136 -1.102080 0.237158 0.000000
0.420741 0.240576 0.122978 0.000000
0.327998 -0.107198 0.186554 0.000000
0.332945 -0.825985 0.220791 0.000000
0.344709 -0.839832 0.215242 0.000000
0.234609 -0.096057 0.378313 0.000000
0.279543 -1.066174 0.253300 0.000000
0.329441 -0.854224 0.203991 0.000000
0.276547 -1.050657 0.274311 0.000000
0.295469 -0.021257 0.169681 0.000000
0.388545 0.387125 0.145278 0.000000
0.325793 -0.331392 0.215704 0.000000
0.413962 -0.957874 0.549447 0.000000
0.390648 -0.790617 0.400046 0.000000
0.421414 0.122979 0.194101 0.000000
0.299033 -0.921924 0.241444 0.000000
0.393247 0.134951 0.063385 0.000000
0.330492 -0.474178 0.190536 0.000000
0.182091 -0.263744 0.561720 0.000000
0.325504 0.202391 0.110605 0.000000
0.371258 0.481469 0.127220 0.000000
0.309631 -1.023752 0.225107 0.000000
0.383271 0.405313 0.155114 0.000000
0.280029 -0.122983 0.010338 0.000000
0.342388 -0.460628 0.190892 0.000000
0.344650 -0.624003 0.198779 0.000000
0.357054 -0.485188 0.256043 0.000000
0.280626 0.057225 0.276612 0.000000
0.350815 0.408139 0.132230 0.000000
0.323012 -0.524070 0.192418 0.000000
0.324614 -0.059872 0.188346 0.000000
0.119080 -0.310580 0.171629 0.000000
0.393506 -0.765967 0.388356 0.000000
0.335172 0.084524 0.071937 0.000000
0.512162 -0.162962 0.150766 0.000000
0.430172 0.205211 0.129171 0.000000
0.375653 -0.573458 0.314126 0.000000
0.279122 -0.046115 0.149675 0.000000
0.335270 -0.412441 0.191311 0.000000
0.337526 0.284421 0.165773 0.000000
-0.017558 -0.481263 0.158264 0.000000
0.330115 -0.355723 0.237214 0.000000
0.348148 -0.684644 0.200297 0.000000
0.437821 0.110339 0.170322 0.000000
0.333118 0.161564 0.225604 0.000000
0.402729 0.223966 0.109042 0.000000
0.305081 0.018497 0.171595 0.000000
0.308471 -1.094031 0.227196 0.000000
0.240366 -0.028451 0.342583 0.000000
0.331502 -0.330318 0.194454 0.000000
0.425886 0.077318 0.091969 0.000000
0.358438 -0.493504 0.253292 0.000000
0.193440 -0.211826 0.488021 0.000000
0.246496 -0.130478 0.160483 0.000000
0.344033 -0.319004 0.200609 0.000000
0.346799 0.376059 0.167193 0.000000
0.310581 0.013701 0.161868 0.000000
0.297311 -0.918575 0.227852 0.000000
0.418317 -1.000126 0.195426 1.000000
0.365778 -0.722171 0.357014 0.000000
0.464393 -0.014723 0.358517 0.000000
0.263140 -0.091791 0.171089 0.000000
0.428902 0.162277 0.170815 0.000000
0.469345 -1.067869 0.180319 1.000000
0.346655 0.249654 0.190385 0.000000
0.423279 0.140236 0.094267 0.000000
0.416764 -0.961982 0.559035 0.000000
0.371712 -0.628537 0.329761 0.000000
0.401840 0.226969 0.103002 0.000000
0.355712 -0.439553 0.240739 0.000000
0.315771 -1.078691 0.237339 0.000000
0.379239 0.034846 0.242622 0.000000
0.250785 -0.118712 0.160691 0.000000
0.333969 -0.861143 0.217446 0.000000
0.356783 0.077840 0.191893 0.000000
0.342472 -0.356116 0.214856 0.000000
0.220702 -0.068121 0.365826 0.000000
0.397141 0.074200 0.231843 0.000000
0.329768 0.145711 0.131324 0.000000
0.402041 -0.924200 0.487867 0.000000
0.337046 -0.384361 0.243901 0.000000
0.334179 0.293118 0.162788 0.000000
0.328781 -0.737454 0.203100 0.000000
0.390808 -0.954510 0.191928 1.000000
0.518375 -0.181882 0.146775 0.000000
0.312099 -0.891124 0.233183 0.000000
0.294715 -0.948578 0.239575 0.000000
0.331243 -0.561138 0.197252 0.000000
0.445855 0.056911 0.191843 0.000000
0.484732 -1.099342 0.168386 1.000000
0.328431 -0.347991 0.193695 0.000000
0.519643 -0.236950 0.168936 0.000000
0.431005 0.183680 0.126942 0.000000
0.346833 0.238919 0.192869 0.000000
0.359662 -0.527440 0.293441 0.000000
0.388804 -0.933635 0.516306 0.000000
0.227688 -0.106102 0.387170 0.000000
0.457322 0.135693 0.124402 0.000000
0.337600 -0.573530 0.199618 0.000000
0.293964 -1.143813 0.213011 0.000000
0.302311 -1.079912 0.225805 0.000000
0.236129 -0.160011 0.163449 0.000000
0.308193 -1.071069 0.231530 0.000000
0.342768 -0.449719 0.186731 0.000000
0.523988 -1.171351 0.147973 1.000000
0.292919 -1.045927 0.210842 0.000000
0.439003 0.150766 0.123571 0.000000
0.388286 0.105984 0.052288 0.000000
-0.088883 -0.550571 0.133026 0.000000
0.406442 0.003353 0.282586 0.000000
0.345740 0.233074 0.205253 0.000000
0.395107 0.014468 0.277609 0.000000
0.327393 0.249454 0.101358 0.000000
0.296206 -1.139018 0.229561 0.000000
0.182054 -0.255814 0.552126 0.000000
0.333877 0.357922 0.123521 0.000000
0.353083 -0.895488 0.210045 1.000000
0.170706 -0.247745 0.158867 0.000000
0.327972 -0.010132 0.180079 0.000000
0.342710 0.464914 0.146820 0.000000
0.193322 -0.200908 0.147449 0.000000
0.215253 -0.109616 0.394451 0.000000
0.397196 -0.788234 0.403239 0.000000
0.031996 -0.430169 0.165841 0.000000
0.338771 0.139402 0.133613 0.000000
0.292544 -0.023584 0.184955 0.000000
0.041321 -0.406142 0.173017 0.000000
0.403923 -0.970434 0.205205 1.000000
0.329307 0.136045 0.074932 0.000000
0.422104 -0.997696 0.184965 1.000000
0.331971 0.134375 0.138907 0.000000
0.491050 -0.125482 0.178056 0.000000
0.386967 0.453993 0.150632 0.000000
0.347920 0.234221 0.093404 0.000000
0.495279 -0.032103 0.136188 0.000000
0.218176 -0.123337 0.399596 0.000000
0.369126 -0.563163 0.302693 0.000000
0.389968 0.343331 0.145137 0.000000
0.514980 -0.106993 0.137974 0.000000
0.378712 -0.773388 0.386452 0.000000
0.453622 -1.058268 0.173739 1.000000
0.280133 -1.060615 0.257044 0.000000
0.612149 -0.163532 0.106137 0.000000
0.337886 0.155557 0.091099 0.000000
0.339945 0.210543 0.218146 0.000000
0.332419 -0.847865 0.221473 0.000000
0.419480 -0.972572 0.583732 0.000000
0.344167 0.227224 0.200169 0.000000
0.388454 0.022233 0.007813 0.000000
0.402551 0.202576 0.211815 0.000000
0.428060 -1.004760 0.178500 1.000000
0.138997 -0.299584 0.168661 0.000000
0.367073 -0.543415 0.294481 0.000000
0.491704 -0.144661 0.032272 0.000000
0.448097 -0.019535 0.067031 0.000000
0.326065 0.070403 0.183817 0.000000
0.289644 -0.017601 0.165980 0.000000
0.306197 -1.010178 0.225650 0.000000
0.364451 -0.507176 0.285982 0.000000
-0.045947 -0.512354 0.137945 0.000000
0.282484 -0.951697 0.230775 0.000000
0.399629 0.328690 0.119684 0.000000
0.393446 0.348224 0.158325 0.000000
0.369833 -0.923491 0.202822 1.000000
0.390280 0.043907 0.021496 0.000000
0.383382 -0.781785 0.393125 0.000000
0.267272 -1.030975 0.246509 0.000000
0.503264 -0.166086 0.015902 0.000000
0.362264 0.301626 0.104879 0.000000
0.355876 0.272255 0.102730 0.000000
0.314016 -0.867342 0.222781 0.000000
0.333921 -0.294308 0.187010 0.000000
0.383837 -0.565239 0.314208 0.000000
0.412809 0.279171 0.121970 0.000000
0.317141 -1.069978 0.232119 0.000000
0.285269 -0.115292 0.002982 0.000000
