0.426671 0.135749 0.180548 0.000000
0.629383 -1.349613 0.116922 1.000000
-0.136434 -0.597674 0.126317 0.000000
0.403122 -0.817363 0.416445 0.000000
0.174224 -0.266940 0.575480 0.000000
0.146536 -0.220507 -0.050017 0.000000
0.516350 -0.288439 0.204255 0.000000
0.292235 -1.149117 0.216840 0.000000
0.345288 0.488160 0.146062 0.000000
0.589577 -0.048791 0.452045 0.000000
0.326268 -0.570575 0.194301 0.000000
0.229830 -0.044398 0.354410 0.000000
0.061334 -0.389621 0.172184 0.000000
0.378290 -0.053774 -0.028062 0.000000
0.442830 -0.990936 0.613004 0.000000
0.501038 -0.278094 -0.072086 0.000000
0.355421 -0.896419 0.177006 1.000000
0.527784 -1.134742 0.162965 1.000000
0.228052 -0.191622 0.168609 0.000000
0.430879 -0.082741 0.230400 0.000000
0.662060 -0.177504 0.084250 0.000000
0.326948 -0.363178 0.236584 0.000000
0.323775 0.291942 0.106154 0.000000
0.383687 -0.654082 0.343801 0.000000
0.295960 -0.006322 0.146462 0.000000
0.331926 -0.735705 0.206077 0.000000
0.500612 -0.146400 0.026068 0.000000
0.201289 -0.177165 0.443043 0.000000
0.311848 0.075424 0.283876 0.000000
0.286309 -1.004489 0.272033 0.000000
0.397444 -0.210585 0.310955 0.000000
0.473914 0.004949 0.110427 0.000000
0.470960 -0.018275 0.361733 0.000000
0.269555 -0.152867 0.005439 0.000000
0.323403 0.125655 0.071008 0.000000
0.437023 -1.020038 0.191962 1.000000
-0.029390 -0.498375 0.138537 0.000000
0.530683 -0.155077 0.163113 0.000000
0.390391 -0.929977 0.498664 0.000000
0.137139 -0.284357 0.166654 0.000000
0.368979 -0.518133 0.301017 0.000000
0.337711 0.230016 0.215373 0.000000
0.551818 -1.253117 0.128373 1.000000
0.338413 -0.250845 0.185808 0.000000
0.401055 0.377509 0.150330 0.000000
0.325267 -0.121366 0.184294 0.000000
0.393489 0.049744 0.021817 0.000000
0.399063 0.206602 0.094533 0.000000
0.294761 -0.053035 0.046417 0.000000
0.333198 -0.460853 0.185040 0.000000
0.399702 0.010365 0.280931 0.000000
0.327180 0.093434 0.175665 0.000000
0.404234 0.279439 0.161877 0.000000
0.438471 0.037423 0.195322 0.000000
0.428445 0.109003 0.088892 0.000000
0.365266 -0.744894 0.366572 0.000000
0.360003 -0.074837 0.292698 0.000000
0.458085 -0.069361 0.055178 0.000000
0.503709 -0.067663 0.156868 0.000000
0.309004 0.035981 0.059841 0.000000
0.292099 -0.919853 0.238054 0.000000
0.271553 -1.091869 0.282028 0.000000
0.294880 -1.059114 0.203736 0.000000
0.330499 -0.822458 0.219997 0.000000
0.256652 -0.091893 0.138735 0.000000
0.390020 -0.957517 0.229976 1.000000
0.336031 0.150658 0.249339 0.000000
0.344576 -0.653093 0.197789 0.000000
0.351342 -0.442369 0.264677 0.000000
0.510432 -0.209771 -0.026195 0.000000
0.356210 -0.599173 0.288443 0.000000
0.255405 0.020573 0.308296 0.000000
0.226660 -0.118220 0.391926 0.000000
0.320267 0.195968 0.114477 0.000000
0.184617 -0.217315 0.511910 0.000000
0.594321 -0.147033 0.113504 0.000000
0.071320 -0.247117 -0.047532 0.000000
0.473934 -1.077835 0.151311 1.000000
0.533600 -0.219087 0.117743 0.000000
0.415298 -0.154117 0.257628 0.000000
0.329635 0.367167 0.122617 0.000000
0.398781 0.089960 0.235954 0.000000
0.215315 -0.191102 -0.033166 0.000000
0.528886 -0.038804 0.406344 0.000000
0.412441 0.466624 0.119719 0.000000
0.009653 -0.443098 0.169405 0.000000
0.405624 0.206627 0.175891 0.000000
0.375646 -0.879186 0.446035 0.000000
-0.083543 -0.546588 0.123338 0.000000
0.340948 0.310456 0.173114 0.000000
0.450083 -0.031134 0.184994 0.000000
0.405905 -0.961431 0.559416 0.000000
0.461521 0.069030 0.135501 0.000000
0.328719 -0.052375 0.189415 0.000000
0.325996 -0.980773 0.221677 0.000000
0.445690 0.166778 0.123800 0.000000
0.326559 -0.319022 0.186525 0.000000
0.528998 -0.111294 0.112880 0.000000
0.329126 0.159738 0.171800 0.000000
0.349899 0.422940 0.156530 0.000000
0.113151 -0.345967 0.168510 0.000000
0.436604 0.045636 0.073266 0.000000
0.325421 -0.186732 0.182677 0.000000
0.605297 -1.289199 0.116950 1.000000
0.185449 -0.241323 0.162552 0.000000
0.555163 -1.191219 0.145507 1.000000
0.379130 0.322789 0.121822 0.000000
0.337531 -0.395756 0.182771 0.000000
0.401087 -0.956754 0.167692 1.000000
0.322461 -1.099931 0.243243 0.000000
0.389609 0.150258 0.066200 0.000000
0.328879 0.032631 0.178745 0.000000
0.345495 -0.892689 0.236209 0.000000
0.485230 -0.120656 0.181382 0.000000
0.524831 -0.239485 0.172472 0.000000
0.333972 0.245793 0.158717 0.000000
0.250709 -1.053350 0.243086 0.000000
0.380888 0.034847 0.229713 0.000000
0.385262 -0.003294 -0.000233 0.000000
0.360013 -0.498894 0.247423 0.000000
0.442911 -0.010753 0.063627 0.000000
0.246663 -1.129434 0.245763 0.000000
0.435772 -0.017969 0.316660 0.000000
0.397756 0.170903 0.219436 0.000000
0.349198 0.240892 0.095912 0.000000
0.334468 -0.515589 0.198863 0.000000
0.375605 -0.034051 0.258105 0.000000
0.248634 -0.136665 0.170256 0.000000
0.491142 -0.049833 0.106250 0.000000
0.398387 0.263180 0.109735 0.000000
0.390355 0.098636 0.047688 0.000000
0.276111 -0.058155 0.176926 0.000000
0.352768 0.124348 0.138462 0.000000
0.288634 -0.104354 0.019177 0.000000
0.362284 -0.793649 0.391271 0.000000
0.330249 -1.161072 0.250302 0.000000
0.393502 -0.702570 0.361579 0.000000
0.267382 -0.969836 0.239604 0.000000
0.359290 -0.408674 0.227326 0.000000
0.318519 -1.029030 0.237244 0.000000
0.439101 0.085608 0.179138 0.000000
0.383837 -0.565239 0.314208 0.000000
0.371950 0.400181 0.116141 0.000000
0.396550 0.249515 0.201440 0.000000
0.336757 0.076042 0.071279 0.000000
0.308636 0.105752 0.244342 0.000000
0.452183 0.117879 0.132525 0.000000
0.321944 -0.012312 0.043563 0.000000
0.347158 0.373996 0.167356 0.000000
0.352394 -0.691220 0.338875 0.000000
0.365937 0.453791 0.117492 0.000000
0.361130 0.066619 0.199267 0.000000
0.485189 -0.021675 0.148463 0.000000
0.266089 -0.018913 0.332555 0.000000
0.337023 0.181800 0.213099 0.000000
0.486580 -0.107920 0.049752 0.000000
0.445484 -0.001234 0.221385 0.000000
0.395256 0.336457 0.172699 0.000000
0.266457 -1.138171 0.287771 0.000000
0.335261 0.172371 0.077002 0.000000
0.468815 -0.075581 0.186861 0.000000
0.308668 -0.863690 0.221097 0.000000
0.343291 -0.781486 0.201892 0.000000
0.424151 0.224417 0.129226 0.000000
0.220354 -0.156265 0.139256 0.000000
0.358671 -0.546147 0.265676 0.000000
0.399928 -0.766837 0.390505 0.000000
0.378369 -0.611413 0.326969 0.000000
0.509485 -1.173414 0.149238 1.000000
0.461427 0.023944 0.149039 0.000000
0.321510 -0.920682 0.204394 0.000000
0.189184 -0.200498 0.144881 0.000000
0.367888 -0.922398 0.210973 1.000000
0.196936 -0.135004 0.420433 0.000000
0.481367 -1.061993 0.192172 1.000000
0.244981 -0.085216 0.368994 0.000000
0.338718 0.201875 0.162708 0.000000
0.338559 0.273027 0.196185 0.000000
0.326684 -0.613816 0.206329 0.000000
0.291703 -1.063762 0.254130 0.000000
0.275732 0.050855 0.284195 0.000000
0.321790 -0.690082 0.201244 0.000000
0.523971 -0.198415 0.157974 0.000000
0.485931 -1.119366 0.155345 1.000000
0.326181 -0.010412 0.180925 0.000000
0.406556 -0.899564 0.467608 0.000000
0.518974 -0.109655 0.154357 0.000000
0.356915 -0.645697 0.311843 0.000000
0.391866 0.419305 0.151063 0.000000
0.347638 0.164189 0.120822 0.000000
0.353600 -0.343651 0.210038 0.000000
0.299275 -1.010473 0.204389 0.000000
0.295359 -1.103060 0.210926 0.000000
0.188255 -0.248990 0.539856 0.000000
0.410114 0.154075 0.102947 0.000000
0.048118 -0.428881 0.159572 0.000000
0.400508 0.128557 0.219158 0.000000
0.184930 -0.190636 0.479670 0.000000
0.509314 -0.178929 0.001823 0.000000
0.506293 -0.242168 -0.052403 0.000000
0.339062 0.330055 0.108039 0.000000
0.433144 0.174568 0.169519 0.000000
0.423901 -0.994482 0.220409 1.000000
0.627287 -0.167270 0.101390 0.000000
0.402355 -0.183451 0.282014 0.000000
0.267097 -1.091549 0.239370 0.000000
0.273049 -1.021009 0.236555 0.000000
0.440882 -0.044639 0.221333 0.000000
-0.060486 -0.524552 0.147205 0.000000
0.258332 -0.099272 0.179495 0.000000
0.408279 -0.857216 0.441080 0.000000
0.430249 -0.117943 0.248179 0.000000
0.108461 -0.234230 -0.046139 0.000000
0.284328 -1.123975 0.255922 0.000000
0.182039 -0.211527 -0.034004 0.000000
0.367975 0.359005 0.112582 0.000000
0.382202 0.474656 0.146130 0.000000
0.358957 0.276354 0.112427 0.000000
0.417228 0.242015 0.164771 0.000000
0.412151 0.185792 0.128323 0.000000
0.241690 -0.175528 -0.009212 0.000000
0.342653 -0.285775 0.201806 0.000000
-0.015668 -0.471429 0.162586 0.000000
0.396833 0.210593 0.213220 0.000000
0.304397 -0.968547 0.251161 0.000000
0.388987 -0.000013 0.245667 0.000000
0.567901 -1.287754 0.123958 1.000000
0.559667 -0.046072 0.428962 0.000000
0.558456 -0.135039 0.114316 0.000000
0.426584 -0.986530 0.578046 0.000000
0.292689 0.026477 0.306993 0.000000
0.141396 -0.321292 0.169358 0.000000
0.291561 -0.023927 0.179784 0.000000
0.500464 -0.032338 0.383289 0.000000
0.325872 -0.362068 0.193540 0.000000
0.343436 -0.865781 0.208194 1.000000
0.376560 -0.929755 0.175705 1.000000
0.238550 -0.123837 0.133936 0.000000
-0.105978 -0.576014 0.124175 0.000000
0.369146 -0.830509 0.410477 0.000000
0.451901 -1.037880 0.163292 1.000000
0.507023 -0.081794 0.115789 0.000000
0.390880 0.302397 0.187246 0.000000
0.570907 -1.222794 0.136049 1.000000
0.076693 -0.356913 0.177320 0.000000
0.426693 -0.998856 0.164356 1.000000
0.321959 -0.427456 0.193679 0.000000
0.588019 -1.254311 0.127665 1.000000
0.408348 -0.945340 0.527103 0.000000
0.403823 0.296592 0.124675 0.000000
0.331763 -0.217833 0.199869 0.000000
0.301634 -0.954884 0.215443 0.000000
0.451942 0.039233 0.118043 0.000000
0.277930 -0.049525 0.142455 0.000000
0.339238 -0.398278 0.254737 0.000000
0.425703 0.070995 0.095440 0.000000
0.495780 -0.150211 0.159920 0.000000
0.212734 -0.086855 0.383078 0.000000
0.447345 0.005912 0.182320 0.000000
0.334630 -0.088002 0.178185 0.000000
0.272358 -1.038521 0.268854 0.000000
0.343178 0.204757 0.087364 0.000000
0.449216 0.015500 0.085487 0.000000
0.534761 -1.217673 0.136141 1.000000
0.304468 -0.073452 0.020122 0.000000
0.338691 0.398418 0.134219 0.000000
0.353526 -0.475405 0.274005 0.000000
0.313555 -1.132826 0.239625 0.000000
0.436241 0.089292 0.122587 0.000000
0.322061 0.126583 0.167615 0.000000
0.319698 -1.067624 0.232547 0.000000
0.324384 -0.331389 0.222743 0.000000
0.387420 0.472494 0.097303 0.000000
0.309726 -0.891105 0.241705 0.000000
0.154238 -0.255876 0.160119 0.000000
0.331411 -0.152451 0.196010 0.000000
0.340856 0.341875 0.159386 0.000000
0.359623 -0.448976 0.232776 0.000000
0.357273 0.096962 0.161229 0.000000
0.429284 0.067566 0.206771 0.000000
0.386467 0.307909 0.154509 0.000000
0.351869 0.456020 0.152321 0.000000
0.356441 -0.376337 0.219513 0.000000
0.607861 -1.324215 0.115852 1.000000
0.422176 0.128463 0.122834 0.000000
0.210098 -0.219316 0.166839 0.000000
0.384075 0.347770 0.143734 0.000000
0.400404 -0.968512 0.200611 1.000000
0.459707 -0.037364 0.073287 0.000000
0.319235 -0.886197 0.199714 0.000000
0.112751 -0.305596 0.172050 0.000000
0.338494 0.278055 0.163861 0.000000
0.326490 0.258933 0.110707 0.000000
0.482907 0.035310 0.127414 0.000000
0.318988 0.131797 0.228091 0.000000
0.259337 -0.056898 0.355012 0.000000
0.297615 -0.998905 0.234210 0.000000
0.347198 0.243437 0.187704 0.000000
0.368504 0.487460 0.118130 0.000000
0.397148 0.177333 0.082168 0.000000
0.357466 -0.567663 0.289086 0.000000
0.364769 -0.716158 0.354012 0.000000
0.538592 -1.165229 0.157502 1.000000
0.307186 0.012090 0.169379 0.000000
0.451297 -1.066877 0.174484 1.000000
0.342450 -0.543667 0.188321 0.000000
0.334069 0.121391 0.259323 0.000000
0.326808 0.228279 0.112819 0.000000
0.411535 0.161560 0.187282 0.000000
0.328016 0.141647 0.133156 0.000000
0.385820 0.027380 0.259542 0.000000
0.336943 -0.485424 0.202884 0.000000
0.320482 0.061821 0.176177 0.000000
0.236317 -0.012385 0.332689 0.000000
0.197772 -0.111465 0.401138 0.000000
0.359508 -0.516370 0.272322 0.000000
0.391598 -0.732053 0.374077 0.000000
0.344153 0.204506 0.194508 0.000000
0.501092 -0.044695 0.134275 0.000000
0.177882 -0.272896 0.167875 0.000000
0.294016 0.082182 0.255999 0.000000
0.401281 0.232118 0.110287 0.000000
0.477704 -1.092304 0.177355 1.000000
0.473237 -0.024778 0.114243 0.000000
0.382615 -0.903568 0.486827 0.000000
0.279932 -0.124582 -0.001136 0.000000
0.415050 0.001212 0.306702 0.000000
0.390964 -0.792960 0.401987 0.000000
0.395903 0.060207 0.235744 0.000000
0.093218 -0.378998 0.166041 0.000000
0.321116 -0.935168 0.230320 0.000000
0.353100 -0.895503 0.206598 1.000000
0.401307 0.122843 0.060770 0.000000
0.378622 -0.025173 -0.020440 0.000000
0.236420 -0.163081 0.165645 0.000000
0.009051 -0.465518 0.147807 0.000000
0.390446 0.025616 0.005452 0.000000
0.292946 -1.043419 0.233068 0.000000
0.297148 -1.087340 0.236012 0.000000
0.519919 -0.265408 0.184589 0.000000
0.240455 -1.101421 0.249259 0.000000
0.383806 -0.848845 0.428188 0.000000
0.378175 0.428888 0.127498 0.000000
0.509293 -0.174426 0.151609 0.000000
0.481431 0.005042 0.138588 0.000000
0.425417 0.095791 0.203142 0.000000
0.384102 -0.943302 0.199864 1.000000
0.403492 0.276864 0.190377 0.000000
0.449527 -0.011907 0.343914 0.000000
0.259535 -0.996882 0.244240 0.000000
0.301560 0.051845 0.296104 0.000000
0.417954 -0.994302 0.190982 1.000000
0.346895 -0.702949 0.204231 0.000000
0.500512 -1.136740 0.172369 1.000000
0.287015 -0.947663 0.243346 0.000000
0.311641 0.063632 0.063891 0.000000
0.339946 -0.595930 0.189258 0.000000
0.378678 0.395204 0.145417 0.000000
0.271584 -0.079909 0.159225 0.000000
0.468249 0.095596 0.127184 0.000000
0.026374 -0.419528 0.174480 0.000000
0.211271 -0.158935 0.421432 0.000000
0.371145 -0.057166 0.274218 0.000000
0.363386 0.305760 0.106332 0.000000
0.383660 0.446277 0.148529 0.000000
0.522253 -0.136258 0.144750 0.000000
0.281390 0.005182 0.320424 0.000000
0.211743 -0.181086 0.147646 0.000000
0.389067 0.374003 0.125748 0.000000
0.427222 0.137135 0.089592 0.000000
0.189632 -0.151504 0.441205 0.000000
0.328738 0.156623 0.220460 0.000000
0.394179 0.074253 0.035790 0.000000
0.363128 -0.667509 0.330535 0.000000
0.362620 0.054666 0.225426 0.000000
0.371134 -0.589173 0.311149 0.000000
0.322780 0.013276 0.053718 0.000000
0.267733 -1.070989 0.265051 0.000000
0.402220 0.336723 0.124740 0.000000
0.415774 0.180545 0.101524 0.000000
0.325266 -0.761799 0.208260 0.000000
0.217962 -0.063776 0.370255 0.000000
0.321430 0.098104 0.069878 0.000000
0.285116 -1.095207 0.258971 0.000000
0.337703 0.206425 0.228113 0.000000
0.251641 -0.113663 0.156963 0.000000
0.336931 0.176418 0.239215 0.000000
0.357146 -0.471502 0.247933 0.000000
0.480355 -0.083971 0.059336 0.000000
0.435118 0.110709 0.171687 0.000000
0.351374 -0.317677 0.195654 0.000000
0.347044 -0.423513 0.246637 0.000000
0.367708 -0.073195 -0.042501 0.000000
0.365509 -0.542508 0.291667 0.000000
0.442400 0.058351 0.179890 0.000000
0.338111 -0.841258 0.200404 0.000000
0.322876 -0.270630 0.192916 0.000000
0.355422 0.420419 0.117864 0.000000
0.524931 -0.198762 0.131892 0.000000
0.299302 -0.004279 0.053565 0.000000
0.328684 -0.802965 0.202797 0.000000
0.337612 0.147744 0.084898 0.000000
0.311586 -0.036118 0.036499 0.000000
0.315448 0.093997 0.266324 0.000000
0.529333 -1.192511 0.137580 1.000000
0.512616 -0.087756 0.142388 0.000000
0.392068 0.238501 0.168692 0.000000
0.451952 -1.040779 0.190682 1.000000
0.361540 -0.495659 0.287381 0.000000
0.419351 -0.962546 0.582792 0.000000
0.298207 -1.112765 0.236599 0.000000
0.465087 -0.050894 0.191726 0.000000
0.357523 -0.620545 0.314933 0.000000
0.349505 0.083518 0.182174 0.000000
0.444190 0.141815 0.127098 0.000000
0.438078 0.190815 0.123849 0.000000
0.352839 0.397522 0.155020 0.000000
0.309916 -0.900856 0.218506 0.000000
0.265654 -1.114603 0.269935 0.000000
0.393235 0.360935 0.167464 0.000000
0.343057 0.187671 0.108200 0.000000
0.341048 -0.627786 0.191424 0.000000
0.380155 -0.678710 0.345747 0.000000
-0.011367 -0.481244 0.139990 0.000000
0.384518 0.282893 0.117218 0.000000
0.405850 -0.921113 0.479891 0.000000
0.344056 -0.677439 0.202390 0.000000
0.193241 -0.212072 0.488906 0.000000
0.251299 -0.034916 0.344310 0.000000
0.487874 -0.130722 0.040311 0.000000
0.290621 -0.028676 0.155562 0.000000
0.392289 0.482154 0.120538 0.000000
0.271284 -1.067618 0.237066 0.000000
0.375200 -0.635954 0.329873 0.000000
0.356877 -0.914167 0.234357 1.000000
0.442890 0.021825 0.213963 0.000000
0.340631 0.307547 0.097924 0.000000
0.319727 -0.311978 0.208875 0.000000
0.337797 -0.498414 0.182052 0.000000
0.332056 -0.032883 0.173940 0.000000
0.477237 -0.097932 0.182982 0.000000
-0.047161 -0.505412 0.153357 0.000000
0.440087 -0.022691 0.211608 0.000000
0.382818 -0.893617 0.464990 0.000000
0.336445 -0.444404 0.202536 0.000000
0.411533 0.270528 0.128357 0.000000
0.300274 -1.036133 0.207767 0.000000
0.406867 0.320372 0.155438 0.000000
0.415325 0.202891 0.111897 0.000000
0.319962 0.026272 0.155034 0.000000
0.289728 -0.088009 0.036393 0.000000
0.337933 0.114704 0.154324 0.000000
0.100056 -0.326941 0.174097 0.000000
0.401510 -0.881557 0.452958 0.000000
0.290176 0.066360 0.273458 0.000000
0.277910 -0.125181 0.022779 0.000000
0.438729 0.070652 0.075704 0.000000
0.340798 -0.382969 0.236802 0.000000
0.500711 -1.112855 0.172545 1.000000
0.335601 -0.341042 0.189242 0.000000
-0.045457 -0.513877 0.131065 0.000000
0.288035 -0.989702 0.253803 0.000000
0.445478 0.064370 0.118929 0.000000
0.027562 -0.452728 0.154586 0.000000
0.045981 -0.407017 0.168806 0.000000
0.314025 -0.914432 0.244341 0.000000
0.160137 -0.288532 0.167345 0.000000
0.324333 0.162439 0.121536 0.000000
0.332079 -0.638172 0.210743 0.000000
0.320752 -0.237643 0.193547 0.000000
0.347753 -0.756446 0.210932 0.000000
0.457599 -0.010753 0.194799 0.000000
0.194783 -0.197040 0.459723 0.000000
0.417617 0.246257 0.125211 0.000000
0.325862 -0.845123 0.220180 0.000000
0.376091 -0.938526 0.225216 1.000000
0.217465 -0.142057 0.407092 0.000000
0.285282 -0.968472 0.225359 0.000000
0.338050 0.251953 0.208758 0.000000
0.272950 -1.046849 0.246604 0.000000
0.337068 -0.554089 0.207950 0.000000
0.349094 0.380955 0.123760 0.000000
0.254497 -1.029721 0.246424 0.000000
0.295245 -0.028062 0.049939 0.000000
0.378820 -0.778298 0.389453 0.000000
0.308907 -0.973488 0.204900 0.000000
0.235759 -0.142330 0.148108 0.000000
0.335654 -0.583486 0.210239 0.000000
0.257449 -0.155901 -0.013339 0.000000
0.326659 -0.712727 0.205416 0.000000
0.297471 -1.021424 0.234095 0.000000
0.329991 -0.910024 0.222670 0.000000
0.189906 -0.220313 0.156030 0.000000
0.129562 -0.230591 -0.039355 0.000000
0.404810 0.189619 0.209311 0.000000
0.325706 -0.664652 0.202420 0.000000
0.438810 0.016728 0.065754 0.000000
0.334916 -0.408043 0.201246 0.000000
-0.066863 -0.531871 0.125323 0.000000
0.427863 -0.979986 0.599348 0.000000
0.507907 -0.067745 0.133793 0.000000
0.337442 0.277234 0.096530 0.000000
0.507019 -1.146576 0.153524 1.000000
0.529628 -0.177249 0.162103 0.000000
0.419811 0.150427 0.125206 0.000000
0.466818 0.047702 0.138681 0.000000
0.463447 -0.097640 0.054839 0.000000
0.181413 -0.264068 0.554555 0.000000
0.318781 -1.003516 0.229696 0.000000
0.327562 0.011441 0.184915 0.000000
0.301321 -0.933682 0.209244 0.000000
0.330473 0.181773 0.166578 0.000000
0.364867 0.335787 0.111126 0.000000
0.343895 0.291022 0.183095 0.000000
0.338888 -0.439393 0.181209 0.000000
0.398611 0.149190 0.226677 0.000000
0.528644 -0.218513 0.165662 0.000000
0.434195 0.151536 0.167176 0.000000
0.350065 0.220417 0.103929 0.000000
-0.094386 -0.561375 0.135815 0.000000
0.231180 -0.098732 0.381656 0.000000
0.291328 -1.066653 0.228089 0.000000
0.294938 -1.080651 0.208135 0.000000
0.547848 -0.117553 0.122312 0.000000
0.399140 0.106887 0.221965 0.000000
0.272019 0.031783 0.299543 0.000000
0.284687 -0.935578 0.224794 0.000000
0.496606 -0.039559 0.155023 0.000000
0.322233 -0.069289 0.177269 0.000000
0.414712 0.186862 0.177383 0.000000
0.404000 0.229057 0.202209 0.000000
0.321699 -0.942915 0.209973 0.000000
0.401042 0.258209 0.166400 0.000000
0.585953 -1.275594 0.123513 1.000000
0.328763 -0.102117 0.193795 0.000000
-0.034293 -0.485582 0.155427 0.000000
0.308109 -0.942984 0.245855 0.000000
0.240209 -0.065199 0.362058 0.000000
0.190092 -0.236412 0.520657 0.000000
-0.076702 -0.541346 0.143244 0.000000
0.322929 0.316081 0.111416 0.000000
0.436004 -1.019661 0.170381 1.000000
0.316053 -0.963501 0.229955 0.000000
0.226145 -0.190031 -0.014533 0.000000
0.325562 -0.536107 0.199400 0.000000
0.586945 -1.300165 0.119641 1.000000
0.485917 -1.095143 0.155833 1.000000
0.164082 -0.237588 0.154511 0.000000
0.354473 0.261916 0.097135 0.000000
0.297255 -1.128755 0.212223 0.000000
0.331377 0.221392 0.167776 0.000000
0.211101 -0.199835 0.157898 0.000000
0.500751 -0.257183 -0.066489 0.000000
0.423478 0.212129 0.165664 0.000000
0.300476 -0.008050 0.168100 0.000000
0.337081 -0.348424 0.223366 0.000000
0.485911 -0.034469 0.368017 0.000000
0.441816 -0.064683 0.228948 0.000000
0.382037 0.368572 0.146971 0.000000
0.188312 -0.175417 0.459638 0.000000
0.291093 -1.012243 0.252007 0.000000
0.457577 0.017598 0.114737 0.000000
0.339440 0.320958 0.154875 0.000000
0.312530 0.044181 0.185230 0.000000
0.439211 -0.002677 0.200734 0.000000
0.326862 -0.295188 0.191808 0.000000
0.508584 -0.225495 -0.039790 0.000000
0.340167 0.123875 0.083304 0.000000
0.432600 0.110457 0.124381 0.000000
0.388309 0.307766 0.133008 0.000000
0.096325 -0.358239 0.168900 0.000000
0.432401 0.050187 0.093139 0.000000
0.326932 -0.877493 0.216958 0.000000
0.402212 -0.944787 0.546955 0.000000
0.276138 -0.988003 0.234597 0.000000
0.431933 0.088973 0.084739 0.000000
0.364730 -0.916373 0.186260 1.000000
0.346483 0.171084 0.094398 0.000000
0.121466 -0.326989 0.169704 0.000000
0.295751 -0.888094 0.226618 0.000000
0.162979 -0.218891 -0.037516 0.000000
0.387875 0.329258 0.152191 0.000000
0.469153 -0.057435 0.067974 0.000000
0.387509 0.410447 0.126758 0.000000
0.416263 -0.134664 0.250827 0.000000
0.337893 0.349391 0.115096 0.000000
0.348077 -0.878368 0.192552 1.000000
0.390137 0.019917 0.240480 0.000000
0.389296 -0.865350 0.439261 0.000000
0.569438 -1.263475 0.125232 1.000000
0.383918 -0.949207 0.180211 1.000000
0.312285 -1.020676 0.219602 0.000000
0.423351 0.117873 0.189952 0.000000
0.297462 -0.984571 0.219599 0.000000
0.415652 -0.170420 0.273527 0.000000
0.378070 0.468718 0.126526 0.000000
0.507773 -0.160753 0.011052 0.000000
0.371822 0.379036 0.116015 0.000000
0.470212 -1.073224 0.178864 1.000000
0.432344 -1.005212 0.205257 1.000000
0.392047 -0.934177 0.518526 0.000000
0.437587 -0.099788 0.242616 0.000000
0.517376 -0.118832 0.135514 0.000000
0.331865 -0.383760 0.198123 0.000000
0.510752 -0.194527 -0.012833 0.000000
0.340182 -0.328483 0.209431 0.000000
0.646081 -0.169981 0.094353 0.000000
0.554194 -1.211242 0.142886 1.000000
0.341075 -0.801654 0.218709 0.000000
0.388246 -0.831119 0.419613 0.000000
0.611186 -0.156814 0.108322 0.000000
0.345102 0.224577 0.195651 0.000000
0.364794 -0.567701 0.308294 0.000000
0.549353 -1.230655 0.131439 1.000000
0.332341 0.140272 0.178116 0.000000
0.332843 -0.165356 0.180740 0.000000
0.327684 0.051632 0.063573 0.000000
0.339790 -0.419630 0.185649 0.000000
0.406623 -0.941510 0.496530 0.000000
0.376704 -0.017940 0.246300 0.000000
0.337415 -0.199513 0.194212 0.000000
0.450056 0.085645 0.136546 0.000000
0.285418 -0.042071 0.169373 0.000000
0.416313 -0.958998 0.542594 0.000000
0.399856 0.396044 0.143129 0.000000
0.522436 -0.160260 0.145766 0.000000
0.068577 -0.405405 0.162580 0.000000
0.401385 -0.198618 0.295636 0.000000
0.349180 0.261762 0.180381 0.000000
0.503381 -1.126496 0.149209 1.000000
0.331901 0.209033 0.105171 0.000000
0.452374 -0.050320 0.060223 0.000000
0.360319 -0.428089 0.230909 0.000000
0.263915 -1.120731 0.241809 0.000000
0.568736 -1.242115 0.132760 1.000000
0.404092 0.301489 0.160569 0.000000
0.132467 -0.303737 0.169280 0.000000
0.395336 0.355395 0.124353 0.000000
0.308147 -0.054070 0.029215 0.000000
0.199151 -0.204681 -0.027162 0.000000
0.335232 -0.821854 0.200721 0.000000
0.259767 -0.095996 0.159466 0.000000
0.381683 0.449649 0.129330 0.000000
0.521738 -0.096601 0.123562 0.000000
0.090099 -0.241839 -0.047002 0.000000
0.445718 0.025152 0.179902 0.000000
0.426645 -0.002701 0.324485 0.000000
0.300641 -1.147017 0.236728 0.000000
0.332177 -0.139270 0.181492 0.000000
-0.002115 -0.458502 0.169788 0.000000
0.330933 -0.785253 0.217110 0.000000
0.495179 -0.025141 0.132278 0.000000
0.403856 0.315926 0.124929 0.000000
0.304013 -1.051920 0.219100 0.000000
0.293808 -0.911162 0.220155 0.000000
0.272620 -1.138423 0.251375 0.000000
0.247574 -1.072219 0.243107 0.000000
0.338188 -0.858762 0.225385 0.000000
0.327545 0.133114 0.245093 0.000000
0.311400 0.024331 0.183375 0.000000
0.373693 0.050075 0.210619 0.000000
0.347987 0.224049 0.085347 0.000000
0.381399 -0.717766 0.363125 0.000000
0.464210 -0.028721 0.347337 0.000000
0.030751 -0.435741 0.163203 0.000000
0.329861 0.111948 0.178395 0.000000
0.352542 0.358801 0.157504 0.000000
0.262348 0.006002 0.318110 0.000000
0.495088 -0.067330 0.113584 0.000000
0.412868 -0.004529 0.288865 0.000000
0.396446 0.012070 0.262396 0.000000
0.437177 -1.041543 0.179004 1.000000
0.408689 0.224413 0.170470 0.000000
0.436716 0.030191 0.084054 0.000000
-0.122431 -0.585111 0.125234 0.000000
0.520552 -1.160902 0.160537 1.000000
0.364142 -0.528671 0.258895 0.000000
0.389948 0.265556 0.126318 0.000000
0.347419 -0.881890 0.218116 1.000000
0.384238 -0.815551 0.410073 0.000000
0.344820 -0.568432 0.195088 0.000000
0.325127 -1.044396 0.228901 0.000000
0.295193 -0.069214 0.037069 0.000000
0.537777 -1.183505 0.153680 1.000000
0.343058 -0.720783 0.200366 0.000000
0.214275 -0.104283 0.391934 0.000000
0.294796 -0.979096 0.237348 0.000000
0.275869 -0.059906 0.157777 0.000000
0.428696 0.206615 0.126355 0.000000
0.208638 -0.125488 0.406539 0.000000
0.387461 0.285822 0.157271 0.000000
0.321664 -0.859350 0.233739 0.000000
0.280273 -1.079416 0.248159 0.000000
0.332665 0.075801 0.174555 0.000000
0.306439 -1.099621 0.225834 0.000000
0.308528 -1.080008 0.223479 0.000000
0.335964 0.104465 0.079256 0.000000
0.227643 -0.081299 0.373832 0.000000
0.076162 -0.376013 0.172165 0.000000
0.395905 0.076004 0.224377 0.000000
0.385370 0.392061 0.125626 0.000000
0.088252 -0.342758 0.175910 0.000000
0.319043 0.080081 0.067554 0.000000
0.173558 -0.256134 0.161897 0.000000
0.329779 0.243172 0.101994 0.000000
0.348082 0.364566 0.114852 0.000000
0.463494 -1.057042 0.184050 1.000000
0.323350 -0.856511 0.206147 0.000000
0.423253 -0.973996 0.565217 0.000000
0.354486 -0.453641 0.250229 0.000000
0.326068 -0.499552 0.196981 0.000000
0.342657 -0.366415 0.228002 0.000000
0.413815 0.136059 0.101754 0.000000
0.580830 -0.135761 0.117906 0.000000
0.461077 -1.056400 0.163463 1.000000
0.357348 -0.494596 0.264770 0.000000
0.392452 -0.955338 0.210376 1.000000
0.224534 -0.170061 0.154031 0.000000
0.356341 0.297218 0.171624 0.000000
0.490868 -1.137140 0.157169 1.000000
0.330409 -0.256379 0.200938 0.000000
0.397534 -0.967114 0.181952 1.000000
0.325010 -0.475510 0.191457 0.000000
0.341708 -0.836681 0.220799 0.000000
0.375508 0.343204 0.123547 0.000000
0.457632 0.130816 0.121326 0.000000
0.334661 -0.230391 0.184863 0.000000
0.270689 -1.020937 0.254313 0.000000
0.440567 0.016086 0.197165 0.000000
0.347651 -0.399498 0.238986 0.000000
0.357297 -0.584529 0.298639 0.000000
0.355946 -0.532811 0.278329 0.000000
0.338979 -0.275402 0.186975 0.000000
0.273736 0.017257 0.309796 0.000000
0.468705 -1.094915 0.160413 1.000000
0.611801 -1.306844 0.115858 1.000000
0.374689 -0.928423 0.194787 1.000000
0.151091 -0.273098 0.163363 0.000000
0.493124 -0.133084 0.171373 0.000000
0.279732 -1.004780 0.239496 0.000000
0.350140 0.435053 0.143496 0.000000
0.520127 -0.186131 0.143777 0.000000
0.272236 -1.056028 0.273428 0.000000
0.254934 -0.116488 0.177038 0.000000
0.394629 0.043014 0.239830 0.000000
0.512914 -0.087626 0.160102 0.000000
0.527416 -0.137743 0.161650 0.000000
0.339606 0.187425 0.087667 0.000000
0.321671 0.108859 0.258007 0.000000
0.427339 -1.006631 0.182483 1.000000
0.392714 -0.910467 0.474082 0.000000
0.341069 0.198892 0.211327 0.000000
0.430701 0.102201 0.186622 0.000000
0.401879 0.155133 0.077877 0.000000
0.376479 0.430283 0.146763 0.000000
0.349678 -0.458307 0.272279 0.000000
0.340281 0.411467 0.117711 0.000000
0.476531 0.021906 0.137674 0.000000
0.428217 0.167302 0.122028 0.000000
0.332290 -0.173759 0.196158 0.000000
0.308938 -0.923833 0.224744 0.000000
0.329886 0.178880 0.115751 0.000000
0.231824 -0.179880 -0.027589 0.000000
0.332660 0.257903 0.171240 0.000000
0.399164 0.349919 0.155276 0.000000
0.346460 0.139084 0.131547 0.000000
0.434430 0.072856 0.190103 0.000000
0.324477 -0.411282 0.186289 0.000000
0.318197 -1.115772 0.237295 0.000000
0.393445 0.190114 0.093648 0.000000
0.339518 0.385805 0.157053 0.000000
0.307529 -1.055817 0.236585 0.000000
0.331611 -0.927402 0.218790 0.000000
0.355873 0.290377 0.102578 0.000000
0.440226 0.002542 0.078122 0.000000
0.359597 -0.907479 0.218550 1.000000
0.315417 -1.084070 0.242779 0.000000
0.266877 -0.078208 0.175822 0.000000
0.415375 0.144999 0.190644 0.000000
0.510359 -0.159558 0.160419 0.000000
0.453091 -0.021423 0.074636 0.000000
0.354097 -0.393463 0.220379 0.000000
0.276074 -0.953593 0.231335 0.000000
0.335373 -0.466002 0.201522 0.000000
0.437005 0.056111 0.196384 0.000000
0.332269 -0.211296 0.182696 0.000000
0.366926 0.436725 0.115214 0.000000
0.446521 -0.034269 0.062670 0.000000
0.286077 0.040330 0.293048 0.000000
0.120690 -0.289342 0.167323 0.000000
0.081280 -0.391213 0.164071 0.000000
0.376532 0.484540 0.133276 0.000000
0.340022 -0.770811 0.218923 0.000000
0.296579 -0.088663 0.020629 0.000000
0.304306 -0.941093 0.229254 0.000000
0.342685 0.098334 0.170271 0.000000
0.306703 -0.997054 0.212407 0.000000
0.243320 -0.127155 0.150507 0.000000
0.253650 -0.108688 0.139675 0.000000
0.235914 -0.027549 0.343357 0.000000
0.461870 -1.074144 0.163209 1.000000
0.320623 -0.103622 0.178863 0.000000
0.336165 0.294841 0.165867 0.000000
0.420740 0.095470 0.095867 0.000000
0.335632 -0.306274 0.201294 0.000000
0.292315 -1.008949 0.219829 0.000000
0.325345 -0.895219 0.214127 0.000000
0.312366 0.035332 0.170450 0.000000
0.317984 0.119639 0.239832 0.000000
0.305235 0.080845 0.269294 0.000000
0.356542 -0.361207 0.212012 0.000000
0.387775 0.021489 0.276612 0.000000
0.404581 0.203627 0.124884 0.000000
0.388875 0.134320 0.060766 0.000000
0.347914 0.471981 0.142138 0.000000
0.337950 -0.524469 0.184969 0.000000
0.349442 0.259906 0.113071 0.000000
0.306133 0.014192 0.055978 0.000000
0.522519 -1.166180 0.141451 1.000000
0.328523 0.144148 0.071215 0.000000
0.452454 -1.022803 0.198045 1.000000
0.440851 0.041175 0.178387 0.000000
0.336287 -0.690151 0.210156 0.000000
0.326450 -0.591120 0.198011 0.000000
0.336559 0.260271 0.097360 0.000000
0.324576 0.169428 0.210465 0.000000
0.323972 0.275253 0.107596 0.000000
0.324220 -0.627984 0.197790 0.000000
0.308435 -1.037393 0.226900 0.000000
0.373182 -0.865529 0.434910 0.000000
0.622942 -1.334315 0.115239 1.000000
0.328826 0.145864 0.233203 0.000000
0.337479 0.188906 0.228183 0.000000
0.298424 -1.132757 0.228361 0.000000
0.388683 0.325980 0.135871 0.000000
0.510984 -1.124912 0.167207 1.000000
0.418661 0.120251 0.096205 0.000000
0.375951 0.036600 0.249893 0.000000
0.490005 -0.007131 0.131436 0.000000
0.541242 -1.201212 0.145000 1.000000
0.403511 0.008997 0.297837 0.000000
0.447508 -0.023275 0.332140 0.000000
0.335754 -0.372320 0.185223 0.000000
0.388272 0.113896 0.053573 0.000000
0.339328 0.357499 0.167274 0.000000
0.327618 0.041370 0.164874 0.000000
0.251439 -0.169065 -0.021084 0.000000
0.309016 -0.880072 0.220480 0.000000
0.359060 -0.731052 0.357810 0.000000
0.423483 0.162619 0.176108 0.000000
0.489622 0.013656 0.127314 0.000000
0.281811 -1.030646 0.246444 0.000000
0.388651 -0.639326 0.338805 0.000000
0.385048 -0.019394 -0.006562 0.000000
0.377878 0.412048 0.146863 0.000000
0.264110 -1.038766 0.235553 0.000000
0.391021 0.387922 0.157822 0.000000
0.450750 0.101507 0.132934 0.000000
0.345491 -0.420700 0.262560 0.000000
0.201684 -0.163022 0.433890 0.000000
0.322840 -0.885841 0.233742 0.000000
0.340906 0.260370 0.157251 0.000000
0.501809 -0.056933 0.144886 0.000000
0.386909 0.010261 0.009103 0.000000
0.376138 -0.732534 0.367056 0.000000
0.337528 0.152350 0.125675 0.000000
0.516387 -0.033312 0.397712 0.000000
0.487582 -0.021158 0.376947 0.000000
0.356692 -0.437704 0.249373 0.000000
0.363284 -0.602175 0.305786 0.000000
0.252097 -0.010700 0.330001 0.000000
0.391701 -0.955950 0.192549 1.000000
0.395336 0.247026 0.110510 0.000000
0.340669 -0.609611 0.199690 0.000000
0.289570 -1.048992 0.247724 0.000000
0.464406 0.110888 0.124468 0.000000
0.335415 0.160087 0.236382 0.000000
0.272250 -0.137833 0.014850 0.000000
0.370727 0.417263 0.114591 0.000000
0.388097 0.030540 0.020455 0.000000
0.465558 -0.034966 0.192626 0.000000
0.340021 -0.483221 0.186380 0.000000
0.276402 -1.058195 0.257268 0.000000
0.365248 -0.681473 0.337942 0.000000
0.340867 -0.624642 0.207055 0.000000
0.324810 -0.026626 0.186657 0.000000
0.281737 -0.966609 0.245659 0.000000
0.301382 0.062724 0.284495 0.000000
0.482148 -0.037867 0.112756 0.000000
0.386538 -0.623845 0.332573 0.000000
0.395793 0.221140 0.100194 0.000000
0.327914 -0.784887 0.199887 0.000000
0.356065 -0.901551 0.192231 1.000000
0.378493 -0.699809 0.357272 0.000000
0.481540 -1.104475 0.167951 1.000000
0.391275 0.165352 0.070729 0.000000
0.322909 0.028480 0.058177 0.000000
0.374476 0.458802 0.145419 0.000000
0.307225 -0.019621 0.043954 0.000000
0.337890 -0.752171 0.199312 0.000000
0.326206 0.103994 0.163925 0.000000
0.443671 -0.979753 0.598752 0.000000
0.382229 0.307129 0.118421 0.000000
0.409500 -0.961070 0.526027 0.000000
0.335874 -0.425016 0.200764 0.000000
0.517307 -1.145377 0.167956 1.000000
0.301213 -0.902254 0.234586 0.000000
0.329338 -0.348121 0.201750 0.000000
0.361529 -0.521108 0.287128 0.000000
0.350815 0.408139 0.132230 0.000000
0.315437 -0.961793 0.212985 0.000000
0.438229 -0.009543 0.332399 0.000000
0.344428 -0.819780 0.213151 0.000000
0.364102 -0.925391 0.225789 1.000000
0.337116 0.130603 0.140676 0.000000
0.325958 -0.511395 0.186522 0.000000
0.396068 0.264275 0.195663 0.000000
0.240483 -0.147119 0.162162 0.000000
0.008522 -0.454454 0.158888 0.000000
0.059179 -0.417732 0.162124 0.000000
0.245163 -0.050724 0.353822 0.000000
0.400252 -0.780503 0.397824 0.000000
0.424395 -0.106580 0.238149 0.000000
0.198663 -0.148944 0.428172 0.000000
0.475398 -1.081389 0.166317 1.000000
0.313315 -1.014605 0.239411 0.000000
0.192534 -0.223317 0.499522 0.000000
0.435560 0.081582 0.208676 0.000000
0.190308 -0.199675 -0.039535 0.000000
0.281167 -1.109122 0.252963 0.000000
0.342278 0.214263 0.206825 0.000000
0.353861 0.112995 0.148910 0.000000
0.390867 -0.916218 0.490082 0.000000
0.402215 0.062224 0.024287 0.000000
0.524347 -1.180601 0.146592 1.000000
0.190596 -0.165298 0.448015 0.000000
0.478458 0.050034 0.126439 0.000000
0.343430 0.239147 0.202112 0.000000
0.530763 -0.251952 0.179259 0.000000
0.448184 -0.030179 0.222329 0.000000
0.390936 0.404339 0.154445 0.000000
0.478511 -0.006225 0.148622 0.000000
0.425332 0.182338 0.120711 0.000000
0.419503 0.165246 0.098154 0.000000
0.409028 0.257744 0.119756 0.000000
0.189275 -0.251241 0.557395 0.000000
0.519897 -0.279340 0.192465 0.000000
0.454075 -1.047595 0.174919 1.000000
0.337256 0.236069 0.170067 0.000000
0.449104 0.078782 0.122564 0.000000
-0.004263 -0.472082 0.151305 0.000000
0.425399 -0.009808 0.308685 0.000000
0.286588 -0.112467 0.006453 0.000000
0.339667 -0.690683 0.195328 0.000000
0.343789 0.258494 0.194215 0.000000
0.522811 -0.124250 0.156161 0.000000
0.439390 0.045167 0.208353 0.000000
0.308978 -0.990326 0.229002 0.000000
0.435552 0.155075 0.127169 0.000000
0.345375 -0.638910 0.203527 0.000000
0.318972 -0.039074 0.180332 0.000000
0.404293 0.174209 0.109060 0.000000
0.329314 0.202317 0.174526 0.000000
0.296364 -0.959257 0.240818 0.000000
0.327002 -0.446054 0.190912 0.000000
0.471957 -0.009823 0.113080 0.000000
0.403771 0.157382 0.215150 0.000000
0.328482 -0.329375 0.197270 0.000000
0.272294 -1.087369 0.259002 0.000000
0.187715 -0.265605 0.569009 0.000000
0.351566 -0.895556 0.222808 1.000000
0.312568 0.013240 0.155005 0.000000
0.331349 -0.551780 0.194260 0.000000
0.201509 -0.192279 0.147057 0.000000
0.454034 0.018464 0.190392 0.000000
0.306260 0.094263 0.254515 0.000000
0.292241 -1.097848 0.245463 0.000000
0.375350 -0.935352 0.210442 1.000000
-0.099131 -0.560388 0.121665 0.000000
0.230890 -0.156634 0.152471 0.000000
0.334991 0.224253 0.101085 0.000000
0.065237 -0.368931 0.179252 0.000000
0.465097 -0.082407 0.055476 0.000000
0.298189 -1.027101 0.219315 0.000000
0.392742 0.296958 0.168912 0.000000
0.385823 -0.765528 0.386315 0.000000
0.462407 0.000204 0.118351 0.000000
0.404004 0.334644 0.157829 0.000000
0.378637 -0.040636 -0.021364 0.000000
0.145384 -0.296805 0.167793 0.000000
0.333723 -0.599353 0.207824 0.000000
0.422041 -0.994692 0.205287 1.000000
0.221284 -0.129314 0.400037 0.000000
0.339847 -0.745047 0.215867 0.000000
0.364907 0.471700 0.120651 0.000000
0.292129 -1.100619 0.230939 0.000000
0.342995 -0.583192 0.195949 0.000000
0.472593 0.035522 0.144550 0.000000
0.362286 0.080162 0.175743 0.000000
0.336649 0.138093 0.256906 0.000000
0.359562 -0.551658 0.279240 0.000000
0.364589 -0.634229 0.319911 0.000000
0.336330 0.169766 0.221418 0.000000
0.322337 -0.089921 0.185911 0.000000
0.420398 0.198096 0.169910 0.000000
0.337560 -0.357628 0.185934 0.000000
0.199361 -0.209616 0.159138 0.000000
0.344345 0.328951 0.166073 0.000000
0.430801 0.062006 0.084713 0.000000
0.337338 -0.569088 0.208482 0.000000
0.186126 -0.235095 0.535925 0.000000
0.289644 -0.017601 0.165980 0.000000
0.363573 -0.909350 0.204641 1.000000
0.410744 0.284248 0.121190 0.000000
0.339127 -0.722828 0.214239 0.000000
0.398046 0.087818 0.041697 0.000000
0.271796 -0.136658 -0.001053 0.000000
0.343092 -0.453220 0.192506 0.000000
0.371646 -0.649881 0.332070 0.000000
0.389104 0.292737 0.126875 0.000000
0.343998 0.201670 0.101928 0.000000
0.401501 0.106887 0.051976 0.000000
0.435264 0.125200 0.170866 0.000000
0.406048 0.188680 0.108558 0.000000
0.372566 -0.666390 0.344890 0.000000
0.319761 -0.976846 0.234216 0.000000
0.307734 -0.904127 0.204560 0.000000
0.421474 -1.008754 0.196360 1.000000
0.404613 0.241626 0.120682 0.000000
0.300927 -0.969203 0.217446 0.000000
0.290079 0.052489 0.283305 0.000000
0.326146 -0.947457 0.224610 0.000000
0.348120 0.277436 0.180603 0.000000
-0.057884 -0.523172 0.132558 0.000000
0.329022 -0.996460 0.222384 0.000000
0.320935 -0.168805 0.188102 0.000000
0.346707 0.443316 0.156770 0.000000
0.323792 0.019404 0.173507 0.000000
0.439200 0.177347 0.131135 0.000000
0.358176 -0.485536 0.252500 0.000000
0.429124 -0.069463 0.224110 0.000000
0.481028 -1.078831 0.186514 1.000000
0.371108 0.045322 0.232292 0.000000
0.038817 -0.420789 0.166946 0.000000
0.397101 0.090203 0.221696 0.000000
0.365190 -0.063253 0.285775 0.000000
0.185027 -0.204951 0.498267 0.000000
0.417991 0.131320 0.194074 0.000000
0.488284 -0.055925 0.118998 0.000000
-0.021007 -0.484147 0.150239 0.000000
0.291110 -1.074928 0.239850 0.000000
0.405691 -0.942838 0.513250 0.000000
0.332922 -0.652272 0.206068 0.000000
0.443066 0.008371 0.209099 0.000000
0.218947 -0.187698 0.158090 0.000000
0.325212 -0.831376 0.204377 0.000000
0.143118 -0.226822 -0.036834 0.000000
0.399357 0.120042 0.230573 0.000000
0.447664 -1.029112 0.183651 1.000000
0.164324 -0.268194 0.165547 0.000000
0.194937 -0.185926 0.468659 0.000000
0.322378 -0.152413 0.184975 0.000000
0.337854 -0.500513 0.204941 0.000000
0.337486 -0.531713 0.205846 0.000000
0.341149 -0.795089 0.205538 0.000000
0.374442 -0.939678 0.186064 1.000000
0.437988 0.032640 0.067614 0.000000
0.435197 -0.035986 0.210314 0.000000
0.360209 0.061279 0.212397 0.000000
0.353918 -0.464058 0.260008 0.000000
0.372179 -0.622236 0.319561 0.000000
0.416679 0.256086 0.163020 0.000000
0.266643 -0.006688 0.325378 0.000000
0.252080 -0.165584 -0.004473 0.000000
0.390004 0.060322 0.031192 0.000000
0.397525 0.239338 0.098705 0.000000
0.337513 -0.768728 0.199847 0.000000
0.208404 -0.144737 0.417628 0.000000
0.323012 -0.524070 0.192418 0.000000
0.517010 -0.105109 0.141108 0.000000
0.387758 -0.884281 0.454814 0.000000
0.312889 -0.001410 0.050907 0.000000
0.402319 -0.869668 0.445359 0.000000
0.393584 0.409693 0.140852 0.000000
0.335685 0.139494 0.164435 0.000000
0.346098 0.173993 0.109764 0.000000
0.332404 -0.234470 0.200797 0.000000
0.430959 0.085662 0.194822 0.000000
0.475186 -0.115636 0.046822 0.000000
-0.086621 -0.549151 0.137049 0.000000
0.330585 -0.869545 0.203924 0.000000
0.312973 0.049186 0.062534 0.000000
0.531656 -0.190241 0.167032 0.000000
0.439741 0.072019 0.175658 0.000000
0.395736 0.197001 0.081646 0.000000
0.195209 -0.231108 0.163189 0.000000
0.415620 -1.002587 0.172050 1.000000
0.266783 -1.036657 0.253932 0.000000
0.516602 -0.253617 0.177855 0.000000
0.448361 -0.014972 0.219791 0.000000
0.532667 -0.167721 0.151647 0.000000
-0.070696 -0.529435 0.139042 0.000000
0.335202 -0.852120 0.212541 0.000000
0.384239 -0.945034 0.215955 1.000000
0.304958 -1.011217 0.228248 0.000000
0.330266 0.002655 0.174432 0.000000
0.513065 -0.095053 0.112769 0.000000
0.477286 -0.098122 0.053361 0.000000
0.332179 -0.263283 0.185314 0.000000
0.492547 -0.034314 0.142791 0.000000
0.456574 0.052322 0.117190 0.000000
0.369617 -0.060023 -0.036961 0.000000
0.336075 0.378250 0.128009 0.000000
-0.051709 -0.514244 0.143479 0.000000
0.325291 -0.747930 0.207374 0.000000
0.314678 -0.913429 0.214052 0.000000
0.460582 -0.015196 0.353053 0.000000
0.249475 -0.023925 0.336073 0.000000
0.293605 -1.059970 0.240314 0.000000
0.479930 -0.085913 0.189298 0.000000
0.359019 0.075377 0.188309 0.000000
0.327986 -0.397816 0.195035 0.000000
0.390474 0.374131 0.158632 0.000000
0.404182 0.301729 0.183550 0.000000
0.434990 -0.991776 0.600462 0.000000
0.328435 -0.807225 0.218320 0.000000
0.332274 0.158911 0.077856 0.000000
0.352757 -0.330534 0.204115 0.000000
0.364592 -0.508324 0.292353 0.000000
0.362571 0.347978 0.118848 0.000000
0.396681 -0.945934 0.534393 0.000000
0.198039 -0.184975 0.453906 0.000000
0.402133 -0.927883 0.491810 0.000000
0.498187 -1.124302 0.161750 1.000000
0.293063 -0.924875 0.222740 0.000000
0.374881 -0.576352 0.314364 0.000000
0.411218 -0.964173 0.571782 0.000000
0.277305 -1.025912 0.271078 0.000000
0.420072 0.147230 0.096445 0.000000
0.293817 -1.079197 0.221721 0.000000
0.425998 -0.973832 0.586828 0.000000
0.252683 -0.124444 0.165575 0.000000
0.018740 -0.432892 0.170236 0.000000
0.323287 0.111549 0.071628 0.000000
0.356368 0.293050 0.115980 0.000000
0.344183 -0.410793 0.252346 0.000000
0.328552 -0.347661 0.233995 0.000000
0.343452 -0.357121 0.215017 0.000000
0.334488 -0.110637 0.184819 0.000000
0.308834 -1.067531 0.243437 0.000000
0.326228 0.353570 0.120772 0.000000
0.329013 -0.604974 0.194388 0.000000
0.047882 -0.395504 0.175808 0.000000
0.429759 0.139755 0.122905 0.000000
0.313918 -0.852097 0.216311 0.000000
0.320146 0.209559 0.114834 0.000000
0.334036 -0.369881 0.201099 0.000000
0.342414 -0.880582 0.230879 0.000000
0.471481 0.060571 0.131833 0.000000
0.284077 -0.040533 0.154702 0.000000
0.396611 0.135933 0.229858 0.000000
0.397378 -0.891986 0.461117 0.000000
0.368668 -0.532225 0.299912 0.000000
0.372659 -0.045845 0.266925 0.000000
0.402797 0.142075 0.215936 0.000000
0.395032 -0.853537 0.434141 0.000000
0.417399 -0.121768 0.246311 0.000000
0.422449 0.195702 0.120887 0.000000
0.436073 0.123385 0.126392 0.000000
0.336803 -0.310327 0.184930 0.000000
0.418909 -0.963387 0.556243 0.000000
0.339037 0.307120 0.160145 0.000000
0.299320 -0.931253 0.238794 0.000000
0.442565 -0.077343 0.234498 0.000000
0.085803 -0.366476 0.170832 0.000000
0.325086 -0.076535 0.188297 0.000000
0.461557 -0.062562 0.185941 0.000000
0.399448 0.312968 0.165925 0.000000
0.580422 -1.287184 0.118972 1.000000
0.447886 -1.025020 0.163940 1.000000
0.323390 -0.251002 0.190761 0.000000
0.331203 -0.680311 0.199637 0.000000
0.240232 -1.114807 0.248036 0.000000
0.290411 -1.058328 0.217585 0.000000
0.232213 -0.175797 0.166550 0.000000
0.327482 -0.490923 0.186796 0.000000
0.329262 0.338582 0.111406 0.000000
0.558701 -1.231347 0.141037 1.000000
0.403917 0.194438 0.181192 0.000000
0.320918 -1.087658 0.231102 0.000000
0.334186 -0.374979 0.245279 0.000000
-0.025046 -0.480843 0.164270 0.000000
0.330619 -0.278719 0.200258 0.000000
0.299219 -1.068672 0.212306 0.000000
0.339254 0.410799 0.139267 0.000000
0.303240 0.000248 0.155567 0.000000
0.368664 -0.610058 0.315301 0.000000
0.214390 -0.116570 0.398402 0.000000
0.331058 0.064692 0.067100 0.000000
0.328462 -0.321678 0.211758 0.000000
0.356844 -0.633268 0.306928 0.000000
0.492087 -0.118261 0.042658 0.000000
0.338754 -0.266854 0.197239 0.000000
0.381639 0.382201 0.144704 0.000000
0.399420 0.141473 0.068385 0.000000
0.512122 -1.160339 0.149311 1.000000
0.101347 -0.340091 0.172328 0.000000
0.325064 -0.198309 0.189356 0.000000
0.327197 -0.385857 0.185821 0.000000
0.287961 -1.092198 0.208839 0.000000
0.263662 -0.090386 0.171155 0.000000
0.378429 -0.790295 0.395173 0.000000
0.470989 -0.068787 0.061326 0.000000
0.358477 -0.503285 0.274747 0.000000
0.372114 -0.556662 0.307365 0.000000
0.436920 0.097693 0.173548 0.000000
0.441875 -1.032878 0.194979 1.000000
0.525522 -0.147036 0.152374 0.000000
0.180952 -0.214000 0.148580 0.000000
0.344895 -0.783124 0.214936 0.000000
0.334459 0.169584 0.163271 0.000000
0.257024 -0.106228 0.167382 0.000000
0.432723 -0.057071 0.221225 0.000000
0.463305 0.033807 0.114055 0.000000
0.368632 -0.564404 0.296100 0.000000
0.334820 -0.186383 0.191937 0.000000
0.341610 0.159967 0.089230 0.000000
0.340370 -0.810314 0.204522 0.000000
0.348559 -0.882809 0.204963 1.000000
0.351103 -0.414271 0.236004 0.000000
0.511525 -0.077623 0.151662 0.000000
0.404475 0.477202 0.120218 0.000000
0.319595 0.077210 0.174263 0.000000
0.180666 -0.260777 0.172139 0.000000
0.280889 -1.064458 0.246619 0.000000
0.395256 0.269997 0.163615 0.000000
0.531498 -0.209632 0.126625 0.000000
0.434484 0.138464 0.165993 0.000000
0.436780 0.074753 0.120565 0.000000
0.451414 0.041070 0.186153 0.000000
0.274092 -1.054455 0.236013 0.000000
0.338531 -0.706430 0.213665 0.000000
0.264527 -0.146520 -0.005632 0.000000
0.306198 -0.954350 0.227684 0.000000
0.329548 0.086939 0.071758 0.000000
0.424071 0.150064 0.179700 0.000000
0.406506 0.255798 0.195771 0.000000
0.132564 -0.330810 0.163980 0.000000
0.599345 -1.310386 0.117528 1.000000
0.313984 -0.975656 0.221597 0.000000
0.456425 -0.043043 0.185926 0.000000
0.379690 -0.903012 0.473480 0.000000
0.324215 0.049778 0.179514 0.000000
0.386631 -0.917395 0.502353 0.000000
0.216078 -0.168188 0.142329 0.000000
0.347227 0.409133 0.156840 0.000000
-0.042906 -0.503181 0.138021 0.000000
0.397307 0.387393 0.127839 0.000000
0.321168 0.139997 0.171465 0.000000
0.264289 -0.035475 0.344192 0.000000
0.330668 0.124893 0.177490 0.000000
0.324234 -1.125615 0.243262 0.000000
0.429474 0.075272 0.083759 0.000000
0.345177 -0.554999 0.194071 0.000000
0.323814 0.119893 0.251442 0.000000
0.428413 -0.129794 0.253159 0.000000
0.345497 -0.381699 0.223966 0.000000
0.448439 -0.009388 0.076002 0.000000
0.381759 -0.011103 -0.015980 0.000000
0.368443 -0.578970 0.303017 0.000000
0.335007 -0.178233 0.180675 0.000000
0.298359 -1.023467 0.205755 0.000000
0.344219 -0.741406 0.202774 0.000000
0.413630 0.200134 0.133469 0.000000
0.312064 -0.892609 0.228252 0.000000
0.416287 0.172254 0.180882 0.000000
0.341279 -0.327735 0.196301 0.000000
0.191142 -0.201968 0.479636 0.000000
0.021180 -0.444412 0.162747 0.000000
0.345837 0.371818 0.154695 0.000000
0.387052 0.008953 -0.003899 0.000000
0.331371 0.232603 0.159116 0.000000
0.296405 -0.017224 0.154216 0.000000
0.387638 0.270317 0.114559 0.000000
0.339419 -0.814296 0.224464 0.000000
0.299587 -0.911583 0.244505 0.000000
0.327355 -0.699376 0.209192 0.000000
0.273508 -0.063939 0.145778 0.000000
0.533349 -0.229293 0.170884 0.000000
0.272426 -0.068819 0.166385 0.000000
0.387835 0.432973 0.152150 0.000000
0.331431 0.196301 0.106841 0.000000
0.500141 -0.160908 0.021385 0.000000
0.372032 0.482482 0.145868 0.000000
0.317120 -0.907913 0.226424 0.000000
0.406881 0.239035 0.171700 0.000000
0.440068 -0.978437 0.612769 0.000000
0.254140 -0.067485 0.359974 0.000000
0.337112 -0.830272 0.210165 0.000000
0.300735 -0.042333 0.042819 0.000000
0.340866 -0.666693 0.196275 0.000000
0.407047 0.201950 0.206869 0.000000
0.337954 -0.407369 0.188674 0.000000
0.336604 0.317406 0.104939 0.000000
0.344494 -0.432000 0.256745 0.000000
0.324999 -0.221972 0.189889 0.000000
-0.036962 -0.497703 0.152578 0.000000
0.347205 0.104504 0.159294 0.000000
0.110004 -0.319037 0.173489 0.000000
0.371266 -0.043970 -0.032064 0.000000
0.506429 -1.134443 0.158627 1.000000
0.526430 -1.169514 0.153058 1.000000
0.322052 -1.165988 0.241959 0.000000
0.292125 -0.943817 0.231512 0.000000
0.333447 -0.430178 0.189053 0.000000
0.325218 0.304950 0.105791 0.000000
0.129801 -0.316194 0.169594 0.000000
0.287007 -1.017001 0.241008 0.000000
0.347166 0.450515 0.141947 0.000000
0.228617 -0.069884 0.363983 0.000000
0.463894 0.084584 0.131618 0.000000
0.355391 0.469412 0.152003 0.000000
0.282861 -0.937018 0.237220 0.000000
0.182972 -0.226220 0.522943 0.000000
0.506767 -0.173641 0.013007 0.000000
0.333175 0.133951 0.080286 0.000000
0.292919 -1.045927 0.210842 0.000000
0.119748 -0.229085 -0.048433 0.000000
0.593643 -1.284325 0.118641 1.000000
0.320970 -0.866902 0.213602 0.000000
0.221185 -0.201773 0.165684 0.000000
0.057572 -0.402085 0.168822 0.000000
0.326065 0.070403 0.183817 0.000000
0.395357 0.198091 0.209448 0.000000
0.336345 -0.287893 0.187935 0.000000
0.336284 -0.393013 0.242847 0.000000
0.342067 -0.493563 0.193189 0.000000
0.324624 -0.375216 0.192462 0.000000
0.408086 -0.187139 0.292545 0.000000
0.324675 -0.053490 0.177597 0.000000
0.437577 -1.032053 0.169351 1.000000
0.402555 0.189987 0.120506 0.000000
0.340775 -0.343920 0.212293 0.000000
0.334535 0.289360 0.097542 0.000000
0.372056 0.443417 0.144834 0.000000
0.541632 -1.208217 0.131688 1.000000
0.283429 -0.114450 0.026064 0.000000
0.423715 -0.144927 0.258602 0.000000
0.108765 -0.358667 0.167759 0.000000
0.391128 0.343793 0.126333 0.000000
0.450504 -0.006797 0.185303 0.000000
0.395098 -0.954987 0.178517 1.000000
0.303770 -1.067028 0.227592 0.000000
0.533210 -0.207102 0.167676 0.000000
0.285827 -0.993745 0.239883 0.000000
0.395615 0.030217 0.236197 0.000000
0.336734 -0.670692 0.209823 0.000000
0.470807 0.014117 0.145476 0.000000
0.556524 -1.240722 0.130511 1.000000
0.482649 -0.020151 0.107646 0.000000
0.395627 0.284183 0.169415 0.000000
0.332761 -0.043635 0.180026 0.000000
0.305721 -1.010565 0.214947 0.000000
0.326373 -0.349270 0.188863 0.000000
0.304879 -0.945384 0.207464 0.000000
0.391402 0.317720 0.126413 0.000000
0.337867 -0.706182 0.196487 0.000000
0.440518 0.030898 0.206001 0.000000
0.285557 0.016513 0.318199 0.000000
0.572751 -1.275061 0.122886 1.000000
0.356110 -0.482304 0.264210 0.000000
0.458632 -0.024904 0.191643 0.000000
0.296713 -0.997630 0.221378 0.000000
0.344355 0.477573 0.152424 0.000000
0.347627 -0.401630 0.226938 0.000000
0.314434 -0.902391 0.241981 0.000000
0.539334 -0.117820 0.113072 0.000000
0.440844 0.101500 0.123308 0.000000
0.370606 0.469912 0.148669 0.000000
0.259216 -0.156692 -0.000121 0.000000
0.192229 -0.229717 0.509908 0.000000
-0.078127 -0.536924 0.128440 0.000000
0.319653 -0.306226 0.198132 0.000000
0.439143 0.165646 0.134526 0.000000
0.430212 -0.971247 0.574830 0.000000
-0.003245 -0.461016 0.157930 0.000000
0.546717 -1.219656 0.137185 1.000000
0.265637 -1.048321 0.266406 0.000000
0.401418 -0.827475 0.422909 0.000000
0.403860 0.217227 0.205903 0.000000
0.135657 -0.272830 0.163223 0.000000
0.295510 -1.038653 0.221785 0.000000
0.376643 -0.600458 0.322106 0.000000
0.420348 0.108432 0.098171 0.000000
0.440034 -0.088565 0.238245 0.000000
0.521301 -0.179014 0.153507 0.000000
0.439532 0.017310 0.077812 0.000000
0.171382 -0.276080 0.582864 0.000000
0.255446 -0.101258 0.149483 0.000000
0.375932 0.364075 0.120125 0.000000
0.387368 0.281296 0.130272 0.000000
0.390178 -0.875224 0.446127 0.000000
0.329769 -0.290635 0.202588 0.000000
0.337247 -0.758994 0.216266 0.000000
0.255001 -0.045279 0.349216 0.000000
0.297971 -0.013748 0.179198 0.000000
0.164119 -0.248813 0.158825 0.000000
0.336318 -0.534345 0.194172 0.000000
0.297260 -0.078572 0.029838 0.000000
0.549680 -1.198363 0.153423 1.000000
0.443556 0.065464 0.192518 0.000000
0.448909 0.029778 0.190491 0.000000
0.400049 -0.964164 0.213210 1.000000
0.390009 -0.775364 0.392566 0.000000
0.406744 -0.951407 0.537884 0.000000
0.308327 -0.881263 0.232374 0.000000
0.210502 -0.197776 -0.024479 0.000000
0.396881 -0.934749 0.507507 0.000000
0.432941 0.118515 0.180507 0.000000
0.382042 -0.024084 0.255058 0.000000
0.397953 0.229120 0.173185 0.000000
0.281438 0.059240 0.277875 0.000000
-0.019859 -0.491499 0.140688 0.000000
0.262012 -1.025572 0.236629 0.000000
0.599296 -1.298543 0.121338 1.000000
0.490914 -0.140736 0.034581 0.000000
0.576893 -1.233998 0.135875 1.000000
0.383968 -0.009460 0.250924 0.000000
0.335521 -0.505270 0.192520 0.000000
0.329799 -0.341513 0.216950 0.000000
0.393335 0.040271 0.014609 0.000000
0.383539 0.029822 0.240334 0.000000
0.314786 0.085463 0.274687 0.000000
0.515609 -0.097496 0.154026 0.000000
0.403758 0.365976 0.149234 0.000000
0.388042 0.423960 0.131944 0.000000
0.234286 -0.131621 0.143178 0.000000
0.334495 0.192596 0.169367 0.000000
0.318494 -0.875448 0.204714 0.000000
0.290868 -1.109637 0.245802 0.000000
0.344735 0.235132 0.105286 0.000000
0.616191 -1.318012 0.121600 1.000000
0.424971 0.083236 0.092447 0.000000
0.339863 0.213063 0.095159 0.000000
0.290159 -1.085657 0.245416 0.000000
0.294348 -1.000933 0.250976 0.000000
0.336275 -0.857435 0.202048 0.000000
0.280717 -0.121736 0.010809 0.000000
0.332263 -0.372129 0.231039 0.000000
0.406530 0.168308 0.211710 0.000000
0.323993 0.022668 0.185010 0.000000
0.017570 -0.455368 0.148936 0.000000
0.440765 0.005067 0.066632 0.000000
0.195944 -0.126456 0.412400 0.000000
0.388942 0.359264 0.149024 0.000000
0.352052 0.252563 0.104251 0.000000
0.353291 -0.433593 0.238574 0.000000
0.435905 -1.025964 0.180309 1.000000
0.343206 -0.466372 0.187804 0.000000
0.290237 -1.029744 0.238176 0.000000
0.396829 0.347600 0.169319 0.000000
0.308557 -0.936213 0.218145 0.000000
0.403824 0.240491 0.199576 0.000000
0.564039 -1.253263 0.127294 1.000000
0.225428 -0.106618 0.388163 0.000000
0.170654 -0.210510 -0.040408 0.000000
0.334226 -0.561901 0.199421 0.000000
0.410082 -0.954093 0.551217 0.000000
0.260476 -1.051670 0.236839 0.000000
0.366195 0.388747 0.119365 0.000000
0.404286 0.273434 0.119633 0.000000
0.331053 -0.773211 0.211795 0.000000
0.312883 -1.103605 0.237628 0.000000
0.312669 0.022407 0.168878 0.000000
0.398513 0.182415 0.217576 0.000000
0.244257 -0.137483 0.156749 0.000000
0.488524 -1.097321 0.173981 1.000000
0.371229 0.332786 0.120474 0.000000
0.442350 -0.011565 0.208966 0.000000
0.281156 0.025962 0.305446 0.000000
0.338763 -0.645194 0.191532 0.000000
0.308326 -1.075385 0.234872 0.000000
0.149351 -0.284186 0.167562 0.000000
0.322308 -1.154165 0.245352 0.000000
0.329656 -0.618034 0.195211 0.000000
0.302165 -0.917153 0.232905 0.000000
0.280564 -0.050118 0.161929 0.000000
0.331027 -0.724143 0.205404 0.000000
0.245144 -0.117901 0.143730 0.000000
0.393577 -0.899469 0.469145 0.000000
0.370168 -0.724869 0.360707 0.000000
0.382217 -0.800475 0.400758 0.000000
0.413045 0.196120 0.102763 0.000000
0.420974 0.235346 0.131351 0.000000
0.463538 -1.064351 0.175076 1.000000
0.070408 -0.395018 0.167451 0.000000
0.445744 0.050139 0.191727 0.000000
0.325996 -0.021800 0.176216 0.000000
0.486332 -0.013497 0.140349 0.000000
0.374039 -0.624716 0.332282 0.000000
0.359778 -0.579505 0.288538 0.000000
0.329481 0.118998 0.078226 0.000000
0.204163 -0.196462 -0.034041 0.000000
0.399140 0.324240 0.163499 0.000000
0.329785 -0.579536 0.201132 0.000000
0.368226 0.058713 0.204517 0.000000
0.278871 -0.978239 0.240084 0.000000
0.475077 0.040958 0.133709 0.000000
0.502253 -0.074606 0.108153 0.000000
0.238101 -0.037935 0.349678 0.000000
0.328959 0.148369 0.169990 0.000000
0.340074 0.386755 0.134635 0.000000
0.334282 -0.632590 0.200957 0.000000
0.323406 0.000822 0.183645 0.000000
0.336333 0.166478 0.245859 0.000000
0.297561 -1.106174 0.222506 0.000000
0.322758 0.115150 0.167159 0.000000
0.300180 0.071725 0.275017 0.000000
0.394111 0.385373 0.145735 0.000000
0.350377 -0.390467 0.230785 0.000000
0.338183 0.169042 0.116564 0.000000
0.290914 -0.028557 0.169024 0.000000
0.098194 -0.234112 -0.051185 0.000000
0.240473 -0.173345 -0.020372 0.000000
0.341269 0.267334 0.166708 0.000000
0.304822 -0.064905 0.027852 0.000000
0.184730 -0.253924 0.162644 0.000000
0.331216 -0.131609 0.189896 0.000000
0.288893 -1.005123 0.260647 0.000000
0.413555 -0.161796 0.265881 0.000000
0.339504 -0.316560 0.194928 0.000000
0.426393 -1.013765 0.172022 1.000000
0.190785 -0.142430 0.433196 0.000000
0.350914 -0.889391 0.195978 1.000000
0.331128 -0.242029 0.191915 0.000000
0.319777 0.039316 0.061381 0.000000
0.408242 0.266497 0.163407 0.000000
0.342465 0.399537 0.160677 0.000000
0.358215 -0.509553 0.263307 0.000000
0.344423 0.121275 0.145555 0.000000
0.388683 0.399048 0.141615 0.000000
0.330695 -0.833848 0.220832 0.000000
0.296302 -1.090998 0.225279 0.000000
0.429835 0.195246 0.130303 0.000000
0.270912 -0.997654 0.240267 0.000000
0.384396 0.463836 0.148795 0.000000
0.521072 -0.118795 0.146253 0.000000
0.113196 -0.334533 0.171602 0.000000
0.234313 -0.181891 -0.015034 0.000000
0.336447 -0.246780 0.201388 0.000000
0.338641 -0.298998 0.187724 0.000000
0.634120 -0.162479 0.093711 0.000000
0.394437 0.212220 0.107062 0.000000
0.398747 0.078516 0.235061 0.000000
0.418478 -0.007161 0.298355 0.000000
0.039620 -0.435555 0.156152 0.000000
0.432324 0.162651 0.168305 0.000000
0.193485 -0.242273 0.529728 0.000000
0.406116 -0.178348 0.272638 0.000000
0.506346 -0.068406 0.144976 0.000000
0.363097 -0.645751 0.321314 0.000000
0.444775 -0.021323 0.060074 0.000000
0.335946 -0.543436 0.204352 0.000000
0.418680 -0.971666 0.576171 0.000000
0.399543 0.166990 0.086008 0.000000
0.375994 0.043098 0.222363 0.000000
0.327859 -0.415892 0.197281 0.000000
0.036529 -0.410837 0.173610 0.000000
0.299550 -0.058350 0.037715 0.000000
0.392687 0.305806 0.122817 0.000000
0.351849 -0.446487 0.241938 0.000000
0.334357 -0.358413 0.229565 0.000000
0.317949 -0.988494 0.220125 0.000000
0.374008 -0.820203 0.409396 0.000000
0.349544 0.397702 0.128211 0.000000
0.363173 -0.532309 0.286928 0.000000
0.506182 -0.270717 -0.065368 0.000000
0.279143 -1.068823 0.259610 0.000000
0.175098 -0.245073 0.160380 0.000000
0.341154 0.208370 0.217617 0.000000
0.333041 -0.815762 0.211028 0.000000
0.454444 0.007444 0.192398 0.000000
0.347054 0.228258 0.095690 0.000000
0.503217 -0.233039 -0.046684 0.000000
0.298554 -1.139871 0.216635 0.000000
0.429914 -0.985946 0.608602 0.000000
0.354659 -0.904336 0.229478 1.000000
0.384191 -0.668598 0.348331 0.000000
0.416529 0.138111 0.122366 0.000000
0.308952 -1.022021 0.230197 0.000000
0.482114 -1.074495 0.158171 1.000000
0.480695 -1.091187 0.165447 1.000000
0.331096 -0.796326 0.215674 0.000000
0.362432 -0.553201 0.290743 0.000000
0.468436 0.019619 0.113122 0.000000
0.302709 -1.033486 0.235646 0.000000
0.330529 -0.542080 0.188595 0.000000
0.368684 -0.784765 0.389130 0.000000
0.222154 -0.188270 -0.024822 0.000000
0.327671 -0.842575 0.204101 0.000000
0.386512 0.296760 0.155327 0.000000
0.434990 -1.002988 0.215850 1.000000
0.450873 0.130319 0.130167 0.000000
0.325388 0.186513 0.109000 0.000000
0.285415 0.071920 0.265065 0.000000
0.288421 -0.097933 0.031511 0.000000
0.305014 -0.000264 0.174633 0.000000
0.533760 -1.210439 0.144531 1.000000
0.330756 -0.099259 0.183232 0.000000
0.421156 0.213364 0.121748 0.000000
0.325437 -0.039868 0.189339 0.000000
0.496339 -0.045508 0.145639 0.000000
-0.091742 -0.554134 0.127814 0.000000
0.392968 -0.820955 0.419820 0.000000
0.390938 0.019598 0.253487 0.000000
0.407470 0.002475 0.280073 0.000000
0.346285 -0.425664 0.235207 0.000000
0.318861 -0.921780 0.220208 0.000000
0.418232 0.227486 0.165735 0.000000
0.425009 -0.997062 0.177394 1.000000
0.462055 -0.047649 0.069886 0.000000
0.376137 0.347968 0.113560 0.000000
0.344007 -0.768413 0.208865 0.000000
0.223440 -0.089701 0.383273 0.000000
0.328266 -0.459472 0.196096 0.000000
0.305511 -0.030541 0.044586 0.000000
0.336977 -0.160170 0.190358 0.000000
0.356759 -0.680354 0.330929 0.000000
0.456285 -0.020607 0.342910 0.000000
0.334618 0.282893 0.193120 0.000000
0.427254 0.089981 0.185342 0.000000
0.434158 0.043282 0.083787 0.000000
0.200202 -0.221469 0.161137 0.000000
0.356184 0.275469 0.101771 0.000000
0.342515 -0.616868 0.190653 0.000000
0.382336 0.437747 0.132610 0.000000
0.345632 0.229471 0.206948 0.000000
0.295915 -1.145260 0.226907 0.000000
0.198537 -0.202178 0.150925 0.000000
0.342227 -0.476918 0.198248 0.000000
0.329357 -0.865251 0.220579 0.000000
0.288533 -0.969914 0.237621 0.000000
0.317052 -1.029641 0.226329 0.000000
0.186945 -0.257391 0.547750 0.000000
0.349900 -0.366130 0.219702 0.000000
0.362898 -0.594007 0.298322 0.000000
0.329073 -0.881523 0.206934 0.000000
0.345968 -0.714424 0.212236 0.000000
0.391878 -0.951082 0.221076 1.000000
0.358421 -0.908455 0.181942 1.000000
0.339697 -0.842044 0.211262 0.000000
0.473753 -1.070464 0.188908 1.000000
0.559172 -1.220462 0.139526 1.000000
0.316399 -0.849329 0.226662 0.000000
0.061412 -0.379360 0.176142 0.000000
0.239015 -0.076069 0.367706 0.000000
0.423957 0.116692 0.121675 0.000000
0.335229 -0.473409 0.185032 0.000000
0.330623 0.268759 0.101734 0.000000
0.337007 0.359538 0.119220 0.000000
0.328528 0.210945 0.165954 0.000000
0.483104 -0.122372 0.170758 0.000000
0.274086 -1.088417 0.247259 0.000000
0.344527 0.189434 0.097242 0.000000
0.255997 -1.019172 0.243158 0.000000
0.349398 0.250562 0.179696 0.000000
0.403356 0.290590 0.161208 0.000000
0.544485 -1.190113 0.148109 1.000000
0.311717 -0.936887 0.206700 0.000000
0.447039 -1.037654 0.176378 1.000000
0.327179 -0.210860 0.192341 0.000000
0.383187 0.006953 0.239609 0.000000
0.260710 0.027983 0.302317 0.000000
0.497485 -0.126989 0.036797 0.000000
0.554747 -0.125267 0.117368 0.000000
0.207099 -0.172439 0.434604 0.000000
0.269680 -1.078010 0.239880 0.000000
0.322820 -0.969306 0.221567 0.000000
0.403267 0.284755 0.129076 0.000000
0.320617 -1.076961 0.227041 0.000000
0.356652 0.439984 0.153895 0.000000
-0.101483 -0.568526 0.131731 0.000000
0.176611 -0.267403 0.563717 0.000000
0.350319 0.286889 0.175365 0.000000
0.319350 -0.935673 0.219289 0.000000
0.292944 -0.910552 0.230954 0.000000
0.451214 -1.055369 0.167857 1.000000
0.432596 -1.010268 0.193497 1.000000
0.206496 -0.136221 0.411218 0.000000
0.185175 -0.240380 0.545652 0.000000
0.324528 0.105266 0.267811 0.000000
0.605195 -0.149084 0.112959 0.000000
0.505179 -0.250863 -0.058750 0.000000
0.370210 0.426451 0.120596 0.000000
0.424443 0.180868 0.170780 0.000000
0.322739 -0.341172 0.195041 0.000000
0.355966 -0.522454 0.264115 0.000000
0.285888 -0.957274 0.228693 0.000000
0.296467 -0.987104 0.230052 0.000000
0.339199 -0.826138 0.225232 0.000000
-0.028800 -0.492013 0.147238 0.000000
0.350855 0.089754 0.173468 0.000000
0.584397 -1.265006 0.124903 1.000000
0.313568 -0.918231 0.234254 0.000000
0.387679 -0.694343 0.355817 0.000000
0.329884 -0.699081 0.198714 0.000000
0.431463 0.076126 0.199935 0.000000
0.323782 -0.178593 0.191651 0.000000
0.468166 -1.084271 0.158850 1.000000
0.356235 -0.506288 0.284822 0.000000
0.333019 -0.359249 0.202293 0.000000
0.321602 0.032545 0.163717 0.000000
0.431060 -0.094169 0.236199 0.000000
0.443419 0.111694 0.132094 0.000000
0.419416 0.131191 0.093998 0.000000
0.313355 -1.143548 0.239287 0.000000
0.339087 -0.847105 0.221187 0.000000
0.211107 -0.209693 0.162115 0.000000
0.340043 -0.734350 0.215184 0.000000
0.401017 0.247206 0.167995 0.000000
0.336459 -0.449597 0.183404 0.000000
0.436348 0.060224 0.075146 0.000000
0.387428 0.040741 0.023644 0.000000
0.339935 0.300233 0.179347 0.000000
0.294334 -1.049825 0.223159 0.000000
0.309120 -1.003849 0.234799 0.000000
0.471573 -1.084215 0.180713 1.000000
0.308521 0.024453 0.057787 0.000000
0.461125 -0.061477 0.061723 0.000000
0.299787 -0.017144 0.051218 0.000000
0.295962 -1.010892 0.235046 0.000000
0.349328 0.153650 0.120991 0.000000
0.345175 0.267738 0.189062 0.000000
0.471668 -1.070255 0.168728 1.000000
0.420156 -0.000850 0.316235 0.000000
0.372110 -0.659936 0.335560 0.000000
0.369544 -0.068949 0.293654 0.000000
0.325243 -0.988675 0.228768 0.000000
0.131480 -0.292977 0.169294 0.000000
0.372253 0.454905 0.125981 0.000000
0.048810 -0.418034 0.164438 0.000000
0.517327 -1.133434 0.166976 1.000000
0.395958 0.128900 0.067670 0.000000
0.457055 0.092631 0.130519 0.000000
0.464294 0.009305 0.111510 0.000000
0.488337 0.003475 0.130682 0.000000
0.327468 0.250010 0.165963 0.000000
0.462198 0.033897 0.143212 0.000000
0.377585 -0.883032 0.457538 0.000000
0.349833 0.305361 0.169685 0.000000
0.341951 0.339967 0.110442 0.000000
0.456610 0.061315 0.140857 0.000000
0.328935 -0.531758 0.186817 0.000000
0.316340 -0.950836 0.214526 0.000000
0.497916 -0.142795 0.167163 0.000000
0.330257 0.218778 0.109683 0.000000
0.316638 -0.022504 0.040072 0.000000
0.384799 -0.000921 -0.010535 0.000000
0.521631 -0.102036 0.114483 0.000000
0.340905 0.370610 0.122509 0.000000
0.318955 -0.884203 0.215153 0.000000
0.379221 -0.827675 0.414753 0.000000
0.526013 -0.187377 0.157927 0.000000
0.366865 -0.914236 0.176138 1.000000
0.337412 0.198127 0.093225 0.000000
0.383585 -0.707341 0.362646 0.000000
0.254458 0.011830 0.314202 0.000000
0.360596 -0.482331 0.242740 0.000000
0.621086 -0.159660 0.106036 0.000000
0.397550 0.013992 0.290706 0.000000
0.334795 0.176177 0.086825 0.000000
0.302941 0.085974 0.260385 0.000000
0.301732 -0.890791 0.234859 0.000000
0.443652 0.177645 0.121603 0.000000
0.346180 0.424476 0.146809 0.000000
0.391122 -0.717404 0.367123 0.000000
0.329949 -0.525477 0.201991 0.000000
0.498430 -0.053989 0.154388 0.000000
0.389080 -0.943667 0.190622 1.000000
0.507629 -0.218520 -0.031997 0.000000
0.330719 0.065486 0.174716 0.000000
0.394149 0.259035 0.119251 0.000000
0.363256 -0.898890 0.203877 1.000000
0.308031 -0.950699 0.237347 0.000000
0.390664 0.124285 0.058287 0.000000
0.343469 0.287469 0.164419 0.000000
0.300792 -1.079363 0.241740 0.000000
0.206663 -0.175570 0.140338 0.000000
0.510451 -0.186503 -0.005317 0.000000
0.321543 -0.894905 0.224443 0.000000
0.268182 -0.075600 0.150314 0.000000
0.333837 -0.078369 0.182856 0.000000
0.357664 -0.460579 0.243075 0.000000
0.612627 -1.336017 0.114936 1.000000
0.460957 0.101472 0.135213 0.000000
0.330534 0.323491 0.110887 0.000000
0.509284 -0.077621 0.141014 0.000000
0.288616 -0.927889 0.232354 0.000000
0.210411 -0.190398 0.152178 0.000000
0.033875 -0.444714 0.156792 0.000000
0.398884 0.098539 0.228222 0.000000
0.435816 0.056317 0.206746 0.000000
0.348495 0.233087 0.187697 0.000000
0.184915 -0.199274 0.487556 0.000000
0.288152 -1.081748 0.254870 0.000000
0.343166 0.249212 0.199412 0.000000
0.530174 -1.189337 0.149603 1.000000
0.339493 -0.564839 0.186902 0.000000
0.327070 -0.683394 0.208669 0.000000
0.341104 0.356171 0.157118 0.000000
0.512162 -0.162962 0.150766 0.000000
0.142129 -0.307480 0.168622 0.000000
0.130462 -0.223354 -0.046743 0.000000
0.414701 0.211209 0.173804 0.000000
0.321925 0.003353 0.049063 0.000000
0.301691 -1.052857 0.208440 0.000000
0.358618 -0.741293 0.359394 0.000000
0.384351 -0.858122 0.433706 0.000000
0.326265 -0.066332 0.186864 0.000000
0.399560 0.116907 0.219345 0.000000
0.400363 0.325650 0.125710 0.000000
0.315542 0.044599 0.173811 0.000000
0.402482 -0.807267 0.414243 0.000000
0.243488 -0.153220 0.169967 0.000000
0.534667 -1.201736 0.137025 1.000000
0.390834 0.020743 0.266760 0.000000
0.272226 0.008710 0.316684 0.000000
0.384624 -0.725687 0.368937 0.000000
0.342158 0.442568 0.147515 0.000000
0.396330 0.146294 0.076978 0.000000
0.393892 0.278681 0.116224 0.000000
0.312838 -0.864051 0.231174 0.000000
0.336893 0.197446 0.233951 0.000000
0.321138 0.067348 0.066073 0.000000
0.336744 0.178627 0.228720 0.000000
0.396186 -0.844386 0.429519 0.000000
0.330170 -0.403427 0.182779 0.000000
0.302507 -0.964955 0.208180 0.000000
0.277130 -1.046956 0.273824 0.000000
0.396524 0.303360 0.176835 0.000000
0.345668 0.463313 0.147251 0.000000
0.481952 -0.123326 0.044375 0.000000
0.380466 -0.871345 0.441412 0.000000
0.345339 -0.690326 0.205259 0.000000
0.388550 0.084046 0.042916 0.000000
0.392935 0.213798 0.090479 0.000000
0.336573 -0.592791 0.198706 0.000000
0.337007 0.240272 0.215209 0.000000
0.290172 -0.984742 0.244588 0.000000
0.406848 0.179142 0.122556 0.000000
0.388200 0.473736 0.107475 0.000000
0.397433 -0.956755 0.201033 1.000000
0.482835 -0.110975 0.178949 0.000000
0.347613 0.433251 0.155008 0.000000
0.307959 -0.010319 0.049691 0.000000
0.336224 -0.551425 0.185248 0.000000
0.344185 -0.661934 0.204722 0.000000
0.501758 -0.073313 0.118556 0.000000
0.341214 -0.731941 0.200245 0.000000
0.413706 -0.144088 0.256291 0.000000
0.288893 -1.039823 0.241759 0.000000
0.326351 0.090297 0.165962 0.000000
0.331156 -0.315183 0.203585 0.000000
0.402241 -0.906757 0.473796 0.000000
0.323504 -0.110443 0.191045 0.000000
0.260256 -0.148468 0.005864 0.000000
0.314838 0.035050 0.181263 0.000000
0.382921 -0.939074 0.179369 1.000000
0.339765 -0.575142 0.189278 0.000000
0.271494 -1.129730 0.290543 0.000000
0.292651 0.048527 0.292359 0.000000
0.439763 0.132588 0.123951 0.000000
0.398813 -0.861066 0.439905 0.000000
0.310070 -0.966235 0.221956 0.000000
0.485309 -0.046167 0.118632 0.000000
0.350681 -0.885661 0.227725 1.000000
0.346724 -0.439872 0.249478 0.000000
0.083676 -0.375920 0.164164 0.000000
0.570940 -0.135962 0.115431 0.000000
0.070349 -0.384342 0.171324 0.000000
0.400223 -0.941811 0.521788 0.000000
0.327353 0.152502 0.126163 0.000000
0.543924 -1.212392 0.143758 1.000000
0.402479 0.387208 0.153087 0.000000
0.369042 0.465355 0.113845 0.000000
0.334376 0.300788 0.102266 0.000000
0.613456 -1.296840 0.114956 1.000000
0.278684 -0.942660 0.228966 0.000000
0.313339 0.123448 0.229486 0.000000
0.337733 0.169053 0.232003 0.000000
0.313621 -1.092706 0.237729 0.000000
0.297903 -1.122744 0.226705 0.000000
0.328466 0.239727 0.165751 0.000000
0.262380 -0.088481 0.153148 0.000000
0.339309 -0.712070 0.204638 0.000000
0.379505 -0.645312 0.340846 0.000000
0.434597 -0.975290 0.592014 0.000000
0.336837 -0.384867 0.182819 0.000000
0.469729 -1.097379 0.173678 1.000000
0.359073 -0.438128 0.230202 0.000000
0.337434 0.095301 0.075174 0.000000
0.369622 -0.672291 0.336678 0.000000
-0.116211 -0.577123 0.125739 0.000000
0.343405 0.318862 0.165807 0.000000
0.322009 0.009470 0.174387 0.000000
0.269732 -1.048580 0.256052 0.000000
0.492988 -0.033190 0.376513 0.000000
0.355582 -0.466399 0.269861 0.000000
0.353286 -0.453280 0.264268 0.000000
0.393925 0.472236 0.119363 0.000000
0.381738 -0.033596 -0.014792 0.000000
0.272138 -0.009925 0.333233 0.000000
0.229661 -0.059877 0.362952 0.000000
0.330775 0.159889 0.161824 0.000000
0.512623 -0.205490 -0.017300 0.000000
0.154901 -0.245787 0.155983 0.000000
0.321927 -1.075265 0.238777 0.000000
0.003295 -0.450519 0.166759 0.000000
0.579440 -0.143849 0.112007 0.000000
0.081289 -0.239583 -0.051410 0.000000
0.266726 -0.101405 0.174289 0.000000
0.323726 -0.854918 0.221441 0.000000
0.398394 -0.914525 0.481649 0.000000
0.331509 0.142391 0.244562 0.000000
0.498997 -0.034479 0.131762 0.000000
0.119163 -0.315614 0.170977 0.000000
0.453611 0.139957 0.122716 0.000000
0.399091 0.187689 0.085656 0.000000
0.430696 0.053005 0.080176 0.000000
0.336209 -0.329039 0.187687 0.000000
0.485360 -0.029841 0.107047 0.000000
0.328875 -0.306218 0.193818 0.000000
0.336483 -0.781464 0.209321 0.000000
0.190000 -0.210461 0.151236 0.000000
0.388669 -0.926198 0.507837 0.000000
0.429869 -0.009952 0.318156 0.000000
0.327922 -0.916133 0.214949 0.000000
0.316966 0.111240 0.249441 0.000000
0.386208 -0.784028 0.396335 0.000000
0.329314 0.131499 0.254938 0.000000
0.308466 -0.046136 0.035378 0.000000
0.395024 0.359263 0.157718 0.000000
0.328905 0.232135 0.102420 0.000000
0.337268 -0.348898 0.195276 0.000000
-0.012912 -0.477175 0.151597 0.000000
0.238957 -0.150670 0.152760 0.000000
0.349562 0.235437 0.087505 0.000000
0.324519 -0.422943 0.185098 0.000000
0.291548 -0.062022 0.043343 0.000000
0.497668 -0.054119 0.112539 0.000000
0.384041 0.292905 0.117415 0.000000
0.494312 -1.130727 0.149802 1.000000
0.281428 -0.052276 0.152178 0.000000
0.384740 0.411225 0.136395 0.000000
0.492748 -0.122761 0.175099 0.000000
0.408777 -0.887303 0.456778 0.000000
0.312304 -1.061821 0.228274 0.000000
0.358789 -0.474271 0.257421 0.000000
0.361238 -0.539521 0.272740 0.000000
0.334647 -0.760079 0.204535 0.000000
0.491739 -0.030836 0.154338 0.000000
0.574273 -1.255459 0.128777 1.000000
0.087282 -0.356564 0.172850 0.000000
0.163285 -0.279075 0.166426 0.000000
0.367834 -0.919377 0.201432 1.000000
0.395386 -0.965482 0.191590 1.000000
0.348402 0.391688 0.162487 0.000000
0.207759 -0.096722 0.391246 0.000000
0.099615 -0.349720 0.174400 0.000000
0.186061 -0.181383 0.467342 0.000000
0.278868 -1.010760 0.269747 0.000000
0.235529 -0.052184 0.356999 0.000000
0.338256 0.183507 0.078578 0.000000
0.194856 -0.174673 0.450264 0.000000
0.331933 -0.154940 0.183507 0.000000
0.340751 0.137057 0.086003 0.000000
0.321507 -0.906886 0.217515 0.000000
0.358172 -0.589343 0.288029 0.000000
0.440302 0.021655 0.087785 0.000000
-0.127937 -0.592685 0.121786 0.000000
0.429346 0.099246 0.087007 0.000000
0.397958 0.229894 0.095520 0.000000
0.411611 0.168960 0.102992 0.000000
0.297307 -0.996585 0.209102 0.000000
0.235695 -0.087672 0.371653 0.000000
0.286231 0.034510 0.301134 0.000000
0.338173 0.100032 0.161553 0.000000
0.574010 -1.295072 0.121075 1.000000
0.330917 0.253718 0.102291 0.000000
0.456165 0.027619 0.117176 0.000000
0.257625 -0.028453 0.340169 0.000000
0.471530 -0.089977 0.055016 0.000000
0.205906 -0.114311 0.406099 0.000000
0.293936 -0.993756 0.260703 0.000000
0.333134 -0.479801 0.195243 0.000000
0.421307 0.172273 0.104938 0.000000
0.224155 -0.161748 0.147283 0.000000
0.219718 -0.178764 0.153846 0.000000
0.337600 -0.573530 0.199618 0.000000
0.331442 0.264378 0.163830 0.000000
0.334035 -0.643243 0.202138 0.000000
0.336808 -0.454163 0.200877 0.000000
0.435095 0.063005 0.187996 0.000000
0.362148 -0.691024 0.340574 0.000000
0.515383 -1.174039 0.141317 1.000000
0.354750 0.443776 0.144245 0.000000
0.338572 0.259895 0.202502 0.000000
0.351271 -0.893327 0.185434 1.000000
0.274672 -1.015380 0.244524 0.000000
0.333829 -0.226225 0.193793 0.000000
0.532603 -0.106344 0.120643 0.000000
0.327506 -0.673828 0.206122 0.000000
0.337205 -0.699789 0.205318 0.000000
0.334333 0.117860 0.171593 0.000000
0.330607 -0.330943 0.215079 0.000000
0.338169 0.191238 0.216857 0.000000
0.079425 -0.370817 0.179897 0.000000
0.331276 0.190337 0.160316 0.000000
0.522285 -0.212327 0.161344 0.000000
0.326652 -0.160066 0.191932 0.000000
0.326209 -0.145121 0.190396 0.000000
0.322515 0.130030 0.237193 0.000000
0.369172 0.410357 0.121453 0.000000
0.443191 -0.001424 0.210180 0.000000
0.399529 0.062448 0.033759 0.000000
0.333472 -0.436979 0.196168 0.000000
0.452962 -1.032479 0.199756 1.000000
0.386000 -0.959655 0.221260 1.000000
0.374827 0.449604 0.117806 0.000000
0.122672 -0.303059 0.169801 0.000000
0.325385 0.041170 0.174916 0.000000
0.654188 -0.173894 0.088891 0.000000
0.322410 0.101993 0.175003 0.000000
0.516696 -1.168516 0.155683 1.000000
0.316853 -0.910038 0.205101 0.000000
0.340617 -0.515224 0.186905 0.000000
0.355091 0.267932 0.109198 0.000000
0.402014 0.306342 0.125937 0.000000
0.404943 -0.194933 0.287268 0.000000
0.353479 -0.889568 0.214402 1.000000
0.327701 -0.334812 0.189147 0.000000
0.340180 -0.320036 0.204071 0.000000
0.386163 0.341077 0.150587 0.000000
0.338674 -0.402164 0.245755 0.000000
0.327124 -0.341137 0.226369 0.000000
0.403533 0.264449 0.124322 0.000000
0.331257 -0.860981 0.211172 0.000000
0.446978 0.052949 0.119048 0.000000
0.154168 -0.218537 -0.041776 0.000000
0.296051 -0.963439 0.251525 0.000000
0.453956 -1.054944 0.183332 1.000000
0.333263 0.105331 0.170578 0.000000
0.381332 -0.929576 0.187690 1.000000
0.453266 -0.030774 0.069998 0.000000
0.309777 0.014528 0.178493 0.000000
0.316476 -0.995009 0.233944 0.000000
0.311205 -0.934233 0.230289 0.000000
0.393801 0.050984 0.233249 0.000000
0.275728 -1.034482 0.260609 0.000000
0.287338 -0.918196 0.227002 0.000000
0.582508 -0.050448 0.445502 0.000000
0.295300 -1.019150 0.224206 0.000000
0.410456 0.002315 0.296229 0.000000
0.397274 -0.207172 0.297955 0.000000
0.329499 0.134359 0.169976 0.000000
0.441707 0.076970 0.185060 0.000000
0.456914 0.077637 0.135582 0.000000
0.325010 -0.112080 0.181318 0.000000
0.367237 0.053976 0.216803 0.000000
0.293528 -0.037662 0.049951 0.000000
0.302638 -1.057226 0.228272 0.000000
0.318650 -0.876289 0.221952 0.000000
0.326841 0.197787 0.166261 0.000000
0.466950 0.057105 0.141231 0.000000
0.386999 0.320846 0.147360 0.000000
0.352940 0.458828 0.142578 0.000000
0.396245 -0.959735 0.221995 1.000000
0.386038 0.420376 0.158781 0.000000
0.327406 -0.566823 0.204303 0.000000
0.367258 -0.547729 0.299679 0.000000
0.303327 -1.056072 0.245347 0.000000
0.445753 0.089509 0.124576 0.000000
0.329302 0.280812 0.101667 0.000000
0.381162 0.402313 0.151556 0.000000
0.400535 -0.955330 0.549941 0.000000
0.479452 -1.062962 0.182705 1.000000
0.403643 0.249898 0.114617 0.000000
0.327045 -0.768738 0.201730 0.000000
0.435704 0.065439 0.198670 0.000000
0.307112 0.007631 0.160774 0.000000
0.526464 -0.158434 0.154387 0.000000
-0.067731 -0.530838 0.148559 0.000000
0.363334 -0.512356 0.282255 0.000000
0.334774 -0.366041 0.241596 0.000000
0.427077 0.118366 0.090940 0.000000
0.468723 -0.097340 0.046731 0.000000
0.522014 -0.225135 0.163251 0.000000
0.388924 0.017442 0.000507 0.000000
0.386023 0.049871 0.027963 0.000000
0.336370 -0.524652 0.194507 0.000000
0.417490 0.154129 0.185611 0.000000
0.180078 -0.273971 0.578575 0.000000
0.407689 -0.932249 0.499047 0.000000
0.040349 -0.403030 0.177808 0.000000
0.385054 0.028070 0.249947 0.000000
0.371725 -0.684131 0.344579 0.000000
0.034496 -0.425722 0.174020 0.000000
0.327680 0.073925 0.068706 0.000000
0.190991 -0.206103 -0.032383 0.000000
0.301195 -0.896032 0.226171 0.000000
0.428563 -0.984427 0.590829 0.000000
0.439864 0.025806 0.197851 0.000000
0.435952 -0.110689 0.245424 0.000000
0.189407 -0.187860 0.457043 0.000000
0.372935 -0.927370 0.204457 1.000000
0.344797 -0.408401 0.241273 0.000000
0.339510 -0.365412 0.191244 0.000000
0.199018 -0.165569 0.443374 0.000000
0.325166 -0.082469 0.180527 0.000000
0.468889 0.026949 0.142252 0.000000
0.313984 -0.892417 0.215671 0.000000
0.379827 0.459321 0.129908 0.000000
0.394301 0.394281 0.151413 0.000000
0.269377 -1.061577 0.266005 0.000000
0.445127 0.155637 0.127263 0.000000
0.435074 0.187206 0.132213 0.000000
0.344384 -0.600854 0.198470 0.000000
0.280035 -0.960547 0.236618 0.000000
0.556651 -1.250889 0.136344 1.000000
0.325888 0.203463 0.110191 0.000000
0.195887 -0.155474 0.434917 0.000000
0.303100 0.098198 0.246306 0.000000
0.297498 0.075525 0.266658 0.000000
0.384064 0.401523 0.126025 0.000000
0.372557 0.476672 0.129578 0.000000
0.248668 -0.060165 0.357190 0.000000
0.477564 0.030569 0.133784 0.000000
0.432711 -0.043476 0.216526 0.000000
0.303315 -0.977028 0.212520 0.000000
-0.006914 -0.468089 0.164431 0.000000
0.335367 -0.208225 0.197541 0.000000
0.346306 -0.335761 0.210227 0.000000
0.340345 -0.441284 0.190447 0.000000
0.362307 -0.574623 0.296335 0.000000
0.396803 -0.694908 0.366193 0.000000
0.340370 -0.859411 0.215861 0.000000
0.425288 -0.998908 0.197384 1.000000
0.398629 0.341643 0.162107 0.000000
0.131429 -0.325855 0.172036 0.000000
0.339400 0.236380 0.097497 0.000000
0.313170 0.008183 0.053737 0.000000
0.482588 0.015734 0.133694 0.000000
0.280564 -0.050387 0.171444 0.000000
0.414094 -0.953013 0.528164 0.000000
0.358354 -0.605928 0.298563 0.000000
0.371461 -0.047434 0.276230 0.000000
0.287138 -1.072036 0.253026 0.000000
0.304087 -0.887310 0.216769 0.000000
0.486816 -0.003428 0.139595 0.000000
0.263530 0.013758 0.312109 0.000000
0.602506 -1.302911 0.112577 1.000000
0.330653 0.162190 0.211483 0.000000
0.361995 -0.917174 0.221523 1.000000
0.335827 -0.392375 0.197670 0.000000
0.285259 -1.055831 0.242127 0.000000
0.418113 0.231729 0.123060 0.000000
0.267839 -1.100190 0.279395 0.000000
0.229786 -0.150262 0.145540 0.000000
0.529794 -1.160882 0.158431 1.000000
0.335970 0.248532 0.169884 0.000000
0.444894 -1.044107 0.185306 1.000000
0.389993 -0.950692 0.200546 1.000000
0.344427 0.180303 0.093651 0.000000
0.341164 -0.792181 0.218616 0.000000
0.332386 0.080624 0.182703 0.000000
0.378709 -0.937743 0.194416 1.000000
0.338546 0.180138 0.111743 0.000000
0.453863 -1.065158 0.165537 1.000000
0.454936 -0.041046 0.065991 0.000000
0.343138 0.166340 0.239285 0.000000
0.388794 0.274407 0.123201 0.000000
0.345026 0.365208 0.161405 0.000000
0.286669 -0.114915 0.015583 0.000000
0.309936 -1.087490 0.229082 0.000000
0.327049 0.083084 0.172407 0.000000
0.319635 0.283383 0.109642 0.000000
0.314984 0.102603 0.255730 0.000000
0.323188 -0.314442 0.194049 0.000000
0.324840 -0.653130 0.201284 0.000000
0.396432 0.013074 0.272510 0.000000
0.299381 -1.096501 0.235931 0.000000
0.456929 0.122321 0.125348 0.000000
0.217612 -0.096920 0.387086 0.000000
0.328173 -0.823911 0.209311 0.000000
0.390844 0.310208 0.181971 0.000000
0.514312 -1.149269 0.158841 1.000000
0.365589 -0.072691 0.285431 0.000000
0.225519 -0.181134 0.160866 0.000000
0.311027 -0.902533 0.231158 0.000000
0.441459 -0.035743 0.218335 0.000000
0.446851 0.016335 0.182974 0.000000
0.323827 0.236803 0.110208 0.000000
0.354831 -0.900471 0.214487 1.000000
0.374281 0.451321 0.139735 0.000000
0.383898 0.486291 0.119679 0.000000
0.438830 0.006126 0.197478 0.000000
0.373731 -0.570658 0.306985 0.000000
0.272205 -1.078014 0.258187 0.000000
0.386893 0.339356 0.140666 0.000000
0.326664 -0.545431 0.199502 0.000000
0.410933 0.249199 0.165785 0.000000
0.182315 -0.259648 0.562781 0.000000
0.205986 -0.104214 0.396604 0.000000
0.516540 -0.166376 0.158607 0.000000
0.342315 -0.647530 0.205599 0.000000
0.436312 -0.072274 0.229437 0.000000
0.514367 -0.178934 0.142056 0.000000
0.282106 -1.089367 0.252283 0.000000
0.300269 -0.008692 0.154502 0.000000
0.423937 -0.978999 0.573138 0.000000
0.331776 -0.506694 0.201387 0.000000
0.322031 -1.036228 0.232280 0.000000
0.454641 -0.016933 0.188413 0.000000
0.342117 0.282548 0.186665 0.000000
0.523374 -0.168545 0.150835 0.000000
0.365522 -0.735341 0.363055 0.000000
0.340532 0.198170 0.200375 0.000000
0.246307 -0.043716 0.346112 0.000000
0.509253 -1.116469 0.170866 1.000000
0.389702 0.009885 0.245658 0.000000
0.267272 -1.030975 0.246509 0.000000
0.437895 0.047060 0.198596 0.000000
0.446703 0.006102 0.083859 0.000000
0.326165 -0.602100 0.202823 0.000000
0.324099 -0.135432 0.184226 0.000000
0.327176 -0.919560 0.223865 0.000000
0.503821 -0.150412 0.164686 0.000000
0.362701 -0.913554 0.196232 1.000000
0.254135 -0.115477 0.167760 0.000000
0.268058 -0.143329 0.006014 0.000000
0.435649 0.081434 0.080430 0.000000
0.435468 0.108410 0.181533 0.000000
0.492898 -1.114677 0.159426 1.000000
0.390748 0.351165 0.159536 0.000000
0.332821 -0.251303 0.193484 0.000000
0.468118 -0.023591 0.354087 0.000000
0.390189 0.035585 0.243447 0.000000
-0.023940 -0.490522 0.156392 0.000000
0.328707 -0.838575 0.213041 0.000000
0.359216 -0.399257 0.225579 0.000000
0.039349 -0.429345 0.163091 0.000000
0.354853 -0.384625 0.223461 0.000000
0.297714 -1.094277 0.208923 0.000000
0.333086 0.167210 0.085009 0.000000
0.478574 -1.079038 0.177432 1.000000
0.348422 0.382387 0.162508 0.000000
0.203782 -0.156747 0.427363 0.000000
0.391668 0.302215 0.161326 0.000000
0.449586 0.054769 0.184563 0.000000
0.369129 -0.922624 0.179417 1.000000
0.477859 -0.023571 0.364989 0.000000
0.418437 -1.008929 0.183777 1.000000
0.180932 -0.205887 -0.041292 0.000000
0.329762 0.142581 0.080394 0.000000
0.190116 -0.193099 0.472382 0.000000
0.530538 -1.198044 0.144925 1.000000
0.307838 -0.920946 0.246623 0.000000
0.340473 -0.430387 0.183014 0.000000
0.468009 -1.084440 0.171004 1.000000
0.357951 0.285430 0.110852 0.000000
0.344362 0.215523 0.085204 0.000000
0.359322 -0.526588 0.272363 0.000000
0.175114 -0.265351 0.163281 0.000000
0.429396 0.061922 0.093858 0.000000
0.322275 -1.090150 0.241525 0.000000
0.335544 0.123606 0.146689 0.000000
0.236753 -0.169141 0.172624 0.000000
0.354660 0.072377 0.195891 0.000000
0.316018 0.088576 0.065516 0.000000
0.345016 -0.829715 0.215702 0.000000
0.413061 -0.966123 0.562936 0.000000
0.333158 -0.751798 0.210304 0.000000
0.334836 -0.805313 0.209979 0.000000
0.331229 -0.088724 0.188126 0.000000
0.341296 0.195682 0.083882 0.000000
0.327156 -0.811840 0.200743 0.000000
0.420712 0.102188 0.089534 0.000000
0.425769 -1.004555 0.172017 1.000000
0.247868 -0.167924 -0.012655 0.000000
0.396572 0.069845 0.231212 0.000000
0.375408 -0.566482 0.317721 0.000000
0.292179 -1.051002 0.238430 0.000000
0.276820 -0.058694 0.166858 0.000000
0.429666 0.127136 0.179269 0.000000
0.361474 -0.537653 0.263486 0.000000
0.331789 -0.338534 0.197238 0.000000
0.268595 -1.086607 0.275089 0.000000
0.332921 -0.421459 0.191936 0.000000
0.348115 0.347479 0.160083 0.000000
0.470356 -0.058082 0.193993 0.000000
0.337927 -0.619124 0.199066 0.000000
0.321696 -0.189966 0.191209 0.000000
0.613879 -1.328864 0.109310 1.000000
0.441233 -0.003597 0.071372 0.000000
0.369981 0.464793 0.123932 0.000000
0.296815 -1.064089 0.220738 0.000000
0.328689 -0.629696 0.207624 0.000000
0.362064 0.296869 0.104575 0.000000
0.313528 -1.123429 0.239142 0.000000
0.335920 -0.613022 0.206735 0.000000
0.373836 -0.715427 0.358542 0.000000
0.327323 -0.350658 0.225442 0.000000
-0.106258 -0.566877 0.123909 0.000000
0.355978 -0.494100 0.254833 0.000000
0.338814 -0.275976 0.196092 0.000000
0.333365 -0.744319 0.200457 0.000000
0.412320 0.199027 0.123356 0.000000
0.465713 -0.083394 0.183309 0.000000
0.297406 0.055693 0.288744 0.000000
0.334312 -0.035337 0.183475 0.000000
0.386047 0.389111 0.150275 0.000000
0.282418 0.011678 0.311137 0.000000
0.305454 0.061166 0.292498 0.000000
0.423815 0.127039 0.188525 0.000000
0.094188 -0.333800 0.175347 0.000000
0.345761 0.211946 0.102014 0.000000
0.366191 -0.579466 0.311827 0.000000
0.337235 0.212954 0.164203 0.000000
0.333460 -0.201149 0.186176 0.000000
0.150640 -0.264144 0.161367 0.000000
0.251225 -0.109624 0.148819 0.000000
0.447356 -0.017560 0.068721 0.000000
0.512943 -0.073052 0.159399 0.000000
-0.017558 -0.481263 0.158264 0.000000
0.488402 -1.128393 0.157494 1.000000
0.342040 0.252488 0.161640 0.000000
0.369747 0.369965 0.117006 0.000000
0.369415 -0.601058 0.312407 0.000000
0.415656 -0.151120 0.266202 0.000000
0.385964 0.362039 0.140896 0.000000
0.412155 -0.955862 0.568225 0.000000
0.356865 -0.352162 0.212752 0.000000
0.293937 -1.054982 0.254709 0.000000
0.356761 -0.638608 0.318522 0.000000
0.352778 0.416835 0.150461 0.000000
0.404304 0.220652 0.103306 0.000000
0.324316 -0.259295 0.194322 0.000000
0.279967 -0.970369 0.234668 0.000000
0.343019 -0.392174 0.236308 0.000000
0.181537 -0.221945 0.152939 0.000000
0.354834 0.105903 0.154595 0.000000
0.399745 0.346326 0.125078 0.000000
0.600877 -1.285387 0.124005 1.000000
0.324334 -0.030696 0.178156 0.000000
0.307758 -1.048456 0.226588 0.000000
0.337835 0.137379 0.134707 0.000000
0.431843 0.180705 0.126801 0.000000
0.408367 0.309428 0.161366 0.000000
0.297942 -0.016504 0.170112 0.000000
0.327443 -0.172615 0.181056 0.000000
0.139720 -0.222814 -0.044525 0.000000
0.386087 0.018952 0.011496 0.000000
0.019092 -0.451781 0.157923 0.000000
0.387976 -0.948325 0.228763 1.000000
0.400633 0.070175 0.029183 0.000000
0.387850 0.067810 0.036283 0.000000
0.588936 -1.293197 0.125048 1.000000
0.422148 0.156944 0.095735 0.000000
0.276766 -0.129254 0.013911 0.000000
0.369471 -0.038037 0.263418 0.000000
0.337772 0.214381 0.223459 0.000000
0.340458 -0.339799 0.220327 0.000000
0.264700 -0.085335 0.161410 0.000000
0.403686 0.467413 0.117638 0.000000
0.470553 -0.068205 0.191772 0.000000
0.375344 0.450406 0.149511 0.000000
0.361490 -0.543999 0.283729 0.000000
0.354297 0.068930 0.204684 0.000000
0.365305 -0.587294 0.304511 0.000000
0.267921 0.023002 0.305986 0.000000
0.317627 -0.861673 0.220140 0.000000
0.245510 -0.015283 0.334107 0.000000
0.360580 -0.533849 0.295421 0.000000
0.386897 0.378216 0.151441 0.000000
0.332090 -0.453653 0.190380 0.000000
0.325767 -0.583970 0.192575 0.000000
0.302674 -0.942817 0.238678 0.000000
0.434553 -1.012425 0.184976 1.000000
0.523334 -0.247234 0.177370 0.000000
0.263854 -1.042558 0.247800 0.000000
-0.035996 -0.500826 0.144137 0.000000
0.357691 -0.622805 0.306224 0.000000
0.523481 -0.193120 0.139208 0.000000
0.220056 -0.059837 0.362442 0.000000
0.382032 -0.917520 0.491157 0.000000
0.396133 0.168341 0.077680 0.000000
0.398916 -0.788768 0.401912 0.000000
0.304108 -0.999564 0.226103 0.000000
0.429166 0.094450 0.194319 0.000000
0.506420 -0.166985 0.156376 0.000000
0.379666 0.421958 0.147837 0.000000
0.321685 -1.135606 0.242229 0.000000
0.313827 -1.075241 0.242823 0.000000
0.332645 0.173345 0.210662 0.000000
0.627248 -1.341282 0.119464 1.000000
0.317210 -0.892870 0.237091 0.000000
0.079590 -0.246589 -0.044106 0.000000
0.531218 -0.198388 0.163314 0.000000
0.369817 -0.611664 0.324290 0.000000
0.438476 -0.014319 0.324816 0.000000
0.388822 0.383808 0.126153 0.000000
0.344175 -0.893148 0.227267 0.000000
0.388132 0.317220 0.137675 0.000000
0.339604 -0.636049 0.194574 0.000000
0.365970 -0.525500 0.294643 0.000000
0.435070 0.170584 0.126961 0.000000
0.271455 -0.069350 0.157497 0.000000
-0.001113 -0.477111 0.144597 0.000000
0.284202 -1.017476 0.249703 0.000000
0.314920 -0.970922 0.211015 0.000000
0.304619 -1.003449 0.205877 0.000000
0.273370 -1.129528 0.250780 0.000000
0.404305 -0.939341 0.505135 0.000000
0.527285 -0.259533 0.182483 0.000000
0.339567 0.199355 0.220323 0.000000
0.301276 -0.925327 0.229086 0.000000
0.371617 -0.630159 0.323629 0.000000
0.394864 -0.923207 0.494027 0.000000
0.376732 -0.586670 0.317628 0.000000
0.379743 -0.661659 0.341233 0.000000
0.398177 0.111215 0.230060 0.000000
0.232970 -0.108217 0.383688 0.000000
0.397924 0.255326 0.105545 0.000000
0.429185 0.142803 0.175714 0.000000
0.336827 -0.348817 0.184833 0.000000
0.380992 -0.003797 0.244614 0.000000
0.514853 -0.096081 0.140151 0.000000
0.411414 0.144597 0.102546 0.000000
0.609356 -1.315454 0.116319 1.000000
0.198589 -0.118426 0.409625 0.000000
0.323938 0.138953 0.229950 0.000000
0.311515 -1.071986 0.225893 0.000000
0.440906 -0.052930 0.224549 0.000000
0.235566 -0.134542 0.152389 0.000000
0.340352 -0.258994 0.188781 0.000000
0.284586 -1.070754 0.235492 0.000000
0.332178 0.392440 0.135117 0.000000
0.458825 -1.055428 0.175920 1.000000
0.350170 0.253498 0.095626 0.000000
0.441342 0.018305 0.205962 0.000000
0.336184 -0.520036 0.206347 0.000000
0.378300 -0.770121 0.385305 0.000000
0.500317 -1.121374 0.169850 1.000000
0.367215 0.344269 0.112246 0.000000
0.212578 -0.114013 0.390103 0.000000
0.546423 -0.123143 0.113034 0.000000
0.354673 -0.422430 0.242258 0.000000
0.526665 -0.143826 0.143415 0.000000
0.576450 -1.281387 0.127867 1.000000
0.336960 -0.679537 0.209398 0.000000
0.098333 -0.236138 -0.042568 0.000000
0.508151 -1.133499 0.169284 1.000000
0.475807 -0.106476 0.050853 0.000000
0.405272 0.006334 0.289591 0.000000
0.383005 0.314149 0.123740 0.000000
0.383974 -0.009057 -0.007174 0.000000
0.165393 -0.260029 0.162345 0.000000
0.437576 0.024660 0.073318 0.000000
0.236791 -0.155372 0.161354 0.000000
0.332659 -0.322073 0.194085 0.000000
0.398380 0.234671 0.206062 0.000000
0.334887 -0.293509 0.195073 0.000000
0.342132 -0.358705 0.223744 0.000000
0.241617 -0.136554 0.144922 0.000000
0.365201 -0.626468 0.315759 0.000000
0.343797 -0.835659 0.206764 0.000000
0.244592 -0.028573 0.341756 0.000000
0.530497 -0.166209 0.160055 0.000000
0.298846 -1.065256 0.234678 0.000000
0.394903 0.157681 0.073145 0.000000
0.436226 0.034757 0.075976 0.000000
0.437993 0.084609 0.187811 0.000000
0.344141 0.090150 0.180011 0.000000
0.395582 0.294087 0.159038 0.000000
0.263368 -1.129508 0.241974 0.000000
0.430964 -0.113285 0.238661 0.000000
0.585085 -1.283853 0.126401 1.000000
0.375494 -0.031656 -0.025488 0.000000
0.521612 -0.127562 0.146615 0.000000
0.398144 0.196886 0.096699 0.000000
0.342939 -0.419811 0.253469 0.000000
0.268801 -0.076843 0.167357 0.000000
0.488417 -0.041574 0.105000 0.000000
0.374488 0.392710 0.119999 0.000000
0.317131 0.018688 0.057707 0.000000
0.072965 -0.365967 0.176324 0.000000
0.415427 0.113027 0.092404 0.000000
0.425723 -0.998221 0.186068 1.000000
0.282672 0.048165 0.288849 0.000000
0.438808 0.071084 0.084471 0.000000
0.350421 0.403950 0.163158 0.000000
0.412753 0.234421 0.167098 0.000000
0.276890 -0.131633 -0.006125 0.000000
0.282379 -1.044046 0.248582 0.000000
0.334475 -0.664523 0.204018 0.000000
0.532327 -1.170787 0.160087 1.000000
0.481629 -0.031414 0.118664 0.000000
0.289176 -1.008413 0.240005 0.000000
0.404757 -0.954474 0.529923 0.000000
0.330211 -0.128470 0.181781 0.000000
0.322488 0.059028 0.068453 0.000000
0.447488 -0.015509 0.336196 0.000000
0.321861 0.132879 0.176510 0.000000
0.336918 -0.177240 0.189597 0.000000
0.333898 0.152813 0.241131 0.000000
0.395293 0.257479 0.190208 0.000000
0.358594 -0.697339 0.335671 0.000000
0.325370 0.073021 0.169200 0.000000
0.369654 0.485830 0.126647 0.000000
0.577096 -1.267368 0.129099 1.000000
0.368259 0.434107 0.124341 0.000000
0.230583 -0.166485 0.159228 0.000000
0.143284 -0.278442 0.164752 0.000000
0.418088 0.222582 0.123208 0.000000
0.415724 0.172781 0.095865 0.000000
0.251909 -0.129046 0.172995 0.000000
0.422339 -0.999411 0.213372 1.000000
0.327475 -0.756098 0.201545 0.000000
0.442076 0.067780 0.184233 0.000000
0.257244 -0.020011 0.335367 0.000000
0.423082 0.090683 0.088310 0.000000
0.293289 0.041282 0.297862 0.000000
0.248211 -1.061677 0.243743 0.000000
0.438273 -1.034066 0.187133 1.000000
0.340245 0.159609 0.121304 0.000000
0.348805 0.079142 0.189666 0.000000
0.341517 0.333206 0.158995 0.000000
0.340207 -0.634286 0.208786 0.000000
0.296895 -0.917562 0.225490 0.000000
0.351895 0.450184 0.158773 0.000000
0.303148 -1.034777 0.220273 0.000000
0.471736 0.051917 0.132671 0.000000
0.386899 0.350091 0.151811 0.000000
0.408849 -0.962117 0.545785 0.000000
0.563345 -0.048132 0.436567 0.000000
0.277810 -1.053486 0.267266 0.000000
0.188106 -0.225061 0.516029 0.000000
0.347127 -0.349252 0.215010 0.000000
0.325425 -0.286850 0.193758 0.000000
0.281010 -1.100505 0.251925 0.000000
0.410952 0.196362 0.176485 0.000000
0.253717 -0.099900 0.140346 0.000000
0.339900 -0.604579 0.188585 0.000000
0.331772 -0.632980 0.192474 0.000000
0.444315 -1.035622 0.159771 1.000000
0.365068 0.442729 0.121175 0.000000
0.055868 -0.410752 0.166032 0.000000
0.382913 0.417607 0.129069 0.000000
0.490207 -0.026026 0.141921 0.000000
0.468864 0.069031 0.130921 0.000000
0.318283 -0.924914 0.211219 0.000000
0.386967 0.453993 0.150632 0.000000
0.344636 -0.377173 0.231647 0.000000
0.494515 -0.058758 0.105949 0.000000
0.374175 0.039881 0.242086 0.000000
0.425706 0.171081 0.172236 0.000000
0.004893 -0.462208 0.155242 0.000000
0.565222 -1.234880 0.135950 1.000000
0.513576 -1.139768 0.162429 1.000000
0.388911 -0.908082 0.481474 0.000000
0.275506 -1.072940 0.243768 0.000000
0.481647 -1.070763 0.192407 1.000000
0.430653 -0.994488 0.204619 1.000000
0.298672 -0.881818 0.220655 0.000000
0.444739 0.006580 0.217787 0.000000
0.255165 -0.105849 0.157986 0.000000
0.268086 -1.079994 0.265509 0.000000
0.347758 0.415362 0.119558 0.000000
0.300040 -1.039963 0.229573 0.000000
0.367781 -0.639669 0.325796 0.000000
0.294715 -0.948578 0.239575 0.000000
0.186852 -0.233134 0.160251 0.000000
0.329476 -0.563352 0.190866 0.000000
0.403860 0.240270 0.109216 0.000000
0.464627 -0.073930 0.058428 0.000000
0.375198 0.355884 0.116817 0.000000
0.392054 0.208458 0.099693 0.000000
0.332024 -0.671644 0.199129 0.000000
0.398069 0.202071 0.216583 0.000000
0.322184 -0.890285 0.207827 0.000000
0.294021 -1.086778 0.214104 0.000000
0.336503 -0.786560 0.200429 0.000000
0.474032 -0.089918 0.184496 0.000000
0.186176 -0.249037 0.549619 0.000000
0.520486 -1.162301 0.149491 1.000000
0.334562 -0.488137 0.190837 0.000000
0.336540 -0.168653 0.189070 0.000000
0.350786 -0.431466 0.249267 0.000000
0.492504 -0.148659 0.031666 0.000000
0.329089 0.102650 0.074438 0.000000
0.379716 0.032616 0.256504 0.000000
0.328530 -0.474268 0.199925 0.000000
0.338251 0.237528 0.157658 0.000000
0.304874 0.070482 0.283086 0.000000
0.457925 -0.033404 0.189025 0.000000
0.015812 -0.459705 0.158244 0.000000
0.396290 0.331694 0.160344 0.000000
0.289516 -0.942811 0.223401 0.000000
0.251876 -0.161402 -0.016842 0.000000
0.602651 -0.157536 0.108745 0.000000
0.524922 -0.137407 0.153453 0.000000
0.427545 0.155427 0.124124 0.000000
0.379826 0.354534 0.146845 0.000000
0.288574 -0.961561 0.244561 0.000000
0.471179 -1.062849 0.184935 1.000000
0.344313 0.220270 0.097136 0.000000
0.341209 0.303398 0.168265 0.000000
0.342916 0.146140 0.128224 0.000000
0.351482 -0.405204 0.233877 0.000000
0.074917 -0.385984 0.161730 0.000000
0.342291 0.205766 0.205781 0.000000
0.347156 -0.324459 0.206530 0.000000
0.347002 0.255239 0.186440 0.000000
0.013022 -0.446956 0.162528 0.000000
0.327916 -0.369447 0.187061 0.000000
0.335741 -0.543984 0.195092 0.000000
0.411063 0.190654 0.120858 0.000000
0.329359 0.243253 0.111057 0.000000
0.434406 0.147107 0.124318 0.000000
0.293871 -1.031742 0.213598 0.000000
0.187918 -0.215547 0.504248 0.000000
0.204743 -0.184209 0.143908 0.000000
0.423283 0.142950 0.184323 0.000000
0.469493 -0.001677 0.113486 0.000000
0.300751 -0.960318 0.221943 0.000000
0.454864 0.108924 0.133730 0.000000
0.397880 0.085211 0.228943 0.000000
0.333858 -0.688775 0.201249 0.000000
0.447978 -1.032281 0.168374 1.000000
0.187718 -0.160128 0.441902 0.000000
0.326434 -0.040004 0.175647 0.000000
0.345524 0.380255 0.153656 0.000000
0.507748 -0.258923 -0.059622 0.000000
0.333476 -0.376986 0.191956 0.000000
0.327669 0.133699 0.073812 0.000000
0.385662 -0.018083 0.250252 0.000000
0.350728 0.097219 0.166642 0.000000
0.394343 -0.724358 0.370785 0.000000
0.300375 0.063296 0.276037 0.000000
-0.085453 -0.557154 0.134475 0.000000
0.326376 -0.852800 0.213662 0.000000
0.331764 0.310448 0.105347 0.000000
0.320598 -1.107111 0.237979 0.000000
0.329311 -0.792620 0.203070 0.000000
0.305871 0.003892 0.054114 0.000000
0.528004 -0.205755 0.160625 0.000000
0.374299 0.467952 0.141297 0.000000
0.292058 -0.091552 0.027289 0.000000
0.512827 -0.087239 0.151644 0.000000
0.425577 0.144966 0.128142 0.000000
0.331614 -0.588297 0.204096 0.000000
0.342001 0.221930 0.210400 0.000000
0.365190 -0.618519 0.311982 0.000000
0.436376 0.096271 0.184571 0.000000
0.504279 -0.076090 0.156395 0.000000
0.390181 -0.952163 0.185063 1.000000
0.335964 -0.416337 0.199986 0.000000
0.341729 -0.751889 0.207134 0.000000
0.441398 0.082173 0.123331 0.000000
0.346151 0.310465 0.163241 0.000000
0.324134 -0.003496 0.176420 0.000000
0.394300 0.061840 0.227613 0.000000
0.331747 -0.263290 0.194005 0.000000
0.247388 -0.120324 0.153998 0.000000
0.391849 0.295657 0.119050 0.000000
0.298312 -1.015139 0.217421 0.000000
0.385940 0.437693 0.145421 0.000000
0.301393 0.000165 0.166422 0.000000
0.382668 -0.733224 0.372350 0.000000
0.353092 -0.446358 0.254244 0.000000
0.353629 -0.451612 0.275542 0.000000
0.229537 -0.191771 -0.022049 0.000000
-0.080474 -0.543980 0.132403 0.000000
0.380218 0.317393 0.115443 0.000000
0.405642 0.319019 0.164698 0.000000
0.441979 0.051228 0.175411 0.000000
0.330415 0.189490 0.115059 0.000000
0.484492 -0.115634 0.046653 0.000000
0.338995 -0.680992 0.196536 0.000000
0.307688 0.076165 0.276600 0.000000
0.531722 -1.178723 0.150178 1.000000
0.253727 -0.053748 0.349594 0.000000
-0.073703 -0.536530 0.135669 0.000000
0.328974 -0.887710 0.215217 0.000000
0.373689 -0.655367 0.342439 0.000000
0.341554 -0.825145 0.205181 0.000000
0.246934 -0.132124 0.163390 0.000000
0.363410 -0.562036 0.287197 0.000000
0.525410 -0.231350 0.169072 0.000000
0.333192 -0.120607 0.186971 0.000000
0.340653 0.169574 0.088544 0.000000
-0.057181 -0.515683 0.136283 0.000000
0.334874 0.256732 0.163233 0.000000
0.453261 -1.043980 0.183041 1.000000
0.568239 -1.279909 0.128708 1.000000
0.361882 0.425539 0.120926 0.000000
0.500867 -0.157122 0.160625 0.000000
0.331983 -0.217348 0.190058 0.000000
0.309524 0.087815 0.265222 0.000000
0.162531 -0.210532 -0.037732 0.000000
0.381434 -0.019293 -0.014269 0.000000
0.401338 -0.962657 0.173622 1.000000
0.304698 -0.004957 0.148461 0.000000
0.472608 -1.091289 0.167601 1.000000
0.333118 0.161564 0.225604 0.000000
0.398574 0.097437 0.046688 0.000000
0.275111 -1.071964 0.252987 0.000000
0.426420 0.110147 0.189024 0.000000
0.404427 0.181499 0.211280 0.000000
0.333432 -0.739390 0.214297 0.000000
0.399306 0.180592 0.090068 0.000000
0.355398 -0.463869 0.250851 0.000000
0.397145 0.056074 0.026790 0.000000
0.152402 -0.292297 0.167312 0.000000
0.307193 -0.910903 0.241077 0.000000
0.380219 -0.619679 0.329039 0.000000
0.194849 -0.198370 -0.030544 0.000000
0.488129 -0.038090 0.156314 0.000000
0.402560 0.271657 0.167279 0.000000
0.445032 0.034942 0.182016 0.000000
0.505170 -0.059874 0.133586 0.000000
0.400055 -0.920833 0.486839 0.000000
0.312535 0.028544 0.176274 0.000000
0.282872 -0.042797 0.146776 0.000000
0.333475 -0.379119 0.237769 0.000000
0.375173 0.437880 0.150217 0.000000
0.297208 -1.029295 0.231006 0.000000
0.408625 0.006073 0.303721 0.000000
0.334890 -0.495422 0.199059 0.000000
0.400687 0.208071 0.102563 0.000000
0.342781 -0.517715 0.194546 0.000000
0.416523 0.190865 0.133266 0.000000
0.086505 -0.384787 0.164878 0.000000
0.330396 -0.763648 0.215447 0.000000
0.408288 0.186521 0.182660 0.000000
0.322722 0.029599 0.174052 0.000000
0.344650 -0.624003 0.198779 0.000000
0.515368 -0.091761 0.120038 0.000000
0.447246 -1.027357 0.191878 1.000000
0.509090 -1.125121 0.175287 1.000000
0.428193 0.154471 0.174000 0.000000
0.258777 -0.094000 0.147232 0.000000
0.327492 -0.232131 0.194534 0.000000
0.260732 -0.097559 0.168192 0.000000
0.325874 -0.779013 0.205377 0.000000
0.475973 -0.017019 0.111444 0.000000
0.218578 -0.196105 -0.023607 0.000000
0.388536 0.141904 0.064098 0.000000
0.332028 0.159656 0.122845 0.000000
0.338807 -0.506510 0.183485 0.000000
0.475844 -1.087358 0.159212 1.000000
0.513253 -0.117414 0.143893 0.000000
0.327157 -0.686564 0.196008 0.000000
0.187022 -0.232074 0.528266 0.000000
0.331870 0.125895 0.169359 0.000000
0.330966 -0.280966 0.191969 0.000000
0.311880 -0.964611 0.206063 0.000000
0.336504 0.071198 0.064573 0.000000
0.392922 0.280787 0.160921 0.000000
0.388361 -0.902983 0.474981 0.000000
0.337736 0.229713 0.106662 0.000000
0.355609 -0.474176 0.265669 0.000000
0.390873 0.030852 0.011840 0.000000
0.264396 -0.086043 0.178155 0.000000
0.306058 0.045357 0.060106 0.000000
0.411920 0.265508 0.121800 0.000000
0.315034 0.019988 0.159094 0.000000
0.395565 0.024075 0.245126 0.000000
-0.054795 -0.511843 0.150760 0.000000
0.459097 -0.053516 0.063812 0.000000
0.240863 -0.058355 0.355164 0.000000
0.280029 -0.947602 0.235450 0.000000
0.378707 -0.888678 0.451611 0.000000
0.189288 -0.212140 0.496154 0.000000
0.522140 -0.252925 0.183937 0.000000
0.327873 -0.247614 0.198963 0.000000
0.334394 -0.468087 0.191285 0.000000
0.313812 -0.980443 0.228316 0.000000
0.291474 -0.929016 0.240017 0.000000
0.334677 0.207414 0.170877 0.000000
0.281838 -1.057335 0.250665 0.000000
0.398677 0.283484 0.191371 0.000000
0.414000 0.188048 0.104449 0.000000
0.336697 -0.822506 0.214041 0.000000
0.477842 0.012362 0.139773 0.000000
0.327134 0.169759 0.118999 0.000000
0.588971 -0.141650 0.116708 0.000000
0.400757 0.137884 0.223013 0.000000
0.435593 -0.978011 0.601397 0.000000
0.457234 -1.062063 0.180798 1.000000
0.338819 -0.848323 0.204575 0.000000
0.252961 -0.045924 0.357168 0.000000
0.528996 -0.131021 0.156674 0.000000
0.327324 0.057736 0.178231 0.000000
0.370576 0.349578 0.121887 0.000000
0.325560 -0.058267 0.184617 0.000000
0.288418 -1.068461 0.244161 0.000000
0.312758 -0.903186 0.211149 0.000000
0.026360 -0.430549 0.167827 0.000000
0.393149 -0.948133 0.174415 1.000000
0.524360 -1.140004 0.168275 1.000000
0.199001 -0.200110 -0.039298 0.000000
0.326343 -0.740556 0.202479 0.000000
0.428710 -0.993601 0.213808 1.000000
0.305079 -0.888588 0.226675 0.000000
0.332289 0.207412 0.159566 0.000000
0.561991 -0.128563 0.119378 0.000000
0.324567 -0.562804 0.197421 0.000000
0.393044 -0.960161 0.185633 1.000000
0.300989 -1.043439 0.211438 0.000000
0.381033 -0.629764 0.333987 0.000000
0.337909 -0.511572 0.205134 0.000000
0.285272 -0.954236 0.236465 0.000000
0.333767 -0.051706 0.181083 0.000000
0.199032 -0.142467 0.423110 0.000000
0.331778 -0.354337 0.192536 0.000000
0.336385 0.144133 0.172125 0.000000
0.395701 0.275016 0.192108 0.000000
0.331647 0.153887 0.232578 0.000000
0.358434 -0.524546 0.280372 0.000000
0.381122 -0.943017 0.207482 1.000000
0.340600 0.293049 0.159165 0.000000
0.418734 -0.962057 0.574231 0.000000
0.474427 -0.016745 0.368983 0.000000
0.497891 -1.133741 0.159623 1.000000
0.325479 -0.439060 0.194864 0.000000
0.336257 -0.601297 0.197701 0.000000
0.317175 -1.038507 0.226112 0.000000
0.325532 -0.939306 0.224722 0.000000
0.293339 -0.022624 0.160334 0.000000
0.120369 -0.337427 0.168966 0.000000
0.329308 0.013852 0.177308 0.000000
0.394855 0.258816 0.201616 0.000000
0.503264 -0.166086 0.015902 0.000000
0.369926 0.479821 0.120628 0.000000
0.479461 -1.099691 0.161674 1.000000
0.448850 0.148759 0.124946 0.000000
0.333967 -0.487293 0.182736 0.000000
0.101883 -0.318336 0.173631 0.000000
0.398625 0.127429 0.227206 0.000000
0.391480 0.177175 0.088024 0.000000
0.451903 0.000577 0.188477 0.000000
0.337046 -0.384361 0.243901 0.000000
0.334042 -0.873288 0.210283 0.000000
0.386618 0.411248 0.154492 0.000000
0.396371 0.271254 0.113982 0.000000
0.350689 0.244538 0.104026 0.000000
0.340934 0.236060 0.209222 0.000000
0.399383 -0.903218 0.464840 0.000000
0.462690 -0.043150 0.192478 0.000000
0.418785 -0.970256 0.585614 0.000000
0.370221 0.048748 0.223364 0.000000
0.319804 -1.098227 0.235740 0.000000
0.332061 -0.271409 0.196403 0.000000
0.531196 -0.194056 0.156428 0.000000
0.595051 -1.292319 0.118113 1.000000
0.313534 -0.922869 0.204940 0.000000
0.315027 -0.857342 0.226786 0.000000
0.334138 -0.147224 0.184810 0.000000
0.322540 0.183228 0.115871 0.000000
0.344693 0.226492 0.103367 0.000000
0.502565 -0.061766 0.151395 0.000000
0.348938 0.446837 0.149028 0.000000
0.330115 -0.355723 0.237214 0.000000
-0.045469 -0.510765 0.139388 0.000000
0.522745 -0.038953 0.401032 0.000000
0.257744 -0.107149 0.177619 0.000000
0.518241 -0.271997 0.189024 0.000000
0.444702 0.045294 0.184228 0.000000
0.463209 0.043329 0.144491 0.000000
0.300636 -0.050476 0.039357 0.000000
0.322826 0.124719 0.243905 0.000000
0.323788 0.267165 0.108214 0.000000
0.331678 -0.390133 0.191057 0.000000
0.356001 -0.420392 0.233929 0.000000
0.338443 -0.384414 0.190755 0.000000
0.435216 -0.065609 0.220396 0.000000
-0.065131 -0.529583 0.132904 0.000000
-0.063299 -0.524983 0.139618 0.000000
0.144109 -0.269282 0.161838 0.000000
0.210968 -0.152322 0.416395 0.000000
0.272474 -1.061537 0.251023 0.000000
0.332207 0.150988 0.079812 0.000000
0.226571 -0.183663 0.168870 0.000000
0.463635 0.102181 0.126213 0.000000
0.419578 0.219158 0.166652 0.000000
0.351110 0.476724 0.148039 0.000000
0.329121 0.040437 0.182062 0.000000
0.346485 -0.334553 0.200944 0.000000
0.484473 -0.129978 0.173156 0.000000
0.393377 -0.782871 0.401811 0.000000
0.445938 0.124338 0.127857 0.000000
0.390677 0.106159 0.050647 0.000000
0.514142 -1.164952 0.142980 1.000000
0.464743 0.020031 0.141632 0.000000
0.292204 -1.072188 0.210346 0.000000
0.471042 -1.074529 0.161897 1.000000
0.277827 -0.960933 0.228445 0.000000
0.323513 0.160961 0.166118 0.000000
0.337395 0.185894 0.235677 0.000000
0.334907 -0.650120 0.197994 0.000000
0.370948 -0.050822 -0.026449 0.000000
0.412580 -0.956981 0.558495 0.000000
0.218186 -0.172668 0.148706 0.000000
0.372949 0.472371 0.119883 0.000000
0.368568 -0.923210 0.188180 1.000000
0.365522 -0.517322 0.293769 0.000000
0.422485 0.204094 0.121861 0.000000
0.408982 0.304386 0.154842 0.000000
0.443310 -1.021691 0.196741 1.000000
0.214103 -0.134742 0.407591 0.000000
0.344324 0.216043 0.199230 0.000000
0.439779 0.161937 0.126862 0.000000
0.376866 -0.708090 0.357140 0.000000
0.261640 -0.010282 0.330576 0.000000
0.217755 -0.196050 0.161169 0.000000
0.328686 -0.430945 0.198511 0.000000
0.420217 -0.979032 0.580278 0.000000
0.348148 -0.684644 0.200297 0.000000
0.335295 -0.767367 0.207880 0.000000
0.343929 -0.876370 0.203608 1.000000
-0.015269 -0.469633 0.153105 0.000000
0.324403 -0.103147 0.187115 0.000000
0.448438 -0.025347 0.065997 0.000000
0.396949 0.204040 0.087208 0.000000
0.357836 -0.907334 0.210709 1.000000
0.323358 0.220266 0.113527 0.000000
0.440780 0.010199 0.074290 0.000000
0.615035 -1.327521 0.117296 1.000000
0.396962 -0.963254 0.205853 1.000000
0.137659 -0.314273 0.168287 0.000000
0.381758 -0.943261 0.187367 1.000000
0.446501 0.044811 0.119937 0.000000
0.485762 -0.026384 0.371145 0.000000
0.032450 -0.425507 0.164493 0.000000
0.413720 0.155210 0.095877 0.000000
0.319628 -0.951777 0.222839 0.000000
0.326887 0.167361 0.170734 0.000000
0.357162 -0.452675 0.241844 0.000000
0.398336 -0.937806 0.515109 0.000000
0.332667 -0.512898 0.182414 0.000000
0.294671 -1.036526 0.236759 0.000000
0.355105 -0.911431 0.225803 1.000000
0.277506 -1.054695 0.243752 0.000000
0.205309 -0.197266 0.153018 0.000000
0.107792 -0.328728 0.172627 0.000000
0.318094 0.100829 0.262879 0.000000
0.366982 0.426175 0.113287 0.000000
0.299033 -0.921924 0.241444 0.000000
0.401852 0.195518 0.213815 0.000000
0.500298 -0.270141 -0.072216 0.000000
0.326565 0.307053 0.113378 0.000000
0.565612 -1.227588 0.139670 1.000000
0.291542 0.061028 0.279241 0.000000
0.338633 -0.300341 0.196809 0.000000
0.419726 0.243088 0.132836 0.000000
0.385947 0.003967 0.004291 0.000000
0.082536 -0.351415 0.176676 0.000000
0.438484 0.115737 0.125437 0.000000
-0.126154 -0.591584 0.129479 0.000000
0.106140 -0.351489 0.165493 0.000000
0.395357 0.312029 0.130350 0.000000
0.078424 -0.384338 0.168695 0.000000
0.337011 0.312790 0.166591 0.000000
0.401344 0.149262 0.219048 0.000000
0.296050 -0.092835 0.036744 0.000000
0.344902 0.232533 0.195814 0.000000
0.101453 -0.241308 -0.047754 0.000000
0.334004 -0.477762 0.204525 0.000000
0.300933 -0.949978 0.233823 0.000000
0.343749 0.386335 0.127597 0.000000
0.420222 0.123784 0.195259 0.000000
0.385809 0.017331 0.247854 0.000000
0.346989 0.297723 0.176684 0.000000
0.335029 -0.193678 0.188378 0.000000
0.324693 -0.162579 0.184669 0.000000
0.298897 -1.078426 0.234097 0.000000
0.496481 -1.123667 0.152689 1.000000
0.552812 -1.199387 0.146210 1.000000
0.288483 -0.033144 0.161751 0.000000
0.375947 -0.933668 0.200707 1.000000
0.331460 -0.609706 0.201089 0.000000
0.282251 -0.986826 0.241334 0.000000
0.206309 -0.114294 0.398189 0.000000
0.442220 -1.042072 0.171907 1.000000
0.332847 0.126156 0.078621 0.000000
0.328673 0.097444 0.169001 0.000000
0.361717 -0.908867 0.189925 1.000000
0.337976 -0.789080 0.210890 0.000000
0.383019 0.286955 0.123846 0.000000
0.553181 -0.043378 0.425307 0.000000
0.278508 -0.996585 0.238306 0.000000
0.334534 -0.496046 0.191148 0.000000
0.357215 -0.538817 0.287911 0.000000
0.481643 -0.013489 0.148684 0.000000
0.374591 0.435654 0.116839 0.000000
0.457664 -0.055684 0.186166 0.000000
0.420532 -0.965220 0.565349 0.000000
0.180057 -0.264035 0.570165 0.000000
0.517252 -0.104042 0.149068 0.000000
0.365913 -0.660093 0.330661 0.000000
0.343025 -0.696911 0.200819 0.000000
0.537193 -1.187784 0.146172 1.000000
0.337707 -0.714282 0.213566 0.000000
0.337419 -0.557064 0.194060 0.000000
0.342706 -0.810278 0.212063 0.000000
0.334051 -0.446998 0.195476 0.000000
0.387076 -0.822774 0.414896 0.000000
0.326558 -0.656592 0.208162 0.000000
0.425630 0.108962 0.121001 0.000000
0.303527 -1.016528 0.235346 0.000000
0.276564 -0.057105 0.148258 0.000000
-0.079298 -0.547970 0.139846 0.000000
0.298281 -1.099011 0.225711 0.000000
0.398497 0.116790 0.056583 0.000000
0.321528 -0.318891 0.214253 0.000000
0.473209 -0.081012 0.060804 0.000000
0.311669 -1.030478 0.233648 0.000000
0.328666 -0.481510 0.187912 0.000000
0.241474 -0.020864 0.337911 0.000000
0.477789 -0.001963 0.142049 0.000000
0.346669 -0.416409 0.242140 0.000000
0.387991 0.041528 0.235883 0.000000
0.329782 -0.559317 0.205373 0.000000
0.344037 -0.727340 0.205962 0.000000
0.269280 0.001945 0.319392 0.000000
0.292540 -0.075593 0.040816 0.000000
0.359500 -0.497370 0.279987 0.000000
0.328696 -0.168936 0.189431 0.000000
0.220558 -0.113406 0.393085 0.000000
0.327069 -0.641076 0.205435 0.000000
0.329183 -0.666476 0.209479 0.000000
0.344334 -0.547558 0.196428 0.000000
0.481161 0.045858 0.132923 0.000000
0.304575 -0.935355 0.234607 0.000000
0.494323 -1.114235 0.168201 1.000000
0.229448 -0.183958 -0.021310 0.000000
0.475923 -1.085857 0.172748 1.000000
0.301185 -1.004192 0.215577 0.000000
0.464116 -1.064301 0.167253 1.000000
0.430389 -0.101640 0.239232 0.000000
0.421962 -0.127562 0.248979 0.000000
0.340212 -0.655283 0.205937 0.000000
0.281270 -1.052101 0.256527 0.000000
0.327646 0.128488 0.162461 0.000000
0.326074 0.112551 0.263333 0.000000
0.329651 -0.072150 0.180587 0.000000
0.331298 -0.984318 0.226222 0.000000
0.397392 0.305349 0.165656 0.000000
0.332342 -0.813786 0.220053 0.000000
0.438809 -0.012428 0.202037 0.000000
0.445442 -0.024147 0.218159 0.000000
0.391042 0.091402 0.044780 0.000000
0.638458 -0.167290 0.098103 0.000000
0.398095 -0.773541 0.394100 0.000000
0.340660 0.366929 0.115591 0.000000
0.344277 0.405087 0.135249 0.000000
0.331560 -0.139389 0.190629 0.000000
0.530440 -0.244127 0.176367 0.000000
0.313736 0.074771 0.065365 0.000000
0.437431 0.089506 0.172569 0.000000
0.355650 0.084460 0.176639 0.000000
0.360751 -0.522797 0.255014 0.000000
0.174638 -0.265553 0.173513 0.000000
0.225640 -0.065709 0.369876 0.000000
0.508233 -0.168534 0.007282 0.000000
0.417640 -0.999438 0.200918 1.000000
0.338776 -0.397633 0.190249 0.000000
0.369614 -0.051010 -0.035010 0.000000
0.337636 0.066924 0.071009 0.000000
0.342378 -0.802319 0.208209 0.000000
0.392615 0.093949 0.227514 0.000000
0.334602 -0.834397 0.201623 0.000000
0.399947 -0.931515 0.499666 0.000000
0.341890 0.312844 0.155678 0.000000
0.283597 -1.116157 0.255289 0.000000
0.419152 0.205768 0.169287 0.000000
0.348943 0.270691 0.176785 0.000000
0.320748 -0.882685 0.206872 0.000000
0.204838 -0.222737 0.171460 0.000000
0.301971 -0.992371 0.231729 0.000000
0.097559 -0.365801 0.167493 0.000000
0.335758 0.179016 0.220264 0.000000
0.594245 -1.304500 0.117529 1.000000
0.323583 -0.970179 0.232968 0.000000
0.412190 0.154751 0.191280 0.000000
0.296298 -0.013897 0.161252 0.000000
0.269858 -1.052522 0.242251 0.000000
0.336505 0.128683 0.255896 0.000000
0.339799 0.244587 0.206962 0.000000
0.377113 0.477653 0.151193 0.000000
0.330123 0.110792 0.075260 0.000000
0.334943 -0.744207 0.208380 0.000000
0.238221 -0.101904 0.380777 0.000000
0.330501 0.079235 0.074606 0.000000
-0.048207 -0.515945 0.150345 0.000000
0.377415 -0.938307 0.217561 1.000000
0.345840 -0.823986 0.220885 0.000000
0.434150 0.078753 0.184456 0.000000
0.409955 -0.182130 0.281124 0.000000
0.319518 -0.003658 0.046752 0.000000
0.408806 -0.171426 0.277034 0.000000
0.402765 0.077040 0.228593 0.000000
0.391073 0.366403 0.158935 0.000000
0.403556 0.264659 0.193691 0.000000
0.306548 -0.920506 0.238992 0.000000
0.334062 -0.797017 0.208007 0.000000
0.326898 -0.594363 0.205092 0.000000
0.294251 -0.992324 0.216300 0.000000
0.351505 -0.438448 0.255401 0.000000
0.308522 -0.895491 0.235437 0.000000
0.289121 -0.106026 0.011633 0.000000
0.425242 0.216796 0.128418 0.000000
0.198932 -0.190544 0.460438 0.000000
0.333135 -0.411133 0.193417 0.000000
0.352766 -0.477502 0.253799 0.000000
0.321587 -0.843655 0.213904 0.000000
0.372331 -0.929302 0.214193 1.000000
0.201662 -0.131296 0.414701 0.000000
0.302029 -1.016748 0.207957 0.000000
0.490451 -0.115106 0.180103 0.000000
0.437204 -0.988747 0.607215 0.000000
0.140576 -0.291264 0.165378 0.000000
0.307529 -0.960892 0.216991 0.000000
0.387100 0.425415 0.150737 0.000000
0.390135 0.283802 0.123515 0.000000
0.413752 -0.955684 0.535398 0.000000
0.375659 0.383846 0.120676 0.000000
0.392555 -0.764773 0.391461 0.000000
0.324631 -0.325774 0.217457 0.000000
0.328284 -0.469374 0.186756 0.000000
0.508275 -0.196001 -0.019987 0.000000
0.325425 -0.507265 0.197055 0.000000
0.409009 0.193932 0.128098 0.000000
0.333866 -0.361394 0.194824 0.000000
0.377563 0.442523 0.128896 0.000000
0.309429 0.101109 0.250603 0.000000
0.476936 -0.009224 0.107233 0.000000
0.395833 0.379172 0.160907 0.000000
0.291772 -1.086331 0.229394 0.000000
0.334530 0.216123 0.103737 0.000000
0.315252 -1.082065 0.230322 0.000000
0.341958 -0.285084 0.194174 0.000000
0.408982 0.216799 0.171530 0.000000
0.474147 -0.062243 0.063847 0.000000
0.147009 -0.221559 -0.042414 0.000000
0.335034 -0.551149 0.201143 0.000000
0.456592 -1.061759 0.172172 1.000000
0.519329 -0.102988 0.158169 0.000000
0.335370 -0.492135 0.206285 0.000000
0.296848 -1.071142 0.223785 0.000000
0.509587 -0.088220 0.112296 0.000000
0.319567 -0.898838 0.218152 0.000000
0.439970 -1.026614 0.187869 1.000000
0.189349 -0.205540 0.487462 0.000000
0.352056 0.119572 0.144431 0.000000
0.228634 -0.088415 0.377768 0.000000
0.346869 -0.429967 0.242483 0.000000
0.390939 0.252910 0.112730 0.000000
0.320847 0.036338 0.170901 0.000000
0.430496 0.128620 0.125818 0.000000
0.463289 -0.061053 0.193724 0.000000
0.328752 0.094356 0.073541 0.000000
0.015988 -0.439403 0.167158 0.000000
0.319606 0.308104 0.109958 0.000000
0.343800 0.274818 0.186458 0.000000
0.327882 0.330662 0.111427 0.000000
0.389558 0.330757 0.144868 0.000000
0.322834 -0.355058 0.193047 0.000000
0.345326 0.378005 0.129735 0.000000
0.329863 0.261110 0.103975 0.000000
0.338617 -0.773915 0.210867 0.000000
-0.030703 -0.495744 0.156521 0.000000
0.377255 -0.896934 0.469065 0.000000
0.336164 -0.305447 0.191007 0.000000
0.332851 -0.581299 0.193664 0.000000
0.324235 -0.860036 0.214900 0.000000
0.377013 0.465770 0.148165 0.000000
0.387226 -0.890328 0.459681 0.000000
0.377042 0.339784 0.116885 0.000000
0.341368 0.265934 0.195735 0.000000
0.330296 0.293918 0.102698 0.000000
0.436503 0.050753 0.190964 0.000000
0.336611 -0.364925 0.232858 0.000000
-0.071416 -0.535909 0.144130 0.000000
0.446508 -0.981935 0.605496 0.000000
0.186539 -0.244614 0.531861 0.000000
0.356563 0.078863 0.170861 0.000000
0.327048 -0.063640 0.179049 0.000000
0.448157 0.022913 0.187242 0.000000
0.321956 0.090067 0.070068 0.000000
0.427438 0.067775 0.088400 0.000000
0.352277 -0.397916 0.231710 0.000000
0.339922 -0.654012 0.191818 0.000000
0.422218 0.134379 0.187224 0.000000
0.316459 -0.943141 0.215506 0.000000
0.459292 0.040503 0.116495 0.000000
0.325961 0.136822 0.237076 0.000000
0.244115 -0.140993 0.164863 0.000000
0.424520 -1.003850 0.191056 1.000000
0.395096 -0.886769 0.456061 0.000000
0.297935 -0.086791 0.028175 0.000000
0.445474 -1.036590 0.184240 1.000000
0.444906 0.072689 0.120778 0.000000
0.494557 -0.046640 0.112257 0.000000
0.449131 0.061165 0.124788 0.000000
0.422513 -0.981660 0.587132 0.000000
0.380274 -0.035536 0.263929 0.000000
0.289183 -1.058540 0.249081 0.000000
0.327006 0.118791 0.173425 0.000000
0.336432 -0.335838 0.214982 0.000000
0.520941 -0.117003 0.154543 0.000000
0.497239 -0.153183 0.025356 0.000000
-0.102897 -0.561556 0.128181 0.000000
0.285107 -1.010554 0.246680 0.000000
0.330833 -0.520114 0.191942 0.000000
0.352213 0.390030 0.153884 0.000000
0.299685 -0.071459 0.030989 0.000000
0.394320 0.322727 0.131943 0.000000
0.330614 -0.906914 0.215763 0.000000
0.523217 -0.151871 0.146981 0.000000
0.291038 -0.954389 0.244053 0.000000
0.316603 0.032548 0.059378 0.000000
0.200447 -0.184350 0.446725 0.000000
0.522910 -1.174600 0.142151 1.000000
0.326900 0.190469 0.168284 0.000000
0.270014 -1.026497 0.240832 0.000000
0.354791 -0.901310 0.182776 1.000000
0.327533 -0.193770 0.180786 0.000000
0.437306 -0.029565 0.213763 0.000000
0.607572 -1.300943 0.118056 1.000000
0.396470 0.081132 0.038482 0.000000
0.347670 -0.427894 0.263565 0.000000
0.289881 -1.061815 0.233971 0.000000
0.532387 -1.211088 0.133228 1.000000
0.429915 -1.015000 0.179560 1.000000
0.594463 -0.054130 0.454303 0.000000
0.274147 -0.133745 0.005540 0.000000
0.330709 -0.181166 0.195834 0.000000
0.290987 -0.992414 0.245271 0.000000
0.581090 -1.258871 0.127871 1.000000
0.315912 -1.074072 0.233758 0.000000
0.362895 -0.916716 0.211338 1.000000
0.022982 -0.437414 0.165001 0.000000
0.451487 0.068881 0.119837 0.000000
0.374178 -0.927339 0.182506 1.000000
0.313754 -0.013269 0.045825 0.000000
0.382732 -0.876634 0.446683 0.000000
0.346743 0.115187 0.150176 0.000000
0.224312 -0.100065 0.384575 0.000000
0.368763 -0.539714 0.300895 0.000000
0.440406 -1.025486 0.172313 1.000000
0.312882 -1.064902 0.237628 0.000000
0.348217 0.132296 0.134354 0.000000
0.556631 -1.233435 0.132489 1.000000
0.476470 -0.079221 0.189811 0.000000
0.399183 0.228721 0.102877 0.000000
0.415504 -0.959262 0.550296 0.000000
0.299572 -0.035495 0.045984 0.000000
0.327332 -0.305584 0.201178 0.000000
0.445100 -0.009131 0.216301 0.000000
0.365431 -0.594581 0.306462 0.000000
0.340544 -0.698906 0.212024 0.000000
0.394413 0.379007 0.127751 0.000000
0.041845 -0.414310 0.169335 0.000000
0.462290 0.023563 0.114999 0.000000
0.501760 -1.116162 0.164596 1.000000
0.394629 -0.833148 0.423073 0.000000
0.376503 0.334193 0.125672 0.000000
0.538844 -1.207300 0.139923 1.000000
0.257894 -0.038848 0.346310 0.000000
0.394667 0.015958 0.281280 0.000000
0.319098 -1.017682 0.235692 0.000000
0.379300 0.477541 0.132982 0.000000
0.281195 -0.120194 0.018167 0.000000
0.417335 -1.009760 0.173582 1.000000
0.397515 0.160292 0.081199 0.000000
0.344475 -0.615960 0.201067 0.000000
0.337714 -0.808269 0.220291 0.000000
0.339925 -0.455890 0.185646 0.000000
0.424254 0.000350 0.310044 0.000000
0.355159 0.253965 0.110954 0.000000
0.297308 -1.055960 0.219990 0.000000
0.333479 0.142916 0.252091 0.000000
0.420231 -1.003915 0.177834 1.000000
0.337224 0.161232 0.083109 0.000000
-0.042013 -0.503890 0.147433 0.000000
-0.025717 -0.483130 0.157144 0.000000
0.402281 0.164744 0.216777 0.000000
0.309785 -0.978792 0.216214 0.000000
0.424284 0.125586 0.092845 0.000000
0.522099 -1.138170 0.159453 1.000000
0.342493 0.373516 0.161490 0.000000
0.271122 -1.040290 0.237762 0.000000
0.433500 0.133837 0.171822 0.000000
0.369923 -0.563114 0.304219 0.000000
0.154867 -0.279237 0.166373 0.000000
0.396493 0.262872 0.170126 0.000000
0.331934 -0.027954 0.179596 0.000000
0.493443 -0.060342 0.115758 0.000000
0.395813 0.240418 0.106993 0.000000
0.398561 0.254839 0.196422 0.000000
0.314151 -0.886054 0.237729 0.000000
0.330278 -0.204099 0.193299 0.000000
0.425586 -0.136213 0.255800 0.000000
0.309297 -1.023322 0.237569 0.000000
0.319257 -0.874150 0.214798 0.000000
0.514805 -0.216473 -0.031343 0.000000
0.274413 -0.064534 0.172198 0.000000
0.465863 0.062746 0.136280 0.000000
0.463437 -1.064953 0.183838 1.000000
0.335373 0.196429 0.100478 0.000000
0.591215 -1.267132 0.127143 1.000000
0.298885 -0.884265 0.232548 0.000000
0.292501 -1.151995 0.223744 0.000000
0.184882 -0.257022 0.555579 0.000000
0.487702 -0.051032 0.113366 0.000000
0.426704 -1.012145 0.187499 1.000000
0.410399 0.161580 0.102905 0.000000
0.316620 -0.915353 0.226949 0.000000
0.386769 0.023934 0.235150 0.000000
0.503706 -1.129597 0.164714 1.000000
0.367504 0.351481 0.114458 0.000000
0.284040 -0.947814 0.228188 0.000000
0.194836 -0.214706 0.155676 0.000000
0.050747 -0.402238 0.172016 0.000000
0.387144 0.077309 0.040002 0.000000
0.443431 0.058987 0.188793 0.000000
0.235140 -1.105799 0.246360 0.000000
0.328232 -0.693463 0.204711 0.000000
0.418349 0.138889 0.096536 0.000000
0.475976 -1.066063 0.176867 1.000000
0.295979 -1.055867 0.212194 0.000000
0.382713 -0.901464 0.466727 0.000000
0.355781 -0.902580 0.199622 1.000000
0.246193 -0.069172 0.360034 0.000000
0.333688 -0.369709 0.193594 0.000000
0.311329 0.094481 0.260120 0.000000
0.333441 -0.312887 0.192598 0.000000
0.383582 0.407777 0.144656 0.000000
0.387531 -0.947826 0.206977 1.000000
0.324490 -0.215623 0.197412 0.000000
0.468869 -0.017965 0.113503 0.000000
0.431944 0.161476 0.124814 0.000000
0.586610 -0.055570 0.451130 0.000000
0.369724 -0.569489 0.313593 0.000000
0.314013 -0.885445 0.229971 0.000000
0.395376 0.401732 0.144905 0.000000
0.062834 -0.411285 0.162922 0.000000
0.479485 0.041474 0.125007 0.000000
0.386535 0.354701 0.142044 0.000000
0.496268 -0.038988 0.138347 0.000000
0.344836 -0.791852 0.211718 0.000000
0.336682 0.203496 0.103794 0.000000
0.512184 -0.085037 0.120290 0.000000
0.383910 -0.699006 0.362313 0.000000
0.331093 -0.192067 0.194965 0.000000
0.417331 0.128182 0.100476 0.000000
0.335789 -0.405763 0.251591 0.000000
0.323919 -0.046213 0.178933 0.000000
0.377674 -0.724091 0.364319 0.000000
0.275028 -1.045249 0.266898 0.000000
0.379211 -0.834172 0.418370 0.000000
0.368416 -0.570821 0.301787 0.000000
0.375715 -0.642943 0.332361 0.000000
0.418618 0.191488 0.172816 0.000000
0.527302 -0.171993 0.156118 0.000000
0.358670 -0.440725 0.237153 0.000000
0.488127 -1.097580 0.162496 1.000000
0.557527 -1.247619 0.127943 1.000000
0.215169 -0.125903 0.402503 0.000000
0.343485 0.367160 0.168399 0.000000
0.439076 0.040733 0.202408 0.000000
0.424474 -0.116183 0.243865 0.000000
0.335565 0.342594 0.113238 0.000000
0.320613 -0.180702 0.185283 0.000000
-0.097665 -0.567340 0.123802 0.000000
0.355403 -0.884639 0.207165 1.000000
0.391333 -0.816860 0.413515 0.000000
0.331675 0.164838 0.218415 0.000000
0.519089 -0.111816 0.138728 0.000000
0.432820 -0.005497 0.329342 0.000000
0.380441 -0.865148 0.437346 0.000000
0.338569 0.240920 0.164239 0.000000
0.473012 0.014404 0.110521 0.000000
0.178845 -0.249928 0.164714 0.000000
0.394793 -0.696010 0.358389 0.000000
0.307543 0.007832 0.176243 0.000000
0.330182 -0.597406 0.196020 0.000000
0.479685 -0.029385 0.111787 0.000000
0.329597 0.004584 0.186839 0.000000
0.126926 -0.309114 0.170105 0.000000
0.497284 -0.141737 0.030760 0.000000
0.496586 -1.129561 0.166744 1.000000
0.378202 -0.004434 -0.006826 0.000000
0.369222 -0.067415 -0.036983 0.000000
0.367687 0.338594 0.117368 0.000000
0.466657 -0.070560 0.181871 0.000000
0.367957 -0.925933 0.219495 1.000000
0.316572 0.026773 0.164356 0.000000
0.344964 0.204348 0.094531 0.000000
0.516603 -1.171587 0.148398 1.000000
0.332560 -0.402703 0.190616 0.000000
0.317657 -0.929469 0.227128 0.000000
0.092340 -0.348636 0.173684 0.000000
0.334030 -0.317039 0.186303 0.000000
0.452713 -0.024894 0.337123 0.000000
0.553623 -1.227590 0.136627 1.000000
0.291694 -1.082652 0.238847 0.000000
0.285344 -0.924379 0.237967 0.000000
0.428746 -0.129026 0.245825 0.000000
0.204530 -0.205203 0.156263 0.000000
0.002088 -0.469188 0.148905 0.000000
0.330358 -0.356841 0.184537 0.000000
0.338462 0.191129 0.163323 0.000000
0.357529 0.282639 0.102857 0.000000
0.324213 -0.096556 0.181169 0.000000
0.443411 -0.016014 0.330026 0.000000
0.335879 0.187281 0.109837 0.000000
0.271805 -1.050767 0.263191 0.000000
0.357565 -0.673537 0.328238 0.000000
0.263933 0.033235 0.298273 0.000000
0.293952 -1.075757 0.246600 0.000000
0.331050 -0.506179 0.185435 0.000000
0.350070 -0.373648 0.222059 0.000000
0.294915 -1.106642 0.234145 0.000000
0.345698 0.239773 0.194706 0.000000
0.299184 -1.052855 0.240175 0.000000
0.395541 -0.868029 0.442984 0.000000
0.344149 -0.754461 0.217040 0.000000
0.360809 -0.543404 0.297263 0.000000
0.354084 -0.455957 0.257456 0.000000
0.295357 -0.989296 0.254456 0.000000
0.194023 -0.196546 0.467181 0.000000
0.430613 0.046108 0.077606 0.000000
0.503308 -0.052104 0.139537 0.000000
0.367047 -0.499978 0.285105 0.000000
0.457401 0.112192 0.127643 0.000000
0.181421 -0.251300 0.541309 0.000000
0.330030 -0.658299 0.200594 0.000000
0.341832 -0.714484 0.196767 0.000000
0.312968 -0.941280 0.231454 0.000000
0.326002 -0.706499 0.210430 0.000000
0.315786 -0.987446 0.227239 0.000000
0.102688 -0.355989 0.171822 0.000000
0.338757 0.190330 0.209587 0.000000
0.063617 -0.396258 0.169975 0.000000
0.391523 0.263755 0.162557 0.000000
0.327905 -0.729780 0.208937 0.000000
0.480852 -0.030118 0.363513 0.000000
0.244900 -0.076462 0.363325 0.000000
0.263360 -0.025076 0.337057 0.000000
0.185566 -0.206461 0.142574 0.000000
0.398217 -0.899998 0.474816 0.000000
0.286649 0.022338 0.308709 0.000000
0.285670 -1.103030 0.257010 0.000000
0.379217 0.436136 0.125673 0.000000
0.495141 -0.047485 0.153495 0.000000
0.329633 -0.176665 0.186775 0.000000
0.392931 -0.961978 0.177993 1.000000
0.349383 0.245963 0.201564 0.000000
0.443958 -0.016718 0.213936 0.000000
0.632271 -0.161497 0.100743 0.000000
0.282558 -0.119401 0.004106 0.000000
0.290515 -0.941795 0.238374 0.000000
0.436180 0.140299 0.126404 0.000000
0.241661 -0.124238 0.142526 0.000000
0.338876 -0.266105 0.186272 0.000000
0.357881 0.079380 0.182276 0.000000
0.308048 -1.081333 0.239144 0.000000
0.410750 -0.954249 0.543321 0.000000
0.434954 -0.077852 0.234024 0.000000
0.527068 -0.203811 0.126920 0.000000
0.419906 -0.996104 0.172243 1.000000
0.324285 -0.982108 0.231907 0.000000
0.384836 -0.713876 0.368351 0.000000
0.114631 -0.326168 0.172231 0.000000
0.349507 0.233693 0.099921 0.000000
0.320738 0.051194 0.061336 0.000000
0.408606 0.196352 0.108561 0.000000
0.427639 0.103696 0.193083 0.000000
0.283853 -1.014224 0.256231 0.000000
0.472220 -1.076785 0.171948 1.000000
0.337197 -0.605863 0.207377 0.000000
0.168335 -0.242571 0.157730 0.000000
0.398552 -0.206200 0.305073 0.000000
0.348097 0.469476 0.152117 0.000000
0.396377 0.335184 0.128813 0.000000
0.334481 -0.460790 0.192527 0.000000
0.294283 -1.039000 0.213102 0.000000
0.289369 0.010377 0.319148 0.000000
0.385511 -0.921611 0.496078 0.000000
0.290295 -0.097864 0.024112 0.000000
0.326197 0.075318 0.177865 0.000000
0.409691 0.257834 0.164081 0.000000
0.343862 -0.482953 0.192559 0.000000
0.299238 -0.896996 0.239216 0.000000
0.469227 0.040204 0.140109 0.000000
0.324857 -0.019548 0.184961 0.000000
0.451874 -0.022258 0.184296 0.000000
0.335475 0.198246 0.173846 0.000000
0.325497 -0.321641 0.195294 0.000000
0.408591 0.313333 0.154799 0.000000
0.379452 0.375598 0.146830 0.000000
0.357275 -0.369703 0.216650 0.000000
0.306796 -0.929435 0.211451 0.000000
0.429484 0.189272 0.126171 0.000000
0.336841 -0.561257 0.206772 0.000000
0.503608 -1.140551 0.155880 1.000000
0.195173 -0.201262 0.485640 0.000000
0.381940 -0.944093 0.222784 1.000000
0.429222 0.121045 0.124148 0.000000
0.299370 -1.044064 0.236398 0.000000
0.300540 -1.077136 0.219897 0.000000
0.339504 -0.349874 0.216255 0.000000
0.515023 -0.178719 0.149287 0.000000
0.504996 -0.157395 0.016864 0.000000
0.354012 -0.337248 0.206586 0.000000
0.333572 -0.535315 0.200901 0.000000
0.334745 -0.236939 0.188207 0.000000
0.476362 -1.078789 0.159387 1.000000
0.287811 -0.034779 0.171121 0.000000
0.320546 -0.976840 0.224464 0.000000
0.324725 -0.095884 0.189288 0.000000
0.330709 0.203975 0.165759 0.000000
0.579640 -1.278551 0.121503 1.000000
0.337487 -0.471588 0.196836 0.000000
0.593134 -1.276339 0.122812 1.000000
0.397751 -0.952511 0.543866 0.000000
0.027816 -0.442517 0.160532 0.000000
0.406359 0.181150 0.109324 0.000000
0.192833 -0.181872 0.459256 0.000000
0.232055 -0.077516 0.369506 0.000000
0.333413 -0.571187 0.193274 0.000000
0.459973 -1.069912 0.178051 1.000000
0.385178 0.430594 0.126773 0.000000
0.433890 0.072878 0.208517 0.000000
0.389928 -0.710164 0.364713 0.000000
0.423266 0.135912 0.123869 0.000000
0.050063 -0.412912 0.169831 0.000000
0.339904 -0.673873 0.197501 0.000000
0.336740 -0.835707 0.214936 0.000000
0.325998 0.213118 0.111182 0.000000
0.420968 -0.989614 0.210334 1.000000
0.324214 0.020127 0.055557 0.000000
0.364228 0.461672 0.120845 0.000000
0.331097 0.099348 0.177096 0.000000
0.254381 0.005816 0.318222 0.000000
0.499757 -0.263128 -0.070525 0.000000
0.435396 0.063702 0.206939 0.000000
0.369552 -0.604660 0.322508 0.000000
0.342451 -0.684761 0.208862 0.000000
0.537708 -1.194626 0.143897 1.000000
0.456156 0.059367 0.115648 0.000000
0.328054 0.124408 0.255479 0.000000
0.524613 -0.095493 0.113796 0.000000
0.326610 -0.536364 0.192259 0.000000
0.335584 0.168832 0.239074 0.000000
0.443032 0.014739 0.212501 0.000000
0.362752 -0.675999 0.333957 0.000000
0.454438 -0.012087 0.350896 0.000000
0.311607 -1.116184 0.240203 0.000000
0.307248 0.019381 0.165201 0.000000
0.316609 0.056988 0.064807 0.000000
0.184822 -0.265250 0.168301 0.000000
0.325694 0.107077 0.171085 0.000000
0.328961 0.174984 0.168478 0.000000
0.284260 -0.964140 0.231025 0.000000
0.124681 -0.295354 0.169385 0.000000
0.324776 -0.925291 0.217942 0.000000
0.329424 -0.452070 0.197652 0.000000
0.491856 -1.121799 0.158637 1.000000
0.069415 -0.377607 0.174114 0.000000
0.294792 -0.923125 0.231312 0.000000
0.394911 0.183086 0.078460 0.000000
0.397488 0.215755 0.095701 0.000000
0.442030 -1.030120 0.179283 1.000000
0.375633 -0.668091 0.338605 0.000000
-0.117464 -0.581582 0.131244 0.000000
0.309044 -1.137496 0.242724 0.000000
0.431258 0.199911 0.125019 0.000000
0.426905 -0.077497 0.227499 0.000000
0.493031 -0.134119 0.036628 0.000000
0.388176 0.398038 0.151158 0.000000
0.327981 -0.819572 0.203582 0.000000
0.394170 0.066997 0.032252 0.000000
0.348169 -0.383643 0.231270 0.000000
0.329923 -0.092096 0.181914 0.000000
0.333738 -0.284604 0.197557 0.000000
0.369035 0.448056 0.123924 0.000000
0.355732 -0.464500 0.276792 0.000000
-0.016551 -0.486071 0.144940 0.000000
0.376564 -0.651169 0.337367 0.000000
0.334945 0.196311 0.158748 0.000000
0.622553 -1.328438 0.111131 1.000000
0.403528 0.196854 0.122353 0.000000
0.384992 0.016026 0.237334 0.000000
0.480254 -0.104665 0.181190 0.000000
0.343535 0.127117 0.141484 0.000000
0.544586 -1.225714 0.133990 1.000000
0.319014 -0.847228 0.219821 0.000000
0.388610 -0.800683 0.403999 0.000000
0.400423 0.002355 0.278751 0.000000
0.340717 -0.800115 0.200443 0.000000
0.426827 -0.088642 0.230739 0.000000
0.322072 -1.121799 0.237177 0.000000
0.335937 -0.315441 0.208917 0.000000
0.506675 -0.232113 -0.037814 0.000000
0.355843 -0.539014 0.268051 0.000000
0.311971 -0.030751 0.041502 0.000000
0.403308 -0.947602 0.532255 0.000000
0.407993 -0.948506 0.520694 0.000000
0.340965 -0.759824 0.210207 0.000000
0.441013 0.010892 0.202723 0.000000
0.243551 -0.010765 0.328917 0.000000
0.358720 -0.900052 0.225441 1.000000
0.386301 -0.792111 0.396636 0.000000
0.335364 0.158361 0.245388 0.000000
0.330772 0.020820 0.174040 0.000000
0.138095 -0.299350 0.169048 0.000000
0.326014 -0.997281 0.228807 0.000000
0.433837 0.100181 0.123655 0.000000
0.326691 0.121017 0.166127 0.000000
0.314865 0.113425 0.242978 0.000000
0.179037 -0.259202 0.165284 0.000000
0.347865 -0.449109 0.266290 0.000000
0.462263 -0.021994 0.350340 0.000000
0.395711 0.384125 0.154020 0.000000
0.320394 0.090800 0.169853 0.000000
0.347221 -0.877130 0.209888 1.000000
0.612149 -0.163532 0.106137 0.000000
0.328045 -0.333347 0.228539 0.000000
0.339574 -0.774738 0.203080 0.000000
0.541280 -1.214842 0.136657 1.000000
-0.009254 -0.469761 0.157911 0.000000
0.272159 -1.054492 0.252017 0.000000
0.432762 -0.976622 0.578742 0.000000
0.203169 -0.139305 0.418255 0.000000
0.428685 -0.015302 0.313612 0.000000
0.353394 0.259337 0.105978 0.000000
0.426311 0.081428 0.085694 0.000000
0.246799 -1.135974 0.248567 0.000000
-0.037900 -0.504704 0.153450 0.000000
0.221517 -0.191985 0.165814 0.000000
0.506192 -0.234533 -0.052972 0.000000
0.376078 -0.935110 0.180363 1.000000
0.348120 -0.447087 0.247966 0.000000
0.392554 0.131874 0.225658 0.000000
0.442588 0.013535 0.087155 0.000000
0.426601 -1.013935 0.194580 1.000000
0.292387 -0.081230 0.034280 0.000000
0.389919 0.158753 0.068193 0.000000
0.346201 0.362328 0.121330 0.000000
0.225194 -0.124446 0.395022 0.000000
0.281828 -1.004601 0.266524 0.000000
0.371661 0.441779 0.113649 0.000000
0.336717 -0.332978 0.194853 0.000000
0.288358 -0.914299 0.235700 0.000000
0.012080 -0.460927 0.152331 0.000000
0.293062 -0.968737 0.242956 0.000000
0.473516 -1.077209 0.183719 1.000000
0.329982 0.249852 0.108163 0.000000
0.350946 -0.355435 0.214885 0.000000
0.380962 -0.881663 0.451357 0.000000
0.294753 -1.128136 0.223354 0.000000
0.356545 -0.459077 0.270698 0.000000
0.339692 -0.856459 0.209190 0.000000
0.331564 0.237612 0.107380 0.000000
0.402237 0.221976 0.172087 0.000000
0.449925 0.012063 0.187714 0.000000
0.263472 -0.095468 0.176453 0.000000
0.082145 -0.361204 0.174342 0.000000
0.358195 -0.502952 0.267681 0.000000
0.394741 0.150787 0.071552 0.000000
0.310581 0.013701 0.161868 0.000000
0.192127 -0.149483 0.434732 0.000000
0.514320 -0.092853 0.147608 0.000000
0.334322 -0.297669 0.201738 0.000000
0.341151 -0.562615 0.198194 0.000000
0.293453 -0.023146 0.151732 0.000000
0.283219 0.053730 0.284461 0.000000
0.564855 -0.137257 0.112082 0.000000
0.299886 -1.008630 0.220919 0.000000
0.327763 0.360217 0.122607 0.000000
0.334998 -0.837769 0.208175 0.000000
0.214877 -0.184823 0.152753 0.000000
0.413775 -0.176614 0.276347 0.000000
0.294465 -0.896930 0.228101 0.000000
0.445410 0.134997 0.128452 0.000000
0.347358 0.246946 0.194206 0.000000
0.386993 -0.950930 0.194095 1.000000
0.325986 0.042610 0.061955 0.000000
0.333960 0.165443 0.075801 0.000000
0.437849 -0.059793 0.225227 0.000000
0.346196 -0.882644 0.197832 1.000000
0.428747 0.089986 0.200933 0.000000
0.375324 -0.617370 0.324527 0.000000
0.361505 -0.518328 0.278788 0.000000
0.333912 -0.399791 0.198292 0.000000
0.571011 -1.230122 0.135816 1.000000
0.273014 -1.066395 0.256755 0.000000
0.592349 -0.152546 0.109591 0.000000
0.434455 0.101748 0.178751 0.000000
0.527486 -0.189872 0.144004 0.000000
0.295096 -1.066849 0.240448 0.000000
0.386369 0.305360 0.126683 0.000000
0.358764 -0.512219 0.291706 0.000000
0.281097 -0.056696 0.142889 0.000000
0.547448 -1.204346 0.143923 1.000000
0.377144 -0.892822 0.460910 0.000000
0.342034 0.109715 0.157111 0.000000
0.323935 -0.034118 0.184287 0.000000
0.373135 -0.934941 0.191096 1.000000
0.212594 -0.174255 0.143879 0.000000
0.211723 -0.110059 0.396730 0.000000
0.301256 -0.995322 0.216489 0.000000
0.335537 -0.807252 0.200452 0.000000
0.325270 -0.401432 0.189665 0.000000
0.353126 -0.427194 0.234884 0.000000
0.468403 0.021319 0.147477 0.000000
0.400461 0.158053 0.221299 0.000000
0.341004 -0.685219 0.202012 0.000000
0.266007 -1.084664 0.240162 0.000000
0.273615 -1.009328 0.241145 0.000000
0.439801 0.147748 0.128750 0.000000
0.294267 -1.063738 0.211779 0.000000
0.309900 -0.966217 0.213101 0.000000
0.318179 0.125313 0.234358 0.000000
0.378184 0.485740 0.146659 0.000000
0.399800 0.173500 0.088586 0.000000
0.426476 0.120899 0.184461 0.000000
-0.056254 -0.518593 0.149589 0.000000
0.486537 -0.043718 0.111398 0.000000
0.448858 -0.033217 0.216056 0.000000
0.343069 0.422127 0.152625 0.000000
0.074874 -0.242393 -0.051284 0.000000
0.340927 -0.587816 0.191117 0.000000
0.422991 -0.983302 0.595570 0.000000
0.335242 0.168317 0.170111 0.000000
0.324542 -0.010346 0.174121 0.000000
0.326311 0.023957 0.178534 0.000000
0.379239 0.034846 0.242622 0.000000
0.614281 -1.321160 0.114483 1.000000
0.483373 -1.092090 0.173261 1.000000
0.327612 -1.167249 0.248346 0.000000
0.342115 -0.631984 0.199683 0.000000
0.478803 -0.087617 0.053571 0.000000
0.122173 -0.321318 0.173739 0.000000
0.346420 -0.393288 0.225756 0.000000
0.424974 0.143203 0.093505 0.000000
0.346322 -0.425073 0.256591 0.000000
0.270112 -0.083290 0.172276 0.000000
0.305699 -1.017520 0.214243 0.000000
0.457654 0.104670 0.128937 0.000000
0.185304 -0.227200 0.156898 0.000000
0.436444 0.058369 0.086654 0.000000
0.157998 -0.268378 0.162583 0.000000
0.331120 -0.529202 0.195244 0.000000
0.358304 -0.555866 0.284673 0.000000
0.259881 -0.004944 0.325221 0.000000
0.436158 -0.081508 0.225995 0.000000
0.331606 -0.846512 0.214640 0.000000
0.304860 -1.068920 0.234227 0.000000
0.328260 -0.325625 0.189985 0.000000
0.396445 0.291747 0.166100 0.000000
0.193326 -0.208103 0.482327 0.000000
-0.026422 -0.487279 0.142690 0.000000
0.453557 0.046015 0.117671 0.000000
0.402558 -0.969212 0.207214 1.000000
0.212249 -0.140429 0.411436 0.000000
0.433407 -0.984776 0.602674 0.000000
0.331050 0.349025 0.116418 0.000000
0.242193 -0.034509 0.345182 0.000000
0.531064 -0.143606 0.160651 0.000000
0.356440 -0.488555 0.261132 0.000000
0.457527 -0.030396 0.075506 0.000000
0.406488 0.279730 0.124372 0.000000
0.208553 -0.091221 0.387032 0.000000
0.335413 -0.432315 0.200974 0.000000
0.436540 -1.000821 0.208680 1.000000
0.472192 -0.083106 0.185867 0.000000
-0.085216 -0.553350 0.123150 0.000000
0.370154 0.416978 0.123390 0.000000
0.360476 -0.633189 0.312874 0.000000
0.225782 -0.072645 0.370531 0.000000
0.350745 -0.323140 0.200706 0.000000
0.510460 -0.079330 0.110256 0.000000
0.444042 0.172392 0.130458 0.000000
0.372196 -0.677762 0.341810 0.000000
0.428708 -0.999760 0.208727 1.000000
0.003356 -0.457376 0.165567 0.000000
0.337527 -0.477811 0.190226 0.000000
0.335926 -0.840930 0.221730 0.000000
0.495217 -0.065638 0.120331 0.000000
0.489194 -0.035292 0.149643 0.000000
0.372632 -0.562643 0.310878 0.000000
0.192900 -0.225451 0.159865 0.000000
0.342351 -0.396251 0.243882 0.000000
0.322369 0.149804 0.171684 0.000000
0.366930 -0.823919 0.410634 0.000000
0.376888 0.038469 0.235842 0.000000
0.349369 -0.889115 0.221384 1.000000
0.346928 0.338571 0.158657 0.000000
0.472725 0.033549 0.137787 0.000000
0.298571 0.087022 0.253968 0.000000
0.292398 0.071460 0.269296 0.000000
0.551734 -1.245669 0.131435 1.000000
0.312228 0.130657 0.226975 0.000000
0.284380 -0.041449 0.162534 0.000000
0.406618 0.251399 0.121230 0.000000
0.533326 -0.185170 0.162592 0.000000
0.326604 0.085512 0.178896 0.000000
-0.058609 -0.528883 0.128676 0.000000
0.296394 -0.912359 0.236701 0.000000
0.417537 0.249217 0.163532 0.000000
0.375293 -0.056163 0.268746 0.000000
0.291770 -1.091786 0.242118 0.000000
0.359661 -0.509260 0.270166 0.000000
0.293793 -1.134764 0.212173 0.000000
0.290336 -0.931659 0.225663 0.000000
0.395278 0.190288 0.079991 0.000000
0.370597 0.459493 0.119210 0.000000
0.351575 -0.897052 0.229570 1.000000
0.409638 0.176426 0.105257 0.000000
0.129794 -0.286534 0.167396 0.000000
0.375318 -0.023302 0.253599 0.000000
0.284522 -1.033395 0.240697 0.000000
0.106338 -0.344700 0.170994 0.000000
0.508880 -0.071234 0.151543 0.000000
0.392285 -0.906970 0.468133 0.000000
0.332743 -0.918310 0.219961 0.000000
0.302164 -1.028370 0.208801 0.000000
0.503798 -0.264340 -0.064172 0.000000
0.364845 -0.078821 0.295605 0.000000
0.307756 -1.003809 0.213422 0.000000
0.376334 -0.784791 0.391558 0.000000
0.341496 -0.758051 0.199708 0.000000
0.254170 -0.160523 -0.008686 0.000000
0.330513 -0.867372 0.214107 0.000000
0.359088 -0.472698 0.241413 0.000000
0.320521 -0.913939 0.217695 0.000000
0.325383 -0.141879 0.182113 0.000000
0.333602 -0.433242 0.182868 0.000000
0.345154 -0.737780 0.208574 0.000000
0.353397 -0.439060 0.243462 0.000000
0.394640 0.111244 0.053347 0.000000
0.330480 -0.003748 0.179120 0.000000
0.334454 -0.624948 0.200346 0.000000
0.385372 0.443826 0.129621 0.000000
0.441537 0.003255 0.203380 0.000000
0.397584 -0.877298 0.449211 0.000000
0.279888 0.031260 0.301215 0.000000
0.359034 -0.599264 0.296084 0.000000
0.375951 -0.044132 -0.027006 0.000000
0.419654 -0.140394 0.255360 0.000000
0.432678 0.145259 0.170299 0.000000
0.324454 0.084459 0.066928 0.000000
0.297516 -0.065306 0.044400 0.000000
0.295347 -0.020081 0.175494 0.000000
0.416931 0.138458 0.192151 0.000000
0.392773 0.354077 0.166985 0.000000
0.398439 0.298643 0.164475 0.000000
0.420063 -0.996979 0.182344 1.000000
0.347587 0.223653 0.189295 0.000000
0.082158 -0.372818 0.171046 0.000000
0.356100 -0.532601 0.270546 0.000000
0.363543 -0.787753 0.385658 0.000000
0.297126 -1.074007 0.205891 0.000000
0.450397 0.094715 0.133997 0.000000
0.381004 -0.936371 0.185400 1.000000
0.530280 -0.213756 0.120558 0.000000
0.359145 -0.546070 0.273022 0.000000
0.331234 -0.299400 0.195837 0.000000
0.483946 0.008945 0.133511 0.000000
0.318468 -0.858340 0.211552 0.000000
0.259576 -0.016654 0.329005 0.000000
0.335506 -0.815353 0.204621 0.000000
0.468222 -1.069892 0.184541 1.000000
0.319772 -0.007921 0.180905 0.000000
0.515168 -1.120307 0.170132 1.000000
0.324238 -0.430645 0.188033 0.000000
0.326805 0.127565 0.249078 0.000000
0.341168 -0.848740 0.211725 0.000000
0.443408 -0.070282 0.232596 0.000000
0.331388 -0.498808 0.184488 0.000000
0.431450 -1.028430 0.175702 1.000000
0.341853 0.245262 0.160056 0.000000
0.306838 -0.996768 0.205548 0.000000
0.511424 -1.140565 0.168899 1.000000
-0.128330 -0.585837 0.121510 0.000000
0.355258 -0.480418 0.246607 0.000000
0.273780 0.026429 0.304963 0.000000
0.420741 0.240576 0.122978 0.000000
0.279543 -1.066174 0.253300 0.000000
0.329441 -0.854224 0.203991 0.000000
0.355611 0.296311 0.106809 0.000000
0.293159 -0.026472 0.185938 0.000000
0.326041 0.193111 0.110713 0.000000
0.361684 -0.917172 0.228363 1.000000
0.374221 0.474020 0.144557 0.000000
0.248997 -0.124113 0.159818 0.000000
0.362711 -0.523607 0.264161 0.000000
0.375963 -0.609049 0.321016 0.000000
0.359510 -0.538357 0.280152 0.000000
0.134241 -0.332028 0.171175 0.000000
0.391542 -0.894165 0.463938 0.000000
0.328789 0.140824 0.172305 0.000000
0.279771 -1.019139 0.241963 0.000000
0.326765 -0.342470 0.189676 0.000000
0.324062 -0.518665 0.188373 0.000000
0.338259 0.186082 0.221338 0.000000
0.373751 -0.718518 0.364761 0.000000
0.528871 -0.212013 0.163583 0.000000
0.349800 0.479021 0.141745 0.000000
0.498749 -0.051595 0.147844 0.000000
0.584800 -1.292407 0.119385 1.000000
0.445273 -0.009184 0.069957 0.000000
0.235490 -0.068648 0.365582 0.000000
0.337633 -0.404473 0.182503 0.000000
0.294433 -1.072328 0.230261 0.000000
0.397280 0.276155 0.165741 0.000000
0.416238 -0.959583 0.563630 0.000000
0.409949 0.001492 0.286350 0.000000
0.421306 -0.969111 0.559070 0.000000
0.194665 -0.233945 0.516241 0.000000
0.333969 -0.861143 0.217446 0.000000
0.462826 -1.069942 0.170857 1.000000
0.292672 -0.030648 0.179527 0.000000
0.397327 0.104655 0.231704 0.000000
0.171652 -0.271024 0.165845 0.000000
0.364402 -0.584276 0.298471 0.000000
0.013098 -0.440040 0.174425 0.000000
0.422771 0.206675 0.129714 0.000000
0.112013 -0.312294 0.173045 0.000000
0.309874 -0.855949 0.220209 0.000000
0.438609 -0.041500 0.213754 0.000000
0.328053 -0.060650 0.190489 0.000000
0.402729 0.223966 0.109042 0.000000
0.305081 0.018497 0.171595 0.000000
-0.077694 -0.543474 0.124901 0.000000
0.379323 0.465796 0.132547 0.000000
0.286147 -0.940732 0.232547 0.000000
0.056209 -0.386808 0.175667 0.000000
0.337542 -0.577278 0.208187 0.000000
0.332122 -0.828184 0.205783 0.000000
0.488521 -0.124056 0.042668 0.000000
0.507257 -0.062184 0.142382 0.000000
0.348042 0.401961 0.156899 0.000000
0.343093 0.193712 0.092154 0.000000
0.363782 -0.501633 0.290835 0.000000
0.204467 -0.213844 0.160648 0.000000
0.463119 0.090195 0.127863 0.000000
0.391879 -0.931069 0.511322 0.000000
0.216977 -0.207013 0.164686 0.000000
0.432464 -0.011186 0.324362 0.000000
0.329406 0.058026 0.065091 0.000000
0.322130 -1.081890 0.240261 0.000000
0.335016 0.334634 0.111003 0.000000
0.328123 -0.379841 0.188834 0.000000
0.399629 0.328690 0.119684 0.000000
0.338318 0.195114 0.225573 0.000000
0.435374 0.036616 0.085777 0.000000
0.375901 0.488360 0.125862 0.000000
0.285323 -1.026322 0.242572 0.000000
0.338320 -0.816378 0.218102 0.000000
0.209364 -0.119161 0.402854 0.000000
0.275374 -1.031450 0.266666 0.000000
0.220702 -0.068121 0.365826 0.000000
0.508782 -0.236417 -0.044785 0.000000
0.367054 -0.617800 0.319356 0.000000
0.319754 0.055483 0.173879 0.000000
0.126160 -0.228557 -0.046118 0.000000
0.308066 -1.092478 0.224888 0.000000
0.277440 -1.049564 0.251544 0.000000
0.313096 -0.860802 0.215176 0.000000
0.329371 -0.335699 0.220405 0.000000
0.322536 0.134504 0.167742 0.000000
0.401124 -0.188552 0.286299 0.000000
0.343058 0.221653 0.203715 0.000000
0.518002 -0.122876 0.140911 0.000000
0.282550 -0.997368 0.244574 0.000000
0.433515 -0.087513 0.234417 0.000000
0.326544 -0.874387 0.206391 0.000000
0.344709 -0.839832 0.215242 0.000000
0.341818 -0.668218 0.205595 0.000000
0.519643 -0.236950 0.168936 0.000000
0.330787 -0.873674 0.221006 0.000000
0.389710 0.170261 0.076734 0.000000
0.526596 -0.100758 0.121343 0.000000
0.294481 -0.011288 0.167541 0.000000
0.305876 -0.907153 0.234370 0.000000
0.293964 -1.143813 0.213011 0.000000
0.357732 -0.499382 0.258679 0.000000
0.300503 -1.051447 0.225478 0.000000
0.268502 -1.062685 0.272620 0.000000
0.410033 0.239478 0.163526 0.000000
0.342768 -0.449719 0.186731 0.000000
0.297079 -0.903270 0.229334 0.000000
0.389397 -0.851331 0.431060 0.000000
0.303398 -1.045259 0.222533 0.000000
0.339750 0.325515 0.162502 0.000000
0.424374 0.077566 0.096295 0.000000
0.299680 -0.891457 0.219776 0.000000
0.618767 -0.165589 0.103775 0.000000
0.370101 -0.524600 0.302620 0.000000
0.297191 -1.047709 0.205924 0.000000
0.338154 0.285373 0.168020 0.000000
0.273021 -0.065192 0.152413 0.000000
0.401321 0.233704 0.169551 0.000000
0.296206 -1.139018 0.229561 0.000000
0.338626 -0.550428 0.193820 0.000000
0.348652 0.415618 0.158044 0.000000
0.298450 -0.071531 0.017759 0.000000
0.336353 -0.512953 0.192950 0.000000
0.337442 -0.364371 0.184911 0.000000
0.438352 0.008753 0.080410 0.000000
0.300379 -1.056403 0.234568 0.000000
0.424100 -0.970311 0.572149 0.000000
0.339823 0.277545 0.191347 0.000000
0.305436 0.005678 0.168275 0.000000
0.302971 -0.058047 0.030878 0.000000
0.372239 -0.579301 0.308871 0.000000
0.327951 -0.045185 0.186058 0.000000
0.386576 -0.012617 -0.002084 0.000000
0.436603 -1.008990 0.201665 1.000000
0.384509 0.452488 0.144549 0.000000
0.372879 -0.044425 0.260351 0.000000
0.389968 0.343331 0.145137 0.000000
0.103001 -0.333606 0.172997 0.000000
0.438797 0.181373 0.124389 0.000000
0.258196 0.007603 0.310547 0.000000
0.286961 -1.007483 0.254342 0.000000
0.299919 -0.931617 0.231520 0.000000
0.347469 0.267869 0.182703 0.000000
0.387367 0.322996 0.154572 0.000000
0.448886 -1.034809 0.190370 1.000000
0.343308 0.352508 0.165178 0.000000
0.331872 0.237433 0.211938 0.000000
0.188738 -0.221119 0.508211 0.000000
0.332419 -0.847865 0.221473 0.000000
0.430647 0.084135 0.186426 0.000000
0.349836 -0.457711 0.247600 0.000000
0.440864 0.095574 0.126466 0.000000
0.394204 0.264422 0.115245 0.000000
0.324682 -0.619108 0.202717 0.000000
0.524399 -1.163111 0.155119 1.000000
0.272137 -1.040013 0.261847 0.000000
0.263504 -0.000242 0.322092 0.000000
0.359662 -0.527440 0.293441 0.000000
0.362243 -0.560839 0.293693 0.000000
0.187087 -0.165484 0.453728 0.000000
0.236482 -0.159013 0.155306 0.000000
0.425374 -0.978054 0.592145 0.000000
0.346950 -0.893326 0.208139 1.000000
0.310470 0.055870 0.062361 0.000000
0.433105 0.071144 0.079928 0.000000
0.372559 -0.594328 0.315185 0.000000
0.201558 -0.168762 0.438062 0.000000
0.323489 -0.907273 0.224451 0.000000
0.373455 0.410927 0.116334 0.000000
0.338562 -0.786207 0.217067 0.000000
0.331376 0.146893 0.177818 0.000000
0.367936 -0.512245 0.298006 0.000000
0.350505 -0.899278 0.189279 1.000000
0.305741 -0.002588 0.052446 0.000000
0.314016 -0.867342 0.222781 0.000000
0.377993 -0.939992 0.202400 1.000000
0.333921 -0.294308 0.187010 0.000000
0.246395 -0.172915 -0.005238 0.000000
0.348673 -0.436710 0.262321 0.000000
0.329238 -0.183021 0.188803 0.000000
0.301173 -0.973512 0.248058 0.000000
0.341948 -0.646957 0.198121 0.000000
0.331793 0.373033 0.124983 0.000000
0.546194 -1.197210 0.147839 1.000000
0.336068 0.365783 0.121406 0.000000
0.306990 -0.996989 0.231551 0.000000
0.341146 0.394359 0.129518 0.000000
0.464393 -0.014723 0.358517 0.000000
0.432445 -0.987928 0.594979 0.000000
0.309392 -0.909219 0.208543 0.000000
0.231823 -0.040051 0.348875 0.000000
0.314095 -0.916074 0.205799 0.000000
0.321028 0.017548 0.179290 0.000000
0.329277 -0.016229 0.179879 0.000000
0.357246 -0.688780 0.335003 0.000000
