0.355010 -0.444750 0.243441 0.000000
0.629383 -1.349613 0.116922 1.000000
0.389457 0.488165 0.121810 0.000000
0.440068 -0.978437 0.612769 0.000000
-0.136434 -0.597674 0.126317 0.000000
0.384064 -0.004512 -0.009526 0.000000
0.589577 -0.048791 0.452045 0.000000
0.355421 -0.896419 0.177006 1.000000
0.171382 -0.276080 0.582864 0.000000
0.071320 -0.247117 -0.047532 0.000000
0.240007 -0.009048 0.332945 0.000000
0.662060 -0.177504 0.084250 0.000000
0.407047 0.201950 0.206869 0.000000
0.327612 -1.167249 0.248346 0.000000
0.396803 -0.694908 0.366193 0.000000
0.044006 -0.400208 0.175139 0.000000
0.216977 -0.207013 0.164686 0.000000
0.501038 -0.278094 -0.072086 0.000000
0.428746 -0.129026 0.245825 0.000000
0.527079 -1.133191 0.161316 1.000000
0.377414 -0.882350 0.444239 0.000000
0.331772 -0.632980 0.192474 0.000000
0.248146 -0.165235 -0.022774 0.000000
0.322422 0.035192 0.165616 0.000000
0.203827 -0.165942 0.431867 0.000000
0.516586 -0.287792 0.202031 0.000000
0.493665 -0.136425 0.035029 0.000000
0.326675 0.325629 0.109442 0.000000
0.489622 0.013656 0.127314 0.000000
0.278868 -1.010760 0.269747 0.000000
0.464313 -0.017258 0.355814 0.000000
0.387530 0.139688 0.063112 0.000000
0.338327 -0.300787 0.189382 0.000000
0.437023 -1.020038 0.191962 1.000000
0.376601 -0.563565 0.317164 0.000000
-0.037810 -0.504243 0.141088 0.000000
0.341383 -0.766940 0.216737 0.000000
0.531184 -0.159375 0.162777 0.000000
0.265548 -0.083776 0.156127 0.000000
0.138370 -0.310728 0.168457 0.000000
0.327144 0.117895 0.260022 0.000000
0.554352 -1.251430 0.132612 1.000000
0.332329 -0.178868 0.191463 0.000000
0.393262 0.014933 0.262077 0.000000
0.293343 -0.070053 0.038878 0.000000
0.431437 0.091650 0.186217 0.000000
0.320146 0.209559 0.114834 0.000000
0.308744 0.051576 0.058682 0.000000
0.397444 -0.210585 0.310955 0.000000
0.235140 -1.105799 0.246360 0.000000
0.402479 0.387208 0.153087 0.000000
0.364230 -0.792957 0.388923 0.000000
0.411920 0.265508 0.121800 0.000000
0.326161 -0.529549 0.192205 0.000000
0.403796 -0.944833 0.522320 0.000000
0.451991 -0.048918 0.059306 0.000000
0.360003 -0.074837 0.292698 0.000000
0.338559 0.273027 0.196185 0.000000
0.164601 -0.215418 -0.039322 0.000000
0.465807 -0.056632 0.190824 0.000000
0.288353 -0.920952 0.239863 0.000000
0.183865 -0.214541 0.511795 0.000000
0.229143 -0.091334 0.379514 0.000000
0.327606 0.129222 0.165712 0.000000
0.443415 0.175913 0.124944 0.000000
0.510562 -0.204176 -0.021777 0.000000
0.431956 0.063082 0.079608 0.000000
0.509654 -0.086039 0.116286 0.000000
0.320617 -1.076961 0.227041 0.000000
0.390020 -0.957517 0.229976 1.000000
0.276566 0.051920 0.283225 0.000000
0.327197 -0.385857 0.185821 0.000000
0.356915 -0.645697 0.311843 0.000000
0.334688 -0.045138 0.182383 0.000000
0.525990 -0.036953 0.404379 0.000000
0.594321 -0.147033 0.113504 0.000000
0.316399 -0.849329 0.226662 0.000000
0.464551 -1.085295 0.159393 1.000000
0.367708 -0.073195 -0.042501 0.000000
0.440481 0.016175 0.199315 0.000000
0.337367 0.188405 0.233938 0.000000
0.342616 0.412141 0.113788 0.000000
0.533600 -0.219087 0.117743 0.000000
0.358930 -0.516077 0.263487 0.000000
0.404182 0.301729 0.183550 0.000000
0.308632 -0.998866 0.205732 0.000000
0.396611 0.135933 0.229858 0.000000
0.462960 0.107863 0.125796 0.000000
0.159100 -0.245017 0.156338 0.000000
0.001664 -0.455645 0.171726 0.000000
0.345475 -0.699147 0.205801 0.000000
-0.086140 -0.550642 0.125578 0.000000
0.362075 0.058233 0.216827 0.000000
0.340841 0.360788 0.167451 0.000000
0.388898 0.052217 0.027904 0.000000
0.322691 -0.111956 0.185341 0.000000
0.234825 -0.143076 0.147021 0.000000
0.325379 0.116941 0.072742 0.000000
0.396949 0.204040 0.087208 0.000000
0.086382 -0.350105 0.175235 0.000000
0.400609 0.329733 0.122184 0.000000
0.605297 -1.289199 0.116950 1.000000
0.328644 -0.464386 0.187343 0.000000
0.271474 -1.135379 0.291123 0.000000
0.321944 -0.012312 0.043563 0.000000
0.485554 -0.116686 0.177109 0.000000
0.554736 -1.188360 0.143703 1.000000
0.352701 0.262076 0.099380 0.000000
0.401087 -0.956754 0.167692 1.000000
0.276507 -0.128594 0.020112 0.000000
0.319644 -0.241564 0.194033 0.000000
0.349588 0.455000 0.158038 0.000000
0.425399 -0.009808 0.308685 0.000000
0.328552 -0.347661 0.233995 0.000000
0.331876 0.194183 0.173011 0.000000
0.401418 -0.827475 0.422909 0.000000
0.292867 -1.132713 0.213504 0.000000
0.425173 0.152928 0.177449 0.000000
0.358618 -0.741293 0.359394 0.000000
0.446501 0.005814 0.083235 0.000000
0.348847 0.158058 0.119087 0.000000
0.526338 -0.238310 0.172553 0.000000
0.297753 -0.014427 0.152393 0.000000
0.274618 -1.067545 0.259810 0.000000
0.357481 -0.910582 0.231013 1.000000
0.494505 -0.039426 0.143797 0.000000
0.396461 0.240472 0.168483 0.000000
0.289369 0.010377 0.319148 0.000000
0.426905 -0.077497 0.227499 0.000000
0.409458 -0.172819 0.273314 0.000000
0.336017 -0.581590 0.206827 0.000000
0.378441 -0.036132 0.258429 0.000000
0.258283 -0.055544 0.352952 0.000000
0.548167 -0.121906 0.116505 0.000000
0.418983 0.113584 0.097567 0.000000
0.411025 -0.964162 0.571641 0.000000
0.352394 -0.691220 0.338875 0.000000
0.267545 -0.969169 0.240315 0.000000
0.400410 -0.913340 0.479247 0.000000
0.355008 -0.394300 0.228742 0.000000
0.357068 0.087151 0.172145 0.000000
0.340730 0.308632 0.158984 0.000000
0.318779 -0.945661 0.206872 0.000000
0.466950 0.057105 0.141231 0.000000
0.198589 -0.118426 0.409625 0.000000
0.468300 -0.096228 0.052743 0.000000
0.369747 0.369965 0.117006 0.000000
0.356210 -0.599173 0.288443 0.000000
0.385235 0.432131 0.130311 0.000000
0.210502 -0.197776 -0.024479 0.000000
0.398907 0.084745 0.236320 0.000000
0.119038 -0.234973 -0.046113 0.000000
0.187261 -0.253790 0.541967 0.000000
0.338256 0.183507 0.078578 0.000000
0.331941 0.243368 0.159033 0.000000
0.195236 -0.198216 0.466034 0.000000
0.394666 0.095798 0.046397 0.000000
0.423171 0.218670 0.127672 0.000000
0.342108 0.227349 0.208058 0.000000
0.327156 -0.811840 0.200743 0.000000
0.294082 0.085831 0.252724 0.000000
0.351038 0.408597 0.159439 0.000000
0.318786 -0.894345 0.211423 0.000000
0.302709 -1.033486 0.235646 0.000000
0.389169 -0.654986 0.343451 0.000000
0.381035 -0.609155 0.326206 0.000000
0.445624 -0.025165 0.218906 0.000000
0.509485 -1.173414 0.149238 1.000000
0.506767 -0.173641 0.013007 0.000000
0.506668 -0.239344 -0.049630 0.000000
0.282683 -1.111426 0.251416 0.000000
0.395712 0.347058 0.170707 0.000000
0.399928 -0.766837 0.390505 0.000000
0.519505 -0.113984 0.149112 0.000000
0.376747 -0.933496 0.195750 1.000000
0.481367 -1.061993 0.192172 1.000000
0.326765 -0.342470 0.189676 0.000000
0.412468 0.162247 0.098033 0.000000
0.441979 0.051228 0.175411 0.000000
0.353526 -0.475405 0.274005 0.000000
0.335874 -0.425016 0.200764 0.000000
0.324234 -1.125615 0.243262 0.000000
0.363336 0.302258 0.105462 0.000000
0.325591 -0.003639 0.181894 0.000000
0.421780 0.205607 0.167742 0.000000
0.370101 -0.524600 0.302620 0.000000
0.256300 -1.029508 0.240498 0.000000
0.512943 -0.073052 0.159399 0.000000
0.083712 -0.392737 0.166277 0.000000
0.326466 0.144861 0.228799 0.000000
0.488237 -1.120982 0.154944 1.000000
0.206663 -0.175570 0.140338 0.000000
0.036337 -0.438214 0.158330 0.000000
0.494532 -0.034497 0.378401 0.000000
0.480091 -0.021379 0.108617 0.000000
0.347987 0.224049 0.085347 0.000000
0.319635 0.283383 0.109642 0.000000
0.436780 0.074753 0.120565 0.000000
0.329635 0.367167 0.122617 0.000000
0.523694 -0.198830 0.157403 0.000000
0.423901 -0.994482 0.220409 1.000000
0.287961 -1.092198 0.208839 0.000000
0.254934 -0.116488 0.177038 0.000000
0.627287 -0.167270 0.101390 0.000000
0.280564 -0.050387 0.171444 0.000000
0.559030 -0.048263 0.423037 0.000000
0.393895 0.045337 0.235958 0.000000
0.336757 0.076042 0.071279 0.000000
0.392356 0.263224 0.200142 0.000000
0.377650 -0.040732 -0.023192 0.000000
0.426573 0.140432 0.127067 0.000000
0.182017 -0.214193 0.149109 0.000000
0.319595 0.077210 0.174263 0.000000
-0.007318 -0.480558 0.143461 0.000000
0.324370 -0.975892 0.232367 0.000000
0.257543 0.025533 0.303810 0.000000
0.309654 0.071592 0.284823 0.000000
0.567901 -1.287754 0.123958 1.000000
0.360562 -0.558841 0.282987 0.000000
0.220326 -0.057447 0.364975 0.000000
0.134746 -0.273392 0.163272 0.000000
0.456735 0.029284 0.117053 0.000000
0.352803 0.125157 0.137877 0.000000
0.297134 -1.054350 0.205136 0.000000
0.391598 -0.732053 0.374077 0.000000
0.397525 0.239338 0.098705 0.000000
0.356542 -0.361207 0.212012 0.000000
0.433648 0.064780 0.211539 0.000000
0.451901 -1.037880 0.163292 1.000000
0.366930 -0.823919 0.410634 0.000000
0.329183 -0.666476 0.209479 0.000000
0.384396 0.463836 0.148795 0.000000
0.495780 -0.150211 0.159920 0.000000
0.343436 -0.865781 0.208194 1.000000
0.236753 -0.169141 0.172624 0.000000
0.403319 0.185945 0.124321 0.000000
0.330143 -0.732261 0.204227 0.000000
0.293996 -0.035492 0.050516 0.000000
0.335705 -0.496328 0.203527 0.000000
0.426693 -0.998856 0.164356 1.000000
0.270334 -1.098181 0.282865 0.000000
0.534761 -1.217673 0.136141 1.000000
-0.065090 -0.527150 0.146220 0.000000
0.406275 -0.859050 0.439367 0.000000
0.493428 -0.054607 0.107036 0.000000
0.337515 0.148613 0.085912 0.000000
0.388615 0.295248 0.129575 0.000000
0.177882 -0.272896 0.167875 0.000000
0.345288 0.488160 0.146062 0.000000
0.101883 -0.318336 0.173631 0.000000
0.404675 0.167294 0.213507 0.000000
0.451874 -0.022258 0.184296 0.000000
0.399217 0.274976 0.161712 0.000000
0.320053 -0.077227 0.184672 0.000000
0.366576 0.457940 0.116223 0.000000
0.324214 0.020127 0.055557 0.000000
0.334617 -0.144495 0.185228 0.000000
0.420222 0.123784 0.195259 0.000000
0.321528 -0.318891 0.214253 0.000000
-0.110874 -0.574601 0.125218 0.000000
0.587774 -1.259006 0.130097 1.000000
0.366940 0.335614 0.112372 0.000000
0.390446 0.025616 0.005452 0.000000
0.400954 0.010889 0.296775 0.000000
0.360138 -0.478350 0.240717 0.000000
0.570617 -1.221893 0.136842 1.000000
0.344192 -0.414680 0.254895 0.000000
0.476961 -0.009314 0.148791 0.000000
0.337295 -0.211817 0.196978 0.000000
0.291032 -0.098389 0.021332 0.000000
0.607861 -1.324215 0.115852 1.000000
0.408777 -0.887303 0.456778 0.000000
0.344976 -0.831975 0.220237 0.000000
0.400404 -0.968512 0.200611 1.000000
0.293234 -0.987945 0.249063 0.000000
0.474984 -0.088326 0.190677 0.000000
0.374324 0.402552 0.118481 0.000000
0.332322 0.161664 0.163027 0.000000
0.261397 -0.154937 0.005479 0.000000
0.461427 0.023944 0.149039 0.000000
0.249789 -0.109073 0.142573 0.000000
0.406867 0.320372 0.155438 0.000000
0.353865 -0.327078 0.200734 0.000000
0.271897 -0.015527 0.331326 0.000000
0.330409 0.239741 0.107838 0.000000
0.310090 -0.944729 0.244225 0.000000
0.246799 -1.135974 0.248567 0.000000
0.292544 -0.023584 0.184955 0.000000
0.336598 0.276112 0.164138 0.000000
0.437660 0.033254 0.068786 0.000000
0.389710 0.170261 0.076734 0.000000
0.338876 -0.266105 0.186272 0.000000
0.247574 -1.072219 0.243107 0.000000
0.298256 -0.889011 0.235492 0.000000
0.384207 0.362279 0.144662 0.000000
0.330551 0.169821 0.208770 0.000000
0.226231 -0.123765 0.394491 0.000000
0.400748 0.232672 0.202041 0.000000
0.412441 0.466624 0.119719 0.000000
0.437122 0.122899 0.168669 0.000000
0.334942 -0.377333 0.245986 0.000000
0.538592 -1.165229 0.157502 1.000000
0.396054 -0.794837 0.404043 0.000000
0.445039 -0.018644 0.061480 0.000000
0.387319 -0.924439 0.505633 0.000000
0.116851 -0.344904 0.167780 0.000000
0.291694 -1.082652 0.238847 0.000000
0.345177 -0.554999 0.194071 0.000000
0.380026 -0.007685 0.245789 0.000000
0.386038 0.420376 0.158781 0.000000
0.444051 -0.014887 0.332802 0.000000
0.339284 0.186586 0.108886 0.000000
0.488524 -1.097321 0.173981 1.000000
0.348607 0.246872 0.184139 0.000000
0.372368 -0.714327 0.358411 0.000000
0.326365 -0.921466 0.223429 0.000000
0.432600 0.110457 0.124381 0.000000
0.300272 -0.967310 0.216526 0.000000
0.328016 0.141647 0.133156 0.000000
0.338729 0.392949 0.137138 0.000000
0.233359 -0.034121 0.347757 0.000000
0.389730 0.473739 0.095682 0.000000
0.428475 -0.985695 0.582299 0.000000
0.304415 0.011708 0.167595 0.000000
0.358463 -0.893301 0.206304 1.000000
0.339900 -0.604579 0.188585 0.000000
0.462407 0.000204 0.118351 0.000000
0.379647 -0.893768 0.471741 0.000000
0.520019 -0.264658 0.184160 0.000000
0.213526 -0.143641 0.412096 0.000000
0.342460 -0.885317 0.230217 0.000000
0.313242 0.119031 0.234234 0.000000
0.281097 -0.056696 0.142889 0.000000
0.340572 0.198486 0.203879 0.000000
0.259535 -0.996882 0.244240 0.000000
0.275318 -1.038678 0.262788 0.000000
0.437587 -0.099788 0.242616 0.000000
0.308884 -0.049008 0.026592 0.000000
0.509293 -0.174426 0.151609 0.000000
0.362235 -0.500214 0.287206 0.000000
0.415690 -0.960218 0.543673 0.000000
0.065237 -0.368931 0.179252 0.000000
0.456080 -1.062524 0.178837 1.000000
0.473186 -0.067277 0.064684 0.000000
0.441210 -0.053166 0.223344 0.000000
0.364205 -0.666479 0.331074 0.000000
0.405751 0.186978 0.182679 0.000000
0.457322 0.135693 0.124402 0.000000
0.417954 -0.994302 0.190982 1.000000
0.505612 -0.062986 0.132312 0.000000
0.300641 -1.147017 0.236728 0.000000
0.398573 0.108371 0.220859 0.000000
0.412018 -0.148888 0.258685 0.000000
0.288609 0.032707 0.302211 0.000000
0.280709 -0.947039 0.229221 0.000000
0.060445 -0.417793 0.161119 0.000000
0.372152 -0.057858 0.274510 0.000000
0.336078 0.163754 0.246601 0.000000
0.191896 -0.235610 0.163584 0.000000
0.309310 -1.004853 0.234183 0.000000
0.403351 -0.198335 0.286916 0.000000
0.274124 -1.138801 0.251415 0.000000
0.187087 -0.165484 0.453728 0.000000
0.428027 0.178792 0.167897 0.000000
0.315862 0.093482 0.267723 0.000000
0.503409 -1.137300 0.174709 1.000000
0.301980 -1.025464 0.207497 0.000000
0.333845 0.101421 0.169144 0.000000
0.271577 -1.051764 0.235894 0.000000
0.521749 -0.142606 0.143293 0.000000
0.393538 0.384321 0.127368 0.000000
-0.025046 -0.480843 0.164270 0.000000
0.386271 0.298640 0.157586 0.000000
0.426332 0.089060 0.085695 0.000000
0.375200 -0.635954 0.329873 0.000000
0.017570 -0.455368 0.148936 0.000000
0.383806 -0.848845 0.428188 0.000000
0.284535 -1.014312 0.241525 0.000000
0.460933 0.083183 0.137300 0.000000
0.385655 0.018828 0.236477 0.000000
0.327914 -0.784887 0.199887 0.000000
0.188309 -0.202727 -0.040732 0.000000
0.190785 -0.142430 0.433196 0.000000
0.244900 -0.076462 0.363325 0.000000
0.371134 -0.589173 0.311149 0.000000
0.351524 -0.445489 0.270063 0.000000
0.307167 -1.100657 0.226339 0.000000
0.426016 0.138921 0.092423 0.000000
0.359777 -0.421886 0.230344 0.000000
0.342344 0.335344 0.158877 0.000000
0.354720 0.073108 0.194804 0.000000
0.524251 -0.110336 0.113959 0.000000
0.348743 0.293873 0.179722 0.000000
0.415401 0.202076 0.107050 0.000000
0.384983 0.271435 0.118559 0.000000
0.379363 0.398899 0.144823 0.000000
0.311897 -0.911114 0.246751 0.000000
0.276890 -0.131633 -0.006125 0.000000
0.447170 0.001107 0.220504 0.000000
0.231394 -0.185354 -0.014573 0.000000
0.026374 -0.419528 0.174480 0.000000
0.267097 -1.091549 0.239370 0.000000
0.406623 -0.941510 0.496530 0.000000
0.184443 -0.200602 0.489797 0.000000
0.401755 0.117965 0.061300 0.000000
0.299302 -0.004279 0.053565 0.000000
0.336720 0.303907 0.099296 0.000000
0.570940 -0.135962 0.115431 0.000000
0.327671 -0.842575 0.204101 0.000000
0.156590 -0.287663 0.167735 0.000000
0.208343 -0.099770 0.392385 0.000000
0.325103 0.167577 0.122731 0.000000
0.325127 -1.044396 0.228901 0.000000
0.479485 0.041474 0.125007 0.000000
0.529333 -1.192511 0.137580 1.000000
0.321790 -0.690082 0.201244 0.000000
0.416679 0.256086 0.163020 0.000000
0.484472 -0.115335 0.046771 0.000000
0.454909 0.056552 0.118589 0.000000
0.354834 0.105903 0.154595 0.000000
0.524931 -0.198762 0.131892 0.000000
0.263577 0.004065 0.317345 0.000000
0.185890 -0.266275 0.564376 0.000000
0.333523 0.218174 0.164799 0.000000
0.362414 -0.620930 0.312006 0.000000
0.366982 0.426175 0.113287 0.000000
0.346608 0.433736 0.144725 0.000000
0.419726 0.243088 0.132836 0.000000
0.438356 0.042059 0.198545 0.000000
0.185978 -0.231598 0.530250 0.000000
0.327756 0.053945 0.181466 0.000000
0.451952 -1.040779 0.190682 1.000000
0.300968 -1.061341 0.229361 0.000000
0.292408 -0.962003 0.248559 0.000000
0.341346 -0.443275 0.182719 0.000000
0.330901 -0.366782 0.201489 0.000000
0.316018 0.088576 0.065516 0.000000
0.341075 -0.801654 0.218709 0.000000
0.380155 -0.678710 0.345747 0.000000
0.343124 0.344172 0.111616 0.000000
0.140745 -0.223079 -0.043847 0.000000
0.426694 0.194186 0.127822 0.000000
0.329859 -0.998557 0.221952 0.000000
0.345910 0.383263 0.158711 0.000000
0.390484 0.336484 0.146673 0.000000
0.377102 -0.938608 0.221133 1.000000
0.338050 0.251953 0.208758 0.000000
0.094970 -0.237011 -0.050423 0.000000
0.289383 0.069428 0.270348 0.000000
0.199969 -0.197592 0.148860 0.000000
0.386634 0.073765 0.039557 0.000000
0.221983 -0.183814 0.159007 0.000000
0.261041 -0.092019 0.178648 0.000000
0.375951 0.036600 0.249893 0.000000
0.357824 -0.542683 0.265104 0.000000
0.121425 -0.293446 0.168674 0.000000
0.370928 -0.922908 0.174805 1.000000
0.304151 0.050525 0.297174 0.000000
0.395336 0.355395 0.124353 0.000000
0.460580 -0.031708 0.074468 0.000000
0.261457 -0.033809 0.343007 0.000000
0.265514 -1.117686 0.269680 0.000000
0.380378 0.316772 0.121964 0.000000
0.326684 -0.613816 0.206329 0.000000
0.315237 -0.918875 0.202391 0.000000
0.200447 -0.184350 0.446725 0.000000
-0.065619 -0.536101 0.124150 0.000000
0.311812 0.029196 0.186067 0.000000
0.294085 -1.055066 0.254302 0.000000
0.417017 0.228836 0.166086 0.000000
0.513659 -0.093366 0.138977 0.000000
0.341262 -0.405136 0.189325 0.000000
0.336925 -0.486795 0.182030 0.000000
0.344576 -0.653093 0.197789 0.000000
0.332620 0.140095 0.250973 0.000000
0.332141 -0.280995 0.203129 0.000000
0.365576 -0.915750 0.206296 1.000000
0.507019 -1.146576 0.153524 1.000000
0.449558 0.000979 0.182798 0.000000
0.340775 -0.343920 0.212293 0.000000
0.315905 -0.871593 0.215623 0.000000
0.287209 -0.035604 0.154685 0.000000
0.327475 -0.756098 0.201545 0.000000
0.246501 -0.135021 0.165827 0.000000
0.441620 0.069347 0.189764 0.000000
0.307129 -0.934208 0.223391 0.000000
0.510343 -0.187455 -0.005889 0.000000
0.502209 -0.256232 -0.064586 0.000000
0.324553 -0.025074 0.173686 0.000000
0.342347 0.208937 0.224237 0.000000
0.357643 -0.493900 0.257332 0.000000
0.263915 -1.120731 0.241809 0.000000
0.378184 0.485740 0.146659 0.000000
0.445520 0.029009 0.179407 0.000000
0.341138 0.208285 0.102009 0.000000
0.293064 -0.994433 0.222001 0.000000
0.322461 -1.099931 0.243243 0.000000
0.390851 -0.950446 0.189957 1.000000
0.303062 -0.076477 0.019321 0.000000
0.224603 -0.163594 0.148901 0.000000
0.321166 -0.885754 0.238098 0.000000
0.397318 -0.946937 0.544509 0.000000
0.293808 -0.911162 0.220155 0.000000
0.372056 0.443417 0.144834 0.000000
0.359258 0.280652 0.110596 0.000000
0.328255 0.262125 0.105812 0.000000
0.378712 -0.773388 0.386452 0.000000
0.368779 0.480495 0.117215 0.000000
0.500736 -0.153815 0.022609 0.000000
0.508616 -0.221492 -0.035994 0.000000
0.471573 -1.084215 0.180713 1.000000
0.327107 -0.508040 0.186022 0.000000
0.328018 -0.320376 0.192506 0.000000
0.014977 -0.437981 0.168830 0.000000
0.324567 -0.562804 0.197421 0.000000
0.438809 -0.012428 0.202037 0.000000
0.344653 -0.373137 0.226402 0.000000
0.357353 -0.536809 0.289470 0.000000
0.402379 0.280027 0.190080 0.000000
0.509253 -1.116469 0.170866 1.000000
0.134241 -0.332028 0.171175 0.000000
0.309628 0.102927 0.248519 0.000000
0.401825 0.208573 0.176008 0.000000
0.354763 -0.463134 0.256041 0.000000
0.358928 -0.577698 0.293710 0.000000
0.346483 0.171084 0.094398 0.000000
0.444260 0.153006 0.127340 0.000000
0.402275 0.150260 0.075023 0.000000
0.339721 -0.453201 0.202265 0.000000
0.336271 0.097293 0.075408 0.000000
0.394437 0.212220 0.107062 0.000000
0.436004 -1.019661 0.170381 1.000000
0.285984 -0.113086 0.006351 0.000000
0.586945 -1.300165 0.119641 1.000000
0.372925 0.044419 0.229258 0.000000
0.351337 0.384464 0.122002 0.000000
0.062845 -0.390894 0.171291 0.000000
-0.050071 -0.518350 0.130763 0.000000
0.528564 -0.218291 0.165511 0.000000
0.410315 0.286744 0.121897 0.000000
0.340755 -0.678882 0.196691 0.000000
0.393520 0.367095 0.164002 0.000000
0.412950 -0.005034 0.289443 0.000000
0.382590 0.466678 0.127826 0.000000
0.490005 -0.007131 0.131436 0.000000
0.336990 0.281819 0.097636 0.000000
0.276138 -0.988003 0.234597 0.000000
0.328771 -0.818563 0.221748 0.000000
0.553213 -1.210832 0.143714 1.000000
0.271718 -0.070459 0.171264 0.000000
0.179949 -0.252574 0.160662 0.000000
0.331376 0.146893 0.177818 0.000000
0.395398 0.254050 0.113409 0.000000
0.323892 0.016219 0.174236 0.000000
0.311490 -0.030607 0.040219 0.000000
0.334661 -0.230391 0.184863 0.000000
0.097559 -0.365801 0.167493 0.000000
0.425189 0.095429 0.205646 0.000000
0.349885 0.241513 0.099464 0.000000
0.513932 -0.093773 0.159847 0.000000
0.433460 0.044608 0.088929 0.000000
0.485718 -1.094706 0.153605 1.000000
0.340350 -0.746265 0.215655 0.000000
0.338587 -0.397584 0.243730 0.000000
0.480852 -0.030118 0.363513 0.000000
0.482114 -1.074495 0.158171 1.000000
0.339060 -0.541677 0.208598 0.000000
0.406688 0.297995 0.160392 0.000000
0.348077 -0.878368 0.192552 1.000000
0.154948 -0.267931 0.162072 0.000000
0.323174 -0.196060 0.184785 0.000000
0.405060 0.146756 0.214484 0.000000
0.395368 0.065097 0.230756 0.000000
0.238550 -0.123837 0.133936 0.000000
0.465558 -0.034966 0.192626 0.000000
0.327037 0.058177 0.064983 0.000000
0.586139 -1.278618 0.122660 1.000000
0.339034 0.128365 0.082763 0.000000
-0.023622 -0.490766 0.135241 0.000000
0.432344 -1.005212 0.205257 1.000000
0.411316 0.182330 0.104130 0.000000
0.437475 0.101274 0.169314 0.000000
0.573656 -1.241849 0.134169 1.000000
0.251529 -1.052214 0.239374 0.000000
0.327361 -0.712161 0.205457 0.000000
0.238197 -0.052865 0.356443 0.000000
0.281350 -0.966972 0.225321 0.000000
0.299924 -0.009371 0.172462 0.000000
0.337712 -0.850789 0.222579 0.000000
0.342781 -0.517715 0.194546 0.000000
0.332268 -0.094314 0.182362 0.000000
0.528453 -0.179406 0.161101 0.000000
0.390079 -0.953815 0.209967 1.000000
0.646081 -0.169981 0.094353 0.000000
0.500392 -0.057243 0.151351 0.000000
0.348082 0.364566 0.114852 0.000000
0.611186 -0.156814 0.108322 0.000000
0.295540 -1.073460 0.211349 0.000000
0.439137 0.024066 0.087438 0.000000
0.493440 -0.072487 0.116217 0.000000
0.549353 -1.230655 0.131439 1.000000
-0.007282 -0.469761 0.160398 0.000000
0.316360 -0.969941 0.204813 0.000000
0.185445 -0.179079 0.468395 0.000000
0.257116 -0.103425 0.161993 0.000000
0.475868 0.012082 0.141814 0.000000
0.324184 -0.417603 0.186283 0.000000
0.257602 -0.090515 0.139026 0.000000
0.350815 0.408139 0.132230 0.000000
0.270689 -1.020937 0.254313 0.000000
0.272294 -1.087369 0.259002 0.000000
0.387323 -0.865931 0.438656 0.000000
0.565972 -1.265917 0.125323 1.000000
0.403811 0.307377 0.125190 0.000000
0.405465 -0.807989 0.415692 0.000000
0.413588 0.167569 0.184426 0.000000
0.347587 0.223653 0.189295 0.000000
0.204838 -0.222737 0.171460 0.000000
0.397190 -0.902458 0.462953 0.000000
0.317457 0.020272 0.153510 0.000000
0.527416 -0.137743 0.161650 0.000000
0.349501 0.466159 0.141689 0.000000
-0.074414 -0.544609 0.140330 0.000000
0.386577 -0.819341 0.412742 0.000000
0.323271 -0.161342 0.190940 0.000000
0.342227 -0.476918 0.198248 0.000000
0.348726 0.272535 0.179322 0.000000
0.323546 -0.946161 0.225964 0.000000
0.274351 -1.054532 0.274566 0.000000
0.397833 0.183875 0.088357 0.000000
0.440359 0.014038 0.065801 0.000000
0.339090 0.118438 0.150196 0.000000
0.269869 -1.072288 0.236988 0.000000
0.192503 -0.219504 0.494920 0.000000
0.382409 -0.915144 0.489123 0.000000
0.402415 0.007183 0.277622 0.000000
0.330409 -0.256379 0.200938 0.000000
0.325796 -0.441137 0.195805 0.000000
0.301176 -0.054053 0.046768 0.000000
0.281205 -1.034174 0.244691 0.000000
0.409031 0.204466 0.125829 0.000000
0.324097 0.039653 0.058704 0.000000
0.380305 -0.022320 -0.017631 0.000000
0.304982 0.021659 0.057689 0.000000
0.406334 0.238448 0.117106 0.000000
0.473012 0.014404 0.110521 0.000000
0.293841 -1.044408 0.221398 0.000000
0.457054 -0.073298 0.055906 0.000000
0.345732 -0.623487 0.201874 0.000000
0.399585 0.186460 0.215654 0.000000
0.372723 -0.057059 -0.033284 0.000000
0.246395 -0.172915 -0.005238 0.000000
0.362344 -0.519457 0.282896 0.000000
0.375314 -0.732527 0.363496 0.000000
0.295300 -1.019150 0.224206 0.000000
0.339765 -0.575142 0.189278 0.000000
-0.054795 -0.511843 0.150760 0.000000
0.332079 -0.638172 0.210743 0.000000
0.332660 0.257903 0.171240 0.000000
0.337560 -0.357628 0.185934 0.000000
0.395444 0.407574 0.139705 0.000000
0.276074 0.020032 0.308680 0.000000
0.493124 -0.133084 0.171373 0.000000
0.319606 0.308104 0.109958 0.000000
0.333945 0.165324 0.075802 0.000000
0.376061 0.350523 0.119507 0.000000
0.264941 -0.148105 -0.011738 0.000000
0.437177 -1.041543 0.179004 1.000000
0.434990 -0.991776 0.600462 0.000000
0.386052 0.006202 0.005833 0.000000
0.333620 0.167768 0.228369 0.000000
0.296969 -0.979080 0.232155 0.000000
0.300882 -0.952052 0.227497 0.000000
0.520552 -1.160902 0.160537 1.000000
0.320620 -1.026150 0.228657 0.000000
0.296423 -1.111860 0.238622 0.000000
0.425703 0.070995 0.095440 0.000000
0.326452 -0.595829 0.199239 0.000000
0.332607 -0.880042 0.214858 0.000000
0.313324 -1.070565 0.243062 0.000000
0.327416 0.138619 0.072249 0.000000
0.443408 -0.070282 0.232596 0.000000
0.328053 -0.060650 0.190489 0.000000
0.121204 -0.317891 0.170538 0.000000
0.240733 -0.152625 0.163194 0.000000
0.395467 0.042580 0.013287 0.000000
0.537777 -1.183505 0.153680 1.000000
0.227052 -0.074757 0.371189 0.000000
0.447926 0.119443 0.130059 0.000000
0.416659 0.141531 0.190778 0.000000
0.483588 -0.039728 0.112380 0.000000
0.440986 0.092032 0.126053 0.000000
0.432290 -0.037413 0.214845 0.000000
0.286703 -0.088243 0.036244 0.000000
0.302945 -0.884744 0.218076 0.000000
0.324970 -0.336331 0.219871 0.000000
0.329470 0.116114 0.179402 0.000000
0.480355 -0.083971 0.059336 0.000000
0.226513 -0.109277 0.382697 0.000000
0.495179 -0.025141 0.132278 0.000000
0.389296 -0.713298 0.365397 0.000000
0.450339 -0.012126 0.077775 0.000000
0.390489 -0.885336 0.456657 0.000000
0.411414 0.144597 0.102546 0.000000
0.379260 0.380851 0.147309 0.000000
0.310504 -0.901201 0.226120 0.000000
0.386179 0.024182 0.276069 0.000000
0.344328 -0.720873 0.204561 0.000000
0.469703 0.038129 0.139969 0.000000
0.429281 0.162209 0.122715 0.000000
0.431021 -0.974474 0.596371 0.000000
0.337624 -0.326012 0.209721 0.000000
0.361717 -0.908867 0.189925 1.000000
0.430113 0.113374 0.182442 0.000000
0.380007 -0.788824 0.396770 0.000000
0.223249 -0.186292 -0.030678 0.000000
-0.039371 -0.493928 0.155838 0.000000
0.402299 0.064330 0.027887 0.000000
0.367186 -0.551280 0.297994 0.000000
0.321333 0.191576 0.114362 0.000000
0.079702 -0.373969 0.169749 0.000000
0.403758 0.365976 0.149234 0.000000
0.199353 -0.134387 0.418214 0.000000
0.397534 -0.967114 0.181952 1.000000
0.043486 -0.417987 0.167054 0.000000
0.387359 0.320350 0.153937 0.000000
0.424467 -0.112085 0.241658 0.000000
0.340717 -0.800115 0.200443 0.000000
0.304636 0.079682 0.269728 0.000000
0.522436 -0.160260 0.145766 0.000000
0.341422 0.226146 0.104461 0.000000
0.456392 -0.024554 0.341263 0.000000
0.611801 -1.306844 0.115858 1.000000
0.243915 -0.125918 0.150767 0.000000
0.400876 -0.873891 0.447533 0.000000
0.520127 -0.186131 0.143777 0.000000
0.138930 -0.290569 0.168152 0.000000
0.435874 0.144080 0.166401 0.000000
0.385534 0.288745 0.113381 0.000000
0.428187 0.133685 0.179519 0.000000
0.095602 -0.334883 0.174296 0.000000
0.339406 -0.540256 0.186204 0.000000
0.334629 0.293749 0.166306 0.000000
0.343979 -0.432244 0.252948 0.000000
0.427339 -1.006631 0.182483 1.000000
0.343093 0.193712 0.092154 0.000000
-0.096648 -0.564948 0.129215 0.000000
0.294887 0.059061 0.284816 0.000000
0.430428 0.079602 0.199956 0.000000
0.399710 -0.925673 0.491791 0.000000
0.409500 -0.961070 0.526027 0.000000
0.322504 -0.963198 0.220320 0.000000
0.306571 0.000100 0.147905 0.000000
0.313900 0.069850 0.064781 0.000000
0.332109 -0.282826 0.185691 0.000000
-0.125048 -0.584527 0.122432 0.000000
0.381917 0.414597 0.131081 0.000000
0.381839 -0.936101 0.178478 1.000000
0.290268 -1.073813 0.255086 0.000000
0.379211 -0.834172 0.418370 0.000000
0.330933 -0.785253 0.217110 0.000000
0.197640 -0.213116 0.156889 0.000000
0.270308 -0.139929 0.008360 0.000000
0.397402 0.216210 0.209767 0.000000
0.507461 -0.076603 0.143040 0.000000
0.192229 -0.229717 0.509908 0.000000
0.376766 0.449222 0.129151 0.000000
0.319653 -0.306226 0.198132 0.000000
0.426645 -0.002701 0.324485 0.000000
0.320532 0.003546 0.050489 0.000000
0.262112 -1.043064 0.252428 0.000000
0.387856 0.444196 0.151901 0.000000
0.421484 -0.967850 0.558103 0.000000
0.510359 -0.159558 0.160419 0.000000
0.461077 -1.056400 0.163463 1.000000
0.319166 -0.883987 0.197631 0.000000
0.252927 -0.022304 0.333448 0.000000
0.330310 0.178445 0.166163 0.000000
0.292717 -0.023842 0.165920 0.000000
0.306444 -0.919814 0.232675 0.000000
0.290336 -0.931659 0.225663 0.000000
0.503381 -1.126496 0.149209 1.000000
0.338922 -0.357450 0.222759 0.000000
0.372071 -0.573654 0.303825 0.000000
0.375936 0.424525 0.145662 0.000000
0.288161 -1.064203 0.241146 0.000000
0.343849 -0.780053 0.203602 0.000000
0.364102 -0.925391 0.225789 1.000000
0.302311 -1.079912 0.225805 0.000000
0.312530 0.046369 0.182363 0.000000
0.290591 -0.945870 0.243426 0.000000
0.338364 0.186185 0.215420 0.000000
0.324412 0.126268 0.245453 0.000000
0.423760 -0.966984 0.582951 0.000000
0.330614 -0.906914 0.215763 0.000000
0.517307 -1.145377 0.167956 1.000000
0.330211 -0.128470 0.181781 0.000000
0.458500 -0.009384 0.193142 0.000000
0.313289 -1.113181 0.237429 0.000000
0.521738 -0.096601 0.123562 0.000000
0.332514 -0.390977 0.201056 0.000000
0.336823 -0.164901 0.181445 0.000000
0.349174 -0.409614 0.235175 0.000000
0.322876 -0.270630 0.192916 0.000000
0.422129 0.124920 0.122087 0.000000
0.341554 -0.825145 0.205181 0.000000
0.302676 -0.931568 0.207340 0.000000
0.468358 -0.073039 0.187990 0.000000
0.283429 -0.114450 0.026064 0.000000
0.443574 0.016939 0.216061 0.000000
0.212548 -0.126322 0.404548 0.000000
0.522519 -1.166180 0.141451 1.000000
0.452454 -1.022803 0.198045 1.000000
0.386538 -0.623845 0.332573 0.000000
0.387157 0.310156 0.137130 0.000000
0.352200 -0.896902 0.222864 1.000000
0.327323 -0.857736 0.211234 0.000000
0.292235 -1.149117 0.216840 0.000000
0.475976 -1.066063 0.176867 1.000000
0.374412 -0.653830 0.335002 0.000000
0.622942 -1.334315 0.115239 1.000000
0.269766 0.034803 0.297260 0.000000
0.368726 0.386575 0.116340 0.000000
0.309586 -1.013571 0.216312 0.000000
0.406506 0.255798 0.195771 0.000000
0.352167 0.425056 0.157958 0.000000
0.346460 0.139084 0.131547 0.000000
0.291744 -1.094612 0.224768 0.000000
0.476739 -0.102797 0.178726 0.000000
0.312442 -1.086973 0.237333 0.000000
0.490868 -1.137140 0.157169 1.000000
0.212734 -0.086855 0.383078 0.000000
0.399556 0.258885 0.165233 0.000000
0.318972 -0.039074 0.180332 0.000000
0.342352 -0.743496 0.199548 0.000000
0.369013 0.059186 0.201928 0.000000
0.376503 0.334193 0.125672 0.000000
0.429771 0.105009 0.087737 0.000000
0.324493 -0.222085 0.195964 0.000000
0.070998 -0.402270 0.162058 0.000000
0.339955 -0.332986 0.192192 0.000000
0.314744 -1.139810 0.241129 0.000000
0.475231 -0.005414 0.109739 0.000000
0.340906 0.260370 0.157251 0.000000
0.352953 0.353810 0.158828 0.000000
0.335961 -0.687169 0.211720 0.000000
0.454034 0.018464 0.190392 0.000000
0.389898 0.309642 0.182185 0.000000
0.276159 -0.059396 0.158494 0.000000
0.334761 -0.248115 0.187486 0.000000
0.325496 0.225740 0.114760 0.000000
0.544958 -1.198195 0.153926 1.000000
0.292977 -1.046448 0.237782 0.000000
0.388651 -0.639326 0.338805 0.000000
0.326290 -0.545176 0.196947 0.000000
0.345303 0.240824 0.198942 0.000000
0.353544 0.304374 0.168181 0.000000
0.396495 0.219596 0.092650 0.000000
0.392047 -0.934177 0.518526 0.000000
0.371661 0.441779 0.113649 0.000000
0.331894 -0.363182 0.238516 0.000000
0.399544 0.332802 0.162990 0.000000
0.316281 -0.988992 0.227066 0.000000
0.307734 -0.904127 0.204560 0.000000
0.336580 -0.559619 0.207913 0.000000
0.004285 -0.469493 0.146185 0.000000
0.324840 -0.653130 0.201284 0.000000
0.346374 0.084230 0.186404 0.000000
0.442171 -0.002694 0.067383 0.000000
0.102678 -0.349627 0.174110 0.000000
0.297903 -1.122744 0.226705 0.000000
0.395427 0.473931 0.116903 0.000000
0.388118 0.026040 0.251476 0.000000
0.325270 -0.401432 0.189665 0.000000
0.365248 -0.681473 0.337942 0.000000
0.406038 -0.957676 0.556373 0.000000
0.292241 -1.097848 0.245463 0.000000
0.363284 -0.602175 0.305786 0.000000
0.399164 0.349919 0.155276 0.000000
0.388272 0.113896 0.053573 0.000000
0.427623 0.178214 0.123646 0.000000
0.246307 -0.043716 0.346112 0.000000
0.400579 0.083626 0.037860 0.000000
0.382518 -0.702361 0.355415 0.000000
0.480145 0.027716 0.133889 0.000000
0.402301 0.225781 0.171325 0.000000
0.435714 -0.016014 0.319087 0.000000
0.418329 0.190948 0.173784 0.000000
0.370653 0.471744 0.147053 0.000000
0.434359 0.160721 0.167081 0.000000
0.468864 0.069031 0.130921 0.000000
0.299510 -0.019163 0.048048 0.000000
0.438318 -0.085203 0.236399 0.000000
0.333419 -0.311470 0.204989 0.000000
0.397419 0.309897 0.165264 0.000000
0.395997 0.288962 0.168415 0.000000
0.388097 0.030540 0.020455 0.000000
0.530763 -0.251952 0.179259 0.000000
0.436928 0.078794 0.079966 0.000000
0.286980 -1.006214 0.256949 0.000000
0.347166 0.450515 0.141947 0.000000
0.330743 0.029789 0.178608 0.000000
0.474427 -0.016745 0.368983 0.000000
0.312838 -0.864051 0.231174 0.000000
0.277440 -1.049564 0.251544 0.000000
0.414901 0.001800 0.310693 0.000000
0.189275 -0.251241 0.557395 0.000000
0.382549 -0.021917 0.253007 0.000000
0.470475 -1.099420 0.163088 1.000000
0.304219 -0.063857 0.029038 0.000000
0.332262 -0.235116 0.200910 0.000000
0.390936 0.404339 0.154445 0.000000
0.334955 0.201851 0.159604 0.000000
0.446521 -0.034269 0.062670 0.000000
0.273242 -1.023168 0.235098 0.000000
0.397101 0.090203 0.221696 0.000000
0.201742 -0.151522 0.426019 0.000000
0.387071 0.398432 0.129671 0.000000
0.348329 -0.884010 0.213827 1.000000
0.439763 0.132588 0.123951 0.000000
0.393380 -0.780700 0.396257 0.000000
0.454235 0.096733 0.133326 0.000000
0.287445 -0.036456 0.173479 0.000000
0.487790 -0.025557 0.146335 0.000000
0.447947 0.042958 0.115341 0.000000
0.495371 -1.124430 0.168361 1.000000
0.337116 0.130603 0.140676 0.000000
0.343789 0.258494 0.194215 0.000000
0.330350 0.350577 0.117724 0.000000
0.331744 -0.521215 0.204897 0.000000
0.333362 0.084343 0.173640 0.000000
0.401512 0.123287 0.217780 0.000000
0.341646 0.170621 0.113534 0.000000
0.227450 -0.196089 0.168057 0.000000
0.402559 -0.183393 0.282287 0.000000
0.184642 -0.238710 0.544309 0.000000
-0.021938 -0.483971 0.149444 0.000000
0.188997 -0.158543 0.440039 0.000000
0.467367 -0.031574 0.350946 0.000000
0.002989 -0.457492 0.156471 0.000000
0.290062 -1.060492 0.218490 0.000000
0.524347 -1.180601 0.146592 1.000000
0.349855 -0.460837 0.270840 0.000000
0.359073 -0.438128 0.230202 0.000000
0.374316 0.048683 0.211775 0.000000
0.330198 -0.770432 0.206288 0.000000
0.325312 -0.487747 0.191972 0.000000
0.454075 -1.047595 0.174919 1.000000
0.436617 0.057252 0.198443 0.000000
0.277305 -1.025912 0.271078 0.000000
0.284449 -1.128556 0.256097 0.000000
0.441707 0.002127 0.205673 0.000000
0.389096 0.004506 0.244540 0.000000
0.307792 -1.048089 0.226212 0.000000
0.110237 -0.331189 0.172724 0.000000
0.388683 0.325980 0.135871 0.000000
0.336833 -0.428793 0.182835 0.000000
0.341398 0.325859 0.105822 0.000000
0.434784 0.048928 0.074462 0.000000
0.332269 -0.211296 0.182696 0.000000
0.345375 -0.638910 0.203527 0.000000
0.343506 0.212795 0.199026 0.000000
0.285222 -1.095247 0.259277 0.000000
0.214171 -0.113636 0.394112 0.000000
0.395615 0.030217 0.236197 0.000000
0.487582 -0.021158 0.376947 0.000000
0.303145 -0.946383 0.210238 0.000000
0.337656 0.380548 0.127055 0.000000
0.330070 -0.021648 0.187301 0.000000
0.225992 -0.043089 0.357386 0.000000
0.318988 0.131797 0.228091 0.000000
0.359838 -0.501927 0.272448 0.000000
0.333251 0.155175 0.125139 0.000000
0.309004 0.035981 0.059841 0.000000
0.418302 -0.162374 0.267101 0.000000
0.254170 -0.160523 -0.008686 0.000000
0.250781 -0.119617 0.162938 0.000000
0.451414 0.041070 0.186153 0.000000
0.314156 -0.912706 0.216038 0.000000
0.334193 -0.197150 0.196506 0.000000
0.112751 -0.305596 0.172050 0.000000
0.390373 0.157975 0.068175 0.000000
0.417331 0.128182 0.100476 0.000000
0.273574 -1.001951 0.243026 0.000000
0.327916 -0.369447 0.187061 0.000000
0.299275 -1.010473 0.204389 0.000000
0.356652 0.439984 0.153895 0.000000
0.352444 -0.893787 0.192613 1.000000
0.355711 -0.479095 0.256836 0.000000
0.374922 0.487097 0.129100 0.000000
0.309785 -0.978792 0.216214 0.000000
0.189407 -0.187860 0.457043 0.000000
0.335826 -0.602665 0.210036 0.000000
0.331872 0.237433 0.211938 0.000000
0.414215 0.189772 0.134604 0.000000
0.350471 -0.421956 0.243367 0.000000
0.057660 -0.406940 0.170878 0.000000
0.345098 -0.316482 0.195120 0.000000
0.297326 -0.909761 0.243709 0.000000
0.388577 -0.904391 0.477026 0.000000
0.297399 -1.039514 0.205057 0.000000
0.299320 -0.931253 0.238794 0.000000
0.537040 -1.204223 0.142272 1.000000
0.418113 0.231729 0.123060 0.000000
0.321481 0.093057 0.173192 0.000000
0.324332 0.105542 0.267763 0.000000
0.462605 -0.049272 0.069521 0.000000
0.422041 -0.994692 0.205287 1.000000
0.339179 -0.590211 0.194432 0.000000
0.210036 -0.186247 0.149878 0.000000
0.343206 -0.466372 0.187804 0.000000
0.462012 -1.073574 0.167888 1.000000
0.359466 -0.530823 0.274045 0.000000
0.337562 0.307560 0.173282 0.000000
0.521692 -0.128481 0.147304 0.000000
0.439143 0.165646 0.134526 0.000000
0.416647 -0.136455 0.252409 0.000000
0.391927 0.341025 0.125711 0.000000
0.330799 0.071392 0.181744 0.000000
0.371393 -0.928500 0.212169 1.000000
0.299686 -0.992984 0.235931 0.000000
0.364589 -0.634229 0.319911 0.000000
0.344630 -0.385161 0.234773 0.000000
0.496010 -0.122962 0.040284 0.000000
0.302682 -0.972307 0.250154 0.000000
0.373182 -0.865529 0.434910 0.000000
0.440058 0.072382 0.175537 0.000000
0.482436 -0.099934 0.053397 0.000000
0.167693 -0.261131 0.164356 0.000000
0.337824 0.409064 0.138823 0.000000
0.517376 -0.118832 0.135514 0.000000
0.381774 0.033347 0.232828 0.000000
0.172544 -0.239488 0.157466 0.000000
0.343888 0.209499 0.087748 0.000000
0.306574 -1.030770 0.221861 0.000000
0.517237 -0.276809 0.192482 0.000000
0.400000 -0.199884 0.301459 0.000000
0.402729 0.223966 0.109042 0.000000
0.328738 0.156623 0.220460 0.000000
0.303751 -1.018291 0.235956 0.000000
0.372566 -0.666390 0.344890 0.000000
0.412311 0.242594 0.165996 0.000000
0.421474 -1.008754 0.196360 1.000000
0.373359 -0.621243 0.324022 0.000000
0.021985 -0.447248 0.160082 0.000000
0.353877 -0.342179 0.206427 0.000000
0.322308 -1.154165 0.245352 0.000000
0.341328 -0.846893 0.205730 0.000000
0.330695 -0.833848 0.220832 0.000000
0.293045 -1.139180 0.227241 0.000000
0.280390 -1.082246 0.247754 0.000000
0.364142 -0.528671 0.258895 0.000000
0.438325 0.087614 0.174254 0.000000
0.427639 0.103696 0.193083 0.000000
0.433054 -0.064991 0.223645 0.000000
0.355159 0.253965 0.110954 0.000000
0.345406 0.367116 0.155415 0.000000
0.291244 0.046787 0.291266 0.000000
0.321293 0.101268 0.069480 0.000000
0.365190 -0.063253 0.285775 0.000000
0.447664 -1.029112 0.183651 1.000000
0.328763 -0.102117 0.193795 0.000000
0.341496 -0.758051 0.199708 0.000000
0.259436 -0.009257 0.328343 0.000000
0.477617 -1.087707 0.166975 1.000000
0.536514 -0.116459 0.110034 0.000000
0.337256 0.236069 0.170067 0.000000
0.354457 0.393968 0.154771 0.000000
0.381927 -0.942823 0.205200 1.000000
0.343552 0.321387 0.164646 0.000000
0.313661 -0.897617 0.240371 0.000000
0.184930 -0.190636 0.479670 0.000000
0.563345 -0.048132 0.436567 0.000000
0.421307 0.172273 0.104938 0.000000
0.450635 0.071701 0.120470 0.000000
0.485122 0.001162 0.141849 0.000000
0.340817 0.284750 0.187131 0.000000
0.401501 0.106887 0.051976 0.000000
0.372510 -0.045862 0.266980 0.000000
0.193036 -0.210004 0.483602 0.000000
0.383756 0.347757 0.151960 0.000000
0.391628 0.381112 0.159788 0.000000
0.236444 -0.065143 0.363499 0.000000
0.238095 -0.175157 -0.022991 0.000000
0.331186 0.198313 0.102970 0.000000
0.324052 -0.580531 0.199402 0.000000
0.310003 0.016042 0.181265 0.000000
0.488129 -0.038090 0.156314 0.000000
0.412623 0.216174 0.170947 0.000000
0.344550 -0.814623 0.214085 0.000000
0.384174 -0.016212 -0.001661 0.000000
0.344313 0.093195 0.173925 0.000000
0.352031 -0.628754 0.306606 0.000000
0.309639 -0.882263 0.230202 0.000000
0.280375 -0.958679 0.237099 0.000000
0.076584 -0.360049 0.176890 0.000000
0.330585 -0.869545 0.203924 0.000000
0.479325 -0.128185 0.044349 0.000000
0.268595 -1.086607 0.275089 0.000000
0.328530 -0.474268 0.199925 0.000000
0.395864 0.200336 0.215213 0.000000
0.420219 0.099593 0.097574 0.000000
0.396394 -0.935155 0.505226 0.000000
0.370154 0.416978 0.123390 0.000000
0.387368 0.281296 0.130272 0.000000
0.327210 -0.673895 0.197742 0.000000
0.356441 -0.376337 0.219513 0.000000
0.411982 0.155176 0.190751 0.000000
0.048118 -0.428881 0.159572 0.000000
0.322758 0.115150 0.167159 0.000000
0.415620 -1.002587 0.172050 1.000000
0.355287 0.419682 0.117318 0.000000
0.314451 -0.852325 0.211741 0.000000
0.313610 0.024841 0.170347 0.000000
0.328806 -0.413038 0.199458 0.000000
0.238221 -0.101904 0.380777 0.000000
0.093218 -0.378998 0.166041 0.000000
0.420808 -0.975987 0.572693 0.000000
0.532667 -0.167721 0.151647 0.000000
0.329886 0.178880 0.115751 0.000000
0.333837 -0.078369 0.182856 0.000000
0.329528 0.292558 0.103038 0.000000
0.229187 -0.170871 0.159881 0.000000
0.318947 0.113952 0.249043 0.000000
0.337867 -0.706182 0.196487 0.000000
0.361759 -0.727725 0.359132 0.000000
0.339350 -0.730321 0.214495 0.000000
0.334190 0.154703 0.236191 0.000000
0.384051 -0.801864 0.403390 0.000000
0.395958 0.128900 0.067670 0.000000
0.443671 -0.979753 0.598752 0.000000
0.456425 -0.043043 0.185926 0.000000
0.399543 0.166990 0.086008 0.000000
0.297935 -0.086791 0.028175 0.000000
0.255808 0.014376 0.312194 0.000000
0.327820 -0.799229 0.206544 0.000000
0.324675 -0.053490 0.177597 0.000000
0.360539 -0.913269 0.176825 1.000000
0.386911 -0.762220 0.389613 0.000000
0.356368 0.293050 0.115980 0.000000
0.560590 -1.239041 0.130648 1.000000
0.321168 0.139997 0.171465 0.000000
0.460942 -0.061241 0.061391 0.000000
0.574273 -1.255459 0.128777 1.000000
0.398611 0.149190 0.226677 0.000000
0.393730 0.017093 0.285154 0.000000
0.339488 -0.864443 0.222160 0.000000
0.328715 -0.353636 0.198010 0.000000
0.177531 -0.212119 -0.035988 0.000000
0.449453 -0.011619 0.345022 0.000000
0.289290 -1.072790 0.229571 0.000000
0.362571 0.347978 0.118848 0.000000
0.456015 0.065193 0.139298 0.000000
0.486376 -0.052525 0.118635 0.000000
0.378270 -0.579154 0.317225 0.000000
0.245393 -0.029381 0.343208 0.000000
0.187351 -0.202164 0.145276 0.000000
0.200350 -0.197645 -0.036652 0.000000
0.303194 -0.041381 0.041807 0.000000
0.356578 -0.906873 0.214583 1.000000
0.339342 -0.618151 0.190046 0.000000
0.331210 -0.699084 0.206092 0.000000
0.339063 -0.501924 0.183631 0.000000
0.369917 -0.610214 0.315830 0.000000
0.440751 0.033243 0.208645 0.000000
0.288533 -0.969914 0.237621 0.000000
0.315078 -1.025128 0.241035 0.000000
0.431485 0.057482 0.092834 0.000000
0.406618 0.251399 0.121230 0.000000
0.368259 0.434107 0.124341 0.000000
0.368568 -0.923210 0.188180 1.000000
0.334051 0.250970 0.100698 0.000000
0.357411 0.065461 0.206336 0.000000
0.338676 -0.711218 0.212875 0.000000
0.331627 -0.340149 0.203022 0.000000
0.328173 -0.823911 0.209311 0.000000
0.395032 -0.853537 0.434141 0.000000
0.272114 -0.067210 0.148213 0.000000
0.357664 -0.460579 0.243075 0.000000
0.263602 -1.040918 0.234696 0.000000
0.393149 -0.948133 0.174415 1.000000
0.196294 -0.170007 0.444938 0.000000
0.332015 0.214765 0.109566 0.000000
0.402884 0.275708 0.124192 0.000000
0.447886 -1.025020 0.163940 1.000000
0.237380 -0.083639 0.371880 0.000000
0.265637 -1.048321 0.266406 0.000000
0.396630 0.245435 0.201271 0.000000
0.468249 0.095596 0.127184 0.000000
0.275949 0.009243 0.316792 0.000000
0.027373 -0.432553 0.166543 0.000000
0.343065 -0.489551 0.193838 0.000000
0.231494 -0.181629 0.168167 0.000000
0.399357 0.120042 0.230573 0.000000
0.320613 -0.180702 0.185283 0.000000
0.367936 -0.512245 0.298006 0.000000
0.334322 -0.297669 0.201738 0.000000
0.329262 0.338582 0.111406 0.000000
0.503936 -0.030971 0.387202 0.000000
0.519492 -0.255938 0.173317 0.000000
0.512122 -1.160339 0.149311 1.000000
0.341818 -0.668218 0.205595 0.000000
0.400049 -0.964164 0.213210 1.000000
0.322200 -0.146064 0.189820 0.000000
0.319459 -0.097972 0.181915 0.000000
0.345555 0.475550 0.150362 0.000000
0.526261 -0.149306 0.153887 0.000000
0.211169 -0.197897 0.156911 0.000000
0.254140 -0.067485 0.359974 0.000000
0.295359 -1.103060 0.210926 0.000000
0.336838 0.176178 0.239139 0.000000
0.330790 -0.985594 0.224758 0.000000
0.305138 0.089762 0.258972 0.000000
0.482832 -1.104258 0.162401 1.000000
0.361553 0.077581 0.180195 0.000000
0.444555 0.055829 0.187907 0.000000
0.441875 -1.032878 0.194979 1.000000
0.392022 0.395027 0.144050 0.000000
0.129562 -0.230591 -0.039355 0.000000
0.559391 -0.128949 0.116465 0.000000
-0.078127 -0.536924 0.128440 0.000000
0.258248 -0.096245 0.150924 0.000000
0.315073 0.084421 0.277317 0.000000
0.408818 -0.952108 0.535826 0.000000
0.389159 0.283881 0.158320 0.000000
0.503308 -0.052104 0.139537 0.000000
0.423869 0.168262 0.174697 0.000000
0.328030 0.206698 0.171356 0.000000
0.341958 -0.285084 0.194174 0.000000
0.433438 -0.006274 0.335211 0.000000
0.359010 -0.591280 0.299720 0.000000
0.346198 0.101693 0.163607 0.000000
0.332605 -0.508701 0.200247 0.000000
0.396348 0.076821 0.224878 0.000000
0.324238 -0.430645 0.188033 0.000000
0.180666 -0.260777 0.172139 0.000000
0.515531 -1.131193 0.167263 1.000000
0.531498 -0.209632 0.126625 0.000000
0.377585 -0.883032 0.457538 0.000000
0.335685 0.139494 0.164435 0.000000
0.186539 -0.244614 0.531861 0.000000
0.203601 -0.109686 0.400805 0.000000
0.484051 -1.080211 0.180403 1.000000
0.281460 -0.047856 0.155248 0.000000
0.314547 -1.128108 0.234803 0.000000
0.467763 -0.080733 0.057102 0.000000
0.367031 -0.645595 0.326467 0.000000
0.081289 -0.239583 -0.051410 0.000000
0.507773 -0.160753 0.011052 0.000000
0.558701 -1.231347 0.141037 1.000000
0.599345 -1.310386 0.117528 1.000000
0.355873 0.290377 0.102578 0.000000
0.266646 -0.082475 0.171229 0.000000
0.285391 -0.994675 0.240911 0.000000
0.293936 -0.993756 0.260703 0.000000
0.336505 0.128683 0.255896 0.000000
0.509000 -0.175808 -0.000224 0.000000
0.421231 0.206445 0.121753 0.000000
0.282861 -0.937018 0.237220 0.000000
0.514630 -0.099410 0.113059 0.000000
0.395573 0.194457 0.095853 0.000000
0.470765 -0.016355 0.116109 0.000000
0.319350 -0.935673 0.219289 0.000000
0.364530 -0.563890 0.296500 0.000000
0.180183 -0.259835 0.554035 0.000000
0.347753 -0.756446 0.210932 0.000000
0.289146 0.022462 0.310109 0.000000
0.302209 -0.003380 0.161223 0.000000
0.534273 -0.199238 0.164841 0.000000
0.189245 -0.222934 0.156770 0.000000
0.460534 0.017033 0.115532 0.000000
0.211271 -0.158935 0.421432 0.000000
0.303327 -1.056072 0.245347 0.000000
0.582347 -0.142247 0.114055 0.000000
0.327068 0.084544 0.071039 0.000000
0.216796 -0.174731 0.148259 0.000000
0.497994 -0.038568 0.131420 0.000000
-0.029782 -0.494574 0.145893 0.000000
0.343921 0.421594 0.148074 0.000000
-0.062079 -0.526452 0.133721 0.000000
0.267644 -1.076610 0.265722 0.000000
0.298770 -0.991724 0.209911 0.000000
0.503372 -0.076884 0.109314 0.000000
0.417399 -0.121768 0.246311 0.000000
0.180332 -0.270820 0.575290 0.000000
0.341214 0.161102 0.088269 0.000000
0.359290 -0.408674 0.227326 0.000000
0.574551 -1.275937 0.127492 1.000000
0.220354 -0.156265 0.139256 0.000000
0.321543 -0.894905 0.224443 0.000000
0.437410 0.186271 0.129506 0.000000
0.335058 -0.452616 0.190347 0.000000
0.331411 -0.152451 0.196010 0.000000
0.442830 -0.990936 0.613004 0.000000
0.351788 0.115998 0.147348 0.000000
0.220592 -0.097900 0.386378 0.000000
-0.051123 -0.507989 0.139146 0.000000
0.386650 0.430729 0.151320 0.000000
0.391054 0.371842 0.126441 0.000000
0.279639 -1.056275 0.263098 0.000000
-0.085532 -0.550674 0.138888 0.000000
0.492504 -0.148659 0.031666 0.000000
0.347158 0.373996 0.167356 0.000000
0.294851 -1.005735 0.215349 0.000000
-0.042383 -0.508017 0.152355 0.000000
0.503409 -1.131226 0.161213 1.000000
0.319235 0.036242 0.177880 0.000000
0.526430 -1.169514 0.153058 1.000000
0.337826 -0.377358 0.187386 0.000000
0.377878 0.412048 0.146863 0.000000
0.337950 -0.524469 0.184969 0.000000
0.326862 -0.295188 0.191808 0.000000
0.396264 0.317515 0.124396 0.000000
0.231875 -0.154015 0.152798 0.000000
0.425443 0.124396 0.091569 0.000000
0.300953 0.068641 0.275312 0.000000
0.108765 -0.358667 0.167759 0.000000
0.344836 -0.791852 0.211718 0.000000
0.267272 -1.030975 0.246509 0.000000
0.310531 -0.010383 0.048522 0.000000
0.534041 -0.228460 0.171192 0.000000
0.336194 -0.393597 0.181694 0.000000
0.326201 -0.744280 0.205590 0.000000
0.307637 -0.857690 0.220808 0.000000
0.297079 -0.903270 0.229334 0.000000
0.342465 0.399537 0.160677 0.000000
0.437577 -1.032053 0.169351 1.000000
0.333330 -0.809408 0.212089 0.000000
0.387337 0.350120 0.140196 0.000000
0.334276 -0.345173 0.222919 0.000000
0.335387 -0.570660 0.200762 0.000000
0.103465 -0.236647 -0.041251 0.000000
0.367133 -0.535810 0.297181 0.000000
0.383143 0.304640 0.120895 0.000000
0.262278 -0.092276 0.164856 0.000000
0.148678 -0.278291 0.165509 0.000000
0.328060 -0.067781 0.179722 0.000000
0.324127 -0.844397 0.218234 0.000000
0.434150 0.078753 0.184456 0.000000
0.383071 -0.724492 0.369066 0.000000
0.428590 -0.092227 0.233085 0.000000
0.374954 0.455491 0.144079 0.000000
0.405843 -0.942022 0.509489 0.000000
0.384397 -0.896329 0.460557 0.000000
0.512901 -0.199122 -0.010696 0.000000
0.326417 0.070519 0.065982 0.000000
0.326624 0.136519 0.238873 0.000000
0.396996 0.378072 0.146800 0.000000
0.312338 -0.971822 0.226109 0.000000
0.336691 0.264523 0.097090 0.000000
0.352836 -0.450509 0.258841 0.000000
0.511490 -0.083511 0.152978 0.000000
0.193711 -0.176278 0.456981 0.000000
0.331693 0.314750 0.106436 0.000000
0.423715 -0.144927 0.258602 0.000000
0.341025 0.350751 0.157906 0.000000
0.593292 -1.289574 0.119784 1.000000
0.437980 0.022558 0.074923 0.000000
0.514980 -0.106993 0.137974 0.000000
0.467569 -1.060787 0.184175 1.000000
0.279655 -0.123638 0.005718 0.000000
0.340372 0.199199 0.216992 0.000000
0.327675 0.008400 0.183284 0.000000
0.073650 -0.385180 0.170001 0.000000
0.298297 -1.093056 0.235048 0.000000
0.296109 -1.032929 0.215796 0.000000
0.336248 -0.535081 0.198623 0.000000
0.335910 -0.267436 0.198109 0.000000
0.396371 0.271254 0.113982 0.000000
0.336275 -0.857435 0.202048 0.000000
0.297149 -1.006345 0.234481 0.000000
0.325613 -0.630419 0.202751 0.000000
0.357243 -0.486417 0.267024 0.000000
0.325076 -0.257133 0.189934 0.000000
0.310301 0.010714 0.156252 0.000000
0.516387 -0.033312 0.397712 0.000000
0.425716 0.076020 0.084275 0.000000
0.408086 -0.187139 0.292545 0.000000
0.336377 -0.435219 0.194030 0.000000
0.154238 -0.255876 0.160119 0.000000
0.340859 -0.692845 0.196394 0.000000
0.340669 -0.609611 0.199690 0.000000
0.309445 -0.961563 0.210396 0.000000
0.446517 -0.011081 0.220900 0.000000
0.312968 -0.941280 0.231454 0.000000
0.330522 -0.169017 0.198450 0.000000
0.419811 0.150427 0.125206 0.000000
0.541632 -1.208217 0.131688 1.000000
0.340745 -0.347787 0.192419 0.000000
0.384503 0.027282 0.264382 0.000000
0.293696 -1.025552 0.237832 0.000000
0.154149 -0.221695 -0.039176 0.000000
0.385500 0.389694 0.152881 0.000000
0.328074 0.166423 0.173391 0.000000
0.546717 -1.219656 0.137185 1.000000
0.359846 -0.544153 0.277007 0.000000
0.463765 -1.071820 0.180370 1.000000
0.371112 -0.044457 -0.032739 0.000000
0.446899 0.139715 0.130720 0.000000
0.250039 -1.124530 0.246128 0.000000
0.348080 -0.353229 0.215467 0.000000
0.331230 0.072694 0.169690 0.000000
0.486642 -0.014818 0.140827 0.000000
0.331276 0.190337 0.160316 0.000000
0.441783 -0.037079 0.222339 0.000000
0.517066 -0.102367 0.151435 0.000000
0.234286 -0.131621 0.143178 0.000000
0.275455 -0.060155 0.176411 0.000000
0.325203 -0.206730 0.191380 0.000000
0.325965 -0.856711 0.226885 0.000000
0.474833 -1.073117 0.186612 1.000000
0.129346 -0.302699 0.168103 0.000000
0.121830 -0.333895 0.167695 0.000000
0.495392 -1.112407 0.167168 1.000000
0.292125 -0.943817 0.231512 0.000000
0.277337 -1.066952 0.245733 0.000000
0.308193 -1.071069 0.231530 0.000000
0.372571 0.473245 0.129148 0.000000
0.347670 -0.427894 0.263565 0.000000
0.339316 0.179082 0.226582 0.000000
0.330414 -0.033277 0.180258 0.000000
0.316797 0.101992 0.259078 0.000000
0.441163 0.163564 0.121387 0.000000
0.313738 0.013818 0.055136 0.000000
0.321622 -0.922928 0.211742 0.000000
0.330506 -0.890701 0.209721 0.000000
0.335745 -0.646414 0.202450 0.000000
0.387668 0.016988 -0.002412 0.000000
0.369197 0.352276 0.109816 0.000000
0.391742 0.063922 0.033546 0.000000
-0.017708 -0.474852 0.155959 0.000000
0.373551 -0.028287 -0.025518 0.000000
0.406214 -0.923526 0.481971 0.000000
0.402902 0.294115 0.127714 0.000000
0.407703 0.197642 0.177620 0.000000
0.422991 -0.983302 0.595570 0.000000
0.320482 0.061821 0.176177 0.000000
0.438560 0.030681 0.194907 0.000000
0.447662 0.107608 0.131646 0.000000
0.397433 -0.956755 0.201033 1.000000
0.036529 -0.410837 0.173610 0.000000
0.348453 0.258739 0.182875 0.000000
0.341950 0.181944 0.090569 0.000000
0.451747 -0.024288 0.071436 0.000000
0.329783 0.273249 0.101740 0.000000
0.397172 0.175752 0.220312 0.000000
0.335959 -0.416163 0.187454 0.000000
0.471524 0.023182 0.141716 0.000000
0.327508 -0.610179 0.195010 0.000000
0.417000 -0.004229 0.300617 0.000000
0.370310 -0.562333 0.307129 0.000000
0.338135 0.233250 0.158018 0.000000
0.295399 -0.891907 0.224308 0.000000
0.324802 -0.497849 0.198227 0.000000
0.332524 -0.379174 0.199659 0.000000
0.367773 -0.544908 0.287981 0.000000
0.388200 0.473736 0.107475 0.000000
0.334488 -0.110637 0.184819 0.000000
0.199151 -0.204681 -0.027162 0.000000
0.436120 0.036926 0.080276 0.000000
0.370661 -0.782982 0.388602 0.000000
0.294344 -0.920561 0.229623 0.000000
0.616191 -1.318012 0.121600 1.000000
0.333320 -0.484694 0.202963 0.000000
0.287264 -1.043978 0.247923 0.000000
0.352295 -0.438141 0.259009 0.000000
0.321471 -0.906713 0.223353 0.000000
0.507648 -0.065167 0.146159 0.000000
0.337514 -0.314430 0.186246 0.000000
0.395293 0.257479 0.190208 0.000000
0.402177 0.205129 0.101579 0.000000
0.061681 -0.380123 0.176075 0.000000
0.339400 0.236380 0.097497 0.000000
0.390205 -0.829589 0.419806 0.000000
0.186962 -0.225627 0.519667 0.000000
0.207863 -0.214359 0.163077 0.000000
0.404293 0.174209 0.109060 0.000000
0.339359 0.110548 0.158978 0.000000
0.266726 -0.101405 0.174289 0.000000
0.472946 -1.080984 0.152299 1.000000
0.360912 -0.451032 0.235392 0.000000
0.362868 -0.916244 0.217999 1.000000
0.252961 -0.045924 0.357168 0.000000
0.329092 0.127578 0.076512 0.000000
0.435905 -1.025964 0.180309 1.000000
0.405424 0.221694 0.203169 0.000000
0.397340 0.056703 0.238710 0.000000
0.355781 -0.902580 0.199622 1.000000
-0.057937 -0.518846 0.141897 0.000000
0.380601 -0.945185 0.192116 1.000000
0.297561 -1.106174 0.222506 0.000000
0.323993 0.022668 0.185010 0.000000
0.381738 -0.033596 -0.014792 0.000000
0.127362 -0.227162 -0.050337 0.000000
0.355391 0.469412 0.152003 0.000000
0.194937 -0.185926 0.468659 0.000000
0.472810 -1.077211 0.165070 1.000000
0.349562 0.235437 0.087505 0.000000
0.443313 0.057983 0.118020 0.000000
0.305454 0.061166 0.292498 0.000000
0.408242 0.266497 0.163407 0.000000
0.436310 0.103461 0.182318 0.000000
0.353601 -0.433632 0.240130 0.000000
0.335789 -0.405763 0.251591 0.000000
0.355091 0.267932 0.109198 0.000000
0.347541 0.396825 0.130528 0.000000
0.240868 -0.140723 0.157344 0.000000
0.437266 -0.025330 0.210766 0.000000
0.465713 -0.083394 0.183309 0.000000
0.398008 -0.817036 0.413091 0.000000
0.332263 -0.372129 0.231039 0.000000
0.522436 -0.120653 0.158222 0.000000
0.400613 0.158085 0.219401 0.000000
0.320841 0.103704 0.168489 0.000000
0.390664 0.124285 0.058287 0.000000
0.407139 -0.896550 0.464364 0.000000
0.336224 -0.551425 0.185248 0.000000
0.086071 -0.363667 0.171174 0.000000
0.388655 0.356556 0.165013 0.000000
0.365860 -0.745783 0.367332 0.000000
0.430172 0.205211 0.129171 0.000000
0.341214 -0.731941 0.200245 0.000000
-0.073565 -0.532139 0.137999 0.000000
0.503968 -0.230529 -0.041581 0.000000
0.408367 0.309428 0.161366 0.000000
0.346098 0.218788 0.096816 0.000000
0.408191 -0.950725 0.547356 0.000000
0.339419 -0.814296 0.224464 0.000000
0.499445 -1.120174 0.158415 1.000000
0.321899 -1.080975 0.240177 0.000000
0.537662 -1.193418 0.146313 1.000000
-0.028197 -0.491902 0.157955 0.000000
0.343929 -0.876370 0.203608 1.000000
0.012435 -0.451202 0.165233 0.000000
0.335202 -0.658268 0.202105 0.000000
0.235861 -0.023542 0.340328 0.000000
0.145900 -0.299749 0.168717 0.000000
0.304170 -0.919561 0.245305 0.000000
0.364048 0.467453 0.122237 0.000000
0.453863 -1.065158 0.165537 1.000000
0.397327 0.104655 0.231704 0.000000
0.278871 -0.978239 0.240084 0.000000
0.338888 -0.840815 0.216045 0.000000
0.459292 0.040503 0.116495 0.000000
0.322945 -0.014583 0.179471 0.000000
0.298752 -0.074910 0.029875 0.000000
0.502666 -0.268161 -0.066514 0.000000
0.382615 -0.903568 0.486827 0.000000
0.504528 -0.247753 -0.057182 0.000000
0.307113 0.004145 0.053824 0.000000
0.277346 -0.967136 0.245891 0.000000
0.442561 0.040301 0.178921 0.000000
0.394921 0.016244 0.273795 0.000000
0.398684 0.269527 0.192976 0.000000
0.320501 -1.035507 0.235219 0.000000
0.405087 0.251013 0.171394 0.000000
0.266020 -0.145515 -0.000669 0.000000
0.532603 -0.106344 0.120643 0.000000
0.391149 -0.959756 0.176015 1.000000
0.340905 0.370610 0.122509 0.000000
0.330396 -0.763648 0.215447 0.000000
0.327443 -0.172615 0.181056 0.000000
0.357273 0.096962 0.161229 0.000000
0.223327 -0.191633 -0.019605 0.000000
0.426393 -1.013765 0.172022 1.000000
0.338763 -0.645194 0.191532 0.000000
0.251192 -0.113239 0.153514 0.000000
0.257246 -1.021268 0.248301 0.000000
0.333799 -0.554322 0.195987 0.000000
0.399420 0.141473 0.068385 0.000000
0.435952 -0.110689 0.245424 0.000000
0.333609 -0.476170 0.189943 0.000000
0.036529 -0.426073 0.163149 0.000000
0.382202 0.474656 0.146130 0.000000
0.389647 -0.874907 0.446208 0.000000
0.336447 -0.246780 0.201388 0.000000
0.168342 -0.250538 0.160338 0.000000
0.360013 -0.498894 0.247423 0.000000
0.634120 -0.162479 0.093711 0.000000
-0.117464 -0.581582 0.131244 0.000000
0.395408 0.228392 0.100740 0.000000
0.345403 -0.685726 0.205622 0.000000
0.455029 -0.040343 0.067047 0.000000
0.416529 0.138111 0.122366 0.000000
0.271129 -0.070507 0.159962 0.000000
0.329121 0.040437 0.182062 0.000000
0.536554 -0.209997 0.167460 0.000000
0.324062 -0.518665 0.188373 0.000000
0.348794 -0.887211 0.201047 1.000000
0.448909 0.029778 0.190491 0.000000
0.495141 -0.047485 0.153495 0.000000
0.422148 0.156944 0.095735 0.000000
0.190092 -0.236412 0.520657 0.000000
0.510040 -0.213242 -0.028474 0.000000
0.314154 -0.926504 0.227942 0.000000
0.336300 0.063807 0.067977 0.000000
0.358140 -0.675895 0.330073 0.000000
0.320623 -0.881716 0.216942 0.000000
0.306539 0.003334 0.174791 0.000000
0.406772 0.004315 0.288587 0.000000
0.327235 -0.681235 0.207863 0.000000
0.429914 -0.985946 0.608602 0.000000
0.394184 0.180970 0.078150 0.000000
0.600890 -1.299348 0.118831 1.000000
0.336031 0.150658 0.249339 0.000000
0.386811 0.005832 -0.006172 0.000000
0.454444 0.007444 0.192398 0.000000
0.201276 -0.185885 0.142901 0.000000
0.352650 -0.905118 0.184521 1.000000
0.315971 0.027356 0.058295 0.000000
0.286417 0.061252 0.277836 0.000000
0.384191 -0.668598 0.348331 0.000000
0.581714 -1.266929 0.125036 1.000000
0.467175 -0.046101 0.194329 0.000000
0.384426 -0.946809 0.219100 1.000000
0.346550 -0.398728 0.235970 0.000000
0.450056 0.085645 0.136546 0.000000
0.283704 -1.053242 0.242784 0.000000
0.255932 -0.105998 0.172804 0.000000
0.359831 -0.511027 0.289777 0.000000
0.433873 0.123246 0.125609 0.000000
0.416585 0.176634 0.178638 0.000000
0.326849 -0.868333 0.214712 0.000000
0.329843 0.148469 0.076901 0.000000
0.403027 0.135892 0.215974 0.000000
0.333703 -0.621567 0.202475 0.000000
0.434990 -1.002988 0.215850 1.000000
0.337007 0.359538 0.119220 0.000000
0.389818 -0.694190 0.357421 0.000000
0.404272 -0.904519 0.471599 0.000000
0.338463 0.171245 0.084623 0.000000
0.459658 0.118478 0.125421 0.000000
0.327861 -0.135940 0.189679 0.000000
0.501360 -0.143462 0.027396 0.000000
0.379505 -0.645312 0.340846 0.000000
0.284744 -1.017243 0.252250 0.000000
0.318494 -0.875448 0.204714 0.000000
0.325437 -0.039868 0.189339 0.000000
0.352476 -0.471732 0.249170 0.000000
0.307729 0.060587 0.065099 0.000000
0.312520 -0.019570 0.042609 0.000000
0.392650 0.281426 0.117735 0.000000
0.319796 -0.978691 0.221600 0.000000
0.471736 0.051917 0.132671 0.000000
0.341224 0.197857 0.082038 0.000000
0.344442 -0.778861 0.214611 0.000000
0.329670 -0.309500 0.194688 0.000000
0.349625 -0.384792 0.221738 0.000000
0.425009 -0.997062 0.177394 1.000000
0.298888 -1.068544 0.220701 0.000000
0.347154 -0.333501 0.207922 0.000000
0.326319 -0.121494 0.189653 0.000000
0.552812 -1.199387 0.146210 1.000000
0.388283 0.415617 0.148127 0.000000
0.350068 0.283454 0.176240 0.000000
0.297462 -0.984571 0.219599 0.000000
0.342369 0.265503 0.166927 0.000000
0.311773 -1.019574 0.227882 0.000000
0.198853 -0.223539 0.162193 0.000000
0.319041 0.047285 0.064886 0.000000
0.320235 -0.951758 0.217049 0.000000
0.338625 0.146567 0.129458 0.000000
0.432728 0.152359 0.126278 0.000000
0.141396 -0.321292 0.169358 0.000000
0.349900 -0.366130 0.219702 0.000000
0.501341 -0.164585 0.020355 0.000000
0.284276 -0.041646 0.164293 0.000000
0.341172 -0.564558 0.186590 0.000000
0.286865 -0.941730 0.221798 0.000000
0.333592 -0.721204 0.212281 0.000000
0.343469 0.287469 0.164419 0.000000
0.334602 -0.834397 0.201623 0.000000
0.559172 -1.220462 0.139526 1.000000
0.581598 -1.288244 0.119883 1.000000
0.365815 -0.528411 0.288255 0.000000
0.390816 0.085951 0.042348 0.000000
0.503709 -0.067663 0.156868 0.000000
0.289658 -1.035667 0.236383 0.000000
0.336318 -0.824737 0.216712 0.000000
0.446256 0.018110 0.180441 0.000000
0.407529 0.194566 0.108474 0.000000
0.327420 0.006041 0.172152 0.000000
0.304108 -0.999564 0.226103 0.000000
0.163285 -0.279075 0.166426 0.000000
0.292860 -0.023901 0.154955 0.000000
0.383918 -0.949207 0.180211 1.000000
0.280042 -0.948529 0.241188 0.000000
0.408743 0.005066 0.301800 0.000000
0.276579 -1.043931 0.272989 0.000000
0.331653 -0.188837 0.186996 0.000000
0.391849 0.295657 0.119050 0.000000
0.493481 -0.060986 0.115924 0.000000
0.332403 0.176171 0.217483 0.000000
0.320517 -1.093581 0.234074 0.000000
0.389948 0.265556 0.126318 0.000000
0.447039 -1.037654 0.176378 1.000000
0.331933 -0.154940 0.183507 0.000000
0.329104 0.151499 0.168186 0.000000
0.390336 -0.920153 0.494711 0.000000
0.366191 -0.579466 0.311827 0.000000
0.357466 -0.567663 0.289086 0.000000
0.345154 -0.737780 0.208574 0.000000
0.208009 -0.134298 0.410977 0.000000
0.434340 0.069034 0.197878 0.000000
0.358490 -0.588202 0.289273 0.000000
0.412667 0.181161 0.128102 0.000000
0.397927 0.249636 0.103775 0.000000
0.487520 0.003461 0.131209 0.000000
0.330518 -0.799307 0.217525 0.000000
0.319698 -1.067624 0.232547 0.000000
0.431166 -0.974671 0.580860 0.000000
0.298963 -0.059874 0.037688 0.000000
0.295881 -1.084784 0.208070 0.000000
0.274574 -1.092542 0.247204 0.000000
0.346707 0.443316 0.156770 0.000000
0.371867 0.413767 0.113150 0.000000
0.424265 0.081658 0.096955 0.000000
0.426876 0.123449 0.184895 0.000000
0.350283 -0.892088 0.233514 0.000000
0.294348 -1.000933 0.250976 0.000000
0.248200 -1.059858 0.246326 0.000000
0.305876 -0.907153 0.234370 0.000000
0.335373 -0.466002 0.201522 0.000000
0.442104 0.062304 0.178975 0.000000
0.395316 -0.961114 0.191338 1.000000
0.239125 -0.177664 -0.011719 0.000000
0.432596 -1.010268 0.193497 1.000000
0.329891 -0.358259 0.229077 0.000000
0.605195 -0.149084 0.112959 0.000000
0.354952 -0.469701 0.264920 0.000000
0.324614 -0.226418 0.185448 0.000000
0.296549 -1.070818 0.239447 0.000000
0.310824 0.036581 0.171088 0.000000
0.212963 -0.189467 -0.031688 0.000000
0.469729 -1.097379 0.173678 1.000000
0.429449 0.090228 0.197182 0.000000
0.600827 -1.281876 0.123509 1.000000
0.395256 0.336457 0.172699 0.000000
0.394306 -0.957884 0.220074 1.000000
0.333460 -0.201149 0.186176 0.000000
0.313315 -1.014605 0.239411 0.000000
0.335186 -0.223525 0.196094 0.000000
0.265448 0.018627 0.307463 0.000000
0.251909 -0.129046 0.172995 0.000000
0.317627 -0.861673 0.220140 0.000000
0.402610 0.196921 0.121607 0.000000
0.316471 -0.917713 0.235997 0.000000
0.348223 0.236524 0.187091 0.000000
0.337199 0.322884 0.156089 0.000000
0.335583 0.118708 0.079510 0.000000
0.522476 -0.173268 0.154605 0.000000
0.335295 -0.334508 0.215874 0.000000
0.263360 -0.025076 0.337057 0.000000
0.575644 -1.231488 0.136166 1.000000
0.459200 0.073253 0.132911 0.000000
-0.014804 -0.488043 0.141709 0.000000
0.335607 -0.756547 0.208528 0.000000
0.387428 0.040741 0.023644 0.000000
0.094670 -0.355875 0.170718 0.000000
0.378628 -0.871825 0.442742 0.000000
0.330188 -0.330716 0.195894 0.000000
0.491302 -0.043996 0.106353 0.000000
0.353215 0.458012 0.147501 0.000000
0.426801 0.115260 0.116815 0.000000
0.475211 -0.028472 0.114926 0.000000
0.345175 0.267738 0.189062 0.000000
0.334396 0.137770 0.080794 0.000000
0.463712 -1.063133 0.171407 1.000000
0.316951 -1.000641 0.228046 0.000000
0.415724 0.172781 0.095865 0.000000
0.369544 -0.068949 0.293654 0.000000
0.287835 -0.107056 0.016034 0.000000
0.387084 0.016265 0.009278 0.000000
0.404091 0.287729 0.161477 0.000000
0.550392 -1.241813 0.129370 1.000000
0.356184 0.275469 0.101771 0.000000
0.220702 -0.068121 0.365826 0.000000
0.362629 0.424932 0.122937 0.000000
0.079425 -0.370817 0.179897 0.000000
0.424000 -0.126274 0.254924 0.000000
0.343797 -0.835659 0.206764 0.000000
0.384984 0.442784 0.131021 0.000000
0.416238 -0.959583 0.563630 0.000000
0.328912 -0.575226 0.191621 0.000000
0.399419 -0.945177 0.534272 0.000000
0.434169 0.085586 0.121141 0.000000
0.327468 0.250010 0.165963 0.000000
0.422328 0.132163 0.189139 0.000000
0.497916 -0.142795 0.167163 0.000000
0.440957 0.011697 0.076104 0.000000
0.469153 -0.057435 0.067974 0.000000
0.483620 -0.128439 0.171362 0.000000
0.339291 0.162878 0.120346 0.000000
0.532185 -0.188124 0.165787 0.000000
0.385090 0.406078 0.138154 0.000000
0.564039 -1.253263 0.127294 1.000000
0.376643 -0.600458 0.322106 0.000000
0.301553 -0.030408 0.045154 0.000000
-0.005889 -0.459755 0.165581 0.000000
0.282843 -0.117672 0.015338 0.000000
0.336765 -0.632365 0.201765 0.000000
0.397378 -0.891986 0.461117 0.000000
0.334534 -0.496046 0.191148 0.000000
0.376673 -0.929570 0.185861 1.000000
0.437978 0.049852 0.205853 0.000000
0.282385 -0.045278 0.145057 0.000000
0.621086 -0.159660 0.106036 0.000000
0.278612 0.029350 0.302467 0.000000
0.362706 -0.513608 0.273007 0.000000
0.235333 -0.161666 0.163250 0.000000
0.392770 0.207309 0.097378 0.000000
0.397760 -0.864874 0.441483 0.000000
0.390189 0.035585 0.243447 0.000000
0.288421 -0.097933 0.031511 0.000000
0.425956 0.145363 0.184713 0.000000
0.304610 -0.050390 0.036572 0.000000
0.297060 -0.014446 0.182379 0.000000
0.311717 -0.936887 0.206700 0.000000
0.389146 -0.773749 0.387621 0.000000
0.451513 -1.054818 0.167506 1.000000
0.306197 -1.010178 0.225650 0.000000
0.395643 0.194126 0.084020 0.000000
0.189348 -0.200289 0.480525 0.000000
0.343138 0.166340 0.239285 0.000000
0.296655 -0.090324 0.017676 0.000000
0.339410 -0.676544 0.211502 0.000000
0.240232 -1.114807 0.248036 0.000000
0.331156 0.227843 0.106193 0.000000
0.530098 -1.211866 0.144061 1.000000
0.338483 0.247356 0.166181 0.000000
0.297369 -0.014875 0.162845 0.000000
0.395582 0.294087 0.159038 0.000000
0.335205 -0.591723 0.204355 0.000000
0.287336 -1.063998 0.252966 0.000000
0.612627 -1.336017 0.114936 1.000000
0.467782 0.015676 0.147962 0.000000
0.452752 -0.033713 0.183003 0.000000
0.341416 -0.768223 0.206380 0.000000
0.377042 0.339784 0.116885 0.000000
0.328128 -0.326862 0.215528 0.000000
0.296050 -0.092835 0.036744 0.000000
0.299383 -1.053660 0.222493 0.000000
0.377579 0.435129 0.147897 0.000000
0.241852 -0.158720 0.171570 0.000000
0.460339 -1.053086 0.181177 1.000000
0.434211 0.134551 0.170269 0.000000
0.015812 -0.459705 0.158244 0.000000
0.403689 0.322699 0.165079 0.000000
-0.005188 -0.473431 0.150748 0.000000
0.334779 -0.524789 0.195582 0.000000
0.354750 0.443776 0.144245 0.000000
0.377836 -0.825396 0.412973 0.000000
0.512162 -0.162962 0.150766 0.000000
0.336576 -0.275434 0.191520 0.000000
0.470866 0.003769 0.111833 0.000000
0.397839 0.238218 0.111146 0.000000
0.336937 -0.787713 0.204738 0.000000
0.340370 -0.810314 0.204522 0.000000
0.433837 0.100181 0.123655 0.000000
0.369728 0.050135 0.220966 0.000000
0.337380 -0.717800 0.197503 0.000000
0.274672 -1.015380 0.244524 0.000000
0.267807 -1.061442 0.264682 0.000000
0.319658 -0.311765 0.206889 0.000000
0.332012 0.125212 0.175148 0.000000
0.189124 -0.209858 0.493254 0.000000
0.308879 -1.129901 0.243270 0.000000
0.468009 -1.084440 0.171004 1.000000
0.352778 0.416835 0.150461 0.000000
0.491050 -0.125482 0.178056 0.000000
0.299270 -1.047489 0.213168 0.000000
0.252359 -0.098627 0.142685 0.000000
0.458632 -0.024904 0.191643 0.000000
0.384581 0.369873 0.151648 0.000000
0.312304 -1.061821 0.228274 0.000000
0.384940 0.450233 0.144049 0.000000
0.144109 -0.269282 0.161838 0.000000
0.505837 -0.077294 0.120223 0.000000
0.372091 0.359717 0.116359 0.000000
0.327203 -0.587372 0.192345 0.000000
0.479506 -1.089759 0.177131 1.000000
0.388601 0.307542 0.152916 0.000000
0.396186 -0.844386 0.429519 0.000000
0.396524 0.303360 0.176835 0.000000
0.435560 0.081582 0.208676 0.000000
0.449216 0.015500 0.085487 0.000000
0.275024 -1.087718 0.283066 0.000000
0.509930 -1.139170 0.161959 1.000000
0.378581 0.326983 0.118613 0.000000
0.206014 -0.145231 0.419076 0.000000
0.323323 -0.473476 0.191081 0.000000
0.359070 -0.484717 0.248729 0.000000
0.338263 -0.387367 0.244851 0.000000
0.335585 -0.396072 0.192676 0.000000
0.342158 0.442568 0.147515 0.000000
0.104220 -0.231651 -0.050192 0.000000
0.324609 -0.086294 0.186234 0.000000
0.392962 0.326151 0.147586 0.000000
0.323862 0.270034 0.110652 0.000000
0.321116 -0.935168 0.230320 0.000000
0.506136 -1.126177 0.169856 1.000000
0.374442 -0.939678 0.186064 1.000000
0.524613 -0.095493 0.113796 0.000000
0.342768 0.217183 0.209039 0.000000
0.288659 -0.980478 0.237960 0.000000
0.462453 -0.065353 0.184709 0.000000
0.034496 -0.425722 0.174020 0.000000
0.081069 -0.382446 0.163525 0.000000
0.434709 0.111774 0.173461 0.000000
0.230646 -0.181881 -0.024900 0.000000
0.349800 0.479021 0.141745 0.000000
0.349531 0.251679 0.098538 0.000000
0.318973 0.078934 0.067095 0.000000
0.306918 -0.893403 0.231635 0.000000
0.295960 -0.006322 0.146462 0.000000
0.436158 -0.081508 0.225995 0.000000
0.198932 -0.190544 0.460438 0.000000
0.330282 0.094994 0.177940 0.000000
0.107902 -0.340982 0.171187 0.000000
0.450873 0.130319 0.130167 0.000000
0.203506 -0.204471 0.155604 0.000000
0.613456 -1.296840 0.114956 1.000000
0.341280 0.237606 0.208059 0.000000
0.404475 0.477202 0.120218 0.000000
0.322243 0.128269 0.174296 0.000000
0.413573 -0.951074 0.526914 0.000000
0.285888 -0.957274 0.228693 0.000000
0.317175 -1.038507 0.226112 0.000000
0.322850 0.031055 0.156361 0.000000
0.338232 0.194913 0.225934 0.000000
0.349846 -0.425002 0.233713 0.000000
0.332825 0.111785 0.170866 0.000000
0.338042 0.293889 0.183719 0.000000
0.443353 -0.011216 0.211265 0.000000
0.088493 -0.246351 -0.049145 0.000000
0.175896 -0.265376 0.562927 0.000000
0.487554 -0.029832 0.371705 0.000000
0.462549 0.028689 0.140160 0.000000
0.350249 -0.908206 0.224331 1.000000
0.420403 0.244074 0.122786 0.000000
0.514174 -0.092490 0.149161 0.000000
0.339760 -0.662508 0.194143 0.000000
0.293295 -1.015482 0.236428 0.000000
0.397194 0.054914 0.022803 0.000000
0.344160 -0.564689 0.196748 0.000000
0.481978 0.015997 0.134785 0.000000
0.333000 -0.687488 0.202073 0.000000
0.327868 0.106462 0.075111 0.000000
0.451790 0.145125 0.123744 0.000000
0.485360 -0.029841 0.107047 0.000000
0.295538 0.080311 0.261042 0.000000
0.533041 -0.170437 0.161518 0.000000
0.301634 -0.954884 0.215443 0.000000
0.197023 -0.142322 0.425279 0.000000
-0.093047 -0.555784 0.131353 0.000000
0.308732 -1.054943 0.236920 0.000000
0.131071 -0.322473 0.171392 0.000000
0.324731 -1.163246 0.239576 0.000000
0.395024 0.359263 0.157718 0.000000
0.524288 -0.188794 0.157327 0.000000
0.457434 -0.016879 0.348130 0.000000
0.385295 0.380388 0.123177 0.000000
0.328266 -0.459472 0.196096 0.000000
0.245144 -0.117901 0.143730 0.000000
0.398070 0.074051 0.234407 0.000000
0.347959 -0.401016 0.226291 0.000000
0.422883 0.187165 0.121742 0.000000
-0.126154 -0.591584 0.129479 0.000000
0.494312 -1.130727 0.149802 1.000000
0.260372 -0.153159 -0.004392 0.000000
0.290798 -0.956093 0.240635 0.000000
0.129794 -0.286534 0.167396 0.000000
0.354801 -0.453152 0.249154 0.000000
0.380683 -0.659760 0.341112 0.000000
0.306834 -0.949971 0.235267 0.000000
0.331066 -0.919915 0.213085 0.000000
0.388346 -0.700795 0.364778 0.000000
0.286309 -1.004489 0.272033 0.000000
0.336977 -0.160170 0.190358 0.000000
0.389298 -0.786833 0.402998 0.000000
0.415529 -0.960080 0.553682 0.000000
0.395565 0.024075 0.245126 0.000000
0.303470 -0.998662 0.215332 0.000000
0.326681 0.301184 0.107164 0.000000
0.382978 -0.780415 0.392298 0.000000
0.282068 0.042963 0.292106 0.000000
0.380956 -0.927239 0.173984 1.000000
0.343723 0.459173 0.150330 0.000000
0.281010 -1.100505 0.251925 0.000000
0.270518 -1.040949 0.247504 0.000000
0.324487 0.200547 0.111381 0.000000
0.420072 0.147230 0.096445 0.000000
0.574010 -1.295072 0.121075 1.000000
0.325872 -0.362068 0.193540 0.000000
0.319823 0.126344 0.236381 0.000000
0.046073 -0.408494 0.170021 0.000000
0.326280 -0.662349 0.197811 0.000000
0.338144 0.389245 0.156981 0.000000
0.436325 0.142221 0.126190 0.000000
0.224590 -0.114272 0.392004 0.000000
0.299927 -1.041015 0.229776 0.000000
0.330628 0.230748 0.164034 0.000000
0.343197 -0.581154 0.196409 0.000000
0.475768 -0.111028 0.048881 0.000000
0.335159 -0.601272 0.200227 0.000000
0.309109 -1.091274 0.228938 0.000000
0.340228 -0.364949 0.229846 0.000000
0.340960 0.197036 0.104107 0.000000
0.398156 -0.916422 0.488403 0.000000
0.294690 -1.150143 0.226395 0.000000
0.368883 -0.672246 0.337648 0.000000
0.331442 0.264378 0.163830 0.000000
0.413630 0.200134 0.133469 0.000000
0.385911 0.100290 0.047586 0.000000
0.435070 0.170584 0.126961 0.000000
0.436503 0.050753 0.190964 0.000000
0.362148 -0.691024 0.340574 0.000000
0.429185 0.142803 0.175714 0.000000
0.515383 -1.174039 0.141317 1.000000
0.338572 0.259895 0.202502 0.000000
0.376023 0.376739 0.120550 0.000000
0.316053 -0.963501 0.229955 0.000000
0.360809 -0.543404 0.297263 0.000000
0.341048 -0.627786 0.191424 0.000000
0.344545 0.222620 0.198934 0.000000
0.332141 -0.239489 0.191518 0.000000
0.372281 -0.571890 0.313546 0.000000
0.419650 0.107204 0.090072 0.000000
0.296338 -1.064806 0.206684 0.000000
0.372310 -0.925817 0.200053 1.000000
0.522140 -0.252925 0.183937 0.000000
0.335419 -0.380353 0.236615 0.000000
0.473228 -1.090210 0.158514 1.000000
0.372602 -0.063654 -0.040603 0.000000
0.333432 -0.739390 0.214297 0.000000
0.320974 -0.884729 0.207574 0.000000
0.472720 -0.021963 0.360809 0.000000
0.335397 -0.444872 0.199302 0.000000
0.452962 -1.032479 0.199756 1.000000
0.375896 -0.934721 0.206018 1.000000
0.373521 0.451437 0.113567 0.000000
0.286830 0.053466 0.285560 0.000000
0.429904 -0.119648 0.248532 0.000000
0.347613 0.433251 0.155008 0.000000
0.654188 -0.173894 0.088891 0.000000
0.464132 0.086753 0.128725 0.000000
0.516696 -1.168516 0.155683 1.000000
0.390825 -0.912355 0.482303 0.000000
0.431500 0.053245 0.082640 0.000000
0.300792 -1.079363 0.241740 0.000000
0.397418 0.359032 0.168667 0.000000
0.392687 0.305806 0.122817 0.000000
0.424804 -0.976842 0.587992 0.000000
0.332048 -0.403962 0.183055 0.000000
0.405188 0.236040 0.168944 0.000000
0.311196 -0.041043 0.036164 0.000000
0.337193 -0.366427 0.194012 0.000000
0.445694 -0.011760 0.069179 0.000000
-0.042791 -0.511955 0.132048 0.000000
0.331459 0.144345 0.242171 0.000000
0.582508 -0.050448 0.445502 0.000000
0.333959 -0.818734 0.202015 0.000000
0.391523 0.263755 0.162557 0.000000
0.342290 0.207525 0.207665 0.000000
0.197402 -0.155628 0.433742 0.000000
0.335202 -0.852120 0.212541 0.000000
0.398913 0.347226 0.128542 0.000000
0.309339 -1.073954 0.222279 0.000000
0.313571 -0.891805 0.219749 0.000000
0.328188 -0.622803 0.194527 0.000000
0.331870 0.165987 0.217638 0.000000
0.508527 -0.184228 0.004666 0.000000
0.449576 -0.022733 0.334537 0.000000
0.342568 -0.406354 0.242236 0.000000
0.376704 -0.017940 0.246300 0.000000
0.437227 0.020592 0.209634 0.000000
0.522014 -0.225135 0.163251 0.000000
0.333435 0.158686 0.082932 0.000000
0.293717 -0.911953 0.234132 0.000000
0.528684 -0.206779 0.162253 0.000000
0.332753 -0.181129 0.181158 0.000000
0.341322 -0.420722 0.246445 0.000000
0.371331 -0.724031 0.360933 0.000000
0.365068 0.442729 0.121175 0.000000
0.359646 -0.631742 0.311840 0.000000
0.384351 -0.858122 0.433706 0.000000
0.385809 0.017331 0.247854 0.000000
0.411063 0.190654 0.120858 0.000000
0.069004 -0.375389 0.171834 0.000000
0.487874 -0.130722 0.040311 0.000000
0.345019 0.301595 0.174946 0.000000
0.376539 -0.051141 -0.026630 0.000000
0.338241 -0.700275 0.212640 0.000000
0.299661 -1.102607 0.235842 0.000000
0.278120 -0.063038 0.167568 0.000000
0.244600 -0.018122 0.336053 0.000000
0.473394 -1.076782 0.174797 1.000000
0.337498 -0.797996 0.210323 0.000000
0.328045 -0.333347 0.228539 0.000000
0.217415 -0.166394 0.143078 0.000000
0.298554 -1.139871 0.216635 0.000000
0.312030 -1.028741 0.232240 0.000000
0.407689 -0.932249 0.499047 0.000000
0.326587 -0.495117 0.185743 0.000000
0.334348 -0.773544 0.216380 0.000000
0.371725 -0.684131 0.344579 0.000000
0.325934 0.187519 0.167825 0.000000
0.432702 0.122739 0.177227 0.000000
-0.104883 -0.567094 0.124524 0.000000
0.385546 0.389761 0.125772 0.000000
0.443223 0.101464 0.125344 0.000000
0.444001 0.083333 0.123266 0.000000
0.345017 -0.323588 0.204076 0.000000
0.336823 -0.774729 0.199768 0.000000
0.209615 -0.117346 0.401716 0.000000
0.389993 -0.950692 0.200546 1.000000
0.383983 -0.022819 -0.008632 0.000000
0.383019 0.286955 0.123846 0.000000
0.436176 -0.010341 0.326955 0.000000
0.476240 -0.000493 0.145080 0.000000
0.339454 -0.506967 0.193759 0.000000
0.272903 -1.057914 0.252851 0.000000
0.288606 -0.032422 0.164708 0.000000
0.335741 -0.543984 0.195092 0.000000
0.292765 -0.059662 0.045004 0.000000
0.312883 -1.103605 0.237628 0.000000
0.328686 -0.430945 0.198511 0.000000
0.316609 0.056988 0.064807 0.000000
0.347054 0.228258 0.095690 0.000000
0.326808 -0.535526 0.200215 0.000000
0.336852 -0.323895 0.194968 0.000000
0.380086 -0.735488 0.371257 0.000000
0.331219 0.192234 0.110371 0.000000
0.526862 -0.160252 0.154257 0.000000
0.410114 0.154075 0.102947 0.000000
0.191157 -0.208829 0.150994 0.000000
0.364995 -0.584012 0.301417 0.000000
0.524989 -0.135793 0.152604 0.000000
0.334771 0.397579 0.129765 0.000000
0.348402 0.391688 0.162487 0.000000
0.438830 0.006126 0.197478 0.000000
0.293214 -1.085251 0.226041 0.000000
0.027562 -0.452728 0.154586 0.000000
0.248668 -0.060165 0.357190 0.000000
0.052175 -0.414590 0.165022 0.000000
0.346950 -0.893326 0.208139 1.000000
0.352506 -0.429061 0.250079 0.000000
0.425982 0.114507 0.091148 0.000000
0.235566 -0.134542 0.152389 0.000000
0.181129 -0.243130 0.161165 0.000000
0.074284 -0.394101 0.166065 0.000000
0.425288 -0.998908 0.197384 1.000000
0.427749 -0.103625 0.238759 0.000000
0.316905 0.025551 0.161439 0.000000
0.344735 0.235132 0.105286 0.000000
0.323896 0.084014 0.169183 0.000000
0.326941 0.136822 0.178333 0.000000
0.404090 0.219653 0.100669 0.000000
0.358354 -0.605928 0.298563 0.000000
0.419282 0.153248 0.184912 0.000000
0.093870 -0.344230 0.173988 0.000000
0.381759 -0.011103 -0.015980 0.000000
0.330426 -0.655875 0.209969 0.000000
0.407509 -0.965016 0.562850 0.000000
0.268182 -0.075600 0.150314 0.000000
-0.017333 -0.475602 0.166073 0.000000
0.416842 0.137772 0.094587 0.000000
0.345608 0.150974 0.124772 0.000000
0.387976 -0.948325 0.228763 1.000000
0.386871 0.422672 0.130500 0.000000
0.477018 0.037443 0.133238 0.000000
0.460881 0.040255 0.142744 0.000000
0.424254 0.000350 0.310044 0.000000
0.270359 -0.135365 0.000045 0.000000
0.305200 -0.986434 0.231850 0.000000
0.410690 0.169517 0.103854 0.000000
0.529794 -1.160882 0.158431 1.000000
0.396785 0.300486 0.166174 0.000000
0.444894 -1.044107 0.185306 1.000000
0.449131 0.061165 0.124788 0.000000
0.293235 -0.024172 0.175374 0.000000
0.258627 -0.041672 0.347468 0.000000
0.315071 -0.910123 0.206006 0.000000
0.403267 0.284755 0.129076 0.000000
0.196164 -0.125830 0.414997 0.000000
0.344153 0.204506 0.194508 0.000000
0.401437 0.207734 0.211824 0.000000
0.245134 -0.170671 -0.014340 0.000000
0.302779 0.096409 0.248330 0.000000
0.327802 -0.036389 0.171720 0.000000
0.343485 0.250043 0.199977 0.000000
0.385262 -0.003294 -0.000233 0.000000
0.371461 -0.047434 0.276230 0.000000
0.332932 -0.548498 0.206346 0.000000
0.452821 0.038399 0.123035 0.000000
0.401326 -0.881517 0.453071 0.000000
0.242608 -1.100475 0.248575 0.000000
0.372374 -0.032751 0.264812 0.000000
0.363915 -0.522066 0.294969 0.000000
0.217959 -0.121348 0.398639 0.000000
0.372489 -0.933551 0.178406 1.000000
0.457664 -0.055684 0.186166 0.000000
0.326441 -0.248042 0.194855 0.000000
0.325212 -0.831376 0.204377 0.000000
0.546747 -1.190573 0.148188 1.000000
0.353839 0.078315 0.186999 0.000000
0.543924 -1.212392 0.143758 1.000000
0.415270 0.200539 0.172288 0.000000
0.514312 -1.149269 0.158841 1.000000
0.186552 -0.249656 0.166710 0.000000
0.332386 0.080624 0.182703 0.000000
0.390391 -0.929977 0.498664 0.000000
0.328938 0.039045 0.172752 0.000000
0.323917 0.025778 0.173512 0.000000
0.434746 0.087904 0.080905 0.000000
0.365589 -0.072691 0.285431 0.000000
0.325443 -0.993511 0.228551 0.000000
0.380390 -0.710771 0.361803 0.000000
0.379690 -0.903012 0.473480 0.000000
0.402188 0.194430 0.211392 0.000000
0.343647 -0.454719 0.187145 0.000000
0.254381 0.005816 0.318222 0.000000
0.344384 -0.600854 0.198470 0.000000
0.190991 -0.206103 -0.032383 0.000000
0.430516 0.169755 0.167273 0.000000
0.432385 0.151838 0.170376 0.000000
0.331791 -0.779782 0.206747 0.000000
0.363085 -0.906178 0.207854 1.000000
0.334559 -0.676027 0.203170 0.000000
0.516540 -0.166376 0.158607 0.000000
0.399279 0.008269 0.264786 0.000000
0.514367 -0.178934 0.142056 0.000000
0.372574 0.393805 0.121362 0.000000
0.483825 -1.066630 0.184413 1.000000
0.348618 -0.887811 0.222380 1.000000
0.438729 0.070652 0.075704 0.000000
0.356692 -0.437704 0.249373 0.000000
0.323513 0.160961 0.166118 0.000000
0.390988 -0.898758 0.468904 0.000000
0.365522 -0.735341 0.363055 0.000000
0.264603 -1.025134 0.238108 0.000000
0.316620 -0.915353 0.226949 0.000000
0.331449 -0.601356 0.190956 0.000000
0.396999 0.162601 0.078154 0.000000
0.503821 -0.150412 0.164686 0.000000
0.290868 -1.109637 0.245802 0.000000
0.332892 -0.287309 0.194620 0.000000
0.384857 0.028002 0.242272 0.000000
0.398387 0.263180 0.109735 0.000000
0.425586 -0.136213 0.255800 0.000000
0.336714 0.216875 0.101777 0.000000
0.479450 -1.072457 0.194702 1.000000
0.325383 -0.141879 0.182113 0.000000
0.347603 0.201112 0.095606 0.000000
0.273370 -1.129528 0.250780 0.000000
0.362620 0.054666 0.225426 0.000000
0.052397 -0.396392 0.173755 0.000000
0.399549 -0.939026 0.515875 0.000000
0.476175 -0.094860 0.184143 0.000000
0.320823 -1.118652 0.237704 0.000000
0.260476 -1.051670 0.236839 0.000000
0.372949 0.472371 0.119883 0.000000
0.297714 -1.094277 0.208923 0.000000
0.591215 -1.267132 0.127143 1.000000
0.299693 -0.919859 0.222046 0.000000
0.268141 -1.082425 0.237902 0.000000
0.465636 -0.070514 0.060324 0.000000
0.319990 0.042584 0.170696 0.000000
0.390068 0.148922 0.066108 0.000000
0.355963 -0.350937 0.208707 0.000000
0.327010 -0.603965 0.203771 0.000000
0.418437 -1.008929 0.183777 1.000000
0.285973 -1.083326 0.255092 0.000000
0.190116 -0.193099 0.472382 0.000000
0.435095 0.063005 0.187996 0.000000
0.326725 0.358370 0.122416 0.000000
0.476470 -0.079221 0.189811 0.000000
0.219454 -0.106255 0.390219 0.000000
0.112954 -0.321303 0.173004 0.000000
-0.049487 -0.502745 0.149616 0.000000
0.121954 -0.306546 0.172311 0.000000
0.545673 -0.114479 0.121403 0.000000
0.391480 0.177175 0.088024 0.000000
0.292387 -0.081230 0.034280 0.000000
0.326977 0.283714 0.104046 0.000000
0.425769 -1.004555 0.172017 1.000000
0.359319 -0.508877 0.280174 0.000000
0.396966 0.342301 0.162898 0.000000
0.341291 0.388895 0.129253 0.000000
0.403598 0.096196 0.224348 0.000000
0.355403 -0.884639 0.207165 1.000000
0.370028 0.451764 0.122121 0.000000
0.331983 -0.217348 0.190058 0.000000
0.337600 -0.257060 0.185103 0.000000
0.260937 -0.017581 0.331982 0.000000
0.345176 0.232162 0.195821 0.000000
0.523350 -0.246590 0.175250 0.000000
0.396900 0.387119 0.145112 0.000000
0.481161 0.045858 0.132923 0.000000
0.328696 -0.168936 0.189431 0.000000
0.371684 -0.663093 0.336349 0.000000
0.304921 -1.006665 0.210561 0.000000
0.326082 -0.352454 0.189285 0.000000
0.233571 -0.043108 0.352189 0.000000
0.400311 -0.959957 0.176664 1.000000
0.353094 -0.897594 0.213747 1.000000
0.613879 -1.328864 0.109310 1.000000
0.329052 -0.103087 0.184670 0.000000
0.331611 -0.927402 0.218790 0.000000
0.422314 0.090553 0.098093 0.000000
0.325861 0.096846 0.165037 0.000000
0.346357 -0.423716 0.255338 0.000000
-0.073937 -0.537606 0.146221 0.000000
-0.099131 -0.560388 0.121665 0.000000
0.422490 -0.967585 0.567207 0.000000
0.379826 0.354534 0.146845 0.000000
0.326841 0.197787 0.166261 0.000000
0.335920 -0.613022 0.206735 0.000000
0.322679 0.217120 0.110346 0.000000
0.332323 0.169737 0.117546 0.000000
0.341418 -0.787077 0.218731 0.000000
0.382814 0.406206 0.127416 0.000000
0.372757 0.463381 0.150087 0.000000
0.530174 -1.189337 0.149603 1.000000
-0.034293 -0.485582 0.155427 0.000000
0.448858 -0.033217 0.216056 0.000000
0.355732 -0.464500 0.276792 0.000000
0.164082 -0.237588 0.154511 0.000000
0.328377 -1.158459 0.250686 0.000000
0.028135 -0.440745 0.161836 0.000000
0.328238 -0.893494 0.218412 0.000000
-0.051539 -0.520006 0.148292 0.000000
0.334878 -0.385464 0.193491 0.000000
0.202233 -0.177698 0.440750 0.000000
0.285323 -1.026322 0.242572 0.000000
0.477385 -0.091811 0.055758 0.000000
0.139769 -0.281776 0.165910 0.000000
0.340323 0.335752 0.109548 0.000000
0.339199 -0.826138 0.225232 0.000000
0.001035 -0.466100 0.154277 0.000000
0.334940 -0.747393 0.203093 0.000000
0.369415 -0.601058 0.312407 0.000000
0.499562 -0.068645 0.109812 0.000000
0.184948 -0.245349 0.550510 0.000000
0.385940 0.437693 0.145421 0.000000
0.329394 0.239359 0.166927 0.000000
0.202614 -0.194905 -0.028294 0.000000
0.443755 0.002171 0.074887 0.000000
0.334258 -0.863515 0.210252 0.000000
0.356761 -0.638608 0.318522 0.000000
0.439150 0.086308 0.184966 0.000000
0.293952 -1.075757 0.246600 0.000000
0.329021 -0.410427 0.189005 0.000000
0.279967 -0.970369 0.234668 0.000000
0.348776 0.261776 0.111314 0.000000
0.281078 -1.071425 0.254764 0.000000
0.392968 -0.820955 0.419820 0.000000
0.509186 -0.071285 0.135907 0.000000
0.359337 -0.523135 0.269156 0.000000
0.337835 0.137379 0.134707 0.000000
0.292015 -1.060313 0.228443 0.000000
0.434676 -0.072672 0.228162 0.000000
0.336517 -0.343660 0.185559 0.000000
0.254860 -0.104560 0.152066 0.000000
0.328707 -0.838575 0.213041 0.000000
0.340344 0.311674 0.102177 0.000000
0.297611 -1.054184 0.237151 0.000000
0.330787 -0.873674 0.221006 0.000000
0.331476 -0.422446 0.192154 0.000000
0.329717 -0.335147 0.185283 0.000000
0.403686 0.467413 0.117638 0.000000
0.395495 -0.953540 0.182857 1.000000
0.433061 -0.052083 0.219621 0.000000
0.325266 -0.761799 0.208260 0.000000
0.392793 0.394068 0.155877 0.000000
0.388850 -0.003470 0.240342 0.000000
0.487354 -1.096245 0.162337 1.000000
0.312547 0.038055 0.187554 0.000000
0.332186 -0.404900 0.197593 0.000000
0.241617 -0.136554 0.144922 0.000000
0.434553 -1.012425 0.184976 1.000000
0.283595 -1.119648 0.255104 0.000000
0.332796 -0.582255 0.198145 0.000000
0.292257 -1.101147 0.230934 0.000000
0.523481 -0.193120 0.139208 0.000000
0.349118 0.312199 0.168215 0.000000
0.313812 -0.980443 0.228316 0.000000
0.322564 0.092297 0.070438 0.000000
0.309422 0.087099 0.266409 0.000000
0.374039 -0.624716 0.332282 0.000000
0.269732 -1.048580 0.256052 0.000000
0.506420 -0.166985 0.156376 0.000000
0.378297 -0.942343 0.229211 1.000000
0.321696 -0.189966 0.191209 0.000000
0.352710 0.448090 0.152105 0.000000
0.392826 0.017408 0.253442 0.000000
0.428532 -0.009015 0.317051 0.000000
0.364769 -0.716158 0.354012 0.000000
0.147867 -0.289741 0.167872 0.000000
0.393750 0.253865 0.200237 0.000000
0.627248 -1.341282 0.119464 1.000000
0.079590 -0.246589 -0.044106 0.000000
0.466868 0.060384 0.132195 0.000000
0.339069 -0.705590 0.205476 0.000000
0.462296 -0.024358 0.348939 0.000000
0.381110 0.031894 0.255499 0.000000
0.302674 -0.942817 0.238678 0.000000
0.444124 0.008068 0.215006 0.000000
0.339267 -0.307182 0.195570 0.000000
0.303189 -0.974825 0.211656 0.000000
0.340181 0.300638 0.165002 0.000000
0.373158 -0.878152 0.450891 0.000000
0.337711 0.230016 0.215373 0.000000
0.383857 -0.882220 0.451216 0.000000
0.353775 0.083050 0.179415 0.000000
0.063099 -0.400515 0.167869 0.000000
0.281838 -1.057335 0.250665 0.000000
0.304306 -0.941093 0.229254 0.000000
0.323928 -0.026317 0.182787 0.000000
0.188738 -0.221119 0.508211 0.000000
0.371617 -0.630159 0.323629 0.000000
0.429468 0.209882 0.121434 0.000000
0.282418 0.011678 0.311137 0.000000
0.406167 -0.867614 0.444020 0.000000
0.344503 0.317816 0.155296 0.000000
0.272205 -1.078014 0.258187 0.000000
0.425415 0.096216 0.090935 0.000000
0.329210 0.253279 0.107816 0.000000
0.315512 -1.094228 0.241501 0.000000
0.416293 -0.969015 0.576941 0.000000
0.441879 0.011149 0.206533 0.000000
-0.037080 -0.499096 0.148319 0.000000
0.329583 0.131131 0.250827 0.000000
0.444582 0.047417 0.185003 0.000000
0.609356 -1.315454 0.116319 1.000000
0.320059 -0.891990 0.201411 0.000000
0.390880 0.302397 0.187246 0.000000
0.464080 0.008882 0.115356 0.000000
0.337642 0.200657 0.093200 0.000000
0.367416 -0.656554 0.330247 0.000000
0.218339 -0.194151 0.160587 0.000000
0.308297 -1.038499 0.226361 0.000000
0.362432 -0.553201 0.290743 0.000000
0.264545 0.012238 0.313555 0.000000
0.524360 -1.140004 0.168275 1.000000
0.554149 -0.041920 0.426862 0.000000
-0.082153 -0.545001 0.132966 0.000000
0.299238 -0.896996 0.239216 0.000000
0.222514 -0.174755 0.155033 0.000000
0.312097 -1.078258 0.235757 0.000000
0.518646 -0.108191 0.157926 0.000000
0.311557 -0.970991 0.212401 0.000000
0.335080 0.171028 0.167013 0.000000
0.403809 0.178644 0.215207 0.000000
0.455361 0.111750 0.129258 0.000000
0.335787 -0.462004 0.192005 0.000000
0.379300 0.477541 0.132982 0.000000
0.316459 -0.943141 0.215506 0.000000
0.342346 0.276112 0.188312 0.000000
0.510937 -0.083287 0.138395 0.000000
0.031472 -0.443766 0.153448 0.000000
0.492532 -0.031112 0.153117 0.000000
0.146536 -0.220507 -0.050017 0.000000
0.321714 -1.133564 0.240325 0.000000
0.513253 -0.117414 0.143893 0.000000
0.466818 0.047702 0.138681 0.000000
0.336000 -0.515775 0.189224 0.000000
0.354248 -0.458222 0.263638 0.000000
0.293289 0.041282 0.297862 0.000000
0.326946 0.039435 0.159336 0.000000
0.336837 -0.384867 0.182819 0.000000
0.325771 -0.394022 0.194428 0.000000
0.254460 -0.112386 0.166404 0.000000
0.339238 -0.398278 0.254737 0.000000
0.403533 0.264449 0.124322 0.000000
0.362326 -0.911709 0.199163 1.000000
0.346724 -0.439872 0.249478 0.000000
0.452717 -0.012325 0.187169 0.000000
0.499747 -0.068097 0.120543 0.000000
0.274157 -1.075137 0.244927 0.000000
0.334618 0.282893 0.193120 0.000000
0.478024 -1.098840 0.167598 1.000000
0.100056 -0.326941 0.174097 0.000000
0.327323 -0.350658 0.225442 0.000000
0.394343 -0.724358 0.370785 0.000000
0.330719 0.065486 0.174716 0.000000
0.438622 -0.044988 0.220119 0.000000
0.294616 -1.076186 0.219806 0.000000
0.336354 -0.443175 0.189964 0.000000
0.342467 0.402708 0.134652 0.000000
0.263368 -1.129508 0.241974 0.000000
0.204579 -0.126347 0.409439 0.000000
0.312826 -0.903572 0.217977 0.000000
0.333047 -0.567485 0.192168 0.000000
0.123001 -0.326482 0.172259 0.000000
0.400535 -0.955330 0.549941 0.000000
0.227646 -0.062796 0.365067 0.000000
0.420304 0.214497 0.167036 0.000000
0.425723 -0.998221 0.186068 1.000000
0.438808 0.071084 0.084471 0.000000
0.325240 -1.035390 0.227619 0.000000
0.405666 0.186233 0.110479 0.000000
0.235385 -0.072902 0.367448 0.000000
0.507493 -0.073320 0.151338 0.000000
0.532327 -1.170787 0.160087 1.000000
0.322929 0.316081 0.111416 0.000000
0.379114 0.436257 0.125587 0.000000
0.358241 -0.685139 0.334162 0.000000
0.359293 -0.493360 0.282605 0.000000
0.274360 -0.133619 0.012892 0.000000
0.398690 0.127998 0.226790 0.000000
0.403824 0.240491 0.199576 0.000000
0.373873 -0.645140 0.334080 0.000000
0.343095 -0.712198 0.201045 0.000000
0.358594 -0.697339 0.335671 0.000000
0.395983 0.071571 0.033668 0.000000
0.335589 0.133803 0.171075 0.000000
0.221284 -0.129314 0.400037 0.000000
0.282651 -1.090665 0.251694 0.000000
0.515368 -0.091761 0.120038 0.000000
0.483476 -0.017963 0.148343 0.000000
0.406631 -0.930593 0.489722 0.000000
0.401915 -0.193046 0.294369 0.000000
0.329073 -0.881523 0.206934 0.000000
0.422339 -0.999411 0.213372 1.000000
0.330260 -0.266772 0.185029 0.000000
0.531196 -0.194056 0.156428 0.000000
0.375841 -0.615559 0.330159 0.000000
0.327511 -0.229744 0.193075 0.000000
0.307294 0.075157 0.277219 0.000000
0.009202 -0.462377 0.152796 0.000000
0.438273 -1.034066 0.187133 1.000000
0.326077 -0.044001 0.179247 0.000000
0.411437 0.271900 0.127690 0.000000
0.254159 -0.027850 0.340037 0.000000
0.440301 0.024425 0.202046 0.000000
0.378816 0.035317 0.241787 0.000000
0.297789 0.053508 0.290840 0.000000
0.375045 0.463575 0.130814 0.000000
0.324725 -0.095884 0.189288 0.000000
0.345188 0.358120 0.155960 0.000000
0.328322 -0.317957 0.208924 0.000000
0.301532 -0.886482 0.227185 0.000000
0.301048 -1.062064 0.238341 0.000000
0.301007 -1.011382 0.217693 0.000000
0.340830 0.374221 0.157374 0.000000
0.508275 -0.196001 -0.019987 0.000000
0.473856 -1.064805 0.188859 1.000000
0.444315 -1.035622 0.159771 1.000000
0.386897 0.378216 0.151441 0.000000
0.181537 -0.221945 0.152939 0.000000
0.251029 -0.010196 0.330180 0.000000
0.328747 -0.085625 0.178661 0.000000
0.056209 -0.386808 0.175667 0.000000
0.433890 0.072878 0.208517 0.000000
0.302308 0.063470 0.284310 0.000000
-0.026422 -0.487279 0.142690 0.000000
0.343260 0.124660 0.141974 0.000000
0.284816 -1.076434 0.236007 0.000000
0.415656 -0.151120 0.266202 0.000000
0.430653 -0.994488 0.204619 1.000000
0.277132 -0.056076 0.150538 0.000000
0.128950 -0.314269 0.169317 0.000000
0.566598 -1.245627 0.130945 1.000000
0.482147 -1.089441 0.159427 1.000000
0.378179 0.040840 0.223433 0.000000
0.437470 0.096633 0.177186 0.000000
0.291717 -1.089268 0.246080 0.000000
0.305805 0.003904 0.164080 0.000000
0.405711 -0.817424 0.416917 0.000000
0.572648 -1.279790 0.120034 1.000000
0.530538 -1.198044 0.144925 1.000000
0.175114 -0.265351 0.163281 0.000000
0.315955 -0.890365 0.229154 0.000000
0.525950 -0.230294 0.168928 0.000000
0.367215 0.344269 0.112246 0.000000
0.443608 -0.002734 0.212642 0.000000
0.377761 -0.817731 0.409084 0.000000
0.336523 0.357908 0.159450 0.000000
0.109654 -0.349552 0.169090 0.000000
0.520486 -1.162301 0.149491 1.000000
0.340458 -0.339799 0.220327 0.000000
0.337023 0.195427 0.166250 0.000000
0.361170 -0.532527 0.282321 0.000000
0.398436 0.249856 0.166088 0.000000
0.369817 -0.611664 0.324290 0.000000
0.196340 -0.162984 0.439934 0.000000
0.337653 0.206437 0.166336 0.000000
0.533233 -0.036147 0.408910 0.000000
0.289607 -0.922227 0.222666 0.000000
0.317783 -0.857113 0.230171 0.000000
0.212556 -0.094714 0.386886 0.000000
0.602651 -0.157536 0.108745 0.000000
0.386000 -0.959655 0.221260 1.000000
0.247465 -0.127409 0.161597 0.000000
0.358656 -0.506563 0.265339 0.000000
0.335482 0.164125 0.236144 0.000000
0.403009 0.245455 0.113470 0.000000
0.427092 0.159957 0.172949 0.000000
0.339604 -0.636049 0.194574 0.000000
0.324624 -0.375216 0.192462 0.000000
0.296178 -0.017408 0.171038 0.000000
0.300825 -1.002155 0.203120 0.000000
0.333499 0.373123 0.127914 0.000000
0.271309 -0.994593 0.239302 0.000000
0.502939 -1.138711 0.157061 1.000000
0.333115 0.207511 0.104848 0.000000
0.330529 -0.542080 0.188595 0.000000
0.329774 0.119884 0.168286 0.000000
0.322540 0.183228 0.115871 0.000000
0.276824 -1.007789 0.237716 0.000000
0.397274 -0.207172 0.297955 0.000000
0.350885 0.094838 0.168739 0.000000
0.312889 -0.001410 0.050907 0.000000
0.301553 -0.006815 0.152904 0.000000
0.307248 0.019381 0.165201 0.000000
0.343070 0.178365 0.110276 0.000000
0.300751 -0.960318 0.221943 0.000000
0.522285 -0.212327 0.161344 0.000000
0.333377 -0.483687 0.193940 0.000000
0.334072 -0.342298 0.195152 0.000000
0.197025 -0.183801 0.454761 0.000000
0.345326 0.378005 0.129735 0.000000
0.336893 0.197446 0.233951 0.000000
0.337011 0.312790 0.166591 0.000000
0.447978 -1.032281 0.168374 1.000000
0.397450 0.334352 0.154893 0.000000
0.332631 -0.000473 0.178326 0.000000
0.527285 -0.259533 0.182483 0.000000
0.327553 0.233979 0.114526 0.000000
0.344175 -0.893148 0.227267 0.000000
0.339088 -0.275160 0.199642 0.000000
0.321671 0.108859 0.258007 0.000000
0.397167 0.333731 0.128827 0.000000
0.320598 -1.107111 0.237979 0.000000
0.353629 -0.451612 0.275542 0.000000
0.253493 -0.160577 -0.017140 0.000000
0.344048 -0.543062 0.193658 0.000000
0.393751 0.078506 0.038008 0.000000
0.399005 0.213175 0.098652 0.000000
0.335049 0.256030 0.161583 0.000000
0.326604 0.085512 0.178896 0.000000
0.563636 -1.229965 0.134289 1.000000
0.322497 -0.911787 0.214885 0.000000
0.351238 0.294408 0.171647 0.000000
0.282251 -0.986826 0.241334 0.000000
0.327406 -0.566823 0.204303 0.000000
0.430431 -0.984734 0.599331 0.000000
0.180057 -0.264035 0.570165 0.000000
0.354097 -0.393463 0.220379 0.000000
0.455661 0.048255 0.117162 0.000000
0.298424 -1.132757 0.228361 0.000000
0.439932 -0.031786 0.215520 0.000000
0.338173 0.100032 0.161553 0.000000
0.358740 -0.430038 0.234471 0.000000
0.492898 -1.114677 0.159426 1.000000
0.326866 -0.341548 0.226226 0.000000
0.460957 0.101472 0.135213 0.000000
0.318262 0.052006 0.179807 0.000000
0.437746 0.158642 0.128832 0.000000
0.334826 -0.667918 0.200861 0.000000
0.426058 0.112113 0.189731 0.000000
0.359764 -0.400219 0.225070 0.000000
0.229786 -0.150262 0.145540 0.000000
0.264682 -1.136400 0.286229 0.000000
0.332814 -0.762578 0.202282 0.000000
0.452871 -0.003722 0.188959 0.000000
0.328164 -0.720730 0.205856 0.000000
0.329769 -0.290635 0.202588 0.000000
0.491758 -0.065661 0.108760 0.000000
0.337112 -0.830272 0.210165 0.000000
-0.067744 -0.532354 0.131737 0.000000
0.326560 -0.048093 0.187951 0.000000
0.269555 -0.152867 0.005439 0.000000
0.396427 0.173323 0.081424 0.000000
0.531722 -1.178723 0.150178 1.000000
0.244042 -0.146581 0.168014 0.000000
0.320332 -1.084908 0.232913 0.000000
0.456624 0.126938 0.125049 0.000000
0.310599 -0.978320 0.207860 0.000000
0.162453 -0.269835 0.165337 0.000000
0.356563 0.078863 0.170861 0.000000
0.398294 0.090280 0.230032 0.000000
0.296950 -0.046445 0.044230 0.000000
0.391900 0.319041 0.131405 0.000000
0.328587 -0.913924 0.220498 0.000000
0.453261 -1.043980 0.183041 1.000000
0.452382 0.077624 0.137250 0.000000
0.500867 -0.157122 0.160625 0.000000
0.339945 0.188881 0.086074 0.000000
0.423435 0.132848 0.124448 0.000000
0.347758 0.415362 0.119558 0.000000
0.349835 0.400931 0.154325 0.000000
0.301276 -0.925327 0.229086 0.000000
0.447826 0.009110 0.183710 0.000000
0.306547 -0.067614 0.021941 0.000000
0.364834 -0.573285 0.297651 0.000000
0.302106 -0.011096 0.049621 0.000000
0.357810 -0.523452 0.257299 0.000000
0.326512 -0.525499 0.199985 0.000000
0.337500 -0.318723 0.204217 0.000000
0.388545 0.387125 0.145278 0.000000
0.336129 -0.528377 0.203610 0.000000
0.432674 0.041671 0.070898 0.000000
0.304440 -0.934953 0.214771 0.000000
0.268210 -1.128570 0.287549 0.000000
0.458698 -0.053452 0.063437 0.000000
0.397850 0.373169 0.153506 0.000000
0.392285 -0.906970 0.468133 0.000000
0.367054 -0.617800 0.319356 0.000000
0.338672 0.352064 0.115906 0.000000
0.381912 -0.714902 0.368937 0.000000
0.340595 -0.532430 0.192020 0.000000
0.440739 0.005761 0.066701 0.000000
0.334226 -0.561901 0.199421 0.000000
0.356743 -0.902205 0.191165 1.000000
0.298584 -1.084069 0.234387 0.000000
0.297208 -1.029295 0.231006 0.000000
0.399888 0.262033 0.196400 0.000000
0.319731 -0.858517 0.207914 0.000000
0.333544 0.330295 0.109986 0.000000
0.035531 -0.418864 0.169332 0.000000
0.501121 -1.118421 0.168123 1.000000
0.210968 -0.152322 0.416395 0.000000
0.380403 -0.940448 0.213025 1.000000
-0.103384 -0.572722 0.130462 0.000000
0.355462 -0.414971 0.234231 0.000000
0.294299 -1.010908 0.223828 0.000000
0.309796 0.096195 0.256529 0.000000
0.296467 -0.987104 0.230052 0.000000
0.374155 -0.029295 0.256445 0.000000
0.327549 -0.696887 0.198965 0.000000
0.575448 -1.287914 0.127427 1.000000
0.350065 0.220417 0.103929 0.000000
0.447246 -1.027357 0.191878 1.000000
0.276074 -0.953593 0.231335 0.000000
0.494185 -0.032746 0.138880 0.000000
0.413205 0.243303 0.127706 0.000000
0.491042 -1.128952 0.158502 1.000000
0.308730 -0.993635 0.229720 0.000000
0.330330 0.142016 0.170248 0.000000
0.143118 -0.226822 -0.036834 0.000000
0.336882 -0.512788 0.206061 0.000000
0.326225 0.159432 0.123830 0.000000
0.355785 -0.478177 0.265079 0.000000
-0.029390 -0.498375 0.138537 0.000000
0.328012 0.103224 0.174750 0.000000
0.325203 -0.153670 0.188463 0.000000
0.344154 0.252025 0.189055 0.000000
0.312285 -1.020676 0.219602 0.000000
0.327157 -0.686564 0.196008 0.000000
0.244981 -0.085216 0.368994 0.000000
0.337247 -0.758994 0.216266 0.000000
0.330772 0.020820 0.174040 0.000000
0.381705 -0.765639 0.384162 0.000000
0.338482 -0.350078 0.217748 0.000000
0.325404 0.009851 0.052724 0.000000
0.290273 -0.106011 0.006482 0.000000
0.281950 -0.938648 0.227698 0.000000
0.336784 0.174568 0.077234 0.000000
0.296511 0.073572 0.269670 0.000000
0.360581 0.073041 0.188966 0.000000
0.530911 -0.151230 0.161359 0.000000
0.390873 0.030852 0.011840 0.000000
0.422449 0.195702 0.120887 0.000000
0.436469 0.033165 0.087633 0.000000
0.353036 0.253747 0.178133 0.000000
0.340328 -0.839716 0.224112 0.000000
0.408982 0.304386 0.154842 0.000000
0.290136 -1.011697 0.249331 0.000000
0.486580 -0.107920 0.049752 0.000000
0.272081 0.002766 0.320165 0.000000
0.378707 -0.888678 0.451611 0.000000
0.052574 -0.422003 0.161396 0.000000
0.339863 0.213063 0.095159 0.000000
0.137604 -0.302471 0.168053 0.000000
0.287081 -0.928196 0.236107 0.000000
0.361684 -0.917172 0.228363 1.000000
0.190837 -0.163734 0.446588 0.000000
0.194849 -0.198370 -0.030544 0.000000
0.435370 0.178854 0.126523 0.000000
0.300563 -0.961888 0.249795 0.000000
0.291690 -1.057731 0.244848 0.000000
0.340751 0.137057 0.086003 0.000000
0.369600 0.487843 0.120866 0.000000
0.337782 -0.289467 0.201037 0.000000
0.250541 -0.035704 0.344402 0.000000
0.341341 -0.858548 0.216717 0.000000
0.328859 -0.647923 0.208519 0.000000
0.312353 0.043401 0.061062 0.000000
0.371670 -0.830809 0.413645 0.000000
0.533622 -1.201492 0.135306 1.000000
0.387853 -0.006487 0.248017 0.000000
0.399335 0.166202 0.219781 0.000000
0.280168 -0.050634 0.162881 0.000000
0.101453 -0.241308 -0.047754 0.000000
0.360132 -0.548106 0.284715 0.000000
0.289362 -0.914835 0.226256 0.000000
0.269107 -1.036052 0.253956 0.000000
0.356077 0.297444 0.106771 0.000000
0.328435 -0.807225 0.218320 0.000000
0.347147 0.108470 0.155946 0.000000
0.428710 -0.993601 0.213808 1.000000
0.398217 -0.899998 0.474816 0.000000
0.393320 0.110539 0.227609 0.000000
0.324057 -0.001862 0.174024 0.000000
0.442958 -0.019265 0.212828 0.000000
0.336679 -0.456225 0.183075 0.000000
0.409009 0.193932 0.128098 0.000000
0.349463 0.364218 0.161935 0.000000
0.352546 -0.445419 0.251240 0.000000
0.381033 -0.629764 0.333987 0.000000
0.266643 -0.006688 0.325378 0.000000
0.398646 -0.787505 0.401429 0.000000
0.496606 -0.039559 0.155023 0.000000
0.411664 0.224251 0.172016 0.000000
0.321652 -0.062776 0.178641 0.000000
0.297779 -1.037330 0.222668 0.000000
0.335162 0.242758 0.100421 0.000000
0.573848 -1.263657 0.125453 1.000000
0.420217 -0.979032 0.580278 0.000000
0.324166 0.119895 0.251184 0.000000
0.365605 -0.593024 0.306487 0.000000
0.458229 -0.035274 0.188977 0.000000
0.497842 -0.047867 0.143920 0.000000
0.345991 -0.414002 0.246622 0.000000
0.333921 -0.294308 0.187010 0.000000
0.340600 0.293049 0.159165 0.000000
0.463305 0.033807 0.114055 0.000000
0.345563 -0.880277 0.223267 0.000000
0.260015 -0.099264 0.168443 0.000000
0.390090 0.265122 0.117632 0.000000
0.478458 0.050034 0.126439 0.000000
0.318861 -0.921780 0.220208 0.000000
0.316476 -0.995009 0.233944 0.000000
0.369042 0.465355 0.113845 0.000000
0.334446 0.071456 0.064813 0.000000
0.268222 0.025398 0.303836 0.000000
0.380395 -0.720456 0.362490 0.000000
0.419104 0.246340 0.163446 0.000000
0.524799 -0.102880 0.117269 0.000000
0.342588 0.368141 0.163925 0.000000
0.353953 -0.896711 0.185029 1.000000
0.281810 -0.122463 0.021864 0.000000
0.390677 0.106159 0.050647 0.000000
0.335172 0.084524 0.071937 0.000000
0.334042 -0.873288 0.210283 0.000000
-0.012776 -0.468884 0.166763 0.000000
0.323403 0.125655 0.071008 0.000000
0.271122 -1.040290 0.237762 0.000000
0.335964 0.104465 0.079256 0.000000
0.397001 -0.939628 0.523587 0.000000
0.340867 -0.655467 0.207240 0.000000
0.319518 -0.003658 0.046752 0.000000
0.341214 -0.374775 0.235369 0.000000
-0.066326 -0.535691 0.144070 0.000000
0.398467 0.394731 0.149009 0.000000
0.413275 0.147849 0.186925 0.000000
0.326673 -0.790812 0.205325 0.000000
0.325388 0.186513 0.109000 0.000000
0.446157 -0.005586 0.074596 0.000000
0.384735 0.280620 0.116087 0.000000
0.396977 0.233573 0.172743 0.000000
0.185027 -0.204951 0.498267 0.000000
0.481865 -0.006235 0.142671 0.000000
0.343630 -0.821466 0.218357 0.000000
0.428889 0.147114 0.121413 0.000000
0.288592 -1.081802 0.247388 0.000000
0.337338 -0.569088 0.208482 0.000000
0.368419 0.055987 0.209362 0.000000
0.003395 -0.453941 0.163754 0.000000
0.330646 -0.183826 0.197660 0.000000
0.465958 -0.004501 0.112778 0.000000
0.332667 -0.512898 0.182414 0.000000
0.227856 -0.100272 0.383686 0.000000
0.187605 -0.258908 0.561475 0.000000
0.246193 -0.069172 0.360034 0.000000
0.378665 0.395018 0.151891 0.000000
0.514142 -1.164952 0.142980 1.000000
0.314276 0.024336 0.178393 0.000000
0.336466 -0.417463 0.197931 0.000000
0.432043 0.134499 0.126524 0.000000
0.336077 -0.816572 0.209514 0.000000
0.383187 0.006953 0.239609 0.000000
0.391982 0.047299 0.018833 0.000000
0.364730 -0.916373 0.186260 1.000000
0.361130 0.066619 0.199267 0.000000
0.330851 -0.273362 0.200205 0.000000
0.443310 -1.021691 0.196741 1.000000
0.176295 -0.257770 0.165774 0.000000
0.218134 -0.191421 -0.025813 0.000000
0.019839 -0.431733 0.170381 0.000000
0.422755 0.110357 0.121781 0.000000
0.366825 -0.921853 0.212118 1.000000
0.348115 0.347479 0.160083 0.000000
-0.113946 -0.581789 0.123231 0.000000
0.268502 -1.062685 0.272620 0.000000
0.377144 -0.892822 0.460910 0.000000
0.432812 0.080832 0.192350 0.000000
0.478085 -0.013568 0.108620 0.000000
0.072818 -0.369245 0.175403 0.000000
0.328576 -0.860109 0.203630 0.000000
0.328599 -0.113352 0.190647 0.000000
0.313434 -1.121445 0.239310 0.000000
0.438388 -0.982721 0.606157 0.000000
0.391479 0.422919 0.153413 0.000000
0.340207 -0.634286 0.208786 0.000000
0.180932 -0.205887 -0.041292 0.000000
0.190983 -0.182142 0.462474 0.000000
0.345713 0.280479 0.182310 0.000000
0.444591 0.059112 0.195245 0.000000
0.186649 -0.237898 0.536276 0.000000
0.306728 -0.056778 0.031899 0.000000
0.247900 -0.050583 0.353014 0.000000
0.399795 0.142523 0.222351 0.000000
0.321164 0.064451 0.066370 0.000000
0.302507 -0.964955 0.208180 0.000000
0.516776 -0.284631 0.194252 0.000000
0.390105 0.021643 0.265534 0.000000
0.369214 -0.040152 0.262396 0.000000
0.615035 -1.327521 0.117296 1.000000
0.396962 -0.963254 0.205853 1.000000
0.353568 -0.903639 0.230040 1.000000
0.334582 -0.315851 0.194636 0.000000
0.309016 -0.880072 0.220480 0.000000
0.227380 -0.178577 0.161986 0.000000
0.318585 0.120141 0.241321 0.000000
0.438392 0.022680 0.194307 0.000000
0.220327 -0.089179 0.381931 0.000000
0.388607 0.013198 0.241371 0.000000
0.321309 -0.309710 0.191099 0.000000
0.358361 -0.468462 0.244381 0.000000
-0.062529 -0.528707 0.126038 0.000000
0.346869 -0.429967 0.242483 0.000000
0.332095 -0.516664 0.198311 0.000000
0.110544 -0.313193 0.173324 0.000000
0.345461 0.413837 0.157068 0.000000
0.297961 -0.002469 0.168902 0.000000
0.434430 0.072856 0.190103 0.000000
0.330942 0.091792 0.073072 0.000000
0.324634 0.166775 0.214306 0.000000
0.419749 -0.129391 0.248902 0.000000
0.337330 -0.736197 0.208053 0.000000
0.400499 0.234297 0.104158 0.000000
0.210048 -0.206737 0.160705 0.000000
0.370210 0.426451 0.120596 0.000000
0.383837 -0.565239 0.314208 0.000000
0.335315 0.343265 0.113712 0.000000
0.329425 -0.055846 0.184251 0.000000
0.345968 -0.714424 0.212236 0.000000
0.507965 -0.079294 0.159756 0.000000
0.412367 0.257779 0.123777 0.000000
0.482050 -0.100270 0.184329 0.000000
0.481629 -0.031414 0.118664 0.000000
0.325425 -0.507265 0.197055 0.000000
0.395044 0.152255 0.072285 0.000000
0.329001 0.124740 0.256360 0.000000
0.400644 -0.189978 0.287111 0.000000
0.445812 -0.026210 0.063903 0.000000
0.420974 0.235346 0.131351 0.000000
0.482620 0.006784 0.136559 0.000000
0.264966 -1.109751 0.269068 0.000000
0.538722 -0.114262 0.117495 0.000000
0.438484 0.115737 0.125437 0.000000
-0.127937 -0.592685 0.121786 0.000000
0.436444 0.058369 0.086654 0.000000
0.412809 0.279171 0.121970 0.000000
0.523217 -0.151871 0.146981 0.000000
0.328540 -0.852800 0.217373 0.000000
0.257090 -0.159365 -0.000620 0.000000
0.345997 -0.324344 0.196065 0.000000
0.383134 -0.938308 0.198747 1.000000
0.253666 -1.059937 0.240529 0.000000
0.413815 0.136059 0.101754 0.000000
0.390748 0.351165 0.159536 0.000000
-0.078848 -0.544219 0.125325 0.000000
0.474820 -0.101245 0.051472 0.000000
0.443165 0.168546 0.128295 0.000000
0.224508 -0.189918 0.163975 0.000000
0.405811 -0.948762 0.528939 0.000000
0.418796 0.119435 0.092180 0.000000
0.397244 0.402318 0.145399 0.000000
0.187170 -0.245838 0.541775 0.000000
-0.043923 -0.500440 0.154811 0.000000
0.316934 0.036545 0.060214 0.000000
0.339093 -0.694747 0.204023 0.000000
0.371951 0.340666 0.124939 0.000000
0.302536 -0.913571 0.237657 0.000000
0.332092 -0.534462 0.190227 0.000000
0.373058 0.460875 0.119757 0.000000
0.216310 -0.188237 0.155633 0.000000
0.471668 -1.070255 0.168728 1.000000
0.322785 -0.970563 0.223279 0.000000
-0.025295 -0.483271 0.156606 0.000000
0.320633 -0.899278 0.217362 0.000000
0.204688 -0.158605 0.428049 0.000000
0.337773 -0.294684 0.194422 0.000000
0.543432 -1.199967 0.144263 1.000000
0.427438 0.067775 0.088400 0.000000
0.327332 -0.305584 0.201178 0.000000
0.334535 0.289360 0.097542 0.000000
0.327473 0.077703 0.175028 0.000000
0.320591 -0.020030 0.042341 0.000000
0.229495 -0.162693 0.155074 0.000000
0.333134 -0.137390 0.182038 0.000000
0.233374 -0.173269 0.166762 0.000000
0.355222 -0.512225 0.270811 0.000000
0.355953 -0.537265 0.277387 0.000000
0.442220 -1.042072 0.171907 1.000000
0.509841 -0.191397 -0.012738 0.000000
0.334941 -0.372448 0.239603 0.000000
0.339855 -0.618401 0.198628 0.000000
0.351288 0.247687 0.105144 0.000000
0.339465 -0.472797 0.185091 0.000000
0.507748 -0.258923 -0.059622 0.000000
0.335093 0.401178 0.137059 0.000000
0.458491 -1.056697 0.170926 1.000000
0.295605 0.030953 0.305440 0.000000
0.386618 0.411248 0.154492 0.000000
0.346420 -0.393288 0.225756 0.000000
0.322275 -1.090150 0.241525 0.000000
0.335515 0.244354 0.213023 0.000000
0.328268 -0.164834 0.182121 0.000000
0.408954 -0.179674 0.279531 0.000000
0.354745 -0.334420 0.205261 0.000000
0.380184 0.309941 0.125940 0.000000
0.324512 -0.215011 0.189046 0.000000
0.394061 0.052531 0.232719 0.000000
0.116002 -0.227988 -0.048170 0.000000
0.395357 0.312029 0.130350 0.000000
0.389037 0.302975 0.131105 0.000000
0.288756 -1.072096 0.241279 0.000000
0.329792 0.157351 0.173422 0.000000
0.114840 -0.337534 0.169745 0.000000
0.330340 0.148372 0.129768 0.000000
0.298281 -1.099011 0.225711 0.000000
0.300313 -1.015707 0.229355 0.000000
0.320935 -0.168805 0.188102 0.000000
0.337143 -0.251825 0.194011 0.000000
0.344071 -0.676673 0.205158 0.000000
0.383323 0.404370 0.148862 0.000000
0.314116 -0.852841 0.219999 0.000000
0.325421 -0.186732 0.182677 0.000000
0.170654 -0.210510 -0.040408 0.000000
0.293459 -1.066728 0.233478 0.000000
0.280878 -0.126301 0.013019 0.000000
0.333019 -0.359249 0.202293 0.000000
0.133412 -0.296050 0.169804 0.000000
0.406848 0.179142 0.122556 0.000000
0.399337 0.115535 0.224013 0.000000
0.294779 0.063958 0.276651 0.000000
0.312882 -1.064902 0.237628 0.000000
0.391275 0.165352 0.070729 0.000000
0.336540 -0.168653 0.189070 0.000000
0.418734 -0.962057 0.574231 0.000000
0.593349 -1.281139 0.120834 1.000000
0.337044 -0.783047 0.211585 0.000000
0.329030 0.109286 0.164463 0.000000
0.306441 -0.022668 0.046493 0.000000
0.324019 -0.337372 0.194977 0.000000
0.304575 -0.935355 0.234607 0.000000
0.467574 0.019997 0.113724 0.000000
0.391879 -0.931069 0.511322 0.000000
0.386967 0.453993 0.150632 0.000000
0.086573 -0.342391 0.176660 0.000000
0.432756 0.045004 0.080947 0.000000
-0.085453 -0.557154 0.134475 0.000000
0.438055 -0.078045 0.233214 0.000000
0.352777 -0.403379 0.232006 0.000000
0.443268 0.183215 0.122104 0.000000
0.334101 -0.470156 0.194940 0.000000
0.414153 0.154274 0.096237 0.000000
0.314132 -0.964629 0.222445 0.000000
0.238957 -0.150670 0.152760 0.000000
0.310162 -0.905860 0.240795 0.000000
0.350462 -0.346356 0.212102 0.000000
0.263617 0.030792 0.299982 0.000000
0.373681 -0.656571 0.342560 0.000000
0.638458 -0.167290 0.098103 0.000000
0.326565 0.307053 0.113378 0.000000
0.398095 -0.773541 0.394100 0.000000
0.340660 0.366929 0.115591 0.000000
0.366246 -0.506554 0.289833 0.000000
0.343308 0.352508 0.165178 0.000000
0.437908 -0.979486 0.593471 0.000000
-0.046101 -0.509313 0.144990 0.000000
0.341729 -0.751889 0.207134 0.000000
0.418088 0.222582 0.123208 0.000000
0.195173 -0.201262 0.485640 0.000000
-0.014616 -0.481489 0.148320 0.000000
0.174638 -0.265553 0.173513 0.000000
0.508233 -0.168534 0.007282 0.000000
0.417640 -0.999438 0.200918 1.000000
0.271584 -0.079909 0.159225 0.000000
0.391013 0.131589 0.061022 0.000000
0.489454 -0.049510 0.112129 0.000000
0.398627 0.339085 0.122215 0.000000
0.376999 0.448446 0.148174 0.000000
0.518850 -0.122741 0.142807 0.000000
0.419221 0.166117 0.098574 0.000000
0.338111 -0.841258 0.200404 0.000000
0.386631 -0.917395 0.502353 0.000000
0.560863 -0.044982 0.429878 0.000000
0.229608 -0.083161 0.371451 0.000000
0.374299 0.467952 0.141297 0.000000
0.507104 -1.133756 0.168300 1.000000
0.346365 0.087724 0.179087 0.000000
0.184237 -0.209996 -0.032242 0.000000
0.451297 -1.066877 0.174484 1.000000
0.415704 -0.169175 0.270404 0.000000
0.386318 0.329509 0.149894 0.000000
-0.093042 -0.555717 0.123019 0.000000
0.461385 0.094277 0.130631 0.000000
0.196843 -0.177309 0.449924 0.000000
0.338471 -0.716088 0.206425 0.000000
0.594245 -1.304500 0.117529 1.000000
0.258332 -0.099272 0.179495 0.000000
0.441707 0.076970 0.185060 0.000000
0.341461 -0.644474 0.207366 0.000000
0.364794 -0.567701 0.308294 0.000000
0.335991 -0.840906 0.208821 0.000000
0.310777 0.017278 0.173619 0.000000
0.323675 -0.882013 0.231753 0.000000
0.377113 0.477653 0.151193 0.000000
0.330115 -0.355723 0.237214 0.000000
0.015624 -0.442855 0.160927 0.000000
0.322369 0.149804 0.171684 0.000000
0.350162 0.401130 0.162091 0.000000
0.403856 0.315926 0.124929 0.000000
0.323835 0.277050 0.107304 0.000000
0.302858 -1.017780 0.206713 0.000000
0.391930 0.037819 0.236122 0.000000
0.558146 -1.246156 0.128346 1.000000
0.207099 -0.172439 0.434604 0.000000
0.364698 -0.627413 0.316182 0.000000
0.359948 -0.485602 0.256669 0.000000
0.498081 -0.028284 0.382863 0.000000
0.334066 0.176698 0.209583 0.000000
0.361478 -0.905101 0.220337 1.000000
0.326943 -0.692849 0.207857 0.000000
0.353727 0.436039 0.147889 0.000000
0.389611 0.346609 0.146728 0.000000
0.473491 0.031776 0.137634 0.000000
0.383407 -0.888383 0.457772 0.000000
0.337588 -0.449205 0.179426 0.000000
0.363256 -0.898890 0.203877 1.000000
0.339946 -0.595930 0.189258 0.000000
0.456885 0.088683 0.133551 0.000000
0.333305 -0.354284 0.191799 0.000000
0.395056 0.385051 0.153633 0.000000
0.420545 -0.000804 0.316748 0.000000
0.392041 0.373301 0.158632 0.000000
0.374619 0.382637 0.113212 0.000000
0.462570 0.066645 0.135130 0.000000
0.344345 0.328951 0.166073 0.000000
0.398599 0.317256 0.163000 0.000000
0.309753 -0.888250 0.236661 0.000000
0.588936 -1.293197 0.125048 1.000000
0.321276 -1.073339 0.239130 0.000000
0.274872 -0.009214 0.327998 0.000000
0.284438 0.024482 0.303924 0.000000
0.338373 0.172809 0.222163 0.000000
0.519643 -0.236950 0.168936 0.000000
0.362692 -0.644549 0.320160 0.000000
0.357309 -0.385569 0.221948 0.000000
0.336339 -0.815216 0.217439 0.000000
0.320518 -0.991560 0.221142 0.000000
0.342040 0.252488 0.161640 0.000000
0.327069 -0.641076 0.205435 0.000000
0.006958 -0.446556 0.168047 0.000000
0.272826 -1.083756 0.247850 0.000000
0.292672 -0.030648 0.179527 0.000000
0.344416 0.218323 0.089083 0.000000
0.348009 -0.416514 0.238488 0.000000
0.133348 -0.224301 -0.046409 0.000000
0.330650 -0.161779 0.195800 0.000000
0.413045 0.196120 0.102763 0.000000
0.361505 0.295548 0.101608 0.000000
0.330506 -0.560210 0.192131 0.000000
0.281390 0.005182 0.320424 0.000000
0.357691 -0.622805 0.306224 0.000000
0.399168 0.203751 0.094572 0.000000
0.338556 -0.435869 0.186677 0.000000
0.379920 0.388385 0.145881 0.000000
0.330369 0.307308 0.104319 0.000000
0.580830 -0.135761 0.117906 0.000000
0.439879 0.017577 0.083378 0.000000
0.506184 -0.057368 0.146298 0.000000
0.393726 0.413992 0.153481 0.000000
0.358720 -0.900052 0.225441 1.000000
0.423494 0.137993 0.183818 0.000000
0.523775 -0.128599 0.155013 0.000000
0.359486 -0.442646 0.236401 0.000000
0.376732 -0.586670 0.317628 0.000000
0.427195 -0.084907 0.229492 0.000000
0.439970 -1.026614 0.187869 1.000000
0.323935 -0.034118 0.184287 0.000000
0.447555 0.023017 0.186199 0.000000
0.601207 -1.294456 0.124737 1.000000
0.248207 -0.120281 0.154094 0.000000
0.378175 0.428888 0.127498 0.000000
-0.051677 -0.515994 0.137881 0.000000
0.388724 -0.795530 0.401908 0.000000
0.516416 -0.077813 0.154396 0.000000
0.241658 -0.035284 0.346358 0.000000
0.329799 -0.341513 0.216950 0.000000
0.306133 0.014192 0.055978 0.000000
0.370841 0.432597 0.114887 0.000000
0.387675 0.023535 0.012282 0.000000
0.289176 -1.008413 0.240005 0.000000
0.192050 -0.150424 0.435447 0.000000
0.326002 -0.706499 0.210430 0.000000
0.277827 -0.960933 0.228445 0.000000
0.221857 -0.200730 0.165652 0.000000
0.436860 0.029408 0.079051 0.000000
0.329424 -0.452070 0.197652 0.000000
0.328538 -0.249595 0.203942 0.000000
0.434943 -0.091968 0.237567 0.000000
0.397153 0.324329 0.127756 0.000000
0.300627 -1.033271 0.208073 0.000000
0.455184 0.022051 0.118983 0.000000
0.318650 -0.876289 0.221952 0.000000
0.358128 -0.427820 0.242167 0.000000
0.341368 0.265934 0.195735 0.000000
0.349832 -0.453496 0.268719 0.000000
0.357162 -0.452675 0.241844 0.000000
0.431327 0.071503 0.081725 0.000000
0.442393 0.145831 0.129185 0.000000
0.315876 0.107480 0.251700 0.000000
0.342511 0.328621 0.155253 0.000000
0.331763 -0.217833 0.199869 0.000000
0.560598 -0.135328 0.112441 0.000000
0.416322 0.160437 0.184380 0.000000
0.338980 -0.493991 0.183550 0.000000
0.155627 -0.274678 0.165582 0.000000
0.446508 -0.981935 0.605496 0.000000
0.193485 -0.242273 0.529728 0.000000
0.413834 0.189963 0.179874 0.000000
0.274289 -1.051258 0.267671 0.000000
0.450114 -0.016448 0.338833 0.000000
-0.028382 -0.488790 0.150668 0.000000
0.498669 -1.128438 0.155924 1.000000
0.296356 -1.001208 0.223211 0.000000
0.516991 -0.258307 0.180124 0.000000
0.498393 -0.043918 0.136840 0.000000
0.164169 -0.288410 0.167337 0.000000
0.339922 -0.654012 0.191818 0.000000
0.388176 0.398038 0.151158 0.000000
0.272372 0.014708 0.312687 0.000000
0.409631 -0.964569 0.555464 0.000000
0.036118 -0.432376 0.167412 0.000000
0.424520 -1.003850 0.191056 1.000000
0.320540 -0.105057 0.179336 0.000000
0.292058 -0.091552 0.027289 0.000000
0.445474 -1.036590 0.184240 1.000000
0.327506 -0.673828 0.206122 0.000000
0.345027 0.425930 0.154229 0.000000
0.347358 0.246946 0.194206 0.000000
0.330414 -0.486107 0.185902 0.000000
0.364980 -0.535955 0.288736 0.000000
0.522062 -0.180761 0.155833 0.000000
0.430068 0.082236 0.084766 0.000000
0.395336 0.247026 0.110510 0.000000
0.353479 -0.889568 0.214402 1.000000
0.294691 -1.015580 0.217225 0.000000
0.132141 -0.329320 0.164394 0.000000
0.331971 -0.257942 0.193673 0.000000
0.522910 -1.174600 0.142151 1.000000
0.288343 -1.052722 0.249921 0.000000
0.189818 -0.215724 0.153875 0.000000
0.470286 -1.068058 0.181480 1.000000
0.335450 -0.504962 0.206209 0.000000
0.530440 -0.244127 0.176367 0.000000
0.252826 -0.119783 0.170244 0.000000
0.468118 -0.023591 0.354087 0.000000
0.435501 0.057092 0.076592 0.000000
0.323148 0.294180 0.106804 0.000000
0.345491 -0.420700 0.262560 0.000000
0.532387 -1.211088 0.133228 1.000000
0.431341 0.095442 0.086269 0.000000
0.429915 -1.015000 0.179560 1.000000
0.594463 -0.054130 0.454303 0.000000
0.333969 -0.861143 0.217446 0.000000
0.388319 0.412934 0.137982 0.000000
0.468921 -0.088872 0.054433 0.000000
0.518428 -0.107273 0.145774 0.000000
0.378770 -0.033365 -0.021751 0.000000
0.379427 0.422136 0.131758 0.000000
0.386893 0.339356 0.140666 0.000000
0.103375 -0.334371 0.172689 0.000000
0.422771 0.206675 0.129714 0.000000
0.332839 0.135661 0.257098 0.000000
0.383307 0.374488 0.145791 0.000000
0.340781 -0.482203 0.193036 0.000000
0.161718 -0.255902 0.161215 0.000000
0.382713 -0.901464 0.466727 0.000000
0.469784 -1.077064 0.182386 1.000000
0.295245 -0.028062 0.049939 0.000000
0.510460 -0.079330 0.110256 0.000000
0.568239 -1.279909 0.128708 1.000000
0.326428 -0.175493 0.194764 0.000000
0.440406 -1.025486 0.172313 1.000000
0.384859 -0.011853 -0.007937 0.000000
0.021356 -0.438772 0.164865 0.000000
0.348217 0.132296 0.134354 0.000000
0.294049 -1.039883 0.211814 0.000000
0.264386 -0.094229 0.171979 0.000000
0.395707 0.222573 0.106659 0.000000
0.345920 0.458796 0.143122 0.000000
0.334445 -0.501716 0.198088 0.000000
0.371229 0.332786 0.120474 0.000000
0.399947 -0.931515 0.499666 0.000000
0.278508 -0.996585 0.238306 0.000000
0.204036 -0.191262 0.148462 0.000000
0.319098 -1.017682 0.235692 0.000000
0.411101 0.231480 0.169978 0.000000
0.417335 -1.009760 0.173582 1.000000
0.314915 0.042215 0.176335 0.000000
0.325425 -0.286850 0.193758 0.000000
0.330151 -0.118492 0.183910 0.000000
0.329736 -0.541446 0.203830 0.000000
0.333154 -0.639352 0.201353 0.000000
0.337714 -0.808269 0.220291 0.000000
0.488917 -0.004937 0.138551 0.000000
0.486075 -0.122148 0.044010 0.000000
0.346350 -0.359268 0.219607 0.000000
0.329963 -0.210606 0.195815 0.000000
0.556240 -1.232478 0.133851 1.000000
0.368895 0.352089 0.117840 0.000000
0.389365 -0.952374 0.218005 1.000000
0.335291 -0.477167 0.201487 0.000000
0.333879 -0.505860 0.188458 0.000000
0.339840 0.245359 0.205619 0.000000
0.388084 0.366910 0.158803 0.000000
0.327362 0.134724 0.171129 0.000000
0.420231 -1.003915 0.177834 1.000000
0.183782 -0.257267 0.166135 0.000000
0.308630 -1.083562 0.227581 0.000000
0.222942 -0.063476 0.371285 0.000000
-0.056608 -0.523177 0.129758 0.000000
0.329680 0.152844 0.226880 0.000000
0.345220 -0.391368 0.238950 0.000000
0.357943 -0.518241 0.276948 0.000000
0.193182 -0.228711 0.160956 0.000000
0.341237 -0.393036 0.188804 0.000000
0.394149 0.259035 0.119251 0.000000
0.331047 0.209340 0.164320 0.000000
0.322084 -0.108075 0.191718 0.000000
0.241353 -0.046961 0.352752 0.000000
0.334961 0.156112 0.243498 0.000000
0.426704 -1.012145 0.187499 1.000000
0.380028 -0.652824 0.343842 0.000000
0.462579 -0.049853 0.189775 0.000000
0.395452 0.211271 0.088386 0.000000
0.464743 0.020031 0.141632 0.000000
0.399763 -0.968805 0.188886 1.000000
0.357348 -0.494596 0.264770 0.000000
0.258053 -0.048422 0.350627 0.000000
0.511674 -0.092557 0.112652 0.000000
0.197085 -0.204296 0.150969 0.000000
0.421955 0.159337 0.179512 0.000000
0.403883 0.125104 0.061721 0.000000
0.359035 0.290650 0.109440 0.000000
0.395252 0.118527 0.057085 0.000000
0.406983 -0.958181 0.569767 0.000000
0.435198 0.064751 0.203921 0.000000
0.586610 -0.055570 0.451130 0.000000
0.374189 -0.788966 0.392112 0.000000
0.482907 0.035310 0.127414 0.000000
0.333831 0.235096 0.102271 0.000000
0.444428 0.075791 0.120859 0.000000
0.332865 0.390189 0.133482 0.000000
0.353117 -0.904460 0.208455 1.000000
0.513438 -1.122260 0.168797 1.000000
0.422103 0.177540 0.173733 0.000000
0.394081 0.476075 0.123896 0.000000
0.330757 -0.556956 0.203759 0.000000
0.265966 -0.083673 0.163549 0.000000
0.438310 -0.036868 0.210343 0.000000
0.267693 -1.066762 0.241457 0.000000
0.324804 -0.311615 0.212251 0.000000
0.441349 -0.064121 0.228983 0.000000
0.314665 0.125756 0.227937 0.000000
0.389328 0.027793 0.233068 0.000000
0.522968 -1.139360 0.160845 1.000000
0.433741 0.192982 0.125825 0.000000
0.331717 -0.751493 0.212325 0.000000
0.329621 -0.017275 0.177661 0.000000
0.397550 0.013992 0.290706 0.000000
0.402765 0.077040 0.228593 0.000000
0.334801 -0.805512 0.205495 0.000000
0.335207 -0.136869 0.189235 0.000000
0.329174 -0.100853 0.177599 0.000000
0.240039 -1.106724 0.251848 0.000000
0.330400 0.078231 0.074401 0.000000
0.396330 0.146294 0.076978 0.000000
0.259944 -0.096864 0.159529 0.000000
0.408849 -0.962117 0.545785 0.000000
0.389697 0.482046 0.117642 0.000000
0.285360 -1.107835 0.257315 0.000000
0.342967 0.342546 0.157266 0.000000
0.346698 -0.380025 0.228196 0.000000
0.328711 -0.198256 0.191067 0.000000
0.504087 -0.158110 0.016904 0.000000
0.297516 -0.065306 0.044400 0.000000
0.428563 -0.984427 0.590829 0.000000
0.367957 -0.925933 0.219495 1.000000
0.250576 -0.057483 0.350562 0.000000
0.307169 -0.948240 0.226677 0.000000
0.516603 -1.171587 0.148398 1.000000
0.186145 -0.253022 0.550935 0.000000
0.323450 -0.323479 0.208231 0.000000
0.333799 0.200759 0.170231 0.000000
0.051142 -0.403368 0.171649 0.000000
0.329890 0.146881 0.235029 0.000000
0.384647 0.294291 0.119920 0.000000
0.474791 -0.079995 0.062115 0.000000
0.330358 -0.356841 0.184537 0.000000
0.400568 0.092352 0.043621 0.000000
0.602506 -1.302911 0.112577 1.000000
0.323566 0.136856 0.230893 0.000000
0.357529 0.282639 0.102857 0.000000
0.352695 0.256114 0.103722 0.000000
0.391061 0.036849 0.016127 0.000000
0.451745 -1.051031 0.181511 1.000000
0.280133 -1.060615 0.257044 0.000000
0.329652 -0.267746 0.193267 0.000000
0.445950 0.065612 0.119843 0.000000
0.258196 0.007603 0.310547 0.000000
0.209555 -0.106238 0.395698 0.000000
0.269423 -1.069531 0.266723 0.000000
0.380135 -0.863835 0.436658 0.000000
0.344149 -0.754461 0.217040 0.000000
0.435197 -0.043976 0.213198 0.000000
0.376579 -0.614751 0.322721 0.000000
0.359238 -0.474873 0.251945 0.000000
0.331159 -0.300289 0.195632 0.000000
0.311205 -0.934233 0.230289 0.000000
0.272142 -1.092457 0.277787 0.000000
0.301195 -0.896032 0.226171 0.000000
0.344380 -0.763249 0.211128 0.000000
-0.067143 -0.528741 0.139129 0.000000
0.009789 -0.455513 0.158651 0.000000
0.437163 0.093963 0.169991 0.000000
0.340802 0.207995 0.217120 0.000000
0.472570 0.043139 0.134540 0.000000
0.407463 0.001633 0.281787 0.000000
0.230588 -0.048784 0.356826 0.000000
0.336350 0.180364 0.112449 0.000000
0.518341 -0.271130 0.187964 0.000000
0.462385 0.024956 0.115254 0.000000
0.275374 -1.031450 0.266666 0.000000
0.632271 -0.161497 0.100743 0.000000
0.335903 0.274148 0.097794 0.000000
0.147723 -0.221016 -0.042650 0.000000
0.398167 0.100441 0.221838 0.000000
0.330653 0.162190 0.211483 0.000000
0.361014 -0.540746 0.284484 0.000000
0.324497 0.174399 0.117906 0.000000
0.241661 -0.124238 0.142526 0.000000
0.314865 0.113425 0.242978 0.000000
0.316869 0.030805 0.173573 0.000000
0.439211 -0.002677 0.200734 0.000000
0.509459 -0.234020 -0.045439 0.000000
0.104797 -0.357060 0.173707 0.000000
0.334991 0.224253 0.101085 0.000000
0.334163 -0.372122 0.197676 0.000000
0.469111 -1.092856 0.166038 1.000000
0.332560 -0.402703 0.190616 0.000000
0.347256 -0.693449 0.201560 0.000000
0.565722 -1.225767 0.140669 1.000000
0.256687 -1.022300 0.239277 0.000000
0.527068 -0.203811 0.126920 0.000000
0.074917 -0.385984 0.161730 0.000000
0.275866 -0.130155 0.000971 0.000000
0.359143 -0.491911 0.250453 0.000000
0.391234 -0.770948 0.394048 0.000000
0.298299 -0.914297 0.228934 0.000000
0.419906 -0.996104 0.172243 1.000000
0.389287 0.022058 0.257836 0.000000
0.349507 0.233693 0.099921 0.000000
0.307989 0.010601 0.174666 0.000000
0.295979 -1.055867 0.212194 0.000000
0.368302 0.406024 0.120742 0.000000
0.458562 -0.046171 0.064079 0.000000
0.350624 0.378789 0.163062 0.000000
0.201334 -0.168444 0.438264 0.000000
-0.003245 -0.461016 0.157930 0.000000
0.344831 0.410187 0.137092 0.000000
0.325033 -0.438966 0.188873 0.000000
0.339118 -0.776708 0.208614 0.000000
0.331229 -0.088724 0.188126 0.000000
0.234609 -0.096057 0.378313 0.000000
0.380308 0.419126 0.147907 0.000000
0.341853 0.245262 0.160056 0.000000
0.398552 -0.206200 0.305073 0.000000
0.331858 -0.280192 0.195850 0.000000
0.335413 -0.432315 0.200974 0.000000
0.402560 0.271657 0.167279 0.000000
0.319772 -0.007921 0.180905 0.000000
0.323130 -0.034111 0.176979 0.000000
0.326956 -0.885458 0.213334 0.000000
0.388404 0.278167 0.122680 0.000000
0.118688 -0.300268 0.170574 0.000000
0.285557 0.016513 0.318199 0.000000
0.388397 0.092309 0.045130 0.000000
0.365954 -0.917705 0.179205 1.000000
0.593433 -1.297092 0.118414 1.000000
0.191324 -0.171051 0.451702 0.000000
0.409691 0.257834 0.164081 0.000000
0.338171 0.187917 0.223921 0.000000
0.341014 0.098216 0.169815 0.000000
-0.094386 -0.561375 0.135815 0.000000
0.231462 -0.188838 0.169145 0.000000
0.408591 0.313333 0.154799 0.000000
0.442025 0.025353 0.212325 0.000000
0.298895 -0.066221 0.034135 0.000000
0.289981 -0.995117 0.250897 0.000000
0.359633 -0.525024 0.278959 0.000000
0.357275 -0.369703 0.216650 0.000000
0.306539 -1.037562 0.219270 0.000000
0.383229 -0.012769 0.249878 0.000000
0.241937 -0.061817 0.359380 0.000000
0.331460 -0.609706 0.201089 0.000000
0.334121 0.321577 0.106974 0.000000
0.425719 -0.972325 0.576597 0.000000
0.338874 -0.683255 0.203612 0.000000
0.524397 -0.167482 0.150655 0.000000
0.515023 -0.178719 0.149287 0.000000
0.441236 0.037314 0.193655 0.000000
0.403913 -0.938341 0.503537 0.000000
0.332141 0.168488 0.242757 0.000000
0.391668 0.302215 0.161326 0.000000
0.430964 -0.113285 0.238661 0.000000
0.435593 -0.978011 0.601397 0.000000
0.322701 0.108777 0.070577 0.000000
0.364876 0.359111 0.115959 0.000000
0.336776 0.181176 0.085549 0.000000
0.340524 -0.722860 0.213594 0.000000
0.331547 -0.224697 0.189795 0.000000
0.398897 0.302230 0.126561 0.000000
0.252019 -0.136113 0.171396 0.000000
0.322674 -0.263389 0.193088 0.000000
0.236482 -0.159013 0.155306 0.000000
0.325532 -0.939306 0.224722 0.000000
0.286452 -1.007310 0.265365 0.000000
0.329025 -0.594423 0.206991 0.000000
0.335485 -0.205476 0.193990 0.000000
0.420968 -0.989614 0.210334 1.000000
0.174224 -0.266940 0.575480 0.000000
0.475452 -1.080833 0.159087 1.000000
0.228617 -0.069884 0.363983 0.000000
0.511424 -1.140565 0.168899 1.000000
0.443626 0.124873 0.127971 0.000000
0.291042 -0.029850 0.171016 0.000000
0.343625 -0.366648 0.223376 0.000000
0.369552 -0.604660 0.322508 0.000000
0.386163 0.341077 0.150587 0.000000
0.522163 -0.135269 0.144859 0.000000
0.419566 0.131107 0.093946 0.000000
0.242472 -0.132222 0.153994 0.000000
0.541232 -1.213075 0.137025 1.000000
0.309940 -0.853609 0.226310 0.000000
0.361173 -0.585303 0.295423 0.000000
0.404054 0.212024 0.206634 0.000000
0.349063 -0.390963 0.232064 0.000000
0.314016 -0.867342 0.222781 0.000000
0.409648 0.249397 0.166033 0.000000
0.370870 0.376174 0.113497 0.000000
0.348639 -0.882187 0.206584 1.000000
0.331242 -0.242012 0.199036 0.000000
0.268939 -0.076759 0.167465 0.000000
0.454086 0.118778 0.133758 0.000000
-0.058389 -0.521415 0.150065 0.000000
0.392615 0.093949 0.227514 0.000000
0.333447 -0.430178 0.189053 0.000000
0.382366 0.473404 0.125227 0.000000
0.340219 0.155979 0.123458 0.000000
0.184822 -0.265250 0.168301 0.000000
0.312021 -0.912634 0.239174 0.000000
0.323508 -0.876786 0.212545 0.000000
0.257449 -0.155901 -0.013339 0.000000
0.204958 -0.138386 0.416069 0.000000
0.212941 -0.172268 0.142697 0.000000
0.233524 -0.106944 0.382874 0.000000
0.340867 -0.624642 0.207055 0.000000
0.442030 -1.030120 0.179283 1.000000
0.521143 -0.120957 0.149789 0.000000
0.444689 0.158669 0.131755 0.000000
-0.001403 -0.473603 0.144616 0.000000
0.356213 -0.470153 0.256601 0.000000
0.321093 0.122130 0.167578 0.000000
0.356072 -0.517706 0.285937 0.000000
-0.078630 -0.537227 0.138326 0.000000
0.356594 0.267883 0.097716 0.000000
0.427087 0.095053 0.192410 0.000000
0.296132 -0.960782 0.241727 0.000000
0.337744 -0.534733 0.206542 0.000000
0.326697 -0.078211 0.182086 0.000000
0.335544 0.123606 0.146689 0.000000
0.430701 0.102201 0.186622 0.000000
0.622553 -1.328438 0.111131 1.000000
0.516175 -0.099945 0.140373 0.000000
0.439066 -0.009130 0.066694 0.000000
0.367256 -0.528267 0.297149 0.000000
0.319801 0.099307 0.266298 0.000000
0.544586 -1.225714 0.133990 1.000000
0.538587 -1.197878 0.139011 1.000000
0.607019 -1.295716 0.119648 1.000000
0.330468 -0.845998 0.215295 0.000000
0.456277 -0.016092 0.194348 0.000000
0.503510 -0.059116 0.138058 0.000000
0.428685 -0.015302 0.313612 0.000000
0.166856 -0.243844 0.157659 0.000000
0.338757 0.190330 0.209587 0.000000
0.382440 0.030854 0.248383 0.000000
0.062834 -0.411285 0.162922 0.000000
0.368489 0.458032 0.125227 0.000000
0.387531 -0.947826 0.206977 1.000000
0.588971 -0.141650 0.116708 0.000000
0.280626 0.057225 0.276612 0.000000
0.296057 -0.927660 0.233389 0.000000
0.407022 -0.950721 0.555012 0.000000
0.337772 0.214381 0.223459 0.000000
0.388132 0.317220 0.137675 0.000000
0.182795 -0.207559 0.146399 0.000000
0.314061 -0.890681 0.242058 0.000000
0.207621 -0.181426 0.144327 0.000000
0.358421 -0.908455 0.181942 1.000000
0.359130 -0.538527 0.271110 0.000000
0.403491 -0.945443 0.548395 0.000000
0.284913 -0.944481 0.237881 0.000000
0.382732 -0.876634 0.446683 0.000000
0.359034 -0.599264 0.296084 0.000000
0.451651 -0.030464 0.067858 0.000000
0.426514 0.098872 0.199535 0.000000
0.373751 -0.718518 0.364761 0.000000
0.017928 -0.452943 0.157417 0.000000
0.413327 -0.000977 0.295440 0.000000
0.300977 0.091305 0.253389 0.000000
0.341275 -0.700018 0.195368 0.000000
0.612149 -0.163532 0.106137 0.000000
0.568842 -1.234672 0.135519 1.000000
0.401375 -0.899234 0.467803 0.000000
0.500711 -1.112855 0.172545 1.000000
0.298189 -1.027101 0.219315 0.000000
0.330833 -0.520114 0.191942 0.000000
0.375659 0.383846 0.120676 0.000000
0.259064 -0.098172 0.140353 0.000000
0.501213 -1.124326 0.163914 1.000000
0.335599 -0.351478 0.225933 0.000000
0.392554 0.131874 0.225658 0.000000
0.426601 -1.013935 0.194580 1.000000
0.527736 -0.168517 0.156847 0.000000
0.388942 0.359264 0.149024 0.000000
0.532372 -0.112096 0.113822 0.000000
0.437467 -0.059585 0.224998 0.000000
0.346201 0.362328 0.121330 0.000000
0.413759 0.207955 0.110690 0.000000
0.483709 -0.045288 0.116800 0.000000
0.336873 -0.336060 0.186578 0.000000
0.388409 -0.955158 0.180686 1.000000
0.423751 -0.118857 0.245042 0.000000
0.397204 0.267978 0.163119 0.000000
0.472569 -0.083797 0.185771 0.000000
0.301757 -0.973921 0.218646 0.000000
0.293062 -0.968737 0.242956 0.000000
0.341826 -0.794875 0.205098 0.000000
0.292595 -1.059185 0.236723 0.000000
0.390065 0.286325 0.124348 0.000000
0.380824 0.311835 0.116892 0.000000
0.376340 0.416987 0.117607 0.000000
0.346485 -0.334553 0.200944 0.000000
0.294753 -1.128136 0.223354 0.000000
0.476814 -1.077676 0.180940 1.000000
0.398997 0.011235 0.282325 0.000000
0.339692 -0.856459 0.209190 0.000000
0.398610 0.098013 0.229603 0.000000
0.276948 0.046661 0.288900 0.000000
0.419480 -0.972572 0.583732 0.000000
0.335533 -0.849433 0.202553 0.000000
0.400005 0.250388 0.197508 0.000000
0.349723 -0.374495 0.220756 0.000000
0.423696 0.118855 0.189236 0.000000
0.305951 -0.921229 0.225046 0.000000
0.294936 -0.973467 0.235951 0.000000
0.359333 -0.579849 0.302207 0.000000
0.333776 0.210780 0.170684 0.000000
0.401075 -0.887291 0.457147 0.000000
0.414207 -0.142441 0.255270 0.000000
0.432401 0.050187 0.093139 0.000000
0.480933 -1.093227 0.171143 1.000000
0.349383 0.245963 0.201564 0.000000
0.336209 -0.329039 0.187687 0.000000
0.404004 0.334644 0.157829 0.000000
0.502359 -0.069475 0.135725 0.000000
0.581353 -1.260180 0.127091 1.000000
0.329827 0.185852 0.114610 0.000000
0.342522 -0.405740 0.249453 0.000000
0.360580 -0.533849 0.295421 0.000000
0.499757 -0.263128 -0.070525 0.000000
0.425135 0.147743 0.128992 0.000000
0.285415 0.071920 0.265065 0.000000
0.290733 -1.000020 0.256974 0.000000
0.397685 0.082370 0.229036 0.000000
0.489107 -0.037341 0.108677 0.000000
0.081912 -0.355539 0.175835 0.000000
0.337886 0.155557 0.091099 0.000000
0.385304 -0.944031 0.184805 1.000000
0.189088 -0.205405 0.487524 0.000000
0.344399 0.307570 0.164918 0.000000
0.400580 0.131327 0.220862 0.000000
0.083676 -0.375920 0.164164 0.000000
0.381272 -0.620130 0.329701 0.000000
0.400252 -0.780503 0.397824 0.000000
0.391292 -0.957092 0.195502 1.000000
0.437599 0.049541 0.198820 0.000000
0.340932 -0.848860 0.216612 0.000000
0.176480 -0.269852 0.568427 0.000000
0.210241 -0.220383 0.167597 0.000000
0.398210 0.101513 0.048822 0.000000
0.369027 -0.566792 0.301083 0.000000
0.372359 -0.579054 0.308340 0.000000
0.328412 -0.147451 0.186768 0.000000
0.592349 -0.152546 0.109591 0.000000
0.307010 -1.056402 0.230249 0.000000
0.527486 -0.189872 0.144004 0.000000
0.327002 -0.446054 0.190912 0.000000
0.382781 0.450338 0.132635 0.000000
0.429284 0.067566 0.206771 0.000000
0.405444 0.315801 0.160774 0.000000
0.399972 0.282360 0.163405 0.000000
0.229785 -0.068147 0.370700 0.000000
0.342571 -0.284359 0.201713 0.000000
0.436419 0.105080 0.175133 0.000000
0.379892 -0.936810 0.189459 1.000000
0.432039 0.129863 0.175047 0.000000
0.316899 0.030465 0.166468 0.000000
0.297928 -0.991894 0.216889 0.000000
0.322909 0.028480 0.058177 0.000000
0.425087 0.201274 0.125857 0.000000
0.387298 0.012746 0.003181 0.000000
0.339223 -0.857310 0.224721 0.000000
0.329390 -0.589453 0.198957 0.000000
0.406032 0.258827 0.120929 0.000000
0.311015 -0.894148 0.225894 0.000000
0.255405 0.020573 0.308296 0.000000
0.340950 -0.685877 0.197244 0.000000
0.336843 0.382498 0.158416 0.000000
0.040391 -0.432802 0.160207 0.000000
0.369614 -0.051010 -0.035010 0.000000
0.396493 0.262872 0.170126 0.000000
0.329143 -0.582071 0.205511 0.000000
0.439409 0.035316 0.200161 0.000000
0.330129 -0.548658 0.190994 0.000000
0.375424 -0.559147 0.311848 0.000000
0.396060 0.060701 0.026596 0.000000
0.295626 -1.075195 0.234048 0.000000
0.341267 -0.834486 0.213925 0.000000
0.324542 -0.010346 0.174121 0.000000
0.296463 -0.945690 0.237170 0.000000
0.286137 -0.043254 0.157706 0.000000
0.372032 0.482482 0.145868 0.000000
0.399800 0.173500 0.088586 0.000000
0.339108 -0.558903 0.195388 0.000000
0.298987 -0.036913 0.045810 0.000000
0.074874 -0.242393 -0.051284 0.000000
0.284260 -0.964140 0.231025 0.000000
0.376888 0.038469 0.235842 0.000000
0.331179 -0.379541 0.187159 0.000000
0.382197 -0.017186 -0.012548 0.000000
0.311091 -0.906579 0.210539 0.000000
0.614281 -1.321160 0.114483 1.000000
0.429191 0.120151 0.121209 0.000000
0.087811 -0.238727 -0.049026 0.000000
0.289300 0.029240 0.308383 0.000000
0.277962 -1.054533 0.239007 0.000000
0.306865 -0.998499 0.235779 0.000000
0.330031 -0.191782 0.193356 0.000000
0.346005 -0.657795 0.202763 0.000000
0.428784 0.085233 0.187036 0.000000
0.343116 0.232323 0.203249 0.000000
0.374294 -0.673409 0.341917 0.000000
0.340771 0.299314 0.180260 0.000000
0.334762 -0.350304 0.184297 0.000000
0.070136 -0.362357 0.178264 0.000000
0.299167 -0.053058 0.040151 0.000000
0.214103 -0.134742 0.407591 0.000000
0.393358 0.020850 0.001258 0.000000
0.358667 -0.501927 0.279927 0.000000
0.402558 -0.969212 0.207214 1.000000
0.330431 -0.897935 0.213495 0.000000
0.507387 -0.062892 0.153344 0.000000
0.309297 -1.023322 0.237569 0.000000
0.531064 -0.143606 0.160651 0.000000
0.334042 -0.147625 0.191436 0.000000
0.379227 -0.666469 0.342351 0.000000
0.153029 -0.248406 0.156911 0.000000
0.203339 -0.114515 0.405833 0.000000
0.261990 -0.089761 0.156559 0.000000
0.371258 0.481469 0.127220 0.000000
0.326265 -0.066332 0.186864 0.000000
0.436540 -1.000821 0.208680 1.000000
0.538703 -1.186161 0.147301 1.000000
0.370792 -0.926044 0.181030 1.000000
0.306820 -0.015892 0.044897 0.000000
0.330915 -0.365317 0.231612 0.000000
0.330346 -0.575314 0.201974 0.000000
0.214871 -0.100570 0.389864 0.000000
0.497668 -0.054119 0.112539 0.000000
0.415408 0.175574 0.102234 0.000000
0.299370 -1.044064 0.236398 0.000000
0.328463 0.168104 0.166647 0.000000
0.436376 0.096271 0.184571 0.000000
0.299707 0.085502 0.258066 0.000000
0.428708 -0.999760 0.208727 1.000000
0.481028 -1.078831 0.186514 1.000000
0.289644 -0.017601 0.165980 0.000000
0.445744 0.050139 0.191727 0.000000
0.480423 -0.032596 0.111916 0.000000
0.313245 0.033368 0.179940 0.000000
0.340004 0.316983 0.160599 0.000000
0.116369 -0.327794 0.170634 0.000000
0.284937 -0.971743 0.228884 0.000000
0.347264 0.194689 0.098243 0.000000
0.364317 -0.516770 0.290487 0.000000
0.454123 0.103619 0.132406 0.000000
0.240194 -0.078354 0.368073 0.000000
0.428988 -0.070563 0.224466 0.000000
0.288841 -0.916866 0.233560 0.000000
0.389080 -0.943667 0.190622 1.000000
0.442533 0.055652 0.180916 0.000000
0.520231 -0.113738 0.139268 0.000000
0.484995 -1.101904 0.170142 1.000000
0.298450 -0.071531 0.017759 0.000000
0.300212 -0.008827 0.165551 0.000000
0.339371 -0.626529 0.199070 0.000000
0.406453 0.269629 0.120697 0.000000
0.325307 -0.313186 0.203135 0.000000
0.326790 0.121535 0.079002 0.000000
0.322748 -0.344178 0.195266 0.000000
0.488333 -1.122767 0.161637 1.000000
-0.102897 -0.561556 0.128181 0.000000
0.341397 -0.487093 0.187582 0.000000
0.386638 0.411958 0.126754 0.000000
0.353326 -0.890523 0.181983 1.000000
0.329357 -0.865251 0.220579 0.000000
0.279932 -0.124582 -0.001136 0.000000
0.375932 0.364075 0.120125 0.000000
0.387583 0.423297 0.147705 0.000000
0.336345 -0.287893 0.187935 0.000000
0.421156 0.213364 0.121748 0.000000
0.356545 -0.459077 0.270698 0.000000
0.349836 -0.457711 0.247600 0.000000
0.349322 0.245305 0.093706 0.000000
0.329271 -0.569981 0.197396 0.000000
0.477644 -1.095010 0.160809 1.000000
0.330338 -0.680612 0.200173 0.000000
0.392714 -0.910467 0.474082 0.000000
0.337572 -0.763041 0.209940 0.000000
0.283456 -1.060637 0.244813 0.000000
0.364845 -0.078821 0.295605 0.000000
0.252080 -0.165584 -0.004473 0.000000
0.392251 -0.868884 0.442613 0.000000
-0.035380 -0.501086 0.154711 0.000000
0.087945 -0.357088 0.172117 0.000000
0.330718 -0.242795 0.185624 0.000000
0.345351 0.383514 0.125571 0.000000
0.389774 -0.701084 0.357051 0.000000
0.417133 0.133110 0.193587 0.000000
0.409405 0.243882 0.120058 0.000000
0.394640 0.111244 0.053347 0.000000
0.307529 -0.960892 0.216991 0.000000
0.310258 0.083110 0.271978 0.000000
0.375666 -0.935434 0.212926 1.000000
0.380839 -0.795386 0.398722 0.000000
0.466702 -0.063856 0.064138 0.000000
0.309507 0.021366 0.185619 0.000000
0.282897 -1.008077 0.243967 0.000000
0.067672 -0.394900 0.168437 0.000000
0.412092 -0.956238 0.549110 0.000000
0.293929 -1.048368 0.208908 0.000000
0.420063 -0.996979 0.182344 1.000000
0.335729 -0.371146 0.185278 0.000000
0.187918 -0.215547 0.504248 0.000000
0.344504 0.339731 0.163726 0.000000
0.350371 0.482269 0.147789 0.000000
0.284827 -0.041331 0.150142 0.000000
0.326080 0.034850 0.178637 0.000000
0.530280 -0.213756 0.120558 0.000000
0.281266 -1.074870 0.248815 0.000000
0.327289 -0.538424 0.193434 0.000000
0.324776 -0.925291 0.217942 0.000000
0.435816 0.056317 0.206746 0.000000
0.321959 -0.427456 0.193679 0.000000
0.401749 0.151360 0.218366 0.000000
0.389591 0.290828 0.158200 0.000000
0.264396 -0.086043 0.178155 0.000000
0.293088 0.051370 0.283652 0.000000
0.579198 -1.281947 0.121209 1.000000
0.330326 -0.816248 0.213254 0.000000
0.431450 -1.028430 0.175702 1.000000
0.350855 0.089754 0.173468 0.000000
0.286388 -0.107223 0.022742 0.000000
0.275490 -0.127950 0.009101 0.000000
0.387831 0.400727 0.141460 0.000000
0.327393 0.249454 0.101358 0.000000
0.134849 -0.317596 0.168226 0.000000
0.308130 -1.014326 0.232469 0.000000
0.390332 -0.915397 0.489773 0.000000
0.345440 -0.650897 0.204224 0.000000
0.305825 -0.002460 0.052509 0.000000
0.342378 -0.802319 0.208209 0.000000
0.440995 0.070031 0.181905 0.000000
0.315417 -1.084070 0.242779 0.000000
0.337989 0.282248 0.166849 0.000000
0.382462 -0.001621 0.243736 0.000000
0.346762 -0.880774 0.199195 1.000000
0.308315 -0.918393 0.239269 0.000000
0.426597 0.083956 0.090413 0.000000
0.342598 -0.524415 0.193145 0.000000
0.302896 0.082825 0.263899 0.000000
0.299033 -0.921924 0.241444 0.000000
0.337177 -0.408399 0.193744 0.000000
0.439003 0.150766 0.123571 0.000000
0.504189 -0.072980 0.114877 0.000000
0.393256 -0.859376 0.437236 0.000000
0.359795 -0.573794 0.287140 0.000000
0.362338 -0.671874 0.334841 0.000000
0.288893 -1.039823 0.241759 0.000000
0.351119 0.423447 0.150993 0.000000
0.327003 -0.455458 0.190708 0.000000
0.508396 -0.225340 -0.042013 0.000000
0.327500 -0.315186 0.188091 0.000000
0.269866 -1.055135 0.241585 0.000000
0.321510 -0.920682 0.204394 0.000000
0.393506 -0.765967 0.388356 0.000000
0.377138 -0.706003 0.357515 0.000000
0.331858 -0.208943 0.189088 0.000000
0.393269 0.391061 0.128396 0.000000
0.297742 -1.020656 0.233283 0.000000
0.337442 -0.364371 0.184911 0.000000
0.412320 0.199027 0.123356 0.000000
0.327518 -0.181158 0.186000 0.000000
0.194665 -0.233945 0.516241 0.000000
0.466657 -0.070560 0.181871 0.000000
0.480176 -0.105756 0.050637 0.000000
0.367023 0.050301 0.228259 0.000000
0.477859 -0.023571 0.364989 0.000000
0.437642 0.041284 0.205278 0.000000
0.348097 0.469476 0.152117 0.000000
-0.017558 -0.481263 0.158264 0.000000
0.171652 -0.271024 0.165845 0.000000
0.191685 -0.245873 0.551386 0.000000
0.386921 0.356847 0.141569 0.000000
0.340562 0.173364 0.090749 0.000000
0.249816 -1.131249 0.244696 0.000000
0.320550 -0.968615 0.230140 0.000000
0.333118 0.161564 0.225604 0.000000
0.442565 -0.990304 0.606230 0.000000
0.377712 -0.568563 0.311144 0.000000
0.425886 0.077318 0.091969 0.000000
0.332122 -0.828184 0.205783 0.000000
0.342710 0.464914 0.146820 0.000000
0.401840 0.226969 0.103002 0.000000
0.385022 -0.922749 0.498074 0.000000
0.325865 0.076792 0.068554 0.000000
0.278192 0.022322 0.302318 0.000000
0.391057 0.024419 0.240047 0.000000
0.325361 0.256832 0.102675 0.000000
0.303240 0.000248 0.155567 0.000000
0.466490 -1.068129 0.175353 1.000000
0.327867 -0.806019 0.206201 0.000000
0.335850 0.121804 0.085556 0.000000
0.516537 -1.140964 0.162356 1.000000
0.279771 -1.019139 0.241963 0.000000
0.365778 -0.722171 0.357014 0.000000
0.389558 0.272666 0.126494 0.000000
0.225623 -0.186098 -0.023134 0.000000
0.319143 -0.248169 0.192533 0.000000
0.340806 -0.449050 0.189759 0.000000
0.470178 -1.083453 0.164635 1.000000
0.335303 -0.100442 0.184590 0.000000
0.391542 -0.894165 0.463938 0.000000
0.248287 -0.025574 0.337510 0.000000
0.322009 0.009470 0.174387 0.000000
0.101411 -0.343141 0.172579 0.000000
0.319754 0.055483 0.173879 0.000000
0.375293 -0.056163 0.268746 0.000000
0.281270 -1.052101 0.256527 0.000000
0.313096 -0.860802 0.215176 0.000000
0.205309 -0.197266 0.153018 0.000000
0.344632 0.482156 0.151548 0.000000
0.327054 -0.512645 0.190990 0.000000
0.326544 -0.874387 0.206391 0.000000
0.309157 0.026936 0.058440 0.000000
0.359662 -0.527440 0.293441 0.000000
0.337890 -0.752171 0.199312 0.000000
0.339462 0.329280 0.161258 0.000000
0.325472 0.207237 0.111116 0.000000
0.356869 -0.906956 0.224958 1.000000
0.293964 -1.143813 0.213011 0.000000
0.304451 -0.000710 0.169646 0.000000
0.328714 -0.419591 0.197629 0.000000
0.320805 -0.851700 0.222112 0.000000
0.301213 -0.902254 0.234586 0.000000
0.399529 0.062448 0.033759 0.000000
0.389397 -0.851331 0.431060 0.000000
0.384316 -0.825144 0.415367 0.000000
0.333767 -0.051706 0.181083 0.000000
0.334069 0.121391 0.259323 0.000000
0.301651 -1.033785 0.228605 0.000000
0.332058 -0.920317 0.219975 0.000000
0.618767 -0.165589 0.103775 0.000000
0.336829 -0.459443 0.202229 0.000000
0.423253 -0.973996 0.565217 0.000000
-0.088883 -0.550571 0.133026 0.000000
0.272358 -1.038521 0.268854 0.000000
0.290539 -1.052739 0.240451 0.000000
0.377563 0.442523 0.128896 0.000000
0.437799 0.081993 0.179793 0.000000
0.335632 -0.306274 0.201294 0.000000
0.467523 -1.061405 0.177457 1.000000
0.193826 -0.191486 0.464746 0.000000
0.358960 -0.529631 0.267374 0.000000
0.471129 -0.010000 0.113879 0.000000
0.216978 -0.180245 0.152136 0.000000
0.366963 0.342880 0.119287 0.000000
0.508555 -0.177484 0.006292 0.000000
0.341255 -0.334306 0.212730 0.000000
0.327972 -0.010132 0.180079 0.000000
0.436312 -0.019485 0.324834 0.000000
0.394865 -0.925328 0.496717 0.000000
0.334626 0.148369 0.170449 0.000000
0.414975 -0.967742 0.567519 0.000000
0.351334 0.472846 0.143961 0.000000
0.352351 -0.386957 0.227760 0.000000
0.277902 -0.056317 0.169674 0.000000
0.286606 -1.068094 0.258264 0.000000
0.397651 0.221182 0.099418 0.000000
0.375318 -0.023302 0.253599 0.000000
0.369917 0.438269 0.119313 0.000000
0.333086 0.167210 0.085009 0.000000
0.347841 0.266187 0.183077 0.000000
0.436603 -1.008990 0.201665 1.000000
0.336362 -0.467681 0.188169 0.000000
0.491175 -0.027012 0.376621 0.000000
0.327684 0.051632 0.063573 0.000000
0.494502 -0.119746 0.178701 0.000000
0.338569 0.240920 0.164239 0.000000
0.378368 -0.639265 0.334792 0.000000
0.349208 0.443614 0.148044 0.000000
0.503761 -0.167869 0.015014 0.000000
0.448886 -1.034809 0.190370 1.000000
0.338629 -0.597526 0.195862 0.000000
0.491249 -0.033039 0.144911 0.000000
0.324682 -0.619108 0.202717 0.000000
0.524399 -1.163111 0.155119 1.000000
0.510776 -0.081601 0.146584 0.000000
0.442532 0.011430 0.082938 0.000000
0.367073 -0.543415 0.294481 0.000000
0.274988 -1.058302 0.267483 0.000000
0.466429 0.102202 0.126730 0.000000
0.364031 -0.560853 0.290543 0.000000
0.342001 0.226621 0.191512 0.000000
0.387057 -0.719346 0.367223 0.000000
0.386301 -0.792111 0.396636 0.000000
0.252039 -0.045336 0.349182 0.000000
0.372559 -0.594328 0.315185 0.000000
0.328431 -0.347991 0.193695 0.000000
-0.045947 -0.512354 0.137945 0.000000
0.465684 -0.059531 0.183972 0.000000
0.524543 -0.268783 0.186878 0.000000
0.439635 -0.018988 0.207021 0.000000
0.368979 -0.518133 0.301017 0.000000
0.474292 -1.081609 0.169892 1.000000
0.431547 0.186539 0.126290 0.000000
0.328135 0.135992 0.078362 0.000000
0.329338 -0.348121 0.201750 0.000000
0.512450 -0.088370 0.143262 0.000000
0.075485 -0.378852 0.171525 0.000000
0.329762 0.142581 0.080394 0.000000
0.189009 -0.237858 0.527440 0.000000
0.238302 -0.090221 0.372631 0.000000
0.273448 -0.065134 0.156387 0.000000
0.348616 -0.340072 0.210760 0.000000
0.326187 -0.235793 0.195595 0.000000
0.341948 -0.646957 0.198121 0.000000
0.450229 0.013188 0.188429 0.000000
0.277930 -0.049525 0.142455 0.000000
0.336068 0.365783 0.121406 0.000000
0.224317 -0.158609 0.144099 0.000000
0.234413 -0.179632 -0.019671 0.000000
0.374530 0.396665 0.115334 0.000000
0.325298 -0.423386 0.189571 0.000000
0.336489 -0.547997 0.200718 0.000000
