0.307886 0.302051 0.043173 0.000000
0.157319 -1.380841 -0.393540 1.000000
0.691646 -0.528767 0.167688 0.000000
0.009365 -0.302828 -0.256211 0.000000
-0.018391 -0.899804 0.016979 0.000000
0.632028 -0.078919 -0.061415 0.000000
0.080115 -1.363273 0.086223 0.000000
0.261384 -0.552773 0.016067 0.000000
0.217156 -0.056646 -0.049199 0.000000
0.202098 -1.111894 -0.163829 1.000000
0.530238 0.025635 0.232827 0.000000
0.467201 -0.299106 0.112209 0.000000
0.232826 -0.818602 0.019141 0.000000
0.503002 -0.277455 -0.154726 0.000000
-0.110420 -1.129714 -0.035554 0.000000
0.481973 0.113382 0.001103 0.000000
0.245968 -0.312714 0.015795 0.000000
0.151194 -1.148946 0.055770 0.000000
0.400227 -0.086007 0.079822 0.000000
0.063802 -0.659135 0.029474 0.000000
0.021273 -0.129795 -0.121586 0.000000
0.383475 0.505266 0.049374 0.000000
0.204581 0.139713 -0.014393 0.000000
0.420978 -0.113890 -0.106093 0.000000
0.779971 -0.176566 -0.105338 0.000000
0.189837 -1.251860 -0.274052 1.000000
0.202958 -0.982020 -0.046982 1.000000
0.558517 -0.437878 0.123997 0.000000
0.138106 -0.240192 -0.161101 0.000000
0.335023 0.064560 0.058993 0.000000
0.437848 0.225569 0.100229 0.000000
0.285419 -0.169574 0.030529 0.000000
0.174724 -0.438048 0.022590 0.000000
0.083323 -0.017106 -0.070979 0.000000
0.177687 -1.282541 0.031769 0.000000
0.239382 -0.684808 0.015176 0.000000
0.380865 -0.002233 -0.045835 0.000000
0.339598 0.182394 0.003171 0.000000
0.045545 -0.785723 0.017387 0.000000
0.569286 -0.183353 -0.099631 0.000000
-0.059136 -1.014739 -0.017833 0.000000
0.562923 0.018106 -0.019060 0.000000
0.137853 -0.557881 0.038635 0.000000
0.397691 0.384892 0.041675 0.000000
0.480318 0.121755 0.142422 0.000000
0.296882 -0.048419 0.036539 0.000000
0.486387 -0.070267 -0.019390 0.000000
0.171695 -0.154570 -0.091136 0.000000
0.443066 -0.190190 0.093196 0.000000
0.202705 -1.053287 0.036706 0.000000
0.251598 0.042482 -0.018734 0.000000
0.375206 -0.136548 -0.006889 0.000000
0.145611 0.060559 -0.041486 0.000000
0.398707 0.266138 0.014958 0.000000
0.271123 -0.411926 0.018188 0.000000
0.223381 -0.914171 0.020379 0.000000
0.253156 0.220640 0.019601 0.000000
0.453014 -0.196549 -0.143168 0.000000
0.704589 -0.136935 -0.067842 0.000000
0.165930 -1.315041 -0.331959 1.000000
0.114808 -1.239570 0.075936 0.000000
0.187051 -1.180375 -0.222898 1.000000
0.446154 0.192168 0.017316 0.000000
0.215435 -1.045778 -0.107599 1.000000
0.078357 -0.278493 -0.210895 0.000000
0.428758 0.046484 0.004389 0.000000
0.511707 -0.370204 0.106479 0.000000
0.627143 -0.477384 0.151518 0.000000
0.366948 -0.010731 0.076096 0.000000
0.349457 0.082708 -0.019950 0.000000
0.336338 0.440478 0.054892 0.000000
0.284153 0.124714 0.000256 0.000000
0.525254 -0.128967 -0.054059 0.000000
0.190359 -1.205748 0.020223 0.000000
0.286221 -0.246605 0.021551 0.000000
0.407054 0.129877 -0.003812 0.000000
0.325970 0.013267 0.004529 0.000000
0.118162 -1.328901 0.032476 0.000000
0.328561 0.233777 0.058646 0.000000
0.207066 -0.373646 0.017271 0.000000
0.254577 -0.481348 0.013458 0.000000
0.209796 -0.983716 0.023785 0.000000
0.501366 0.069575 0.185070 0.000000
0.330899 0.366502 0.058828 0.000000
0.058470 -0.076435 -0.097087 0.000000
0.379886 0.312572 0.062662 0.000000
0.448857 -0.013683 -0.019012 0.000000
0.232215 -0.751725 0.008731 0.000000
0.240521 -0.617497 0.019931 0.000000
0.325564 0.136882 0.051545 0.000000
0.401925 -0.060841 -0.069965 0.000000
0.022326 -0.847346 0.007602 0.000000
0.120038 -0.621009 0.034936 0.000000
0.059083 -0.723466 0.026700 0.000000
0.146601 -0.495640 0.024148 0.000000
0.351139 -0.085980 0.024312 0.000000
-0.032711 -0.957421 -0.007495 0.000000
0.199622 -1.114622 0.018990 0.000000
-0.087492 -1.071065 -0.027273 0.000000
0.521820 0.063675 -0.003432 0.000000
0.592513 -0.034252 -0.041690 0.000000
0.171120 -1.335895 0.064289 0.000000
0.118103 -1.194580 0.030491 0.000000
0.294094 -0.109568 0.034568 0.000000
0.405323 -0.145845 0.079543 0.000000
0.457548 0.171020 0.111359 0.000000
0.162915 -0.202205 -0.123938 0.000000
0.468498 -0.242795 0.096655 0.000000
0.199323 -0.107658 -0.070818 0.000000
0.390593 0.208257 0.014106 0.000000
0.239153 -0.941069 -0.029597 1.000000
0.391630 0.442592 0.042782 0.000000
0.341888 0.261215 0.011908 0.000000
0.231545 -0.006990 -0.034658 0.000000
0.124655 -1.276142 0.037683 0.000000
0.273031 -0.358727 0.018197 0.000000
0.411931 0.262728 0.072359 0.000000
0.122713 0.012002 -0.050651 0.000000
0.235637 0.182645 -0.012881 0.000000
0.346472 0.331522 0.023172 0.000000
0.159946 -1.235170 0.050999 0.000000
0.148974 -1.104546 0.021429 0.000000
0.096478 -1.314916 0.083549 0.000000
0.336032 -0.037845 0.005791 0.000000
0.286812 0.257047 0.030267 0.000000
0.336153 0.127249 0.000152 0.000000
0.214998 -0.866040 0.011273 0.000000
0.316985 0.186321 0.051685 0.000000
0.178193 0.098996 -0.021645 0.000000
0.370148 0.038068 -0.020430 0.000000
0.305109 0.004375 0.047639 0.000000
0.431607 -0.157634 -0.123881 0.000000
0.481907 -0.233928 -0.152752 0.000000
0.346032 0.400827 0.029425 0.000000
0.663875 -0.113183 -0.066602 0.000000
0.395939 0.338745 0.027056 0.000000
0.222844 -1.006325 -0.081688 1.000000
0.190906 -1.151590 -0.185475 1.000000
0.740775 -0.158589 -0.087593 0.000000
0.137158 -1.192504 0.072827 0.000000
0.257551 0.088521 -0.017555 0.000000
0.187450 -1.178378 0.057596 0.000000
0.189713 -1.282702 -0.308702 1.000000
0.193477 -1.079756 -0.131572 1.000000
0.373707 -0.054149 0.060075 0.000000
0.191744 -1.225093 -0.231912 1.000000
0.413091 0.085247 -0.014272 0.000000
0.526483 -0.404759 0.132445 0.000000
0.427214 0.232030 0.028584 0.000000
0.308717 0.094714 0.039772 0.000000
0.101618 -0.582052 0.026879 0.000000
0.196997 -0.947571 -0.019623 1.000000
0.465765 0.152306 0.012754 0.000000
0.498463 -0.328444 0.104969 0.000000
0.046228 -0.291207 -0.236857 0.000000
0.329354 0.055970 0.006765 0.000000
0.348417 0.482486 0.058230 0.000000
0.191670 -1.156519 0.021188 0.000000
0.352293 0.024586 0.057173 0.000000
0.269220 -0.283276 0.036012 0.000000
0.303050 0.162413 -0.005761 0.000000
0.179763 -1.013466 0.027492 0.000000
0.108005 -0.261115 -0.186057 0.000000
0.591742 -0.457350 0.140706 0.000000
0.111487 -1.235931 0.032719 0.000000
0.660301 -0.501983 0.158773 0.000000
0.199415 -0.408868 0.039775 0.000000
0.232782 -0.344007 0.040302 0.000000
0.160127 -1.351145 -0.351780 1.000000
0.332131 0.220574 0.016474 0.000000
0.398476 0.167643 0.009974 0.000000
0.495695 -0.105913 -0.038721 0.000000
0.151537 -1.297326 0.059199 0.000000
0.085599 -0.693524 0.029048 0.000000
0.288099 -0.208629 0.032023 0.000000
0.081320 -0.624196 0.027716 0.000000
0.171101 -1.081142 0.043553 0.000000
0.580669 -0.207976 -0.127547 0.000000
0.172105 -0.472014 0.041504 0.000000
0.334103 0.275763 0.053470 0.000000
0.310444 0.043200 0.038555 0.000000
0.032742 -0.750399 0.032925 0.000000
0.260929 -0.516248 0.027188 0.000000
0.400292 0.299772 0.033490 0.000000
0.364737 0.357539 0.043593 0.000000
0.433811 -0.226466 0.097812 0.000000
0.339267 0.401792 0.065946 0.000000
0.182702 -1.131261 0.047269 0.000000
0.267807 -0.447549 0.026788 0.000000
0.191544 -1.024955 -0.083720 1.000000
0.079812 -0.052444 -0.079105 0.000000
0.187145 -1.258009 0.058879 0.000000
0.008219 -0.879672 -0.001300 0.000000
0.100738 -0.661134 0.033393 0.000000
0.171561 -1.048575 0.019262 0.000000
0.510273 0.044226 0.208836 0.000000
0.334559 0.325051 0.056284 0.000000
0.221477 -0.950238 0.019046 0.000000
0.344361 0.295854 0.022066 0.000000
0.152366 -1.180512 0.039190 0.000000
0.166880 -1.316486 0.033491 0.000000
0.242024 -0.582784 0.012613 0.000000
0.491898 0.096416 0.164133 0.000000
0.435587 0.022667 -0.020306 0.000000
0.248014 -0.649613 0.008512 0.000000
0.039031 -0.101725 -0.111167 0.000000
0.531569 0.033011 -0.017011 0.000000
0.413766 -0.115323 0.093797 0.000000
0.225925 -0.785864 0.009581 0.000000
0.188854 -1.213004 0.056253 0.000000
0.237201 -0.718917 0.019997 0.000000
0.024371 -0.812837 0.018592 0.000000
0.463624 -0.044553 -0.021965 0.000000
0.151229 -0.525341 0.040498 0.000000
0.450064 -0.269249 0.107509 0.000000
-0.049541 -0.986230 -0.002162 0.000000
0.277514 -0.319232 0.025716 0.000000
0.118136 -0.538621 0.019241 0.000000
0.232620 -0.966563 -0.050689 1.000000
0.409209 -0.087216 -0.089223 0.000000
0.354144 -0.116182 0.008943 0.000000
0.330814 -0.074028 0.000914 0.000000
0.394861 -0.031368 -0.056459 0.000000
0.384699 -0.040660 0.088108 0.000000
0.435788 -0.158349 0.091640 0.000000
0.537523 -0.154078 -0.070837 0.000000
0.141967 -0.225950 -0.131671 0.000000
0.128939 -1.153710 0.032500 0.000000
0.217963 -0.924604 -0.010638 1.000000
0.300036 -0.141074 0.026200 0.000000
-0.027740 -0.929868 0.009755 0.000000
-0.072124 -1.042356 -0.028320 0.000000
0.305079 -0.079409 0.032501 0.000000
0.204186 -1.084798 0.042386 0.000000
0.609036 -0.061884 -0.047116 0.000000
-0.093930 -1.102364 -0.026069 0.000000
0.574642 -0.008960 -0.031373 0.000000
-0.002708 -0.862526 0.023306 0.000000
0.499885 0.086842 -0.002689 0.000000
0.340246 0.369313 0.027168 0.000000
0.134355 -1.216490 0.052452 0.000000
0.362899 0.442833 0.030207 0.000000
0.466902 0.145422 0.127269 0.000000
0.210896 -1.033513 0.014310 0.000000
0.330106 0.092823 0.001978 0.000000
0.491902 -0.353177 0.122950 0.000000
0.443379 0.194476 0.097211 0.000000
0.194466 -0.078656 -0.061658 0.000000
0.182483 -1.288614 0.061285 0.000000
0.060599 -0.753826 0.021357 0.000000
0.398426 0.287767 0.062309 0.000000
0.178018 -0.177468 -0.109610 0.000000
0.159316 0.087236 -0.042835 0.000000
0.192116 -1.073182 0.016913 0.000000
0.109386 -1.301719 0.041260 0.000000
0.127930 -0.590591 0.038070 0.000000
0.229706 -0.890894 0.002874 1.000000
0.199991 -0.905196 0.004439 1.000000
0.258652 -0.384130 0.023377 0.000000
0.218863 0.161527 -0.000506 0.000000
0.177472 -1.232071 0.027485 0.000000
0.311994 0.191865 0.006526 0.000000
0.309736 -0.021881 0.035309 0.000000
0.091669 -1.341077 0.034892 0.000000
0.224551 -0.350785 0.012265 0.000000
0.238732 0.190970 0.014923 0.000000
0.390779 0.237385 0.015329 0.000000
0.162987 -1.354637 -0.382103 1.000000
0.416264 -0.180499 0.087629 0.000000
0.272676 0.239850 0.010043 0.000000
0.214597 -0.028170 -0.044801 0.000000
0.392264 0.413753 0.041865 0.000000
0.193823 -1.003873 -0.063310 1.000000
0.234834 0.024431 -0.033442 0.000000
0.477296 -0.277494 0.096300 0.000000
0.337089 0.087642 0.042132 0.000000
0.153654 -0.467015 0.020226 0.000000
0.425211 0.260791 0.024199 0.000000
0.127496 0.040666 -0.050041 0.000000
0.118415 -1.281415 0.064642 0.000000
0.384094 0.469255 0.047620 0.000000
0.185830 -0.132451 -0.081641 0.000000
0.165304 -1.257114 0.034701 0.000000
0.057789 -0.694601 0.029824 0.000000
0.321889 -0.011877 -0.006550 0.000000
0.202556 -1.172278 -0.201411 1.000000
0.335359 0.154729 0.002366 0.000000
0.325350 0.036034 -0.011635 0.000000
0.278159 0.096562 -0.001355 0.000000
0.173138 -1.156691 0.041122 0.000000
0.309411 0.068620 0.048017 0.000000
0.177701 -1.107778 0.034770 0.000000
0.195628 -1.200057 -0.241385 1.000000
0.166181 -1.198281 0.056472 0.000000
0.186862 -0.414547 0.016530 0.000000
0.505964 -0.387023 0.126685 0.000000
0.219968 -0.369989 0.040511 0.000000
0.299110 0.279968 0.023732 0.000000
0.403726 0.190877 -0.002310 0.000000
0.097896 0.003573 -0.062331 0.000000
0.205499 -1.138249 -0.164044 1.000000
0.262880 -0.288034 0.010709 0.000000
0.319347 0.159595 0.039366 0.000000
0.189990 0.122498 -0.028213 0.000000
0.183112 -1.328513 -0.346600 1.000000
0.230157 -0.844692 0.017894 0.000000
0.556454 -0.166507 -0.084088 0.000000
0.423648 0.240979 0.081114 0.000000
0.135736 -1.166977 0.067900 0.000000
0.323992 0.210447 0.044849 0.000000
0.541120 -0.417993 0.115464 0.000000
0.205556 -1.010607 0.025771 0.000000
0.321573 0.103946 0.060366 0.000000
0.121374 -1.252212 0.054223 0.000000
0.224833 -0.988104 -0.062585 1.000000
0.210638 -1.093277 -0.145122 1.000000
0.434379 -0.131571 -0.118989 0.000000
0.011200 -0.151088 -0.131754 0.000000
0.327286 0.071729 -0.013121 0.000000
0.107762 -0.022787 -0.066792 0.000000
0.182341 -0.446924 0.045172 0.000000
0.006699 -0.833185 0.021761 0.000000
0.191924 -1.054656 -0.111157 1.000000
0.418606 0.089050 0.010193 0.000000
0.528152 -0.396274 0.108639 0.000000
0.353922 0.462033 0.044064 0.000000
0.025254 -0.775169 0.028130 0.000000
0.169674 -1.296883 -0.314296 1.000000
0.366277 -0.030147 0.059788 0.000000
0.387703 -0.064273 0.079565 0.000000
0.132777 -0.516566 0.023748 0.000000
0.372331 0.334249 0.048943 0.000000
0.486744 -0.305591 0.098049 0.000000
0.211737 -0.963310 -0.032166 1.000000
0.181692 -1.178027 0.031500 0.000000
0.352253 0.422900 0.040662 0.000000
0.330742 0.300419 0.054299 0.000000
-0.009209 -0.914017 -0.001268 0.000000
0.472779 -0.210942 -0.147620 0.000000
0.283309 -0.273256 0.018624 0.000000
0.392785 0.361576 0.036243 0.000000
0.436429 0.214364 0.014270 0.000000
0.371718 0.020503 -0.037255 0.000000
0.099910 -0.606299 0.028366 0.000000
0.490084 -0.256817 -0.152868 0.000000
0.338500 -0.059588 0.018839 0.000000
0.446312 0.005816 -0.004798 0.000000
0.175506 -1.049567 0.043180 0.000000
0.445845 -0.174669 -0.135562 0.000000
0.646960 -0.097494 -0.057346 0.000000
0.238237 -0.913735 -0.003225 1.000000
0.180122 -1.311613 0.068278 0.000000
0.182122 -1.133639 0.023252 0.000000
0.168313 0.076996 -0.022454 0.000000
0.214015 -1.026429 -0.092314 1.000000
0.181285 -1.261773 0.017380 0.000000
0.359624 0.001258 0.056617 0.000000
0.254602 -0.302576 0.035742 0.000000
0.718721 -0.151205 -0.081769 0.000000
0.155883 -1.126619 0.048415 0.000000
0.355117 0.015912 0.079267 0.000000
0.236542 -0.032417 -0.036360 0.000000
0.353996 0.055478 -0.022811 0.000000
0.399477 -0.122240 0.076078 0.000000
0.212102 -1.031660 0.039303 0.000000
0.294204 0.144883 0.007423 0.000000
0.312670 0.118260 0.043829 0.000000
0.167839 -1.213660 0.038606 0.000000
0.204139 -1.118565 -0.186294 1.000000
0.323074 0.254549 0.049161 0.000000
0.119490 -0.566879 0.026748 0.000000
0.445644 -0.246994 0.102059 0.000000
0.412872 0.108391 -0.011514 0.000000
0.759226 -0.169077 -0.097168 0.000000
0.422200 0.064074 -0.009371 0.000000
0.202238 -0.397325 0.019109 0.000000
0.262528 -0.338298 0.021560 0.000000
0.452448 -0.212642 0.097841 0.000000
0.251845 -0.531962 0.012374 0.000000
0.251846 0.065051 -0.023967 0.000000
0.329340 -0.016650 0.014540 0.000000
0.268864 -0.500437 0.012753 0.000000
0.100392 -0.638411 0.031225 0.000000
0.120086 -0.256753 -0.167268 0.000000
0.426835 -0.137596 0.090214 0.000000
0.268154 -0.258169 0.028681 0.000000
0.216433 -0.079084 -0.056549 0.000000
0.196883 -1.113838 0.047383 0.000000
0.190086 -1.220181 -0.253763 1.000000
0.470715 0.132691 0.003105 0.000000
0.243392 -0.324437 0.037885 0.000000
0.333345 0.386964 0.050131 0.000000
0.341932 0.239040 0.008609 0.000000
0.191874 -1.033047 0.030055 0.000000
0.251591 -0.597799 0.026002 0.000000
0.330161 0.346622 0.048891 0.000000
0.478177 -0.318333 0.114210 0.000000
0.684608 -0.127336 -0.069425 0.000000
0.408280 0.155210 -0.005570 0.000000
0.388295 0.282326 0.025912 0.000000
0.234310 -0.331576 0.017371 0.000000
0.345295 0.045709 0.053620 0.000000
0.323913 0.034429 0.010575 0.000000
0.237558 -0.769292 0.021031 0.000000
0.410985 0.281619 0.026971 0.000000
0.346062 0.459132 0.064463 0.000000
0.437037 0.210282 0.083218 0.000000
0.341667 -0.098042 0.008255 0.000000
0.272867 0.112127 -0.016006 0.000000
0.201377 -1.092761 0.020732 0.000000
0.609787 -0.473235 0.138704 0.000000
0.333337 0.418066 0.052438 0.000000
0.334731 0.203777 0.001959 0.000000
0.209727 -0.389543 0.038237 0.000000
0.167512 -1.089021 0.023385 0.000000
0.321661 0.318569 0.039503 0.000000
0.274240 -0.230575 0.030186 0.000000
-0.008633 -0.880585 0.012884 0.000000
0.082002 -0.671043 0.028891 0.000000
0.214266 -1.074170 -0.133836 1.000000
0.158651 -0.189450 -0.107001 0.000000
0.212477 -0.888484 0.015723 0.000000
0.486838 -0.086541 -0.035073 0.000000
0.218157 -0.942978 -0.022004 1.000000
0.132165 -1.230866 0.036348 0.000000
0.547884 -0.427178 0.139346 0.000000
0.576641 -0.450318 0.127093 0.000000
0.241298 -0.661599 0.025034 0.000000
0.180760 -1.233178 0.055675 0.000000
0.263970 -0.459987 0.009775 0.000000
0.676970 -0.516062 0.158713 0.000000
0.062095 -0.285275 -0.223858 0.000000
0.208992 -1.054728 0.015804 0.000000
0.094209 -0.270527 -0.199188 0.000000
0.427906 -0.206391 0.094247 0.000000
0.153850 -1.155408 0.032405 0.000000
0.080942 -0.646720 0.028203 0.000000
0.499650 0.104431 0.009084 0.000000
0.033770 -0.829671 0.009519 0.000000
0.216648 -0.806153 0.013668 0.000000
0.389010 -0.100822 0.069800 0.000000
0.145475 -1.199859 0.045717 0.000000
0.260119 -0.430141 0.017660 0.000000
0.642951 -0.491331 0.151024 0.000000
0.213125 0.156376 -0.023926 0.000000
0.191398 -0.430801 0.033116 0.000000
0.314419 0.023161 0.046357 0.000000
0.391722 0.317995 0.027681 0.000000
0.161201 -0.495535 0.039027 0.000000
0.519480 -0.111770 -0.043792 0.000000
0.404263 0.215571 0.000239 0.000000
0.296024 -0.155043 0.040997 0.000000
0.262433 0.223949 0.001416 0.000000
0.111123 0.027820 -0.056942 0.000000
0.075557 -0.711364 0.025856 0.000000
0.042600 -0.765815 0.021018 0.000000
0.342061 0.102123 -0.011610 0.000000
0.283764 -0.188917 0.024442 0.000000
0.401277 0.143951 0.009853 0.000000
0.324519 0.168145 0.056999 0.000000
0.040984 -0.732253 0.029307 0.000000
0.139847 0.029506 -0.038617 0.000000
0.391679 0.186503 0.013253 0.000000
-0.066587 -1.031338 -0.009185 0.000000
0.170209 -0.457306 0.026325 0.000000
0.458176 0.170859 0.014568 0.000000
0.249167 0.020741 -0.019877 0.000000
0.385000 -0.078549 0.065765 0.000000
0.302961 -0.093991 0.046058 0.000000
0.352124 0.382287 0.036692 0.000000
0.217914 -0.904949 -0.004934 1.000000
0.027181 -0.297942 -0.248772 0.000000
0.068780 -0.035928 -0.078881 0.000000
0.162430 -1.330977 -0.343255 1.000000
0.537607 0.051865 -0.005156 0.000000
0.256540 -0.569962 0.007564 0.000000
0.168388 -1.063869 0.031386 0.000000
0.134371 -0.539661 0.030445 0.000000
0.570580 -0.196790 -0.114777 0.000000
0.415903 -0.160664 0.087184 0.000000
0.089118 -0.035659 -0.074141 0.000000
0.239942 -0.637451 0.021715 0.000000
0.157914 -1.099377 0.038147 0.000000
0.326160 0.083133 0.057809 0.000000
0.176545 -1.260584 -0.285560 1.000000
0.339807 0.349809 0.029038 0.000000
0.214819 -0.931833 0.018493 0.000000
0.607207 -0.043747 -0.054247 0.000000
0.171733 -1.279407 -0.301908 1.000000
0.189999 -1.045425 0.013781 0.000000
0.175706 -1.195561 0.037537 0.000000
0.301345 -0.065708 0.045838 0.000000
0.201106 -1.205653 -0.223573 1.000000
0.334695 0.278421 0.017132 0.000000
0.139771 -1.179988 0.054136 0.000000
0.275658 -0.301999 0.017086 0.000000
-0.004510 -0.894257 -0.001201 0.000000
0.298392 -0.131061 0.042658 0.000000
0.291942 0.143651 -0.011716 0.000000
0.270907 -0.393826 0.011665 0.000000
0.254259 -0.607861 0.009879 0.000000
0.062196 -0.059881 -0.088145 0.000000
0.173103 -1.298397 0.022009 0.000000
0.553528 0.003415 -0.027019 0.000000
0.246717 -0.628971 0.005882 0.000000
0.337142 0.315853 0.017271 0.000000
0.326737 0.106019 0.039435 0.000000
0.234593 -0.798620 0.020862 0.000000
0.305064 -0.036413 0.048934 0.000000
0.217400 -0.828550 0.013899 0.000000
0.156542 -0.214882 -0.136930 0.000000
0.428327 0.039289 -0.014638 0.000000
0.238355 -0.928433 -0.015224 1.000000
0.374185 -0.028095 0.078637 0.000000
0.502566 -0.368758 0.123089 0.000000
0.266375 0.231941 0.026891 0.000000
0.175469 -1.272061 0.054279 0.000000
0.477009 -0.054437 -0.013281 0.000000
0.203859 -1.148655 -0.198715 1.000000
0.230041 0.175376 0.005384 0.000000
0.467310 -0.261917 0.099112 0.000000
0.328396 -0.054051 0.000422 0.000000
0.133064 -1.234061 0.058649 0.000000
0.358932 0.485930 0.043198 0.000000
0.205496 -1.092015 -0.124382 1.000000
0.149991 -1.220647 0.043283 0.000000
0.228481 -0.733987 0.012742 0.000000
0.162309 -1.370887 -0.373175 1.000000
0.257747 -0.515188 0.007250 0.000000
0.204612 -1.038770 -0.082352 1.000000
0.139557 -1.163777 0.043676 0.000000
0.477069 0.139291 0.019209 0.000000
0.186063 -1.210773 0.037642 0.000000
0.241346 -0.703570 0.010806 0.000000
0.201079 -1.035732 -0.101432 1.000000
0.369416 -0.126246 0.010351 0.000000
0.392110 0.300250 0.050474 0.000000
0.204637 -1.013104 -0.074866 1.000000
0.192541 -1.094596 -0.143010 1.000000
-0.092036 -1.086889 -0.035565 0.000000
0.186335 -1.068286 0.033520 0.000000
0.360143 0.043612 -0.035236 0.000000
0.347055 0.443738 0.039147 0.000000
0.244747 -0.669617 0.006678 0.000000
0.507858 0.059732 0.199638 0.000000
0.520919 0.034439 0.219947 0.000000
0.190682 -1.135044 -0.174061 1.000000
0.206098 -0.092479 -0.063029 0.000000
0.460265 -0.028682 -0.013951 0.000000
0.172062 -1.174726 0.048828 0.000000
0.268268 0.079091 -0.006471 0.000000
0.386941 0.254222 0.021749 0.000000
0.290542 0.275012 0.038849 0.000000
-0.077756 -1.056990 -0.019361 0.000000
0.403011 -0.102695 0.086678 0.000000
0.385548 0.487225 0.047604 0.000000
0.574237 -0.445467 0.144271 0.000000
0.030063 -0.795871 0.020504 0.000000
0.182345 -1.196689 -0.229781 1.000000
0.471949 -0.063854 -0.027867 0.000000
0.357728 -0.102367 0.021522 0.000000
0.171537 -1.249739 0.056129 0.000000
0.245774 -0.547063 0.022581 0.000000
0.499979 0.084530 0.174688 0.000000
0.189466 -0.147839 -0.089871 0.000000
0.452473 -0.230606 0.101345 0.000000
0.196720 -0.972524 -0.029870 1.000000
0.065917 -0.678568 0.029248 0.000000
0.217619 -0.967806 0.023200 0.000000
0.173662 -1.341378 -0.357754 1.000000
0.383664 -0.017901 -0.053899 0.000000
-0.024956 -0.940642 -0.003984 0.000000
0.034108 -0.115805 -0.120631 0.000000
0.250212 0.204196 0.012711 0.000000
0.307789 0.174762 0.005940 0.000000
0.165439 -1.217225 0.055691 0.000000
0.539384 -0.137872 -0.064198 0.000000
0.205425 -1.068341 0.027995 0.000000
0.198475 -1.140358 0.022705 0.000000
-0.039664 -0.979723 -0.015190 0.000000
-0.043687 -0.969314 -0.000673 0.000000
0.231380 -0.959796 -0.034563 1.000000
0.439982 0.207684 0.030073 0.000000
0.183132 -1.086188 0.031873 0.000000
0.464098 -0.280784 0.107298 0.000000
0.188971 -1.149370 0.042375 0.000000
0.043612 -0.084793 -0.100978 0.000000
0.503049 -0.090858 -0.030153 0.000000
0.158188 -0.481906 0.028179 0.000000
0.320127 0.007086 -0.010739 0.000000
0.355471 0.078074 -0.004258 0.000000
0.407601 0.112446 0.004589 0.000000
0.268522 -0.374745 0.012554 0.000000
0.545634 0.018413 -0.020629 0.000000
0.256837 -0.463724 0.025154 0.000000
0.151433 -1.166755 0.055969 0.000000
0.464857 -0.226377 -0.147695 0.000000
-0.105301 -1.111986 -0.034941 0.000000
0.587856 -0.017843 -0.038225 0.000000
0.189201 -1.195388 0.055132 0.000000
0.190422 0.113418 -0.013526 0.000000
0.193095 -1.098690 0.040060 0.000000
0.198321 -1.002943 0.012142 0.000000
0.257524 -0.401698 0.020804 0.000000
0.220801 -0.358256 0.027301 0.000000
0.499050 -0.345387 0.107865 0.000000
0.202104 0.126611 -0.003553 0.000000
0.151869 -0.509998 0.032829 0.000000
0.323923 0.053064 -0.012776 0.000000
0.329081 0.073035 0.005415 0.000000
0.211618 -0.998831 -0.068499 1.000000
0.148900 -0.227213 -0.147238 0.000000
0.204153 -0.065962 -0.055586 0.000000
0.189328 -1.122214 0.033684 0.000000
0.343064 0.060445 0.044528 0.000000
-0.055493 -1.000652 -0.008998 0.000000
0.620583 -0.075040 -0.049432 0.000000
0.216808 -0.972211 -0.047308 1.000000
0.415049 -0.098876 -0.100859 0.000000
0.407879 -0.072619 -0.080804 0.000000
0.160596 -1.301727 0.038804 0.000000
0.109758 -0.007850 -0.058779 0.000000
0.377586 -0.044095 0.073010 0.000000
0.194084 -1.008314 0.037874 0.000000
0.254172 -0.445681 0.015278 0.000000
0.429831 0.225567 0.083628 0.000000
0.048394 -0.708516 0.029853 0.000000
0.431542 -0.174954 0.091779 0.000000
0.310703 -0.004108 0.034340 0.000000
0.420451 -0.133436 -0.109949 0.000000
0.409845 -0.130411 0.086315 0.000000
0.399274 -0.045070 -0.065280 0.000000
0.220882 0.169267 -0.015116 0.000000
0.251419 -0.497642 0.012323 0.000000
0.157032 0.069704 -0.033627 0.000000
0.184748 -1.294584 -0.320867 1.000000
0.455380 -0.009573 -0.004393 0.000000
0.194315 -1.192766 -0.214729 1.000000
0.345989 0.037797 0.068106 0.000000
0.324809 -0.027069 -0.000757 0.000000
0.199034 -1.136755 -0.188208 1.000000
-0.022178 -0.913914 0.008949 0.000000
0.208644 -1.060377 -0.111161 1.000000
0.264681 -0.274790 0.022632 0.000000
0.181573 -0.164137 -0.100207 0.000000
0.300906 -0.095665 0.029007 0.000000
0.187404 -1.050801 0.031215 0.000000
0.366556 0.053324 -0.012433 0.000000
0.518301 -0.384246 0.113893 0.000000
0.130980 -0.574541 0.036666 0.000000
0.118111 -0.602986 0.033805 0.000000
0.301533 0.287938 0.037911 0.000000
0.215310 -1.029773 -0.110921 1.000000
0.268365 -0.484359 0.021703 0.000000
-0.062741 -1.028881 -0.025190 0.000000
0.340027 -0.075513 0.015570 0.000000
0.388510 0.398102 0.038919 0.000000
0.477745 0.136254 0.135312 0.000000
0.238642 0.009069 -0.029484 0.000000
0.116730 -1.250659 0.037275 0.000000
0.389631 0.300697 0.067933 0.000000
0.338911 0.351475 0.061658 0.000000
0.337163 0.168386 0.010895 0.000000
0.192847 -1.017202 0.017451 0.000000
0.225299 -0.878744 0.014447 0.000000
0.292689 -0.194681 0.038662 0.000000
0.251204 -0.574815 0.023129 0.000000
0.400265 -0.074199 0.090704 0.000000
0.570367 0.005918 -0.026392 0.000000
0.204847 -0.933334 -0.013690 1.000000
0.317643 0.081619 0.043465 0.000000
0.418148 0.075232 0.002064 0.000000
0.328321 0.196684 0.056151 0.000000
0.331910 -0.004031 0.003136 0.000000
0.005197 -0.853243 0.012995 0.000000
0.223664 -0.041237 -0.043842 0.000000
0.215892 -0.850146 0.011121 0.000000
0.127237 -1.204802 0.070959 0.000000
0.279756 -0.247224 0.036074 0.000000
0.124301 -0.551757 0.027430 0.000000
0.455919 0.186017 0.106423 0.000000
0.064314 -0.738584 0.023739 0.000000
0.459977 0.160549 0.000500 0.000000
0.185590 -1.165774 0.044781 0.000000
0.318299 0.177091 0.038905 0.000000
0.638241 -0.086823 -0.049204 0.000000
0.383458 0.008021 -0.034079 0.000000
0.191477 -1.267586 -0.273886 1.000000
0.428069 0.236537 0.013489 0.000000
0.282488 0.124405 -0.018077 0.000000
0.240979 0.038429 -0.029754 0.000000
0.478530 -0.292773 0.101991 0.000000
0.313786 0.053682 0.050078 0.000000
0.102024 -1.329972 0.038725 0.000000
0.344102 0.427788 0.059717 0.000000
0.046609 -0.748298 0.025604 0.000000
0.523530 0.049790 -0.011621 0.000000
0.166638 -1.241574 0.033903 0.000000
0.258557 -0.535703 0.025957 0.000000
0.179513 -1.242942 -0.281623 1.000000
0.183617 -1.191090 0.023194 0.000000
0.176587 -1.154778 0.026064 0.000000
0.485560 -0.339076 0.121166 0.000000
0.255503 -0.298687 0.020703 0.000000
0.395148 0.223392 0.010224 0.000000
0.217819 0.148077 -0.008184 0.000000
0.316777 0.152546 0.052954 0.000000
0.538591 -0.418241 0.130829 0.000000
0.435970 0.007641 -0.016738 0.000000
0.511842 0.077625 0.000552 0.000000
0.205113 -0.918068 -0.005168 1.000000
0.002602 -0.869054 0.010394 0.000000
0.188704 -1.104007 0.021302 0.000000
0.204640 -1.041446 0.027085 0.000000
0.418832 0.255812 0.084234 0.000000
0.403907 0.175467 -0.002090 0.000000
0.226351 -0.859961 0.019639 0.000000
0.360246 -0.130199 -0.001280 0.000000
0.055248 -0.772785 0.015924 0.000000
0.276639 -0.287440 0.023283 0.000000
0.291496 -0.153604 0.024107 0.000000
0.116665 -0.582927 0.029522 0.000000
0.264272 -0.419281 0.029708 0.000000
0.334478 0.112114 -0.001040 0.000000
0.084994 -1.348814 0.085688 0.000000
0.143134 0.043917 -0.042391 0.000000
0.169150 0.091191 -0.031881 0.000000
0.413151 0.096468 -0.002027 0.000000
0.295848 -0.180603 0.029220 0.000000
0.343051 0.249216 0.021220 0.000000
0.463029 0.157754 0.119215 0.000000
0.389793 0.301518 0.022613 0.000000
0.220619 -0.901034 0.013006 0.000000
0.301105 -0.064894 0.030385 0.000000
-0.036990 -0.941650 0.007241 0.000000
0.351468 0.359034 0.025969 0.000000
0.159008 -1.167208 0.042832 0.000000
0.175668 -1.267051 0.039546 0.000000
0.427175 -0.189526 0.093017 0.000000
0.138506 -1.148656 0.043090 0.000000
0.418750 0.248338 0.029818 0.000000
0.331628 0.381289 0.064030 0.000000
0.221467 -0.014538 -0.042950 0.000000
0.360064 -0.013771 0.055662 0.000000
0.360220 0.004067 0.071482 0.000000
0.559428 -0.436434 0.142161 0.000000
0.399969 0.247666 0.009345 0.000000
0.279080 -0.267840 0.032262 0.000000
0.272502 -0.439454 0.015034 0.000000
0.166928 -1.356322 -0.367716 1.000000
0.165214 -0.175962 -0.101937 0.000000
0.257705 0.055053 -0.013284 0.000000
0.345445 0.406015 0.052963 0.000000
0.443997 0.209431 0.096445 0.000000
0.325061 0.021218 -0.009557 0.000000
0.386196 0.427401 0.041345 0.000000
0.315880 0.316292 0.053088 0.000000
0.200537 -0.995361 0.025017 0.000000
-0.061384 -1.018843 -0.002924 0.000000
0.168566 -1.171366 0.029144 0.000000
0.266138 0.099438 -0.022934 0.000000
0.191158 -1.238524 -0.267570 1.000000
0.151576 -0.212138 -0.123185 0.000000
0.092380 -0.594059 0.024630 0.000000
0.288719 -0.228874 0.032997 0.000000
0.128560 0.025656 -0.047457 0.000000
0.241774 -0.740569 0.010862 0.000000
0.482366 0.126496 0.013863 0.000000
0.402453 0.128245 0.010199 0.000000
0.190891 -1.258027 -0.288346 1.000000
0.326136 0.238602 0.044850 0.000000
0.346074 0.089497 -0.003626 0.000000
0.269025 -0.393999 0.027111 0.000000
0.229724 -0.803944 0.007106 0.000000
0.151909 -0.201931 -0.111205 0.000000
0.189198 -1.177499 -0.197783 1.000000
0.511036 -0.103037 -0.035363 0.000000
0.175619 -0.424045 0.017905 0.000000
0.224774 -0.767216 0.013914 0.000000
0.173274 -1.040447 0.031800 0.000000
0.263234 -0.320944 0.022452 0.000000
0.437940 -0.144487 -0.125958 0.000000
0.095655 -0.010628 -0.065536 0.000000
0.334729 0.246701 0.055256 0.000000
0.290833 0.265217 0.018742 0.000000
0.071001 -0.695067 0.023465 0.000000
0.188418 -1.184167 0.042991 0.000000
0.172764 -0.136950 -0.086538 0.000000
0.233964 -0.783697 0.021624 0.000000
0.545011 -0.432404 0.125294 0.000000
0.356112 0.015642 0.046252 0.000000
0.199986 -1.070830 0.041498 0.000000
0.340689 0.141126 -0.000301 0.000000
-0.088903 -1.087749 -0.021337 0.000000
0.507559 -0.118761 -0.048387 0.000000
0.518808 -0.393849 0.126258 0.000000
0.382033 0.020977 -0.027005 0.000000
0.019636 -0.826442 0.016741 0.000000
0.205008 -1.025241 0.024672 0.000000
0.162600 -1.188559 0.046405 0.000000
0.191038 -0.092341 -0.064751 0.000000
0.402871 0.278840 0.072751 0.000000
0.343112 0.217600 0.007590 0.000000
0.693627 -0.135963 -0.077145 0.000000
0.347805 0.311243 0.025762 0.000000
0.453743 0.182177 0.024355 0.000000
0.299549 0.158941 0.007746 0.000000
0.456825 -0.209904 -0.146887 0.000000
0.336464 0.073213 0.044380 0.000000
0.437546 0.024057 -0.006145 0.000000
0.288853 -0.139630 0.035096 0.000000
0.187903 -0.397010 0.018760 0.000000
0.211455 -0.989711 -0.055582 1.000000
0.615126 -0.469083 0.151335 0.000000
0.210265 -0.042912 -0.048591 0.000000
0.110383 0.008725 -0.057113 0.000000
0.315236 0.183016 -0.004223 0.000000
0.542818 0.039018 -0.010608 0.000000
0.324635 0.220119 0.057421 0.000000
0.198630 -1.036244 0.042199 0.000000
0.244445 -0.598066 0.013671 0.000000
0.420909 0.248457 0.069293 0.000000
0.233682 -0.833029 0.010505 0.000000
0.117591 -1.253467 0.074485 0.000000
0.195028 -0.407710 0.026272 0.000000
0.598566 -0.053252 -0.042786 0.000000
0.317750 0.307777 0.031083 0.000000
0.267888 -0.374247 0.027735 0.000000
0.321694 0.201905 0.009119 0.000000
0.211527 -0.376374 0.031074 0.000000
0.177388 -1.187772 0.053275 0.000000
0.706042 -0.145360 -0.079118 0.000000
0.207094 -1.046698 -0.094833 1.000000
0.602428 -0.463346 0.147731 0.000000
0.180127 -1.325174 0.062455 0.000000
0.328447 0.217842 0.003122 0.000000
0.240044 -0.702401 0.024801 0.000000
0.445166 -0.160790 -0.133207 0.000000
0.200563 -1.191427 -0.231398 1.000000
0.236427 -0.717256 0.006035 0.000000
0.348536 0.447389 0.056196 0.000000
0.193033 -1.122640 -0.164416 1.000000
0.414236 0.270124 0.034399 0.000000
0.342295 0.362655 0.051537 0.000000
0.205253 -1.080299 -0.142718 1.000000
0.579989 -0.034221 -0.035323 0.000000
0.185711 -0.443418 0.030720 0.000000
0.325544 0.044501 -0.000383 0.000000
0.197229 -1.079514 0.030156 0.000000
0.317505 0.092818 0.052543 0.000000
0.236367 -0.749954 0.021968 0.000000
0.531862 -0.406302 0.117640 0.000000
0.173656 -1.326402 -0.334505 1.000000
0.388478 0.455892 0.045675 0.000000
0.326098 0.336131 0.057208 0.000000
0.254757 -0.588856 0.015659 0.000000
0.260625 0.070614 -0.014639 0.000000
0.137425 -0.237090 -0.147508 0.000000
0.107523 -0.594588 0.028508 0.000000
-0.081845 -1.060950 -0.035035 0.000000
0.228693 -0.866750 0.007686 0.000000
0.124845 -1.262477 0.034936 0.000000
0.333187 0.262195 0.056341 0.000000
0.094432 -0.619696 0.028573 0.000000
0.092569 -0.679981 0.030019 0.000000
0.249878 -0.561129 0.021332 0.000000
0.398890 0.289114 0.020089 0.000000
0.040492 -0.802205 0.013939 0.000000
0.329263 0.288808 0.046886 0.000000
0.279067 0.245683 0.031885 0.000000
0.141325 -1.195899 0.058309 0.000000
0.352713 0.433485 0.030531 0.000000
0.229748 -0.347701 0.027339 0.000000
0.306739 0.014622 0.038527 0.000000
0.199499 -1.105709 0.029738 0.000000
0.268118 -0.470657 0.020096 0.000000
0.274336 -0.344230 0.025516 0.000000
0.354573 0.410622 0.034051 0.000000
0.363740 0.345815 0.050783 0.000000
0.450591 -0.026572 -0.023546 0.000000
0.505508 -0.358229 0.109232 0.000000
0.236079 -0.659788 0.010873 0.000000
0.399552 0.203257 0.004143 0.000000
0.675804 -0.118613 -0.062484 0.000000
0.183113 -1.224253 0.037211 0.000000
0.138765 -0.526479 0.031018 0.000000
0.188242 -1.219218 0.020201 0.000000
0.200896 -1.126199 -0.175479 1.000000
0.191269 -1.005281 0.024851 0.000000
0.426782 0.051341 -0.008311 0.000000
0.164016 -0.469566 0.028613 0.000000
0.491054 -0.318429 0.099589 0.000000
0.306251 -0.016334 0.047191 0.000000
0.383116 0.317403 0.050404 0.000000
0.034698 -0.298318 -0.237386 0.000000
0.424936 -0.150288 0.094561 0.000000
0.268724 0.225259 0.013340 0.000000
0.307492 -0.053830 0.043702 0.000000
0.329222 0.084441 -0.008873 0.000000
0.178821 -1.274890 0.020667 0.000000
0.200107 -1.216300 -0.237890 1.000000
0.486799 -0.329330 0.111868 0.000000
0.236115 -0.334295 0.031507 0.000000
0.128937 -1.202203 0.033190 0.000000
0.187633 -1.120787 0.019887 0.000000
0.455996 -0.183490 -0.141424 0.000000
0.249472 -0.627535 0.020959 0.000000
0.341403 0.414900 0.062738 0.000000
0.341589 0.099708 0.003828 0.000000
0.128865 -1.243853 0.036938 0.000000
0.455757 -0.255741 0.103060 0.000000
0.381288 -0.065516 0.067879 0.000000
-0.047340 -0.992724 -0.016054 0.000000
0.157716 -1.147027 0.042058 0.000000
0.129083 -1.247469 0.064033 0.000000
0.477912 -0.306050 0.108326 0.000000
0.195099 -0.991524 -0.052020 1.000000
0.441124 -0.204842 0.094595 0.000000
0.371351 0.007891 -0.041496 0.000000
0.291801 -0.199545 0.023028 0.000000
0.392439 -0.014654 -0.044459 0.000000
0.230715 -0.938687 -0.018831 1.000000
0.340601 0.375583 0.054081 0.000000
0.394727 0.347519 0.036951 0.000000
0.247899 -0.313376 0.031927 0.000000
0.262570 -0.540623 0.010903 0.000000
0.435041 -0.169901 -0.127528 0.000000
0.145949 -1.231313 0.050015 0.000000
0.318314 0.143521 0.042676 0.000000
0.274126 -0.241303 0.022410 0.000000
0.107752 -0.617121 0.031928 0.000000
0.140935 -1.209486 0.037876 0.000000
0.224339 -0.818620 0.008625 0.000000
0.234615 -0.775383 0.009723 0.000000
0.086630 -0.658820 0.030511 0.000000
0.165958 -1.227295 0.031709 0.000000
0.416318 0.271998 0.019751 0.000000
0.316137 0.106101 0.048594 0.000000
0.465887 -0.199755 -0.147917 0.000000
0.271773 -0.429149 0.025356 0.000000
0.356177 0.012740 0.061932 0.000000
0.263731 -0.353696 0.025949 0.000000
0.434987 0.037444 -0.003519 0.000000
0.367369 0.033053 -0.032481 0.000000
0.328258 0.313011 0.056846 0.000000
0.061229 -0.708229 0.027381 0.000000
0.173523 -1.094522 0.034881 0.000000
0.351133 0.475461 0.043845 0.000000
0.261035 0.082382 -0.028547 0.000000
0.126575 -1.186393 0.036116 0.000000
0.352920 0.026860 0.070007 0.000000
0.234762 -0.019513 -0.036559 0.000000
0.183601 0.111309 -0.026315 0.000000
0.298859 -0.121202 0.031180 0.000000
0.189240 -1.170370 0.024159 0.000000
0.204547 -1.024579 -0.083514 1.000000
0.172396 -1.126627 0.040824 0.000000
0.149808 -1.210513 0.051794 0.000000
0.269549 0.094180 -0.011558 0.000000
0.241665 0.192157 -0.006421 0.000000
0.196956 -0.421485 0.041585 0.000000
0.172163 -1.316090 -0.343286 1.000000
0.267612 -0.517413 0.015373 0.000000
0.183673 -1.142656 0.032660 0.000000
0.365564 0.345450 0.037974 0.000000
0.273368 -0.331461 0.023278 0.000000
0.214875 -1.016486 -0.082345 1.000000
0.272670 -0.307886 0.029573 0.000000
0.257878 -0.505823 0.020201 0.000000
0.567636 -0.442720 0.132367 0.000000
0.468568 -0.310686 0.118186 0.000000
0.242231 -0.676033 0.024202 0.000000
0.316471 0.129764 0.039444 0.000000
0.178165 -1.287434 -0.312178 1.000000
0.229453 -0.948965 -0.026484 1.000000
0.334473 -0.049116 0.012534 0.000000
0.250465 -0.522895 0.023750 0.000000
0.331292 0.399001 0.056250 0.000000
0.246874 -0.650092 0.021302 0.000000
0.483114 -0.245968 -0.157065 0.000000
0.576450 -0.021937 -0.034006 0.000000
0.287730 -0.218205 0.023493 0.000000
0.413517 -0.140919 0.092678 0.000000
0.398861 -0.109291 0.076508 0.000000
0.276582 -0.260879 0.019429 0.000000
0.279138 0.113513 -0.003396 0.000000
0.390958 -0.076655 0.079796 0.000000
0.087602 -0.635341 0.027941 0.000000
0.396257 0.153657 0.003200 0.000000
0.203924 -1.146893 -0.182132 1.000000
0.367955 -0.019359 0.066414 0.000000
-0.011990 -0.903375 0.005208 0.000000
0.654117 -0.103616 -0.065958 0.000000
0.346673 0.279256 0.021450 0.000000
0.159543 -1.111685 0.021375 0.000000
0.207651 -1.123247 -0.162169 1.000000
0.445096 -0.001012 -0.018473 0.000000
0.068421 -0.048979 -0.083490 0.000000
0.342986 0.393278 0.055369 0.000000
0.186957 -1.244075 0.057425 0.000000
0.406434 0.142366 -0.005776 0.000000
0.013073 -0.841717 0.014921 0.000000
0.173409 -1.302787 0.062179 0.000000
0.238503 0.184656 0.003902 0.000000
0.423879 0.062423 0.003042 0.000000
-0.021292 -0.928732 -0.001049 0.000000
0.169634 -0.186557 -0.112520 0.000000
0.236433 -0.735238 0.022471 0.000000
0.189973 -0.419111 0.028562 0.000000
-0.003363 -0.850072 0.025278 0.000000
0.444782 0.182550 0.101105 0.000000
0.033223 -0.816846 0.010534 0.000000
0.176940 -1.201001 0.050459 0.000000
0.305255 0.032126 0.041675 0.000000
0.141016 -1.157352 0.032309 0.000000
0.247887 0.052079 -0.026005 0.000000
0.300077 -0.081773 0.045503 0.000000
0.145152 -0.483364 0.021894 0.000000
0.372747 -0.040762 0.061593 0.000000
0.208566 -0.950766 -0.024232 1.000000
0.229903 -0.979400 -0.055101 1.000000
0.327740 0.062416 -0.004739 0.000000
0.300265 -0.143202 0.040194 0.000000
0.491122 -0.080402 -0.024999 0.000000
0.166294 -0.483160 0.037623 0.000000
0.020333 -0.140595 -0.127785 0.000000
0.339888 0.053205 0.062012 0.000000
0.337992 -0.085282 0.008083 0.000000
0.036544 -0.776677 0.021913 0.000000
0.258396 -0.492421 0.021236 0.000000
0.255491 -0.468342 0.013460 0.000000
0.206784 -0.972126 -0.039444 1.000000
0.630310 -0.486990 0.144267 0.000000
0.226522 -0.891464 0.018333 0.000000
0.139604 -1.155173 0.067192 0.000000
0.315576 0.169166 0.048096 0.000000
0.261718 -0.287099 0.026882 0.000000
0.480129 -0.077138 -0.030571 0.000000
0.433864 0.225877 0.020125 0.000000
0.205158 -0.386535 0.027119 0.000000
0.327721 0.186505 0.045508 0.000000
0.029242 -0.111380 -0.110146 0.000000
0.342513 0.342282 0.018510 0.000000
0.560948 -0.178536 -0.091874 0.000000
0.239036 -0.323062 0.009801 0.000000
0.331650 -0.030849 0.014948 0.000000
0.164501 -0.447821 0.020912 0.000000
0.302996 -0.037798 0.035283 0.000000
0.325502 0.184066 0.060290 0.000000
0.271834 -0.343530 0.013486 0.000000
0.388655 -0.089458 0.074506 0.000000
0.341343 0.194122 0.006452 0.000000
0.094541 -0.649231 0.031454 0.000000
0.273856 -0.279332 0.013616 0.000000
0.150919 0.074567 -0.043131 0.000000
0.390391 0.375434 0.038775 0.000000
0.294023 -0.086973 0.034309 0.000000
0.173835 -1.052688 0.031046 0.000000
0.322149 0.120980 0.051130 0.000000
0.345380 0.471309 0.063120 0.000000
0.184339 -1.041003 0.037933 0.000000
0.202186 -0.398321 0.031335 0.000000
0.128376 -0.247164 -0.163770 0.000000
0.220546 -0.959577 -0.040299 1.000000
0.076722 -0.684287 0.030130 0.000000
-0.038090 -0.957286 0.003503 0.000000
0.383196 -0.052637 0.079737 0.000000
0.234225 -0.674495 0.010542 0.000000
0.401902 0.277165 0.019156 0.000000
-0.071475 -1.040779 -0.015219 0.000000
0.285354 0.133956 -0.008267 0.000000
0.226366 -0.914871 -0.005857 1.000000
0.182847 -1.116927 0.042576 0.000000
0.138545 -0.504794 0.024003 0.000000
0.094683 -0.021522 -0.071125 0.000000
0.333427 0.252053 0.014319 0.000000
0.330169 0.227604 0.048171 0.000000
0.327879 0.173318 0.046518 0.000000
0.391956 -0.053878 -0.070025 0.000000
0.390143 0.270358 0.022462 0.000000
0.445263 -0.222269 0.096082 0.000000
0.333693 -0.062637 0.007168 0.000000
0.440878 0.203203 0.018835 0.000000
0.031881 -0.765107 0.026895 0.000000
-0.010614 -0.892077 0.009684 0.000000
0.653031 -0.497902 0.150015 0.000000
0.253554 -0.616267 0.022279 0.000000
0.185331 -1.201251 0.030286 0.000000
0.229290 -0.709997 0.012487 0.000000
0.217716 -0.370192 0.021731 0.000000
0.620731 -0.479600 0.141560 0.000000
0.314401 0.071230 0.037370 0.000000
0.325331 0.354195 0.056907 0.000000
0.333276 0.228398 0.006292 0.000000
0.279413 -0.190946 0.035471 0.000000
0.324282 0.026948 0.001185 0.000000
0.198302 -1.056143 0.021083 0.000000
0.171954 -1.185943 0.031427 0.000000
0.729768 -0.154900 -0.084597 0.000000
0.770777 -0.172055 -0.096028 0.000000
0.341477 0.288727 0.012876 0.000000
0.204316 -0.895271 0.009563 0.000000
0.456813 -0.242169 0.099213 0.000000
0.411935 0.120820 -0.009939 0.000000
0.225907 -0.029363 -0.040887 0.000000
0.182072 -1.163034 0.032730 0.000000
0.108921 -0.572420 0.026389 0.000000
-0.037110 -0.968063 -0.010585 0.000000
0.331269 0.096246 0.047983 0.000000
0.496078 -0.267848 -0.153426 0.000000
0.174184 -1.301099 -0.324486 1.000000
0.564248 -0.004193 -0.028044 0.000000
0.257639 0.212915 0.009481 0.000000
0.052834 -0.736465 0.025976 0.000000
0.241847 -0.321903 0.026282 0.000000
0.264525 -0.486846 0.010030 0.000000
0.337504 0.169544 -0.000913 0.000000
0.246194 0.195614 0.005580 0.000000
0.271008 -0.427126 0.013703 0.000000
0.316230 0.011478 0.045677 0.000000
0.440894 -0.235724 0.099832 0.000000
0.487350 0.105246 0.157708 0.000000
0.187852 -1.206548 -0.226291 1.000000
0.187375 -1.291884 -0.301636 1.000000
0.397801 0.321261 0.037268 0.000000
0.327359 0.158016 0.051627 0.000000
0.346497 0.392843 0.038113 0.000000
0.160132 -1.339888 -0.355348 1.000000
0.283965 -0.256704 0.027641 0.000000
0.292550 -0.175018 0.039064 0.000000
0.206560 -0.971685 0.024439 0.000000
0.370777 0.437437 0.037083 0.000000
0.163733 -1.373037 -0.387524 1.000000
0.248890 -0.618424 0.011710 0.000000
0.332812 -0.018612 0.003490 0.000000
0.452952 0.198663 0.102501 0.000000
0.392146 -0.098809 0.080902 0.000000
0.204422 -1.078210 -0.127731 1.000000
0.318180 0.034503 0.037399 0.000000
0.173720 -1.059979 0.020651 0.000000
0.191821 -1.172820 -0.208169 1.000000
0.202695 -1.094887 -0.136697 1.000000
0.404434 -0.114309 0.086840 0.000000
0.222504 -0.841138 0.007763 0.000000
0.116721 -0.256451 -0.179872 0.000000
0.232514 -0.696397 0.013344 0.000000
0.162886 -1.223878 0.046471 0.000000
0.150707 -1.158690 0.043119 0.000000
0.415739 0.096563 -0.014891 0.000000
0.295277 -0.169356 0.024347 0.000000
0.303450 -0.105665 0.040283 0.000000
0.210516 -0.946647 0.020539 0.000000
0.363626 0.047487 -0.022413 0.000000
0.180207 -0.454374 0.031459 0.000000
0.178728 -1.164873 0.054099 0.000000
0.582030 -0.451567 0.138091 0.000000
0.119439 -1.230105 0.038829 0.000000
0.500370 0.075509 -0.005096 0.000000
0.183644 -0.429056 0.024600 0.000000
0.488473 0.089534 0.172804 0.000000
0.225407 -0.855342 0.007035 0.000000
0.226435 0.171088 -0.005115 0.000000
0.348631 -0.095278 0.017085 0.000000
0.418285 0.074903 -0.010412 0.000000
0.260577 -0.416601 0.018853 0.000000
0.510852 -0.376138 0.117383 0.000000
0.197717 -1.157558 -0.194696 1.000000
0.127047 -1.268069 0.045571 0.000000
0.129002 -0.563486 0.032301 0.000000
0.412635 0.259176 0.031180 0.000000
0.435502 -0.214398 0.097719 0.000000
0.247608 0.031927 -0.022126 0.000000
0.047234 -0.073945 -0.097387 0.000000
0.425156 -0.141590 -0.116573 0.000000
0.478898 -0.220671 -0.147751 0.000000
0.342194 0.090321 -0.015335 0.000000
0.320714 0.221436 0.045503 0.000000
0.173547 -1.218516 0.029909 0.000000
0.336646 0.340630 0.057498 0.000000
0.324871 0.002469 0.009431 0.000000
0.307850 0.295708 0.032330 0.000000
0.528461 -0.139155 -0.060975 0.000000
0.263587 -0.364657 0.022630 0.000000
0.487724 0.103790 -0.001347 0.000000
0.203199 -1.041459 0.011374 0.000000
0.449563 -0.200117 0.088497 0.000000
0.417954 0.085970 -0.001854 0.000000
0.428302 -0.122126 -0.109051 0.000000
0.200985 -1.090921 0.031983 0.000000
0.147309 -1.172894 0.046005 0.000000
0.418531 -0.089474 -0.095381 0.000000
0.237502 -0.637707 0.010596 0.000000
0.163410 -1.089358 0.034035 0.000000
0.066360 -0.069973 -0.091373 0.000000
0.332564 0.101748 -0.005348 0.000000
0.265346 -0.475436 0.010145 0.000000
0.272549 -0.323765 0.014935 0.000000
0.437566 0.217999 0.091557 0.000000
0.125998 -1.191169 0.071162 0.000000
0.175818 -1.219662 0.044612 0.000000
0.327252 0.207940 0.057235 0.000000
0.323728 0.244302 0.056745 0.000000
0.075580 -0.656919 0.028704 0.000000
0.241813 -0.606578 0.022772 0.000000
0.401648 0.312837 0.025739 0.000000
0.640143 -0.089535 -0.061650 0.000000
0.079169 -0.040556 -0.076439 0.000000
0.160133 -1.318938 -0.340865 1.000000
0.162219 0.079707 -0.032674 0.000000
0.467148 0.144347 0.004846 0.000000
0.240276 -0.727198 0.012947 0.000000
0.208942 -0.077660 -0.064885 0.000000
0.278384 -0.204130 0.028419 0.000000
0.182086 -1.030755 0.024934 0.000000
0.337780 0.304295 0.018530 0.000000
0.292769 0.271376 0.028416 0.000000
0.613700 -0.052953 -0.054042 0.000000
0.458933 -0.289940 0.111319 0.000000
0.296102 0.151669 -0.005033 0.000000
0.747425 -0.165001 -0.093944 0.000000
0.213355 -1.034400 0.026989 0.000000
0.206251 0.147670 -0.022371 0.000000
-0.056652 -1.003239 -0.019829 0.000000
0.199213 -1.222993 -0.247928 1.000000
0.426374 -0.164331 0.090727 0.000000
0.025388 -0.785965 0.025187 0.000000
0.406039 -0.157383 0.083051 0.000000
0.156044 -1.109587 0.031783 0.000000
0.269285 -0.384964 0.020102 0.000000
0.404370 -0.091060 0.088863 0.000000
-0.079521 -1.069642 -0.019603 0.000000
0.355359 0.451006 0.040739 0.000000
0.398241 0.184002 0.004540 0.000000
0.318706 0.059859 0.042212 0.000000
0.224998 -0.976030 -0.064512 1.000000
0.650948 -0.491705 0.159029 0.000000
0.185506 -1.100385 0.031870 0.000000
0.191119 -1.134702 0.029697 0.000000
0.220764 -0.933035 -0.017319 1.000000
0.407027 0.293555 0.027204 0.000000
0.190844 -1.190324 -0.226125 1.000000
0.163421 -1.207543 0.050640 0.000000
0.175349 -1.182230 0.041335 0.000000
0.336145 0.451172 0.057874 0.000000
0.460884 -0.270457 0.104839 0.000000
0.142442 -0.547830 0.039547 0.000000
0.176666 -1.261461 0.057829 0.000000
0.668820 -0.508668 0.161037 0.000000
0.694674 -0.132409 -0.065965 0.000000
0.195073 -1.063056 0.029208 0.000000
0.251190 -0.542971 0.011635 0.000000
0.165053 -1.176801 0.038105 0.000000
0.362738 -0.006718 0.066700 0.000000
0.332170 0.285828 0.057576 0.000000
0.374401 0.028561 -0.024556 0.000000
0.213673 -0.900597 0.004443 1.000000
0.387063 0.226220 0.017170 0.000000
0.231885 -0.758907 0.017088 0.000000
0.206119 -0.914428 0.005188 1.000000
0.068343 -0.281560 -0.215576 0.000000
0.155595 -0.514965 0.041929 0.000000
0.351526 -0.106367 0.013199 0.000000
0.070761 -0.668682 0.029026 0.000000
0.389816 0.336117 0.035821 0.000000
0.434877 0.217062 0.026640 0.000000
0.575767 -0.188707 -0.109415 0.000000
0.136220 -1.220594 0.042419 0.000000
0.193742 -1.130948 0.019587 0.000000
0.175008 -1.293929 0.031862 0.000000
0.415138 -0.149452 0.085960 0.000000
0.195051 -1.088794 -0.125400 1.000000
-0.034195 -0.946501 -0.003076 0.000000
0.092345 -0.667619 0.027309 0.000000
0.363274 -0.116395 0.014989 0.000000
0.359548 0.434051 0.039053 0.000000
0.283590 -0.237083 0.026242 0.000000
0.132911 -1.164813 0.035057 0.000000
0.205155 -1.049471 -0.107273 1.000000
0.404580 0.163133 0.000983 0.000000
0.143976 -0.516670 0.029282 0.000000
0.221421 -0.887921 0.009351 0.000000
0.636485 -0.482258 0.154374 0.000000
0.396757 0.404125 0.044367 0.000000
0.177307 -1.256867 0.035980 0.000000
0.203300 -1.136966 -0.174655 1.000000
0.211638 0.150739 0.000403 0.000000
0.219818 -0.952682 -0.030001 1.000000
0.259694 -0.526846 0.017960 0.000000
0.015670 -0.301586 -0.247397 0.000000
0.117318 0.036631 -0.055233 0.000000
0.146998 -0.534413 0.036180 0.000000
0.256667 -0.480896 0.024148 0.000000
0.325951 0.211403 0.012351 0.000000
0.312946 0.311638 0.042090 0.000000
0.684156 -0.520583 0.165535 0.000000
0.218236 -0.981209 -0.055939 1.000000
0.227261 -0.833129 0.019281 0.000000
0.225727 -0.969597 -0.041665 1.000000
0.265644 -0.451152 0.016762 0.000000
0.198395 -1.031484 -0.089224 1.000000
0.292568 -0.097899 0.035605 0.000000
0.172144 -1.328387 -0.347353 1.000000
0.319517 0.182062 0.005706 0.000000
0.181904 -1.318664 -0.339248 1.000000
0.038818 -0.756827 0.025895 0.000000
0.266468 -0.458288 0.027482 0.000000
0.427283 0.028092 -0.015937 0.000000
0.190622 -1.111944 0.028421 0.000000
0.274709 0.104416 -0.007960 0.000000
0.469642 0.134994 0.128168 0.000000
0.195777 -1.017040 0.031705 0.000000
0.268116 -0.309586 0.018695 0.000000
0.547476 -0.144868 -0.062584 0.000000
0.156067 -0.492337 0.030026 0.000000
0.493076 -0.095354 -0.035084 0.000000
0.229935 -0.905933 -0.000962 1.000000
0.137972 -1.202223 0.066381 0.000000
0.602386 -0.034166 -0.046039 0.000000
0.274864 -0.276650 0.025665 0.000000
0.318982 0.097768 0.042376 0.000000
0.321132 0.193877 0.001180 0.000000
0.207974 -0.992358 0.017613 0.000000
0.222459 -0.939281 0.019976 0.000000
0.342830 -0.067996 0.023983 0.000000
0.325183 -0.001564 -0.004897 0.000000
0.046043 -0.094947 -0.106618 0.000000
0.227045 -0.745189 0.015528 0.000000
0.553639 -0.432105 0.131704 0.000000
0.450850 0.180364 0.014159 0.000000
0.311276 0.172911 -0.004055 0.000000
0.194763 -1.137890 -0.164197 1.000000
0.153312 -1.138459 0.054846 0.000000
0.187945 -1.203396 0.048098 0.000000
0.504942 -0.110646 -0.041414 0.000000
0.532778 0.042600 -0.011843 0.000000
0.249295 -0.638973 0.009054 0.000000
0.311234 -0.029587 0.043415 0.000000
0.170186 -0.167249 -0.098133 0.000000
0.204325 -1.053369 -0.118037 1.000000
0.500646 0.073827 0.174677 0.000000
0.411043 -0.100994 -0.091149 0.000000
0.303478 -0.005837 0.044844 0.000000
0.463817 -0.054936 -0.024588 0.000000
0.048520 -0.724575 0.028079 0.000000
0.389970 -0.038133 -0.063168 0.000000
0.161973 -0.196909 -0.114694 0.000000
0.517413 -0.123353 -0.049438 0.000000
0.347527 0.377551 0.028287 0.000000
0.601550 -0.466285 0.137495 0.000000
0.153204 -1.287735 0.054795 0.000000
0.462877 0.161286 0.017769 0.000000
0.182548 0.116189 -0.035748 0.000000
0.021661 -0.835885 0.012205 0.000000
0.512822 0.050289 0.199597 0.000000
0.180808 -0.143961 -0.085006 0.000000
0.171010 -1.205100 0.033100 0.000000
0.182213 -0.155163 -0.094489 0.000000
0.180358 -1.116727 0.029627 0.000000
0.386317 0.305523 0.057916 0.000000
0.052938 -0.287534 -0.228801 0.000000
0.111917 -0.559900 0.024101 0.000000
0.192911 -1.088084 0.040760 0.000000
0.726474 -0.144254 -0.083881 0.000000
0.322463 0.199988 0.045879 0.000000
0.215559 -0.913351 0.013242 0.000000
0.427214 0.243860 0.025226 0.000000
0.222713 -0.795199 0.013494 0.000000
0.144037 -1.183613 0.045115 0.000000
0.332274 0.075146 0.054428 0.000000
0.183064 -1.278173 0.059548 0.000000
-0.095331 -1.096957 -0.035284 0.000000
0.294661 0.276490 0.014764 0.000000
0.261151 -0.290929 0.036739 0.000000
0.344186 0.440345 0.062795 0.000000
0.333510 0.426274 0.059119 0.000000
0.145276 -1.163673 0.064455 0.000000
0.000287 -0.879412 0.007322 0.000000
0.267486 -0.407756 0.027202 0.000000
0.471734 -0.235515 -0.150339 0.000000
0.086257 -0.275755 -0.203792 0.000000
0.493804 -0.337022 0.113698 0.000000
0.352851 0.446679 0.030820 0.000000
0.417875 0.253957 0.020878 0.000000
0.267863 -0.401887 0.018067 0.000000
0.194945 -1.016408 -0.078542 1.000000
0.104638 -0.647957 0.034247 0.000000
0.214041 -1.007210 -0.075946 1.000000
0.133588 0.048926 -0.047674 0.000000
0.430162 0.234981 0.088329 0.000000
0.208103 -1.044422 0.038392 0.000000
0.255603 -0.554767 0.007514 0.000000
0.182179 -1.246368 -0.269399 1.000000
0.174461 -1.252955 -0.278639 1.000000
0.326773 -0.037365 -0.000004 0.000000
0.189607 -1.137025 0.039814 0.000000
0.180787 -1.054115 0.015588 0.000000
0.307046 -0.049225 0.034102 0.000000
0.203457 -1.032582 0.033450 0.000000
0.470394 -0.225799 -0.156563 0.000000
0.155006 -1.204109 0.044866 0.000000
0.329520 0.378057 0.054082 0.000000
0.208400 -1.058321 0.028543 0.000000
0.347442 0.432183 0.040661 0.000000
0.229924 -0.808258 0.016625 0.000000
0.082558 -0.704023 0.028359 0.000000
0.392887 0.196755 0.011656 0.000000
0.290299 0.137450 0.000245 0.000000
0.130640 -0.530435 0.025781 0.000000
0.247964 -0.571278 0.013369 0.000000
0.224628 -0.356648 0.036872 0.000000
0.413328 -0.120421 -0.103326 0.000000
0.411520 -0.108543 -0.099156 0.000000
0.181510 -1.276615 -0.304225 1.000000
0.198270 -1.102045 0.017143 0.000000
0.214386 -0.958309 0.020359 0.000000
0.220098 0.157496 -0.012019 0.000000
0.552612 -0.428270 0.119519 0.000000
0.184078 -1.196131 -0.240021 1.000000
0.525538 -0.396949 0.118969 0.000000
0.336700 0.208507 0.010996 0.000000
0.343206 0.338335 0.030300 0.000000
0.471055 -0.046061 -0.014787 0.000000
0.478934 -0.062867 -0.020251 0.000000
0.419556 -0.130053 0.089956 0.000000
0.579518 -0.200837 -0.118144 0.000000
0.456026 -0.019408 -0.012050 0.000000
0.256027 -0.516247 0.018048 0.000000
0.395336 0.327706 0.027334 0.000000
0.189881 -0.103744 -0.069120 0.000000
0.211409 -1.035598 -0.102223 1.000000
0.023928 -0.119853 -0.120443 0.000000
0.300539 -0.017718 0.037603 0.000000
0.293418 -0.164936 0.035184 0.000000
0.208067 -0.941761 -0.019164 1.000000
0.316340 0.033034 0.048751 0.000000
0.187409 -1.180257 0.021757 0.000000
0.254814 -0.597324 0.009734 0.000000
0.307528 0.063575 0.038343 0.000000
0.216398 -0.840602 0.016058 0.000000
0.243232 -0.710614 0.018982 0.000000
0.270550 -0.297040 0.024546 0.000000
0.341406 0.270766 0.018926 0.000000
0.229049 -0.764184 0.005041 0.000000
0.325472 0.270141 0.053371 0.000000
0.279112 -0.224847 0.023152 0.000000
0.310990 -0.044216 0.044868 0.000000
0.271052 0.231962 0.003631 0.000000
0.182004 -1.212746 0.028393 0.000000
0.115684 0.018397 -0.054598 0.000000
0.194279 -1.199685 -0.230468 1.000000
0.343294 0.320713 0.023933 0.000000
0.431948 0.208102 0.091856 0.000000
0.188598 -1.122447 0.049026 0.000000
0.440194 0.014034 -0.009924 0.000000
0.334079 0.369147 0.049448 0.000000
0.100333 -0.266506 -0.192018 0.000000
0.210768 -1.085790 -0.130565 1.000000
0.056367 -0.067768 -0.091528 0.000000
-0.065786 -1.011920 -0.010595 0.000000
0.264910 -0.437996 0.022120 0.000000
0.305461 0.004379 0.036578 0.000000
0.175775 -0.447980 0.020407 0.000000
0.148922 -0.218448 -0.130777 0.000000
0.379283 -0.053169 0.068645 0.000000
0.318016 0.049686 0.041653 0.000000
0.278016 0.087705 -0.006431 0.000000
0.317298 0.129871 0.049853 0.000000
0.220105 -0.923399 0.016251 0.000000
0.554984 0.012428 -0.022030 0.000000
0.143898 -0.234173 -0.155258 0.000000
0.246052 -0.590350 0.021793 0.000000
0.079125 -0.030451 -0.075158 0.000000
0.249907 -0.304755 0.026667 0.000000
0.355003 0.397032 0.032384 0.000000
0.239317 -0.691798 0.007328 0.000000
0.208804 -1.021706 0.033429 0.000000
0.324877 0.151246 0.041752 0.000000
0.034844 -0.786984 0.019194 0.000000
0.217654 -0.974301 -0.037386 1.000000
0.392723 0.293740 0.028459 0.000000
0.333225 0.241699 0.013118 0.000000
0.196061 -1.042494 0.032405 0.000000
-0.086162 -1.076681 -0.035620 0.000000
0.285144 -0.201451 0.039112 0.000000
0.243507 -0.665909 0.016041 0.000000
0.190848 -1.208297 -0.237903 1.000000
-0.047305 -0.976255 -0.009493 0.000000
0.164759 -1.153286 0.045792 0.000000
0.327440 0.046105 0.009441 0.000000
0.052967 -0.087688 -0.103572 0.000000
0.373602 -0.033963 0.070400 0.000000
0.199048 -1.065823 0.017555 0.000000
0.254391 -0.552179 0.024021 0.000000
0.518252 -0.377872 0.105654 0.000000
0.402069 -0.131961 0.077109 0.000000
0.125306 -0.541796 0.026030 0.000000
0.174124 -1.282948 0.060904 0.000000
0.294383 -0.147682 0.032516 0.000000
0.446029 -0.184676 -0.136912 0.000000
0.349111 0.348740 0.022600 0.000000
0.457768 0.151925 0.006616 0.000000
0.465091 -0.252071 0.098681 0.000000
0.188559 -1.204286 -0.247189 1.000000
0.312989 0.025111 0.036576 0.000000
0.334249 0.407907 0.052603 0.000000
-0.075789 -1.051572 -0.030044 0.000000
0.205107 -1.130017 -0.183779 1.000000
0.152728 0.060370 -0.034380 0.000000
0.190252 -1.108251 0.041313 0.000000
0.271155 -0.267331 0.025241 0.000000
0.132916 -0.549307 0.032813 0.000000
0.392952 -0.066932 0.087692 0.000000
0.240890 0.019779 -0.026943 0.000000
0.214499 -0.914602 -0.004539 1.000000
0.184312 -1.252797 -0.282881 1.000000
-0.063797 -1.022030 -0.012776 0.000000
0.236627 -0.649971 0.012814 0.000000
0.402240 0.302936 0.024190 0.000000
0.471696 0.128778 0.138104 0.000000
0.316909 0.193664 0.015023 0.000000
0.195030 -1.147312 -0.194269 1.000000
0.448579 -0.003176 -0.009381 0.000000
0.173383 -1.226475 0.055939 0.000000
0.288096 -0.186055 0.035162 0.000000
0.182133 -1.043158 0.027584 0.000000
0.131906 -0.243038 -0.153292 0.000000
0.184616 -1.263888 -0.280084 1.000000
0.208121 -0.052314 -0.051046 0.000000
0.457053 -0.034081 -0.022649 0.000000
0.348279 0.037335 0.058072 0.000000
0.597481 -0.042634 -0.044297 0.000000
0.495734 0.078638 0.181848 0.000000
0.227459 -0.869701 0.018053 0.000000
0.217516 -0.875161 0.008262 0.000000
0.334358 0.357269 0.054171 0.000000
0.012545 -0.821821 0.021888 0.000000
0.223968 -0.778505 0.015917 0.000000
0.306038 -0.089923 0.035226 0.000000
0.263544 0.081061 -0.015030 0.000000
0.275819 -0.251594 0.025318 0.000000
0.348085 0.417620 0.031456 0.000000
0.175383 -1.170559 0.036263 0.000000
0.332891 0.336134 0.049541 0.000000
0.470121 -0.272878 0.101280 0.000000
0.152343 -1.233804 0.042911 0.000000
0.157754 -1.215903 0.049489 0.000000
0.347586 0.369360 0.033792 0.000000
0.218081 -0.367197 0.031121 0.000000
0.401614 0.135257 0.002412 0.000000
0.508464 0.086078 0.004324 0.000000
0.340353 0.359580 0.030173 0.000000
0.286098 -0.196526 0.030457 0.000000
0.198042 -1.085754 -0.137896 1.000000
0.109336 -0.606738 0.031150 0.000000
0.627406 -0.081595 -0.052125 0.000000
0.490379 0.110863 0.005549 0.000000
0.172529 -1.227900 0.038999 0.000000
0.180556 -1.207197 0.057179 0.000000
0.470311 -0.289819 0.106495 0.000000
0.307904 -0.063973 0.037416 0.000000
0.193764 0.122583 -0.014654 0.000000
0.033010 -0.808263 0.015869 0.000000
0.042727 -0.293845 -0.245642 0.000000
-0.020153 -0.923492 0.009642 0.000000
0.215420 -0.351463 0.015790 0.000000
0.439926 -0.254628 0.104343 0.000000
0.047312 -0.776485 0.020333 0.000000
0.237335 -0.692530 0.020954 0.000000
0.123266 -0.250911 -0.174468 0.000000
0.208945 -1.035501 -0.090507 1.000000
0.207260 0.143820 -0.004975 0.000000
0.160365 -0.503446 0.033322 0.000000
0.135675 0.037627 -0.043139 0.000000
0.200076 -1.077811 0.020219 0.000000
0.326486 0.146621 0.051670 0.000000
0.168381 -1.164778 0.044218 0.000000
0.294901 -0.129794 0.028704 0.000000
0.138825 -0.232310 -0.138393 0.000000
0.165571 -1.365931 -0.380939 1.000000
0.235842 -0.956773 -0.042710 1.000000
0.477744 0.125515 0.005324 0.000000
0.152079 -1.376541 -0.386524 1.000000
0.120235 -0.593542 0.032612 0.000000
0.484214 -0.312866 0.105365 0.000000
0.331568 0.083091 0.000487 0.000000
-0.005375 -0.871480 0.015435 0.000000
0.333047 0.138158 0.004952 0.000000
0.369160 -0.133624 0.000598 0.000000
0.259871 -0.375289 0.019499 0.000000
0.497992 -0.353678 0.115380 0.000000
0.273695 0.239001 0.019672 0.000000
0.120073 0.026933 -0.053116 0.000000
0.284448 -0.179250 0.029273 0.000000
0.051776 -0.757659 0.022675 0.000000
0.335717 -0.040174 0.016098 0.000000
0.396924 0.214139 0.007894 0.000000
0.384067 0.436598 0.043823 0.000000
0.163001 -1.198159 0.045076 0.000000
0.212319 -1.013552 -0.068815 1.000000
0.519602 0.071943 0.001771 0.000000
0.237425 -0.646754 0.022748 0.000000
0.451572 0.176852 0.106454 0.000000
0.391810 -0.022739 -0.051901 0.000000
0.201616 -0.384580 0.018325 0.000000
0.340170 0.056085 0.052785 0.000000
0.214467 -0.088301 -0.060585 0.000000
0.407530 0.120888 -0.000287 0.000000
0.348469 0.082515 -0.010353 0.000000
0.270922 -0.273834 0.035231 0.000000
0.082355 -0.663495 0.022929 0.000000
0.070134 -0.648986 0.028766 0.000000
0.254310 0.033828 -0.015490 0.000000
0.156021 -1.157264 0.055675 0.000000
0.320678 0.177457 0.051967 0.000000
0.393220 -0.088687 0.085817 0.000000
0.272309 -0.368256 0.020845 0.000000
0.239093 -0.623891 0.012912 0.000000
0.421969 -0.172820 0.089892 0.000000
0.433853 -0.198596 0.094144 0.000000
0.527443 0.032470 0.226699 0.000000
0.398156 0.237850 0.009217 0.000000
-0.074652 -1.047884 -0.020819 0.000000
0.231974 -0.923208 -0.010342 1.000000
0.336866 0.307783 0.054577 0.000000
0.395431 0.257144 0.015023 0.000000
0.125666 -0.582753 0.032771 0.000000
0.535546 -0.413208 0.123146 0.000000
-0.058591 -1.008479 -0.004449 0.000000
0.396949 0.354767 0.030979 0.000000
0.196594 -0.088024 -0.058279 0.000000
-0.085050 -1.077400 -0.018817 0.000000
0.242931 -0.675387 0.014694 0.000000
0.396701 -0.066326 -0.075789 0.000000
0.196620 -1.256418 -0.280880 1.000000
0.388261 0.478713 0.044248 0.000000
0.349764 0.386820 0.028546 0.000000
-0.025981 -0.939066 0.007940 0.000000
0.300695 -0.073100 0.039845 0.000000
0.435085 -0.183631 0.093544 0.000000
0.296853 0.281299 0.032923 0.000000
0.498577 -0.337424 0.101775 0.000000
0.169638 -1.326669 0.062413 0.000000
0.213239 -0.884557 0.005804 0.000000
0.199894 -1.089716 -0.146602 1.000000
0.568471 -0.016768 -0.034619 0.000000
0.473125 0.138053 0.010626 0.000000
0.173418 -1.247954 0.035913 0.000000
0.320757 0.326023 0.045355 0.000000
0.153608 -0.487717 0.022000 0.000000
0.314702 0.004576 0.038787 0.000000
0.617405 -0.066617 -0.052451 0.000000
0.118697 -1.240196 0.037188 0.000000
0.407780 0.205870 0.000191 0.000000
0.424343 -0.149251 -0.122106 0.000000
0.381604 0.496056 0.048105 0.000000
0.714874 -0.144162 -0.075885 0.000000
0.206529 -1.001577 0.021100 0.000000
0.191077 -1.172707 0.050923 0.000000
0.301250 -0.029266 0.039021 0.000000
0.195044 -0.973680 -0.039122 1.000000
0.327481 0.141139 0.042513 0.000000
0.134286 -1.224769 0.060017 0.000000
0.292773 -0.190665 0.026746 0.000000
0.329467 0.074240 -0.004276 0.000000
0.241088 -0.935190 -0.022457 1.000000
0.323745 0.209655 0.003193 0.000000
0.359708 -0.123589 0.005440 0.000000
0.187450 -0.435083 0.040540 0.000000
0.224531 -0.968381 -0.055190 1.000000
0.320854 0.114317 0.041304 0.000000
0.233203 -0.791508 0.011591 0.000000
0.331195 0.086886 0.049449 0.000000
0.199887 -0.099086 -0.066944 0.000000
0.067391 -0.716047 0.025690 0.000000
0.174405 -1.209845 0.048465 0.000000
0.212734 -0.380992 0.040756 0.000000
0.215149 -0.858341 0.016667 0.000000
0.217206 -0.360190 0.018840 0.000000
0.517461 0.040019 0.213229 0.000000
0.178718 -1.169879 0.027242 0.000000
0.257200 -0.453634 0.011192 0.000000
0.109537 -1.244816 0.034992 0.000000
0.330924 -0.012783 -0.003607 0.000000
0.116651 -0.547012 0.023147 0.000000
0.211354 -1.041073 0.020561 0.000000
0.199050 -1.009840 0.018433 0.000000
0.163565 -1.227218 0.055190 0.000000
0.183742 -1.130553 0.036453 0.000000
0.231529 -0.726350 0.020333 0.000000
0.328385 0.007105 -0.003447 0.000000
0.198153 -1.149663 0.021836 0.000000
0.248600 -0.658070 0.016242 0.000000
0.244005 -0.632407 0.014708 0.000000
0.380470 -0.011487 -0.047065 0.000000
0.152490 -0.503990 0.025710 0.000000
0.287223 0.265112 0.034953 0.000000
0.260968 0.224531 0.025191 0.000000
0.387626 0.216995 0.015922 0.000000
0.195052 -1.010255 -0.069979 1.000000
0.150785 -0.475958 0.021515 0.000000
0.240227 -0.627266 0.022008 0.000000
0.011830 -0.142135 -0.134224 0.000000
0.202691 -0.075929 -0.058216 0.000000
-0.016950 -0.919099 -0.000385 0.000000
0.384697 -0.025296 -0.059440 0.000000
0.087281 -0.027341 -0.070413 0.000000
0.070364 -0.703528 0.027266 0.000000
0.416257 0.254757 0.074406 0.000000
0.193990 -0.390130 0.017358 0.000000
0.771326 -0.173719 -0.107207 0.000000
0.463995 -0.217275 -0.149354 0.000000
0.182498 -1.154943 0.037276 0.000000
-0.069702 -1.027896 -0.017231 0.000000
0.368082 0.043664 -0.029607 0.000000
0.326500 0.278609 0.048965 0.000000
0.385921 -0.072235 0.073373 0.000000
-0.103902 -1.121111 -0.034018 0.000000
0.116009 -0.612365 0.034288 0.000000
0.257692 -0.295631 0.029532 0.000000
0.472272 0.147070 0.017639 0.000000
-0.028786 -0.949707 -0.010813 0.000000
0.199956 -1.186894 -0.219153 1.000000
0.302328 0.148241 0.010351 0.000000
0.228510 0.174317 -0.013656 0.000000
0.495706 -0.361494 0.119762 0.000000
0.109369 -1.293232 0.037592 0.000000
0.253629 -0.541401 0.020599 0.000000
0.278991 0.118334 -0.012047 0.000000
0.160059 -1.179276 0.045478 0.000000
0.359421 0.052536 -0.029681 0.000000
-0.047016 -0.977795 0.000744 0.000000
0.189771 -1.045915 0.023227 0.000000
0.230672 0.180827 -0.005334 0.000000
0.245012 -0.610105 0.012481 0.000000
0.004787 -0.846061 0.018740 0.000000
0.532552 -0.411612 0.133382 0.000000
0.078343 -0.632871 0.028367 0.000000
0.310133 0.043901 0.047715 0.000000
0.171259 -1.134701 0.045068 0.000000
-0.042098 -0.961657 -0.005504 0.000000
0.238173 -0.332490 0.040280 0.000000
0.002390 -0.888718 0.001267 0.000000
0.257655 -0.575032 0.015133 0.000000
0.396172 0.156779 0.011829 0.000000
0.168126 -1.306008 0.035774 0.000000
0.319579 0.202647 0.054168 0.000000
0.170037 -0.476765 0.032223 0.000000
0.419139 -0.191231 0.088948 0.000000
0.337868 0.334621 0.022536 0.000000
0.231070 -0.824291 0.011421 0.000000
0.545580 -0.423791 0.128367 0.000000
0.333641 0.175707 0.005096 0.000000
0.212532 -0.972982 0.017614 0.000000
0.250613 -0.551949 0.014656 0.000000
0.303801 0.166731 0.004094 0.000000
0.458905 0.162434 0.009603 0.000000
0.208069 -1.128666 -0.169531 1.000000
0.425483 0.069784 -0.002147 0.000000
-0.080319 -1.062815 -0.026216 0.000000
0.422312 -0.181084 0.094459 0.000000
0.410209 -0.167180 0.084241 0.000000
0.214672 -0.983583 -0.047871 1.000000
0.204093 -1.005940 -0.069226 1.000000
0.197905 -1.019198 -0.086848 1.000000
0.266688 -0.283309 0.020032 0.000000
0.606289 -0.053245 -0.048162 0.000000
0.185305 -1.007504 0.031615 0.000000
0.403357 0.148519 0.000214 0.000000
0.282934 -0.218693 0.031235 0.000000
0.335229 0.292388 0.018400 0.000000
0.333111 0.238451 0.051751 0.000000
0.052128 -0.081410 -0.092851 0.000000
0.393162 0.432441 0.044326 0.000000
0.264150 -0.393647 0.019129 0.000000
0.344941 -0.086971 0.016664 0.000000
0.496234 0.098680 0.002918 0.000000
0.225668 -0.354884 0.020300 0.000000
0.200450 0.132392 -0.010360 0.000000
0.410767 0.105216 -0.001538 0.000000
0.373720 0.017227 -0.029037 0.000000
0.265627 -0.511040 0.008970 0.000000
-0.098806 -1.105815 -0.033531 0.000000
0.053696 -0.744432 0.021471 0.000000
-0.088329 -1.082343 -0.028592 0.000000
0.590871 -0.460156 0.132130 0.000000
0.053460 -0.716373 0.027136 0.000000
0.201427 -1.002286 0.030790 0.000000
0.242643 -0.326693 0.018637 0.000000
0.354143 0.007845 0.050414 0.000000
0.323947 0.099941 0.051811 0.000000
0.206287 -1.050942 0.023566 0.000000
0.506149 -0.377992 0.126166 0.000000
0.196334 -1.052003 0.028878 0.000000
0.043402 -0.740130 0.023423 0.000000
0.514802 -0.386159 0.123700 0.000000
0.190243 -0.139460 -0.086564 0.000000
0.146577 -1.164266 0.034044 0.000000
0.015854 -0.853574 0.008565 0.000000
0.233338 -0.893907 0.012948 0.000000
0.040708 -0.793518 0.016365 0.000000
0.370349 -0.018987 0.077374 0.000000
0.232746 0.014689 -0.033333 0.000000
0.224766 -0.754709 0.013509 0.000000
0.573193 -0.451573 0.135314 0.000000
0.271497 -0.290011 0.030491 0.000000
0.231863 -0.720844 0.013012 0.000000
0.426778 0.054291 0.000187 0.000000
0.323352 -0.006383 0.009767 0.000000
0.122455 -0.574516 0.031158 0.000000
0.206956 -1.029489 -0.096955 1.000000
0.219797 -1.037925 -0.107633 1.000000
0.471894 -0.054813 -0.020661 0.000000
0.322947 0.022015 0.008568 0.000000
0.355276 0.373963 0.034166 0.000000
0.260807 0.221048 0.013136 0.000000
0.187345 -1.187201 0.059143 0.000000
0.333313 0.146143 0.000462 0.000000
0.407583 0.114007 -0.006118 0.000000
0.037035 -0.109972 -0.114295 0.000000
0.131138 -1.193310 0.032767 0.000000
0.148581 -0.223243 -0.138311 0.000000
0.165146 -0.464808 0.021136 0.000000
0.309119 0.078971 0.043727 0.000000
0.243536 -0.642814 0.014744 0.000000
0.270762 0.102175 -0.015809 0.000000
0.341032 0.324119 0.016005 0.000000
0.297777 -0.062114 0.038174 0.000000
0.222232 -0.901924 0.002333 1.000000
0.028946 -0.126574 -0.124771 0.000000
0.301910 -0.152004 0.035037 0.000000
0.356782 0.012267 0.070919 0.000000
0.265742 -0.423227 0.021817 0.000000
0.308434 0.183254 0.003325 0.000000
0.539806 -0.146129 -0.067517 0.000000
0.394371 0.308690 0.055808 0.000000
0.175901 -0.445949 0.029077 0.000000
0.387932 0.000428 -0.041116 0.000000
0.655419 -0.110187 -0.060092 0.000000
0.162164 -0.456379 0.021670 0.000000
0.306692 0.308310 0.049391 0.000000
0.504856 -0.364745 0.115255 0.000000
0.099306 -0.598864 0.021789 0.000000
0.337499 -0.074335 0.007124 0.000000
0.154804 -1.227968 0.050119 0.000000
0.360251 0.058757 -0.015565 0.000000
0.472518 -0.280994 0.103995 0.000000
0.532051 -0.149846 -0.065268 0.000000
0.503698 -0.269444 -0.149164 0.000000
0.514346 0.052027 0.209900 0.000000
0.252205 0.211991 0.017909 0.000000
-0.033491 -0.937731 0.000105 0.000000
0.561469 0.006713 -0.024880 0.000000
0.315234 0.160044 0.047195 0.000000
0.295710 -0.122408 0.039367 0.000000
0.194186 -1.128632 0.037355 0.000000
0.330078 -0.031306 0.005978 0.000000
0.197227 -1.073244 -0.126410 1.000000
0.225321 0.167936 0.004656 0.000000
0.145273 -1.154765 0.060422 0.000000
0.195556 -1.143908 -0.184358 1.000000
0.000040 -0.860614 0.015129 0.000000
0.144136 -1.186638 0.057982 0.000000
0.181703 -1.176486 0.043495 0.000000
0.157374 0.080493 -0.048193 0.000000
0.166687 0.084843 -0.026261 0.000000
0.325085 0.063207 -0.013724 0.000000
0.415506 0.265677 0.025850 0.000000
0.323668 0.166262 0.043197 0.000000
0.224222 -0.930652 0.019545 0.000000
0.210683 0.147830 -0.013355 0.000000
0.334371 0.186973 0.008589 0.000000
0.136263 -1.148827 0.032803 0.000000
0.491849 -0.326601 0.096403 0.000000
0.219801 -0.048667 -0.046562 0.000000
0.422549 -0.144740 0.087377 0.000000
0.343018 0.464104 0.057871 0.000000
0.567036 -0.440000 0.123415 0.000000
0.690104 -0.127873 -0.076269 0.000000
0.270735 -0.463187 0.016263 0.000000
0.280495 -0.294996 0.025594 0.000000
0.501323 -0.099983 -0.035484 0.000000
0.482391 -0.253539 -0.150155 0.000000
0.391365 0.296233 0.058255 0.000000
0.230460 -0.774429 0.020379 0.000000
0.275941 -0.239335 0.030775 0.000000
0.191173 -0.406911 0.017026 0.000000
0.276628 -0.311497 0.019644 0.000000
0.342611 0.451075 0.064901 0.000000
0.194668 -1.244578 -0.274745 1.000000
0.182770 -1.079091 0.036992 0.000000
0.335160 0.259716 0.018185 0.000000
0.280000 0.255230 0.035456 0.000000
0.560937 -0.437095 0.132662 0.000000
0.259654 -0.458309 0.018172 0.000000
0.324343 0.035109 -0.001972 0.000000
0.256040 -0.562549 0.012180 0.000000
0.365893 -0.021748 0.057380 0.000000
0.164263 -1.323284 -0.334499 1.000000
0.072420 -0.287236 -0.220826 0.000000
0.201690 -1.119687 -0.167762 1.000000
0.145670 -1.150573 0.038468 0.000000
0.183071 -1.192326 0.031827 0.000000
0.411375 -0.108241 0.089273 0.000000
0.181539 -0.435747 0.030406 0.000000
0.317716 0.140683 0.051044 0.000000
0.724734 -0.151246 -0.075435 0.000000
0.333016 0.405945 0.061480 0.000000
0.169857 -1.202816 0.042333 0.000000
0.183452 -1.269470 0.059011 0.000000
0.266769 -0.329768 0.017504 0.000000
0.243427 0.198598 0.013291 0.000000
0.428626 -0.130440 -0.112538 0.000000
0.342197 0.045733 0.065860 0.000000
0.476818 -0.242515 -0.151338 0.000000
0.233285 0.003083 -0.032827 0.000000
0.235291 -0.945738 -0.035828 1.000000
0.562605 -0.170146 -0.089033 0.000000
0.174628 -1.235505 0.034944 0.000000
0.428404 -0.219688 0.097230 0.000000
0.421940 0.249383 0.078186 0.000000
0.365306 0.044854 -0.013902 0.000000
0.263035 -0.523327 0.010754 0.000000
0.388913 -0.004204 -0.048443 0.000000
0.341074 0.096559 -0.004372 0.000000
0.323393 0.232858 0.051729 0.000000
0.324836 0.130158 0.045561 0.000000
0.433143 -0.140088 -0.120218 0.000000
0.396022 0.306573 0.029015 0.000000
0.270292 -0.291503 0.017881 0.000000
0.225745 -0.851928 0.016076 0.000000
0.190274 -1.138889 0.019554 0.000000
0.195956 -1.119894 -0.183773 1.000000
0.463918 0.166512 0.115125 0.000000
0.392580 0.245843 0.015674 0.000000
0.172934 -0.146629 -0.087930 0.000000
0.446595 0.186878 0.010382 0.000000
0.198018 -0.416393 0.030199 0.000000
0.259976 -0.498252 0.013408 0.000000
0.234952 -0.736942 0.006981 0.000000
0.181470 -1.158077 0.045264 0.000000
0.142298 -1.210114 0.047538 0.000000
0.395687 0.393930 0.041317 0.000000
0.412268 -0.160993 0.078277 0.000000
0.235075 -0.742272 0.016813 0.000000
0.330316 -0.063043 -0.000772 0.000000
0.195443 -1.097519 0.031437 0.000000
0.065890 -0.687189 0.028845 0.000000
0.418402 0.263852 0.017811 0.000000
0.675620 -0.514075 0.166989 0.000000
0.340241 0.162182 0.002632 0.000000
0.386645 0.449733 0.039940 0.000000
0.133078 -1.185815 0.069249 0.000000
0.200878 -1.151879 -0.189045 1.000000
0.331121 -0.044735 0.004184 0.000000
0.322849 0.013423 -0.005327 0.000000
0.320120 0.245466 0.049017 0.000000
0.156775 -1.359322 -0.378423 1.000000
0.468067 0.155637 0.125859 0.000000
0.446325 -0.198589 0.097380 0.000000
0.413514 -0.121406 0.087730 0.000000
0.177863 -1.043602 0.016195 0.000000
0.201708 -0.910805 -0.001832 1.000000
0.567705 -0.188688 -0.106461 0.000000
0.258027 0.216580 0.001560 0.000000
-0.051811 -0.984115 -0.010168 0.000000
0.442893 -0.166449 -0.139249 0.000000
0.316362 0.112688 0.054094 0.000000
0.075122 -0.676281 0.027482 0.000000
0.321492 0.095395 0.061104 0.000000
0.125182 -1.277908 0.046063 0.000000
0.151934 -1.238762 0.049899 0.000000
0.310988 0.304386 0.035525 0.000000
0.410325 -0.139952 0.084780 0.000000
0.585775 -0.026151 -0.038453 0.000000
0.320802 0.089306 0.041382 0.000000
0.330759 0.258903 0.048813 0.000000
0.176804 -1.081099 0.029145 0.000000
0.306276 0.023631 0.042073 0.000000
0.335366 0.283017 0.048491 0.000000
0.626585 -0.073145 -0.058192 0.000000
0.368445 0.024447 -0.029128 0.000000
0.379554 0.005275 -0.041187 0.000000
0.076457 -0.050370 -0.086690 0.000000
0.293132 0.153138 0.005527 0.000000
0.118206 0.030092 -0.061127 0.000000
0.205149 -1.141877 -0.191242 1.000000
0.447964 0.189523 0.025222 0.000000
0.089481 -0.627021 0.027828 0.000000
0.194688 -1.071775 0.024921 0.000000
0.262146 -0.476459 0.018259 0.000000
0.105746 -0.013621 -0.063604 0.000000
0.196970 -1.131545 -0.169493 1.000000
0.156584 0.079778 -0.039470 0.000000
0.122039 -1.243624 0.073960 0.000000
-0.004081 -0.887237 0.007141 0.000000
0.345060 0.309003 0.018015 0.000000
0.329724 0.347317 0.059343 0.000000
0.342161 0.287628 0.022170 0.000000
0.187574 -1.165305 0.053252 0.000000
0.311515 -0.000994 0.046021 0.000000
0.237163 -0.713059 0.013520 0.000000
0.202300 -1.086583 -0.130255 1.000000
0.250363 -0.305819 0.018240 0.000000
0.633114 -0.086815 -0.055991 0.000000
0.283973 0.125642 -0.009794 0.000000
0.155939 -0.206070 -0.119134 0.000000
0.339484 0.119511 0.001262 0.000000
0.438707 -0.152906 -0.126814 0.000000
0.397519 0.192727 0.005782 0.000000
0.224925 -0.831880 0.011222 0.000000
0.240586 0.030037 -0.028592 0.000000
0.186748 -1.290050 -0.313989 1.000000
0.345027 -0.076895 0.022269 0.000000
0.188550 -1.203763 0.056541 0.000000
0.191845 -1.091841 -0.135031 1.000000
0.269085 0.233557 0.014970 0.000000
0.434801 0.029927 -0.012511 0.000000
0.406614 -0.122940 0.080572 0.000000
0.445904 -0.022989 -0.017483 0.000000
0.437047 0.206633 0.010896 0.000000
0.254346 -0.506909 0.012593 0.000000
0.014817 -0.835032 0.020276 0.000000
0.121862 -1.336475 0.033158 0.000000
0.188121 -1.075947 0.030425 0.000000
0.211518 0.154118 -0.007342 0.000000
0.212093 -1.087801 -0.138853 1.000000
0.348508 0.074529 -0.018054 0.000000
0.484660 -0.321026 0.109515 0.000000
0.303473 -0.045400 0.041204 0.000000
0.176926 -1.164854 0.043095 0.000000
0.256617 -0.489540 0.013489 0.000000
0.332578 0.415429 0.060420 0.000000
0.196473 -1.077614 0.045075 0.000000
0.532551 -0.147995 -0.073888 0.000000
0.083359 -0.679432 0.028289 0.000000
0.105172 -0.001115 -0.060926 0.000000
0.201438 -1.087553 0.049859 0.000000
0.449427 0.190592 0.101598 0.000000
0.581801 -0.011658 -0.034889 0.000000
0.167822 -1.362850 -0.373435 1.000000
0.269957 -0.350892 0.018022 0.000000
0.527334 -0.403482 0.124149 0.000000
0.257831 -0.294020 0.014102 0.000000
0.144056 -1.169874 0.053413 0.000000
0.263313 -0.443216 0.015260 0.000000
0.330897 0.064850 0.004809 0.000000
0.179876 -1.253701 0.057614 0.000000
0.337029 -0.067650 0.013024 0.000000
0.474255 0.141769 0.129993 0.000000
0.387554 0.310303 0.051011 0.000000
0.420822 -0.104761 -0.102439 0.000000
0.200194 -1.094823 0.042316 0.000000
0.339373 0.401297 0.056322 0.000000
0.429625 0.043697 -0.006340 0.000000
0.411802 0.091791 0.004804 0.000000
0.408696 -0.078071 -0.087125 0.000000
0.199827 -1.076533 -0.136002 1.000000
0.250333 -0.581663 0.012781 0.000000
0.167490 -1.194533 0.036218 0.000000
0.177581 -1.196865 0.023863 0.000000
0.303152 -0.056613 0.034808 0.000000
0.363636 -0.003204 0.074487 0.000000
0.001952 -0.855152 0.021260 0.000000
0.239433 -0.905461 -0.003773 1.000000
0.290344 -0.140910 0.026955 0.000000
-0.055003 -0.991955 -0.012767 0.000000
0.377099 -0.037368 0.077973 0.000000
0.211831 -0.897875 0.012182 0.000000
0.207279 -1.046229 -0.114824 1.000000
0.180313 -1.172750 0.051765 0.000000
0.260670 -0.349062 0.019693 0.000000
0.393837 0.424156 0.043403 0.000000
0.191288 -1.194205 -0.236249 1.000000
0.187620 -1.014428 0.024809 0.000000
0.328565 -0.012010 0.006339 0.000000
0.335957 0.316083 0.054449 0.000000
0.609490 -0.467803 0.145310 0.000000
0.404841 0.306600 0.031957 0.000000
0.325430 0.091249 0.054631 0.000000
0.394937 0.281766 0.020011 0.000000
0.025794 -0.820575 0.011235 0.000000
0.331529 0.202973 0.051708 0.000000
0.464535 -0.038516 -0.016283 0.000000
0.320381 0.182583 0.044965 0.000000
0.202496 -0.082791 -0.062950 0.000000
0.322252 0.212834 0.052698 0.000000
0.369909 0.342185 0.046507 0.000000
0.177880 -1.190305 0.043627 0.000000
0.324424 -0.016597 -0.000053 0.000000
0.261059 -0.422364 0.012857 0.000000
0.310317 0.052754 0.040832 0.000000
0.351619 0.482984 0.047380 0.000000
0.392295 0.369552 0.033212 0.000000
0.145904 0.068281 -0.045235 0.000000
0.314129 -0.010488 0.038415 0.000000
0.213304 -0.966978 -0.039525 1.000000
0.109239 -0.584443 0.024616 0.000000
0.348529 0.369680 0.025551 0.000000
0.335674 0.058158 0.067167 0.000000
0.225354 -0.021213 -0.039467 0.000000
0.495153 -0.088339 -0.030142 0.000000
0.245609 -0.682494 0.010222 0.000000
0.496019 0.089666 0.169386 0.000000
0.527827 0.054604 -0.006430 0.000000
0.340957 0.225654 0.007711 0.000000
0.165764 -1.344425 -0.351323 1.000000
0.079838 -1.354160 0.082037 0.000000
0.458218 -0.233352 0.096068 0.000000
0.387880 -0.080663 0.073253 0.000000
0.491632 -0.344484 0.116512 0.000000
0.139769 -1.176199 0.045300 0.000000
0.276767 -0.260738 0.027999 0.000000
0.195585 -1.089702 0.025857 0.000000
0.229320 -0.886670 0.012222 0.000000
0.176814 -1.214415 0.036282 0.000000
0.163501 -1.083484 0.028000 0.000000
0.327978 0.292294 0.054636 0.000000
0.178744 -1.244808 0.057266 0.000000
0.324075 0.190222 0.053273 0.000000
0.317673 0.071901 0.044903 0.000000
0.438302 0.210505 0.022516 0.000000
0.118490 -1.187209 0.034756 0.000000
0.403194 0.278331 0.064535 0.000000
0.235624 -0.726760 0.006163 0.000000
0.432032 0.238475 0.021277 0.000000
0.547904 -0.421272 0.118783 0.000000
0.311848 0.101838 0.042927 0.000000
0.199278 -1.025118 0.030581 0.000000
0.228853 -0.929048 -0.015233 1.000000
0.077960 -0.697220 0.027798 0.000000
0.765966 -0.169739 -0.102394 0.000000
-0.052878 -0.994391 -0.004342 0.000000
0.429879 -0.153251 -0.117135 0.000000
0.220642 0.165145 -0.007677 0.000000
0.338131 0.383444 0.055816 0.000000
0.281160 -0.245215 0.027877 0.000000
0.223119 -0.864052 0.013286 0.000000
0.269446 -0.316533 0.025533 0.000000
0.262039 -0.541242 0.020987 0.000000
0.478796 -0.069347 -0.025294 0.000000
0.130137 -1.200969 0.064275 0.000000
0.171048 -1.184663 0.047883 0.000000
-0.094645 -1.089837 -0.028369 0.000000
0.171259 -1.281389 0.036731 0.000000
0.356654 0.016478 0.054649 0.000000
0.239691 -0.014793 -0.032018 0.000000
0.352923 0.490957 0.046002 0.000000
0.505443 0.064611 0.190160 0.000000
0.140557 0.051693 -0.042586 0.000000
0.384572 -0.072078 0.082119 0.000000
0.256383 -0.471746 0.023562 0.000000
0.224811 -0.906818 0.017068 0.000000
0.324213 0.113095 0.048672 0.000000
0.399943 0.176732 0.007889 0.000000
0.329541 0.030282 -0.007595 0.000000
0.164679 -1.095090 0.039811 0.000000
0.213514 -1.038566 0.035154 0.000000
0.671223 -0.110393 -0.064341 0.000000
0.214501 -0.071461 -0.054334 0.000000
0.523034 -0.388649 0.108899 0.000000
0.297753 -0.074568 0.032368 0.000000
0.398843 -0.053216 -0.064878 0.000000
0.243847 -0.658627 0.008639 0.000000
0.194261 -0.400294 0.022952 0.000000
0.398756 0.285449 0.070307 0.000000
0.464761 -0.209026 -0.148561 0.000000
0.336194 0.309206 0.024848 0.000000
0.269836 0.087093 -0.006591 0.000000
0.381832 -0.044023 0.081260 0.000000
0.324232 0.262089 0.053381 0.000000
0.149281 -0.518960 0.035827 0.000000
0.265822 -0.507120 0.021411 0.000000
0.261227 -0.532605 0.010537 0.000000
0.473269 -0.267107 0.096489 0.000000
0.340413 0.419579 0.056151 0.000000
0.637203 -0.093561 -0.054018 0.000000
0.054922 -0.703482 0.029304 0.000000
0.302660 0.173021 -0.000918 0.000000
0.180980 -1.295143 -0.311415 1.000000
0.248408 -0.605169 0.018261 0.000000
0.448970 -0.252233 0.107281 0.000000
0.270307 -0.478209 0.015924 0.000000
0.192039 -1.245968 -0.264487 1.000000
0.246700 -0.590283 0.013538 0.000000
0.273070 0.090416 0.000058 0.000000
0.218595 -0.998097 -0.072548 1.000000
0.736521 -0.155944 -0.080249 0.000000
0.313238 0.088291 0.037802 0.000000
0.212891 -0.932676 -0.015464 1.000000
0.182135 -0.447253 0.037085 0.000000
0.277971 -0.185796 0.029158 0.000000
0.195620 -0.999841 0.020407 0.000000
0.298962 -0.102852 0.032180 0.000000
0.345168 0.408836 0.030149 0.000000
0.441007 0.202168 0.094522 0.000000
0.246511 0.042602 -0.025018 0.000000
0.124652 0.032898 -0.050148 0.000000
0.213951 -0.383181 0.027456 0.000000
0.443848 -0.212424 0.095231 0.000000
0.160480 -1.105156 0.026689 0.000000
0.356087 0.418725 0.031484 0.000000
0.099951 -0.589952 0.027006 0.000000
0.184302 -1.140100 0.045068 0.000000
0.267713 -0.337076 0.027627 0.000000
0.031988 -0.103611 -0.114631 0.000000
0.348337 -0.101718 0.021941 0.000000
0.248107 -0.582570 0.022342 0.000000
0.205980 -1.032157 0.020649 0.000000
0.146977 -1.171088 0.061096 0.000000
0.163225 -0.182836 -0.106558 0.000000
0.389832 0.463698 0.048643 0.000000
0.259648 -0.526016 0.025966 0.000000
0.135702 -1.224146 0.033682 0.000000
0.176651 -0.171990 -0.103878 0.000000
0.215820 -0.978472 0.022826 0.000000
0.185898 -1.245708 -0.277410 1.000000
0.261334 -0.299776 0.039128 0.000000
0.651107 -0.499949 0.157547 0.000000
0.033820 -0.117665 -0.112187 0.000000
0.261456 -0.293362 0.021852 0.000000
0.345536 0.455906 0.057122 0.000000
0.251538 -0.631559 0.011765 0.000000
0.353349 0.020585 0.065006 0.000000
0.328726 0.329507 0.053021 0.000000
0.320825 0.028035 -0.009393 0.000000
0.334442 0.200113 0.009085 0.000000
0.417391 0.080330 0.008203 0.000000
0.123074 -1.196492 0.036482 0.000000
0.333039 0.093806 -0.006326 0.000000
0.208629 -1.042785 -0.104542 1.000000
0.178725 -1.046291 0.035756 0.000000
0.245673 -0.311623 0.024432 0.000000
0.154310 -1.212759 0.042979 0.000000
0.151204 -1.219563 0.052282 0.000000
0.456340 -0.263625 0.104322 0.000000
0.168395 -1.209616 0.056559 0.000000
0.367772 -0.028670 0.071832 0.000000
0.340752 0.433823 0.055387 0.000000
0.172504 -0.431679 0.018292 0.000000
0.449988 -0.206310 0.093623 0.000000
0.188188 -1.008476 0.018202 0.000000
0.303159 0.287775 0.030086 0.000000
0.239063 -0.668881 0.022571 0.000000
0.321961 0.086800 0.048974 0.000000
0.399187 0.229273 0.006628 0.000000
0.314233 0.154004 0.041887 0.000000
0.092843 -0.641523 0.030245 0.000000
0.342447 0.152063 -0.000161 0.000000
0.226876 -0.898730 0.008616 0.000000
0.220481 -0.816006 0.015094 0.000000
0.481815 -0.301538 0.103037 0.000000
0.190110 -1.183279 0.051898 0.000000
0.406943 -0.063199 -0.075691 0.000000
0.278985 -0.269414 0.024105 0.000000
0.202917 -1.107513 0.020609 0.000000
0.440722 -0.227426 0.101662 0.000000
0.181982 -1.199253 0.056602 0.000000
0.200541 -0.940939 -0.016686 1.000000
0.103186 0.010358 -0.060110 0.000000
0.334839 0.268226 0.051007 0.000000
0.199558 -1.171107 -0.208940 1.000000
0.293495 -0.173042 0.031161 0.000000
0.113424 -0.615273 0.026677 0.000000
0.300840 -0.084158 0.037261 0.000000
0.132274 -1.199082 0.073184 0.000000
0.293004 -0.155499 0.032659 0.000000
0.375698 -0.047655 0.064203 0.000000
0.747995 -0.160823 -0.085175 0.000000
0.340028 0.413204 0.051396 0.000000
0.619780 -0.474657 0.148149 0.000000
0.244532 -0.696573 0.021843 0.000000
-0.083632 -1.069193 -0.035022 0.000000
0.506420 0.078138 0.177975 0.000000
0.347895 0.451649 0.043319 0.000000
0.412403 0.101105 -0.008407 0.000000
0.347756 0.036890 0.050181 0.000000
0.475756 -0.228383 -0.151338 0.000000
0.019946 -0.818366 0.022133 0.000000
0.265121 -0.428361 0.029575 0.000000
0.338880 0.063556 0.050532 0.000000
0.344497 0.168817 0.003251 0.000000
0.286605 -0.227340 0.023041 0.000000
0.451065 -0.013264 -0.011443 0.000000
0.111935 -0.000526 -0.056795 0.000000
0.207979 -0.907459 0.001604 1.000000
0.328298 0.246270 0.050621 0.000000
0.442406 0.219062 0.097697 0.000000
0.330418 -0.023535 0.010847 0.000000
0.230510 -0.940580 -0.026483 1.000000
0.396009 -0.080959 0.084168 0.000000
0.312481 -0.018307 0.042779 0.000000
0.273918 -0.336786 0.017490 0.000000
0.310123 0.060824 0.047117 0.000000
0.095820 -0.673146 0.032205 0.000000
0.167675 -1.323556 -0.343023 1.000000
0.406428 -0.055486 -0.073581 0.000000
0.208735 -1.083875 -0.148810 1.000000
0.348106 0.489146 0.062414 0.000000
0.252821 0.052725 -0.019908 0.000000
0.201799 -1.017276 0.023943 0.000000
0.334235 0.231825 0.013311 0.000000
0.051719 -0.770766 0.023460 0.000000
0.426261 -0.156482 0.089893 0.000000
0.177225 -1.323689 -0.343611 1.000000
0.206738 -1.080481 -0.134898 1.000000
0.342704 0.279855 0.014686 0.000000
0.216627 -0.880039 0.014368 0.000000
0.210506 -1.018457 -0.088580 1.000000
0.038665 -0.748029 0.028327 0.000000
0.211580 -0.367211 0.017455 0.000000
0.702284 -0.139164 -0.075015 0.000000
0.180031 -1.224263 0.029985 0.000000
0.513011 -0.108705 -0.040559 0.000000
0.065045 -0.747865 0.023880 0.000000
0.211861 -1.005941 0.026095 0.000000
0.177392 -1.266176 0.022582 0.000000
0.419146 -0.137677 0.087736 0.000000
0.219954 -0.034327 -0.044044 0.000000
-0.038653 -0.952925 -0.003662 0.000000
0.572096 -0.001646 -0.030141 0.000000
0.227243 -0.847121 0.010068 0.000000
0.306102 0.012948 0.046159 0.000000
0.314574 0.015998 0.039491 0.000000
0.261719 -0.511181 0.015960 0.000000
0.196634 -1.216173 -0.245057 1.000000
0.234689 0.184182 0.010731 0.000000
0.071870 -0.043690 -0.078852 0.000000
0.117332 0.007201 -0.053711 0.000000
0.305841 -0.010865 0.039322 0.000000
0.496608 -0.256804 -0.148534 0.000000
0.257911 -0.535975 0.016926 0.000000
0.030818 -0.780358 0.025777 0.000000
0.368941 0.351065 0.042324 0.000000
0.168764 -1.100727 0.035072 0.000000
0.517710 0.045450 0.206754 0.000000
0.390438 -0.093962 0.066333 0.000000
0.291998 -0.131606 0.038200 0.000000
0.185296 -1.226892 0.056620 0.000000
0.195576 -1.097218 0.023641 0.000000
0.324744 0.046787 -0.008216 0.000000
0.546277 0.010704 -0.021643 0.000000
-0.031806 -0.935801 0.012771 0.000000
0.211411 -0.920475 -0.009725 1.000000
0.425928 0.233666 0.079657 0.000000
0.444116 0.003839 -0.012013 0.000000
0.363414 0.038825 -0.024286 0.000000
0.290288 0.146521 -0.004340 0.000000
0.018601 -0.148811 -0.132605 0.000000
0.239496 -0.654024 0.018814 0.000000
0.335287 0.216801 0.010440 0.000000
0.053885 -0.780635 0.020043 0.000000
0.366070 0.026671 -0.036732 0.000000
0.344539 0.256219 0.017242 0.000000
0.264588 0.090979 -0.019764 0.000000
0.190912 -1.198276 0.022294 0.000000
0.242794 -0.598873 0.022756 0.000000
0.170111 -1.336220 -0.353160 1.000000
0.437605 -0.175580 -0.132160 0.000000
0.254174 -0.530918 0.021694 0.000000
0.335031 0.392231 0.056847 0.000000
0.264308 -0.343597 0.015567 0.000000
0.054984 -0.286114 -0.220882 0.000000
0.262087 -0.409095 0.020080 0.000000
0.270240 -0.416811 0.025420 0.000000
0.178706 -1.049763 0.025407 0.000000
0.409312 -0.093408 -0.093885 0.000000
0.094489 -0.657274 0.030919 0.000000
0.326246 0.054935 -0.003382 0.000000
0.157387 -1.158712 0.047046 0.000000
-0.086350 -1.091605 -0.033228 0.000000
0.338988 0.210046 0.003564 0.000000
0.207683 -1.046456 0.015239 0.000000
0.451929 -0.176752 -0.139879 0.000000
0.276036 -0.233292 0.023160 0.000000
0.336255 0.105585 0.002725 0.000000
0.319112 0.189392 0.008303 0.000000
0.290087 -0.206908 0.024680 0.000000
0.390945 0.383593 0.038117 0.000000
0.181476 -1.310329 0.060771 0.000000
0.197503 -1.008571 0.028567 0.000000
0.251760 -0.524705 0.015052 0.000000
0.182645 -1.172591 0.020785 0.000000
0.514625 0.069313 -0.003532 0.000000
0.296473 -0.102600 0.041601 0.000000
0.257934 -0.438411 0.018048 0.000000
0.224673 -0.839488 0.014999 0.000000
0.393991 0.292669 0.066298 0.000000
0.238199 -0.328723 0.026587 0.000000
0.544361 -0.421333 0.135738 0.000000
0.099243 -0.017631 -0.064698 0.000000
0.238881 -0.727777 0.022190 0.000000
0.216451 -0.987108 -0.060853 1.000000
0.334997 -0.051383 0.004704 0.000000
-0.014447 -0.890283 0.016132 0.000000
0.411412 0.138538 -0.010242 0.000000
0.197461 -1.080295 0.037923 0.000000
0.159666 -1.241864 0.047199 0.000000
0.217729 -0.021393 -0.042920 0.000000
0.386379 0.479017 0.051706 0.000000
0.206464 -1.036180 0.041955 0.000000
0.270678 -0.324088 0.024730 0.000000
0.208789 -0.991622 0.025225 0.000000
0.055334 -0.729630 0.023492 0.000000
0.138044 -1.198848 0.044017 0.000000
0.218915 -0.895063 0.008001 0.000000
0.305073 -0.071725 0.032264 0.000000
0.186067 -1.113074 0.022335 0.000000
0.211379 -0.976560 -0.043714 1.000000
0.139613 -1.168572 0.037676 0.000000
0.256460 0.063776 -0.017962 0.000000
0.518713 0.058786 -0.008473 0.000000
0.185987 -1.108586 0.033539 0.000000
0.187874 0.115542 -0.021543 0.000000
0.232100 -0.765417 0.012501 0.000000
0.395292 -0.102538 0.074978 0.000000
0.508541 0.068262 0.182686 0.000000
0.231629 -0.342675 0.032824 0.000000
0.290209 0.263303 0.027402 0.000000
-0.031275 -0.946759 0.006931 0.000000
0.412456 0.273091 0.027552 0.000000
-0.062129 -1.019324 -0.023203 0.000000
0.396761 0.297269 0.022977 0.000000
0.274262 -0.272846 0.017686 0.000000
0.090302 -0.687687 0.030659 0.000000
0.176433 -1.101251 0.038587 0.000000
0.194067 -1.055391 0.035368 0.000000
0.169268 -1.053326 0.037167 0.000000
0.223887 -0.975459 -0.052329 1.000000
0.344796 0.354579 0.025712 0.000000
0.343497 0.476305 0.057626 0.000000
0.263858 -0.475382 0.025646 0.000000
0.175079 -0.160102 -0.095211 0.000000
0.337912 0.368428 0.056429 0.000000
0.094442 -0.029218 -0.072372 0.000000
0.176490 -1.331372 -0.352906 1.000000
0.299078 0.156524 0.000497 0.000000
0.296064 -0.138979 0.032612 0.000000
0.193043 -1.145069 0.025330 0.000000
0.475629 -0.311116 0.114152 0.000000
0.266454 -0.440630 0.029765 0.000000
0.209106 -0.377036 0.023821 0.000000
0.170640 -1.289890 -0.311347 1.000000
0.358765 0.004850 0.063311 0.000000
0.291431 -0.183318 0.023603 0.000000
0.305980 -0.023702 0.041712 0.000000
0.674791 -0.123441 -0.068321 0.000000
0.520872 -0.399574 0.132484 0.000000
0.170921 -1.178238 0.031508 0.000000
0.181061 -0.422030 0.023075 0.000000
0.177266 -1.295383 -0.318086 1.000000
0.391226 0.342946 0.031349 0.000000
-0.026434 -0.933733 0.001560 0.000000
0.327991 0.003448 -0.010134 0.000000
0.456737 -0.280451 0.109274 0.000000
0.224566 -0.809275 0.011290 0.000000
0.240734 -0.677426 0.007263 0.000000
0.298289 -0.058204 0.044704 0.000000
0.397537 -0.038656 -0.061533 0.000000
0.435329 0.015738 -0.017126 0.000000
0.398433 -0.093204 0.081600 0.000000
0.122985 0.020354 -0.050587 0.000000
0.440821 -0.166854 -0.131624 0.000000
0.389787 0.406614 0.040856 0.000000
0.230384 -0.798584 0.014508 0.000000
0.327854 0.363110 0.052723 0.000000
0.355776 0.468970 0.041515 0.000000
0.050232 -0.081056 -0.100483 0.000000
0.474503 -0.297767 0.110509 0.000000
0.462113 0.177113 0.111509 0.000000
0.494850 0.091210 0.176747 0.000000
0.448374 -0.261872 0.106700 0.000000
0.179649 -0.136588 -0.083245 0.000000
0.260880 -0.508648 0.027542 0.000000
0.415228 0.091684 -0.007566 0.000000
0.268961 -0.408630 0.011682 0.000000
0.161611 -0.488688 0.035309 0.000000
0.167473 -1.217478 0.048368 0.000000
-0.016542 -0.912264 0.004119 0.000000
0.170903 -0.178260 -0.106420 0.000000
0.478604 -0.284694 0.098339 0.000000
0.298597 -0.095156 0.039323 0.000000
0.186040 -1.217647 0.034416 0.000000
0.265215 -0.368680 0.016400 0.000000
0.260734 -0.484042 0.016989 0.000000
0.144113 -0.508151 0.027920 0.000000
0.388969 0.261532 0.021979 0.000000
0.265814 0.228816 0.019998 0.000000
0.195079 -0.413067 0.019123 0.000000
0.431543 0.224632 0.027239 0.000000
0.036882 -0.096435 -0.106182 0.000000
0.340547 0.296091 0.014402 0.000000
0.163376 -1.376628 -0.395259 1.000000
0.088976 -0.674685 0.025964 0.000000
0.339952 0.408216 0.059352 0.000000
0.335211 -0.056652 0.012313 0.000000
0.142939 -0.231713 -0.145991 0.000000
0.076649 -0.703632 0.023056 0.000000
0.330391 0.253694 0.054286 0.000000
0.093180 -1.321717 0.083645 0.000000
0.254640 0.029167 -0.022350 0.000000
0.202522 -1.043639 -0.100012 1.000000
0.348458 -0.112337 0.005790 0.000000
0.256087 -0.559629 0.025359 0.000000
0.258217 -0.546717 0.012864 0.000000
0.331877 0.373987 0.059982 0.000000
0.422393 -0.122681 -0.104393 0.000000
0.353667 0.429531 0.036884 0.000000
0.282029 -0.227768 0.029692 0.000000
0.225710 -0.985367 -0.053176 1.000000
0.348948 0.031411 0.065405 0.000000
0.300144 0.002414 0.041547 0.000000
-0.071741 -1.051543 -0.014907 0.000000
0.432280 -0.147638 -0.121552 0.000000
0.228632 -0.344951 0.014730 0.000000
0.081568 -0.281904 -0.216793 0.000000
0.404351 0.118866 0.006814 0.000000
0.178590 -1.283232 -0.302128 1.000000
0.478459 -0.046646 -0.016031 0.000000
0.340010 0.248396 0.014348 0.000000
0.028512 -0.803517 0.019599 0.000000
0.249198 -0.608981 0.024701 0.000000
0.431623 -0.147132 0.093183 0.000000
0.236879 0.186803 -0.004188 0.000000
0.230608 -0.337940 0.018886 0.000000
0.412013 0.077385 -0.013726 0.000000
0.357807 0.477641 0.046522 0.000000
0.122484 -0.609159 0.036348 0.000000
0.267619 -0.431597 0.018698 0.000000
0.227567 -0.010045 -0.040249 0.000000
0.524852 -0.122509 -0.050037 0.000000
0.385824 -0.006778 -0.040925 0.000000
0.239016 -0.698638 0.016358 0.000000
0.152368 -1.113439 0.022725 0.000000
0.358334 0.043169 -0.027963 0.000000
0.307903 -0.075194 0.039891 0.000000
0.453113 -0.021344 -0.018763 0.000000
0.397888 0.315727 0.031553 0.000000
0.316139 0.188214 0.001448 0.000000
0.392991 -0.084551 0.078167 0.000000
0.181438 -1.253954 -0.289714 1.000000
0.096101 -0.272691 -0.191917 0.000000
0.424429 0.250598 0.023484 0.000000
0.199433 -0.405077 0.033034 0.000000
0.390673 0.290024 0.022297 0.000000
0.262255 -0.386719 0.017037 0.000000
0.172882 -1.191679 0.026716 0.000000
0.514237 -0.116922 -0.045173 0.000000
0.353865 0.019559 0.072397 0.000000
0.311901 0.035468 0.042440 0.000000
0.025538 -0.132397 -0.127995 0.000000
0.258387 0.217564 0.024361 0.000000
0.139010 -0.544462 0.033824 0.000000
0.209747 -1.017579 0.027270 0.000000
0.166209 -1.173066 0.044490 0.000000
0.346159 0.393338 0.029124 0.000000
0.211162 -1.044723 0.028678 0.000000
0.169027 -1.197839 0.049582 0.000000
0.049298 -0.766455 0.017783 0.000000
0.258611 -0.451670 0.021423 0.000000
0.321302 0.191099 0.046398 0.000000
0.039091 -0.768819 0.026878 0.000000
0.192785 -1.115210 -0.165050 1.000000
0.457069 0.168826 0.006235 0.000000
0.351064 0.088897 -0.013193 0.000000
0.521010 -0.392500 0.115075 0.000000
0.204202 -1.063249 0.022701 0.000000
0.193133 -1.217120 -0.235418 1.000000
0.267895 -0.446556 0.010437 0.000000
0.303914 0.296950 0.046861 0.000000
0.512592 -0.388996 0.130214 0.000000
0.336188 -0.027988 0.009347 0.000000
0.209196 -0.080799 -0.056312 0.000000
0.032694 -0.295853 -0.244113 0.000000
0.540624 0.033195 -0.014678 0.000000
0.161037 -1.309148 0.038725 0.000000
0.325389 0.038737 0.004431 0.000000
0.357073 -0.111239 0.014064 0.000000
0.189756 -1.131012 -0.167795 1.000000
0.177364 -1.101259 0.031216 0.000000
0.144266 -1.226202 0.044895 0.000000
0.184824 -1.127983 0.027236 0.000000
0.246903 -0.613751 0.019321 0.000000
0.195684 -1.175064 -0.201763 1.000000
0.243893 -0.319835 0.015507 0.000000
0.582647 -0.454327 0.128811 0.000000
0.316077 0.319473 0.046389 0.000000
-0.014887 -0.898083 0.010518 0.000000
0.182017 0.104980 -0.019506 0.000000
0.300620 0.157162 -0.010401 0.000000
0.212338 0.148807 -0.026449 0.000000
0.154095 -1.149487 0.048043 0.000000
0.264142 -0.401217 0.024444 0.000000
0.144453 -1.205679 0.053487 0.000000
0.087501 -0.650088 0.028929 0.000000
0.432545 0.218996 0.085714 0.000000
0.170140 -1.188531 0.041630 0.000000
0.283563 -0.212314 0.027473 0.000000
0.325203 0.019275 0.000267 0.000000
0.264775 0.105777 -0.018263 0.000000
0.331199 0.222622 0.053549 0.000000
0.289899 -0.164675 0.026335 0.000000
0.263518 -0.465122 0.018378 0.000000
0.203619 -1.084922 0.028548 0.000000
0.661346 -0.105177 -0.065929 0.000000
0.343645 0.344530 0.025564 0.000000
0.334399 0.268686 0.017849 0.000000
0.341761 0.446337 0.058925 0.000000
-0.054414 -1.010432 -0.021512 0.000000
0.327619 0.179390 0.053537 0.000000
0.421746 0.239534 0.074139 0.000000
0.479038 0.129415 0.138240 0.000000
0.391127 0.353812 0.035627 0.000000
0.435914 -0.191606 0.092115 0.000000
0.395468 0.272973 0.018093 0.000000
0.143708 -1.156458 0.043661 0.000000
0.189428 -1.013155 0.033919 0.000000
0.122584 -0.560279 0.025700 0.000000
0.254952 -0.538594 0.007062 0.000000
0.224366 -0.823426 0.014339 0.000000
0.337961 0.070709 0.052003 0.000000
0.189631 -1.117379 0.039223 0.000000
0.076734 -0.664169 0.029203 0.000000
0.267777 -0.377603 0.021191 0.000000
0.402317 0.171080 0.003594 0.000000
0.400858 -0.048720 -0.071463 0.000000
0.230941 -0.680760 0.012548 0.000000
0.150469 -1.165707 0.040112 0.000000
0.244384 0.025559 -0.024037 0.000000
0.194120 -1.207028 -0.230761 1.000000
0.395015 0.283971 0.028397 0.000000
0.485352 -0.075243 -0.024696 0.000000
0.171376 -1.261105 0.036900 0.000000
0.449324 -0.190110 -0.140600 0.000000
0.341222 -0.091241 0.010996 0.000000
0.231731 -0.780790 0.013774 0.000000
0.146224 -1.196188 0.052035 0.000000
0.026643 -0.829416 0.011275 0.000000
0.167798 -1.219919 0.034259 0.000000
0.215051 -0.906099 0.014281 0.000000
0.491706 -0.264090 -0.157973 0.000000
0.182833 -1.095888 0.037018 0.000000
0.155010 -0.212101 -0.129671 0.000000
0.495108 0.111630 0.011107 0.000000
0.135164 -0.564656 0.037837 0.000000
0.133668 -1.159969 0.068504 0.000000
0.399062 0.306456 0.036467 0.000000
0.292730 0.272503 0.021172 0.000000
0.438740 -0.242710 0.100330 0.000000
0.441131 0.199265 0.012661 0.000000
0.181373 -1.182059 0.048241 0.000000
0.332464 0.092220 0.038770 0.000000
0.333834 0.079849 0.046017 0.000000
0.265754 0.087666 -0.012767 0.000000
0.223196 -0.940533 -0.026834 1.000000
0.102751 -0.268966 -0.185561 0.000000
0.193129 -1.210832 -0.223578 1.000000
0.317561 0.135649 0.043654 0.000000
0.264083 -0.465093 0.025673 0.000000
0.018371 -0.301275 -0.254189 0.000000
0.215043 -0.940981 0.019582 0.000000
0.651514 -0.103060 -0.056006 0.000000
0.134762 -1.154515 0.037149 0.000000
0.223009 -0.909440 -0.002229 1.000000
0.188263 -1.251048 0.055664 0.000000
0.251443 -0.467562 0.020170 0.000000
0.306180 -0.034484 0.041451 0.000000
0.006367 -0.825714 0.021695 0.000000
0.201706 -0.969698 -0.034788 1.000000
0.180242 -1.268867 0.015994 0.000000
0.362067 -0.006754 0.055937 0.000000
0.365986 0.337685 0.050711 0.000000
0.452281 -0.003118 -0.002968 0.000000
0.432434 -0.152496 0.088300 0.000000
0.500566 0.092820 0.002527 0.000000
0.265185 -0.382825 0.026348 0.000000
0.394096 0.178696 0.001736 0.000000
0.339184 -0.052080 0.017247 0.000000
0.648385 -0.099670 -0.068136 0.000000
0.189623 -1.258627 -0.279493 1.000000
0.594167 -0.027166 -0.042008 0.000000
0.709619 -0.139939 -0.072161 0.000000
0.154735 -0.195743 -0.113793 0.000000
0.202036 -0.403724 0.026375 0.000000
0.353801 0.457849 0.038112 0.000000
0.184137 -1.203183 0.022986 0.000000
0.022364 -0.840336 0.005665 0.000000
0.236602 -0.757588 0.022465 0.000000
0.224641 -0.873739 0.008603 0.000000
0.329355 -0.021307 -0.002573 0.000000
0.331289 0.118206 -0.003385 0.000000
0.509489 -0.362599 0.105010 0.000000
0.199097 -0.091103 -0.064392 0.000000
0.457785 0.184434 0.018760 0.000000
0.061829 -0.291223 -0.228012 0.000000
0.210800 -0.389863 0.030249 0.000000
0.082346 -0.656404 0.024485 0.000000
0.180843 -0.441591 0.024232 0.000000
0.334746 0.192123 0.003491 0.000000
0.114263 -0.261221 -0.174988 0.000000
0.197015 -1.137893 -0.180577 1.000000
0.387442 -0.013192 -0.049879 0.000000
0.597807 -0.460846 0.142601 0.000000
0.447788 -0.019562 -0.023590 0.000000
0.402864 0.154302 0.006116 0.000000
0.131841 -0.570105 0.030998 0.000000
0.280868 -0.281759 0.024826 0.000000
0.201472 -0.991716 -0.055464 1.000000
0.258699 -0.434459 0.024074 0.000000
0.138003 -1.227913 0.039464 0.000000
0.045511 -0.104574 -0.112707 0.000000
0.552786 0.018809 -0.019400 0.000000
0.178422 -1.294580 0.061899 0.000000
0.181348 -0.149022 -0.090159 0.000000
0.132485 0.031392 -0.045428 0.000000
0.361416 0.037184 -0.032155 0.000000
0.068784 -0.659898 0.024278 0.000000
0.164602 0.090218 -0.037427 0.000000
0.566475 -0.174583 -0.094341 0.000000
0.319060 0.149799 0.046673 0.000000
0.318521 0.124541 0.043997 0.000000
0.297532 -0.087873 0.042500 0.000000
0.201950 -1.047612 0.030045 0.000000
0.416612 -0.168584 0.087543 0.000000
0.216735 -1.048158 -0.114292 1.000000
0.238720 -0.748398 0.015322 0.000000
0.188403 -1.156866 0.040957 0.000000
0.473904 0.121344 0.145710 0.000000
0.230462 -0.811478 0.007757 0.000000
0.140762 -0.533712 0.032617 0.000000
0.337248 0.298715 0.056909 0.000000
0.566123 0.011743 -0.020199 0.000000
0.313842 0.175665 0.045492 0.000000
0.389878 -0.042446 0.083418 0.000000
0.346619 -0.100726 0.012810 0.000000
0.405659 -0.150245 0.085246 0.000000
0.637288 -0.491464 0.146562 0.000000
0.277845 -0.304454 0.025920 0.000000
0.405078 0.141543 0.003018 0.000000
0.011924 -0.830308 0.025790 0.000000
0.192766 -1.063256 0.022394 0.000000
0.158361 -1.132678 0.051400 0.000000
0.188620 -0.413396 0.023409 0.000000
0.571218 -0.445069 0.126589 0.000000
0.195072 -1.201866 -0.222588 1.000000
0.194758 -1.034938 0.023746 0.000000
0.347534 0.416400 0.038520 0.000000
0.393991 0.204054 0.008628 0.000000
0.237943 -0.682235 0.021732 0.000000
0.497095 -0.322111 0.100857 0.000000
0.255401 -0.294696 0.038834 0.000000
0.394318 -0.093914 0.075755 0.000000
0.506051 0.081211 -0.001712 0.000000
0.296512 0.147759 0.001265 0.000000
0.144802 -1.145332 0.043997 0.000000
0.290675 -0.102214 0.030193 0.000000
0.447257 0.203453 0.098701 0.000000
0.318849 0.322779 0.052347 0.000000
0.137485 -1.213321 0.042854 0.000000
0.168551 0.096236 -0.036936 0.000000
0.405389 0.128789 0.003073 0.000000
0.458221 -0.249866 0.099784 0.000000
0.201368 -1.057559 0.027420 0.000000
0.316695 0.169396 0.041028 0.000000
0.180652 -1.140255 0.025556 0.000000
0.173358 -1.165586 0.031530 0.000000
0.564453 -0.439880 0.138239 0.000000
0.556828 -0.175396 -0.086935 0.000000
0.415095 0.261657 0.082483 0.000000
0.205150 -1.087511 -0.137151 1.000000
0.220983 -0.846040 0.015291 0.000000
0.253784 -0.591838 0.022712 0.000000
0.416824 -0.114055 -0.100272 0.000000
0.320738 0.164601 0.049998 0.000000
0.259379 -0.425975 0.023566 0.000000
0.394971 0.179822 0.011984 0.000000
0.201382 -1.037746 -0.090922 1.000000
0.157090 -0.473226 0.019460 0.000000
0.175244 -1.282090 -0.308453 1.000000
0.072216 -0.690662 0.028947 0.000000
0.343116 0.175818 0.003323 0.000000
0.293497 -0.176242 0.023779 0.000000
0.154497 -0.499065 0.031804 0.000000
0.380334 -0.053888 0.057451 0.000000
0.235498 -0.731910 0.015356 0.000000
0.196690 -1.113468 0.031837 0.000000
0.195330 -0.416168 0.037127 0.000000
0.429007 0.230959 0.018952 0.000000
0.113580 -1.228092 0.035307 0.000000
0.354005 0.442186 0.038949 0.000000
0.149065 -1.155565 0.054230 0.000000
0.262972 -0.487667 0.024962 0.000000
0.195006 -1.118658 -0.170865 1.000000
0.450079 0.185373 0.019155 0.000000
0.667474 -0.117638 -0.070825 0.000000
0.472299 -0.220821 -0.150409 0.000000
0.267739 -0.299618 0.018540 0.000000
0.424256 0.058961 -0.004552 0.000000
0.205596 0.132653 -0.004898 0.000000
0.065052 -0.694169 0.027837 0.000000
0.399543 0.322408 0.029839 0.000000
0.325661 0.000563 0.001852 0.000000
0.190333 -1.115506 0.049529 0.000000
0.128300 -1.270098 0.037052 0.000000
0.416702 0.082947 -0.008134 0.000000
0.224480 -0.981670 -0.059245 1.000000
0.585867 -0.035599 -0.039021 0.000000
0.263735 -0.345952 0.025265 0.000000
0.246744 -0.624371 0.014892 0.000000
0.277971 -0.288789 0.016466 0.000000
0.205104 -1.019256 -0.078325 1.000000
0.329711 0.357529 0.048795 0.000000
0.063592 -0.701731 0.025915 0.000000
0.278904 -0.197414 0.030556 0.000000
0.326516 0.217593 0.049684 0.000000
0.190040 -1.056999 0.029087 0.000000
0.172830 -1.208774 0.039982 0.000000
0.313260 0.187343 0.011798 0.000000
-0.041757 -0.972923 -0.006678 0.000000
0.452772 -0.225417 0.096575 0.000000
0.260904 0.083381 -0.021142 0.000000
0.140942 0.036485 -0.038594 0.000000
0.219986 -0.918737 -0.007294 1.000000
0.309595 0.008786 0.041676 0.000000
0.189253 -1.040747 0.031993 0.000000
0.329554 0.358495 0.060547 0.000000
0.349781 0.405934 0.036181 0.000000
0.394403 0.327353 0.034296 0.000000
0.204680 -1.094576 -0.148621 1.000000
0.396405 0.335596 0.033423 0.000000
0.136984 -1.182405 0.048153 0.000000
0.283192 -0.200481 0.024818 0.000000
0.162980 -1.163524 0.048537 0.000000
0.604734 -0.041606 -0.048027 0.000000
0.334741 0.076139 -0.000043 0.000000
0.369736 -0.026011 0.065032 0.000000
0.342808 0.051567 0.048100 0.000000
0.138296 -0.512470 0.025194 0.000000
0.529838 -0.400645 0.113871 0.000000
0.298551 -0.110737 0.029274 0.000000
0.445988 -0.229204 0.095291 0.000000
0.172512 -1.288145 0.034951 0.000000
0.204817 -1.039344 0.034732 0.000000
0.235085 -0.757834 0.010641 0.000000
0.217161 0.153787 -0.003189 0.000000
0.192709 -0.430510 0.041322 0.000000
0.379996 -0.059723 0.064144 0.000000
0.235105 -0.686810 0.009998 0.000000
0.203665 -0.403312 0.039432 0.000000
0.353887 -0.093680 0.021426 0.000000
0.425573 -0.199976 0.092696 0.000000
0.132765 -0.508623 0.023051 0.000000
0.269389 -0.362463 0.025865 0.000000
0.206260 -1.026591 0.037740 0.000000
0.272081 -0.447885 0.015880 0.000000
0.130647 -0.584160 0.037472 0.000000
0.184201 -1.115091 0.035378 0.000000
0.404776 0.199576 -0.000275 0.000000
0.309314 -0.030375 0.036744 0.000000
0.542485 -0.420138 0.123039 0.000000
0.220744 -1.005716 -0.074694 1.000000
0.662322 -0.507334 0.163206 0.000000
0.088027 -1.354381 0.082778 0.000000
0.433220 0.223441 0.091177 0.000000
0.223701 -0.363640 0.033217 0.000000
0.270303 -0.283946 0.025961 0.000000
0.455695 -0.273102 0.108949 0.000000
0.313167 0.065747 0.041820 0.000000
0.137655 -1.190049 0.066130 0.000000
0.179928 -1.207594 0.038556 0.000000
0.250330 -0.595379 0.016610 0.000000
0.268216 -0.284264 0.013138 0.000000
0.285720 -0.176257 0.038477 0.000000
0.169308 -0.470052 0.033935 0.000000
0.328080 0.076441 0.059834 0.000000
0.180665 -1.110391 0.041583 0.000000
0.234884 -0.933154 -0.019519 1.000000
0.434807 -0.207679 0.093883 0.000000
0.396845 0.374204 0.036481 0.000000
0.456267 -0.190521 -0.141934 0.000000
-0.010983 -0.906455 -0.000950 0.000000
0.427314 0.046130 -0.013879 0.000000
0.347341 0.284903 0.017442 0.000000
0.289514 -0.221968 0.032783 0.000000
0.270736 -0.421216 0.017353 0.000000
0.151595 -1.163986 0.047532 0.000000
0.423498 0.057981 -0.012453 0.000000
0.357819 -0.001973 0.064224 0.000000
0.394749 0.232287 0.011608 0.000000
0.197311 -1.053313 -0.106981 1.000000
0.264135 0.229693 0.004930 0.000000
0.364754 -0.128280 0.004555 0.000000
0.233502 0.180191 0.001769 0.000000
0.283702 0.250955 0.029073 0.000000
0.383080 0.463852 0.043384 0.000000
0.387533 0.499637 0.049417 0.000000
0.188319 -1.277314 -0.303091 1.000000
0.392828 -0.073749 0.086409 0.000000
0.521056 -0.391979 0.132546 0.000000
0.232738 -0.764352 0.021688 0.000000
0.388907 0.212284 0.008721 0.000000
0.198528 -1.022892 0.021532 0.000000
0.155398 -1.154188 0.040716 0.000000
0.305766 -0.002708 0.038996 0.000000
0.236442 0.190252 0.007885 0.000000
0.325780 0.101794 0.045391 0.000000
0.219674 -0.856102 0.011924 0.000000
0.186907 -0.441650 0.042674 0.000000
0.290552 -0.205898 0.037894 0.000000
0.039084 -0.292979 -0.239818 0.000000
0.185214 -1.042766 0.018020 0.000000
0.311394 0.116587 0.051275 0.000000
0.113417 -0.592421 0.032334 0.000000
0.580428 -0.193046 -0.112107 0.000000
0.264957 -0.380518 0.015595 0.000000
0.211631 -1.036729 -0.084258 1.000000
0.171532 -1.058508 0.028120 0.000000
0.375825 0.012440 -0.038847 0.000000
0.756594 -0.163600 -0.093882 0.000000
0.163253 -1.356724 -0.373550 1.000000
0.159113 -0.475229 0.026674 0.000000
0.250660 -0.568263 0.021019 0.000000
0.205363 -1.073216 -0.133555 1.000000
0.100259 -0.005632 -0.062683 0.000000
0.391430 0.310489 0.025671 0.000000
0.334984 0.350473 0.055177 0.000000
0.177999 -1.335808 0.063767 0.000000
0.400631 -0.126185 0.081701 0.000000
0.498981 0.084535 -0.009125 0.000000
0.071235 -0.682241 0.026502 0.000000
0.182763 -1.281819 -0.308563 1.000000
0.239934 -0.719961 0.011310 0.000000
0.183786 -0.439210 0.035920 0.000000
0.228121 -0.963743 -0.044390 1.000000
0.183858 -1.188118 0.050947 0.000000
-0.022686 -0.907188 0.010330 0.000000
0.492734 0.104322 0.004739 0.000000
0.010798 -0.849248 0.013232 0.000000
0.182760 -1.124850 0.044764 0.000000
0.172289 -1.220160 0.053435 0.000000
0.212708 0.152975 -0.017445 0.000000
0.230102 -0.972587 -0.052945 1.000000
0.437887 0.020874 -0.012225 0.000000
0.205948 -1.059104 0.034914 0.000000
0.243387 0.012067 -0.025522 0.000000
0.206235 -0.927302 -0.010712 1.000000
0.216563 -0.042316 -0.045914 0.000000
0.469694 0.134632 0.135026 0.000000
0.229286 -0.772856 0.013239 0.000000
0.514055 -0.375337 0.111363 0.000000
0.232038 -0.836815 0.016013 0.000000
0.464433 0.150437 0.123244 0.000000
0.151743 0.069839 -0.037996 0.000000
0.203853 -1.075908 0.038982 0.000000
0.191432 0.121415 -0.021595 0.000000
0.335966 0.317164 0.023899 0.000000
0.174514 -1.236005 0.055837 0.000000
-0.099712 -1.112061 -0.030848 0.000000
0.275723 -0.281733 0.030188 0.000000
0.238221 -0.669099 0.008720 0.000000
0.358074 -0.104431 0.012593 0.000000
0.157990 -0.207172 -0.125955 0.000000
0.433056 0.036710 -0.010051 0.000000
0.318873 0.080915 0.050632 0.000000
0.242565 0.045138 -0.030009 0.000000
0.370158 0.438664 0.030372 0.000000
0.433857 0.219006 0.020153 0.000000
0.249669 -0.518114 0.016321 0.000000
0.478788 0.145831 0.015937 0.000000
0.206771 -1.114758 -0.167930 1.000000
0.171549 -0.449839 0.025501 0.000000
0.197166 -1.088614 0.017281 0.000000
0.580078 -0.449025 0.144514 0.000000
0.200591 -0.391660 0.022576 0.000000
0.202810 -0.977143 -0.042190 1.000000
0.209461 -1.029471 -0.087323 1.000000
0.192384 -1.004644 0.032362 0.000000
-0.024781 -0.925585 0.005067 0.000000
0.256019 -0.474768 0.015744 0.000000
0.233719 -0.945953 -0.022074 1.000000
0.173928 -1.275502 0.059980 0.000000
0.242877 -0.652939 0.012296 0.000000
0.363891 -0.121857 0.010941 0.000000
0.092216 -0.016145 -0.067605 0.000000
0.318482 0.104810 0.042324 0.000000
0.339553 0.394403 0.061462 0.000000
0.335274 0.288762 0.052159 0.000000
0.185906 -0.427228 0.031239 0.000000
0.323994 0.225014 0.050287 0.000000
0.191149 -1.082190 0.031679 0.000000
0.493308 0.084666 0.173301 0.000000
0.170694 -1.258324 0.056863 0.000000
0.318019 0.168460 0.054982 0.000000
0.219475 -0.935086 0.014731 0.000000
0.243681 -0.697198 0.010211 0.000000
0.279217 -0.253183 0.031025 0.000000
0.404801 0.291334 0.033242 0.000000
0.177043 -0.156701 -0.087501 0.000000
0.338046 0.145237 0.005269 0.000000
0.318874 0.196068 0.052576 0.000000
0.316675 0.060453 0.048916 0.000000
0.263556 -0.498499 0.007626 0.000000
0.406001 0.300341 0.029232 0.000000
0.281910 0.121128 -0.005140 0.000000
0.341048 -0.082021 0.013868 0.000000
0.145585 -0.523964 0.033076 0.000000
0.344431 0.094045 0.001359 0.000000
0.028142 -0.297796 -0.239115 0.000000
0.095938 -0.633755 0.029054 0.000000
0.201785 -1.074671 0.031576 0.000000
0.325185 0.205311 0.050987 0.000000
0.334490 0.109836 -0.007438 0.000000
0.244532 -0.319266 0.032169 0.000000
0.205275 -1.056248 -0.106901 1.000000
0.219679 -0.966832 -0.043026 1.000000
0.276460 0.103126 -0.001048 0.000000
0.177842 -1.242942 -0.275044 1.000000
0.179283 -1.257686 -0.277982 1.000000
0.424388 0.243712 0.019065 0.000000
0.569973 -0.443719 0.139112 0.000000
0.223280 -0.880359 0.008081 0.000000
0.122302 -1.256171 0.059646 0.000000
0.461197 -0.259322 0.101194 0.000000
-0.083223 -1.077989 -0.025314 0.000000
0.402780 0.209477 0.002997 0.000000
0.424075 0.238100 0.023533 0.000000
0.194925 -1.106395 0.022519 0.000000
0.501849 -0.343706 0.101932 0.000000
0.338849 0.241883 0.016884 0.000000
0.252701 -0.509861 0.021853 0.000000
0.257548 -0.582764 0.014699 0.000000
0.162813 -0.479202 0.032314 0.000000
0.312217 0.017657 0.049617 0.000000
0.532468 0.048460 -0.008476 0.000000
0.112765 -0.566146 0.026678 0.000000
0.458771 -0.203442 -0.146446 0.000000
0.236483 -0.938141 -0.015241 1.000000
0.345244 0.383534 0.032353 0.000000
0.202646 -1.127772 -0.165603 1.000000
0.424603 -0.183969 0.088798 0.000000
0.495869 0.070508 0.178104 0.000000
0.307251 -0.061060 0.043471 0.000000
0.491853 -0.333557 0.108243 0.000000
0.227070 -0.760438 0.010791 0.000000
0.327300 -0.007797 -0.000040 0.000000
0.586879 -0.455169 0.134296 0.000000
0.031866 -0.755558 0.028669 0.000000
0.488957 -0.346685 0.122296 0.000000
0.100666 -0.648782 0.028681 0.000000
0.478902 -0.063119 -0.027863 0.000000
0.383530 0.311960 0.057032 0.000000
0.348614 0.425426 0.035163 0.000000
0.270823 -0.258436 0.021919 0.000000
0.041870 -0.100637 -0.104513 0.000000
0.345164 0.042908 0.060209 0.000000
0.266090 -0.469119 0.013612 0.000000
0.191350 -1.103701 0.032267 0.000000
0.232973 -0.952049 -0.036152 1.000000
0.471720 -0.303978 0.113280 0.000000
0.419663 -0.153032 0.089414 0.000000
0.212499 -1.006880 -0.067999 1.000000
0.364953 -0.013731 0.068534 0.000000
0.399675 -0.115410 0.079165 0.000000
0.212317 -0.891655 0.009688 0.000000
0.178158 0.102703 -0.027248 0.000000
0.285388 -0.238081 0.019848 0.000000
0.336043 0.250087 0.020184 0.000000
0.271819 0.232723 0.021146 0.000000
0.133021 -1.159397 0.031089 0.000000
0.125931 -1.196959 0.030265 0.000000
0.178124 -1.090402 0.037515 0.000000
0.183878 -1.259187 -0.284898 1.000000
0.145540 -0.502024 0.022358 0.000000
0.601851 -0.048513 -0.046438 0.000000
0.497505 -0.363323 0.125964 0.000000
0.636750 -0.083689 -0.061399 0.000000
0.211588 -1.080349 -0.140503 1.000000
0.239032 -0.691935 0.014031 0.000000
0.147803 -1.156985 0.029965 0.000000
0.283715 0.249712 0.036318 0.000000
0.316404 0.089579 0.046450 0.000000
0.450903 -0.236558 0.098683 0.000000
0.297092 -0.147762 0.026382 0.000000
0.416857 0.077211 -0.004280 0.000000
0.260253 -0.301568 0.031310 0.000000
0.190998 -1.122785 0.027217 0.000000
0.229612 -0.863417 0.014820 0.000000
0.256393 -0.499339 0.019400 0.000000
0.360350 0.053573 -0.021872 0.000000
0.327519 0.341107 0.051626 0.000000
-0.063392 -1.024659 -0.019355 0.000000
0.199951 -1.193356 -0.225013 1.000000
0.410752 0.114594 -0.012885 0.000000
0.135022 -0.523830 0.026138 0.000000
0.669593 -0.116394 -0.061328 0.000000
0.305768 0.156489 -0.004231 0.000000
0.342316 0.305328 0.023344 0.000000
0.144416 -0.557036 0.039639 0.000000
0.231086 -0.789341 0.017557 0.000000
0.235824 -0.705990 0.013704 0.000000
0.330180 -0.024885 0.004103 0.000000
0.232875 -0.916478 -0.006134 1.000000
0.137089 -0.560470 0.032517 0.000000
0.282650 -0.252078 0.022964 0.000000
0.273514 -0.406074 0.016017 0.000000
0.127243 -1.251681 0.059182 0.000000
0.423508 -0.126530 -0.110560 0.000000
0.112776 -0.599125 0.032675 0.000000
0.403890 -0.091096 -0.090352 0.000000
0.321316 0.157417 0.048862 0.000000
0.338332 0.430183 0.062057 0.000000
0.296720 -0.113319 0.039419 0.000000
0.207050 -1.015677 0.020156 0.000000
0.206766 -1.030846 0.027928 0.000000
0.196930 -1.186234 -0.229326 1.000000
0.212553 -1.023211 -0.084380 1.000000
0.195515 -0.984967 -0.050901 1.000000
0.528305 0.038438 -0.014501 0.000000
0.117010 -1.250332 0.058895 0.000000
0.007498 -0.881128 0.005163 0.000000
0.712584 -0.148839 -0.080699 0.000000
0.441945 -0.183623 0.093193 0.000000
0.400558 0.222775 0.006109 0.000000
0.293754 0.158339 -0.003066 0.000000
0.188862 -1.146487 0.034314 0.000000
0.048113 -0.092453 -0.100807 0.000000
0.197757 -1.086763 0.036393 0.000000
0.307715 0.032554 0.035509 0.000000
0.211215 -0.966616 0.021849 0.000000
0.611664 -0.046351 -0.050050 0.000000
0.349343 0.031352 0.055368 0.000000
0.269284 -0.386383 0.013604 0.000000
0.200035 -1.138609 -0.168183 1.000000
0.167069 -1.092470 0.029050 0.000000
0.418436 0.256856 0.026834 0.000000
0.215304 -0.373931 0.037889 0.000000
0.402988 -0.076638 -0.082823 0.000000
0.151371 -1.293952 0.053331 0.000000
0.396531 -0.052621 -0.074673 0.000000
0.355390 0.383451 0.029586 0.000000
0.268247 -0.318632 0.018765 0.000000
0.536983 -0.412860 0.114697 0.000000
0.395083 0.159627 0.005846 0.000000
0.229787 -0.984152 -0.064548 1.000000
0.253669 -0.568363 0.015083 0.000000
0.644244 -0.487769 0.156467 0.000000
0.407788 0.281961 0.032769 0.000000
0.403317 0.155272 -0.000423 0.000000
0.045214 -0.755850 0.024472 0.000000
0.209640 -1.011314 -0.078821 1.000000
0.260223 0.077073 -0.019242 0.000000
0.252598 0.208739 0.008469 0.000000
0.627668 -0.483911 0.150534 0.000000
0.205532 -0.394615 0.037535 0.000000
-0.110119 -1.123194 -0.036655 0.000000
0.328781 0.217799 0.009769 0.000000
0.376745 -0.050382 0.074887 0.000000
0.390315 0.266218 0.017304 0.000000
0.142474 -1.161236 0.038310 0.000000
0.603281 -0.058318 -0.045165 0.000000
0.213216 -0.972484 0.024774 0.000000
0.166522 -1.317552 -0.339874 1.000000
0.487554 -0.249958 -0.152211 0.000000
0.342403 0.314673 0.021398 0.000000
0.371321 -0.034348 0.060870 0.000000
0.275408 -0.317962 0.019030 0.000000
0.461713 -0.271796 0.111344 0.000000
0.247831 -0.539669 0.023245 0.000000
0.445891 -0.007567 -0.018523 0.000000
0.025987 -0.126235 -0.118641 0.000000
0.266526 -0.496591 0.017580 0.000000
0.214959 -0.835096 0.012722 0.000000
0.437201 -0.159387 -0.126902 0.000000
0.342296 0.246340 0.008515 0.000000
0.067896 -0.063142 -0.088728 0.000000
0.331589 -0.000010 -0.004818 0.000000
0.559419 0.000485 -0.026609 0.000000
0.387554 0.318161 0.055219 0.000000
0.332384 -0.041750 0.010634 0.000000
0.140559 -1.152525 0.048013 0.000000
0.581449 -0.018346 -0.036781 0.000000
0.385822 0.305525 0.065572 0.000000
0.265002 -0.355992 0.019907 0.000000
0.577367 -0.195109 -0.120579 0.000000
0.388396 -0.085052 0.083195 0.000000
0.272473 -0.378629 0.016690 0.000000
0.119609 -1.247335 0.069094 0.000000
0.438256 -0.221637 0.097294 0.000000
0.247037 -0.664053 0.010565 0.000000
0.113168 -0.592840 0.025610 0.000000
0.426565 0.239372 0.029995 0.000000
0.487339 -0.337396 0.112531 0.000000
0.214495 -0.873447 0.013850 0.000000
0.234176 -0.026279 -0.036299 0.000000
0.335860 0.225507 0.012485 0.000000
0.221174 -0.870323 0.013636 0.000000
0.212959 -1.032101 -0.096360 1.000000
0.129913 -0.536936 0.025151 0.000000
0.188253 -1.211957 0.019781 0.000000
0.238435 -0.708961 0.008431 0.000000
0.407228 -0.118787 0.090753 0.000000
0.064360 -0.075648 -0.094286 0.000000
0.326645 0.238122 0.054107 0.000000
0.299824 -0.041272 0.044776 0.000000
0.286988 0.130308 0.002199 0.000000
0.179364 -1.170602 0.045228 0.000000
0.254986 -0.610099 0.016006 0.000000
0.345683 0.362056 0.027251 0.000000
0.020831 -0.820023 0.015847 0.000000
0.032101 -0.823500 0.010993 0.000000
0.200107 -1.084230 0.021550 0.000000
0.339190 0.065503 0.042987 0.000000
0.563063 -0.181379 -0.099055 0.000000
0.213871 -0.034887 -0.046409 0.000000
0.614686 -0.471785 0.145131 0.000000
0.033090 -0.771330 0.025249 0.000000
0.171216 -1.195211 0.042289 0.000000
0.156539 -1.103778 0.021646 0.000000
0.270483 -0.342755 0.019844 0.000000
0.301835 -0.052712 0.040607 0.000000
0.362334 0.351703 0.045321 0.000000
0.214972 -0.937812 -0.018944 1.000000
0.340925 0.328129 0.023892 0.000000
0.465833 0.140460 0.131396 0.000000
0.274214 0.095724 -0.006504 0.000000
0.102123 -0.598235 0.027952 0.000000
0.332648 0.293999 0.048974 0.000000
0.208366 -0.913595 -0.000896 1.000000
0.590646 -0.462714 0.144279 0.000000
0.194274 -1.262298 -0.276731 1.000000
0.219692 -0.824034 0.009764 0.000000
0.338798 0.255467 0.012847 0.000000
0.182571 -1.207371 0.032061 0.000000
0.231154 -0.013426 -0.035697 0.000000
0.170287 -1.204293 0.048681 0.000000
0.082561 -0.639476 0.028302 0.000000
0.200981 -1.123267 -0.181323 1.000000
0.173102 -1.224145 0.033187 0.000000
0.403176 0.181870 -0.001051 0.000000
0.497263 -0.272751 -0.149283 0.000000
0.058438 -0.735533 0.022761 0.000000
0.199991 -1.004253 0.022412 0.000000
-0.022021 -0.934599 -0.003811 0.000000
0.165445 -0.191384 -0.114694 0.000000
0.197549 -1.221751 -0.234147 1.000000
0.217588 -1.010139 -0.081057 1.000000
0.198106 -1.101020 0.036596 0.000000
0.234427 -0.745492 0.011180 0.000000
0.086709 -0.672675 0.033097 0.000000
0.218900 -0.961565 0.024569 0.000000
0.120657 -0.586922 0.032815 0.000000
0.136113 -1.223817 0.048081 0.000000
0.690079 -0.131127 -0.070624 0.000000
0.447854 -0.208632 0.100138 0.000000
0.214774 -0.949581 -0.025814 1.000000
0.226794 -0.035572 -0.042633 0.000000
0.148161 -1.205174 0.043091 0.000000
0.223115 -0.945683 0.023396 0.000000
0.316545 0.112229 0.046441 0.000000
0.332347 0.339442 0.062235 0.000000
0.135452 0.045169 -0.042702 0.000000
0.312360 0.029238 0.045281 0.000000
0.697888 -0.135288 -0.072201 0.000000
0.205068 -1.035627 -0.095963 1.000000
0.194397 -1.092757 0.045018 0.000000
0.059885 -0.743297 0.023156 0.000000
0.155479 -1.183701 0.044222 0.000000
0.391781 -0.016463 -0.053560 0.000000
0.462310 -0.241274 0.095420 0.000000
0.218606 -0.373604 0.032020 0.000000
0.339821 0.096864 -0.014681 0.000000
0.303800 -0.099485 0.042709 0.000000
0.034412 -0.793504 0.014799 0.000000
0.251280 -0.602091 0.013325 0.000000
0.204253 -0.391886 0.030673 0.000000
-0.090769 -1.093593 -0.023442 0.000000
0.387613 0.445537 0.046937 0.000000
0.176352 -1.153286 0.045609 0.000000
0.193117 -1.050097 0.019572 0.000000
0.389416 -0.061274 0.085052 0.000000
0.217676 -0.375459 0.025506 0.000000
0.531303 -0.408564 0.124783 0.000000
0.306820 -0.082359 0.038983 0.000000
0.428465 -0.136021 -0.116581 0.000000
0.352503 0.435707 0.038445 0.000000
0.323378 0.256080 0.055637 0.000000
0.154687 -0.522333 0.034676 0.000000
0.334838 -0.068590 0.004898 0.000000
0.339301 0.132803 -0.000915 0.000000
0.116980 -1.280965 0.058347 0.000000
0.395451 0.388929 0.037140 0.000000
0.140536 -1.190634 0.054385 0.000000
0.451652 -0.249838 0.101902 0.000000
0.501190 0.075241 0.181104 0.000000
0.262504 -0.516770 0.011338 0.000000
0.173477 -1.176067 0.040770 0.000000
0.159591 -1.366809 -0.368961 1.000000
0.198268 -1.032665 0.029208 0.000000
-0.042377 -0.985390 -0.016701 0.000000
0.302322 -0.067525 0.036330 0.000000
0.046540 -0.735963 0.027342 0.000000
0.166737 -1.341504 -0.357000 1.000000
0.263178 -0.503630 0.014993 0.000000
0.195272 -1.111988 0.039728 0.000000
0.041197 -0.772227 0.021450 0.000000
0.289199 -0.192425 0.021668 0.000000
0.335270 0.343826 0.051672 0.000000
0.400107 0.242215 0.013548 0.000000
0.469690 0.143452 0.011428 0.000000
0.226309 -0.858039 0.013484 0.000000
0.332933 0.222003 0.005548 0.000000
0.390633 -0.069751 0.081857 0.000000
0.061675 -0.064341 -0.092795 0.000000
0.224898 -0.800265 0.010168 0.000000
0.227610 -0.817402 0.015556 0.000000
0.203083 -1.119097 -0.160320 1.000000
0.241290 -0.314576 0.011776 0.000000
0.330716 0.281328 0.053004 0.000000
0.174366 -1.329950 -0.341513 1.000000
0.440037 -0.196809 0.093956 0.000000
0.413026 -0.134311 0.090331 0.000000
0.195391 -1.167254 -0.205901 1.000000
0.303666 -0.098769 0.033926 0.000000
0.651182 -0.099383 -0.061823 0.000000
0.389238 0.299149 0.028631 0.000000
0.595082 -0.461894 0.136865 0.000000
0.198405 -0.402451 0.018444 0.000000
0.291796 -0.159161 0.037809 0.000000
0.644506 -0.094040 -0.063073 0.000000
0.504909 -0.105125 -0.038118 0.000000
0.382978 -0.071577 0.066553 0.000000
0.290543 -0.200944 0.031892 0.000000
0.165161 -1.230485 0.049889 0.000000
0.647011 -0.496267 0.151707 0.000000
0.215102 -0.906299 0.000685 1.000000
0.248058 -0.565323 0.015840 0.000000
0.148535 -0.499469 0.028933 0.000000
0.190648 -1.252474 -0.281873 1.000000
0.193341 -0.084806 -0.063124 0.000000
0.537820 0.044913 -0.008481 0.000000
0.243597 -0.704241 0.019666 0.000000
0.234996 -0.338256 0.038504 0.000000
0.123878 -0.567267 0.031493 0.000000
0.305609 0.296255 0.040712 0.000000
0.191802 -1.115756 0.023369 0.000000
0.084223 -0.044368 -0.077459 0.000000
0.268402 -0.434970 0.027470 0.000000
0.108181 -0.578938 0.027721 0.000000
0.201829 -1.099742 0.029874 0.000000
0.327476 -0.010719 0.012989 0.000000
0.656331 -0.496713 0.159357 0.000000
-0.049402 -0.990230 -0.010180 0.000000
0.338603 0.285182 0.017370 0.000000
0.348025 0.334294 0.028733 0.000000
0.552421 -0.431539 0.138156 0.000000
0.186054 -0.427252 0.018947 0.000000
0.238504 -0.670773 0.015034 0.000000
0.195479 -1.009556 0.013126 0.000000
0.513935 -0.381501 0.119032 0.000000
0.212141 -0.370462 0.024866 0.000000
0.405125 -0.134630 0.085377 0.000000
0.170390 -1.253264 0.037801 0.000000
-0.025309 -0.919828 0.008694 0.000000
0.266544 -0.490939 0.020574 0.000000
0.142267 -0.224225 -0.138043 0.000000
0.129811 0.040284 -0.044093 0.000000
0.391482 0.252064 0.016665 0.000000
0.337746 0.180201 0.008884 0.000000
0.247997 -0.619614 0.021615 0.000000
0.413537 -0.156632 0.082828 0.000000
0.037417 -0.780098 0.016589 0.000000
0.311991 -0.010421 0.032395 0.000000
0.276855 0.110407 -0.008501 0.000000
-0.004608 -0.900432 0.000429 0.000000
0.191771 -1.202122 -0.236567 1.000000
0.188303 -0.434175 0.028667 0.000000
0.097927 -0.624999 0.029217 0.000000
0.259942 0.224210 0.018610 0.000000
0.299283 -0.031818 0.044528 0.000000
0.394581 0.400859 0.039336 0.000000
0.158765 -1.234322 0.044789 0.000000
0.057688 -0.082018 -0.100068 0.000000
0.335068 0.168012 0.004775 0.000000
0.386939 0.421180 0.042512 0.000000
0.199053 -1.201979 -0.236365 1.000000
0.261302 -0.288794 0.016837 0.000000
0.680924 -0.511845 0.164248 0.000000
0.336183 0.428057 0.053617 0.000000
0.242406 -0.643204 0.024513 0.000000
0.192453 -1.200762 0.051740 0.000000
0.496466 -0.339398 0.107443 0.000000
0.030780 -0.112485 -0.116345 0.000000
0.111858 -0.261084 -0.180994 0.000000
0.429889 -0.179485 0.095926 0.000000
0.325138 0.158504 0.057564 0.000000
-0.069268 -1.034911 -0.014160 0.000000
0.270196 -0.273769 0.028917 0.000000
0.225613 -0.778981 0.009795 0.000000
0.008125 -0.838836 0.019239 0.000000
0.221262 -0.832444 0.017317 0.000000
0.224616 -0.354005 0.030071 0.000000
0.255827 -0.443065 0.021816 0.000000
0.171213 -1.194420 0.056224 0.000000
0.211554 -1.012684 0.023658 0.000000
0.134220 -0.555193 0.030471 0.000000
0.262647 -0.491376 0.014186 0.000000
0.298114 0.163234 -0.009658 0.000000
-0.028482 -0.950612 -0.004544 0.000000
0.274209 -0.222816 0.026620 0.000000
0.408754 -0.152308 0.080114 0.000000
0.571828 -0.192567 -0.103608 0.000000
0.423820 -0.142979 0.093331 0.000000
0.344253 0.337616 0.022423 0.000000
0.408345 0.289261 0.022740 0.000000
0.406431 0.136117 -0.004684 0.000000
0.186096 -1.208531 0.059938 0.000000
0.465000 -0.291006 0.109859 0.000000
0.218866 -0.890699 0.014433 0.000000
0.353999 0.024773 0.075979 0.000000
0.312078 0.300455 0.030688 0.000000
0.439493 0.212042 0.092465 0.000000
0.214206 0.162563 -0.004661 0.000000
0.198198 -1.016574 0.014137 0.000000
0.502606 0.099015 0.010472 0.000000
0.100319 -0.271931 -0.200007 0.000000
0.387907 0.203462 0.010243 0.000000
0.612599 -0.058531 -0.051277 0.000000
0.078872 -0.691069 0.028937 0.000000
0.496632 0.066064 0.187353 0.000000
0.634194 -0.484938 0.149128 0.000000
0.399818 -0.099343 0.081022 0.000000
0.242459 -0.647972 0.005984 0.000000
0.354225 -0.122465 0.002510 0.000000
0.076255 -0.704566 0.029298 0.000000
0.195039 -0.966537 -0.030982 1.000000
0.326725 0.286482 0.052509 0.000000
0.265518 -0.437326 0.015820 0.000000
0.223088 0.166159 -0.001264 0.000000
0.380619 0.000835 -0.036826 0.000000
0.578602 -0.205819 -0.121986 0.000000
0.329725 0.308419 0.052775 0.000000
0.554027 -0.431962 0.125408 0.000000
0.160667 -0.487903 0.029120 0.000000
0.241268 -0.325145 0.031986 0.000000
0.174892 -1.202325 0.038565 0.000000
0.299673 -0.090057 0.035368 0.000000
0.345215 0.079383 -0.015747 0.000000
0.256430 -0.421345 0.018985 0.000000
0.407308 0.097772 -0.006785 0.000000
0.352127 0.463868 0.037291 0.000000
0.345963 0.437224 0.056375 0.000000
0.183509 -1.169752 0.031332 0.000000
0.156296 -0.513864 0.035094 0.000000
0.334562 0.104402 -0.010693 0.000000
0.203844 -1.059639 -0.118270 1.000000
0.137771 -1.218364 0.057392 0.000000
0.295414 0.149059 -0.010715 0.000000
0.186983 -1.124792 0.038920 0.000000
0.374685 0.023665 -0.029053 0.000000
0.294138 0.275060 0.033689 0.000000
0.197931 -1.092713 -0.140181 1.000000
0.273488 -0.284819 0.018383 0.000000
0.322501 0.133354 0.040512 0.000000
0.325495 0.050413 0.001758 0.000000
0.465467 -0.267140 0.102084 0.000000
0.124696 -0.250582 -0.167548 0.000000
0.290418 -0.137831 0.040910 0.000000
0.418683 -0.185265 0.090929 0.000000
0.207277 -0.387251 0.017828 0.000000
0.130788 -0.544613 0.029017 0.000000
0.200215 -1.102189 0.023109 0.000000
0.298324 -0.149168 0.039991 0.000000
0.351614 0.390454 0.035377 0.000000
0.343848 0.412121 0.056362 0.000000
0.332733 -0.006681 -0.002972 0.000000
0.235022 0.176732 0.008948 0.000000
0.136924 -0.239278 -0.153422 0.000000
0.544909 -0.141681 -0.067335 0.000000
0.432279 0.229003 0.088266 0.000000
0.054936 -0.711026 0.030058 0.000000
0.186134 -1.241978 -0.271484 1.000000
0.331644 0.070774 0.058865 0.000000
0.490029 -0.084764 -0.029749 0.000000
0.015166 -0.830608 0.015397 0.000000
-0.060699 -1.015481 -0.009847 0.000000
0.084059 -0.664346 0.029109 0.000000
0.199332 -1.132581 -0.176688 1.000000
0.335384 -0.079745 0.004810 0.000000
0.233959 -0.962586 -0.041390 1.000000
0.112114 -0.603779 0.026397 0.000000
0.208694 -0.977313 0.022753 0.000000
0.178203 -1.040575 0.039028 0.000000
0.256759 -0.522295 0.021074 0.000000
0.254234 -0.586690 0.009825 0.000000
0.275425 -0.293899 0.020509 0.000000
0.204237 -0.986340 0.024879 0.000000
0.389914 0.332233 0.030933 0.000000
0.329042 0.067975 -0.002215 0.000000
0.225826 -0.922131 -0.010205 1.000000
0.177588 -1.129886 0.041999 0.000000
0.396277 0.380387 0.037112 0.000000
0.230367 -0.749418 0.020340 0.000000
0.182855 -1.287135 -0.304475 1.000000
0.195095 -1.141156 -0.190221 1.000000
0.331266 0.320298 0.053940 0.000000
0.418155 0.077132 -0.016238 0.000000
0.126790 -1.252675 0.066593 0.000000
0.494570 -0.261244 -0.152411 0.000000
0.271324 -0.248855 0.028663 0.000000
0.415655 0.084408 0.003818 0.000000
0.151168 -1.130239 0.046542 0.000000
0.250356 -0.576503 0.009289 0.000000
0.203453 -1.033615 0.015146 0.000000
0.374695 -0.003059 -0.045715 0.000000
0.075452 -0.281900 -0.215636 0.000000
0.461985 0.157861 0.012493 0.000000
0.226739 -0.959746 -0.039681 1.000000
0.191043 -1.113584 0.034451 0.000000
0.270289 -0.391661 0.021484 0.000000
0.252689 -0.547452 0.019495 0.000000
0.344925 0.399843 0.053921 0.000000
0.267385 -0.280334 0.030102 0.000000
0.223331 -0.969330 -0.047400 1.000000
0.053727 -0.072473 -0.096375 0.000000
0.179195 -1.225544 0.057949 0.000000
0.128982 -1.194499 0.066839 0.000000
-0.016932 -0.906980 0.007985 0.000000
0.288744 -0.179063 0.033762 0.000000
0.663606 -0.117890 -0.062072 0.000000
0.084416 -0.687270 0.028708 0.000000
0.305913 -0.040287 0.044017 0.000000
0.432173 0.045351 -0.000920 0.000000
0.168477 -1.219628 0.040429 0.000000
0.003596 -0.877286 0.002096 0.000000
0.311901 0.007479 0.047641 0.000000
0.179595 -1.092885 0.032014 0.000000
0.411555 0.150035 -0.004535 0.000000
0.407366 0.131741 0.008713 0.000000
0.508971 -0.366630 0.110757 0.000000
0.451598 -0.188099 -0.135183 0.000000
0.268652 -0.443077 0.022565 0.000000
0.167090 0.079121 -0.028634 0.000000
0.497029 0.081352 -0.004166 0.000000
0.222189 -0.361621 0.039670 0.000000
0.191285 -1.040390 0.026140 0.000000
0.181110 -1.319048 0.062364 0.000000
0.076694 -0.045705 -0.082605 0.000000
0.203163 -1.072015 0.023536 0.000000
0.012664 -0.299030 -0.252580 0.000000
0.614639 -0.476778 0.140246 0.000000
0.151112 -0.482012 0.022945 0.000000
0.558446 -0.430879 0.139591 0.000000
0.335587 0.375094 0.050327 0.000000
0.496416 -0.347907 0.112877 0.000000
0.208487 -0.074178 -0.056899 0.000000
0.276369 -0.312833 0.025689 0.000000
0.017390 -0.844344 0.011336 0.000000
0.318114 0.099762 0.049733 0.000000
0.328555 0.015540 -0.004173 0.000000
0.348330 0.397033 0.033746 0.000000
0.350802 0.077306 -0.013018 0.000000
0.194414 -1.040982 0.038179 0.000000
0.323375 0.024357 -0.004365 0.000000
0.503163 0.068789 0.177247 0.000000
0.498902 -0.093293 -0.034726 0.000000
0.415019 -0.090544 -0.090398 0.000000
0.188267 -1.131103 0.044566 0.000000
0.049682 -0.741762 0.025442 0.000000
0.284097 -0.274470 0.024638 0.000000
0.172104 -1.212584 0.032714 0.000000
0.170395 -1.231208 0.029903 0.000000
0.342834 0.048600 0.059123 0.000000
0.080079 -0.653119 0.030588 0.000000
0.323942 0.183330 0.049963 0.000000
0.304962 -0.029464 0.045169 0.000000
0.197016 -0.410722 0.033738 0.000000
0.317954 0.158163 0.055247 0.000000
0.572838 -0.014443 -0.029164 0.000000
0.206231 -0.086785 -0.060073 0.000000
0.185382 -1.173310 0.048277 0.000000
0.172964 -1.241444 0.035263 0.000000
0.497741 -0.105003 -0.032966 0.000000
0.177871 -1.253894 -0.284675 1.000000
0.172931 -1.303675 0.025206 0.000000
0.393712 0.395069 0.035582 0.000000
0.488894 -0.325000 0.107431 0.000000
0.430175 -0.212752 0.095078 0.000000
0.725253 -0.151261 -0.081581 0.000000
-0.061454 -1.023151 -0.027992 0.000000
0.151510 0.081313 -0.046472 0.000000
0.172471 -1.292390 0.023253 0.000000
0.187385 -1.190535 -0.231225 1.000000
0.338863 0.266938 0.013975 0.000000
0.220170 -0.027069 -0.042409 0.000000
0.028398 -0.119918 -0.114061 0.000000
0.177212 -1.194457 0.048132 0.000000
0.207903 -0.368503 0.012682 0.000000
0.155320 -1.176269 0.042936 0.000000
0.237627 -0.643911 0.013282 0.000000
-0.078021 -1.058232 -0.031046 0.000000
0.428648 -0.154466 0.097144 0.000000
0.029111 -0.814932 0.015273 0.000000
0.200162 -1.048928 -0.102090 1.000000
0.337144 0.058905 0.061240 0.000000
-0.041658 -0.963376 0.000384 0.000000
0.169546 -0.451969 0.020092 0.000000
-0.067158 -1.032880 -0.019774 0.000000
0.462344 -0.276415 0.103347 0.000000
0.309576 0.184718 -0.002537 0.000000
0.108827 -1.301342 0.035151 0.000000
0.203002 -1.132714 -0.169387 1.000000
0.549045 -0.428846 0.128805 0.000000
0.392530 0.217275 0.012230 0.000000
0.378521 -0.003882 -0.040402 0.000000
0.387908 0.221986 0.012352 0.000000
0.329162 0.233512 0.046482 0.000000
0.208956 -1.039943 -0.098641 1.000000
0.410551 -0.114097 0.087615 0.000000
-0.093904 -1.096701 -0.029317 0.000000
0.286915 -0.190117 0.030712 0.000000
0.200094 -1.145239 -0.190342 1.000000
0.320199 0.219162 0.053289 0.000000
0.191311 -1.185964 -0.221831 1.000000
0.297579 -0.115398 0.033144 0.000000
0.276173 -0.247153 0.021101 0.000000
0.395024 -0.047197 -0.069157 0.000000
0.409515 0.102152 0.003625 0.000000
0.373891 0.336978 0.043678 0.000000
0.534266 -0.141124 -0.063294 0.000000
0.188609 -1.095693 0.034306 0.000000
0.197360 -1.009139 -0.064412 1.000000
0.416246 -0.095247 -0.096069 0.000000
0.410082 -0.082140 -0.082759 0.000000
0.338133 0.362253 0.056014 0.000000
0.154725 -1.223259 0.046160 0.000000
0.357626 0.007716 0.058020 0.000000
0.395328 0.366022 0.039600 0.000000
0.351942 0.011653 0.054675 0.000000
0.212319 -0.983777 -0.054353 1.000000
0.273357 -0.396628 0.023677 0.000000
0.167093 -1.179031 0.045531 0.000000
0.402478 -0.068209 -0.076493 0.000000
0.402911 -0.079407 0.088886 0.000000
0.476536 0.132986 0.010949 0.000000
0.174745 -1.267748 0.058555 0.000000
0.184153 -1.263430 0.058365 0.000000
0.198480 -1.035773 -0.084866 1.000000
0.216153 -0.948736 0.021655 0.000000
0.382957 0.482355 0.044969 0.000000
0.173464 -1.214834 0.041696 0.000000
-0.075682 -1.052945 -0.024087 0.000000
0.173509 -0.455703 0.031212 0.000000
0.228424 -0.001854 -0.035763 0.000000
0.406444 0.150211 -0.008566 0.000000
0.229726 0.172233 -0.000097 0.000000
0.332406 0.387904 0.060268 0.000000
0.308742 -0.008917 0.045177 0.000000
0.137505 -0.555157 0.044090 0.000000
0.371430 -0.024276 0.073978 0.000000
0.333770 0.333005 0.054708 0.000000
0.220885 -0.911196 0.015434 0.000000
0.322889 0.200621 0.003273 0.000000
0.323322 0.170118 0.050356 0.000000
0.469081 -0.229901 -0.150336 0.000000
0.082965 -1.356619 0.086663 0.000000
0.149933 -0.205558 -0.118192 0.000000
0.576578 -0.197645 -0.113859 0.000000
0.237775 -0.948039 -0.030756 1.000000
0.466219 -0.306230 0.114750 0.000000
0.121889 -1.241785 0.032243 0.000000
0.396423 0.355529 0.038109 0.000000
0.116930 -1.247434 0.075060 0.000000
0.074701 -0.033773 -0.077716 0.000000
0.226720 -0.891608 0.009772 0.000000
0.228828 -0.348774 0.033267 0.000000
0.445924 -0.241120 0.100462 0.000000
0.120170 -1.245951 0.039036 0.000000
0.260829 -0.282085 0.021161 0.000000
0.176175 -0.167972 -0.098982 0.000000
0.183105 -1.210146 0.022483 0.000000
0.400845 0.160143 0.007746 0.000000
0.527185 0.044611 -0.013155 0.000000
0.248235 -0.555994 0.024158 0.000000
0.162569 -1.086208 0.039174 0.000000
0.271172 -0.278510 0.019015 0.000000
0.218412 -0.977274 -0.050396 1.000000
0.060166 -0.070836 -0.095427 0.000000
0.193898 -1.193411 -0.230814 1.000000
0.669100 -0.120994 -0.065275 0.000000
0.232503 -0.709151 0.017698 0.000000
0.114907 -0.572300 0.027448 0.000000
0.319848 0.175147 0.044700 0.000000
0.311625 0.108851 0.045282 0.000000
-0.030882 -0.935981 0.006093 0.000000
0.180813 -1.227365 0.024819 0.000000
0.204494 -1.094928 -0.142501 1.000000
-0.083638 -1.065642 -0.021589 0.000000
0.258384 -0.391142 0.018565 0.000000
0.335162 0.346306 0.061850 0.000000
0.183764 -1.160785 0.038339 0.000000
0.256899 0.216702 0.016892 0.000000
0.488345 0.100283 0.161057 0.000000
0.311091 0.003806 0.033970 0.000000
0.346390 -0.082635 0.020655 0.000000
0.481536 -0.310503 0.112906 0.000000
0.204270 -0.947738 -0.021202 1.000000
0.260583 -0.512123 0.021845 0.000000
0.173892 -1.053093 0.022572 0.000000
0.159547 -1.219176 0.054270 0.000000
0.131718 -0.244577 -0.159423 0.000000
0.411704 0.116757 -0.001790 0.000000
0.441955 -0.180428 -0.135460 0.000000
0.158911 -0.200787 -0.119051 0.000000
-0.019908 -0.917669 0.004708 0.000000
0.204240 -1.032838 -0.087774 1.000000
0.415471 -0.143441 0.086624 0.000000
0.350907 0.026284 0.062850 0.000000
0.177608 -0.430945 0.021462 0.000000
0.364332 -0.011326 0.063014 0.000000
0.246759 -0.663783 0.023618 0.000000
0.186064 -1.008595 0.025179 0.000000
-0.037241 -0.958702 -0.002563 0.000000
0.302271 -0.044713 0.035318 0.000000
0.459473 -0.237771 0.102398 0.000000
0.267236 -0.371344 0.021978 0.000000
0.185449 -1.130308 0.019459 0.000000
0.339172 0.138068 0.004687 0.000000
0.320373 0.065273 0.044316 0.000000
0.482679 -0.241844 -0.152647 0.000000
0.210291 -0.378859 0.018184 0.000000
0.351012 0.427931 0.043767 0.000000
0.359894 0.464927 0.043301 0.000000
0.249692 0.047397 -0.022644 0.000000
0.625835 -0.483070 0.143232 0.000000
0.460951 -0.039178 -0.021309 0.000000
0.346047 0.488142 0.056829 0.000000
0.213720 -1.039245 -0.106439 1.000000
0.238914 -0.707837 0.022152 0.000000
0.324558 0.008318 0.007988 0.000000
0.283609 -0.206460 0.025502 0.000000
0.192791 -0.412913 0.028346 0.000000
0.260354 -0.470198 0.019118 0.000000
0.463088 0.149156 0.006036 0.000000
0.280961 -0.191904 0.029246 0.000000
0.270981 -0.309721 0.024095 0.000000
0.385990 0.298820 0.057460 0.000000
0.264498 -0.417316 0.023692 0.000000
0.191061 -1.184572 -0.227877 1.000000
0.174745 -0.135815 -0.079846 0.000000
0.220489 0.162773 -0.014882 0.000000
0.342793 0.427626 0.053847 0.000000
0.468817 -0.049110 -0.019465 0.000000
0.204421 -1.152359 -0.193882 1.000000
0.162979 -1.213621 0.047319 0.000000
0.254150 -0.301760 0.029700 0.000000
0.100097 -0.643003 0.027117 0.000000
0.182872 -1.187148 0.044751 0.000000
0.446229 0.215355 0.094905 0.000000
0.353242 -0.101962 0.017541 0.000000
0.387980 -0.085563 0.069774 0.000000
0.244417 -0.656444 0.021276 0.000000
0.170258 -1.150863 0.045754 0.000000
0.437510 0.226709 0.094339 0.000000
0.307647 0.002820 0.042418 0.000000
0.195974 -1.205931 -0.242602 1.000000
0.237432 -0.731324 0.009631 0.000000
0.012879 -0.827555 0.020039 0.000000
0.200230 -1.081017 -0.131145 1.000000
0.321665 0.195359 0.006976 0.000000
0.290766 0.270221 0.034818 0.000000
0.212351 0.147728 -0.004741 0.000000
0.215913 -0.864269 0.017204 0.000000
0.266462 -0.481142 0.011633 0.000000
0.414756 -0.175002 0.089502 0.000000
0.331294 0.058754 -0.007892 0.000000
0.206742 0.139093 -0.008833 0.000000
0.341804 0.364321 0.023276 0.000000
-0.061743 -1.009994 -0.014585 0.000000
0.287220 0.268965 0.039548 0.000000
0.353190 0.073508 -0.007406 0.000000
0.251953 -0.537744 0.016154 0.000000
0.274449 -0.328736 0.017695 0.000000
0.327363 0.210928 0.050214 0.000000
0.204206 -1.057175 0.021096 0.000000
0.272466 -0.303755 0.023373 0.000000
0.232843 -0.911136 -0.002975 1.000000
0.041431 -0.778720 0.024715 0.000000
0.299493 0.152957 0.007447 0.000000
0.220484 -0.861389 0.008610 0.000000
0.190608 -1.005400 -0.068129 1.000000
0.376378 0.003287 -0.045861 0.000000
0.250572 -0.624080 0.010295 0.000000
0.327635 0.058769 0.001756 0.000000
0.269648 -0.363843 0.017795 0.000000
0.171362 -1.356663 -0.371727 1.000000
0.415394 -0.105834 -0.095480 0.000000
0.228486 -0.828724 0.015417 0.000000
0.185621 -0.433210 0.033973 0.000000
0.481001 -0.226519 -0.149143 0.000000
0.216105 -0.902185 0.018681 0.000000
0.086597 -0.643732 0.029474 0.000000
0.339750 0.406630 0.050630 0.000000
0.220847 -0.918794 0.012509 0.000000
0.301492 -0.023574 0.036854 0.000000
0.317075 0.199659 0.006057 0.000000
0.319861 0.251642 0.053718 0.000000
0.307098 0.302374 0.049981 0.000000
0.408289 0.124212 -0.006632 0.000000
0.083262 -0.036301 -0.075158 0.000000
0.324344 0.118750 0.046037 0.000000
0.221555 -0.954906 -0.036710 1.000000
0.567221 0.001000 -0.027660 0.000000
0.310947 0.072093 0.043406 0.000000
0.393765 -0.042854 -0.064637 0.000000
0.091657 -0.665345 0.032789 0.000000
0.475366 0.125459 0.141448 0.000000
0.298993 -0.108587 0.042975 0.000000
0.257972 -0.462977 0.014288 0.000000
0.254278 -0.616161 0.012903 0.000000
0.186442 0.117711 -0.028495 0.000000
0.067132 -0.283548 -0.221173 0.000000
0.193874 -0.100261 -0.066388 0.000000
0.277958 -0.273093 0.029676 0.000000
0.020823 -0.299046 -0.249237 0.000000
0.364414 -0.011823 0.052086 0.000000
0.291276 -0.146888 0.025427 0.000000
0.209618 -1.042921 -0.110456 1.000000
0.324120 0.039050 -0.006432 0.000000
0.224623 -0.884768 0.015350 0.000000
0.163828 -1.186678 0.040890 0.000000
0.183562 -1.323516 -0.342275 1.000000
0.358876 0.458763 0.044524 0.000000
0.437289 0.205230 0.091024 0.000000
0.210975 -0.981256 0.018495 0.000000
0.287475 -0.172439 0.025735 0.000000
0.414665 0.258196 0.069644 0.000000
0.173333 -1.316245 -0.337456 1.000000
0.231222 -0.894617 0.007312 0.000000
0.138987 0.032710 -0.043615 0.000000
0.364699 0.058780 -0.010976 0.000000
0.178920 -1.179595 0.037382 0.000000
0.160928 -0.494262 0.033230 0.000000
0.232876 -0.753516 0.014796 0.000000
0.474271 -0.286872 0.103190 0.000000
0.188226 -1.113124 0.044041 0.000000
0.312874 0.313075 0.047852 0.000000
0.425876 -0.177278 0.089521 0.000000
0.214673 -0.051302 -0.048458 0.000000
0.206344 -1.074486 -0.139271 1.000000
0.164776 -1.101266 0.039438 0.000000
0.554235 -0.162222 -0.080632 0.000000
0.267195 -0.452412 0.023442 0.000000
0.533312 -0.135578 -0.061409 0.000000
0.011174 -0.304457 -0.250701 0.000000
0.417456 0.089049 -0.012393 0.000000
0.233244 -0.726557 0.013822 0.000000
-0.003969 -0.888578 0.000428 0.000000
0.518403 -0.388226 0.119465 0.000000
0.494569 -0.099848 -0.038653 0.000000
0.306229 0.036637 0.045398 0.000000
0.222041 -0.848855 0.007811 0.000000
0.466159 -0.272087 0.107002 0.000000
0.325346 0.199361 0.051022 0.000000
0.550828 0.007330 -0.023385 0.000000
0.204492 -1.040184 0.017016 0.000000
0.383530 0.459279 0.047125 0.000000
0.572514 -0.186683 -0.103564 0.000000
0.249644 -0.586207 0.017045 0.000000
0.196170 -1.126503 -0.179034 1.000000
-0.090215 -1.080997 -0.035714 0.000000
0.420578 0.261335 0.080277 0.000000
0.381926 -0.076082 0.070242 0.000000
0.242183 -0.658722 0.016293 0.000000
0.267936 0.230998 0.009762 0.000000
0.659467 -0.110083 -0.069037 0.000000
-0.008359 -0.895990 0.005867 0.000000
0.102288 -0.024984 -0.067169 0.000000
0.394273 0.174265 0.010096 0.000000
0.338399 0.173646 0.008502 0.000000
0.309572 0.017964 0.042490 0.000000
0.181587 -1.290970 -0.316708 1.000000
-0.004008 -0.876170 0.012117 0.000000
0.190470 -1.126095 0.020368 0.000000
0.146465 -1.166903 0.047407 0.000000
0.205984 -0.381606 0.021142 0.000000
0.333531 0.351527 0.064083 0.000000
0.335637 0.084210 -0.003634 0.000000
0.348130 0.340516 0.027896 0.000000
0.433042 0.211735 0.087341 0.000000
0.313513 0.184607 0.006000 0.000000
0.205587 -1.006450 0.030413 0.000000
0.083724 -0.023021 -0.072272 0.000000
0.287980 -0.214480 0.031294 0.000000
0.107922 -0.600828 0.029793 0.000000
0.592325 -0.020716 -0.040777 0.000000
0.334990 0.443966 0.059449 0.000000
0.202326 -1.004894 0.016000 0.000000
0.474067 -0.060483 -0.022563 0.000000
0.418890 0.067961 -0.006434 0.000000
0.179555 -1.306025 0.064299 0.000000
0.169150 -0.479108 0.040790 0.000000
0.142125 -1.159747 0.061414 0.000000
0.207155 -0.986540 0.017765 0.000000
0.563039 -0.441052 0.127593 0.000000
0.225479 -0.950691 -0.030454 1.000000
0.389750 -0.009603 -0.045788 0.000000
0.160382 -1.103216 0.034451 0.000000
0.634306 -0.476829 0.153857 0.000000
0.233918 -0.738233 0.012712 0.000000
0.340117 0.346501 0.058709 0.000000
0.322776 0.089607 0.059602 0.000000
0.332350 0.384308 0.055307 0.000000
0.139653 -1.204196 0.040067 0.000000
0.396663 0.364448 0.032905 0.000000
0.393997 0.168890 0.006396 0.000000
0.248980 -0.577705 0.018533 0.000000
0.072711 -0.643736 0.028306 0.000000
0.167009 -1.224619 0.037679 0.000000
0.334569 0.410132 0.065284 0.000000
0.139446 -1.162693 0.066387 0.000000
0.324415 0.030957 0.005876 0.000000
0.172568 -1.057714 0.035108 0.000000
0.329483 0.371582 0.052156 0.000000
0.335578 -0.035294 0.012851 0.000000
0.174115 -1.170410 0.042173 0.000000
0.316094 0.148229 0.039977 0.000000
0.192342 -1.150735 0.020502 0.000000
0.303665 0.009791 0.039775 0.000000
0.686615 -0.524560 0.162003 0.000000
0.000241 -0.850293 0.018467 0.000000
0.390152 0.305044 0.053214 0.000000
0.420612 -0.164340 0.088097 0.000000
0.184771 -0.159182 -0.097898 0.000000
0.333627 0.215612 0.001542 0.000000
0.074974 -0.689239 0.023980 0.000000
0.329668 -0.068212 0.002175 0.000000
0.209047 -1.037671 0.024729 0.000000
0.249565 0.037218 -0.020560 0.000000
0.349105 0.031202 0.071254 0.000000
-0.086693 -1.082261 -0.022972 0.000000
0.261157 -0.518750 0.019541 0.000000
0.212467 -0.926501 -0.011307 1.000000
0.484073 -0.307456 0.103137 0.000000
0.410271 -0.161383 0.085029 0.000000
0.161182 -0.468507 0.023606 0.000000
0.188146 -1.116887 0.030331 0.000000
0.195367 -1.105422 0.041129 0.000000
0.168710 -1.311591 0.037411 0.000000
0.189337 -1.070808 0.027918 0.000000
0.307724 -0.017208 0.039567 0.000000
0.380803 -0.012680 -0.052775 0.000000
-0.045486 -0.980165 -0.014965 0.000000
0.048773 -0.702694 0.029587 0.000000
0.148793 -0.490802 0.020812 0.000000
0.189925 -1.175085 -0.203132 1.000000
0.313414 0.046899 0.043920 0.000000
0.416988 0.094386 0.004128 0.000000
0.450811 -0.217495 0.100642 0.000000
-0.003286 -0.856431 0.023496 0.000000
0.196853 -1.074492 0.038105 0.000000
0.209044 -0.982188 -0.049791 1.000000
0.296970 -0.055599 0.039174 0.000000
0.639321 -0.486984 0.152457 0.000000
0.233870 -0.781385 0.008378 0.000000
0.214115 -1.002525 -0.072262 1.000000
0.109488 -1.250463 0.036457 0.000000
0.339102 0.309965 0.018856 0.000000
0.304426 0.156641 0.005526 0.000000
0.201874 -1.030146 0.024349 0.000000
0.272052 0.099796 -0.010318 0.000000
0.179465 -1.053027 0.040670 0.000000
0.303468 -0.075092 0.044567 0.000000
0.337059 0.321780 0.052164 0.000000
0.262336 -0.481153 0.021785 0.000000
0.065221 -0.721441 0.025383 0.000000
0.282084 -0.262146 0.020850 0.000000
0.352477 0.411472 0.039415 0.000000
0.468961 -0.057593 -0.025187 0.000000
0.291702 -0.120611 0.035547 0.000000
0.317359 0.040261 0.037190 0.000000
0.520793 -0.393788 0.120788 0.000000
0.239480 -0.919417 -0.003418 1.000000
0.215034 -0.373573 0.017828 0.000000
0.198830 -1.202467 -0.228144 1.000000
-0.068160 -1.030644 -0.026363 0.000000
0.209136 -1.031235 0.034317 0.000000
0.183840 -1.251638 0.061335 0.000000
0.173480 -1.219853 0.037476 0.000000
0.220891 -0.938097 -0.020421 1.000000
0.199360 -1.083465 0.046289 0.000000
0.225543 -0.791638 0.009047 0.000000
0.186543 -1.013854 0.016741 0.000000
0.222940 -0.874154 0.017628 0.000000
0.088637 -0.621919 0.025184 0.000000
0.222335 -0.350878 0.017631 0.000000
0.185725 -0.143288 -0.088020 0.000000
0.098916 -0.664373 0.028933 0.000000
0.003155 -0.874133 0.007638 0.000000
0.030820 -0.120406 -0.121942 0.000000
0.105967 -0.588794 0.026629 0.000000
0.324624 0.152807 0.050087 0.000000
0.349802 0.463568 0.064536 0.000000
0.196431 -1.212367 -0.240683 1.000000
0.185174 -1.146833 0.038797 0.000000
0.673069 -0.513126 0.161868 0.000000
0.256337 -0.556765 0.012909 0.000000
0.236498 -0.764276 0.016105 0.000000
0.245420 0.036984 -0.025949 0.000000
0.243317 -0.318782 0.008344 0.000000
0.029593 -0.831154 0.005786 0.000000
0.172332 -1.321451 -0.340295 1.000000
0.104687 -1.295976 0.039617 0.000000
0.188843 -1.197974 -0.231504 1.000000
0.247520 -0.631574 0.024623 0.000000
0.197203 -1.148239 -0.199556 1.000000
0.621831 -0.071930 -0.054154 0.000000
0.344218 0.300894 0.019219 0.000000
0.107170 0.004258 -0.058912 0.000000
0.272799 -0.314783 0.029915 0.000000
0.151527 -1.134733 0.050791 0.000000
0.168403 -1.327407 -0.336717 1.000000
0.302449 -0.059262 0.040052 0.000000
0.093312 -0.598927 0.027618 0.000000
0.163158 -0.205360 -0.128783 0.000000
0.226340 -0.826188 0.008682 0.000000
0.335594 0.377021 0.056593 0.000000
0.414261 0.259877 0.077046 0.000000
0.422537 0.085974 0.007279 0.000000
0.308808 -0.053023 0.038134 0.000000
0.343473 0.091939 -0.009939 0.000000
0.128380 -0.554754 0.030214 0.000000
0.451333 0.182162 0.104192 0.000000
0.198426 -1.124161 -0.169392 1.000000
0.665963 -0.503015 0.158323 0.000000
0.124037 -1.190959 0.033660 0.000000
0.194933 -1.102885 0.027619 0.000000
0.158782 -1.094305 0.035533 0.000000
0.316051 0.124467 0.051448 0.000000
0.294404 -0.081382 0.032930 0.000000
0.501040 -0.360599 0.122307 0.000000
0.305795 -0.007133 0.034131 0.000000
0.145913 -1.178553 0.043077 0.000000
0.301895 0.161803 0.001778 0.000000
0.461649 -0.244782 0.100959 0.000000
0.260106 -0.447467 0.017767 0.000000
0.373325 -0.040881 0.070824 0.000000
0.256913 -0.541260 0.014852 0.000000
0.175162 -1.278501 0.055214 0.000000
0.235171 -0.333650 0.025857 0.000000
0.253993 0.047288 -0.016643 0.000000
0.357045 0.415406 0.036103 0.000000
0.448049 0.196751 0.100155 0.000000
0.118831 -0.254580 -0.174202 0.000000
0.042907 -0.760124 0.020177 0.000000
0.561235 0.011353 -0.017175 0.000000
0.285226 -0.202703 0.030542 0.000000
0.313176 0.093460 0.043196 0.000000
0.188099 -0.423762 0.025730 0.000000
0.148675 -0.528109 0.036141 0.000000
0.178445 -1.247651 -0.278485 1.000000
0.172329 -1.175984 0.054439 0.000000
0.359062 0.356785 0.044178 0.000000
-0.080183 -1.065526 -0.031966 0.000000
0.275986 -0.326262 0.024272 0.000000
0.303474 0.293448 0.035307 0.000000
0.198733 -1.143253 -0.195973 1.000000
0.162457 -1.198859 0.052126 0.000000
0.201763 -1.048296 0.021194 0.000000
0.259636 -0.508681 0.011191 0.000000
0.397512 -0.057375 -0.071230 0.000000
0.226867 0.171948 0.008736 0.000000
0.192168 -1.012784 0.021069 0.000000
0.313729 0.127667 0.044572 0.000000
0.202423 -1.036680 0.029551 0.000000
0.349199 0.475494 0.062142 0.000000
0.401603 0.138300 0.007289 0.000000
0.285804 0.130275 -0.003878 0.000000
0.291008 -0.144249 0.037746 0.000000
0.771841 -0.174514 -0.101541 0.000000
0.298969 -0.107305 0.037085 0.000000
0.519193 -0.116636 -0.040754 0.000000
0.514686 0.046509 0.211718 0.000000
0.481636 -0.296933 0.099535 0.000000
-0.040113 -0.967642 -0.005152 0.000000
0.329935 0.264764 0.052373 0.000000
0.260932 0.216628 0.006605 0.000000
0.428936 0.231252 0.084146 0.000000
0.040807 -0.783222 0.020002 0.000000
0.147887 -1.225057 0.049191 0.000000
0.486072 -0.080110 -0.027699 0.000000
0.664114 -0.111920 -0.061017 0.000000
0.182008 -1.250430 -0.273437 1.000000
0.267780 -0.423688 0.027152 0.000000
0.081160 -0.710262 0.026314 0.000000
0.227428 -0.835040 0.007152 0.000000
0.204817 -0.375752 0.012442 0.000000
0.114061 -0.617752 0.034236 0.000000
