0.080556 -0.643811 0.028174 0.000000
0.383475 0.505266 0.049374 0.000000
0.157319 -1.380841 -0.393540 1.000000
0.779971 -0.176566 -0.105338 0.000000
0.080250 -0.025904 -0.073866 0.000000
-0.109778 -1.124255 -0.034180 0.000000
0.500215 0.066415 0.191269 0.000000
0.691646 -0.528767 0.167688 0.000000
0.275986 -0.326262 0.024272 0.000000
0.230940 -0.972645 -0.052603 1.000000
0.177999 -1.335808 0.063767 0.000000
0.009365 -0.302828 -0.256211 0.000000
0.257246 0.217667 0.018504 0.000000
0.395507 -0.057013 -0.073976 0.000000
0.195254 -1.187753 -0.215886 1.000000
-0.009148 -0.887553 0.011002 0.000000
0.503002 -0.277455 -0.154726 0.000000
0.508451 -0.365628 0.110664 0.000000
0.612894 -0.044914 -0.052581 0.000000
0.159191 -0.213357 -0.136588 0.000000
0.459977 0.160549 0.000500 0.000000
0.262398 -0.538963 0.010947 0.000000
0.423272 -0.175641 0.094895 0.000000
0.154333 -1.131797 0.053209 0.000000
0.234734 -0.779218 0.019402 0.000000
0.246145 0.038402 -0.025127 0.000000
0.394308 0.329147 0.032868 0.000000
0.372290 -0.021093 0.081248 0.000000
0.288710 -0.140676 0.027514 0.000000
0.011200 -0.151088 -0.131754 0.000000
0.175619 -0.424045 0.017905 0.000000
0.558793 -0.169624 -0.085195 0.000000
0.197037 -0.100007 -0.067695 0.000000
0.194404 -1.079688 -0.130989 1.000000
0.186306 -1.286670 -0.304202 1.000000
0.536999 0.052769 -0.004776 0.000000
0.055248 -0.772785 0.015924 0.000000
0.321573 0.103946 0.060366 0.000000
-0.054853 -1.006124 -0.019540 0.000000
0.435041 -0.169901 -0.127528 0.000000
0.590871 -0.460156 0.132130 0.000000
0.240236 -0.658116 0.020545 0.000000
0.437848 0.225569 0.100229 0.000000
0.134345 -0.536575 0.030257 0.000000
0.111126 -1.240362 0.034973 0.000000
0.365565 0.044885 -0.028998 0.000000
0.496591 -0.087399 -0.028778 0.000000
0.208023 -1.033766 0.040107 0.000000
0.686096 -0.128512 -0.069784 0.000000
0.214128 -0.887749 0.016374 0.000000
0.144960 0.067205 -0.045753 0.000000
0.093961 -0.270755 -0.198927 0.000000
0.334569 0.410132 0.065284 0.000000
0.079260 -1.363434 0.086313 0.000000
0.457216 -0.274097 0.107208 0.000000
0.450123 -0.001842 -0.005222 0.000000
0.204915 0.136283 -0.007797 0.000000
0.394453 0.232915 0.011928 0.000000
0.272502 -0.439454 0.015034 0.000000
0.471930 0.139134 0.131693 0.000000
0.328499 -0.055593 0.000065 0.000000
0.303914 0.296950 0.046861 0.000000
0.376082 -0.138359 -0.005219 0.000000
0.276036 -0.233292 0.023160 0.000000
0.190359 -1.205748 0.020223 0.000000
0.305300 0.020105 0.040504 0.000000
0.291942 0.143651 -0.011716 0.000000
0.393173 -0.101673 0.069456 0.000000
0.327001 0.186901 0.052969 0.000000
0.421811 0.090629 0.007046 0.000000
0.047013 -0.088677 -0.104004 0.000000
0.225861 -0.034222 -0.041289 0.000000
0.218900 -0.961565 0.024569 0.000000
0.218707 -0.368983 0.040412 0.000000
0.191544 -1.024955 -0.083720 1.000000
0.184856 -1.264781 0.059345 0.000000
0.201994 -1.140168 -0.164256 1.000000
0.175079 -0.160102 -0.095211 0.000000
0.048283 -0.704321 0.030209 0.000000
0.118162 -1.328901 0.032476 0.000000
0.530669 0.022969 0.233089 0.000000
0.397118 0.398081 0.043240 0.000000
0.564248 -0.004193 -0.028044 0.000000
0.493920 0.102730 0.006709 0.000000
0.176490 -1.331372 -0.352906 1.000000
0.393892 0.165016 0.007261 0.000000
0.423121 -0.108536 -0.105156 0.000000
0.017657 -0.827113 0.019987 0.000000
0.197334 -1.096758 0.017130 0.000000
0.137158 -1.192504 0.072827 0.000000
0.473739 -0.218405 -0.150140 0.000000
-0.081539 -1.064526 -0.034602 0.000000
-0.030226 -0.947455 -0.004690 0.000000
0.539989 -0.419526 0.128899 0.000000
0.339263 0.099797 -0.004137 0.000000
0.402871 0.278840 0.072751 0.000000
0.644244 -0.487769 0.156467 0.000000
0.334297 0.251066 0.013422 0.000000
0.166294 -0.483160 0.037623 0.000000
0.341804 0.364321 0.023276 0.000000
0.251591 -0.597799 0.026002 0.000000
0.580669 -0.207976 -0.127547 0.000000
0.229013 -0.718780 0.013238 0.000000
0.118248 -0.595126 0.031454 0.000000
0.191158 -1.238524 -0.267570 1.000000
0.122409 0.010341 -0.050467 0.000000
0.302336 -0.084449 0.045252 0.000000
0.271144 0.088201 -0.005234 0.000000
0.387635 -0.007462 -0.044071 0.000000
0.327991 0.003448 -0.010134 0.000000
0.353801 0.457849 0.038112 0.000000
0.643371 -0.091737 -0.065046 0.000000
0.525254 -0.128967 -0.054059 0.000000
0.269082 -0.383206 0.014874 0.000000
0.220298 -0.832749 0.009003 0.000000
0.733858 -0.153258 -0.083894 0.000000
0.238355 -0.928433 -0.015224 1.000000
0.439982 0.207684 0.030073 0.000000
0.349105 0.031202 0.071254 0.000000
0.339803 0.170128 0.002375 0.000000
0.192636 -1.151619 0.018843 0.000000
0.231036 0.183800 -0.014443 0.000000
0.126163 -0.249015 -0.162005 0.000000
0.053689 -0.288753 -0.229725 0.000000
0.452236 -0.222027 0.095947 0.000000
0.348337 -0.101718 0.021941 0.000000
0.120016 -1.284296 0.063904 0.000000
0.299283 -0.031818 0.044528 0.000000
0.345060 0.309003 0.018015 0.000000
0.173103 -1.298397 0.022009 0.000000
0.491054 -0.318429 0.099589 0.000000
0.428025 0.043833 -0.013048 0.000000
0.254383 -0.488353 0.012419 0.000000
0.463673 -0.047657 -0.023654 0.000000
0.328012 0.052093 0.007089 0.000000
0.411364 0.281831 0.023320 0.000000
0.166017 -1.061494 0.034368 0.000000
0.454133 0.178868 0.107246 0.000000
0.488549 0.103135 0.160603 0.000000
0.290650 -0.189381 0.037974 0.000000
0.270364 -0.279469 0.035994 0.000000
0.283492 0.254994 0.035286 0.000000
0.178193 0.098996 -0.021645 0.000000
0.094353 -1.318285 0.084637 0.000000
0.328561 0.233777 0.058646 0.000000
0.332347 0.339442 0.062235 0.000000
0.155746 -1.228698 0.049498 0.000000
0.118103 -1.194580 0.030491 0.000000
0.187450 -1.178378 0.057596 0.000000
0.196997 -0.947571 -0.019623 1.000000
0.090302 -0.687687 0.030659 0.000000
0.232855 -0.332523 0.015904 0.000000
0.419556 -0.130053 0.089956 0.000000
0.311339 0.062970 0.049114 0.000000
0.315718 0.144233 0.044670 0.000000
0.375670 -0.059631 0.061298 0.000000
0.152335 -1.105004 0.019779 0.000000
0.392801 0.440648 0.043238 0.000000
0.198321 -1.002943 0.012142 0.000000
0.323745 0.209655 0.003193 0.000000
0.216735 -1.048158 -0.114292 1.000000
0.407769 0.128226 -0.006608 0.000000
0.115295 -1.244280 0.075827 0.000000
0.349056 0.404002 0.027768 0.000000
0.195099 -0.991524 -0.052020 1.000000
0.151232 -1.170058 0.041329 0.000000
0.348106 0.489146 0.062414 0.000000
0.190555 -1.224239 -0.229642 1.000000
0.191889 -1.115803 0.050981 0.000000
0.032706 -0.119552 -0.124148 0.000000
0.193990 -0.390130 0.017358 0.000000
0.233285 0.003083 -0.032827 0.000000
0.222142 -1.002595 -0.076590 1.000000
0.419573 0.244356 0.072484 0.000000
0.209595 -0.066787 -0.054123 0.000000
0.181285 -1.261773 0.017380 0.000000
0.065059 -0.059928 -0.088109 0.000000
0.334103 0.275763 0.053470 0.000000
0.220818 -0.924562 0.017881 0.000000
0.031439 -0.747756 0.029503 0.000000
0.379886 0.312572 0.062662 0.000000
0.427214 0.243860 0.025226 0.000000
0.404776 0.199576 -0.000275 0.000000
0.159307 -0.191670 -0.106232 0.000000
0.197203 -1.148239 -0.199556 1.000000
0.154758 -1.294458 0.060257 0.000000
0.364665 0.346447 0.047242 0.000000
0.182341 -0.446924 0.045172 0.000000
0.338690 0.375183 0.057498 0.000000
0.201579 -1.076958 0.046711 0.000000
0.065620 -0.738996 0.023563 0.000000
-0.071643 -1.039309 -0.011541 0.000000
0.142966 -0.503561 0.020314 0.000000
0.335719 0.134971 0.000149 0.000000
0.400265 -0.074199 0.090704 0.000000
0.330483 -0.023543 0.014815 0.000000
0.514880 -0.392649 0.132317 0.000000
-0.047904 -0.978645 0.001321 0.000000
0.396663 0.364448 0.032905 0.000000
-0.004268 -0.854354 0.021449 0.000000
0.478961 0.136854 0.017852 0.000000
0.359624 0.001258 0.056617 0.000000
0.304967 0.173398 0.000974 0.000000
0.583471 -0.034686 -0.037100 0.000000
0.188854 -1.213004 0.056253 0.000000
0.518351 0.042422 0.207414 0.000000
0.134166 -1.157814 0.068212 0.000000
0.189999 -1.045425 0.013781 0.000000
0.027731 -0.791350 0.023097 0.000000
0.249907 -0.304755 0.026667 0.000000
0.163065 -1.351748 -0.377879 1.000000
-0.012887 -0.918462 -0.001451 0.000000
0.464459 -0.306756 0.116281 0.000000
0.197919 -0.417075 0.041747 0.000000
0.252673 -0.627420 0.010661 0.000000
0.426078 -0.138461 -0.120995 0.000000
0.564453 -0.439880 0.138239 0.000000
-0.093518 -1.095394 -0.032924 0.000000
0.455694 -0.191790 -0.142544 0.000000
0.111917 -0.559900 0.024101 0.000000
0.486554 -0.248977 -0.153579 0.000000
0.408584 -0.084751 -0.087773 0.000000
0.486467 -0.343452 0.120715 0.000000
0.185830 -0.132451 -0.081641 0.000000
0.617079 -0.471587 0.149326 0.000000
0.242973 -0.690050 0.008543 0.000000
0.336866 0.307783 0.054577 0.000000
0.343064 0.060445 0.044528 0.000000
0.176545 -1.260584 -0.285560 1.000000
0.668478 -0.508361 0.159475 0.000000
0.110542 -1.298051 0.035687 0.000000
0.140942 0.036485 -0.038594 0.000000
0.344186 0.440345 0.062795 0.000000
0.294661 0.276490 0.014764 0.000000
0.256540 -0.569962 0.007564 0.000000
0.344265 -0.070402 0.023109 0.000000
0.128300 -1.270098 0.037052 0.000000
0.511842 0.077625 0.000552 0.000000
0.162164 -0.456379 0.021670 0.000000
0.620583 -0.075040 -0.049432 0.000000
0.238720 -0.748398 0.015322 0.000000
0.238732 0.190970 0.014923 0.000000
0.298551 -0.110737 0.029274 0.000000
0.204139 -1.118565 -0.186294 1.000000
0.265041 -0.412420 0.027875 0.000000
0.439377 -0.249367 0.102772 0.000000
0.452572 0.180451 0.023230 0.000000
0.201708 -0.910805 -0.001832 1.000000
0.163001 -1.198159 0.045076 0.000000
0.572950 -0.188715 -0.104989 0.000000
0.254144 0.067873 -0.022819 0.000000
0.544273 -0.147298 -0.069367 0.000000
0.132942 -1.147830 0.031166 0.000000
0.277235 0.116594 -0.014416 0.000000
0.387718 0.261047 0.021266 0.000000
0.348508 0.074529 -0.018054 0.000000
0.384094 0.469255 0.047620 0.000000
0.545634 0.018413 -0.020629 0.000000
0.177472 -1.232071 0.027485 0.000000
0.379118 0.017886 -0.030186 0.000000
0.105746 -0.013621 -0.063604 0.000000
0.263731 -0.353696 0.025949 0.000000
0.346673 0.279256 0.021450 0.000000
0.176352 -1.153286 0.045609 0.000000
0.225479 -0.950691 -0.030454 1.000000
0.226351 -0.859961 0.019639 0.000000
0.386737 -0.045364 0.088910 0.000000
0.091669 -1.341077 0.034892 0.000000
0.389793 0.301518 0.022613 0.000000
0.260743 -0.513513 0.025706 0.000000
0.342872 0.335813 0.029145 0.000000
0.428791 -0.204024 0.096947 0.000000
0.218863 0.161527 -0.000506 0.000000
0.138873 -0.234309 -0.140605 0.000000
0.230867 -0.807863 0.019673 0.000000
0.664114 -0.111920 -0.061017 0.000000
0.406781 -0.156124 0.081428 0.000000
0.185414 -1.122295 0.023199 0.000000
0.234510 -0.904575 0.000369 1.000000
0.320814 0.031144 -0.011460 0.000000
0.165930 -1.315041 -0.331959 1.000000
0.333180 0.086780 0.039480 0.000000
0.178124 -1.090402 0.037515 0.000000
0.311430 -0.006726 0.033089 0.000000
0.264083 -0.465093 0.025673 0.000000
0.204033 -0.969465 -0.036501 1.000000
0.272676 0.239850 0.010043 0.000000
0.075557 -0.711364 0.025856 0.000000
0.181709 -1.307911 0.065754 0.000000
0.479278 -0.289709 0.099397 0.000000
0.354225 -0.122465 0.002510 0.000000
0.157260 -0.517343 0.040204 0.000000
0.304392 -0.057932 0.035580 0.000000
0.466755 -0.245963 0.094561 0.000000
0.508792 -0.109522 -0.040674 0.000000
0.184078 -1.196131 -0.240021 1.000000
0.394861 -0.031368 -0.056459 0.000000
0.190260 0.123236 -0.028242 0.000000
0.353479 0.429457 0.038137 0.000000
0.094432 -0.619696 0.028573 0.000000
0.706042 -0.145360 -0.079118 0.000000
0.417113 0.075864 -0.015693 0.000000
0.160382 0.089745 -0.043015 0.000000
0.135164 -0.564656 0.037837 0.000000
0.528152 -0.396274 0.108639 0.000000
0.757053 -0.165959 -0.094876 0.000000
0.449348 -0.023223 -0.022196 0.000000
0.061499 -0.680521 0.029735 0.000000
0.117318 0.036631 -0.055233 0.000000
0.100738 -0.661134 0.033393 0.000000
0.232782 -0.344007 0.040302 0.000000
0.188078 -1.177839 0.022766 0.000000
0.074910 -0.281893 -0.214292 0.000000
0.208400 -1.058321 0.028543 0.000000
0.111162 -0.262148 -0.179982 0.000000
0.216677 -0.353538 0.012235 0.000000
0.032305 -0.296027 -0.244427 0.000000
0.130292 -1.230591 0.057103 0.000000
0.194084 -1.008314 0.037874 0.000000
0.262880 -0.288034 0.010709 0.000000
0.216167 -1.026900 -0.093310 1.000000
0.434434 -0.151736 0.092798 0.000000
0.018361 -0.850651 0.007996 0.000000
0.120038 -0.621009 0.034936 0.000000
0.092516 -0.591975 0.027852 0.000000
0.182231 -1.041474 0.038848 0.000000
0.202430 -1.113945 -0.160758 1.000000
0.212461 -0.986541 0.027215 0.000000
0.435329 0.015738 -0.017126 0.000000
0.191924 -1.054656 -0.111157 1.000000
0.140935 -1.209486 0.037876 0.000000
0.282084 -0.262146 0.020850 0.000000
0.308717 0.094714 0.039772 0.000000
0.160127 -1.351145 -0.351780 1.000000
0.206586 -0.392940 0.041303 0.000000
0.386981 0.206096 0.016921 0.000000
0.478796 -0.069347 -0.025294 0.000000
0.210638 -1.093277 -0.145122 1.000000
0.212555 0.154133 -0.024229 0.000000
0.317949 0.320413 0.043210 0.000000
0.408582 -0.106165 0.089040 0.000000
0.447846 0.202324 0.099385 0.000000
0.295421 -0.163069 0.037224 0.000000
0.168849 -1.254676 0.038192 0.000000
0.326368 0.211154 0.046123 0.000000
0.498959 0.083629 0.172383 0.000000
0.177933 -1.236599 0.057949 0.000000
0.367038 -0.026705 0.057461 0.000000
0.302328 0.148241 0.010351 0.000000
0.325498 0.065686 -0.013440 0.000000
0.334218 -0.084477 0.005505 0.000000
0.165804 -1.317021 0.035883 0.000000
0.501849 -0.343706 0.101932 0.000000
0.285165 -0.212476 0.033513 0.000000
0.191213 -1.218819 -0.253167 1.000000
0.192116 -1.073182 0.016913 0.000000
0.168313 0.076996 -0.022454 0.000000
0.463029 0.157754 0.119215 0.000000
0.212802 -0.929308 -0.012499 1.000000
0.210896 -1.033513 0.014310 0.000000
0.423879 0.062423 0.003042 0.000000
0.338734 0.227680 0.010237 0.000000
0.349802 0.463568 0.064536 0.000000
0.394155 0.294898 0.055112 0.000000
0.335674 0.058158 0.067167 0.000000
0.444173 -0.186115 0.090699 0.000000
0.411486 0.103359 -0.010142 0.000000
0.317359 0.040261 0.037190 0.000000
0.341343 0.194122 0.006452 0.000000
0.352124 0.382287 0.036692 0.000000
0.312670 0.118260 0.043829 0.000000
0.121374 -1.252212 0.054223 0.000000
0.316695 0.169396 0.041028 0.000000
0.323074 0.254549 0.049161 0.000000
0.195656 -1.005896 -0.070713 1.000000
0.406829 0.151590 -0.006723 0.000000
0.528747 0.032960 -0.013859 0.000000
0.386712 -0.077838 0.070629 0.000000
0.248235 -0.555994 0.024158 0.000000
0.323305 0.017611 0.007548 0.000000
0.132358 -1.231007 0.034069 0.000000
0.275030 -0.300807 0.025661 0.000000
0.359362 0.481144 0.043993 0.000000
0.216113 -0.013617 -0.043273 0.000000
0.315131 0.191102 0.013253 0.000000
0.100558 0.008396 -0.060926 0.000000
0.364699 0.058780 -0.010976 0.000000
0.173307 -1.297174 -0.319640 1.000000
0.178018 -0.177468 -0.109610 0.000000
0.473904 0.121344 0.145710 0.000000
0.008219 -0.879672 -0.001300 0.000000
0.043947 -0.728871 0.029075 0.000000
0.150785 -0.475958 0.021515 0.000000
0.171259 -1.281389 0.036731 0.000000
0.399477 -0.122240 0.076078 0.000000
0.202556 -1.172278 -0.201411 1.000000
0.243392 -0.324437 0.037885 0.000000
0.195079 -0.413067 0.019123 0.000000
0.172396 -1.126627 0.040824 0.000000
0.209423 -0.373588 0.018712 0.000000
-0.064490 -1.019678 -0.003989 0.000000
-0.061780 -1.026901 -0.027102 0.000000
0.032743 -0.769582 0.025705 0.000000
0.214467 -0.088301 -0.060585 0.000000
0.195928 -1.265324 -0.276062 1.000000
0.216451 -0.987108 -0.060853 1.000000
0.178220 -1.286553 0.061417 0.000000
0.173477 -1.176067 0.040770 0.000000
0.583988 -0.012756 -0.035720 0.000000
0.431769 0.223352 0.017038 0.000000
0.412635 0.259176 0.031180 0.000000
0.347756 0.036890 0.050181 0.000000
0.333054 0.077991 0.002951 0.000000
-0.027740 -0.929868 0.009755 0.000000
0.207094 -1.046698 -0.094833 1.000000
0.031893 -0.811446 0.015288 0.000000
0.079754 -0.665447 0.028020 0.000000
0.329711 0.357529 0.048795 0.000000
0.102746 -0.639347 0.032041 0.000000
0.357398 0.011783 0.075632 0.000000
0.266138 0.099438 -0.022934 0.000000
0.290542 0.275012 0.038849 0.000000
0.155250 -1.149000 0.040330 0.000000
0.325138 0.158504 0.057564 0.000000
0.391627 0.419364 0.041413 0.000000
0.200724 -1.098441 0.042464 0.000000
0.209463 -0.046046 -0.049598 0.000000
0.229049 -0.764184 0.005041 0.000000
0.328080 0.076441 0.059834 0.000000
0.194520 -0.079932 -0.060828 0.000000
0.190348 -1.137270 0.043877 0.000000
0.437037 0.210282 0.083218 0.000000
0.253882 -0.449808 0.015655 0.000000
0.172882 -1.191679 0.026716 0.000000
0.325865 -0.003804 0.009354 0.000000
0.566696 0.015614 -0.021841 0.000000
0.336264 -0.049919 0.018605 0.000000
0.172104 -1.212584 0.032714 0.000000
0.142818 -1.184145 0.054585 0.000000
0.153188 -1.159000 0.058863 0.000000
0.214266 -1.074170 -0.133836 1.000000
0.375627 -0.039810 0.072319 0.000000
-0.087309 -1.080660 -0.019746 0.000000
0.189643 -0.433197 0.031482 0.000000
0.210363 -1.013764 0.026290 0.000000
0.553387 -0.433338 0.121307 0.000000
0.415219 0.261264 0.083531 0.000000
0.186325 -1.017750 0.021232 0.000000
0.240044 -0.702401 0.024801 0.000000
0.149933 -0.205558 -0.118192 0.000000
0.370158 0.438664 0.030372 0.000000
0.033967 -0.103002 -0.110799 0.000000
0.473269 -0.267107 0.096489 0.000000
0.245261 0.017163 -0.023999 0.000000
0.391679 0.186503 0.013253 0.000000
-0.042364 -0.985076 -0.017275 0.000000
0.081353 -0.045593 -0.079229 0.000000
0.298392 -0.131061 0.042658 0.000000
0.197158 -1.205012 -0.226504 1.000000
0.158242 -1.094833 0.036386 0.000000
0.496987 0.087985 -0.008720 0.000000
-0.071738 -1.045650 -0.030812 0.000000
0.390517 0.281725 0.026962 0.000000
0.049502 -0.754961 0.023646 0.000000
0.442081 -0.151276 -0.123949 0.000000
0.432215 -0.224411 0.096777 0.000000
0.238017 -0.016444 -0.033274 0.000000
0.495379 -0.360697 0.125863 0.000000
-0.036325 -0.966793 -0.010009 0.000000
0.473849 0.126141 0.001687 0.000000
0.242024 -0.582784 0.012613 0.000000
0.428661 0.228420 0.082328 0.000000
0.032611 -0.831277 0.007515 0.000000
0.286988 0.130308 0.002199 0.000000
0.241290 -0.314576 0.011776 0.000000
0.162309 -1.370887 -0.373175 1.000000
0.118136 -0.538621 0.019241 0.000000
0.342025 0.394289 0.054425 0.000000
0.239942 -0.637451 0.021715 0.000000
0.518713 0.058786 -0.008473 0.000000
0.171561 -1.048575 0.019262 0.000000
0.108181 -0.578938 0.027721 0.000000
0.061550 -0.077448 -0.095728 0.000000
0.325654 -0.024235 -0.003971 0.000000
0.218530 -0.943780 0.016426 0.000000
0.441131 0.199265 0.012661 0.000000
0.279756 -0.247224 0.036074 0.000000
0.302695 0.287243 0.030067 0.000000
0.198798 -1.137263 -0.183087 1.000000
0.021361 -0.135537 -0.126472 0.000000
0.598566 -0.053252 -0.042786 0.000000
0.254259 -0.607861 0.009879 0.000000
0.580078 -0.449025 0.144514 0.000000
0.326737 0.106019 0.039435 0.000000
0.158807 -0.499907 0.032117 0.000000
0.401277 0.143951 0.009853 0.000000
0.186662 -1.189794 0.041843 0.000000
0.516162 -0.382983 0.115949 0.000000
0.230014 -0.793022 0.007173 0.000000
-0.022686 -0.907188 0.010330 0.000000
0.240728 -0.618491 0.022762 0.000000
0.219557 -0.905803 0.014021 0.000000
-0.054681 -0.995872 -0.002691 0.000000
0.262433 0.223949 0.001416 0.000000
0.293497 -0.176242 0.023779 0.000000
0.266375 0.231941 0.026891 0.000000
0.268864 -0.500437 0.012753 0.000000
0.600207 -0.459203 0.148403 0.000000
0.257747 -0.515188 0.007250 0.000000
0.230041 0.175376 0.005384 0.000000
0.172323 -0.145175 -0.083834 0.000000
0.314707 0.306089 0.031666 0.000000
0.456825 -0.209904 -0.146887 0.000000
0.387878 -0.062655 0.081387 0.000000
0.232100 -0.888384 0.009288 0.000000
0.528392 -0.405215 0.124991 0.000000
0.267374 -0.402283 0.012430 0.000000
0.364468 -0.005838 0.074002 0.000000
0.244747 -0.669617 0.006678 0.000000
0.467334 0.143232 0.004896 0.000000
0.630310 -0.486990 0.144267 0.000000
0.302084 0.159188 -0.010569 0.000000
0.448252 -0.204047 0.097734 0.000000
0.190874 -1.062934 0.032235 0.000000
0.261059 -0.422364 0.012857 0.000000
0.404841 0.306600 0.031957 0.000000
0.242231 -0.676033 0.024202 0.000000
0.299158 -0.077994 0.028327 0.000000
0.371829 0.007166 -0.043220 0.000000
0.342447 0.152063 -0.000161 0.000000
0.244527 -0.645908 0.006081 0.000000
0.182317 -1.109086 0.036845 0.000000
0.179513 -1.242942 -0.281623 1.000000
0.390872 0.347141 0.034425 0.000000
0.169221 -1.085054 0.022447 0.000000
0.398977 -0.090666 0.082830 0.000000
0.192541 -1.094596 -0.143010 1.000000
0.403999 0.121503 0.009916 0.000000
0.196937 -1.084178 0.030636 0.000000
0.163315 -1.331110 -0.340110 1.000000
0.141722 -0.519999 0.028753 0.000000
0.477009 -0.054437 -0.013281 0.000000
0.335687 0.423853 0.053373 0.000000
0.210311 -1.016100 -0.079580 1.000000
0.353838 0.018406 0.054906 0.000000
0.168777 -1.212160 0.054993 0.000000
0.259130 -0.294179 0.038073 0.000000
0.478177 -0.318333 0.114210 0.000000
0.175015 -0.442645 0.026664 0.000000
0.156926 0.066307 -0.032262 0.000000
0.385548 0.487225 0.047604 0.000000
0.332924 0.116076 0.000244 0.000000
0.271834 -0.343530 0.013486 0.000000
0.043735 -0.794636 0.015658 0.000000
0.396183 0.379838 0.042102 0.000000
0.181904 -1.318664 -0.339248 1.000000
0.291801 -0.199545 0.023028 0.000000
0.331380 -0.038675 0.005220 0.000000
0.316171 0.186151 -0.004672 0.000000
0.196553 -1.032737 0.026420 0.000000
0.220331 -0.914310 -0.004542 1.000000
0.310965 0.005505 0.049139 0.000000
0.176587 -1.154778 0.026064 0.000000
0.215310 -1.029773 -0.110921 1.000000
0.431248 0.046215 0.004432 0.000000
0.205496 -1.092015 -0.124382 1.000000
0.189466 -0.147839 -0.089871 0.000000
0.269363 -0.479179 0.015329 0.000000
0.576641 -0.450318 0.127093 0.000000
0.403176 0.181870 -0.001051 0.000000
-0.009038 -0.901110 -0.000512 0.000000
0.631293 -0.089960 -0.052194 0.000000
0.365558 0.028385 -0.035385 0.000000
0.190422 0.113418 -0.013526 0.000000
0.335229 0.292388 0.018400 0.000000
0.220381 -0.963324 -0.041706 1.000000
0.327978 0.292294 0.054636 0.000000
0.128342 -0.581466 0.036127 0.000000
0.060986 -0.720937 0.023395 0.000000
0.004818 -0.839097 0.021137 0.000000
0.519439 0.029874 0.219656 0.000000
0.462194 -0.032634 -0.014720 0.000000
0.463829 0.158953 0.017530 0.000000
0.464908 -0.290416 0.109995 0.000000
0.369416 -0.126246 0.010351 0.000000
0.316332 0.079247 0.045076 0.000000
0.324435 0.048192 -0.009928 0.000000
0.275159 -0.275398 0.011806 0.000000
0.129079 0.026160 -0.047222 0.000000
0.240798 -0.731630 0.010934 0.000000
0.419338 -0.191651 0.089084 0.000000
0.407419 -0.068287 -0.079865 0.000000
0.132911 -1.164813 0.035057 0.000000
-0.076906 -1.061728 -0.018042 0.000000
0.273234 -0.363098 0.014936 0.000000
0.073430 -0.694280 0.027451 0.000000
0.107943 -0.609233 0.031198 0.000000
0.423365 -0.125455 -0.109932 0.000000
0.473499 -0.235608 -0.151758 0.000000
0.063802 -0.659135 0.029474 0.000000
-0.004292 -0.871429 0.014460 0.000000
0.306251 -0.016334 0.047191 0.000000
0.551254 -0.428808 0.137880 0.000000
0.171156 -1.252234 0.056184 0.000000
0.323913 0.034429 0.010575 0.000000
0.133588 0.048926 -0.047674 0.000000
0.223370 -0.870817 0.006821 0.000000
0.310990 -0.044216 0.044868 0.000000
0.261035 0.082382 -0.028547 0.000000
0.200072 -1.113544 0.017942 0.000000
0.381847 -0.020406 -0.057075 0.000000
-0.038188 -0.960382 0.005631 0.000000
0.455757 -0.255741 0.103060 0.000000
0.223201 -0.357417 0.027405 0.000000
0.140559 -1.152525 0.048013 0.000000
0.335141 0.326269 0.051943 0.000000
0.127774 -0.553710 0.027283 0.000000
0.139826 -1.216790 0.053048 0.000000
0.602293 -0.033646 -0.045892 0.000000
0.248569 -0.524677 0.022417 0.000000
0.399720 0.271519 0.015844 0.000000
0.235842 -0.956773 -0.042710 1.000000
-0.099363 -1.111292 -0.031684 0.000000
0.324836 0.130158 0.045561 0.000000
0.333127 0.272446 0.014241 0.000000
0.411043 -0.100994 -0.091149 0.000000
0.233268 -0.822537 0.011929 0.000000
0.447675 -0.163670 -0.136612 0.000000
0.239153 -0.941069 -0.029597 1.000000
0.191664 -1.127891 -0.168903 1.000000
0.142442 -0.547830 0.039547 0.000000
0.215892 -0.850146 0.011121 0.000000
0.287531 0.262135 0.020772 0.000000
0.258699 -0.434459 0.024074 0.000000
0.220882 0.169267 -0.015116 0.000000
0.508706 0.054870 0.199752 0.000000
0.288719 -0.228874 0.032997 0.000000
-0.022994 -0.931218 -0.006134 0.000000
0.335249 -0.068128 0.008647 0.000000
0.278190 0.102668 -0.001182 0.000000
0.360187 -0.113370 0.015232 0.000000
0.212995 -0.943750 -0.021641 1.000000
0.491706 -0.264090 -0.157973 0.000000
0.419381 -0.146759 0.086655 0.000000
0.481579 -0.305309 0.104598 0.000000
0.143977 -0.223464 -0.129214 0.000000
0.185081 -1.196247 0.056955 0.000000
0.268154 -0.258169 0.028681 0.000000
0.604625 -0.469555 0.136393 0.000000
0.185746 -1.138478 0.026141 0.000000
0.171733 -1.279407 -0.301908 1.000000
0.611589 -0.061286 -0.049924 0.000000
0.160596 -1.301727 0.038804 0.000000
0.257705 0.055053 -0.013284 0.000000
0.568249 -0.019624 -0.031546 0.000000
0.299637 -0.094097 0.030944 0.000000
0.269025 -0.393999 0.027111 0.000000
0.260206 -0.371050 0.021158 0.000000
0.492130 -0.332952 0.109388 0.000000
0.353996 0.055478 -0.022811 0.000000
0.348211 0.086219 -0.004967 0.000000
0.250212 0.204196 0.012711 0.000000
0.199165 -0.400616 0.028751 0.000000
0.398969 0.218381 0.006285 0.000000
0.651514 -0.103060 -0.056006 0.000000
0.196595 -1.124239 0.034731 0.000000
0.655397 -0.499582 0.155816 0.000000
0.266530 -0.457834 0.009563 0.000000
0.351139 -0.085980 0.024312 0.000000
0.682605 -0.515653 0.165094 0.000000
0.145638 -1.201873 0.051481 0.000000
0.251204 -0.574815 0.023129 0.000000
0.398398 0.248422 0.010827 0.000000
0.494569 -0.099848 -0.038653 0.000000
0.240617 -0.706685 0.009387 0.000000
0.262169 -0.554713 0.016394 0.000000
0.206560 -0.971685 0.024439 0.000000
0.127237 -1.204802 0.070959 0.000000
0.286221 -0.246605 0.021551 0.000000
0.338066 0.211345 0.009913 0.000000
0.090582 -0.008910 -0.064446 0.000000
0.111945 0.020308 -0.057048 0.000000
0.214159 -0.976942 -0.046982 1.000000
0.068780 -0.035928 -0.078881 0.000000
0.277971 -0.185796 0.029158 0.000000
0.234834 0.024431 -0.033442 0.000000
0.230157 -0.844692 0.017894 0.000000
0.405125 -0.134630 0.085377 0.000000
0.150663 -0.224652 -0.144817 0.000000
0.215257 0.148175 -0.008753 0.000000
0.190906 -1.151590 -0.185475 1.000000
0.349111 0.348740 0.022600 0.000000
0.341032 0.324119 0.016005 0.000000
0.576103 -0.201258 -0.114061 0.000000
0.165862 -0.469397 0.030003 0.000000
0.362957 0.359792 0.039094 0.000000
0.241665 0.192157 -0.006421 0.000000
0.230941 -0.680760 0.012548 0.000000
0.084994 -1.348814 0.085688 0.000000
0.185970 -1.221670 0.035577 0.000000
0.347055 0.443738 0.039147 0.000000
0.341667 -0.098042 0.008255 0.000000
0.542818 0.039018 -0.010608 0.000000
0.102024 -1.329972 0.038725 0.000000
0.522368 -0.115391 -0.045791 0.000000
0.206499 -0.386626 0.026984 0.000000
0.195974 -1.205931 -0.242602 1.000000
0.483740 0.113729 0.002281 0.000000
0.448150 -0.179277 -0.136639 0.000000
0.299956 -0.148594 0.040886 0.000000
0.263319 0.077685 -0.013690 0.000000
0.265784 -0.313214 0.023842 0.000000
0.185590 -1.165774 0.044781 0.000000
0.216648 -0.806153 0.013668 0.000000
0.318433 0.026629 0.045543 0.000000
0.280868 -0.281759 0.024826 0.000000
0.248540 -0.540909 0.020635 0.000000
0.143898 -0.234173 -0.155258 0.000000
0.354443 0.414014 0.038367 0.000000
0.160151 -1.182965 0.045760 0.000000
0.536983 -0.412860 0.114697 0.000000
0.426835 -0.153841 -0.120057 0.000000
0.261666 -0.335025 0.021372 0.000000
0.453237 -0.240004 0.098939 0.000000
0.395000 -0.044057 -0.065184 0.000000
0.417174 0.266215 0.018272 0.000000
0.532953 -0.139855 -0.062116 0.000000
0.201460 -1.038500 -0.083145 1.000000
0.418746 0.077138 0.000413 0.000000
0.230265 -0.761632 0.020081 0.000000
0.206210 -1.060012 -0.112221 1.000000
0.255491 -0.468342 0.013460 0.000000
0.505336 -0.381606 0.127806 0.000000
0.208283 -1.128345 -0.171590 1.000000
0.404801 0.291334 0.033242 0.000000
0.192505 -1.250499 -0.279259 1.000000
0.122158 -0.571688 0.026299 0.000000
0.236722 -0.727325 0.024891 0.000000
0.163388 -0.202469 -0.124458 0.000000
0.260119 -0.285889 0.025439 0.000000
-0.087941 -1.079253 -0.034799 0.000000
0.342774 0.050468 0.055900 0.000000
0.165592 -1.164229 0.045878 0.000000
0.207320 -0.899577 0.007762 0.000000
0.445891 -0.007567 -0.018523 0.000000
0.434494 0.028499 -0.009169 0.000000
0.147803 -1.156985 0.029965 0.000000
0.299416 -0.100090 0.044742 0.000000
0.373911 0.029879 -0.022750 0.000000
0.111935 -0.000526 -0.056795 0.000000
0.267807 -0.447549 0.026788 0.000000
0.206807 -1.047605 0.017487 0.000000
0.328830 0.018320 -0.008288 0.000000
0.165214 -0.175962 -0.101937 0.000000
0.386779 0.454387 0.043370 0.000000
0.200537 -0.995361 0.025017 0.000000
0.082479 -0.628709 0.027940 0.000000
0.185832 -1.249791 0.057944 0.000000
0.248862 0.053287 -0.025208 0.000000
0.225115 -0.935417 -0.019002 1.000000
0.423588 -0.161862 0.089153 0.000000
0.239480 -0.919417 -0.003418 1.000000
-0.036990 -0.941650 0.007241 0.000000
0.423659 0.057995 -0.011863 0.000000
0.531598 -0.154259 -0.065948 0.000000
0.183761 -1.204745 0.037540 0.000000
0.094683 -0.021522 -0.071125 0.000000
0.175128 -0.455716 0.033707 0.000000
0.317651 0.092537 0.051552 0.000000
0.200563 -1.191427 -0.231398 1.000000
0.632577 -0.079939 -0.063055 0.000000
0.047234 -0.073945 -0.097387 0.000000
0.339342 0.409654 0.051190 0.000000
0.326136 0.238602 0.044850 0.000000
0.360064 -0.013771 0.055662 0.000000
0.189198 -1.177499 -0.197783 1.000000
0.339304 0.352333 0.058785 0.000000
0.389631 0.300697 0.067933 0.000000
0.334729 0.246701 0.055256 0.000000
0.176564 -1.170021 0.027514 0.000000
0.699329 -0.134477 -0.067539 0.000000
0.154310 -1.212759 0.042979 0.000000
0.037417 -0.780098 0.016589 0.000000
0.222444 -0.052381 -0.047191 0.000000
0.720006 -0.149388 -0.080897 0.000000
0.321187 0.172578 0.056753 0.000000
0.093380 -0.673412 0.030206 0.000000
0.567036 -0.440000 0.123415 0.000000
0.634306 -0.476829 0.153857 0.000000
0.393270 0.315064 0.026551 0.000000
0.503163 0.068789 0.177247 0.000000
0.565509 -0.178719 -0.094298 0.000000
0.387510 0.220830 0.015959 0.000000
0.372331 0.334249 0.048943 0.000000
0.555223 0.006645 -0.024670 0.000000
0.182041 -1.030730 0.026056 0.000000
0.744703 -0.163517 -0.087700 0.000000
0.149616 -0.491211 0.025081 0.000000
0.168668 0.089418 -0.031159 0.000000
0.343497 0.476305 0.057626 0.000000
0.348043 0.452107 0.055393 0.000000
0.304391 -0.066908 0.046857 0.000000
0.674933 -0.120353 -0.065777 0.000000
0.389563 0.308153 0.051970 0.000000
0.336464 0.073213 0.044380 0.000000
0.184806 -1.004746 0.027136 0.000000
0.457129 -0.014360 -0.004990 0.000000
0.262972 -0.487667 0.024962 0.000000
0.323683 -0.009531 -0.005855 0.000000
0.235577 -0.334409 0.029845 0.000000
0.145492 -1.170451 0.062735 0.000000
0.203526 -1.045156 0.031400 0.000000
0.077376 -0.680604 0.028948 0.000000
0.405370 0.166494 -0.001161 0.000000
0.333395 -0.014546 0.003670 0.000000
0.306229 0.036637 0.045398 0.000000
0.324635 0.220119 0.057421 0.000000
0.343552 0.241005 0.008656 0.000000
0.244445 -0.598066 0.013671 0.000000
0.447184 0.186188 0.011351 0.000000
0.365306 0.044854 -0.013902 0.000000
0.414665 0.258196 0.069644 0.000000
0.497639 -0.350917 0.113448 0.000000
0.175668 -1.267051 0.039546 0.000000
0.199499 -1.105709 0.029738 0.000000
0.271773 -0.429149 0.025356 0.000000
0.229787 -0.984152 -0.064548 1.000000
0.169038 -1.198179 0.057866 0.000000
0.201079 -1.035732 -0.101432 1.000000
0.146998 -0.534413 0.036180 0.000000
0.203128 -1.072143 0.025708 0.000000
0.186873 -1.194565 0.028252 0.000000
0.051561 -0.741123 0.025437 0.000000
0.173374 -1.052397 0.042195 0.000000
0.205253 -1.080299 -0.142718 1.000000
0.285720 -0.176257 0.038477 0.000000
0.414506 0.089679 -0.010331 0.000000
0.329222 0.084441 -0.008873 0.000000
0.175963 -1.170926 0.053551 0.000000
0.167009 -1.224619 0.037679 0.000000
0.253832 -0.501958 0.015565 0.000000
0.254757 -0.588856 0.015659 0.000000
0.166638 -1.241574 0.033903 0.000000
0.173079 -1.274169 0.057529 0.000000
0.409515 0.102152 0.003625 0.000000
0.159666 -1.241864 0.047199 0.000000
0.000821 -0.891214 0.001127 0.000000
0.487792 0.091778 0.170950 0.000000
0.333187 0.262195 0.056341 0.000000
0.446229 0.215355 0.094905 0.000000
0.185973 -1.075904 0.032737 0.000000
0.443286 0.010120 -0.006840 0.000000
0.343785 0.394622 0.036519 0.000000
0.428069 0.236537 0.013489 0.000000
0.179013 -1.322002 0.064213 0.000000
0.225562 -0.745553 0.012092 0.000000
0.770777 -0.172055 -0.096028 0.000000
0.258384 -0.391142 0.018565 0.000000
0.241812 -0.316784 0.026504 0.000000
0.211618 -0.998831 -0.068499 1.000000
0.188467 -1.150961 0.039433 0.000000
0.183601 0.111309 -0.026315 0.000000
0.469519 -0.278687 0.103023 0.000000
0.198198 -1.016574 0.014137 0.000000
0.326693 0.153078 0.045010 0.000000
0.380192 -0.052787 0.072569 0.000000
0.523352 0.070129 0.001329 0.000000
0.220715 -0.370888 0.026165 0.000000
0.119439 -1.230105 0.038829 0.000000
0.178821 -1.274890 0.020667 0.000000
0.119921 -0.253728 -0.173558 0.000000
0.254617 0.034653 -0.014995 0.000000
0.172982 -1.343262 -0.358782 1.000000
0.058507 -0.693896 0.029837 0.000000
0.301143 0.160436 0.004238 0.000000
0.092387 -0.650173 0.030696 0.000000
0.174616 -1.188797 0.048207 0.000000
0.291496 -0.153604 0.024107 0.000000
0.188104 -1.049068 0.029149 0.000000
0.440342 -0.235615 0.099769 0.000000
0.465887 -0.199755 -0.147917 0.000000
0.188242 -1.219218 0.020201 0.000000
0.128865 -1.243853 0.036938 0.000000
0.524930 0.047441 -0.012643 0.000000
0.300144 0.002414 0.041547 0.000000
0.309736 -0.021881 0.035309 0.000000
0.291702 -0.120611 0.035547 0.000000
0.426127 0.257365 0.025235 0.000000
0.268724 0.225259 0.013340 0.000000
0.019944 -0.300947 -0.247970 0.000000
0.284137 0.129592 -0.011014 0.000000
0.319579 0.202647 0.054168 0.000000
0.362886 -0.131867 -0.001901 0.000000
0.043710 -0.293939 -0.237234 0.000000
0.128937 -1.202203 0.033190 0.000000
0.126790 -1.252675 0.066593 0.000000
0.458176 0.170859 0.014568 0.000000
0.020497 -0.837703 0.012101 0.000000
0.154510 0.076602 -0.040568 0.000000
0.172382 -0.471590 0.041531 0.000000
0.255231 -0.298331 0.016158 0.000000
0.212734 -0.380992 0.040756 0.000000
0.213588 -0.026514 -0.045821 0.000000
0.418531 -0.089474 -0.095381 0.000000
0.156044 -1.109587 0.031783 0.000000
0.063929 -0.285456 -0.221796 0.000000
0.262590 -0.525228 0.014592 0.000000
0.061229 -0.708229 0.027381 0.000000
0.171500 -1.041849 0.030980 0.000000
0.187373 -1.102580 0.025260 0.000000
0.331683 0.219328 0.018399 0.000000
0.516259 -0.374756 0.105001 0.000000
0.330897 0.064850 0.004809 0.000000
0.189442 -1.185258 -0.227621 1.000000
0.198475 -1.140358 0.022705 0.000000
0.400077 -0.109361 0.079149 0.000000
0.225613 -0.778981 0.009795 0.000000
0.083663 -0.275242 -0.206921 0.000000
0.483276 -0.080740 -0.030297 0.000000
0.463063 0.169771 0.113731 0.000000
0.408711 0.114597 -0.000717 0.000000
0.310317 0.052754 0.040832 0.000000
0.089118 -0.035659 -0.074141 0.000000
0.228632 -0.344951 0.014730 0.000000
0.265644 -0.273620 0.025179 0.000000
0.320729 0.196864 0.002357 0.000000
0.311983 0.309856 0.048333 0.000000
0.185753 -1.293064 -0.318409 1.000000
0.105583 -0.593406 0.027679 0.000000
0.316137 0.106101 0.048594 0.000000
0.232514 -0.696397 0.013344 0.000000
0.218854 -0.818985 0.011886 0.000000
0.396085 0.289150 0.068270 0.000000
0.173568 -1.100413 0.030360 0.000000
0.398890 0.289114 0.020089 0.000000
0.199247 -1.218052 -0.237262 1.000000
0.279112 -0.201065 0.031300 0.000000
0.279080 -0.267840 0.032262 0.000000
0.171101 -1.081142 0.043553 0.000000
-0.060934 -1.018667 -0.016960 0.000000
0.522429 -0.394518 0.120401 0.000000
0.209164 -1.026772 0.025880 0.000000
0.299142 -0.046101 0.039693 0.000000
0.444792 0.189631 0.099775 0.000000
0.126575 -1.186393 0.036116 0.000000
0.330106 0.092823 0.001978 0.000000
0.186064 -0.420747 0.024957 0.000000
0.413328 -0.120421 -0.103326 0.000000
0.253554 -0.616267 0.022279 0.000000
0.384283 0.430876 0.042002 0.000000
0.353646 0.469481 0.044901 0.000000
0.347586 0.369360 0.033792 0.000000
0.440713 -0.214677 0.095433 0.000000
0.202550 -1.155775 -0.190429 1.000000
0.382917 0.006017 -0.036567 0.000000
0.468944 0.147240 0.019715 0.000000
0.547904 -0.421272 0.118783 0.000000
0.342295 0.362655 0.051537 0.000000
0.500370 0.075509 -0.005096 0.000000
0.149639 -0.509052 0.031659 0.000000
0.329726 0.365544 0.058973 0.000000
0.173866 -1.061912 0.024079 0.000000
0.150853 -1.146967 0.053556 0.000000
0.332406 0.387904 0.060268 0.000000
0.184510 -1.201542 -0.228289 1.000000
0.396065 0.205080 0.007801 0.000000
0.342074 -0.082213 0.015491 0.000000
0.367772 -0.028670 0.071832 0.000000
0.348271 -0.109088 0.009140 0.000000
0.102943 -0.266128 -0.189093 0.000000
0.496608 -0.256804 -0.148534 0.000000
0.440816 0.214547 0.014432 0.000000
0.432084 -0.190170 0.092568 0.000000
0.257551 0.088521 -0.017555 0.000000
0.331269 0.096246 0.047983 0.000000
0.344463 0.041720 0.065560 0.000000
0.407228 -0.118787 0.090753 0.000000
0.309696 -0.076172 0.035365 0.000000
0.427300 0.231526 0.028631 0.000000
0.231937 -0.793621 0.019807 0.000000
0.341888 0.261215 0.011908 0.000000
0.589862 -0.024117 -0.040313 0.000000
0.228817 -0.009251 -0.038393 0.000000
0.005197 -0.853243 0.012995 0.000000
0.208942 -0.077660 -0.064885 0.000000
0.029926 -0.115450 -0.112419 0.000000
0.214822 -0.868621 0.015995 0.000000
0.289126 -0.202258 0.039945 0.000000
0.169634 -0.186557 -0.112520 0.000000
0.390030 -0.090128 0.073711 0.000000
-0.069702 -1.027896 -0.017231 0.000000
0.183867 -1.127370 0.034728 0.000000
0.024601 -0.126870 -0.117681 0.000000
0.224861 -0.880335 0.015910 0.000000
0.254204 -0.478914 0.022233 0.000000
0.044832 -0.773191 0.024424 0.000000
0.295546 0.149566 -0.000278 0.000000
0.427781 0.239993 0.087417 0.000000
0.342194 0.090321 -0.015335 0.000000
-0.058591 -1.008479 -0.004449 0.000000
0.389469 0.248110 0.019791 0.000000
0.238503 0.184656 0.003902 0.000000
0.500566 0.092820 0.002527 0.000000
0.573609 0.004289 -0.027950 0.000000
0.367368 -0.016404 0.067716 0.000000
0.412813 0.271669 0.032982 0.000000
0.251845 -0.531962 0.012374 0.000000
0.144266 -1.226202 0.044895 0.000000
0.222232 -0.901924 0.002333 1.000000
0.139769 -1.176199 0.045300 0.000000
0.198302 -1.056143 0.021083 0.000000
0.224893 -0.021797 -0.039580 0.000000
0.173632 -1.205302 0.045667 0.000000
0.330650 0.220862 0.003520 0.000000
0.132378 -0.513658 0.023388 0.000000
0.413501 -0.168702 0.086387 0.000000
0.258557 -0.535703 0.025957 0.000000
0.115408 -1.250957 0.039986 0.000000
0.096678 -0.605120 0.027849 0.000000
0.171952 -1.287373 -0.311465 1.000000
0.271527 0.100072 -0.011745 0.000000
0.435755 -0.177099 0.092196 0.000000
0.337109 0.182444 0.006264 0.000000
0.276899 -0.221642 0.027376 0.000000
-0.079256 -1.049638 -0.021780 0.000000
0.511176 -0.120506 -0.047241 0.000000
0.224139 -0.924686 -0.010122 1.000000
0.248058 -0.565323 0.015840 0.000000
0.145613 -1.165317 0.051280 0.000000
0.271429 -0.289236 0.021723 0.000000
0.393625 -0.079404 0.081671 0.000000
0.315130 0.162452 0.051480 0.000000
0.195272 -1.111988 0.039728 0.000000
0.213058 -1.040687 -0.103824 1.000000
0.068421 -0.048979 -0.083490 0.000000
0.447630 0.191744 0.022699 0.000000
0.125182 -1.277908 0.046063 0.000000
0.334855 0.066338 0.057870 0.000000
0.166954 -1.226897 0.054272 0.000000
0.293496 0.272798 0.027101 0.000000
0.274336 -0.344230 0.025516 0.000000
0.037700 -0.757766 0.026043 0.000000
0.290466 -0.140316 0.040976 0.000000
0.381933 0.317776 0.051291 0.000000
0.206223 0.144167 -0.020789 0.000000
0.202958 -0.982020 -0.046982 1.000000
0.396257 0.153657 0.003200 0.000000
0.401746 0.134196 0.002397 0.000000
0.506293 -0.099166 -0.034589 0.000000
0.173656 -1.326402 -0.334505 1.000000
0.060991 -0.750228 0.021882 0.000000
0.175818 -1.219662 0.044612 0.000000
0.185296 -1.226892 0.056620 0.000000
0.202992 -0.936102 -0.015287 1.000000
0.327879 0.173318 0.046518 0.000000
0.383871 -0.065797 0.070261 0.000000
0.175993 -1.292925 0.032562 0.000000
-0.018119 -0.893703 0.016573 0.000000
0.497119 0.076346 0.184913 0.000000
0.336145 0.451172 0.057874 0.000000
0.201412 -0.088842 -0.065470 0.000000
0.464857 -0.226377 -0.147695 0.000000
0.203272 -1.028966 -0.091541 1.000000
0.122484 -0.609159 0.036348 0.000000
0.330169 0.227604 0.048171 0.000000
0.309610 0.008641 0.037093 0.000000
0.230462 -0.811478 0.007757 0.000000
0.225710 -0.985367 -0.053176 1.000000
0.479038 0.129415 0.138240 0.000000
0.345678 0.293936 0.024363 0.000000
0.198721 -1.010525 0.025270 0.000000
0.432699 -0.129016 -0.117259 0.000000
0.229585 -0.832583 0.017800 0.000000
0.270455 -0.414738 0.013490 0.000000
0.045557 -0.099454 -0.109347 0.000000
0.025315 -0.779928 0.026336 0.000000
0.247903 -0.627956 0.025143 0.000000
0.237031 0.038751 -0.033091 0.000000
0.194414 -1.040982 0.038179 0.000000
0.429310 -0.140820 0.093783 0.000000
0.132968 -1.220977 0.040804 0.000000
0.209469 -0.918871 -0.007206 1.000000
0.166926 -1.360329 -0.369561 1.000000
0.182179 -1.246368 -0.269399 1.000000
0.296863 -0.130522 0.030713 0.000000
-0.050966 -0.980427 -0.010237 0.000000
0.503135 -0.368990 0.121837 0.000000
0.274812 -0.248925 0.024766 0.000000
-0.083565 -1.070020 -0.023969 0.000000
0.131906 -0.243038 -0.153292 0.000000
0.411520 -0.107818 -0.101035 0.000000
0.241218 -0.623821 0.010415 0.000000
0.069605 -0.672038 0.025805 0.000000
0.311365 0.069965 0.039360 0.000000
0.291163 -0.102534 0.033903 0.000000
0.021938 -0.808531 0.021257 0.000000
0.241813 -0.606578 0.022772 0.000000
0.315506 0.184062 0.051331 0.000000
0.324513 0.037245 -0.001872 0.000000
0.339161 0.316562 0.025145 0.000000
0.228481 -0.733987 0.012742 0.000000
0.471188 -0.058115 -0.023039 0.000000
0.175234 -1.195713 0.038490 0.000000
0.169104 -1.321778 -0.344781 1.000000
0.084258 -0.699194 0.028397 0.000000
0.312026 0.181744 0.005734 0.000000
0.474503 -0.297767 0.110509 0.000000
0.190891 -1.258027 -0.288346 1.000000
0.331089 0.085027 0.051976 0.000000
0.352923 0.490957 0.046002 0.000000
0.237404 -0.715986 0.021326 0.000000
0.236542 -0.032417 -0.036360 0.000000
0.350556 0.029792 0.059531 0.000000
0.158180 -0.483752 0.028621 0.000000
0.076307 -0.056321 -0.078492 0.000000
0.343051 0.249216 0.021220 0.000000
0.246194 0.195614 0.005580 0.000000
0.622806 -0.482153 0.152068 0.000000
0.331292 0.399001 0.056250 0.000000
0.056461 -0.067393 -0.091397 0.000000
0.265185 -0.382825 0.026348 0.000000
0.287730 -0.218205 0.023493 0.000000
0.489181 -0.071104 -0.019922 0.000000
0.160132 -1.339888 -0.355348 1.000000
0.335270 0.343826 0.051672 0.000000
0.198641 -1.125501 -0.178103 1.000000
0.148893 -1.182550 0.041426 0.000000
0.354221 0.073868 -0.007782 0.000000
0.328975 0.316503 0.054348 0.000000
0.163733 -1.373037 -0.387524 1.000000
0.276628 -0.311497 0.019644 0.000000
0.448971 -0.265720 0.107314 0.000000
0.391491 -0.022222 -0.049913 0.000000
0.221649 -1.012399 -0.083020 1.000000
0.251213 -0.551636 0.013540 0.000000
0.229748 -0.347701 0.027339 0.000000
0.242643 -0.326693 0.018637 0.000000
0.299995 -0.144134 0.030062 0.000000
0.025794 -0.820575 0.011235 0.000000
0.327481 0.141139 0.042513 0.000000
0.180813 -1.141607 0.036276 0.000000
0.205155 -1.049471 -0.107273 1.000000
0.137972 -1.202223 0.066381 0.000000
0.466638 0.147741 0.125813 0.000000
0.191821 -1.172820 -0.208169 1.000000
0.202695 -1.094887 -0.136697 1.000000
0.312217 0.017657 0.049617 0.000000
0.070134 -0.648986 0.028766 0.000000
0.000287 -0.879412 0.007322 0.000000
0.260938 0.066325 -0.012908 0.000000
0.441708 0.003233 -0.017483 0.000000
0.326742 0.057485 -0.003332 0.000000
0.695858 -0.137992 -0.078057 0.000000
0.288048 -0.186320 0.021843 0.000000
0.482366 0.126496 0.013863 0.000000
0.354569 0.394438 0.032231 0.000000
0.320714 0.221436 0.045503 0.000000
0.212430 -1.040433 0.025677 0.000000
0.410752 0.114594 -0.012885 0.000000
0.225407 -0.855342 0.007035 0.000000
0.226435 0.171088 -0.005115 0.000000
0.192911 -1.088084 0.040760 0.000000
0.198018 -0.416393 0.030199 0.000000
0.332388 -0.003473 -0.001239 0.000000
0.201776 -1.020774 0.032444 0.000000
0.371691 -0.042651 0.061830 0.000000
0.406595 -0.056830 -0.070810 0.000000
0.411412 0.138538 -0.010242 0.000000
0.130367 0.037913 -0.046792 0.000000
0.006367 -0.825714 0.021695 0.000000
0.389787 0.406614 0.040856 0.000000
0.324355 0.087696 0.060906 0.000000
0.307633 0.296432 0.034896 0.000000
0.357193 0.010130 0.063502 0.000000
0.396899 0.259224 0.014430 0.000000
0.339897 0.462069 0.058941 0.000000
0.334731 0.203777 0.001959 0.000000
0.180921 -1.160437 0.053800 0.000000
0.162219 0.079707 -0.032674 0.000000
0.185506 -1.261162 -0.278441 1.000000
0.418890 0.067961 -0.006434 0.000000
0.434855 0.221940 0.089436 0.000000
0.187945 -1.203396 0.048098 0.000000
0.324344 0.118750 0.046037 0.000000
0.183586 -1.212881 0.028672 0.000000
0.463242 -0.265525 0.102651 0.000000
0.233671 -0.739482 0.021297 0.000000
0.332523 -0.035242 0.016044 0.000000
0.289899 -0.164675 0.026335 0.000000
0.333865 0.156973 0.005516 0.000000
0.532789 -0.412441 0.134173 0.000000
0.325832 0.008172 0.000008 0.000000
0.281894 0.121288 -0.002540 0.000000
0.377722 -0.003325 -0.047859 0.000000
0.117872 -0.548272 0.025282 0.000000
0.237502 -0.637707 0.010596 0.000000
0.354903 0.020908 0.069299 0.000000
0.396724 0.177448 0.007208 0.000000
0.339326 0.436878 0.053114 0.000000
0.357057 0.008950 0.048644 0.000000
0.180787 -1.054115 0.015588 0.000000
0.235219 -0.688560 0.021126 0.000000
0.339807 0.349809 0.029038 0.000000
0.125998 -1.191169 0.071162 0.000000
0.323728 0.244302 0.056745 0.000000
0.651414 -0.100073 -0.066960 0.000000
0.397519 0.192727 0.005782 0.000000
0.574910 -0.007346 -0.031605 0.000000
0.395939 0.338745 0.027056 0.000000
0.200352 -1.067301 0.040898 0.000000
0.205149 -1.141877 -0.191242 1.000000
0.211976 -1.036619 -0.086838 1.000000
0.439543 -0.198738 0.092884 0.000000
0.092484 -0.633914 0.028361 0.000000
0.311234 -0.029587 0.043415 0.000000
-0.043255 -0.968293 -0.000599 0.000000
0.391206 0.389246 0.038427 0.000000
0.579691 -0.023156 -0.035528 0.000000
0.170715 -1.179257 0.030340 0.000000
0.344102 0.427788 0.059717 0.000000
0.184103 -0.446367 0.032147 0.000000
0.212319 -1.013552 -0.068815 1.000000
0.192306 -1.096665 0.033522 0.000000
0.191912 -1.114753 0.028416 0.000000
0.321740 0.136583 0.054234 0.000000
0.434877 0.217062 0.026640 0.000000
0.416264 -0.180499 0.087629 0.000000
0.243847 -0.658627 0.008639 0.000000
0.243242 -0.679188 0.013509 0.000000
0.264873 -0.510812 0.015660 0.000000
0.300653 -0.068414 0.034621 0.000000
0.331529 0.202973 0.051708 0.000000
0.179527 -0.432723 0.024281 0.000000
0.236627 -0.649971 0.012814 0.000000
-0.024831 -0.919145 0.008874 0.000000
0.456485 -0.022051 -0.013718 0.000000
0.152284 -1.217639 0.052785 0.000000
0.320802 0.089306 0.041382 0.000000
0.247994 0.027644 -0.021466 0.000000
0.436735 -0.140091 -0.123684 0.000000
0.057490 -0.731823 0.026788 0.000000
0.173835 -1.052688 0.031046 0.000000
0.351468 0.359034 0.025969 0.000000
0.216411 -0.077869 -0.056706 0.000000
0.213239 -0.884557 0.005804 0.000000
0.144060 -1.161497 0.041005 0.000000
0.138044 -1.198848 0.044017 0.000000
0.239934 -0.719961 0.011310 0.000000
0.226522 -0.891464 0.018333 0.000000
0.589312 -0.455103 0.144087 0.000000
0.271008 -0.427126 0.013703 0.000000
0.256450 -0.418590 0.022176 0.000000
0.335252 0.287572 0.047781 0.000000
0.090133 -0.662113 0.029849 0.000000
0.201438 -1.087553 0.049859 0.000000
-0.036953 -0.956123 -0.005984 0.000000
0.218916 -0.041835 -0.045252 0.000000
0.336544 0.383642 0.050736 0.000000
0.404887 0.210707 0.001000 0.000000
0.204629 -1.076246 -0.128659 1.000000
0.236818 0.013277 -0.030542 0.000000
0.180478 -0.166896 -0.101988 0.000000
0.620731 -0.479600 0.141560 0.000000
0.509530 0.048807 0.209020 0.000000
0.220098 0.157496 -0.012019 0.000000
0.405741 -0.145605 0.084994 0.000000
0.468566 -0.041560 -0.013933 0.000000
0.211261 -0.961985 -0.032954 1.000000
0.223381 -0.914171 0.020379 0.000000
0.190384 -1.279238 -0.311193 1.000000
0.193742 -1.130948 0.019587 0.000000
0.287972 0.264823 0.032253 0.000000
0.323446 0.194707 0.046108 0.000000
0.211983 -0.979595 0.018731 0.000000
0.164759 -1.153286 0.045792 0.000000
0.527443 0.032470 0.226699 0.000000
0.454816 0.189441 0.104429 0.000000
0.189615 -1.175740 0.046873 0.000000
0.195039 -0.966537 -0.030982 1.000000
0.149580 -0.523743 0.035757 0.000000
-0.027849 -0.937487 0.001402 0.000000
0.178860 -0.150940 -0.090585 0.000000
0.203665 -0.403312 0.039432 0.000000
0.481001 -0.226519 -0.149143 0.000000
0.202104 0.126611 -0.003553 0.000000
0.320199 0.149312 0.053235 0.000000
0.207974 -0.992358 0.017613 0.000000
0.333313 0.146143 0.000462 0.000000
0.163149 -0.194920 -0.116609 0.000000
0.343922 0.287487 0.014064 0.000000
0.139103 -0.555534 0.032639 0.000000
0.188961 -0.399747 0.018010 0.000000
0.348923 0.327855 0.024872 0.000000
0.034021 -0.798900 0.018023 0.000000
0.176804 -1.081099 0.029145 0.000000
0.279067 0.245683 0.031885 0.000000
0.047814 -0.783116 0.017336 0.000000
0.267422 -0.324666 0.017806 0.000000
0.298289 -0.058204 0.044704 0.000000
0.433955 -0.163632 0.091797 0.000000
0.329080 0.070747 -0.004550 0.000000
0.231615 -0.770414 0.013877 0.000000
0.331673 -0.066907 -0.001509 0.000000
0.193319 -1.090455 -0.131459 1.000000
0.257524 -0.401698 0.020804 0.000000
0.349125 0.421609 0.032085 0.000000
-0.055003 -0.991955 -0.012767 0.000000
0.183731 -1.275610 0.058705 0.000000
0.376760 -0.033320 0.080884 0.000000
0.178748 -1.201035 0.025280 0.000000
0.283309 -0.273256 0.018624 0.000000
0.392146 -0.098809 0.080902 0.000000
0.307715 0.032554 0.035509 0.000000
0.457768 0.151925 0.006616 0.000000
0.603247 -0.044292 -0.047413 0.000000
0.261692 -0.478573 0.007756 0.000000
0.211527 -0.376374 0.031074 0.000000
0.412911 0.092239 0.000025 0.000000
0.247150 -0.644167 0.017341 0.000000
0.266181 -0.469267 0.012536 0.000000
0.201011 -1.123884 -0.165023 1.000000
0.216398 -0.840602 0.016058 0.000000
0.199961 -0.399073 0.017248 0.000000
0.324282 0.026948 0.001185 0.000000
0.110073 -0.619712 0.030592 0.000000
0.079339 -0.654752 0.028203 0.000000
0.231501 -0.755340 0.011522 0.000000
0.665382 -0.115597 -0.070966 0.000000
0.337497 -0.060848 0.016128 0.000000
0.334079 0.369147 0.049448 0.000000
0.182548 0.116189 -0.035748 0.000000
0.040602 -0.744724 0.024969 0.000000
0.155461 -1.160312 0.042233 0.000000
0.346241 -0.092077 0.015805 0.000000
0.192709 -0.430510 0.041322 0.000000
0.556130 0.016633 -0.020582 0.000000
0.142125 -1.159747 0.061414 0.000000
0.192785 -1.115210 -0.165050 1.000000
0.169638 -1.326669 0.062413 0.000000
0.157082 -1.359868 -0.381224 1.000000
0.418750 0.248338 0.029818 0.000000
0.265371 -0.490437 0.012021 0.000000
0.324371 0.006586 0.010939 0.000000
0.099726 -0.003690 -0.063116 0.000000
0.435151 -0.160171 -0.121875 0.000000
0.270163 -0.373184 0.018224 0.000000
0.194646 -1.005592 -0.060171 1.000000
0.201023 -1.021169 -0.079097 1.000000
0.434987 0.037444 -0.003519 0.000000
0.259654 -0.458309 0.018172 0.000000
0.356733 0.443186 0.034917 0.000000
0.282596 -0.239213 0.029781 0.000000
0.133210 -0.525424 0.025629 0.000000
0.318706 0.059859 0.042212 0.000000
0.477610 -0.307801 0.114519 0.000000
0.217654 -0.974301 -0.037386 1.000000
0.390666 0.272604 0.021678 0.000000
0.119926 0.026559 -0.052425 0.000000
0.174461 -1.252955 -0.278639 1.000000
0.573476 -0.446167 0.136206 0.000000
0.259069 -0.440862 0.013848 0.000000
0.216918 -0.972208 0.026053 0.000000
0.233719 -0.945953 -0.022074 1.000000
0.220770 -0.893197 0.007948 0.000000
0.203924 -1.146893 -0.182132 1.000000
0.183725 -1.166991 0.034552 0.000000
0.486087 -0.089920 -0.034466 0.000000
0.363069 -0.007158 0.063716 0.000000
0.317497 0.126381 0.039137 0.000000
0.174745 -0.135815 -0.079846 0.000000
0.420615 -0.135157 -0.112717 0.000000
0.339181 0.335192 0.019397 0.000000
-0.014611 -0.899477 0.008165 0.000000
0.269389 -0.362463 0.025865 0.000000
0.199213 -1.222993 -0.247928 1.000000
0.253080 -0.494040 0.022315 0.000000
0.181510 -1.276615 -0.304225 1.000000
0.301479 0.285657 0.040302 0.000000
0.609039 -0.465076 0.148116 0.000000
0.558026 -0.435411 0.131376 0.000000
0.170543 -0.450306 0.020550 0.000000
0.182760 -1.124850 0.044764 0.000000
0.126076 -0.542214 0.027336 0.000000
0.344832 0.377770 0.028323 0.000000
0.498784 -0.268313 -0.151637 0.000000
0.119483 -0.584809 0.031703 0.000000
0.316051 0.124467 0.051448 0.000000
0.173409 -1.302787 0.062179 0.000000
0.203537 -1.115263 -0.171000 1.000000
0.167160 -0.167262 -0.096622 0.000000
0.011336 -0.846553 0.018053 0.000000
0.477516 -0.278607 0.096422 0.000000
0.037045 -0.109858 -0.117943 0.000000
0.335538 0.237874 0.014439 0.000000
-0.071741 -1.051543 -0.014907 0.000000
-0.090291 -1.086722 -0.028026 0.000000
0.193240 -1.198623 -0.233647 1.000000
0.300539 -0.017718 0.037603 0.000000
0.000536 -0.862195 0.015295 0.000000
0.470394 -0.225799 -0.156563 0.000000
0.051703 -0.722143 0.027817 0.000000
0.254814 -0.597324 0.009734 0.000000
0.396423 0.355529 0.038109 0.000000
0.392377 0.369961 0.040496 0.000000
0.181692 -1.178027 0.031500 0.000000
0.225214 -0.802046 0.009666 0.000000
0.325472 0.270141 0.053371 0.000000
0.153905 -0.213196 -0.127754 0.000000
0.271052 0.231962 0.003631 0.000000
0.263858 -0.475382 0.025646 0.000000
0.331017 -0.027349 0.005268 0.000000
0.319347 0.159595 0.039366 0.000000
0.382698 -0.015969 -0.047085 0.000000
0.626585 -0.073145 -0.058192 0.000000
0.322011 0.181362 0.043844 0.000000
0.438991 0.205045 0.091845 0.000000
0.328318 0.350616 0.056269 0.000000
0.195044 -0.973680 -0.039122 1.000000
0.360530 0.002605 0.069693 0.000000
-0.078346 -1.055199 -0.031740 0.000000
0.267739 -0.299618 0.018540 0.000000
0.136975 -1.154928 0.037568 0.000000
0.418424 -0.100610 -0.098684 0.000000
0.409752 0.282008 0.033443 0.000000
0.510304 -0.374575 0.117094 0.000000
0.295095 -0.084469 0.038002 0.000000
0.235641 -0.670043 0.011356 0.000000
0.291340 -0.152235 0.036721 0.000000
0.413517 -0.140919 0.092678 0.000000
0.210768 -1.085790 -0.130565 1.000000
0.209340 -1.025334 -0.083879 1.000000
0.181994 -0.140964 -0.085810 0.000000
0.172102 -1.158939 0.038226 0.000000
0.487724 0.103790 -0.001347 0.000000
0.153540 -0.197694 -0.112760 0.000000
0.190790 -1.017780 0.035915 0.000000
0.222235 -0.941565 -0.026631 1.000000
0.257639 0.212915 0.009481 0.000000
0.388907 0.212284 0.008721 0.000000
0.464963 -0.255233 0.098705 0.000000
0.266893 -0.420930 0.021810 0.000000
0.138106 -0.240192 -0.161101 0.000000
0.244250 -0.614138 0.009432 0.000000
0.160133 -1.318938 -0.340865 1.000000
0.246052 -0.590350 0.021793 0.000000
0.316080 -0.000079 0.039244 0.000000
0.371718 0.020503 -0.037255 0.000000
0.211638 0.150739 0.000403 0.000000
0.217461 -0.953762 0.018206 0.000000
0.180556 -1.207197 0.057179 0.000000
0.191038 -0.092341 -0.064751 0.000000
0.502606 0.099015 0.010472 0.000000
0.257542 -0.295665 0.028140 0.000000
0.531663 -0.403491 0.115520 0.000000
0.213400 -0.908365 -0.000071 1.000000
0.392723 0.293740 0.028459 0.000000
0.302996 -0.037798 0.035283 0.000000
0.167069 -1.092470 0.029050 0.000000
0.466967 -0.210876 -0.149321 0.000000
0.532551 -0.147995 -0.073888 0.000000
0.142838 -1.194603 0.057990 0.000000
0.592513 -0.034252 -0.041690 0.000000
0.314627 0.045819 0.046842 0.000000
0.199048 -1.065823 0.017555 0.000000
0.156030 -1.114810 0.023107 0.000000
0.449563 -0.200117 0.088497 0.000000
0.054056 -0.081812 -0.100952 0.000000
0.196273 -1.054393 0.032835 0.000000
0.418193 0.252821 0.077855 0.000000
0.272065 -0.402934 0.021368 0.000000
0.327777 0.331918 0.055956 0.000000
0.273647 -0.292484 0.031232 0.000000
0.274225 -0.268858 0.022775 0.000000
0.127744 -0.564633 0.030894 0.000000
0.271655 -0.334845 0.019901 0.000000
0.302457 -0.109188 0.041583 0.000000
0.212492 -1.006677 -0.076194 1.000000
0.230503 -0.912046 -0.005074 1.000000
-0.065786 -1.011920 -0.010595 0.000000
0.222263 -0.934855 0.019213 0.000000
0.380700 -0.043442 0.080208 0.000000
0.102531 -0.651284 0.032520 0.000000
0.333479 -0.049166 0.008983 0.000000
0.162569 -1.086208 0.039174 0.000000
0.526403 0.061303 -0.002357 0.000000
0.179763 -1.013466 0.027492 0.000000
0.580886 -0.455021 0.134861 0.000000
0.282040 -0.194037 0.024785 0.000000
0.334490 0.109836 -0.007438 0.000000
0.384572 -0.072078 0.082119 0.000000
0.201834 -1.037747 0.014534 0.000000
0.495108 0.111630 0.011107 0.000000
-0.093980 -1.104768 -0.026369 0.000000
0.547758 -0.426132 0.128925 0.000000
0.248448 -0.663297 0.018266 0.000000
0.247764 -0.635888 0.008814 0.000000
0.707930 -0.137250 -0.073658 0.000000
0.284765 -0.253230 0.028839 0.000000
0.181773 -1.186462 0.056363 0.000000
0.340886 0.403574 0.058917 0.000000
0.398843 -0.053216 -0.064878 0.000000
0.417875 0.253957 0.020878 0.000000
0.137505 -0.555157 0.044090 0.000000
0.188188 -1.008476 0.018202 0.000000
0.227459 -0.869701 0.018053 0.000000
0.506420 0.078138 0.177975 0.000000
0.215149 -0.858341 0.016667 0.000000
0.237295 -0.768383 0.021922 0.000000
0.442123 -0.226159 0.102154 0.000000
0.107762 -0.022787 -0.066792 0.000000
0.292185 -0.208967 0.026076 0.000000
0.647011 -0.496267 0.151707 0.000000
0.182782 -1.191737 -0.231238 1.000000
0.402988 -0.076638 -0.082823 0.000000
0.427283 0.028092 -0.015937 0.000000
0.066360 -0.069973 -0.091373 0.000000
0.180358 -1.116727 0.029627 0.000000
0.238173 -0.332490 0.040280 0.000000
0.236483 -0.938141 -0.015241 1.000000
0.265644 -0.448330 0.017182 0.000000
0.278999 0.111641 -0.005221 0.000000
0.496214 -0.326845 0.099722 0.000000
0.508464 0.086078 0.004324 0.000000
0.150768 -0.219955 -0.136162 0.000000
0.133857 -0.546224 0.032165 0.000000
0.273485 -0.352407 0.017401 0.000000
0.430897 -0.214522 0.096110 0.000000
0.228682 -0.964753 -0.047190 1.000000
0.307688 -0.004132 0.042377 0.000000
0.158772 -0.469480 0.023194 0.000000
0.204508 -1.003546 0.019747 0.000000
0.193764 0.122583 -0.014654 0.000000
0.254602 -0.302576 0.035742 0.000000
0.554235 -0.162222 -0.080632 0.000000
0.065995 -0.700142 0.024511 0.000000
0.214657 -0.916964 0.016860 0.000000
0.340092 0.416120 0.058532 0.000000
0.403620 0.145273 0.000051 0.000000
0.230367 -0.749418 0.020340 0.000000
0.357175 -0.097512 0.022193 0.000000
0.485387 -0.323699 0.110330 0.000000
0.522705 -0.388572 0.111226 0.000000
0.150320 0.060996 -0.037136 0.000000
0.165571 -1.365931 -0.380939 1.000000
0.231380 -0.959796 -0.034563 1.000000
0.424936 -0.150288 0.094561 0.000000
0.286676 -0.180444 0.029706 0.000000
0.145670 -1.150573 0.038468 0.000000
0.083323 -0.017106 -0.070979 0.000000
0.152079 -1.376541 -0.386524 1.000000
0.272293 -0.318449 0.028873 0.000000
0.309476 0.304687 0.039772 0.000000
0.259648 -0.526016 0.025966 0.000000
0.248216 -0.574368 0.010027 0.000000
0.310270 0.084043 0.039162 0.000000
0.198528 -1.022892 0.021532 0.000000
0.452473 -0.230606 0.101345 0.000000
0.184771 -0.159182 -0.097898 0.000000
0.162979 -1.213621 0.047319 0.000000
0.255825 -0.519270 0.018852 0.000000
0.414878 -0.158377 0.086590 0.000000
0.273695 0.239001 0.019672 0.000000
0.299110 0.279968 0.023732 0.000000
0.237425 -0.646754 0.022748 0.000000
0.397801 0.321261 0.037268 0.000000
0.391742 0.196230 0.012715 0.000000
0.494118 -0.341900 0.113458 0.000000
0.242279 0.030507 -0.032293 0.000000
0.205740 -0.891361 0.012627 0.000000
0.328658 0.214462 0.010500 0.000000
0.401578 0.282216 0.063776 0.000000
0.514625 0.069313 -0.003532 0.000000
0.179170 -1.325714 -0.345270 1.000000
0.164776 -1.101266 0.039438 0.000000
0.612842 -0.474380 0.139584 0.000000
0.222759 -0.351163 0.020055 0.000000
0.341406 0.270766 0.018926 0.000000
0.216193 -0.951978 -0.028150 1.000000
0.266411 0.087699 -0.013629 0.000000
0.335953 0.125400 -0.001026 0.000000
0.252701 -0.509861 0.021853 0.000000
0.235075 0.183748 -0.005694 0.000000
0.199194 -1.085627 -0.137452 1.000000
0.393719 -0.067774 0.087086 0.000000
0.205107 -1.130017 -0.183779 1.000000
0.264686 -0.344960 0.019778 0.000000
0.197773 -1.079897 0.022054 0.000000
0.518338 0.039669 0.216636 0.000000
0.223564 -0.362019 0.035886 0.000000
0.349764 0.386820 0.028546 0.000000
0.307492 -0.053830 0.043702 0.000000
0.481675 -0.240735 -0.152785 0.000000
0.079076 -0.036546 -0.076954 0.000000
0.212772 -0.055033 -0.050260 0.000000
0.268591 -0.392794 0.013197 0.000000
0.449531 -0.248569 0.101685 0.000000
0.100585 -0.585257 0.026866 0.000000
0.411923 0.092068 0.009562 0.000000
0.001832 -0.869041 0.007480 0.000000
0.215062 -0.897435 0.015302 0.000000
0.329541 0.030282 -0.007595 0.000000
0.096841 -0.597751 0.021549 0.000000
0.329520 0.378057 0.054082 0.000000
0.289944 0.137993 -0.002687 0.000000
0.337384 0.281232 0.020241 0.000000
0.303427 0.011269 0.043913 0.000000
0.301311 -0.075905 0.041058 0.000000
0.452448 -0.212642 0.097841 0.000000
0.639749 -0.088526 -0.056797 0.000000
0.117591 -1.253467 0.074485 0.000000
0.203300 -1.136966 -0.174655 1.000000
0.396701 -0.066326 -0.075789 0.000000
0.457053 -0.034081 -0.022649 0.000000
0.358074 -0.104431 0.012593 0.000000
0.342611 0.451075 0.064901 0.000000
-0.055378 -1.001705 -0.010364 0.000000
0.362214 0.052316 -0.019119 0.000000
0.398449 0.305418 0.021635 0.000000
0.406528 -0.125547 0.082804 0.000000
0.388261 0.478713 0.044248 0.000000
0.496082 0.091248 0.166255 0.000000
0.209870 -1.032819 -0.099140 1.000000
0.144150 -0.484198 0.021634 0.000000
0.111972 -0.570195 0.027414 0.000000
0.439699 0.205832 0.019422 0.000000
0.207306 -0.397418 0.032540 0.000000
0.199894 -1.089716 -0.146602 1.000000
0.159779 -1.174248 0.041968 0.000000
0.203969 -0.073784 -0.057261 0.000000
0.186197 -0.428410 0.019060 0.000000
-0.018122 -0.913630 0.005016 0.000000
0.170949 -1.168689 0.035341 0.000000
0.273517 -0.285706 0.013155 0.000000
0.205587 -1.006450 0.030413 0.000000
0.492698 -0.350115 0.123330 0.000000
0.203131 -1.080365 0.037994 0.000000
0.344431 0.094045 0.001359 0.000000
0.596475 -0.461357 0.139953 0.000000
0.580428 -0.193046 -0.112107 0.000000
0.403632 -0.098881 0.085520 0.000000
0.137455 0.028007 -0.043175 0.000000
0.381604 0.496056 0.048105 0.000000
0.201616 -0.384580 0.018325 0.000000
0.318849 0.322779 0.052347 0.000000
0.491122 -0.080402 -0.024999 0.000000
0.336255 0.105585 0.002725 0.000000
0.627386 -0.081399 -0.053628 0.000000
0.369106 0.037637 -0.020256 0.000000
0.533101 0.042801 -0.011550 0.000000
0.210516 -0.946647 0.020539 0.000000
0.318996 0.100605 0.039074 0.000000
0.457940 -0.283138 0.109862 0.000000
0.606478 -0.053571 -0.048042 0.000000
0.190412 -1.136199 -0.164619 1.000000
0.224998 -0.976030 -0.064512 1.000000
0.195735 -1.143715 -0.191428 1.000000
0.183873 -1.046930 0.020833 0.000000
0.377308 -0.050585 0.063329 0.000000
0.293290 -0.174200 0.033288 0.000000
0.386193 0.305226 0.060239 0.000000
0.196536 -1.075157 0.033218 0.000000
0.235668 -0.741760 0.009425 0.000000
0.217206 -0.360190 0.018840 0.000000
0.110383 0.008725 -0.057113 0.000000
0.048106 -0.767023 0.017875 0.000000
0.293754 0.158339 -0.003066 0.000000
0.328069 0.301652 0.054072 0.000000
0.337248 0.298715 0.056909 0.000000
0.473125 0.138053 0.010626 0.000000
0.365564 0.345450 0.037974 0.000000
0.148161 -1.205174 0.043091 0.000000
0.441149 -0.160596 -0.130644 0.000000
0.458905 0.162434 0.009603 0.000000
0.169228 -1.333224 -0.347045 1.000000
0.127930 -0.590591 0.038070 0.000000
0.018015 -0.816894 0.019886 0.000000
0.238086 -0.667805 0.022695 0.000000
0.409321 0.291538 0.025077 0.000000
0.260968 0.224531 0.025191 0.000000
0.361201 -0.122126 0.008769 0.000000
0.335160 0.259716 0.018185 0.000000
0.201354 -1.030870 0.034189 0.000000
0.253993 -0.618437 0.012750 0.000000
0.287857 -0.197891 0.031696 0.000000
0.012458 -0.836238 0.016649 0.000000
0.011830 -0.142135 -0.134224 0.000000
0.447822 -0.188308 -0.138863 0.000000
0.221702 -0.970904 -0.047314 1.000000
0.161442 -0.492666 0.037329 0.000000
0.182437 -1.294569 0.059291 0.000000
0.184780 -0.439202 0.038041 0.000000
0.135736 -1.166977 0.067900 0.000000
0.361416 0.037184 -0.032155 0.000000
0.231109 -0.897012 0.005967 1.000000
0.151541 -1.222592 0.040375 0.000000
0.191285 -1.040390 0.026140 0.000000
0.771326 -0.173719 -0.107207 0.000000
0.107520 -1.304758 0.041362 0.000000
-0.066587 -1.031338 -0.009185 0.000000
0.174908 -1.223038 0.033055 0.000000
0.326500 0.278609 0.048965 0.000000
0.195491 -1.091956 0.024857 0.000000
0.181199 -1.287926 -0.312039 1.000000
0.303436 -0.084514 0.033356 0.000000
0.125899 -1.268566 0.045882 0.000000
0.202161 -1.012096 -0.073008 1.000000
0.264653 -0.409967 0.018922 0.000000
0.122000 -1.263431 0.038366 0.000000
-0.050927 -0.987490 -0.003911 0.000000
0.228510 0.174317 -0.013656 0.000000
0.507320 0.066181 0.185331 0.000000
0.415298 0.084258 0.005223 0.000000
0.428060 0.054923 -0.000414 0.000000
0.191092 -1.068685 0.024930 0.000000
0.184312 -1.252797 -0.282881 1.000000
0.181373 -1.182059 0.048241 0.000000
0.120554 -1.239954 0.037992 0.000000
0.253993 0.047288 -0.016643 0.000000
0.192315 -0.107413 -0.070557 0.000000
0.359421 0.052536 -0.029681 0.000000
0.190246 -1.129542 0.028417 0.000000
0.301305 -0.028605 0.036114 0.000000
-0.044897 -0.973193 -0.008241 0.000000
0.120470 -0.559836 0.027554 0.000000
0.307046 -0.049225 0.034102 0.000000
0.286605 -0.227340 0.023041 0.000000
0.515933 -0.388374 0.124222 0.000000
0.402069 -0.131961 0.077109 0.000000
0.505563 -0.357180 0.108411 0.000000
0.325834 0.047716 -0.000840 0.000000
0.267448 -0.436795 0.022409 0.000000
0.283097 -0.207729 0.025285 0.000000
0.334032 0.378594 0.064657 0.000000
0.314574 0.015998 0.039491 0.000000
0.171259 -1.134701 0.045068 0.000000
0.186911 -1.187024 0.023006 0.000000
0.312989 0.025111 0.036576 0.000000
0.478788 0.145831 0.015937 0.000000
0.257655 -0.575032 0.015133 0.000000
0.396172 0.156779 0.011829 0.000000
0.168126 -1.306008 0.035774 0.000000
0.148535 -0.499469 0.028933 0.000000
0.087459 -0.680091 0.026375 0.000000
0.417374 0.081162 -0.008217 0.000000
0.140687 0.051411 -0.042437 0.000000
0.325706 0.043255 0.007777 0.000000
0.232503 -0.709151 0.017698 0.000000
0.423853 -0.184774 0.094536 0.000000
0.520872 -0.399574 0.132484 0.000000
0.465813 0.151324 0.012144 0.000000
0.068824 -0.685890 0.028612 0.000000
0.494850 0.091210 0.176747 0.000000
0.459919 -0.247510 0.100430 0.000000
0.162886 -1.223878 0.046471 0.000000
0.192440 -1.032795 0.034579 0.000000
0.294204 0.144883 0.007423 0.000000
0.351064 0.088897 -0.013193 0.000000
0.333111 0.238451 0.051751 0.000000
0.024907 -0.829742 0.012460 0.000000
0.267888 -0.374247 0.027735 0.000000
0.238392 -0.323018 0.010011 0.000000
0.174530 -1.184319 0.037099 0.000000
0.673870 -0.515442 0.162581 0.000000
0.269383 -0.456393 0.025390 0.000000
0.337163 0.168386 0.010895 0.000000
0.200280 0.132503 -0.014640 0.000000
0.173333 -1.316245 -0.337456 1.000000
0.152061 -1.237087 0.048571 0.000000
0.500283 -0.360818 0.118222 0.000000
0.193179 -1.138640 0.031352 0.000000
0.339441 -0.073279 0.014837 0.000000
0.533270 -0.412998 0.125124 0.000000
0.515757 -0.104248 -0.038207 0.000000
0.327945 -0.012766 0.010704 0.000000
0.244960 -0.631603 0.016301 0.000000
0.296926 0.279639 0.034366 0.000000
0.079759 -0.688837 0.031908 0.000000
0.406024 0.125438 0.002003 0.000000
0.252695 -0.467469 0.022039 0.000000
0.272132 -0.279758 0.026727 0.000000
0.201028 -1.104731 0.019827 0.000000
0.182505 -1.097082 0.030562 0.000000
0.274385 0.108426 -0.017100 0.000000
0.241088 -0.935190 -0.022457 1.000000
0.350528 0.477838 0.043345 0.000000
0.263460 -0.428762 0.018840 0.000000
0.323947 0.099941 0.051811 0.000000
0.577367 -0.195109 -0.120579 0.000000
0.206119 -0.914428 0.005188 1.000000
0.166452 -1.191644 0.039832 0.000000
0.143453 -0.224549 -0.138846 0.000000
0.443939 -0.171662 -0.134219 0.000000
0.204325 -1.053369 -0.118037 1.000000
0.327211 0.075349 -0.012088 0.000000
0.157374 0.080493 -0.048193 0.000000
0.422665 0.245956 0.082980 0.000000
0.306366 0.165775 -0.006139 0.000000
0.054984 -0.286114 -0.220882 0.000000
0.395774 0.303467 0.057395 0.000000
0.177307 -1.256867 0.035980 0.000000
0.170209 -0.457306 0.026325 0.000000
0.431152 0.209468 0.091408 0.000000
0.517482 -0.125977 -0.050621 0.000000
0.328569 0.281436 0.057740 0.000000
0.247206 -0.312277 0.020887 0.000000
0.195221 -0.141415 -0.087311 0.000000
0.242565 0.045138 -0.030009 0.000000
0.403726 0.190877 -0.002310 0.000000
0.354144 -0.116182 0.008943 0.000000
0.186745 -1.118388 0.035734 0.000000
0.382276 -0.002714 -0.038593 0.000000
0.347895 0.451649 0.043319 0.000000
0.564174 0.007265 -0.024952 0.000000
0.452244 -0.012697 -0.012335 0.000000
0.355276 0.373963 0.034166 0.000000
0.176666 -1.261461 0.057829 0.000000
0.226680 -0.863573 0.010915 0.000000
0.131115 -0.572889 0.031700 0.000000
0.025204 -0.799830 0.019224 0.000000
0.110681 -0.600728 0.030763 0.000000
-0.098091 -1.103069 -0.034962 0.000000
0.267713 -0.337076 0.027627 0.000000
0.131138 -1.193310 0.032767 0.000000
0.168551 0.096236 -0.036936 0.000000
0.260734 -0.484042 0.016989 0.000000
0.220371 -0.978966 -0.056369 1.000000
0.259414 -0.546280 0.015094 0.000000
0.248721 -0.610873 0.016426 0.000000
0.194313 -1.000456 0.021165 0.000000
0.282488 0.124405 -0.018077 0.000000
0.655419 -0.110187 -0.060092 0.000000
0.472242 -0.287075 0.104309 0.000000
0.187690 -1.111366 0.044367 0.000000
0.324891 0.325979 0.042826 0.000000
0.339827 0.060209 0.053754 0.000000
0.637590 -0.487003 0.150606 0.000000
0.255827 -0.443065 0.021816 0.000000
0.454109 0.170528 0.110287 0.000000
0.714874 -0.144162 -0.075885 0.000000
0.240171 -0.695176 0.017661 0.000000
0.176926 -1.164854 0.043095 0.000000
0.188559 -1.204286 -0.247189 1.000000
0.190682 -1.135044 -0.174061 1.000000
0.233244 -0.726557 0.013822 0.000000
0.251190 -0.542971 0.011635 0.000000
0.268268 0.079091 -0.006471 0.000000
0.221248 -0.843379 0.009100 0.000000
0.142298 -1.210114 0.047538 0.000000
0.311503 0.030526 0.049460 0.000000
0.333039 0.093806 -0.006326 0.000000
0.400115 0.228050 0.007158 0.000000
0.189364 -1.012170 0.028731 0.000000
0.142489 -0.510107 0.026550 0.000000
0.118206 0.030092 -0.061127 0.000000
0.225321 0.167936 0.004656 0.000000
0.124315 0.018861 -0.051845 0.000000
0.317561 0.135649 0.043654 0.000000
0.247899 -0.313376 0.031927 0.000000
-0.028118 -0.951586 -0.012200 0.000000
0.388510 0.398102 0.038919 0.000000
0.213514 -1.038566 0.035154 0.000000
0.084826 -1.357829 0.082414 0.000000
0.088898 -0.641963 0.030318 0.000000
0.215074 -0.874813 0.009742 0.000000
0.407366 0.131741 0.008713 0.000000
0.389816 0.336117 0.035821 0.000000
0.333555 0.075255 0.052432 0.000000
0.153204 -1.287735 0.054795 0.000000
0.661346 -0.105177 -0.065929 0.000000
0.301875 -0.102957 0.031655 0.000000
0.306041 0.168783 0.008370 0.000000
0.726474 -0.144254 -0.083881 0.000000
0.299768 -0.091577 0.040174 0.000000
0.035861 -0.790368 0.018975 0.000000
0.233359 -0.023780 -0.038395 0.000000
0.140007 -1.169745 0.039370 0.000000
0.453411 -0.200122 -0.144036 0.000000
0.076457 -0.050370 -0.086690 0.000000
0.433738 -0.148257 -0.122659 0.000000
0.170037 -0.476765 0.032223 0.000000
0.397390 0.413059 0.043332 0.000000
0.176433 -1.101251 0.038587 0.000000
0.138301 -0.236998 -0.149156 0.000000
0.207183 -0.976011 -0.041786 1.000000
0.256040 -0.562549 0.012180 0.000000
0.164263 -1.323284 -0.334499 1.000000
0.186862 -0.414547 0.016530 0.000000
0.451026 0.178763 0.013894 0.000000
0.256087 -0.559629 0.025359 0.000000
0.173426 -1.221038 0.054560 0.000000
-0.105470 -1.116814 -0.035712 0.000000
0.285388 -0.238081 0.019848 0.000000
0.072420 -0.287236 -0.220826 0.000000
0.028160 -0.128160 -0.125545 0.000000
-0.071644 -1.043480 -0.022360 0.000000
0.162575 -1.234177 0.050124 0.000000
0.243427 0.198598 0.013291 0.000000
0.233870 -0.781385 0.008378 0.000000
0.077242 -0.703275 0.023106 0.000000
0.401648 0.312837 0.025739 0.000000
-0.010423 -0.910235 -0.000067 0.000000
0.284066 0.255807 0.025630 0.000000
0.196594 -0.088024 -0.058279 0.000000
0.339946 0.346027 0.021212 0.000000
0.235291 -0.945738 -0.035828 1.000000
0.174628 -1.235505 0.034944 0.000000
0.498902 -0.093293 -0.034726 0.000000
0.320127 0.007086 -0.010739 0.000000
0.337780 0.304295 0.018530 0.000000
0.323393 0.232858 0.051729 0.000000
0.299572 -0.139944 0.040241 0.000000
0.239739 -0.910898 -0.005060 1.000000
0.570647 -0.181005 -0.101732 0.000000
0.686615 -0.524560 0.162003 0.000000
0.234728 -0.797889 0.012596 0.000000
0.061829 -0.291223 -0.228012 0.000000
0.324424 -0.016597 -0.000053 0.000000
0.403144 -0.085808 0.088678 0.000000
0.225745 -0.851928 0.016076 0.000000
0.190108 -1.187757 0.058352 0.000000
0.349781 0.405934 0.036181 0.000000
0.392529 0.240755 0.015063 0.000000
0.208566 -0.950766 -0.024232 1.000000
0.392439 -0.014654 -0.044459 0.000000
0.397525 0.322386 0.028524 0.000000
0.216586 -1.020566 -0.087443 1.000000
0.224464 -0.789148 0.012546 0.000000
0.352713 0.433485 0.030531 0.000000
0.198323 -1.133444 -0.168250 1.000000
0.192182 -1.211017 -0.222796 1.000000
0.390365 -0.036091 -0.062114 0.000000
0.192763 -1.003533 0.030813 0.000000
0.437870 0.019217 -0.009659 0.000000
0.261943 -0.495219 0.020933 0.000000
0.316924 0.312986 0.038969 0.000000
0.133078 -1.185815 0.069249 0.000000
0.194511 -0.408685 0.028629 0.000000
0.320120 0.245466 0.049017 0.000000
0.437047 0.206633 0.010896 0.000000
0.239040 -0.327255 0.026547 0.000000
0.478948 -0.060874 -0.018645 0.000000
0.186067 -1.113074 0.022335 0.000000
0.276767 -0.260738 0.027999 0.000000
0.441699 0.197512 0.095780 0.000000
0.305064 -0.036413 0.048934 0.000000
0.113761 -0.586845 0.025622 0.000000
0.001823 -0.848472 0.020000 0.000000
0.265132 -0.365857 0.016408 0.000000
0.245336 -0.549103 0.019928 0.000000
0.764438 -0.172626 -0.101795 0.000000
0.199991 -0.905196 0.004439 1.000000
0.258027 0.216580 0.001560 0.000000
0.197905 -1.019198 -0.086848 1.000000
0.316362 0.112688 0.054094 0.000000
0.189359 -1.244125 -0.273814 1.000000
0.088223 -0.027144 -0.070643 0.000000
0.327252 0.207940 0.057235 0.000000
0.502663 0.084634 -0.001820 0.000000
0.330759 0.258903 0.048813 0.000000
0.183132 -1.086188 0.031873 0.000000
0.265485 -0.284188 0.018179 0.000000
0.183453 -1.170746 0.021498 0.000000
0.204046 -1.031767 0.021172 0.000000
0.073145 -0.043294 -0.078444 0.000000
0.223115 -0.945683 0.023396 0.000000
0.204237 -0.986340 0.024879 0.000000
0.218014 -0.985413 -0.049464 1.000000
0.313786 0.053682 0.050078 0.000000
0.398525 0.387992 0.043109 0.000000
0.036882 -0.096435 -0.106182 0.000000
0.514686 0.047984 0.202069 0.000000
0.196317 -1.196098 -0.225649 1.000000
0.470246 -0.050155 -0.018810 0.000000
0.347385 0.314351 0.025565 0.000000
-0.002708 -0.862526 0.023306 0.000000
0.163225 -0.182836 -0.106558 0.000000
0.311834 0.189654 0.002581 0.000000
0.316456 0.069264 0.046517 0.000000
0.230660 -0.815916 0.016600 0.000000
0.438405 0.213919 0.091610 0.000000
0.383127 -0.038017 0.086611 0.000000
0.221555 -0.954906 -0.036710 1.000000
0.387156 -0.095985 0.067539 0.000000
0.340353 0.359580 0.030173 0.000000
0.261528 -0.475631 0.016117 0.000000
0.338289 0.219556 0.013067 0.000000
0.497918 -0.336194 0.102420 0.000000
-0.030052 -0.939427 0.011599 0.000000
0.321694 0.201905 0.009119 0.000000
0.225682 -0.826789 0.011727 0.000000
0.257109 -0.537428 0.017784 0.000000
0.323667 0.160912 0.049570 0.000000
-0.024748 -0.928812 0.001803 0.000000
-0.007603 -0.895310 0.005855 0.000000
0.203541 -0.082035 -0.060038 0.000000
-0.079834 -1.061460 -0.026228 0.000000
0.044123 -0.737668 0.028068 0.000000
0.223515 -0.885186 0.008201 0.000000
0.230309 -0.837427 0.010892 0.000000
0.173213 -1.246248 0.036480 0.000000
0.042727 -0.293845 -0.245642 0.000000
0.071931 -0.661479 0.029170 0.000000
0.269085 0.233557 0.014970 0.000000
0.339755 -0.089848 0.009180 0.000000
0.645567 -0.097832 -0.058996 0.000000
0.210728 -0.984977 -0.054995 1.000000
0.138616 -1.160459 0.030574 0.000000
0.270735 -0.463187 0.016263 0.000000
0.335269 -0.076039 0.005650 0.000000
0.121862 -1.336475 0.033158 0.000000
0.512784 -0.366833 0.103502 0.000000
0.495913 0.083575 0.180694 0.000000
0.350792 0.436638 0.041809 0.000000
0.405291 -0.114705 0.083609 0.000000
0.212093 -1.087801 -0.138853 1.000000
0.016230 -0.142627 -0.127027 0.000000
0.349457 0.082708 -0.019950 0.000000
0.318597 0.154641 0.046881 0.000000
0.445988 -0.229204 0.095291 0.000000
0.144416 -0.557036 0.039639 0.000000
0.326094 0.178403 0.053000 0.000000
0.272670 -0.307886 0.029573 0.000000
0.136113 -1.223817 0.048081 0.000000
0.384382 -0.055138 0.079925 0.000000
0.267158 -0.402917 0.028205 0.000000
0.195956 -1.119894 -0.183773 1.000000
0.194658 -1.207122 -0.234256 1.000000
0.208203 -1.055834 0.018532 0.000000
0.119609 -1.247335 0.069094 0.000000
0.169677 -1.205849 0.037126 0.000000
0.124022 -1.277650 0.037739 0.000000
0.402301 0.299078 0.029190 0.000000
0.298859 -0.121202 0.031180 0.000000
0.115712 -0.613827 0.034403 0.000000
0.138003 -1.227913 0.039464 0.000000
0.213871 -0.034887 -0.046409 0.000000
0.144224 -0.230104 -0.145525 0.000000
0.165919 -1.203977 0.050382 0.000000
0.275658 -0.301999 0.017086 0.000000
0.466159 -0.272087 0.107002 0.000000
0.177074 -1.046028 0.013466 0.000000
0.423385 -0.117932 -0.106216 0.000000
0.081882 -0.673506 0.028975 0.000000
0.208103 -1.044422 0.038392 0.000000
0.478459 -0.046646 -0.016031 0.000000
0.207260 0.143820 -0.004975 0.000000
0.219472 -1.039325 -0.109044 1.000000
0.455996 -0.183490 -0.141424 0.000000
0.067391 -0.716047 0.025690 0.000000
-0.047340 -0.992724 -0.016054 0.000000
0.237175 -0.760531 0.014825 0.000000
0.207279 -1.046229 -0.114824 1.000000
0.371321 -0.034348 0.060870 0.000000
0.417774 0.253375 0.086186 0.000000
0.427157 0.050343 -0.007349 0.000000
0.395636 0.281424 0.019903 0.000000
0.216804 -0.936204 -0.019166 1.000000
0.415739 0.096563 -0.014891 0.000000
0.191039 -1.141512 0.019092 0.000000
0.385359 0.003260 -0.044058 0.000000
0.486744 -0.305591 0.098049 0.000000
0.328321 0.196684 0.056151 0.000000
0.231848 -0.921516 -0.009899 1.000000
0.221262 -0.832444 0.017317 0.000000
0.052128 -0.081410 -0.092851 0.000000
0.040492 -0.802205 0.013939 0.000000
0.113229 -1.230491 0.033283 0.000000
0.241706 0.024836 -0.026216 0.000000
0.332891 0.336134 0.049541 0.000000
0.235386 -0.688474 0.012801 0.000000
0.176668 -1.053924 0.023315 0.000000
0.200591 -0.391660 0.022576 0.000000
0.240227 -0.627266 0.022008 0.000000
0.334771 0.359564 0.056142 0.000000
0.185449 -1.130308 0.019459 0.000000
0.387235 -0.028315 -0.057763 0.000000
0.263383 -0.287036 0.037892 0.000000
0.544361 -0.421333 0.135738 0.000000
0.342061 0.102123 -0.011610 0.000000
0.310843 0.179958 -0.003139 0.000000
0.255673 -0.550736 0.021025 0.000000
0.497741 -0.105003 -0.032966 0.000000
0.403890 -0.091096 -0.090352 0.000000
0.348529 0.369680 0.025551 0.000000
0.197227 -1.073244 -0.126410 1.000000
0.349115 -0.102032 0.013416 0.000000
0.011924 -0.830308 0.025790 0.000000
0.188550 -1.203763 0.056541 0.000000
0.393162 0.432441 0.044326 0.000000
0.335637 0.084210 -0.003634 0.000000
0.289310 -0.189227 0.029800 0.000000
0.617405 -0.066617 -0.052451 0.000000
0.349322 0.080284 -0.012033 0.000000
0.249192 -0.583271 0.018184 0.000000
0.190272 -0.423150 0.031668 0.000000
0.178744 -1.244808 0.057266 0.000000
0.165764 -1.344425 -0.351323 1.000000
0.217236 -0.864699 0.009120 0.000000
0.255857 -0.554536 0.007335 0.000000
0.394133 0.223226 0.010933 0.000000
0.279413 -0.190946 0.035471 0.000000
-0.090769 -1.093593 -0.023442 0.000000
0.458218 -0.233352 0.096068 0.000000
0.436886 -0.206479 0.094057 0.000000
0.187977 -1.167628 0.052475 0.000000
0.243232 -0.710614 0.018982 0.000000
0.153993 -1.153999 0.050559 0.000000
0.489517 -0.256129 -0.157714 0.000000
0.213304 -0.966978 -0.039525 1.000000
0.172504 -0.431679 0.018292 0.000000
0.427949 -0.169225 0.090922 0.000000
0.230464 -0.730987 0.020206 0.000000
0.340220 0.315664 0.017015 0.000000
0.315255 0.034036 0.042173 0.000000
0.255990 -0.529418 0.019363 0.000000
0.374290 0.024536 -0.029012 0.000000
0.118490 -1.187209 0.034756 0.000000
0.413062 -0.113066 0.089462 0.000000
0.176583 -1.284879 0.030901 0.000000
0.432032 0.238475 0.021277 0.000000
0.056134 -0.714644 0.028190 0.000000
0.358876 0.458763 0.044524 0.000000
0.124652 0.032898 -0.050148 0.000000
0.245277 -0.650673 0.022018 0.000000
0.220642 0.165145 -0.007677 0.000000
0.400858 -0.048720 -0.071463 0.000000
0.262779 -0.378246 0.018116 0.000000
0.371192 -0.132007 -0.003395 0.000000
0.195157 -1.012504 -0.065848 1.000000
0.413035 -0.141860 0.084419 0.000000
0.334111 -0.058333 0.009075 0.000000
0.321492 0.095395 0.061104 0.000000
0.431543 0.224632 0.027239 0.000000
0.311848 0.101838 0.042927 0.000000
0.400610 0.164030 0.011883 0.000000
0.613700 -0.052953 -0.054042 0.000000
0.130137 -1.200969 0.064275 0.000000
0.313842 0.175665 0.045492 0.000000
0.228853 -0.929048 -0.015233 1.000000
0.156067 -0.492337 0.030026 0.000000
0.209177 -0.387468 0.035765 0.000000
0.651152 -0.493158 0.158639 0.000000
0.042907 -0.760124 0.020177 0.000000
0.173138 -0.170484 -0.101547 0.000000
0.232446 -0.786172 0.014859 0.000000
-0.089228 -1.073900 -0.028748 0.000000
0.400995 0.160582 0.002408 0.000000
0.325596 0.092190 0.053812 0.000000
0.169589 -1.172460 0.048677 0.000000
0.165146 -0.464808 0.021136 0.000000
0.236079 -0.659788 0.010873 0.000000
0.449237 -0.015500 -0.019390 0.000000
0.414993 0.266479 0.027070 0.000000
0.109545 -0.008004 -0.059026 0.000000
0.384779 0.441759 0.044219 0.000000
0.389253 -0.013795 -0.051919 0.000000
0.288286 -0.219976 0.032807 0.000000
0.349363 0.413466 0.031772 0.000000
0.281036 -0.228398 0.029288 0.000000
0.295989 0.150169 -0.008393 0.000000
0.197166 -1.088614 0.017281 0.000000
0.324232 0.262089 0.053381 0.000000
0.251366 0.208755 0.019362 0.000000
0.411657 -0.128867 0.088360 0.000000
0.261300 0.220819 0.012182 0.000000
0.367696 0.034149 -0.027472 0.000000
0.319193 0.212203 0.049811 0.000000
0.343083 0.093178 -0.007780 0.000000
0.163501 -1.083484 0.028000 0.000000
0.390522 0.460897 0.046471 0.000000
0.188345 -1.104537 0.033852 0.000000
0.224531 -0.968381 -0.055190 1.000000
0.471294 0.132564 0.136423 0.000000
-0.086350 -1.091605 -0.033228 0.000000
0.033001 -0.780373 0.023785 0.000000
0.277502 -0.294497 0.020642 0.000000
0.252305 -0.305857 0.019003 0.000000
0.192039 -1.245968 -0.264487 1.000000
0.246700 -0.590283 0.013538 0.000000
0.338439 0.141319 0.004465 0.000000
0.561235 0.011353 -0.017175 0.000000
0.207950 -0.093419 -0.064110 0.000000
-0.006861 -0.879900 0.012313 0.000000
0.477375 0.130840 0.007254 0.000000
0.033637 -0.823968 0.010835 0.000000
0.241712 -0.665105 0.013416 0.000000
0.325151 0.017760 -0.000328 0.000000
0.181457 -0.438959 0.030273 0.000000
0.194526 -0.404482 0.021463 0.000000
0.554414 -0.434001 0.143206 0.000000
0.213951 -0.383181 0.027456 0.000000
0.160480 -1.105156 0.026689 0.000000
0.390666 0.358957 0.033597 0.000000
0.191083 -1.132064 0.037748 0.000000
0.204817 -0.375752 0.012442 0.000000
0.333349 0.414220 0.054516 0.000000
0.199005 -1.091233 0.033973 0.000000
0.425483 0.069784 -0.002147 0.000000
0.303159 -0.010657 0.040936 0.000000
0.231056 0.177417 -0.002359 0.000000
0.365075 0.442882 0.035009 0.000000
0.193117 -1.050097 0.019572 0.000000
0.214819 -0.931833 0.018493 0.000000
0.340925 0.328129 0.023892 0.000000
0.323361 0.203736 0.047061 0.000000
0.242958 -0.699110 0.011208 0.000000
0.178782 -1.046421 0.032114 0.000000
0.341334 0.295470 0.014156 0.000000
0.348309 0.039391 0.057811 0.000000
0.484605 -0.316081 0.107869 0.000000
0.440732 -0.179916 -0.133595 0.000000
0.201283 -1.147889 0.022676 0.000000
0.215086 -0.368322 0.016520 0.000000
0.401668 0.173319 0.000910 0.000000
0.407737 0.107487 -0.004326 0.000000
0.268173 -0.327269 0.025837 0.000000
0.199827 -1.076533 -0.136002 1.000000
0.626391 -0.474981 0.152437 0.000000
0.468067 0.155637 0.125859 0.000000
-0.042684 -0.962961 -0.006965 0.000000
0.465159 -0.218682 -0.149947 0.000000
0.235624 -0.726760 0.006163 0.000000
0.334442 0.200113 0.009085 0.000000
0.370546 0.341122 0.045221 0.000000
0.123074 -1.196492 0.036482 0.000000
0.274126 -0.241303 0.022410 0.000000
0.261426 -0.507550 0.009214 0.000000
0.294453 -0.138941 0.032814 0.000000
0.249198 -0.608981 0.024701 0.000000
0.406252 0.138043 -0.004145 0.000000
0.671223 -0.110393 -0.064341 0.000000
0.157415 -0.206623 -0.120797 0.000000
0.325502 0.184066 0.060290 0.000000
0.264775 0.105777 -0.018263 0.000000
0.412268 -0.160993 0.078277 0.000000
0.118111 -0.602986 0.033805 0.000000
0.320084 0.151441 0.039727 0.000000
0.153627 -0.484930 0.022179 0.000000
0.201470 -1.051113 0.026512 0.000000
0.693020 -0.133286 -0.072282 0.000000
0.527827 0.054604 -0.006430 0.000000
0.662303 -0.503469 0.158286 0.000000
0.334839 0.268226 0.051007 0.000000
0.214301 -0.901103 0.004248 1.000000
0.340241 0.162182 0.002632 0.000000
0.199558 -1.171107 -0.208940 1.000000
0.259683 -0.506098 0.022527 0.000000
0.293218 0.269955 0.019071 0.000000
0.250204 0.061246 -0.024787 0.000000
0.194422 -1.141292 -0.177803 1.000000
0.419146 -0.137677 0.087736 0.000000
0.159459 -1.217535 0.056210 0.000000
0.334138 -0.042848 0.014397 0.000000
0.323668 0.166262 0.043197 0.000000
0.150551 0.069392 -0.040551 0.000000
0.216875 -0.921279 -0.008768 1.000000
0.132274 -1.199082 0.073184 0.000000
0.171739 -1.198304 0.048904 0.000000
0.457785 0.184434 0.018760 0.000000
0.336194 0.309206 0.024848 0.000000
0.393918 0.266310 0.018102 0.000000
0.323500 0.058049 -0.014237 0.000000
0.568338 -0.443137 0.130979 0.000000
0.375825 0.012440 -0.038847 0.000000
0.268118 -0.470657 0.020096 0.000000
0.638241 -0.086823 -0.049204 0.000000
0.211691 0.148735 -0.017321 0.000000
0.537189 -0.140292 -0.068793 0.000000
0.386915 0.228614 0.017274 0.000000
0.265121 -0.428361 0.029575 0.000000
0.346529 0.425725 0.038782 0.000000
0.197690 -1.099552 0.024784 0.000000
0.340914 0.048778 0.065859 0.000000
0.146577 -1.164266 0.034044 0.000000
0.203364 -1.043961 0.023595 0.000000
0.202300 -1.086583 -0.130255 1.000000
0.258633 -0.494912 0.013545 0.000000
0.261140 0.081283 -0.020730 0.000000
0.173742 -1.231788 0.053301 0.000000
0.203598 -1.066552 0.031261 0.000000
0.204996 -1.042509 -0.102435 1.000000
0.147666 -1.173375 0.047539 0.000000
0.328298 0.246270 0.050621 0.000000
0.236602 -0.757588 0.022465 0.000000
0.547476 -0.144868 -0.062584 0.000000
0.312481 -0.018307 0.042779 0.000000
0.330924 -0.012783 -0.003607 0.000000
0.143134 0.043917 -0.042391 0.000000
0.207903 -0.368503 0.012682 0.000000
0.416824 -0.114055 -0.100272 0.000000
0.345499 0.342284 0.025498 0.000000
0.333531 0.351527 0.064083 0.000000
0.342808 0.051567 0.048100 0.000000
0.208735 -1.083875 -0.148810 1.000000
0.337777 0.067701 0.049849 0.000000
0.348417 0.482486 0.058230 0.000000
0.271172 -0.278510 0.019015 0.000000
0.432466 0.230417 0.088916 0.000000
0.368941 0.351065 0.042324 0.000000
0.452517 0.196798 0.102871 0.000000
0.429007 0.230959 0.018952 0.000000
0.190110 -1.183279 0.051898 0.000000
0.396022 0.306573 0.029015 0.000000
0.285419 -0.169574 0.030529 0.000000
0.177392 -1.266176 0.022582 0.000000
0.275029 0.094237 -0.002061 0.000000
0.388396 -0.085052 0.083195 0.000000
0.406302 0.120675 -0.005061 0.000000
0.141124 -0.496692 0.023624 0.000000
0.279705 -0.254677 0.022653 0.000000
0.316230 0.011478 0.045677 0.000000
0.196634 -1.216173 -0.245057 1.000000
0.234689 0.184182 0.010731 0.000000
0.524608 -0.122313 -0.049970 0.000000
0.325661 0.000563 0.001852 0.000000
0.206738 -1.080481 -0.134898 1.000000
0.184294 -1.145124 0.042567 0.000000
0.356440 0.019568 0.076856 0.000000
0.043837 -0.775639 0.017058 0.000000
0.080898 -0.276510 -0.214127 0.000000
0.164833 -1.093577 0.040843 0.000000
0.325679 0.166032 0.055532 0.000000
0.334081 0.390763 0.053190 0.000000
0.728132 -0.153954 -0.078620 0.000000
0.291998 -0.131606 0.038200 0.000000
0.201382 -1.037746 -0.090922 1.000000
0.305768 0.156489 -0.004231 0.000000
0.345867 0.397006 0.029378 0.000000
0.297024 -0.151765 0.029306 0.000000
0.209148 -1.048603 0.027223 0.000000
0.271902 -0.317704 0.019649 0.000000
0.546277 0.010704 -0.021643 0.000000
0.249311 0.045680 -0.022668 0.000000
0.197602 -1.008579 0.017803 0.000000
0.236761 -0.340521 0.034539 0.000000
0.326628 0.079171 -0.003749 0.000000
0.739891 -0.157415 -0.087149 0.000000
0.018601 -0.148811 -0.132605 0.000000
0.213184 -0.369370 0.024073 0.000000
0.463146 -0.040339 -0.019392 0.000000
0.325904 0.109121 0.046531 0.000000
0.428186 -0.132160 -0.111749 0.000000
0.220847 -0.918794 0.012509 0.000000
0.306269 -0.091165 0.045271 0.000000
0.034698 -0.298318 -0.237386 0.000000
0.119596 -1.248385 0.033954 0.000000
0.219073 -0.363962 0.029307 0.000000
0.205528 -0.943452 -0.019492 1.000000
0.344539 0.256219 0.017242 0.000000
0.445979 -0.255177 0.103721 0.000000
0.190912 -1.198276 0.022294 0.000000
0.109350 -1.248605 0.035721 0.000000
0.214630 -1.047833 -0.106446 1.000000
0.201527 -1.038346 0.036304 0.000000
0.324294 0.012137 -0.006496 0.000000
0.154572 -1.207456 0.048652 0.000000
0.242794 -0.598873 0.022756 0.000000
0.271433 -0.267910 0.030906 0.000000
0.484948 -0.073347 -0.028604 0.000000
0.261456 -0.293362 0.021852 0.000000
0.342704 0.279855 0.014686 0.000000
0.172374 -1.181428 0.047325 0.000000
0.188177 0.116898 -0.023505 0.000000
0.417954 0.085970 -0.001854 0.000000
0.545011 -0.432404 0.125294 0.000000
0.193738 -1.145831 0.025477 0.000000
0.445801 0.000472 -0.011511 0.000000
0.355162 0.450553 0.040873 0.000000
0.263910 -0.397426 0.019842 0.000000
0.407308 0.097772 -0.006785 0.000000
0.440358 -0.222425 0.095607 0.000000
-0.092036 -1.086889 -0.035565 0.000000
0.194945 -1.016408 -0.078542 1.000000
0.444994 -0.243124 0.104779 0.000000
0.462113 0.177113 0.111509 0.000000
0.131769 -0.558196 0.032336 0.000000
0.572859 -0.194076 -0.110954 0.000000
0.204202 -1.063249 0.022701 0.000000
0.153552 -0.510647 0.038125 0.000000
0.099675 -0.632324 0.030679 0.000000
0.306399 -0.066297 0.039426 0.000000
0.262703 -0.541191 0.022453 0.000000
0.099243 -0.017631 -0.064698 0.000000
0.213470 -0.972022 0.018737 0.000000
0.603549 -0.464977 0.142512 0.000000
0.368955 -0.016820 0.075254 0.000000
0.224714 -0.908096 -0.001859 1.000000
0.195580 -1.151518 -0.192769 1.000000
0.306118 -0.093836 0.035100 0.000000
0.433245 0.023148 -0.017333 0.000000
0.272474 -0.234915 0.029788 0.000000
0.386379 0.479017 0.051706 0.000000
0.210953 -1.005358 0.023545 0.000000
0.238432 -0.673727 0.017509 0.000000
0.305777 -0.024240 0.042501 0.000000
0.539400 -0.418741 0.121274 0.000000
0.537523 -0.154078 -0.070837 0.000000
0.570843 -0.018658 -0.038714 0.000000
0.308862 0.027822 0.042771 0.000000
0.344897 0.321428 0.023577 0.000000
0.209826 -1.040582 0.018225 0.000000
0.137863 -0.529185 0.030444 0.000000
0.341301 0.418980 0.051443 0.000000
0.364555 -0.128142 0.004600 0.000000
0.191743 -1.191142 -0.232816 1.000000
0.291862 -0.113358 0.033042 0.000000
-0.031275 -0.946759 0.006931 0.000000
0.396761 0.297269 0.022977 0.000000
0.144802 -1.145332 0.043997 0.000000
0.333641 0.175707 0.005096 0.000000
0.096539 -0.643664 0.030773 0.000000
0.359548 0.434051 0.039053 0.000000
0.180771 -1.201696 0.050191 0.000000
0.281178 0.122504 -0.010769 0.000000
0.344796 0.354579 0.025712 0.000000
0.345380 0.471309 0.063120 0.000000
0.251760 -0.524705 0.015052 0.000000
0.171695 -0.154570 -0.091136 0.000000
0.340490 0.375670 0.050070 0.000000
0.251586 -0.515012 0.014106 0.000000
0.230510 -0.940580 -0.026483 1.000000
0.266454 -0.440630 0.029765 0.000000
0.369575 -0.023473 0.065784 0.000000
0.139843 -1.216986 0.045237 0.000000
0.429790 0.044195 -0.002794 0.000000
0.184626 -1.227176 0.030453 0.000000
0.526483 -0.404759 0.132445 0.000000
0.330314 -0.048418 0.001959 0.000000
0.134286 -1.224769 0.060017 0.000000
0.478561 0.136939 0.134781 0.000000
0.310444 0.043200 0.038555 0.000000
0.327501 -0.008617 0.003655 0.000000
0.237046 -0.733834 0.017207 0.000000
0.051970 -0.089032 -0.098209 0.000000
0.416007 0.073943 0.006783 0.000000
0.220373 -0.027805 -0.042578 0.000000
0.263556 -0.498499 0.007626 0.000000
0.190879 -1.079648 0.028254 0.000000
0.297777 -0.062114 0.038174 0.000000
0.224878 -0.782942 0.016957 0.000000
0.321961 0.086800 0.048974 0.000000
0.411915 -0.091891 -0.092471 0.000000
0.479762 -0.298041 0.103213 0.000000
0.188598 -1.122447 0.049026 0.000000
0.467201 -0.299106 0.112209 0.000000
0.195405 -1.104487 0.014698 0.000000
0.170228 -1.048076 0.035913 0.000000
0.431124 0.034467 -0.014342 0.000000
0.327519 0.341107 0.051626 0.000000
0.151433 -1.166755 0.055969 0.000000
0.379999 -0.058559 0.067615 0.000000
0.314757 0.086732 0.045215 0.000000
0.179981 -1.130663 0.040727 0.000000
0.388312 -0.072135 0.075500 0.000000
0.356314 0.020248 0.061854 0.000000
0.092754 -0.625500 0.023959 0.000000
0.183947 -1.257326 0.058178 0.000000
0.170903 -0.178260 -0.106420 0.000000
0.324905 0.024410 -0.006010 0.000000
0.211421 -0.961208 0.023323 0.000000
0.265814 0.228816 0.019998 0.000000
0.182847 -1.116927 0.042576 0.000000
0.202705 -1.053287 0.036706 0.000000
0.246717 -0.628971 0.005882 0.000000
0.116721 -0.256451 -0.179872 0.000000
0.247126 -0.651934 0.014771 0.000000
0.325766 0.040376 -0.008664 0.000000
0.096101 -0.272691 -0.191917 0.000000
0.247126 -0.623464 0.015147 0.000000
0.081079 -0.708293 0.030039 0.000000
0.163376 -1.376628 -0.395259 1.000000
0.254529 0.058663 -0.019133 0.000000
0.023928 -0.119853 -0.120443 0.000000
0.186776 -0.407892 0.020137 0.000000
0.339438 0.054650 0.061254 0.000000
0.193226 -1.259447 -0.281288 1.000000
0.330391 0.253694 0.054286 0.000000
0.259031 0.072227 -0.017237 0.000000
0.295801 0.152165 0.008705 0.000000
0.356087 0.418725 0.031484 0.000000
0.111123 0.027820 -0.056942 0.000000
0.130283 -1.154679 0.032933 0.000000
0.343112 0.217600 0.007590 0.000000
0.218918 -0.996914 -0.068860 1.000000
0.638908 -0.493797 0.153635 0.000000
0.224774 -0.767216 0.013914 0.000000
0.342161 0.287628 0.022170 0.000000
0.318716 0.111822 0.044401 0.000000
0.200338 -0.410052 0.040113 0.000000
0.128104 0.044165 -0.050361 0.000000
0.176967 -1.043034 0.020391 0.000000
0.222976 -0.013775 -0.039926 0.000000
0.277844 -0.275877 0.029765 0.000000
0.206954 -0.992905 0.028132 0.000000
0.151168 -1.130239 0.046542 0.000000
0.495869 0.070508 0.178104 0.000000
0.471949 -0.063854 -0.027867 0.000000
0.173799 -0.450582 0.028354 0.000000
0.412985 -0.151298 0.084835 0.000000
0.058652 -0.742662 0.023407 0.000000
0.224551 -0.350785 0.012265 0.000000
0.069541 -0.707102 0.027405 0.000000
0.217920 -0.826330 0.013262 0.000000
0.178590 -1.283232 -0.302128 1.000000
0.235148 -0.765433 0.009473 0.000000
0.170395 -1.231208 0.029903 0.000000
0.447255 0.177356 0.104594 0.000000
0.228424 -0.001854 -0.035763 0.000000
0.307528 0.063575 0.038343 0.000000
0.207297 -1.036549 0.031432 0.000000
0.234262 -0.711335 0.010719 0.000000
0.403494 0.152880 -0.000108 0.000000
0.318299 0.177091 0.038905 0.000000
0.468949 -0.312771 0.116450 0.000000
0.327721 0.186505 0.045508 0.000000
0.308420 0.304029 0.051445 0.000000
0.168180 -1.217122 0.037224 0.000000
0.358334 0.043169 -0.027963 0.000000
0.181438 -1.253954 -0.289714 1.000000
0.334746 0.192123 0.003491 0.000000
0.180915 -1.174387 0.038013 0.000000
0.578344 -0.202949 -0.121014 0.000000
0.319517 0.182062 0.005706 0.000000
0.204959 -1.005397 -0.071137 1.000000
0.393147 -0.049943 -0.069435 0.000000
0.182498 -1.154943 0.037276 0.000000
0.084393 -0.636145 0.028911 0.000000
0.127243 -1.251681 0.059182 0.000000
0.341761 0.446337 0.058925 0.000000
0.390673 0.290024 0.022297 0.000000
0.489327 0.109546 0.004972 0.000000
0.280911 -0.246343 0.028279 0.000000
0.237717 -0.702813 0.015084 0.000000
0.510968 -0.380702 0.122979 0.000000
0.459473 -0.237771 0.102398 0.000000
0.633237 -0.084688 -0.057323 0.000000
0.208039 -1.043701 0.011235 0.000000
0.162813 -0.479202 0.032314 0.000000
0.258611 -0.451670 0.021423 0.000000
-0.042898 -0.976735 -0.014498 0.000000
0.217914 -0.904949 -0.004934 1.000000
0.201319 -0.408094 0.025632 0.000000
0.297213 -0.124818 0.038745 0.000000
0.184689 -0.428635 0.028271 0.000000
0.148672 -1.216810 0.046310 0.000000
0.105249 0.001295 -0.059559 0.000000
0.339553 0.394403 0.061462 0.000000
0.023170 -0.844951 0.008113 0.000000
0.226516 -0.818503 0.010966 0.000000
0.457069 0.168826 0.006235 0.000000
0.315623 0.094025 0.043941 0.000000
0.038458 -0.117119 -0.118839 0.000000
0.328499 -0.033497 0.000702 0.000000
0.413514 -0.121406 0.087730 0.000000
0.333761 0.405726 0.059208 0.000000
0.040892 -0.103660 -0.113462 0.000000
0.204581 0.139713 -0.014393 0.000000
0.183407 -1.247428 -0.277144 1.000000
0.158951 -1.167131 0.043967 0.000000
0.428838 -0.156116 0.090600 0.000000
0.185729 -0.152693 -0.094089 0.000000
0.540624 0.033195 -0.014678 0.000000
0.161037 -1.309148 0.038725 0.000000
-0.068160 -1.030644 -0.026363 0.000000
0.255121 -0.582127 0.012520 0.000000
0.190093 -0.413213 0.024727 0.000000
0.170796 -1.334040 0.064212 0.000000
0.208287 -1.025187 0.033086 0.000000
0.339267 0.401792 0.065946 0.000000
0.176039 -1.280904 0.056492 0.000000
0.365986 0.337685 0.050711 0.000000
0.145949 -1.231313 0.050015 0.000000
0.338485 0.245036 0.012295 0.000000
0.174366 -1.329950 -0.341513 1.000000
0.195020 -1.157608 0.022527 0.000000
0.195684 -1.175064 -0.201763 1.000000
0.450034 0.185376 0.018158 0.000000
0.276119 0.105766 -0.008725 0.000000
0.163957 -1.327668 -0.346653 1.000000
0.241382 -0.684434 0.020909 0.000000
0.335754 -0.030325 0.011526 0.000000
0.182017 0.104980 -0.019506 0.000000
0.058174 -0.779260 0.018036 0.000000
0.265893 -0.513571 0.008858 0.000000
0.119809 -0.577305 0.030519 0.000000
0.394872 0.295467 0.064600 0.000000
-0.083223 -1.077989 -0.025314 0.000000
0.249419 -0.602013 0.020317 0.000000
0.331199 0.222622 0.053549 0.000000
0.320939 0.173770 0.049455 0.000000
0.470715 0.132691 0.003105 0.000000
0.357819 -0.001973 0.064224 0.000000
0.427605 -0.196055 0.092614 0.000000
0.296720 -0.113319 0.039419 0.000000
0.304627 -0.040971 0.042963 0.000000
0.380334 -0.053888 0.057451 0.000000
0.222490 -0.858006 0.013377 0.000000
0.502602 -0.110975 -0.036910 0.000000
0.150894 -1.294657 0.053638 0.000000
0.084831 -0.649829 0.028603 0.000000
0.259365 -0.470453 0.020963 0.000000
0.280958 -0.214498 0.027323 0.000000
0.590646 -0.462714 0.144279 0.000000
0.178991 -1.328853 0.061459 0.000000
0.199708 -0.106507 -0.069960 0.000000
0.749732 -0.166153 -0.095795 0.000000
0.136984 -1.182405 0.048153 0.000000
0.392110 0.300250 0.050474 0.000000
0.173079 -1.211608 0.041896 0.000000
-0.057208 -1.013350 -0.020442 0.000000
0.269808 -0.379866 0.021400 0.000000
0.051719 -0.770766 0.023460 0.000000
0.381047 -0.009397 -0.050372 0.000000
0.338975 0.368049 0.055694 0.000000
0.307042 0.004645 0.042836 0.000000
0.254952 -0.538594 0.007062 0.000000
0.393668 0.376042 0.036315 0.000000
0.558517 -0.437878 0.123997 0.000000
0.326516 0.217593 0.049684 0.000000
0.295848 -0.180603 0.029220 0.000000
0.214687 -0.979140 0.027106 0.000000
0.345963 0.437224 0.056375 0.000000
0.629429 -0.481234 0.148762 0.000000
0.481763 -0.233279 -0.151940 0.000000
0.456340 -0.263625 0.104322 0.000000
0.104687 -1.295976 0.039617 0.000000
0.429889 -0.179485 0.095926 0.000000
0.219651 -0.371263 0.033422 0.000000
0.445205 -0.209266 0.093328 0.000000
0.463817 -0.054936 -0.024588 0.000000
0.199565 -1.091102 0.041392 0.000000
0.399062 0.306456 0.036467 0.000000
0.469853 -0.260489 0.097212 0.000000
0.040197 -0.768081 0.021953 0.000000
0.323613 0.027112 0.010857 0.000000
0.343389 0.300676 0.021556 0.000000
0.334678 0.284343 0.054922 0.000000
0.690104 -0.127873 -0.076269 0.000000
0.267895 -0.446556 0.010437 0.000000
0.352706 0.449144 0.033507 0.000000
0.044993 -0.095412 -0.101946 0.000000
0.345445 0.406015 0.052963 0.000000
0.333834 0.079849 0.046017 0.000000
0.300512 -0.061772 0.030701 0.000000
0.572838 -0.014443 -0.029164 0.000000
0.157122 -1.237598 0.053833 0.000000
0.147535 -0.516052 0.031362 0.000000
0.347534 0.416400 0.038520 0.000000
0.195890 -1.103669 0.040810 0.000000
0.170985 -1.261099 0.035432 0.000000
0.290288 0.146521 -0.004340 0.000000
0.440753 0.220926 0.095394 0.000000
0.012545 -0.821821 0.021888 0.000000
0.270255 -0.306379 0.019693 0.000000
0.318016 0.049686 0.041653 0.000000
0.534615 -0.147579 -0.066894 0.000000
0.180242 -1.268867 0.015994 0.000000
0.362067 -0.006754 0.055937 0.000000
0.191128 -1.194459 -0.240890 1.000000
0.258652 -0.384130 0.023377 0.000000
0.117045 0.016417 -0.053579 0.000000
0.262725 -0.502198 0.016273 0.000000
0.339314 0.386673 0.056760 0.000000
0.329945 -0.020020 0.007024 0.000000
0.263234 -0.320944 0.022452 0.000000
0.229903 -0.979400 -0.055101 1.000000
0.105019 -0.603815 0.027321 0.000000
0.336936 0.315008 0.053727 0.000000
0.212417 -0.890951 0.009768 0.000000
0.270823 -0.258436 0.021919 0.000000
0.135702 -1.224146 0.033682 0.000000
0.435970 0.007641 -0.016738 0.000000
0.224673 -0.839488 0.014999 0.000000
0.345896 0.458014 0.059601 0.000000
0.229386 -0.801621 0.015820 0.000000
0.519293 -0.394851 0.126979 0.000000
0.307346 -0.001076 0.035117 0.000000
0.217161 0.153787 -0.003189 0.000000
0.157994 -0.504638 0.037563 0.000000
0.231332 -0.015902 -0.036052 0.000000
0.257115 -0.510063 0.014483 0.000000
0.448567 -0.195520 -0.139170 0.000000
0.207651 -1.123247 -0.162169 1.000000
0.392354 0.254140 0.016908 0.000000
0.462867 -0.278602 0.106588 0.000000
0.341855 0.370785 0.028169 0.000000
0.424332 0.059484 -0.004645 0.000000
0.487339 -0.337396 0.112531 0.000000
0.298551 -0.098676 0.036470 0.000000
0.188668 -1.206742 -0.240371 1.000000
0.180980 -1.295143 -0.311415 1.000000
0.201472 -0.991716 -0.055464 1.000000
0.324976 0.141721 0.050287 0.000000
0.360143 0.043612 -0.035236 0.000000
0.201373 -1.147778 -0.189404 1.000000
0.387907 0.203462 0.010243 0.000000
0.339484 0.119511 0.001262 0.000000
0.055460 -0.703464 0.029844 0.000000
0.200005 -1.199744 -0.231333 1.000000
0.398241 0.184002 0.004540 0.000000
0.263518 -0.465122 0.018378 0.000000
0.266965 0.094706 -0.017527 0.000000
0.330688 0.226955 0.007416 0.000000
0.184060 -1.205563 0.027167 0.000000
0.223658 -0.986945 -0.061405 1.000000
0.207050 -1.015677 0.020156 0.000000
0.050479 -0.728460 0.024522 0.000000
0.260253 -0.301568 0.031310 0.000000
0.182472 -1.173567 0.055252 0.000000
0.268391 -0.359168 0.019514 0.000000
0.322725 0.111705 0.037494 0.000000
0.206958 -0.380769 0.021340 0.000000
0.480318 0.121755 0.142422 0.000000
0.166507 -1.171645 0.041734 0.000000
0.224566 -0.809275 0.011290 0.000000
0.200162 -1.048928 -0.102090 1.000000
0.179102 -1.269062 0.058564 0.000000
0.179620 -1.315885 0.067986 0.000000
0.596510 -0.039891 -0.043740 0.000000
0.513222 0.043791 0.213669 0.000000
-0.047615 -0.986596 -0.011863 0.000000
0.080295 -1.354202 0.086685 0.000000
0.365195 0.045480 -0.021828 0.000000
0.377805 0.003189 -0.043816 0.000000
0.384649 0.311301 0.056191 0.000000
0.493065 0.097237 0.163627 0.000000
0.187051 -1.180375 -0.222898 1.000000
0.266007 -0.388522 0.018624 0.000000
0.197398 -1.090435 -0.125531 1.000000
0.178044 -1.229375 0.058540 0.000000
0.424429 0.250598 0.023484 0.000000
0.334990 0.443966 0.059449 0.000000
0.180659 -0.448882 0.037937 0.000000
0.396949 0.354767 0.030979 0.000000
0.437630 0.210976 0.023995 0.000000
0.151595 -1.163986 0.047532 0.000000
0.066304 -0.693725 0.028160 0.000000
0.531445 0.037670 -0.018562 0.000000
0.189778 -1.194034 0.051996 0.000000
0.341354 0.234559 0.011850 0.000000
0.297655 -0.155374 0.040375 0.000000
0.187171 -1.043731 0.034156 0.000000
0.325074 0.208258 0.010106 0.000000
0.320825 0.189530 0.050437 0.000000
0.315880 0.316292 0.053088 0.000000
0.356112 0.015642 0.046252 0.000000
0.559508 0.001213 -0.026545 0.000000
0.196454 -1.030898 -0.090470 1.000000
0.426945 -0.140893 -0.114314 0.000000
0.315576 0.169166 0.048096 0.000000
0.168566 -1.171366 0.029144 0.000000
0.087248 -0.668620 0.029108 0.000000
0.116980 -1.280965 0.058347 0.000000
0.253784 -0.591838 0.022712 0.000000
0.267612 -0.517413 0.015373 0.000000
0.373730 -0.027658 0.077739 0.000000
0.398639 0.284701 0.073253 0.000000
0.211583 -1.034014 -0.105979 1.000000
0.216627 -0.880039 0.014368 0.000000
0.264272 -0.419281 0.029708 0.000000
0.033223 -0.816846 0.010534 0.000000
0.481186 0.123082 0.007706 0.000000
0.295277 -0.169356 0.024347 0.000000
0.186335 -1.068286 0.033520 0.000000
0.195535 -1.013462 0.032069 0.000000
0.227243 -0.847121 0.010068 0.000000
-0.083605 -1.073019 -0.017510 0.000000
0.311276 0.172911 -0.004055 0.000000
0.438740 -0.242710 0.100330 0.000000
0.328620 0.085879 0.001490 0.000000
0.421923 -0.153116 0.088766 0.000000
0.268365 -0.484359 0.021703 0.000000
0.335725 0.345573 0.060861 0.000000
0.195006 -1.118658 -0.170865 1.000000
0.250733 -0.635647 0.015326 0.000000
-0.023537 -0.938490 -0.004169 0.000000
0.192152 -1.007101 0.023941 0.000000
0.349651 0.391214 0.038645 0.000000
0.231346 0.010757 -0.034310 0.000000
0.139810 -0.539795 0.033456 0.000000
0.061377 -0.060523 -0.094154 0.000000
0.191227 -1.055276 0.027693 0.000000
0.351394 -0.093806 0.020390 0.000000
0.327426 0.058688 0.004191 0.000000
0.514367 -0.376562 0.111598 0.000000
0.440099 -0.191681 0.093373 0.000000
0.206235 -0.927302 -0.010712 1.000000
0.251581 -0.559248 0.016850 0.000000
0.158869 -0.476695 0.026978 0.000000
0.325183 -0.001564 -0.004897 0.000000
0.712584 -0.148839 -0.080699 0.000000
0.129661 -0.533620 0.025829 0.000000
0.404970 -0.092745 0.088809 0.000000
0.329725 0.308419 0.052775 0.000000
0.405201 -0.063122 -0.075551 0.000000
0.254577 -0.481348 0.013458 0.000000
0.332564 0.101748 -0.005348 0.000000
0.421191 -0.171030 0.089821 0.000000
0.407568 0.144733 -0.008318 0.000000
0.331882 0.371739 0.056228 0.000000
0.359062 0.356785 0.044178 0.000000
0.195556 -1.143908 -0.184358 1.000000
0.286419 -0.205399 0.031081 0.000000
0.363414 0.038825 -0.024286 0.000000
0.172764 -0.136950 -0.086538 0.000000
0.274449 -0.328736 0.017695 0.000000
0.305690 -0.033080 0.039797 0.000000
0.482391 -0.253539 -0.150155 0.000000
0.562335 -0.174263 -0.089834 0.000000
0.225727 -0.969597 -0.041665 1.000000
0.178684 -1.186970 0.042152 0.000000
0.314129 -0.010488 0.038415 0.000000
0.336398 0.427270 0.059504 0.000000
0.212774 -0.991636 -0.056105 1.000000
0.034832 -0.109995 -0.111141 0.000000
0.336043 0.250087 0.020184 0.000000
-0.021769 -0.918108 0.000969 0.000000
0.224766 -0.754709 0.013509 0.000000
0.450995 -0.008836 -0.005080 0.000000
0.137263 0.041458 -0.045418 0.000000
0.301910 -0.152004 0.035037 0.000000
0.105606 0.013571 -0.058932 0.000000
0.334265 -0.061605 0.002333 0.000000
0.193033 -1.122640 -0.164416 1.000000
0.243844 0.031726 -0.025537 0.000000
0.460463 0.163484 0.115538 0.000000
0.196330 -1.083349 0.044691 0.000000
0.203619 -1.084922 0.028548 0.000000
0.552943 -0.430549 0.130704 0.000000
0.329564 -0.070379 0.004239 0.000000
0.332648 0.293999 0.048974 0.000000
0.351677 0.459753 0.044542 0.000000
0.475177 0.141979 0.020834 0.000000
0.204680 -1.094576 -0.148621 1.000000
0.235107 -0.332781 0.022558 0.000000
0.383902 0.458748 0.048067 0.000000
0.434193 0.216802 0.015080 0.000000
0.096054 -0.658473 0.028825 0.000000
0.303030 -0.072163 0.028873 0.000000
0.181470 -1.158077 0.045264 0.000000
0.046609 -0.748298 0.025604 0.000000
0.282831 -0.270058 0.024853 0.000000
0.164602 0.090218 -0.037427 0.000000
0.351942 0.011653 0.054675 0.000000
0.211518 0.154118 -0.007342 0.000000
0.197428 -1.189765 -0.222848 1.000000
0.395369 -0.085173 0.085274 0.000000
0.038283 -0.775036 0.022738 0.000000
0.106399 -0.266802 -0.182169 0.000000
0.055953 -0.756639 0.021477 0.000000
0.020229 -0.822169 0.015745 0.000000
0.201912 -1.059649 0.033895 0.000000
0.093312 -0.598927 0.027618 0.000000
0.317096 0.192079 0.006510 0.000000
0.229706 -0.890894 0.002874 1.000000
0.216321 -1.003818 -0.071084 1.000000
0.397537 -0.038656 -0.061533 0.000000
0.264826 -0.284343 0.030376 0.000000
0.278016 0.087705 -0.006431 0.000000
0.400107 0.242215 0.013548 0.000000
0.166687 0.084843 -0.026261 0.000000
0.411935 0.120820 -0.009939 0.000000
0.221174 -0.870323 0.013636 0.000000
0.027181 -0.297942 -0.248772 0.000000
0.414478 0.271717 0.022477 0.000000
0.385990 0.298820 0.057460 0.000000
0.228415 -0.761606 0.011519 0.000000
0.120086 -0.256753 -0.167268 0.000000
0.452641 0.187520 0.025084 0.000000
0.366413 0.052408 -0.013229 0.000000
0.497815 -0.342288 0.107558 0.000000
0.137655 -1.190049 0.066130 0.000000
0.250330 -0.595379 0.016610 0.000000
-0.045033 -0.979601 -0.005503 0.000000
0.433197 -0.136381 -0.118963 0.000000
0.292991 -0.143948 0.023095 0.000000
0.389878 -0.042446 0.083418 0.000000
0.327854 0.363110 0.052723 0.000000
0.184529 -1.135764 0.036995 0.000000
0.182745 -1.196655 0.033453 0.000000
0.240734 -0.677426 0.007263 0.000000
0.050460 -0.777546 0.020558 0.000000
0.146813 -1.181827 0.049385 0.000000
0.243893 -0.319835 0.015507 0.000000
0.208710 -1.019510 -0.087625 1.000000
0.328549 0.323431 0.053988 0.000000
0.357194 0.423904 0.040046 0.000000
-0.003217 -0.897563 0.000836 0.000000
0.197311 -1.053313 -0.106981 1.000000
0.060221 -0.075871 -0.102361 0.000000
0.264135 0.229693 0.004930 0.000000
0.241829 0.010227 -0.026824 0.000000
0.217729 -0.021393 -0.042920 0.000000
0.188772 -0.139285 -0.085865 0.000000
0.383080 0.463852 0.043384 0.000000
0.387533 0.499637 0.049417 0.000000
0.188319 -1.277314 -0.303091 1.000000
0.219307 -1.005955 -0.084078 1.000000
0.251280 -0.602091 0.013325 0.000000
0.153312 -1.138459 0.054846 0.000000
0.287220 0.268965 0.039548 0.000000
0.153486 -0.470265 0.018626 0.000000
0.242878 -0.322030 0.031405 0.000000
0.527278 -0.399941 0.119546 0.000000
0.236442 0.190252 0.007885 0.000000
0.474237 -0.226286 -0.150629 0.000000
0.325780 0.101794 0.045391 0.000000
0.160382 -1.103216 0.034451 0.000000
0.294587 -0.095640 0.042545 0.000000
0.396786 0.212226 0.008589 0.000000
0.486204 -0.310611 0.102789 0.000000
0.382978 -0.071577 0.066553 0.000000
0.192050 -1.107684 0.025396 0.000000
0.108005 -0.261115 -0.186057 0.000000
0.309119 0.078971 0.043727 0.000000
0.157250 0.083581 -0.042004 0.000000
0.117209 -0.566040 0.029187 0.000000
0.311394 0.116587 0.051275 0.000000
0.269188 -0.280353 0.012513 0.000000
0.175244 -1.282090 -0.308453 1.000000
0.177695 -1.251887 0.058404 0.000000
0.448304 0.184695 0.103105 0.000000
0.329554 0.358495 0.060547 0.000000
0.306820 -0.082359 0.038983 0.000000
-0.063582 -1.024997 -0.018606 0.000000
0.172924 -1.228507 0.036783 0.000000
0.669593 -0.116394 -0.061328 0.000000
0.226739 -0.959746 -0.039681 1.000000
0.192158 -1.120850 0.023569 0.000000
0.294065 -0.146327 0.034407 0.000000
0.216806 -0.048397 -0.047334 0.000000
0.156411 -1.221595 0.048911 0.000000
0.184364 -1.281582 -0.308760 1.000000
0.203832 -0.392932 0.028608 0.000000
0.229953 -0.822413 0.018811 0.000000
0.401902 0.277165 0.019156 0.000000
0.054812 -0.076104 -0.096361 0.000000
-0.000090 -0.852181 0.026490 0.000000
0.198630 -1.036244 0.042199 0.000000
0.393498 -0.096178 0.074672 0.000000
0.263783 -0.520034 0.009989 0.000000
0.251328 0.039277 -0.018901 0.000000
0.205419 -1.033903 -0.086873 1.000000
0.236427 -0.717256 0.006035 0.000000
0.276723 -0.286309 0.027917 0.000000
0.194959 -0.424030 0.041947 0.000000
0.265518 -0.437326 0.015820 0.000000
0.386941 0.254222 0.021749 0.000000
0.092216 -0.016145 -0.067605 0.000000
0.393712 0.395069 0.035582 0.000000
0.284700 0.127329 -0.004280 0.000000
0.209196 -0.080799 -0.056312 0.000000
0.231908 -0.934338 -0.019279 1.000000
0.182702 -1.131261 0.047269 0.000000
0.263945 -0.442707 0.022006 0.000000
0.491892 -0.259928 -0.152492 0.000000
0.391050 0.363300 0.039405 0.000000
0.254640 0.029167 -0.022350 0.000000
0.278586 0.251431 0.028152 0.000000
0.208345 -0.999014 0.023943 0.000000
0.068172 -0.679054 0.029018 0.000000
0.457090 -0.267844 0.110050 0.000000
0.387554 0.318161 0.055219 0.000000
0.170111 -1.336220 -0.353160 1.000000
0.512506 -0.114477 -0.043638 0.000000
0.497403 0.077430 0.178025 0.000000
0.587856 -0.017843 -0.038225 0.000000
0.205348 -1.087877 -0.140093 1.000000
0.501366 0.069575 0.185070 0.000000
0.319519 0.130909 0.051095 0.000000
0.312524 0.039300 0.047062 0.000000
0.353267 0.482938 0.047013 0.000000
0.462504 -0.206065 -0.147350 0.000000
0.160719 -0.201285 -0.118053 0.000000
0.341951 0.416181 0.065125 0.000000
0.370777 0.437437 0.037083 0.000000
0.143921 -0.229500 -0.132448 0.000000
0.343098 0.431164 0.052997 0.000000
0.424731 0.237852 0.028131 0.000000
0.206344 -1.074486 -0.139271 1.000000
0.332081 0.348700 0.048079 0.000000
0.574237 -0.445467 0.144271 0.000000
0.397888 0.315727 0.031553 0.000000
0.166236 -1.178949 0.045601 0.000000
0.259379 -0.425975 0.023566 0.000000
0.294231 -0.106899 0.038180 0.000000
0.415394 -0.105834 -0.095480 0.000000
0.172004 -1.096592 0.035804 0.000000
0.464447 -0.285102 0.105198 0.000000
0.357932 -0.105972 0.019246 0.000000
0.089134 -0.681844 0.033997 0.000000
0.493729 0.099275 0.000829 0.000000
0.199067 -0.407084 0.034105 0.000000
0.123859 -0.251144 -0.168628 0.000000
0.152490 -0.503990 0.025710 0.000000
0.323994 0.225014 0.050287 0.000000
0.306993 -0.016056 0.039025 0.000000
0.210890 -0.934949 -0.015808 1.000000
0.329081 0.073035 0.005415 0.000000
-0.083624 -1.071194 -0.031517 0.000000
0.506109 -0.374891 0.123488 0.000000
0.188862 -1.146487 0.034314 0.000000
0.412268 0.099760 -0.002562 0.000000
0.298209 -0.077460 0.035198 0.000000
0.293150 -0.158737 0.028264 0.000000
0.318874 0.196068 0.052576 0.000000
0.097077 -0.010827 -0.065106 0.000000
0.396405 0.335596 0.033423 0.000000
0.201996 -1.122499 -0.173003 1.000000
0.113424 -0.615273 0.026677 0.000000
0.341589 0.099708 0.003828 0.000000
0.212082 -1.031166 0.030172 0.000000
0.028142 -0.297796 -0.239115 0.000000
0.452782 -0.029012 -0.024167 0.000000
0.196496 -1.019508 0.027068 0.000000
0.497029 0.081352 -0.004166 0.000000
0.117332 0.007201 -0.053711 0.000000
-0.030353 -0.925976 0.004838 0.000000
0.198578 -1.085396 0.037673 0.000000
0.247909 -0.622632 0.008015 0.000000
0.193409 -1.094849 0.040421 0.000000
0.387878 -0.084899 0.069952 0.000000
0.176345 -1.110561 0.039719 0.000000
0.444107 0.209178 0.096757 0.000000
0.177842 -1.242942 -0.275044 1.000000
0.179283 -1.257686 -0.277982 1.000000
0.409361 -0.163767 0.088521 0.000000
0.229946 -0.885713 0.017226 0.000000
0.177043 -0.156701 -0.087501 0.000000
0.094442 -0.029218 -0.072372 0.000000
0.424388 0.243712 0.019065 0.000000
0.214501 -0.071461 -0.054334 0.000000
0.162830 -1.363899 -0.373604 1.000000
0.031866 -0.755558 0.028669 0.000000
-0.063455 -1.012377 -0.016931 0.000000
0.087626 -0.276148 -0.201513 0.000000
0.184231 -1.132533 0.029222 0.000000
0.278051 -0.253277 0.029661 0.000000
0.324401 0.213713 0.054805 0.000000
0.391354 -0.073066 0.082317 0.000000
0.402258 0.300529 0.035840 0.000000
0.345244 0.383534 0.032353 0.000000
0.428198 -0.175917 0.090001 0.000000
0.296096 -0.137881 0.026343 0.000000
0.198377 -1.131755 -0.174794 1.000000
0.327969 0.064257 -0.001253 0.000000
0.680854 -0.124500 -0.068345 0.000000
0.418189 0.260690 0.022025 0.000000
0.468895 -0.270582 0.101012 0.000000
0.177499 -1.197470 0.045476 0.000000
0.338863 0.266938 0.013975 0.000000
0.376599 -0.045775 0.068017 0.000000
0.217581 -0.965670 0.019372 0.000000
0.437237 -0.155916 -0.126686 0.000000
0.202533 -0.998313 0.030753 0.000000
0.399540 0.199706 0.003988 0.000000
0.257200 -0.453634 0.011192 0.000000
0.147806 -0.217988 -0.130142 0.000000
0.220983 -0.846040 0.015291 0.000000
0.346390 -0.082635 0.020655 0.000000
0.233338 -0.893907 0.012948 0.000000
0.363823 0.441816 0.028473 0.000000
0.478902 -0.063119 -0.027863 0.000000
0.313729 0.127667 0.044572 0.000000
0.210440 -1.030114 -0.091808 1.000000
0.016426 -0.300740 -0.253708 0.000000
0.197790 -0.972584 -0.029891 1.000000
0.245485 -0.578050 0.020262 0.000000
0.232973 -0.952049 -0.036152 1.000000
0.471720 -0.303978 0.113280 0.000000
0.201377 -1.092761 0.020732 0.000000
0.319224 0.179613 0.054746 0.000000
0.037771 -0.293573 -0.241030 0.000000
0.463263 -0.240313 0.095618 0.000000
0.392295 0.369552 0.033212 0.000000
0.099114 -0.595234 0.027719 0.000000
0.203859 -1.148655 -0.198715 1.000000
0.121972 -0.537545 0.024651 0.000000
0.178158 0.102703 -0.027248 0.000000
0.654679 -0.105927 -0.065597 0.000000
0.271819 0.232723 0.021146 0.000000
0.125931 -1.196959 0.030265 0.000000
0.183878 -1.259187 -0.284898 1.000000
0.159434 0.072530 -0.032021 0.000000
0.408696 -0.078071 -0.087125 0.000000
0.249167 0.020741 -0.019877 0.000000
0.211588 -1.080349 -0.140503 1.000000
0.181484 -0.424247 0.021522 0.000000
0.414409 0.258906 0.076312 0.000000
-0.076949 -1.055584 -0.023866 0.000000
0.153850 -1.155408 0.032405 0.000000
0.496168 -0.354523 0.118911 0.000000
-0.037862 -0.973011 -0.011995 0.000000
0.435085 -0.183631 0.093544 0.000000
0.223735 -0.877667 0.009867 0.000000
0.068343 -0.281560 -0.215576 0.000000
0.233791 -0.009056 -0.033909 0.000000
0.587386 -0.455488 0.136406 0.000000
0.220528 -0.886834 0.014627 0.000000
0.122302 -1.256171 0.059646 0.000000
0.197717 -1.157558 -0.194696 1.000000
0.301863 0.291987 0.034702 0.000000
0.323251 0.147445 0.047300 0.000000
0.446784 -0.237343 0.099434 0.000000
0.293925 -0.186184 0.026055 0.000000
0.232540 -0.748691 0.012819 0.000000
0.244642 -0.638762 0.014334 0.000000
0.225766 -0.917182 -0.007140 1.000000
0.315630 0.074718 0.037424 0.000000
0.207596 0.149701 -0.024766 0.000000
0.307251 -0.061060 0.043471 0.000000
0.251318 0.214342 0.015715 0.000000
0.254337 -0.522124 0.024891 0.000000
0.224507 -0.974760 -0.053239 1.000000
0.259942 0.224210 0.018610 0.000000
0.196930 -1.186234 -0.229326 1.000000
0.411495 -0.135471 0.083300 0.000000
0.549200 -0.426746 0.122359 0.000000
0.195515 -0.984967 -0.050901 1.000000
0.117010 -1.250332 0.058895 0.000000
0.007498 -0.881128 0.005163 0.000000
0.446113 -0.219100 0.095147 0.000000
0.421208 0.075722 -0.008530 0.000000
0.314233 0.154004 0.041887 0.000000
0.178303 -1.292076 -0.316686 1.000000
0.398744 -0.102858 0.078612 0.000000
0.317117 0.140349 0.049896 0.000000
0.349931 0.024722 0.067050 0.000000
0.319240 0.189823 -0.000045 0.000000
0.185919 -1.121233 0.029749 0.000000
0.343116 0.175818 0.003323 0.000000
0.164518 -1.195546 0.051002 0.000000
0.017390 -0.844344 0.011336 0.000000
0.373024 -0.032183 0.069777 0.000000
0.326587 0.356899 0.054823 0.000000
0.340475 -0.065352 0.021047 0.000000
0.355390 0.383451 0.029586 0.000000
0.277040 -0.276896 0.022423 0.000000
0.265834 -0.352260 0.019821 0.000000
0.503049 -0.090858 -0.030153 0.000000
0.358092 -0.127649 -0.000102 0.000000
-0.069511 -1.034956 -0.016071 0.000000
0.219698 -0.912493 0.015124 0.000000
0.491572 -0.095401 -0.034755 0.000000
0.309804 0.012604 0.042700 0.000000
0.252598 0.208739 0.008469 0.000000
0.183105 -1.210146 0.022483 0.000000
0.048458 -0.290930 -0.233154 0.000000
0.198911 -1.004315 0.027558 0.000000
0.270979 -0.407533 0.014231 0.000000
0.448232 -0.005707 -0.012620 0.000000
0.196722 -1.037805 0.030670 0.000000
0.209018 -1.042729 -0.108648 1.000000
0.457514 -0.029172 -0.017860 0.000000
0.166522 -1.317552 -0.339874 1.000000
0.344556 0.401038 0.035142 0.000000
0.027759 -0.805709 0.017624 0.000000
0.194038 -0.417799 0.036451 0.000000
0.006095 -0.856137 0.018863 0.000000
0.273201 0.094312 -0.008402 0.000000
0.007365 -0.832563 0.021585 0.000000
0.190914 -1.125583 0.038981 0.000000
0.179364 -1.170602 0.045228 0.000000
0.214959 -0.835096 0.012722 0.000000
0.394478 -0.087584 0.079119 0.000000
0.177181 -1.047147 0.040989 0.000000
0.213182 -0.902975 0.012256 0.000000
0.204109 -0.066855 -0.057783 0.000000
0.265442 -0.483845 0.012223 0.000000
0.203895 -1.014265 0.027452 0.000000
0.347042 0.306068 0.023574 0.000000
0.138506 -1.148656 0.043090 0.000000
0.084365 -0.031101 -0.074256 0.000000
0.172568 -1.057714 0.035108 0.000000
0.292082 0.271162 0.033732 0.000000
0.122039 -1.243624 0.073960 0.000000
0.211627 -0.987915 0.020831 0.000000
0.204108 -1.034226 -0.095773 1.000000
0.205275 -1.056248 -0.106901 1.000000
0.430679 -0.143360 -0.119499 0.000000
0.141379 -1.154159 0.032736 0.000000
0.272081 -0.447885 0.015880 0.000000
0.230608 -0.337940 0.018886 0.000000
0.331955 0.220154 0.010609 0.000000
0.239118 0.019134 -0.028628 0.000000
0.261448 -0.531400 0.012633 0.000000
0.233589 -0.694925 0.020863 0.000000
0.384103 0.012258 -0.034878 0.000000
0.232574 0.179062 -0.009566 0.000000
0.182833 -1.095888 0.037018 0.000000
0.017729 -0.832336 0.015999 0.000000
0.366644 -0.020858 0.060516 0.000000
0.326645 0.238122 0.054107 0.000000
0.248761 -0.644482 0.010896 0.000000
0.333267 0.353257 0.052852 0.000000
0.447074 0.195802 0.099273 0.000000
0.428975 -0.183809 0.090541 0.000000
0.331294 0.058754 -0.007892 0.000000
0.325131 0.033447 0.004199 0.000000
0.304747 -0.097001 0.042487 0.000000
0.206377 -1.020886 0.026679 0.000000
0.264880 -0.366729 0.023742 0.000000
-0.004910 -0.888337 0.002504 0.000000
0.334326 0.152954 0.000354 0.000000
0.158765 -1.234322 0.044789 0.000000
0.187920 -0.433363 0.037807 0.000000
0.075885 -0.674413 0.031468 0.000000
0.100319 -0.271931 -0.200007 0.000000
0.182373 -1.226796 0.037515 0.000000
0.339190 0.065503 0.042987 0.000000
0.201092 -1.097979 0.030155 0.000000
0.152343 -1.233804 0.042911 0.000000
0.398426 0.287767 0.062309 0.000000
0.335021 0.231711 0.006201 0.000000
0.195790 -1.027802 0.030656 0.000000
0.214849 -0.941163 0.021166 0.000000
0.087368 -0.656208 0.029261 0.000000
0.283192 -0.200481 0.024818 0.000000
0.443025 0.200205 0.019078 0.000000
0.338988 0.210046 0.003564 0.000000
0.301835 -0.052712 0.040607 0.000000
0.164501 -0.447821 0.020912 0.000000
0.490029 -0.084764 -0.029749 0.000000
0.208366 -0.913595 -0.000896 1.000000
0.422474 -0.180245 0.090030 0.000000
0.189702 -1.212246 0.020421 0.000000
0.055036 -0.747872 0.024976 0.000000
0.175468 -0.438406 0.021713 0.000000
0.031218 -0.112388 -0.119465 0.000000
0.351748 0.080764 -0.004335 0.000000
-0.042111 -0.961865 -0.000544 0.000000
0.423943 -0.144259 0.090598 0.000000
0.262574 -0.515711 0.019301 0.000000
0.247997 -0.619614 0.021615 0.000000
0.352362 0.027258 0.053800 0.000000
-0.012463 -0.893167 0.010900 0.000000
0.448904 0.006852 -0.006344 0.000000
0.219954 -0.034327 -0.044044 0.000000
0.400792 0.140526 0.003623 0.000000
0.215304 -0.373931 0.037889 0.000000
0.163253 -1.356724 -0.373550 1.000000
0.391598 0.216657 0.013083 0.000000
0.182133 -1.043158 0.027584 0.000000
0.201368 -1.057559 0.027420 0.000000
0.202567 -0.096834 -0.065430 0.000000
0.178361 -1.163884 0.028720 0.000000
0.572096 -0.001646 -0.030141 0.000000
0.260164 -0.482065 0.023223 0.000000
0.284890 -0.233410 0.024623 0.000000
0.394613 0.170686 0.010361 0.000000
0.231725 -0.778088 0.013554 0.000000
0.254612 -0.543343 0.018807 0.000000
0.525775 -0.394922 0.114842 0.000000
0.138054 -0.506099 0.023732 0.000000
0.250660 -0.568263 0.021019 0.000000
0.107014 -0.614300 0.027097 0.000000
-0.074068 -1.048800 -0.025595 0.000000
0.230460 -0.774429 0.020379 0.000000
0.299916 0.155431 0.000288 0.000000
0.504307 -0.104801 -0.037977 0.000000
0.425928 0.233666 0.079657 0.000000
0.339821 0.096864 -0.014681 0.000000
0.170519 -1.059775 0.029307 0.000000
-0.088903 -1.087749 -0.021337 0.000000
0.339550 0.253003 0.010150 0.000000
0.683164 -0.522840 0.167213 0.000000
-0.063664 -1.021035 -0.011579 0.000000
0.329630 -0.060821 -0.003596 0.000000
0.317887 0.100141 0.045442 0.000000
0.440197 -0.166970 -0.131306 0.000000
0.294403 -0.195401 0.027276 0.000000
0.148486 -1.157602 0.038325 0.000000
-0.031634 -0.944037 0.000628 0.000000
0.197366 -0.074533 -0.058659 0.000000
0.355374 0.006514 0.069956 0.000000
0.323378 0.256080 0.055637 0.000000
0.237374 -0.681876 0.012993 0.000000
0.346497 0.035720 0.067421 0.000000
0.149808 -1.210513 0.051794 0.000000
0.466467 0.142198 0.129147 0.000000
0.532468 0.048460 -0.008476 0.000000
0.342582 0.380710 0.053548 0.000000
0.431121 0.038662 -0.008562 0.000000
0.165053 -1.176801 0.038105 0.000000
0.169674 -1.296883 -0.314296 1.000000
0.336439 0.060351 0.060663 0.000000
0.060166 -0.070836 -0.095427 0.000000
0.339093 0.409715 0.057972 0.000000
0.167678 -1.200594 0.040321 0.000000
0.231100 -0.805168 0.010692 0.000000
0.274262 -0.272846 0.017686 0.000000
0.517744 -0.119644 -0.047315 0.000000
0.215950 -0.971274 -0.043566 1.000000
0.137045 0.034442 -0.043618 0.000000
0.653031 -0.497902 0.150015 0.000000
0.085416 -0.041271 -0.076662 0.000000
0.145241 -1.168096 0.044706 0.000000
0.303703 -0.007946 0.046777 0.000000
0.196883 -1.113838 0.047383 0.000000
0.425353 -0.190171 0.091191 0.000000
0.166737 -1.341504 -0.357000 1.000000
0.308146 0.175571 0.006158 0.000000
0.174892 -1.202325 0.038565 0.000000
0.345168 0.408836 0.030149 0.000000
0.399753 0.167722 0.003494 0.000000
0.621641 -0.476138 0.146932 0.000000
0.240517 -0.643386 0.011143 0.000000
0.193133 -1.217120 -0.235418 1.000000
0.186063 -1.210773 0.037642 0.000000
0.202986 -1.025034 -0.084968 1.000000
0.398156 0.237850 0.009217 0.000000
0.469690 0.143452 0.011428 0.000000
0.759724 -0.171802 -0.097475 0.000000
0.218378 -1.035638 -0.103872 1.000000
0.269739 -0.416513 0.025541 0.000000
0.151319 -1.176189 0.039345 0.000000
0.238845 -0.694317 0.006043 0.000000
0.185055 -1.198056 -0.233955 1.000000
0.334596 0.206218 0.011683 0.000000
0.164732 -1.091023 0.034872 0.000000
0.195391 -1.167254 -0.205901 1.000000
0.171954 -1.185943 0.031427 0.000000
0.389238 0.299149 0.028631 0.000000
0.330223 0.284049 0.049707 0.000000
0.081394 -0.051812 -0.080871 0.000000
-0.020153 -0.923492 0.009642 0.000000
0.310529 0.072897 0.045301 0.000000
0.443820 -0.246756 0.098926 0.000000
0.184320 -1.285423 0.059723 0.000000
0.268435 -0.453743 0.015119 0.000000
0.191804 -1.201852 -0.228278 1.000000
0.262922 -0.405415 0.023118 0.000000
0.189771 -1.045915 0.023227 0.000000
0.253669 -0.568363 0.015083 0.000000
0.145611 0.060559 -0.041486 0.000000
0.413412 0.095426 -0.007165 0.000000
0.316878 0.197226 0.014094 0.000000
0.412679 -0.098108 -0.097277 0.000000
0.304204 0.165578 0.001911 0.000000
0.243597 -0.704241 0.019666 0.000000
0.219798 -0.899969 0.011357 0.000000
0.722977 -0.154350 -0.083675 0.000000
0.402864 0.154302 0.006116 0.000000
0.512318 -0.370589 0.109413 0.000000
0.245856 -0.644955 0.024865 0.000000
-0.061224 -1.015583 -0.007685 0.000000
0.367471 0.051355 -0.023011 0.000000
0.229396 -0.028778 -0.039013 0.000000
0.161200 -0.486571 0.033515 0.000000
0.603281 -0.058318 -0.045165 0.000000
-0.105689 -1.128248 -0.037070 0.000000
0.426325 0.049857 -0.014406 0.000000
0.475967 -0.283480 0.100540 0.000000
0.180843 -0.441591 0.024232 0.000000
0.135920 -0.519628 0.025858 0.000000
0.155818 -1.144948 0.045250 0.000000
0.076674 -0.648875 0.028648 0.000000
0.307067 0.298539 0.040907 0.000000
0.256837 -0.463724 0.025154 0.000000
0.610672 -0.469339 0.143643 0.000000
-0.062129 -1.019324 -0.023203 0.000000
0.263324 -0.279539 0.024526 0.000000
0.197076 -1.077504 0.042210 0.000000
0.568701 -0.189591 -0.100296 0.000000
0.199273 -0.941190 -0.016346 1.000000
0.433107 -0.172957 0.096278 0.000000
0.360251 0.058757 -0.015565 0.000000
0.701720 -0.138605 -0.074309 0.000000
0.263158 0.090159 -0.020142 0.000000
0.289520 -0.180404 0.035451 0.000000
0.231295 -0.721209 0.007790 0.000000
0.241774 -0.740569 0.010862 0.000000
0.097927 -0.624999 0.029217 0.000000
0.259686 -0.290864 0.015456 0.000000
0.189240 -1.170370 0.024159 0.000000
0.230192 -0.946418 -0.030940 1.000000
0.172512 -1.288145 0.034951 0.000000
0.184177 -1.241474 0.057443 0.000000
0.219480 -0.907651 0.001868 1.000000
0.222713 -0.795199 0.013494 0.000000
0.227421 -0.355427 0.023069 0.000000
0.504792 -0.364918 0.115829 0.000000
0.317954 0.158163 0.055247 0.000000
0.192168 -1.012784 0.021069 0.000000
0.445287 0.191574 0.014168 0.000000
0.359894 0.464927 0.043301 0.000000
0.192453 -1.200762 0.051740 0.000000
0.159591 -1.366809 -0.368961 1.000000
0.044180 -0.084613 -0.100010 0.000000
0.225874 -0.981222 -0.059733 1.000000
0.387430 0.448566 0.045847 0.000000
0.241690 -0.321238 0.021761 0.000000
0.180813 -1.227365 0.024819 0.000000
0.162639 -1.355396 -0.383068 1.000000
0.301968 0.161553 -0.003658 0.000000
0.567719 0.002024 -0.027191 0.000000
0.228379 -0.786920 0.006473 0.000000
0.333627 0.215612 0.001542 0.000000
0.418111 0.254541 0.031026 0.000000
0.233324 0.180988 0.003713 0.000000
0.277971 -0.288789 0.016466 0.000000
0.203655 -1.121787 -0.179269 1.000000
0.313235 0.064877 0.042655 0.000000
0.187852 -1.206548 -0.226291 1.000000
0.149065 -1.155565 0.054230 0.000000
0.395923 -0.075490 0.086266 0.000000
0.582647 -0.454327 0.128811 0.000000
0.151279 -0.211082 -0.122387 0.000000
0.171747 0.094908 -0.030433 0.000000
0.331554 0.086906 0.045944 0.000000
0.351012 0.427931 0.043767 0.000000
0.318873 0.080915 0.050632 0.000000
0.540971 -0.143808 -0.065128 0.000000
0.186096 -1.208531 0.059938 0.000000
0.184873 -1.112509 0.030998 0.000000
0.204186 -1.084798 0.042386 0.000000
0.274032 0.100656 -0.005628 0.000000
0.164490 -1.186819 0.048280 0.000000
0.254986 -0.610099 0.016006 0.000000
0.214206 0.162563 -0.004661 0.000000
0.556828 -0.175396 -0.086935 0.000000
0.231990 -0.838646 0.017586 0.000000
0.567483 -0.186014 -0.106670 0.000000
0.339239 0.403249 0.052819 0.000000
0.131718 -0.244577 -0.159423 0.000000
0.499650 0.104431 0.009084 0.000000
0.265822 -0.507120 0.021411 0.000000
0.270467 0.103088 -0.017670 0.000000
0.264582 -0.454941 0.020257 0.000000
0.143672 -0.529685 0.033620 0.000000
-0.016102 -0.907683 0.005720 0.000000
0.383867 -0.047629 0.083724 0.000000
0.024130 -0.816570 0.015830 0.000000
0.215440 -1.013559 -0.082923 1.000000
0.223088 0.166159 -0.001264 0.000000
0.074974 -0.689239 0.023980 0.000000
0.179465 -1.053027 0.040670 0.000000
0.661302 -0.111512 -0.068420 0.000000
0.283459 -0.220263 0.027863 0.000000
0.164306 -0.189911 -0.112901 0.000000
0.220017 -0.365305 0.023222 0.000000
0.445694 -0.199742 0.093816 0.000000
0.563111 -0.439628 0.130735 0.000000
0.352127 0.463868 0.037291 0.000000
0.337737 0.286913 0.013015 0.000000
0.492062 0.085919 0.174769 0.000000
0.359853 0.005454 0.075269 0.000000
0.174184 -1.301099 -0.324486 1.000000
0.190042 -1.038414 0.031988 0.000000
0.176894 -1.167059 0.034056 0.000000
0.152748 -1.153846 0.044390 0.000000
0.312078 0.300455 0.030688 0.000000
0.266544 -0.490939 0.020574 0.000000
0.334562 0.104402 -0.010693 0.000000
0.203844 -1.059639 -0.118270 1.000000
0.172329 -1.175984 0.054439 0.000000
0.226720 -0.891608 0.009772 0.000000
-0.032651 -0.961705 -0.009604 0.000000
0.197931 -1.092713 -0.140181 1.000000
0.209157 -1.011848 -0.074894 1.000000
0.334235 0.231825 0.013311 0.000000
0.637203 -0.093561 -0.054018 0.000000
0.322501 0.133354 0.040512 0.000000
0.317139 0.181610 -0.000094 0.000000
0.133350 -0.578071 0.037823 0.000000
0.418683 -0.185265 0.090929 0.000000
0.001123 -0.885431 0.003559 0.000000
0.207277 -0.387251 0.017828 0.000000
0.555943 -0.433667 0.137036 0.000000
0.594393 -0.028313 -0.042450 0.000000
0.267410 -0.292334 0.025412 0.000000
0.169832 -1.058145 0.021097 0.000000
0.235022 0.176732 0.008948 0.000000
0.420578 0.261335 0.080277 0.000000
0.333047 0.138158 0.004952 0.000000
0.344925 0.399843 0.053921 0.000000
0.189851 -1.174218 0.052947 0.000000
0.321519 0.166854 0.049053 0.000000
0.260420 -0.433707 0.016194 0.000000
0.113796 -0.607450 0.032998 0.000000
0.040551 -0.789204 0.014999 0.000000
0.662322 -0.507334 0.163206 0.000000
0.244877 -0.613816 0.022502 0.000000
0.077870 -0.698804 0.027433 0.000000
0.286883 0.135998 -0.007760 0.000000
0.173250 -0.148286 -0.089838 0.000000
0.520300 -0.389516 0.117316 0.000000
0.233959 -0.962586 -0.041390 1.000000
0.403852 0.205011 0.003357 0.000000
0.430884 0.223027 0.084573 0.000000
0.243244 -0.662051 0.024358 0.000000
0.022606 -0.132267 -0.121294 0.000000
0.396498 0.348619 0.032142 0.000000
0.257031 0.065616 -0.017758 0.000000
0.353229 -0.108512 0.012895 0.000000
0.386510 0.437186 0.040338 0.000000
0.383056 -0.063485 0.077513 0.000000
0.196669 -0.398448 0.022513 0.000000
0.236367 -0.749954 0.021968 0.000000
0.088280 -0.626322 0.028231 0.000000
0.358875 0.004063 0.063049 0.000000
0.157065 -1.127510 0.049591 0.000000
0.129083 -1.247469 0.064033 0.000000
0.227954 -0.947882 -0.025306 1.000000
0.342720 -0.076900 0.018714 0.000000
0.311625 0.108851 0.045282 0.000000
0.185109 -1.233087 0.055938 0.000000
0.184469 -1.183167 0.042944 0.000000
0.197271 -0.093592 -0.064873 0.000000
0.168370 -1.218974 0.051562 0.000000
0.240218 -0.713865 0.010057 0.000000
0.241157 0.036203 -0.029180 0.000000
0.266119 -0.338647 0.018953 0.000000
0.210800 -0.389863 0.030249 0.000000
0.252821 0.052725 -0.019908 0.000000
0.325346 0.199361 0.051022 0.000000
0.187488 -1.254610 0.053838 0.000000
0.138854 -1.156920 0.043948 0.000000
0.196414 -1.036140 -0.085919 1.000000
0.511021 -0.389542 0.127858 0.000000
0.058630 -0.286221 -0.226155 0.000000
0.192766 -1.063256 0.022394 0.000000
0.128982 -1.194499 0.066839 0.000000
0.190880 -0.417361 0.029479 0.000000
0.461713 -0.271796 0.111344 0.000000
0.521056 -0.391979 0.132546 0.000000
0.238827 -0.709181 0.014790 0.000000
0.289199 -0.192425 0.021668 0.000000
0.401925 -0.060841 -0.069965 0.000000
0.391977 0.325157 0.028134 0.000000
0.279226 -0.207238 0.030607 0.000000
0.003596 -0.877286 0.002096 0.000000
0.159061 -0.193283 -0.112226 0.000000
0.402453 0.128245 0.010199 0.000000
0.191043 -1.113584 0.034451 0.000000
0.167090 0.079121 -0.028634 0.000000
0.411641 0.096081 0.004734 0.000000
0.392323 0.208377 0.012127 0.000000
0.695824 -0.131041 -0.077345 0.000000
0.390030 -0.081777 0.074866 0.000000
0.182770 -1.079091 0.036992 0.000000
0.144635 -1.219324 0.042061 0.000000
0.460092 -0.199606 -0.145704 0.000000
0.409955 0.120730 0.001071 0.000000
0.190352 -1.106931 0.040942 0.000000
0.319295 0.122231 0.045098 0.000000
0.277718 -0.308277 0.024833 0.000000
0.356600 0.475876 0.042235 0.000000
0.244532 -0.696573 0.021843 0.000000
0.194384 -0.086209 -0.063782 0.000000
0.394096 0.178696 0.001736 0.000000
0.157089 -1.214615 0.048973 0.000000
0.323444 0.030430 -0.005837 0.000000
0.505163 0.062963 0.192689 0.000000
0.041870 -0.100637 -0.104513 0.000000
0.183568 -1.189034 0.027816 0.000000
0.188267 -1.131103 0.044566 0.000000
0.294249 0.276492 0.022122 0.000000
0.245787 -0.607130 0.012467 0.000000
0.155644 -0.218363 -0.139620 0.000000
0.176814 -1.214415 0.036282 0.000000
0.165958 -1.227295 0.031709 0.000000
0.492051 -0.324297 0.103521 0.000000
0.244265 -0.673091 0.013615 0.000000
0.217967 -1.008804 -0.078125 1.000000
-0.080621 -1.065973 -0.015514 0.000000
0.355550 0.005347 0.053435 0.000000
0.121889 -1.241785 0.032243 0.000000
0.085026 -0.693116 0.029188 0.000000
0.181580 -1.195729 0.023884 0.000000
0.177871 -1.253894 -0.284675 1.000000
0.176246 -0.142201 -0.087695 0.000000
0.172931 -1.303675 0.025206 0.000000
0.187099 -1.288490 -0.313758 1.000000
0.495695 -0.105913 -0.038721 0.000000
0.200145 0.131954 -0.008500 0.000000
0.151510 0.081313 -0.046472 0.000000
0.271113 -0.356406 0.013351 0.000000
0.172471 -1.292390 0.023253 0.000000
0.288091 0.259265 0.029589 0.000000
0.579084 -0.449795 0.137582 0.000000
0.324855 0.208124 0.051563 0.000000
0.396757 0.404125 0.044367 0.000000
0.428643 0.234071 0.085169 0.000000
0.242050 -0.632365 0.010927 0.000000
0.224811 -0.906818 0.017068 0.000000
0.428648 -0.154466 0.097144 0.000000
0.274430 -0.314209 0.024959 0.000000
0.252371 -0.534293 0.020365 0.000000
0.235563 -0.719851 0.015636 0.000000
0.142208 -1.163124 0.066555 0.000000
0.082088 -0.660200 0.030221 0.000000
0.171362 -1.356663 -0.371727 1.000000
0.236820 -0.327937 0.016914 0.000000
0.532231 -0.407796 0.120944 0.000000
0.311515 -0.000994 0.046021 0.000000
0.025388 -0.785965 0.025187 0.000000
0.268992 -0.386990 0.023915 0.000000
0.170694 -1.258324 0.056863 0.000000
0.219598 -0.812868 0.011678 0.000000
0.216282 0.156596 -0.016748 0.000000
0.329162 0.233512 0.046482 0.000000
0.076255 -0.704566 0.029298 0.000000
0.226049 -0.352240 0.029184 0.000000
0.209044 -0.982188 -0.049791 1.000000
0.458933 -0.289940 0.111319 0.000000
0.303162 0.291880 0.040699 0.000000
0.320199 0.219162 0.053289 0.000000
0.148154 -1.222655 0.048103 0.000000
0.215090 -0.857118 0.010656 0.000000
0.220245 -0.941633 -0.020829 1.000000
-0.073885 -1.046200 -0.017019 0.000000
0.139604 -1.155173 0.067192 0.000000
0.247037 -0.664053 0.010565 0.000000
0.219434 -0.976734 -0.050095 1.000000
0.442893 -0.166449 -0.139249 0.000000
0.332350 0.384308 0.055307 0.000000
0.144661 -1.190682 0.053649 0.000000
0.167742 -1.221399 0.032519 0.000000
0.324168 0.192191 0.055850 0.000000
0.138580 0.030912 -0.037659 0.000000
0.191311 -1.185964 -0.221831 1.000000
0.192783 -1.120599 0.030020 0.000000
0.250385 0.033424 -0.020431 0.000000
0.337555 0.110573 -0.000579 0.000000
0.095274 -0.665422 0.030155 0.000000
0.238656 -0.721911 0.022216 0.000000
0.273357 -0.396628 0.023677 0.000000
0.206581 -0.982303 0.020920 0.000000
-0.018391 -0.899804 0.016979 0.000000
0.478898 -0.220671 -0.147751 0.000000
0.433930 -0.201166 0.095253 0.000000
0.146771 -0.499394 0.023074 0.000000
0.386673 -0.019468 -0.052491 0.000000
0.402911 -0.079407 0.088886 0.000000
0.216153 -0.948736 0.021655 0.000000
0.198051 -1.074383 0.017751 0.000000
0.252019 -0.577395 0.014978 0.000000
0.294273 -0.168578 0.031098 0.000000
0.382957 0.482355 0.044969 0.000000
0.248727 -0.547064 0.024587 0.000000
0.154961 0.070438 -0.036452 0.000000
0.048456 -0.079468 -0.099695 0.000000
0.106014 -0.586180 0.024224 0.000000
0.581834 -0.028796 -0.036476 0.000000
0.145475 -1.199859 0.045717 0.000000
0.137853 -0.557881 0.038635 0.000000
0.261334 -0.299776 0.039128 0.000000
0.236327 -0.915006 -0.000610 1.000000
0.268522 -0.374745 0.012554 0.000000
0.301081 0.281373 0.029606 0.000000
0.541120 -0.417993 0.115464 0.000000
0.333770 0.333005 0.054708 0.000000
0.469081 -0.229901 -0.150336 0.000000
0.201287 -0.977553 -0.042084 1.000000
0.475366 0.125459 0.141448 0.000000
0.451129 -0.270655 0.110180 0.000000
0.188403 -1.156866 0.040957 0.000000
0.313539 0.023339 0.047842 0.000000
0.237775 -0.948039 -0.030756 1.000000
0.134847 -1.218967 0.055813 0.000000
0.413091 0.085247 -0.014272 0.000000
0.178268 -0.418846 0.019667 0.000000
-0.035876 -0.950260 -0.004717 0.000000
0.241806 -0.643212 0.020111 0.000000
0.392956 -0.104574 0.074812 0.000000
0.240558 -0.649748 0.018278 0.000000
0.056802 -0.724795 0.025569 0.000000
0.461197 -0.259322 0.101194 0.000000
0.451999 -0.233406 0.095958 0.000000
0.288853 -0.139630 0.035096 0.000000
0.324751 0.005254 -0.005311 0.000000
0.663606 -0.117890 -0.062072 0.000000
0.391180 0.287864 0.028129 0.000000
0.519193 -0.116636 -0.040754 0.000000
0.333823 0.320220 0.053383 0.000000
0.183804 -1.241791 -0.274745 1.000000
0.588324 -0.030309 -0.039731 0.000000
0.410368 -0.091033 -0.086656 0.000000
0.332578 0.415429 0.060420 0.000000
0.204494 -1.094928 -0.142501 1.000000
0.419376 0.071155 -0.012094 0.000000
0.169838 -1.250166 0.033291 0.000000
0.209236 0.143569 -0.015276 0.000000
0.123797 -0.547813 0.026537 0.000000
0.183764 -1.160785 0.038339 0.000000
0.297579 -0.115398 0.033144 0.000000
0.275097 -0.339698 0.018703 0.000000
0.434929 0.028946 -0.015204 0.000000
0.352199 0.400849 0.033920 0.000000
0.159651 -0.203441 -0.129133 0.000000
0.339370 0.146142 0.000732 0.000000
0.500278 -0.099314 -0.035334 0.000000
0.399675 -0.115410 0.079165 0.000000
0.362334 0.351703 0.045321 0.000000
0.277193 -0.295078 0.026665 0.000000
0.472779 -0.210942 -0.147620 0.000000
0.208956 -1.039943 -0.098641 1.000000
0.081568 -0.281904 -0.216793 0.000000
0.271655 -0.322043 0.024001 0.000000
0.174513 -1.322016 -0.342081 1.000000
0.336646 0.340630 0.057498 0.000000
0.206226 -1.115911 -0.165621 1.000000
0.345045 0.085026 -0.015981 0.000000
0.248991 -0.583488 0.012144 0.000000
0.182122 -1.133639 0.023252 0.000000
0.239361 -0.328878 0.032361 0.000000
0.178063 -0.446514 0.032050 0.000000
0.341180 0.243844 0.019183 0.000000
0.388552 -0.099140 0.072499 0.000000
0.218239 -0.863699 0.015218 0.000000
0.082355 -0.663495 0.022929 0.000000
0.211042 -0.967181 0.022516 0.000000
0.625835 -0.483070 0.143232 0.000000
0.607207 -0.043747 -0.054247 0.000000
0.346047 0.488142 0.056829 0.000000
0.341660 0.251173 0.015604 0.000000
0.551834 0.012153 -0.023501 0.000000
0.569410 -0.009658 -0.030497 0.000000
0.183858 -1.188118 0.050947 0.000000
0.337698 -0.080956 0.008956 0.000000
0.228828 -0.348774 0.033267 0.000000
0.178767 -1.179118 0.041081 0.000000
0.238914 -0.707837 0.022152 0.000000
0.400631 -0.126185 0.081701 0.000000
0.236789 -0.727187 0.018661 0.000000
0.517466 0.063909 -0.005547 0.000000
0.637288 -0.491464 0.146562 0.000000
0.068784 -0.659898 0.024278 0.000000
0.276932 -0.285415 0.021962 0.000000
0.463088 0.149156 0.006036 0.000000
0.501682 0.073637 0.180633 0.000000
0.011174 -0.304457 -0.250701 0.000000
0.113168 -0.592840 0.025610 0.000000
0.235394 -0.733625 0.009173 0.000000
0.254158 -0.300841 0.024967 0.000000
0.191791 -1.003091 -0.067046 1.000000
0.428302 -0.122126 -0.109051 0.000000
0.355736 0.015016 0.070835 0.000000
0.220489 0.162773 -0.014882 0.000000
0.196690 -1.113468 0.031837 0.000000
0.476888 -0.302573 0.107792 0.000000
0.362555 -0.002957 0.068639 0.000000
0.537820 0.044913 -0.008481 0.000000
-0.052325 -0.993049 -0.007497 0.000000
0.271135 -0.445931 0.021484 0.000000
0.170258 -1.150863 0.045754 0.000000
0.283505 -0.187028 0.033463 0.000000
0.437510 0.226709 0.094339 0.000000
0.430102 -0.208952 0.093766 0.000000
0.320373 0.065273 0.044316 0.000000
0.113727 -0.581088 0.028578 0.000000
0.150038 -1.162826 0.040856 0.000000
0.195628 -1.200057 -0.241385 1.000000
0.285469 -0.207009 0.039555 0.000000
-0.049356 -0.984437 0.001983 0.000000
0.189837 -1.251860 -0.274052 1.000000
0.486799 -0.329330 0.111868 0.000000
-0.087886 -1.081312 -0.029034 0.000000
0.118092 -1.278662 0.064688 0.000000
-0.017639 -0.921261 -0.003827 0.000000
0.163380 -0.492694 0.031646 0.000000
0.243028 -0.656284 0.014198 0.000000
0.210929 -0.375279 0.024271 0.000000
0.466909 -0.045140 -0.018457 0.000000
0.353061 0.445034 0.039803 0.000000
0.336248 0.364171 0.059694 0.000000
0.263753 -0.328542 0.021982 0.000000
0.262898 -0.393796 0.015173 0.000000
0.414756 -0.175002 0.089502 0.000000
0.201498 -1.076804 0.030277 0.000000
0.258178 -0.551483 0.011947 0.000000
0.345683 0.362056 0.027251 0.000000
0.172957 -1.328540 -0.347412 1.000000
0.209393 -0.904449 0.003426 1.000000
0.259094 -0.446660 0.015377 0.000000
0.200486 -1.141858 -0.187473 1.000000
0.333980 0.408321 0.053516 0.000000
0.239359 -0.700484 0.006616 0.000000
0.335914 0.165452 0.005821 0.000000
0.031062 -0.118350 -0.118514 0.000000
0.351712 0.476901 0.049141 0.000000
0.437546 0.024057 -0.006145 0.000000
0.211424 -0.388578 0.041203 0.000000
0.102255 -0.579515 0.026592 0.000000
0.270914 -0.412304 0.018940 0.000000
0.332296 -0.019972 0.001392 0.000000
0.335729 -0.036101 0.009957 0.000000
0.202831 -1.120161 -0.160422 1.000000
0.221079 -0.009324 -0.043445 0.000000
0.235120 -0.743783 0.017400 0.000000
0.278682 -0.238220 0.025281 0.000000
0.201180 -1.073142 0.041887 0.000000
0.272309 -0.368256 0.020845 0.000000
-0.021029 -0.912907 0.010881 0.000000
0.319861 0.251642 0.053718 0.000000
0.417063 0.253248 0.071989 0.000000
0.234763 -0.675894 0.010501 0.000000
0.200230 -1.081017 -0.131145 1.000000
0.322149 0.120980 0.051130 0.000000
0.145273 -1.154765 0.060422 0.000000
-0.069132 -1.041236 -0.027744 0.000000
0.312038 0.056589 0.045077 0.000000
0.563063 -0.181379 -0.099055 0.000000
0.144595 -0.523724 0.032432 0.000000
0.203051 -0.916358 -0.003566 1.000000
0.258387 0.217564 0.024361 0.000000
0.257972 -0.462977 0.014288 0.000000
-0.076931 -1.054099 -0.018086 0.000000
0.071781 -0.654720 0.028886 0.000000
0.182311 -0.146214 -0.088627 0.000000
0.168291 -1.053973 0.033291 0.000000
0.350658 0.421474 0.038108 0.000000
0.418484 0.261792 0.028255 0.000000
0.352836 0.407681 0.031368 0.000000
0.083157 -0.656892 0.024154 0.000000
0.407600 -0.074094 -0.078532 0.000000
0.364414 -0.011823 0.052086 0.000000
0.527067 0.027244 0.229536 0.000000
0.570601 0.008824 -0.025527 0.000000
0.088517 -0.673644 0.026172 0.000000
0.124437 -0.586762 0.034370 0.000000
0.305461 0.004379 0.036578 0.000000
0.426127 0.237799 0.020944 0.000000
0.025481 -0.837835 0.008849 0.000000
0.114263 -0.261221 -0.174988 0.000000
0.287475 -0.172439 0.025735 0.000000
0.373707 -0.054149 0.060075 0.000000
0.413026 -0.134311 0.090331 0.000000
0.411931 0.262728 0.072359 0.000000
0.172163 -1.316090 -0.343286 1.000000
0.272549 -0.323765 0.014935 0.000000
0.311091 0.003806 0.033970 0.000000
0.227551 -0.869438 0.011327 0.000000
0.418862 -0.123275 -0.106725 0.000000
0.277514 -0.319232 0.025716 0.000000
0.573978 -0.019928 -0.033080 0.000000
0.416469 -0.104941 -0.102610 0.000000
0.476133 -0.291546 0.104624 0.000000
0.189776 -1.136358 0.021744 0.000000
0.390419 0.427268 0.043373 0.000000
0.393267 -0.025634 -0.054428 0.000000
0.370595 0.025924 -0.033453 0.000000
0.395536 0.385488 0.036918 0.000000
0.498463 -0.328444 0.104969 0.000000
0.344014 0.044847 0.057313 0.000000
0.330678 -0.077588 0.002240 0.000000
0.087014 -1.354265 0.086833 0.000000
0.183915 -1.216145 0.036368 0.000000
0.213690 -0.915092 -0.005475 1.000000
0.325970 0.013267 0.004529 0.000000
0.427973 -0.156974 -0.124953 0.000000
0.304962 -0.029464 0.045169 0.000000
0.216105 -0.902185 0.018681 0.000000
0.538878 -0.146629 -0.071712 0.000000
0.371159 -0.022314 0.075306 0.000000
0.332711 -0.054040 0.005247 0.000000
0.132064 -0.552354 0.031428 0.000000
0.616380 -0.060912 -0.053649 0.000000
0.195941 -1.222070 -0.233800 1.000000
0.294404 -0.081382 0.032930 0.000000
0.267936 0.230998 0.009762 0.000000
0.198153 -1.118848 -0.163808 1.000000
0.319793 0.161156 0.045105 0.000000
0.381322 -0.048941 0.078122 0.000000
0.192961 -1.100366 0.021328 0.000000
-0.058678 -1.003145 -0.016155 0.000000
0.251419 -0.497642 0.012323 0.000000
0.408652 -0.156077 0.087036 0.000000
0.326907 0.337520 0.057634 0.000000
0.165467 -1.185868 0.040617 0.000000
0.102288 -0.024984 -0.067169 0.000000
0.433622 0.216686 0.087028 0.000000
0.338399 0.173646 0.008502 0.000000
0.187375 -1.291884 -0.301636 1.000000
0.301092 -0.067057 0.041958 0.000000
0.468495 -0.205203 -0.148709 0.000000
0.231541 -0.745544 0.007544 0.000000
0.400921 -0.054623 -0.071679 0.000000
0.168488 -0.473111 0.037358 0.000000
0.190470 -1.126095 0.020368 0.000000
0.274805 -0.272162 0.033234 0.000000
0.316675 0.060453 0.048916 0.000000
0.317075 0.199659 0.006057 0.000000
0.000091 -0.874010 0.010147 0.000000
0.182017 -1.043773 0.015769 0.000000
0.268406 -0.267907 0.023024 0.000000
0.117800 -0.542552 0.023836 0.000000
0.481594 -0.311047 0.108506 0.000000
0.271625 -0.273373 0.025543 0.000000
0.469642 0.134994 0.128168 0.000000
0.434571 -0.219784 0.099576 0.000000
0.041752 -0.779902 0.020584 0.000000
0.267780 -0.423688 0.027152 0.000000
0.334947 0.377304 0.051242 0.000000
0.265866 -0.416400 0.018178 0.000000
0.207126 -0.897049 0.013324 0.000000
0.234384 -0.771517 0.008792 0.000000
0.353903 -0.100673 0.018447 0.000000
0.560264 0.012275 -0.022913 0.000000
0.352422 0.023909 0.059374 0.000000
0.270736 -0.421216 0.017353 0.000000
0.500646 0.073827 0.174677 0.000000
0.188108 -1.246235 -0.280487 1.000000
0.669100 -0.120994 -0.065275 0.000000
0.422200 0.064074 -0.009371 0.000000
0.191432 0.121415 -0.021595 0.000000
0.074043 -0.685175 0.031239 0.000000
0.361534 0.048129 -0.026198 0.000000
0.078343 -0.632871 0.028367 0.000000
0.169150 -0.479108 0.040790 0.000000
0.205371 -1.028864 0.037989 0.000000
0.115938 -0.589484 0.031294 0.000000
0.292550 -0.175018 0.039064 0.000000
0.382612 -0.014830 -0.052853 0.000000
0.312955 0.090819 0.038572 0.000000
0.195735 -1.072099 0.028261 0.000000
0.226403 -0.941827 -0.022466 1.000000
0.380783 0.315585 0.057310 0.000000
-0.029058 -0.941775 -0.005642 0.000000
0.636485 -0.482258 0.154374 0.000000
0.366948 -0.010731 0.076096 0.000000
0.139653 -1.204196 0.040067 0.000000
0.072711 -0.643736 0.028306 0.000000
0.102304 -0.645193 0.032248 0.000000
0.172078 -0.444692 0.021279 0.000000
0.193217 -0.428607 0.030733 0.000000
0.084416 -0.687270 0.028708 0.000000
0.174115 -1.170410 0.042173 0.000000
0.560796 0.017092 -0.016069 0.000000
0.514346 0.052027 0.209900 0.000000
0.171246 -1.184221 0.041950 0.000000
0.176165 -1.159048 0.042911 0.000000
0.072833 -0.032841 -0.075992 0.000000
0.185682 0.116080 -0.028999 0.000000
0.611783 -0.066713 -0.047733 0.000000
0.260303 -0.340707 0.021752 0.000000
0.512880 0.044421 0.206822 0.000000
0.023142 -0.129764 -0.128097 0.000000
0.062403 -0.689484 0.029182 0.000000
0.348776 0.377563 0.032642 0.000000
0.523991 -0.399210 0.124331 0.000000
0.236429 -0.754282 0.008552 0.000000
0.327539 0.169676 0.051351 0.000000
0.002489 -0.858732 0.022667 0.000000
0.410725 0.109700 -0.009682 0.000000
0.410082 -0.082140 -0.082759 0.000000
0.102346 -0.608916 0.029539 0.000000
0.168710 -1.311591 0.037411 0.000000
0.402478 -0.068209 -0.076493 0.000000
0.200863 -1.024558 0.026627 0.000000
0.180490 -1.311260 0.061122 0.000000
0.428404 -0.219688 0.097230 0.000000
0.296098 -0.105251 0.032346 0.000000
0.204798 -1.132467 -0.169353 1.000000
0.586615 -0.451105 0.140193 0.000000
0.445904 -0.022989 -0.017483 0.000000
0.349189 0.032161 0.053956 0.000000
0.340257 0.422967 0.058651 0.000000
0.565525 -0.445518 0.137147 0.000000
0.266526 -0.496591 0.017580 0.000000
0.071559 -0.667630 0.029101 0.000000
-0.003823 -0.866211 0.017040 0.000000
0.189925 -1.175085 -0.203132 1.000000
0.415275 0.090096 0.005196 0.000000
0.450811 -0.217495 0.100642 0.000000
0.109300 -1.300131 0.044444 0.000000
0.349785 0.434601 0.035456 0.000000
0.193448 -1.086285 -0.126648 1.000000
0.296970 -0.055599 0.039174 0.000000
0.407601 0.112446 0.004589 0.000000
0.339102 0.309965 0.018856 0.000000
0.071411 -0.701582 0.027581 0.000000
0.389858 0.300603 0.061441 0.000000
0.187200 -1.142432 0.030168 0.000000
0.227816 -0.832310 0.012144 0.000000
0.321333 0.185019 0.054207 0.000000
0.139218 -0.561210 0.033951 0.000000
0.022036 -0.296126 -0.250817 0.000000
0.263815 -0.372694 0.016688 0.000000
0.231629 -0.342675 0.032824 0.000000
0.307744 -0.009986 0.036205 0.000000
0.074168 -0.045407 -0.084684 0.000000
0.269532 -0.302718 0.025536 0.000000
0.276582 -0.260879 0.019429 0.000000
0.171090 -1.174317 0.033859 0.000000
0.190914 -1.263697 -0.273592 1.000000
0.522363 0.037889 0.220443 0.000000
0.383142 -0.003775 -0.044328 0.000000
0.353999 0.024773 0.075979 0.000000
0.406198 0.130218 -0.001376 0.000000
0.704589 -0.136935 -0.067842 0.000000
0.060825 -0.702162 0.026237 0.000000
0.229726 0.172233 -0.000097 0.000000
0.186543 -1.013854 0.016741 0.000000
0.179568 -0.136430 -0.083107 0.000000
0.432887 -0.154056 -0.123316 0.000000
0.222940 -0.874154 0.017628 0.000000
-0.103648 -1.111477 -0.037099 0.000000
0.392578 -0.095767 0.065467 0.000000
0.199513 -1.014292 0.020923 0.000000
0.326394 0.053050 0.001595 0.000000
0.330846 0.375555 0.060478 0.000000
0.205363 -1.073216 -0.133555 1.000000
0.434351 0.218826 0.021137 0.000000
0.326160 0.083133 0.057809 0.000000
0.196431 -1.212367 -0.240683 1.000000
0.318612 0.310189 0.032919 0.000000
0.325462 0.053100 -0.007016 0.000000
0.343281 0.238883 0.015195 0.000000
0.329332 -0.017879 0.014383 0.000000
0.340742 0.455383 0.059275 0.000000
0.243317 -0.318782 0.008344 0.000000
-0.033491 -0.937731 0.000105 0.000000
0.749108 -0.162306 -0.091508 0.000000
0.452383 -0.206322 0.094368 0.000000
0.196942 -1.002272 -0.064525 1.000000
0.621831 -0.071930 -0.054154 0.000000
0.313367 0.308956 0.042782 0.000000
0.235036 -0.337282 0.039018 0.000000
0.097814 -0.267667 -0.195904 0.000000
0.212499 -1.006880 -0.067999 1.000000
0.150203 -1.106713 0.024881 0.000000
0.168403 -1.327407 -0.336717 1.000000
-0.030882 -0.935981 0.006093 0.000000
0.394378 0.342711 0.035672 0.000000
0.284782 -0.186631 0.027305 0.000000
0.386645 0.449733 0.039940 0.000000
0.330004 0.094595 0.042587 0.000000
0.235660 -0.766748 0.015782 0.000000
0.407801 -0.140622 0.082297 0.000000
0.081031 -1.353122 0.081054 0.000000
0.334371 0.186973 0.008589 0.000000
0.233349 0.017198 -0.032993 0.000000
0.013073 -0.841717 0.014921 0.000000
0.308808 -0.053023 0.038134 0.000000
0.595966 -0.462901 0.134409 0.000000
0.216370 -0.983096 -0.055818 1.000000
0.132485 0.031392 -0.045428 0.000000
0.323263 0.097795 0.042069 0.000000
0.204492 -1.037519 0.021414 0.000000
0.391343 0.338287 0.030519 0.000000
0.087207 -0.021631 -0.069263 0.000000
0.208298 -0.977132 0.022825 0.000000
0.124037 -1.190959 0.033660 0.000000
0.314905 0.007444 0.039051 0.000000
0.421800 0.241108 0.076700 0.000000
0.031350 -0.786862 0.023282 0.000000
0.303952 -0.077819 0.034814 0.000000
0.268318 -0.393481 0.020449 0.000000
0.011789 -0.827891 0.020558 0.000000
0.418227 -0.163688 0.088084 0.000000
0.390048 0.465901 0.043656 0.000000
0.234593 -0.798620 0.020862 0.000000
-0.024909 -0.924240 0.005550 0.000000
0.206952 -0.086505 -0.061274 0.000000
0.364977 -0.011177 0.067411 0.000000
0.353808 0.014881 0.078912 0.000000
0.408669 0.285311 0.027024 0.000000
0.183562 -1.323516 -0.342275 1.000000
0.226867 0.171948 0.008736 0.000000
0.192847 -1.017202 0.017451 0.000000
0.326124 0.155818 0.050606 0.000000
0.349199 0.475494 0.062142 0.000000
0.153812 -0.203208 -0.114364 0.000000
0.028811 -0.776465 0.023309 0.000000
0.310795 0.019389 0.042186 0.000000
0.483114 -0.245968 -0.157065 0.000000
0.283624 -0.194066 0.032383 0.000000
0.267069 -0.402030 0.018482 0.000000
0.279112 -0.224847 0.023152 0.000000
0.771841 -0.174514 -0.101541 0.000000
0.603725 -0.049487 -0.045006 0.000000
0.146224 -1.196188 0.052035 0.000000
0.260670 -0.349062 0.019693 0.000000
0.062567 -0.734135 0.023469 0.000000
0.298114 0.163234 -0.009658 0.000000
0.437850 0.209796 0.015706 0.000000
0.290514 0.267030 0.023203 0.000000
0.190208 -1.200069 -0.239503 1.000000
0.329935 0.264764 0.052373 0.000000
0.223747 -1.007995 -0.075501 1.000000
0.260932 0.216628 0.006605 0.000000
0.177018 -1.094516 0.033677 0.000000
0.336244 0.141867 -0.001982 0.000000
0.223242 -0.931052 -0.015796 1.000000
0.429477 -0.146108 0.091583 0.000000
0.344253 0.337616 0.022423 0.000000
0.175587 -0.174149 -0.105202 0.000000
0.000360 -0.856043 0.018082 0.000000
0.228009 -0.934453 -0.013545 1.000000
0.395212 0.183638 0.009385 0.000000
0.168186 -1.211708 0.048732 0.000000
0.275577 -0.243926 0.027446 0.000000
0.461012 -0.270499 0.104882 0.000000
0.472487 0.143905 0.128581 0.000000
