0.135643 -0.556228 0.034379 0.000000
0.383475 0.505266 0.049374 0.000000
0.157319 -1.380841 -0.393540 1.000000
0.779971 -0.176566 -0.105338 0.000000
0.104639 0.010654 -0.059290 0.000000
-0.078912 -1.058944 -0.018466 0.000000
0.504225 0.068964 0.190864 0.000000
0.691646 -0.528767 0.167688 0.000000
0.177999 -1.335808 0.063767 0.000000
0.009365 -0.302828 -0.256211 0.000000
0.424343 -0.149251 -0.122106 0.000000
0.239433 -0.905461 -0.003773 1.000000
0.193961 -1.149953 -0.189329 1.000000
0.485387 -0.323699 0.110330 0.000000
0.328447 0.217842 0.003122 0.000000
0.241290 -0.314576 0.011776 0.000000
0.024652 -0.781265 0.026669 0.000000
0.571760 0.007351 -0.026280 0.000000
0.308655 -0.030975 0.047826 0.000000
0.156044 -1.109587 0.031783 0.000000
0.155253 -0.214282 -0.138444 0.000000
0.240218 -0.713865 0.010057 0.000000
0.434434 -0.151736 0.092798 0.000000
0.477276 0.139873 0.018142 0.000000
0.580669 -0.207976 -0.127547 0.000000
0.023928 -0.119853 -0.120443 0.000000
0.267963 -0.470844 0.014900 0.000000
0.200149 0.129417 -0.007921 0.000000
0.204966 -1.028780 -0.092102 1.000000
0.328853 0.361446 0.059801 0.000000
0.571148 -0.444792 0.134813 0.000000
-0.020153 -0.923492 0.009642 0.000000
0.294977 -0.177268 0.029283 0.000000
0.214467 -0.088301 -0.060585 0.000000
0.176545 -1.260584 -0.285560 1.000000
0.655908 -0.105426 -0.058865 0.000000
0.349457 0.082708 -0.019950 0.000000
0.396752 -0.035456 -0.059039 0.000000
0.427781 0.239993 0.087417 0.000000
0.520752 -0.112902 -0.043757 0.000000
0.113229 -1.230491 0.033283 0.000000
0.067780 -0.663019 0.029398 0.000000
0.252432 -0.592331 0.011797 0.000000
0.237548 0.021288 -0.030090 0.000000
0.211471 -1.011722 0.024111 0.000000
0.476818 -0.242515 -0.151338 0.000000
0.467448 0.147304 0.126137 0.000000
0.164501 -0.447821 0.020912 0.000000
0.079260 -1.363434 0.086313 0.000000
0.092185 -0.271731 -0.199753 0.000000
0.219131 -0.810228 0.012728 0.000000
0.437866 0.037477 -0.007569 0.000000
0.398449 0.305418 0.021635 0.000000
0.391220 -0.064959 0.085760 0.000000
0.375206 -0.136548 -0.006889 0.000000
0.321740 0.136583 0.054234 0.000000
0.439504 -0.243705 0.100623 0.000000
0.190645 -1.192168 0.057653 0.000000
0.340914 0.048778 0.065859 0.000000
0.397390 0.413059 0.043332 0.000000
0.471055 -0.046061 -0.014787 0.000000
0.244947 0.200454 0.013524 0.000000
0.395289 0.164066 0.011331 0.000000
0.522953 0.070599 0.001770 0.000000
0.182831 -1.321142 -0.342180 1.000000
0.301479 0.285657 0.040302 0.000000
0.280456 0.125701 -0.016431 0.000000
0.150919 0.074567 -0.043131 0.000000
0.177187 -0.152658 -0.091573 0.000000
0.269263 -0.389166 0.023045 0.000000
0.065059 -0.059928 -0.088109 0.000000
-0.110420 -1.129714 -0.035554 0.000000
0.180242 -1.268867 0.015994 0.000000
0.208735 -1.083875 -0.148810 1.000000
0.227720 -0.968303 -0.048480 1.000000
0.514880 -0.392649 0.132317 0.000000
0.284765 -0.253230 0.028839 0.000000
-0.046516 -0.990472 -0.015287 0.000000
0.633071 -0.486370 0.146354 0.000000
0.290675 -0.102214 0.030193 0.000000
-0.000090 -0.852181 0.026490 0.000000
0.107520 -1.304758 0.041362 0.000000
0.716687 -0.146819 -0.078842 0.000000
0.322009 0.014812 -0.009244 0.000000
0.428069 0.236537 0.013489 0.000000
0.197101 -1.205381 -0.238247 1.000000
0.607056 -0.051004 -0.053052 0.000000
0.336145 0.451172 0.057874 0.000000
0.554235 -0.162222 -0.080632 0.000000
0.201616 -0.384580 0.018325 0.000000
0.530669 0.022969 0.233089 0.000000
0.412268 0.099760 -0.002562 0.000000
0.416156 -0.088742 -0.094550 0.000000
0.120038 -0.621009 0.034936 0.000000
0.133668 -1.159969 0.068504 0.000000
0.059394 -0.727254 0.024358 0.000000
0.329630 -0.060821 -0.003596 0.000000
0.364977 -0.011177 0.067411 0.000000
0.254174 -0.530918 0.021694 0.000000
0.244828 -0.652991 0.021798 0.000000
0.382033 0.020977 -0.027005 0.000000
0.203163 -1.072015 0.023536 0.000000
0.341355 0.322449 0.017342 0.000000
0.214892 -0.031311 -0.045814 0.000000
0.336935 0.144349 -0.001915 0.000000
0.215232 -0.953951 0.019012 0.000000
0.328561 0.233777 0.058646 0.000000
0.157418 -0.502639 0.036979 0.000000
0.201283 -1.147889 0.022676 0.000000
0.259801 0.072305 -0.016481 0.000000
0.456267 -0.190521 -0.141934 0.000000
0.390666 0.358957 0.033597 0.000000
0.398639 0.284701 0.073253 0.000000
0.447733 0.185427 0.012250 0.000000
0.444792 0.189631 0.099775 0.000000
0.344457 0.403319 0.028663 0.000000
0.310270 0.084043 0.039162 0.000000
0.126212 -0.248817 -0.166315 0.000000
0.052289 -0.287907 -0.229961 0.000000
0.219034 -0.862365 0.017288 0.000000
0.487350 0.105246 0.157708 0.000000
0.357175 -0.097512 0.022193 0.000000
0.305300 0.020105 0.040504 0.000000
0.399675 -0.115410 0.079165 0.000000
0.162575 -1.234177 0.050124 0.000000
0.153204 -1.287735 0.054795 0.000000
0.237175 -0.764449 0.022049 0.000000
0.340533 0.266665 0.015617 0.000000
0.316985 0.186321 0.051685 0.000000
0.477296 -0.277494 0.096300 0.000000
0.273575 0.239758 0.015515 0.000000
0.449963 -0.197318 0.092486 0.000000
0.117591 -1.253467 0.074485 0.000000
0.094353 -1.318285 0.084637 0.000000
0.388765 0.210456 0.015275 0.000000
0.386173 0.459009 0.044089 0.000000
0.033444 -0.824034 0.010456 0.000000
0.445891 -0.007567 -0.018523 0.000000
0.387718 0.261047 0.021266 0.000000
0.220882 0.169267 -0.015116 0.000000
0.127237 -1.204802 0.070959 0.000000
0.274336 -0.344230 0.025516 0.000000
0.138580 0.030912 -0.037659 0.000000
0.503894 -0.278404 -0.150249 0.000000
0.489739 -0.084108 -0.029175 0.000000
0.302660 0.173021 -0.000918 0.000000
0.533532 0.031012 -0.015703 0.000000
0.171500 -1.041849 0.030980 0.000000
0.328585 0.055185 0.007564 0.000000
0.194959 -0.424030 0.041947 0.000000
0.188948 -1.214627 0.020093 0.000000
0.100488 -0.583054 0.026825 0.000000
0.087281 -0.027341 -0.070413 0.000000
0.196997 -0.947571 -0.019623 1.000000
0.227804 -0.350668 0.031152 0.000000
0.493735 0.102774 0.004253 0.000000
0.337969 0.304836 0.056051 0.000000
0.277193 -0.295078 0.026665 0.000000
0.196883 -1.113838 0.047383 0.000000
0.002390 -0.888718 0.001267 0.000000
0.186748 -1.290050 -0.313989 1.000000
0.329571 -0.020631 0.011914 0.000000
0.268343 -0.430795 0.027538 0.000000
0.153850 -1.155408 0.032405 0.000000
0.542006 -0.420605 0.118352 0.000000
0.118490 -1.187209 0.034756 0.000000
0.509489 -0.362599 0.105010 0.000000
0.194646 -1.005592 -0.060171 1.000000
0.162755 -0.186510 -0.108756 0.000000
0.207651 -1.123247 -0.162169 1.000000
-0.093333 -1.092786 -0.035206 0.000000
0.199991 -0.905196 0.004439 1.000000
0.177779 0.102010 -0.027117 0.000000
0.091669 -1.341077 0.034892 0.000000
0.348106 0.489146 0.062414 0.000000
0.298425 -0.139203 0.043395 0.000000
0.081186 -0.625381 0.028040 0.000000
0.044981 -0.090120 -0.104236 0.000000
0.203844 -1.059639 -0.118270 1.000000
0.380783 0.315585 0.057310 0.000000
0.184856 -1.264781 0.059345 0.000000
0.280958 -0.214498 0.027323 0.000000
0.351468 0.359034 0.025969 0.000000
-0.060378 -1.024954 -0.026568 0.000000
0.160127 -1.351145 -0.351780 1.000000
0.301105 -0.064894 0.030385 0.000000
-0.038090 -0.957286 0.003503 0.000000
0.125251 -1.267054 0.037593 0.000000
0.334569 0.410132 0.065284 0.000000
0.602428 -0.463346 0.147731 0.000000
0.241585 -0.936657 -0.025795 1.000000
0.581611 -0.028327 -0.036262 0.000000
0.685179 -0.127141 -0.069378 0.000000
0.084258 -0.699194 0.028397 0.000000
0.166880 -1.316486 0.033491 0.000000
0.665963 -0.503015 0.158323 0.000000
0.339598 0.182394 0.003171 0.000000
0.411412 0.138538 -0.010242 0.000000
0.746566 -0.164567 -0.091745 0.000000
0.627984 -0.081675 -0.054331 0.000000
0.365387 0.051141 -0.012548 0.000000
0.334839 0.268226 0.051007 0.000000
0.011200 -0.151088 -0.131754 0.000000
0.333073 0.106924 0.000301 0.000000
0.185151 -1.179542 0.021968 0.000000
0.356112 0.015642 0.046252 0.000000
0.396701 -0.066326 -0.075789 0.000000
0.568701 -0.189591 -0.100296 0.000000
0.534711 -0.139784 -0.062353 0.000000
0.418115 -0.183589 0.090264 0.000000
0.058174 -0.779260 0.018036 0.000000
0.359548 0.434051 0.039053 0.000000
0.518351 0.042422 0.207414 0.000000
0.031439 -0.747756 0.029503 0.000000
0.171101 -1.081142 0.043553 0.000000
0.195405 -1.104487 0.014698 0.000000
0.375450 -0.048989 0.060343 0.000000
0.132961 -0.522714 0.024822 0.000000
0.102531 -0.651284 0.032520 0.000000
0.388913 -0.004204 -0.048443 0.000000
0.422389 0.065821 0.002325 0.000000
0.158159 -1.186808 0.044008 0.000000
0.205286 -1.041266 0.039124 0.000000
0.180921 -1.160437 0.053800 0.000000
0.275600 0.097699 0.000422 0.000000
0.413328 -0.120421 -0.103326 0.000000
0.171331 -0.472955 0.041021 0.000000
0.239691 -0.014793 -0.032018 0.000000
0.195044 -0.973680 -0.039122 1.000000
0.223747 -1.007995 -0.075501 1.000000
0.253280 -0.500201 0.011129 0.000000
0.312477 0.051693 0.042953 0.000000
0.419945 0.266898 0.021384 0.000000
0.230941 -0.680760 0.012548 0.000000
0.192945 -1.240343 -0.266415 1.000000
0.246440 -0.624276 0.007389 0.000000
0.403988 -0.152774 0.082737 0.000000
0.120016 -1.284296 0.063904 0.000000
0.260084 -0.559800 0.009757 0.000000
0.438504 0.210378 0.029443 0.000000
0.342830 -0.067996 0.023983 0.000000
0.121630 -1.332332 0.033653 0.000000
0.223199 -0.923796 0.017760 0.000000
0.321573 0.103946 0.060366 0.000000
0.366171 0.343989 0.048990 0.000000
0.355117 0.015912 0.079267 0.000000
0.137485 -1.213321 0.042854 0.000000
0.187051 -1.180375 -0.222898 1.000000
0.290833 0.265217 0.018742 0.000000
0.192315 -0.107413 -0.070557 0.000000
0.154333 -1.131797 0.053209 0.000000
0.127930 -0.590591 0.038070 0.000000
0.294204 0.144883 0.007423 0.000000
0.405296 0.189720 -0.001850 0.000000
0.338141 0.070855 0.045079 0.000000
0.451129 -0.270655 0.110180 0.000000
0.354394 0.469944 0.039861 0.000000
0.318612 0.310189 0.032919 0.000000
0.459977 0.160549 0.000500 0.000000
0.177281 -0.418958 0.018128 0.000000
0.182437 -1.294569 0.059291 0.000000
0.179763 -1.013466 0.027492 0.000000
0.206581 -0.982303 0.020920 0.000000
0.387127 -0.091211 0.067800 0.000000
0.468498 -0.242795 0.096655 0.000000
0.464969 -0.303138 0.114168 0.000000
0.053794 -0.699062 0.029534 0.000000
0.327978 0.331669 0.050304 0.000000
0.226522 -0.891464 0.018333 0.000000
0.162987 -1.354637 -0.382103 1.000000
0.345678 0.293936 0.024363 0.000000
0.218711 -0.924826 -0.010909 1.000000
0.489892 -0.350596 0.122731 0.000000
0.446801 -0.161631 -0.135607 0.000000
0.232070 -0.836793 0.017821 0.000000
0.414665 0.258196 0.069644 0.000000
0.148092 -0.471159 0.022224 0.000000
0.311430 -0.006726 0.033089 0.000000
0.249400 0.046051 -0.022631 0.000000
0.467904 -0.215315 -0.149498 0.000000
0.117238 0.036022 -0.055484 0.000000
0.198961 -1.085738 0.047859 0.000000
0.398156 0.237850 0.009217 0.000000
0.383127 -0.038017 0.086611 0.000000
0.208039 -1.043701 0.011235 0.000000
0.397691 0.384892 0.041675 0.000000
0.480298 0.126682 0.140112 0.000000
0.429307 -0.218173 0.095239 0.000000
0.243392 -0.324437 0.037885 0.000000
0.316909 0.193664 0.015023 0.000000
0.433042 0.211735 0.087341 0.000000
0.343281 0.238883 0.015195 0.000000
0.354481 -0.119754 0.005635 0.000000
0.217592 -0.374172 0.041629 0.000000
0.006367 -0.825714 0.021695 0.000000
0.333345 0.386964 0.050131 0.000000
0.195051 -1.088794 -0.125400 1.000000
0.020523 -0.848204 0.007612 0.000000
0.319347 0.159595 0.039366 0.000000
0.528152 -0.396274 0.108639 0.000000
0.393198 0.330488 0.031145 0.000000
0.168313 0.076996 -0.022454 0.000000
0.182691 -0.448153 0.042782 0.000000
0.172512 -1.288145 0.034951 0.000000
0.224014 -0.783761 0.008659 0.000000
0.203457 -1.172285 -0.203133 1.000000
0.216000 -0.057917 -0.049800 0.000000
0.206714 0.148523 -0.025620 0.000000
0.170395 -1.256886 0.037877 0.000000
0.241774 -0.740569 0.010862 0.000000
0.404370 -0.091060 0.088863 0.000000
0.462565 0.174334 0.112374 0.000000
0.141154 -0.234265 -0.148953 0.000000
0.326628 0.079171 -0.003749 0.000000
0.419556 -0.130053 0.089956 0.000000
0.133064 -1.234061 0.058649 0.000000
0.040650 -0.798964 0.015327 0.000000
0.268247 -0.318632 0.018765 0.000000
0.184118 -1.128434 0.027574 0.000000
0.403999 0.121503 0.009916 0.000000
0.032363 -0.298223 -0.243774 0.000000
0.112086 -0.259073 -0.185965 0.000000
0.172830 -1.208774 0.039982 0.000000
0.073092 -0.281149 -0.215472 0.000000
0.492062 0.085919 0.174769 0.000000
0.235022 0.176732 0.008948 0.000000
-0.018119 -0.893703 0.016573 0.000000
0.499768 0.079582 -0.005959 0.000000
0.323992 0.210447 0.044849 0.000000
0.111917 -0.559900 0.024101 0.000000
0.215018 -0.990415 -0.055030 1.000000
0.060599 -0.753826 0.021357 0.000000
0.334218 -0.084477 0.005505 0.000000
0.261363 0.220338 0.003852 0.000000
0.211638 0.150739 0.000403 0.000000
0.090832 -0.674532 0.028056 0.000000
0.219818 -0.952682 -0.030001 1.000000
0.253882 -0.449808 0.015655 0.000000
0.266138 0.099438 -0.022934 0.000000
0.128939 -1.153710 0.032500 0.000000
0.255401 -0.294696 0.038834 0.000000
0.204139 -1.118565 -0.186294 1.000000
0.267102 -0.270333 0.025777 0.000000
0.324068 0.031111 0.011205 0.000000
-0.062577 -1.010854 -0.006355 0.000000
0.185296 -1.226892 0.056620 0.000000
0.546277 0.010704 -0.021643 0.000000
0.219472 -1.039325 -0.109044 1.000000
0.302336 -0.084449 0.045252 0.000000
0.265132 -0.365857 0.016408 0.000000
0.495695 -0.105913 -0.038721 0.000000
0.283715 0.249712 0.036318 0.000000
0.360143 0.043612 -0.035236 0.000000
0.291496 -0.153604 0.024107 0.000000
0.337462 -0.045067 0.013272 0.000000
0.099082 -0.608975 0.028246 0.000000
0.386173 0.434838 0.042994 0.000000
0.322725 0.111705 0.037494 0.000000
0.185830 -0.132451 -0.081641 0.000000
0.105746 -0.013621 -0.063604 0.000000
0.256737 -0.296334 0.014260 0.000000
0.435329 0.015738 -0.017126 0.000000
0.537582 0.052099 -0.005275 0.000000
0.323812 0.043140 -0.012393 0.000000
0.151229 -0.525341 0.040498 0.000000
0.325353 0.005191 0.012224 0.000000
0.191242 -0.083407 -0.061056 0.000000
0.189990 0.122498 -0.028213 0.000000
0.201319 -0.408094 0.025632 0.000000
0.386954 0.283543 0.028611 0.000000
0.176587 -1.154778 0.026064 0.000000
0.352124 0.382287 0.036692 0.000000
0.152120 -0.205919 -0.116691 0.000000
0.178196 -1.102453 0.036654 0.000000
0.156021 -1.157264 0.055675 0.000000
0.552660 -0.430665 0.136768 0.000000
0.382957 0.482355 0.044969 0.000000
0.452236 -0.222027 0.095947 0.000000
-0.005940 -0.871961 0.015794 0.000000
0.452782 -0.029012 -0.024167 0.000000
0.432400 -0.128123 -0.116839 0.000000
0.499567 -0.340406 0.102765 0.000000
0.483457 -0.301719 0.100492 0.000000
0.174958 -1.231697 0.026617 0.000000
0.478902 -0.063119 -0.027863 0.000000
0.496608 -0.256804 -0.148534 0.000000
0.161315 -1.324434 -0.335225 1.000000
0.189393 -1.136235 -0.166519 1.000000
0.069907 -0.040102 -0.077837 0.000000
0.393332 0.296760 0.054568 0.000000
0.170599 -1.064126 0.027273 0.000000
0.190086 -1.220181 -0.253763 1.000000
0.268961 -0.408630 0.011682 0.000000
0.221079 -0.009324 -0.043445 0.000000
0.342793 0.427626 0.053847 0.000000
0.118136 -0.538621 0.019241 0.000000
0.334668 0.093022 0.045238 0.000000
0.324629 -0.007941 -0.005941 0.000000
-0.024956 -0.940642 -0.003984 0.000000
0.416908 0.077821 -0.015766 0.000000
0.215001 -0.366820 0.016303 0.000000
0.141392 -1.171443 0.041553 0.000000
0.163306 0.093021 -0.041903 0.000000
0.371351 0.007891 -0.041496 0.000000
0.408925 0.285703 0.025728 0.000000
0.404263 0.215571 0.000239 0.000000
0.142838 -1.194603 0.057990 0.000000
0.195928 -1.265324 -0.276062 1.000000
0.272474 -0.234915 0.029788 0.000000
0.142966 -0.503561 0.020314 0.000000
0.172221 -1.280431 -0.300442 1.000000
-0.010983 -0.906455 -0.000950 0.000000
-0.069451 -1.036480 -0.010100 0.000000
0.308420 0.304029 0.051445 0.000000
0.184272 -1.045249 0.013454 0.000000
0.241665 0.192157 -0.006421 0.000000
0.041466 -0.766282 0.023468 0.000000
0.021938 -0.808531 0.021257 0.000000
0.206586 -0.392940 0.041303 0.000000
0.260968 0.224531 0.025191 0.000000
0.190555 -1.224239 -0.229642 1.000000
0.473849 0.126141 0.001687 0.000000
0.167512 -1.089021 0.023385 0.000000
0.506109 -0.374891 0.123488 0.000000
0.279413 -0.190946 0.035471 0.000000
0.179698 -0.173247 -0.107546 0.000000
0.400693 0.143397 0.007737 0.000000
0.140557 0.051693 -0.042586 0.000000
0.244532 -0.696573 0.021843 0.000000
0.123789 0.016438 -0.050099 0.000000
0.249198 -0.608981 0.024701 0.000000
0.232717 -0.334205 0.018681 0.000000
0.069403 -0.684091 0.027182 0.000000
0.082410 -0.647295 0.027426 0.000000
0.527602 -0.409371 0.131184 0.000000
0.184302 -1.140100 0.045068 0.000000
0.234593 -0.798620 0.020862 0.000000
0.169038 -1.198179 0.057866 0.000000
0.060221 -0.075871 -0.102361 0.000000
0.194769 -1.017519 -0.077370 1.000000
0.266724 -0.516037 0.013646 0.000000
0.250157 -0.574037 0.021660 0.000000
0.178329 -1.181660 0.042079 0.000000
0.128865 -1.243853 0.036938 0.000000
0.041657 -0.107981 -0.114477 0.000000
0.347756 0.036890 0.050181 0.000000
-0.047057 -0.975883 0.000862 0.000000
-0.099712 -1.112061 -0.030848 0.000000
0.192407 -1.055080 0.030507 0.000000
0.298859 -0.121202 0.031180 0.000000
0.121374 -1.252212 0.054223 0.000000
0.391679 0.186503 0.013253 0.000000
0.343206 0.338335 0.030300 0.000000
-0.087309 -1.080660 -0.019746 0.000000
0.194313 -1.000456 0.021165 0.000000
0.366277 -0.030147 0.059788 0.000000
0.109488 -1.250463 0.036457 0.000000
0.319861 0.251642 0.053718 0.000000
0.587942 -0.457298 0.134615 0.000000
0.179620 -1.315885 0.067986 0.000000
0.418750 0.248338 0.029818 0.000000
0.329263 0.288808 0.046886 0.000000
0.245336 -0.549103 0.019928 0.000000
0.324519 0.168145 0.056999 0.000000
0.383344 -0.068732 0.067482 0.000000
0.301869 -0.049565 0.043625 0.000000
0.262972 -0.487667 0.024962 0.000000
0.217914 -0.904949 -0.004934 1.000000
0.346627 0.466507 0.065769 0.000000
0.667474 -0.117638 -0.070825 0.000000
-0.072095 -1.043346 -0.029152 0.000000
0.411505 0.118442 -0.009901 0.000000
0.648660 -0.491411 0.157955 0.000000
0.424435 0.053536 -0.013308 0.000000
0.381144 -0.021521 -0.054578 0.000000
0.236722 -0.727325 0.024891 0.000000
0.171070 -1.334579 -0.351765 1.000000
0.287220 0.268965 0.039548 0.000000
0.422537 0.085974 0.007279 0.000000
0.174184 -1.301099 -0.324486 1.000000
0.200162 -1.048928 -0.102090 1.000000
0.614639 -0.476778 0.140246 0.000000
0.642521 -0.091518 -0.063060 0.000000
0.180024 -1.245676 0.055207 0.000000
0.213239 -0.884557 0.005804 0.000000
0.437848 0.225569 0.100229 0.000000
0.449496 0.002323 -0.002140 0.000000
-0.083632 -1.069193 -0.035022 0.000000
0.208261 -1.074839 -0.131653 1.000000
0.337661 0.201601 0.008366 0.000000
0.602293 -0.033646 -0.045892 0.000000
0.440732 -0.179916 -0.133595 0.000000
0.180218 -0.435343 0.028004 0.000000
0.433107 -0.172957 0.096278 0.000000
0.291942 0.143651 -0.011716 0.000000
0.198539 -1.027635 0.027236 0.000000
0.430497 -0.197972 0.093742 0.000000
0.099675 -0.632324 0.030679 0.000000
0.573989 -0.010916 -0.031929 0.000000
0.357679 0.489605 0.045720 0.000000
0.464997 -0.261674 0.100353 0.000000
0.316171 0.186151 -0.004672 0.000000
0.701360 -0.137110 -0.071997 0.000000
0.372917 -0.023053 0.080322 0.000000
0.338956 0.162888 0.002422 0.000000
0.185973 -1.075904 0.032737 0.000000
0.224551 -0.350785 0.012265 0.000000
0.157089 -1.214615 0.048973 0.000000
0.069556 -0.711114 0.026473 0.000000
0.358414 0.006504 0.062774 0.000000
0.177581 -1.196865 0.023863 0.000000
0.437047 0.206633 0.010896 0.000000
0.357045 0.415406 0.036103 0.000000
0.291801 -0.199545 0.023028 0.000000
0.318180 0.034503 0.037399 0.000000
0.141967 -0.225950 -0.131671 0.000000
0.225305 -0.754389 0.011259 0.000000
0.249861 -0.308967 0.027710 0.000000
0.158602 -0.486808 0.023824 0.000000
0.233285 0.003083 -0.032827 0.000000
0.325085 0.063207 -0.013724 0.000000
0.165587 -1.167736 0.042713 0.000000
0.197410 -1.089970 0.026566 0.000000
0.617684 -0.066238 -0.049930 0.000000
0.406401 0.156132 -0.005897 0.000000
0.335953 0.125400 -0.001026 0.000000
0.247520 -0.631574 0.024623 0.000000
0.340117 0.346501 0.058709 0.000000
0.733858 -0.153258 -0.083894 0.000000
0.418227 -0.163688 0.088084 0.000000
0.328080 0.076441 0.059834 0.000000
0.347895 0.451649 0.043319 0.000000
0.192541 -1.094596 -0.143010 1.000000
0.326773 -0.037365 -0.000004 0.000000
0.244747 -0.669617 0.006678 0.000000
0.229787 -0.984152 -0.064548 1.000000
0.678504 -0.515928 0.164661 0.000000
0.400858 -0.048720 -0.071463 0.000000
0.366096 0.025028 -0.036649 0.000000
0.457129 -0.014360 -0.004990 0.000000
0.162309 -1.370887 -0.373175 1.000000
0.202965 -0.069279 -0.056485 0.000000
0.432870 0.048844 0.006178 0.000000
0.187903 -0.397010 0.018760 0.000000
0.311394 0.116587 0.051275 0.000000
0.195903 -0.988477 -0.053346 1.000000
0.177295 -1.242778 -0.275899 1.000000
0.194084 -1.008314 0.037874 0.000000
0.236542 -0.032417 -0.036360 0.000000
0.123826 -0.573674 0.032165 0.000000
0.214864 -0.841252 0.013243 0.000000
0.371389 0.036225 -0.021374 0.000000
0.204346 -1.139826 -0.176489 1.000000
0.182345 -1.196689 -0.229781 1.000000
0.172157 -1.277923 0.060409 0.000000
0.272081 -0.447885 0.015880 0.000000
0.349105 0.031202 0.071254 0.000000
0.462536 -0.284879 0.109167 0.000000
0.764578 -0.169750 -0.098302 0.000000
0.040984 -0.732253 0.029307 0.000000
0.341097 0.097268 -0.012865 0.000000
0.524359 -0.127968 -0.053188 0.000000
0.199951 -1.193356 -0.225013 1.000000
0.560769 -0.176237 -0.090007 0.000000
0.217105 -0.906894 0.013012 0.000000
0.112156 -0.597156 0.032023 0.000000
0.411874 -0.108483 0.090454 0.000000
0.250986 0.028606 -0.018484 0.000000
0.020664 -0.136587 -0.126901 0.000000
0.283309 -0.273256 0.018624 0.000000
0.213427 -0.940191 -0.018487 1.000000
0.313689 0.068501 0.049020 0.000000
0.200352 -1.067301 0.040898 0.000000
0.140559 -1.152525 0.048013 0.000000
0.310965 0.005505 0.049139 0.000000
0.256450 -0.418590 0.022176 0.000000
0.211775 -0.976200 -0.044695 1.000000
0.172396 -1.126627 0.040824 0.000000
0.344925 0.399843 0.053921 0.000000
0.237031 0.038751 -0.033091 0.000000
0.167160 -0.167262 -0.096622 0.000000
0.560955 -0.440189 0.121149 0.000000
0.251443 -0.467562 0.020170 0.000000
0.299110 0.279968 0.023732 0.000000
0.576578 -0.197645 -0.113859 0.000000
0.518252 -0.377872 0.105654 0.000000
0.519439 0.029874 0.219656 0.000000
0.193507 -1.113778 0.029851 0.000000
0.458176 0.170859 0.014568 0.000000
0.362957 0.359792 0.039094 0.000000
0.355471 0.078074 -0.004258 0.000000
0.301886 0.158099 -0.009860 0.000000
-0.036409 -0.968182 -0.010537 0.000000
0.146977 -1.171088 0.061096 0.000000
0.128957 -1.201057 0.033795 0.000000
0.420822 -0.104761 -0.102439 0.000000
0.132938 -1.187358 0.070248 0.000000
0.188319 -1.209256 0.055847 0.000000
0.341674 0.054017 0.049369 0.000000
0.440764 -0.146932 -0.127047 0.000000
0.467148 0.144347 0.004846 0.000000
0.288719 -0.228874 0.032997 0.000000
0.232826 -0.818602 0.019141 0.000000
0.190422 0.113418 -0.013526 0.000000
0.185970 -1.221670 0.035577 0.000000
0.234251 -0.953924 -0.041505 1.000000
0.247698 -0.641417 0.009007 0.000000
0.508706 0.054870 0.199752 0.000000
0.268475 -0.282231 0.013358 0.000000
-0.031806 -0.935801 0.012771 0.000000
0.285268 0.127048 0.000060 0.000000
0.192478 -1.176443 0.050384 0.000000
0.408914 -0.076001 -0.082978 0.000000
0.198198 -1.016574 0.014137 0.000000
0.080659 -0.052980 -0.081387 0.000000
0.192785 -1.115210 -0.165050 1.000000
0.271695 0.081622 -0.008412 0.000000
0.316471 0.129764 0.039444 0.000000
0.161908 -1.095024 0.039691 0.000000
0.134709 -0.540201 0.028530 0.000000
0.260062 -0.542768 0.009055 0.000000
0.398664 0.273226 0.016601 0.000000
0.207125 -1.005573 -0.071749 1.000000
0.165146 -0.464808 0.021136 0.000000
0.419381 -0.146759 0.086655 0.000000
0.404518 -0.131684 0.079442 0.000000
0.369416 -0.126246 0.010351 0.000000
0.238845 -0.694317 0.006043 0.000000
0.207166 -0.963707 -0.032324 1.000000
0.304391 -0.066908 0.046857 0.000000
0.242231 -0.676033 0.024202 0.000000
0.160596 -1.301727 0.038804 0.000000
0.146120 -1.227439 0.048372 0.000000
0.537523 -0.154078 -0.070837 0.000000
0.040959 -0.782802 0.020098 0.000000
0.430201 0.226697 0.026982 0.000000
0.345895 -0.102249 0.010649 0.000000
0.560796 0.017092 -0.016069 0.000000
0.260880 -0.508648 0.027542 0.000000
0.334032 0.378594 0.064657 0.000000
0.316830 0.318534 0.050838 0.000000
0.152728 0.060370 -0.034380 0.000000
0.417774 0.253375 0.086186 0.000000
0.311624 0.100217 0.043146 0.000000
0.481001 -0.226519 -0.149143 0.000000
0.303450 -0.105665 0.040283 0.000000
0.393395 -0.081632 0.080644 0.000000
0.269220 -0.283276 0.036012 0.000000
0.386915 0.228614 0.017274 0.000000
0.188319 -1.277314 -0.303091 1.000000
0.179465 -1.053027 0.040670 0.000000
-0.056652 -1.003239 -0.019829 0.000000
0.266468 -0.458288 0.027482 0.000000
0.296096 -0.137881 0.026343 0.000000
0.402454 0.173507 -0.000411 0.000000
0.173103 -1.298397 0.022009 0.000000
0.188650 -1.154978 0.039365 0.000000
0.182086 -1.030755 0.024934 0.000000
0.297655 -0.155374 0.040375 0.000000
0.382340 -0.054113 0.077178 0.000000
0.170258 -1.150863 0.045754 0.000000
0.335188 0.284139 0.016436 0.000000
0.285388 -0.238081 0.019848 0.000000
0.341629 0.372505 0.028868 0.000000
0.388510 0.398102 0.038919 0.000000
0.333427 0.252053 0.014319 0.000000
0.223261 0.167573 0.000905 0.000000
0.214886 -0.969403 0.026377 0.000000
0.234664 -0.338183 0.038985 0.000000
0.212581 -1.017061 -0.083810 1.000000
0.020470 -0.833253 0.013972 0.000000
0.205113 -0.918068 -0.005168 1.000000
0.232574 0.179062 -0.009566 0.000000
0.511936 0.082817 0.004284 0.000000
0.290552 -0.205898 0.037894 0.000000
0.171033 -1.173685 0.027381 0.000000
0.261666 -0.335025 0.021372 0.000000
0.518713 0.058786 -0.008473 0.000000
0.257524 -0.401698 0.020804 0.000000
0.275663 0.110651 -0.013007 0.000000
0.300539 -0.017718 0.037603 0.000000
0.213355 -1.034400 0.026989 0.000000
0.189198 -1.177499 -0.197783 1.000000
0.336194 0.309206 0.024848 0.000000
0.256087 -0.559629 0.025359 0.000000
0.328321 0.196684 0.056151 0.000000
0.506420 0.078138 0.177975 0.000000
0.511036 -0.103037 -0.035363 0.000000
0.625356 -0.475257 0.154825 0.000000
0.392146 -0.098809 0.080902 0.000000
-0.054681 -0.995872 -0.002691 0.000000
0.193572 -0.144214 -0.089133 0.000000
0.353996 0.055478 -0.022811 0.000000
0.191759 -1.249683 -0.279246 1.000000
0.335559 0.251741 0.056280 0.000000
0.090582 -0.008910 -0.064446 0.000000
0.301138 0.159193 0.006704 0.000000
0.216267 -0.937770 0.020448 0.000000
0.342295 0.362655 0.051537 0.000000
0.318299 0.177091 0.038905 0.000000
0.540797 -0.420234 0.136407 0.000000
0.560400 -0.003596 -0.027110 0.000000
0.229706 -0.890894 0.002874 1.000000
0.173509 -0.455703 0.031212 0.000000
0.261035 0.082382 -0.028547 0.000000
0.170694 -1.258324 0.056863 0.000000
0.193095 -1.098690 0.040060 0.000000
0.084994 -1.348814 0.085688 0.000000
0.446459 0.205168 0.098190 0.000000
0.254259 -0.607861 0.009879 0.000000
0.254399 0.213374 0.016310 0.000000
0.220043 -0.826001 0.013824 0.000000
0.331683 0.219328 0.018399 0.000000
0.344941 -0.086971 0.016664 0.000000
0.268864 -0.500437 0.012753 0.000000
0.102024 -1.329972 0.038725 0.000000
0.046609 -0.748298 0.025604 0.000000
0.496617 -0.321395 0.099711 0.000000
0.335283 -0.060401 0.011412 0.000000
0.254577 -0.481348 0.013458 0.000000
-0.022686 -0.907188 0.010330 0.000000
0.397119 0.199970 0.006493 0.000000
0.207760 -1.052104 0.028283 0.000000
0.316777 0.152546 0.052954 0.000000
0.386890 0.302151 0.067593 0.000000
0.402258 0.300529 0.035840 0.000000
0.145842 -0.515320 0.029985 0.000000
0.171266 -1.290290 -0.313573 1.000000
0.224763 -0.876593 0.014518 0.000000
0.155818 -1.144948 0.045250 0.000000
0.449404 -0.255078 0.103878 0.000000
0.202567 -0.096834 -0.065430 0.000000
0.213951 -0.383181 0.027456 0.000000
0.257705 0.055053 -0.013284 0.000000
0.207651 -1.095265 -0.138510 1.000000
0.340957 0.225654 0.007711 0.000000
0.167009 -1.224619 0.037679 0.000000
0.364414 -0.011823 0.052086 0.000000
0.163158 -0.205360 -0.128783 0.000000
0.308449 0.298978 0.035372 0.000000
0.228028 -0.850181 0.011553 0.000000
0.516618 -0.385548 0.118812 0.000000
0.230361 -0.781156 0.022344 0.000000
0.254960 -0.574098 0.007136 0.000000
0.435151 -0.160171 -0.121875 0.000000
0.234384 -0.771517 0.008792 0.000000
0.137771 -1.218364 0.057392 0.000000
0.500283 -0.360818 0.118222 0.000000
0.489181 -0.071104 -0.019922 0.000000
0.333429 0.410558 0.050127 0.000000
0.461851 0.160094 0.117649 0.000000
0.251586 -0.515012 0.014106 0.000000
0.507559 -0.118761 -0.048387 0.000000
0.335430 0.062404 0.060335 0.000000
0.481973 0.113382 0.001103 0.000000
0.227800 -0.935283 -0.019746 1.000000
0.189915 -0.419213 0.028543 0.000000
0.375627 -0.039810 0.072319 0.000000
0.463817 -0.054936 -0.024588 0.000000
0.250204 0.061246 -0.024787 0.000000
0.465764 0.154723 0.015667 0.000000
0.527185 0.044611 -0.013155 0.000000
0.442448 -0.183885 0.091907 0.000000
0.166928 -1.356322 -0.367716 1.000000
0.478709 -0.309118 0.113275 0.000000
0.457611 -0.204952 -0.146113 0.000000
0.172289 -1.220160 0.053435 0.000000
0.453180 0.183548 0.026079 0.000000
0.192182 -1.211017 -0.222796 1.000000
0.346529 0.425725 0.038782 0.000000
0.294404 -0.081382 0.032930 0.000000
0.344431 0.094045 0.001359 0.000000
0.419573 0.244356 0.072484 0.000000
0.503049 -0.090858 -0.030153 0.000000
0.397936 0.316439 0.033086 0.000000
0.228481 -0.733987 0.012742 0.000000
0.347147 0.441690 0.061289 0.000000
0.322889 0.200621 0.003273 0.000000
0.442795 -0.210257 0.094307 0.000000
0.222076 -0.045229 -0.044895 0.000000
0.196662 -1.125841 -0.175662 1.000000
0.132331 -1.225560 0.036125 0.000000
0.334407 0.319236 0.057270 0.000000
0.399944 0.131056 -0.000749 0.000000
0.329541 0.030282 -0.007595 0.000000
0.353582 0.020519 0.061607 0.000000
0.172329 -1.175984 0.054439 0.000000
0.482366 0.126496 0.013863 0.000000
0.219434 -0.363649 0.031296 0.000000
0.309696 -0.076172 0.035365 0.000000
0.082355 -0.663495 0.022929 0.000000
0.166638 -1.241574 0.033903 0.000000
0.326136 0.238602 0.044850 0.000000
0.398089 0.255603 0.012217 0.000000
0.092692 -0.595616 0.027439 0.000000
0.427283 0.028092 -0.015937 0.000000
0.231408 -0.917904 -0.007828 1.000000
0.420451 -0.133436 -0.109949 0.000000
0.186366 -1.202519 0.034287 0.000000
0.066412 -0.740456 0.023605 0.000000
0.129427 0.040430 -0.048492 0.000000
0.314555 0.026427 0.049997 0.000000
0.429831 0.225567 0.083628 0.000000
0.172764 -0.136950 -0.086538 0.000000
0.439332 -0.228573 0.098279 0.000000
0.245007 -0.591303 0.024390 0.000000
0.226143 -0.022536 -0.039353 0.000000
0.200338 -0.410052 0.040113 0.000000
0.321961 0.086800 0.048974 0.000000
0.533168 -0.407550 0.117776 0.000000
0.414236 0.270124 0.034399 0.000000
0.454184 -0.240773 0.098494 0.000000
0.187200 -1.142432 0.030168 0.000000
0.271008 -0.427126 0.013703 0.000000
0.449644 0.177408 0.106000 0.000000
0.005197 -0.853243 0.012995 0.000000
0.236367 -0.749954 0.021968 0.000000
0.329355 -0.021307 -0.002573 0.000000
0.186411 -1.121238 0.040627 0.000000
0.262729 -0.352580 0.023153 0.000000
0.591713 -0.018747 -0.040250 0.000000
0.302996 -0.037798 0.035283 0.000000
0.370158 0.438664 0.030372 0.000000
0.271052 0.231962 0.003631 0.000000
0.489377 -0.338293 0.115212 0.000000
0.048330 -0.077871 -0.094485 0.000000
0.167490 -1.194533 0.036218 0.000000
0.330106 0.092823 0.001978 0.000000
0.269022 -0.413358 0.026780 0.000000
0.267888 -0.374247 0.027735 0.000000
0.352851 0.446679 0.030820 0.000000
0.054503 -0.714432 0.028478 0.000000
0.163308 -0.489698 0.038578 0.000000
0.470979 0.135747 0.134138 0.000000
0.207279 -1.046229 -0.114824 1.000000
0.324635 0.220119 0.057421 0.000000
0.400956 -0.075694 0.091164 0.000000
0.114808 -1.239570 0.075936 0.000000
0.147358 -1.203802 0.046685 0.000000
0.142051 -1.181714 0.051394 0.000000
0.543566 0.040513 -0.010963 0.000000
0.303478 -0.005837 0.044844 0.000000
0.383458 0.008021 -0.034079 0.000000
0.260119 -0.285889 0.025439 0.000000
0.189253 -1.040747 0.031993 0.000000
0.242024 -0.582784 0.012613 0.000000
0.124067 -0.552352 0.027233 0.000000
0.191072 -1.199885 0.020897 0.000000
0.390765 0.344975 0.031562 0.000000
0.189772 -1.193767 -0.241518 1.000000
0.276582 -0.260879 0.019429 0.000000
0.275814 -0.309443 0.026326 0.000000
0.101295 -0.267569 -0.189831 0.000000
0.172836 -1.051438 0.018887 0.000000
0.362886 -0.131867 -0.001901 0.000000
0.324199 0.018595 0.004750 0.000000
0.264083 -0.457565 0.009507 0.000000
-0.028118 -0.951586 -0.012200 0.000000
0.271324 -0.248855 0.028663 0.000000
0.207126 -0.897049 0.013324 0.000000
0.330161 0.346622 0.048891 0.000000
0.204612 -1.038770 -0.082352 1.000000
0.306229 0.036637 0.045398 0.000000
0.161879 0.077433 -0.034821 0.000000
0.180614 -1.166015 0.033980 0.000000
0.205149 -1.141877 -0.191242 1.000000
0.545011 -0.432404 0.125294 0.000000
-0.017639 -0.921261 -0.003827 0.000000
0.138106 -0.240192 -0.161101 0.000000
0.580078 -0.449025 0.144514 0.000000
0.279080 -0.267840 0.032262 0.000000
0.213820 0.149314 -0.013773 0.000000
0.327481 0.141139 0.042513 0.000000
0.462194 -0.032634 -0.014720 0.000000
0.115417 -0.584401 0.027848 0.000000
0.029811 -0.792999 0.021555 0.000000
0.218918 -0.996914 -0.068860 1.000000
0.396767 0.223632 0.008548 0.000000
0.261211 -0.438191 0.016667 0.000000
0.125182 -1.277908 0.046063 0.000000
0.236079 -0.659788 0.010873 0.000000
0.547476 -0.144868 -0.062584 0.000000
0.473383 -0.292633 0.102629 0.000000
0.351305 0.395903 0.038226 0.000000
0.191916 -1.053930 -0.111832 1.000000
0.411043 -0.100994 -0.091149 0.000000
0.162872 -0.475236 0.030513 0.000000
0.064325 -0.288138 -0.223499 0.000000
0.227632 -0.800208 0.008996 0.000000
-0.078346 -1.055199 -0.031740 0.000000
0.177841 -1.194477 0.048122 0.000000
0.236442 0.190252 0.007885 0.000000
0.144150 -0.484198 0.021634 0.000000
0.005551 -0.839273 0.020559 0.000000
0.207599 -0.997511 0.020476 0.000000
0.288048 -0.186320 0.021843 0.000000
0.003257 -0.876251 0.006648 0.000000
0.111935 -0.000526 -0.056795 0.000000
0.029242 -0.111380 -0.110146 0.000000
0.294587 -0.095640 0.042545 0.000000
0.325327 0.039961 0.001021 0.000000
0.331066 0.069146 0.004206 0.000000
0.150160 -0.225058 -0.144851 0.000000
0.215148 -0.075944 -0.055153 0.000000
0.148974 -1.104546 0.021429 0.000000
0.598566 -0.053252 -0.042786 0.000000
0.183200 -0.161781 -0.099514 0.000000
0.202970 -0.394874 0.027825 0.000000
0.437546 0.024057 -0.006145 0.000000
0.085416 -0.041271 -0.076662 0.000000
0.209463 -0.046046 -0.049598 0.000000
0.524508 -0.398273 0.122323 0.000000
0.346673 0.279256 0.021450 0.000000
0.190884 -1.156214 0.020915 0.000000
0.187450 -0.435083 0.040540 0.000000
0.208564 -1.038107 -0.101304 1.000000
0.162358 -0.196515 -0.117692 0.000000
0.426170 -0.121180 -0.107191 0.000000
0.339642 0.352799 0.024880 0.000000
0.276540 -0.331443 0.022125 0.000000
0.187373 -1.102580 0.025260 0.000000
0.019944 -0.300947 -0.247970 0.000000
0.307676 0.006120 0.033065 0.000000
0.245609 -0.682494 0.010222 0.000000
0.492884 0.095492 0.164997 0.000000
0.208804 -1.021706 0.033429 0.000000
0.262703 -0.541191 0.022453 0.000000
0.238355 -0.928433 -0.015224 1.000000
0.177502 -1.087128 0.032062 0.000000
0.500911 0.090871 0.001105 0.000000
0.113410 0.022128 -0.056292 0.000000
0.389920 0.243796 0.017887 0.000000
0.129083 -1.247469 0.064033 0.000000
0.338046 -0.073768 0.012486 0.000000
0.394869 0.292571 0.021504 0.000000
0.151062 -1.162608 0.044054 0.000000
0.329614 -0.006532 0.007514 0.000000
0.118194 -0.258038 -0.174220 0.000000
0.307528 0.063575 0.038343 0.000000
0.386939 0.421180 0.042512 0.000000
0.331292 0.399001 0.056250 0.000000
0.112249 -0.610529 0.032682 0.000000
0.093688 -0.661952 0.030987 0.000000
0.327954 0.004035 -0.001421 0.000000
0.418060 0.087517 -0.006846 0.000000
0.451929 -0.176752 -0.139879 0.000000
0.340490 0.375670 0.050070 0.000000
0.172360 -1.306815 0.061677 0.000000
0.348913 0.312526 0.023596 0.000000
0.090302 -0.687687 0.030659 0.000000
0.306118 -0.093836 0.035100 0.000000
0.378521 -0.003882 -0.040402 0.000000
0.328569 0.281436 0.057740 0.000000
0.343497 0.476305 0.057626 0.000000
0.149882 -0.495472 0.028383 0.000000
0.392377 0.369961 0.040496 0.000000
0.285720 -0.176257 0.038477 0.000000
0.082781 -0.276062 -0.207754 0.000000
-0.064835 -1.024498 -0.014282 0.000000
0.108921 -0.572420 0.026389 0.000000
0.257551 0.088521 -0.017555 0.000000
0.240521 -0.617497 0.019931 0.000000
0.312481 -0.018307 0.042779 0.000000
0.495869 0.070508 0.178104 0.000000
0.272365 0.226940 0.017305 0.000000
0.269549 0.094180 -0.011558 0.000000
0.018619 -0.820803 0.018766 0.000000
0.204581 0.139713 -0.014393 0.000000
0.191191 -1.135981 0.019681 0.000000
0.312372 0.183237 0.007350 0.000000
0.275586 -0.282305 0.024164 0.000000
0.604625 -0.469555 0.136393 0.000000
0.192116 -1.073182 0.016913 0.000000
0.172504 -0.431679 0.018292 0.000000
0.358876 0.458763 0.044524 0.000000
0.172559 -1.329218 -0.339400 1.000000
0.222546 -0.978127 -0.055047 1.000000
0.225514 -0.865236 0.006517 0.000000
0.491706 -0.264090 -0.157973 0.000000
0.199247 -1.218052 -0.237262 1.000000
0.470394 -0.225799 -0.156563 0.000000
-0.009543 -0.883917 0.012686 0.000000
0.360187 -0.113370 0.015232 0.000000
0.221252 -0.960170 -0.040906 1.000000
0.388728 -0.017868 -0.044864 0.000000
0.066661 -0.698633 0.025540 0.000000
-0.007603 -0.895310 0.005855 0.000000
0.042859 -0.292053 -0.237591 0.000000
0.186197 -0.428410 0.019060 0.000000
0.208566 -0.950766 -0.024232 1.000000
-0.087552 -1.081480 -0.033943 0.000000
0.237775 -0.948039 -0.030756 1.000000
0.239047 -0.710300 0.022240 0.000000
-0.039664 -0.979723 -0.015190 0.000000
0.253420 -0.619336 0.018598 0.000000
0.332044 -0.032885 0.014278 0.000000
0.272473 -0.378629 0.016690 0.000000
0.361883 0.000778 0.073547 0.000000
0.238591 -0.726424 0.009746 0.000000
0.497540 -0.349125 0.112745 0.000000
0.330996 -0.049010 0.002586 0.000000
0.229013 -0.718780 0.013238 0.000000
0.141016 -1.157352 0.032309 0.000000
0.205499 -1.138249 -0.164044 1.000000
-0.073885 -1.046200 -0.017019 0.000000
0.243127 -0.319991 0.026115 0.000000
0.421999 0.254005 0.019069 0.000000
0.638241 -0.086823 -0.049204 0.000000
0.204052 -1.031195 0.016538 0.000000
0.168668 0.089418 -0.031159 0.000000
0.394218 -0.105488 0.070511 0.000000
0.290588 -0.164145 0.030785 0.000000
0.187375 -1.291884 -0.301636 1.000000
0.325780 0.101794 0.045391 0.000000
0.144930 -1.156519 0.061364 0.000000
0.288091 0.259265 0.029589 0.000000
0.199194 -1.085627 -0.137452 1.000000
0.180358 -1.116727 0.029627 0.000000
0.070134 -0.648986 0.028766 0.000000
0.169638 -1.326669 0.062413 0.000000
0.342513 0.342282 0.018510 0.000000
0.411923 0.092068 0.009562 0.000000
0.615126 -0.469083 0.151335 0.000000
0.315576 0.169166 0.048096 0.000000
0.486228 -0.250414 -0.153273 0.000000
-0.031275 -0.946759 0.006931 0.000000
0.203541 -0.082035 -0.060038 0.000000
0.463681 -0.273353 0.104698 0.000000
0.075885 -0.674413 0.031468 0.000000
0.270907 -0.393826 0.011665 0.000000
0.102288 -0.024984 -0.067169 0.000000
0.127644 0.028159 -0.048372 0.000000
0.294467 -0.127702 0.041047 0.000000
0.425418 0.238636 0.025964 0.000000
0.327721 0.186505 0.045508 0.000000
0.461629 -0.042863 -0.022917 0.000000
0.190891 -1.258027 -0.288346 1.000000
0.442836 0.007428 -0.011216 0.000000
0.053753 -0.738220 0.025547 0.000000
0.263858 -0.475382 0.025646 0.000000
0.265657 -0.445475 0.026122 0.000000
0.182548 0.116189 -0.035748 0.000000
0.415739 0.096563 -0.014891 0.000000
0.197227 -1.073244 -0.126410 1.000000
0.325502 0.184066 0.060290 0.000000
0.433143 -0.140088 -0.120218 0.000000
0.190067 -0.409430 0.020821 0.000000
0.271834 -0.343530 0.013486 0.000000
0.235219 -0.688560 0.021126 0.000000
0.329564 -0.070379 0.004239 0.000000
0.241829 0.010227 -0.026824 0.000000
0.270696 -0.401277 0.021465 0.000000
0.100406 -0.000594 -0.061890 0.000000
0.203537 -1.115263 -0.171000 1.000000
0.389563 0.308153 0.051970 0.000000
0.092904 -0.621731 0.027796 0.000000
0.269817 -0.482902 0.013536 0.000000
0.109369 -1.293232 0.037592 0.000000
-0.093930 -1.102364 -0.026069 0.000000
0.267739 -0.299618 0.018540 0.000000
0.184356 -1.278812 0.061116 0.000000
0.271957 -0.355770 0.015113 0.000000
0.186543 -1.013854 0.016741 0.000000
0.230085 -0.815651 0.007579 0.000000
0.343848 0.412121 0.056362 0.000000
0.403890 -0.091096 -0.090352 0.000000
0.421387 0.066391 -0.009857 0.000000
0.200155 -1.101608 0.030510 0.000000
0.384542 -0.073019 0.078861 0.000000
0.261001 -0.522113 0.026696 0.000000
0.296886 0.270690 0.031349 0.000000
0.056367 -0.067768 -0.091528 0.000000
0.330169 0.227604 0.048171 0.000000
0.170584 -1.268955 0.039361 0.000000
0.327879 0.173318 0.046518 0.000000
0.218915 -0.895063 0.008001 0.000000
0.339992 0.389782 0.059888 0.000000
0.191083 -1.132064 0.037748 0.000000
0.209951 -1.054655 0.016100 0.000000
0.558831 0.008256 -0.024154 0.000000
0.326332 0.054918 -0.004352 0.000000
0.429310 -0.140820 0.093783 0.000000
0.476932 -0.057115 -0.017548 0.000000
-0.050966 -0.980427 -0.010237 0.000000
0.156348 -0.514639 0.037975 0.000000
0.206784 -1.079133 0.041440 0.000000
0.392714 -0.024948 -0.054049 0.000000
0.396257 0.153657 0.003200 0.000000
0.253080 -0.494040 0.022315 0.000000
0.307710 -0.055635 0.034397 0.000000
0.033010 -0.808263 0.015869 0.000000
0.243419 -0.600182 0.010382 0.000000
0.190369 -1.186387 0.043944 0.000000
0.088719 -0.636594 0.028138 0.000000
0.385811 0.446990 0.043873 0.000000
0.168291 -1.053973 0.033291 0.000000
0.194885 -1.138564 -0.183802 1.000000
0.173737 -1.232363 0.054199 0.000000
0.188559 -1.204286 -0.247189 1.000000
0.348043 0.452107 0.055393 0.000000
0.443025 0.200205 0.019078 0.000000
0.168304 -1.208980 0.051739 0.000000
0.418572 0.076893 -0.001320 0.000000
0.204847 -0.933334 -0.013690 1.000000
0.340082 0.213116 0.010636 0.000000
0.142442 -0.547830 0.039547 0.000000
0.231524 -0.699483 0.013979 0.000000
0.491572 -0.095401 -0.034755 0.000000
0.259524 -0.382628 0.020671 0.000000
0.348923 0.327855 0.024872 0.000000
0.168702 -0.177123 -0.104318 0.000000
0.343051 0.249216 0.021220 0.000000
0.505964 -0.387023 0.126685 0.000000
0.480129 -0.077138 -0.030571 0.000000
0.137972 -1.202223 0.066381 0.000000
0.237603 -0.330739 0.029546 0.000000
0.329483 0.371582 0.052156 0.000000
0.133350 -0.578071 0.037823 0.000000
0.561705 -0.437748 0.133090 0.000000
0.324355 0.087696 0.060906 0.000000
0.347366 0.085819 -0.008654 0.000000
0.173841 -1.214162 0.029418 0.000000
0.172327 -1.317135 -0.338380 1.000000
0.241049 -0.664210 0.021028 0.000000
0.322835 0.322504 0.041417 0.000000
0.207579 -1.088862 -0.128537 1.000000
0.201427 -1.002286 0.030790 0.000000
0.225861 -0.034222 -0.041289 0.000000
-0.059136 -1.014739 -0.017833 0.000000
0.320243 0.124911 0.049564 0.000000
0.331906 0.090235 -0.009433 0.000000
0.316094 0.148229 0.039977 0.000000
0.151580 -1.238166 0.048341 0.000000
0.675804 -0.118613 -0.062484 0.000000
0.406346 0.114510 0.000671 0.000000
0.351712 0.476901 0.049141 0.000000
0.327359 0.158016 0.051627 0.000000
0.160132 -1.339888 -0.355348 1.000000
0.429858 -0.183474 0.091471 0.000000
0.193117 -1.050097 0.019572 0.000000
0.030061 -0.129599 -0.122980 0.000000
0.412268 -0.160993 0.078277 0.000000
0.199622 -1.114622 0.018990 0.000000
0.212102 -1.031660 0.039303 0.000000
0.410778 -0.123001 0.086494 0.000000
0.363719 0.046850 -0.023391 0.000000
0.199961 -0.399073 0.017248 0.000000
0.227428 -0.835040 0.007152 0.000000
0.205107 -1.130017 -0.183779 1.000000
0.197506 -1.077632 0.034377 0.000000
0.163733 -1.373037 -0.387524 1.000000
0.214206 0.162563 -0.004661 0.000000
0.194315 -1.192766 -0.214729 1.000000
0.438039 -0.167872 -0.130248 0.000000
0.187488 -1.254610 0.053838 0.000000
0.403194 0.278331 0.064535 0.000000
0.132765 -0.508623 0.023051 0.000000
0.224774 -0.767216 0.013914 0.000000
0.290395 -0.186990 0.038406 0.000000
0.229937 -0.008791 -0.035812 0.000000
0.373891 0.336978 0.043678 0.000000
0.450201 -0.018387 -0.019538 0.000000
0.191821 -1.172820 -0.208169 1.000000
0.216238 -0.852914 0.011003 0.000000
0.250019 -0.538965 0.013616 0.000000
0.247803 -0.654506 0.010647 0.000000
0.081160 -0.710262 0.026314 0.000000
0.243071 -0.641179 0.019799 0.000000
0.261448 -0.531400 0.012633 0.000000
0.341913 0.306295 0.015159 0.000000
0.428538 0.042707 -0.012503 0.000000
-0.026128 -0.931309 0.003508 0.000000
0.326883 0.260052 0.049008 0.000000
0.119071 -1.237145 0.040707 0.000000
0.393991 0.292669 0.066298 0.000000
0.408339 -0.142081 0.082976 0.000000
0.286765 0.133534 -0.009678 0.000000
0.179364 -1.170602 0.045228 0.000000
0.289778 -0.139945 0.035777 0.000000
0.346718 0.414775 0.031008 0.000000
0.386258 -0.079826 0.069365 0.000000
0.412635 0.259176 0.031180 0.000000
0.452943 0.196774 0.103649 0.000000
0.325951 0.211403 0.012351 0.000000
0.244688 0.035630 -0.025103 0.000000
0.332037 0.424176 0.055971 0.000000
0.181893 -1.047761 0.026645 0.000000
0.038097 -0.098048 -0.108896 0.000000
0.320714 0.221436 0.045503 0.000000
0.502606 0.099015 0.010472 0.000000
0.278787 -0.225745 0.026819 0.000000
0.202837 -1.154496 -0.194984 1.000000
-0.044428 -0.962801 -0.004294 0.000000
0.185506 -1.261162 -0.278441 1.000000
0.182337 -0.143325 -0.087103 0.000000
0.334073 0.081807 0.047464 0.000000
0.236429 -0.754282 0.008552 0.000000
0.216167 -1.026900 -0.093310 1.000000
0.510551 -0.373362 0.112781 0.000000
0.666363 -0.112557 -0.060384 0.000000
0.367772 -0.028670 0.071832 0.000000
0.590646 -0.462714 0.144279 0.000000
0.208737 -0.375757 0.019608 0.000000
0.187633 -1.120787 0.019887 0.000000
0.133879 -0.567418 0.033262 0.000000
0.578765 -0.451515 0.129703 0.000000
0.324213 0.113095 0.048672 0.000000
0.434193 0.216802 0.015080 0.000000
0.327252 0.207940 0.057235 0.000000
0.192766 -1.063256 0.022394 0.000000
0.132911 -1.164813 0.035057 0.000000
0.383532 0.494155 0.047047 0.000000
0.224334 -0.356806 0.021878 0.000000
0.054406 -0.768572 0.017530 0.000000
0.172982 -1.343262 -0.358782 1.000000
0.197018 -1.016539 0.025572 0.000000
0.149618 -1.180724 0.039784 0.000000
0.375016 0.016862 -0.035674 0.000000
0.726474 -0.144254 -0.083881 0.000000
0.428557 -0.161506 0.092119 0.000000
0.209410 -1.063231 0.027267 0.000000
0.260253 -0.301568 0.031310 0.000000
0.175775 -0.447980 0.020407 0.000000
0.495108 0.111630 0.011107 0.000000
0.250485 -0.561630 0.015383 0.000000
0.634962 -0.480987 0.156246 0.000000
0.199773 -1.003700 0.011851 0.000000
0.034071 -0.114948 -0.120500 0.000000
0.350598 0.031622 0.060095 0.000000
-0.083789 -1.070250 -0.022206 0.000000
0.030979 -0.764898 0.027311 0.000000
0.648385 -0.099670 -0.068136 0.000000
0.403011 -0.102695 0.086678 0.000000
0.280395 0.118462 -0.006471 0.000000
0.257548 -0.582764 0.014699 0.000000
0.121537 -0.562777 0.030755 0.000000
0.389238 0.299149 0.028631 0.000000
0.196612 -1.027230 -0.082667 1.000000
0.172102 -1.158939 0.038226 0.000000
0.199213 -1.222993 -0.247928 1.000000
0.159543 -1.111685 0.021375 0.000000
0.048680 -0.724243 0.028098 0.000000
0.282522 -0.201212 0.029023 0.000000
0.459405 -0.249864 0.102355 0.000000
0.204640 -1.041446 0.027085 0.000000
0.163957 -1.327668 -0.346653 1.000000
0.344067 0.290131 0.013320 0.000000
0.659467 -0.110083 -0.069037 0.000000
0.655438 -0.500875 0.155334 0.000000
0.389502 0.198609 0.014519 0.000000
0.329546 0.343126 0.059715 0.000000
0.213185 -1.048140 -0.105577 1.000000
0.166236 -1.178949 0.045601 0.000000
-0.002708 -0.862526 0.023306 0.000000
0.365564 0.345450 0.037974 0.000000
0.690524 -0.134255 -0.076060 0.000000
0.313367 0.308956 0.042782 0.000000
0.256033 -0.551066 0.015323 0.000000
0.405516 0.145299 -0.003593 0.000000
0.078829 -0.031818 -0.076063 0.000000
0.398241 0.184002 0.004540 0.000000
0.259641 -0.507692 0.016312 0.000000
0.143672 -0.529685 0.033620 0.000000
0.336338 0.440478 0.054892 0.000000
0.345547 0.391369 0.029890 0.000000
0.204805 -1.057539 -0.107301 1.000000
0.262647 -0.491376 0.014186 0.000000
0.338263 0.172542 0.008065 0.000000
0.214128 -0.887749 0.016374 0.000000
0.228212 -0.943708 -0.026914 1.000000
0.261059 -0.422364 0.012857 0.000000
0.179627 -1.282043 -0.308482 1.000000
0.290299 0.137450 0.000245 0.000000
0.409497 0.125513 -0.000825 0.000000
0.384094 0.469255 0.047620 0.000000
0.229924 -0.808258 0.016625 0.000000
0.206119 -0.914428 0.005188 1.000000
0.423225 -0.173829 0.090013 0.000000
0.271119 -0.322107 0.028810 0.000000
0.509530 0.048807 0.209020 0.000000
0.328122 0.073996 -0.013347 0.000000
0.060608 -0.690260 0.029569 0.000000
0.149290 -1.145709 0.054075 0.000000
0.403937 -0.059391 -0.071248 0.000000
0.441620 0.214582 0.095198 0.000000
0.457641 -0.022829 -0.012744 0.000000
0.083323 -0.017106 -0.070979 0.000000
0.214657 -0.916964 0.016860 0.000000
0.645767 -0.101708 -0.056919 0.000000
0.527443 0.032470 0.226699 0.000000
0.389069 0.273186 0.025683 0.000000
0.237502 -0.637707 0.010596 0.000000
0.122484 -0.609159 0.036348 0.000000
0.329288 0.298259 0.054887 0.000000
0.352713 0.433485 0.030531 0.000000
0.372790 0.027502 -0.027816 0.000000
0.638908 -0.493797 0.153635 0.000000
0.078918 -0.689659 0.028272 0.000000
0.329711 0.357529 0.048795 0.000000
0.269389 -0.362463 0.025865 0.000000
0.181647 -1.111711 0.042963 0.000000
0.049219 -0.758844 0.021659 0.000000
0.315630 0.074718 0.037424 0.000000
0.115987 0.010137 -0.054349 0.000000
0.537163 -0.415579 0.126703 0.000000
0.138044 -1.198848 0.044017 0.000000
0.624558 -0.479807 0.144684 0.000000
0.334746 0.192123 0.003491 0.000000
0.184103 -0.446367 0.032147 0.000000
0.223115 -0.945683 0.023396 0.000000
-0.035876 -0.950260 -0.004717 0.000000
0.494193 -0.331183 0.104749 0.000000
0.410908 0.106068 -0.012853 0.000000
0.145676 0.065075 -0.043414 0.000000
0.407366 0.131741 0.008713 0.000000
0.379218 -0.056966 0.067200 0.000000
0.233671 -0.739482 0.021297 0.000000
0.153905 -0.213196 -0.127754 0.000000
0.195039 -0.966537 -0.030982 1.000000
0.013038 -0.843338 0.013738 0.000000
0.202958 -0.982020 -0.046982 1.000000
0.151541 -1.222592 0.040375 0.000000
0.103061 -0.594870 0.024495 0.000000
0.171954 -1.185943 0.031427 0.000000
0.307715 0.032554 0.035509 0.000000
0.457768 0.151925 0.006616 0.000000
0.095590 -0.016957 -0.069870 0.000000
0.499032 -0.268827 -0.151611 0.000000
0.138899 0.041070 -0.041630 0.000000
0.336752 0.337892 0.051163 0.000000
0.210838 -0.903114 0.002998 1.000000
0.266806 0.234203 0.023012 0.000000
0.328693 0.310647 0.054141 0.000000
0.583988 -0.012756 -0.035720 0.000000
0.570843 -0.018658 -0.038714 0.000000
0.214495 -0.873447 0.013850 0.000000
0.450835 -0.006438 -0.009036 0.000000
0.306041 0.168783 0.008370 0.000000
0.706042 -0.145360 -0.079118 0.000000
0.207023 -1.022461 0.022038 0.000000
0.317634 0.095693 0.053159 0.000000
0.504942 -0.110646 -0.041414 0.000000
0.208283 -1.128345 -0.171590 1.000000
0.193583 -1.201127 -0.228774 1.000000
0.393377 -0.056399 -0.071747 0.000000
0.368968 -0.020788 0.064659 0.000000
0.326486 0.146621 0.051670 0.000000
0.213490 -1.013810 -0.069237 1.000000
0.334235 0.231825 0.013311 0.000000
0.722977 -0.154350 -0.083675 0.000000
0.183071 -1.192326 0.031827 0.000000
0.151537 -1.297326 0.059199 0.000000
0.053673 -0.084277 -0.101620 0.000000
0.291862 -0.113358 0.033042 0.000000
0.183601 0.111309 -0.026315 0.000000
0.468949 -0.312771 0.116450 0.000000
0.257441 -0.458326 0.021005 0.000000
0.212764 -0.383202 0.038059 0.000000
0.455919 0.186017 0.106423 0.000000
0.592513 -0.034252 -0.041690 0.000000
0.279756 -0.247224 0.036074 0.000000
0.233203 -0.791508 0.011591 0.000000
0.310990 -0.044216 0.044868 0.000000
0.136113 -1.223817 0.048081 0.000000
0.162556 -1.196194 0.046410 0.000000
0.068421 -0.048979 -0.083490 0.000000
0.181773 -1.186462 0.056363 0.000000
0.473269 -0.267107 0.096489 0.000000
0.322463 0.199988 0.045879 0.000000
0.119596 -1.248385 0.033954 0.000000
0.092292 -0.650204 0.029942 0.000000
0.293754 0.158339 -0.003066 0.000000
0.159065 0.067667 -0.030030 0.000000
0.294661 0.276490 0.014764 0.000000
0.157035 0.083389 -0.042126 0.000000
0.180127 -1.325174 0.062455 0.000000
0.195656 -1.005896 -0.070713 1.000000
-0.017691 -0.914588 0.004399 0.000000
0.396786 0.212226 0.008589 0.000000
0.215310 -1.029773 -0.110921 1.000000
0.181982 -1.199253 0.056602 0.000000
0.244250 -0.614138 0.009432 0.000000
0.303159 0.287775 0.030086 0.000000
0.339897 0.462069 0.058941 0.000000
0.411520 -0.108543 -0.099156 0.000000
0.204680 -1.094576 -0.148621 1.000000
0.178203 -1.040575 0.039028 0.000000
0.333349 0.154228 0.000257 0.000000
0.285200 -0.238603 0.030981 0.000000
0.174403 -1.219227 0.043164 0.000000
0.313310 0.015629 0.047456 0.000000
0.381041 -0.010744 -0.050877 0.000000
0.311540 0.042371 0.035250 0.000000
0.426261 0.056225 0.000445 0.000000
0.213492 -0.372750 0.028702 0.000000
0.262902 0.224088 0.013730 0.000000
0.174461 -1.252955 -0.278639 1.000000
-0.090533 -1.088447 -0.026021 0.000000
-0.105902 -1.120143 -0.033445 0.000000
0.191519 -1.190430 -0.231718 1.000000
0.336032 -0.037845 0.005791 0.000000
0.201912 -1.059649 0.033895 0.000000
0.201809 -1.008217 0.021361 0.000000
0.464857 -0.226377 -0.147695 0.000000
0.220098 0.157496 -0.012019 0.000000
0.182472 -1.173567 0.055252 0.000000
0.521827 -0.387915 0.110085 0.000000
0.335056 0.278521 0.049414 0.000000
0.329168 0.094537 0.053949 0.000000
0.212055 -1.084065 -0.136614 1.000000
0.064595 -0.073949 -0.093059 0.000000
0.345827 0.042276 0.058870 0.000000
0.552612 -0.428270 0.119519 0.000000
0.400089 0.283679 0.020130 0.000000
0.174745 -1.267748 0.058555 0.000000
0.143052 -1.168954 0.051711 0.000000
0.202430 -1.113945 -0.160758 1.000000
0.241346 -0.703570 0.010806 0.000000
0.156243 -0.199259 -0.109776 0.000000
0.295013 0.148054 -0.002644 0.000000
0.131906 -0.243038 -0.153292 0.000000
0.237189 -0.672514 0.013227 0.000000
0.198180 -1.089878 0.038137 0.000000
0.360727 -0.002669 0.055207 0.000000
0.277971 -0.288789 0.016466 0.000000
0.306951 -0.026622 0.038602 0.000000
0.484214 -0.312866 0.105365 0.000000
0.314741 0.024781 0.038161 0.000000
0.245353 -0.632221 0.014465 0.000000
0.394273 0.174265 0.010096 0.000000
0.407780 0.205870 0.000191 0.000000
0.351945 -0.087316 0.024227 0.000000
0.513865 0.070531 -0.003105 0.000000
0.328060 0.245153 0.058861 0.000000
0.420578 0.261335 0.080277 0.000000
0.192453 -1.200762 0.051740 0.000000
0.756594 -0.163600 -0.093882 0.000000
0.318706 0.059859 0.042212 0.000000
0.447630 0.191744 0.022699 0.000000
0.227045 -0.745189 0.015528 0.000000
-0.067158 -1.032880 -0.019774 0.000000
0.207094 -1.046698 -0.094833 1.000000
0.189240 -1.170370 0.024159 0.000000
0.213125 0.156376 -0.023926 0.000000
0.039514 -0.755727 0.025821 0.000000
0.145670 -1.150573 0.038468 0.000000
0.185949 -1.246700 -0.270438 1.000000
0.567335 -0.179910 -0.097176 0.000000
0.181692 -1.178027 0.031500 0.000000
0.226287 -0.902345 0.000377 1.000000
0.034677 -0.775534 0.023675 0.000000
0.230035 -0.826067 0.011344 0.000000
0.413517 -0.140919 0.092678 0.000000
0.111126 -1.240362 0.034973 0.000000
0.255427 -0.294977 0.025165 0.000000
0.470715 -0.282452 0.103548 0.000000
0.190790 -1.017780 0.035915 0.000000
0.351942 0.011653 0.054675 0.000000
0.201106 -1.205653 -0.223573 1.000000
0.193217 -0.428607 0.030733 0.000000
0.100097 -0.643003 0.027117 0.000000
0.316080 -0.000079 0.039244 0.000000
0.609293 -0.059683 -0.048231 0.000000
0.149927 -0.506010 0.029760 0.000000
0.468495 -0.205203 -0.148709 0.000000
0.694674 -0.132409 -0.065965 0.000000
0.394312 -0.043233 -0.065084 0.000000
0.288651 -0.193282 0.030639 0.000000
0.526403 0.061303 -0.002357 0.000000
0.452473 -0.230606 0.101345 0.000000
0.428225 -0.207355 0.096828 0.000000
0.316543 0.192719 0.003408 0.000000
0.428864 0.047152 -0.003212 0.000000
0.364410 0.034380 -0.033167 0.000000
0.341427 0.420478 0.061521 0.000000
0.301042 -0.072086 0.038842 0.000000
0.349111 0.348740 0.022600 0.000000
0.157791 -0.472573 0.019812 0.000000
0.597481 -0.042634 -0.044297 0.000000
0.047674 -0.775988 0.016382 0.000000
0.184806 -1.004746 0.027136 0.000000
0.472233 0.136157 0.007771 0.000000
0.351428 -0.111139 0.009848 0.000000
0.125062 -0.541475 0.025962 0.000000
0.163068 -1.224345 0.048044 0.000000
0.342296 0.246340 0.008515 0.000000
0.242643 -0.326693 0.018637 0.000000
0.336139 0.138887 0.006482 0.000000
0.597408 -0.459027 0.137827 0.000000
-0.049541 -0.986230 -0.002162 0.000000
0.196595 -1.124239 0.034731 0.000000
0.473904 0.121344 0.145710 0.000000
0.214499 -0.914602 -0.004539 1.000000
0.236627 -0.649971 0.012814 0.000000
0.212248 -1.033705 -0.087087 1.000000
0.575767 -0.188707 -0.109415 0.000000
0.213304 -0.966978 -0.039525 1.000000
0.632577 -0.079939 -0.063055 0.000000
0.076627 -0.656602 0.028605 0.000000
0.317633 0.092266 0.041803 0.000000
0.250363 -0.305819 0.018240 0.000000
0.259618 -0.428138 0.020880 0.000000
0.404580 0.163133 0.000983 0.000000
0.126132 -1.194902 0.071577 0.000000
0.008219 -0.879672 -0.001300 0.000000
0.299283 -0.031818 0.044528 0.000000
0.316252 0.141499 0.047515 0.000000
0.440817 -0.193477 0.094068 0.000000
0.223515 -0.885186 0.008201 0.000000
0.193384 -0.092977 -0.065254 0.000000
0.351183 0.439870 0.038023 0.000000
0.447258 -0.185840 -0.138213 0.000000
0.187234 -1.117223 0.049691 0.000000
0.137505 -0.555157 0.044090 0.000000
0.333225 0.241699 0.013118 0.000000
0.472999 -0.300286 0.108936 0.000000
0.334562 0.104402 -0.010693 0.000000
0.196903 -1.143273 -0.196568 1.000000
0.325991 0.028484 0.001841 0.000000
0.341804 0.364321 0.023276 0.000000
0.292185 -0.208967 0.026076 0.000000
0.183827 -1.210677 0.029278 0.000000
-0.033491 -0.937731 0.000105 0.000000
0.247831 -0.539669 0.023245 0.000000
0.274126 -0.241303 0.022410 0.000000
0.336177 0.355154 0.055973 0.000000
0.157260 -1.173058 0.043147 0.000000
0.298263 -0.146536 0.030612 0.000000
0.233870 -0.781385 0.008378 0.000000
0.404801 0.291334 0.033242 0.000000
0.236483 -0.938141 -0.015241 1.000000
0.227816 -0.986476 -0.054846 1.000000
0.219307 -1.005955 -0.084078 1.000000
-0.022994 -0.931218 -0.006134 0.000000
0.185987 -1.108586 0.033539 0.000000
0.325472 0.270141 0.053371 0.000000
-0.098091 -1.103069 -0.034962 0.000000
0.391183 0.309804 0.026619 0.000000
0.305263 -0.094066 0.044900 0.000000
0.268154 -0.258169 0.028681 0.000000
0.670421 -0.511173 0.161694 0.000000
0.202044 -1.033071 0.034645 0.000000
0.425928 0.233666 0.079657 0.000000
0.204851 -1.021432 -0.079603 1.000000
0.338726 0.116199 -0.003074 0.000000
0.337868 0.334621 0.022536 0.000000
0.193764 0.122583 -0.014654 0.000000
0.255567 -0.481353 0.023655 0.000000
0.414518 0.080216 0.006978 0.000000
0.229049 -0.764184 0.005041 0.000000
0.223381 -0.914171 0.020379 0.000000
0.215420 -0.351463 0.015790 0.000000
0.438991 0.205045 0.091845 0.000000
0.254263 -0.590080 0.021421 0.000000
0.207260 0.143820 -0.004975 0.000000
0.278586 0.251431 0.028152 0.000000
0.264101 -0.421488 0.029144 0.000000
0.348337 -0.101718 0.021941 0.000000
0.263688 0.081354 -0.014962 0.000000
0.215820 -0.978472 0.022826 0.000000
0.456978 -0.264429 0.105228 0.000000
0.398538 0.353291 0.032347 0.000000
0.138825 -0.232310 -0.138393 0.000000
0.165571 -1.365931 -0.380939 1.000000
0.424936 -0.150288 0.094561 0.000000
0.376760 -0.033320 0.080884 0.000000
0.710752 -0.140056 -0.072409 0.000000
0.284448 -0.179250 0.029273 0.000000
0.515743 -0.123974 -0.049417 0.000000
0.152079 -1.376541 -0.386524 1.000000
0.245357 0.018800 -0.023804 0.000000
0.544477 -0.422628 0.127717 0.000000
0.267410 -0.292334 0.025412 0.000000
0.337080 0.208794 0.001844 0.000000
0.433755 0.040081 0.001320 0.000000
0.168764 -1.100727 0.035072 0.000000
0.357957 0.009932 0.072157 0.000000
0.175807 -1.199477 0.037027 0.000000
0.181938 -1.129767 0.041821 0.000000
0.338332 0.430183 0.062057 0.000000
0.430253 0.227403 0.017322 0.000000
0.275159 -0.275398 0.011806 0.000000
0.224056 -0.365979 0.039464 0.000000
0.360251 0.058757 -0.015565 0.000000
0.328087 0.064884 -0.004690 0.000000
0.110073 -0.619712 0.030592 0.000000
0.341369 -0.093165 0.010160 0.000000
0.622631 -0.073512 -0.053929 0.000000
-0.055378 -1.001705 -0.010364 0.000000
0.197773 -1.079897 0.022054 0.000000
0.333395 -0.014546 0.003670 0.000000
0.303427 0.011269 0.043913 0.000000
0.368646 -0.016299 0.074723 0.000000
-0.044897 -0.973193 -0.008241 0.000000
0.206080 -0.992380 0.028503 0.000000
0.054984 -0.286114 -0.220882 0.000000
0.306366 0.165775 -0.006139 0.000000
-0.033079 -0.959523 -0.007935 0.000000
0.397118 0.398081 0.043240 0.000000
0.442486 -0.219850 0.095098 0.000000
0.420695 -0.114343 -0.101483 0.000000
0.078595 -0.638533 0.028600 0.000000
0.205048 -1.078873 -0.141454 1.000000
0.572096 -0.001646 -0.030141 0.000000
0.270922 -0.273834 0.035231 0.000000
0.518338 0.039669 0.216636 0.000000
0.320678 0.177457 0.051967 0.000000
0.551218 0.018729 -0.019818 0.000000
0.201277 -1.096275 0.020448 0.000000
0.339267 0.401792 0.065946 0.000000
0.247669 -0.600937 0.018947 0.000000
0.448567 -0.195520 -0.139170 0.000000
0.320814 0.031144 -0.011460 0.000000
0.452448 -0.212642 0.097841 0.000000
0.349781 0.405934 0.036181 0.000000
0.334497 0.273084 0.019362 0.000000
0.074649 -0.703322 0.028694 0.000000
0.437102 0.221823 0.090870 0.000000
0.303436 -0.084514 0.033356 0.000000
0.190976 -1.108805 0.041695 0.000000
0.303914 0.296950 0.046861 0.000000
0.331017 -0.027349 0.005268 0.000000
0.149244 -0.221188 -0.135695 0.000000
0.358074 -0.104431 0.012593 0.000000
0.332321 0.245936 0.049418 0.000000
0.342611 0.451075 0.064901 0.000000
0.251781 -0.521694 0.021081 0.000000
0.028621 -0.832454 0.009072 0.000000
0.356099 0.425932 0.035431 0.000000
0.231380 -0.959796 -0.034563 1.000000
0.205927 -0.972981 -0.037892 1.000000
0.261692 -0.478573 0.007756 0.000000
0.173418 -1.247954 0.035913 0.000000
0.200086 -0.403018 0.033709 0.000000
0.198323 -1.133444 -0.168250 1.000000
0.471812 0.147649 0.017708 0.000000
0.380320 -0.044599 0.079065 0.000000
0.439926 -0.254628 0.104343 0.000000
0.300144 0.002414 0.041547 0.000000
0.438179 0.209247 0.019948 0.000000
0.316338 0.108317 0.044620 0.000000
0.157521 -1.155668 0.043801 0.000000
0.526705 0.052749 -0.008310 0.000000
0.299966 -0.100587 0.029247 0.000000
0.402565 0.308609 0.030430 0.000000
0.141388 -1.162146 0.043379 0.000000
0.296853 0.281299 0.032923 0.000000
0.341343 0.061664 0.043790 0.000000
0.261754 -0.288314 0.016092 0.000000
0.027076 -0.818707 0.015003 0.000000
0.422830 -0.191755 0.091031 0.000000
0.226867 0.171948 0.008736 0.000000
0.324877 0.151246 0.041752 0.000000
0.392818 -0.090435 0.076568 0.000000
0.355433 0.386717 0.029036 0.000000
0.559428 -0.436434 0.142161 0.000000
0.178449 -1.294293 -0.318212 1.000000
0.229612 -0.863417 0.014820 0.000000
0.224998 -0.976030 -0.064512 1.000000
0.173965 -1.230950 0.035958 0.000000
0.298289 -0.058204 0.044704 0.000000
0.216735 -1.048158 -0.114292 1.000000
0.339489 0.100122 -0.003918 0.000000
0.383056 -0.063485 0.077513 0.000000
0.398092 -0.105885 0.079167 0.000000
0.246194 0.195614 0.005580 0.000000
0.123119 -0.584072 0.033339 0.000000
0.031988 -0.103611 -0.114631 0.000000
0.265919 -0.416752 0.018590 0.000000
0.116651 -0.547012 0.023147 0.000000
0.200522 -1.146008 -0.183015 1.000000
0.211354 -1.041073 0.020561 0.000000
0.362334 0.351703 0.045321 0.000000
0.152279 -0.479509 0.022882 0.000000
0.342447 0.152063 -0.000161 0.000000
0.353999 0.024773 0.075979 0.000000
0.385359 0.003260 -0.044058 0.000000
0.458905 0.162434 0.009603 0.000000
0.176175 -0.167972 -0.098982 0.000000
0.327440 0.046105 0.009441 0.000000
0.410810 -0.084265 -0.088340 0.000000
0.341997 0.257580 0.017193 0.000000
0.012315 -0.833116 0.018697 0.000000
0.500452 0.075058 0.184884 0.000000
-0.064490 -1.019678 -0.003989 0.000000
0.437635 0.218372 0.023611 0.000000
0.295277 -0.169356 0.024347 0.000000
0.474637 -0.232911 -0.151508 0.000000
0.345027 -0.076895 0.022269 0.000000
0.223734 -0.913342 -0.004712 1.000000
0.239480 -0.919417 -0.003418 1.000000
0.196414 -1.036140 -0.085919 1.000000
0.194705 -1.035855 0.025109 0.000000
0.011830 -0.142135 -0.134224 0.000000
0.178220 -1.286553 0.061417 0.000000
0.165930 -1.315041 -0.331959 1.000000
0.740775 -0.158589 -0.087593 0.000000
0.176209 -1.327394 -0.347752 1.000000
0.223274 -0.834169 0.019289 0.000000
0.181476 -1.310329 0.060771 0.000000
0.193990 -0.390130 0.017358 0.000000
0.771326 -0.173719 -0.107207 0.000000
0.190625 -1.096306 0.031428 0.000000
0.311977 0.059376 0.048781 0.000000
0.261758 -0.466421 0.024426 0.000000
0.252598 0.208739 0.008469 0.000000
0.256460 0.063776 -0.017962 0.000000
0.445282 -0.170795 -0.135257 0.000000
0.478177 -0.318333 0.114210 0.000000
0.227683 0.169960 -0.006891 0.000000
0.508541 0.068262 0.182686 0.000000
0.496987 0.087985 -0.008720 0.000000
0.333531 0.351527 0.064083 0.000000
0.395939 0.338745 0.027056 0.000000
0.302328 0.148241 0.010351 0.000000
0.211421 -0.961208 0.023323 0.000000
0.176967 -1.043034 0.020391 0.000000
-0.089228 -1.073900 -0.028748 0.000000
0.454109 0.170528 0.110287 0.000000
0.197166 -1.088614 0.017281 0.000000
0.355276 0.373963 0.034166 0.000000
0.195245 -1.186115 -0.221702 1.000000
0.121151 -1.196245 0.034962 0.000000
0.140456 -1.167696 0.066693 0.000000
0.106399 -0.266802 -0.182169 0.000000
0.359421 0.052536 -0.029681 0.000000
0.181438 -1.253954 -0.289714 1.000000
0.082364 -0.680358 0.028679 0.000000
0.395272 0.264651 0.016452 0.000000
0.257747 -0.515188 0.007250 0.000000
0.220485 -0.848372 0.017807 0.000000
0.561182 -0.167617 -0.086769 0.000000
0.333351 0.069530 0.054873 0.000000
0.182254 -1.136370 0.021889 0.000000
0.217729 -0.021393 -0.042920 0.000000
0.238476 -0.720457 0.016760 0.000000
0.270193 -0.436410 0.017646 0.000000
0.234080 0.181164 -0.000731 0.000000
0.182017 0.104980 -0.019506 0.000000
0.417421 0.253243 0.076895 0.000000
0.683839 -0.523387 0.165416 0.000000
0.239093 -0.623891 0.012912 0.000000
0.171259 -1.134701 0.045068 0.000000
0.384476 0.306593 0.059921 0.000000
0.201560 -1.057878 0.024745 0.000000
0.168126 -1.306008 0.035774 0.000000
0.196129 -0.417342 0.035026 0.000000
0.319579 0.202647 0.054168 0.000000
0.231541 -0.745544 0.007544 0.000000
0.216511 -0.929733 0.015749 0.000000
0.170949 -1.168689 0.035341 0.000000
0.186023 -0.152208 -0.093959 0.000000
0.199753 -1.048644 0.031088 0.000000
0.261200 -0.289226 0.033899 0.000000
0.520872 -0.399574 0.132484 0.000000
0.135182 -0.531055 0.028489 0.000000
0.335637 0.084210 -0.003634 0.000000
0.326538 0.004583 -0.010452 0.000000
0.333054 0.077991 0.002951 0.000000
0.500518 -0.098886 -0.035388 0.000000
0.242279 0.030507 -0.032293 0.000000
0.267173 -0.310087 0.023385 0.000000
0.197905 -1.019198 -0.086848 1.000000
0.252701 -0.509861 0.021853 0.000000
0.275995 -0.269130 0.023758 0.000000
0.287726 -0.220547 0.029378 0.000000
0.081053 -0.666749 0.031362 0.000000
0.231885 -0.758907 0.017088 0.000000
0.106317 -0.603439 0.027679 0.000000
0.232629 -0.773777 0.017452 0.000000
0.257873 -0.474025 0.017773 0.000000
0.193477 -1.079756 -0.131572 1.000000
0.212697 -1.010318 -0.077678 1.000000
0.315595 0.080715 0.045769 0.000000
0.195999 -1.106548 0.024084 0.000000
0.186640 -1.163721 0.040941 0.000000
0.130958 -0.548523 0.031785 0.000000
0.352506 0.461452 0.037187 0.000000
0.238392 -0.323018 0.010011 0.000000
0.404434 -0.114309 0.086840 0.000000
0.187524 -1.111884 0.021754 0.000000
0.337092 0.406056 0.057111 0.000000
0.495379 -0.360697 0.125863 0.000000
0.275101 0.101083 -0.009587 0.000000
0.212129 -0.981034 -0.052368 1.000000
0.323745 0.209655 0.003193 0.000000
0.375856 0.001011 -0.047564 0.000000
0.155206 -1.228666 0.049405 0.000000
0.249192 -0.583271 0.018184 0.000000
0.393198 0.321609 0.027340 0.000000
0.133588 0.048926 -0.047674 0.000000
0.219053 -0.972346 -0.048461 1.000000
0.262851 -0.447829 0.017846 0.000000
0.199386 -1.121987 -0.165612 1.000000
0.264648 -0.343964 0.021195 0.000000
0.043402 -0.740130 0.023423 0.000000
0.061499 -0.680521 0.029735 0.000000
0.146577 -1.164266 0.034044 0.000000
0.233338 -0.893907 0.012948 0.000000
0.422665 0.245956 0.082980 0.000000
0.284480 -0.246977 0.022344 0.000000
0.447830 -0.245315 0.103689 0.000000
0.180787 -1.054115 0.015588 0.000000
0.126949 -1.269077 0.046319 0.000000
0.247964 -0.571278 0.013369 0.000000
0.171118 -1.199881 0.045549 0.000000
0.219635 -0.945016 -0.024516 1.000000
0.486941 0.105078 -0.001179 0.000000
0.242565 0.045138 -0.030009 0.000000
0.392297 0.405996 0.041079 0.000000
0.466751 -0.251609 0.096269 0.000000
0.278016 0.087705 -0.006431 0.000000
0.390948 0.219064 0.013886 0.000000
0.338004 0.368854 0.056427 0.000000
0.172331 -1.250066 0.053708 0.000000
0.201763 -1.048296 0.021194 0.000000
0.724734 -0.151246 -0.075435 0.000000
-0.055003 -0.991955 -0.012767 0.000000
0.178578 -1.155085 0.043103 0.000000
0.221506 -0.986474 -0.061227 1.000000
-0.075214 -1.051779 -0.023910 0.000000
0.223968 -0.778505 0.015917 0.000000
0.292990 -0.153431 0.032939 0.000000
0.392828 -0.073749 0.086409 0.000000
0.323923 0.053064 -0.012776 0.000000
0.231927 -0.910330 -0.002717 1.000000
0.188072 -0.418050 0.019481 0.000000
0.192440 -1.032795 0.034579 0.000000
0.428060 -0.135506 -0.114258 0.000000
0.438945 -0.202228 0.093477 0.000000
0.196473 -1.077614 0.045075 0.000000
0.267713 -0.337076 0.027627 0.000000
0.067151 -0.673571 0.029765 0.000000
0.500830 -0.367704 0.123972 0.000000
0.202191 -1.081869 -0.129868 1.000000
0.470420 -0.060868 -0.025521 0.000000
0.177253 -1.264092 0.035976 0.000000
0.441699 0.197512 0.095780 0.000000
0.242459 -0.647972 0.005984 0.000000
0.240638 -0.689337 0.013221 0.000000
0.539806 -0.146129 -0.067517 0.000000
0.266662 -0.327661 0.020948 0.000000
0.311276 0.172911 -0.004055 0.000000
0.033335 -0.785208 0.024042 0.000000
0.162164 -0.456379 0.021670 0.000000
0.255827 -0.443065 0.021816 0.000000
0.610672 -0.469339 0.143643 0.000000
0.350802 0.077306 -0.013018 0.000000
0.567881 -0.444702 0.126555 0.000000
0.532051 -0.149846 -0.065268 0.000000
0.321786 0.237055 0.053930 0.000000
0.411769 -0.133729 0.084140 0.000000
0.409361 -0.163767 0.088521 0.000000
0.198630 -1.036244 0.042199 0.000000
0.180813 -1.141607 0.036276 0.000000
0.389293 0.483643 0.051042 0.000000
0.412226 -0.154881 0.085264 0.000000
0.120235 -0.593542 0.032612 0.000000
0.164356 -0.484583 0.031408 0.000000
0.307904 -0.063973 0.037416 0.000000
0.240227 -0.627266 0.022008 0.000000
0.184804 -1.201197 0.047282 0.000000
0.224628 -0.356648 0.036872 0.000000
0.349749 0.368960 0.028999 0.000000
0.636062 -0.086830 -0.058712 0.000000
0.061229 -0.708229 0.027381 0.000000
0.189364 -1.012170 0.028731 0.000000
0.139973 -1.211246 0.051096 0.000000
0.162569 -1.086208 0.039174 0.000000
0.315234 0.160044 0.047195 0.000000
0.335141 0.326269 0.051943 0.000000
0.496632 0.066064 0.187353 0.000000
0.362782 0.442397 0.033537 0.000000
0.183840 -1.251638 0.061335 0.000000
0.206560 -0.971685 0.024439 0.000000
0.258384 -0.391142 0.018565 0.000000
0.233579 -0.962327 -0.044182 1.000000
0.065906 -0.719128 0.025659 0.000000
0.378522 -0.048680 0.071341 0.000000
0.332801 0.222615 0.009242 0.000000
0.229682 -0.927276 -0.013982 1.000000
0.000040 -0.860614 0.015129 0.000000
0.059104 -0.745349 0.024409 0.000000
0.038928 -0.789909 0.015266 0.000000
0.259779 -0.519137 0.018131 0.000000
0.210516 -0.946647 0.020539 0.000000
0.286605 -0.227340 0.023041 0.000000
0.323668 0.166262 0.043197 0.000000
0.192239 -1.063761 0.032057 0.000000
0.229290 -0.709997 0.012487 0.000000
0.392801 0.440648 0.043238 0.000000
0.207817 -0.389270 0.032604 0.000000
0.341301 0.418980 0.051443 0.000000
0.084826 -1.357829 0.082414 0.000000
0.136263 -1.148827 0.032803 0.000000
0.120073 0.026933 -0.053116 0.000000
0.359362 0.481144 0.043993 0.000000
-0.080529 -1.063236 -0.026394 0.000000
-0.013712 -0.901449 0.007380 0.000000
0.157330 -0.489952 0.032137 0.000000
0.226876 -0.898730 0.008616 0.000000
0.149808 -1.210513 0.051794 0.000000
0.272312 0.104351 -0.018126 0.000000
0.217654 -0.974301 -0.037386 1.000000
0.232746 0.014689 -0.033333 0.000000
0.170094 -1.188193 0.041693 0.000000
0.246416 -0.313324 0.020925 0.000000
0.175901 -0.445949 0.029077 0.000000
0.123266 -0.250911 -0.174468 0.000000
0.393220 -0.088687 0.085817 0.000000
0.372747 -0.040762 0.061593 0.000000
0.392746 0.378848 0.037731 0.000000
0.331588 0.379312 0.056288 0.000000
0.212461 -0.986541 0.027215 0.000000
0.296882 -0.048419 0.036539 0.000000
0.388552 -0.099140 0.072499 0.000000
0.361543 -0.002607 0.063904 0.000000
0.302343 -0.076256 0.030656 0.000000
0.407737 0.107487 -0.004326 0.000000
0.184351 -1.209995 0.038312 0.000000
0.159666 -1.241864 0.047199 0.000000
0.332733 -0.006681 -0.002972 0.000000
0.445578 -0.000692 -0.012947 0.000000
0.467819 -0.293326 0.109689 0.000000
0.307792 0.180115 -0.000628 0.000000
0.170912 -0.472298 0.032352 0.000000
0.448252 -0.204047 0.097734 0.000000
0.497838 0.079531 0.177759 0.000000
0.334867 0.260230 0.054541 0.000000
0.387586 -0.009976 -0.041405 0.000000
0.457785 0.184434 0.018760 0.000000
0.262087 -0.409095 0.020080 0.000000
0.533557 0.039042 -0.011195 0.000000
0.180323 -1.276475 -0.299805 1.000000
0.280663 -0.193429 0.025649 0.000000
0.217236 -0.864699 0.009120 0.000000
0.389878 -0.042446 0.083418 0.000000
0.134185 0.034077 -0.044429 0.000000
0.172323 -0.145175 -0.083834 0.000000
0.296128 0.271918 0.022526 0.000000
0.184624 -0.428080 0.029713 0.000000
0.195956 -1.119894 -0.183773 1.000000
0.180226 -1.169963 0.026277 0.000000
0.251591 -0.597799 0.026002 0.000000
0.579114 -0.019881 -0.035035 0.000000
0.160221 -0.205756 -0.120649 0.000000
0.198601 -1.067465 0.017372 0.000000
0.192329 -1.144513 0.020588 0.000000
0.191664 -1.127891 -0.168903 1.000000
0.340193 0.055244 0.059410 0.000000
0.407012 -0.068833 -0.078527 0.000000
0.399969 0.247666 0.009345 0.000000
0.021273 -0.129795 -0.121586 0.000000
0.234952 -0.736942 0.006981 0.000000
0.325517 0.022633 -0.007736 0.000000
0.387344 -0.029271 -0.059264 0.000000
0.189482 -1.283244 -0.309418 1.000000
0.365342 -0.006865 0.075616 0.000000
0.179648 -1.096256 0.030816 0.000000
0.187842 -1.165108 0.051605 0.000000
0.354846 0.447988 0.039115 0.000000
0.223643 -0.858193 0.011143 0.000000
0.138109 -0.515791 0.024616 0.000000
0.192763 -1.003533 0.030813 0.000000
0.642774 -0.486085 0.153505 0.000000
0.424388 0.243712 0.019065 0.000000
0.333180 0.086780 0.039480 0.000000
0.440094 -0.159521 -0.129666 0.000000
0.299824 -0.041272 0.044776 0.000000
0.212374 -0.080120 -0.062302 0.000000
0.048394 -0.708516 0.029853 0.000000
0.401486 0.158955 0.008222 0.000000
0.081568 -0.281904 -0.216793 0.000000
0.432960 -0.148433 -0.122335 0.000000
0.156775 -1.359322 -0.378423 1.000000
0.566123 0.011743 -0.020199 0.000000
0.205528 -0.943452 -0.019492 1.000000
0.164713 -1.332738 -0.339320 1.000000
0.227400 -0.347983 0.022993 0.000000
0.409752 0.282008 0.033443 0.000000
0.296863 -0.130522 0.030713 0.000000
0.173753 -1.054876 0.026705 0.000000
0.260206 -0.371050 0.021158 0.000000
0.194270 -0.410865 0.029699 0.000000
0.248235 -0.555994 0.024158 0.000000
0.201708 -0.910805 -0.001832 1.000000
0.294231 -0.106899 0.038180 0.000000
0.124655 -1.276142 0.037683 0.000000
0.416921 -0.098718 -0.096965 0.000000
0.215449 -0.898463 0.015070 0.000000
0.254352 -0.489975 0.012527 0.000000
0.236568 -0.732106 0.017776 0.000000
0.276767 -0.260738 0.027999 0.000000
0.348133 -0.094979 0.016650 0.000000
0.326500 0.278609 0.048965 0.000000
0.162192 -1.090916 0.032026 0.000000
0.310133 0.043901 0.047715 0.000000
0.414756 -0.175002 0.089502 0.000000
0.578344 -0.202949 -0.121014 0.000000
0.325331 0.354195 0.056907 0.000000
0.025204 -0.799830 0.019224 0.000000
0.288761 -0.144664 0.028705 0.000000
0.435388 0.023895 -0.014524 0.000000
0.180031 -1.224263 0.029985 0.000000
0.175017 -1.293718 0.028911 0.000000
0.185261 -1.180346 0.047965 0.000000
0.362284 -0.126026 0.004317 0.000000
0.233433 -0.018327 -0.037848 0.000000
0.391781 -0.016463 -0.053560 0.000000
0.138951 -1.205967 0.038748 0.000000
0.175079 -0.160102 -0.095211 0.000000
0.134076 -1.225520 0.060256 0.000000
-0.023390 -0.915682 0.010960 0.000000
0.425211 0.260791 0.024199 0.000000
0.514686 0.047984 0.202069 0.000000
0.293132 0.153138 0.005527 0.000000
0.234618 -0.787911 0.019332 0.000000
0.277479 0.109304 -0.004779 0.000000
0.194688 -1.071775 0.024921 0.000000
0.174978 -1.185050 0.049148 0.000000
0.122039 -1.243624 0.073960 0.000000
0.204637 -1.013104 -0.074866 1.000000
0.274889 -0.362744 0.019362 0.000000
0.290767 0.276206 0.029213 0.000000
0.277844 -0.275877 0.029765 0.000000
0.267130 -0.442146 0.012019 0.000000
0.248721 -0.610873 0.016426 0.000000
0.391482 0.252064 0.016665 0.000000
0.340353 0.359580 0.030173 0.000000
0.276831 -0.252493 0.020755 0.000000
0.141227 -0.537774 0.034482 0.000000
0.188509 -1.181494 0.057802 0.000000
0.413091 0.085247 -0.014272 0.000000
0.335229 0.292388 0.018400 0.000000
0.345692 0.037849 0.066100 0.000000
0.196800 -0.076924 -0.059528 0.000000
0.191119 -1.134702 0.029697 0.000000
0.191845 -1.091841 -0.135031 1.000000
0.196620 -1.256418 -0.280880 1.000000
-0.011967 -0.915144 -0.001812 0.000000
0.237425 -0.646754 0.022748 0.000000
0.368048 0.336514 0.052488 0.000000
-0.004081 -0.887237 0.007141 0.000000
0.085298 -0.655144 0.028704 0.000000
0.391206 0.389246 0.038427 0.000000
0.612894 -0.044914 -0.052581 0.000000
0.252339 0.039766 -0.017816 0.000000
0.328635 0.084569 0.053638 0.000000
0.197111 -0.400803 0.025012 0.000000
0.427973 -0.156974 -0.124953 0.000000
0.263035 -0.523327 0.010754 0.000000
0.262095 -0.481877 0.018337 0.000000
0.209757 -1.006091 0.030154 0.000000
0.406457 0.135351 -0.003953 0.000000
0.144416 -0.557036 0.039639 0.000000
0.318996 0.100605 0.039074 0.000000
0.532551 -0.147995 -0.073888 0.000000
0.148672 -1.216810 0.046310 0.000000
0.238799 -0.701867 0.018665 0.000000
0.228838 0.173880 0.000647 0.000000
0.347285 0.458229 0.064373 0.000000
0.167822 -1.362850 -0.373435 1.000000
0.264823 -0.461785 0.018106 0.000000
0.272050 -0.301684 0.027521 0.000000
0.196669 -1.134173 -0.176833 1.000000
0.227305 0.175871 -0.015298 0.000000
0.431234 0.232402 0.088464 0.000000
0.256195 -0.567693 0.014260 0.000000
0.275658 -0.301999 0.017086 0.000000
0.479127 0.133886 0.134901 0.000000
0.217581 -0.965670 0.019372 0.000000
0.183617 -1.191090 0.023194 0.000000
0.319876 0.104253 0.052169 0.000000
0.341142 0.382908 0.055245 0.000000
0.076694 -0.045705 -0.082605 0.000000
0.223173 -0.842019 0.012603 0.000000
0.309355 0.073095 0.043531 0.000000
0.192796 -1.090923 0.045599 0.000000
0.334943 0.260245 0.013545 0.000000
0.534283 -0.415009 0.136897 0.000000
0.306522 -0.057767 0.043298 0.000000
0.402764 -0.123171 0.079548 0.000000
0.468067 0.155637 0.125859 0.000000
0.313015 0.121957 0.045080 0.000000
0.211518 0.154118 -0.007342 0.000000
0.331529 0.202973 0.051708 0.000000
0.320381 0.182583 0.044965 0.000000
0.335808 0.414269 0.057772 0.000000
0.322252 0.212834 0.052698 0.000000
0.222713 -0.795199 0.013494 0.000000
0.210838 -0.922535 -0.009255 1.000000
0.150243 -1.163991 0.058201 0.000000
0.416619 0.088981 0.002251 0.000000
0.187014 -1.206076 -0.227047 1.000000
0.328555 0.015540 -0.004173 0.000000
0.201027 -1.087077 -0.145429 1.000000
0.489213 -0.319626 0.104177 0.000000
0.022364 -0.840336 0.005665 0.000000
0.190998 -1.122785 0.027217 0.000000
0.460183 -0.212701 -0.147909 0.000000
0.182941 -1.251827 -0.281830 1.000000
0.188464 -0.435373 0.031445 0.000000
0.141942 -1.180514 0.042924 0.000000
0.323319 -0.014417 -0.000923 0.000000
0.171795 -1.059667 0.018952 0.000000
0.163634 -1.162333 0.048694 0.000000
0.637203 -0.093561 -0.054018 0.000000
0.311515 0.006854 0.040991 0.000000
0.165764 -1.344425 -0.351323 1.000000
0.277971 -0.185796 0.029158 0.000000
0.341719 0.274635 0.013753 0.000000
0.458218 -0.233352 0.096068 0.000000
0.396181 0.191549 0.007218 0.000000
0.177687 -1.282541 0.031769 0.000000
0.220017 -0.365305 0.023222 0.000000
0.253743 -0.545761 0.021226 0.000000
0.205292 -0.090048 -0.061019 0.000000
0.153960 0.070315 -0.035958 0.000000
0.212532 -0.972982 0.017614 0.000000
0.287475 -0.172439 0.025735 0.000000
0.042727 -0.293845 -0.245642 0.000000
0.163501 -1.083484 0.028000 0.000000
0.344148 0.319462 0.024504 0.000000
0.324075 0.190222 0.053273 0.000000
0.514658 -0.370547 0.104458 0.000000
0.209773 -1.022288 -0.089537 1.000000
0.306742 -0.012767 0.040687 0.000000
0.398262 0.298831 0.026588 0.000000
0.203619 -1.084922 0.028548 0.000000
0.339184 -0.052080 0.017247 0.000000
0.118206 0.030092 -0.061127 0.000000
-0.025981 -0.939066 0.007940 0.000000
0.126575 -1.186393 0.036116 0.000000
0.482352 -0.235373 -0.153014 0.000000
0.368082 0.043664 -0.029607 0.000000
0.353542 0.017998 0.071321 0.000000
0.285758 -0.208777 0.031208 0.000000
0.398843 -0.053216 -0.064878 0.000000
0.223497 -0.933350 0.018145 0.000000
0.195157 -1.012504 -0.065848 1.000000
0.604734 -0.041606 -0.048027 0.000000
0.512232 -0.114198 -0.043399 0.000000
0.345244 0.383534 0.032353 0.000000
0.323632 0.246347 0.045971 0.000000
0.321492 0.095395 0.061104 0.000000
0.514622 -0.386028 0.127461 0.000000
0.191149 -1.082190 0.031679 0.000000
0.446784 -0.237343 0.099434 0.000000
0.117411 -0.569873 0.028727 0.000000
0.130137 -1.200969 0.064275 0.000000
0.231629 -0.342675 0.032824 0.000000
0.317441 0.132930 0.046951 0.000000
0.187376 -1.048119 0.035060 0.000000
0.487792 0.091778 0.170950 0.000000
0.326098 0.336131 0.057208 0.000000
0.453124 -0.014375 -0.012136 0.000000
0.224811 -0.906818 0.017068 0.000000
0.214273 -0.038952 -0.048696 0.000000
0.228373 -0.849071 0.019875 0.000000
0.213514 -1.038566 0.035154 0.000000
0.292855 -0.171878 0.035051 0.000000
0.204817 -0.375752 0.012442 0.000000
0.321127 0.008661 -0.003945 0.000000
0.252041 -0.629190 0.010896 0.000000
0.109545 -0.008004 -0.059026 0.000000
0.396663 0.364448 0.032905 0.000000
0.004400 -0.847113 0.018608 0.000000
0.344497 0.168817 0.003251 0.000000
0.160382 -1.103216 0.034451 0.000000
0.159459 -1.217535 0.056210 0.000000
0.385990 0.298820 0.057460 0.000000
0.400227 -0.086007 0.079822 0.000000
0.138946 -0.546817 0.032250 0.000000
0.205600 -1.032925 0.024947 0.000000
0.179381 -1.258796 0.058596 0.000000
0.487398 -0.077667 -0.024773 0.000000
0.257109 -0.537428 0.017784 0.000000
0.269658 0.233903 0.011434 0.000000
0.100319 -0.271931 -0.200007 0.000000
0.002602 -0.869054 0.010394 0.000000
0.554445 -0.433835 0.129487 0.000000
0.392429 0.281321 0.021551 0.000000
0.175874 -1.174560 0.038085 0.000000
0.470692 -0.052537 -0.020061 0.000000
0.072420 -0.287236 -0.220826 0.000000
0.435970 0.007641 -0.016738 0.000000
0.488681 -0.258363 -0.153057 0.000000
0.474475 -0.220054 -0.150155 0.000000
0.130495 0.020712 -0.046809 0.000000
0.339301 0.132803 -0.000915 0.000000
0.295421 -0.163069 0.037224 0.000000
0.212891 -0.932676 -0.015464 1.000000
0.148793 -0.490802 0.020812 0.000000
0.131138 -1.193310 0.032767 0.000000
0.298551 -0.110737 0.029274 0.000000
0.175468 -0.438406 0.021713 0.000000
0.432032 0.238475 0.021277 0.000000
0.586615 -0.451105 0.140193 0.000000
0.270292 -0.291503 0.017881 0.000000
0.145725 -1.185303 0.057660 0.000000
0.268090 -0.280448 0.021727 0.000000
0.257200 -0.500149 0.018955 0.000000
0.322219 0.119270 0.043829 0.000000
0.180556 -1.207197 0.057179 0.000000
0.486467 -0.343452 0.120715 0.000000
0.647011 -0.496267 0.151707 0.000000
0.363414 0.038825 -0.024286 0.000000
0.200106 -0.105738 -0.069249 0.000000
0.314574 0.015998 0.039491 0.000000
0.253156 0.220640 0.019601 0.000000
0.308862 0.027822 0.042771 0.000000
0.488986 0.110006 0.004866 0.000000
0.389816 0.336117 0.035821 0.000000
-0.004274 -0.900249 0.000429 0.000000
0.471696 0.128778 0.138104 0.000000
0.338868 -0.062761 0.018219 0.000000
0.335674 0.058158 0.067167 0.000000
0.169104 -1.321778 -0.344781 1.000000
0.033820 -0.117665 -0.112187 0.000000
0.313868 0.034323 0.046335 0.000000
0.323114 0.231437 0.047833 0.000000
0.108072 -0.587643 0.027569 0.000000
0.211294 -1.032743 -0.095882 1.000000
0.292689 -0.194681 0.038662 0.000000
0.342553 0.435595 0.057889 0.000000
0.504904 -0.359552 0.110853 0.000000
0.265822 -0.507120 0.021411 0.000000
0.542687 0.033248 -0.014244 0.000000
0.265185 -0.382825 0.026348 0.000000
0.324836 0.130158 0.045561 0.000000
0.219572 -0.371474 0.034343 0.000000
0.335966 0.317164 0.023899 0.000000
0.474255 0.141769 0.129993 0.000000
0.171010 -1.205100 0.033100 0.000000
0.349708 0.418465 0.037620 0.000000
0.200724 -1.098441 0.042464 0.000000
0.241813 -0.606578 0.022772 0.000000
0.160480 -1.105156 0.026689 0.000000
0.201633 -1.050849 -0.111536 1.000000
0.299810 -0.090117 0.040049 0.000000
0.272345 -0.369226 0.015423 0.000000
0.335274 0.288762 0.052159 0.000000
0.260990 -0.469407 0.011265 0.000000
0.325834 0.047716 -0.000840 0.000000
0.506427 0.080775 -0.001706 0.000000
0.118111 -0.602986 0.033805 0.000000
0.252821 0.052725 -0.019908 0.000000
0.304811 -0.003313 0.035935 0.000000
0.328027 0.325903 0.055807 0.000000
0.182193 -0.438965 0.034819 0.000000
0.160133 -1.318938 -0.340865 1.000000
0.365893 -0.021748 0.057380 0.000000
0.167291 -0.478399 0.036329 0.000000
0.182669 -1.202943 0.027252 0.000000
0.071507 -0.692175 0.026838 0.000000
0.297033 -0.118162 0.038302 0.000000
0.419146 -0.137677 0.087736 0.000000
0.248448 -0.663297 0.018266 0.000000
0.212686 -1.075065 -0.138255 1.000000
0.242804 -0.663818 0.012140 0.000000
0.232274 -0.751135 0.014540 0.000000
0.166017 -1.061494 0.034368 0.000000
0.200200 -0.972519 -0.032433 1.000000
0.218616 -0.946823 0.016989 0.000000
0.168551 0.096236 -0.036936 0.000000
0.303541 -0.018657 0.044876 0.000000
0.291670 -0.184672 0.028673 0.000000
0.199827 -1.076533 -0.136002 1.000000
0.390048 0.465901 0.043656 0.000000
0.413276 0.262120 0.077372 0.000000
0.224592 -0.819695 0.012445 0.000000
0.252187 -0.615470 0.010237 0.000000
0.218014 -0.985413 -0.049464 1.000000
0.190864 -1.128027 0.021325 0.000000
0.105529 -0.613516 0.028375 0.000000
0.165053 -1.176801 0.038105 0.000000
0.269724 -0.438730 0.025719 0.000000
0.088149 -0.034398 -0.073816 0.000000
0.207903 -0.368503 0.012682 0.000000
0.178985 -1.288728 -0.312608 1.000000
0.333111 0.238451 0.051751 0.000000
0.348417 0.482486 0.058230 0.000000
0.528973 -0.405300 0.124045 0.000000
0.155006 -1.204109 0.044866 0.000000
0.169595 -1.297816 -0.319007 1.000000
0.269284 -0.386383 0.013604 0.000000
0.352362 0.027258 0.053800 0.000000
0.031866 -0.755558 0.028669 0.000000
0.554297 0.001872 -0.023504 0.000000
0.313274 0.305157 0.035886 0.000000
0.201079 -1.035732 -0.101432 1.000000
0.622806 -0.482153 0.152068 0.000000
0.214695 -1.004009 -0.073130 1.000000
0.340330 0.062329 0.051548 0.000000
0.363005 -0.119940 0.011988 0.000000
0.209155 0.144877 -0.019115 0.000000
-0.027293 -0.925701 0.012027 0.000000
0.413766 -0.115323 0.093797 0.000000
0.141124 -0.496692 0.023624 0.000000
0.165867 -1.227422 0.054693 0.000000
0.169634 -0.186557 -0.112520 0.000000
0.298977 -0.100087 0.037070 0.000000
0.196634 -1.216173 -0.245057 1.000000
0.403172 0.198116 0.001880 0.000000
0.619780 -0.474657 0.148149 0.000000
0.247126 -0.623464 0.015147 0.000000
0.332406 0.387904 0.060268 0.000000
0.267110 -0.453795 0.021115 0.000000
0.261334 -0.299776 0.039128 0.000000
0.523020 -0.121211 -0.048716 0.000000
0.452342 0.179793 0.015614 0.000000
0.290217 0.266907 0.029847 0.000000
-0.080621 -1.065973 -0.015514 0.000000
0.195684 -1.175064 -0.201763 1.000000
0.221955 0.164668 -0.006485 0.000000
0.202917 -1.107513 0.020609 0.000000
0.577490 -0.448986 0.137155 0.000000
0.219860 -0.875851 0.008497 0.000000
0.183463 -1.189746 0.045304 0.000000
0.107460 -0.580746 0.023983 0.000000
0.491849 -0.326601 0.096403 0.000000
0.536894 -0.414288 0.116569 0.000000
0.018601 -0.148811 -0.132605 0.000000
0.209253 -1.089179 -0.143101 1.000000
0.345306 0.305653 0.022968 0.000000
0.267158 -0.402917 0.028205 0.000000
0.157925 -1.162452 0.040007 0.000000
0.395015 0.283971 0.028397 0.000000
0.148252 -0.521117 0.034678 0.000000
0.290543 -0.200944 0.031892 0.000000
0.325765 0.009062 0.004095 0.000000
0.391648 0.300648 0.021392 0.000000
0.220764 -0.933035 -0.017319 1.000000
0.264588 0.090979 -0.019764 0.000000
0.255911 -0.525586 0.015775 0.000000
0.349931 0.024722 0.067050 0.000000
0.228897 -0.828436 0.018652 0.000000
0.421208 0.075722 -0.008530 0.000000
0.244376 -0.589527 0.016856 0.000000
0.486087 -0.089920 -0.034466 0.000000
0.403176 0.181870 -0.001051 0.000000
0.391261 0.234392 0.014469 0.000000
0.178821 -1.274890 0.020667 0.000000
0.495263 -0.340516 0.109207 0.000000
0.044832 -0.773191 0.024424 0.000000
0.528646 -0.399587 0.115910 0.000000
0.203655 -1.121787 -0.179269 1.000000
0.339929 -0.083197 0.012124 0.000000
0.139604 -1.155173 0.067192 0.000000
0.263910 -0.397426 0.019842 0.000000
0.342045 0.345060 0.026644 0.000000
0.565231 0.003207 -0.025956 0.000000
0.285011 -0.186194 0.032635 0.000000
0.193716 -1.099075 0.022556 0.000000
0.433469 -0.190930 0.092566 0.000000
0.411555 0.150035 -0.004535 0.000000
0.178135 -1.177642 0.049262 0.000000
0.191603 -1.200042 -0.237229 1.000000
0.429879 -0.153251 -0.117135 0.000000
0.479917 -0.305759 0.106047 0.000000
0.209763 -0.989260 0.019829 0.000000
0.198236 -0.087418 -0.062967 0.000000
0.296610 -0.063022 0.036380 0.000000
0.164218 -0.467929 0.028414 0.000000
0.398426 0.287767 0.062309 0.000000
0.335269 -0.076039 0.005650 0.000000
0.098847 -0.601287 0.027583 0.000000
0.257972 -0.462977 0.014288 0.000000
0.258557 -0.535703 0.025957 0.000000
0.273070 0.090416 0.000058 0.000000
0.180569 -1.262674 0.020586 0.000000
0.272549 -0.323765 0.014935 0.000000
0.198475 -1.140358 0.022705 0.000000
0.220298 -0.832749 0.009003 0.000000
0.331289 0.118206 -0.003385 0.000000
0.173444 -1.240368 0.037311 0.000000
0.276036 -0.233292 0.023160 0.000000
0.747995 -0.160823 -0.085175 0.000000
0.401090 0.207750 0.003496 0.000000
0.457971 -0.278173 0.106525 0.000000
0.437070 -0.214691 0.096903 0.000000
0.242828 0.026156 -0.025973 0.000000
0.197179 -1.195471 -0.233028 1.000000
0.306180 -0.034484 0.041451 0.000000
0.591478 -0.026650 -0.041237 0.000000
0.568249 -0.019624 -0.031546 0.000000
0.280175 -0.244030 0.027985 0.000000
0.519966 -0.392224 0.120976 0.000000
0.460696 0.166818 0.114123 0.000000
0.304086 -0.045275 0.036643 0.000000
0.187874 0.115542 -0.021543 0.000000
0.395774 0.303467 0.057395 0.000000
0.415019 0.265732 0.027154 0.000000
-0.036990 -0.941650 0.007241 0.000000
0.264775 0.105777 -0.018263 0.000000
0.412456 0.273091 0.027552 0.000000
0.091386 -0.629404 0.028073 0.000000
0.233719 -0.945953 -0.022074 1.000000
0.144802 -1.145332 0.043997 0.000000
0.240133 -0.681822 0.015544 0.000000
0.194219 -0.100276 -0.067438 0.000000
0.277514 -0.319232 0.025716 0.000000
0.496019 0.089666 0.169386 0.000000
0.094442 -0.029218 -0.072372 0.000000
0.425091 -0.126666 -0.112420 0.000000
0.296448 -0.143782 0.037590 0.000000
0.537820 0.044913 -0.008481 0.000000
0.301978 0.162846 -0.000600 0.000000
0.187507 -1.119077 0.033372 0.000000
0.674791 -0.123441 -0.068321 0.000000
0.204492 -1.040184 0.017016 0.000000
0.148754 -1.169426 0.041255 0.000000
0.332472 -0.062466 0.004616 0.000000
0.011924 -0.830308 0.025790 0.000000
0.332090 0.099357 -0.002181 0.000000
0.164490 -1.186819 0.048280 0.000000
0.333258 0.362441 0.053643 0.000000
0.546664 -0.425179 0.134569 0.000000
0.104790 -0.640759 0.032699 0.000000
0.479320 0.124887 0.007054 0.000000
0.263556 -0.498499 0.007626 0.000000
0.128636 -0.560057 0.031396 0.000000
0.240734 -0.677426 0.007263 0.000000
0.433887 0.031110 -0.008919 0.000000
0.398433 -0.093204 0.081600 0.000000
0.220847 -0.918794 0.012509 0.000000
0.265157 0.226819 0.002543 0.000000
0.439204 0.016472 -0.010605 0.000000
0.251906 -0.506818 0.014645 0.000000
0.405729 0.300073 0.029074 0.000000
0.188772 -0.139285 -0.085865 0.000000
0.369918 -0.134700 -0.001157 0.000000
0.212317 -0.891655 0.009688 0.000000
0.301910 -0.152004 0.035037 0.000000
0.418436 0.256856 0.026834 0.000000
0.179649 -0.136588 -0.083245 0.000000
0.199067 -0.940972 -0.016333 1.000000
0.045557 -0.099454 -0.109347 0.000000
0.221876 -0.967519 -0.042759 1.000000
0.205992 -1.045928 -0.106659 1.000000
0.168180 -1.217122 0.037224 0.000000
0.132274 -1.199082 0.073184 0.000000
0.269181 -0.400993 0.013508 0.000000
0.053124 -0.730373 0.027460 0.000000
0.226781 -0.883220 0.017635 0.000000
0.478604 -0.284694 0.098339 0.000000
0.389453 0.428146 0.044464 0.000000
0.411205 -0.091847 -0.088257 0.000000
0.510968 -0.380702 0.122979 0.000000
0.343785 0.394622 0.036519 0.000000
0.267150 -0.373875 0.019975 0.000000
-0.003017 -0.878119 0.010487 0.000000
0.096101 -0.272691 -0.191917 0.000000
0.347527 0.377551 0.028287 0.000000
0.337504 0.169544 -0.000913 0.000000
0.186335 -1.068286 0.033520 0.000000
0.516846 -0.381063 0.112385 0.000000
0.467328 0.148169 0.011619 0.000000
0.221821 -0.869410 0.017508 0.000000
0.000110 -0.853890 0.019108 0.000000
0.203598 -1.066552 0.031261 0.000000
0.163376 -1.376628 -0.395259 1.000000
0.174671 -1.249418 0.060882 0.000000
0.148486 -1.157602 0.038325 0.000000
0.170251 -0.452141 0.023486 0.000000
0.202391 -1.152679 -0.186065 1.000000
0.210896 -1.033513 0.014310 0.000000
0.324809 -0.027069 -0.000757 0.000000
0.264957 -0.380518 0.015595 0.000000
0.211618 -0.998831 -0.068499 1.000000
0.173523 -1.094522 0.034881 0.000000
0.496168 -0.354523 0.118911 0.000000
0.144074 -0.229761 -0.143647 0.000000
0.342161 0.287628 0.022170 0.000000
0.238320 -0.331713 0.037679 0.000000
0.121203 -1.231990 0.035628 0.000000
0.151168 -1.130239 0.046542 0.000000
0.273918 -0.336786 0.017490 0.000000
0.503163 0.068789 0.177247 0.000000
0.219279 -0.901617 0.003067 1.000000
-0.065231 -1.018756 -0.019730 0.000000
0.168846 -1.324067 -0.335106 1.000000
0.531445 0.037670 -0.018562 0.000000
0.387554 0.318161 0.055219 0.000000
0.299916 0.155431 0.000288 0.000000
0.113168 -0.592840 0.025610 0.000000
0.328005 -0.013599 0.009575 0.000000
0.228632 -0.344951 0.014730 0.000000
0.257655 -0.575032 0.015133 0.000000
0.478459 -0.046646 -0.016031 0.000000
0.345983 0.093191 -0.005959 0.000000
0.222444 -0.052381 -0.047191 0.000000
0.371681 -0.031422 0.066037 0.000000
0.192152 -1.007101 0.023941 0.000000
0.283973 0.125642 -0.009794 0.000000
0.282189 -0.232511 0.027396 0.000000
0.361526 -0.010270 0.058842 0.000000
0.194414 -1.040982 0.038179 0.000000
0.393325 0.204551 0.011076 0.000000
0.152368 -1.113439 0.022725 0.000000
0.358334 0.043169 -0.027963 0.000000
0.341343 0.194122 0.006452 0.000000
0.147666 -1.173375 0.047539 0.000000
0.184301 -0.422891 0.024309 0.000000
0.277947 0.118787 -0.014971 0.000000
0.140628 -0.508777 0.025440 0.000000
0.380334 -0.053888 0.057451 0.000000
0.465833 0.140460 0.131396 0.000000
0.232100 -0.765417 0.012501 0.000000
-0.081845 -1.060950 -0.035035 0.000000
0.100738 -0.661134 0.033393 0.000000
0.016230 -0.142627 -0.127027 0.000000
0.453580 -0.199064 -0.143826 0.000000
-0.043687 -0.969314 -0.000673 0.000000
0.167473 -1.217478 0.048368 0.000000
0.629817 -0.480583 0.149960 0.000000
0.423671 0.060367 -0.005228 0.000000
0.341761 0.446337 0.058925 0.000000
0.176814 -1.214415 0.036282 0.000000
0.203895 -1.014265 0.027452 0.000000
0.333193 0.137457 -0.000246 0.000000
0.280906 0.258263 0.031417 0.000000
0.172882 -1.191679 0.026716 0.000000
0.178961 -1.042036 0.031477 0.000000
0.392578 -0.095767 0.065467 0.000000
0.258387 0.217564 0.024361 0.000000
0.235170 -0.941405 -0.028383 1.000000
0.228416 -0.785479 0.014450 0.000000
0.243526 -0.649022 0.015530 0.000000
0.273708 -0.349075 0.018134 0.000000
0.489494 -0.332144 0.110966 0.000000
0.341240 0.315203 0.015522 0.000000
0.462877 0.161286 0.017769 0.000000
0.055501 -0.077983 -0.096968 0.000000
0.211162 -1.044723 0.028678 0.000000
0.662322 -0.507334 0.163206 0.000000
0.209595 -0.066787 -0.054123 0.000000
0.400886 0.147986 0.001732 0.000000
0.321302 0.191099 0.046398 0.000000
0.123604 0.035674 -0.051610 0.000000
0.251257 -0.302077 0.025214 0.000000
0.457069 0.168826 0.006235 0.000000
0.342194 0.090321 -0.015335 0.000000
0.496591 -0.087399 -0.028778 0.000000
0.186957 -1.244075 0.057425 0.000000
0.307886 0.302051 0.043173 0.000000
0.308146 0.175571 0.006158 0.000000
0.204915 0.136283 -0.007797 0.000000
0.303474 0.293448 0.035307 0.000000
0.238732 0.190970 0.014923 0.000000
0.420318 -0.156755 0.089770 0.000000
0.161037 -1.309148 0.038725 0.000000
0.249341 -0.617522 0.024541 0.000000
0.129833 -0.535464 0.025528 0.000000
0.224531 -0.968381 -0.055190 1.000000
0.170796 -1.334040 0.064212 0.000000
0.157122 -1.237598 0.053833 0.000000
0.448374 -0.261872 0.106700 0.000000
0.319517 0.182062 0.005706 0.000000
0.158131 -0.480687 0.027997 0.000000
0.189582 -1.207650 0.022544 0.000000
0.267177 -0.426610 0.021523 0.000000
0.198528 -1.022892 0.021532 0.000000
-0.103648 -1.111477 -0.037099 0.000000
0.144453 -1.205679 0.053487 0.000000
0.567483 -0.186014 -0.106670 0.000000
0.432545 0.218996 0.085714 0.000000
-0.083223 -1.077989 -0.025314 0.000000
-0.028482 -0.950612 -0.004544 0.000000
0.331199 0.222622 0.053549 0.000000
0.602910 -0.048662 -0.046724 0.000000
0.326433 0.000016 0.006178 0.000000
0.194668 -1.244578 -0.274745 1.000000
0.062567 -0.734135 0.023469 0.000000
0.173102 -1.224145 0.033187 0.000000
0.200280 0.132503 -0.014640 0.000000
0.225826 -0.922131 -0.010205 1.000000
0.339550 0.253003 0.010150 0.000000
0.433689 -0.223588 0.097697 0.000000
0.375670 -0.059631 0.061298 0.000000
0.655339 -0.104567 -0.066384 0.000000
0.229903 -0.979400 -0.055101 1.000000
0.383170 0.487735 0.051476 0.000000
-0.054414 -1.010432 -0.021512 0.000000
0.233682 -0.833029 0.010505 0.000000
0.327619 0.179390 0.053537 0.000000
0.335249 -0.068128 0.008647 0.000000
0.195479 -1.009556 0.013126 0.000000
0.323971 0.037959 -0.007150 0.000000
0.266984 -0.464149 0.011115 0.000000
0.355550 0.005347 0.053435 0.000000
0.191350 -1.103701 0.032267 0.000000
0.471951 -0.273564 0.099772 0.000000
0.172370 -1.285282 -0.308295 1.000000
0.203573 -0.388449 0.024268 0.000000
0.346165 0.469598 0.059031 0.000000
-0.086350 -1.091605 -0.033228 0.000000
0.365370 0.044479 -0.015657 0.000000
0.224850 -0.807395 0.009088 0.000000
0.135385 -0.238667 -0.147804 0.000000
0.095719 -0.668382 0.028071 0.000000
0.258244 0.216795 0.009482 0.000000
0.413178 0.093506 -0.008722 0.000000
0.251845 -0.531962 0.012374 0.000000
0.213696 -1.035290 -0.105732 1.000000
0.390855 0.351160 0.035511 0.000000
0.379188 0.006157 -0.041354 0.000000
0.151510 0.081313 -0.046472 0.000000
0.074588 -0.052891 -0.085494 0.000000
0.269115 0.088234 -0.006581 0.000000
0.119064 -0.559115 0.022695 0.000000
0.038665 -0.748029 0.028327 0.000000
-0.012463 -0.893167 0.010900 0.000000
0.219791 -0.037324 -0.044162 0.000000
0.215008 -0.050663 -0.048338 0.000000
0.445988 -0.229204 0.095291 0.000000
0.185125 -1.128454 0.035362 0.000000
0.261426 -0.507550 0.009214 0.000000
0.154452 -0.198246 -0.116801 0.000000
0.349199 0.475494 0.062142 0.000000
0.120086 -0.256753 -0.167268 0.000000
0.134762 -1.154515 0.037149 0.000000
0.178912 -1.273730 0.059150 0.000000
0.192137 -1.148568 -0.182383 1.000000
0.149065 -1.155565 0.054230 0.000000
0.340925 0.328129 0.023892 0.000000
0.074454 -0.665182 0.027378 0.000000
0.296155 0.150172 -0.009535 0.000000
0.217206 -0.360190 0.018840 0.000000
0.237425 -0.708689 0.014375 0.000000
0.394096 0.178696 0.001736 0.000000
0.426078 -0.138461 -0.120995 0.000000
0.296122 -0.135363 0.037641 0.000000
0.169589 -1.172460 0.048677 0.000000
0.450103 0.185616 0.019385 0.000000
0.425938 0.234602 0.032013 0.000000
0.221242 -0.027719 -0.042050 0.000000
0.585867 -0.035599 -0.039021 0.000000
0.335485 0.336585 0.058218 0.000000
0.613926 -0.052682 -0.051309 0.000000
0.368941 0.351065 0.042324 0.000000
0.159194 -0.192984 -0.112169 0.000000
0.096841 -0.597751 0.021549 0.000000
0.313235 0.064877 0.042655 0.000000
0.386346 0.452245 0.038879 0.000000
0.351677 0.459753 0.044542 0.000000
0.471681 -0.306359 0.112697 0.000000
0.178631 -1.161990 0.039689 0.000000
0.185174 -1.146833 0.038797 0.000000
0.082038 -0.673077 0.027856 0.000000
0.334371 0.186973 0.008589 0.000000
0.087225 -0.664296 0.028444 0.000000
0.391719 0.290806 0.027795 0.000000
0.262512 -0.553951 0.013800 0.000000
0.196930 -1.186234 -0.229326 1.000000
0.254602 -0.302576 0.035742 0.000000
0.482178 -0.072648 -0.025147 0.000000
0.192940 -1.149585 -0.196497 1.000000
0.188668 -1.206742 -0.240371 1.000000
0.402871 0.278840 0.072751 0.000000
0.184281 -1.241084 -0.275014 1.000000
0.177074 -1.046028 0.013466 0.000000
0.457014 -0.257900 0.102099 0.000000
-0.061605 -1.016366 -0.010944 0.000000
0.427088 0.044375 0.003229 0.000000
0.065621 -0.748633 0.020986 0.000000
0.317261 0.200084 0.007784 0.000000
0.201382 -1.037746 -0.090922 1.000000
0.438511 -0.235558 0.099957 0.000000
0.311515 -0.000994 0.046021 0.000000
0.168672 -1.195252 0.050531 0.000000
0.331094 0.349844 0.057203 0.000000
0.459473 -0.237771 0.102398 0.000000
0.577367 -0.195109 -0.120579 0.000000
0.164208 0.084031 -0.033013 0.000000
0.319060 0.149799 0.046673 0.000000
0.197503 -1.008571 0.028567 0.000000
0.326737 0.106019 0.039435 0.000000
0.180760 -1.233178 0.055675 0.000000
0.507493 -0.366135 0.112284 0.000000
0.226720 -0.891608 0.009772 0.000000
0.313616 -0.025985 0.041286 0.000000
0.313842 0.175665 0.045492 0.000000
0.185405 -1.016830 0.024515 0.000000
0.402786 0.139055 0.002373 0.000000
0.328400 0.289079 0.054311 0.000000
0.513222 0.043791 0.213669 0.000000
0.116952 -1.247054 0.040526 0.000000
0.108827 -1.301342 0.035151 0.000000
0.209158 -1.056723 -0.114372 1.000000
0.080295 -1.354202 0.086685 0.000000
0.027181 -0.297942 -0.248772 0.000000
0.444782 0.182550 0.101105 0.000000
0.331294 0.058754 -0.007892 0.000000
0.397300 0.151669 0.010040 0.000000
0.566354 -0.441318 0.138908 0.000000
0.077857 -0.697179 0.025797 0.000000
0.385522 -0.044380 0.088968 0.000000
0.200537 -0.995361 0.025017 0.000000
0.121889 -1.241785 0.032243 0.000000
0.047814 -0.783116 0.017336 0.000000
0.412679 0.095451 0.003182 0.000000
0.033223 -0.816846 0.010534 0.000000
0.390473 -0.085079 0.071886 0.000000
0.399095 0.165882 0.005509 0.000000
0.139987 -1.165408 0.037130 0.000000
0.487016 0.098062 0.161745 0.000000
0.329165 0.072450 -0.003787 0.000000
0.222041 -0.848855 0.007811 0.000000
0.236879 0.186803 -0.004188 0.000000
-0.028640 -0.944610 -0.008704 0.000000
0.409515 0.102152 0.003625 0.000000
0.406302 0.120675 -0.005061 0.000000
0.015854 -0.853574 0.008565 0.000000
0.056523 -0.721043 0.026540 0.000000
-0.049111 -0.989218 -0.008713 0.000000
0.351134 0.431311 0.037187 0.000000
0.223226 -0.015222 -0.039965 0.000000
0.255857 -0.554536 0.007335 0.000000
0.238503 0.184656 0.003902 0.000000
0.342213 0.282728 0.016658 0.000000
0.177307 -1.256867 0.035980 0.000000
0.459609 -0.035885 -0.020555 0.000000
0.316695 0.169396 0.041028 0.000000
0.201776 -1.020774 0.032444 0.000000
0.631293 -0.089960 -0.052194 0.000000
0.034021 -0.798900 0.018023 0.000000
0.116980 -1.280965 0.058347 0.000000
0.335021 0.231711 0.006201 0.000000
0.235471 -0.933885 -0.020898 1.000000
0.361170 0.052919 -0.020600 0.000000
0.320738 0.164601 0.049998 0.000000
0.234253 -0.025649 -0.036122 0.000000
0.373113 -0.050571 0.066908 0.000000
0.182855 -1.287135 -0.304475 1.000000
0.180389 -1.080315 0.032118 0.000000
0.258699 -0.434459 0.024074 0.000000
0.397548 -0.080635 0.087298 0.000000
0.441708 0.003233 -0.017483 0.000000
0.150839 -0.511748 0.033907 0.000000
0.137158 -1.192504 0.072827 0.000000
0.343116 0.175818 0.003323 0.000000
0.271433 -0.267910 0.030906 0.000000
0.334365 -0.051216 0.011421 0.000000
0.275408 -0.317962 0.019030 0.000000
0.205656 -0.398970 0.035539 0.000000
0.261943 -0.495219 0.020933 0.000000
0.332485 0.304675 0.051510 0.000000
0.232973 -0.739452 0.013544 0.000000
0.328620 0.085879 0.001490 0.000000
0.268365 -0.484359 0.021703 0.000000
0.390365 -0.036091 -0.062114 0.000000
0.195006 -1.118658 -0.170865 1.000000
0.019616 -0.840894 0.014917 0.000000
0.338289 0.219556 0.013067 0.000000
0.143453 -0.224549 -0.138846 0.000000
0.478211 -0.297741 0.104823 0.000000
0.244265 -0.673091 0.013615 0.000000
0.208487 -0.074178 -0.056899 0.000000
0.271123 -0.411926 0.018188 0.000000
0.344618 0.357764 0.023830 0.000000
0.285144 -0.201451 0.039112 0.000000
0.272799 -0.314783 0.029915 0.000000
0.387344 -0.060046 0.082014 0.000000
0.461713 -0.271796 0.111344 0.000000
0.061377 -0.060523 -0.094154 0.000000
0.228424 -0.001854 -0.035763 0.000000
0.171259 -1.281389 0.036731 0.000000
0.333691 -0.026417 0.011774 0.000000
0.210040 -1.025947 -0.081345 1.000000
0.249790 -0.548240 0.013490 0.000000
0.418862 -0.123275 -0.106725 0.000000
0.199558 -1.171107 -0.208940 1.000000
0.425268 0.250966 0.028867 0.000000
0.332138 0.076314 0.053206 0.000000
0.183112 -1.328513 -0.346600 1.000000
0.370410 0.343270 0.043360 0.000000
0.308717 0.094714 0.039772 0.000000
0.202160 -0.966992 -0.037961 1.000000
0.260904 0.083381 -0.021142 0.000000
0.247887 0.052079 -0.026005 0.000000
0.397253 0.230852 0.008801 0.000000
0.523655 -0.392892 0.114758 0.000000
0.207297 -1.036549 0.031432 0.000000
0.326516 0.217593 0.049684 0.000000
0.252344 -0.599336 0.012691 0.000000
0.292991 -0.143948 0.023095 0.000000
0.260938 0.066325 -0.012908 0.000000
0.219986 -0.918737 -0.007294 1.000000
0.351012 0.427931 0.043767 0.000000
0.314129 -0.010488 0.038415 0.000000
0.455996 -0.183490 -0.141424 0.000000
0.186701 -1.047369 0.020641 0.000000
0.179889 -0.429920 0.023512 0.000000
0.337433 0.246754 0.017748 0.000000
0.151204 -1.219563 0.052282 0.000000
0.238720 -0.748398 0.015322 0.000000
0.185382 -1.173310 0.048277 0.000000
0.483786 -0.243849 -0.152560 0.000000
0.323858 0.230160 0.054855 0.000000
0.207050 -1.015677 0.020156 0.000000
0.271109 -0.354535 0.021991 0.000000
0.441262 0.205216 0.025536 0.000000
0.266411 0.087699 -0.013629 0.000000
0.146224 -1.196188 0.052035 0.000000
0.254391 -0.552179 0.024021 0.000000
0.332500 -0.055216 0.005525 0.000000
-0.068160 -1.030644 -0.026363 0.000000
0.339750 0.406630 0.050630 0.000000
0.188267 -1.131103 0.044566 0.000000
0.440816 0.214547 0.014432 0.000000
0.305768 0.156489 -0.004231 0.000000
-0.030375 -0.925914 0.004981 0.000000
0.151797 -1.162690 0.051479 0.000000
0.204349 -1.132518 -0.175637 1.000000
0.353838 0.018406 0.054906 0.000000
0.214504 -0.881216 0.013842 0.000000
0.217161 0.153787 -0.003189 0.000000
0.261456 -0.293362 0.021852 0.000000
0.391182 0.298325 0.062140 0.000000
0.249869 -0.647821 0.011024 0.000000
0.340547 0.296091 0.014402 0.000000
0.203859 -1.148655 -0.198715 1.000000
0.152343 -1.233804 0.042911 0.000000
0.355003 0.397032 0.032384 0.000000
0.179061 -1.110051 0.036668 0.000000
0.342834 0.048600 0.059123 0.000000
0.202705 -1.053287 0.036706 0.000000
0.340674 0.238650 0.008704 0.000000
0.333337 0.418066 0.052438 0.000000
0.069314 -0.656282 0.028307 0.000000
0.206260 -1.026591 0.037740 0.000000
0.264826 -0.284343 0.030376 0.000000
0.770777 -0.172055 -0.096028 0.000000
0.237021 -0.329544 0.022680 0.000000
0.138003 -1.227913 0.039464 0.000000
0.176940 -1.201001 0.050459 0.000000
0.166687 0.084843 -0.026261 0.000000
0.044180 -0.084613 -0.100010 0.000000
0.351603 0.482288 0.044695 0.000000
0.334164 0.147688 0.003559 0.000000
0.282831 -0.270058 0.024853 0.000000
0.217819 0.148077 -0.008184 0.000000
0.182833 -1.095888 0.037018 0.000000
0.227903 -0.777853 0.010189 0.000000
0.327007 0.087168 -0.005524 0.000000
0.174405 -1.209845 0.048465 0.000000
0.231529 -0.726350 0.020333 0.000000
0.221874 -0.939129 -0.021529 1.000000
0.231036 0.183800 -0.014443 0.000000
-0.045033 -0.979601 -0.005503 0.000000
0.217621 -0.983431 -0.056309 1.000000
0.334268 0.177855 0.005992 0.000000
0.428032 0.053767 -0.005824 0.000000
0.184529 -1.135764 0.036995 0.000000
0.121871 -1.325449 0.034663 0.000000
0.492857 -0.344301 0.114704 0.000000
0.323341 0.259990 0.054999 0.000000
0.197919 -0.417075 0.041747 0.000000
0.469610 -0.257948 0.096563 0.000000
0.495709 -0.262654 -0.152465 0.000000
0.243893 -0.319835 0.015507 0.000000
0.183989 -1.258619 -0.284730 1.000000
0.431124 0.034467 -0.014342 0.000000
-0.016242 -0.900482 0.013780 0.000000
0.212122 -0.370212 0.022071 0.000000
0.091573 -0.643382 0.028862 0.000000
0.196454 -1.030898 -0.090470 1.000000
0.277951 -0.250646 0.027630 0.000000
0.153654 -0.467015 0.020226 0.000000
0.387533 0.499637 0.049417 0.000000
0.221649 -1.012399 -0.083020 1.000000
0.153312 -1.138459 0.054846 0.000000
0.290542 0.275012 0.038849 0.000000
0.227112 -0.870966 0.011225 0.000000
0.234689 0.184182 0.010731 0.000000
0.292568 -0.097899 0.035605 0.000000
0.407975 0.129337 -0.007041 0.000000
0.250307 0.207856 0.015410 0.000000
0.186907 -0.441650 0.042674 0.000000
0.302316 -0.080650 0.038994 0.000000
0.585731 -0.021597 -0.038236 0.000000
0.299416 -0.100090 0.044742 0.000000
0.195095 -1.141156 -0.190221 1.000000
0.271497 -0.290011 0.030491 0.000000
0.329438 0.061086 0.004051 0.000000
0.457420 -0.029470 -0.018606 0.000000
0.300594 -0.093785 0.030349 0.000000
0.353733 -0.102205 0.017638 0.000000
0.189442 -1.185258 -0.227621 1.000000
0.316362 0.112688 0.054094 0.000000
0.302052 -0.063104 0.040998 0.000000
0.026901 -0.775052 0.024631 0.000000
0.268522 -0.374745 0.012554 0.000000
0.242161 -0.599502 0.022871 0.000000
0.651182 -0.099383 -0.061823 0.000000
0.264464 -0.485248 0.009853 0.000000
0.163253 -1.356724 -0.373550 1.000000
0.303468 -0.075092 0.044567 0.000000
0.159698 -0.495106 0.036252 0.000000
0.316228 0.046601 0.045726 0.000000
0.245856 -0.644955 0.024865 0.000000
0.012545 -0.821821 0.021888 0.000000
0.471389 0.142358 0.010687 0.000000
0.404794 0.127430 0.003976 0.000000
0.308876 0.058003 0.042769 0.000000
0.234386 -0.782156 0.015419 0.000000
0.241590 -0.660860 0.006025 0.000000
0.236602 -0.757588 0.022465 0.000000
0.437431 -0.154041 -0.126437 0.000000
0.145241 -1.211193 0.044263 0.000000
0.254952 -0.538594 0.007062 0.000000
0.499228 0.085525 0.173863 0.000000
0.107170 0.004258 -0.058912 0.000000
0.445287 0.191574 0.014168 0.000000
0.330989 -0.042130 0.003883 0.000000
0.320127 0.007086 -0.010739 0.000000
0.192709 -0.430510 0.041322 0.000000
0.603281 -0.058318 -0.045165 0.000000
0.386941 0.254222 0.021749 0.000000
0.331079 0.275353 0.054056 0.000000
0.393712 0.395069 0.035582 0.000000
0.327184 -0.003768 0.000477 0.000000
0.235105 -0.686810 0.009998 0.000000
0.506106 0.086467 0.002151 0.000000
0.063597 -0.066175 -0.090593 0.000000
-0.016102 -0.907683 0.005720 0.000000
0.391050 0.363300 0.039405 0.000000
0.352477 0.411472 0.039415 0.000000
0.242535 -0.657068 0.016756 0.000000
0.143898 -0.234173 -0.155258 0.000000
0.353239 0.409741 0.031619 0.000000
0.279067 0.245683 0.031885 0.000000
0.051719 -0.770766 0.023460 0.000000
0.456295 0.179227 0.107397 0.000000
0.423853 -0.184774 0.094536 0.000000
0.399543 0.322408 0.029839 0.000000
0.322953 0.245564 0.052923 0.000000
0.154310 -1.212759 0.042979 0.000000
0.393147 -0.049943 -0.069435 0.000000
0.191432 0.121415 -0.021595 0.000000
0.235959 -0.720092 0.009845 0.000000
0.450897 0.189794 0.102894 0.000000
0.201715 -1.074538 0.041878 0.000000
0.434807 -0.207679 0.093883 0.000000
0.183105 -1.210146 0.022483 0.000000
0.258200 -0.544060 0.015521 0.000000
0.370777 0.437437 0.037083 0.000000
0.265855 0.230010 0.015592 0.000000
0.435788 -0.158349 0.091640 0.000000
0.574237 -0.445467 0.144271 0.000000
0.184748 -1.294584 -0.320867 1.000000
0.081683 -0.632203 0.028109 0.000000
-0.074736 -1.053708 -0.017075 0.000000
0.201287 -0.977553 -0.042084 1.000000
0.339684 0.396761 0.061338 0.000000
0.180207 -0.454374 0.031459 0.000000
0.373906 -0.030316 0.075453 0.000000
0.089661 -0.020010 -0.068391 0.000000
0.089134 -0.681844 0.033997 0.000000
0.200561 -0.391964 0.017684 0.000000
0.154157 -1.150866 0.054186 0.000000
0.189053 -1.185138 0.022241 0.000000
0.180980 -1.295143 -0.311415 1.000000
0.129014 -0.246664 -0.158291 0.000000
0.141912 -0.523256 0.032188 0.000000
0.219920 -0.888870 0.012673 0.000000
0.323994 0.225014 0.050287 0.000000
0.137655 -1.190049 0.066130 0.000000
0.472779 -0.210942 -0.147620 0.000000
0.318019 0.168460 0.054982 0.000000
0.078847 -0.039502 -0.076292 0.000000
0.695858 -0.137992 -0.078057 0.000000
0.243681 -0.697198 0.010211 0.000000
0.504307 -0.104801 -0.037977 0.000000
0.407308 0.097772 -0.006785 0.000000
0.265049 -0.359924 0.019750 0.000000
-0.002694 -0.893663 -0.000283 0.000000
0.280747 -0.207401 0.026804 0.000000
0.407027 0.293555 0.027204 0.000000
0.388907 0.212284 0.008721 0.000000
0.299956 -0.148594 0.040886 0.000000
0.318874 0.196068 0.052576 0.000000
0.097077 -0.010827 -0.065106 0.000000
0.167194 -1.340271 -0.356826 1.000000
0.034698 -0.298318 -0.237386 0.000000
0.015761 -0.827943 0.015935 0.000000
0.113424 -0.615273 0.026677 0.000000
0.431193 0.039178 -0.007330 0.000000
0.341589 0.099708 0.003828 0.000000
0.325185 0.205311 0.050987 0.000000
0.230940 -0.972645 -0.052603 1.000000
0.311756 0.089482 0.043775 0.000000
-0.037801 -0.959078 -0.003072 0.000000
0.111162 -0.262148 -0.179982 0.000000
0.179283 -1.257686 -0.277982 1.000000
0.465205 -0.040952 -0.017475 0.000000
0.413501 -0.168702 0.086387 0.000000
0.206235 -0.927302 -0.010712 1.000000
0.266876 -0.441910 0.019833 0.000000
0.385741 -0.073269 0.071919 0.000000
0.201472 -0.991716 -0.055464 1.000000
0.181137 -0.157075 -0.094893 0.000000
0.323191 0.138876 0.047247 0.000000
0.264741 -0.432065 0.018322 0.000000
0.122302 -1.256171 0.059646 0.000000
0.154497 -0.499065 0.031804 0.000000
0.328730 -0.020175 0.004077 0.000000
0.023142 -0.129764 -0.128097 0.000000
0.373720 0.017227 -0.029037 0.000000
0.182165 -1.116499 0.036640 0.000000
0.086709 -0.672675 0.033097 0.000000
0.226351 -0.859961 0.019639 0.000000
0.329372 0.253867 0.050169 0.000000
0.254144 0.067873 -0.022819 0.000000
0.407583 0.114007 -0.006118 0.000000
0.399062 0.306456 0.036467 0.000000
0.212225 -1.043563 -0.110460 1.000000
0.284186 -0.196994 0.034122 0.000000
0.272360 -0.324180 0.021991 0.000000
0.034763 -0.111202 -0.114039 0.000000
0.250532 -0.635872 0.012120 0.000000
0.170584 -1.179855 0.035712 0.000000
0.441131 0.199265 0.012661 0.000000
0.218900 -0.961565 0.024569 0.000000
0.331673 -0.066907 -0.001509 0.000000
0.257200 -0.453634 0.011192 0.000000
0.058506 -0.286790 -0.226637 0.000000
0.258611 -0.451670 0.021423 0.000000
0.326367 -0.004205 0.012951 0.000000
0.307505 0.012286 0.038636 0.000000
0.348129 0.399663 0.033613 0.000000
0.310724 0.040351 0.042008 0.000000
0.197311 -1.053313 -0.106981 1.000000
0.200790 -1.148231 -0.190876 1.000000
0.415290 0.259274 0.084068 0.000000
0.388420 -0.067563 0.078075 0.000000
0.221555 -0.954906 -0.036710 1.000000
0.170228 -1.048076 0.035913 0.000000
0.173568 -1.100413 0.030360 0.000000
0.193618 -1.206998 -0.232711 1.000000
0.180843 -0.441591 0.024232 0.000000
0.654231 -0.495332 0.158965 0.000000
0.270823 -0.258436 0.021919 0.000000
0.016426 -0.300740 -0.253708 0.000000
0.394948 0.246879 0.013756 0.000000
0.425483 0.069784 -0.002147 0.000000
0.601571 -0.464441 0.141147 0.000000
0.500219 0.085667 -0.003123 0.000000
0.209747 -1.017579 0.027270 0.000000
0.205609 -1.085079 -0.134979 1.000000
0.202986 -1.025034 -0.084968 1.000000
0.233244 -0.726557 0.013822 0.000000
0.238497 -0.670207 0.022685 0.000000
0.221895 -0.940603 0.018097 0.000000
0.392295 0.369552 0.033212 0.000000
0.250478 -0.595951 0.006480 0.000000
0.447238 0.197283 0.099582 0.000000
0.136350 -0.562878 0.037553 0.000000
0.133021 -1.159397 0.031089 0.000000
0.272091 -0.307453 0.018702 0.000000
0.152457 -0.209266 -0.122497 0.000000
0.147803 -1.156985 0.029965 0.000000
0.229386 -0.801621 0.015820 0.000000
0.430848 -0.176845 0.091243 0.000000
0.146037 -0.500915 0.025656 0.000000
0.208314 -0.908921 0.000795 1.000000
0.162227 0.077863 -0.028141 0.000000
0.252392 -0.585218 0.011193 0.000000
0.198086 -1.138548 -0.163916 1.000000
0.369841 -0.022249 0.071139 0.000000
0.327519 0.341107 0.051626 0.000000
0.165445 -0.191384 -0.114694 0.000000
0.176142 -1.267709 0.021160 0.000000
0.205419 -1.033903 -0.086873 1.000000
0.257282 -0.442705 0.013674 0.000000
0.238188 -0.912689 -0.002662 1.000000
0.246768 -0.578148 0.011763 0.000000
0.669100 -0.120994 -0.065275 0.000000
0.196819 -1.153829 0.022859 0.000000
0.209196 -0.080799 -0.056312 0.000000
0.475411 -0.049805 -0.010990 0.000000
0.273514 -0.406074 0.016017 0.000000
0.127243 -1.251681 0.059182 0.000000
0.270736 -0.421216 0.017353 0.000000
0.307215 -0.019758 0.038931 0.000000
0.574843 -0.446150 0.129019 0.000000
0.260583 -0.512123 0.021845 0.000000
0.356177 0.012740 0.061932 0.000000
0.199130 -1.095165 -0.143929 1.000000
0.254310 0.033828 -0.015490 0.000000
-0.067339 -1.030555 -0.012329 0.000000
0.262185 -0.498721 0.014152 0.000000
0.321316 0.157417 0.048862 0.000000
0.130647 -0.584160 0.037472 0.000000
0.394910 -0.100094 0.074368 0.000000
0.145276 -1.163673 0.064455 0.000000
0.336010 0.078866 0.041805 0.000000
0.382698 -0.015969 -0.047085 0.000000
0.117010 -1.250332 0.058895 0.000000
0.478934 -0.062867 -0.020251 0.000000
0.317673 0.071901 0.044903 0.000000
0.533015 -0.410528 0.124869 0.000000
0.427949 -0.169225 0.090922 0.000000
0.182095 -1.229911 0.027125 0.000000
0.182231 -1.227374 0.035445 0.000000
0.329212 0.216729 0.010043 0.000000
0.275701 -0.288901 0.023281 0.000000
0.186493 -1.194807 -0.234634 1.000000
0.238859 -0.695578 0.014701 0.000000
0.190682 -1.135044 -0.174061 1.000000
0.405125 -0.134630 0.085377 0.000000
0.406349 0.120864 0.002744 0.000000
0.339870 0.343560 0.052748 0.000000
0.151371 -1.293952 0.053331 0.000000
0.202646 -1.127772 -0.165603 1.000000
0.497749 0.103975 0.009404 0.000000
0.263234 -0.320944 0.022452 0.000000
0.234728 -0.797889 0.012596 0.000000
0.302668 -0.059947 0.034597 0.000000
0.336720 0.119937 0.002660 0.000000
0.324892 0.022142 -0.000813 0.000000
0.395083 0.159627 0.005846 0.000000
0.273225 -0.276792 0.019663 0.000000
-0.063930 -1.027256 -0.021168 0.000000
0.449731 -0.004652 -0.002744 0.000000
0.220801 -0.358256 0.027301 0.000000
0.185577 -1.246795 -0.278406 1.000000
0.007498 -0.881128 0.005163 0.000000
0.671223 -0.110393 -0.064341 0.000000
0.259505 0.219966 0.017656 0.000000
0.165958 -1.227295 0.031709 0.000000
0.616380 -0.060912 -0.053649 0.000000
0.270668 0.097935 -0.018023 0.000000
0.065936 -0.705709 0.023460 0.000000
0.445904 -0.022989 -0.017483 0.000000
0.426637 -0.154772 0.089789 0.000000
0.258143 -0.566138 0.008126 0.000000
0.171794 -0.180933 -0.108762 0.000000
0.284066 0.255807 0.025630 0.000000
0.384780 -0.003183 -0.042656 0.000000
0.323419 0.028289 -0.005016 0.000000
0.637288 -0.491464 0.146562 0.000000
0.332384 -0.041750 0.010634 0.000000
0.351064 0.088897 -0.013193 0.000000
0.345558 0.352331 0.027800 0.000000
0.407557 -0.158550 0.082354 0.000000
0.055346 -0.705488 0.029489 0.000000
0.519735 0.066493 -0.002292 0.000000
0.305064 -0.036413 0.048934 0.000000
0.042907 -0.760124 0.020177 0.000000
0.257731 -0.486816 0.020634 0.000000
0.230881 -0.794191 0.017164 0.000000
0.194422 -1.141292 -0.177803 1.000000
0.333675 0.211911 0.009338 0.000000
0.025987 -0.126235 -0.118641 0.000000
0.164880 -1.201477 0.053941 0.000000
0.309284 0.020644 0.045973 0.000000
0.189652 -1.255539 -0.281436 1.000000
0.060763 -0.698708 0.028495 0.000000
0.308823 0.000808 0.040274 0.000000
-0.031634 -0.944037 0.000628 0.000000
0.205068 -1.035627 -0.095963 1.000000
0.383116 0.317403 0.050404 0.000000
0.096018 -0.655483 0.031245 0.000000
0.381500 -0.061763 0.071344 0.000000
0.316924 0.312986 0.038969 0.000000
0.138506 -1.148656 0.043090 0.000000
0.225524 -0.981333 -0.060311 1.000000
0.580886 -0.455021 0.134861 0.000000
0.519293 -0.394851 0.126979 0.000000
0.410746 -0.116495 0.087523 0.000000
0.087626 -0.276148 -0.201513 0.000000
0.066239 -0.281837 -0.223517 0.000000
0.119609 -1.247335 0.069094 0.000000
0.132968 -1.220977 0.040804 0.000000
0.203909 -0.989538 0.022819 0.000000
0.367696 0.034149 -0.027472 0.000000
0.237943 -0.682235 0.021732 0.000000
0.458933 -0.289940 0.111319 0.000000
0.233589 -0.694925 0.020863 0.000000
0.388396 -0.085052 0.083195 0.000000
0.208121 -0.052314 -0.051046 0.000000
0.344166 0.335527 0.024177 0.000000
0.186297 -1.258028 0.059320 0.000000
0.193752 -0.400248 0.019394 0.000000
0.424392 -0.113508 -0.106848 0.000000
0.147806 -0.217988 -0.130142 0.000000
0.216113 -0.013617 -0.043273 0.000000
0.372774 0.022816 -0.032417 0.000000
0.399943 0.176732 0.007889 0.000000
0.555905 0.013525 -0.021551 0.000000
0.392372 0.272176 0.020104 0.000000
0.185506 -1.100385 0.031870 0.000000
0.264880 -0.366729 0.023742 0.000000
0.200985 -1.090921 0.031983 0.000000
0.027679 -0.806208 0.019090 0.000000
0.158765 -1.234322 0.044789 0.000000
0.345215 0.079383 -0.015747 0.000000
0.313008 0.185435 0.001025 0.000000
0.591725 -0.457348 0.140630 0.000000
0.462610 -0.255370 0.099684 0.000000
0.182645 -1.172591 0.020785 0.000000
0.312874 0.313075 0.047852 0.000000
0.154687 -0.522333 0.034676 0.000000
0.271583 -0.279071 0.028213 0.000000
0.156539 -1.103778 0.021646 0.000000
0.329988 0.264480 0.053549 0.000000
0.414194 -0.114021 -0.102262 0.000000
0.190348 -1.137270 0.043877 0.000000
0.332648 0.293999 0.048974 0.000000
0.417374 0.081162 -0.008217 0.000000
0.200135 -1.000301 0.018194 0.000000
0.200980 -1.088182 -0.128678 1.000000
0.221302 -0.911847 0.013764 0.000000
0.396423 0.355529 0.038109 0.000000
0.288219 0.262866 0.035038 0.000000
0.478788 0.145831 0.015937 0.000000
0.359317 -0.121363 0.000843 0.000000
-0.093904 -1.096701 -0.029317 0.000000
0.211386 -0.975667 0.026711 0.000000
0.423943 -0.144259 0.090598 0.000000
0.156411 -1.221595 0.048911 0.000000
0.046540 -0.735963 0.027342 0.000000
0.330446 -0.015053 -0.004077 0.000000
0.441106 0.220098 0.098807 0.000000
0.537189 -0.140292 -0.068793 0.000000
0.330768 0.089176 0.048776 0.000000
0.201996 -1.122499 -0.173003 1.000000
0.116221 -0.615725 0.034915 0.000000
0.250197 0.034150 -0.021814 0.000000
0.214774 -0.949581 -0.025814 1.000000
0.176976 -1.170883 0.053007 0.000000
0.197897 -1.083163 0.037797 0.000000
0.413195 0.104801 -0.006656 0.000000
0.030820 -0.120406 -0.121942 0.000000
0.320549 0.004641 0.007860 0.000000
0.322825 0.034290 -0.000976 0.000000
0.058726 -0.072078 -0.095800 0.000000
0.203561 -1.042878 -0.101445 1.000000
0.321665 0.195359 0.006976 0.000000
0.642875 -0.094906 -0.056914 0.000000
0.265292 -0.392725 0.014765 0.000000
0.467721 -0.268902 0.101411 0.000000
0.165434 -1.154654 0.043595 0.000000
0.428108 0.232722 0.025648 0.000000
0.182498 -1.154943 0.037276 0.000000
0.193033 -1.122640 -0.164416 1.000000
0.164807 0.089448 -0.036689 0.000000
0.048106 -0.767023 0.017875 0.000000
0.204938 -1.035041 0.041226 0.000000
0.234510 -0.904575 0.000369 1.000000
0.314169 0.191826 0.009387 0.000000
0.406444 0.150211 -0.008566 0.000000
0.247663 -0.623082 0.021634 0.000000
0.408874 -0.148536 0.083451 0.000000
0.293150 -0.158737 0.028264 0.000000
0.392314 0.416398 0.041045 0.000000
0.462310 -0.241274 0.095420 0.000000
0.192207 -1.021620 -0.084901 1.000000
0.335935 0.299352 0.052872 0.000000
0.182132 -1.216800 0.027965 0.000000
0.546794 -0.424706 0.119881 0.000000
0.331877 0.373987 0.059982 0.000000
0.209935 -0.986853 -0.056909 1.000000
0.275131 -0.295700 0.020548 0.000000
0.322278 0.252600 0.047029 0.000000
0.502020 0.062955 0.189836 0.000000
0.328499 -0.055593 0.000065 0.000000
0.301305 -0.028605 0.036114 0.000000
0.291702 -0.120611 0.035547 0.000000
0.317887 0.100141 0.045442 0.000000
0.294403 -0.195401 0.027276 0.000000
0.317438 0.085824 0.041184 0.000000
0.388261 0.478713 0.044248 0.000000
0.213077 0.149692 -0.025400 0.000000
0.422295 0.246916 0.024285 0.000000
0.333534 0.108829 -0.006086 0.000000
0.163828 -1.186678 0.040890 0.000000
0.227209 -0.840764 0.019397 0.000000
0.190914 -1.125583 0.038981 0.000000
0.205120 -1.000697 0.025720 0.000000
-0.074734 -1.042948 -0.022547 0.000000
0.119003 0.020036 -0.052546 0.000000
0.416318 0.271998 0.019751 0.000000
0.080250 -0.025904 -0.073866 0.000000
0.159591 -1.366809 -0.368961 1.000000
0.653031 -0.497902 0.150015 0.000000
0.002489 -0.858732 0.022667 0.000000
0.079109 -0.703950 0.024059 0.000000
-0.042377 -0.985390 -0.016701 0.000000
0.229396 -0.028778 -0.039013 0.000000
0.048778 -0.080123 -0.100673 0.000000
0.300225 -0.105477 0.033457 0.000000
0.215793 -0.376579 0.035504 0.000000
0.100497 0.006043 -0.061098 0.000000
0.338690 0.375183 0.057498 0.000000
0.240517 -0.643386 0.011143 0.000000
0.193133 -1.217120 -0.235418 1.000000
0.290405 -0.178513 0.034656 0.000000
0.432667 0.222551 0.020824 0.000000
0.400107 0.242215 0.013548 0.000000
0.474636 -0.226473 -0.151108 0.000000
0.416007 0.073943 0.006783 0.000000
0.253993 0.047288 -0.016643 0.000000
0.342986 0.393278 0.055369 0.000000
0.451986 -0.249589 0.101232 0.000000
0.198106 -1.101020 0.036596 0.000000
0.396405 0.335596 0.033423 0.000000
0.216586 -1.020566 -0.087443 1.000000
0.152750 -0.489915 0.026830 0.000000
0.327391 0.365065 0.053218 0.000000
0.195391 -1.167254 -0.205901 1.000000
0.330503 -0.034116 0.004110 0.000000
0.531503 0.047499 -0.009363 0.000000
0.528461 -0.139155 -0.060975 0.000000
0.184320 -1.285423 0.059723 0.000000
0.359287 0.004285 0.068825 0.000000
0.075486 -0.713404 0.025527 0.000000
0.453581 -0.024408 -0.019577 0.000000
0.352852 0.455112 0.038176 0.000000
0.073698 -0.673933 0.025445 0.000000
0.097814 -0.267667 -0.195904 0.000000
0.552083 0.007900 -0.023704 0.000000
0.549045 -0.428846 0.128805 0.000000
0.237335 0.014491 -0.028515 0.000000
0.195079 -0.413067 0.019123 0.000000
0.176580 -1.048306 0.036827 0.000000
0.187436 -1.202909 0.055454 0.000000
0.418293 -0.189288 0.087217 0.000000
0.106009 -0.002054 -0.058877 0.000000
0.287787 -0.212724 0.023300 0.000000
0.305609 0.296255 0.040712 0.000000
0.341888 0.261215 0.011908 0.000000
0.322501 0.133354 0.040512 0.000000
0.331589 -0.000010 -0.004818 0.000000
0.210953 -1.005358 0.023545 0.000000
0.244893 -0.593360 0.011745 0.000000
0.511734 -0.377715 0.117335 0.000000
0.247899 -0.313376 0.031927 0.000000
0.317348 0.116587 0.047009 0.000000
0.195072 -1.201866 -0.222588 1.000000
0.105877 -0.263589 -0.187792 0.000000
0.176490 -1.331372 -0.352906 1.000000
0.155250 -1.149000 0.040330 0.000000
0.690104 -0.127873 -0.076269 0.000000
0.219350 -1.003702 -0.077508 1.000000
0.256383 -0.471746 0.023562 0.000000
0.465914 -0.049004 -0.022430 0.000000
0.511842 0.077625 0.000552 0.000000
0.197685 -1.144239 0.027724 0.000000
0.248918 -0.595177 0.016473 0.000000
0.609039 -0.465076 0.148116 0.000000
0.349125 0.421609 0.032085 0.000000
0.178124 -1.090402 0.037515 0.000000
0.246028 -0.586784 0.009646 0.000000
0.340742 0.455383 0.059275 0.000000
0.364699 0.058780 -0.010976 0.000000
0.271136 -0.315783 0.023828 0.000000
0.179195 -1.225544 0.057949 0.000000
0.383867 -0.047629 0.083724 0.000000
0.189621 -1.114060 0.036710 0.000000
-0.021769 -0.918108 0.000969 0.000000
0.397801 0.321261 0.037268 0.000000
0.265163 -0.403766 0.018386 0.000000
0.401648 0.312837 0.025739 0.000000
0.144635 -1.219324 0.042061 0.000000
0.335068 0.168012 0.004775 0.000000
0.298114 0.163234 -0.009658 0.000000
0.076491 -0.649446 0.028646 0.000000
0.269668 -0.265879 0.022008 0.000000
0.190110 -1.183279 0.051898 0.000000
0.186013 -1.113794 0.029467 0.000000
0.163380 -0.492694 0.031646 0.000000
0.211424 -0.388578 0.041203 0.000000
0.341911 0.312747 0.021361 0.000000
0.099243 -0.017631 -0.064698 0.000000
0.192168 -1.012784 0.021069 0.000000
0.303311 -0.053788 0.039083 0.000000
0.442893 -0.166449 -0.139249 0.000000
0.661902 -0.108642 -0.062687 0.000000
0.359894 0.464927 0.043301 0.000000
0.225543 -0.791638 0.009047 0.000000
0.314233 0.154004 0.041887 0.000000
0.200565 -1.135713 -0.183581 1.000000
0.325138 0.158504 0.057564 0.000000
0.223557 -0.824429 0.008331 0.000000
0.184459 -1.193392 0.056867 0.000000
0.279197 -0.275632 0.023562 0.000000
0.567502 -0.005995 -0.029565 0.000000
0.220715 -0.370888 0.026165 0.000000
0.329337 -0.010122 0.001602 0.000000
0.270735 -0.463187 0.016263 0.000000
0.037698 -0.294297 -0.241795 0.000000
0.336772 0.214593 0.004489 0.000000
0.234422 -0.335077 0.026175 0.000000
0.356249 -0.115762 0.010242 0.000000
0.413026 -0.134311 0.090331 0.000000
0.267524 -0.333191 0.017966 0.000000
0.403317 0.155272 -0.000423 0.000000
0.010798 -0.849248 0.013232 0.000000
0.206281 -0.381095 0.021987 0.000000
0.099951 -0.589952 0.027006 0.000000
0.181703 -1.176486 0.043495 0.000000
0.171747 0.094908 -0.030433 0.000000
0.262962 -0.469484 0.018544 0.000000
0.137455 0.028007 -0.043175 0.000000
0.393733 0.257970 0.017091 0.000000
0.398171 -0.060442 -0.073651 0.000000
0.181613 -1.164755 0.046144 0.000000
0.695824 -0.131041 -0.077345 0.000000
0.195535 -1.013462 0.032069 0.000000
0.254986 -0.610099 0.016006 0.000000
0.218863 0.161527 -0.000506 0.000000
0.131115 -0.572889 0.031700 0.000000
0.204202 -1.063249 0.022701 0.000000
0.380502 -0.062579 0.064114 0.000000
0.146998 -0.534413 0.036180 0.000000
0.269025 -0.393999 0.027111 0.000000
0.396845 0.374204 0.036481 0.000000
0.399818 -0.099343 0.081022 0.000000
0.227070 -0.760438 0.010791 0.000000
0.205466 -0.892234 0.009586 0.000000
0.245485 -0.578050 0.020262 0.000000
0.400714 0.191226 0.002226 0.000000
0.611783 -0.066713 -0.047733 0.000000
0.499050 -0.345387 0.107865 0.000000
-0.061743 -1.009994 -0.014585 0.000000
0.319556 0.317412 0.043201 0.000000
0.006699 -0.833185 0.021761 0.000000
0.313333 0.092200 0.050139 0.000000
0.173374 -1.052397 0.042195 0.000000
0.411704 0.116757 -0.001790 0.000000
0.241268 -0.325145 0.031986 0.000000
0.095820 -0.673146 0.032205 0.000000
0.406943 -0.063199 -0.075691 0.000000
0.266525 0.229333 0.027012 0.000000
0.265995 0.228181 0.009557 0.000000
0.358092 -0.127649 -0.000102 0.000000
0.284732 -0.214806 0.032732 0.000000
0.204186 -1.084798 0.042386 0.000000
0.028142 -0.297796 -0.239115 0.000000
0.188101 -1.237931 -0.271119 1.000000
0.341244 -0.077264 0.016641 0.000000
0.494850 0.091210 0.176747 0.000000
0.167678 -1.200594 0.040321 0.000000
0.112765 -0.566146 0.026678 0.000000
0.690179 -0.131047 -0.070651 0.000000
0.206807 -1.047605 0.017487 0.000000
0.188149 -0.146971 -0.090756 0.000000
0.202768 -1.090811 -0.137378 1.000000
0.242784 -0.705076 0.022333 0.000000
0.345295 0.045709 0.053620 0.000000
0.370994 0.014072 -0.040359 0.000000
0.173568 -1.048833 0.028458 0.000000
0.266544 -0.490939 0.020574 0.000000
0.204325 -1.053369 -0.118037 1.000000
0.396022 0.306573 0.029015 0.000000
0.280079 -0.256281 0.025041 0.000000
0.134355 -1.216490 0.052452 0.000000
0.232100 -0.888384 0.009288 0.000000
0.049990 -0.742688 0.023216 0.000000
0.273488 -0.284819 0.018383 0.000000
0.225390 -0.853317 0.016322 0.000000
-0.057587 -1.007108 -0.007131 0.000000
0.231100 -0.805168 0.010692 0.000000
0.323876 0.013228 -0.000211 0.000000
0.097580 -0.647158 0.031436 0.000000
0.200321 -1.034281 0.028071 0.000000
0.380619 0.000835 -0.036826 0.000000
0.207277 -0.387251 0.017828 0.000000
0.340869 0.408360 0.061566 0.000000
0.476891 -0.068933 -0.026614 0.000000
0.238289 0.183271 -0.009182 0.000000
0.212499 -1.006880 -0.067999 1.000000
0.055833 -0.733296 0.022260 0.000000
0.389376 0.286630 0.022904 0.000000
0.544909 -0.141681 -0.067335 0.000000
0.176039 -1.280904 0.056492 0.000000
0.477375 0.130840 0.007254 0.000000
0.088365 -0.680185 0.026890 0.000000
0.368650 0.029726 -0.033390 0.000000
0.122409 0.010341 -0.050467 0.000000
0.178193 0.098996 -0.021645 0.000000
0.232782 -0.344007 0.040302 0.000000
0.468841 -0.287424 0.106858 0.000000
0.228996 0.177052 -0.004748 0.000000
0.228233 -0.832682 0.014101 0.000000
0.228009 -0.934453 -0.013545 1.000000
0.074043 -0.685175 0.031239 0.000000
0.244532 -0.319266 0.032169 0.000000
0.229301 -0.959588 -0.040531 1.000000
0.356733 0.443186 0.034917 0.000000
0.296970 -0.055599 0.039174 0.000000
-0.003823 -0.866211 0.017040 0.000000
0.192087 -1.246842 -0.269264 1.000000
0.580428 -0.193046 -0.112107 0.000000
0.184339 -1.041003 0.037933 0.000000
0.294463 -0.141412 0.031913 0.000000
0.274214 0.095724 -0.006504 0.000000
0.305598 -0.026137 0.045329 0.000000
0.230367 -0.749418 0.020340 0.000000
0.178590 -1.283232 -0.302128 1.000000
0.157065 -1.127510 0.049591 0.000000
0.327280 0.241135 0.053687 0.000000
0.126790 -1.252675 0.066593 0.000000
0.001711 -0.883283 0.004254 0.000000
0.306044 -0.068442 0.033482 0.000000
0.663606 -0.117890 -0.062072 0.000000
0.251630 -0.525839 0.025737 0.000000
-0.088057 -1.081562 -0.026971 0.000000
0.513011 -0.108705 -0.040559 0.000000
0.338499 -0.068542 0.015925 0.000000
0.268927 -0.383524 0.020435 0.000000
0.334596 0.206218 0.011683 0.000000
0.399347 -0.054865 -0.070893 0.000000
0.299493 0.152957 0.007447 0.000000
0.176246 -0.142201 -0.087695 0.000000
0.333035 0.282869 0.053378 0.000000
0.292167 -0.181442 0.023380 0.000000
0.418657 0.084187 -0.001147 0.000000
0.497039 -0.093138 -0.032841 0.000000
0.183865 -1.184062 0.040576 0.000000
0.521056 -0.391979 0.132546 0.000000
0.158951 -1.167131 0.043967 0.000000
0.289199 -0.192425 0.021668 0.000000
0.142309 -1.157555 0.039002 0.000000
0.082472 -0.660534 0.029958 0.000000
0.305913 -0.040287 0.044017 0.000000
0.237699 -0.757538 0.015382 0.000000
0.164073 -0.181135 -0.105346 0.000000
0.402453 0.128245 0.010199 0.000000
0.343112 0.217600 0.007590 0.000000
0.189337 -1.070808 0.027918 0.000000
0.448904 0.006852 -0.006344 0.000000
0.196937 -1.084178 0.030636 0.000000
0.255530 -0.463558 0.023746 0.000000
0.379886 0.312572 0.062662 0.000000
0.333134 0.402039 0.061339 0.000000
0.201836 -1.041588 0.033976 0.000000
0.181110 -1.319048 0.062364 0.000000
0.216171 -0.859109 0.011594 0.000000
0.105512 -0.019750 -0.064540 0.000000
0.076307 -0.056321 -0.078492 0.000000
0.356600 0.475876 0.042235 0.000000
0.609787 -0.473235 0.138704 0.000000
-0.071475 -1.040779 -0.015219 0.000000
0.558446 -0.430879 0.139591 0.000000
0.182008 -1.250430 -0.273437 1.000000
0.125931 -1.196959 0.030265 0.000000
0.165546 -1.319048 -0.337855 1.000000
0.041870 -0.100637 -0.104513 0.000000
0.201720 -1.127745 -0.178685 1.000000
0.348508 0.074529 -0.018054 0.000000
0.500646 0.073827 0.174677 0.000000
0.411613 -0.094208 -0.093963 0.000000
0.245787 -0.607130 0.012467 0.000000
0.160059 -1.179276 0.045478 0.000000
0.345445 0.406015 0.052963 0.000000
0.139316 -0.521596 0.026825 0.000000
0.579989 -0.034221 -0.035323 0.000000
0.526456 -0.403294 0.131131 0.000000
0.323942 0.183330 0.049963 0.000000
0.041431 -0.778720 0.024715 0.000000
0.357057 0.008950 0.048644 0.000000
0.317954 0.158163 0.055247 0.000000
0.245127 -0.638507 0.013815 0.000000
-0.025695 -0.921066 0.008266 0.000000
0.267731 -0.408155 0.023708 0.000000
0.214959 -0.835096 0.012722 0.000000
0.209349 -0.381354 0.031152 0.000000
0.085026 -0.693116 0.029188 0.000000
0.497741 -0.105003 -0.032966 0.000000
0.399718 -0.046132 -0.065786 0.000000
0.394142 -0.030323 -0.056811 0.000000
0.172931 -1.303675 0.025206 0.000000
0.177871 -1.253894 -0.284675 1.000000
0.283520 0.120989 -0.001790 0.000000
0.111123 0.027820 -0.056942 0.000000
0.494569 -0.099848 -0.038653 0.000000
0.428010 0.233992 0.019613 0.000000
0.157374 0.080493 -0.048193 0.000000
0.387442 -0.013192 -0.049879 0.000000
0.172471 -1.292390 0.023253 0.000000
0.259519 -0.514255 0.014375 0.000000
0.185449 -1.130308 0.019459 0.000000
0.469642 0.134994 0.128168 0.000000
0.028398 -0.119918 -0.114061 0.000000
0.393765 0.240831 0.013666 0.000000
0.203665 -0.403312 0.039432 0.000000
0.284726 -0.197705 0.023868 0.000000
0.204662 -1.092208 -0.124265 1.000000
0.097927 -0.624999 0.029217 0.000000
0.209164 -1.026772 0.025880 0.000000
0.284640 -0.226171 0.029258 0.000000
0.428648 -0.154466 0.097144 0.000000
0.351614 0.390454 0.035377 0.000000
0.203526 -1.007735 0.027253 0.000000
0.268032 -0.451985 0.026926 0.000000
0.344218 0.300894 0.019219 0.000000
0.418189 0.260690 0.022025 0.000000
0.219480 -0.907651 0.001868 1.000000
0.563039 -0.441052 0.127593 0.000000
0.359062 0.356785 0.044178 0.000000
0.244877 -0.613816 0.022502 0.000000
0.276628 -0.311497 0.019644 0.000000
0.173383 -1.226475 0.055939 0.000000
0.305109 0.004375 0.047639 0.000000
0.336183 0.428057 0.053617 0.000000
0.215034 -0.373573 0.017828 0.000000
0.420389 0.078239 0.004396 0.000000
0.259879 -0.292515 0.010612 0.000000
0.325183 -0.001564 -0.004897 0.000000
0.676970 -0.516062 0.158713 0.000000
0.200215 -1.102189 0.023109 0.000000
0.216282 0.156596 -0.016748 0.000000
0.329162 0.233512 0.046482 0.000000
0.268435 -0.453743 0.015119 0.000000
0.179513 -1.242942 -0.281623 1.000000
0.211329 -0.968300 0.021399 0.000000
0.210536 0.152679 -0.019767 0.000000
0.320199 0.219162 0.053289 0.000000
0.222759 -0.351163 0.020055 0.000000
0.173250 -0.148286 -0.089838 0.000000
0.220619 -0.901034 0.013006 0.000000
0.386692 -0.023781 -0.055871 0.000000
0.570580 -0.196790 -0.114777 0.000000
0.391029 -0.075129 0.080717 0.000000
0.398969 0.218381 0.006285 0.000000
0.186864 -0.430884 0.035295 0.000000
0.220481 -0.816006 0.015094 0.000000
0.247571 0.024308 -0.021201 0.000000
0.174530 -1.184319 0.037099 0.000000
0.171636 -0.171368 -0.101282 0.000000
0.202691 -0.075929 -0.058216 0.000000
0.175469 -1.272061 0.054279 0.000000
0.319157 0.323921 0.046092 0.000000
0.283058 0.255749 0.037035 0.000000
-0.110119 -1.123194 -0.036655 0.000000
0.198051 -1.074383 0.017751 0.000000
0.313786 0.053682 0.050078 0.000000
0.252019 -0.577395 0.014978 0.000000
0.207320 -0.899577 0.007762 0.000000
0.173114 -1.166525 0.040632 0.000000
0.248727 -0.547064 0.024587 0.000000
0.337348 -0.038784 0.012612 0.000000
0.270483 -0.342755 0.019844 0.000000
0.768748 -0.174150 -0.101396 0.000000
0.335031 0.392231 0.056847 0.000000
0.308742 -0.008917 0.045177 0.000000
0.341660 0.251173 0.015604 0.000000
0.312078 0.300455 0.030688 0.000000
0.335993 0.243842 0.053825 0.000000
0.178361 -1.163884 0.028720 0.000000
0.181549 -0.148665 -0.089954 0.000000
0.264842 0.227958 0.021250 0.000000
-0.003286 -0.856431 0.023496 0.000000
0.323322 0.170118 0.050356 0.000000
0.047834 -0.290858 -0.234264 0.000000
0.469081 -0.229901 -0.150336 0.000000
0.375622 -0.045050 0.066234 0.000000
0.286708 0.131426 -0.003955 0.000000
0.462765 -0.247310 0.097952 0.000000
0.170542 -1.329647 -0.347751 1.000000
0.235291 -0.945738 -0.035828 1.000000
0.348025 0.334294 0.028733 0.000000
0.116930 -1.247434 0.075060 0.000000
0.051970 -0.089032 -0.098209 0.000000
0.197942 -1.096859 0.027395 0.000000
0.566475 -0.174583 -0.094341 0.000000
0.339173 0.305833 0.020741 0.000000
0.465887 -0.199755 -0.147917 0.000000
0.151221 -0.485718 0.018498 0.000000
0.184365 -1.271137 0.058362 0.000000
0.451999 -0.233406 0.095958 0.000000
0.129514 -0.554208 0.029956 0.000000
0.038266 -0.804466 0.014279 0.000000
0.423430 -0.139426 -0.114743 0.000000
0.270860 -0.332387 0.024095 0.000000
0.332143 0.368111 0.058434 0.000000
0.072833 -0.032841 -0.075992 0.000000
0.159307 -0.191670 -0.106232 0.000000
0.319848 0.175147 0.044700 0.000000
0.235469 -0.335596 0.032515 0.000000
-0.030882 -0.935981 0.006093 0.000000
0.176914 -1.197106 0.042721 0.000000
0.235348 0.008665 -0.031610 0.000000
0.262255 -0.386719 0.017037 0.000000
0.362834 0.039952 -0.030467 0.000000
0.346390 -0.082635 0.020655 0.000000
0.336936 0.315008 0.053727 0.000000
0.081038 -0.652465 0.024558 0.000000
0.259484 -0.292027 0.028804 0.000000
0.446528 -0.215381 0.095754 0.000000
0.241815 0.039188 -0.029142 0.000000
0.167742 -1.221399 0.032519 0.000000
0.337448 0.421139 0.057003 0.000000
-0.069702 -1.027896 -0.017231 0.000000
0.115938 -0.589484 0.031294 0.000000
0.136984 -1.182405 0.048153 0.000000
0.080898 -0.276510 -0.214127 0.000000
0.116721 -0.256451 -0.179872 0.000000
0.183488 -1.086622 0.032804 0.000000
0.196061 -1.042494 0.032405 0.000000
0.224714 -0.908096 -0.001859 1.000000
0.391043 0.297739 0.068160 0.000000
0.506957 0.059410 0.196155 0.000000
0.174513 -1.322016 -0.342081 1.000000
0.184078 -1.196131 -0.240021 1.000000
0.226259 -0.813937 0.013261 0.000000
0.206226 -1.115911 -0.165621 1.000000
-0.092036 -1.086889 -0.035565 0.000000
0.134717 0.042775 -0.046731 0.000000
0.210073 -1.078804 -0.144818 1.000000
0.223519 -0.928601 -0.014276 1.000000
0.320373 0.065273 0.044316 0.000000
0.294624 0.275788 0.034006 0.000000
0.392422 0.194772 0.010679 0.000000
0.266653 -0.419530 0.023904 0.000000
0.465043 -0.280100 0.106452 0.000000
0.338407 0.413639 0.051620 0.000000
0.411027 0.093555 -0.003077 0.000000
0.269882 0.234662 0.017421 0.000000
0.607207 -0.043747 -0.054247 0.000000
0.366601 0.052171 -0.023133 0.000000
0.112625 -0.604139 0.031561 0.000000
0.288126 -0.204126 0.027365 0.000000
0.346047 0.488142 0.056829 0.000000
0.329107 0.095283 0.044619 0.000000
0.388209 0.490592 0.049789 0.000000
0.357952 0.020116 0.076000 0.000000
0.191251 -1.252994 -0.274229 1.000000
0.386483 0.453182 0.045616 0.000000
0.573487 -0.016834 -0.032980 0.000000
0.188104 -1.049068 0.029149 0.000000
0.038996 -0.103048 -0.112146 0.000000
0.168019 -1.173342 0.042924 0.000000
0.420048 0.247674 0.077494 0.000000
0.463088 0.149156 0.006036 0.000000
0.141574 -1.203634 0.044983 0.000000
0.011174 -0.304457 -0.250701 0.000000
0.393837 0.424156 0.043403 0.000000
-0.041711 -0.961767 0.005255 0.000000
0.191791 -1.003091 -0.067046 1.000000
0.248073 0.040198 -0.023119 0.000000
0.351419 -0.105811 0.013409 0.000000
0.128981 0.034460 -0.047861 0.000000
0.189778 -1.194034 0.051996 0.000000
0.191948 -1.140694 0.026904 0.000000
0.225479 -0.950691 -0.030454 1.000000
0.197914 -1.073923 0.029524 0.000000
0.343101 0.348511 0.021830 0.000000
0.174745 -0.135815 -0.079846 0.000000
0.220489 0.162773 -0.014882 0.000000
0.410082 -0.082140 -0.082759 0.000000
0.344102 0.427788 0.059717 0.000000
0.197130 -1.092986 -0.137664 1.000000
0.162979 -1.213621 0.047319 0.000000
0.235784 -0.732256 0.010654 0.000000
0.165439 -1.217225 0.055691 0.000000
0.271135 -0.445931 0.021484 0.000000
0.637590 -0.487003 0.150606 0.000000
0.347685 0.343445 0.025346 0.000000
0.114711 0.016445 -0.054736 0.000000
0.107523 -0.594588 0.028508 0.000000
0.470715 0.132691 0.003105 0.000000
0.437510 0.226709 0.094339 0.000000
0.188903 -1.042094 0.015614 0.000000
0.118092 -1.278662 0.064688 0.000000
0.114705 -0.578454 0.028276 0.000000
0.165304 -1.257114 0.034701 0.000000
0.023390 -0.824447 0.018760 0.000000
0.372331 0.334249 0.048943 0.000000
0.212351 0.147728 -0.004741 0.000000
0.500110 -0.355587 0.114512 0.000000
0.249878 -0.561129 0.021332 0.000000
0.506491 -0.099176 -0.034697 0.000000
0.313690 0.180701 -0.004291 0.000000
0.290766 0.270221 0.034818 0.000000
0.262046 -0.480983 0.024484 0.000000
0.097912 -0.638029 0.031254 0.000000
0.200486 -1.141858 -0.187473 1.000000
0.353190 0.073508 -0.007406 0.000000
0.327363 0.210928 0.050214 0.000000
0.197901 -0.984390 -0.049444 1.000000
0.173640 -1.279177 -0.306127 1.000000
0.243725 -0.633438 0.020102 0.000000
0.352492 -0.092955 0.022275 0.000000
0.191802 -1.115756 0.023369 0.000000
0.181017 -1.172298 0.033119 0.000000
0.148859 0.062216 -0.039221 0.000000
0.236820 -0.327937 0.016914 0.000000
0.237404 -0.715986 0.021326 0.000000
0.215396 -0.971133 -0.043877 1.000000
0.171362 -1.356663 -0.371727 1.000000
0.415394 -0.105834 -0.095480 0.000000
0.308976 0.046672 0.038531 0.000000
0.393997 0.168890 0.006396 0.000000
0.171613 -1.179150 0.029750 0.000000
0.202831 -1.120161 -0.160422 1.000000
0.218554 -0.368322 0.039650 0.000000
0.235120 -0.743783 0.017400 0.000000
0.278682 -0.238220 0.025281 0.000000
0.454654 0.178346 0.020937 0.000000
0.333185 0.342594 0.052825 0.000000
0.187345 -1.187201 0.059143 0.000000
0.325484 0.089605 0.055355 0.000000
0.295095 -0.084469 0.038002 0.000000
0.363264 -0.004474 0.070548 0.000000
0.200324 -1.188158 -0.219308 1.000000
0.195333 -1.051690 0.034460 0.000000
0.197717 -1.157558 -0.194696 1.000000
0.402979 -0.076611 -0.082705 0.000000
0.298993 -0.108587 0.042975 0.000000
0.299831 -0.070691 0.031020 0.000000
-0.040113 -0.967642 -0.005152 0.000000
0.326887 0.068360 -0.011309 0.000000
0.255491 -0.468342 0.013460 0.000000
0.264681 -0.274790 0.022632 0.000000
0.172568 -1.057714 0.035108 0.000000
0.212863 -0.897377 0.007889 0.000000
0.186442 0.117711 -0.028495 0.000000
0.223119 -0.864052 0.013286 0.000000
0.221535 -0.881223 0.012597 0.000000
0.264426 -0.510536 0.013607 0.000000
0.163347 -0.201512 -0.123431 0.000000
0.527067 0.027244 0.229536 0.000000
0.184041 -1.198686 0.023318 0.000000
0.225025 -0.973495 -0.049600 1.000000
0.232503 -0.709151 0.017698 0.000000
0.572028 -0.185331 -0.102797 0.000000
0.333865 0.156973 0.005516 0.000000
0.203417 -1.136813 -0.171440 1.000000
0.285419 -0.169574 0.030529 0.000000
0.352253 0.422900 0.040662 0.000000
0.411657 -0.128867 0.088360 0.000000
0.371321 -0.034348 0.060870 0.000000
0.236944 0.027880 -0.032234 0.000000
0.183915 -1.216145 0.036368 0.000000
0.231222 -0.894617 0.007312 0.000000
0.144661 -1.190682 0.053649 0.000000
0.467372 -0.305770 0.118926 0.000000
0.229048 -0.842078 0.011712 0.000000
0.241590 -0.659294 0.024320 0.000000
0.323947 0.099941 0.051811 0.000000
0.180921 -1.308218 0.066294 0.000000
0.204803 -1.053374 0.021686 0.000000
0.234596 -0.760343 0.010688 0.000000
0.164776 -1.101266 0.039438 0.000000
0.400618 0.282210 0.068215 0.000000
0.240602 -0.712950 0.017014 0.000000
0.149895 0.068757 -0.041455 0.000000
0.194154 -1.077507 0.026348 0.000000
0.727483 -0.149258 -0.080298 0.000000
0.325346 0.199361 0.051022 0.000000
0.157990 -0.207172 -0.125955 0.000000
0.330678 -0.077588 0.002240 0.000000
0.087014 -1.354265 0.086833 0.000000
0.132198 -1.231484 0.036140 0.000000
0.437037 0.210282 0.083218 0.000000
0.072591 -0.679225 0.028291 0.000000
0.394378 0.342711 0.035672 0.000000
0.167069 -1.092470 0.029050 0.000000
0.405323 -0.145845 0.079543 0.000000
0.195941 -1.222070 -0.233800 1.000000
0.298209 -0.077460 0.035198 0.000000
0.200931 -1.003614 -0.069310 1.000000
0.435587 0.022667 -0.020306 0.000000
0.663875 -0.113183 -0.066602 0.000000
0.331549 0.076143 -0.009033 0.000000
-0.021292 -0.928732 -0.001049 0.000000
0.389776 0.410835 0.043351 0.000000
0.457090 -0.267844 0.110050 0.000000
0.394971 0.179822 0.011984 0.000000
0.318433 0.026629 0.045543 0.000000
0.460092 -0.199606 -0.145704 0.000000
0.151223 -1.224191 0.047797 0.000000
0.459052 -0.243580 0.101429 0.000000
-0.053063 -0.995876 -0.008803 0.000000
0.338911 0.351475 0.061658 0.000000
0.084416 -0.687270 0.028708 0.000000
0.431948 0.208102 0.091856 0.000000
0.231974 -0.923208 -0.010342 1.000000
0.233135 -0.676039 0.009777 0.000000
0.182750 -1.278736 -0.304730 1.000000
0.334947 0.377304 0.051242 0.000000
0.132481 -1.194363 0.069657 0.000000
0.170209 -0.457306 0.026325 0.000000
0.334990 0.443966 0.059449 0.000000
0.606296 -0.054253 -0.048195 0.000000
0.227692 -0.940852 -0.021787 1.000000
0.327348 0.044715 -0.007952 0.000000
0.326394 0.053050 0.001595 0.000000
0.325660 0.058782 0.000044 0.000000
0.439844 0.204132 0.015711 0.000000
0.416562 0.085709 0.007525 0.000000
0.183858 -1.188118 0.050947 0.000000
0.260929 -0.516248 0.027188 0.000000
0.309119 0.078971 0.043727 0.000000
-0.039815 -0.961820 -0.007873 0.000000
0.071681 -0.718129 0.025151 0.000000
0.318749 0.144547 0.051881 0.000000
0.176489 -1.174136 0.029528 0.000000
0.297579 -0.115398 0.033144 0.000000
0.384649 0.311301 0.056191 0.000000
0.137295 -1.219340 0.044462 0.000000
0.345439 0.371184 0.024595 0.000000
0.428087 0.050813 0.001818 0.000000
0.318519 0.082549 0.051118 0.000000
0.157914 -1.099377 0.038147 0.000000
0.194713 -1.206619 -0.226019 1.000000
0.449077 -0.012754 -0.018319 0.000000
0.335162 0.346306 0.061850 0.000000
0.140942 0.036485 -0.038594 0.000000
0.072711 -0.643736 0.028306 0.000000
0.357932 -0.105972 0.019246 0.000000
0.328975 0.316503 0.054348 0.000000
0.296388 -0.149499 0.035656 0.000000
0.233165 -0.768033 0.018503 0.000000
0.445626 -0.250687 0.102875 0.000000
0.334079 0.369147 0.049448 0.000000
0.146465 -1.166903 0.047407 0.000000
0.514346 0.052027 0.209900 0.000000
-0.059771 -1.018962 -0.021846 0.000000
0.136924 -0.239278 -0.153422 0.000000
0.177880 -1.190305 0.043627 0.000000
0.209047 -1.037671 0.024729 0.000000
0.512880 0.044421 0.206822 0.000000
0.437619 0.214985 0.090944 0.000000
0.392101 0.228847 0.012800 0.000000
0.190134 -0.413449 0.025073 0.000000
0.310341 0.033349 0.041547 0.000000
0.293578 0.270365 0.017495 0.000000
0.332395 0.092376 -0.004012 0.000000
0.482391 -0.253539 -0.150155 0.000000
0.006095 -0.856137 0.018863 0.000000
0.389493 0.303839 0.055920 0.000000
0.461985 0.157861 0.012493 0.000000
0.396757 0.404125 0.044367 0.000000
0.192014 -1.119163 0.046936 0.000000
0.351520 0.473490 0.043878 0.000000
0.168710 -1.311591 0.037411 0.000000
0.337555 0.110573 -0.000579 0.000000
0.068116 -0.283749 -0.218321 0.000000
0.234832 -0.011748 -0.037013 0.000000
0.344200 0.366025 0.028325 0.000000
-0.045486 -0.980165 -0.014965 0.000000
0.424603 -0.183969 0.088798 0.000000
0.349189 0.032161 0.053956 0.000000
0.413177 0.100290 -0.011193 0.000000
0.266526 -0.496591 0.017580 0.000000
0.048773 -0.702694 0.029587 0.000000
0.189925 -1.175085 -0.203132 1.000000
0.318521 0.124541 0.043997 0.000000
0.450811 -0.217495 0.100642 0.000000
0.109300 -1.300131 0.044444 0.000000
0.138854 -1.156920 0.043948 0.000000
0.396122 0.278239 0.018171 0.000000
0.204954 -1.079172 -0.134242 1.000000
-0.074869 -1.048358 -0.030243 0.000000
0.171695 -0.154570 -0.091136 0.000000
0.208271 -0.889336 0.013798 0.000000
0.250660 -0.568263 0.021019 0.000000
0.212933 -0.983072 0.020707 0.000000
0.533091 -0.412029 0.132031 0.000000
0.278190 0.102668 -0.001182 0.000000
0.185746 -1.138478 0.026141 0.000000
0.336248 0.364171 0.059694 0.000000
0.022036 -0.296126 -0.250817 0.000000
0.626585 -0.073145 -0.058192 0.000000
0.172772 -1.235720 0.032835 0.000000
0.282084 -0.262146 0.020850 0.000000
0.216251 -0.943505 0.021448 0.000000
0.171090 -1.174317 0.033859 0.000000
0.190914 -1.263697 -0.273592 1.000000
0.317359 0.040261 0.037190 0.000000
0.250999 -0.621322 0.011368 0.000000
0.522363 0.037889 0.220443 0.000000
0.462908 -0.206804 -0.147651 0.000000
0.721487 -0.149614 -0.080574 0.000000
0.209136 -1.031235 0.034317 0.000000
0.208461 0.145454 -0.013368 0.000000
0.449914 -0.208312 0.094145 0.000000
0.183822 -1.106619 0.041185 0.000000
0.228379 -0.786920 0.006473 0.000000
0.188862 -1.146487 0.034314 0.000000
0.319889 0.184401 -0.000558 0.000000
0.232973 -0.952049 -0.036152 1.000000
0.126280 -1.198101 0.038023 0.000000
0.424698 0.060249 -0.010946 0.000000
0.303707 0.007400 0.039587 0.000000
0.262845 -0.474730 0.014850 0.000000
0.188188 -1.008476 0.018202 0.000000
-0.100792 -1.117759 -0.034839 0.000000
0.347311 0.408330 0.029351 0.000000
0.178327 -1.251522 0.056889 0.000000
0.148052 -1.232572 0.050271 0.000000
0.324624 0.152807 0.050087 0.000000
0.255503 -0.298687 0.020703 0.000000
0.196431 -1.212367 -0.240683 1.000000
0.188971 -1.149370 0.042375 0.000000
0.233467 -0.714926 0.010709 0.000000
0.390779 -0.009817 -0.046546 0.000000
0.242800 -0.629201 0.010223 0.000000
0.059496 -0.739574 0.024062 0.000000
0.446325 -0.198589 0.097380 0.000000
0.492198 -0.089187 -0.032113 0.000000
0.189022 -1.193105 0.023779 0.000000
0.311396 0.010387 0.045888 0.000000
0.173480 -1.219853 0.037476 0.000000
0.696164 -0.134544 -0.071893 0.000000
0.132696 0.026224 -0.045962 0.000000
0.273357 -0.396628 0.023677 0.000000
0.254572 -0.301071 0.029859 0.000000
0.243317 -0.318782 0.008344 0.000000
0.426968 0.048126 -0.013823 0.000000
0.413828 -0.160350 0.086306 0.000000
0.196942 -1.002272 -0.064525 1.000000
0.104687 -1.295976 0.039617 0.000000
0.280780 -0.252206 0.032915 0.000000
0.034412 -0.793504 0.014799 0.000000
0.383080 0.463852 0.043384 0.000000
0.110383 0.008725 -0.057113 0.000000
0.182760 -1.124850 0.044764 0.000000
0.219874 -0.869171 0.011677 0.000000
0.412466 -0.138910 0.086864 0.000000
0.417456 0.089049 -0.012393 0.000000
0.518951 -0.117779 -0.046449 0.000000
0.195628 -1.200057 -0.241385 1.000000
-0.027849 -0.937487 0.001402 0.000000
0.144232 -1.199904 0.056140 0.000000
0.212970 -0.944653 -0.022137 1.000000
0.334695 0.278421 0.017132 0.000000
0.081031 -1.353122 0.081054 0.000000
0.263242 -0.546620 0.011967 0.000000
0.223370 -0.870817 0.006821 0.000000
0.377694 0.010820 -0.038283 0.000000
0.101983 -0.604248 0.023736 0.000000
-0.084992 -1.075567 -0.032304 0.000000
0.265485 -0.284188 0.018179 0.000000
0.323263 0.097795 0.042069 0.000000
0.406406 -0.119660 0.084741 0.000000
0.351965 0.025912 0.060324 0.000000
0.172814 -1.205379 0.044651 0.000000
0.391343 0.338287 0.030519 0.000000
0.660301 -0.501983 0.158773 0.000000
0.191285 -1.040390 0.026140 0.000000
0.124037 -1.190959 0.033660 0.000000
0.039520 -0.772706 0.022223 0.000000
0.421800 0.241108 0.076700 0.000000
0.260829 -0.282085 0.021161 0.000000
0.347055 0.443738 0.039147 0.000000
0.356087 0.418725 0.031484 0.000000
-0.022394 -0.911656 0.006696 0.000000
0.044993 -0.095412 -0.101946 0.000000
0.423588 -0.161862 0.089153 0.000000
0.137061 -1.162796 0.064804 0.000000
0.339378 0.242790 0.013554 0.000000
0.187084 -1.113154 0.044212 0.000000
0.164097 -1.209947 0.055554 0.000000
0.256337 -0.556765 0.012909 0.000000
0.561235 0.011353 -0.017175 0.000000
-0.090769 -1.093593 -0.023442 0.000000
0.213058 -1.040687 -0.103824 1.000000
0.148675 -0.528109 0.036141 0.000000
0.445995 -0.176447 -0.136102 0.000000
0.396504 0.157808 0.011121 0.000000
0.425447 -0.178928 0.091498 0.000000
0.081353 -0.045593 -0.079229 0.000000
-0.080183 -1.065526 -0.031966 0.000000
0.451598 -0.188099 -0.135183 0.000000
0.395449 0.313625 0.028728 0.000000
0.219996 -0.950445 0.021239 0.000000
0.259683 -0.506098 0.022527 0.000000
0.651514 -0.103060 -0.056006 0.000000
0.192847 -1.017202 0.017451 0.000000
0.478649 -0.292075 0.100388 0.000000
0.313729 0.127667 0.044572 0.000000
0.126913 -0.546821 0.028070 0.000000
0.406198 0.130218 -0.001376 0.000000
0.229469 -0.771820 0.013066 0.000000
0.559253 -0.436505 0.127808 0.000000
0.238221 -0.669099 0.008720 0.000000
0.176076 -1.193743 0.036752 0.000000
0.250901 -0.589401 0.016498 0.000000
0.195379 -0.419087 0.026769 0.000000
0.491732 -0.318668 0.098405 0.000000
0.121481 -0.557757 0.027965 0.000000
0.186867 -1.205906 0.060320 0.000000
0.127152 -0.562636 0.026485 0.000000
0.324138 0.011444 0.009060 0.000000
0.177043 -0.156701 -0.087501 0.000000
0.012016 -0.827386 0.020589 0.000000
0.324914 0.034164 0.004368 0.000000
0.390005 0.278800 0.026413 0.000000
0.045214 -0.755850 0.024472 0.000000
