0.093006 -0.016450 -0.067505 0.000000
0.157319 -1.380841 -0.393540 1.000000
0.691646 -0.528767 0.167688 0.000000
0.027731 -0.791350 0.023097 0.000000
0.383475 0.505266 0.049374 0.000000
0.530669 0.022969 0.233089 0.000000
0.081510 -1.353968 0.087382 0.000000
0.489517 -0.256129 -0.157714 0.000000
0.192709 -0.430510 0.041322 0.000000
0.208735 -1.083875 -0.148810 1.000000
0.009365 -0.302828 -0.256211 0.000000
-0.100692 -1.103608 -0.030006 0.000000
0.340232 0.183865 0.006938 0.000000
0.779971 -0.176566 -0.105338 0.000000
0.485560 -0.339076 0.121166 0.000000
0.351394 -0.093806 0.020390 0.000000
0.589088 -0.017987 -0.038842 0.000000
0.245508 -0.670466 0.008907 0.000000
0.234510 -0.904575 0.000369 1.000000
0.149290 -1.145709 0.054075 0.000000
0.154890 -0.211616 -0.127897 0.000000
0.191158 -1.238524 -0.267570 1.000000
0.283705 -0.268869 0.019207 0.000000
0.470139 0.151488 0.124331 0.000000
0.092516 -0.591975 0.027852 0.000000
0.249172 0.041003 -0.021556 0.000000
-0.026467 -0.950921 -0.007579 0.000000
0.332285 0.344392 0.057274 0.000000
0.432848 0.048344 0.003482 0.000000
0.009806 -0.142879 -0.134397 0.000000
0.443605 -0.193656 0.093228 0.000000
0.425499 -0.124216 -0.110331 0.000000
0.576641 -0.450318 0.127093 0.000000
0.209322 -0.093412 -0.062807 0.000000
0.557977 -0.163549 -0.079819 0.000000
0.178555 -1.274483 0.017064 0.000000
0.262398 -0.538963 0.010947 0.000000
0.207335 -1.033342 0.015850 0.000000
0.214206 0.162563 -0.004661 0.000000
0.675804 -0.118613 -0.062484 0.000000
0.417081 0.254512 0.077753 0.000000
0.478934 -0.062867 -0.020251 0.000000
0.328235 0.076487 0.059906 0.000000
0.234618 -0.787911 0.019332 0.000000
0.457069 0.168826 0.006235 0.000000
0.095155 -0.270357 -0.197436 0.000000
0.151510 0.081313 -0.046472 0.000000
0.384697 -0.025296 -0.059440 0.000000
0.084258 -0.699194 0.028397 0.000000
0.222844 -1.006325 -0.081688 1.000000
0.269891 -0.369403 0.016927 0.000000
0.285419 -0.169574 0.030529 0.000000
0.367602 -0.012325 0.076388 0.000000
0.280906 0.258263 0.031417 0.000000
0.530500 0.054583 -0.005149 0.000000
0.153131 -0.518581 0.037363 0.000000
0.193345 -1.169252 -0.203050 1.000000
0.114808 -1.239570 0.075936 0.000000
0.397390 0.413059 0.043332 0.000000
0.409688 -0.108088 0.089363 0.000000
0.165930 -1.315041 -0.331959 1.000000
0.496114 0.081831 0.175235 0.000000
0.326298 0.005071 0.000278 0.000000
-0.061780 -1.026901 -0.027102 0.000000
0.001083 -0.871738 0.010422 0.000000
0.266964 -0.455501 0.011230 0.000000
0.349457 0.082708 -0.019950 0.000000
0.051757 -0.081375 -0.098030 0.000000
0.284153 0.124714 0.000256 0.000000
0.401648 0.312837 0.025739 0.000000
0.449652 -0.270496 0.107316 0.000000
0.171120 -1.335895 0.064289 0.000000
0.450630 -0.191042 -0.140799 0.000000
0.108046 -1.303977 0.035755 0.000000
0.186250 -1.211791 0.059494 0.000000
0.399085 0.231047 0.008179 0.000000
0.202917 -1.107513 0.020609 0.000000
0.219646 -0.023202 -0.042169 0.000000
0.636485 -0.482258 0.154374 0.000000
0.174350 -0.150955 -0.090860 0.000000
0.528295 -0.397325 0.113890 0.000000
0.336145 0.451172 0.057874 0.000000
0.412507 0.115562 -0.010232 0.000000
0.511176 -0.120506 -0.047241 0.000000
0.296882 -0.048419 0.036539 0.000000
0.195039 -0.966537 -0.030982 1.000000
0.580669 -0.207976 -0.127547 0.000000
0.495108 0.111630 0.011107 0.000000
0.623992 -0.074932 -0.054516 0.000000
0.338024 0.291453 0.015667 0.000000
0.246169 -0.604678 0.018835 0.000000
0.319259 0.140571 0.052596 0.000000
0.205903 -0.371105 0.015472 0.000000
0.324635 0.220119 0.057421 0.000000
0.726685 -0.151838 -0.082149 0.000000
0.118103 -1.194580 0.030491 0.000000
0.447257 0.203453 0.098701 0.000000
0.377462 0.027562 -0.027439 0.000000
0.241290 -0.314576 0.011776 0.000000
0.449231 -0.008672 -0.014981 0.000000
0.216603 -0.846560 0.012893 0.000000
0.252598 0.208739 0.008469 0.000000
0.216918 -0.972208 0.026053 0.000000
0.294094 -0.109568 0.034568 0.000000
0.236722 -0.727325 0.024891 0.000000
0.129079 0.026160 -0.047222 0.000000
0.402988 -0.076638 -0.082823 0.000000
0.397569 0.169544 0.010611 0.000000
0.376082 -0.138359 -0.005219 0.000000
0.346159 0.393338 0.029124 0.000000
0.187834 0.113921 -0.018266 0.000000
0.043910 -0.738179 0.028583 0.000000
0.381288 -0.065516 0.067879 0.000000
0.104638 -0.647957 0.034247 0.000000
0.194815 -1.050113 -0.107597 1.000000
0.186251 -1.170646 0.022299 0.000000
0.054910 -0.288005 -0.229803 0.000000
0.153654 -0.467015 0.020226 0.000000
0.307725 0.028893 0.044805 0.000000
0.128914 -0.246604 -0.163186 0.000000
0.340674 0.238650 0.008704 0.000000
0.166017 -1.061494 0.034368 0.000000
0.336884 0.130217 0.002920 0.000000
0.192648 -1.130529 -0.166784 1.000000
0.188319 -1.277314 -0.303091 1.000000
0.393224 0.362477 0.036011 0.000000
0.407679 -0.158888 0.082187 0.000000
0.288286 -0.219976 0.032807 0.000000
0.438990 0.209659 0.030168 0.000000
0.551834 0.012153 -0.023501 0.000000
0.150776 -1.107149 0.021017 0.000000
0.135164 -0.564656 0.037837 0.000000
0.150510 -1.290332 0.055949 0.000000
0.329055 -0.052192 -0.000017 0.000000
0.257551 0.088521 -0.017555 0.000000
0.237999 -0.945440 -0.028246 1.000000
0.190208 -1.200069 -0.239503 1.000000
0.349105 0.031202 0.071254 0.000000
0.307098 0.302374 0.049981 0.000000
0.386173 0.459009 0.044089 0.000000
0.137158 -1.192504 0.072827 0.000000
0.391043 0.297739 0.068160 0.000000
-0.049969 -0.990078 -0.000606 0.000000
0.328012 0.052093 0.007089 0.000000
0.186297 -1.258028 0.059320 0.000000
0.414236 0.270124 0.034399 0.000000
0.268013 -0.413438 0.027298 0.000000
-0.080621 -1.065973 -0.015514 0.000000
-0.023649 -0.909771 0.010073 0.000000
0.511295 0.050696 0.203630 0.000000
0.329988 0.264480 0.053549 0.000000
0.121889 -1.241785 0.032243 0.000000
0.029593 -0.831154 0.005786 0.000000
0.302880 0.163606 -0.003558 0.000000
0.253564 -0.496594 0.012699 0.000000
0.483457 -0.301719 0.100492 0.000000
0.063802 -0.659135 0.029474 0.000000
0.078949 -0.053851 -0.081237 0.000000
0.034126 -0.116954 -0.111959 0.000000
0.096478 -1.314916 0.083549 0.000000
0.232782 -0.344007 0.040302 0.000000
0.160127 -1.351145 -0.351780 1.000000
0.334569 0.410132 0.065284 0.000000
0.322011 0.181362 0.043844 0.000000
0.091669 -1.341077 0.034892 0.000000
0.314129 -0.010488 0.038415 0.000000
0.342926 0.331239 0.020154 0.000000
0.203490 -1.073464 0.042963 0.000000
0.348106 0.489146 0.062414 0.000000
0.174958 -1.231697 0.026617 0.000000
0.190348 -1.137270 0.043877 0.000000
0.439307 -0.232784 0.099153 0.000000
0.546664 -0.425179 0.134569 0.000000
0.277718 -0.308277 0.024833 0.000000
0.225383 -0.974752 -0.054031 1.000000
0.435151 -0.160171 -0.121875 0.000000
0.472806 -0.221306 -0.150393 0.000000
0.216346 -0.933241 0.018687 0.000000
0.416908 0.077821 -0.015766 0.000000
0.184806 -1.004746 0.027136 0.000000
0.152366 -1.180512 0.039190 0.000000
0.371164 0.335219 0.049660 0.000000
0.168027 -1.314314 0.032992 0.000000
0.509489 -0.362599 0.105010 0.000000
0.473904 0.121344 0.145710 0.000000
0.163225 -0.182836 -0.106558 0.000000
0.231346 0.010757 -0.034310 0.000000
0.663306 -0.507258 0.158554 0.000000
0.500370 0.075509 -0.005096 0.000000
0.148422 -1.220495 0.049266 0.000000
0.352713 0.433485 0.030531 0.000000
0.607107 -0.463061 0.144928 0.000000
0.118136 -0.538621 0.019241 0.000000
0.498831 -0.091017 -0.030606 0.000000
0.326737 0.106019 0.039435 0.000000
0.191245 -1.005745 -0.064650 1.000000
0.117045 -1.279440 0.062510 0.000000
0.216000 -0.057917 -0.049800 0.000000
0.048773 -0.702694 0.029587 0.000000
0.122484 -0.609159 0.036348 0.000000
0.475177 0.141979 0.020834 0.000000
0.534907 -0.141780 -0.063840 0.000000
0.598566 -0.053252 -0.042786 0.000000
0.202992 -0.936102 -0.015287 1.000000
0.568701 -0.189591 -0.100296 0.000000
0.199991 -0.905196 0.004439 1.000000
0.645767 -0.101708 -0.056919 0.000000
0.435587 0.022667 -0.020306 0.000000
0.205656 -0.398970 0.035539 0.000000
0.250904 -0.570976 0.016115 0.000000
0.054406 -0.768572 0.017530 0.000000
0.081320 -0.624196 0.027716 0.000000
0.241314 -0.640645 0.024517 0.000000
0.225710 -0.756424 0.011413 0.000000
0.329520 0.378057 0.054082 0.000000
0.187450 -1.178378 0.057596 0.000000
0.271547 0.236153 0.008192 0.000000
0.427304 0.240787 0.025591 0.000000
0.169477 0.079120 -0.018935 0.000000
0.404776 0.199576 -0.000275 0.000000
0.357057 0.008950 0.048644 0.000000
0.307528 0.063575 0.038343 0.000000
0.365862 0.055012 -0.014731 0.000000
0.182437 -1.294569 0.059291 0.000000
0.387186 -0.038605 0.084887 0.000000
0.300036 -0.141074 0.026200 0.000000
0.262528 -0.338298 0.021560 0.000000
0.176869 -1.105299 0.039825 0.000000
0.305079 -0.079409 0.032501 0.000000
0.698835 -0.137666 -0.074304 0.000000
0.400956 -0.075694 0.091164 0.000000
0.189526 -1.203524 0.021708 0.000000
0.238289 0.183271 -0.009182 0.000000
0.429831 0.225567 0.083628 0.000000
0.352069 0.361962 0.028706 0.000000
0.392578 -0.095767 0.065467 0.000000
0.216627 -0.880039 0.014368 0.000000
0.387932 0.000428 -0.041116 0.000000
0.211631 -1.036729 -0.084258 1.000000
0.337969 0.304836 0.056051 0.000000
0.330483 -0.023543 0.014815 0.000000
0.752030 -0.166040 -0.094180 0.000000
0.230234 -0.818299 0.012046 0.000000
0.325439 0.211301 0.010894 0.000000
0.121630 -1.332332 0.033653 0.000000
0.231426 -0.700133 0.010522 0.000000
0.342808 0.051567 0.048100 0.000000
0.131984 -1.157693 0.031298 0.000000
0.459639 0.176780 0.109807 0.000000
0.468498 -0.242795 0.096655 0.000000
0.387718 0.261047 0.021266 0.000000
0.461264 -0.037477 -0.021246 0.000000
0.330106 0.092823 0.001978 0.000000
0.400537 0.138150 0.007160 0.000000
0.172504 -0.431679 0.018292 0.000000
0.163308 -0.489698 0.038578 0.000000
0.104639 0.010654 -0.059290 0.000000
0.429310 -0.140820 0.093783 0.000000
0.400253 -0.049923 -0.068587 0.000000
0.354394 0.469944 0.039861 0.000000
0.196719 -1.066389 0.014367 0.000000
0.004818 -0.839097 0.021137 0.000000
0.175129 -1.256995 -0.285311 1.000000
0.354481 -0.119754 0.005635 0.000000
0.505336 -0.381606 0.127806 0.000000
0.127007 -1.272015 0.035332 0.000000
0.301081 0.281373 0.029606 0.000000
0.205149 -1.141877 -0.191242 1.000000
0.416921 -0.098718 -0.096965 0.000000
0.255401 -0.294696 0.038834 0.000000
0.411923 0.092068 0.009562 0.000000
0.162987 -1.354637 -0.382103 1.000000
0.205596 0.132653 -0.004898 0.000000
0.320814 0.031144 -0.011460 0.000000
0.262880 -0.288034 0.010709 0.000000
0.219968 -0.369989 0.040511 0.000000
-0.110420 -1.129714 -0.035554 0.000000
0.140557 0.051693 -0.042586 0.000000
0.340794 -0.066840 0.021127 0.000000
0.177074 -1.046028 0.013466 0.000000
0.138825 -0.232310 -0.138393 0.000000
0.165304 -1.257114 0.034701 0.000000
0.089705 -0.671828 0.027623 0.000000
0.198630 -1.036244 0.042199 0.000000
0.402069 -0.131961 0.077109 0.000000
0.215310 -1.029773 -0.110921 1.000000
0.224551 -0.350785 0.012265 0.000000
0.175128 -0.455716 0.033707 0.000000
0.279756 -0.247224 0.036074 0.000000
0.141124 -0.496692 0.023624 0.000000
0.418115 -0.183589 0.090264 0.000000
0.334031 0.157639 0.001140 0.000000
0.195051 -1.088794 -0.125400 1.000000
0.503894 -0.278404 -0.150249 0.000000
0.171099 -1.156710 0.040905 0.000000
0.278159 0.096562 -0.001355 0.000000
0.323032 0.323151 0.042194 0.000000
0.075764 -0.280121 -0.213986 0.000000
0.110975 -0.571081 0.027158 0.000000
0.371321 -0.034348 0.060870 0.000000
0.032694 -0.295853 -0.244113 0.000000
0.391180 0.287864 0.028129 0.000000
0.211861 -1.005941 0.026095 0.000000
0.488549 0.103135 0.160603 0.000000
0.313260 0.187343 0.011798 0.000000
0.496214 -0.326845 0.099722 0.000000
0.169618 -1.085318 0.022826 0.000000
0.112393 -0.260392 -0.179720 0.000000
0.452641 0.187520 0.025084 0.000000
0.326500 0.070709 -0.012060 0.000000
0.201697 -0.985508 -0.049771 1.000000
0.292689 -0.194681 0.038662 0.000000
0.183112 -1.328513 -0.346600 1.000000
0.191744 -1.225093 -0.231912 1.000000
0.194315 -1.192766 -0.214729 1.000000
0.206714 0.148523 -0.025620 0.000000
0.201283 -1.147889 0.022676 0.000000
0.135736 -1.166977 0.067900 0.000000
0.533532 0.031012 -0.015703 0.000000
0.393225 0.336556 0.034491 0.000000
0.177266 -1.295383 -0.318086 1.000000
-0.004510 -0.894257 -0.001201 0.000000
0.186776 -0.407892 0.020137 0.000000
-0.031806 -0.935801 0.012771 0.000000
0.260381 -0.517424 0.026229 0.000000
0.165123 -1.200300 0.049627 0.000000
0.030979 -0.764898 0.027311 0.000000
0.386981 0.206096 0.016921 0.000000
-0.090215 -1.080997 -0.035714 0.000000
0.392643 0.388449 0.038592 0.000000
-0.061384 -1.018843 -0.002924 0.000000
0.231623 -0.926169 -0.012958 1.000000
0.139810 -0.539795 0.033456 0.000000
0.462110 -0.292123 0.111731 0.000000
0.477296 -0.277494 0.096300 0.000000
0.065221 -0.721441 0.025383 0.000000
0.174514 -1.236005 0.055837 0.000000
0.572096 -0.001646 -0.030141 0.000000
0.270907 -0.393826 0.011665 0.000000
0.192702 -1.020096 -0.084997 1.000000
0.340533 0.266665 0.015617 0.000000
0.473849 0.126141 0.001687 0.000000
0.263858 -0.475382 0.025646 0.000000
0.258940 0.062290 -0.013714 0.000000
0.168551 0.096236 -0.036936 0.000000
0.334218 -0.084477 0.005505 0.000000
0.121374 -1.252212 0.054223 0.000000
0.387554 0.318161 0.055219 0.000000
0.064451 -0.683412 0.029319 0.000000
0.195928 -1.265324 -0.276062 1.000000
0.386173 0.434838 0.042994 0.000000
0.236967 0.191328 0.014588 0.000000
0.360143 0.043612 -0.035236 0.000000
-0.043176 -0.966766 -0.000779 0.000000
0.239691 -0.014793 -0.032018 0.000000
0.243069 -0.323253 0.034255 0.000000
0.185449 -1.130308 0.019459 0.000000
0.204139 -1.118565 -0.186294 1.000000
0.313230 0.086812 0.043594 0.000000
0.266454 -0.440630 0.029765 0.000000
0.200724 -1.098441 0.042464 0.000000
0.138044 -1.198848 0.044017 0.000000
0.358237 0.009308 0.073600 0.000000
0.065045 -0.747865 0.023880 0.000000
0.291942 0.143651 -0.011716 0.000000
-0.074869 -1.048358 -0.030243 0.000000
0.185830 -0.132451 -0.081641 0.000000
0.331619 0.239137 0.045477 0.000000
0.260949 0.226369 0.026766 0.000000
-0.056652 -1.003239 -0.019829 0.000000
0.403540 0.277980 0.066765 0.000000
0.433955 -0.163632 0.091797 0.000000
0.192315 -0.107413 -0.070557 0.000000
0.382957 0.482355 0.044969 0.000000
0.172512 -1.288145 0.034951 0.000000
0.173137 -1.187749 0.031124 0.000000
0.495379 -0.360697 0.125863 0.000000
0.308655 -0.030975 0.047826 0.000000
0.018015 -0.816894 0.019886 0.000000
0.429563 -0.211957 0.094837 0.000000
0.217430 -0.955211 -0.031423 1.000000
0.406401 0.156132 -0.005897 0.000000
0.323613 0.027112 0.010857 0.000000
0.061377 -0.060523 -0.094154 0.000000
0.197366 -0.074533 -0.058659 0.000000
0.246440 -0.624276 0.007389 0.000000
0.500215 0.066415 0.191269 0.000000
0.078829 -0.031818 -0.076063 0.000000
0.125303 -0.586844 0.034533 0.000000
0.207760 -1.052104 0.028283 0.000000
0.322203 0.162737 0.056418 0.000000
0.342793 0.427626 0.053847 0.000000
0.190086 -1.220181 -0.253763 1.000000
0.133963 -0.519955 0.024933 0.000000
0.517150 0.036458 0.219846 0.000000
0.082723 -0.646503 0.027971 0.000000
0.364414 -0.011823 0.052086 0.000000
0.468949 -0.312771 0.116450 0.000000
0.130292 -1.230591 0.057103 0.000000
0.018361 -0.850651 0.007996 0.000000
0.311394 0.116587 0.051275 0.000000
0.179620 -1.315885 0.067986 0.000000
0.272867 0.112127 -0.016006 0.000000
0.220155 -0.911882 0.015351 0.000000
0.245774 -0.547063 0.022581 0.000000
0.039260 -0.096009 -0.108324 0.000000
0.326725 0.286482 0.052509 0.000000
0.352477 0.411472 0.039415 0.000000
0.531129 -0.410217 0.132281 0.000000
0.179501 -0.168962 -0.103124 0.000000
0.270364 -0.279469 0.035994 0.000000
0.321719 0.097102 0.060470 0.000000
0.452448 -0.212642 0.097841 0.000000
0.178913 -1.044257 0.039915 0.000000
0.156926 0.066307 -0.032262 0.000000
0.198935 -1.084930 0.025534 0.000000
0.347805 0.311243 0.025762 0.000000
0.303756 0.008614 0.039655 0.000000
0.337089 0.087642 0.042132 0.000000
0.191889 -1.115803 0.050981 0.000000
0.479437 -0.080821 -0.031531 0.000000
0.171101 -1.081142 0.043553 0.000000
0.022606 -0.132267 -0.121294 0.000000
0.202098 -1.111894 -0.163829 1.000000
0.229612 -0.863417 0.014820 0.000000
0.172396 -1.126627 0.040824 0.000000
0.335674 0.058158 0.067167 0.000000
0.462101 0.148412 0.005197 0.000000
0.541120 -0.417993 0.115464 0.000000
-0.071643 -1.039309 -0.011541 0.000000
0.173079 -1.274169 0.057529 0.000000
0.213803 -0.918021 -0.005801 1.000000
0.423498 0.057981 -0.012453 0.000000
0.296227 0.147725 0.008255 0.000000
0.296024 -0.155043 0.040997 0.000000
0.519602 0.071943 0.001771 0.000000
0.174403 -1.219227 0.043164 0.000000
0.330446 -0.015053 -0.004077 0.000000
0.226867 0.171948 0.008736 0.000000
0.326114 0.200330 0.050879 0.000000
0.342025 0.394289 0.054425 0.000000
0.620731 -0.479600 0.141560 0.000000
0.441131 0.199265 0.012661 0.000000
0.195649 -1.014472 0.012762 0.000000
0.135702 -1.224146 0.033682 0.000000
0.233715 -0.959189 -0.043097 1.000000
0.234952 -0.736942 0.006981 0.000000
0.560170 -0.442279 0.136044 0.000000
-0.014447 -0.890283 0.016132 0.000000
0.342061 0.102123 -0.011610 0.000000
0.153785 -1.126491 0.049125 0.000000
0.249167 0.020741 -0.019877 0.000000
0.363848 0.353197 0.042678 0.000000
0.232855 -0.332523 0.015904 0.000000
0.186335 -1.068286 0.033520 0.000000
0.436735 -0.140091 -0.123684 0.000000
0.602293 -0.033646 -0.045892 0.000000
-0.041138 -0.981479 -0.016600 0.000000
0.346627 0.466507 0.065769 0.000000
0.314707 0.306089 0.031666 0.000000
0.342295 0.362655 0.051537 0.000000
0.445369 -0.172329 -0.135559 0.000000
0.158242 -1.094833 0.036386 0.000000
-0.022994 -0.931218 -0.006134 0.000000
0.217461 -0.953762 0.018206 0.000000
0.516937 -0.380110 0.111267 0.000000
0.302961 -0.093991 0.046058 0.000000
0.271184 -0.428359 0.014360 0.000000
0.613716 -0.048045 -0.054731 0.000000
0.499050 -0.345387 0.107865 0.000000
0.242459 -0.647972 0.005984 0.000000
0.443286 0.010120 -0.006840 0.000000
0.456825 -0.209904 -0.146887 0.000000
-0.001903 -0.857346 0.025499 0.000000
0.431769 0.223352 0.017038 0.000000
0.200561 -0.391964 0.017684 0.000000
0.162430 -1.330977 -0.343255 1.000000
0.204474 -0.987564 0.026794 0.000000
0.370994 0.014072 -0.040359 0.000000
0.182086 -1.030755 0.024934 0.000000
0.151433 -1.166755 0.055969 0.000000
0.152807 -0.198509 -0.112430 0.000000
0.237295 -0.768383 0.021922 0.000000
0.476818 -0.242515 -0.151338 0.000000
0.354138 0.450439 0.042393 0.000000
0.316228 0.046601 0.045726 0.000000
0.102346 -0.608916 0.029539 0.000000
0.440848 -0.253308 0.103887 0.000000
0.478561 0.136939 0.134781 0.000000
0.659467 -0.110083 -0.069037 0.000000
0.258652 -0.384130 0.023377 0.000000
0.589312 -0.455103 0.144087 0.000000
0.301345 -0.065708 0.045838 0.000000
0.108988 -0.008980 -0.059272 0.000000
0.285388 -0.238081 0.019848 0.000000
0.389416 -0.061274 0.085052 0.000000
0.206336 -1.073220 -0.128277 1.000000
0.521056 -0.391979 0.132546 0.000000
0.298392 -0.131061 0.042658 0.000000
0.045545 -0.785723 0.017387 0.000000
0.257747 -0.515188 0.007250 0.000000
0.153850 -1.155408 0.032405 0.000000
0.357679 0.489605 0.045720 0.000000
0.411543 0.285282 0.022882 0.000000
0.570890 -0.020692 -0.032367 0.000000
0.278384 -0.204130 0.028419 0.000000
0.404351 0.118866 0.006814 0.000000
0.409268 0.137484 -0.009902 0.000000
0.515757 -0.104248 -0.038207 0.000000
0.528292 -0.126005 -0.053768 0.000000
0.334984 -0.042019 0.016775 0.000000
0.680924 -0.511845 0.164248 0.000000
0.255207 -0.439982 0.014397 0.000000
0.343112 0.217600 0.007590 0.000000
0.288048 -0.186320 0.021843 0.000000
0.464997 -0.261674 0.100353 0.000000
0.428327 0.039289 -0.014638 0.000000
0.038266 -0.804466 0.014279 0.000000
0.237943 -0.682235 0.021732 0.000000
0.232070 -0.836793 0.017821 0.000000
0.211025 -0.971891 -0.040528 1.000000
0.500566 0.092820 0.002527 0.000000
0.419579 0.257502 0.021404 0.000000
0.241298 -0.661599 0.025034 0.000000
0.211618 -0.998831 -0.068499 1.000000
0.323250 0.049790 -0.013001 0.000000
0.272549 -0.323765 0.014935 0.000000
0.145725 -1.185303 0.057660 0.000000
-0.009209 -0.914017 -0.001268 0.000000
0.237001 0.028768 -0.031794 0.000000
0.415739 0.096563 -0.014891 0.000000
0.416007 0.073943 0.006783 0.000000
0.393714 0.187902 0.009911 0.000000
0.213951 -0.383181 0.027456 0.000000
0.216735 -1.048158 -0.114292 1.000000
0.171331 -0.472955 0.041021 0.000000
0.192541 -1.094596 -0.143010 1.000000
0.232068 -0.890453 0.015068 0.000000
0.292010 0.270315 0.017658 0.000000
0.651152 -0.493158 0.158639 0.000000
0.151934 -1.238762 0.049899 0.000000
0.221596 -0.939363 -0.021920 1.000000
0.279112 -0.290118 0.021207 0.000000
0.189527 -1.116457 0.032101 0.000000
0.201776 -1.020774 0.032444 0.000000
0.162309 -1.370887 -0.373175 1.000000
0.223664 -0.041237 -0.043842 0.000000
0.111123 0.027820 -0.056942 0.000000
0.437848 0.225569 0.100229 0.000000
0.182548 0.116189 -0.035748 0.000000
0.236427 -0.717256 0.006035 0.000000
0.638241 -0.086823 -0.049204 0.000000
0.334559 0.325051 0.056284 0.000000
0.261692 -0.478573 0.007756 0.000000
0.216648 -0.806153 0.013668 0.000000
0.254757 -0.588856 0.015659 0.000000
0.120386 -0.554517 0.027983 0.000000
0.210506 -1.018457 -0.088580 1.000000
0.164501 -0.447821 0.020912 0.000000
0.370158 0.438664 0.030372 0.000000
0.268325 -0.263197 0.028112 0.000000
0.352362 0.027258 0.053800 0.000000
0.215148 -0.075944 -0.055153 0.000000
0.190906 -1.151590 -0.185475 1.000000
-0.080287 -1.065831 -0.034485 0.000000
0.444782 0.182550 0.101105 0.000000
0.178193 0.098996 -0.021645 0.000000
0.172062 -1.174726 0.048828 0.000000
0.268268 0.079091 -0.006471 0.000000
0.411396 -0.140039 0.090240 0.000000
0.390289 0.243575 0.017529 0.000000
0.431152 0.209468 0.091408 0.000000
0.585867 -0.035599 -0.039021 0.000000
0.314233 0.154004 0.041887 0.000000
0.392110 0.300250 0.050474 0.000000
0.229044 -0.987303 -0.066230 1.000000
0.339783 0.349058 0.027488 0.000000
0.329081 0.073035 0.005415 0.000000
0.475944 -0.047320 -0.012158 0.000000
0.397586 -0.091243 0.081881 0.000000
0.376304 -0.049987 0.074872 0.000000
0.173662 -1.341378 -0.357754 1.000000
0.143898 -0.234173 -0.155258 0.000000
0.188650 -1.154978 0.039365 0.000000
0.251278 -0.301109 0.022909 0.000000
0.374233 -0.028760 0.078045 0.000000
0.576578 -0.197645 -0.113859 0.000000
0.202291 -1.203571 -0.226130 1.000000
0.463817 -0.054936 -0.024588 0.000000
0.339212 0.068705 0.046314 0.000000
0.153835 -0.484536 0.024041 0.000000
0.171010 -1.205100 0.033100 0.000000
0.181955 -0.439705 0.030888 0.000000
0.255603 -0.554767 0.007514 0.000000
0.065995 -0.700142 0.024511 0.000000
0.122409 0.010341 -0.050467 0.000000
0.095938 -0.633755 0.029054 0.000000
0.355471 0.078074 -0.004258 0.000000
0.313690 0.180701 -0.004291 0.000000
0.223910 -0.775929 0.012696 0.000000
0.328499 -0.033497 0.000702 0.000000
0.458417 -0.023092 -0.011864 0.000000
0.273485 -0.352407 0.017401 0.000000
0.186662 -1.189794 0.041843 0.000000
0.198018 -0.416393 0.030199 0.000000
0.236542 -0.032417 -0.036360 0.000000
0.243573 -0.702011 0.022700 0.000000
0.610463 -0.065101 -0.046938 0.000000
0.495695 -0.105913 -0.038721 0.000000
0.316471 0.129764 0.039444 0.000000
0.391565 -0.016127 -0.046566 0.000000
0.220801 -0.358256 0.027301 0.000000
0.188424 -1.048891 0.026055 0.000000
0.351929 0.377336 0.036291 0.000000
0.183488 -1.086622 0.032804 0.000000
0.168566 -1.171366 0.029144 0.000000
0.224060 0.172419 -0.014606 0.000000
0.045214 -0.755850 0.024472 0.000000
0.207766 -1.041332 -0.100772 1.000000
0.257524 -0.401698 0.020804 0.000000
0.325502 0.184066 0.060290 0.000000
0.398664 0.273226 0.016601 0.000000
0.483970 -0.322187 0.110549 0.000000
0.553387 -0.433338 0.121307 0.000000
0.274240 -0.230575 0.030186 0.000000
0.369416 -0.126246 0.010351 0.000000
0.413314 -0.114963 -0.100130 0.000000
0.192160 -0.089762 -0.063882 0.000000
0.203844 -1.059639 -0.118270 1.000000
0.009333 -0.883898 0.002117 0.000000
0.216702 -0.900836 0.003078 1.000000
0.336043 0.250087 0.020184 0.000000
0.398861 -0.109291 0.076508 0.000000
0.389148 -0.079666 0.072299 0.000000
0.253150 -0.619596 0.022024 0.000000
0.171733 -1.279407 -0.301908 1.000000
0.177295 -1.242778 -0.275899 1.000000
0.190513 -0.147293 -0.088821 0.000000
0.262433 0.223949 0.001416 0.000000
0.180921 -1.160437 0.053800 0.000000
0.574237 -0.445467 0.144271 0.000000
0.151492 -0.223269 -0.144153 0.000000
0.217400 -0.828550 0.013899 0.000000
0.187051 -1.180375 -0.222898 1.000000
0.173103 -1.298397 0.022009 0.000000
0.560493 -0.176193 -0.090139 0.000000
0.171156 -1.252234 0.056184 0.000000
0.311436 -0.046940 0.044186 0.000000
0.208283 -1.128345 -0.171590 1.000000
0.128104 0.044165 -0.050361 0.000000
0.266468 -0.458288 0.027482 0.000000
0.487724 0.103790 -0.001347 0.000000
0.300906 -0.095665 0.029007 0.000000
0.182132 -1.216800 0.027965 0.000000
0.334478 0.112114 -0.001040 0.000000
0.331621 -0.069632 -0.000957 0.000000
0.140007 -1.169745 0.039370 0.000000
0.319861 0.251642 0.053718 0.000000
0.236367 -0.749954 0.021968 0.000000
0.403890 -0.091096 -0.090352 0.000000
0.463829 0.158953 0.017530 0.000000
0.113580 -1.228092 0.035307 0.000000
0.256430 -0.421345 0.018985 0.000000
0.396812 -0.036171 -0.059820 0.000000
0.109085 -0.587195 0.027938 0.000000
0.213514 -1.038566 0.035154 0.000000
-0.087309 -1.080660 -0.019746 0.000000
0.266544 -0.490939 0.020574 0.000000
0.191759 -1.249683 -0.279246 1.000000
0.226930 -0.006316 -0.037148 0.000000
0.686327 -0.128322 -0.069892 0.000000
0.395622 -0.064463 -0.075247 0.000000
0.421746 0.239534 0.074139 0.000000
0.184747 -0.424206 0.025762 0.000000
0.404263 0.215571 0.000239 0.000000
0.182341 -0.446924 0.045172 0.000000
0.186911 -1.187024 0.023006 0.000000
0.764438 -0.172626 -0.101795 0.000000
0.423430 -0.139426 -0.114743 0.000000
0.321824 0.197620 0.003121 0.000000
0.176587 -1.154778 0.026064 0.000000
0.205425 -1.068341 0.027995 0.000000
0.402258 0.300529 0.035840 0.000000
0.455232 -0.232505 0.098689 0.000000
0.434257 -0.180784 0.092566 0.000000
0.252092 -0.527977 0.016101 0.000000
0.215988 -0.987294 -0.057130 1.000000
0.127237 -1.204802 0.070959 0.000000
0.290766 0.270221 0.034818 0.000000
0.460904 0.162323 0.116179 0.000000
0.204637 -1.013104 -0.074866 1.000000
0.427605 -0.196055 0.092614 0.000000
0.328853 0.361446 0.059801 0.000000
0.337661 0.201601 0.008366 0.000000
0.173720 -1.059979 0.020651 0.000000
0.205740 -0.891361 0.012627 0.000000
0.201610 -1.000011 0.014965 0.000000
0.185081 -1.196247 0.056955 0.000000
0.387063 0.226220 0.017170 0.000000
0.107762 -0.022787 -0.066792 0.000000
0.031439 -0.747756 0.029503 0.000000
0.282488 0.124405 -0.018077 0.000000
0.160596 -1.301727 0.038804 0.000000
0.140942 0.036485 -0.038594 0.000000
0.341667 -0.098042 0.008255 0.000000
0.368061 0.039085 -0.022360 0.000000
0.109488 -1.250463 0.036457 0.000000
0.326367 -0.004205 0.012951 0.000000
0.403176 0.181870 -0.001051 0.000000
0.212877 0.146374 -0.007000 0.000000
0.138506 -1.148656 0.043090 0.000000
0.251443 -0.467562 0.020170 0.000000
0.102024 -1.329972 0.038725 0.000000
0.740735 -0.157602 -0.087366 0.000000
0.380334 -0.053888 0.057451 0.000000
0.231238 -0.801459 0.010525 0.000000
0.187373 -1.102580 0.025260 0.000000
0.156964 -0.503373 0.034558 0.000000
0.145738 0.066964 -0.044516 0.000000
0.328616 0.017945 -0.008174 0.000000
0.173705 -1.244083 0.036156 0.000000
0.165439 -1.217225 0.055691 0.000000
0.276831 -0.252493 0.020755 0.000000
0.256087 -0.559629 0.025359 0.000000
0.414023 0.104093 0.000049 0.000000
0.017610 -0.832104 0.015947 0.000000
0.463890 -0.276296 0.105635 0.000000
0.162021 0.080778 -0.034186 0.000000
0.344497 0.168817 0.003251 0.000000
0.242973 -0.690050 0.008543 0.000000
0.330688 0.226955 0.007416 0.000000
0.713095 -0.145690 -0.078199 0.000000
0.300539 -0.017718 0.037603 0.000000
0.207651 -1.095265 -0.138510 1.000000
0.192603 0.126117 -0.026291 0.000000
0.566696 0.015614 -0.021841 0.000000
0.196414 -1.036140 -0.085919 1.000000
0.291496 -0.153604 0.024107 0.000000
0.206373 -0.949102 -0.022549 1.000000
0.361543 -0.002607 0.063904 0.000000
0.398957 0.154267 0.007288 0.000000
0.410778 -0.123001 0.086494 0.000000
0.333429 0.410558 0.050127 0.000000
0.301105 -0.064894 0.030385 0.000000
0.421923 -0.153116 0.088766 0.000000
0.346673 0.279256 0.021450 0.000000
0.159008 -1.167208 0.042832 0.000000
0.343849 0.044668 0.061566 0.000000
0.418156 0.086818 -0.003225 0.000000
0.175668 -1.267051 0.039546 0.000000
0.312654 0.101933 0.044055 0.000000
0.260119 -0.285889 0.025439 0.000000
0.074630 -0.670538 0.027547 0.000000
0.543188 0.040865 -0.009556 0.000000
0.057210 -0.733846 0.022237 0.000000
0.185516 -1.141431 0.029564 0.000000
0.080614 -0.684717 0.030008 0.000000
0.166928 -1.356322 -0.367716 1.000000
0.362886 -0.131867 -0.001901 0.000000
0.335469 0.250572 0.054425 0.000000
0.134355 -1.216490 0.052452 0.000000
-0.100792 -1.117759 -0.034839 0.000000
0.268961 -0.408630 0.011682 0.000000
0.347147 0.441690 0.061289 0.000000
0.266416 -0.504132 0.012641 0.000000
0.266138 0.099438 -0.022934 0.000000
0.302826 0.291482 0.040787 0.000000
0.314759 0.315260 0.051693 0.000000
0.482366 0.126496 0.013863 0.000000
0.111465 -0.620351 0.031956 0.000000
0.357624 -0.106988 0.017762 0.000000
0.356637 0.056100 -0.026270 0.000000
0.346074 0.089497 -0.003626 0.000000
0.398089 0.255603 0.012217 0.000000
0.269025 -0.393999 0.027111 0.000000
0.389793 0.301518 0.022613 0.000000
0.397801 0.321261 0.037268 0.000000
0.187852 -1.206548 -0.226291 1.000000
0.419077 -0.168928 0.089045 0.000000
0.092355 -0.657311 0.030455 0.000000
0.187375 -1.291884 -0.301636 1.000000
0.317673 0.071901 0.044903 0.000000
0.172764 -0.136950 -0.086538 0.000000
0.267739 -0.299618 0.018540 0.000000
0.194084 -1.008314 0.037874 0.000000
0.427781 0.239993 0.087417 0.000000
0.567036 -0.440000 0.123415 0.000000
-0.025185 -0.923844 0.006205 0.000000
0.215324 -0.862208 0.012499 0.000000
0.503163 0.068789 0.177247 0.000000
0.196495 -1.213023 -0.241345 1.000000
0.367624 -0.019990 0.064090 0.000000
0.450591 -0.026572 -0.023546 0.000000
0.335211 -0.056652 0.012313 0.000000
0.447184 0.186188 0.011351 0.000000
0.416318 0.271998 0.019751 0.000000
0.423879 0.062423 0.003042 0.000000
0.075557 -0.711364 0.025856 0.000000
0.374695 -0.003059 -0.045715 0.000000
0.242024 -0.582784 0.012613 0.000000
0.456163 -0.249143 0.100612 0.000000
0.048074 -0.724341 0.028079 0.000000
0.537523 -0.154078 -0.070837 0.000000
0.337142 0.315853 0.017271 0.000000
0.161845 -1.229005 0.046254 0.000000
0.196553 -1.032737 0.026420 0.000000
0.437546 0.024057 -0.006145 0.000000
0.288853 -0.139630 0.035096 0.000000
0.034129 -0.778365 0.023457 0.000000
0.064360 -0.075648 -0.094286 0.000000
0.365558 0.028385 -0.035385 0.000000
0.291918 -0.200071 0.022963 0.000000
0.005197 -0.853243 0.012995 0.000000
0.210265 -0.042912 -0.048591 0.000000
0.236079 -0.659788 0.010873 0.000000
0.328561 0.233777 0.058646 0.000000
0.162946 -0.201058 -0.122130 0.000000
0.338813 0.144233 0.000414 0.000000
0.117591 -1.253467 0.074485 0.000000
0.313960 0.169902 0.046449 0.000000
0.271172 -0.278510 0.019015 0.000000
0.350969 0.425700 0.042317 0.000000
0.313310 0.015629 0.047456 0.000000
0.474286 -0.289130 0.103834 0.000000
0.151078 -1.204443 0.044091 0.000000
0.102751 -0.268966 -0.185561 0.000000
0.344994 -0.081200 0.019532 0.000000
0.198498 -1.135552 -0.178849 1.000000
0.279413 -0.190946 0.035471 0.000000
0.250204 0.061246 -0.024787 0.000000
0.235577 -0.334409 0.029845 0.000000
0.185296 -1.226892 0.056620 0.000000
0.324344 0.118750 0.046037 0.000000
0.129661 -0.533620 0.025829 0.000000
0.141631 -0.552549 0.041068 0.000000
0.595966 -0.462901 0.134409 0.000000
0.186957 -1.244075 0.057425 0.000000
0.258557 -0.535703 0.025957 0.000000
0.239480 -0.919417 -0.003418 1.000000
0.250733 -0.635647 0.015326 0.000000
0.120086 -0.256753 -0.167268 0.000000
0.167160 -0.167262 -0.096622 0.000000
0.271119 -0.322107 0.028810 0.000000
-0.091939 -1.091988 -0.027139 0.000000
0.340246 0.369313 0.027168 0.000000
0.318180 0.034503 0.037399 0.000000
0.180915 -1.174387 0.038013 0.000000
0.173656 -1.326402 -0.334505 1.000000
-0.060368 -1.017194 -0.017151 0.000000
0.510538 0.082475 0.002811 0.000000
0.112958 -0.600105 0.031486 0.000000
-0.032074 -0.940310 -0.000515 0.000000
0.198961 -1.085738 0.047859 0.000000
0.384103 0.012258 -0.034878 0.000000
0.163181 -0.472260 0.028881 0.000000
0.182782 -1.191737 -0.231238 1.000000
0.033223 -0.816846 0.010534 0.000000
0.044896 -0.293911 -0.237789 0.000000
0.325327 0.039961 0.001021 0.000000
0.356865 0.016703 0.061997 0.000000
0.229748 -0.347701 0.027339 0.000000
0.143977 -0.223464 -0.129214 0.000000
0.329222 0.084441 -0.008873 0.000000
0.308358 0.170189 0.007187 0.000000
0.618600 -0.470236 0.151386 0.000000
0.094442 -0.029218 -0.072372 0.000000
0.641568 -0.090783 -0.064108 0.000000
0.325027 0.215953 0.044349 0.000000
0.389612 0.401778 0.043201 0.000000
0.064765 -0.286125 -0.220484 0.000000
-0.074736 -1.053708 -0.017075 0.000000
0.254310 -0.483768 0.018046 0.000000
0.488037 -0.075041 -0.022608 0.000000
0.289604 -0.180749 0.037196 0.000000
0.201994 -1.140168 -0.164256 1.000000
0.174616 -1.188797 0.048207 0.000000
0.487792 0.091778 0.170950 0.000000
0.240227 -0.627266 0.022008 0.000000
0.144232 -1.199904 0.056140 0.000000
0.465887 -0.199755 -0.147917 0.000000
0.216282 0.156596 -0.016748 0.000000
0.465833 0.140460 0.131396 0.000000
0.270038 -0.442453 0.013680 0.000000
0.296919 -0.172307 0.023770 0.000000
0.303703 -0.007946 0.046777 0.000000
0.184518 -1.206543 0.036571 0.000000
0.233135 -0.676039 0.009777 0.000000
0.246194 0.195614 0.005580 0.000000
0.452281 -0.003118 -0.002968 0.000000
0.201776 -1.083214 -0.136263 1.000000
0.290299 0.137450 0.000245 0.000000
0.019944 -0.300947 -0.247970 0.000000
0.442082 0.002438 -0.017908 0.000000
0.128937 -1.202203 0.033190 0.000000
0.405323 -0.145845 0.079543 0.000000
0.496078 -0.267848 -0.153426 0.000000
0.285469 -0.207009 0.039555 0.000000
0.237342 -0.714888 0.019279 0.000000
0.006367 -0.825714 0.021695 0.000000
0.123826 -0.573674 0.032165 0.000000
0.559484 0.001292 -0.026507 0.000000
0.173568 -1.048833 0.028458 0.000000
0.198829 -1.150940 -0.198899 1.000000
0.190884 -1.156214 0.020915 0.000000
0.395083 0.217881 0.009770 0.000000
0.341589 0.099708 0.003828 0.000000
0.472653 -0.301798 0.109684 0.000000
-0.037227 -0.954740 -0.000546 0.000000
0.094432 -0.619696 0.028573 0.000000
0.271819 0.232723 0.021146 0.000000
0.217716 -0.370192 0.021731 0.000000
0.228379 -0.786920 0.006473 0.000000
0.227227 -0.914095 -0.005618 1.000000
0.166013 -0.461354 0.021652 0.000000
0.247030 -0.313515 0.025567 0.000000
0.143861 -0.510954 0.025091 0.000000
0.157716 -1.147027 0.042058 0.000000
0.200563 -1.191427 -0.231398 1.000000
0.129083 -1.247469 0.064033 0.000000
0.256307 0.216628 0.018569 0.000000
0.342582 0.380710 0.053548 0.000000
0.230385 -0.849447 0.014032 0.000000
0.441020 -0.219396 0.096810 0.000000
0.245007 -0.591303 0.024390 0.000000
0.327440 0.137854 0.042462 0.000000
-0.055003 -0.991955 -0.012767 0.000000
0.144930 -1.156519 0.061364 0.000000
0.386939 0.421180 0.042512 0.000000
0.234831 0.182866 0.004625 0.000000
-0.013712 -0.901449 0.007380 0.000000
0.136984 -1.182405 0.048153 0.000000
0.172360 -1.306815 0.061677 0.000000
0.234418 -0.768676 0.009023 0.000000
0.527185 0.044611 -0.013155 0.000000
0.390391 0.375434 0.038775 0.000000
0.211912 -1.028902 -0.096539 1.000000
0.260746 0.075022 -0.016698 0.000000
0.225727 -0.969597 -0.041665 1.000000
0.185125 -1.128454 0.035362 0.000000
0.212734 -0.380992 0.040756 0.000000
0.391611 0.349345 0.037175 0.000000
0.207683 -1.046456 0.015239 0.000000
0.163828 -1.186678 0.040890 0.000000
0.186874 -1.016775 0.022316 0.000000
0.236483 -0.938141 -0.015241 1.000000
0.343497 0.476305 0.057626 0.000000
0.384551 0.308152 0.063126 0.000000
0.426427 -0.150406 -0.121405 0.000000
0.632577 -0.079939 -0.063055 0.000000
0.280365 -0.260045 0.032185 0.000000
0.026421 -0.806866 0.019367 0.000000
0.434987 0.037444 -0.003519 0.000000
0.331294 0.058754 -0.007892 0.000000
0.516956 -0.389920 0.120295 0.000000
0.141154 -1.212067 0.040280 0.000000
0.261035 0.082382 -0.028547 0.000000
0.126575 -1.186393 0.036116 0.000000
0.263731 -0.353696 0.025949 0.000000
-0.057587 -1.007108 -0.007131 0.000000
0.402878 0.168145 -0.001202 0.000000
0.190352 -1.106931 0.040942 0.000000
0.298859 -0.121202 0.031180 0.000000
0.547476 -0.144868 -0.062584 0.000000
0.181285 -1.261773 0.017380 0.000000
0.453589 0.191701 0.103849 0.000000
0.315987 0.189040 0.052422 0.000000
0.389069 0.273186 0.025683 0.000000
0.269549 0.094180 -0.011558 0.000000
0.265077 -0.426144 0.027388 0.000000
0.172163 -1.316090 -0.343286 1.000000
0.267612 -0.517413 0.015373 0.000000
0.492636 -0.349754 0.119160 0.000000
0.219122 -0.898007 0.015496 0.000000
0.241833 0.011390 -0.026731 0.000000
0.518713 0.058786 -0.008473 0.000000
0.253692 -0.508616 0.017642 0.000000
0.396065 0.205080 0.007801 0.000000
0.380803 -0.012680 -0.052775 0.000000
0.440816 0.214547 0.014432 0.000000
0.198721 -1.010525 0.025270 0.000000
0.326693 0.153078 0.045010 0.000000
0.275097 -0.339698 0.018703 0.000000
0.197340 -0.402777 0.025413 0.000000
0.189999 -1.045425 0.013781 0.000000
0.428069 0.236537 0.013489 0.000000
0.085308 -0.277052 -0.205960 0.000000
0.132342 -0.551393 0.031444 0.000000
0.198817 -1.097613 0.028261 0.000000
0.348271 -0.109088 0.009140 0.000000
0.215476 -0.927640 -0.014122 1.000000
0.252693 -0.612344 0.010892 0.000000
0.167519 -1.223378 0.032916 0.000000
0.508638 -0.371605 0.116046 0.000000
0.279138 0.113513 -0.003396 0.000000
0.344717 0.406023 0.030004 0.000000
0.320127 0.007086 -0.010739 0.000000
0.491021 -0.334054 0.110752 0.000000
0.266364 0.223482 0.013568 0.000000
0.334695 0.278421 0.017132 0.000000
0.423121 -0.108536 -0.105156 0.000000
-0.050383 -0.977344 -0.001218 0.000000
0.496987 0.087985 -0.008720 0.000000
0.068322 -0.046907 -0.082143 0.000000
0.279067 0.245683 0.031885 0.000000
0.029658 -0.114644 -0.123643 0.000000
0.328258 0.313011 0.056846 0.000000
0.184356 -1.278812 0.061116 0.000000
-0.069702 -1.027896 -0.017231 0.000000
0.194067 -1.055391 0.035368 0.000000
0.315161 0.059052 0.047694 0.000000
0.331683 0.219328 0.018399 0.000000
-0.005562 -0.883882 0.009851 0.000000
0.199209 -0.976277 -0.040594 1.000000
0.187328 -1.260144 -0.284988 1.000000
0.187099 -1.288490 -0.313758 1.000000
0.058417 -0.711232 0.028169 0.000000
0.340699 0.303874 0.015913 0.000000
0.300077 -0.081773 0.045503 0.000000
0.156118 -1.106646 0.032672 0.000000
0.405701 0.125317 -0.006186 0.000000
0.093619 -0.683211 0.031205 0.000000
0.223370 -0.870817 0.006821 0.000000
0.446229 0.215355 0.094905 0.000000
0.300265 -0.143202 0.040194 0.000000
0.147395 -0.529201 0.034042 0.000000
0.177581 -1.196865 0.023863 0.000000
0.078088 -0.658889 0.024750 0.000000
0.183779 -0.158800 -0.097301 0.000000
0.240276 -0.727198 0.012947 0.000000
0.441055 -0.207225 0.094057 0.000000
0.346730 0.039943 0.050155 0.000000
0.229706 -0.890894 0.002874 1.000000
0.630310 -0.486990 0.144267 0.000000
0.532387 -0.407169 0.120218 0.000000
0.182847 -1.116927 0.042576 0.000000
0.522368 -0.115391 -0.045791 0.000000
0.125182 -1.277908 0.046063 0.000000
0.471610 0.139347 0.009278 0.000000
0.554414 -0.434001 0.143206 0.000000
0.250478 -0.595951 0.006480 0.000000
0.182373 -1.226796 0.037515 0.000000
0.198302 -1.056143 0.021083 0.000000
0.269955 -0.381761 0.019038 0.000000
0.173523 -1.094522 0.034881 0.000000
0.302996 -0.037798 0.035283 0.000000
-0.032651 -0.961705 -0.009604 0.000000
0.345445 0.406015 0.052963 0.000000
0.336606 -0.073511 0.010540 0.000000
0.237502 -0.637707 0.010596 0.000000
0.294023 -0.086973 0.034309 0.000000
0.334855 0.066338 0.057870 0.000000
0.210975 -0.981256 0.018495 0.000000
0.323412 -0.005361 -0.006818 0.000000
0.100406 -0.000594 -0.061890 0.000000
0.031988 -0.103611 -0.114631 0.000000
0.083478 -0.043076 -0.077456 0.000000
0.199415 -0.408868 0.039775 0.000000
0.267963 -0.470844 0.014900 0.000000
0.352851 0.446679 0.030820 0.000000
0.609787 -0.473235 0.138704 0.000000
0.330219 0.086850 0.053738 0.000000
0.207166 -0.963707 -0.032324 1.000000
0.230855 -0.021446 -0.037687 0.000000
0.391354 -0.073066 0.082317 0.000000
0.526389 0.028686 0.223234 0.000000
0.243790 -0.651238 0.019058 0.000000
0.418750 0.248338 0.029818 0.000000
0.481536 -0.310503 0.112906 0.000000
0.444209 -0.156819 -0.129249 0.000000
0.277663 -0.271567 0.029386 0.000000
0.421368 -0.132371 0.090242 0.000000
0.120849 0.033599 -0.052609 0.000000
0.353961 0.020417 0.075825 0.000000
0.261915 -0.448672 0.020153 0.000000
0.159144 0.089661 -0.042176 0.000000
0.196536 -1.075157 0.033218 0.000000
0.195006 -1.118658 -0.170865 1.000000
0.307710 -0.055635 0.034397 0.000000
0.418890 0.067961 -0.006434 0.000000
0.227045 -0.745189 0.015528 0.000000
0.385811 0.446990 0.043873 0.000000
0.650420 -0.098218 -0.067436 0.000000
0.334103 0.275763 0.053470 0.000000
0.165445 -0.191384 -0.114694 0.000000
0.329713 0.352799 0.049099 0.000000
0.348043 0.452107 0.055393 0.000000
0.048113 -0.092453 -0.100807 0.000000
0.070134 -0.648986 0.028766 0.000000
0.332406 0.387904 0.060268 0.000000
0.041892 -0.767251 0.022956 0.000000
0.212686 -1.075065 -0.138255 1.000000
0.287787 -0.212724 0.023300 0.000000
0.228996 0.177052 -0.004748 0.000000
0.205275 -1.056248 -0.106901 1.000000
0.348130 0.340516 0.027896 0.000000
0.434434 -0.151736 0.092798 0.000000
0.271497 -0.290011 0.030491 0.000000
0.182072 -1.163034 0.032730 0.000000
0.330169 0.227604 0.048171 0.000000
0.250117 -0.539974 0.014031 0.000000
0.195164 -1.137884 0.020551 0.000000
0.133350 -0.578071 0.037823 0.000000
0.502714 -0.359806 0.114409 0.000000
0.398426 0.287767 0.062309 0.000000
0.177281 -0.418958 0.018128 0.000000
0.416357 -0.087217 -0.093986 0.000000
0.539197 -0.417667 0.127180 0.000000
0.298266 0.153611 -0.008014 0.000000
0.204581 0.139713 -0.014393 0.000000
0.135385 -0.238667 -0.147804 0.000000
0.331292 0.399001 0.056250 0.000000
0.242077 -0.323555 0.019467 0.000000
0.345678 0.293936 0.024363 0.000000
0.304811 -0.003313 0.035935 0.000000
0.053208 -0.070753 -0.093014 0.000000
0.351712 0.476901 0.049141 0.000000
0.638908 -0.493797 0.153635 0.000000
0.310978 -0.023221 0.038091 0.000000
0.160132 -1.339888 -0.355348 1.000000
0.233589 -0.694925 0.020863 0.000000
0.207023 -1.022461 0.022038 0.000000
0.324952 0.100096 0.049446 0.000000
0.390945 0.316864 0.028513 0.000000
0.227428 -0.835040 0.007152 0.000000
0.199887 -0.099086 -0.066944 0.000000
0.163733 -1.373037 -0.387524 1.000000
0.326316 0.334280 0.057792 0.000000
0.332644 0.216449 0.002391 0.000000
0.285911 0.132109 -0.009909 0.000000
0.187945 -1.203396 0.048098 0.000000
0.160121 -1.213582 0.045902 0.000000
0.299549 0.158941 0.007746 0.000000
0.223199 -0.923796 0.017760 0.000000
0.314702 0.004576 0.038787 0.000000
0.344343 0.254058 0.012965 0.000000
0.137972 -1.202223 0.066381 0.000000
0.267888 -0.374247 0.027735 0.000000
0.171952 -1.287373 -0.311465 1.000000
0.208942 -0.077660 -0.064885 0.000000
0.258143 -0.566138 0.008126 0.000000
0.486087 -0.089920 -0.034466 0.000000
0.150707 -1.158690 0.043119 0.000000
0.303450 -0.105665 0.040283 0.000000
0.274126 -0.241303 0.022410 0.000000
0.501039 0.101628 0.010995 0.000000
0.496608 -0.256804 -0.148534 0.000000
0.507598 0.058832 0.196205 0.000000
0.202533 -0.998313 0.030753 0.000000
0.237174 -0.737209 0.018803 0.000000
0.453327 0.175998 0.014554 0.000000
0.222658 -0.944435 0.022734 0.000000
0.242123 0.044100 -0.030225 0.000000
0.395336 0.327706 0.027334 0.000000
0.271070 -0.333739 0.027883 0.000000
0.202391 -1.152679 -0.186065 1.000000
0.412635 0.259176 0.031180 0.000000
0.446187 -0.241878 0.100804 0.000000
0.207129 -1.028543 0.041110 0.000000
0.132765 -0.508623 0.023051 0.000000
0.398431 0.293561 0.021232 0.000000
0.341579 0.415725 0.058060 0.000000
0.518351 0.042422 0.207414 0.000000
0.362497 -0.117354 0.013536 0.000000
0.392046 -0.100027 0.076621 0.000000
0.244300 -0.706584 0.012174 0.000000
0.265784 -0.313214 0.023842 0.000000
0.332037 0.424176 0.055971 0.000000
0.342194 0.090321 -0.015335 0.000000
0.227816 -0.986476 -0.054846 1.000000
0.407308 0.097772 -0.006785 0.000000
0.045511 -0.104574 -0.112707 0.000000
0.185590 -1.165774 0.044781 0.000000
0.203251 -1.122307 -0.159153 1.000000
-0.087492 -1.071065 -0.027273 0.000000
0.196061 -1.042494 0.032405 0.000000
0.431663 -0.131675 -0.116544 0.000000
0.481973 0.113382 0.001103 0.000000
0.316777 0.152546 0.052954 0.000000
0.176940 -1.201001 0.050459 0.000000
0.317286 0.107335 0.054554 0.000000
0.324290 0.028253 -0.000945 0.000000
0.333964 0.171767 0.006620 0.000000
0.194104 -1.139242 -0.188749 1.000000
0.585326 -0.455464 0.132431 0.000000
0.099306 -0.598864 0.021789 0.000000
0.422537 0.085974 0.007279 0.000000
-0.017639 -0.921261 -0.003827 0.000000
0.406943 -0.063199 -0.075691 0.000000
0.084698 -0.023507 -0.070832 0.000000
0.355433 0.386717 0.029036 0.000000
0.427901 0.048469 -0.006781 0.000000
0.287659 -0.231344 0.032439 0.000000
0.332564 0.101748 -0.005348 0.000000
0.323695 0.173643 0.052012 0.000000
0.125998 -1.191169 0.071162 0.000000
0.147666 -1.173375 0.047539 0.000000
0.214078 -0.032275 -0.046129 0.000000
0.204153 -0.065962 -0.055586 0.000000
0.383532 0.494155 0.047047 0.000000
0.400165 -0.120465 0.077976 0.000000
0.163148 -1.240379 0.050481 0.000000
0.058174 -0.779260 0.018036 0.000000
0.254282 -0.304710 0.033234 0.000000
0.666363 -0.112557 -0.060384 0.000000
0.356087 0.418725 0.031484 0.000000
0.506293 -0.099166 -0.034589 0.000000
0.324412 0.007996 0.011064 0.000000
0.523991 -0.399210 0.124331 0.000000
0.124855 -0.543788 0.027124 0.000000
0.160133 -1.318938 -0.340865 1.000000
0.022364 -0.840336 0.005665 0.000000
0.236429 -0.754282 0.008552 0.000000
0.371843 -0.046404 0.065136 0.000000
0.175775 -0.447980 0.020407 0.000000
0.219086 -0.817383 0.013440 0.000000
0.197334 -1.096758 0.017130 0.000000
0.223929 0.167162 -0.001018 0.000000
0.205245 -0.382026 0.020120 0.000000
0.435041 -0.169901 -0.127528 0.000000
0.256711 -0.296925 0.013990 0.000000
0.057789 -0.694601 0.029824 0.000000
0.301421 -0.053958 0.045195 0.000000
0.481680 -0.232388 -0.151459 0.000000
0.328857 -0.014530 0.007018 0.000000
0.068780 -0.035928 -0.078881 0.000000
0.405210 0.144475 -0.002141 0.000000
0.409752 0.282008 0.033443 0.000000
0.205559 -1.092618 -0.125960 1.000000
0.199213 -1.222993 -0.247928 1.000000
0.457129 -0.014360 -0.004990 0.000000
0.255713 -0.550824 0.018472 0.000000
0.053696 -0.744432 0.021471 0.000000
0.055953 -0.756639 0.021477 0.000000
0.230867 -0.807863 0.019673 0.000000
0.497119 0.076346 0.184913 0.000000
0.388396 -0.085052 0.083195 0.000000
0.189879 -1.178566 -0.197983 1.000000
0.667474 -0.117638 -0.070825 0.000000
0.181788 0.109061 -0.027215 0.000000
0.189826 -1.119139 0.021289 0.000000
0.337895 0.352540 0.062383 0.000000
0.152715 -0.494938 0.027810 0.000000
0.212311 -0.962677 0.022405 0.000000
0.196951 -0.420247 0.040802 0.000000
0.243107 -0.615528 0.019551 0.000000
0.245358 0.031057 -0.024725 0.000000
0.373720 0.017227 -0.029037 0.000000
0.203051 -0.916358 -0.003566 1.000000
0.336338 0.440478 0.054892 0.000000
0.193764 0.122583 -0.014654 0.000000
0.411931 0.262728 0.072359 0.000000
0.178636 -1.327755 0.064872 0.000000
0.351278 0.439476 0.039758 0.000000
0.198258 -1.085554 0.036678 0.000000
0.124112 -1.265657 0.043934 0.000000
0.342513 0.342282 0.018510 0.000000
0.331910 -0.004031 0.003136 0.000000
0.093840 -0.644428 0.031074 0.000000
0.393362 -0.027336 -0.052879 0.000000
0.260173 -0.461069 0.018203 0.000000
0.453248 -0.179036 -0.139444 0.000000
0.072249 -0.691336 0.026855 0.000000
0.175234 -1.195713 0.038490 0.000000
0.272065 -0.402934 0.021368 0.000000
0.331504 0.297231 0.051332 0.000000
0.384094 0.469255 0.047620 0.000000
0.225271 -0.947979 -0.028605 1.000000
0.205077 -0.389324 0.029715 0.000000
0.187903 -0.397010 0.018760 0.000000
0.211332 -1.041337 0.024717 0.000000
0.622806 -0.482153 0.152068 0.000000
0.313367 0.308956 0.042782 0.000000
0.142867 -0.518804 0.032732 0.000000
0.507592 -0.111587 -0.041903 0.000000
0.258699 -0.434459 0.024074 0.000000
0.487442 -0.244941 -0.152737 0.000000
0.222713 -0.795199 0.013494 0.000000
0.109369 -1.293232 0.037592 0.000000
0.655908 -0.105426 -0.058865 0.000000
0.318433 0.026629 0.045543 0.000000
0.363740 0.345815 0.050783 0.000000
0.200931 -1.003614 -0.069310 1.000000
0.594167 -0.027166 -0.042008 0.000000
0.085423 -0.634272 0.026016 0.000000
0.192920 -1.066923 0.024877 0.000000
0.189615 -1.175740 0.046873 0.000000
0.254061 0.049796 -0.017272 0.000000
0.524106 -0.389582 0.107412 0.000000
0.238173 -0.332490 0.040280 0.000000
0.177307 -1.256867 0.035980 0.000000
0.324010 -0.023615 -0.000359 0.000000
0.204539 -1.029147 -0.087928 1.000000
0.335920 0.369875 0.057352 0.000000
0.155253 -0.214282 -0.138444 0.000000
0.324649 0.015462 0.003042 0.000000
0.452720 -0.260481 0.104384 0.000000
0.269817 -0.482902 0.013536 0.000000
0.034412 -0.793504 0.014799 0.000000
0.323668 0.166262 0.043197 0.000000
0.292568 -0.097899 0.035605 0.000000
0.429652 0.229386 0.025818 0.000000
0.471696 0.128778 0.138104 0.000000
0.172144 -1.328387 -0.347353 1.000000
0.181904 -1.318664 -0.339248 1.000000
0.607607 -0.054772 -0.048604 0.000000
0.427283 0.028092 -0.015937 0.000000
0.196595 -1.124239 0.034731 0.000000
0.306739 0.301936 0.037865 0.000000
0.274709 0.104416 -0.007960 0.000000
0.020333 -0.140595 -0.127785 0.000000
0.178018 -0.177468 -0.109610 0.000000
0.603247 -0.044292 -0.047413 0.000000
0.443908 0.193208 0.098278 0.000000
0.180808 -0.143961 -0.085006 0.000000
0.467512 -0.046416 -0.018809 0.000000
0.120155 0.022425 -0.051960 0.000000
0.316878 0.197226 0.014094 0.000000
0.351305 0.395903 0.038226 0.000000
0.193217 -0.428607 0.030733 0.000000
0.111917 -0.559900 0.024101 0.000000
0.318873 0.080915 0.050632 0.000000
0.177268 -1.263438 0.057163 0.000000
0.221917 -0.959521 -0.040176 1.000000
0.405938 0.291435 0.030010 0.000000
0.472779 -0.210942 -0.147620 0.000000
-0.005830 -0.865518 0.019772 0.000000
0.363124 -0.002052 0.074493 0.000000
0.317651 0.092537 0.051552 0.000000
0.013038 -0.843338 0.013738 0.000000
0.332891 0.336134 0.049541 0.000000
0.254310 0.033828 -0.015490 0.000000
0.333568 0.078240 0.048325 0.000000
0.189272 -1.214120 0.020283 0.000000
0.324000 0.209437 0.056068 0.000000
0.555937 -0.432886 0.131676 0.000000
0.183071 -1.192326 0.031827 0.000000
0.400107 0.242215 0.013548 0.000000
0.240815 -0.935434 -0.025795 1.000000
0.127152 -0.562636 0.026485 0.000000
0.246392 -0.580906 0.022418 0.000000
0.218031 -1.039780 -0.107813 1.000000
0.226892 -0.882173 0.010806 0.000000
0.109493 -1.237908 0.035905 0.000000
0.232620 -0.966563 -0.050689 1.000000
0.203039 -1.173575 -0.203583 1.000000
0.473269 -0.267107 0.096489 0.000000
0.260206 -0.371050 0.021158 0.000000
0.299824 -0.041272 0.044776 0.000000
0.438645 0.012346 -0.016446 0.000000
0.344897 0.321428 0.023577 0.000000
0.200183 -1.125143 -0.178045 1.000000
0.396515 0.283257 0.019889 0.000000
0.224998 -0.976030 -0.064512 1.000000
0.339897 0.462069 0.058941 0.000000
0.204680 -1.094576 -0.148621 1.000000
0.226306 -0.031642 -0.040330 0.000000
0.398639 0.284701 0.073253 0.000000
0.214041 -1.007210 -0.075946 1.000000
0.156021 -1.157264 0.055675 0.000000
0.310965 0.005505 0.049139 0.000000
0.025254 -0.775169 0.028130 0.000000
0.188609 -1.095693 0.034306 0.000000
-0.076179 -1.043048 -0.021256 0.000000
0.311540 0.042371 0.035250 0.000000
0.334746 0.192123 0.003491 0.000000
0.206560 -0.971685 0.024439 0.000000
0.459977 0.160549 0.000500 0.000000
0.312989 0.025111 0.036576 0.000000
0.263383 -0.287036 0.037892 0.000000
0.239374 -0.672068 0.019693 0.000000
0.345526 0.418502 0.035985 0.000000
0.375627 -0.039810 0.072319 0.000000
0.229013 -0.718780 0.013238 0.000000
0.377979 0.006570 -0.042381 0.000000
0.317298 0.129871 0.049853 0.000000
0.269389 -0.362463 0.025865 0.000000
0.224628 -0.356648 0.036872 0.000000
0.581801 -0.011658 -0.034889 0.000000
0.334032 0.378594 0.064657 0.000000
0.225407 -0.855342 0.007035 0.000000
0.684448 -0.521262 0.167406 0.000000
0.403632 -0.098881 0.085520 0.000000
0.430743 -0.222172 0.096345 0.000000
0.318314 0.143521 0.042676 0.000000
0.153606 0.074229 -0.039162 0.000000
0.180583 -1.282134 -0.308074 1.000000
0.216842 -0.889920 0.009392 0.000000
0.363248 0.048286 -0.022286 0.000000
0.579287 -0.026051 -0.035295 0.000000
0.471949 -0.063854 -0.027867 0.000000
0.119753 -0.253250 -0.177034 0.000000
0.330613 0.062771 0.005443 0.000000
0.202158 -0.085371 -0.063395 0.000000
0.171213 -1.194420 0.056224 0.000000
0.102255 -0.579515 0.026592 0.000000
0.332397 -0.045793 0.007404 0.000000
0.293418 -0.164936 0.035184 0.000000
0.436344 0.218269 0.089771 0.000000
0.181679 -1.171403 0.052583 0.000000
0.493984 -0.082951 -0.026309 0.000000
0.399097 0.380879 0.041418 0.000000
-0.018391 -0.899804 0.016979 0.000000
0.165053 -1.176801 0.038105 0.000000
0.281301 -0.239086 0.029902 0.000000
0.403144 -0.085808 0.088678 0.000000
0.322226 0.233808 0.050374 0.000000
0.390030 -0.090128 0.073711 0.000000
0.482391 -0.253539 -0.150155 0.000000
0.207974 -0.992358 0.017613 0.000000
0.182702 -1.131261 0.047269 0.000000
0.279112 -0.224847 0.023152 0.000000
0.409110 -0.105408 -0.097444 0.000000
0.237010 -0.778225 0.011837 0.000000
0.047825 -0.776162 0.020403 0.000000
0.216113 -0.013617 -0.043273 0.000000
0.316177 0.188575 0.001816 0.000000
0.174208 -1.284097 0.059886 0.000000
0.567335 -0.179910 -0.097176 0.000000
0.370410 0.343270 0.043360 0.000000
0.348515 0.034269 0.060212 0.000000
0.206766 -1.030846 0.027928 0.000000
0.166462 -0.480612 0.035035 0.000000
0.339491 0.056166 0.057874 0.000000
0.349414 0.373680 0.025843 0.000000
0.394371 0.308690 0.055808 0.000000
0.355978 0.460405 0.043812 0.000000
0.597946 -0.460964 0.148968 0.000000
0.196784 -1.076666 -0.130202 1.000000
0.333345 0.386964 0.050131 0.000000
0.498012 -0.336598 0.102763 0.000000
0.210516 -0.946647 0.020539 0.000000
0.190790 -1.017780 0.035915 0.000000
0.282040 -0.194037 0.024785 0.000000
0.278016 0.087705 -0.006431 0.000000
0.191976 -1.197269 -0.229846 1.000000
0.271324 -0.248855 0.028663 0.000000
0.328060 0.245153 0.058861 0.000000
0.135932 -1.223510 0.045231 0.000000
0.138106 -0.240192 -0.161101 0.000000
0.221821 -0.869410 0.017508 0.000000
0.137863 -0.529185 0.030444 0.000000
0.420909 0.248457 0.069293 0.000000
0.340353 0.359580 0.030173 0.000000
-0.037862 -0.973011 -0.011995 0.000000
0.183252 -0.449583 0.033890 0.000000
0.212956 -0.374263 0.032232 0.000000
0.469301 0.147813 0.014402 0.000000
0.249669 -0.518114 0.016321 0.000000
0.290209 0.263303 0.027402 0.000000
0.402453 0.128245 0.010199 0.000000
0.411424 -0.150329 0.086301 0.000000
0.211839 -0.940848 -0.019552 1.000000
0.383378 -0.056808 0.077381 0.000000
0.141379 -1.154159 0.032736 0.000000
0.246824 0.200954 0.014176 0.000000
0.570407 -0.444116 0.134983 0.000000
0.358342 0.006387 0.060500 0.000000
0.286869 -0.199895 0.031994 0.000000
0.420706 0.077065 -0.002213 0.000000
0.234474 -0.778265 0.022418 0.000000
0.336194 0.309206 0.024848 0.000000
0.437635 0.218372 0.023611 0.000000
0.226876 -0.898730 0.008616 0.000000
0.243242 -0.679188 0.013509 0.000000
0.437037 0.210282 0.083218 0.000000
0.323632 0.246347 0.045971 0.000000
0.421613 -0.142662 0.087488 0.000000
0.233942 -0.688377 0.012771 0.000000
0.185949 -1.246700 -0.270438 1.000000
0.436618 -0.150093 -0.125141 0.000000
0.173374 -1.052397 0.042195 0.000000
0.294383 -0.147682 0.032516 0.000000
0.694674 -0.132409 -0.065965 0.000000
0.546212 -0.424111 0.123860 0.000000
0.218663 -0.909719 -0.002593 1.000000
0.146577 -1.164266 0.034044 0.000000
0.425032 -0.176736 0.092803 0.000000
0.171518 -1.208604 0.046710 0.000000
0.214672 -0.983583 -0.047871 1.000000
0.233356 -0.758938 0.018588 0.000000
0.518061 -0.126710 -0.051152 0.000000
0.119071 -1.237145 0.040707 0.000000
0.145797 -1.209144 0.052498 0.000000
0.343215 -0.088959 0.013390 0.000000
0.162569 -1.086208 0.039174 0.000000
-0.095331 -1.096957 -0.035284 0.000000
0.402240 0.302936 0.024190 0.000000
0.234593 -0.798620 0.020862 0.000000
0.135952 -1.156947 0.067633 0.000000
0.262396 -0.507596 0.026424 0.000000
0.453411 -0.200122 -0.144036 0.000000
0.173114 -1.166525 0.040632 0.000000
0.653031 -0.497902 0.150015 0.000000
0.575767 -0.188707 -0.109415 0.000000
0.394096 0.178696 0.001736 0.000000
-0.065786 -1.011920 -0.010595 0.000000
0.457940 -0.283138 0.109862 0.000000
0.184294 -1.145124 0.042567 0.000000
0.222943 -0.922087 -0.010124 1.000000
0.194630 -1.109327 0.026576 0.000000
0.248448 -0.663297 0.018266 0.000000
0.232973 -0.952049 -0.036152 1.000000
0.144150 -0.484198 0.021634 0.000000
0.295848 -0.180603 0.029220 0.000000
0.449563 -0.200117 0.088497 0.000000
0.305300 0.020105 0.040504 0.000000
0.410908 0.106068 -0.012853 0.000000
0.334000 -0.034040 0.010875 0.000000
0.253080 -0.494040 0.022315 0.000000
0.025323 -0.123116 -0.118452 0.000000
0.481374 0.125568 0.140657 0.000000
0.181773 -1.186462 0.056363 0.000000
0.208203 -1.055834 0.018532 0.000000
0.196997 -0.947571 -0.019623 1.000000
0.257200 -0.453634 0.011192 0.000000
0.330004 0.094595 0.042587 0.000000
0.345244 0.383534 0.032353 0.000000
0.506420 0.078138 0.177975 0.000000
0.359548 0.434051 0.039053 0.000000
0.329085 0.255738 0.048868 0.000000
0.132942 -1.147830 0.031166 0.000000
0.306038 -0.089923 0.035226 0.000000
0.241665 0.192157 -0.006421 0.000000
0.409515 -0.083537 -0.087366 0.000000
-0.031275 -0.946759 0.006931 0.000000
0.251630 -0.525839 0.025737 0.000000
0.112249 -0.610529 0.032682 0.000000
0.616380 -0.060912 -0.053649 0.000000
0.159543 -1.111685 0.021375 0.000000
0.201893 -1.022148 -0.081480 1.000000
0.491054 -0.318429 0.099589 0.000000
-0.078273 -1.058629 -0.024860 0.000000
0.334846 0.257508 0.013799 0.000000
0.311233 0.180076 0.005454 0.000000
0.206235 -0.927302 -0.010712 1.000000
-0.018275 -0.915680 0.004268 0.000000
0.449850 -0.017243 -0.019783 0.000000
0.263753 -0.328542 0.021982 0.000000
0.131748 0.036039 -0.046174 0.000000
0.144714 -0.230154 -0.146020 0.000000
0.195079 -0.413067 0.019123 0.000000
0.310317 0.052754 0.040832 0.000000
0.349111 0.348740 0.022600 0.000000
0.265866 -0.416400 0.018178 0.000000
0.399862 0.191682 0.002892 0.000000
0.208314 -0.908921 0.000795 1.000000
0.215420 -0.351463 0.015790 0.000000
0.396949 0.354767 0.030979 0.000000
0.335252 0.287572 0.047781 0.000000
0.205948 -1.059104 0.034914 0.000000
0.257542 -0.295665 0.028140 0.000000
0.207483 -1.047116 -0.111205 1.000000
0.464857 -0.226377 -0.147695 0.000000
-0.046781 -0.982975 -0.008390 0.000000
0.265724 -0.274489 0.026103 0.000000
0.405042 0.133555 -0.000234 0.000000
0.571760 0.007351 -0.026280 0.000000
0.382695 -0.047246 0.081769 0.000000
0.079260 -1.363434 0.086313 0.000000
0.302660 0.173021 -0.000918 0.000000
0.294901 -0.129794 0.028704 0.000000
0.150320 0.060996 -0.037136 0.000000
0.165571 -1.365931 -0.380939 1.000000
0.173221 -1.103596 0.030932 0.000000
0.098916 -0.664373 0.028933 0.000000
0.152079 -1.376541 -0.386524 1.000000
0.208121 -0.052314 -0.051046 0.000000
0.210768 -1.085790 -0.130565 1.000000
0.331568 0.083091 0.000487 0.000000
0.595172 -0.039742 -0.043239 0.000000
0.167839 -1.213660 0.038606 0.000000
0.166954 -1.226897 0.054272 0.000000
0.525575 0.062376 -0.002028 0.000000
0.145492 -1.170451 0.062735 0.000000
0.502566 -0.368758 0.123089 0.000000
0.190316 -1.133068 0.028385 0.000000
0.166687 0.084843 -0.026261 0.000000
0.325766 0.040376 -0.008664 0.000000
0.212319 -1.013552 -0.068815 1.000000
0.172252 0.093541 -0.028387 0.000000
0.408711 0.114597 -0.000717 0.000000
0.338332 0.430183 0.062057 0.000000
0.195245 -1.186115 -0.221702 1.000000
0.018601 -0.148811 -0.132605 0.000000
0.207320 -0.899577 0.007762 0.000000
0.159307 -0.191670 -0.106232 0.000000
0.186435 -1.263525 -0.275706 1.000000
0.164776 -1.101266 0.039438 0.000000
0.374427 0.022973 -0.036764 0.000000
0.151541 -1.222592 0.040375 0.000000
0.138635 -1.158290 0.042514 0.000000
0.348469 0.082515 -0.010353 0.000000
0.218370 -0.974608 -0.047407 1.000000
0.247803 -0.654506 0.010647 0.000000
0.670661 -0.512831 0.161320 0.000000
0.511021 -0.389542 0.127858 0.000000
0.171205 -0.173826 -0.103082 0.000000
0.227267 -0.827048 0.014695 0.000000
0.339267 0.401792 0.065946 0.000000
0.465091 -0.252071 0.098681 0.000000
0.486204 -0.310611 0.102789 0.000000
0.194888 -1.205795 -0.233405 1.000000
0.194313 -1.000456 0.021165 0.000000
0.109300 -1.300131 0.044444 0.000000
0.179667 -1.181917 0.043807 0.000000
0.452236 -0.222027 0.095947 0.000000
0.391261 0.234392 0.014469 0.000000
0.273517 -0.285706 0.013155 0.000000
0.124845 -1.262477 0.034936 0.000000
0.284448 -0.179250 0.029273 0.000000
0.211939 0.147869 -0.017642 0.000000
0.303049 -0.071888 0.038039 0.000000
0.145949 -1.231313 0.050015 0.000000
0.342611 0.451075 0.064901 0.000000
0.405291 -0.114705 0.083609 0.000000
0.041460 -0.747220 0.026731 0.000000
0.149933 -0.205558 -0.118192 0.000000
0.496082 0.091248 0.166255 0.000000
0.579066 -0.449783 0.137272 0.000000
0.247887 0.052079 -0.026005 0.000000
0.439699 0.205832 0.019422 0.000000
0.335873 0.121504 -0.001881 0.000000
0.458476 -0.268090 0.104637 0.000000
0.173502 -1.230537 0.035959 0.000000
0.251581 -0.559248 0.016850 0.000000
0.262278 -0.524319 0.011586 0.000000
0.214241 -0.084588 -0.059018 0.000000
0.180358 -1.116727 0.029627 0.000000
0.237722 0.019239 -0.030157 0.000000
0.514658 -0.370547 0.104458 0.000000
0.338548 0.229971 0.011912 0.000000
0.187546 0.118117 -0.026981 0.000000
0.324991 0.066657 -0.001134 0.000000
0.137455 0.028007 -0.043175 0.000000
-0.069132 -1.041236 -0.027744 0.000000
0.261763 -0.428683 0.015359 0.000000
0.301250 -0.029266 0.039021 0.000000
0.379275 -0.056269 0.067416 0.000000
0.222043 0.164160 -0.010436 0.000000
0.230352 -0.940636 -0.025271 1.000000
0.232899 -0.710079 0.011089 0.000000
0.473523 -0.055169 -0.019322 0.000000
0.150785 -0.475958 0.021515 0.000000
0.233472 -0.000844 -0.033087 0.000000
0.256019 -0.474768 0.015744 0.000000
0.260178 -0.500086 0.018454 0.000000
0.336936 0.315008 0.053727 0.000000
0.182941 -1.251827 -0.281830 1.000000
0.333755 -0.063865 0.006412 0.000000
0.198407 -1.144768 -0.180841 1.000000
0.354192 0.017106 0.052964 0.000000
0.343199 0.283945 0.013272 0.000000
0.257221 0.216585 0.004149 0.000000
0.364977 -0.011177 0.067411 0.000000
0.309411 0.068620 0.048017 0.000000
0.413766 -0.115323 0.093797 0.000000
0.176804 -1.081099 0.029145 0.000000
0.209727 -0.389543 0.038237 0.000000
0.367038 -0.026705 0.057461 0.000000
0.179763 -1.013466 0.027492 0.000000
0.385990 0.298820 0.057460 0.000000
0.217206 -0.360190 0.018840 0.000000
0.295443 0.274746 0.026068 0.000000
0.169638 -1.326669 0.062413 0.000000
0.251591 -0.597799 0.026002 0.000000
0.502663 0.084634 -0.001820 0.000000
0.263606 -0.388458 0.016699 0.000000
0.116651 -0.547012 0.023147 0.000000
0.267539 -0.344653 0.016215 0.000000
0.217161 0.153787 -0.003189 0.000000
0.191608 -1.083719 -0.133542 1.000000
0.329630 -0.060821 -0.003596 0.000000
0.204108 -1.034226 -0.095773 1.000000
0.188188 -1.008476 0.018202 0.000000
0.324168 0.192191 0.055850 0.000000
0.023390 -0.824447 0.018760 0.000000
0.000111 -0.886783 0.003030 0.000000
0.251366 0.208755 0.019362 0.000000
0.387626 0.216995 0.015922 0.000000
0.199771 -1.078227 0.019135 0.000000
0.391956 -0.053878 -0.070025 0.000000
0.324355 0.087696 0.060906 0.000000
0.390784 -0.040499 -0.065421 0.000000
0.152490 -0.503990 0.025710 0.000000
0.223274 -0.834169 0.019289 0.000000
0.181476 -1.310329 0.060771 0.000000
0.463995 -0.217275 -0.149354 0.000000
0.365306 0.044854 -0.013902 0.000000
0.111935 -0.000526 -0.056795 0.000000
-0.066587 -1.031338 -0.009185 0.000000
0.179527 -0.432723 0.024281 0.000000
0.207981 -1.015221 0.027776 0.000000
0.343064 0.060445 0.044528 0.000000
0.284480 -0.246977 0.022344 0.000000
0.326486 0.146621 0.051670 0.000000
0.280868 -0.281759 0.024826 0.000000
0.244515 -0.643144 0.014592 0.000000
0.308717 0.094714 0.039772 0.000000
0.545634 0.018413 -0.020629 0.000000
0.452669 0.181713 0.105895 0.000000
0.272061 -0.299108 0.028829 0.000000
0.507320 0.066181 0.185331 0.000000
0.043735 -0.794636 0.015658 0.000000
0.312055 0.038430 0.044561 0.000000
0.392682 0.196706 0.012546 0.000000
0.386597 -0.068280 0.074927 0.000000
0.218653 -0.365917 0.032314 0.000000
0.278991 0.118334 -0.012047 0.000000
0.160059 -1.179276 0.045478 0.000000
0.151914 -1.134301 0.053699 0.000000
0.335129 0.213089 0.010630 0.000000
0.466554 -0.285310 0.107342 0.000000
0.347586 0.369360 0.033792 0.000000
0.395272 0.264651 0.016452 0.000000
0.657520 -0.500110 0.157905 0.000000
0.405125 -0.134630 0.085377 0.000000
0.195099 -0.991524 -0.052020 1.000000
0.236627 -0.649971 0.012814 0.000000
0.239093 -0.623891 0.012912 0.000000
0.289112 -0.190587 0.031245 0.000000
0.171259 -1.134701 0.045068 0.000000
0.383884 -0.076224 0.065600 0.000000
0.084059 -0.664346 0.029109 0.000000
0.511846 -0.381110 0.121342 0.000000
0.307715 0.032554 0.035509 0.000000
0.333225 0.241699 0.013118 0.000000
0.325198 0.206151 0.003091 0.000000
0.351994 0.023211 0.066249 0.000000
0.329594 0.075063 -0.004602 0.000000
0.320688 0.108936 0.046190 0.000000
0.231541 -0.745544 0.007544 0.000000
0.118673 -0.566162 0.027939 0.000000
0.164994 -1.091820 0.027342 0.000000
0.174729 -1.217174 0.033352 0.000000
0.116952 -1.247054 0.040526 0.000000
0.183685 -1.269728 0.060161 0.000000
0.160667 -0.487903 0.029120 0.000000
0.690524 -0.134255 -0.076060 0.000000
0.228481 -0.733987 0.012742 0.000000
0.494850 0.091210 0.176747 0.000000
0.180787 -1.054115 0.015588 0.000000
0.187171 -1.043731 0.034156 0.000000
0.167678 -1.200594 0.040321 0.000000
0.265169 0.082692 -0.014429 0.000000
0.192440 -1.032795 0.034579 0.000000
0.348925 -0.101424 0.014059 0.000000
0.707930 -0.137250 -0.073658 0.000000
0.001823 -0.848472 0.020000 0.000000
0.054984 -0.286114 -0.220882 0.000000
0.174184 -1.301099 -0.324486 1.000000
0.436263 -0.198989 0.094060 0.000000
0.426522 -0.185889 0.092923 0.000000
0.389398 -0.007304 -0.047248 0.000000
0.243419 -0.600182 0.010382 0.000000
0.440732 -0.179916 -0.133595 0.000000
0.558348 0.018659 -0.019872 0.000000
0.120038 -0.621009 0.034936 0.000000
0.238392 -0.323018 0.010011 0.000000
0.424769 -0.161741 0.088287 0.000000
0.426778 0.054291 0.000187 0.000000
0.129404 -1.242709 0.037277 0.000000
0.074996 -0.700000 0.027012 0.000000
0.225668 -0.354884 0.020300 0.000000
0.102746 -0.639347 0.032041 0.000000
0.413444 0.094136 -0.000621 0.000000
0.337092 0.406056 0.057111 0.000000
0.415219 0.261264 0.083531 0.000000
-0.027663 -0.932280 0.003941 0.000000
0.205169 -1.043869 0.031094 0.000000
0.060221 -0.075871 -0.102361 0.000000
0.324339 0.058760 -0.013860 0.000000
0.425928 0.233666 0.079657 0.000000
0.221612 -0.049631 -0.046608 0.000000
0.372520 -0.031103 0.069458 0.000000
0.056802 -0.724795 0.025569 0.000000
-0.046474 -0.989879 -0.015021 0.000000
0.370114 -0.020713 0.074057 0.000000
0.228009 -0.934453 -0.013545 1.000000
0.333047 0.138158 0.004952 0.000000
0.072687 -0.680912 0.026528 0.000000
0.143453 -0.224549 -0.138846 0.000000
0.617056 -0.071889 -0.049568 0.000000
0.269496 -0.359707 0.013847 0.000000
0.178718 -1.169879 0.027242 0.000000
0.175079 -0.160102 -0.095211 0.000000
0.182041 -1.205999 0.027898 0.000000
0.173274 -1.040447 0.031800 0.000000
0.422665 0.245956 0.082980 0.000000
0.248775 -0.595726 0.017487 0.000000
0.447675 -0.163670 -0.136612 0.000000
0.240746 -0.697321 0.015533 0.000000
0.493290 -0.096246 -0.035427 0.000000
0.117894 -0.591177 0.031779 0.000000
0.438991 0.205045 0.091845 0.000000
-0.007495 -0.873660 0.016289 0.000000
0.178508 -1.247095 0.055354 0.000000
0.415903 -0.160664 0.087184 0.000000
0.464969 -0.303138 0.114168 0.000000
0.205107 -1.130017 -0.183779 1.000000
0.210040 -1.025947 -0.081345 1.000000
0.231036 0.183800 -0.014443 0.000000
0.320675 0.159276 0.047964 0.000000
0.215440 -1.013559 -0.082923 1.000000
0.542687 0.033248 -0.014244 0.000000
0.459983 -0.241054 0.100965 0.000000
0.000040 -0.860614 0.015129 0.000000
0.186767 -0.433467 0.035334 0.000000
0.131138 -1.193310 0.032767 0.000000
0.495164 0.099935 0.002790 0.000000
0.201027 -1.087077 -0.145429 1.000000
0.280732 -0.260844 0.023299 0.000000
0.415935 0.086449 -0.013685 0.000000
0.270762 0.102175 -0.015809 0.000000
0.189316 -0.416586 0.026582 0.000000
0.191149 -1.082190 0.031679 0.000000
0.188559 -1.204286 -0.247189 1.000000
0.331589 -0.000010 -0.004818 0.000000
0.163634 -1.162333 0.048694 0.000000
0.209822 -0.374051 0.023244 0.000000
0.297777 -0.062114 0.038174 0.000000
0.457420 -0.029470 -0.018606 0.000000
0.301910 -0.152004 0.035037 0.000000
0.425938 0.234602 0.032013 0.000000
0.410209 -0.167180 0.084241 0.000000
0.065620 -0.738996 0.023563 0.000000
0.262405 -0.554372 0.013814 0.000000
0.173618 -1.057525 0.030317 0.000000
0.193043 -1.145069 0.025330 0.000000
0.003995 -0.876868 0.001102 0.000000
0.043612 -0.084793 -0.100978 0.000000
0.175901 -0.445949 0.029077 0.000000
0.067896 -0.063142 -0.088728 0.000000
0.503698 -0.269444 -0.149164 0.000000
0.339870 0.343560 0.052748 0.000000
0.114964 0.008915 -0.055074 0.000000
0.389293 0.483643 0.051042 0.000000
0.307904 -0.063973 0.037416 0.000000
0.448970 -0.252233 0.107281 0.000000
0.325954 0.048651 -0.000818 0.000000
0.337080 0.208794 0.001844 0.000000
0.247520 -0.631574 0.024623 0.000000
0.459839 0.159975 0.009683 0.000000
0.269728 -0.346840 0.024516 0.000000
0.309119 0.078971 0.043727 0.000000
0.295710 -0.122408 0.039367 0.000000
0.362782 0.442397 0.033537 0.000000
0.131841 -0.570105 0.030998 0.000000
0.239359 -0.700484 0.006616 0.000000
0.194397 -1.092757 0.045018 0.000000
0.224774 -0.767216 0.013914 0.000000
0.092801 -0.007812 -0.065648 0.000000
0.224850 -0.807395 0.009088 0.000000
0.321184 0.094048 0.043596 0.000000
0.771326 -0.173719 -0.107207 0.000000
0.265730 -0.397368 0.017877 0.000000
0.337855 0.249016 0.009747 0.000000
0.196380 -1.104086 0.033738 0.000000
0.415506 0.265677 0.025850 0.000000
0.534494 0.047422 -0.008400 0.000000
0.392801 0.440648 0.043238 0.000000
0.473062 -0.234202 -0.151872 0.000000
0.246588 -0.627750 0.015492 0.000000
0.265491 -0.440234 0.020897 0.000000
0.275159 -0.275398 0.011806 0.000000
0.202724 -1.048034 -0.103852 1.000000
0.389388 0.410290 0.040922 0.000000
0.250356 -0.576503 0.009289 0.000000
0.359362 0.481144 0.043993 0.000000
0.038153 -0.109535 -0.116692 0.000000
0.190682 -1.135044 -0.174061 1.000000
0.392616 0.340973 0.026923 0.000000
0.442448 -0.183885 0.091907 0.000000
0.310720 -0.001671 0.043502 0.000000
0.252696 -0.601955 0.012489 0.000000
0.306251 -0.016334 0.047191 0.000000
0.284765 -0.253230 0.028839 0.000000
0.203237 -1.120225 -0.168287 1.000000
0.168126 -1.306008 0.035774 0.000000
0.351139 -0.085980 0.024312 0.000000
0.101205 -0.590922 0.027104 0.000000
0.295546 0.149566 -0.000278 0.000000
0.244250 -0.614138 0.009432 0.000000
0.220861 -0.854395 0.014455 0.000000
0.172836 -1.051438 0.018887 0.000000
0.101714 -0.015704 -0.067055 0.000000
0.185987 -1.108586 0.033539 0.000000
0.164263 -1.323284 -0.334499 1.000000
0.181470 -1.158077 0.045264 0.000000
0.433107 -0.172957 0.096278 0.000000
0.361255 -0.004242 0.055064 0.000000
0.173426 -1.221038 0.054560 0.000000
0.219441 -0.838578 0.010773 0.000000
0.413313 -0.131716 0.086190 0.000000
0.457785 0.184434 0.018760 0.000000
0.325121 0.193525 0.045527 0.000000
0.190044 -0.138781 -0.085895 0.000000
0.329541 0.030282 -0.007595 0.000000
0.029237 -0.824916 0.011854 0.000000
0.164759 -1.153286 0.045792 0.000000
0.259040 -0.528252 0.021493 0.000000
0.396009 -0.080959 0.084168 0.000000
0.169127 -1.238194 0.031680 0.000000
0.146813 -1.181827 0.049385 0.000000
0.424429 0.250598 0.023484 0.000000
0.326482 0.272454 0.050925 0.000000
0.336369 0.355124 0.054175 0.000000
0.533557 0.039042 -0.011195 0.000000
0.180323 -1.276475 -0.299805 1.000000
0.341074 0.096559 -0.004372 0.000000
0.448252 -0.204047 0.097734 0.000000
0.489327 0.109546 0.004972 0.000000
0.200396 -1.132363 -0.170242 1.000000
0.239739 -0.910898 -0.005060 1.000000
0.202495 -1.034824 0.034352 0.000000
0.324836 0.130158 0.045561 0.000000
0.532051 -0.149846 -0.065268 0.000000
0.212593 -1.034183 -0.103963 1.000000
0.086946 -0.033996 -0.073916 0.000000
0.248235 -0.555994 0.024158 0.000000
0.396022 0.306573 0.029015 0.000000
0.471853 -0.280504 0.102340 0.000000
-0.006814 -0.902294 0.001086 0.000000
0.329778 0.366926 0.051994 0.000000
0.561182 -0.167617 -0.086769 0.000000
0.446747 0.191881 0.017873 0.000000
0.190108 -1.187757 0.058352 0.000000
0.195956 -1.119894 -0.183773 1.000000
0.636062 -0.086830 -0.058712 0.000000
0.457800 -0.185514 -0.142933 0.000000
0.342447 0.152063 -0.000161 0.000000
0.172323 -0.145175 -0.083834 0.000000
0.182770 -1.079091 0.036992 0.000000
0.265371 -0.490437 0.012021 0.000000
0.241774 -0.740569 0.010862 0.000000
0.325891 0.043954 0.009074 0.000000
0.116665 -0.582927 0.029522 0.000000
0.420076 -0.191917 0.091732 0.000000
0.391600 0.396861 0.036387 0.000000
0.212093 -1.087801 -0.138853 1.000000
0.192763 -1.003533 0.030813 0.000000
0.349015 0.331937 0.027883 0.000000
0.186914 -1.183753 0.048566 0.000000
0.169674 -1.296883 -0.314296 1.000000
0.391482 0.252064 0.016665 0.000000
0.183915 -1.216145 0.036368 0.000000
0.543872 -0.148307 -0.070078 0.000000
0.133078 -1.185815 0.069249 0.000000
0.156775 -1.359322 -0.378423 1.000000
0.437047 0.206633 0.010896 0.000000
0.084100 -0.654923 0.030095 0.000000
0.139090 -0.556616 0.032479 0.000000
0.261719 -0.511181 0.015960 0.000000
0.192116 -1.073182 0.016913 0.000000
0.770777 -0.172055 -0.096028 0.000000
0.318849 0.322779 0.052347 0.000000
0.190384 -1.279238 -0.311193 1.000000
0.152343 -1.233804 0.042911 0.000000
0.201763 -1.048296 0.021194 0.000000
0.217249 -0.947089 -0.025703 1.000000
0.510725 0.045945 0.210746 0.000000
0.368082 0.043664 -0.029607 0.000000
0.071562 -0.053088 -0.087112 0.000000
0.578344 -0.202949 -0.121014 0.000000
0.325331 0.354195 0.056907 0.000000
0.261058 -0.484507 0.023262 0.000000
0.203303 -1.002112 0.023085 0.000000
0.175017 -1.293718 0.028911 0.000000
0.271725 -0.282130 0.027172 0.000000
0.292984 -0.173324 0.032681 0.000000
0.362284 -0.126026 0.004317 0.000000
0.239040 -0.327255 0.026547 0.000000
0.265480 -0.465973 0.023880 0.000000
0.285758 -0.208777 0.031208 0.000000
0.417774 0.253375 0.086186 0.000000
0.118206 0.030092 -0.061127 0.000000
0.151869 -0.509998 0.032829 0.000000
0.644244 -0.487769 0.156467 0.000000
0.227971 -0.783623 0.014332 0.000000
0.122039 -1.243624 0.073960 0.000000
0.198528 -1.022892 0.021532 0.000000
0.226287 -0.902345 0.000377 1.000000
0.445988 -0.229204 0.095291 0.000000
0.089481 -0.627021 0.027828 0.000000
0.545011 -0.432404 0.125294 0.000000
0.132198 -1.231484 0.036140 0.000000
0.335485 0.336585 0.058218 0.000000
0.387554 0.310303 0.051011 0.000000
0.453211 0.171257 0.110270 0.000000
0.394218 -0.105488 0.070511 0.000000
0.170912 -0.472298 0.032352 0.000000
0.182850 -0.149561 -0.091642 0.000000
0.076694 -0.045705 -0.082605 0.000000
0.399848 -0.057305 -0.072721 0.000000
0.202689 -0.970041 -0.035722 1.000000
0.205958 -1.041028 0.039029 0.000000
0.196620 -1.256418 -0.280880 1.000000
0.212532 -0.972982 0.017614 0.000000
0.434801 0.029927 -0.012511 0.000000
0.569410 -0.009658 -0.030497 0.000000
0.341032 0.324119 0.016005 0.000000
0.078595 -0.638533 0.028600 0.000000
0.218099 -0.966510 -0.037353 1.000000
0.348508 0.074529 -0.018054 0.000000
0.391788 0.296265 0.028922 0.000000
0.288193 0.262884 0.019209 0.000000
0.561143 0.009717 -0.024238 0.000000
0.480738 -0.072062 -0.025635 0.000000
0.262087 -0.409095 0.020080 0.000000
0.150126 -0.220272 -0.135430 0.000000
0.237503 -0.669070 0.011668 0.000000
0.430121 -0.142534 -0.118836 0.000000
0.256842 -0.534943 0.016410 0.000000
0.394971 0.179822 0.011984 0.000000
0.736521 -0.155944 -0.080249 0.000000
0.427456 -0.153239 0.097286 0.000000
-0.024458 -0.939315 -0.004296 0.000000
0.532551 -0.147995 -0.073888 0.000000
0.087459 -0.680091 0.026375 0.000000
0.196473 -1.077614 0.045075 0.000000
-0.038188 -0.960382 0.005631 0.000000
0.347285 0.458229 0.064373 0.000000
0.325449 0.183319 0.051276 0.000000
0.167822 -1.362850 -0.373435 1.000000
0.267158 -0.402917 0.028205 0.000000
-0.088772 -1.084245 -0.028092 0.000000
0.273575 0.239758 0.015515 0.000000
0.380619 0.000835 -0.036826 0.000000
0.254952 -0.538594 0.007062 0.000000
0.307850 0.295708 0.032330 0.000000
0.330678 -0.077588 0.002240 0.000000
0.245356 -0.590570 0.011797 0.000000
0.431234 0.232402 0.088464 0.000000
0.141809 -1.177635 0.043194 0.000000
0.137647 -1.221283 0.058516 0.000000
0.388907 0.212284 0.008721 0.000000
0.132612 -0.542799 0.030188 0.000000
0.200280 0.132503 -0.014640 0.000000
0.352836 0.407681 0.031368 0.000000
-0.055433 -1.011648 -0.021077 0.000000
0.233203 -0.791508 0.011591 0.000000
0.275658 -0.301999 0.017086 0.000000
0.446568 -0.001381 -0.011785 0.000000
0.160565 -1.194992 0.045011 0.000000
0.171613 -1.179150 0.029750 0.000000
0.386673 -0.019468 -0.052491 0.000000
0.247052 -0.638795 0.007896 0.000000
0.436085 -0.189260 0.092803 0.000000
0.290344 -0.140910 0.026955 0.000000
0.067151 -0.673571 0.029765 0.000000
0.316870 0.122603 0.045729 0.000000
0.397118 0.398081 0.043240 0.000000
0.260670 -0.349062 0.019693 0.000000
-0.108305 -1.120965 -0.036626 0.000000
0.319193 0.212203 0.049811 0.000000
0.223562 -0.886518 0.017117 0.000000
0.155505 -1.224843 0.050064 0.000000
0.345247 0.313872 0.017441 0.000000
0.203942 -1.141155 -0.175749 1.000000
0.231685 -0.013462 -0.035408 0.000000
0.195405 -1.104487 0.014698 0.000000
0.534732 -0.408663 0.112373 0.000000
0.194769 -1.017519 -0.077370 1.000000
0.526456 -0.403294 0.131131 0.000000
0.182133 -1.043158 0.027584 0.000000
0.254640 0.029167 -0.022350 0.000000
0.259779 -0.519137 0.018131 0.000000
0.272546 -0.331683 0.019984 0.000000
0.011924 -0.830308 0.025790 0.000000
0.274889 -0.362744 0.019362 0.000000
0.446396 -0.184308 -0.137760 0.000000
0.026937 -0.782719 0.025153 0.000000
0.188550 -1.203763 0.056541 0.000000
0.319517 0.182062 0.005706 0.000000
0.305841 -0.010865 0.039322 0.000000
0.135452 0.045169 -0.042702 0.000000
0.408913 -0.096758 -0.093722 0.000000
0.637203 -0.093561 -0.054018 0.000000
0.230464 -0.730987 0.020206 0.000000
0.189364 -1.012170 0.028731 0.000000
0.091657 -0.665345 0.032789 0.000000
0.165764 -1.344425 -0.351323 1.000000
0.176142 -1.267709 0.021160 0.000000
-0.086350 -1.091605 -0.033228 0.000000
0.277971 -0.185796 0.029158 0.000000
0.181438 -1.253954 -0.289714 1.000000
0.222352 -0.982584 -0.059686 1.000000
0.341719 0.274635 0.013753 0.000000
0.177687 -1.282541 0.031769 0.000000
0.493156 -0.341800 0.112676 0.000000
0.187574 -1.165305 0.053252 0.000000
0.260642 -0.547009 0.010301 0.000000
0.191845 -1.091841 -0.135031 1.000000
0.240585 0.035887 -0.029628 0.000000
0.270735 -0.463187 0.016263 0.000000
0.427949 -0.169225 0.090922 0.000000
0.337936 0.337863 0.023765 0.000000
0.086614 -1.355442 0.081070 0.000000
0.315630 0.074718 0.037424 0.000000
0.428791 -0.204024 0.096947 0.000000
0.196903 -1.143273 -0.196568 1.000000
0.186647 -1.110810 0.025173 0.000000
0.118490 -1.187209 0.034756 0.000000
0.747995 -0.160823 -0.085175 0.000000
0.235624 -0.726760 0.006163 0.000000
0.400995 0.160582 0.002408 0.000000
0.393366 0.226109 0.011869 0.000000
0.104973 -0.598218 0.027737 0.000000
0.420451 -0.133436 -0.109949 0.000000
0.371192 -0.132007 -0.003395 0.000000
0.195072 -1.201866 -0.222588 1.000000
0.163501 -1.083484 0.028000 0.000000
0.415521 0.083246 0.003982 0.000000
0.212555 0.154133 -0.024229 0.000000
0.476536 0.132986 0.010949 0.000000
0.356099 0.425932 0.035431 0.000000
0.262039 -0.541242 0.020987 0.000000
0.628996 -0.081365 -0.055530 0.000000
0.336264 -0.049919 0.018605 0.000000
0.130137 -1.200969 0.064275 0.000000
0.297753 -0.074568 0.032368 0.000000
0.168395 -1.209616 0.056559 0.000000
0.400558 0.222775 0.006109 0.000000
0.170228 -1.048076 0.035913 0.000000
0.275255 -0.317331 0.019245 0.000000
0.270823 -0.258436 0.021919 0.000000
0.293754 0.158339 -0.003066 0.000000
0.259942 0.224210 0.018610 0.000000
0.406024 0.125438 0.002003 0.000000
0.679424 -0.123675 -0.067808 0.000000
0.034104 -0.786511 0.021401 0.000000
0.170739 -0.456323 0.026832 0.000000
0.157532 -0.477438 0.026022 0.000000
0.284841 0.252421 0.035571 0.000000
0.267667 -0.432399 0.021745 0.000000
0.318996 0.100605 0.039074 0.000000
0.337504 0.169544 -0.000913 0.000000
0.303945 -0.047042 0.040716 0.000000
0.453883 -0.016343 -0.012601 0.000000
0.143413 -1.164320 0.045245 0.000000
0.072046 -0.662259 0.029081 0.000000
-0.055066 -0.999583 -0.009031 0.000000
0.311276 0.172911 -0.004055 0.000000
0.249790 -0.548240 0.013490 0.000000
0.196126 -1.069755 0.042910 0.000000
0.464761 -0.209026 -0.148561 0.000000
0.269836 0.087093 -0.006591 0.000000
0.191285 -1.040390 0.026140 0.000000
0.256837 -0.463724 0.025154 0.000000
0.323341 0.259990 0.054999 0.000000
0.155960 -0.511447 0.040108 0.000000
0.341180 0.243844 0.019183 0.000000
0.042727 -0.293845 -0.245642 0.000000
0.197166 -1.088614 0.017281 0.000000
0.270292 -0.291503 0.017881 0.000000
0.370199 0.031171 -0.028170 0.000000
0.221202 0.165808 -0.018392 0.000000
0.138871 -0.547718 0.035132 0.000000
0.463063 0.169771 0.113731 0.000000
0.213182 -0.902975 0.012256 0.000000
0.214630 -1.047833 -0.106446 1.000000
0.140536 -1.190634 0.054385 0.000000
0.280958 -0.214498 0.027323 0.000000
0.223763 -0.016431 -0.040408 0.000000
0.148793 -0.490802 0.020812 0.000000
0.107774 -0.262616 -0.186087 0.000000
0.028160 -0.128160 -0.125545 0.000000
0.198882 -1.007261 0.017368 0.000000
0.165794 -1.200133 0.058158 0.000000
0.173477 -1.176067 0.040770 0.000000
0.132911 -1.164813 0.035057 0.000000
0.192039 -1.245968 -0.264487 1.000000
0.273070 0.090416 0.000058 0.000000
0.197773 -1.146458 -0.189049 1.000000
0.218595 -0.998097 -0.072548 1.000000
0.411555 0.150035 -0.004535 0.000000
0.626453 -0.475412 0.154684 0.000000
0.159651 -0.203441 -0.129133 0.000000
0.273672 -0.268741 0.022931 0.000000
0.759295 -0.168282 -0.096956 0.000000
0.298962 -0.102852 0.032180 0.000000
0.458243 0.167327 0.014097 0.000000
0.329884 -0.022553 0.006810 0.000000
0.265485 -0.284188 0.018179 0.000000
0.314574 0.015998 0.039491 0.000000
0.425483 0.069784 -0.002147 0.000000
0.231380 -0.959796 -0.034563 1.000000
0.193117 -1.050097 0.019572 0.000000
0.263556 -0.498499 0.007626 0.000000
0.212461 -0.986541 0.027215 0.000000
0.307676 0.006120 0.033065 0.000000
0.047234 -0.073945 -0.097387 0.000000
0.420463 -0.119010 -0.106791 0.000000
0.198703 -1.072498 0.025526 0.000000
0.255827 -0.443065 0.021816 0.000000
-0.025981 -0.939066 0.007940 0.000000
0.229049 -0.764184 0.005041 0.000000
0.124281 -0.249922 -0.171266 0.000000
0.474255 0.141769 0.129993 0.000000
0.355056 -0.112351 0.011981 0.000000
0.262779 -0.378246 0.018116 0.000000
0.186197 -0.428410 0.019060 0.000000
0.271135 -0.445931 0.021484 0.000000
0.333738 0.242035 0.054110 0.000000
0.407737 0.107487 -0.004326 0.000000
0.207094 -1.046698 -0.094833 1.000000
0.342553 0.435595 0.057889 0.000000
0.382033 0.020977 -0.027005 0.000000
0.214539 -0.870202 0.014231 0.000000
0.204219 -1.080374 0.038948 0.000000
0.184748 -1.294584 -0.320867 1.000000
-0.008109 -0.891296 0.008167 0.000000
0.123074 -1.196492 0.036482 0.000000
0.333039 0.093806 -0.006326 0.000000
0.441318 -0.163960 -0.131455 0.000000
0.180031 -1.224263 0.029985 0.000000
0.145670 -1.150573 0.038468 0.000000
0.242183 -0.658722 0.016293 0.000000
0.180813 -1.141607 0.036276 0.000000
0.470394 -0.225799 -0.156563 0.000000
0.201663 -0.396186 0.027416 0.000000
0.199622 -1.114622 0.018990 0.000000
0.466261 -0.269481 0.102184 0.000000
0.718721 -0.151205 -0.081769 0.000000
0.260990 -0.469407 0.011265 0.000000
0.325660 0.058782 0.000044 0.000000
0.053495 -0.718004 0.028167 0.000000
0.319347 0.159595 0.039366 0.000000
0.231788 -0.773470 0.016628 0.000000
0.224319 -0.844271 0.014331 0.000000
0.346077 0.046808 0.054171 0.000000
0.416469 -0.104941 -0.102610 0.000000
0.252281 -0.580128 0.017093 0.000000
-0.044897 -0.973193 -0.008241 0.000000
0.194769 -0.409115 0.030040 0.000000
0.050458 -0.733020 0.026393 0.000000
0.029784 -0.110450 -0.110429 0.000000
0.081882 -0.673506 0.028975 0.000000
0.060811 -0.068511 -0.092242 0.000000
0.405138 -0.126547 0.082132 0.000000
0.207445 -0.073160 -0.056461 0.000000
0.157415 -0.206623 -0.120797 0.000000
0.254144 0.067873 -0.022819 0.000000
0.175146 -1.208644 0.038894 0.000000
0.195052 -1.010255 -0.069979 1.000000
0.193133 -1.217120 -0.235418 1.000000
0.345989 0.037797 0.068106 0.000000
0.300840 -0.084158 0.037261 0.000000
0.319224 0.179613 0.054746 0.000000
0.490672 -0.261930 -0.152415 0.000000
0.132274 -1.199082 0.073184 0.000000
0.293004 -0.155499 0.032659 0.000000
0.232274 -0.751135 0.014540 0.000000
0.497860 -0.351089 0.113334 0.000000
-0.093930 -1.102364 -0.026069 0.000000
-0.040717 -0.966252 -0.008291 0.000000
0.336464 0.221532 0.009342 0.000000
0.177880 -1.152857 0.039533 0.000000
0.197717 -1.157558 -0.194696 1.000000
0.254305 0.057509 -0.019038 0.000000
-0.085842 -1.074400 -0.035582 0.000000
0.037700 -0.757766 0.026043 0.000000
0.405289 -0.069112 -0.082017 0.000000
0.426325 0.049857 -0.014406 0.000000
0.348337 -0.101718 0.021941 0.000000
-0.083605 -1.073019 -0.017510 0.000000
0.206536 -0.978562 -0.042492 1.000000
0.179283 -1.257686 -0.277982 1.000000
0.178044 -1.229375 0.058540 0.000000
0.390048 0.465901 0.043656 0.000000
0.286605 -0.227340 0.023041 0.000000
0.381289 0.314305 0.058089 0.000000
0.151232 -1.170058 0.041329 0.000000
0.540797 -0.420234 0.136407 0.000000
0.038458 -0.117119 -0.118839 0.000000
0.193554 -1.059930 0.028472 0.000000
0.171246 -1.184221 0.041950 0.000000
0.478211 -0.297741 0.104823 0.000000
0.249198 -0.608981 0.024701 0.000000
0.386737 -0.045364 0.088910 0.000000
0.173358 -1.165586 0.031530 0.000000
0.167675 -1.323556 -0.343023 1.000000
0.338500 -0.059588 0.018839 0.000000
0.205253 -1.080299 -0.142718 1.000000
0.348417 0.482486 0.058230 0.000000
0.170599 -1.064126 0.027273 0.000000
0.220764 -0.933035 -0.017319 1.000000
0.177225 -1.323689 -0.343611 1.000000
0.478177 -0.318333 0.114210 0.000000
0.265627 -0.511040 0.008970 0.000000
0.405089 0.207760 0.000581 0.000000
0.322849 0.013423 -0.005327 0.000000
0.386153 -0.096747 0.071990 0.000000
0.334678 0.284343 0.054922 0.000000
0.344618 0.357764 0.023830 0.000000
0.375670 -0.059631 0.061298 0.000000
0.289899 -0.164675 0.026335 0.000000
0.179637 -1.289352 -0.311476 1.000000
0.142966 -0.503561 0.020314 0.000000
0.193095 -1.098690 0.040060 0.000000
0.340241 0.162182 0.002632 0.000000
0.061829 -0.291223 -0.228012 0.000000
0.333519 0.149962 -0.000354 0.000000
0.157820 0.080746 -0.041865 0.000000
0.183523 -0.442495 0.038820 0.000000
0.315543 0.114655 0.044715 0.000000
0.193033 -1.122640 -0.164416 1.000000
0.131906 -0.243038 -0.153292 0.000000
0.207205 -1.059555 0.025937 0.000000
0.144635 -1.219324 0.042061 0.000000
0.322254 0.226275 0.048263 0.000000
0.212477 -0.888484 0.015723 0.000000
0.268052 -0.480308 0.021249 0.000000
0.349405 0.387639 0.037549 0.000000
0.323319 -0.014417 -0.000923 0.000000
-0.081595 -1.065669 -0.025600 0.000000
0.204347 -1.082040 -0.128146 1.000000
0.223557 -0.824429 0.008331 0.000000
0.343785 0.394622 0.036519 0.000000
0.164833 -1.093577 0.040843 0.000000
0.261334 -0.299776 0.039128 0.000000
0.607207 -0.043747 -0.054247 0.000000
0.291998 -0.131606 0.038200 0.000000
0.284097 -0.274470 0.024638 0.000000
0.318771 0.054788 0.042236 0.000000
0.037417 -0.780098 0.016589 0.000000
0.208287 -1.025187 0.033086 0.000000
0.383436 -0.014333 -0.045621 0.000000
0.442123 -0.226159 0.102154 0.000000
0.306102 0.012948 0.046159 0.000000
0.480009 -0.306562 0.106352 0.000000
0.304127 0.286652 0.034470 0.000000
0.236761 -0.340521 0.034539 0.000000
0.251204 -0.574815 0.023129 0.000000
0.011200 -0.151088 -0.131754 0.000000
0.143134 0.043917 -0.042391 0.000000
0.288219 0.262866 0.035038 0.000000
0.726474 -0.144254 -0.083881 0.000000
0.184118 -1.128434 0.027574 0.000000
0.151537 -1.297326 0.059199 0.000000
0.200292 -1.054257 0.028609 0.000000
0.266375 0.231941 0.026891 0.000000
0.181592 -1.046096 0.019796 0.000000
0.242794 -0.598873 0.022756 0.000000
0.264588 0.090979 -0.019764 0.000000
0.586246 -0.026202 -0.038746 0.000000
0.217263 -0.940943 0.018262 0.000000
0.170111 -1.336220 -0.353160 1.000000
0.340330 0.062329 0.051548 0.000000
0.329168 0.094537 0.053949 0.000000
0.212122 -0.366680 0.017662 0.000000
0.261456 -0.293362 0.021852 0.000000
0.185151 -1.179542 0.021968 0.000000
0.169838 -1.250166 0.033291 0.000000
0.164807 0.089448 -0.036689 0.000000
0.095820 -0.673146 0.032205 0.000000
0.179364 -1.170602 0.045228 0.000000
0.337718 0.417015 0.050055 0.000000
0.319868 0.115456 0.051442 0.000000
0.298114 0.163234 -0.009658 0.000000
0.203199 -1.041459 0.011374 0.000000
0.416034 -0.175791 0.087143 0.000000
0.276036 -0.233292 0.023160 0.000000
0.336255 0.105585 0.002725 0.000000
0.072420 -0.287236 -0.220826 0.000000
0.457745 -0.193713 -0.143742 0.000000
0.397360 -0.044332 -0.064008 0.000000
0.187731 -1.121372 0.038537 0.000000
0.423388 0.061441 -0.005532 0.000000
0.514625 0.069313 -0.003532 0.000000
0.296473 -0.102600 0.041601 0.000000
0.144056 -1.169874 0.053413 0.000000
0.224606 -0.889826 0.010208 0.000000
0.239467 -0.689535 0.018052 0.000000
0.590646 -0.462714 0.144279 0.000000
0.238927 -0.707193 0.017692 0.000000
0.327359 0.158016 0.051627 0.000000
0.335587 0.375094 0.050327 0.000000
0.424388 0.243712 0.019065 0.000000
0.042311 -0.730667 0.029382 0.000000
0.217654 -0.974301 -0.037386 1.000000
0.275986 -0.326262 0.024272 0.000000
0.322073 0.174308 0.040717 0.000000
0.131428 -0.559323 0.031986 0.000000
0.305768 0.156489 -0.004231 0.000000
0.252673 -0.627420 0.010661 0.000000
0.256617 -0.489540 0.013489 0.000000
0.418185 0.264238 0.017934 0.000000
0.247831 -0.539669 0.023245 0.000000
0.188862 -1.146487 0.034314 0.000000
0.612845 -0.470114 0.146269 0.000000
0.229499 0.171869 0.001456 0.000000
0.094982 -0.608547 0.027320 0.000000
0.327315 0.207052 0.047336 0.000000
0.182768 -1.100151 0.030921 0.000000
0.151229 -0.525341 0.040498 0.000000
0.194530 -1.025763 -0.080133 1.000000
-0.078346 -1.055199 -0.031740 0.000000
0.098299 -0.651115 0.031258 0.000000
0.339161 0.316562 0.025145 0.000000
0.000287 -0.879412 0.007322 0.000000
0.319579 0.202647 0.054168 0.000000
0.180556 -1.207197 0.057179 0.000000
0.181133 -1.320883 0.062365 0.000000
-0.036990 -0.941650 0.007241 0.000000
0.412456 0.273091 0.027552 0.000000
0.533270 -0.412998 0.125124 0.000000
0.188598 -1.122447 0.049026 0.000000
0.397772 0.160856 0.011026 0.000000
0.392295 0.369552 0.033212 0.000000
0.158536 -1.234273 0.050905 0.000000
0.257655 -0.575032 0.015133 0.000000
0.522429 -0.389625 0.114887 0.000000
0.010659 -0.834172 0.019298 0.000000
0.176490 -1.331372 -0.352906 1.000000
0.404841 0.306600 0.031957 0.000000
-0.100854 -1.110177 -0.035886 0.000000
0.296064 -0.138979 0.032612 0.000000
0.142208 -1.163124 0.066555 0.000000
0.570661 -0.445550 0.127316 0.000000
0.134749 -1.152593 0.036870 0.000000
0.411205 -0.091847 -0.088257 0.000000
0.204421 -1.152359 -0.193882 1.000000
0.152330 -1.211809 0.045692 0.000000
0.359964 0.048338 -0.029184 0.000000
0.214657 -0.916964 0.016860 0.000000
0.324531 0.034430 0.008876 0.000000
0.200985 -1.090921 0.031983 0.000000
0.205587 -1.006450 0.030413 0.000000
0.337123 0.075194 0.042296 0.000000
0.479320 0.124887 0.007054 0.000000
0.263234 -0.320944 0.022452 0.000000
0.294950 0.276556 0.033460 0.000000
0.578305 -0.018497 -0.035633 0.000000
0.427973 -0.156974 -0.124953 0.000000
0.637288 -0.491464 0.146562 0.000000
0.438779 0.017502 -0.009832 0.000000
0.191061 -1.184572 -0.227877 1.000000
0.329283 -0.015018 0.014606 0.000000
0.184760 -1.075059 0.030420 0.000000
0.327519 0.341107 0.051626 0.000000
0.233216 -0.760944 0.011247 0.000000
0.179649 -0.136588 -0.083245 0.000000
0.200183 -1.091425 -0.139242 1.000000
0.342138 0.259743 0.018327 0.000000
0.167473 -1.217478 0.048368 0.000000
0.223987 -0.875590 0.013644 0.000000
0.399343 0.172818 0.003639 0.000000
0.068343 -0.281560 -0.215576 0.000000
0.417466 0.080078 -0.008532 0.000000
0.478604 -0.284694 0.098339 0.000000
0.267800 0.230939 0.014951 0.000000
0.389453 0.428146 0.044464 0.000000
0.298597 -0.095156 0.039323 0.000000
0.272799 -0.314783 0.029915 0.000000
0.343887 0.375409 0.030753 0.000000
0.461713 -0.271796 0.111344 0.000000
0.243205 -0.320123 0.026139 0.000000
0.470637 0.135221 0.134044 0.000000
0.113424 -0.615273 0.026677 0.000000
0.194763 -1.137890 -0.164197 1.000000
0.306180 -0.034484 0.041451 0.000000
0.081079 -0.708293 0.030039 0.000000
0.192764 -0.082214 -0.063663 0.000000
0.163376 -1.376628 -0.395259 1.000000
0.181268 -1.286777 0.060474 0.000000
0.515190 -0.110771 -0.042015 0.000000
0.243788 0.018506 -0.025031 0.000000
0.186862 -0.414547 0.016530 0.000000
0.429047 0.230736 0.018395 0.000000
0.365564 0.345450 0.037974 0.000000
0.347442 0.432183 0.040661 0.000000
0.383299 -0.070151 0.081470 0.000000
0.337520 -0.065870 0.014382 0.000000
0.232826 -0.818602 0.019141 0.000000
0.093180 -1.321717 0.083645 0.000000
0.362957 0.359792 0.039094 0.000000
0.111945 0.020308 -0.057048 0.000000
0.400828 0.148121 0.002819 0.000000
0.204612 -1.038770 -0.082352 1.000000
0.259365 -0.470453 0.020963 0.000000
0.352506 0.461452 0.037187 0.000000
0.160480 -1.105156 0.026689 0.000000
0.676970 -0.516062 0.158713 0.000000
0.142687 -1.204713 0.042992 0.000000
0.073872 -0.041419 -0.077069 0.000000
0.342161 0.287628 0.022170 0.000000
0.213355 -1.034400 0.026989 0.000000
0.121203 -1.231990 0.035628 0.000000
0.630257 -0.481054 0.150289 0.000000
0.495869 0.070508 0.178104 0.000000
0.426779 -0.147302 0.090428 0.000000
0.531445 0.037670 -0.018562 0.000000
0.329718 -0.040763 0.002296 0.000000
0.382115 -0.004166 -0.044990 0.000000
0.228632 -0.344951 0.014730 0.000000
0.069541 -0.707102 0.027405 0.000000
0.247807 -0.587292 0.018667 0.000000
-0.063664 -1.021035 -0.011579 0.000000
0.528461 -0.139155 -0.060975 0.000000
0.210894 -0.979242 0.025746 0.000000
0.213145 -0.855271 0.014434 0.000000
0.334179 0.072112 0.052648 0.000000
0.282316 0.122499 -0.006695 0.000000
0.261679 0.069114 -0.012124 0.000000
0.372290 -0.021093 0.081248 0.000000
0.233453 -0.931680 -0.017930 1.000000
0.339314 0.386673 0.056760 0.000000
0.174238 -0.441049 0.023621 0.000000
0.204492 -1.037519 0.021414 0.000000
0.027181 -0.297942 -0.248772 0.000000
0.312792 0.026511 0.050501 0.000000
0.227683 0.169960 -0.006891 0.000000
0.397762 0.316165 0.031583 0.000000
0.163421 -1.207543 0.050640 0.000000
0.438740 -0.242710 0.100330 0.000000
0.235022 0.176732 0.008948 0.000000
0.517547 -0.397582 0.128989 0.000000
0.401813 -0.106202 0.082680 0.000000
0.393719 -0.067774 0.087086 0.000000
0.468627 -0.295018 0.109388 0.000000
0.348614 0.425426 0.035163 0.000000
0.220847 -0.918794 0.012509 0.000000
0.195881 -1.204660 -0.241249 1.000000
0.341343 0.194122 0.006452 0.000000
0.181692 -1.178027 0.031500 0.000000
0.283688 0.252239 0.027940 0.000000
0.279272 -0.245925 0.027631 0.000000
0.157521 -1.155668 0.043801 0.000000
0.341761 0.446337 0.058925 0.000000
0.329157 0.248452 0.050580 0.000000
0.349736 0.415255 0.029604 0.000000
0.405296 0.189720 -0.001850 0.000000
0.199708 -0.106507 -0.069960 0.000000
0.166209 -1.173066 0.044490 0.000000
0.464744 0.153481 0.012529 0.000000
0.204375 -0.079524 -0.058879 0.000000
0.316340 0.033034 0.048751 0.000000
0.048515 -0.749183 0.025041 0.000000
0.332578 0.415429 0.060420 0.000000
0.244038 -0.663224 0.007882 0.000000
0.318214 0.136407 0.046373 0.000000
0.339553 0.394403 0.061462 0.000000
0.326433 0.000016 0.006178 0.000000
0.624495 -0.476668 0.147293 0.000000
0.261140 0.081283 -0.020730 0.000000
0.126627 -0.550752 0.025142 0.000000
0.237425 -0.646754 0.022748 0.000000
0.351064 0.088897 -0.013193 0.000000
0.486072 -0.080110 -0.027699 0.000000
0.034698 -0.298318 -0.237386 0.000000
-0.088903 -1.087749 -0.021337 0.000000
0.161037 -1.309148 0.038725 0.000000
-0.068160 -1.030644 -0.026363 0.000000
0.336879 0.179681 0.001793 0.000000
0.217516 -0.875161 0.008262 0.000000
0.169936 0.077056 -0.026058 0.000000
0.318279 0.318906 0.046032 0.000000
0.301610 0.151904 0.011213 0.000000
0.090150 -0.272676 -0.202415 0.000000
0.199412 -0.092240 -0.064062 0.000000
0.144266 -1.226202 0.044895 0.000000
0.564248 -0.004193 -0.028044 0.000000
0.196658 -0.398015 0.019489 0.000000
0.160928 -0.494262 0.033230 0.000000
-0.003363 -0.850072 0.025278 0.000000
0.164490 -1.186819 0.048280 0.000000
0.300144 0.002414 0.041547 0.000000
0.041431 -0.778720 0.024715 0.000000
0.182017 0.104980 -0.019506 0.000000
0.223332 -0.935728 0.018595 0.000000
0.238917 0.188769 0.006483 0.000000
0.154095 -1.149487 0.048043 0.000000
0.224711 -0.862705 0.007548 0.000000
0.567483 -0.186014 -0.106670 0.000000
0.117458 -0.574650 0.028513 0.000000
0.365359 0.036678 -0.029211 0.000000
0.410666 -0.142143 0.083091 0.000000
-0.083223 -1.077989 -0.025314 0.000000
0.264775 0.105777 -0.018263 0.000000
-0.063392 -1.024659 -0.019355 0.000000
0.035203 -0.771047 0.023790 0.000000
0.331199 0.222622 0.053549 0.000000
0.194668 -1.244578 -0.274745 1.000000
0.342316 0.305328 0.023344 0.000000
0.324968 0.024465 -0.007572 0.000000
0.208524 -1.078400 -0.133126 1.000000
0.470715 0.132691 0.003105 0.000000
0.015884 -0.823970 0.019623 0.000000
0.265049 -0.359924 0.019750 0.000000
0.328781 0.217799 0.009769 0.000000
0.250981 -0.620059 0.011420 0.000000
0.195491 -1.091956 0.024857 0.000000
0.213239 -0.884557 0.005804 0.000000
0.398326 0.183875 0.004877 0.000000
0.162648 -0.467928 0.021606 0.000000
0.602351 -0.464930 0.139597 0.000000
0.655339 -0.104567 -0.066384 0.000000
0.346049 0.364995 0.024243 0.000000
0.325564 0.136882 0.051545 0.000000
0.206119 -0.914428 0.005188 1.000000
0.217407 0.157792 -0.009554 0.000000
0.231312 -0.777223 0.007258 0.000000
0.383170 0.487735 0.051476 0.000000
0.233682 -0.833029 0.010505 0.000000
0.450521 0.184014 0.017562 0.000000
0.342097 -0.073822 0.019143 0.000000
0.523463 -0.121959 -0.049530 0.000000
0.254612 -0.543343 0.018807 0.000000
0.321694 0.201905 0.009119 0.000000
0.394155 0.294898 0.055112 0.000000
0.291496 -0.202007 0.037329 0.000000
0.310485 0.070237 0.040909 0.000000
0.214664 -0.022596 -0.047564 0.000000
0.434723 -0.216847 0.099656 0.000000
0.221461 -0.034275 -0.045210 0.000000
0.109635 -0.578318 0.027353 0.000000
0.534283 -0.415009 0.136897 0.000000
0.191083 -1.132064 0.037748 0.000000
0.471951 -0.273564 0.099772 0.000000
0.558517 -0.437878 0.123997 0.000000
0.274483 -0.295935 0.022646 0.000000
0.267110 -0.453795 0.021115 0.000000
0.043589 -0.089846 -0.106329 0.000000
0.261367 0.221319 0.008620 0.000000
-0.054681 -0.995872 -0.002691 0.000000
0.451789 0.198685 0.101993 0.000000
0.346165 0.469598 0.059031 0.000000
0.196594 -0.088024 -0.058279 0.000000
0.195194 -1.103371 0.022304 0.000000
0.222041 -0.848855 0.007811 0.000000
0.171376 -1.261105 0.036900 0.000000
0.413178 0.093506 -0.008722 0.000000
0.024130 -0.816570 0.015830 0.000000
0.113168 -0.592840 0.025610 0.000000
0.052967 -0.087688 -0.103572 0.000000
0.445904 -0.022989 -0.017483 0.000000
0.299916 0.155431 0.000288 0.000000
0.398525 0.387992 0.043109 0.000000
0.328569 0.281436 0.057740 0.000000
0.100333 -0.266506 -0.192018 0.000000
0.167490 -1.194533 0.036218 0.000000
0.349199 0.475494 0.062142 0.000000
0.193129 -1.210832 -0.223578 1.000000
0.428838 -0.156116 0.090600 0.000000
0.294661 0.276490 0.014764 0.000000
0.031893 -0.811446 0.015288 0.000000
0.446166 -0.215002 0.094029 0.000000
0.137622 -0.513943 0.021797 0.000000
0.188263 -1.251048 0.055664 0.000000
0.290288 0.146521 -0.004340 0.000000
0.211043 -0.895636 0.015293 0.000000
0.440753 0.220926 0.095394 0.000000
0.270255 -0.306379 0.019693 0.000000
0.149065 -1.155565 0.054230 0.000000
0.184078 -1.196131 -0.240021 1.000000
0.087691 -0.640686 0.028675 0.000000
0.046802 -0.741930 0.023022 0.000000
0.315130 0.162452 0.051480 0.000000
0.265185 -0.382825 0.026348 0.000000
0.327991 0.003448 -0.010134 0.000000
-0.079256 -1.049638 -0.021780 0.000000
0.195828 -1.115500 -0.162923 1.000000
0.264272 -0.419281 0.029708 0.000000
0.303468 -0.075092 0.044567 0.000000
0.327868 0.279848 0.049743 0.000000
0.138003 -1.227913 0.039464 0.000000
0.064928 -0.713647 0.026013 0.000000
0.182254 -1.136370 0.021889 0.000000
0.386346 0.452245 0.038879 0.000000
0.448021 -0.230406 0.102212 0.000000
0.266881 0.228972 0.004204 0.000000
0.071681 -0.718129 0.025151 0.000000
0.493950 0.104426 0.008365 0.000000
0.211638 0.150739 0.000403 0.000000
0.077111 -0.652785 0.028543 0.000000
0.467334 0.143232 0.004896 0.000000
0.561235 0.011353 -0.017175 0.000000
0.237678 0.185962 -0.001278 0.000000
0.201472 -0.991716 -0.055464 1.000000
-0.037267 -0.961248 -0.003731 0.000000
0.327254 -0.008338 -0.000733 0.000000
0.184281 -1.241084 -0.275014 1.000000
0.159514 -0.200153 -0.115817 0.000000
0.387907 0.203462 0.010243 0.000000
0.342308 0.422665 0.059977 0.000000
0.318019 0.168460 0.054982 0.000000
0.190819 -1.190461 -0.232065 1.000000
0.577367 -0.195109 -0.120579 0.000000
0.319060 0.149799 0.046673 0.000000
0.297532 -0.087873 0.042500 0.000000
0.322725 0.111705 0.037494 0.000000
0.282029 -0.227768 0.029692 0.000000
0.338949 -0.080301 0.011190 0.000000
0.138616 -1.160459 0.030574 0.000000
0.496466 -0.355843 0.119625 0.000000
0.209158 -1.056723 -0.114372 1.000000
0.394288 0.291383 0.067163 0.000000
0.178631 -1.161990 0.039689 0.000000
0.493065 0.097237 0.163627 0.000000
0.478788 0.145831 0.015937 0.000000
0.020497 -0.837703 0.012101 0.000000
0.119596 -1.248385 0.033954 0.000000
0.426127 0.257365 0.025235 0.000000
0.332500 -0.055216 0.005525 0.000000
0.404855 0.298557 0.029261 0.000000
-0.017160 -0.907825 0.007664 0.000000
0.473885 -0.308035 0.114237 0.000000
0.396423 0.355529 0.038109 0.000000
0.325462 0.053100 -0.007016 0.000000
0.465962 0.145931 0.126737 0.000000
0.217138 -0.967214 0.019623 0.000000
0.320373 0.065273 0.044316 0.000000
0.189778 -1.194034 0.051996 0.000000
0.177043 -0.156701 -0.087501 0.000000
0.430248 0.041623 -0.008126 0.000000
0.144802 -1.145332 0.043997 0.000000
0.290675 -0.102214 0.030193 0.000000
0.171794 -0.180933 -0.108762 0.000000
0.308772 -0.040430 0.045594 0.000000
0.360530 0.002605 0.069693 0.000000
0.322516 0.258204 0.047381 0.000000
0.254636 -0.476552 0.022550 0.000000
0.335794 0.361587 0.057224 0.000000
0.319242 0.190981 0.007832 0.000000
0.328726 0.329507 0.053021 0.000000
0.342872 0.335813 0.029145 0.000000
0.220172 -0.967488 -0.045667 1.000000
0.403988 -0.152774 0.082737 0.000000
0.389300 0.279688 0.022692 0.000000
0.195272 -1.111988 0.039728 0.000000
0.236119 -0.721446 0.012005 0.000000
0.631293 -0.089960 -0.052194 0.000000
0.462071 -0.044786 -0.023160 0.000000
0.253784 -0.591838 0.022712 0.000000
0.058858 -0.081576 -0.097209 0.000000
0.048938 -0.290770 -0.232597 0.000000
0.027780 -0.798280 0.021345 0.000000
0.314975 0.174903 0.041313 0.000000
0.194844 -1.195702 -0.236203 1.000000
0.217200 -0.043319 -0.046066 0.000000
0.193742 -1.130948 0.019587 0.000000
0.505563 -0.357180 0.108411 0.000000
0.157090 -0.473226 0.019460 0.000000
0.229819 0.177031 -0.016357 0.000000
0.316165 0.179209 0.047328 0.000000
0.183840 -1.251638 0.061335 0.000000
0.343116 0.175818 0.003323 0.000000
0.089308 -0.650047 0.029980 0.000000
0.195535 -1.013462 0.032069 0.000000
0.175101 -1.252075 -0.279361 1.000000
0.356112 0.015642 0.046252 0.000000
0.119064 -0.559115 0.022695 0.000000
0.320664 0.188184 0.047114 0.000000
0.303176 0.163799 0.004000 0.000000
0.200086 -0.403018 0.033709 0.000000
0.453237 -0.240004 0.098939 0.000000
0.332485 0.304675 0.051510 0.000000
0.257705 0.055053 -0.013284 0.000000
0.706042 -0.145360 -0.079118 0.000000
0.361526 -0.010270 0.058842 0.000000
0.324136 0.034299 -0.004699 0.000000
0.507515 -0.375557 0.122381 0.000000
0.262715 -0.485056 0.016362 0.000000
0.377308 -0.050585 0.063329 0.000000
0.277514 -0.319232 0.025716 0.000000
0.201153 -1.064393 0.019556 0.000000
0.329400 0.235814 0.051885 0.000000
0.179981 -1.130663 0.040727 0.000000
0.192152 -1.007101 0.023941 0.000000
0.202104 0.126611 -0.003553 0.000000
0.257434 0.212233 0.013099 0.000000
0.265736 -0.423466 0.018923 0.000000
0.219607 -0.978846 -0.053457 1.000000
0.357175 -0.097512 0.022193 0.000000
0.514346 0.052027 0.209900 0.000000
0.171259 -1.281389 0.036731 0.000000
0.232973 -0.739452 0.013544 0.000000
0.551739 -0.429921 0.136561 0.000000
0.224811 -0.906818 0.017068 0.000000
0.233992 -0.915942 -0.006663 1.000000
0.404970 -0.092745 0.088809 0.000000
0.341951 0.416181 0.065125 0.000000
0.502602 -0.110975 -0.036910 0.000000
0.339587 0.274885 0.020832 0.000000
0.579989 -0.034221 -0.035323 0.000000
0.279215 -0.290969 0.028230 0.000000
0.420695 -0.114343 -0.101483 0.000000
0.078344 -0.705312 0.023489 0.000000
0.196367 -1.113109 0.032292 0.000000
0.460206 -0.256545 0.101199 0.000000
0.278904 -0.197414 0.030556 0.000000
0.230462 -0.811478 0.007757 0.000000
0.395310 0.347435 0.031467 0.000000
0.311994 0.191865 0.006526 0.000000
0.166498 -1.095870 0.034378 0.000000
0.233719 -0.945953 -0.022074 1.000000
0.190998 -1.122785 0.027217 0.000000
0.275828 -0.257548 0.027160 0.000000
0.311430 -0.006726 0.033089 0.000000
0.210890 -0.934949 -0.015808 1.000000
0.268463 -0.340053 0.025932 0.000000
0.099222 -0.658208 0.032331 0.000000
0.238720 -0.748398 0.015322 0.000000
0.439493 0.212042 0.092465 0.000000
0.242898 -0.634610 0.013893 0.000000
0.207050 -1.015677 0.020156 0.000000
0.508971 -0.366630 0.110757 0.000000
0.203155 -0.943920 -0.019037 1.000000
0.268522 -0.374745 0.012554 0.000000
0.469610 -0.257948 0.096563 0.000000
-0.013536 -0.895059 0.011044 0.000000
0.134861 -0.529384 0.023700 0.000000
0.140212 -0.559147 0.039083 0.000000
0.158361 -1.132678 0.051400 0.000000
0.199384 -1.198347 -0.230943 1.000000
0.478961 0.136854 0.017852 0.000000
0.394403 0.327353 0.034296 0.000000
0.356726 0.011174 0.066341 0.000000
0.210638 -1.093277 -0.145122 1.000000
0.235107 -0.332781 0.022558 0.000000
0.139771 -1.179988 0.054136 0.000000
0.406595 -0.056830 -0.070810 0.000000
-0.034195 -0.946501 -0.003076 0.000000
0.434193 0.216802 0.015080 0.000000
0.311625 0.108851 0.045282 0.000000
0.218900 -0.961565 0.024569 0.000000
0.181785 -1.188182 0.046721 0.000000
0.419600 0.246007 0.075811 0.000000
0.303914 0.296950 0.046861 0.000000
0.298551 -0.110737 0.029274 0.000000
0.724734 -0.151246 -0.075435 0.000000
0.260253 -0.301568 0.031310 0.000000
0.368445 0.024447 -0.029128 0.000000
0.211518 0.154118 -0.007342 0.000000
0.171016 -1.171882 0.035708 0.000000
0.477009 -0.054437 -0.013281 0.000000
0.184871 -1.200150 0.030529 0.000000
0.224996 -0.927960 -0.014367 1.000000
0.249869 -0.647821 0.011024 0.000000
0.355003 0.397032 0.032384 0.000000
0.536236 -0.413162 0.118783 0.000000
0.452572 0.180451 0.023230 0.000000
0.093312 -0.598927 0.027618 0.000000
0.427088 0.044375 0.003229 0.000000
0.508746 -0.104510 -0.038380 0.000000
0.264826 -0.284343 0.030376 0.000000
0.478902 -0.063119 -0.027863 0.000000
0.183953 -1.194039 0.023331 0.000000
0.309314 -0.030375 0.036744 0.000000
0.398398 0.248422 0.010827 0.000000
0.108112 -0.604973 0.029621 0.000000
0.351603 0.482288 0.044695 0.000000
0.220744 -1.005716 -0.074694 1.000000
0.261535 -0.478662 0.019376 0.000000
0.644722 -0.095571 -0.060069 0.000000
0.519439 0.029874 0.219656 0.000000
0.249808 -0.307635 0.020944 0.000000
0.137655 -1.190049 0.066130 0.000000
0.310932 0.022799 0.043724 0.000000
0.078780 -0.693473 0.028025 0.000000
0.327721 0.186505 0.045508 0.000000
0.248721 -0.610873 0.016426 0.000000
0.163191 -1.222669 0.050174 0.000000
0.307792 0.180115 -0.000628 0.000000
0.241049 -0.712010 0.009256 0.000000
0.407228 -0.118787 0.090753 0.000000
0.468566 -0.041560 -0.013933 0.000000
0.184529 -1.135764 0.036995 0.000000
0.121871 -1.325449 0.034663 0.000000
0.184861 -0.432295 0.028732 0.000000
0.396845 0.374204 0.036481 0.000000
0.334741 0.076139 -0.000043 0.000000
0.240734 -0.677426 0.007263 0.000000
0.137539 -1.211919 0.048285 0.000000
0.117045 0.016417 -0.053579 0.000000
0.312481 -0.018307 0.042779 0.000000
0.610100 -0.048120 -0.048791 0.000000
0.338016 -0.049277 0.011906 0.000000
0.151595 -1.163986 0.047532 0.000000
0.201633 -1.050849 -0.111536 1.000000
0.307896 0.062158 0.050067 0.000000
0.383393 -0.074252 0.073409 0.000000
0.327162 0.168519 0.048859 0.000000
0.196454 -1.030898 -0.090470 1.000000
0.099562 -0.602566 0.027703 0.000000
0.181622 -1.112094 0.037641 0.000000
0.335304 0.260134 0.054566 0.000000
0.387533 0.499637 0.049417 0.000000
0.207125 -1.005573 -0.071749 1.000000
0.214873 -0.051190 -0.048545 0.000000
0.193179 -1.138640 0.031352 0.000000
0.261448 -0.531400 0.012633 0.000000
0.339470 0.325693 0.023021 0.000000
0.267410 -0.292334 0.025412 0.000000
0.462194 -0.032634 -0.014720 0.000000
0.387600 0.306183 0.056568 0.000000
0.494193 -0.331183 0.104749 0.000000
0.242882 0.194533 0.016198 0.000000
0.196345 -1.127138 -0.172268 1.000000
0.269188 -0.280353 0.012513 0.000000
0.179595 -1.092885 0.032014 0.000000
0.208945 -1.035501 -0.090507 1.000000
0.274831 -0.275816 0.024730 0.000000
0.163253 -1.356724 -0.373550 1.000000
0.164967 -0.177297 -0.102818 0.000000
0.272670 -0.307886 0.029573 0.000000
0.183105 -1.210146 0.022483 0.000000
0.202646 -1.127772 -0.165603 1.000000
0.188668 -1.206742 -0.240371 1.000000
0.271123 -0.411926 0.018188 0.000000
0.065052 -0.694169 0.027837 0.000000
0.249838 -0.309611 0.030518 0.000000
0.391430 0.310489 0.025671 0.000000
0.177999 -1.335808 0.063767 0.000000
0.202705 -1.053287 0.036706 0.000000
0.176933 -1.256673 0.058452 0.000000
0.305777 -0.024240 0.042501 0.000000
0.226854 -0.852438 0.019142 0.000000
0.345800 -0.095285 0.014292 0.000000
0.209229 -1.019329 -0.079603 1.000000
0.107170 0.004258 -0.058912 0.000000
0.331955 0.300534 0.057361 0.000000
0.228121 -0.963743 -0.044390 1.000000
0.386941 0.254222 0.021749 0.000000
0.487819 -0.327990 0.111370 0.000000
0.182760 -1.124850 0.044764 0.000000
0.303410 -0.058465 0.039682 0.000000
-0.034409 -0.954959 -0.006812 0.000000
0.173803 -1.044460 0.019304 0.000000
0.051719 -0.770766 0.023460 0.000000
0.381933 0.317776 0.051291 0.000000
0.235274 -0.694397 0.009748 0.000000
0.322953 0.245564 0.052923 0.000000
0.437150 -0.212959 0.094545 0.000000
0.596380 -0.459978 0.141684 0.000000
0.259379 -0.425975 0.023566 0.000000
0.201483 -0.909180 -0.000941 1.000000
-0.051018 -0.989060 -0.007306 0.000000
0.501366 0.069575 0.185070 0.000000
0.260510 -0.493250 0.018056 0.000000
0.334390 0.359176 0.049013 0.000000
0.233817 -0.742694 0.021174 0.000000
0.574039 -0.014565 -0.031706 0.000000
0.318114 0.099762 0.049733 0.000000
0.190977 0.121083 -0.021846 0.000000
0.321961 0.086800 0.048974 0.000000
0.370777 0.437437 0.037083 0.000000
0.143921 -0.229500 -0.132448 0.000000
0.199558 -1.171107 -0.208940 1.000000
0.321573 0.103946 0.060366 0.000000
0.324651 0.217725 0.050950 0.000000
0.580078 -0.449025 0.144514 0.000000
0.356890 0.052059 -0.020754 0.000000
0.418975 0.073342 -0.010660 0.000000
0.374022 -0.039339 0.065685 0.000000
0.170249 -0.451890 0.021363 0.000000
0.334371 0.186973 0.008589 0.000000
0.334399 0.268686 0.017849 0.000000
0.261059 -0.422364 0.012857 0.000000
0.255281 -0.503204 0.012698 0.000000
0.193990 -0.390130 0.017358 0.000000
0.392991 -0.084551 0.078167 0.000000
0.260084 -0.559800 0.009757 0.000000
0.248991 -0.583488 0.012144 0.000000
0.265006 0.228004 0.021170 0.000000
0.294403 -0.195401 0.027276 0.000000
0.436171 -0.225983 0.097944 0.000000
0.007257 -0.847378 0.015805 0.000000
0.323387 0.237467 0.056166 0.000000
0.236959 -0.730059 0.018338 0.000000
0.350505 0.454879 0.038706 0.000000
0.169253 -0.186224 -0.112236 0.000000
0.400079 0.209866 0.004699 0.000000
0.276896 -0.265570 0.034163 0.000000
0.124022 -1.277650 0.037739 0.000000
0.194154 -1.077507 0.026348 0.000000
0.317643 0.081619 0.043465 0.000000
0.199258 -1.013956 0.018544 0.000000
0.208718 -1.033900 0.036950 0.000000
0.293132 0.153138 0.005527 0.000000
0.318874 0.196068 0.052576 0.000000
0.373891 0.336978 0.043678 0.000000
0.124721 -0.566338 0.031652 0.000000
0.432032 0.238475 0.021277 0.000000
0.200980 -1.088182 -0.128678 1.000000
0.434379 -0.206339 0.093105 0.000000
0.093373 -0.023119 -0.068790 0.000000
0.344431 0.094045 0.001359 0.000000
0.028142 -0.297796 -0.239115 0.000000
0.647509 -0.495313 0.153023 0.000000
0.196496 -1.019508 0.027068 0.000000
0.346916 0.040668 0.057004 0.000000
0.185860 -1.285279 -0.305163 1.000000
0.360251 0.058757 -0.015565 0.000000
0.497029 0.081352 -0.004166 0.000000
0.269284 -0.386383 0.013604 0.000000
0.334490 0.109836 -0.007438 0.000000
0.444107 0.209178 0.096757 0.000000
0.566378 0.002146 -0.026872 0.000000
0.228502 -0.936435 -0.020270 1.000000
0.276460 0.103126 -0.001048 0.000000
0.040596 -0.102658 -0.108056 0.000000
0.379009 -0.044123 0.076957 0.000000
0.327593 -0.007817 0.006749 0.000000
0.335614 0.376649 0.057395 0.000000
0.122302 -1.256171 0.059646 0.000000
0.242275 0.025318 -0.026584 0.000000
0.324154 0.023674 0.005047 0.000000
0.501849 -0.343706 0.101932 0.000000
0.303030 -0.072163 0.028873 0.000000
-0.028640 -0.944610 -0.008704 0.000000
0.031866 -0.755558 0.028669 0.000000
0.226351 -0.859961 0.019639 0.000000
0.058962 -0.740191 0.023808 0.000000
0.025959 -0.830965 0.011491 0.000000
0.491747 -0.087847 -0.031399 0.000000
0.399062 0.306456 0.036467 0.000000
0.199546 -1.080849 0.030891 0.000000
0.331554 0.086906 0.045944 0.000000
0.209414 -1.039950 0.015844 0.000000
0.326530 0.213812 0.003545 0.000000
-0.092631 -1.090504 -0.035463 0.000000
0.536999 0.052769 -0.004776 0.000000
0.474932 -0.227643 -0.151381 0.000000
0.200537 -0.995361 0.025017 0.000000
0.399540 0.199706 0.003988 0.000000
0.178135 -1.177642 0.049262 0.000000
0.458771 -0.203442 -0.146446 0.000000
0.253882 -0.449808 0.015655 0.000000
0.188226 -1.113124 0.044041 0.000000
0.348129 0.399663 0.033613 0.000000
0.523500 -0.394904 0.119164 0.000000
0.320084 0.151441 0.039727 0.000000
0.451531 -0.007296 -0.008202 0.000000
0.263313 -0.443216 0.015260 0.000000
0.158320 -0.194333 -0.112638 0.000000
0.168291 -1.053973 0.033291 0.000000
0.340723 0.281618 0.019350 0.000000
0.055460 -0.703464 0.029844 0.000000
0.016426 -0.300740 -0.253708 0.000000
0.197790 -0.972584 -0.029891 1.000000
0.235291 -0.945738 -0.035828 1.000000
0.317497 0.310445 0.035972 0.000000
0.438024 -0.159151 -0.127981 0.000000
0.201377 -1.092761 0.020732 0.000000
0.447255 0.177356 0.104594 0.000000
0.393892 0.165016 0.007261 0.000000
0.437997 0.211137 0.023188 0.000000
0.399543 0.322408 0.029839 0.000000
0.155704 -1.218775 0.047183 0.000000
0.121972 -0.537545 0.024651 0.000000
0.178158 0.102703 -0.027248 0.000000
0.148238 -0.522605 0.035128 0.000000
0.190234 -1.102361 0.031333 0.000000
0.499592 -0.098538 -0.035053 0.000000
0.125931 -1.196959 0.030265 0.000000
0.162227 0.077863 -0.028141 0.000000
0.704589 -0.136935 -0.067842 0.000000
0.173229 -1.150937 0.043979 0.000000
0.159434 0.072530 -0.032021 0.000000
0.449531 -0.248569 0.101685 0.000000
0.152368 -1.113439 0.022725 0.000000
0.147803 -1.156985 0.029965 0.000000
0.140649 -0.234837 -0.149426 0.000000
0.341108 0.400694 0.056786 0.000000
0.297092 -0.147762 0.026382 0.000000
0.146037 -0.500915 0.025656 0.000000
0.240740 -0.665349 0.019503 0.000000
0.531210 -0.403300 0.114744 0.000000
0.343281 0.238883 0.015195 0.000000
0.484605 -0.316081 0.107869 0.000000
0.293925 -0.186184 0.026055 0.000000
0.199951 -1.193356 -0.225013 1.000000
0.516578 0.046257 0.202223 0.000000
0.686615 -0.524560 0.162003 0.000000
0.081568 -0.281904 -0.216793 0.000000
0.204349 -1.132518 -0.175637 1.000000
0.350985 0.446179 0.038312 0.000000
0.669100 -0.120994 -0.065275 0.000000
0.232503 -0.709151 0.017698 0.000000
0.196819 -1.153829 0.022859 0.000000
0.501040 -0.360599 0.122307 0.000000
0.231927 -0.910330 -0.002717 1.000000
0.343453 0.294851 0.017574 0.000000
0.286704 -0.220623 0.026346 0.000000
0.127243 -1.251681 0.059182 0.000000
0.212499 -1.006880 -0.067999 1.000000
0.100097 -0.643003 0.027117 0.000000
0.387586 -0.009976 -0.041405 0.000000
0.269319 -0.387169 0.022899 0.000000
0.387127 -0.091211 0.067800 0.000000
0.298066 -0.071748 0.042525 0.000000
0.236498 -0.764276 0.016105 0.000000
-0.024775 -0.917791 0.008978 0.000000
0.296720 -0.113319 0.039419 0.000000
0.478898 -0.220671 -0.147751 0.000000
0.309355 0.005592 0.042669 0.000000
0.336032 -0.037845 0.005791 0.000000
0.570843 -0.018658 -0.038714 0.000000
0.130647 -0.584160 0.037472 0.000000
0.117010 -1.250332 0.058895 0.000000
0.176622 -1.046194 0.033970 0.000000
0.182095 -1.229911 0.027125 0.000000
0.457379 -0.274879 0.107342 0.000000
0.540676 -0.144891 -0.065000 0.000000
0.180843 -0.441591 0.024232 0.000000
-0.062129 -1.019324 -0.023203 0.000000
0.195580 -1.151518 -0.192769 1.000000
0.340117 0.346501 0.058709 0.000000
0.283186 -0.233891 0.026200 0.000000
0.387282 0.303011 0.066642 0.000000
0.242231 -0.676033 0.024202 0.000000
0.145658 -0.512187 0.031371 0.000000
0.369260 -0.027735 0.063639 0.000000
0.392938 0.381544 0.038191 0.000000
0.345558 0.352331 0.027800 0.000000
0.201319 -0.408094 0.025632 0.000000
0.173407 -1.224665 0.029656 0.000000
0.269181 -0.400993 0.013508 0.000000
0.137508 -1.217519 0.042831 0.000000
0.014338 -0.139108 -0.130229 0.000000
0.296970 -0.055599 0.039174 0.000000
0.268247 -0.318632 0.018765 0.000000
0.286018 0.130199 -0.002981 0.000000
0.425907 -0.131040 -0.112868 0.000000
0.334839 0.268226 0.051007 0.000000
0.308463 0.013285 0.039876 0.000000
-0.069511 -1.034956 -0.016071 0.000000
0.325762 -0.001877 -0.000527 0.000000
0.488272 -0.345692 0.122068 0.000000
0.185577 -1.246795 -0.278406 1.000000
0.123858 0.017225 -0.050168 0.000000
0.671223 -0.110393 -0.064341 0.000000
0.242798 -0.712450 0.022151 0.000000
0.340914 0.048778 0.065859 0.000000
0.209640 -1.011314 -0.078821 1.000000
0.563111 -0.439628 0.130735 0.000000
0.198911 -1.004315 0.027558 0.000000
0.079586 -0.631742 0.027842 0.000000
0.292550 -0.175018 0.039064 0.000000
0.237839 -0.683008 0.013589 0.000000
0.203108 -0.388492 0.022708 0.000000
0.407568 0.144733 -0.008318 0.000000
0.351334 0.028357 0.061132 0.000000
0.336188 -0.027988 0.009347 0.000000
0.166522 -1.317552 -0.339874 1.000000
0.584553 -0.453222 0.138612 0.000000
0.241977 -0.722371 0.008761 0.000000
0.192907 -0.404983 0.021032 0.000000
0.485013 -0.069533 -0.020559 0.000000
0.151279 -0.211082 -0.122387 0.000000
0.285478 0.258437 0.026506 0.000000
0.141443 -1.161761 0.037367 0.000000
0.228777 -0.982894 -0.061315 1.000000
0.230881 -0.794191 0.017164 0.000000
0.396450 0.299756 0.024204 0.000000
0.057053 -0.750113 0.021758 0.000000
0.227219 -0.856028 0.013349 0.000000
0.208362 -0.986618 0.021332 0.000000
0.006095 -0.856137 0.018863 0.000000
0.268541 -0.375458 0.021277 0.000000
0.310133 0.043901 0.047715 0.000000
0.152718 -1.231439 0.049604 0.000000
0.383038 -0.081406 0.070519 0.000000
0.415394 -0.105834 -0.095480 0.000000
0.201079 -1.035732 -0.101432 1.000000
0.341888 0.261215 0.011908 0.000000
0.140559 -1.152525 0.048013 0.000000
0.412131 0.102687 -0.006105 0.000000
0.188561 -0.423366 0.031069 0.000000
0.284514 -0.186508 0.028860 0.000000
0.237241 -0.721471 0.019449 0.000000
0.084342 -0.690022 0.028744 0.000000
0.221627 -0.832386 0.010292 0.000000
0.420389 0.078239 0.004396 0.000000
0.119609 -1.247335 0.069094 0.000000
0.201382 -1.037746 -0.090922 1.000000
0.388916 -0.066722 0.081302 0.000000
0.591208 -0.457795 0.134245 0.000000
0.267336 -0.464944 0.010911 0.000000
0.230608 -0.337940 0.018886 0.000000
0.443631 0.005560 -0.011569 0.000000
0.283097 -0.207729 0.025285 0.000000
0.333748 -0.070455 0.005211 0.000000
0.555223 0.006645 -0.024670 0.000000
0.229903 -0.979400 -0.055101 1.000000
-0.044963 -0.973604 -0.001684 0.000000
0.221079 -0.009324 -0.043445 0.000000
0.639692 -0.487354 0.151753 0.000000
0.603281 -0.058318 -0.045165 0.000000
0.126873 -1.271446 0.045324 0.000000
0.392372 0.272176 0.020104 0.000000
0.375240 0.016290 -0.035877 0.000000
-0.022888 -0.929556 0.000362 0.000000
0.264880 -0.366729 0.023742 0.000000
0.199827 -1.076533 -0.136002 1.000000
0.220123 -0.916393 -0.006358 1.000000
0.083323 -0.017106 -0.070979 0.000000
0.335021 0.231711 0.006201 0.000000
0.195790 -1.027802 0.030656 0.000000
0.301772 0.014682 0.041512 0.000000
0.156539 -1.103778 0.021646 0.000000
0.201799 -1.017276 0.023943 0.000000
0.283192 -0.200481 0.024818 0.000000
0.443025 0.200205 0.019078 0.000000
0.183822 -1.106619 0.041185 0.000000
0.274214 0.095724 -0.006504 0.000000
0.242800 -0.629201 0.010223 0.000000
0.216586 -1.020566 -0.087443 1.000000
0.233539 0.180887 -0.001465 0.000000
0.224531 -0.968381 -0.055190 1.000000
0.177841 -1.194477 0.048122 0.000000
0.440061 -0.170612 -0.132166 0.000000
0.329904 0.357667 0.053798 0.000000
0.296886 0.270690 0.031349 0.000000
0.359317 -0.121363 0.000843 0.000000
0.403907 0.175467 -0.002090 0.000000
0.497263 -0.272751 -0.149283 0.000000
0.169150 -0.479108 0.040790 0.000000
0.396224 -0.074600 0.086805 0.000000
0.679305 -0.518714 0.164201 0.000000
0.199565 -1.091102 0.041392 0.000000
0.197216 -1.002438 -0.064075 1.000000
0.417065 -0.136923 0.088413 0.000000
0.197549 -1.221751 -0.234147 1.000000
-0.074994 -1.047536 -0.014976 0.000000
0.528392 -0.405215 0.124991 0.000000
0.206223 0.144167 -0.020789 0.000000
0.523530 0.049790 -0.011621 0.000000
0.191249 -1.053777 0.029323 0.000000
0.331510 0.351661 0.056808 0.000000
0.206771 -1.114758 -0.167930 1.000000
-0.095566 -1.106758 -0.032514 0.000000
0.220485 -0.848372 0.017807 0.000000
0.116221 -0.615725 0.034915 0.000000
0.448904 0.006852 -0.006344 0.000000
0.174632 -1.224243 0.037206 0.000000
0.278527 -0.272653 0.018070 0.000000
0.247663 -0.623082 0.021634 0.000000
0.272365 0.226940 0.017305 0.000000
0.174671 -1.249418 0.060882 0.000000
0.339336 -0.089947 0.008259 0.000000
0.159423 -0.481694 0.030617 0.000000
0.104981 -0.614718 0.030842 0.000000
0.407600 -0.074094 -0.078532 0.000000
0.133588 0.048926 -0.047674 0.000000
0.389914 0.332233 0.030933 0.000000
0.061424 -0.705512 0.027438 0.000000
0.118005 -1.285175 0.059601 0.000000
0.527067 0.027244 0.229536 0.000000
0.325136 0.020760 -0.000694 0.000000
0.383056 -0.063485 0.077513 0.000000
0.550794 -0.429829 0.126760 0.000000
0.256195 -0.567693 0.014260 0.000000
0.074043 -0.685175 0.031239 0.000000
0.048106 -0.767023 0.017875 0.000000
0.516469 -0.386447 0.112618 0.000000
0.207260 0.143820 -0.004975 0.000000
0.187996 -1.172886 0.052851 0.000000
0.192911 -1.088084 0.040760 0.000000
0.155479 -1.183701 0.044222 0.000000
0.392314 0.416398 0.041045 0.000000
0.339821 0.096864 -0.014681 0.000000
0.303800 -0.099485 0.042709 0.000000
0.296413 -0.167113 0.027625 0.000000
0.500228 0.075360 0.179309 0.000000
0.298920 -0.078082 0.038458 0.000000
0.042907 -0.760124 0.020177 0.000000
0.330826 0.079765 0.053997 0.000000
0.031062 -0.118350 -0.118514 0.000000
0.217676 -0.375459 0.025506 0.000000
0.415760 0.256556 0.071749 0.000000
0.454907 -0.022280 -0.017248 0.000000
0.306820 -0.082359 0.038983 0.000000
0.191074 -0.410720 0.024069 0.000000
0.388261 0.478713 0.044248 0.000000
0.238355 -0.928433 -0.015224 1.000000
0.227209 -0.840764 0.019397 0.000000
0.222072 -0.929838 0.020959 0.000000
0.179567 -1.283106 -0.301757 1.000000
0.262504 -0.516770 0.011338 0.000000
0.332296 -0.019972 0.001392 0.000000
0.082355 -0.663495 0.022929 0.000000
0.267807 -0.447549 0.026788 0.000000
0.517744 -0.119644 -0.047315 0.000000
0.549364 -0.427619 0.119438 0.000000
-0.027293 -0.925701 0.012027 0.000000
0.324768 0.141714 0.046905 0.000000
0.159591 -1.366809 -0.368961 1.000000
0.171572 -1.190533 0.039720 0.000000
0.196883 -1.113838 0.047383 0.000000
0.134345 -0.536575 0.030257 0.000000
0.432914 0.221779 0.026412 0.000000
0.334596 0.206218 0.011683 0.000000
0.166737 -1.341504 -0.357000 1.000000
0.261029 -0.434693 0.017601 0.000000
0.100497 0.006043 -0.061098 0.000000
0.191924 -1.054656 -0.111157 1.000000
0.613865 -0.055978 -0.049613 0.000000
0.173173 -0.167003 -0.098947 0.000000
0.307046 -0.049225 0.034102 0.000000
0.398156 0.237850 0.009217 0.000000
0.226183 -0.810205 0.014738 0.000000
0.206344 -1.074486 -0.139271 1.000000
0.084994 -1.348814 0.085688 0.000000
0.618645 -0.474143 0.146258 0.000000
0.209611 -1.025742 -0.089984 1.000000
0.509654 0.077481 -0.001167 0.000000
0.366325 0.339954 0.047081 0.000000
0.573193 -0.451573 0.135314 0.000000
0.221496 -0.362278 0.036887 0.000000
0.224898 -0.800265 0.010168 0.000000
0.276503 -0.264845 0.027210 0.000000
0.245968 -0.312714 0.015795 0.000000
0.046165 -0.095538 -0.107892 0.000000
0.174366 -1.329950 -0.341513 1.000000
0.250197 0.034150 -0.021814 0.000000
0.185055 -1.198056 -0.233955 1.000000
0.401277 0.143951 0.009853 0.000000
0.303666 -0.098769 0.033926 0.000000
0.336771 0.137642 -0.000271 0.000000
0.291796 -0.159161 0.037809 0.000000
-0.078912 -1.058944 -0.018466 0.000000
0.443943 -0.200739 0.094288 0.000000
0.122533 0.029053 -0.048390 0.000000
0.145611 0.060559 -0.041486 0.000000
0.216398 -0.840602 0.016058 0.000000
0.651107 -0.499949 0.157547 0.000000
0.191821 -1.172820 -0.208169 1.000000
0.390965 0.291208 0.022649 0.000000
0.346834 -0.087742 0.018551 0.000000
0.055208 -0.076316 -0.096101 0.000000
0.330859 -0.030925 0.006087 0.000000
0.106009 -0.002054 -0.058877 0.000000
0.325046 0.033596 0.002535 0.000000
0.292185 -0.208967 0.026076 0.000000
0.322501 0.133354 0.040512 0.000000
0.451598 -0.188099 -0.135183 0.000000
0.210838 -0.922535 -0.009255 1.000000
0.393220 -0.088687 0.085817 0.000000
0.305064 -0.036413 0.048934 0.000000
0.290395 -0.186990 0.038406 0.000000
0.339102 0.309965 0.018856 0.000000
0.551970 0.018599 -0.019291 0.000000
0.690104 -0.127873 -0.076269 0.000000
0.397187 -0.097980 0.079832 0.000000
0.223381 -0.914171 0.020379 0.000000
0.288126 -0.204126 0.027365 0.000000
0.195684 -1.175064 -0.201763 1.000000
0.266526 -0.496591 0.017580 0.000000
0.390955 0.355171 0.033170 0.000000
0.267731 -0.408155 0.023708 0.000000
0.236659 0.012964 -0.030775 0.000000
0.448813 0.187286 0.102583 0.000000
0.227786 -0.025546 -0.041551 0.000000
0.340742 0.455383 0.059275 0.000000
0.205689 -1.030053 0.021680 0.000000
0.276855 0.110407 -0.008501 0.000000
0.231295 -0.721209 0.007790 0.000000
0.412268 -0.160993 0.078277 0.000000
0.019822 -0.844644 0.009635 0.000000
0.182833 -1.095888 0.037018 0.000000
0.097927 -0.624999 0.029217 0.000000
0.259686 -0.290864 0.015456 0.000000
0.265163 -0.403766 0.018386 0.000000
0.299283 -0.031818 0.044528 0.000000
0.199053 -1.201979 -0.236365 1.000000
0.396495 0.194777 0.007336 0.000000
0.675620 -0.514075 0.166989 0.000000
0.394378 0.342711 0.035672 0.000000
0.273514 -0.406074 0.016017 0.000000
0.336216 0.060801 0.060768 0.000000
0.224464 -0.789148 0.012546 0.000000
0.192168 -1.012784 0.021069 0.000000
0.159547 -1.219176 0.054270 0.000000
0.661902 -0.108642 -0.062687 0.000000
0.192453 -1.200762 0.051740 0.000000
0.176668 -1.053924 0.023315 0.000000
0.037771 -0.293573 -0.241030 0.000000
0.271773 -0.429149 0.025356 0.000000
0.206197 -1.086903 -0.141064 1.000000
0.367585 -0.131645 0.002381 0.000000
-0.014260 -0.910937 0.002915 0.000000
0.462856 -0.245643 0.097352 0.000000
0.409456 0.120995 -0.008950 0.000000
0.257548 -0.582764 0.014699 0.000000
0.219837 0.161891 -0.001790 0.000000
0.517461 0.040019 0.213229 0.000000
0.312633 0.060143 0.041967 0.000000
0.234217 0.179010 -0.011558 0.000000
0.299110 0.279968 0.023732 0.000000
0.418111 0.254541 0.031026 0.000000
-0.000404 -0.854689 0.019929 0.000000
0.224616 -0.354005 0.030071 0.000000
0.481001 -0.226519 -0.149143 0.000000
0.189772 -1.193767 -0.241518 1.000000
0.118111 -0.602986 0.033805 0.000000
0.184510 -1.201542 -0.228289 1.000000
0.732576 -0.155854 -0.085214 0.000000
0.403317 0.155272 -0.000423 0.000000
0.190236 -1.259434 -0.279397 1.000000
0.441262 0.205216 0.025536 0.000000
0.353808 0.014881 0.078912 0.000000
0.353709 0.432362 0.037251 0.000000
0.274209 -0.222816 0.026620 0.000000
0.220221 -0.946765 0.017367 0.000000
0.321889 -0.011877 -0.006550 0.000000
0.459621 0.154218 0.004662 0.000000
0.205888 -1.038143 0.028478 0.000000
0.059877 -0.285586 -0.224872 0.000000
0.248058 -0.565323 0.015840 0.000000
0.393733 0.257970 0.017091 0.000000
0.344253 0.337616 0.022423 0.000000
0.377099 -0.037368 0.077973 0.000000
0.174892 -1.202325 0.038565 0.000000
0.747009 -0.163356 -0.091407 0.000000
0.245271 0.039889 -0.026697 0.000000
0.695824 -0.131041 -0.077345 0.000000
0.040551 -0.789204 0.014999 0.000000
0.234792 -0.730227 0.012046 0.000000
0.270779 -0.422102 0.013504 0.000000
0.252175 -0.554227 0.012803 0.000000
0.413328 -0.120421 -0.103326 0.000000
0.309696 -0.076172 0.035365 0.000000
0.373911 0.029879 -0.022750 0.000000
0.337163 0.168386 0.010895 0.000000
0.188971 -1.149370 0.042375 0.000000
0.268402 -0.434970 0.027470 0.000000
0.342010 0.343385 0.029159 0.000000
0.194044 -0.417513 0.034980 0.000000
0.221649 -1.012399 -0.083020 1.000000
0.410551 -0.114097 0.087615 0.000000
0.116936 0.028625 -0.054608 0.000000
0.069314 -0.656282 0.028307 0.000000
0.327978 0.292294 0.054636 0.000000
0.340957 0.225654 0.007711 0.000000
0.179465 -1.053027 0.040670 0.000000
0.413537 -0.156632 0.082828 0.000000
0.238758 -0.330304 0.016113 0.000000
0.310590 0.046519 0.041993 0.000000
0.195515 -0.984967 -0.050901 1.000000
0.224714 -0.908096 -0.001859 1.000000
0.299673 -0.090057 0.035368 0.000000
0.358092 -0.127649 -0.000102 0.000000
0.345215 0.079383 -0.015747 0.000000
0.238537 -0.675009 0.013865 0.000000
0.197130 -1.078035 0.038794 0.000000
0.052208 -0.739094 0.024586 0.000000
0.537089 -0.136517 -0.061150 0.000000
0.183509 -1.169752 0.031332 0.000000
0.227551 -0.869438 0.011327 0.000000
0.171118 -1.199881 0.045549 0.000000
0.257382 -0.524600 0.015559 0.000000
0.271433 -0.267910 0.030906 0.000000
0.034021 -0.798900 0.018023 0.000000
0.566354 -0.441318 0.138908 0.000000
0.086709 -0.672675 0.033097 0.000000
0.154157 -1.150866 0.054186 0.000000
0.190042 -1.038414 0.031988 0.000000
0.602675 -0.050556 -0.047120 0.000000
0.371351 0.007891 -0.041496 0.000000
0.312078 0.300455 0.030688 0.000000
0.592513 -0.034252 -0.041690 0.000000
0.334562 0.104402 -0.010693 0.000000
0.204325 -1.053369 -0.118037 1.000000
0.100447 -0.021524 -0.065026 0.000000
0.478649 -0.292075 0.100388 0.000000
0.240183 -0.636727 0.019726 0.000000
0.210838 -0.903114 0.002998 1.000000
0.162164 -0.456379 0.021670 0.000000
0.273643 -0.287565 0.022976 0.000000
0.397432 0.339692 0.031026 0.000000
0.109650 -1.244162 0.035266 0.000000
0.078324 -0.678993 0.028781 0.000000
0.290418 -0.137831 0.040910 0.000000
0.050611 -0.708700 0.029518 0.000000
0.313675 -0.003628 0.038318 0.000000
0.266653 -0.419530 0.023904 0.000000
0.340869 0.408360 0.061566 0.000000
0.253589 -0.514083 0.013530 0.000000
0.298324 -0.149168 0.039991 0.000000
0.180155 -0.424594 0.021503 0.000000
0.284732 -0.214806 0.032732 0.000000
0.154140 -0.215958 -0.132361 0.000000
0.351536 -0.113913 0.006814 0.000000
0.183189 -1.200238 0.022752 0.000000
0.168477 -1.219628 0.040429 0.000000
0.041777 -0.774149 0.020433 0.000000
0.245856 -0.644955 0.024865 0.000000
0.222368 -0.861862 0.013303 0.000000
0.196930 -1.186234 -0.229326 1.000000
0.420578 0.261335 0.080277 0.000000
0.270193 -0.436410 0.017646 0.000000
0.220124 -0.904207 0.013831 0.000000
0.206949 -0.997233 0.021413 0.000000
0.290542 0.275012 0.038849 0.000000
0.210291 -0.378859 0.018184 0.000000
0.402478 -0.068209 -0.076493 0.000000
0.203895 -1.075352 0.022871 0.000000
0.359866 -0.121663 0.008197 0.000000
0.302109 0.158415 -0.009722 0.000000
0.030780 -0.112485 -0.116345 0.000000
0.389253 -0.013795 -0.051919 0.000000
0.381144 -0.021521 -0.054578 0.000000
0.193857 -1.220660 -0.245695 1.000000
0.268643 -0.355668 0.022615 0.000000
0.356733 0.443186 0.034917 0.000000
-0.060699 -1.015481 -0.009847 0.000000
0.307492 -0.053830 0.043702 0.000000
0.210306 -0.893809 0.009128 0.000000
0.559234 -0.436152 0.136857 0.000000
0.580428 -0.193046 -0.112107 0.000000
0.234689 0.184182 0.010731 0.000000
0.344067 0.290131 0.013320 0.000000
0.254234 -0.586690 0.009825 0.000000
0.325155 0.007450 -0.005381 0.000000
0.230367 -0.749418 0.020340 0.000000
0.331266 0.320298 0.053940 0.000000
0.126790 -1.252675 0.066593 0.000000
0.306044 -0.068442 0.033482 0.000000
-0.049356 -0.984437 0.001983 0.000000
0.663606 -0.117890 -0.062072 0.000000
0.168672 -1.195252 0.050531 0.000000
0.251781 -0.521694 0.021081 0.000000
0.185109 -1.233087 0.055938 0.000000
-0.002733 -0.869041 0.014550 0.000000
0.350921 0.391180 0.032522 0.000000
0.432102 0.045135 -0.001810 0.000000
-0.010983 -0.906455 -0.000950 0.000000
0.334443 0.081351 0.042997 0.000000
0.184140 -1.263772 0.058239 0.000000
0.355921 0.014719 0.071398 0.000000
0.079661 -0.038258 -0.076459 0.000000
0.210935 -0.990880 -0.057746 1.000000
0.417431 0.259470 0.027220 0.000000
0.145475 -1.199859 0.045717 0.000000
0.258387 0.217564 0.024361 0.000000
0.235876 -0.701945 0.014480 0.000000
0.494749 0.087965 0.171370 0.000000
0.128982 -1.194499 0.066839 0.000000
0.084288 -1.359782 0.086066 0.000000
0.261052 -0.454913 0.018182 0.000000
0.514880 -0.392649 0.132317 0.000000
0.400227 -0.086007 0.079822 0.000000
0.289199 -0.192425 0.021668 0.000000
0.178124 -1.090402 0.037515 0.000000
0.407366 0.131741 0.008713 0.000000
0.147806 -0.217988 -0.130142 0.000000
0.210233 -1.041682 -0.106458 1.000000
0.392323 0.208377 0.012127 0.000000
0.347895 0.451649 0.043319 0.000000
0.333134 0.402039 0.061339 0.000000
0.483114 -0.245968 -0.157065 0.000000
0.433220 0.223441 0.091177 0.000000
0.409955 0.120730 0.001071 0.000000
0.487912 -0.251123 -0.152974 0.000000
0.298235 0.282009 0.035081 0.000000
0.356600 0.475876 0.042235 0.000000
0.153753 -1.142129 0.051682 0.000000
0.614639 -0.476778 0.140246 0.000000
0.233726 -0.026855 -0.036709 0.000000
0.322463 0.199988 0.045879 0.000000
0.116911 -0.257829 -0.173968 0.000000
0.182008 -1.250430 -0.273437 1.000000
0.330161 0.346622 0.048891 0.000000
0.302540 -0.059447 0.032965 0.000000
0.219119 -0.372030 0.033210 0.000000
0.177452 -1.099064 0.036404 0.000000
0.380474 0.007469 -0.036786 0.000000
0.350802 0.077306 -0.013018 0.000000
0.194414 -1.040982 0.038179 0.000000
0.168381 -1.164778 0.044218 0.000000
0.188267 -1.131103 0.044566 0.000000
0.245787 -0.607130 0.012467 0.000000
0.339750 0.406630 0.050630 0.000000
0.251318 0.214342 0.015715 0.000000
0.492051 -0.324297 0.103521 0.000000
0.147201 -1.180657 0.042961 0.000000
0.518252 -0.377872 0.105654 0.000000
0.058220 -0.062803 -0.089351 0.000000
0.429879 -0.153251 -0.117135 0.000000
0.341302 0.253367 0.018302 0.000000
0.355550 0.005347 0.053435 0.000000
0.317954 0.158163 0.055247 0.000000
0.329263 0.288808 0.046886 0.000000
0.228377 -0.833884 0.013557 0.000000
0.209349 -0.381354 0.031152 0.000000
-0.043508 -0.961778 -0.004408 0.000000
0.172046 -1.230366 0.054708 0.000000
0.184193 -1.119659 0.033774 0.000000
0.497741 -0.105003 -0.032966 0.000000
0.263478 -0.466249 0.017597 0.000000
0.172931 -1.303675 0.025206 0.000000
0.241813 -0.606578 0.022772 0.000000
0.366040 0.347285 0.045048 0.000000
0.314044 0.303008 0.036968 0.000000
0.449496 0.002323 -0.002140 0.000000
0.359062 0.356785 0.044178 0.000000
0.081434 -0.050028 -0.085389 0.000000
0.200145 0.131954 -0.008500 0.000000
0.157374 0.080493 -0.048193 0.000000
0.172471 -1.292390 0.023253 0.000000
0.496361 -0.339838 0.107787 0.000000
0.223348 -0.822303 0.014363 0.000000
0.203665 -0.403312 0.039432 0.000000
0.172374 -1.181428 0.047325 0.000000
0.155320 -1.176269 0.042936 0.000000
0.337856 0.423144 0.054231 0.000000
0.258384 -0.391142 0.018565 0.000000
0.199753 -1.048644 0.031088 0.000000
0.237627 -0.643911 0.013282 0.000000
0.396757 0.404125 0.044367 0.000000
0.415651 -0.092694 -0.096848 0.000000
0.263921 -0.369609 0.015446 0.000000
0.262621 -0.543511 0.015085 0.000000
0.306229 0.036637 0.045398 0.000000
0.193874 -0.100261 -0.066388 0.000000
0.243692 -0.320230 0.012064 0.000000
0.305109 0.004375 0.047639 0.000000
0.068241 -0.667035 0.028364 0.000000
0.179206 -1.261446 -0.284149 1.000000
0.332733 -0.006681 -0.002972 0.000000
0.203064 -1.095912 -0.142548 1.000000
0.170694 -1.258324 0.056863 0.000000
0.351972 0.417632 0.035915 0.000000
0.516738 -0.391327 0.126491 0.000000
0.432280 -0.147638 -0.121552 0.000000
0.351942 0.011653 0.054675 0.000000
0.387908 0.221986 0.012352 0.000000
0.338726 0.116199 -0.003074 0.000000
0.179513 -1.242942 -0.281623 1.000000
0.201119 -1.060355 0.025836 0.000000
0.232100 -0.888384 0.009288 0.000000
0.236660 -0.939465 -0.028663 1.000000
0.262845 -0.474730 0.014850 0.000000
0.297579 -0.115398 0.033144 0.000000
0.215304 -0.373931 0.037889 0.000000
0.170355 -1.099542 0.037561 0.000000
0.126006 -0.555817 0.030066 0.000000
0.287629 -0.173566 0.035658 0.000000
0.210728 -0.984977 -0.054995 1.000000
0.426078 -0.138461 -0.120995 0.000000
0.342512 0.243901 0.011281 0.000000
0.243201 -0.651123 0.012877 0.000000
0.364831 -0.007901 0.073175 0.000000
0.197360 -1.009139 -0.064412 1.000000
0.234746 0.006255 -0.031914 0.000000
0.208789 -0.991622 0.025225 0.000000
0.442893 -0.166449 -0.139249 0.000000
0.570580 -0.196790 -0.114777 0.000000
0.328321 0.196684 0.056151 0.000000
0.168668 0.089418 -0.031159 0.000000
0.138580 0.030912 -0.037659 0.000000
0.211471 -1.011722 0.024111 0.000000
0.294968 0.148679 -0.009536 0.000000
0.273357 -0.396628 0.023677 0.000000
0.158765 -1.234322 0.044789 0.000000
0.391491 -0.022222 -0.049913 0.000000
0.216153 -0.948736 0.021655 0.000000
0.302271 -0.044713 0.035318 0.000000
0.230940 -0.972645 -0.052603 1.000000
0.123808 -0.579747 0.032835 0.000000
0.210461 -1.034803 -0.097174 1.000000
0.352348 0.381537 0.031876 0.000000
-0.006079 -0.897008 0.004058 0.000000
0.335031 0.392231 0.056847 0.000000
-0.087040 -1.078325 -0.031057 0.000000
0.310341 0.033349 0.041547 0.000000
0.078370 -0.662280 0.029931 0.000000
0.209044 -0.982188 -0.049791 1.000000
0.236327 -0.915006 -0.000610 1.000000
0.306320 -0.018792 0.039247 0.000000
0.221224 -0.884411 0.011177 0.000000
0.415471 -0.143441 0.086624 0.000000
-0.020153 -0.923492 0.009642 0.000000
0.263735 -0.345952 0.025265 0.000000
0.206986 -1.022133 -0.085000 1.000000
0.320250 0.170857 0.045406 0.000000
0.692665 -0.139641 -0.074162 0.000000
0.328999 -0.026640 0.001417 0.000000
0.194422 -1.141292 -0.177803 1.000000
0.189337 -1.070808 0.027918 0.000000
0.116930 -1.247434 0.075060 0.000000
0.187827 -1.212353 0.053633 0.000000
0.228828 -0.348774 0.033267 0.000000
0.137045 0.034442 -0.043618 0.000000
0.566475 -0.174583 -0.094341 0.000000
0.151221 -0.485718 0.018498 0.000000
0.170584 -1.179855 0.035712 0.000000
0.265822 -0.507120 0.021411 0.000000
0.232738 -0.764352 0.021688 0.000000
0.333470 0.310095 0.055669 0.000000
0.252440 -0.547906 0.022693 0.000000
0.429701 -0.126316 -0.114201 0.000000
0.291067 -0.176525 0.027872 0.000000
0.163410 -1.089358 0.034035 0.000000
0.416619 0.088981 0.002251 0.000000
0.402871 0.278840 0.072751 0.000000
0.519193 -0.116636 -0.040754 0.000000
0.331529 0.202973 0.051708 0.000000
0.165620 -1.181586 0.044617 0.000000
0.189393 -1.136235 -0.166519 1.000000
0.353747 -0.102124 0.017693 0.000000
0.243681 -0.697198 0.010211 0.000000
0.216893 -0.922065 -0.009504 1.000000
0.329035 -0.063666 0.001739 0.000000
0.406252 0.138043 -0.004145 0.000000
0.394318 -0.093914 0.075755 0.000000
0.409515 0.102152 0.003625 0.000000
0.392377 0.369961 0.040496 0.000000
0.313729 0.127667 0.044572 0.000000
0.178912 -1.273730 0.059150 0.000000
0.319889 0.184401 -0.000558 0.000000
0.093238 -0.664069 0.026815 0.000000
0.574910 -0.007346 -0.031605 0.000000
0.604625 -0.469555 0.136393 0.000000
0.283624 -0.194066 0.032383 0.000000
0.187987 -1.161039 0.041839 0.000000
0.260583 -0.512123 0.021845 0.000000
0.096101 -0.272691 -0.191917 0.000000
0.187803 -1.253997 -0.284732 1.000000
0.386954 0.283543 0.028611 0.000000
0.343101 0.348511 0.021830 0.000000
0.396531 -0.052621 -0.074673 0.000000
0.154097 -1.153977 0.039094 0.000000
0.206327 -1.117537 -0.161279 1.000000
0.273353 -0.346286 0.015701 0.000000
-0.014502 -0.916967 -0.000294 0.000000
0.547904 -0.421272 0.118783 0.000000
0.216105 -0.902185 0.018681 0.000000
0.469081 -0.229901 -0.150336 0.000000
0.207277 -0.387251 0.017828 0.000000
0.087187 -0.684622 0.030383 0.000000
0.170976 -1.255064 0.036981 0.000000
0.601154 -0.039570 -0.044254 0.000000
0.080898 -0.276510 -0.214127 0.000000
0.177502 -1.087128 0.032062 0.000000
-0.073607 -1.048190 -0.023401 0.000000
0.491706 -0.264090 -0.157973 0.000000
0.255816 0.063621 -0.018724 0.000000
0.203924 -1.146893 -0.182132 1.000000
0.391182 0.298325 0.062140 0.000000
0.635578 -0.485163 0.146616 0.000000
0.327659 0.100120 0.041834 0.000000
0.253946 -0.554046 0.023740 0.000000
0.081031 -1.353122 0.081054 0.000000
0.270336 -0.448267 0.012044 0.000000
0.239361 -0.328878 0.032361 0.000000
0.168865 -1.215694 0.033007 0.000000
0.055468 -0.080327 -0.102684 0.000000
0.287220 0.268965 0.039548 0.000000
0.387980 -0.085563 0.069774 0.000000
0.211775 -0.976200 -0.044695 1.000000
0.241712 -0.665105 0.013416 0.000000
0.249692 0.047397 -0.022644 0.000000
0.262274 0.086503 -0.024310 0.000000
0.625835 -0.483070 0.143232 0.000000
0.254986 -0.610099 0.016006 0.000000
0.320549 0.004641 0.007860 0.000000
0.401648 0.142166 0.002264 0.000000
0.346047 0.488142 0.056829 0.000000
0.546277 0.010704 -0.021643 0.000000
0.194404 -0.142686 -0.088577 0.000000
0.266852 0.089058 -0.013266 0.000000
0.313786 0.053682 0.050078 0.000000
0.394282 0.240793 0.012876 0.000000
0.139482 -0.516954 0.028093 0.000000
0.388209 0.490592 0.049789 0.000000
0.514277 -0.374736 0.110608 0.000000
0.191251 -1.252994 -0.274229 1.000000
0.386483 0.453182 0.045616 0.000000
0.212286 -0.078922 -0.059689 0.000000
0.517466 0.063909 -0.005547 0.000000
0.011174 -0.304457 -0.250701 0.000000
0.393837 0.424156 0.043403 0.000000
0.129273 -0.574231 0.034668 0.000000
0.383496 -0.009154 -0.048687 0.000000
0.205901 -1.046634 0.025800 0.000000
0.208461 0.145454 -0.013368 0.000000
0.174745 -0.135815 -0.079846 0.000000
0.255491 -0.468342 0.013460 0.000000
0.331597 -0.013563 0.001754 0.000000
0.528340 -0.401807 0.120039 0.000000
0.437510 0.226709 0.094339 0.000000
0.254164 -0.531676 0.022260 0.000000
0.276628 -0.311497 0.019644 0.000000
0.051946 -0.780182 0.018689 0.000000
0.181573 -0.164137 -0.100207 0.000000
0.539400 -0.418741 0.121274 0.000000
0.192634 -1.203004 -0.228187 1.000000
0.256309 -0.296445 0.019963 0.000000
0.310270 0.084043 0.039162 0.000000
0.219874 -0.869171 0.011677 0.000000
0.359894 0.464927 0.043301 0.000000
0.323858 0.230160 0.054855 0.000000
0.268173 -0.327269 0.025837 0.000000
0.214959 -0.835096 0.012722 0.000000
0.198546 -0.080190 -0.060275 0.000000
0.253746 -0.513274 0.021424 0.000000
0.149714 0.071805 -0.043031 0.000000
0.327740 0.062416 -0.004739 0.000000
0.301479 0.285657 0.040302 0.000000
0.206742 0.139093 -0.008833 0.000000
-0.061743 -1.009994 -0.014585 0.000000
0.353190 0.073508 -0.007406 0.000000
0.137445 -0.523657 0.028114 0.000000
0.396282 0.333614 0.027709 0.000000
0.335914 0.165452 0.005821 0.000000
0.107427 -0.592802 0.029253 0.000000
0.431985 0.220176 0.085112 0.000000
0.558446 -0.430879 0.139591 0.000000
0.310025 0.307594 0.049720 0.000000
0.649224 -0.099284 -0.061419 0.000000
-0.004008 -0.876170 0.012117 0.000000
0.315326 0.095945 0.046055 0.000000
0.171362 -1.356663 -0.371727 1.000000
0.231222 -0.894617 0.007312 0.000000
0.307251 -0.061060 0.043471 0.000000
0.084004 -0.028641 -0.073829 0.000000
0.409321 0.291538 0.025077 0.000000
0.122158 -0.571688 0.026299 0.000000
0.301492 -0.023574 0.036854 0.000000
0.100319 -0.271931 -0.200007 0.000000
0.433056 0.036710 -0.010051 0.000000
0.322149 0.120980 0.051130 0.000000
0.200107 -1.216300 -0.237890 1.000000
0.200324 -1.188158 -0.219308 1.000000
0.411641 0.096081 0.004734 0.000000
0.205795 -0.393000 0.035361 0.000000
0.475366 0.125459 0.141448 0.000000
0.357173 0.456611 0.039358 0.000000
0.298993 -0.108587 0.042975 0.000000
0.240216 -0.697078 0.022543 0.000000
0.328150 0.307530 0.054484 0.000000
0.376535 -0.044759 0.069107 0.000000
0.332093 -0.039954 0.009741 0.000000
0.469642 0.134994 0.128168 0.000000
0.279217 -0.253183 0.031025 0.000000
0.349781 0.405934 0.036181 0.000000
0.414261 0.259877 0.077046 0.000000
0.180242 -1.268867 0.015994 0.000000
0.291276 -0.146888 0.025427 0.000000
0.572028 -0.185331 -0.102797 0.000000
0.347341 0.284903 0.017442 0.000000
0.307478 0.001139 0.039190 0.000000
0.183562 -1.323516 -0.342275 1.000000
0.152284 -1.217639 0.052785 0.000000
0.528969 0.049501 -0.009223 0.000000
0.373707 -0.054149 0.060075 0.000000
0.173333 -1.316245 -0.337456 1.000000
0.185970 -1.221670 0.035577 0.000000
0.505163 0.062963 0.192689 0.000000
0.400118 0.310724 0.031124 0.000000
0.467372 -0.305770 0.118926 0.000000
0.180980 -1.295143 -0.311415 1.000000
0.267422 -0.324666 0.017806 0.000000
0.417677 -0.148959 0.088600 0.000000
0.317075 0.199659 0.006057 0.000000
0.481555 -0.239141 -0.152565 0.000000
0.359624 0.001258 0.056617 0.000000
0.190844 -1.190324 -0.226125 1.000000
0.161201 -0.495535 0.039027 0.000000
0.378844 0.000991 -0.044232 0.000000
0.218295 -0.897429 0.007677 0.000000
0.172282 -0.450161 0.026966 0.000000
0.180921 -1.308218 0.066294 0.000000
0.192572 -1.144529 -0.191166 1.000000
0.271136 -0.315783 0.023828 0.000000
0.330391 0.253694 0.054286 0.000000
0.263995 -0.400799 0.023653 0.000000
0.302195 -0.051629 0.036529 0.000000
0.323640 0.169197 0.056729 0.000000
0.184034 0.114365 -0.029943 0.000000
0.142517 -1.170183 0.045289 0.000000
0.234386 -0.782156 0.015419 0.000000
0.198302 -1.139382 -0.183368 1.000000
0.092007 -0.677436 0.030731 0.000000
0.395024 -0.047197 -0.069157 0.000000
0.236072 -0.714805 0.012728 0.000000
0.267744 -0.496178 0.011113 0.000000
0.281788 0.125009 -0.012031 0.000000
0.189630 -1.175521 -0.203053 1.000000
0.617405 -0.066617 -0.052451 0.000000
0.499569 -0.272994 -0.154727 0.000000
0.423820 -0.142979 0.093331 0.000000
0.219441 -0.364377 0.026656 0.000000
0.435388 0.023895 -0.014524 0.000000
0.362519 0.043307 -0.018883 0.000000
0.663875 -0.113183 -0.066602 0.000000
0.230646 -0.767778 0.013525 0.000000
0.522361 0.032623 0.225030 0.000000
0.172882 -1.191679 0.026716 0.000000
0.175622 -0.142137 -0.087682 0.000000
0.256363 -0.299598 0.035346 0.000000
0.151602 -0.503513 0.031532 0.000000
0.190470 -1.126095 0.020368 0.000000
0.464433 0.150437 0.123244 0.000000
0.332350 0.384308 0.055307 0.000000
0.138054 -0.506099 0.023732 0.000000
0.257505 -0.459404 0.012383 0.000000
0.175185 -1.157149 0.045138 0.000000
0.132968 -1.220977 0.040804 0.000000
0.335637 0.084210 -0.003634 0.000000
0.230941 -0.680760 0.012548 0.000000
0.327280 0.241135 0.053687 0.000000
0.334990 0.443966 0.059449 0.000000
0.191330 -1.142298 0.019807 0.000000
0.225321 0.167936 0.004656 0.000000
0.174204 -1.236223 0.033933 0.000000
0.452303 -0.184865 -0.140059 0.000000
0.458133 -0.262204 0.102815 0.000000
0.474067 -0.060483 -0.022563 0.000000
0.513397 -0.116031 -0.043969 0.000000
0.226522 -0.891464 0.018333 0.000000
0.264692 -0.281350 0.025307 0.000000
0.326666 0.011073 -0.000994 0.000000
0.010075 -0.839749 0.017505 0.000000
0.146224 -1.196188 0.052035 0.000000
0.225285 -0.839106 0.011195 0.000000
0.463029 0.157754 0.119215 0.000000
0.312955 0.090819 0.038572 0.000000
0.302734 -0.066064 0.039275 0.000000
0.329162 0.233512 0.046482 0.000000
-0.019025 -0.903762 0.011478 0.000000
0.316137 0.106101 0.048594 0.000000
0.198117 -1.083845 -0.131421 1.000000
0.339766 0.056487 0.051791 0.000000
0.259865 -0.505950 0.018594 0.000000
-0.044510 -0.970710 0.003408 0.000000
0.634306 -0.476829 0.153857 0.000000
0.321830 0.100536 0.054400 0.000000
0.224339 -0.818620 0.008625 0.000000
0.072711 -0.643736 0.028306 0.000000
0.203928 -1.059355 -0.112414 1.000000
0.511265 -0.377634 0.116657 0.000000
0.179299 -1.048491 0.027273 0.000000
0.173753 -1.052743 0.036313 0.000000
0.231107 0.177342 0.002797 0.000000
0.174530 -1.184319 0.037099 0.000000
0.136924 -0.239278 -0.153422 0.000000
0.072833 -0.032841 -0.075992 0.000000
0.607056 -0.051004 -0.053052 0.000000
0.499137 0.084660 0.179375 0.000000
0.227601 -0.762593 0.011083 0.000000
0.023142 -0.129764 -0.128097 0.000000
0.352413 -0.107264 0.013161 0.000000
0.537017 -0.146227 -0.069368 0.000000
0.179577 -0.444544 0.033408 0.000000
0.351520 0.473490 0.043878 0.000000
0.211588 -1.080349 -0.140503 1.000000
0.200863 -1.024558 0.026627 0.000000
0.204766 -1.089831 -0.135980 1.000000
0.287475 -0.172439 0.025735 0.000000
0.241629 -0.328317 0.037718 0.000000
0.324744 0.046787 -0.008216 0.000000
0.331289 0.118206 -0.003385 0.000000
0.185869 -0.142652 -0.087618 0.000000
0.332347 0.339442 0.062235 0.000000
0.349189 0.032161 0.053956 0.000000
-0.080990 -1.061998 -0.030135 0.000000
0.367772 -0.028670 0.071832 0.000000
0.450811 -0.217495 0.100642 0.000000
0.399469 0.284443 0.066994 0.000000
0.383493 0.004829 -0.041583 0.000000
0.060896 -0.072217 -0.097861 0.000000
0.378521 -0.003882 -0.040402 0.000000
0.214115 -1.002525 -0.072262 1.000000
0.189329 -1.209559 0.023918 0.000000
0.407601 0.112446 0.004589 0.000000
0.304426 0.156641 0.005526 0.000000
0.322807 0.155062 0.054347 0.000000
0.211649 -0.968456 0.022053 0.000000
0.272052 0.099796 -0.010318 0.000000
0.022036 -0.296126 -0.250817 0.000000
0.231629 -0.342675 0.032824 0.000000
0.337059 0.321780 0.052164 0.000000
0.395559 0.211506 0.008434 0.000000
0.313513 0.066547 0.044443 0.000000
0.333313 0.411775 0.055947 0.000000
0.290767 0.276206 0.029213 0.000000
0.468961 -0.057593 -0.025187 0.000000
0.291702 -0.120611 0.035547 0.000000
0.317359 0.040261 0.037190 0.000000
0.204938 -1.035041 0.041226 0.000000
0.374531 0.023047 -0.029651 0.000000
0.215034 -0.373573 0.017828 0.000000
0.413344 0.100691 -0.011562 0.000000
0.306388 0.297040 0.040988 0.000000
0.449914 -0.208312 0.094145 0.000000
0.175963 -1.170926 0.053551 0.000000
0.488560 -0.338876 0.116188 0.000000
0.387154 -0.075122 0.077759 0.000000
0.224014 -0.783761 0.008659 0.000000
0.316171 0.186151 -0.004672 0.000000
0.181587 -1.290970 -0.316708 1.000000
0.178332 -1.169184 0.038135 0.000000
0.186543 -1.013854 0.016741 0.000000
0.399943 0.176732 0.007889 0.000000
0.134076 -1.225520 0.060256 0.000000
0.181703 -1.176486 0.043495 0.000000
0.088637 -0.621919 0.025184 0.000000
0.112981 -0.565267 0.026046 0.000000
0.580272 -0.452824 0.130867 0.000000
0.222335 -0.350878 0.017631 0.000000
0.300453 0.291146 0.034358 0.000000
0.236868 -0.772037 0.013072 0.000000
0.066360 -0.069973 -0.091373 0.000000
0.178841 -1.186602 0.040484 0.000000
0.215102 -0.906299 0.000685 1.000000
0.039833 -0.798930 0.015737 0.000000
0.544909 -0.141681 -0.067335 0.000000
0.326160 0.083133 0.057809 0.000000
0.032706 -0.119552 -0.124148 0.000000
0.140762 -0.533712 0.032617 0.000000
0.252120 -0.304774 0.027321 0.000000
0.458489 -0.237845 0.096374 0.000000
0.311396 0.010387 0.045888 0.000000
0.197947 -1.054948 -0.108225 1.000000
0.033770 -0.829671 0.009519 0.000000
0.335160 0.185674 0.002998 0.000000
0.334053 0.222384 0.004143 0.000000
0.172332 -1.321451 -0.340295 1.000000
0.104687 -1.295976 0.039617 0.000000
0.138951 -1.205967 0.038748 0.000000
0.235036 -0.337282 0.039018 0.000000
0.383080 0.463852 0.043384 0.000000
0.188418 -1.184167 0.042991 0.000000
0.332319 0.089146 0.039218 0.000000
0.383529 -0.070784 0.068727 0.000000
0.168403 -1.327407 -0.336717 1.000000
0.171237 -1.055701 0.024225 0.000000
0.142838 -1.194603 0.057990 0.000000
0.276212 -0.279623 0.029828 0.000000
0.218382 -0.811712 0.012544 0.000000
0.358074 -0.104431 0.012593 0.000000
0.218535 -0.927022 0.016622 0.000000
0.127930 -0.590591 0.038070 0.000000
0.352497 0.356229 0.028079 0.000000
0.221555 -0.954906 -0.036710 1.000000
0.330846 0.375555 0.060478 0.000000
0.331269 0.096246 0.047983 0.000000
0.167611 0.083118 -0.031701 0.000000
0.335188 0.284139 0.016436 0.000000
0.394273 0.174265 0.010096 0.000000
0.320714 0.221436 0.045503 0.000000
0.418606 0.089050 0.010193 0.000000
0.338532 0.054411 0.063822 0.000000
0.202522 -1.043639 -0.100012 1.000000
0.215820 -0.978472 0.022826 0.000000
0.337348 -0.038784 0.012612 0.000000
0.338047 0.178662 0.008180 0.000000
0.328863 0.215425 0.015035 0.000000
0.343473 0.091939 -0.009939 0.000000
0.316695 0.169396 0.041028 0.000000
0.229581 -0.919072 -0.008690 1.000000
0.259636 -0.508681 0.011191 0.000000
0.145241 -1.211193 0.044263 0.000000
0.210800 -0.389863 0.030249 0.000000
0.445746 -0.222667 0.096281 0.000000
0.124037 -1.190959 0.033660 0.000000
0.229564 -0.771921 0.008727 0.000000
0.316051 0.124467 0.051448 0.000000
0.294404 -0.081382 0.032930 0.000000
0.260900 -0.291124 0.034666 0.000000
0.230349 -0.800140 0.017262 0.000000
0.348948 0.031411 0.065405 0.000000
0.324858 0.001105 -0.005382 0.000000
0.329755 0.071359 -0.000184 0.000000
0.201051 -1.076115 -0.126362 1.000000
0.201093 -1.040661 0.035956 0.000000
0.055620 -0.734395 0.028559 0.000000
0.154099 -0.489022 0.027649 0.000000
0.060566 -0.718099 0.025987 0.000000
0.089178 -0.027314 -0.071012 0.000000
0.174421 -1.291400 -0.314761 1.000000
0.258548 0.069721 -0.017193 0.000000
0.247911 0.026064 -0.021682 0.000000
0.195890 -1.103669 0.040810 0.000000
0.158072 -1.210324 0.050185 0.000000
0.321718 0.125329 0.047380 0.000000
0.172329 -1.175984 0.054439 0.000000
0.160382 -1.103216 0.034451 0.000000
0.162987 -0.195580 -0.117769 0.000000
-0.030353 -0.925976 0.004838 0.000000
0.651514 -0.103060 -0.056006 0.000000
0.192847 -1.017202 0.017451 0.000000
0.185414 -1.122295 0.023199 0.000000
0.341740 0.051547 0.055299 0.000000
0.011789 -0.827891 0.020558 0.000000
0.291008 -0.144249 0.037746 0.000000
0.771841 -0.174514 -0.101541 0.000000
0.298969 -0.107305 0.037085 0.000000
0.164166 -1.233339 0.051550 0.000000
0.221709 -0.028883 -0.042388 0.000000
0.137505 -0.555157 0.044090 0.000000
0.432887 -0.154056 -0.123316 0.000000
