0.385932 0.390504 0.126546 0.000000
0.629383 -1.349613 0.116922 1.000000
-0.128330 -0.585837 0.121510 0.000000
0.501038 -0.278094 -0.072086 0.000000
0.405711 -0.817424 0.416917 0.000000
0.189207 -0.235496 0.540954 0.000000
0.594463 -0.054130 0.454303 0.000000
0.071524 -0.244902 -0.049845 0.000000
0.292235 -1.149117 0.216840 0.000000
0.305014 -0.000264 0.174633 0.000000
0.355202 -0.456468 0.253288 0.000000
0.057384 -0.397903 0.170641 0.000000
0.531064 -0.143606 0.160651 0.000000
0.442830 -0.990936 0.613004 0.000000
0.355421 -0.896419 0.177006 1.000000
0.527784 -1.134742 0.162965 1.000000
0.367708 -0.073195 -0.042501 0.000000
0.210951 -0.217462 0.166671 0.000000
0.227643 -0.081299 0.373832 0.000000
0.443392 0.171653 0.124116 0.000000
0.327210 -0.673895 0.197742 0.000000
0.397444 -0.210585 0.310955 0.000000
0.433438 -0.006274 0.335211 0.000000
0.232953 -0.182681 -0.015924 0.000000
0.466962 0.004922 0.113610 0.000000
0.334212 0.147590 0.248722 0.000000
0.384191 -0.668598 0.348331 0.000000
0.339267 -0.307182 0.195570 0.000000
0.662060 -0.177504 0.084250 0.000000
0.286309 -1.004489 0.272033 0.000000
0.516350 -0.288439 0.204255 0.000000
0.437023 -1.020038 0.191962 1.000000
0.321875 0.104288 0.070072 0.000000
0.505663 -0.158419 0.015355 0.000000
0.325361 0.256832 0.102675 0.000000
0.334617 -0.144495 0.185228 0.000000
0.390391 -0.929977 0.498664 0.000000
0.291815 0.027127 0.309721 0.000000
-0.028362 -0.497265 0.141193 0.000000
0.435216 -0.065609 0.220396 0.000000
0.295245 -0.028062 0.049939 0.000000
0.430782 0.078467 0.207780 0.000000
0.551818 -1.253117 0.128373 1.000000
0.394855 0.258816 0.201616 0.000000
0.120449 -0.295563 0.169215 0.000000
0.392530 0.030983 0.008326 0.000000
0.338867 -0.552732 0.186319 0.000000
0.201143 -0.173786 0.441596 0.000000
0.370133 -0.561462 0.303765 0.000000
0.338768 -0.787286 0.220075 0.000000
0.347272 0.488805 0.151575 0.000000
0.257800 -0.089261 0.139133 0.000000
0.360003 -0.074837 0.292698 0.000000
0.462643 -0.077245 0.056118 0.000000
0.516387 -0.033312 0.397712 0.000000
0.347904 0.102141 0.163291 0.000000
0.434746 0.087904 0.080905 0.000000
0.332134 -0.400309 0.181065 0.000000
0.288595 -0.110670 0.006277 0.000000
0.326160 0.192611 0.167861 0.000000
0.383187 0.006953 0.239609 0.000000
0.292099 -0.919853 0.238054 0.000000
0.341509 0.319775 0.164014 0.000000
0.271553 -1.091869 0.282028 0.000000
0.155844 -0.218119 -0.041853 0.000000
0.423715 -0.144927 0.258602 0.000000
0.294880 -1.059114 0.203736 0.000000
0.390020 -0.957517 0.229976 1.000000
0.533600 -0.219087 0.117743 0.000000
0.410315 0.286744 0.121897 0.000000
0.502908 -0.062967 0.151813 0.000000
0.406530 0.168308 0.211710 0.000000
0.321142 -0.226295 0.193036 0.000000
0.365860 -0.745783 0.367332 0.000000
0.341613 0.179325 0.089868 0.000000
0.594442 -0.147374 0.113248 0.000000
0.473934 -1.077835 0.151311 1.000000
0.453413 0.003590 0.191317 0.000000
0.294016 0.082182 0.255999 0.000000
0.412441 0.466624 0.119719 0.000000
0.514805 -0.216473 -0.031343 0.000000
0.375646 -0.879186 0.446035 0.000000
0.327192 -0.070796 0.181720 0.000000
0.327863 -0.479345 0.188806 0.000000
0.243488 -0.153220 0.169967 0.000000
0.240953 -0.017268 0.334953 0.000000
0.309625 -0.852881 0.218708 0.000000
0.398923 0.219974 0.095251 0.000000
0.405905 -0.961431 0.559416 0.000000
0.331336 -0.366003 0.242096 0.000000
0.388213 0.135605 0.061828 0.000000
0.316852 0.036462 0.060176 0.000000
0.325996 -0.980773 0.221677 0.000000
-0.079691 -0.541342 0.137174 0.000000
0.011367 -0.447334 0.163345 0.000000
0.456015 0.065193 0.139298 0.000000
0.352031 -0.628754 0.306606 0.000000
0.605297 -1.289199 0.116950 1.000000
0.360209 0.061279 0.212397 0.000000
0.555163 -1.191219 0.145507 1.000000
0.108765 -0.358667 0.167759 0.000000
0.336333 0.236582 0.214934 0.000000
0.401087 -0.956754 0.167692 1.000000
0.421058 0.213006 0.166863 0.000000
0.322461 -1.099931 0.243243 0.000000
0.360751 -0.522797 0.255014 0.000000
0.400941 0.339608 0.161159 0.000000
0.434678 0.128790 0.170783 0.000000
0.329743 0.363638 0.121399 0.000000
0.335920 -0.613022 0.206735 0.000000
0.154901 -0.245787 0.155983 0.000000
0.442482 -0.019435 0.059967 0.000000
0.171382 -0.276080 0.582864 0.000000
0.345027 0.425930 0.154229 0.000000
0.525648 -0.106676 0.113791 0.000000
0.199046 -0.122788 0.410308 0.000000
0.185431 -0.203367 0.490996 0.000000
0.483634 -0.112695 0.178339 0.000000
0.381156 -0.022529 -0.015281 0.000000
0.524831 -0.239485 0.172472 0.000000
0.338745 0.260983 0.160445 0.000000
0.389996 0.080337 0.040348 0.000000
0.341214 -0.731941 0.200245 0.000000
0.250709 -1.053350 0.243086 0.000000
0.246663 -1.129434 0.245763 0.000000
0.350283 -0.892088 0.233514 0.000000
0.340344 0.311674 0.102177 0.000000
0.327763 0.143870 0.131869 0.000000
0.401310 0.010168 0.292657 0.000000
0.319754 0.055483 0.173879 0.000000
0.433907 0.031821 0.077842 0.000000
0.362305 -0.794519 0.393694 0.000000
0.464038 0.116172 0.123262 0.000000
0.283950 -0.042049 0.148053 0.000000
0.475514 -0.020396 0.365471 0.000000
0.393320 0.110539 0.227609 0.000000
0.359290 -0.408674 0.227326 0.000000
0.330249 -1.161072 0.250302 0.000000
0.488417 -0.041574 0.105000 0.000000
0.481952 -0.123326 0.044375 0.000000
0.267382 -0.969836 0.239604 0.000000
0.318519 -1.029030 0.237244 0.000000
0.375297 -0.038125 0.261322 0.000000
0.346799 0.376059 0.167193 0.000000
0.209267 -0.174825 0.140418 0.000000
0.338364 0.186185 0.215420 0.000000
0.306547 -0.067614 0.021941 0.000000
0.374248 0.343004 0.118145 0.000000
0.555308 -0.044047 0.425158 0.000000
0.426016 0.138921 0.092423 0.000000
0.528379 -0.192269 0.160122 0.000000
0.372496 0.436223 0.115458 0.000000
0.263056 -0.153769 0.008705 0.000000
0.326090 -0.353505 0.189722 0.000000
0.465684 -0.059531 0.183972 0.000000
0.266457 -1.138171 0.287771 0.000000
0.395946 0.293511 0.168116 0.000000
0.332123 0.143780 0.178206 0.000000
0.399928 -0.766837 0.390505 0.000000
0.399685 0.175877 0.081727 0.000000
0.397340 0.056703 0.238710 0.000000
0.419547 0.242766 0.130068 0.000000
0.367200 -0.515203 0.299550 0.000000
0.258283 -0.055544 0.352952 0.000000
0.485189 -0.021675 0.148463 0.000000
0.196757 -0.199735 -0.038047 0.000000
0.509485 -1.173414 0.149238 1.000000
0.396240 0.211855 0.212431 0.000000
0.321510 -0.920682 0.204394 0.000000
0.320146 0.209559 0.114834 0.000000
0.433930 -0.104555 0.242555 0.000000
0.255464 -0.111118 0.178638 0.000000
0.481367 -1.061993 0.192172 1.000000
0.407438 -0.180802 0.279104 0.000000
0.114368 -0.232672 -0.047788 0.000000
0.164169 -0.288410 0.167337 0.000000
0.442509 0.046875 0.179164 0.000000
0.392696 -0.710913 0.365553 0.000000
0.375254 -0.931880 0.197387 1.000000
0.388998 0.422511 0.156396 0.000000
0.291703 -1.063762 0.254130 0.000000
0.386538 -0.623845 0.332573 0.000000
0.485931 -1.119366 0.155345 1.000000
0.347987 0.224049 0.085347 0.000000
0.406556 -0.899564 0.467608 0.000000
0.427008 0.170853 0.170809 0.000000
0.403319 0.185945 0.124321 0.000000
0.335958 -0.265710 0.187274 0.000000
0.345016 -0.829715 0.215702 0.000000
0.299275 -1.010473 0.204389 0.000000
0.295359 -1.103060 0.210926 0.000000
0.334820 -0.186383 0.191937 0.000000
0.372956 0.481185 0.117343 0.000000
0.519329 -0.102988 0.158169 0.000000
0.334531 -0.029722 0.180133 0.000000
0.325253 0.109836 0.263643 0.000000
0.238066 -0.125787 0.139417 0.000000
0.340092 0.137973 0.085842 0.000000
0.277421 0.053736 0.280647 0.000000
0.422755 0.110357 0.121781 0.000000
0.340405 -0.440464 0.189556 0.000000
0.445624 -0.025165 0.218906 0.000000
0.461427 0.023944 0.149039 0.000000
0.358594 -0.697339 0.335671 0.000000
0.423901 -0.994482 0.220409 1.000000
0.336249 0.282627 0.194252 0.000000
0.627287 -0.167270 0.101390 0.000000
0.559134 -0.128457 0.116978 0.000000
0.358957 0.276354 0.112427 0.000000
0.267097 -1.091549 0.239370 0.000000
0.336564 -0.516639 0.203247 0.000000
0.273049 -1.021009 0.236555 0.000000
0.408279 -0.857216 0.441080 0.000000
0.340281 0.411467 0.117711 0.000000
0.369146 -0.830509 0.410477 0.000000
0.325293 -0.331937 0.223379 0.000000
0.284328 -1.123975 0.255922 0.000000
0.255763 0.012393 0.313839 0.000000
0.322084 -0.108075 0.191718 0.000000
0.322907 -0.000697 0.050751 0.000000
0.409745 0.250337 0.166865 0.000000
0.271718 -0.070459 0.171264 0.000000
0.304397 -0.968547 0.251161 0.000000
0.070136 -0.362357 0.178264 0.000000
0.356542 -0.361207 0.212012 0.000000
0.357146 -0.594227 0.288380 0.000000
0.337636 0.066924 0.071009 0.000000
0.502821 -0.075547 0.115039 0.000000
0.345491 -0.420700 0.262560 0.000000
0.376456 0.460514 0.149151 0.000000
0.567901 -1.287754 0.123958 1.000000
0.312622 -0.890187 0.225407 0.000000
0.504551 -0.242785 -0.056440 0.000000
0.395833 0.379172 0.160907 0.000000
0.437431 0.089506 0.172569 0.000000
0.510719 -0.188148 -0.006913 0.000000
0.426584 -0.986530 0.578046 0.000000
0.133493 -0.330707 0.170158 0.000000
0.313339 0.123448 0.229486 0.000000
0.451901 -1.037880 0.163292 1.000000
0.343436 -0.865781 0.208194 1.000000
0.045018 -0.432874 0.159434 0.000000
0.387541 0.312612 0.134726 0.000000
0.185566 -0.206461 0.142574 0.000000
0.494947 -0.147256 0.165816 0.000000
0.570907 -1.222794 0.136049 1.000000
0.426693 -0.998856 0.164356 1.000000
0.588019 -1.254311 0.127665 1.000000
0.408348 -0.945340 0.527103 0.000000
0.301634 -0.954884 0.215443 0.000000
-0.015668 -0.471429 0.162586 0.000000
0.226375 -0.113003 0.389569 0.000000
0.429468 0.209882 0.121434 0.000000
0.231462 -0.188838 0.169145 0.000000
0.453416 0.037677 0.117653 0.000000
0.272358 -1.038521 0.268854 0.000000
0.397924 0.255326 0.105545 0.000000
-0.056254 -0.518593 0.149589 0.000000
0.225992 -0.043089 0.357386 0.000000
0.319962 0.026272 0.155034 0.000000
0.534761 -1.217673 0.136141 1.000000
-0.098761 -0.570037 0.129533 0.000000
0.309654 0.071592 0.284823 0.000000
0.333062 0.226068 0.163551 0.000000
0.324068 -0.582366 0.196869 0.000000
0.313555 -1.132826 0.239625 0.000000
0.319698 -1.067624 0.232547 0.000000
0.345967 -0.646191 0.204217 0.000000
0.418943 0.147979 0.124992 0.000000
0.288535 -0.028615 0.182959 0.000000
0.186929 -0.251944 0.164663 0.000000
0.293051 -0.094923 0.036438 0.000000
0.273777 -0.011652 0.329115 0.000000
0.363804 -0.922358 0.227739 1.000000
0.100056 -0.326941 0.174097 0.000000
0.359537 -0.489729 0.249914 0.000000
0.325087 -0.760771 0.204829 0.000000
0.372936 -0.591935 0.317645 0.000000
0.607861 -1.324215 0.115852 1.000000
0.324497 0.174399 0.117906 0.000000
0.400404 -0.968512 0.200611 1.000000
0.383535 0.027539 0.265143 0.000000
0.361553 0.077581 0.180195 0.000000
0.353843 0.125352 0.139023 0.000000
0.460664 -0.044495 0.070571 0.000000
0.211024 -0.152459 0.416640 0.000000
0.440641 0.034498 0.209201 0.000000
0.450083 -0.031134 0.184994 0.000000
0.344686 -0.698659 0.209176 0.000000
0.481161 0.045858 0.132923 0.000000
0.181413 -0.264068 0.554555 0.000000
0.415375 0.144999 0.190644 0.000000
0.297615 -0.998905 0.234210 0.000000
0.401134 0.108023 0.052007 0.000000
0.347821 0.243681 0.185637 0.000000
0.360553 -0.542326 0.280176 0.000000
0.192229 -0.229717 0.509908 0.000000
0.396883 0.143440 0.228846 0.000000
0.435291 0.079660 0.120413 0.000000
0.185445 -0.179079 0.468395 0.000000
0.423299 -0.009329 0.303765 0.000000
0.404123 0.189341 0.181775 0.000000
0.538592 -1.165229 0.157502 1.000000
0.430860 0.059562 0.093582 0.000000
0.326604 0.085512 0.178896 0.000000
0.345920 0.458796 0.143122 0.000000
0.451297 -1.066877 0.174484 1.000000
0.385721 0.000998 0.005493 0.000000
0.086505 -0.384787 0.164878 0.000000
0.320256 0.289285 0.108249 0.000000
0.339318 -0.395088 0.246588 0.000000
0.445040 0.003938 0.083047 0.000000
0.323993 0.022668 0.185010 0.000000
0.448372 0.141654 0.127836 0.000000
0.295960 -0.006322 0.146462 0.000000
0.328738 0.156623 0.220460 0.000000
0.477704 -1.092304 0.177355 1.000000
0.361668 -0.664671 0.328954 0.000000
0.382615 -0.903568 0.486827 0.000000
0.353057 -0.332199 0.205360 0.000000
0.456392 -0.024554 0.341263 0.000000
0.388626 0.052808 0.028383 0.000000
0.390964 -0.792960 0.401987 0.000000
0.371144 -0.044699 -0.032470 0.000000
0.321116 -0.935168 0.230320 0.000000
0.343584 0.348092 0.155339 0.000000
0.386921 0.356847 0.141569 0.000000
0.397379 0.080809 0.221526 0.000000
0.359073 -0.438128 0.230202 0.000000
0.361707 -0.902192 0.205325 1.000000
0.343506 0.212795 0.199026 0.000000
0.337496 0.290549 0.164156 0.000000
0.351337 0.384464 0.122002 0.000000
0.510078 -0.169399 0.153575 0.000000
0.402220 0.336723 0.124740 0.000000
0.327156 -0.811840 0.200743 0.000000
0.292946 -1.043419 0.233068 0.000000
0.421307 0.172273 0.104938 0.000000
0.139074 -0.273749 0.163512 0.000000
0.319166 -0.883987 0.197631 0.000000
0.378179 0.040840 0.223433 0.000000
0.297148 -1.087340 0.236012 0.000000
0.479930 -0.085913 0.189298 0.000000
0.519919 -0.265408 0.184589 0.000000
0.240455 -1.101421 0.249259 0.000000
0.383806 -0.848845 0.428188 0.000000
0.366364 -0.717032 0.355241 0.000000
0.341951 0.339967 0.110442 0.000000
0.359293 -0.493360 0.282605 0.000000
0.481431 0.005042 0.138588 0.000000
0.253804 -0.163089 -0.018030 0.000000
0.501259 -0.039906 0.133265 0.000000
0.322758 0.115150 0.167159 0.000000
0.259535 -0.996882 0.244240 0.000000
0.348847 0.158058 0.119087 0.000000
0.417954 -0.994302 0.190982 1.000000
0.389730 0.473739 0.095682 0.000000
0.500512 -1.136740 0.172369 1.000000
0.351015 0.245131 0.104963 0.000000
0.287015 -0.947663 0.243346 0.000000
0.519440 -0.125738 0.141417 0.000000
0.420699 0.109476 0.092398 0.000000
0.332524 -0.379174 0.199659 0.000000
0.292765 -0.059662 0.045004 0.000000
0.444739 0.006580 0.217787 0.000000
0.190785 -0.142430 0.433196 0.000000
0.454403 0.093396 0.136144 0.000000
0.496058 -0.035568 0.378960 0.000000
0.310847 0.063378 0.063028 0.000000
0.351888 0.399136 0.152907 0.000000
0.389609 0.269029 0.127944 0.000000
0.273182 -0.132230 -0.004956 0.000000
0.026374 -0.419528 0.174480 0.000000
0.228092 -0.155572 0.147403 0.000000
0.426420 0.110147 0.189024 0.000000
0.336197 0.174097 0.240073 0.000000
0.263933 0.033235 0.298273 0.000000
0.267733 -1.070989 0.265051 0.000000
0.408591 0.313333 0.154799 0.000000
0.526243 -0.198960 0.133970 0.000000
0.285116 -1.095207 0.258971 0.000000
0.347123 -0.383523 0.223828 0.000000
0.412972 0.198878 0.103157 0.000000
0.475153 -0.020266 0.115028 0.000000
0.369172 0.410357 0.121453 0.000000
0.384041 0.292905 0.117415 0.000000
0.329724 0.166291 0.164524 0.000000
0.344421 0.205776 0.103863 0.000000
0.307399 0.103642 0.245457 0.000000
0.476781 -0.098954 0.052902 0.000000
0.373003 0.369505 0.117987 0.000000
0.330480 -0.003748 0.179120 0.000000
0.262184 -0.032234 0.342237 0.000000
0.394972 0.030963 0.240983 0.000000
0.004285 -0.469493 0.146185 0.000000
0.491704 -0.144661 0.032272 0.000000
0.529333 -1.192511 0.137580 1.000000
0.379377 0.396989 0.150612 0.000000
0.388866 -0.734837 0.374235 0.000000
0.510937 -0.083287 0.138395 0.000000
0.188730 -0.227173 0.158396 0.000000
0.451952 -1.040779 0.190682 1.000000
0.301093 0.049625 0.294699 0.000000
0.276507 -0.128594 0.020112 0.000000
0.404605 0.235245 0.200364 0.000000
0.327553 0.233979 0.114526 0.000000
0.337766 0.208836 0.227140 0.000000
0.419351 -0.962546 0.582792 0.000000
0.325448 -0.328534 0.197002 0.000000
0.398677 0.283484 0.191371 0.000000
0.367781 -0.639669 0.325796 0.000000
0.336021 -0.416307 0.200466 0.000000
0.369967 -0.058392 0.276037 0.000000
0.298207 -1.112765 0.236599 0.000000
0.378184 0.485740 0.146659 0.000000
0.380832 -0.016116 0.249961 0.000000
0.381033 -0.928322 0.172943 1.000000
0.310358 -0.044820 0.034599 0.000000
0.208553 -0.091221 0.387032 0.000000
0.265654 -1.114603 0.269935 0.000000
0.330973 -0.284667 0.203062 0.000000
0.397953 0.229120 0.173185 0.000000
0.363336 0.302258 0.105462 0.000000
0.356260 -0.469975 0.274409 0.000000
0.252218 -0.110633 0.153203 0.000000
0.399279 0.008269 0.264786 0.000000
0.339060 -0.541677 0.208598 0.000000
0.335934 -0.501902 0.182324 0.000000
0.405850 -0.921113 0.479891 0.000000
0.142129 -0.307480 0.168622 0.000000
0.315334 -0.907858 0.242479 0.000000
0.211463 -0.195385 0.155779 0.000000
0.332178 0.392440 0.135117 0.000000
0.388042 0.423960 0.131944 0.000000
0.327671 -0.842575 0.204101 0.000000
0.529125 -0.216196 0.165193 0.000000
0.392672 -0.947641 0.190456 1.000000
0.271284 -1.067618 0.237066 0.000000
0.400512 0.152073 0.074947 0.000000
0.338868 0.259641 0.201899 0.000000
0.273508 -0.063939 0.145778 0.000000
0.328538 -0.249595 0.203942 0.000000
0.368489 0.458032 0.125227 0.000000
0.325398 -0.714459 0.205764 0.000000
0.417399 -0.121768 0.246311 0.000000
0.317166 -0.022131 0.041449 0.000000
-0.062529 -0.528707 0.126038 0.000000
0.299302 -0.004279 0.053565 0.000000
0.337442 0.277234 0.096530 0.000000
0.382818 -0.893617 0.464990 0.000000
0.262278 -0.092276 0.164856 0.000000
0.395256 0.269997 0.163615 0.000000
0.300274 -1.036133 0.207767 0.000000
0.390700 0.310139 0.184531 0.000000
0.347753 -0.756446 0.210932 0.000000
0.441223 0.068722 0.188647 0.000000
0.368798 -0.615419 0.316948 0.000000
0.401510 -0.881557 0.452958 0.000000
0.332274 0.158911 0.077856 0.000000
0.248137 -0.130353 0.165987 0.000000
0.443928 0.023358 0.180587 0.000000
0.500711 -1.112855 0.172545 1.000000
0.350278 0.273323 0.177730 0.000000
0.279394 0.008072 0.317527 0.000000
0.288035 -0.989702 0.253803 0.000000
0.427196 -0.086000 0.229862 0.000000
0.313068 0.090174 0.267516 0.000000
0.323840 -0.535183 0.190112 0.000000
0.377840 -0.939386 0.219967 1.000000
0.237814 -0.063712 0.362248 0.000000
0.094928 -0.245444 -0.049661 0.000000
0.374009 0.437666 0.145354 0.000000
0.217535 -0.189759 -0.031771 0.000000
0.338502 -0.352418 0.223660 0.000000
0.324411 0.127329 0.071081 0.000000
0.324698 -0.165769 0.194483 0.000000
0.336829 -0.459443 0.202229 0.000000
0.327914 -0.784887 0.199887 0.000000
0.377783 -0.778082 0.389127 0.000000
0.177531 -0.212119 -0.035988 0.000000
0.448179 0.060006 0.117936 0.000000
0.337207 -0.210624 0.197713 0.000000
0.335370 -0.492135 0.206285 0.000000
0.285282 -0.968472 0.225359 0.000000
0.272950 -1.046849 0.246604 0.000000
0.167467 -0.263955 0.163639 0.000000
0.387666 -0.645155 0.340804 0.000000
-0.044017 -0.512489 0.131277 0.000000
0.347026 -0.885436 0.197109 1.000000
0.396731 0.198198 0.085421 0.000000
0.329991 -0.910024 0.222670 0.000000
0.254497 -1.029721 0.246424 0.000000
0.532667 -0.167721 0.151647 0.000000
0.292568 -0.024121 0.161082 0.000000
0.331772 -0.632980 0.192474 0.000000
0.361076 -0.515218 0.276334 0.000000
0.308907 -0.973488 0.204900 0.000000
0.360188 -0.565968 0.284043 0.000000
0.432711 -0.043476 0.216526 0.000000
0.409009 0.150861 0.101100 0.000000
0.324804 -0.311615 0.212251 0.000000
0.435816 0.056317 0.206746 0.000000
0.297471 -1.021424 0.234095 0.000000
0.399588 0.189811 0.214732 0.000000
0.387367 0.322996 0.154572 0.000000
0.402287 -0.200156 0.291776 0.000000
0.427863 -0.979986 0.599348 0.000000
0.389755 0.356910 0.169591 0.000000
0.344946 -0.598153 0.192859 0.000000
0.412369 -0.163445 0.266112 0.000000
0.507019 -1.146576 0.153524 1.000000
0.438809 -0.012428 0.202037 0.000000
0.496606 -0.039559 0.155023 0.000000
0.410997 0.263261 0.127113 0.000000
0.134920 -0.225143 -0.044458 0.000000
0.318781 -1.003516 0.229696 0.000000
0.326964 0.126736 0.247433 0.000000
0.363109 -0.916089 0.183490 1.000000
0.301321 -0.933682 0.209244 0.000000
0.337338 -0.569088 0.208482 0.000000
0.194783 -0.197040 0.459723 0.000000
0.291328 -1.066653 0.228089 0.000000
0.294938 -1.080651 0.208135 0.000000
0.368763 -0.539714 0.300895 0.000000
0.280564 -0.050387 0.171444 0.000000
0.425209 0.184579 0.124680 0.000000
0.323211 -0.872646 0.217725 0.000000
0.090758 -0.346743 0.174546 0.000000
0.284687 -0.935578 0.224794 0.000000
0.434462 0.150659 0.167191 0.000000
0.399856 0.396044 0.143129 0.000000
0.321699 -0.942915 0.209973 0.000000
0.585953 -1.275594 0.123513 1.000000
0.443419 0.111694 0.132094 0.000000
0.308109 -0.942984 0.245855 0.000000
-0.009758 -0.485933 0.144327 0.000000
0.319971 0.082330 0.068255 0.000000
0.060445 -0.417793 0.161119 0.000000
0.325331 -0.049306 0.180131 0.000000
0.436004 -1.019661 0.170381 1.000000
0.309229 0.016642 0.056289 0.000000
0.316053 -0.963501 0.229955 0.000000
0.337712 -0.850789 0.222579 0.000000
0.586945 -1.300165 0.119641 1.000000
0.307734 -0.904127 0.204560 0.000000
0.485917 -1.095143 0.155833 1.000000
0.395190 0.479440 0.119094 0.000000
0.297255 -1.128755 0.212223 0.000000
0.290359 0.068471 0.272020 0.000000
0.339658 -0.809157 0.218072 0.000000
0.356341 0.297218 0.171624 0.000000
0.384238 -0.815551 0.410073 0.000000
0.324840 -0.653130 0.201284 0.000000
0.380218 0.317393 0.115443 0.000000
0.291093 -1.012243 0.252007 0.000000
0.347213 -0.421351 0.241537 0.000000
0.310824 0.036581 0.171088 0.000000
0.352855 0.445154 0.157787 0.000000
0.322680 -0.693752 0.203119 0.000000
0.345064 0.177822 0.110573 0.000000
0.421529 0.192349 0.170471 0.000000
-0.043923 -0.500440 0.154811 0.000000
0.379452 0.375598 0.146830 0.000000
0.326675 0.325629 0.109442 0.000000
0.402212 -0.944787 0.546955 0.000000
0.276138 -0.988003 0.234597 0.000000
0.241658 -0.035284 0.346358 0.000000
0.490154 -0.057400 0.118153 0.000000
0.404624 0.238004 0.116634 0.000000
0.326036 -0.126012 0.182285 0.000000
0.389296 -0.865350 0.439261 0.000000
0.569438 -1.263475 0.125232 1.000000
0.440359 0.014038 0.065801 0.000000
0.413575 0.164990 0.185145 0.000000
0.226649 -0.174731 0.155069 0.000000
0.312285 -1.020676 0.219602 0.000000
0.532461 -0.038150 0.409449 0.000000
0.297462 -0.984571 0.219599 0.000000
0.429032 0.129396 0.125866 0.000000
0.470212 -1.073224 0.178864 1.000000
0.474147 -0.062243 0.063847 0.000000
0.432344 -1.005212 0.205257 1.000000
0.393588 0.371686 0.128340 0.000000
0.351524 -0.445489 0.270063 0.000000
0.392047 -0.934177 0.518526 0.000000
0.403165 0.305700 0.123677 0.000000
0.217962 -0.063776 0.370255 0.000000
0.117500 -0.316752 0.171884 0.000000
0.329923 -0.092096 0.181914 0.000000
0.321664 -0.859350 0.233739 0.000000
0.324519 -0.422943 0.185098 0.000000
0.384499 0.444714 0.129452 0.000000
0.371725 -0.684131 0.344579 0.000000
0.390079 -0.953815 0.209967 1.000000
0.646081 -0.169981 0.094353 0.000000
0.354641 0.263499 0.097333 0.000000
0.554194 -1.211242 0.142886 1.000000
0.326037 0.139890 0.231916 0.000000
0.401825 0.208573 0.176008 0.000000
0.424265 0.081658 0.096955 0.000000
0.542864 -0.116591 0.117959 0.000000
0.576026 -0.139225 0.114816 0.000000
0.462857 0.043842 0.141069 0.000000
0.341224 0.197857 0.082038 0.000000
0.339254 0.410799 0.139267 0.000000
0.549353 -1.230655 0.131439 1.000000
0.359333 -0.579849 0.302207 0.000000
0.187087 -0.165484 0.453728 0.000000
0.216126 -0.131578 0.404512 0.000000
0.391275 -0.831008 0.420745 0.000000
0.309401 0.009344 0.156782 0.000000
0.339354 0.118304 0.082147 0.000000
0.406623 -0.941510 0.496530 0.000000
0.611392 -0.157151 0.108108 0.000000
0.331219 0.192234 0.110371 0.000000
0.293808 -0.911162 0.220155 0.000000
0.416313 -0.958998 0.542594 0.000000
0.335544 0.123606 0.146689 0.000000
0.435772 -0.017969 0.316660 0.000000
0.387679 -0.694343 0.355817 0.000000
-0.029361 -0.487827 0.159515 0.000000
0.503381 -1.126496 0.149209 1.000000
0.089926 -0.366086 0.170410 0.000000
0.413630 0.200134 0.133469 0.000000
0.440481 0.016175 0.199315 0.000000
0.263915 -1.120731 0.241809 0.000000
0.568736 -1.242115 0.132760 1.000000
0.299238 -0.896996 0.239216 0.000000
0.505612 -0.062986 0.132312 0.000000
0.431342 0.091005 0.191216 0.000000
0.330718 -0.242795 0.185624 0.000000
0.296655 -0.090324 0.017676 0.000000
0.494164 -0.129001 0.175413 0.000000
0.235467 -0.099781 0.378266 0.000000
0.514980 -0.106993 0.137974 0.000000
0.115493 -0.338361 0.169678 0.000000
-0.089684 -0.553744 0.123856 0.000000
0.348082 0.364566 0.114852 0.000000
0.436784 0.051004 0.076081 0.000000
0.285226 -0.108878 0.025360 0.000000
0.300641 -1.147017 0.236728 0.000000
0.357924 -0.648004 0.311368 0.000000
0.356455 0.424280 0.117097 0.000000
0.511674 -0.092557 0.112652 0.000000
0.067364 -0.381363 0.170850 0.000000
0.403758 0.365976 0.149234 0.000000
0.518787 -0.184367 0.145060 0.000000
0.375951 0.036600 0.249893 0.000000
0.502537 -0.259885 -0.065110 0.000000
0.503968 -0.230529 -0.041581 0.000000
0.304013 -1.051920 0.219100 0.000000
0.356692 -0.437704 0.249373 0.000000
0.345896 0.089370 0.177496 0.000000
0.342025 -0.467148 0.184391 0.000000
0.027562 -0.452728 0.154586 0.000000
0.040349 -0.403030 0.177808 0.000000
0.272620 -1.138423 0.251375 0.000000
0.264941 -0.148105 -0.011738 0.000000
0.247574 -1.072219 0.243107 0.000000
0.475993 0.027699 0.135983 0.000000
0.332226 0.244744 0.168151 0.000000
0.239005 -0.140490 0.151752 0.000000
0.335008 0.207221 0.159372 0.000000
0.359088 -0.472698 0.241413 0.000000
0.436683 0.108502 0.172198 0.000000
0.385788 0.300804 0.153860 0.000000
0.327684 0.051632 0.063573 0.000000
0.510619 -0.202066 -0.019765 0.000000
0.330194 -0.890727 0.218441 0.000000
0.338771 0.224015 0.101855 0.000000
0.319606 0.308104 0.109958 0.000000
0.339765 -0.575142 0.189278 0.000000
0.403883 0.125104 0.061721 0.000000
0.437177 -1.041543 0.179004 1.000000
0.507965 -0.079294 0.159756 0.000000
0.508131 -0.174604 0.006015 0.000000
0.412868 -0.004529 0.288865 0.000000
0.415356 0.231750 0.166574 0.000000
0.520552 -1.160902 0.160537 1.000000
0.172544 -0.239488 0.157466 0.000000
0.450287 -0.012797 0.076345 0.000000
0.456277 -0.016092 0.194348 0.000000
0.329121 0.040437 0.182062 0.000000
0.420043 0.223736 0.129796 0.000000
0.462690 -0.043150 0.192478 0.000000
0.479809 -0.082222 0.061609 0.000000
0.325127 -1.044396 0.228901 0.000000
0.347419 -0.881890 0.218116 1.000000
0.537777 -1.183505 0.153680 1.000000
0.522366 -0.153226 0.145910 0.000000
0.337434 0.095301 0.075174 0.000000
0.321309 -0.309710 0.191099 0.000000
-0.002115 -0.458502 0.169788 0.000000
0.210103 -0.111833 0.398567 0.000000
0.294796 -0.979096 0.237348 0.000000
0.344071 -0.676673 0.205158 0.000000
0.293765 -0.076378 0.035174 0.000000
0.354757 0.071937 0.196537 0.000000
0.026339 -0.436536 0.165186 0.000000
0.350249 -0.908206 0.224331 1.000000
0.280273 -1.079416 0.248159 0.000000
0.419321 0.127303 0.194327 0.000000
0.400633 0.070175 0.029183 0.000000
0.306439 -1.099621 0.225834 0.000000
0.438729 0.070652 0.075704 0.000000
0.308528 -1.080008 0.223479 0.000000
0.337950 -0.524469 0.184969 0.000000
0.244981 -0.085216 0.368994 0.000000
0.340240 -0.770882 0.202232 0.000000
0.376208 0.414692 0.145806 0.000000
0.368468 0.392426 0.117708 0.000000
0.363400 -0.600713 0.304717 0.000000
0.400780 0.129184 0.218077 0.000000
0.463494 -1.057042 0.184050 1.000000
0.310777 0.017278 0.173619 0.000000
0.366817 -0.919460 0.208353 1.000000
0.423253 -0.973996 0.565217 0.000000
0.442565 -0.077343 0.234498 0.000000
0.201329 -0.157392 0.431261 0.000000
0.184235 -0.268645 0.572348 0.000000
0.435552 0.155075 0.127169 0.000000
0.386163 0.341077 0.150587 0.000000
0.339935 0.300233 0.179347 0.000000
0.198054 -0.210246 0.155183 0.000000
0.422497 -0.001765 0.320187 0.000000
0.284541 0.042356 0.293942 0.000000
0.461077 -1.056400 0.163463 1.000000
0.192503 -0.219504 0.494920 0.000000
0.327015 -0.600086 0.193539 0.000000
0.324567 -0.562804 0.197421 0.000000
0.333541 -0.745989 0.214566 0.000000
0.490868 -1.137140 0.157169 1.000000
0.393499 0.354051 0.124769 0.000000
0.397534 -0.967114 0.181952 1.000000
0.387668 0.016988 -0.002412 0.000000
0.332681 -0.288686 0.185667 0.000000
0.340717 -0.800115 0.200443 0.000000
0.325861 0.096846 0.165037 0.000000
0.270689 -1.020937 0.254313 0.000000
0.336823 -0.164901 0.181445 0.000000
0.468705 -1.094915 0.160413 1.000000
0.611801 -1.306844 0.115858 1.000000
0.522436 -0.120653 0.158222 0.000000
0.341832 -0.714484 0.196767 0.000000
0.342515 -0.616868 0.190653 0.000000
0.279732 -1.004780 0.239496 0.000000
0.459696 0.021097 0.115112 0.000000
0.337527 -0.587503 0.207280 0.000000
0.273655 0.021848 0.307845 0.000000
0.388887 0.164772 0.070616 0.000000
0.246395 -0.172915 -0.005238 0.000000
0.307709 -0.921938 0.229906 0.000000
0.272236 -1.056028 0.273428 0.000000
0.330551 0.169821 0.208770 0.000000
0.427339 -1.006631 0.182483 1.000000
0.497485 -0.126989 0.036797 0.000000
0.392714 -0.910467 0.474082 0.000000
0.471481 0.060571 0.131833 0.000000
0.255552 -0.009518 0.328784 0.000000
0.383837 -0.565239 0.314208 0.000000
0.385911 0.100290 0.047586 0.000000
0.145238 -0.290156 0.167638 0.000000
0.181421 -0.251300 0.541309 0.000000
0.340583 -0.660678 0.195758 0.000000
0.404293 0.174209 0.109060 0.000000
0.267677 -0.077693 0.155087 0.000000
0.339510 -0.365412 0.191244 0.000000
0.236753 -0.169141 0.172624 0.000000
0.318197 -1.115772 0.237295 0.000000
0.183865 -0.214541 0.511795 0.000000
0.307529 -1.055817 0.236585 0.000000
0.373541 -0.654699 0.337213 0.000000
0.411167 0.003930 0.305594 0.000000
0.331611 -0.927402 0.218790 0.000000
0.338144 0.389245 0.156981 0.000000
0.341451 0.229088 0.192686 0.000000
0.397525 0.239338 0.098705 0.000000
-0.070382 -0.528006 0.143343 0.000000
0.374535 -0.730680 0.365304 0.000000
0.042572 -0.417757 0.167648 0.000000
0.315417 -1.084070 0.242779 0.000000
0.330139 0.069711 0.172658 0.000000
0.332079 -0.638172 0.210743 0.000000
0.276074 -0.953593 0.231335 0.000000
0.346460 0.139084 0.131547 0.000000
0.327618 0.041370 0.164874 0.000000
0.332028 0.159656 0.122845 0.000000
0.328636 -0.201092 0.185417 0.000000
0.336695 -0.324634 0.209460 0.000000
0.190451 -0.194268 0.476154 0.000000
0.336873 -0.336060 0.186578 0.000000
0.340519 -0.718796 0.213354 0.000000
0.357243 -0.486417 0.267024 0.000000
0.327393 0.023266 0.057054 0.000000
0.350036 0.399277 0.130534 0.000000
0.398781 0.089960 0.235954 0.000000
0.466227 0.097473 0.124422 0.000000
0.304306 -0.941093 0.229254 0.000000
0.361474 -0.537653 0.263486 0.000000
0.306703 -0.997054 0.212407 0.000000
0.185990 -0.227116 0.526383 0.000000
0.337487 0.190052 0.234050 0.000000
0.386827 0.330200 0.137422 0.000000
0.461870 -1.074144 0.163209 1.000000
-0.113857 -0.578434 0.126716 0.000000
0.453308 -0.028903 0.071635 0.000000
0.454100 0.126257 0.132727 0.000000
0.356872 -0.680839 0.331185 0.000000
0.292315 -1.008949 0.219829 0.000000
0.343741 0.162521 0.091072 0.000000
0.362031 -0.527552 0.289110 0.000000
0.323610 0.272676 0.109072 0.000000
0.342227 -0.476918 0.198248 0.000000
0.322536 0.134504 0.167742 0.000000
0.298672 -0.881818 0.220655 0.000000
0.349442 0.259906 0.113071 0.000000
0.383712 -0.006884 -0.009389 0.000000
0.435311 0.099183 0.123608 0.000000
0.388277 0.119742 0.056036 0.000000
0.405060 0.146756 0.214484 0.000000
0.334643 0.242916 0.100730 0.000000
0.200199 -0.137999 0.419963 0.000000
0.522519 -1.166180 0.141451 1.000000
0.331997 -0.395819 0.197327 0.000000
0.452454 -1.022803 0.198045 1.000000
0.461597 -0.015412 0.354356 0.000000
0.334608 0.293642 0.100721 0.000000
0.355391 0.469412 0.152003 0.000000
0.380342 0.472839 0.129861 0.000000
0.327323 -0.857736 0.211234 0.000000
0.437009 0.041890 0.194183 0.000000
0.339667 -0.690683 0.195328 0.000000
0.298183 -0.017169 0.175483 0.000000
0.308435 -1.037393 0.226900 0.000000
0.373182 -0.865529 0.434910 0.000000
0.336305 -0.381148 0.237149 0.000000
0.320613 -0.180702 0.185283 0.000000
0.622942 -1.334315 0.115239 1.000000
0.070998 -0.402270 0.162058 0.000000
0.487582 -0.021158 0.376947 0.000000
0.298424 -1.132757 0.228361 0.000000
0.387856 0.444196 0.151901 0.000000
0.394085 0.016215 0.278453 0.000000
0.359628 -0.453275 0.237035 0.000000
0.312547 0.038055 0.187554 0.000000
0.510984 -1.124912 0.167207 1.000000
0.328523 0.144148 0.071215 0.000000
0.381035 -0.609155 0.326206 0.000000
0.340022 -0.770811 0.218923 0.000000
0.390257 0.408940 0.138541 0.000000
0.321952 -0.884026 0.237599 0.000000
0.354342 -0.472485 0.257271 0.000000
0.490005 -0.007131 0.131436 0.000000
0.541242 -1.201212 0.145000 1.000000
0.327255 -0.349632 0.235400 0.000000
0.430759 0.140551 0.181664 0.000000
0.337081 -0.379935 0.183823 0.000000
0.335132 -0.828119 0.201557 0.000000
0.358525 -0.736385 0.356020 0.000000
0.373693 0.050075 0.210619 0.000000
0.340841 0.360788 0.167451 0.000000
0.455677 -0.062770 0.059372 0.000000
0.390235 0.017992 0.249810 0.000000
0.369667 -0.574481 0.313733 0.000000
0.489622 0.013656 0.127314 0.000000
0.321167 -0.268047 0.193904 0.000000
0.348475 -0.397923 0.233235 0.000000
0.281811 -1.030646 0.246444 0.000000
0.336075 0.378250 0.128009 0.000000
0.400568 0.092352 0.043621 0.000000
0.394887 0.277554 0.115061 0.000000
0.341169 -0.368680 0.227097 0.000000
0.473195 -0.098599 0.181588 0.000000
0.425189 0.095429 0.205646 0.000000
0.264110 -1.038766 0.235553 0.000000
0.346406 0.260403 0.186859 0.000000
0.297076 -0.043972 0.044801 0.000000
0.151731 -0.263291 0.159568 0.000000
0.330499 -0.822458 0.219997 0.000000
0.325916 -0.511385 0.190906 0.000000
0.467367 -0.031574 0.350946 0.000000
0.349294 0.114262 0.149909 0.000000
0.349383 0.245963 0.201564 0.000000
0.328686 -0.430945 0.198511 0.000000
0.201681 -0.188652 0.144851 0.000000
0.440952 0.020055 0.086307 0.000000
0.379255 -0.038105 -0.020233 0.000000
0.194811 -0.180204 0.455419 0.000000
0.289570 -1.048992 0.247724 0.000000
0.351374 -0.317677 0.195654 0.000000
0.495179 -0.025141 0.132278 0.000000
0.417331 0.128182 0.100476 0.000000
0.402676 0.299598 0.183520 0.000000
0.276402 -1.058195 0.257268 0.000000
0.366542 0.051219 0.226685 0.000000
0.332404 -0.234470 0.200797 0.000000
0.330668 0.124893 0.177490 0.000000
0.281737 -0.966609 0.245659 0.000000
0.238715 -0.051061 0.352127 0.000000
0.350462 -0.346356 0.212102 0.000000
0.398728 0.320749 0.126909 0.000000
0.341548 0.200816 0.209278 0.000000
0.331555 -0.453667 0.188428 0.000000
0.449480 -0.044647 0.059331 0.000000
0.481540 -1.104475 0.167951 1.000000
0.327905 -0.729780 0.208937 0.000000
0.337890 -0.752171 0.199312 0.000000
0.332604 -0.877052 0.205759 0.000000
0.443671 -0.979753 0.598752 0.000000
0.409500 -0.961070 0.526027 0.000000
0.378227 -0.943985 0.185243 1.000000
0.445100 -0.009131 0.216301 0.000000
0.333875 0.157460 0.236415 0.000000
0.324271 -0.370450 0.189445 0.000000
0.442171 -0.002694 0.067383 0.000000
0.469024 -0.074773 0.187061 0.000000
0.517307 -1.145377 0.167956 1.000000
0.314156 -0.912706 0.216038 0.000000
0.374034 -0.060133 -0.032458 0.000000
0.397419 0.309897 0.165264 0.000000
0.407047 0.201950 0.206869 0.000000
0.307838 -0.920946 0.246623 0.000000
0.339790 -0.419630 0.185649 0.000000
0.315437 -0.961793 0.212985 0.000000
0.270308 -0.139929 0.008360 0.000000
0.356368 0.293050 0.115980 0.000000
0.399083 0.205871 0.104556 0.000000
0.344270 -0.409164 0.251116 0.000000
0.478498 -0.035982 0.115651 0.000000
0.377138 -0.706003 0.357515 0.000000
0.322572 -0.021378 0.185481 0.000000
0.337316 -0.338755 0.216309 0.000000
0.394116 0.044272 0.016657 0.000000
0.320627 -0.841961 0.219147 0.000000
0.400252 -0.780503 0.397824 0.000000
0.475398 -1.081389 0.166317 1.000000
0.326854 -0.495194 0.192929 0.000000
0.313315 -1.014605 0.239411 0.000000
0.343566 -0.492111 0.191573 0.000000
0.281167 -1.109122 0.252963 0.000000
0.219524 -0.204640 0.165465 0.000000
0.428106 -0.130962 0.253607 0.000000
0.387461 0.285822 0.157271 0.000000
0.397710 0.380947 0.145617 0.000000
0.390867 -0.916218 0.490082 0.000000
0.422148 0.156944 0.095735 0.000000
0.397997 0.073142 0.234913 0.000000
0.524347 -1.180601 0.146592 1.000000
0.530763 -0.251952 0.179259 0.000000
0.331050 0.349025 0.116418 0.000000
0.302538 0.079028 0.268689 0.000000
0.264484 0.000564 0.321369 0.000000
0.478511 -0.006225 0.148622 0.000000
0.178503 -0.218813 0.150575 0.000000
-0.135060 -0.597980 0.128038 0.000000
0.241712 -0.171346 -0.022571 0.000000
0.189275 -0.251241 0.557395 0.000000
0.519897 -0.279340 0.192465 0.000000
0.454075 -1.047595 0.174919 1.000000
0.582508 -0.050448 0.445502 0.000000
0.286123 -0.037585 0.165195 0.000000
0.358195 -0.502952 0.267681 0.000000
0.446641 -0.012672 0.339407 0.000000
0.521519 -0.178642 0.159848 0.000000
0.395802 0.353483 0.156047 0.000000
0.221944 -0.098197 0.385108 0.000000
0.400423 0.002355 0.278751 0.000000
0.188997 -0.158543 0.440039 0.000000
0.318947 0.113952 0.249043 0.000000
0.334056 -0.342192 0.200166 0.000000
0.388840 -0.955228 0.177900 1.000000
0.308978 -0.990326 0.229002 0.000000
0.278783 -0.053418 0.156648 0.000000
0.428217 0.167302 0.122028 0.000000
0.279655 -0.123638 0.005718 0.000000
0.296364 -0.959257 0.240818 0.000000
0.012332 -0.459212 0.154067 0.000000
0.335747 0.173240 0.222731 0.000000
0.331757 0.105514 0.175872 0.000000
0.355835 -0.900691 0.191437 1.000000
0.342158 0.442568 0.147515 0.000000
0.359055 -0.423122 0.231472 0.000000
0.272294 -1.087369 0.259002 0.000000
0.294887 0.059061 0.284816 0.000000
0.485911 -0.034469 0.368017 0.000000
0.515990 -0.089627 0.152320 0.000000
0.292241 -1.097848 0.245463 0.000000
0.154339 -0.277845 0.163490 0.000000
0.454034 0.018464 0.190392 0.000000
0.372811 0.488600 0.133057 0.000000
0.345470 0.192948 0.096414 0.000000
0.390840 0.045222 0.231853 0.000000
0.403242 0.200888 0.122869 0.000000
0.255324 -0.161478 -0.002058 0.000000
0.402729 0.223966 0.109042 0.000000
0.334069 0.121391 0.259323 0.000000
0.264396 -0.086043 0.178155 0.000000
0.372061 -0.669298 0.339373 0.000000
0.298189 -1.027101 0.219315 0.000000
0.504977 -0.157425 0.160630 0.000000
0.385823 -0.765528 0.386315 0.000000
0.425285 0.069790 0.084513 0.000000
0.366047 0.354463 0.113760 0.000000
0.421022 0.095412 0.087973 0.000000
0.245340 -0.124212 0.152140 0.000000
0.433460 0.044608 0.088929 0.000000
0.233596 -0.160724 0.160060 0.000000
0.254881 -0.041212 0.353150 0.000000
0.397172 0.175752 0.220312 0.000000
0.422041 -0.994692 0.205287 1.000000
0.405727 0.252812 0.118186 0.000000
0.335310 0.081452 0.070611 0.000000
0.292129 -1.100619 0.230939 0.000000
0.331373 0.205312 0.173499 0.000000
0.392793 0.394068 0.155877 0.000000
0.387869 0.065732 0.035355 0.000000
0.475618 -0.006626 0.109597 0.000000
0.341398 0.325859 0.105822 0.000000
0.365399 0.331619 0.115423 0.000000
0.442786 0.020785 0.213943 0.000000
0.342001 0.221930 0.210400 0.000000
0.258089 -0.097328 0.151368 0.000000
0.388084 0.366910 0.158803 0.000000
0.335961 -0.687169 0.211720 0.000000
0.341458 -0.538309 0.194562 0.000000
0.362933 -0.506121 0.288908 0.000000
0.524157 -0.137905 0.149094 0.000000
0.348770 0.237564 0.092681 0.000000
0.362432 -0.553201 0.290743 0.000000
0.322378 -0.152413 0.184975 0.000000
0.521738 -0.096601 0.123562 0.000000
0.440986 0.001937 0.203052 0.000000
0.382159 -0.941881 0.205410 1.000000
0.399140 0.324240 0.163499 0.000000
0.300226 -0.008380 0.160223 0.000000
0.563345 -0.048132 0.436567 0.000000
0.328665 -0.548187 0.200818 0.000000
0.319143 -0.248169 0.192533 0.000000
0.334030 -0.317039 0.186303 0.000000
0.440906 -0.052930 0.224549 0.000000
0.498360 -0.049225 0.143984 0.000000
0.319761 -0.976846 0.234216 0.000000
0.471627 0.013695 0.144833 0.000000
0.421474 -1.008754 0.196360 1.000000
0.300927 -0.969203 0.217446 0.000000
0.353542 0.280563 0.099687 0.000000
0.336598 0.276112 0.164138 0.000000
0.254140 -0.067485 0.359974 0.000000
0.326146 -0.947457 0.224610 0.000000
0.382849 0.411640 0.125941 0.000000
0.099987 -0.232018 -0.051381 0.000000
0.335685 0.139494 0.164435 0.000000
0.422141 0.154312 0.180538 0.000000
0.311655 -0.010078 0.048834 0.000000
0.329022 -0.996460 0.222384 0.000000
0.343954 0.209732 0.089999 0.000000
0.352609 -0.895770 0.217414 1.000000
0.534041 -0.228460 0.171192 0.000000
0.334488 -0.110637 0.184819 0.000000
0.341328 -0.846893 0.205730 0.000000
0.332839 0.135661 0.257098 0.000000
0.205511 -0.200632 -0.026646 0.000000
0.463422 0.076929 0.135463 0.000000
0.324758 0.011380 0.176105 0.000000
0.481028 -1.078831 0.186514 1.000000
0.445698 0.088694 0.124513 0.000000
0.386185 0.020706 0.236058 0.000000
0.388996 0.283896 0.127455 0.000000
0.177882 -0.272896 0.167875 0.000000
0.369895 0.424467 0.123961 0.000000
0.345406 0.367116 0.155415 0.000000
0.341517 0.333206 0.158995 0.000000
0.336784 0.174568 0.077234 0.000000
0.291110 -1.074928 0.239850 0.000000
0.405691 -0.942838 0.513250 0.000000
0.438078 0.190815 0.123849 0.000000
0.309808 0.049161 0.061693 0.000000
0.373521 0.451437 0.113567 0.000000
0.405022 0.219736 0.204341 0.000000
0.395619 0.185587 0.092078 0.000000
0.531236 -0.159725 0.163417 0.000000
0.428404 0.122922 0.182919 0.000000
0.343979 -0.432244 0.252948 0.000000
0.447664 -1.029112 0.183651 1.000000
0.408086 -0.187139 0.292545 0.000000
0.337099 -0.229448 0.188342 0.000000
0.333019 -0.359249 0.202293 0.000000
0.436055 0.055249 0.189409 0.000000
0.305797 0.093221 0.255691 0.000000
0.364627 -0.628879 0.315178 0.000000
0.187625 -0.243252 0.529208 0.000000
0.388726 0.297842 0.129880 0.000000
0.387758 -0.884281 0.454814 0.000000
0.400865 0.124684 0.231482 0.000000
0.451434 0.037742 0.185225 0.000000
0.402319 -0.869668 0.445359 0.000000
0.336445 -0.444404 0.202536 0.000000
0.328654 -0.059344 0.189840 0.000000
0.338763 -0.645194 0.191532 0.000000
0.349800 0.479021 0.141745 0.000000
0.307102 -0.905755 0.231231 0.000000
0.389609 0.150258 0.066200 0.000000
0.252974 -0.116902 0.165804 0.000000
0.337078 0.112662 0.156730 0.000000
0.324181 -0.297092 0.196639 0.000000
0.349487 0.412192 0.157562 0.000000
0.376693 0.330049 0.123653 0.000000
0.306527 -0.033737 0.042946 0.000000
0.398684 0.269527 0.192976 0.000000
0.381068 0.277674 0.117516 0.000000
0.301632 -0.059465 0.034132 0.000000
0.484321 -0.110268 0.048925 0.000000
0.403598 0.096196 0.224348 0.000000
0.329183 -0.666476 0.209479 0.000000
0.386087 0.018952 0.011496 0.000000
0.440827 0.082396 0.184138 0.000000
0.415620 -1.002587 0.172050 1.000000
0.266783 -1.036657 0.253932 0.000000
0.341921 0.306033 0.166581 0.000000
0.254320 -0.024645 0.333510 0.000000
0.516602 -0.253617 0.177855 0.000000
0.400461 0.158053 0.221299 0.000000
0.406688 0.297995 0.160392 0.000000
0.359731 0.099730 0.156265 0.000000
0.326392 -0.741744 0.201922 0.000000
0.323566 -0.384378 0.189702 0.000000
0.331070 0.211976 0.106510 0.000000
0.304958 -1.011217 0.228248 0.000000
0.407971 0.264319 0.163913 0.000000
0.492547 -0.034314 0.142791 0.000000
0.327820 -0.799229 0.206544 0.000000
0.338251 0.237528 0.157658 0.000000
0.330574 0.179478 0.168770 0.000000
0.318786 -0.894345 0.211423 0.000000
0.456315 0.105799 0.130231 0.000000
0.266726 -0.101405 0.174289 0.000000
0.293605 -1.059970 0.240314 0.000000
0.345156 0.285332 0.182339 0.000000
0.396803 -0.694908 0.366193 0.000000
0.434990 -0.991776 0.600462 0.000000
0.393208 0.336688 0.172211 0.000000
0.393141 0.258766 0.119423 0.000000
0.326512 -0.525499 0.199985 0.000000
0.357397 -0.529542 0.276108 0.000000
0.340867 -0.732448 0.215193 0.000000
0.324924 -0.408818 0.189154 0.000000
0.331411 -0.152451 0.196010 0.000000
0.339488 -0.864443 0.222160 0.000000
0.342414 -0.880582 0.230879 0.000000
0.396681 -0.945934 0.534393 0.000000
0.402133 -0.927883 0.491810 0.000000
0.498187 -1.124302 0.161750 1.000000
0.341038 -0.785941 0.206584 0.000000
0.293063 -0.924875 0.222740 0.000000
0.253650 -0.108688 0.139675 0.000000
0.077859 -0.372291 0.172743 0.000000
0.411504 0.185176 0.104998 0.000000
0.411218 -0.964173 0.571782 0.000000
0.277305 -1.025912 0.271078 0.000000
0.293817 -1.079197 0.221721 0.000000
0.425998 -0.973832 0.586828 0.000000
0.329656 -0.618034 0.195211 0.000000
0.338192 -0.562483 0.196110 0.000000
0.320623 -0.103622 0.178863 0.000000
0.359778 -0.579505 0.288538 0.000000
0.329793 -0.504758 0.203325 0.000000
0.416585 0.176634 0.178638 0.000000
0.128568 -0.307168 0.170305 0.000000
-0.023054 -0.485424 0.147636 0.000000
-0.057181 -0.515683 0.136283 0.000000
0.378429 -0.790295 0.395173 0.000000
0.308834 -1.067531 0.243437 0.000000
0.338814 -0.275976 0.196092 0.000000
0.430948 0.200114 0.130796 0.000000
0.385627 -0.722800 0.368782 0.000000
0.223327 -0.191633 -0.019605 0.000000
0.354178 -0.372330 0.219417 0.000000
0.397378 -0.891986 0.461117 0.000000
0.369042 0.465355 0.113845 0.000000
0.395032 -0.853537 0.434141 0.000000
0.463447 -0.097640 0.054839 0.000000
0.430249 -0.117943 0.248179 0.000000
0.341279 -0.327735 0.196301 0.000000
0.387470 0.407402 0.153622 0.000000
0.418909 -0.963387 0.556243 0.000000
0.299320 -0.931253 0.238794 0.000000
0.352818 -0.459761 0.266275 0.000000
0.580422 -1.287184 0.118972 1.000000
0.447886 -1.025020 0.163940 1.000000
0.335007 -0.178233 0.180675 0.000000
0.333070 -0.835933 0.215467 0.000000
0.439741 0.072019 0.175658 0.000000
0.240232 -1.114807 0.248036 0.000000
-0.046556 -0.508885 0.144690 0.000000
0.290411 -1.058328 0.217585 0.000000
0.369013 0.059186 0.201928 0.000000
0.345732 -0.623487 0.201874 0.000000
0.558701 -1.231347 0.141037 1.000000
0.102440 -0.340373 0.172868 0.000000
0.319760 -0.922852 0.223074 0.000000
0.259227 0.022455 0.305700 0.000000
0.320918 -1.087658 0.231102 0.000000
0.299219 -1.068672 0.212306 0.000000
0.406506 0.255798 0.195771 0.000000
0.013098 -0.440040 0.174425 0.000000
0.322093 0.068812 0.067812 0.000000
0.372271 0.473918 0.144773 0.000000
0.437576 0.167357 0.135336 0.000000
0.512122 -1.160339 0.149311 1.000000
0.374281 0.451321 0.139735 0.000000
0.214198 -0.183080 0.151424 0.000000
0.400049 -0.964164 0.213210 1.000000
0.386798 -0.002980 0.247732 0.000000
0.337143 -0.251825 0.194011 0.000000
0.338862 -0.350370 0.187575 0.000000
0.287961 -1.092198 0.208839 0.000000
0.397400 0.256292 0.164833 0.000000
0.353727 0.436039 0.147889 0.000000
-0.006993 -0.473816 0.151705 0.000000
0.166490 -0.250911 0.160490 0.000000
0.379439 -0.636942 0.334400 0.000000
0.441875 -1.032878 0.194979 1.000000
0.325592 -0.442947 0.193782 0.000000
0.316181 0.101830 0.258255 0.000000
0.341262 -0.405136 0.189325 0.000000
0.338462 0.191129 0.163323 0.000000
0.322369 0.149804 0.171684 0.000000
0.198435 -0.109620 0.404303 0.000000
0.404797 0.274527 0.123219 0.000000
0.325437 -0.039868 0.189339 0.000000
-0.000648 -0.463286 0.157589 0.000000
0.276959 0.032546 0.300175 0.000000
0.375331 -0.622988 0.325700 0.000000
0.180666 -0.260777 0.172139 0.000000
0.280889 -1.064458 0.246619 0.000000
0.404234 0.279439 0.161877 0.000000
0.531498 -0.209632 0.126625 0.000000
0.312476 -0.895141 0.240842 0.000000
0.218522 -0.159392 0.139262 0.000000
0.497182 -0.064948 0.109731 0.000000
0.129794 -0.286534 0.167396 0.000000
0.355403 -0.884639 0.207165 1.000000
0.323985 0.031923 0.173532 0.000000
0.224711 -0.126313 0.396137 0.000000
0.274092 -1.054455 0.236013 0.000000
0.381850 0.032895 0.234101 0.000000
0.306198 -0.954350 0.227684 0.000000
0.337017 -0.556067 0.207545 0.000000
0.599345 -1.310386 0.117528 1.000000
0.313984 -0.975656 0.221597 0.000000
0.082235 -0.356792 0.175373 0.000000
0.379690 -0.903012 0.473480 0.000000
0.386631 -0.917395 0.502353 0.000000
0.329936 -0.362325 0.228839 0.000000
0.362701 -0.913554 0.196232 1.000000
0.324234 -1.125615 0.243262 0.000000
0.339454 -0.506967 0.193759 0.000000
0.501447 -0.148327 0.024500 0.000000
0.396630 0.245435 0.201271 0.000000
0.298359 -1.023467 0.205755 0.000000
0.327977 -0.602808 0.206157 0.000000
0.343605 0.234726 0.204284 0.000000
0.388097 0.030540 0.020455 0.000000
0.383059 0.305511 0.120062 0.000000
0.192694 -0.207563 0.481176 0.000000
0.195227 -0.199564 0.147630 0.000000
0.221636 -0.188163 0.160642 0.000000
0.336559 0.260271 0.097360 0.000000
0.360337 -0.914047 0.218057 1.000000
0.142987 -0.320242 0.169659 0.000000
0.338027 0.248201 0.207652 0.000000
0.357386 -0.395804 0.224251 0.000000
0.309916 -0.900856 0.218506 0.000000
0.353036 0.253747 0.178133 0.000000
0.409452 0.163644 0.103955 0.000000
0.370792 -0.926044 0.181030 1.000000
0.441492 -0.016085 0.328183 0.000000
0.519087 -0.112162 0.148948 0.000000
0.440068 -0.978437 0.612769 0.000000
0.434706 0.117408 0.124672 0.000000
0.348120 -0.447087 0.247966 0.000000
0.336925 -0.486795 0.182030 0.000000
0.200800 -0.224665 0.163774 0.000000
0.457632 0.130816 0.121326 0.000000
0.457046 0.049922 0.117657 0.000000
0.332660 0.257903 0.171240 0.000000
0.298961 -0.910334 0.243066 0.000000
0.368055 -0.047139 0.270372 0.000000
0.309507 0.021366 0.185619 0.000000
0.371877 -0.930615 0.211851 1.000000
0.400067 0.242119 0.167884 0.000000
0.211171 -0.140536 0.412165 0.000000
0.415127 0.182174 0.132070 0.000000
0.335963 -0.707380 0.206016 0.000000
0.416263 -0.134664 0.250827 0.000000
0.367329 -0.066460 0.285500 0.000000
0.379211 -0.834172 0.418370 0.000000
0.344389 0.271542 0.192605 0.000000
0.506429 -1.134443 0.158627 1.000000
0.526430 -1.169514 0.153058 1.000000
0.310766 -0.863755 0.228956 0.000000
0.415656 -0.151120 0.266202 0.000000
0.507747 -0.071896 0.144208 0.000000
0.392639 -0.959581 0.196037 1.000000
0.322052 -1.165988 0.241959 0.000000
0.292125 -0.943817 0.231512 0.000000
0.327802 -0.036389 0.171720 0.000000
0.338183 0.169042 0.116564 0.000000
0.287007 -1.017001 0.241008 0.000000
0.377859 -0.027479 0.254993 0.000000
0.282861 -0.937018 0.237220 0.000000
-0.094100 -0.558304 0.134779 0.000000
0.292919 -1.045927 0.210842 0.000000
0.425443 0.124396 0.091569 0.000000
0.032450 -0.425507 0.164493 0.000000
-0.077694 -0.543474 0.124901 0.000000
0.593643 -1.284325 0.118641 1.000000
0.146536 -0.220507 -0.050017 0.000000
0.356877 -0.914167 0.234357 1.000000
0.394300 0.061840 0.227613 0.000000
0.331498 0.129433 0.081278 0.000000
0.337717 -0.655167 0.207342 0.000000
0.325696 0.221415 0.112867 0.000000
0.357068 0.087151 0.172145 0.000000
0.329936 -0.314306 0.201095 0.000000
0.243405 -0.142135 0.164090 0.000000
0.331971 0.134375 0.138907 0.000000
0.431582 0.143784 0.123412 0.000000
0.256992 -0.105187 0.163843 0.000000
0.437577 -1.032053 0.169351 1.000000
0.305454 0.061166 0.292498 0.000000
0.441783 -0.037079 0.222339 0.000000
0.373551 -0.028287 -0.025518 0.000000
0.399420 0.141473 0.068385 0.000000
0.531198 -0.203883 0.163817 0.000000
0.541632 -1.208217 0.131688 1.000000
0.388158 -0.782257 0.395189 0.000000
0.367974 -0.588326 0.306765 0.000000
0.306571 0.000100 0.147905 0.000000
0.392913 0.019002 0.264731 0.000000
0.323450 -0.323479 0.208231 0.000000
0.229785 -0.068147 0.370700 0.000000
0.051139 -0.408486 0.168516 0.000000
0.322739 -0.341172 0.195041 0.000000
0.303770 -1.067028 0.227592 0.000000
0.301195 -0.896032 0.226171 0.000000
0.353632 -0.603364 0.296074 0.000000
0.434943 -0.091968 0.237567 0.000000
0.285827 -0.993745 0.239883 0.000000
0.384162 -0.657197 0.343185 0.000000
0.324512 -0.215011 0.189046 0.000000
0.324842 -0.016523 0.174278 0.000000
0.278552 -0.052729 0.144081 0.000000
0.433516 0.076975 0.193780 0.000000
0.374619 0.382637 0.113212 0.000000
0.386327 0.433281 0.146222 0.000000
0.556524 -1.240722 0.130511 1.000000
0.305721 -1.010565 0.214947 0.000000
0.486328 -0.135782 0.038997 0.000000
0.433717 0.102093 0.182345 0.000000
0.304879 -0.945384 0.207464 0.000000
0.428176 -0.074295 0.226030 0.000000
0.450504 -0.006797 0.185303 0.000000
0.379827 0.459321 0.129908 0.000000
0.328905 0.232135 0.102420 0.000000
0.321898 0.012792 0.053633 0.000000
0.483104 -0.122372 0.170758 0.000000
0.383898 0.486291 0.119679 0.000000
0.399426 0.116032 0.218455 0.000000
0.485360 -0.029841 0.107047 0.000000
0.503936 -0.030971 0.387202 0.000000
0.337480 -0.433891 0.179600 0.000000
0.320267 0.195968 0.114477 0.000000
0.572751 -1.275061 0.122886 1.000000
0.164677 -0.210034 -0.039180 0.000000
0.336275 -0.857435 0.202048 0.000000
0.325613 -0.630419 0.202751 0.000000
0.343092 -0.453220 0.192506 0.000000
0.485309 -0.046167 0.118632 0.000000
0.296713 -0.997630 0.221378 0.000000
0.328530 -0.474268 0.199925 0.000000
0.056209 -0.386808 0.175667 0.000000
0.338929 -0.819875 0.209762 0.000000
0.299486 -0.016594 0.049618 0.000000
0.408069 0.222749 0.170657 0.000000
0.450635 0.071701 0.120470 0.000000
0.330396 -0.763648 0.215447 0.000000
0.311945 0.004258 0.052814 0.000000
0.362965 -0.567335 0.295846 0.000000
0.350304 -0.408230 0.240567 0.000000
0.430212 -0.971247 0.574830 0.000000
0.338814 -0.831575 0.226015 0.000000
0.336078 0.163754 0.246601 0.000000
0.448080 0.059172 0.185520 0.000000
0.546717 -1.219656 0.137185 1.000000
0.298885 -0.884265 0.232548 0.000000
0.373751 -0.718518 0.364761 0.000000
0.369552 -0.604660 0.322508 0.000000
0.265637 -1.048321 0.266406 0.000000
0.112751 -0.305596 0.172050 0.000000
0.384174 -0.016212 -0.001661 0.000000
0.441011 0.129931 0.127623 0.000000
0.295510 -1.038653 0.221785 0.000000
0.341237 -0.393036 0.188804 0.000000
0.320353 -0.080757 0.182517 0.000000
0.274375 -0.063645 0.161395 0.000000
0.345524 0.380255 0.153656 0.000000
0.275455 -0.060155 0.176411 0.000000
0.472593 0.035522 0.144550 0.000000
0.034974 -0.439752 0.157364 0.000000
0.397514 0.164069 0.079052 0.000000
0.073272 -0.391420 0.167686 0.000000
0.083313 -0.242227 -0.048911 0.000000
0.422449 0.195702 0.120887 0.000000
0.330861 0.304528 0.104353 0.000000
0.305115 0.033774 0.059336 0.000000
0.390178 -0.875224 0.446127 0.000000
0.339255 0.152046 0.084887 0.000000
0.231824 -0.179880 -0.027589 0.000000
0.343474 0.200698 0.197391 0.000000
0.338081 0.148856 0.128172 0.000000
0.350065 0.220417 0.103929 0.000000
0.482907 0.035310 0.127414 0.000000
0.328208 0.113226 0.075000 0.000000
0.347414 -0.361397 0.219877 0.000000
0.386256 0.005499 -0.005622 0.000000
-0.070832 -0.534451 0.132933 0.000000
0.396628 0.208623 0.092131 0.000000
0.351342 0.079364 0.187763 0.000000
0.549680 -1.198363 0.153423 1.000000
0.406744 -0.951407 0.537884 0.000000
0.439434 0.030452 0.198006 0.000000
0.402902 0.294115 0.127714 0.000000
0.396881 -0.934749 0.507507 0.000000
0.384476 0.028728 0.252790 0.000000
0.329485 0.137801 0.243165 0.000000
0.262012 -1.025572 0.236629 0.000000
0.599296 -1.298543 0.121338 1.000000
0.206161 -0.100378 0.394304 0.000000
0.576893 -1.233998 0.135875 1.000000
0.435704 0.065439 0.198670 0.000000
0.419587 0.136360 0.122498 0.000000
0.111893 -0.327277 0.172918 0.000000
0.445685 0.046450 0.119860 0.000000
0.326065 0.070403 0.183817 0.000000
0.360686 0.289707 0.102309 0.000000
0.348402 0.391688 0.162487 0.000000
0.332477 0.197173 0.099625 0.000000
0.388200 0.473736 0.107475 0.000000
0.344254 -0.873902 0.197899 1.000000
0.338745 0.195244 0.223444 0.000000
0.290868 -1.109637 0.245802 0.000000
0.616191 -1.318012 0.121600 1.000000
0.356761 -0.638608 0.318522 0.000000
0.397307 0.387393 0.127839 0.000000
0.341420 -0.635249 0.203775 0.000000
0.326746 -0.255778 0.187567 0.000000
0.135174 -0.297035 0.168439 0.000000
0.290159 -1.085657 0.245416 0.000000
0.413759 0.207955 0.110690 0.000000
0.294348 -1.000933 0.250976 0.000000
0.344735 0.235132 0.105286 0.000000
0.319595 0.077210 0.174263 0.000000
0.376198 0.426866 0.149602 0.000000
0.339514 -0.526605 0.196475 0.000000
0.267155 -0.080881 0.166438 0.000000
0.342653 -0.285775 0.201806 0.000000
0.337622 -0.797765 0.212945 0.000000
0.433104 0.176168 0.128082 0.000000
0.263493 -0.017196 0.332896 0.000000
0.290295 -0.097864 0.024112 0.000000
0.327861 -0.135940 0.189679 0.000000
0.321678 0.128240 0.237020 0.000000
0.337773 -0.294684 0.194422 0.000000
0.350510 0.357939 0.160733 0.000000
0.377963 0.434989 0.128388 0.000000
0.385698 0.385034 0.150043 0.000000
0.232143 -0.134945 0.143975 0.000000
0.435905 -1.025964 0.180309 1.000000
0.282843 -0.117672 0.015338 0.000000
0.432044 -0.008409 0.322404 0.000000
0.290237 -1.029744 0.238176 0.000000
-0.099131 -0.560388 0.121665 0.000000
0.222648 -0.165962 0.148098 0.000000
0.308557 -0.936213 0.218145 0.000000
0.470535 -0.086598 0.055892 0.000000
0.464132 0.086753 0.128725 0.000000
0.564039 -1.253263 0.127294 1.000000
0.391940 0.342433 0.125085 0.000000
0.329262 0.338582 0.111406 0.000000
0.337588 -0.449205 0.179426 0.000000
0.268775 0.013159 0.314010 0.000000
0.358128 -0.427820 0.242167 0.000000
0.410082 -0.954093 0.551217 0.000000
0.260476 -1.051670 0.236839 0.000000
0.334193 -0.197150 0.196506 0.000000
0.194937 -0.185926 0.468659 0.000000
0.337253 -0.263652 0.198719 0.000000
0.330191 -0.222039 0.199103 0.000000
0.396829 0.347600 0.169319 0.000000
0.312883 -1.103605 0.237628 0.000000
0.314947 0.024765 0.165490 0.000000
0.388121 0.397620 0.140532 0.000000
0.481116 0.016822 0.134675 0.000000
0.353689 0.456428 0.151513 0.000000
0.488524 -1.097321 0.173981 1.000000
0.381332 -0.929576 0.187690 1.000000
0.437266 -0.025330 0.210766 0.000000
0.103465 -0.236647 -0.041251 0.000000
0.473012 0.014404 0.110521 0.000000
0.187538 -0.206245 -0.034864 0.000000
0.447163 0.007213 0.182184 0.000000
0.429609 0.103555 0.087824 0.000000
0.344355 0.477573 0.152424 0.000000
0.308326 -1.075385 0.234872 0.000000
0.322308 -1.154165 0.245352 0.000000
0.319772 -0.007921 0.180905 0.000000
0.301073 -0.077846 0.022588 0.000000
0.393577 -0.899469 0.469145 0.000000
0.323288 -0.883650 0.211905 0.000000
0.332949 0.155939 0.168647 0.000000
0.382217 -0.800475 0.400758 0.000000
0.522014 -0.225135 0.163251 0.000000
0.564855 -0.137257 0.112082 0.000000
0.463538 -1.064351 0.175076 1.000000
0.486332 -0.013497 0.140349 0.000000
0.343431 0.130350 0.138784 0.000000
0.369047 -0.786133 0.389511 0.000000
0.359010 -0.591280 0.299720 0.000000
0.315073 0.084421 0.277317 0.000000
0.278871 -0.978239 0.240084 0.000000
0.415863 0.139451 0.098586 0.000000
0.350225 -0.438592 0.260937 0.000000
0.301005 0.066629 0.278671 0.000000
0.392554 0.131874 0.225658 0.000000
0.330758 -0.100629 0.189585 0.000000
0.327271 0.090930 0.072020 0.000000
0.335137 -0.578099 0.199378 0.000000
0.395293 0.257479 0.190208 0.000000
0.381868 0.364074 0.148938 0.000000
0.338803 -0.588799 0.195940 0.000000
0.462904 0.055361 0.137407 0.000000
0.316471 -0.917713 0.235997 0.000000
0.396815 0.244237 0.110987 0.000000
0.386179 0.024182 0.276069 0.000000
0.297561 -1.106174 0.222506 0.000000
0.492087 -0.118261 0.042658 0.000000
0.131624 -0.319280 0.168640 0.000000
0.426311 0.081428 0.085694 0.000000
0.329981 -0.176186 0.193829 0.000000
0.398144 0.196886 0.096699 0.000000
0.432674 0.041671 0.070898 0.000000
0.424465 -0.110760 0.240948 0.000000
0.266020 -0.145515 -0.000669 0.000000
0.208834 -0.208192 0.160348 0.000000
0.365068 0.442729 0.121175 0.000000
0.288893 -1.005123 0.260647 0.000000
0.326256 -0.850603 0.224025 0.000000
0.341291 0.388895 0.129253 0.000000
0.426393 -1.013765 0.172022 1.000000
0.293369 -0.027048 0.172480 0.000000
0.329597 0.004584 0.186839 0.000000
0.328435 -0.807225 0.218320 0.000000
0.322953 -0.903800 0.216202 0.000000
0.330772 0.020820 0.174040 0.000000
0.382651 0.470136 0.147499 0.000000
0.184299 -0.237379 0.160768 0.000000
0.314577 0.047901 0.180590 0.000000
0.296302 -1.090998 0.225279 0.000000
0.394730 0.200689 0.210938 0.000000
0.325880 -0.342983 0.220773 0.000000
0.270912 -0.997654 0.240267 0.000000
0.384509 0.452488 0.144549 0.000000
0.317627 -0.861673 0.220140 0.000000
0.493401 -0.053659 0.107933 0.000000
0.634120 -0.162479 0.093711 0.000000
-0.039051 -0.500450 0.143242 0.000000
0.333387 -0.534257 0.202182 0.000000
0.528996 -0.131021 0.156674 0.000000
0.237237 -0.151403 0.154205 0.000000
0.365713 -0.727925 0.358761 0.000000
0.143118 -0.226822 -0.036834 0.000000
0.317120 -0.907913 0.226424 0.000000
0.327159 -0.682068 0.205568 0.000000
0.339548 0.356467 0.116861 0.000000
0.431377 0.060310 0.079527 0.000000
0.446521 -0.034269 0.062670 0.000000
0.387847 0.401570 0.127722 0.000000
0.126651 -0.232634 -0.042731 0.000000
0.418680 -0.971666 0.576171 0.000000
0.515977 -0.099285 0.146488 0.000000
0.334051 -0.042190 0.179512 0.000000
0.317949 -0.988494 0.220125 0.000000
0.374008 -0.820203 0.409396 0.000000
0.331946 -0.846965 0.213646 0.000000
0.293399 -0.086171 0.029409 0.000000
0.506182 -0.270717 -0.065368 0.000000
0.190092 -0.236412 0.520657 0.000000
0.279143 -1.068823 0.259610 0.000000
0.333682 -0.696417 0.205321 0.000000
-0.016350 -0.479374 0.154429 0.000000
0.342717 -0.549894 0.196466 0.000000
0.095500 -0.356348 0.171219 0.000000
0.463305 0.033807 0.114055 0.000000
0.363424 -0.539601 0.290665 0.000000
0.314035 0.028651 0.178327 0.000000
0.452382 0.077624 0.137250 0.000000
0.298554 -1.139871 0.216635 0.000000
0.333731 0.178987 0.113535 0.000000
0.429914 -0.985946 0.608602 0.000000
0.445744 0.050139 0.191727 0.000000
0.366982 0.426175 0.113287 0.000000
0.367667 -0.526847 0.298757 0.000000
0.308952 -1.022021 0.230197 0.000000
0.392615 0.093949 0.227514 0.000000
0.482114 -1.074495 0.158171 1.000000
0.202674 -0.147806 0.425662 0.000000
0.296186 -0.017361 0.152951 0.000000
0.480695 -1.091187 0.165447 1.000000
0.328644 -0.464386 0.187343 0.000000
0.524510 -0.040509 0.401981 0.000000
0.435772 0.139595 0.166566 0.000000
0.200447 -0.184350 0.446725 0.000000
0.302709 -1.033486 0.235646 0.000000
0.123001 -0.326482 0.172259 0.000000
0.316422 0.025146 0.057813 0.000000
0.470356 -0.058082 0.193993 0.000000
0.391538 0.311681 0.124359 0.000000
0.338214 0.315067 0.154461 0.000000
0.340899 -0.607743 0.198277 0.000000
0.434990 -1.002988 0.215850 1.000000
-0.085532 -0.550674 0.138888 0.000000
0.391878 -0.951082 0.221076 1.000000
0.346950 -0.893326 0.208139 1.000000
0.188874 -0.216865 0.154137 0.000000
0.327756 0.053945 0.181466 0.000000
0.410952 0.196362 0.176485 0.000000
0.533760 -1.210439 0.144531 1.000000
0.321944 -0.012312 0.043563 0.000000
0.410345 -0.172440 0.272325 0.000000
0.318494 -0.875448 0.204714 0.000000
0.318972 -0.039074 0.180332 0.000000
0.436300 0.076587 0.085152 0.000000
0.356072 -0.517706 0.285937 0.000000
0.401605 -0.827115 0.421934 0.000000
0.463731 -0.058043 0.065364 0.000000
0.354612 -0.513105 0.265013 0.000000
0.350170 0.253498 0.095626 0.000000
0.402290 0.471102 0.120820 0.000000
0.425009 -0.997062 0.177394 1.000000
0.515846 -0.093167 0.137249 0.000000
0.329479 -0.773362 0.201443 0.000000
0.326255 -0.590790 0.203690 0.000000
0.440967 -0.065636 0.229841 0.000000
0.321696 -0.189966 0.191209 0.000000
0.341256 -0.820474 0.221507 0.000000
0.295915 -1.145260 0.226907 0.000000
0.288533 -0.969914 0.237621 0.000000
0.328173 -0.823911 0.209311 0.000000
0.422413 0.135326 0.186639 0.000000
0.317052 -1.029641 0.226329 0.000000
0.291092 0.035995 0.300128 0.000000
0.439011 0.027861 0.068905 0.000000
0.188103 -0.261981 0.564475 0.000000
0.411139 0.155876 0.190833 0.000000
0.358118 -0.498885 0.257444 0.000000
0.412894 -0.144738 0.256602 0.000000
0.210643 -0.122627 0.401213 0.000000
0.473753 -1.070464 0.188908 1.000000
0.559172 -1.220462 0.139526 1.000000
0.239015 -0.076069 0.367706 0.000000
0.340370 -0.810314 0.204522 0.000000
0.387154 0.379524 0.124105 0.000000
0.402482 -0.807267 0.414243 0.000000
0.333086 0.167210 0.085009 0.000000
0.417449 0.203193 0.170182 0.000000
0.274086 -1.088417 0.247259 0.000000
0.358720 -0.900052 0.225441 1.000000
0.332667 -0.512898 0.182414 0.000000
0.357523 -0.620545 0.314933 0.000000
0.255997 -1.019172 0.243158 0.000000
0.544485 -1.190113 0.148109 1.000000
0.311717 -0.936887 0.206700 0.000000
0.447039 -1.037654 0.176378 1.000000
0.335101 -0.737988 0.207316 0.000000
0.392251 -0.822257 0.414333 0.000000
0.605195 -0.149084 0.112959 0.000000
0.369075 -0.572897 0.302939 0.000000
0.269680 -1.078010 0.239880 0.000000
0.322820 -0.969306 0.221567 0.000000
0.316853 -0.910038 0.205101 0.000000
0.438692 0.018357 0.075800 0.000000
0.330623 0.268759 0.101734 0.000000
0.320617 -1.076961 0.227041 0.000000
0.176371 -0.254450 0.163943 0.000000
0.176611 -0.267403 0.563717 0.000000
0.319350 -0.935673 0.219289 0.000000
0.425703 0.070995 0.095440 0.000000
0.402479 0.387208 0.153087 0.000000
0.245763 -0.025754 0.340091 0.000000
0.292944 -0.910552 0.230954 0.000000
0.290946 0.049855 0.289421 0.000000
0.451214 -1.055369 0.167857 1.000000
0.331750 0.316126 0.107072 0.000000
0.427970 0.181146 0.167531 0.000000
0.444689 0.158669 0.131755 0.000000
0.364041 -0.676501 0.340470 0.000000
0.421236 0.232294 0.123257 0.000000
0.432596 -1.010268 0.193497 1.000000
0.047882 -0.395504 0.175808 0.000000
0.304006 0.001209 0.163947 0.000000
0.396060 0.060701 0.026596 0.000000
0.342810 -0.840093 0.217834 0.000000
0.196519 -0.164401 0.445137 0.000000
0.431604 0.161041 0.168152 0.000000
0.285888 -0.957274 0.228693 0.000000
0.343797 -0.835659 0.206764 0.000000
0.296467 -0.987104 0.230052 0.000000
0.584397 -1.265006 0.124903 1.000000
0.439390 0.045167 0.208353 0.000000
0.417429 0.243183 0.164450 0.000000
0.218017 -0.117899 0.394284 0.000000
0.468166 -1.084271 0.158850 1.000000
0.061668 -0.406381 0.165529 0.000000
0.448379 0.028695 0.190197 0.000000
0.330962 0.147203 0.238136 0.000000
0.231823 -0.040051 0.348875 0.000000
0.399708 -0.203040 0.301810 0.000000
0.339537 0.369868 0.122240 0.000000
0.436158 -0.081508 0.225995 0.000000
0.330302 -0.571200 0.192491 0.000000
0.185703 -0.242933 0.547868 0.000000
0.034732 -0.412898 0.173247 0.000000
0.361427 -0.688121 0.340389 0.000000
0.512184 -0.085037 0.120290 0.000000
0.313355 -1.143548 0.239287 0.000000
0.388299 0.042236 0.026599 0.000000
0.320713 -0.237784 0.190383 0.000000
0.339158 0.098801 0.168513 0.000000
0.329780 -0.785757 0.214448 0.000000
0.330956 -0.406161 0.199921 0.000000
0.325425 -0.286850 0.193758 0.000000
0.328106 0.280433 0.103224 0.000000
0.294334 -1.049825 0.223159 0.000000
0.309120 -1.003849 0.234799 0.000000
0.471573 -1.084215 0.180713 1.000000
0.332269 -0.211296 0.182696 0.000000
0.333336 -0.646668 0.201825 0.000000
0.341048 -0.627786 0.191424 0.000000
0.295962 -1.010892 0.235046 0.000000
0.519052 -0.193759 0.139907 0.000000
0.314972 -0.879906 0.217458 0.000000
0.344312 -0.388366 0.235525 0.000000
0.415724 0.172781 0.095865 0.000000
0.339639 0.402097 0.133111 0.000000
0.471668 -1.070255 0.168728 1.000000
0.505453 -0.057949 0.141697 0.000000
0.223532 -0.063402 0.361184 0.000000
0.527062 -0.152044 0.155394 0.000000
0.395408 0.228392 0.100740 0.000000
0.231638 -0.146128 0.144001 0.000000
-0.032319 -0.493594 0.150368 0.000000
0.325243 -0.988675 0.228768 0.000000
0.438310 -0.036868 0.210343 0.000000
0.338985 0.187001 0.082985 0.000000
-0.073937 -0.537606 0.146221 0.000000
0.338064 -0.756285 0.215383 0.000000
0.174224 -0.266940 0.575480 0.000000
0.517327 -1.133434 0.166976 1.000000
0.229143 -0.091334 0.379514 0.000000
0.368913 0.471336 0.122621 0.000000
0.357093 -0.442569 0.239944 0.000000
0.333447 -0.430178 0.189053 0.000000
0.488337 0.003475 0.130682 0.000000
0.205172 -0.131781 0.412215 0.000000
0.248919 -0.053133 0.357327 0.000000
0.395958 0.128900 0.067670 0.000000
0.458012 -0.027102 0.190773 0.000000
0.377585 -0.883032 0.457538 0.000000
-0.123253 -0.588283 0.130491 0.000000
0.050763 -0.421992 0.162429 0.000000
0.316340 -0.950836 0.214526 0.000000
0.465735 -0.068213 0.061530 0.000000
0.327157 -0.686564 0.196008 0.000000
0.286246 0.060845 0.278052 0.000000
0.351480 -0.449203 0.260184 0.000000
0.429284 0.067566 0.206771 0.000000
0.374345 -0.935462 0.177862 1.000000
0.335423 -0.486529 0.195297 0.000000
0.358789 -0.546267 0.268950 0.000000
0.324151 -0.170285 0.184972 0.000000
0.422771 0.206675 0.129714 0.000000
0.325637 -0.117656 0.189150 0.000000
0.337415 0.180030 0.230806 0.000000
0.382466 -0.941208 0.194902 1.000000
0.475186 -0.115636 0.046822 0.000000
0.245144 -0.117901 0.143730 0.000000
0.424254 0.000350 0.310044 0.000000
0.359751 -0.503071 0.278614 0.000000
0.336462 0.355103 0.158583 0.000000
0.340802 0.207995 0.217120 0.000000
0.420219 0.099593 0.097574 0.000000
0.374554 0.358619 0.118296 0.000000
0.332050 -0.878193 0.218865 0.000000
0.376340 0.416987 0.117607 0.000000
0.308031 -0.950699 0.237347 0.000000
0.357309 -0.385569 0.221948 0.000000
0.326187 0.041530 0.061175 0.000000
0.530426 -0.175558 0.164449 0.000000
0.330333 0.148275 0.080685 0.000000
0.252359 -0.098627 0.142685 0.000000
-0.063445 -0.524845 0.136150 0.000000
0.403899 -0.189834 0.283070 0.000000
0.534218 -0.109299 0.119222 0.000000
0.300792 -1.079363 0.241740 0.000000
0.217206 -0.108006 0.390393 0.000000
0.358103 -0.906891 0.183264 1.000000
0.285557 0.016513 0.318199 0.000000
0.612627 -1.336017 0.114936 1.000000
0.400579 0.083626 0.037860 0.000000
0.341859 -0.420662 0.250486 0.000000
0.214214 -0.195974 -0.023214 0.000000
0.288616 -0.927889 0.232354 0.000000
0.186945 -0.257391 0.547750 0.000000
0.343138 0.166340 0.239285 0.000000
0.288152 -1.081748 0.254870 0.000000
0.231916 -0.171313 0.163655 0.000000
0.530174 -1.189337 0.149603 1.000000
0.388346 -0.700795 0.364778 0.000000
0.378270 -0.579154 0.317225 0.000000
0.383014 -0.713694 0.363035 0.000000
0.304415 0.011708 0.167595 0.000000
0.301691 -1.052857 0.208440 0.000000
0.348912 0.408231 0.135652 0.000000
0.468958 -0.022896 0.356404 0.000000
0.384351 -0.858122 0.433706 0.000000
0.498008 -0.067787 0.119935 0.000000
0.332781 -0.302550 0.202189 0.000000
0.498430 -0.053989 0.154388 0.000000
0.338883 0.201020 0.166705 0.000000
0.312421 -0.030449 0.035100 0.000000
0.534667 -1.201736 0.137025 1.000000
0.321808 -0.895296 0.222426 0.000000
0.396111 0.363993 0.165542 0.000000
-0.018145 -0.489880 0.139707 0.000000
0.334519 -0.517043 0.193125 0.000000
0.343057 0.187671 0.108200 0.000000
0.359076 -0.521908 0.268728 0.000000
0.396186 -0.844386 0.429519 0.000000
0.302507 -0.964955 0.208180 0.000000
0.277130 -1.046956 0.273824 0.000000
0.332263 -0.372129 0.231039 0.000000
0.507614 -0.211639 -0.025752 0.000000
0.324322 -0.027403 0.177305 0.000000
0.380466 -0.871345 0.441412 0.000000
0.330069 0.243805 0.109911 0.000000
0.387349 -0.945392 0.180699 1.000000
0.316399 -0.849329 0.226662 0.000000
0.290172 -0.984742 0.244588 0.000000
0.398148 0.116997 0.056652 0.000000
0.301176 -0.054053 0.046768 0.000000
0.357402 -0.465011 0.248049 0.000000
0.331053 -0.773211 0.211795 0.000000
0.414712 0.186862 0.177383 0.000000
0.331550 0.092412 0.173141 0.000000
0.387638 0.270317 0.114559 0.000000
0.324608 -0.319470 0.192281 0.000000
0.391234 -0.770948 0.394048 0.000000
0.344219 -0.741406 0.202774 0.000000
0.331551 -0.867527 0.209381 0.000000
0.322426 -0.306568 0.203660 0.000000
0.288893 -1.039823 0.241759 0.000000
0.344636 -0.377173 0.231647 0.000000
0.524613 -0.095493 0.113796 0.000000
0.426531 -0.009583 0.313473 0.000000
0.376539 -0.051141 -0.026630 0.000000
0.329694 -0.081560 0.178417 0.000000
0.402241 -0.906757 0.473796 0.000000
0.093516 -0.335945 0.175180 0.000000
0.621086 -0.159660 0.106036 0.000000
0.321652 -0.062776 0.178641 0.000000
0.341203 -0.564662 0.186589 0.000000
0.404427 0.181499 0.211280 0.000000
0.391155 0.110130 0.052611 0.000000
0.313736 0.074771 0.065365 0.000000
0.391480 0.177175 0.088024 0.000000
0.271494 -1.129730 0.290543 0.000000
0.436469 0.033165 0.087633 0.000000
0.337256 0.236069 0.170067 0.000000
0.106716 -0.318509 0.173652 0.000000
0.398813 -0.861066 0.439905 0.000000
0.310070 -0.966235 0.221956 0.000000
0.415503 -0.002355 0.298838 0.000000
0.462198 0.033897 0.143212 0.000000
0.480205 -0.019664 0.106198 0.000000
0.400223 -0.941811 0.521788 0.000000
0.348148 -0.684644 0.200297 0.000000
0.543924 -1.212392 0.143758 1.000000
0.357471 -0.479770 0.250473 0.000000
0.320999 0.096167 0.173961 0.000000
0.336113 -0.596549 0.201975 0.000000
0.613456 -1.296840 0.114956 1.000000
0.278684 -0.942660 0.228966 0.000000
0.447508 -0.023275 0.332140 0.000000
0.309150 -0.882330 0.230857 0.000000
0.334826 -0.667918 0.200861 0.000000
0.180186 -0.246492 0.158890 0.000000
0.313621 -1.092706 0.237729 0.000000
0.360893 0.065292 0.201632 0.000000
0.297903 -1.122744 0.226705 0.000000
0.348427 0.292808 0.176287 0.000000
0.349171 -0.409893 0.230611 0.000000
0.385348 0.036458 0.246040 0.000000
0.536514 -0.116459 0.110034 0.000000
0.023912 -0.444914 0.159949 0.000000
0.410547 0.179051 0.122503 0.000000
0.347322 -0.432369 0.243365 0.000000
0.527486 -0.189872 0.144004 0.000000
0.434597 -0.975290 0.592014 0.000000
0.435446 0.118699 0.171512 0.000000
0.456085 -0.051795 0.062198 0.000000
0.344442 -0.778861 0.214611 0.000000
0.469729 -1.097379 0.173678 1.000000
0.335646 -0.470555 0.191500 0.000000
0.335964 0.104465 0.079256 0.000000
0.003631 -0.454817 0.162292 0.000000
0.474541 0.038416 0.134808 0.000000
0.269732 -1.048580 0.256052 0.000000
-0.110801 -0.569364 0.123397 0.000000
0.321602 0.032545 0.163717 0.000000
0.516416 -0.077813 0.154396 0.000000
0.345553 -0.336687 0.210821 0.000000
0.321927 -1.075265 0.238777 0.000000
0.258332 -0.099272 0.179495 0.000000
0.398394 -0.914525 0.481649 0.000000
0.504704 -0.168779 0.013515 0.000000
0.336977 -0.160170 0.190358 0.000000
0.235914 -0.027549 0.343357 0.000000
0.380155 -0.678710 0.345747 0.000000
0.326101 -0.614719 0.205155 0.000000
0.316231 0.119635 0.238366 0.000000
0.408746 0.003413 0.293528 0.000000
0.347438 0.227897 0.097698 0.000000
0.276948 0.046661 0.288900 0.000000
0.325395 0.119532 0.254560 0.000000
0.388669 -0.926198 0.507837 0.000000
0.585278 -0.143175 0.114434 0.000000
0.327922 -0.916133 0.214949 0.000000
0.307225 -0.019621 0.043954 0.000000
0.524522 -0.161764 0.150755 0.000000
0.232970 -0.108217 0.383688 0.000000
0.328266 -0.459472 0.196096 0.000000
0.262280 -0.088637 0.154144 0.000000
0.452093 0.116260 0.129947 0.000000
0.306100 -0.050878 0.027831 0.000000
0.329357 -0.865251 0.220579 0.000000
0.187002 -0.224188 0.516845 0.000000
0.494312 -1.130727 0.149802 1.000000
0.323734 0.138046 0.177041 0.000000
0.359376 0.057424 0.221611 0.000000
0.408777 -0.887303 0.456778 0.000000
0.312304 -1.061821 0.228274 0.000000
0.432936 0.186903 0.131504 0.000000
0.491739 -0.030836 0.154338 0.000000
0.574273 -1.255459 0.128777 1.000000
0.454173 -0.015057 0.345553 0.000000
0.260372 -0.153159 -0.004392 0.000000
0.350421 0.403950 0.163158 0.000000
0.205164 -0.170465 0.433066 0.000000
0.278868 -1.010760 0.269747 0.000000
0.448312 -0.019988 0.069690 0.000000
0.329593 -0.329380 0.214645 0.000000
0.326576 -0.703149 0.207315 0.000000
0.331933 -0.154940 0.183507 0.000000
0.325486 0.184567 0.114292 0.000000
0.382556 -0.825328 0.415165 0.000000
0.455945 -0.040462 0.185626 0.000000
0.511507 -0.225082 -0.035168 0.000000
0.318988 0.131797 0.228091 0.000000
0.337616 -0.256135 0.185010 0.000000
0.471196 0.023661 0.144619 0.000000
0.297307 -0.996585 0.209102 0.000000
0.465713 -0.083394 0.183309 0.000000
0.339827 -0.315530 0.201265 0.000000
0.235695 -0.087672 0.371653 0.000000
0.550543 -0.123468 0.116246 0.000000
0.574010 -1.295072 0.121075 1.000000
0.329991 -0.527363 0.190531 0.000000
0.326280 -0.662349 0.197811 0.000000
0.339429 -0.765258 0.210407 0.000000
0.373788 -0.644759 0.337629 0.000000
0.440469 0.181074 0.122822 0.000000
0.345698 0.239773 0.194706 0.000000
0.226287 -0.197223 0.167793 0.000000
0.369755 -0.604448 0.311390 0.000000
0.293936 -0.993756 0.260703 0.000000
0.330129 -0.548658 0.190994 0.000000
0.491464 -0.119663 0.177495 0.000000
0.345388 0.254749 0.194971 0.000000
0.334186 -0.374979 0.245279 0.000000
0.373638 0.401759 0.119251 0.000000
0.375424 -0.559147 0.311848 0.000000
0.325383 -0.141879 0.182113 0.000000
0.389993 -0.950692 0.200546 1.000000
0.366967 0.343792 0.111450 0.000000
0.366842 -0.923209 0.217534 1.000000
0.388283 0.415617 0.148127 0.000000
0.434016 0.091985 0.181729 0.000000
0.396488 0.185731 0.082219 0.000000
0.515383 -1.174039 0.141317 1.000000
0.384176 -0.946846 0.213764 1.000000
0.351271 -0.893327 0.185434 1.000000
0.274672 -1.015380 0.244524 0.000000
0.432020 0.113276 0.181497 0.000000
0.334184 0.114794 0.173486 0.000000
-0.085781 -0.546461 0.129730 0.000000
0.346912 0.233269 0.185597 0.000000
0.375344 0.450406 0.149511 0.000000
0.421375 0.166432 0.177601 0.000000
0.358041 -0.450085 0.246321 0.000000
0.251299 -0.034916 0.344310 0.000000
0.365258 -0.736586 0.363821 0.000000
0.328062 0.125244 0.167988 0.000000
0.334454 -0.624948 0.200346 0.000000
0.287835 -0.107056 0.016034 0.000000
0.380291 0.405753 0.145264 0.000000
0.452962 -1.032479 0.199756 1.000000
0.327434 -0.241996 0.196205 0.000000
0.399629 0.328690 0.119684 0.000000
0.328528 0.210945 0.165954 0.000000
0.386000 -0.959655 0.221260 1.000000
0.396524 0.303360 0.176835 0.000000
0.495327 -0.138068 0.169285 0.000000
0.208802 -0.159993 0.422548 0.000000
0.654188 -0.173894 0.088891 0.000000
0.018740 -0.432892 0.170236 0.000000
0.355365 0.252894 0.109569 0.000000
0.386546 0.010781 0.005313 0.000000
0.516696 -1.168516 0.155683 1.000000
0.429208 0.113556 0.089684 0.000000
0.503468 -0.252243 -0.058836 0.000000
0.396954 -0.958574 0.187279 1.000000
0.332667 -0.754270 0.207354 0.000000
0.508383 -0.074282 0.134709 0.000000
0.216697 -0.173749 0.147600 0.000000
0.322488 0.059028 0.068453 0.000000
0.355091 0.267932 0.109198 0.000000
0.287209 -0.035604 0.154685 0.000000
0.333138 0.164271 0.225716 0.000000
0.344328 -0.720873 0.204561 0.000000
0.512901 -0.199122 -0.010696 0.000000
0.347156 -0.324459 0.206530 0.000000
0.416679 0.256086 0.163020 0.000000
0.438010 0.070261 0.119993 0.000000
0.296051 -0.963439 0.251525 0.000000
0.453956 -1.054944 0.183332 1.000000
0.338995 -0.680992 0.196536 0.000000
0.441179 0.005839 0.072069 0.000000
0.316476 -0.995009 0.233944 0.000000
0.311205 -0.934233 0.230289 0.000000
0.275728 -1.034482 0.260609 0.000000
0.327267 -0.224089 0.185739 0.000000
0.437539 0.050412 0.199144 0.000000
0.287338 -0.918196 0.227002 0.000000
0.329049 -0.190780 0.184821 0.000000
0.510460 -0.079330 0.110256 0.000000
0.295300 -1.019150 0.224206 0.000000
0.442452 0.009995 0.208381 0.000000
0.319041 0.047285 0.064886 0.000000
0.354293 0.296048 0.106066 0.000000
0.384075 0.347770 0.143734 0.000000
0.367237 0.053976 0.216803 0.000000
0.509172 -0.183993 0.003594 0.000000
0.302638 -1.057226 0.228272 0.000000
0.284438 0.024482 0.303924 0.000000
0.294481 -0.011288 0.167541 0.000000
0.329339 -0.363359 0.193808 0.000000
-0.008809 -0.463499 0.164766 0.000000
0.034496 -0.425722 0.174020 0.000000
0.323869 0.000011 0.173028 0.000000
0.392462 0.295394 0.158452 0.000000
0.397850 0.373169 0.153506 0.000000
0.396245 -0.959735 0.221995 1.000000
0.093073 -0.377960 0.167125 0.000000
0.349445 0.093949 0.168319 0.000000
0.409559 0.192736 0.121211 0.000000
0.327973 0.203031 0.108765 0.000000
0.239578 -0.177352 -0.010568 0.000000
0.368259 0.434107 0.124341 0.000000
0.344185 -0.661934 0.204722 0.000000
0.303327 -1.056072 0.245347 0.000000
0.378297 -0.942343 0.229211 1.000000
0.246839 -0.168703 -0.014249 0.000000
0.400535 -0.955330 0.549941 0.000000
0.479452 -1.062962 0.182705 1.000000
0.444591 0.059112 0.195245 0.000000
0.390988 0.091606 0.044990 0.000000
0.405961 0.264971 0.118997 0.000000
0.340023 -0.702333 0.198795 0.000000
0.349069 -0.889573 0.223977 1.000000
0.351648 0.305278 0.168986 0.000000
0.329277 -0.271899 0.197539 0.000000
0.399016 0.102832 0.229705 0.000000
0.468723 -0.097340 0.046731 0.000000
0.376505 0.481388 0.127440 0.000000
0.243464 -0.133993 0.157361 0.000000
0.319990 0.042584 0.170696 0.000000
0.436241 0.089292 0.122587 0.000000
0.348042 0.436512 0.155693 0.000000
0.341179 0.214991 0.097619 0.000000
0.348705 0.418890 0.148732 0.000000
0.392617 0.074262 0.226791 0.000000
0.407689 -0.932249 0.499047 0.000000
0.335270 -0.412441 0.191311 0.000000
0.503289 -0.147031 0.160988 0.000000
0.158344 -0.256353 0.160595 0.000000
0.334392 -0.351176 0.196076 0.000000
0.325010 -0.112080 0.181318 0.000000
0.068681 -0.372615 0.175648 0.000000
0.428563 -0.984427 0.590829 0.000000
0.246307 -0.043716 0.346112 0.000000
0.202472 -0.201832 0.153631 0.000000
0.332604 0.178006 0.213406 0.000000
0.227695 -0.180197 0.162917 0.000000
0.360581 0.073041 0.188966 0.000000
0.443879 0.034985 0.179958 0.000000
0.307688 0.076165 0.276600 0.000000
0.335536 0.252411 0.163402 0.000000
0.327701 -0.334812 0.189147 0.000000
0.301238 -0.068731 0.029866 0.000000
0.331808 0.073085 0.066504 0.000000
0.269377 -1.061577 0.266005 0.000000
0.389964 0.324291 0.128565 0.000000
0.364667 -0.517922 0.290703 0.000000
0.326090 -0.203077 0.194450 0.000000
0.345928 0.341138 0.162102 0.000000
0.434328 0.075271 0.184376 0.000000
0.280035 -0.960547 0.236618 0.000000
0.346483 0.171084 0.094398 0.000000
0.556651 -1.250889 0.136344 1.000000
0.160148 -0.270413 0.165181 0.000000
0.513054 -0.177516 0.148525 0.000000
0.351513 -0.428278 0.234342 0.000000
0.328749 -0.344608 0.187395 0.000000
0.392564 0.390285 0.145944 0.000000
0.462467 -0.052165 0.189139 0.000000
0.322254 0.105723 0.168626 0.000000
0.303315 -0.977028 0.212520 0.000000
0.325199 0.117070 0.177326 0.000000
0.295013 -0.068580 0.040516 0.000000
0.506929 -0.236457 -0.048430 0.000000
0.395629 -0.960344 0.205682 1.000000
0.425288 -0.998908 0.197384 1.000000
0.334036 -0.369881 0.201099 0.000000
0.323896 0.084014 0.169183 0.000000
0.414094 -0.953013 0.528164 0.000000
0.188068 -0.207696 0.151720 0.000000
0.354477 -0.896432 0.199837 1.000000
0.374563 -0.632357 0.327168 0.000000
0.287138 -1.072036 0.253026 0.000000
0.465958 -0.004501 0.112778 0.000000
0.189407 -0.187860 0.457043 0.000000
0.344545 0.222620 0.198934 0.000000
0.486816 -0.003428 0.139595 0.000000
0.360013 -0.498894 0.247423 0.000000
0.347221 -0.877130 0.209888 1.000000
0.602506 -1.302911 0.112577 1.000000
0.425818 0.119893 0.122404 0.000000
0.336306 -0.838384 0.201595 0.000000
0.522564 -0.127777 0.150482 0.000000
0.394249 -0.727310 0.372102 0.000000
0.285259 -1.055831 0.242127 0.000000
0.183658 -0.191462 0.482160 0.000000
0.392962 0.326151 0.147586 0.000000
0.328148 -0.570237 0.202109 0.000000
0.355493 -0.459020 0.275348 0.000000
-0.025046 -0.480843 0.164270 0.000000
0.470274 0.046878 0.135224 0.000000
0.267839 -1.100190 0.279395 0.000000
0.529794 -1.160882 0.158431 1.000000
0.444894 -1.044107 0.185306 1.000000
0.449216 0.015500 0.085487 0.000000
-0.001113 -0.477111 0.144597 0.000000
0.403267 0.284755 0.129076 0.000000
0.453863 -1.065158 0.165537 1.000000
0.367416 -0.656554 0.330247 0.000000
0.437970 0.099003 0.174483 0.000000
0.337420 -0.671671 0.209644 0.000000
0.309936 -1.087490 0.229082 0.000000
0.392087 0.300126 0.121354 0.000000
0.124918 -0.224753 -0.047627 0.000000
0.388601 0.375039 0.153656 0.000000
0.241210 -0.008901 0.330598 0.000000
0.359562 -0.551658 0.279240 0.000000
0.342465 0.399537 0.160677 0.000000
0.299381 -1.096501 0.235931 0.000000
0.302875 -0.050563 0.038175 0.000000
0.325212 -0.831376 0.204377 0.000000
0.395627 0.284183 0.169415 0.000000
0.482050 -0.100270 0.184329 0.000000
0.353117 -0.904460 0.208455 1.000000
0.334517 0.267021 0.166307 0.000000
0.514312 -1.149269 0.158841 1.000000
0.395493 0.264859 0.112637 0.000000
0.345326 0.378005 0.129735 0.000000
0.397572 -0.958450 0.176492 1.000000
0.103237 -0.351011 0.170733 0.000000
0.344832 -0.795177 0.207479 0.000000
0.340960 0.197036 0.104107 0.000000
0.329551 -0.351450 0.226465 0.000000
0.442104 0.062304 0.178975 0.000000
0.326634 0.261445 0.110756 0.000000
0.220327 -0.089179 0.381931 0.000000
0.272205 -1.078014 0.258187 0.000000
0.332005 0.078046 0.180699 0.000000
0.386893 0.339356 0.140666 0.000000
0.334754 -0.373441 0.192183 0.000000
-0.015269 -0.469633 0.153105 0.000000
0.423480 0.216055 0.125660 0.000000
0.282106 -1.089367 0.252283 0.000000
0.423937 -0.978999 0.573138 0.000000
0.322031 -1.036228 0.232280 0.000000
0.257211 -0.156143 -0.012751 0.000000
0.329143 -0.582071 0.205511 0.000000
0.509253 -1.116469 0.170866 1.000000
0.267272 -1.030975 0.246509 0.000000
0.323895 -0.431956 0.190539 0.000000
0.503513 -0.069432 0.158548 0.000000
0.401540 0.139051 0.218450 0.000000
0.342279 -0.353972 0.215252 0.000000
0.139016 -0.283288 0.166426 0.000000
0.492898 -1.114677 0.159426 1.000000
0.513253 -0.117414 0.143893 0.000000
0.454459 -0.038356 0.067263 0.000000
0.333832 -0.167581 0.195138 0.000000
0.083676 -0.375920 0.164164 0.000000
0.326790 0.121535 0.079002 0.000000
0.371108 0.045322 0.232292 0.000000
0.064449 -0.390576 0.170602 0.000000
0.395073 0.101444 0.048899 0.000000
0.242227 -0.131480 0.147193 0.000000
0.331519 -0.421904 0.194532 0.000000
0.517376 -0.118832 0.135514 0.000000
0.402601 0.199731 0.178861 0.000000
0.297714 -1.094277 0.208923 0.000000
0.478574 -1.079038 0.177432 1.000000
0.355793 -0.475255 0.266031 0.000000
0.375293 -0.056163 0.268746 0.000000
0.163285 -0.279075 0.166426 0.000000
0.344278 0.120942 0.144948 0.000000
0.380086 -0.735488 0.371257 0.000000
0.418437 -1.008929 0.183777 1.000000
0.332874 -0.323343 0.193964 0.000000
0.352394 -0.691220 0.338875 0.000000
0.530538 -1.198044 0.144925 1.000000
0.333959 -0.818734 0.202015 0.000000
0.384857 0.028002 0.242272 0.000000
0.468009 -1.084440 0.171004 1.000000
0.357951 0.285430 0.110852 0.000000
0.409712 0.211874 0.172446 0.000000
0.283197 -0.048054 0.162886 0.000000
0.322275 -1.090150 0.241525 0.000000
0.477492 0.045765 0.124434 0.000000
0.418229 0.148271 0.097147 0.000000
0.413061 -0.966123 0.562936 0.000000
0.335576 -0.599847 0.190071 0.000000
0.307529 -0.891601 0.233889 0.000000
0.078671 -0.382666 0.169289 0.000000
0.335206 -0.720522 0.205948 0.000000
0.425769 -1.004555 0.172017 1.000000
0.352628 0.450977 0.144145 0.000000
0.335120 -0.497211 0.198586 0.000000
0.418253 0.117163 0.096871 0.000000
0.332873 -0.637112 0.200643 0.000000
0.381091 0.476826 0.141351 0.000000
0.372687 -0.924515 0.192477 1.000000
0.286703 -0.088243 0.036244 0.000000
0.375408 -0.566482 0.317721 0.000000
0.196704 -0.204566 -0.030200 0.000000
0.292179 -1.051002 0.238430 0.000000
0.407019 0.235381 0.168043 0.000000
0.285415 0.071920 0.265065 0.000000
0.268595 -1.086607 0.275089 0.000000
0.526152 -0.185460 0.154354 0.000000
0.330631 -0.540005 0.195559 0.000000
0.464411 0.065884 0.134334 0.000000
0.333467 -0.217589 0.191761 0.000000
0.180078 -0.273971 0.578575 0.000000
0.613879 -1.328864 0.109310 1.000000
0.281063 -0.117008 0.026333 0.000000
0.328879 -0.394905 0.188737 0.000000
0.422314 0.090553 0.098093 0.000000
0.435380 0.041865 0.079662 0.000000
0.319801 0.099307 0.266298 0.000000
0.296815 -1.064089 0.220738 0.000000
0.194857 -0.150627 0.432598 0.000000
0.336672 -0.858665 0.211126 0.000000
0.313979 0.017161 0.155369 0.000000
0.327353 0.152502 0.126163 0.000000
0.440597 0.146481 0.127313 0.000000
0.329309 -0.100911 0.177756 0.000000
0.352213 0.390030 0.153884 0.000000
0.164082 -0.237588 0.154511 0.000000
0.390939 0.252910 0.112730 0.000000
0.341476 0.382726 0.162483 0.000000
0.399850 0.010843 0.283120 0.000000
0.297311 -0.918575 0.227852 0.000000
0.333004 0.138382 0.080053 0.000000
0.313528 -1.123429 0.239142 0.000000
0.433061 -0.052083 0.219621 0.000000
0.356468 -0.486368 0.257855 0.000000
0.332909 -0.808847 0.209614 0.000000
0.335789 -0.405763 0.251591 0.000000
0.398913 0.347226 0.128542 0.000000
-0.070949 -0.533650 0.123831 0.000000
0.337733 0.169053 0.232003 0.000000
0.338979 -0.275402 0.186975 0.000000
0.448858 -0.033217 0.216056 0.000000
0.307530 -0.917135 0.237745 0.000000
0.329940 -0.561448 0.205484 0.000000
0.389702 0.009885 0.245658 0.000000
0.334878 -0.385464 0.193491 0.000000
0.188312 -0.175417 0.459638 0.000000
0.352506 -0.429061 0.250079 0.000000
0.394629 0.043014 0.239830 0.000000
0.302941 0.085974 0.260385 0.000000
0.524467 -0.171249 0.149905 0.000000
0.488402 -1.128393 0.157494 1.000000
0.415298 -0.154117 0.257628 0.000000
0.412155 -0.955862 0.568225 0.000000
0.428345 0.152262 0.174222 0.000000
0.343642 -0.650926 0.196823 0.000000
0.451874 -0.022258 0.184296 0.000000
0.513836 -0.095786 0.158825 0.000000
0.293937 -1.054982 0.254709 0.000000
0.443814 -0.011420 0.065498 0.000000
0.357538 -0.537780 0.272304 0.000000
0.498980 -0.156961 0.023203 0.000000
0.279967 -0.970369 0.234668 0.000000
0.600877 -1.285387 0.124005 1.000000
0.338921 0.291001 0.185668 0.000000
0.307758 -1.048456 0.226588 0.000000
0.017745 -0.440892 0.165225 0.000000
0.422256 0.144962 0.184755 0.000000
0.328196 0.161071 0.212591 0.000000
0.328835 0.142264 0.169905 0.000000
0.397092 0.344889 0.153500 0.000000
0.387976 -0.948325 0.228763 1.000000
0.322243 0.128269 0.174296 0.000000
0.017928 -0.452943 0.157417 0.000000
0.462296 -0.024358 0.348939 0.000000
0.588936 -1.293197 0.125048 1.000000
0.398950 0.236228 0.107376 0.000000
0.319324 0.020110 0.172823 0.000000
0.346420 -0.393288 0.225756 0.000000
0.391410 0.127362 0.059734 0.000000
0.444758 0.078242 0.122492 0.000000
0.328074 0.166423 0.173391 0.000000
0.319697 -0.921490 0.214157 0.000000
0.336247 -0.542476 0.188491 0.000000
0.265130 -0.010133 0.327069 0.000000
0.358105 -0.634041 0.310653 0.000000
-0.062456 -0.524107 0.145116 0.000000
0.322441 -0.096374 0.184530 0.000000
0.302674 -0.942817 0.238678 0.000000
0.434553 -1.012425 0.184976 1.000000
0.142393 -0.219037 -0.042161 0.000000
0.523334 -0.247234 0.177370 0.000000
0.271688 -0.068938 0.154630 0.000000
0.263854 -1.042558 0.247800 0.000000
0.329543 -0.607946 0.197119 0.000000
0.533326 -0.185170 0.162592 0.000000
0.322748 -0.890590 0.202584 0.000000
0.382032 -0.917520 0.491157 0.000000
0.196063 -0.170815 0.451426 0.000000
0.347252 0.429928 0.146487 0.000000
0.510640 -0.080061 0.146782 0.000000
0.398916 -0.788768 0.401912 0.000000
0.372602 -0.063654 -0.040603 0.000000
0.399935 0.214818 0.104546 0.000000
0.304108 -0.999564 0.226103 0.000000
0.294365 0.043773 0.297045 0.000000
0.334416 0.330187 0.109466 0.000000
0.393149 -0.948133 0.174415 1.000000
0.321685 -1.135606 0.242229 0.000000
0.489380 -0.126943 0.040873 0.000000
0.353775 0.083050 0.179415 0.000000
0.205906 -0.114311 0.406099 0.000000
0.313827 -1.075241 0.242823 0.000000
0.315058 0.105934 0.250357 0.000000
0.330522 -0.556082 0.196990 0.000000
0.627248 -1.341282 0.119464 1.000000
0.340469 0.156628 0.122870 0.000000
0.344820 -0.568432 0.195088 0.000000
0.193241 -0.212072 0.488906 0.000000
0.406965 0.289071 0.161184 0.000000
0.186413 -0.233742 0.532402 0.000000
0.436444 0.058369 0.086654 0.000000
0.442175 -0.017842 0.210565 0.000000
0.376766 0.449222 0.129151 0.000000
0.284202 -1.017476 0.249703 0.000000
0.449504 0.132701 0.128216 0.000000
0.314920 -0.970922 0.211015 0.000000
0.304619 -1.003449 0.205877 0.000000
0.337642 0.200657 0.093200 0.000000
0.363409 -0.524330 0.280205 0.000000
0.273370 -1.129528 0.250780 0.000000
0.362571 0.347978 0.118848 0.000000
0.404305 -0.939341 0.505135 0.000000
0.328036 -0.490362 0.185496 0.000000
0.196701 -0.218173 0.159095 0.000000
0.527285 -0.259533 0.182483 0.000000
0.347256 -0.693449 0.201560 0.000000
0.389471 0.022918 0.257472 0.000000
0.188738 -0.221119 0.508211 0.000000
0.326209 -0.145121 0.190396 0.000000
0.343308 0.352508 0.165178 0.000000
0.330514 -0.503735 0.189180 0.000000
0.342413 0.212690 0.207882 0.000000
0.394864 -0.923207 0.494027 0.000000
0.392329 0.213931 0.097861 0.000000
-0.056608 -0.523177 0.129758 0.000000
0.263360 -0.025076 0.337057 0.000000
0.305843 -0.887077 0.220101 0.000000
0.320413 -0.852754 0.213841 0.000000
0.188296 -0.247088 0.537219 0.000000
0.536554 -0.209997 0.167460 0.000000
0.373458 0.047007 0.218976 0.000000
0.383005 0.314149 0.123740 0.000000
0.609356 -1.315454 0.116319 1.000000
0.340617 -0.515224 0.186905 0.000000
0.385786 0.416213 0.135696 0.000000
0.311515 -1.071986 0.225893 0.000000
0.204838 -0.222737 0.171460 0.000000
0.397450 0.334352 0.154893 0.000000
0.363097 -0.645751 0.321314 0.000000
0.284586 -1.070754 0.235492 0.000000
0.336478 -0.526570 0.205391 0.000000
0.495752 -0.033491 0.129300 0.000000
0.293528 -0.037662 0.049951 0.000000
0.416523 0.190865 0.133266 0.000000
0.458825 -1.055428 0.175920 1.000000
0.367186 -0.551280 0.297994 0.000000
0.392393 0.306438 0.155704 0.000000
0.411419 0.175087 0.103846 0.000000
0.500317 -1.121374 0.169850 1.000000
0.347587 0.223653 0.189295 0.000000
0.337790 -0.386439 0.245347 0.000000
0.330980 -0.257210 0.197427 0.000000
0.463778 0.013129 0.114688 0.000000
0.443578 -0.001320 0.212389 0.000000
0.331223 0.197814 0.162770 0.000000
0.377113 0.477653 0.151193 0.000000
0.423696 0.118855 0.189236 0.000000
0.439094 0.164028 0.125528 0.000000
0.386899 0.350091 0.151811 0.000000
0.180932 -0.205887 -0.041292 0.000000
0.341853 0.245262 0.160056 0.000000
0.576450 -1.281387 0.127867 1.000000
0.355462 -0.414971 0.234231 0.000000
0.365937 0.453791 0.117492 0.000000
0.379765 -0.008066 0.245969 0.000000
0.508151 -1.133499 0.169284 1.000000
0.329116 0.186268 0.162441 0.000000
0.378300 -0.770121 0.385305 0.000000
0.374744 -0.037322 -0.027793 0.000000
0.250216 -0.118529 0.157566 0.000000
0.343025 0.277588 0.186306 0.000000
0.525410 -0.231350 0.169072 0.000000
0.225005 -0.185487 -0.027273 0.000000
0.337411 -0.461914 0.191050 0.000000
0.343197 -0.581154 0.196409 0.000000
0.456929 0.122321 0.125348 0.000000
0.332560 -0.402703 0.190616 0.000000
0.402765 0.077040 0.228593 0.000000
0.250244 -0.132429 0.174300 0.000000
0.333767 -0.051706 0.181083 0.000000
0.392068 0.238501 0.168692 0.000000
0.446405 -0.004931 0.075509 0.000000
0.298846 -1.065256 0.234678 0.000000
0.379427 0.422136 0.131758 0.000000
0.369544 -0.068949 0.293654 0.000000
0.376970 -0.934494 0.205620 1.000000
0.427738 0.098846 0.189464 0.000000
0.393000 0.156758 0.071076 0.000000
0.251053 -0.016567 0.334771 0.000000
0.406997 0.003527 0.284488 0.000000
0.325321 -0.084813 0.188548 0.000000
0.381919 -0.013768 -0.015615 0.000000
0.344143 0.199116 0.217513 0.000000
0.319396 0.091384 0.068127 0.000000
0.263368 -1.129508 0.241974 0.000000
0.585085 -1.283853 0.126401 1.000000
0.376756 -0.662144 0.341380 0.000000
0.517330 -0.100194 0.112347 0.000000
0.401345 0.136057 0.227188 0.000000
0.154726 -0.285708 0.167386 0.000000
0.473797 -0.090273 0.184769 0.000000
0.425723 -0.998221 0.186068 1.000000
0.340111 -0.317621 0.192602 0.000000
0.336447 -0.246780 0.201388 0.000000
0.602651 -0.157536 0.108745 0.000000
0.341338 -0.741342 0.212491 0.000000
0.282379 -1.044046 0.248582 0.000000
0.408982 0.304386 0.154842 0.000000
0.349262 0.470222 0.145786 0.000000
0.532327 -1.170787 0.160087 1.000000
0.328875 -0.306218 0.193818 0.000000
0.339053 0.314529 0.170592 0.000000
0.322929 0.316081 0.111416 0.000000
0.389969 0.022968 0.003566 0.000000
0.289176 -1.008413 0.240005 0.000000
0.274360 -0.133619 0.012892 0.000000
0.404757 -0.954474 0.529923 0.000000
0.373664 -0.567426 0.309120 0.000000
0.335826 -0.602665 0.210036 0.000000
0.332525 0.061530 0.066381 0.000000
0.456918 -0.007493 0.191217 0.000000
0.339238 -0.398278 0.254737 0.000000
0.522285 -0.212327 0.161344 0.000000
0.577096 -1.267368 0.129099 1.000000
0.337112 -0.830272 0.210165 0.000000
0.407529 0.194566 0.108474 0.000000
0.335589 0.133803 0.171075 0.000000
0.330431 -0.897935 0.213495 0.000000
0.334503 -0.282266 0.191318 0.000000
0.259436 -0.113419 0.170553 0.000000
0.241422 -0.157510 0.162269 0.000000
0.399140 0.106887 0.221965 0.000000
0.322071 0.299915 0.108164 0.000000
0.419503 0.165246 0.098154 0.000000
0.422339 -0.999411 0.213372 1.000000
0.516540 -0.166376 0.158607 0.000000
0.344345 0.328951 0.166073 0.000000
0.360596 -0.482331 0.242740 0.000000
0.242506 -0.070999 0.361256 0.000000
0.339669 -0.688171 0.203681 0.000000
0.335261 -0.743946 0.200532 0.000000
0.342699 0.129769 0.084451 0.000000
0.248211 -1.061677 0.243743 0.000000
0.330743 0.029789 0.178608 0.000000
0.438273 -1.034066 0.187133 1.000000
0.405264 0.318477 0.161212 0.000000
0.329030 0.109286 0.164463 0.000000
0.332559 -0.171178 0.187055 0.000000
0.335332 -0.678796 0.204125 0.000000
0.331941 0.243368 0.159033 0.000000
0.395732 0.016727 0.256813 0.000000
0.339400 0.236380 0.097497 0.000000
0.303148 -1.034777 0.220273 0.000000
0.408849 -0.962117 0.545785 0.000000
0.361538 -0.673624 0.332525 0.000000
0.277453 -0.057543 0.166764 0.000000
0.277810 -1.053486 0.267266 0.000000
0.042630 -0.409820 0.171180 0.000000
0.281010 -1.100505 0.251925 0.000000
0.339997 -0.617112 0.200254 0.000000
0.375841 -0.615559 0.330159 0.000000
0.416865 0.223270 0.167642 0.000000
0.326304 -0.029135 0.186582 0.000000
0.428611 0.192599 0.126591 0.000000
0.337548 -0.778315 0.208811 0.000000
0.163512 -0.218500 -0.037680 0.000000
0.394179 0.074253 0.035790 0.000000
0.465558 -0.034966 0.192626 0.000000
0.339604 -0.636049 0.194574 0.000000
0.336100 -0.495141 0.188370 0.000000
0.327047 -0.159148 0.189299 0.000000
0.356865 -0.352162 0.212752 0.000000
0.285593 0.054522 0.284458 0.000000
0.325318 0.166100 0.120254 0.000000
0.444315 -1.035622 0.159771 1.000000
0.358193 -0.905694 0.218861 1.000000
0.490207 -0.026026 0.141921 0.000000
0.374175 0.039881 0.242086 0.000000
0.565222 -1.234880 0.135950 1.000000
0.438352 0.008753 0.080410 0.000000
0.513576 -1.139768 0.162429 1.000000
0.369908 0.378256 0.118995 0.000000
0.478803 -0.087617 0.053571 0.000000
0.388911 -0.908082 0.481474 0.000000
0.275506 -1.072940 0.243768 0.000000
0.337349 -0.482828 0.202870 0.000000
0.330326 -0.816248 0.213254 0.000000
0.470051 -0.013319 0.114407 0.000000
0.330490 0.223215 0.105906 0.000000
0.481647 -1.070763 0.192407 1.000000
0.430653 -0.994488 0.204619 1.000000
0.297961 -0.002469 0.168902 0.000000
0.347147 0.108470 0.155946 0.000000
0.445484 -0.001234 0.221385 0.000000
0.307543 0.007832 0.176243 0.000000
0.268086 -1.079994 0.265509 0.000000
0.347758 0.415362 0.119558 0.000000
0.300040 -1.039963 0.229573 0.000000
0.262065 -0.093209 0.173956 0.000000
0.294715 -0.948578 0.239575 0.000000
0.331196 -0.235936 0.191377 0.000000
0.386307 0.284477 0.116938 0.000000
0.342747 -0.345493 0.216644 0.000000
0.388445 -0.636764 0.339066 0.000000
0.294021 -1.086778 0.214104 0.000000
0.364794 -0.567701 0.308294 0.000000
0.145900 -0.299749 0.168717 0.000000
0.396927 0.301370 0.164248 0.000000
0.385178 0.430594 0.126773 0.000000
0.412761 0.271362 0.123934 0.000000
0.204163 -0.196462 -0.034041 0.000000
0.520486 -1.162301 0.149491 1.000000
0.586610 -0.055570 0.451130 0.000000
0.337769 -0.763030 0.199772 0.000000
0.329089 0.102650 0.074438 0.000000
0.436087 -0.072807 0.229016 0.000000
0.335937 -0.315441 0.208917 0.000000
0.199933 -0.164339 0.437265 0.000000
0.526665 -0.143826 0.143415 0.000000
0.289516 -0.942811 0.223401 0.000000
0.381686 -0.031082 -0.014882 0.000000
0.478896 -0.028045 0.112428 0.000000
0.427545 0.155427 0.124124 0.000000
0.379826 0.354534 0.146845 0.000000
0.333263 -0.446771 0.193814 0.000000
0.302779 0.096409 0.248330 0.000000
0.288574 -0.961561 0.244561 0.000000
0.326719 0.063854 0.177896 0.000000
0.471179 -1.062849 0.184935 1.000000
-0.035380 -0.501086 0.154711 0.000000
0.259082 -0.039676 0.345844 0.000000
0.400499 0.226993 0.204019 0.000000
0.338157 -0.360320 0.227584 0.000000
0.195209 -0.231108 0.163189 0.000000
0.266877 -0.078208 0.175822 0.000000
0.083712 -0.392737 0.166277 0.000000
0.293871 -1.031742 0.213598 0.000000
0.297079 -0.903270 0.229334 0.000000
0.371277 -0.927266 0.204031 1.000000
0.333577 -0.436961 0.194963 0.000000
0.340277 0.304153 0.098161 0.000000
0.327883 -0.920324 0.222514 0.000000
0.372709 -0.583163 0.312159 0.000000
0.307248 0.019381 0.165201 0.000000
0.388604 0.277552 0.121778 0.000000
0.456735 0.029284 0.117053 0.000000
0.300751 -0.960318 0.221943 0.000000
0.385038 -0.003890 -0.001448 0.000000
0.397880 0.085211 0.228943 0.000000
0.363007 -0.790843 0.385791 0.000000
0.447978 -1.032281 0.168374 1.000000
0.523694 -0.198830 0.157403 0.000000
0.438872 0.038692 0.201843 0.000000
-0.048207 -0.515945 0.150345 0.000000
0.432479 0.080317 0.077804 0.000000
0.340830 0.374221 0.157374 0.000000
0.373621 0.350133 0.113562 0.000000
0.425933 0.088710 0.090056 0.000000
0.347942 -0.430462 0.261853 0.000000
0.396493 0.262872 0.170126 0.000000
0.366002 -0.911972 0.204437 1.000000
0.147089 -0.270963 0.163542 0.000000
0.357348 -0.494596 0.264770 0.000000
0.316685 -0.313108 0.210294 0.000000
0.337906 0.198352 0.232345 0.000000
0.320598 -1.107111 0.237979 0.000000
0.329174 0.249913 0.099588 0.000000
0.460168 0.096335 0.130664 0.000000
0.347603 0.201112 0.095606 0.000000
0.501341 -0.164585 0.020355 0.000000
0.438392 0.022680 0.194307 0.000000
0.492038 -0.028329 0.376322 0.000000
0.287445 -0.036456 0.173479 0.000000
0.366865 -0.914236 0.176138 1.000000
0.341729 -0.751889 0.207134 0.000000
0.330439 0.152133 0.230821 0.000000
0.343862 -0.482953 0.192559 0.000000
0.416598 0.001348 0.315011 0.000000
0.387621 -0.000230 0.239717 0.000000
0.345320 0.367263 0.164408 0.000000
0.431341 0.095442 0.086269 0.000000
0.298312 -1.015139 0.217421 0.000000
0.196702 -0.128034 0.416482 0.000000
0.385493 -0.706301 0.359066 0.000000
0.334276 -0.345173 0.222919 0.000000
0.493866 -0.136893 0.034702 0.000000
0.333431 -0.334822 0.195313 0.000000
0.297894 0.072864 0.272042 0.000000
0.443223 0.101464 0.125344 0.000000
0.531722 -1.178723 0.150178 1.000000
0.370576 0.349578 0.121887 0.000000
0.430647 0.084135 0.186426 0.000000
0.356563 0.078863 0.170861 0.000000
0.360982 -0.626292 0.308068 0.000000
0.333192 -0.120607 0.186971 0.000000
-0.120652 -0.583167 0.124361 0.000000
0.405185 0.007862 0.299739 0.000000
0.279872 0.016466 0.312027 0.000000
0.342537 -0.891154 0.229003 0.000000
0.324490 -0.215623 0.197412 0.000000
0.453261 -1.043980 0.183041 1.000000
0.568239 -1.279909 0.128708 1.000000
0.450056 0.085645 0.136546 0.000000
0.270782 0.005446 0.318772 0.000000
0.364529 -0.580213 0.295642 0.000000
0.298450 -0.071531 0.017759 0.000000
0.431337 0.049854 0.082761 0.000000
0.244075 -0.060120 0.358009 0.000000
0.472608 -1.091289 0.167601 1.000000
0.275111 -1.071964 0.252987 0.000000
0.399335 0.166202 0.219781 0.000000
0.370405 -0.053170 -0.035326 0.000000
0.329001 -0.013931 0.181047 0.000000
0.303240 0.000248 0.155567 0.000000
0.036928 -0.432307 0.161446 0.000000
0.309376 -0.862356 0.219053 0.000000
0.344550 -0.814623 0.214085 0.000000
-0.007735 -0.468674 0.158239 0.000000
0.352476 -0.471732 0.249170 0.000000
0.509410 -0.073438 0.153240 0.000000
0.488129 -0.038090 0.156314 0.000000
0.402560 0.271657 0.167279 0.000000
0.323513 0.160961 0.166118 0.000000
0.400055 -0.920833 0.486839 0.000000
0.349160 -0.454714 0.271802 0.000000
0.431300 0.136219 0.174570 0.000000
0.330731 -0.422754 0.202780 0.000000
0.297208 -1.029295 0.231006 0.000000
0.440250 -0.045176 0.221137 0.000000
0.494557 -0.046640 0.112257 0.000000
0.456156 0.059367 0.115648 0.000000
0.342781 -0.517715 0.194546 0.000000
0.328938 0.039045 0.172752 0.000000
0.325291 -0.747930 0.207374 0.000000
0.332485 -0.659648 0.202678 0.000000
0.334259 -0.132221 0.185886 0.000000
0.367047 -0.499978 0.285105 0.000000
0.409405 0.243882 0.120058 0.000000
0.429698 -0.099178 0.237832 0.000000
0.352217 0.419988 0.158505 0.000000
0.217755 -0.196050 0.161169 0.000000
0.512914 -0.087626 0.160102 0.000000
0.389328 0.027793 0.233068 0.000000
0.187207 -0.199276 0.483986 0.000000
0.356691 -0.462657 0.259523 0.000000
0.447246 -1.027357 0.191878 1.000000
0.509090 -1.125121 0.175287 1.000000
0.335285 0.154850 0.244853 0.000000
-0.052340 -0.514871 0.143233 0.000000
0.319731 -0.858517 0.207914 0.000000
0.460580 -0.031708 0.074468 0.000000
0.313534 -0.922869 0.204940 0.000000
0.333362 0.084343 0.173640 0.000000
0.325086 -0.076535 0.188297 0.000000
0.399156 0.252344 0.197408 0.000000
0.475844 -1.087358 0.159212 1.000000
0.347889 0.252479 0.184967 0.000000
0.017570 -0.455368 0.148936 0.000000
0.436843 0.109499 0.123491 0.000000
0.496208 -0.041620 0.141473 0.000000
0.311880 -0.964611 0.206063 0.000000
0.392922 0.280787 0.160921 0.000000
0.441333 0.022961 0.206092 0.000000
0.388361 -0.902983 0.474981 0.000000
0.422485 0.204094 0.121861 0.000000
0.413720 0.155210 0.095877 0.000000
0.428705 0.091330 0.199391 0.000000
0.280029 -0.947602 0.235450 0.000000
0.378707 -0.888678 0.451611 0.000000
0.346485 -0.334553 0.200944 0.000000
0.389710 0.170261 0.076734 0.000000
0.305132 -0.041930 0.040306 0.000000
0.327506 -0.673828 0.206122 0.000000
0.522140 -0.252925 0.183937 0.000000
0.376643 -0.600458 0.322106 0.000000
0.313812 -0.980443 0.228316 0.000000
0.462960 0.107863 0.125796 0.000000
-0.105978 -0.576014 0.124175 0.000000
0.291474 -0.929016 0.240017 0.000000
0.397101 0.090203 0.221696 0.000000
0.281838 -1.057335 0.250665 0.000000
0.403492 0.276864 0.190377 0.000000
0.369600 0.487843 0.120866 0.000000
0.484318 -0.040629 0.112121 0.000000
0.331067 -0.541626 0.205184 0.000000
0.525746 -0.033520 0.408294 0.000000
0.327595 -0.182921 0.189048 0.000000
0.435593 -0.978011 0.601397 0.000000
0.457234 -1.062063 0.180798 1.000000
0.528817 -0.169670 0.158920 0.000000
0.398916 0.150969 0.225198 0.000000
0.369118 -0.623810 0.320363 0.000000
0.337524 -0.360175 0.185213 0.000000
0.074917 -0.385984 0.161730 0.000000
0.207751 -0.190423 0.150366 0.000000
0.331287 -0.466539 0.200509 0.000000
0.330518 -0.799307 0.217525 0.000000
0.470553 -0.068205 0.191772 0.000000
0.217465 -0.142057 0.407092 0.000000
0.288418 -1.068461 0.244161 0.000000
0.312758 -0.903186 0.211149 0.000000
0.398380 0.234671 0.206062 0.000000
0.524360 -1.140004 0.168275 1.000000
0.325451 -0.273335 0.189293 0.000000
0.418799 0.157457 0.188309 0.000000
0.445248 0.043025 0.186388 0.000000
0.358463 -0.893301 0.206304 1.000000
0.428710 -0.993601 0.213808 1.000000
0.250576 -0.057483 0.350562 0.000000
0.061412 -0.379360 0.176142 0.000000
0.228115 -0.162062 0.152823 0.000000
0.343480 -0.546404 0.188781 0.000000
0.300989 -1.043439 0.211438 0.000000
0.390880 0.302397 0.187246 0.000000
0.339140 0.298758 0.164002 0.000000
0.285272 -0.954236 0.236465 0.000000
0.216981 -0.167424 0.142356 0.000000
0.343637 0.263551 0.194284 0.000000
0.337542 -0.577278 0.208187 0.000000
0.359288 -0.905093 0.197422 1.000000
0.375221 -0.613784 0.322185 0.000000
-0.050071 -0.518350 0.130763 0.000000
0.418734 -0.962057 0.574231 0.000000
0.445812 -0.026210 0.063903 0.000000
0.340485 0.171485 0.087822 0.000000
0.393950 0.401529 0.144734 0.000000
0.497891 -1.133741 0.159623 1.000000
0.335475 0.198246 0.173846 0.000000
0.097559 -0.365801 0.167493 0.000000
0.040744 -0.425850 0.164699 0.000000
0.458085 -0.069361 0.055178 0.000000
0.317175 -1.038507 0.226112 0.000000
0.325532 -0.939306 0.224722 0.000000
0.521148 -0.120220 0.147714 0.000000
0.328187 -0.377619 0.189308 0.000000
0.359315 -0.587216 0.291963 0.000000
0.439541 0.137888 0.128718 0.000000
0.373129 -0.827154 0.416766 0.000000
0.479461 -1.099691 0.161674 1.000000
0.399819 0.122581 0.223666 0.000000
0.330506 -0.890701 0.209721 0.000000
0.258084 -0.105439 0.171919 0.000000
0.328859 -0.647923 0.208519 0.000000
0.338199 0.184432 0.223992 0.000000
0.399529 0.062448 0.033759 0.000000
0.399383 -0.903218 0.464840 0.000000
0.418785 -0.970256 0.585614 0.000000
0.507121 -0.218699 -0.029772 0.000000
0.319804 -1.098227 0.235740 0.000000
0.314154 -0.926504 0.227942 0.000000
-0.066326 -0.535691 0.144070 0.000000
0.326673 -0.790812 0.205325 0.000000
0.342568 -0.406354 0.242236 0.000000
0.108998 -0.345302 0.170121 0.000000
0.595051 -1.292319 0.118113 1.000000
0.334160 0.166968 0.076027 0.000000
0.189288 -0.212140 0.496154 0.000000
0.403247 0.195558 0.210297 0.000000
0.354297 0.068930 0.204684 0.000000
0.120540 -0.303463 0.171151 0.000000
0.338531 -0.706430 0.213665 0.000000
0.323586 -0.867471 0.210962 0.000000
0.306544 -0.907455 0.243466 0.000000
0.385625 -0.773329 0.388562 0.000000
-0.003490 -0.465999 0.150483 0.000000
0.518241 -0.271997 0.189024 0.000000
0.340730 0.308632 0.158984 0.000000
-0.042383 -0.508017 0.152355 0.000000
0.174922 -0.264262 0.166825 0.000000
0.334231 0.175995 0.162421 0.000000
0.349668 0.444266 0.150064 0.000000
0.195173 -0.201262 0.485640 0.000000
0.335242 0.168317 0.170111 0.000000
0.289644 -0.017601 0.165980 0.000000
0.404054 0.212024 0.206634 0.000000
0.355943 0.270764 0.100672 0.000000
0.272474 -1.061537 0.251023 0.000000
0.344384 -0.825443 0.207560 0.000000
0.388942 0.359264 0.149024 0.000000
0.462407 0.000204 0.118351 0.000000
0.353287 -0.403321 0.228298 0.000000
0.484473 -0.129978 0.173156 0.000000
0.393377 -0.782871 0.401811 0.000000
0.514142 -1.164952 0.142980 1.000000
0.292204 -1.072188 0.210346 0.000000
0.368003 -0.596428 0.313074 0.000000
0.438155 0.026150 0.081790 0.000000
0.471042 -1.074529 0.161897 1.000000
0.213107 -0.100005 0.390190 0.000000
0.277827 -0.960933 0.228445 0.000000
0.427636 0.132314 0.181262 0.000000
0.391370 0.292084 0.121090 0.000000
0.405666 0.186233 0.110479 0.000000
0.331371 0.232603 0.159116 0.000000
0.412580 -0.956981 0.558495 0.000000
0.345609 0.310031 0.172548 0.000000
0.329884 -0.699081 0.198714 0.000000
0.311812 0.029196 0.186067 0.000000
0.422071 -0.127707 0.249143 0.000000
0.323944 -0.323881 0.216371 0.000000
0.206772 -0.144346 0.417755 0.000000
0.443310 -1.021691 0.196741 1.000000
-0.042740 -0.506796 0.137898 0.000000
0.330428 -0.208971 0.191058 0.000000
0.328576 -0.860109 0.203630 0.000000
0.314547 0.036689 0.178706 0.000000
0.314151 -0.886054 0.237729 0.000000
0.376050 0.335370 0.116284 0.000000
0.395565 0.024075 0.245126 0.000000
0.404045 0.243125 0.198773 0.000000
0.329476 -0.563352 0.190866 0.000000
0.224949 -0.105133 0.387890 0.000000
0.354834 0.105903 0.154595 0.000000
0.350068 0.283454 0.176240 0.000000
0.239566 -0.149677 0.162073 0.000000
0.360809 -0.543404 0.297263 0.000000
0.275921 0.054647 0.288894 0.000000
0.480852 -0.030118 0.363513 0.000000
0.420217 -0.979032 0.580278 0.000000
0.337199 0.322884 0.156089 0.000000
0.332832 -0.767692 0.206217 0.000000
0.391061 0.036849 0.016127 0.000000
0.446783 0.124419 0.128611 0.000000
0.367111 -0.580732 0.304047 0.000000
0.106215 -0.332960 0.173196 0.000000
0.336529 -0.549610 0.201661 0.000000
0.615035 -1.327521 0.117296 1.000000
0.338055 0.228918 0.210140 0.000000
0.254381 0.005816 0.318222 0.000000
0.342369 0.265503 0.166927 0.000000
0.485762 -0.026384 0.371145 0.000000
0.336586 -0.298813 0.187652 0.000000
0.319628 -0.951777 0.222839 0.000000
0.339925 -0.455890 0.185646 0.000000
0.398336 -0.937806 0.515109 0.000000
0.067230 -0.397552 0.167325 0.000000
-0.039371 -0.493928 0.155838 0.000000
0.326560 -0.048093 0.187951 0.000000
0.294671 -1.036526 0.236759 0.000000
0.333523 0.218174 0.164799 0.000000
0.399100 0.312968 0.128752 0.000000
0.396613 0.013066 0.270613 0.000000
0.310086 -0.897080 0.228645 0.000000
0.336254 -0.452107 0.198975 0.000000
0.394061 0.052531 0.232719 0.000000
0.296198 -0.016653 0.160923 0.000000
0.121830 -0.333895 0.167695 0.000000
0.221116 -0.057624 0.366225 0.000000
0.264396 0.016837 0.308096 0.000000
0.277506 -1.054695 0.243752 0.000000
0.315027 -0.857342 0.226786 0.000000
0.335151 -0.392701 0.183623 0.000000
0.135905 -0.312499 0.168444 0.000000
0.299033 -0.921924 0.241444 0.000000
0.500298 -0.270141 -0.072216 0.000000
0.360580 -0.533849 0.295421 0.000000
0.565612 -1.227588 0.139670 1.000000
0.341539 0.116606 0.151066 0.000000
0.464743 0.020031 0.141632 0.000000
0.397576 0.289869 0.161093 0.000000
0.331517 0.168124 0.216500 0.000000
0.336505 0.128683 0.255896 0.000000
0.412809 0.279171 0.121970 0.000000
0.446851 0.016335 0.182974 0.000000
0.388500 0.036305 0.238723 0.000000
0.338771 0.139402 0.133613 0.000000
0.338361 -0.726186 0.210578 0.000000
0.384582 -0.021224 -0.007838 0.000000
0.334626 0.148369 0.170449 0.000000
0.283670 -0.047493 0.154561 0.000000
0.101453 -0.241308 -0.047754 0.000000
0.300933 -0.949978 0.233823 0.000000
0.300977 -0.008657 0.152177 0.000000
-0.049487 -0.502745 0.149616 0.000000
0.335926 -0.840930 0.221730 0.000000
0.275686 -0.060093 0.153629 0.000000
0.358444 -0.510334 0.283873 0.000000
0.367169 -0.632947 0.321520 0.000000
0.440367 -0.012501 0.321176 0.000000
0.498542 -0.141395 0.029869 0.000000
0.404323 0.160946 0.213738 0.000000
0.344814 0.184993 0.094428 0.000000
0.348077 -0.878368 0.192552 1.000000
0.330813 -0.264197 0.193644 0.000000
0.239642 -0.043203 0.351410 0.000000
0.323012 -0.524070 0.192418 0.000000
0.220277 -0.181593 0.156391 0.000000
0.435095 0.063005 0.187996 0.000000
0.376942 0.444805 0.143493 0.000000
0.364194 -0.557587 0.284364 0.000000
-0.129864 -0.591796 0.127851 0.000000
0.325973 -0.041777 0.177702 0.000000
0.308521 0.024453 0.057787 0.000000
0.298897 -1.078426 0.234097 0.000000
0.496481 -1.123667 0.152689 1.000000
0.552812 -1.199387 0.146210 1.000000
0.327175 -0.625565 0.195068 0.000000
0.399888 0.262033 0.196400 0.000000
0.326228 0.353570 0.120772 0.000000
0.342025 0.248721 0.200529 0.000000
0.344073 -0.772519 0.209873 0.000000
0.323649 -0.472678 0.189551 0.000000
0.282251 -0.986826 0.241334 0.000000
0.327433 0.078141 0.173591 0.000000
0.442220 -1.042072 0.171907 1.000000
0.299263 -0.926926 0.232161 0.000000
0.349836 -0.457711 0.247600 0.000000
0.278508 -0.996585 0.238306 0.000000
0.323406 0.000822 0.183645 0.000000
0.352056 0.119572 0.144431 0.000000
0.044856 -0.401812 0.171419 0.000000
0.327971 0.290006 0.103030 0.000000
0.325446 -0.104621 0.185288 0.000000
0.481643 -0.013489 0.148684 0.000000
0.467574 0.019997 0.113724 0.000000
0.317381 -0.872455 0.212388 0.000000
0.410532 0.199351 0.126239 0.000000
0.237027 -0.178889 -0.021538 0.000000
0.354458 -0.435140 0.240512 0.000000
0.420532 -0.965220 0.565349 0.000000
0.358764 -0.512219 0.291706 0.000000
0.347469 0.267869 0.182703 0.000000
0.537193 -1.187784 0.146172 1.000000
0.364010 -0.618726 0.310816 0.000000
0.326558 -0.656592 0.208162 0.000000
0.336868 0.205135 0.101674 0.000000
0.254417 -0.048939 0.351037 0.000000
0.303527 -1.016528 0.235346 0.000000
0.336918 -0.177240 0.189597 0.000000
0.354469 -0.467537 0.266947 0.000000
0.395386 -0.965482 0.191590 1.000000
0.526228 -0.143726 0.154429 0.000000
0.298281 -1.099011 0.225711 0.000000
0.363532 -0.535681 0.283832 0.000000
0.330020 0.011202 0.181965 0.000000
0.340723 0.390178 0.137004 0.000000
0.345608 0.150974 0.124772 0.000000
0.379130 0.322789 0.121822 0.000000
0.345808 0.220377 0.094225 0.000000
0.311669 -1.030478 0.233648 0.000000
0.398008 -0.817036 0.413091 0.000000
0.379920 0.388385 0.145881 0.000000
0.356602 -0.908336 0.228971 1.000000
0.477789 -0.001963 0.142049 0.000000
0.280878 -0.126301 0.013019 0.000000
0.077768 -0.364654 0.174598 0.000000
0.475807 -0.106476 0.050853 0.000000
0.268336 -0.148022 0.007819 0.000000
0.398404 0.218219 0.208369 0.000000
0.331559 -0.688546 0.204961 0.000000
0.353025 -0.339358 0.208586 0.000000
0.311560 0.094289 0.261002 0.000000
0.304575 -0.935355 0.234607 0.000000
0.496359 -0.152953 0.029422 0.000000
0.494323 -1.114235 0.168201 1.000000
0.475923 -1.085857 0.172748 1.000000
0.301185 -1.004192 0.215577 0.000000
0.207621 -0.181426 0.144327 0.000000
0.464116 -1.064301 0.167253 1.000000
0.340429 -0.762929 0.218815 0.000000
0.358960 -0.529631 0.267374 0.000000
-0.085453 -0.557154 0.134475 0.000000
0.349588 0.455000 0.158038 0.000000
0.342710 0.464914 0.146820 0.000000
0.382168 -0.644675 0.335243 0.000000
0.281270 -1.052101 0.256527 0.000000
0.332120 0.003247 0.175999 0.000000
0.331298 -0.984318 0.226222 0.000000
0.361717 -0.908867 0.189925 1.000000
0.382921 -0.939074 0.179369 1.000000
0.349322 0.245305 0.093706 0.000000
0.638458 -0.167290 0.098103 0.000000
0.326565 0.307053 0.113378 0.000000
0.348568 -0.886553 0.211701 1.000000
0.530440 -0.244127 0.176367 0.000000
0.337613 -0.825510 0.216347 0.000000
0.345247 -0.713607 0.209913 0.000000
0.145017 -0.278805 0.163999 0.000000
0.331409 0.166599 0.241015 0.000000
0.364142 -0.528671 0.258895 0.000000
0.310531 0.099609 0.253337 0.000000
0.399543 0.166990 0.086008 0.000000
0.209459 -0.127625 0.407180 0.000000
0.417640 -0.999438 0.200918 1.000000
0.337401 -0.570591 0.196209 0.000000
0.351598 -0.898303 0.228116 1.000000
0.393726 0.413992 0.153481 0.000000
-0.050424 -0.511020 0.136719 0.000000
0.444383 0.169588 0.132241 0.000000
0.399947 -0.931515 0.499666 0.000000
0.368419 0.055987 0.209362 0.000000
0.283597 -1.116157 0.255289 0.000000
0.093317 -0.238051 -0.051535 0.000000
0.386318 0.329509 0.149894 0.000000
0.301971 -0.992371 0.231729 0.000000
0.302103 -0.912660 0.234398 0.000000
0.594245 -1.304500 0.117529 1.000000
0.323583 -0.970179 0.232968 0.000000
0.372028 0.386217 0.120774 0.000000
0.338093 -0.503890 0.201258 0.000000
0.402770 0.305828 0.161340 0.000000
0.269858 -1.052522 0.242251 0.000000
0.340141 -0.592852 0.189434 0.000000
0.502359 -0.069475 0.135725 0.000000
0.325874 -0.779013 0.205377 0.000000
0.420456 0.134110 0.094939 0.000000
0.190983 -0.182142 0.462474 0.000000
0.338877 -0.475403 0.186359 0.000000
0.498081 -0.028284 0.382863 0.000000
0.318911 -0.889345 0.229884 0.000000
0.249008 -0.111435 0.145617 0.000000
0.473545 0.002379 0.110374 0.000000
0.561932 -0.045110 0.429565 0.000000
0.386275 0.392675 0.151226 0.000000
0.326479 -0.533779 0.197577 0.000000
0.348204 -0.882505 0.204393 1.000000
0.395056 0.385051 0.153633 0.000000
0.371793 -0.676728 0.341554 0.000000
0.394793 -0.696010 0.358389 0.000000
0.294251 -0.992324 0.216300 0.000000
0.352494 0.426183 0.152200 0.000000
0.389381 -0.954043 0.187608 1.000000
0.329338 -0.348121 0.201750 0.000000
0.198932 -0.190544 0.460438 0.000000
0.434637 -0.083587 0.233294 0.000000
0.344952 -0.416180 0.256306 0.000000
0.425577 0.144966 0.128142 0.000000
0.395128 0.371079 0.160439 0.000000
0.370843 0.450283 0.122322 0.000000
0.302029 -1.016748 0.207957 0.000000
0.437204 -0.988747 0.607215 0.000000
0.387583 0.423297 0.147705 0.000000
0.307529 -0.960892 0.216991 0.000000
0.152061 -0.293773 0.167673 0.000000
0.418083 -0.002618 0.306112 0.000000
0.295751 -0.888094 0.226618 0.000000
0.372571 0.473245 0.129148 0.000000
0.327069 -0.641076 0.205435 0.000000
0.330070 -0.021648 0.187301 0.000000
0.346245 -0.425366 0.256309 0.000000
0.413752 -0.955684 0.535398 0.000000
0.476630 0.018594 0.140696 0.000000
0.405264 0.257443 0.166129 0.000000
0.334684 -0.478172 0.192250 0.000000
0.495158 -0.046263 0.151499 0.000000
0.388937 0.305447 0.132252 0.000000
0.363016 -0.546748 0.286576 0.000000
0.337551 -0.555124 0.193934 0.000000
0.334477 -0.604591 0.202438 0.000000
0.284280 0.032468 0.302550 0.000000
0.291772 -1.086331 0.229394 0.000000
0.367667 0.363959 0.117849 0.000000
0.315252 -1.082065 0.230322 0.000000
0.337614 0.159562 0.085062 0.000000
0.341958 -0.285084 0.194174 0.000000
0.341790 0.361168 0.159824 0.000000
0.255228 -0.102936 0.155791 0.000000
0.184578 -0.257228 0.556276 0.000000
0.337094 -0.644983 0.208320 0.000000
0.450524 0.010341 0.189032 0.000000
0.325695 -0.415784 0.192316 0.000000
0.248146 -0.165235 -0.022774 0.000000
0.456592 -1.061759 0.172172 1.000000
0.448850 0.148759 0.124946 0.000000
0.296848 -1.071142 0.223785 0.000000
0.315486 0.030260 0.170958 0.000000
0.232082 -0.047377 0.355509 0.000000
0.439970 -1.026614 0.187869 1.000000
0.442076 -0.008068 0.207446 0.000000
0.357456 -0.498973 0.287508 0.000000
0.265033 0.026489 0.302713 0.000000
0.339307 -0.803679 0.208352 0.000000
0.436779 0.035132 0.069926 0.000000
0.373058 0.460875 0.119757 0.000000
0.210205 -0.193644 -0.030246 0.000000
0.336503 -0.786560 0.200429 0.000000
0.463289 -0.061053 0.193724 0.000000
0.388759 0.431572 0.153291 0.000000
0.361585 -0.572180 0.289909 0.000000
0.437422 -0.059742 0.225012 0.000000
0.420974 0.235346 0.131351 0.000000
0.327288 0.081993 0.070506 0.000000
0.341075 -0.801654 0.218709 0.000000
0.335315 0.343265 0.113712 0.000000
0.335991 -0.840906 0.208821 0.000000
0.327669 0.133699 0.073812 0.000000
0.335624 -0.202615 0.188144 0.000000
0.377255 -0.896934 0.469065 0.000000
0.411562 0.187816 0.128307 0.000000
0.387226 -0.890328 0.459681 0.000000
0.340175 0.105256 0.164551 0.000000
0.324316 -0.259295 0.194322 0.000000
0.310047 -0.002963 0.051192 0.000000
0.451407 -0.018728 0.339452 0.000000
0.162656 -0.245071 0.157405 0.000000
0.271001 -0.071586 0.163746 0.000000
0.353394 0.259337 0.105978 0.000000
0.193630 -0.152475 0.440174 0.000000
0.446508 -0.981935 0.605496 0.000000
0.312311 -0.915279 0.243400 0.000000
0.347664 0.231481 0.087060 0.000000
0.436431 -0.010035 0.328433 0.000000
0.368815 0.416335 0.116521 0.000000
0.335763 -0.473249 0.202131 0.000000
0.507748 -0.258923 -0.059622 0.000000
0.392995 0.206622 0.099933 0.000000
0.510919 -0.161373 0.157380 0.000000
0.316459 -0.943141 0.215506 0.000000
0.383019 0.286955 0.123846 0.000000
0.302919 -0.028132 0.046637 0.000000
0.453234 -0.013472 0.187760 0.000000
0.337562 0.307560 0.173282 0.000000
0.424520 -1.003850 0.191056 1.000000
0.488433 -0.051277 0.113926 0.000000
0.327348 0.201499 0.168277 0.000000
-0.102897 -0.561556 0.128181 0.000000
0.395096 -0.886769 0.456061 0.000000
0.386030 -0.790741 0.395296 0.000000
0.445474 -1.036590 0.184240 1.000000
0.409533 0.242442 0.166722 0.000000
0.422513 -0.981660 0.587132 0.000000
0.289183 -1.058540 0.249081 0.000000
0.285107 -1.010554 0.246680 0.000000
0.430640 0.081480 0.200798 0.000000
0.218176 -0.123337 0.399596 0.000000
0.470513 -0.093741 0.053184 0.000000
0.330614 -0.906914 0.215763 0.000000
0.291038 -0.954389 0.244053 0.000000
0.340767 -0.629070 0.199404 0.000000
0.372569 0.464834 0.144259 0.000000
0.329002 -0.853228 0.217448 0.000000
0.522910 -1.174600 0.142151 1.000000
0.367687 0.338594 0.117368 0.000000
0.289844 -0.030127 0.164841 0.000000
0.326948 -0.363178 0.236584 0.000000
0.270014 -1.026497 0.240832 0.000000
0.212578 -0.114013 0.390103 0.000000
0.173542 -0.206260 -0.038694 0.000000
0.607572 -1.300943 0.118056 1.000000
0.428266 0.148668 0.180901 0.000000
0.299924 -0.009371 0.172462 0.000000
0.289881 -1.061815 0.233971 0.000000
0.532387 -1.211088 0.133228 1.000000
0.429915 -1.015000 0.179560 1.000000
0.389350 0.015947 0.241121 0.000000
0.290987 -0.992414 0.245271 0.000000
0.401915 -0.193046 0.294369 0.000000
0.330451 -0.226257 0.192816 0.000000
0.581090 -1.258871 0.127871 1.000000
0.315912 -1.074072 0.233758 0.000000
0.428746 -0.129026 0.245825 0.000000
0.299680 -0.891457 0.219776 0.000000
0.329763 -0.336449 0.219270 0.000000
0.333441 -0.312887 0.192598 0.000000
0.332620 0.140095 0.250973 0.000000
0.431923 0.053039 0.089908 0.000000
0.382732 -0.876634 0.446683 0.000000
0.052876 -0.416851 0.167548 0.000000
0.422176 0.128463 0.122834 0.000000
0.296264 -0.056873 0.038772 0.000000
0.440406 -1.025486 0.172313 1.000000
0.197023 -0.142322 0.425279 0.000000
0.312882 -1.064902 0.237628 0.000000
0.388299 0.400424 0.150857 0.000000
0.556631 -1.233435 0.132489 1.000000
0.476470 -0.079221 0.189811 0.000000
0.485122 0.009953 0.132853 0.000000
0.347059 0.301503 0.173643 0.000000
0.436501 0.057836 0.198251 0.000000
0.415504 -0.959262 0.550296 0.000000
0.393489 0.049744 0.021817 0.000000
0.003425 -0.462672 0.151265 0.000000
0.299572 -0.035495 0.045984 0.000000
0.448361 -0.014972 0.219791 0.000000
0.395707 0.222573 0.106659 0.000000
0.371951 0.340666 0.124939 0.000000
0.310788 -0.037640 0.037757 0.000000
0.501760 -1.116162 0.164596 1.000000
0.191685 -0.245873 0.551386 0.000000
0.538844 -1.207300 0.139923 1.000000
0.335224 -0.857081 0.219245 0.000000
0.335029 -0.193678 0.188378 0.000000
0.183390 -0.240285 0.540847 0.000000
0.493440 -0.072487 0.116217 0.000000
0.330270 -0.036070 0.181756 0.000000
0.386999 0.320846 0.147360 0.000000
0.395604 0.148504 0.070481 0.000000
0.393252 0.346516 0.159775 0.000000
0.319098 -1.017682 0.235692 0.000000
0.417335 -1.009760 0.173582 1.000000
0.328366 -0.875219 0.212876 0.000000
0.330646 -0.183826 0.197660 0.000000
0.344362 0.215523 0.085204 0.000000
0.450750 0.101507 0.132934 0.000000
0.331952 -0.418593 0.187786 0.000000
0.337736 0.229713 0.106662 0.000000
0.339741 0.192518 0.088044 0.000000
0.449968 0.052732 0.118636 0.000000
0.290632 -0.028947 0.155649 0.000000
0.453611 0.139957 0.122716 0.000000
0.297308 -1.055960 0.219990 0.000000
0.422788 0.127464 0.187660 0.000000
0.300191 0.056607 0.289543 0.000000
0.420741 0.240576 0.122978 0.000000
0.420231 -1.003915 0.177834 1.000000
0.194023 -0.196546 0.467181 0.000000
0.309785 -0.978792 0.216214 0.000000
0.336163 -0.329212 0.190622 0.000000
0.377689 -0.669694 0.344735 0.000000
0.522099 -1.138170 0.159453 1.000000
0.354750 0.443776 0.144245 0.000000
0.271122 -1.040290 0.237762 0.000000
0.332342 -0.813786 0.220053 0.000000
0.264818 -0.086960 0.170720 0.000000
0.356652 0.439984 0.153895 0.000000
0.346724 -0.439872 0.249478 0.000000
0.330358 -0.356841 0.184537 0.000000
0.297060 -0.014446 0.182379 0.000000
0.496517 -0.032050 0.136619 0.000000
0.342658 0.242098 0.205263 0.000000
0.325312 -0.487747 0.191972 0.000000
0.303167 0.002102 0.054289 0.000000
0.309297 -1.023322 0.237569 0.000000
0.378600 -0.724447 0.366168 0.000000
0.430008 0.113912 0.120002 0.000000
0.345028 -0.396807 0.239790 0.000000
0.463437 -1.064953 0.183838 1.000000
0.327674 0.158695 0.173188 0.000000
0.591215 -1.267132 0.127143 1.000000
0.292501 -1.151995 0.223744 0.000000
0.265032 -0.085364 0.160834 0.000000
0.332101 -0.584934 0.199096 0.000000
0.079590 -0.246589 -0.044106 0.000000
0.426704 -1.012145 0.187499 1.000000
0.296010 -0.020490 0.168643 0.000000
0.350810 -0.421803 0.249483 0.000000
0.316620 -0.915353 0.226949 0.000000
0.503706 -1.129597 0.164714 1.000000
0.457860 0.087480 0.132725 0.000000
0.284040 -0.947814 0.228188 0.000000
0.235140 -1.105799 0.246360 0.000000
0.259648 -0.099375 0.167846 0.000000
0.079425 -0.370817 0.179897 0.000000
0.230197 -0.063971 0.364508 0.000000
0.475976 -1.066063 0.176867 1.000000
0.329843 0.251998 0.106728 0.000000
0.295979 -1.055867 0.212194 0.000000
0.382713 -0.901464 0.466727 0.000000
0.252683 -0.124444 0.165575 0.000000
0.444463 0.052688 0.184749 0.000000
0.380403 -0.940448 0.213025 1.000000
0.351735 -0.890346 0.203174 1.000000
0.420810 -0.138679 0.255174 0.000000
0.404090 0.219653 0.100669 0.000000
0.228997 -0.167626 0.157864 0.000000
0.380440 0.440225 0.148226 0.000000
-0.078127 -0.536924 0.128440 0.000000
0.441464 -0.030901 0.216580 0.000000
0.431944 0.161476 0.124814 0.000000
0.379892 -0.936810 0.189459 1.000000
0.589577 -0.048791 0.452045 0.000000
0.430110 0.067731 0.090389 0.000000
0.323174 -0.196060 0.184785 0.000000
0.185027 -0.204951 0.498267 0.000000
0.341346 -0.443275 0.182719 0.000000
0.379093 -0.627494 0.330521 0.000000
0.515368 -0.091761 0.120038 0.000000
0.334795 0.176177 0.086825 0.000000
0.327203 -0.587372 0.192345 0.000000
0.358740 -0.430038 0.234471 0.000000
0.422103 0.177540 0.173733 0.000000
0.334771 0.397579 0.129765 0.000000
0.275028 -1.045249 0.266898 0.000000
0.337069 0.362947 0.120350 0.000000
0.333792 -0.341653 0.192409 0.000000
0.488127 -1.097580 0.162496 1.000000
0.557527 -1.247619 0.127943 1.000000
0.327468 0.250010 0.165963 0.000000
0.386634 0.073765 0.039557 0.000000
0.337674 0.195795 0.216019 0.000000
0.351933 -0.892276 0.192753 1.000000
0.390484 0.336484 0.146673 0.000000
0.325425 -0.507265 0.197055 0.000000
0.485230 -0.120656 0.181382 0.000000
0.325270 -0.401432 0.189665 0.000000
0.380441 -0.865148 0.437346 0.000000
0.332092 -0.534462 0.190227 0.000000
0.259944 -0.096864 0.159529 0.000000
0.331018 -0.355714 0.233470 0.000000
0.322477 -0.910254 0.219804 0.000000
0.496586 -1.129561 0.166744 1.000000
0.328268 -0.164834 0.182121 0.000000
0.288421 -0.097933 0.031511 0.000000
0.401298 0.211900 0.097884 0.000000
0.216788 -0.093422 0.387423 0.000000
0.516603 -1.171587 0.148398 1.000000
0.328322 -0.317957 0.208924 0.000000
0.331793 0.373033 0.124983 0.000000
0.398432 0.080125 0.237310 0.000000
0.414827 0.192744 0.106846 0.000000
0.424705 -0.104683 0.236749 0.000000
0.394413 0.379007 0.127751 0.000000
0.336803 -0.310327 0.184930 0.000000
0.416112 -0.168146 0.270619 0.000000
0.398238 0.180134 0.087591 0.000000
0.352351 -0.386957 0.227760 0.000000
0.336517 -0.343660 0.185559 0.000000
0.553623 -1.227590 0.136627 1.000000
0.291694 -1.082652 0.238847 0.000000
0.327630 -0.248139 0.189680 0.000000
0.285344 -0.924379 0.237967 0.000000
0.127363 -0.298116 0.169645 0.000000
0.347358 0.246946 0.194206 0.000000
0.327952 -0.060459 0.182581 0.000000
0.372750 -0.043864 0.265190 0.000000
0.271805 -1.050767 0.263191 0.000000
0.335804 -0.371277 0.185215 0.000000
0.293952 -1.075757 0.246600 0.000000
0.294915 -1.106642 0.234145 0.000000
0.391750 0.250522 0.199124 0.000000
0.326048 0.185440 0.169542 0.000000
-0.094669 -0.558080 0.127113 0.000000
0.299184 -1.052855 0.240175 0.000000
0.395541 -0.868029 0.442984 0.000000
0.402827 0.153688 0.215586 0.000000
0.295357 -0.989296 0.254456 0.000000
0.313309 0.042690 0.061948 0.000000
0.328899 -0.493483 0.199845 0.000000
0.347124 -0.765845 0.209294 0.000000
0.477672 0.011324 0.140226 0.000000
0.312968 -0.941280 0.231454 0.000000
0.274147 -0.133745 0.005540 0.000000
0.315786 -0.987446 0.227239 0.000000
0.389484 -0.815651 0.416005 0.000000
0.458520 -0.034342 0.189586 0.000000
0.362629 0.424932 0.122937 0.000000
0.391523 0.263755 0.162557 0.000000
0.398217 -0.899998 0.474816 0.000000
0.324322 -0.007264 0.175176 0.000000
0.285670 -1.103030 0.257010 0.000000
0.505093 -0.065053 0.144174 0.000000
0.179771 -0.263708 0.569252 0.000000
0.341337 0.254655 0.208771 0.000000
0.430964 -0.113285 0.238661 0.000000
0.632271 -0.161497 0.100743 0.000000
0.433422 0.084420 0.193693 0.000000
0.398095 -0.773541 0.394100 0.000000
0.325085 0.214029 0.111764 0.000000
0.334791 0.217943 0.102886 0.000000
-0.000112 -0.451543 0.168636 0.000000
0.290515 -0.941795 0.238374 0.000000
0.338919 -0.641677 0.199220 0.000000
0.308048 -1.081333 0.239144 0.000000
0.314865 0.113425 0.242978 0.000000
0.434768 0.069150 0.192421 0.000000
0.410750 -0.954249 0.543321 0.000000
0.398513 0.182415 0.217576 0.000000
0.337067 0.185063 0.090118 0.000000
0.327969 -0.389054 0.193222 0.000000
0.386100 -0.947477 0.193678 1.000000
0.527068 -0.203811 0.126920 0.000000
0.393925 0.472236 0.119363 0.000000
0.402257 0.193192 0.120996 0.000000
0.248029 -0.117263 0.150426 0.000000
0.423817 -0.118308 0.244712 0.000000
0.097593 -0.345256 0.170382 0.000000
0.342890 0.094466 0.173071 0.000000
0.419906 -0.996104 0.172243 1.000000
0.326678 0.101200 0.172292 0.000000
0.324285 -0.982108 0.231907 0.000000
0.084066 -0.348840 0.176612 0.000000
0.310258 0.083110 0.271978 0.000000
0.572463 -0.134597 0.119208 0.000000
0.372368 -0.714327 0.358411 0.000000
0.338770 -0.789539 0.213125 0.000000
0.368425 -0.662441 0.334453 0.000000
0.330031 -0.191782 0.193356 0.000000
0.324076 -0.207543 0.187747 0.000000
0.326443 0.102669 0.264391 0.000000
-0.034313 -0.502367 0.138025 0.000000
0.359336 -0.508671 0.273609 0.000000
0.283853 -1.014224 0.256231 0.000000
0.472220 -1.076785 0.171948 1.000000
0.438830 0.006126 0.197478 0.000000
0.371646 -0.649881 0.332070 0.000000
0.335413 -0.432315 0.200974 0.000000
0.341146 -0.401899 0.248498 0.000000
0.233458 -0.072269 0.364899 0.000000
0.206161 -0.218339 0.161241 0.000000
0.236649 -0.163824 0.165911 0.000000
-0.020885 -0.484419 0.159469 0.000000
0.322689 0.281166 0.108046 0.000000
0.433144 0.174568 0.169519 0.000000
0.326757 -0.091954 0.188758 0.000000
0.396377 0.335184 0.128813 0.000000
0.294283 -1.039000 0.213102 0.000000
0.289369 0.010377 0.319148 0.000000
0.385511 -0.921611 0.496078 0.000000
0.344728 0.312363 0.164321 0.000000
0.469227 0.040204 0.140109 0.000000
0.330021 -0.836807 0.208100 0.000000
0.394439 0.086067 0.041773 0.000000
0.350762 -0.355314 0.215152 0.000000
0.334495 0.192596 0.169367 0.000000
0.172724 -0.246389 0.159760 0.000000
0.315093 -0.848395 0.216206 0.000000
0.254159 -0.027850 0.340037 0.000000
0.306796 -0.929435 0.211451 0.000000
0.388513 -0.762560 0.392385 0.000000
0.195966 -0.158312 0.436355 0.000000
0.334630 -0.088002 0.178185 0.000000
0.334737 -0.866636 0.202909 0.000000
0.314736 -0.893495 0.217397 0.000000
0.503608 -1.140551 0.155880 1.000000
0.311946 -0.027177 0.041715 0.000000
0.299370 -1.044064 0.236398 0.000000
0.300540 -1.077136 0.219897 0.000000
-0.014985 -0.482187 0.147704 0.000000
0.476362 -1.078789 0.159387 1.000000
0.337880 -0.694164 0.212066 0.000000
0.035814 -0.420246 0.168572 0.000000
0.333118 -0.523290 0.197940 0.000000
0.320546 -0.976840 0.224464 0.000000
0.331234 -0.299400 0.195837 0.000000
0.405843 0.258365 0.122854 0.000000
0.579640 -1.278551 0.121503 1.000000
0.593134 -1.276339 0.122812 1.000000
0.397751 -0.952511 0.543866 0.000000
0.186880 -0.250249 0.546497 0.000000
0.337886 0.155557 0.091099 0.000000
0.389801 0.264598 0.122126 0.000000
0.459973 -1.069912 0.178051 1.000000
0.312517 0.055738 0.063063 0.000000
0.339904 -0.673873 0.197501 0.000000
0.338687 0.178128 0.218272 0.000000
0.420968 -0.989614 0.210334 1.000000
0.358638 0.279458 0.104706 0.000000
0.259881 -0.004944 0.325221 0.000000
0.334057 -0.366116 0.235392 0.000000
0.347406 0.385486 0.158287 0.000000
0.435396 0.063702 0.206939 0.000000
0.363940 -0.638475 0.317665 0.000000
0.130365 -0.326612 0.165085 0.000000
0.326846 0.310412 0.105591 0.000000
0.537708 -1.194626 0.143897 1.000000
0.434725 0.066361 0.081632 0.000000
0.124459 -0.316581 0.169937 0.000000
0.296428 -0.894631 0.232996 0.000000
0.212734 -0.086855 0.383078 0.000000
0.314016 -0.867342 0.222781 0.000000
0.399975 0.205070 0.213265 0.000000
0.349000 0.405560 0.154750 0.000000
0.328806 -0.413038 0.199458 0.000000
0.342949 0.483551 0.148633 0.000000
0.336604 -0.852275 0.207777 0.000000
0.311607 -1.116184 0.240203 0.000000
0.184822 -0.265250 0.168301 0.000000
0.346322 0.227685 0.203743 0.000000
0.367742 0.476441 0.115846 0.000000
0.284260 -0.964140 0.231025 0.000000
0.330353 0.261269 0.165088 0.000000
0.324776 -0.925291 0.217942 0.000000
0.329964 -0.516631 0.200366 0.000000
0.491856 -1.121799 0.158637 1.000000
0.370555 -0.722683 0.359728 0.000000
0.340867 -0.624642 0.207055 0.000000
0.341776 -0.709628 0.202413 0.000000
0.448494 0.022031 0.187474 0.000000
0.373135 -0.934941 0.191096 1.000000
0.442030 -1.030120 0.179283 1.000000
0.512450 -0.088370 0.143262 0.000000
0.340159 -0.331967 0.210192 0.000000
0.380920 -0.652040 0.339357 0.000000
0.417638 0.109078 0.098896 0.000000
0.309044 -1.137496 0.242724 0.000000
0.415774 0.180545 0.101524 0.000000
0.321093 0.122130 0.167578 0.000000
0.399544 0.332802 0.162990 0.000000
0.622553 -1.328438 0.111131 1.000000
0.333188 -0.274718 0.191809 0.000000
0.379716 0.032616 0.256504 0.000000
0.430651 0.202962 0.122922 0.000000
0.530793 -0.221220 0.170034 0.000000
0.544586 -1.225714 0.133990 1.000000
0.375901 0.488360 0.125862 0.000000
0.343849 -0.780053 0.203602 0.000000
0.305021 -0.008562 0.051097 0.000000
0.388610 -0.800683 0.403999 0.000000
0.324001 0.191051 0.110832 0.000000
0.340660 0.366929 0.115591 0.000000
0.338757 0.190330 0.209587 0.000000
0.322072 -1.121799 0.237177 0.000000
0.581602 -0.137494 0.118966 0.000000
0.387531 -0.947826 0.206977 1.000000
0.379239 0.034846 0.242622 0.000000
0.321028 0.017548 0.179290 0.000000
0.297200 -0.085832 0.023225 0.000000
0.403308 -0.947602 0.532255 0.000000
0.328431 -0.347991 0.193695 0.000000
0.333283 -0.830465 0.220081 0.000000
0.232387 -0.077118 0.370197 0.000000
0.407993 -0.948506 0.520694 0.000000
0.390004 0.060322 0.031192 0.000000
0.506771 -0.080793 0.117866 0.000000
0.428590 -0.092227 0.233085 0.000000
0.293375 0.061286 0.277768 0.000000
0.508290 -0.167592 0.007388 0.000000
0.503720 -0.080088 0.108004 0.000000
0.530911 -0.151230 0.161359 0.000000
0.511490 -0.083511 0.152978 0.000000
0.324594 -0.844960 0.214021 0.000000
0.326014 -0.997281 0.228807 0.000000
0.426514 0.098872 0.199535 0.000000
-0.081363 -0.550217 0.125567 0.000000
0.394170 0.066997 0.032252 0.000000
0.009874 -0.466288 0.149250 0.000000
0.322412 0.121255 0.247062 0.000000
0.432702 0.122739 0.177227 0.000000
0.467416 0.071772 0.131652 0.000000
0.558456 -0.135039 0.114316 0.000000
0.323675 0.024411 0.176485 0.000000
0.335857 -0.631351 0.205938 0.000000
0.336508 0.185549 0.110047 0.000000
0.541280 -1.214842 0.136657 1.000000
0.305419 0.054628 0.297351 0.000000
0.331508 0.171329 0.117555 0.000000
-0.023622 -0.490766 0.135241 0.000000
0.272159 -1.054492 0.252017 0.000000
0.340240 0.195922 0.204276 0.000000
0.373764 -0.640361 0.329593 0.000000
0.432762 -0.976622 0.578742 0.000000
0.517801 -0.112248 0.141858 0.000000
0.246799 -1.135974 0.248567 0.000000
0.364228 0.461672 0.120845 0.000000
0.259064 -0.098172 0.140353 0.000000
0.375473 -0.574297 0.309471 0.000000
0.426601 -1.013935 0.194580 1.000000
0.512943 -0.073052 0.159399 0.000000
-0.104041 -0.567915 0.125049 0.000000
0.346201 0.362328 0.121330 0.000000
0.279703 -0.122252 0.019900 0.000000
0.281828 -1.004601 0.266524 0.000000
0.323280 -0.889813 0.217108 0.000000
0.442344 0.084214 0.119506 0.000000
0.334042 -0.290118 0.198374 0.000000
0.288358 -0.914299 0.235700 0.000000
0.293062 -0.968737 0.242956 0.000000
0.473516 -1.077209 0.183719 1.000000
0.335163 -0.546110 0.195297 0.000000
0.445777 0.066403 0.119846 0.000000
0.441593 0.075805 0.188696 0.000000
0.323224 0.113157 0.257715 0.000000
0.384749 -0.942955 0.187831 1.000000
0.010293 -0.453383 0.159802 0.000000
0.466657 -0.070560 0.181871 0.000000
0.339419 -0.814296 0.224464 0.000000
0.321186 0.019499 0.055822 0.000000
0.380962 -0.881663 0.451357 0.000000
0.334508 -0.567120 0.201865 0.000000
0.294753 -1.128136 0.223354 0.000000
0.334561 0.206665 0.166423 0.000000
0.278154 -0.065883 0.166958 0.000000
0.322695 -0.310912 0.198066 0.000000
0.346374 0.084230 0.186404 0.000000
0.082597 -0.368167 0.169474 0.000000
0.188499 -0.188378 0.470291 0.000000
0.383532 0.463158 0.148291 0.000000
0.365555 -0.585047 0.312552 0.000000
0.472341 -0.083363 0.185831 0.000000
0.469059 -0.079287 0.058286 0.000000
0.335515 0.244354 0.213023 0.000000
0.435952 -0.110689 0.245424 0.000000
0.299886 -1.008630 0.220919 0.000000
0.316719 -0.900330 0.220339 0.000000
0.330321 -0.250204 0.195877 0.000000
0.322755 -0.855781 0.227313 0.000000
0.360523 -0.447449 0.233145 0.000000
0.480922 -0.106250 0.180745 0.000000
-0.028757 -0.490807 0.144944 0.000000
0.394685 0.179317 0.078117 0.000000
0.345095 -0.556014 0.193876 0.000000
0.521676 -0.186792 0.139097 0.000000
0.381272 -0.620130 0.329701 0.000000
0.346765 0.437246 0.147945 0.000000
0.234501 -0.033781 0.347082 0.000000
0.340932 -0.848860 0.216612 0.000000
0.377379 -0.930562 0.181936 1.000000
0.327825 0.134536 0.172401 0.000000
0.337633 -0.404473 0.182503 0.000000
0.345759 -0.653211 0.204777 0.000000
0.237472 -0.132806 0.139518 0.000000
0.571011 -1.230122 0.135816 1.000000
0.372374 -0.032751 0.264812 0.000000
0.273014 -1.066395 0.256755 0.000000
0.436312 -0.019485 0.324834 0.000000
0.389774 -0.701084 0.357051 0.000000
0.402539 0.322744 0.156318 0.000000
0.406116 -0.178348 0.272638 0.000000
0.352940 0.458828 0.142578 0.000000
0.170763 -0.269923 0.165396 0.000000
0.295096 -1.066849 0.240448 0.000000
0.149185 -0.220881 -0.042267 0.000000
0.334225 0.239037 0.164088 0.000000
0.277493 0.026548 0.304281 0.000000
0.547448 -1.204346 0.143923 1.000000
0.377144 -0.892822 0.460910 0.000000
0.362773 -0.518308 0.283782 0.000000
0.411853 0.144544 0.102297 0.000000
0.329726 0.128191 0.254110 0.000000
0.121537 -0.310455 0.171758 0.000000
0.330775 0.159889 0.161824 0.000000
0.329001 0.172494 0.167744 0.000000
0.453091 -0.021423 0.074636 0.000000
0.301256 -0.995322 0.216489 0.000000
0.354122 0.100590 0.160416 0.000000
0.301382 0.062724 0.284495 0.000000
0.384832 0.000095 -0.009874 0.000000
0.333767 -0.386699 0.200313 0.000000
0.335537 -0.807252 0.200452 0.000000
0.334496 -0.499066 0.205581 0.000000
0.223398 -0.160024 0.144429 0.000000
0.393263 0.284077 0.117797 0.000000
0.357415 -0.900398 0.214320 1.000000
0.443728 0.071977 0.182955 0.000000
0.516894 -0.176421 0.154297 0.000000
0.339071 -0.758331 0.207958 0.000000
0.527944 -0.161837 0.156881 0.000000
0.400455 0.145731 0.220790 0.000000
0.318265 0.063556 0.065153 0.000000
0.377280 0.477091 0.134527 0.000000
0.397543 0.192648 0.089634 0.000000
0.266007 -1.084664 0.240162 0.000000
0.449131 0.061165 0.124788 0.000000
0.360263 0.296646 0.109697 0.000000
0.273615 -1.009328 0.241145 0.000000
0.341110 -0.750258 0.217274 0.000000
0.469549 0.029626 0.141324 0.000000
0.372596 0.422691 0.115632 0.000000
0.005860 -0.458735 0.156923 0.000000
0.294267 -1.063738 0.211779 0.000000
0.379323 0.465796 0.132547 0.000000
0.309900 -0.966217 0.213101 0.000000
0.398599 0.317256 0.163000 0.000000
0.329861 0.111948 0.178395 0.000000
0.458084 0.113544 0.125859 0.000000
0.372032 0.482482 0.145868 0.000000
-0.054795 -0.511843 0.150760 0.000000
0.135369 -0.304020 0.168905 0.000000
0.391312 0.020073 0.273308 0.000000
0.353502 0.418133 0.115510 0.000000
0.422991 -0.983302 0.595570 0.000000
0.338559 0.273027 0.196185 0.000000
0.384061 0.435778 0.131729 0.000000
0.346909 0.455574 0.150010 0.000000
0.354481 -0.365618 0.217036 0.000000
0.614281 -1.321160 0.114483 1.000000
0.483373 -1.092090 0.173261 1.000000
0.327612 -1.167249 0.248346 0.000000
0.367834 -0.919377 0.201432 1.000000
0.510157 -0.181869 -0.003886 0.000000
0.364031 -0.560853 0.290543 0.000000
0.335520 0.141480 0.171794 0.000000
0.501196 -0.057826 0.147397 0.000000
0.336499 -0.392961 0.240555 0.000000
0.305699 -1.017520 0.214243 0.000000
0.348188 0.132845 0.134310 0.000000
0.420946 0.118206 0.090507 0.000000
0.262197 0.010119 0.315347 0.000000
0.437690 0.181837 0.130748 0.000000
0.332484 0.098660 0.166317 0.000000
0.304860 -1.068920 0.234227 0.000000
0.216310 -0.188237 0.155633 0.000000
0.402558 -0.969212 0.207214 1.000000
0.433407 -0.984776 0.602674 0.000000
0.226571 -0.183663 0.168870 0.000000
0.527416 -0.137743 0.161650 0.000000
0.460933 0.083183 0.137300 0.000000
0.334042 -0.147625 0.191436 0.000000
0.333023 0.290805 0.169504 0.000000
0.319099 -0.916325 0.220405 0.000000
0.370841 0.429242 0.118219 0.000000
0.436540 -1.000821 0.208680 1.000000
0.370928 -0.922908 0.174805 1.000000
0.397097 0.130527 0.230987 0.000000
0.359296 -0.907530 0.209438 1.000000
0.370154 0.416978 0.123390 0.000000
0.418088 0.222582 0.123208 0.000000
0.483634 -0.116813 0.046193 0.000000
0.434522 0.168723 0.129224 0.000000
0.350745 -0.323140 0.200706 0.000000
0.322909 0.028480 0.058177 0.000000
0.089243 -0.359218 0.172277 0.000000
0.336629 -0.254773 0.200688 0.000000
0.353238 -0.421681 0.238060 0.000000
-0.074414 -0.544609 0.140330 0.000000
0.375951 -0.044132 -0.027006 0.000000
0.420712 0.102188 0.089534 0.000000
0.428708 -0.999760 0.208727 1.000000
0.240176 -0.143754 0.158142 0.000000
0.368766 -0.792940 0.391648 0.000000
0.339922 -0.654012 0.191818 0.000000
0.329424 -0.452070 0.197652 0.000000
0.489194 -0.035292 0.149643 0.000000
0.349410 -0.367863 0.221800 0.000000
0.366930 -0.823919 0.410634 0.000000
0.376888 0.038469 0.235842 0.000000
0.211521 -0.134197 0.409012 0.000000
0.298571 0.087022 0.253968 0.000000
0.374382 -0.608987 0.328209 0.000000
0.291828 -0.921826 0.231255 0.000000
-0.072520 -0.535685 0.139560 0.000000
0.551734 -1.245669 0.131435 1.000000
0.116851 -0.344904 0.167780 0.000000
0.312228 0.130657 0.226975 0.000000
0.336628 0.124768 0.080904 0.000000
0.531656 -0.190241 0.167032 0.000000
0.165242 -0.257600 0.161943 0.000000
0.405033 -0.198899 0.300165 0.000000
0.390372 0.384978 0.126949 0.000000
0.438546 0.020945 0.068542 0.000000
0.110809 -0.312920 0.173230 0.000000
0.431737 0.086109 0.087280 0.000000
0.429474 0.075272 0.083759 0.000000
0.291770 -1.091786 0.242118 0.000000
0.324634 0.166775 0.214306 0.000000
0.318437 -0.007235 0.046736 0.000000
0.527825 -0.181533 0.159955 0.000000
0.334761 -0.248115 0.187486 0.000000
0.000878 -0.473017 0.151093 0.000000
0.293793 -1.134764 0.212173 0.000000
0.335797 -0.360452 0.194358 0.000000
0.401759 0.174158 0.215367 0.000000
0.290336 -0.931659 0.225663 0.000000
0.205953 -0.162324 0.428417 0.000000
0.396279 0.066973 0.232273 0.000000
0.399406 -0.821554 0.418440 0.000000
0.382769 -0.944108 0.221136 1.000000
0.378672 -0.025503 -0.021021 0.000000
0.284522 -1.033395 0.240697 0.000000
0.279932 -0.124582 -0.001136 0.000000
0.413062 0.217958 0.170799 0.000000
0.342090 0.204169 0.203214 0.000000
0.104797 -0.357060 0.173707 0.000000
-0.089403 -0.552245 0.130857 0.000000
0.483010 0.030667 0.132539 0.000000
0.344503 0.317816 0.155296 0.000000
0.512162 -0.162962 0.150766 0.000000
0.392285 -0.906970 0.468133 0.000000
0.302164 -1.028370 0.208801 0.000000
0.120904 -0.230307 -0.046718 0.000000
0.327471 -0.324897 0.189100 0.000000
0.363212 -0.520525 0.297665 0.000000
0.364845 -0.078821 0.295605 0.000000
0.307756 -1.003809 0.213422 0.000000
0.376334 -0.784791 0.391558 0.000000
0.346895 -0.702949 0.204231 0.000000
0.394580 0.326207 0.133335 0.000000
0.338826 -0.433821 0.186707 0.000000
0.460957 0.101472 0.135213 0.000000
0.345351 0.383514 0.125571 0.000000
0.332139 0.256156 0.101544 0.000000
0.398405 0.248706 0.166646 0.000000
0.228816 -0.183370 -0.021918 0.000000
0.396330 0.146294 0.076978 0.000000
0.322880 0.006257 0.051647 0.000000
0.235566 -0.134542 0.152389 0.000000
0.397584 -0.877298 0.449211 0.000000
0.286470 -0.113819 0.020709 0.000000
0.169775 -0.214464 -0.037773 0.000000
0.195837 -0.179230 0.447061 0.000000
0.499757 -0.263128 -0.070525 0.000000
0.343374 0.395142 0.131303 0.000000
0.297330 0.047289 0.288950 0.000000
0.310003 0.016042 0.181265 0.000000
0.330850 -0.881863 0.210374 0.000000
0.329814 0.297602 0.103696 0.000000
0.210458 -0.105957 0.394980 0.000000
0.478085 -0.013568 0.108620 0.000000
0.332851 -0.760922 0.204925 0.000000
0.397407 0.250693 0.113587 0.000000
0.416931 0.138458 0.192151 0.000000
0.371229 0.332786 0.120474 0.000000
0.420063 -0.996979 0.182344 1.000000
0.399800 0.173500 0.088586 0.000000
0.523090 -0.101257 0.117246 0.000000
0.385447 -0.729796 0.371021 0.000000
0.358430 -0.598599 0.294771 0.000000
0.432679 0.144459 0.170333 0.000000
0.187918 -0.215547 0.504248 0.000000
0.188309 -0.202727 -0.040732 0.000000
0.427623 0.178214 0.123646 0.000000
0.335021 0.118544 0.153801 0.000000
0.350371 0.482269 0.147789 0.000000
0.297126 -1.074007 0.205891 0.000000
0.353768 -0.449794 0.251707 0.000000
0.530280 -0.213756 0.120558 0.000000
0.440226 0.002542 0.078122 0.000000
0.295605 0.030953 0.305440 0.000000
0.397889 0.258286 0.111753 0.000000
0.389479 0.482980 0.121957 0.000000
0.387875 0.024041 0.247014 0.000000
0.344522 -0.320357 0.199800 0.000000
0.468222 -1.069892 0.184541 1.000000
0.515168 -1.120307 0.170132 1.000000
0.326265 -0.066332 0.186864 0.000000
0.427100 0.164208 0.172566 0.000000
0.332177 -0.139270 0.181492 0.000000
0.350413 0.351071 0.160583 0.000000
0.399702 0.009896 0.275867 0.000000
0.237932 -0.057109 0.358618 0.000000
0.339395 0.175094 0.113552 0.000000
0.407175 0.203964 0.175977 0.000000
0.431450 -1.028430 0.175702 1.000000
0.306838 -0.996768 0.205548 0.000000
0.511424 -1.140565 0.168899 1.000000
0.121087 -0.289044 0.167161 0.000000
0.284882 -0.040660 0.159184 0.000000
0.275490 -0.127950 0.009101 0.000000
0.255096 -0.060991 0.355648 0.000000
0.391122 -0.717404 0.367123 0.000000
0.439579 0.078060 0.178904 0.000000
0.333837 -0.078369 0.182856 0.000000
0.395495 -0.953540 0.182857 1.000000
0.279543 -1.066174 0.253300 0.000000
0.328164 -0.720730 0.205856 0.000000
0.331564 0.237612 0.107380 0.000000
0.076660 -0.395882 0.163738 0.000000
0.345178 -0.375513 0.225020 0.000000
0.505008 -0.243140 -0.049612 0.000000
0.326929 -0.754461 0.202892 0.000000
0.398939 0.327879 0.126454 0.000000
0.494459 -0.061900 0.115296 0.000000
0.337989 0.282248 0.166849 0.000000
0.479192 0.034058 0.137319 0.000000
0.384581 0.369873 0.151648 0.000000
0.450507 0.108875 0.132153 0.000000
0.427254 0.089981 0.185342 0.000000
0.348475 0.236688 0.099768 0.000000
0.182091 -0.263744 0.561720 0.000000
0.339754 -0.622528 0.195610 0.000000
0.332880 0.117111 0.078150 0.000000
0.333837 -0.511468 0.197035 0.000000
0.381721 0.417378 0.148944 0.000000
0.339291 0.162878 0.120346 0.000000
0.443735 0.012759 0.215024 0.000000
0.351849 -0.446487 0.241938 0.000000
0.337650 -0.448306 0.188793 0.000000
0.394210 0.192206 0.083288 0.000000
0.318650 -0.876289 0.221952 0.000000
0.291883 0.054415 0.280794 0.000000
0.391542 -0.894165 0.463938 0.000000
0.357215 -0.538817 0.287911 0.000000
0.129403 -0.326336 0.174654 0.000000
0.508396 -0.225340 -0.042013 0.000000
0.399416 0.113291 0.226209 0.000000
0.270152 -0.011768 0.334907 0.000000
0.279771 -1.019139 0.241963 0.000000
0.336037 0.321653 0.106334 0.000000
0.324062 -0.518665 0.188373 0.000000
0.356624 -0.523285 0.262506 0.000000
0.393506 -0.765967 0.388356 0.000000
0.584800 -1.292407 0.119385 1.000000
0.331800 -0.163886 0.187911 0.000000
0.388571 0.364755 0.144990 0.000000
0.294433 -1.072328 0.230261 0.000000
0.324878 0.160133 0.123535 0.000000
0.345991 -0.414002 0.246622 0.000000
0.397280 0.276155 0.165741 0.000000
0.332254 -0.503170 0.196913 0.000000
0.416238 -0.959583 0.563630 0.000000
0.323130 -0.034111 0.176979 0.000000
0.456004 -0.044741 0.065435 0.000000
0.421306 -0.969111 0.559070 0.000000
0.194665 -0.233945 0.516241 0.000000
0.462826 -1.069942 0.170857 1.000000
0.354689 -0.378864 0.221291 0.000000
0.339874 -0.656042 0.200935 0.000000
0.174638 -0.265553 0.173513 0.000000
0.368251 -0.919280 0.186625 1.000000
0.338167 -0.412022 0.185156 0.000000
0.354595 -0.899290 0.184883 1.000000
0.335482 0.164125 0.236144 0.000000
-0.027999 -0.487965 0.152841 0.000000
0.009653 -0.443098 0.169405 0.000000
0.347944 0.377542 0.160647 0.000000
0.286147 -0.940732 0.232547 0.000000
0.366177 -0.669825 0.335992 0.000000
0.425886 0.077318 0.091969 0.000000
0.401840 0.226969 0.103002 0.000000
0.310581 0.013701 0.161868 0.000000
0.391057 0.024419 0.240047 0.000000
0.416463 0.250467 0.167895 0.000000
0.342451 -0.684761 0.208862 0.000000
0.391879 -0.931069 0.511322 0.000000
0.514464 -0.099611 0.138898 0.000000
-0.065588 -0.530255 0.131915 0.000000
0.322130 -1.081890 0.240261 0.000000
0.443241 0.154696 0.126441 0.000000
0.412468 0.162247 0.098033 0.000000
-0.034293 -0.485582 0.155427 0.000000
0.413205 0.243303 0.127706 0.000000
0.336088 0.336543 0.111166 0.000000
0.337893 0.349391 0.115096 0.000000
0.305079 -0.888588 0.226675 0.000000
0.328589 -0.279460 0.199418 0.000000
0.312828 -0.921750 0.240059 0.000000
0.373935 0.455503 0.145068 0.000000
0.433678 0.134271 0.126707 0.000000
0.320394 0.090800 0.169853 0.000000
0.339223 -0.857310 0.224721 0.000000
0.285323 -1.026322 0.242572 0.000000
0.356783 0.077840 0.191893 0.000000
0.349905 0.463412 0.146552 0.000000
0.403009 0.245455 0.113470 0.000000
0.371461 -0.047434 0.276230 0.000000
0.275374 -1.031450 0.266666 0.000000
0.220702 -0.068121 0.365826 0.000000
0.320482 0.061821 0.176177 0.000000
0.403856 0.315926 0.124929 0.000000
0.308066 -1.092478 0.224888 0.000000
0.331217 -0.229538 0.184923 0.000000
0.324838 0.120650 0.072164 0.000000
0.341341 -0.858548 0.216717 0.000000
0.328373 -0.344907 0.227782 0.000000
0.277440 -1.049564 0.251544 0.000000
0.351738 -0.455898 0.259161 0.000000
0.353083 -0.895488 0.210045 1.000000
0.442588 0.013535 0.087155 0.000000
0.376297 0.430781 0.144074 0.000000
0.380717 -0.009749 0.252461 0.000000
0.382549 -0.021917 0.253007 0.000000
0.330316 -0.441867 0.189050 0.000000
0.282550 -0.997368 0.244574 0.000000
0.341818 -0.668218 0.205595 0.000000
0.519643 -0.236950 0.168936 0.000000
0.341397 -0.487093 0.187582 0.000000
0.393730 0.017093 0.285154 0.000000
0.293964 -1.143813 0.213011 0.000000
0.338783 -0.598602 0.196108 0.000000
0.300503 -1.051447 0.225478 0.000000
0.268502 -1.062685 0.272620 0.000000
0.301213 -0.902254 0.234586 0.000000
0.242102 -0.173266 -0.015808 0.000000
0.389397 -0.851331 0.431060 0.000000
0.303398 -1.045259 0.222533 0.000000
0.072449 -0.375327 0.170063 0.000000
0.334344 -0.137048 0.191232 0.000000
0.325370 0.073021 0.169200 0.000000
0.618767 -0.165589 0.103775 0.000000
0.401416 0.476220 0.116497 0.000000
0.335303 -0.100442 0.184590 0.000000
0.321333 0.075453 0.068785 0.000000
0.297191 -1.047709 0.205924 0.000000
0.325592 0.133697 0.239475 0.000000
0.355727 -0.457296 0.244325 0.000000
0.349180 0.261762 0.180381 0.000000
0.399440 0.196705 0.215755 0.000000
0.514367 -0.178934 0.142056 0.000000
0.253380 -0.162434 -0.008453 0.000000
0.377563 0.442523 0.128896 0.000000
0.296206 -1.139018 0.229561 0.000000
0.228427 -0.097368 0.382453 0.000000
0.402215 0.062224 0.024287 0.000000
0.315056 -0.015798 0.042426 0.000000
0.333877 0.357922 0.123521 0.000000
0.297260 -0.078572 0.029838 0.000000
-0.020936 -0.477685 0.159089 0.000000
0.386228 0.294155 0.154880 0.000000
0.300379 -1.056403 0.234568 0.000000
0.424100 -0.970311 0.572149 0.000000
0.342040 0.252488 0.161640 0.000000
0.205060 -0.122494 0.407283 0.000000
0.051491 -0.402711 0.172169 0.000000
0.292544 -0.023584 0.184955 0.000000
0.413775 -0.176614 0.276347 0.000000
0.488960 -0.124968 0.174000 0.000000
0.436603 -1.008990 0.201665 1.000000
0.386967 0.453993 0.150632 0.000000
0.337901 0.209239 0.096402 0.000000
0.201188 -0.196603 0.149592 0.000000
0.332590 -0.257202 0.190579 0.000000
0.509841 -0.191397 -0.012738 0.000000
0.328211 -0.176443 0.187342 0.000000
0.326452 -0.595829 0.199239 0.000000
0.389968 0.343331 0.145137 0.000000
0.343469 0.287469 0.164419 0.000000
0.337025 -0.400221 0.242896 0.000000
0.317464 -0.852707 0.220947 0.000000
0.349150 0.247881 0.180228 0.000000
0.286961 -1.007483 0.254342 0.000000
0.612149 -0.163532 0.106137 0.000000
0.327717 0.016894 0.179186 0.000000
0.394263 0.214757 0.090734 0.000000
0.351957 -0.905067 0.181251 1.000000
0.448886 -1.034809 0.190370 1.000000
0.219897 -0.189799 -0.025482 0.000000
0.404004 0.334644 0.157829 0.000000
0.393723 -0.956426 0.214967 1.000000
-0.030703 -0.495744 0.156521 0.000000
