0.481035 -0.239803 -0.152801 0.000000
0.079260 -1.363434 0.086313 0.000000
0.383475 0.505266 0.049374 0.000000
0.048283 -0.704321 0.030209 0.000000
0.162484 -1.377318 -0.396669 1.000000
0.006379 -0.302854 -0.252186 0.000000
0.691646 -0.528767 0.167688 0.000000
0.163306 0.093021 -0.041903 0.000000
0.530669 0.022969 0.233089 0.000000
0.219472 -1.039325 -0.109044 1.000000
0.212734 -0.380992 0.040756 0.000000
-0.100692 -1.103608 -0.030006 0.000000
0.779971 -0.176566 -0.105338 0.000000
0.436563 0.209635 0.014783 0.000000
0.485560 -0.339076 0.121166 0.000000
0.573487 -0.016834 -0.032980 0.000000
0.297213 -0.124818 0.038745 0.000000
0.033967 -0.103002 -0.110799 0.000000
0.230157 -0.844692 0.017894 0.000000
0.254814 -0.606117 0.010714 0.000000
0.191744 -1.225093 -0.231912 1.000000
0.144930 -1.156519 0.061364 0.000000
-0.010423 -0.910235 -0.000067 0.000000
0.362673 0.040062 -0.030654 0.000000
0.260894 0.226778 0.026334 0.000000
0.143898 -0.234173 -0.155258 0.000000
0.415049 -0.098876 -0.100859 0.000000
0.441945 -0.183623 0.093193 0.000000
0.363740 0.345815 0.050783 0.000000
0.132378 -0.513658 0.023388 0.000000
0.189881 -0.103744 -0.069120 0.000000
0.194084 -1.008314 0.037874 0.000000
0.474379 0.128171 0.139047 0.000000
0.576641 -0.450318 0.127093 0.000000
0.282084 -0.262146 0.020850 0.000000
0.544273 -0.147298 -0.069367 0.000000
0.175931 -1.285745 0.030281 0.000000
0.500911 0.090871 0.001105 0.000000
0.387186 -0.038605 0.084887 0.000000
0.671223 -0.110393 -0.064341 0.000000
0.311394 0.116587 0.051275 0.000000
0.105746 -0.013621 -0.063604 0.000000
0.265450 -0.485692 0.010594 0.000000
0.234524 -0.724715 0.013161 0.000000
0.233472 -0.000844 -0.033087 0.000000
0.458377 -0.027642 -0.015598 0.000000
0.171270 -1.295459 -0.318360 1.000000
0.190772 -1.131784 -0.167500 1.000000
0.120038 -0.621009 0.034936 0.000000
0.031893 -0.811446 0.015288 0.000000
-0.057587 -1.007108 -0.007131 0.000000
0.239153 -0.941069 -0.029597 1.000000
0.304019 0.000895 0.041419 0.000000
0.404351 0.118866 0.006814 0.000000
0.260854 0.086686 -0.021327 0.000000
0.580669 -0.207976 -0.127547 0.000000
0.376082 -0.138359 -0.005219 0.000000
0.197334 -1.096758 0.017130 0.000000
0.082781 -0.276062 -0.207754 0.000000
0.340533 0.266665 0.015617 0.000000
0.114808 -1.239570 0.075936 0.000000
0.415219 0.261264 0.083531 0.000000
0.338332 0.430183 0.062057 0.000000
0.220489 0.162773 -0.014882 0.000000
0.339598 0.182394 0.003171 0.000000
0.448971 -0.265720 0.107314 0.000000
0.442893 -0.166449 -0.139249 0.000000
0.170644 -0.175639 -0.104022 0.000000
0.329630 -0.060821 -0.003596 0.000000
0.493290 -0.096246 -0.035427 0.000000
0.189544 -1.208220 0.020389 0.000000
0.387344 -0.029271 -0.059264 0.000000
0.453503 0.195444 0.103738 0.000000
0.175775 -0.447980 0.020407 0.000000
0.400963 -0.117908 0.078797 0.000000
0.275097 -0.339698 0.018703 0.000000
0.432837 0.044931 0.002062 0.000000
0.503163 0.068789 0.177247 0.000000
0.121332 -1.335510 0.032799 0.000000
0.636485 -0.482258 0.154374 0.000000
0.528295 -0.397325 0.113890 0.000000
0.270455 -0.414738 0.013490 0.000000
0.195099 -0.991524 -0.052020 1.000000
0.289199 -0.192425 0.021668 0.000000
0.615637 -0.070112 -0.049353 0.000000
0.470246 0.150338 0.018517 0.000000
0.337330 0.055410 0.066004 0.000000
0.337499 0.101728 -0.009684 0.000000
0.724734 -0.151246 -0.075435 0.000000
0.542818 0.039018 -0.010608 0.000000
0.408345 0.289261 0.022740 0.000000
0.396757 0.404125 0.044367 0.000000
0.324635 0.220119 0.057421 0.000000
0.306692 0.308310 0.049391 0.000000
0.199991 -0.905196 0.004439 1.000000
0.291211 0.143612 -0.011221 0.000000
0.129811 0.040284 -0.044093 0.000000
0.245123 -0.543459 0.021205 0.000000
0.241068 -0.664735 0.021064 0.000000
0.177999 -1.335808 0.063767 0.000000
0.224014 -0.783761 0.008659 0.000000
0.217945 -0.056367 -0.048697 0.000000
0.196620 -1.256418 -0.280880 1.000000
0.200584 -1.092087 -0.124300 1.000000
-0.001903 -0.857346 0.025499 0.000000
0.199558 -1.171107 -0.208940 1.000000
0.065059 -0.059928 -0.088109 0.000000
0.298289 -0.058204 0.044704 0.000000
0.070134 -0.648986 0.028766 0.000000
0.124345 -1.201813 0.032726 0.000000
0.217579 -0.957020 0.021270 0.000000
0.011200 -0.151088 -0.131754 0.000000
0.172981 -1.338499 -0.356886 1.000000
0.359244 0.003561 0.059738 0.000000
0.327141 0.001629 -0.009799 0.000000
0.110656 -0.566466 0.026340 0.000000
0.194886 -1.152793 0.022132 0.000000
0.048803 -0.759214 0.023180 0.000000
0.394273 0.174265 0.010096 0.000000
-0.038090 -0.957286 0.003503 0.000000
-0.076811 -1.054992 -0.024087 0.000000
0.390779 0.237385 0.015329 0.000000
0.124022 -1.277650 0.037739 0.000000
0.168291 -1.053973 0.033291 0.000000
0.328012 0.052093 0.007089 0.000000
0.357175 -0.097512 0.022193 0.000000
0.315576 0.169166 0.048096 0.000000
0.161465 -1.238804 0.050987 0.000000
0.096478 -1.314916 0.083549 0.000000
0.386890 0.302151 0.067593 0.000000
0.386779 0.454387 0.043370 0.000000
0.289584 0.269374 0.020461 0.000000
0.347911 0.391993 0.029577 0.000000
0.148974 -1.104546 0.021429 0.000000
0.341614 0.315535 0.016258 0.000000
0.193764 0.122583 -0.014654 0.000000
0.256520 -0.298932 0.037491 0.000000
0.344715 0.479373 0.059599 0.000000
0.252339 0.039766 -0.017816 0.000000
0.228632 -0.344951 0.014730 0.000000
0.047446 -0.291327 -0.233768 0.000000
0.208039 -1.043701 0.011235 0.000000
0.188509 -1.181494 0.057802 0.000000
0.481636 -0.296933 0.099535 0.000000
0.113945 -0.258652 -0.179390 0.000000
0.565509 -0.178719 -0.094298 0.000000
0.503894 -0.278404 -0.150249 0.000000
0.385000 -0.078549 0.065765 0.000000
0.236967 0.191328 0.014588 0.000000
0.196997 -0.947571 -0.019623 1.000000
0.129546 -1.196367 0.075758 0.000000
0.090302 -0.687687 0.030659 0.000000
0.194404 -0.142686 -0.088577 0.000000
0.332669 0.225185 0.006563 0.000000
0.433811 -0.226466 0.097812 0.000000
0.405101 -0.064599 -0.076160 0.000000
0.222844 -1.006325 -0.081688 1.000000
0.151943 -0.210400 -0.120476 0.000000
0.408079 -0.161114 0.080055 0.000000
0.163288 -0.485845 0.035465 0.000000
0.435970 0.007641 -0.016738 0.000000
0.457611 -0.204952 -0.146113 0.000000
0.414666 0.080121 -0.011070 0.000000
0.396282 0.333614 0.027709 0.000000
0.333187 0.262195 0.056341 0.000000
0.186776 -0.407892 0.020137 0.000000
0.427634 -0.135824 -0.115646 0.000000
0.187615 -1.120978 0.049468 0.000000
0.327391 0.365065 0.053218 0.000000
0.338439 0.141319 0.004465 0.000000
0.312852 0.076318 0.040750 0.000000
0.239789 -0.907877 -0.004310 1.000000
0.382422 0.005636 -0.038719 0.000000
0.430884 0.223027 0.084573 0.000000
0.522472 -0.120436 -0.048533 0.000000
0.230940 -0.972645 -0.052603 1.000000
0.476994 -0.062560 -0.021591 0.000000
0.151537 -1.297326 0.059199 0.000000
0.111126 -1.240362 0.034973 0.000000
0.425268 0.250966 0.028867 0.000000
0.546664 -0.425179 0.134569 0.000000
0.514098 0.050473 0.210691 0.000000
0.142442 -0.547830 0.039547 0.000000
0.461851 0.160094 0.117649 0.000000
0.259871 -0.375289 0.019499 0.000000
0.488890 0.100332 0.161139 0.000000
0.311351 0.038230 0.043116 0.000000
0.253882 -0.449808 0.015655 0.000000
0.331584 -0.027618 0.014707 0.000000
0.509489 -0.362599 0.105010 0.000000
0.352851 0.446679 0.030820 0.000000
0.663306 -0.507258 0.158554 0.000000
0.390895 0.368591 0.037133 0.000000
0.191544 -1.024955 -0.083720 1.000000
0.607107 -0.463061 0.144928 0.000000
0.283892 -0.226738 0.032184 0.000000
0.600911 -0.035742 -0.047126 0.000000
0.224861 -0.880335 0.015910 0.000000
0.184856 -1.264781 0.059345 0.000000
0.201579 -1.076958 0.046711 0.000000
0.008219 -0.879672 -0.001300 0.000000
0.641568 -0.090783 -0.064108 0.000000
0.093312 -0.598927 0.027618 0.000000
0.306071 0.171318 0.005111 0.000000
0.566696 0.015614 -0.021841 0.000000
0.404256 0.208541 0.000955 0.000000
0.344618 0.357764 0.023830 0.000000
0.291796 -0.159161 0.037809 0.000000
0.278999 0.111641 -0.005221 0.000000
0.693627 -0.135963 -0.077145 0.000000
0.333260 0.329723 0.055277 0.000000
0.182782 -1.191737 -0.231238 1.000000
0.453625 0.180336 0.021193 0.000000
0.171471 -1.177252 0.027399 0.000000
0.132020 -1.150203 0.030439 0.000000
0.306038 -0.089923 0.035226 0.000000
0.366277 -0.030147 0.059788 0.000000
0.153785 -1.126491 0.049125 0.000000
0.079125 -0.030451 -0.075158 0.000000
0.749732 -0.166153 -0.095795 0.000000
0.165804 -1.317021 0.035883 0.000000
0.521820 0.063675 -0.003432 0.000000
0.411555 0.150035 -0.004535 0.000000
0.339684 0.396761 0.061338 0.000000
0.256121 -0.573030 0.011272 0.000000
0.155006 -1.204109 0.044866 0.000000
0.153206 0.061491 -0.034359 0.000000
0.241290 -0.314576 0.011776 0.000000
0.023170 -0.844951 0.008113 0.000000
0.024652 -0.781265 0.026669 0.000000
0.264707 -0.518471 0.012982 0.000000
0.102531 -0.651284 0.032520 0.000000
0.354221 0.073868 -0.007782 0.000000
0.429310 -0.140820 0.093783 0.000000
0.465094 -0.240846 0.094541 0.000000
0.214664 -0.022596 -0.047564 0.000000
0.236602 -0.757588 0.022465 0.000000
0.107520 -1.304758 0.041362 0.000000
0.223199 -0.923796 0.017760 0.000000
0.203440 -1.038207 0.042162 0.000000
-0.041138 -0.981479 -0.016600 0.000000
0.191924 -1.054656 -0.111157 1.000000
0.127930 -0.590591 0.038070 0.000000
0.481800 0.122881 0.008056 0.000000
0.192709 -0.430510 0.041322 0.000000
0.188854 -1.213004 0.056253 0.000000
0.209734 -0.987521 0.019422 0.000000
0.238845 -0.694317 0.006043 0.000000
0.122409 0.010341 -0.050467 0.000000
0.342830 -0.067996 0.023983 0.000000
0.311234 -0.029587 0.043415 0.000000
0.203183 -1.143241 -0.193943 1.000000
0.337248 0.298715 0.056909 0.000000
0.213924 -0.085994 -0.059816 0.000000
0.230367 -0.813086 0.017418 0.000000
0.207903 -0.368503 0.012682 0.000000
0.242898 -0.634610 0.013893 0.000000
0.173229 -1.150937 0.043979 0.000000
0.239849 -0.329749 0.038980 0.000000
0.327481 0.141139 0.042513 0.000000
0.157260 -0.517343 0.040204 0.000000
0.091669 -1.341077 0.034892 0.000000
0.400956 -0.075694 0.091164 0.000000
0.505336 -0.381606 0.127806 0.000000
0.182437 -1.294569 0.059291 0.000000
0.159591 -1.366809 -0.368961 1.000000
0.173523 -1.094522 0.034881 0.000000
0.163937 -1.322695 -0.333405 1.000000
0.277698 -0.291772 0.018052 0.000000
0.030061 -0.129599 -0.122980 0.000000
0.389880 0.265950 0.022006 0.000000
0.187689 -1.124227 0.020036 0.000000
0.316878 0.197226 0.014094 0.000000
0.053158 -0.082696 -0.102006 0.000000
0.188319 -1.277314 -0.303091 1.000000
0.134286 -1.224769 0.060017 0.000000
0.494590 -0.323734 0.098096 0.000000
0.075486 -0.713404 0.025527 0.000000
0.118136 -0.538621 0.019241 0.000000
0.006367 -0.825714 0.021695 0.000000
0.349343 0.031352 0.055368 0.000000
0.320814 0.031144 -0.011460 0.000000
0.216376 -0.927299 -0.012775 1.000000
-0.062741 -1.028881 -0.025190 0.000000
0.040984 -0.732253 0.029307 0.000000
0.280668 0.245991 0.034371 0.000000
-0.030223 -0.929415 0.007566 0.000000
0.205931 -0.969864 -0.036932 1.000000
-0.110420 -1.129714 -0.035554 0.000000
0.174958 -1.231697 0.026617 0.000000
0.182086 -1.030755 0.024934 0.000000
0.403194 0.278331 0.064535 0.000000
0.354225 -0.122465 0.002510 0.000000
0.331269 0.096246 0.047983 0.000000
-0.087309 -1.080660 -0.019746 0.000000
0.141809 -1.177635 0.043194 0.000000
0.356087 0.418725 0.031484 0.000000
0.089481 -0.627021 0.027828 0.000000
0.181285 -1.261773 0.017380 0.000000
0.118415 -1.281415 0.064642 0.000000
0.194445 -1.069363 0.019905 0.000000
0.169477 0.079120 -0.018935 0.000000
0.327286 0.071729 -0.013121 0.000000
0.061499 -0.680521 0.029735 0.000000
0.208735 -1.083875 -0.148810 1.000000
0.326614 0.193677 0.052005 0.000000
0.258027 0.216580 0.001560 0.000000
0.473269 -0.267107 0.096489 0.000000
0.468568 -0.310686 0.118186 0.000000
0.236542 -0.032417 -0.036360 0.000000
0.380334 -0.053888 0.057451 0.000000
0.304127 0.286652 0.034470 0.000000
0.065620 -0.738996 0.023563 0.000000
0.153654 -0.467015 0.020226 0.000000
0.338141 0.070855 0.045079 0.000000
-0.014447 -0.890283 0.016132 0.000000
0.386379 0.479017 0.051706 0.000000
0.204139 -1.118565 -0.186294 1.000000
0.334218 -0.084477 0.005505 0.000000
0.386196 0.427401 0.041345 0.000000
0.235090 0.024666 -0.032226 0.000000
0.347168 0.454143 0.057461 0.000000
0.180216 0.102241 -0.021509 0.000000
0.224628 -0.356648 0.036872 0.000000
0.460148 -0.288059 0.110968 0.000000
0.207260 0.143820 -0.004975 0.000000
0.238289 0.183271 -0.009182 0.000000
0.272002 -0.315643 0.026876 0.000000
0.135702 -1.224146 0.033682 0.000000
0.418293 -0.189288 0.087217 0.000000
0.452383 -0.206322 0.094368 0.000000
0.336042 0.291278 0.017306 0.000000
0.121374 -1.252212 0.054223 0.000000
0.195479 -1.009556 0.013126 0.000000
0.171695 -0.154570 -0.091136 0.000000
0.047814 -0.783116 0.017336 0.000000
0.225806 0.170195 0.007740 0.000000
0.367602 -0.012325 0.076388 0.000000
0.391183 0.309804 0.026619 0.000000
0.410908 0.106068 -0.012853 0.000000
0.177295 -1.242778 -0.275899 1.000000
0.203665 -0.403312 0.039432 0.000000
0.354392 0.019693 0.076986 0.000000
0.415832 0.093048 0.009246 0.000000
0.165304 -1.257114 0.034701 0.000000
0.272676 0.239850 0.010043 0.000000
0.302328 0.148241 0.010351 0.000000
0.354394 0.469944 0.039861 0.000000
0.452281 -0.003118 -0.002968 0.000000
0.268402 -0.434970 0.027470 0.000000
0.258940 0.062290 -0.013714 0.000000
0.386981 0.206096 0.016921 0.000000
0.211976 -1.036619 -0.086838 1.000000
0.141125 -0.227789 -0.132740 0.000000
0.575747 -0.191059 -0.111516 0.000000
0.331619 0.239137 0.045477 0.000000
0.326367 -0.004205 0.012951 0.000000
0.195656 -1.005896 -0.070713 1.000000
0.348025 0.334294 0.028733 0.000000
0.066239 -0.281837 -0.223517 0.000000
0.184177 -1.241474 0.057443 0.000000
0.202291 -1.203571 -0.226130 1.000000
0.202224 -0.390474 0.018385 0.000000
0.126163 -0.249015 -0.162005 0.000000
0.218456 -0.951717 -0.028535 1.000000
0.383116 0.317403 0.050404 0.000000
0.495379 -0.360697 0.125863 0.000000
0.202098 -1.111894 -0.163829 1.000000
0.176415 -1.195258 0.043642 0.000000
0.459977 0.160549 0.000500 0.000000
0.341180 0.243844 0.019183 0.000000
0.144703 -0.491444 0.022997 0.000000
0.268052 -0.278741 0.034329 0.000000
0.366556 0.053324 -0.012433 0.000000
0.496608 -0.256804 -0.148534 0.000000
0.323613 0.027112 0.010857 0.000000
0.396424 -0.095525 0.079367 0.000000
0.118206 0.030092 -0.061127 0.000000
0.098264 -0.269201 -0.192477 0.000000
0.414236 0.270124 0.034399 0.000000
0.100558 0.008396 -0.060926 0.000000
0.278016 0.087705 -0.006431 0.000000
0.427067 -0.166318 0.091448 0.000000
0.427973 -0.156974 -0.124953 0.000000
0.429047 0.230736 0.018395 0.000000
0.132829 -0.567103 0.030974 0.000000
0.153850 -1.155408 0.032405 0.000000
0.197012 -1.098032 0.040233 0.000000
0.190086 -1.220181 -0.253763 1.000000
0.386977 -0.061405 0.080989 0.000000
0.245007 -0.591303 0.024390 0.000000
0.379373 0.025727 -0.026761 0.000000
0.557977 -0.163549 -0.079819 0.000000
0.427283 0.028092 -0.015937 0.000000
0.256069 -0.296756 0.015395 0.000000
0.269025 -0.393999 0.027111 0.000000
0.174745 -0.135815 -0.079846 0.000000
0.269090 -0.464952 0.020932 0.000000
0.450029 -0.187395 -0.135054 0.000000
0.216451 -0.987108 -0.060853 1.000000
0.408983 -0.137580 0.084677 0.000000
0.420487 0.241260 0.076019 0.000000
0.335699 -0.049290 0.014931 0.000000
0.334731 0.203777 0.001959 0.000000
0.219951 -0.902461 0.013832 0.000000
0.191242 -0.083407 -0.061056 0.000000
0.169589 -1.172460 0.048677 0.000000
0.407706 -0.083620 -0.086643 0.000000
0.399718 -0.046132 -0.065786 0.000000
0.215817 -0.860780 0.012457 0.000000
0.473907 -0.218851 -0.150164 0.000000
0.164206 -0.193103 -0.115489 0.000000
0.413328 -0.120421 -0.103326 0.000000
0.184149 -1.050193 0.015393 0.000000
0.531129 -0.410217 0.132281 0.000000
0.333363 0.120327 0.000675 0.000000
0.205008 -1.025241 0.024672 0.000000
0.424698 0.060249 -0.010946 0.000000
0.029832 -0.298587 -0.244090 0.000000
0.181319 -0.448782 0.042483 0.000000
0.183562 -1.323516 -0.342275 1.000000
0.205948 -1.059104 0.034914 0.000000
0.513163 -0.104038 -0.037938 0.000000
0.329765 0.085827 0.002868 0.000000
0.441868 -0.246260 0.101792 0.000000
0.392439 -0.014654 -0.044459 0.000000
0.430852 -0.205235 0.093979 0.000000
0.317750 0.307777 0.031083 0.000000
0.545634 0.018413 -0.020629 0.000000
0.279756 -0.247224 0.036074 0.000000
0.288710 -0.140676 0.027514 0.000000
0.311133 0.097425 0.041488 0.000000
0.206714 0.148523 -0.025620 0.000000
0.290552 -0.205898 0.037894 0.000000
0.171940 -1.218035 0.044670 0.000000
0.541120 -0.417993 0.115464 0.000000
0.438991 0.205045 0.091845 0.000000
0.087590 -0.665709 0.029294 0.000000
0.479437 -0.080821 -0.031531 0.000000
0.357343 0.490023 0.046767 0.000000
0.141325 -1.195899 0.058309 0.000000
0.463117 -0.046287 -0.023655 0.000000
0.181867 -0.428088 0.021071 0.000000
0.263713 -0.544073 0.011907 0.000000
0.499578 -0.342767 0.104668 0.000000
0.204386 -1.073009 -0.131760 1.000000
0.251366 0.208755 0.019362 0.000000
-0.049356 -0.984437 0.001983 0.000000
0.217400 -0.828550 0.013899 0.000000
0.620731 -0.479600 0.141560 0.000000
0.240044 -0.702401 0.024801 0.000000
0.397300 0.151669 0.010040 0.000000
0.336925 0.161680 0.003401 0.000000
0.316171 0.186151 -0.004672 0.000000
0.179620 -1.315885 0.067986 0.000000
0.600377 -0.055745 -0.043059 0.000000
0.560170 -0.442279 0.136044 0.000000
0.312217 0.017657 0.049617 0.000000
0.290675 -0.102214 0.030193 0.000000
0.176545 -1.260584 -0.285560 1.000000
0.192541 -1.094596 -0.143010 1.000000
0.032742 -0.750399 0.032925 0.000000
0.404009 0.187704 -0.001397 0.000000
0.583471 -0.034686 -0.037100 0.000000
0.337608 0.348704 0.060421 0.000000
0.328246 0.281625 0.051262 0.000000
0.229049 -0.764184 0.005041 0.000000
0.492062 0.085919 0.174769 0.000000
0.182548 0.116189 -0.035748 0.000000
0.486941 0.105078 -0.001179 0.000000
0.187376 -1.048119 0.035060 0.000000
0.516937 -0.380110 0.111267 0.000000
0.355276 0.373963 0.034166 0.000000
0.233714 -0.956589 -0.041003 1.000000
-0.028640 -0.944610 -0.008704 0.000000
0.189053 -1.185138 0.022241 0.000000
0.253832 -0.501958 0.015565 0.000000
0.296919 -0.172307 0.023770 0.000000
0.413766 -0.115323 0.093797 0.000000
0.325654 -0.024235 -0.003971 0.000000
0.454663 0.176186 0.108571 0.000000
0.469449 0.144797 0.127547 0.000000
0.138304 -0.531789 0.028448 0.000000
0.520919 0.034439 0.219947 0.000000
0.264775 0.105777 -0.018263 0.000000
0.211861 -1.005941 0.026095 0.000000
0.272338 -0.360151 0.021152 0.000000
0.528461 -0.139155 -0.060975 0.000000
0.109085 -0.587195 0.027938 0.000000
0.081394 -0.051812 -0.080871 0.000000
0.204109 -0.066855 -0.057783 0.000000
0.184529 -1.135764 0.036995 0.000000
0.338407 0.413639 0.051620 0.000000
0.560400 -0.003596 -0.027110 0.000000
0.589312 -0.455103 0.144087 0.000000
0.256087 -0.559629 0.025359 0.000000
0.521056 -0.391979 0.132546 0.000000
0.286988 0.130308 0.002199 0.000000
0.225562 -0.745553 0.012092 0.000000
-0.071643 -1.039309 -0.011541 0.000000
0.251630 -0.525839 0.025737 0.000000
0.613716 -0.048045 -0.054731 0.000000
0.369886 0.438111 0.033868 0.000000
0.287220 0.268965 0.039548 0.000000
0.056979 -0.721830 0.027315 0.000000
-0.083632 -1.069193 -0.035022 0.000000
0.238355 -0.928433 -0.015224 1.000000
0.389376 0.286630 0.022904 0.000000
0.190091 -1.202860 -0.244995 1.000000
0.249167 0.020741 -0.019877 0.000000
0.216642 -0.910103 -0.003608 1.000000
0.342808 0.051567 0.048100 0.000000
0.303030 -0.072163 0.028873 0.000000
0.340976 0.378395 0.051800 0.000000
0.680924 -0.511845 0.164248 0.000000
0.452772 -0.225417 0.096575 0.000000
0.654120 -0.104007 -0.058690 0.000000
0.302084 0.159188 -0.010569 0.000000
0.323923 0.053064 -0.012776 0.000000
0.391611 0.349345 0.037175 0.000000
0.209229 -1.019329 -0.079603 1.000000
0.416007 0.073943 0.006783 0.000000
0.524930 0.047441 -0.012643 0.000000
0.192039 -1.245968 -0.264487 1.000000
0.153049 -1.222968 0.045071 0.000000
0.187698 -1.162788 0.041537 0.000000
0.308876 0.058003 0.042769 0.000000
-0.004472 -0.872185 0.014276 0.000000
0.249341 -0.617522 0.024541 0.000000
0.160127 -1.351145 -0.351780 1.000000
0.328080 0.076441 0.059834 0.000000
0.322835 0.322504 0.041417 0.000000
0.155253 -0.214282 -0.138444 0.000000
0.033770 -0.829671 0.009519 0.000000
0.176587 -1.154778 0.026064 0.000000
0.197099 -1.188853 -0.215981 1.000000
0.651152 -0.493158 0.158639 0.000000
0.164889 -1.351853 -0.378646 1.000000
0.129404 -1.242709 0.037277 0.000000
0.251611 -0.470959 0.019325 0.000000
0.172931 -1.303675 0.025206 0.000000
0.447787 -0.011184 -0.019006 0.000000
0.322725 0.111705 0.037494 0.000000
0.506957 0.059410 0.196155 0.000000
0.072326 -0.695219 0.026596 0.000000
0.282488 0.124405 -0.018077 0.000000
0.347967 0.431724 0.041674 0.000000
0.356112 0.015642 0.046252 0.000000
0.172157 -1.277923 0.060409 0.000000
0.185543 -1.074083 0.035186 0.000000
0.681277 -0.125059 -0.068679 0.000000
0.220715 -0.370888 0.026165 0.000000
0.201079 -1.035732 -0.101432 1.000000
0.397691 0.384892 0.041675 0.000000
0.591713 -0.018747 -0.040250 0.000000
0.418402 0.263852 0.017811 0.000000
0.109640 -0.605977 0.031536 0.000000
0.710752 -0.140056 -0.072409 0.000000
0.285720 -0.176257 0.038477 0.000000
0.203942 -1.141155 -0.175749 1.000000
0.234474 -0.778265 0.022418 0.000000
0.401390 0.225968 0.006137 0.000000
0.407652 0.129682 -0.007310 0.000000
0.628487 -0.081640 -0.054649 0.000000
0.241382 -0.684434 0.020909 0.000000
0.392110 0.300250 0.050474 0.000000
0.172382 -0.471590 0.041531 0.000000
0.364414 -0.011823 0.052086 0.000000
-0.001489 -0.894709 -0.000315 0.000000
0.220965 -0.039351 -0.043983 0.000000
0.737653 -0.157050 -0.086358 0.000000
0.144802 -1.145332 0.043997 0.000000
0.345316 0.085616 -0.017654 0.000000
-0.023290 -0.910930 0.012124 0.000000
0.272081 -0.447885 0.015880 0.000000
0.247899 -0.313376 0.031927 0.000000
0.137539 -1.211919 0.048285 0.000000
0.208644 -1.060377 -0.111161 1.000000
0.374233 -0.028760 0.078045 0.000000
-0.092036 -1.086889 -0.035565 0.000000
0.179763 -1.013466 0.027492 0.000000
0.325808 0.208754 0.042922 0.000000
0.405370 0.166494 -0.001161 0.000000
0.158159 -1.186808 0.044008 0.000000
0.203619 -1.084922 0.028548 0.000000
0.088856 -0.015175 -0.068217 0.000000
0.165794 -1.200133 0.058158 0.000000
0.196690 -1.113468 0.031837 0.000000
0.208271 -0.889336 0.013798 0.000000
0.482580 -0.316683 0.108772 0.000000
0.321573 0.103946 0.060366 0.000000
0.369416 -0.126246 0.010351 0.000000
0.275159 -0.275398 0.011806 0.000000
0.229706 -0.890894 0.002874 1.000000
0.005487 -0.842883 0.019090 0.000000
0.186063 -1.210773 0.037642 0.000000
0.316777 0.152546 0.052954 0.000000
0.128501 -0.551161 0.025668 0.000000
0.300265 -0.143202 0.040194 0.000000
0.437848 0.225569 0.100229 0.000000
0.311436 -0.046940 0.044186 0.000000
0.475944 -0.047320 -0.012158 0.000000
0.356637 0.056100 -0.026270 0.000000
0.151510 0.081313 -0.046472 0.000000
0.319861 0.251642 0.053718 0.000000
0.511842 0.077625 0.000552 0.000000
0.217242 -0.940145 0.018170 0.000000
0.034412 -0.793504 0.014799 0.000000
0.402258 0.300529 0.035840 0.000000
0.377787 -0.044889 0.072041 0.000000
0.190906 -1.151590 -0.185475 1.000000
0.212499 -1.006880 -0.067999 1.000000
0.151595 -1.163986 0.047532 0.000000
0.086597 -0.643732 0.029474 0.000000
0.241774 -0.740569 0.010862 0.000000
0.300539 -0.017718 0.037603 0.000000
0.176345 -1.110561 0.039719 0.000000
0.198018 -0.416393 0.030199 0.000000
0.553387 -0.433338 0.121307 0.000000
0.032701 -0.766096 0.026545 0.000000
0.171156 -1.252234 0.056184 0.000000
0.256450 -0.418590 0.022176 0.000000
0.206560 -0.971685 0.024439 0.000000
0.285802 -0.238935 0.020658 0.000000
0.149927 -0.506010 0.029760 0.000000
0.328258 0.313011 0.056846 0.000000
0.362957 0.359792 0.039094 0.000000
0.186748 -1.290050 -0.313989 1.000000
0.345895 -0.102249 0.010649 0.000000
0.331066 0.069146 0.004206 0.000000
0.171733 -1.279407 -0.301908 1.000000
0.248014 -0.649613 0.008512 0.000000
0.260273 -0.346165 0.022981 0.000000
0.302457 -0.109188 0.041583 0.000000
0.157914 -1.099377 0.038147 0.000000
0.263756 -0.508893 0.027016 0.000000
0.070304 -0.665629 0.029386 0.000000
0.241368 -0.674807 0.007325 0.000000
0.242123 0.044100 -0.030225 0.000000
-0.036325 -0.966793 -0.010009 0.000000
0.574237 -0.445467 0.144271 0.000000
0.209364 -1.044060 0.027758 0.000000
0.360187 -0.113370 0.015232 0.000000
0.764989 -0.171175 -0.099787 0.000000
0.237021 -0.329544 0.022680 0.000000
0.366096 0.025028 -0.036649 0.000000
0.325046 0.013264 0.001754 0.000000
0.234728 -0.797889 0.012596 0.000000
0.460419 -0.255732 0.100826 0.000000
0.189198 -1.177499 -0.197783 1.000000
0.444886 0.191628 0.012900 0.000000
0.177581 -1.196865 0.023863 0.000000
0.268154 -0.258169 0.028681 0.000000
0.398089 0.255603 0.012217 0.000000
0.163501 -1.083484 0.028000 0.000000
0.160596 -1.301727 0.038804 0.000000
0.440764 -0.146932 -0.127047 0.000000
0.329718 -0.040763 0.002296 0.000000
-0.055003 -0.991955 -0.012767 0.000000
0.472233 0.136157 0.007771 0.000000
0.473260 -0.283164 0.102336 0.000000
0.287787 -0.212724 0.023300 0.000000
0.181573 -0.164137 -0.100207 0.000000
0.279413 -0.190946 0.035471 0.000000
0.238017 -0.016444 -0.033274 0.000000
0.123625 -1.185942 0.036052 0.000000
0.393689 0.192456 0.011476 0.000000
0.231629 -0.342675 0.032824 0.000000
0.495108 0.111630 0.011107 0.000000
0.328735 0.211371 0.014877 0.000000
0.171101 -1.081142 0.043553 0.000000
0.316471 0.129764 0.039444 0.000000
0.263753 -0.328542 0.021982 0.000000
0.161879 0.077433 -0.034821 0.000000
0.129760 0.024694 -0.047712 0.000000
0.418174 -0.151542 0.087955 0.000000
0.237425 -0.646754 0.022748 0.000000
0.303468 -0.075092 0.044567 0.000000
0.428047 0.043768 -0.013081 0.000000
0.179195 -1.225544 0.057949 0.000000
0.137793 -1.164121 0.035293 0.000000
0.171795 -1.059667 0.018952 0.000000
0.216648 -0.806153 0.013668 0.000000
0.439982 0.207684 0.030073 0.000000
0.140557 0.051693 -0.042586 0.000000
-0.063664 -1.021035 -0.011579 0.000000
0.211179 -0.940805 -0.019308 1.000000
0.084994 -1.348814 0.085688 0.000000
0.397801 0.321261 0.037268 0.000000
0.344941 -0.086971 0.016664 0.000000
0.171343 -1.209007 0.031879 0.000000
0.172396 -1.126627 0.040824 0.000000
0.331628 0.381289 0.064030 0.000000
0.102024 -1.329972 0.038725 0.000000
0.229290 -0.709997 0.012487 0.000000
0.345040 0.407778 0.030027 0.000000
0.094442 -0.029218 -0.072372 0.000000
0.493984 -0.082951 -0.026309 0.000000
0.038458 -0.117119 -0.118839 0.000000
0.173705 -1.244083 0.036156 0.000000
0.270907 -0.393826 0.011665 0.000000
0.402657 0.135660 0.006134 0.000000
0.187014 -1.206076 -0.227047 1.000000
0.344675 0.041083 0.066501 0.000000
0.216138 -0.977967 -0.045332 1.000000
0.020229 -0.822169 0.015745 0.000000
0.188360 -1.196692 0.054961 0.000000
0.246028 -0.586784 0.009646 0.000000
0.124845 -1.262477 0.034936 0.000000
0.063446 -0.074459 -0.093053 0.000000
-0.071576 -1.040979 -0.028888 0.000000
0.314129 -0.010488 0.038415 0.000000
0.207651 -1.095265 -0.138510 1.000000
0.260829 -0.282085 0.021161 0.000000
0.249808 -0.621697 0.009180 0.000000
0.135736 -1.166977 0.067900 0.000000
0.387908 0.221986 0.012352 0.000000
0.536999 0.052769 -0.004776 0.000000
0.359853 0.005454 0.075269 0.000000
0.050805 -0.743393 0.025518 0.000000
0.335249 -0.068128 0.008647 0.000000
0.201860 -0.094444 -0.064032 0.000000
0.221079 -0.009324 -0.043445 0.000000
0.458243 0.167327 0.014097 0.000000
0.268864 -0.500437 0.012753 0.000000
0.268724 0.225259 0.013340 0.000000
0.208087 -1.128083 -0.169114 1.000000
0.373891 0.336978 0.043678 0.000000
0.428302 -0.122126 -0.109051 0.000000
0.257524 -0.401698 0.020804 0.000000
0.216300 -0.845601 0.011660 0.000000
0.342295 0.362655 0.051537 0.000000
0.461824 -0.273629 0.105668 0.000000
0.144960 0.067205 -0.045753 0.000000
0.346673 0.279256 0.021450 0.000000
0.390958 -0.076655 0.079796 0.000000
0.175668 -1.267051 0.039546 0.000000
0.246950 0.198383 0.005637 0.000000
0.344431 0.094045 0.001359 0.000000
0.044993 -0.095412 -0.101946 0.000000
0.424926 0.235964 0.031949 0.000000
-0.054414 -1.010432 -0.021512 0.000000
0.169656 -1.327461 -0.346584 1.000000
0.262046 -0.480983 0.024484 0.000000
0.188418 -1.184167 0.042991 0.000000
0.111935 -0.000526 -0.056795 0.000000
0.387156 -0.095985 0.067539 0.000000
0.528747 0.032960 -0.013859 0.000000
0.507559 -0.118761 -0.048387 0.000000
0.195164 -1.137884 0.020551 0.000000
0.228693 -0.866750 0.007686 0.000000
0.220381 -0.963324 -0.041706 1.000000
-0.100792 -1.117759 -0.034839 0.000000
0.216677 -0.353538 0.012235 0.000000
0.392801 0.440648 0.043238 0.000000
0.078324 -0.678993 0.028781 0.000000
0.182561 -0.438561 0.031708 0.000000
0.330498 -0.010531 0.000112 0.000000
0.414756 -0.175002 0.089502 0.000000
0.189240 -1.170370 0.024159 0.000000
0.354454 0.018358 0.060767 0.000000
0.531598 -0.154259 -0.065948 0.000000
0.120270 -0.577920 0.030946 0.000000
0.163158 -0.205360 -0.128783 0.000000
0.326094 0.178403 0.053000 0.000000
0.405974 -0.102720 0.088044 0.000000
-0.022994 -0.931218 -0.006134 0.000000
0.312989 0.025111 0.036576 0.000000
0.437546 0.024057 -0.006145 0.000000
0.135968 -1.206603 0.066888 0.000000
0.187051 -1.180375 -0.222898 1.000000
0.341629 0.372505 0.028868 0.000000
0.226219 -0.938355 -0.023153 1.000000
0.251845 -0.531962 0.012374 0.000000
0.018940 -0.139125 -0.128167 0.000000
0.207279 -1.046229 -0.114824 1.000000
0.240953 0.010680 -0.027994 0.000000
-0.044510 -0.970710 0.003408 0.000000
0.334569 0.410132 0.065284 0.000000
0.573609 0.004289 -0.027950 0.000000
0.379244 -0.012377 -0.050287 0.000000
0.227305 0.175871 -0.015298 0.000000
0.185605 -1.225221 0.035736 0.000000
0.163776 -0.472282 0.029789 0.000000
0.165995 -0.459631 0.022478 0.000000
0.567036 -0.440000 0.123415 0.000000
0.152079 -1.376541 -0.386524 1.000000
0.294587 -0.095640 0.042545 0.000000
0.435041 -0.169901 -0.127528 0.000000
0.318824 0.087972 0.049388 0.000000
0.173274 -1.040447 0.031800 0.000000
0.202104 0.126611 -0.003553 0.000000
0.429235 0.237003 0.087877 0.000000
0.191608 -1.083719 -0.133542 1.000000
-0.080621 -1.065973 -0.015514 0.000000
0.199171 -0.996855 0.022521 0.000000
0.334990 0.443966 0.059449 0.000000
0.099695 -0.637193 0.028078 0.000000
0.142867 -0.518804 0.032732 0.000000
0.139847 0.029506 -0.038617 0.000000
0.229581 -0.919072 -0.008690 1.000000
0.346627 0.466507 0.065769 0.000000
0.395285 0.290473 0.068175 0.000000
0.347895 0.451649 0.043319 0.000000
0.171747 0.094908 -0.030433 0.000000
0.200072 -1.113544 0.017942 0.000000
0.192440 -1.032795 0.034579 0.000000
0.489181 -0.071104 -0.019922 0.000000
0.328561 0.233777 0.058646 0.000000
0.204226 -1.058321 0.020789 0.000000
0.233682 -0.833029 0.010505 0.000000
0.272474 -0.234915 0.029788 0.000000
0.117591 -1.253467 0.074485 0.000000
0.414665 0.258196 0.069644 0.000000
0.252175 -0.554227 0.012803 0.000000
0.180921 -1.160437 0.053800 0.000000
0.272061 -0.299108 0.028829 0.000000
0.154079 -0.480823 0.023870 0.000000
0.302996 -0.037798 0.035283 0.000000
0.187700 -1.100581 0.029845 0.000000
0.423879 0.062423 0.003042 0.000000
0.401902 0.277165 0.019156 0.000000
0.217161 0.153787 -0.003189 0.000000
0.229787 -0.984152 -0.064548 1.000000
0.191477 -1.267586 -0.273886 1.000000
0.250204 0.061246 -0.024787 0.000000
0.226143 -0.022536 -0.039353 0.000000
0.205113 -0.918068 -0.005168 1.000000
0.595966 -0.462901 0.134409 0.000000
0.342513 0.342282 0.018510 0.000000
0.264083 -0.457565 0.009507 0.000000
0.215270 -1.025549 -0.094888 1.000000
0.482391 -0.253539 -0.150155 0.000000
0.068322 -0.046907 -0.082143 0.000000
0.419556 -0.130053 0.089956 0.000000
0.471259 -0.298066 0.108869 0.000000
-0.036990 -0.941650 0.007241 0.000000
0.244300 -0.706584 0.012174 0.000000
0.159459 -1.217535 0.056210 0.000000
0.444782 0.182550 0.101105 0.000000
0.251134 -0.577793 0.023333 0.000000
-0.090769 -1.093593 -0.023442 0.000000
0.210800 -0.389863 0.030249 0.000000
0.330161 0.346622 0.048891 0.000000
0.260420 -0.433707 0.016194 0.000000
0.236433 -0.735238 0.022471 0.000000
0.234084 0.181418 0.003877 0.000000
0.325327 0.039961 0.001021 0.000000
0.321740 0.136583 0.054234 0.000000
0.380775 0.491339 0.048917 0.000000
0.061229 -0.708229 0.027381 0.000000
0.186023 -0.152208 -0.093959 0.000000
0.195191 -1.127049 0.036796 0.000000
0.146977 -1.171088 0.061096 0.000000
0.207094 -1.046698 -0.094833 1.000000
0.138044 -1.198848 0.044017 0.000000
0.119439 -1.230105 0.038829 0.000000
0.178821 -1.274890 0.020667 0.000000
0.618600 -0.470236 0.151386 0.000000
0.440713 -0.214677 0.095433 0.000000
0.278384 -0.204130 0.028419 0.000000
0.381911 -0.064501 0.068618 0.000000
0.058507 -0.693896 0.029837 0.000000
0.288091 0.259265 0.029589 0.000000
0.320373 0.065273 0.044316 0.000000
0.291496 -0.153604 0.024107 0.000000
0.268013 -0.413438 0.027298 0.000000
0.316094 0.148229 0.039977 0.000000
0.393938 -0.057178 -0.073709 0.000000
0.307710 -0.055635 0.034397 0.000000
0.299110 0.279968 0.023732 0.000000
0.219827 -0.369434 0.039708 0.000000
0.494647 -0.348102 0.116636 0.000000
0.157073 -1.150839 0.045902 0.000000
0.428831 -0.180517 0.091512 0.000000
0.414116 0.092128 -0.004192 0.000000
0.277647 -0.276086 0.025116 0.000000
0.301772 0.014682 0.041512 0.000000
0.333800 0.083923 0.042953 0.000000
0.150160 -0.225058 -0.144851 0.000000
0.200107 -1.216300 -0.237890 1.000000
0.486799 -0.329330 0.111868 0.000000
0.362886 -0.131867 -0.001901 0.000000
0.188971 -1.149370 0.042375 0.000000
0.379886 0.312572 0.062662 0.000000
0.189264 -1.062166 0.030113 0.000000
0.258064 -0.540748 0.023791 0.000000
0.196815 -0.401632 0.026582 0.000000
0.195981 -1.126289 -0.178632 1.000000
0.177384 -1.189105 0.056743 0.000000
0.227421 -0.355427 0.023069 0.000000
0.165571 -1.365931 -0.380939 1.000000
0.184193 -1.119659 0.033774 0.000000
0.327360 0.019325 -0.009972 0.000000
0.241813 -0.606578 0.022772 0.000000
0.209463 -0.046046 -0.049598 0.000000
0.499768 0.079582 -0.005959 0.000000
0.016471 -0.834987 0.015443 0.000000
-0.021769 -0.918108 0.000969 0.000000
0.200563 -1.191427 -0.231398 1.000000
0.129083 -1.247469 0.064033 0.000000
0.209106 -0.377036 0.023821 0.000000
0.388645 0.394432 0.039417 0.000000
0.272473 -0.378629 0.016690 0.000000
0.176894 -1.167059 0.034056 0.000000
0.251586 -0.515012 0.014106 0.000000
0.202958 -0.982020 -0.046982 1.000000
0.408711 0.107229 0.000230 0.000000
0.423121 -0.108536 -0.105156 0.000000
0.371389 0.036225 -0.021374 0.000000
0.177380 -1.084040 0.027696 0.000000
0.175349 -1.182230 0.041335 0.000000
0.153312 -1.138459 0.054846 0.000000
0.432434 -0.152496 0.088300 0.000000
0.294404 -0.081382 0.032930 0.000000
0.397502 0.298405 0.023664 0.000000
0.244268 0.031823 -0.025216 0.000000
0.172360 -1.306815 0.061677 0.000000
0.265870 -0.454203 0.027867 0.000000
0.265084 -0.471002 0.009916 0.000000
0.241590 -0.660860 0.006025 0.000000
0.462101 0.148412 0.005197 0.000000
0.306739 0.301936 0.037865 0.000000
0.347042 0.306068 0.023574 0.000000
0.000991 -0.860055 0.013007 0.000000
0.060599 -0.753826 0.021357 0.000000
0.230941 -0.680760 0.012548 0.000000
0.300650 0.159375 0.002438 0.000000
0.516956 -0.389920 0.120295 0.000000
0.182254 -1.136370 0.021889 0.000000
0.336255 0.105585 0.002725 0.000000
0.272353 0.099041 -0.009508 0.000000
0.202550 -1.155775 -0.190429 1.000000
0.042727 -0.293845 -0.245642 0.000000
0.234615 -0.775383 0.009723 0.000000
0.443734 -0.196668 0.093161 0.000000
0.175506 -1.049567 0.043180 0.000000
0.268268 0.079091 -0.006471 0.000000
0.143182 -1.182424 0.055973 0.000000
0.552929 0.006618 -0.024121 0.000000
0.152807 -0.198509 -0.112430 0.000000
0.339550 0.253003 0.010150 0.000000
0.446229 0.215355 0.094905 0.000000
0.499240 0.067680 0.189853 0.000000
0.343112 0.217600 0.007590 0.000000
0.140429 -0.560615 0.039372 0.000000
0.365564 0.345450 0.037974 0.000000
0.133350 -0.578071 0.037823 0.000000
0.312372 0.183237 0.007350 0.000000
0.123266 -0.250911 -0.174468 0.000000
0.314905 0.007444 0.039051 0.000000
0.167742 -1.221399 0.032519 0.000000
0.358876 0.458763 0.044524 0.000000
0.036576 -0.779057 0.022209 0.000000
0.198480 -1.035773 -0.084866 1.000000
0.437866 0.037477 -0.007569 0.000000
0.491706 -0.264090 -0.157973 0.000000
0.133078 -1.185815 0.069249 0.000000
0.636341 -0.092452 -0.052442 0.000000
0.190260 0.123236 -0.028242 0.000000
0.243419 -0.600182 0.010382 0.000000
0.195039 -0.966537 -0.030982 1.000000
0.236429 -0.754282 0.008552 0.000000
0.568701 -0.189591 -0.100296 0.000000
0.215074 -0.874813 0.009742 0.000000
0.508638 -0.371605 0.116046 0.000000
0.477069 0.139291 0.019209 0.000000
0.055248 -0.772785 0.015924 0.000000
0.334400 0.248075 0.054215 0.000000
0.375260 0.016126 -0.036004 0.000000
0.175128 -0.455716 0.033707 0.000000
0.331906 0.090235 -0.009433 0.000000
0.226351 -0.859961 0.019639 0.000000
0.334695 0.278421 0.017132 0.000000
0.393764 0.415569 0.039594 0.000000
0.159543 -1.111685 0.021375 0.000000
0.210768 -1.085790 -0.130565 1.000000
0.206260 -1.026591 0.037740 0.000000
0.409752 0.282008 0.033443 0.000000
0.315880 0.316292 0.053088 0.000000
0.394200 -0.105985 0.070988 0.000000
0.084258 -0.699194 0.028397 0.000000
0.276896 -0.265570 0.034163 0.000000
0.502602 -0.110975 -0.036910 0.000000
0.453237 -0.240004 0.098939 0.000000
0.502443 0.099255 0.010484 0.000000
0.276173 -0.247153 0.021101 0.000000
0.659467 -0.110083 -0.069037 0.000000
0.325679 0.166032 0.055532 0.000000
0.432914 0.221779 0.026412 0.000000
0.320714 0.221436 0.045503 0.000000
0.127378 -1.268846 0.046121 0.000000
0.198721 -1.010525 0.025270 0.000000
0.189507 -1.245051 -0.278004 1.000000
0.403617 -0.090355 0.088531 0.000000
0.078343 -0.632871 0.028367 0.000000
0.118248 -0.595126 0.031454 0.000000
0.218515 -0.912660 0.021237 0.000000
0.155539 -0.493796 0.028919 0.000000
0.443286 0.010120 -0.006840 0.000000
-0.005562 -0.883882 0.009851 0.000000
0.260746 0.075022 -0.016698 0.000000
0.018542 -0.300565 -0.250156 0.000000
0.249808 -0.307635 0.020944 0.000000
0.323745 0.209655 0.003193 0.000000
0.338741 0.061886 0.053901 0.000000
0.386615 0.468871 0.044379 0.000000
0.202379 0.134143 -0.013544 0.000000
0.214008 -0.074379 -0.055183 0.000000
0.187375 -1.291884 -0.301636 1.000000
0.347147 0.441690 0.061289 0.000000
0.198810 -1.074073 0.032418 0.000000
0.115408 -1.250957 0.039986 0.000000
0.081114 -0.654889 0.028201 0.000000
0.187524 -1.111884 0.021754 0.000000
0.169638 -1.326669 0.062413 0.000000
0.173803 -1.044460 0.019304 0.000000
0.327252 0.207940 0.057235 0.000000
0.185382 -1.173310 0.048277 0.000000
0.318299 0.177091 0.038905 0.000000
0.232068 -0.890453 0.015068 0.000000
0.225072 0.169421 -0.004635 0.000000
0.073442 -0.282660 -0.213431 0.000000
0.395470 0.212363 0.010235 0.000000
0.318016 0.049686 0.041653 0.000000
0.457129 -0.014360 -0.004990 0.000000
0.271008 -0.427126 0.013703 0.000000
0.630310 -0.486990 0.144267 0.000000
0.532387 -0.407169 0.120218 0.000000
0.203393 -0.079467 -0.059384 0.000000
0.194885 -1.138564 -0.183802 1.000000
0.339470 0.325693 0.023021 0.000000
0.127325 -0.538014 0.027500 0.000000
0.554414 -0.434001 0.143206 0.000000
0.320729 0.196864 0.002357 0.000000
0.296532 -0.113030 0.029073 0.000000
0.222713 -0.795199 0.013494 0.000000
0.328838 -0.016153 0.010975 0.000000
0.503049 -0.090858 -0.030153 0.000000
0.054984 -0.286114 -0.220882 0.000000
0.296882 -0.048419 0.036539 0.000000
0.365762 -0.014014 0.064131 0.000000
0.270574 0.235216 0.021257 0.000000
0.372747 -0.040762 0.061593 0.000000
0.190976 -1.108805 0.041695 0.000000
0.111945 0.020308 -0.057048 0.000000
0.341343 0.194122 0.006452 0.000000
0.237404 -0.715986 0.021326 0.000000
0.405659 -0.150245 0.085246 0.000000
0.109369 -1.293232 0.037592 0.000000
0.445578 -0.000692 -0.012947 0.000000
-0.012726 -0.899316 0.008034 0.000000
0.184356 -1.278812 0.061116 0.000000
0.261450 -0.492680 0.020897 0.000000
0.272549 -0.323765 0.014935 0.000000
0.352713 0.433485 0.030531 0.000000
0.345678 0.293936 0.024363 0.000000
0.424388 0.243712 0.019065 0.000000
0.609787 -0.473235 0.138704 0.000000
0.326693 0.153078 0.045010 0.000000
0.458195 -0.192345 -0.142673 0.000000
0.712584 -0.148839 -0.080699 0.000000
0.226287 -0.902345 0.000377 1.000000
0.296886 0.270690 0.031349 0.000000
0.122484 -0.609159 0.036348 0.000000
0.175144 -1.286125 -0.311478 1.000000
0.479048 -0.306066 0.113727 0.000000
0.135385 -0.238667 -0.147804 0.000000
0.400610 0.164030 0.011883 0.000000
0.416390 -0.087791 -0.094075 0.000000
0.411505 0.118442 -0.009901 0.000000
0.462118 -0.216116 -0.148990 0.000000
0.292627 -0.183013 0.028542 0.000000
0.166954 -1.226897 0.054272 0.000000
0.225710 -0.985367 -0.053176 1.000000
0.442147 -0.177966 -0.135524 0.000000
0.316985 0.186321 0.051685 0.000000
0.096412 -0.610638 0.028003 0.000000
0.449373 -0.023077 -0.022281 0.000000
0.172163 -1.316090 -0.343286 1.000000
0.121537 -0.562777 0.030755 0.000000
0.386941 0.254222 0.021749 0.000000
0.181959 -0.141880 -0.089169 0.000000
0.443379 0.194476 0.097211 0.000000
0.165053 -1.176801 0.038105 0.000000
0.247520 -0.631574 0.024623 0.000000
0.509746 0.048132 0.199419 0.000000
0.469081 -0.229901 -0.150336 0.000000
0.254577 -0.481348 0.013458 0.000000
0.248058 -0.565323 0.015840 0.000000
0.504273 0.080537 0.179676 0.000000
0.085416 -0.041271 -0.076662 0.000000
0.611167 -0.058839 -0.050049 0.000000
0.267102 -0.270333 0.025777 0.000000
0.578508 -0.201179 -0.117395 0.000000
0.145949 -1.231313 0.050015 0.000000
0.169515 -1.206932 0.048970 0.000000
0.262880 -0.288034 0.010709 0.000000
0.025204 -0.799830 0.019224 0.000000
0.224339 -0.818620 0.008625 0.000000
0.331867 0.387927 0.054035 0.000000
0.142966 -0.503561 0.020314 0.000000
0.136113 -1.223817 0.048081 0.000000
0.166928 -1.356322 -0.367716 1.000000
0.182132 -1.216800 0.027965 0.000000
0.092276 -0.270604 -0.202745 0.000000
0.213820 0.149314 -0.013773 0.000000
0.162937 -0.184761 -0.104761 0.000000
0.402600 -0.129885 0.078118 0.000000
0.253156 0.220640 0.019601 0.000000
0.375856 0.001011 -0.047564 0.000000
0.262255 -0.386719 0.017037 0.000000
0.146998 -0.534413 0.036180 0.000000
0.327487 0.061362 -0.004989 0.000000
0.502714 -0.359806 0.114409 0.000000
0.351712 0.476901 0.049141 0.000000
0.324355 0.087696 0.060906 0.000000
0.027055 -0.118214 -0.115601 0.000000
0.428304 -0.192358 0.092856 0.000000
0.225407 -0.855342 0.007035 0.000000
0.218918 -0.996914 -0.068860 1.000000
0.539197 -0.417667 0.127180 0.000000
0.341474 0.347740 0.029368 0.000000
0.648385 -0.099670 -0.068136 0.000000
0.187488 -1.254610 0.053838 0.000000
0.556828 -0.175396 -0.086935 0.000000
0.320243 0.124911 0.049564 0.000000
0.274209 -0.222816 0.026620 0.000000
0.295660 0.148214 0.000573 0.000000
0.341354 0.234559 0.011850 0.000000
-0.033670 -0.955271 -0.007758 0.000000
0.349105 0.031202 0.071254 0.000000
0.316137 0.106101 0.048594 0.000000
0.270255 -0.306379 0.019693 0.000000
0.638908 -0.493797 0.153635 0.000000
0.220207 -0.890541 0.012209 0.000000
0.160132 -1.339888 -0.355348 1.000000
0.045511 -0.104574 -0.112707 0.000000
0.325661 0.000563 0.001852 0.000000
0.188561 -0.423366 0.031069 0.000000
0.694674 -0.132409 -0.065965 0.000000
-0.050966 -0.980427 -0.010237 0.000000
0.147806 -0.217988 -0.130142 0.000000
0.203453 -1.033615 0.015146 0.000000
0.163634 -1.162333 0.048694 0.000000
0.440094 -0.159521 -0.129666 0.000000
0.285911 0.132109 -0.009909 0.000000
0.158060 -0.501417 0.037472 0.000000
0.396812 -0.036171 -0.059820 0.000000
0.388913 -0.004204 -0.048443 0.000000
0.185830 -0.132451 -0.081641 0.000000
0.187100 0.111688 -0.022207 0.000000
0.167160 -0.167262 -0.096622 0.000000
0.193128 -1.120326 -0.167649 1.000000
0.201994 -1.140168 -0.164256 1.000000
0.171561 -1.190823 0.031831 0.000000
0.325331 0.354195 0.056907 0.000000
0.273149 -0.286896 0.027737 0.000000
0.094589 -0.005721 -0.064524 0.000000
0.342447 0.152063 -0.000161 0.000000
0.346414 0.042998 0.055106 0.000000
0.362519 0.043307 -0.018883 0.000000
0.299283 -0.031818 0.044528 0.000000
0.271606 -0.402520 0.019667 0.000000
0.330169 0.227604 0.048171 0.000000
0.191778 -1.050614 0.024623 0.000000
0.202141 -1.084261 -0.139284 1.000000
0.211037 -0.901706 0.004524 1.000000
0.197599 -1.085221 0.039657 0.000000
0.197919 -0.417075 0.041747 0.000000
0.201829 -1.099742 0.029874 0.000000
0.290650 -0.189381 0.037974 0.000000
0.431359 -0.145878 -0.120433 0.000000
0.348508 0.074529 -0.018054 0.000000
0.267888 -0.374247 0.027735 0.000000
0.047234 -0.073945 -0.097387 0.000000
0.412635 0.259176 0.031180 0.000000
0.229453 -0.948965 -0.026484 1.000000
0.447964 0.189523 0.025222 0.000000
0.106267 -0.263057 -0.186940 0.000000
0.231346 0.010757 -0.034310 0.000000
0.231792 -0.767285 0.017369 0.000000
0.348458 -0.112337 0.005790 0.000000
0.259484 -0.292027 0.028804 0.000000
0.345526 0.418502 0.035985 0.000000
0.265157 0.226819 0.002543 0.000000
0.203251 -1.122307 -0.159153 1.000000
0.205271 -1.027202 -0.088327 1.000000
0.095820 -0.673146 0.032205 0.000000
0.325472 0.270141 0.053371 0.000000
0.068780 -0.035928 -0.078881 0.000000
0.539384 -0.137872 -0.064198 0.000000
0.389903 -0.085951 0.073004 0.000000
0.177911 -1.050792 0.027914 0.000000
0.156021 -1.157264 0.055675 0.000000
0.324290 0.028253 -0.000945 0.000000
0.294901 -0.129794 0.028704 0.000000
0.188115 -1.007005 0.022829 0.000000
0.342849 0.170980 0.006397 0.000000
0.215820 -0.978472 0.022826 0.000000
0.585326 -0.455464 0.132431 0.000000
0.195247 -1.204956 -0.235008 1.000000
0.239093 -0.623891 0.012912 0.000000
0.300036 -0.141074 0.026200 0.000000
0.399555 0.198486 0.003778 0.000000
0.055833 -0.733296 0.022260 0.000000
0.192940 -1.149585 -0.196497 1.000000
0.442565 0.201074 0.019283 0.000000
0.045014 -0.769296 0.019521 0.000000
0.332000 -0.053032 0.004854 0.000000
0.182702 -1.131261 0.047269 0.000000
0.336194 0.309206 0.024848 0.000000
0.191700 -0.395582 0.018450 0.000000
0.317111 0.029041 0.046410 0.000000
0.523991 -0.399210 0.124331 0.000000
0.319347 0.159595 0.039366 0.000000
0.301875 -0.102957 0.031655 0.000000
0.015854 -0.853574 0.008565 0.000000
0.335847 0.132242 -0.001778 0.000000
0.107752 -0.617121 0.031928 0.000000
0.138854 -1.156920 0.043948 0.000000
0.204847 -0.933334 -0.013690 1.000000
0.362710 -0.003774 0.067776 0.000000
0.164501 -0.447821 0.020912 0.000000
0.194758 -1.034938 0.023746 0.000000
0.243063 -0.320021 0.022894 0.000000
0.226979 -0.805165 0.008845 0.000000
0.314840 0.310592 0.041964 0.000000
0.419665 0.072537 -0.004419 0.000000
0.306251 -0.016334 0.047191 0.000000
0.290418 -0.137831 0.040910 0.000000
0.407181 -0.075286 -0.078892 0.000000
0.239480 -0.919417 -0.003418 1.000000
0.174514 -1.236005 0.055837 0.000000
0.140935 -1.209486 0.037876 0.000000
0.122571 0.034971 -0.052046 0.000000
0.327978 0.292294 0.054636 0.000000
0.340027 -0.075513 0.015570 0.000000
0.468495 -0.205203 -0.148709 0.000000
0.199213 -1.222993 -0.247928 1.000000
0.449404 -0.255078 0.103878 0.000000
0.156044 -1.109587 0.031783 0.000000
0.347498 0.383747 0.037108 0.000000
0.248600 -0.658070 0.016242 0.000000
0.213185 -1.048140 -0.105577 1.000000
0.309411 0.068620 0.048017 0.000000
0.061829 -0.291223 -0.228012 0.000000
0.205107 -1.130017 -0.183779 1.000000
0.094048 -0.654694 0.026210 0.000000
0.726474 -0.144254 -0.083881 0.000000
0.393719 -0.067774 0.087086 0.000000
0.233466 -0.788978 0.019732 0.000000
0.382560 -0.051293 0.079734 0.000000
0.228481 -0.733987 0.012742 0.000000
0.747995 -0.160823 -0.085175 0.000000
0.187470 -1.259147 -0.286543 1.000000
0.261059 -0.422364 0.012857 0.000000
0.468067 0.155637 0.125859 0.000000
0.201438 -1.087553 0.049859 0.000000
0.251190 -0.542971 0.011635 0.000000
0.493943 -0.337764 0.112816 0.000000
0.140165 0.040846 -0.040298 0.000000
0.181692 -1.178027 0.031500 0.000000
0.369947 -0.022988 0.069668 0.000000
-0.071741 -1.051543 -0.014907 0.000000
0.164027 -1.087927 0.038478 0.000000
0.156775 -1.359322 -0.378423 1.000000
0.251620 -0.601924 0.024702 0.000000
0.206119 -0.914428 0.005188 1.000000
0.398567 0.266925 0.015292 0.000000
0.117872 -0.548272 0.025282 0.000000
0.298042 -0.084854 0.042731 0.000000
0.622806 -0.482153 0.152068 0.000000
0.410778 -0.123001 0.086494 0.000000
0.310965 0.005505 0.049139 0.000000
0.478101 0.136655 0.133120 0.000000
0.415859 -0.162833 0.087627 0.000000
0.418901 0.082522 0.000561 0.000000
0.185331 -1.201251 0.030286 0.000000
0.324371 0.006586 0.010939 0.000000
0.403132 0.145184 0.000700 0.000000
0.267713 -0.337076 0.027627 0.000000
0.321889 -0.011877 -0.006550 0.000000
0.252598 0.208739 0.008469 0.000000
0.200352 -1.067301 0.040898 0.000000
0.152757 -1.177838 0.040788 0.000000
0.393198 0.321609 0.027340 0.000000
0.605093 -0.046886 -0.048090 0.000000
0.440342 -0.235615 0.099769 0.000000
0.359548 0.434051 0.039053 0.000000
0.386813 -0.020171 -0.053219 0.000000
0.206586 -0.392940 0.041303 0.000000
0.401648 0.312837 0.025739 0.000000
0.524106 -0.389582 0.107412 0.000000
0.663606 -0.117890 -0.062072 0.000000
0.302809 -0.065356 0.037795 0.000000
0.177307 -1.256867 0.035980 0.000000
0.484073 -0.307456 0.103137 0.000000
0.402166 0.176895 -0.000349 0.000000
0.259694 -0.526846 0.017960 0.000000
0.203895 -1.075352 0.022871 0.000000
0.337348 -0.038784 0.012612 0.000000
0.261426 -0.507550 0.009214 0.000000
0.131138 -1.193310 0.032767 0.000000
0.265821 0.088994 -0.010254 0.000000
0.227261 -0.833129 0.019281 0.000000
0.415739 0.096563 -0.014891 0.000000
0.231524 -0.699483 0.013979 0.000000
0.333627 0.215612 0.001542 0.000000
0.283647 0.121316 -0.003640 0.000000
0.254674 0.052818 -0.016840 0.000000
0.288968 -0.201969 0.026801 0.000000
0.435587 0.022667 -0.020306 0.000000
0.195044 -0.973680 -0.039122 1.000000
0.208566 -0.950766 -0.024232 1.000000
0.217619 -0.967806 0.023200 0.000000
0.496082 0.091248 0.166255 0.000000
0.471477 -0.053349 -0.019950 0.000000
-0.054681 -0.995872 -0.002691 0.000000
0.160121 -1.213582 0.045902 0.000000
0.418980 0.251622 0.078713 0.000000
0.254110 -0.593962 0.009533 0.000000
0.332347 0.339442 0.062235 0.000000
0.464535 -0.038516 -0.016283 0.000000
0.336023 0.370535 0.057312 0.000000
0.499032 -0.268827 -0.151611 0.000000
0.404139 -0.054094 -0.072016 0.000000
0.223000 -0.835534 0.007879 0.000000
0.451929 -0.176752 -0.139879 0.000000
0.583988 -0.012756 -0.035720 0.000000
0.207050 -1.015677 0.020156 0.000000
0.149808 -1.210513 0.051794 0.000000
0.418755 -0.140658 0.088275 0.000000
0.338500 -0.059588 0.018839 0.000000
0.333859 0.422679 0.055291 0.000000
0.167678 -1.200594 0.040321 0.000000
0.348211 0.086219 -0.004967 0.000000
0.181669 -1.202962 0.049372 0.000000
0.212686 -1.075065 -0.138255 1.000000
0.261816 -0.554520 0.017852 0.000000
0.322095 0.100316 0.041804 0.000000
0.348106 0.489146 0.062414 0.000000
0.193179 -1.138640 0.031352 0.000000
0.411043 -0.100994 -0.091149 0.000000
-0.029450 -0.937265 -0.000094 0.000000
0.176684 -0.437330 0.022574 0.000000
0.473849 0.126141 0.001687 0.000000
0.352199 0.400849 0.033920 0.000000
0.329085 0.255738 0.048868 0.000000
0.221821 -0.869410 0.017508 0.000000
0.330814 -0.074028 0.000914 0.000000
-0.044428 -0.962801 -0.004294 0.000000
0.462413 0.157568 0.012826 0.000000
0.555937 -0.432886 0.131676 0.000000
-0.083999 -1.071583 -0.024307 0.000000
0.153204 -1.287735 0.054795 0.000000
0.324213 0.113095 0.048672 0.000000
0.289899 -0.164675 0.026335 0.000000
0.002117 -0.876765 0.006968 0.000000
0.389816 0.336117 0.035821 0.000000
0.257441 -0.458326 0.021005 0.000000
0.333467 0.404890 0.055208 0.000000
0.303914 0.296950 0.046861 0.000000
0.311276 0.172911 -0.004055 0.000000
0.400107 0.242215 0.013548 0.000000
0.284765 -0.253230 0.028839 0.000000
0.040492 -0.802205 0.013939 0.000000
0.556130 0.016633 -0.020582 0.000000
0.366601 0.052171 -0.023133 0.000000
0.133510 -0.242563 -0.157814 0.000000
0.177281 -0.418958 0.018128 0.000000
0.226794 -0.928335 -0.014624 1.000000
0.401713 0.156277 0.001537 0.000000
-0.069702 -1.027896 -0.017231 0.000000
0.038818 -0.756827 0.025895 0.000000
0.430206 -0.216039 0.096098 0.000000
0.104311 -0.596661 0.027997 0.000000
0.180127 -1.325174 0.062455 0.000000
0.229230 -0.010068 -0.036118 0.000000
0.194646 -1.005592 -0.060171 1.000000
0.136071 -0.541378 0.032431 0.000000
0.212082 -1.031166 0.030172 0.000000
0.215310 -1.029773 -0.110921 1.000000
0.225710 -0.756424 0.011413 0.000000
0.196061 -1.042494 0.032405 0.000000
0.276887 0.116093 -0.014706 0.000000
0.174745 -1.267748 0.058555 0.000000
0.339897 0.462069 0.058941 0.000000
0.204680 -1.094576 -0.148621 1.000000
0.323206 0.041422 -0.011077 0.000000
0.421999 0.254005 0.019069 0.000000
0.194945 -1.016408 -0.078542 1.000000
0.213239 -0.884557 0.005804 0.000000
0.305263 -0.094066 0.044900 0.000000
0.057101 -0.066327 -0.090850 0.000000
0.171625 -0.144804 -0.087166 0.000000
0.525254 -0.128967 -0.054059 0.000000
0.355390 0.383451 0.029586 0.000000
0.275600 0.097699 0.000422 0.000000
0.329610 0.077296 -0.004502 0.000000
0.351871 0.410476 0.038405 0.000000
0.301174 -0.153667 0.040626 0.000000
0.463063 0.169771 0.113731 0.000000
0.174461 -1.252955 -0.278639 1.000000
0.195615 -1.091293 0.025933 0.000000
0.435813 0.214964 0.089148 0.000000
0.170917 -1.160664 0.040780 0.000000
0.481001 -0.226519 -0.149143 0.000000
0.201695 -1.051165 0.028676 0.000000
0.236427 -0.717256 0.006035 0.000000
0.495164 0.099935 0.002790 0.000000
0.236627 -0.649971 0.012814 0.000000
0.263945 -0.442707 0.022006 0.000000
0.345445 0.406015 0.052963 0.000000
0.191149 -1.082190 0.031679 0.000000
0.173656 -1.326402 -0.334505 1.000000
0.266737 0.095450 -0.018427 0.000000
0.339326 0.436878 0.053114 0.000000
0.136148 -0.552627 0.032735 0.000000
0.191050 -1.195501 -0.236376 1.000000
0.294661 0.276490 0.014764 0.000000
0.257009 -0.562216 0.008150 0.000000
0.266029 -0.423263 0.022017 0.000000
0.411520 -0.108543 -0.099156 0.000000
0.079759 -0.688837 0.031908 0.000000
0.453855 -0.018174 -0.014217 0.000000
0.200106 -0.105738 -0.069249 0.000000
0.396229 -0.085605 0.082543 0.000000
0.257548 -0.582764 0.014699 0.000000
0.141379 -1.154159 0.032736 0.000000
-0.086735 -1.078823 -0.031271 0.000000
0.247150 -0.644167 0.017341 0.000000
0.495092 0.075686 0.180322 0.000000
0.684448 -0.521262 0.167406 0.000000
0.143052 -1.168954 0.051711 0.000000
0.270307 -0.478209 0.015924 0.000000
0.368048 0.336514 0.052488 0.000000
0.132026 -1.233925 0.055654 0.000000
0.088815 -0.677877 0.026180 0.000000
0.206954 -0.992905 0.028132 0.000000
0.102255 -0.579515 0.026592 0.000000
0.211409 -1.035598 -0.102223 1.000000
0.173800 -1.229974 0.036760 0.000000
0.309736 -0.021881 0.035309 0.000000
0.254640 0.029167 -0.022350 0.000000
0.285200 -0.238603 0.030981 0.000000
0.392918 0.359663 0.032316 0.000000
0.265132 -0.365857 0.016408 0.000000
-0.018391 -0.899804 0.016979 0.000000
-0.020153 -0.923492 0.009642 0.000000
0.213542 -1.009033 -0.078042 1.000000
0.102288 -0.024984 -0.067169 0.000000
0.519480 -0.111770 -0.043792 0.000000
0.322226 0.233808 0.050374 0.000000
0.351945 -0.087316 0.024227 0.000000
0.211261 -0.961985 -0.032954 1.000000
0.294383 -0.147682 0.032516 0.000000
0.040602 -0.744724 0.024969 0.000000
0.382658 -0.004912 -0.040284 0.000000
0.427456 -0.153239 0.097286 0.000000
0.230367 -0.749418 0.020340 0.000000
0.337685 0.204780 0.011772 0.000000
0.233268 -0.822537 0.011929 0.000000
0.270456 -0.348875 0.018239 0.000000
0.159789 -0.202712 -0.118709 0.000000
0.487726 -0.087791 -0.032879 0.000000
0.200162 -1.048928 -0.102090 1.000000
0.387006 0.308661 0.054162 0.000000
0.213125 0.156376 -0.023926 0.000000
0.333441 0.241688 0.012775 0.000000
0.172471 -1.292390 0.023253 0.000000
0.245012 -0.610105 0.012481 0.000000
0.188072 -0.418050 0.019481 0.000000
0.275986 -0.326262 0.024272 0.000000
0.262706 -0.288263 0.037782 0.000000
0.244777 -0.686859 0.009823 0.000000
0.398867 0.281882 0.073124 0.000000
0.164713 -1.332738 -0.339320 1.000000
0.121871 -1.325449 0.034663 0.000000
0.480738 -0.072062 -0.025635 0.000000
0.597946 -0.460964 0.148968 0.000000
0.378693 -0.054802 0.068281 0.000000
0.371351 0.007891 -0.041496 0.000000
0.190790 -1.017780 0.035915 0.000000
0.190912 -1.198276 0.022294 0.000000
0.340699 0.303874 0.015913 0.000000
-0.063455 -1.012377 -0.016931 0.000000
0.594393 -0.028313 -0.042450 0.000000
0.188242 -1.219218 0.020201 0.000000
0.321037 0.203482 0.050187 0.000000
0.195999 -1.106548 0.024084 0.000000
0.532551 -0.147995 -0.073888 0.000000
0.240171 -0.695176 0.017661 0.000000
0.066513 -0.718719 0.025747 0.000000
0.201427 -1.002286 0.030790 0.000000
0.329520 0.378057 0.054082 0.000000
0.329132 0.084923 0.052405 0.000000
0.570407 -0.444116 0.134983 0.000000
0.309696 -0.076172 0.035365 0.000000
0.284732 -0.214806 0.032732 0.000000
0.396841 0.183377 0.006500 0.000000
0.240675 -0.674722 0.017427 0.000000
0.149341 -1.168633 0.038327 0.000000
0.579207 -0.025681 -0.035359 0.000000
0.323632 0.246347 0.045971 0.000000
0.076649 -0.703632 0.023056 0.000000
0.349111 0.348740 0.022600 0.000000
0.572744 -0.006959 -0.031007 0.000000
0.455919 0.186017 0.106423 0.000000
0.546212 -0.424111 0.123860 0.000000
0.168159 -1.189699 0.042059 0.000000
0.168388 -1.063869 0.031386 0.000000
0.313238 0.088291 0.037802 0.000000
0.357194 0.423904 0.040046 0.000000
0.411412 0.138538 -0.010242 0.000000
0.100738 -0.661134 0.033393 0.000000
0.324678 0.185007 0.045353 0.000000
0.343199 0.283945 0.013272 0.000000
0.341427 0.420478 0.061521 0.000000
-0.095331 -1.096957 -0.035284 0.000000
0.135952 -1.156947 0.067633 0.000000
0.340839 0.060389 0.043745 0.000000
0.186325 -1.017750 0.021232 0.000000
0.220111 -0.360224 0.028661 0.000000
0.191528 -1.188727 -0.226168 1.000000
0.261001 -0.522113 0.026696 0.000000
0.151229 -0.525341 0.040498 0.000000
0.653031 -0.497902 0.150015 0.000000
0.391934 0.277173 0.020830 0.000000
0.166616 0.085012 -0.030304 0.000000
0.179698 -0.173247 -0.107546 0.000000
0.188101 -1.237931 -0.271119 1.000000
0.356764 0.011758 0.068145 0.000000
0.190246 -1.129542 0.028417 0.000000
0.702478 -0.142132 -0.077622 0.000000
0.494193 -0.331183 0.104749 0.000000
0.354336 -0.105349 0.016350 0.000000
0.316252 0.141499 0.047515 0.000000
0.305795 -0.007133 0.034131 0.000000
0.157925 -1.162452 0.040007 0.000000
0.414478 0.271717 0.022477 0.000000
0.182498 -1.154943 0.037276 0.000000
0.481973 0.113382 0.001103 0.000000
0.332131 0.220574 0.016474 0.000000
0.204976 -1.067213 0.028721 0.000000
0.151656 0.072917 -0.041147 0.000000
0.334358 0.357269 0.054171 0.000000
0.218682 -0.918926 -0.007986 1.000000
-0.058678 -1.003145 -0.016155 0.000000
0.333688 0.096097 0.001464 0.000000
0.433107 -0.172957 0.096278 0.000000
0.260117 0.215480 0.014803 0.000000
0.173221 -1.103596 0.030932 0.000000
0.142724 -0.231590 -0.144681 0.000000
0.241665 0.192157 -0.006421 0.000000
0.308976 0.046672 0.038531 0.000000
0.447257 0.203453 0.098701 0.000000
0.563114 0.006723 -0.024281 0.000000
0.404801 0.291334 0.033242 0.000000
0.236483 -0.938141 -0.015241 1.000000
0.120155 0.022425 -0.051960 0.000000
0.242986 -0.322523 0.033007 0.000000
0.270193 -0.436410 0.017646 0.000000
0.152343 -1.233804 0.042911 0.000000
0.469610 -0.257948 0.096563 0.000000
0.163733 -1.373037 -0.387524 1.000000
0.420909 0.248457 0.069293 0.000000
0.071013 -0.685489 0.027531 0.000000
0.352069 0.361962 0.028706 0.000000
0.184380 -1.261663 -0.277541 1.000000
0.085307 -0.023861 -0.071157 0.000000
0.228682 -0.964753 -0.047190 1.000000
0.060221 -0.075871 -0.102361 0.000000
0.194067 -1.055391 0.035368 0.000000
0.043612 -0.084793 -0.100978 0.000000
0.335252 0.287572 0.047781 0.000000
0.469642 0.134994 0.128168 0.000000
0.398890 0.289114 0.020089 0.000000
0.047751 -0.725243 0.028120 0.000000
0.118103 -1.194580 0.030491 0.000000
0.313786 0.053682 0.050078 0.000000
0.120086 -0.256753 -0.167268 0.000000
0.214078 -0.032275 -0.046129 0.000000
0.127237 -1.204802 0.070959 0.000000
0.254263 -0.590080 0.021421 0.000000
0.159074 0.068281 -0.030432 0.000000
0.282862 -0.183734 0.028367 0.000000
0.336752 0.337892 0.051163 0.000000
0.342090 0.093356 -0.011839 0.000000
0.254310 -0.300693 0.026166 0.000000
0.646960 -0.097494 -0.057346 0.000000
0.183261 -1.092262 0.032369 0.000000
0.268469 -0.384147 0.024093 0.000000
0.292984 -0.173324 0.032681 0.000000
0.450672 -0.215958 0.095544 0.000000
0.253260 -0.550609 0.021783 0.000000
0.161845 -1.229005 0.046254 0.000000
0.103712 -0.004964 -0.059653 0.000000
0.502566 -0.368758 0.123089 0.000000
0.323880 0.096208 0.054291 0.000000
0.207568 -1.017171 0.029737 0.000000
0.333823 0.320220 0.053383 0.000000
0.398935 -0.105587 0.079444 0.000000
0.230052 -0.910474 -0.004236 1.000000
0.519602 0.071943 0.001771 0.000000
0.342793 0.427626 0.053847 0.000000
0.518351 0.042422 0.207414 0.000000
0.191038 -0.092341 -0.064751 0.000000
0.389238 0.299149 0.028631 0.000000
0.333038 0.150529 0.001457 0.000000
0.341369 -0.093165 0.010160 0.000000
0.406440 -0.113646 0.085525 0.000000
0.321089 0.160466 0.049108 0.000000
0.027731 -0.791350 0.023097 0.000000
0.212956 -0.374263 0.032232 0.000000
0.329216 -0.030347 0.002600 0.000000
0.318180 0.034503 0.037399 0.000000
0.269406 -0.281656 0.016378 0.000000
-0.044897 -0.973193 -0.008241 0.000000
0.144635 -1.219324 0.042061 0.000000
0.283058 0.255749 0.037035 0.000000
0.210516 -0.946647 0.020539 0.000000
0.458476 -0.264507 0.106170 0.000000
0.384067 0.436598 0.043823 0.000000
0.457053 -0.034081 -0.022649 0.000000
0.670661 -0.512831 0.161320 0.000000
0.196883 -1.113838 0.047383 0.000000
0.511021 -0.389542 0.127858 0.000000
0.151194 -1.148946 0.055770 0.000000
0.223115 -0.945683 0.023396 0.000000
0.329573 0.302431 0.052475 0.000000
0.503867 -0.099195 -0.034845 0.000000
0.240521 -0.617497 0.019931 0.000000
0.145638 -1.201873 0.051481 0.000000
0.527443 0.032470 0.226699 0.000000
0.675804 -0.118613 -0.062484 0.000000
0.203412 -0.395918 0.030898 0.000000
0.289944 0.137993 -0.002687 0.000000
0.667474 -0.117638 -0.070825 0.000000
0.394324 0.229232 0.011707 0.000000
0.374125 -0.035234 0.071018 0.000000
0.286605 -0.227340 0.023041 0.000000
0.473904 0.121344 0.145710 0.000000
0.332296 -0.019972 0.001392 0.000000
0.179886 -1.171990 0.055962 0.000000
0.579066 -0.449783 0.137272 0.000000
0.213264 -0.368729 0.020564 0.000000
0.192796 -1.090923 0.045599 0.000000
0.247887 0.052079 -0.026005 0.000000
0.205519 -0.899061 0.011833 0.000000
0.261048 -0.472034 0.020120 0.000000
0.307725 0.028893 0.044805 0.000000
0.259597 -0.510512 0.018606 0.000000
0.206624 0.143224 -0.015099 0.000000
0.261227 -0.532605 0.010537 0.000000
0.359362 0.481144 0.043993 0.000000
0.216674 -0.930357 0.015539 0.000000
0.021938 -0.808531 0.021257 0.000000
0.236115 -0.334295 0.031507 0.000000
0.508464 0.086078 0.004324 0.000000
0.168672 -1.195252 0.050531 0.000000
0.632577 -0.079939 -0.063055 0.000000
0.383299 -0.070151 0.081470 0.000000
0.527827 0.054604 -0.006430 0.000000
-0.065702 -1.012738 -0.007430 0.000000
0.514658 -0.370547 0.104458 0.000000
0.351183 0.439870 0.038023 0.000000
0.307676 0.006120 0.033065 0.000000
0.420451 -0.133436 -0.109949 0.000000
0.299824 -0.041272 0.044776 0.000000
0.280663 -0.193429 0.025649 0.000000
0.425928 0.233666 0.079657 0.000000
0.339653 0.253107 0.020360 0.000000
0.533101 0.042801 -0.011550 0.000000
0.159250 -1.195311 0.048000 0.000000
0.190422 0.113418 -0.013526 0.000000
-0.062129 -1.019324 -0.023203 0.000000
0.296926 0.279639 0.034366 0.000000
0.178806 -0.447477 0.030944 0.000000
0.224998 -0.976030 -0.064512 1.000000
0.196496 -1.019508 0.027068 0.000000
0.001927 -0.852378 0.018383 0.000000
0.286544 -0.197321 0.034626 0.000000
0.069792 -0.674979 0.028388 0.000000
0.216735 -1.048158 -0.114292 1.000000
0.231355 -0.337084 0.019116 0.000000
0.251538 -0.631559 0.011765 0.000000
0.333351 0.069530 0.054873 0.000000
0.351942 0.011653 0.054675 0.000000
0.626585 -0.073145 -0.058192 0.000000
0.385990 0.298820 0.057460 0.000000
0.188903 -1.042094 0.015614 0.000000
0.217206 -0.360190 0.018840 0.000000
0.332464 0.092220 0.038770 0.000000
0.110383 0.008725 -0.057113 0.000000
0.442123 -0.226159 0.102154 0.000000
0.507320 0.066181 0.185331 0.000000
0.214206 0.162563 -0.004661 0.000000
0.200522 -1.146008 -0.183015 1.000000
0.230748 -0.804087 0.019988 0.000000
0.394118 0.203117 0.009887 0.000000
0.024907 -0.829742 0.012460 0.000000
0.183071 -1.192326 0.031827 0.000000
0.361201 -0.122126 0.008769 0.000000
0.029138 -0.820306 0.013730 0.000000
0.202191 -1.081869 -0.129868 1.000000
0.452348 -0.274407 0.107406 0.000000
0.178237 -1.167714 0.043255 0.000000
0.182008 -1.250430 -0.273437 1.000000
0.001123 -0.885431 0.003559 0.000000
0.011830 -0.142135 -0.134224 0.000000
0.182847 -1.116927 0.042576 0.000000
0.221555 -0.954906 -0.036710 1.000000
0.178220 -1.286553 0.061417 0.000000
0.052128 -0.081410 -0.092851 0.000000
0.075867 -0.041884 -0.077983 0.000000
0.390784 -0.040499 -0.065421 0.000000
0.261809 -0.409922 0.020138 0.000000
0.120554 -1.239954 0.037992 0.000000
0.181476 -1.310329 0.060771 0.000000
0.243735 0.199363 0.014300 0.000000
0.771326 -0.173719 -0.107207 0.000000
-0.066587 -1.031338 -0.009185 0.000000
0.336866 0.307783 0.054577 0.000000
0.326486 0.146621 0.051670 0.000000
0.183643 -1.283667 -0.307974 1.000000
0.464969 -0.303138 0.114168 0.000000
-0.080529 -1.063236 -0.026394 0.000000
0.202161 -1.012096 -0.073008 1.000000
0.386429 -0.071816 0.072092 0.000000
0.496987 0.087985 -0.008720 0.000000
0.203237 -1.120225 -0.168287 1.000000
0.163802 -1.095119 0.032402 0.000000
0.277718 -0.308277 0.024833 0.000000
0.238720 -0.748398 0.015322 0.000000
0.428060 0.054923 -0.000414 0.000000
0.169385 -0.186184 -0.112175 0.000000
0.325502 0.184066 0.060290 0.000000
0.342611 0.451075 0.064901 0.000000
0.015219 -0.846352 0.014307 0.000000
0.245006 -0.652061 0.022277 0.000000
-0.009038 -0.901110 -0.000512 0.000000
0.220287 -0.897683 0.005629 1.000000
0.301305 -0.028605 0.036114 0.000000
0.448567 -0.195520 -0.139170 0.000000
0.657520 -0.500110 0.157905 0.000000
0.210625 -1.051713 0.020177 0.000000
0.182231 -1.041474 0.038848 0.000000
0.407308 0.097772 -0.006785 0.000000
0.477296 -0.277494 0.096300 0.000000
0.327358 0.338757 0.052780 0.000000
0.159137 -1.171499 0.042771 0.000000
0.221702 -0.970904 -0.047314 1.000000
0.362899 0.442833 0.030207 0.000000
0.171259 -1.134701 0.045068 0.000000
0.119064 -0.559115 0.022695 0.000000
0.341815 0.048630 0.061714 0.000000
0.294231 -0.106899 0.038180 0.000000
0.063802 -0.659135 0.029474 0.000000
0.511846 -0.381110 0.121342 0.000000
0.132961 -0.522714 0.024822 0.000000
0.307715 0.032554 0.035509 0.000000
0.219279 -0.912680 0.012086 0.000000
0.160133 -1.318938 -0.340865 1.000000
0.319112 0.189392 0.008303 0.000000
0.267158 -0.402917 0.028205 0.000000
0.403890 -0.091096 -0.090352 0.000000
0.168126 -1.306008 0.035774 0.000000
0.029658 -0.114644 -0.123643 0.000000
0.184302 -1.140100 0.045068 0.000000
0.348223 -0.095644 0.016561 0.000000
0.226306 -0.031642 -0.040330 0.000000
0.333641 0.175707 0.005096 0.000000
0.240890 0.019779 -0.026943 0.000000
0.230631 0.178034 -0.007050 0.000000
0.476133 -0.291546 0.104624 0.000000
-0.076179 -1.043048 -0.021256 0.000000
0.199605 -1.131143 -0.170666 1.000000
0.167989 -0.477911 0.035640 0.000000
0.274238 -0.264028 0.025158 0.000000
0.271324 -0.248855 0.028663 0.000000
0.387649 0.484138 0.044240 0.000000
0.510487 -0.112002 -0.042200 0.000000
0.432400 -0.128123 -0.116839 0.000000
0.323341 0.259990 0.054999 0.000000
0.729733 -0.153550 -0.083450 0.000000
0.197905 -1.019198 -0.086848 1.000000
0.487912 -0.347982 0.122801 0.000000
0.128982 -1.194499 0.066839 0.000000
0.395208 0.375941 0.040406 0.000000
-0.046603 -0.987932 -0.013161 0.000000
0.185305 -1.007504 0.031615 0.000000
0.210506 -1.018457 -0.088580 1.000000
0.274209 0.107451 -0.013655 0.000000
0.351150 0.026248 0.063890 0.000000
0.352506 0.461452 0.037187 0.000000
0.238392 -0.323018 0.010011 0.000000
0.394816 -0.025538 -0.055658 0.000000
0.406880 0.123821 -0.000398 0.000000
0.425211 0.260791 0.024199 0.000000
0.246183 -0.668080 0.011099 0.000000
0.367731 0.032553 -0.031433 0.000000
0.168268 -1.217504 0.053989 0.000000
0.206956 -1.029489 -0.096955 1.000000
0.337868 0.334621 0.022536 0.000000
0.202423 -1.036680 0.029551 0.000000
0.171259 -1.281389 0.036731 0.000000
0.152205 -0.510289 0.037553 0.000000
0.184258 -1.044356 0.027119 0.000000
0.177746 -1.199435 0.035701 0.000000
0.283309 -0.273256 0.018624 0.000000
0.366694 -0.021254 0.058068 0.000000
0.312078 0.300455 0.030688 0.000000
0.186907 -0.441650 0.042674 0.000000
0.133588 0.048926 -0.047674 0.000000
0.259175 -0.442775 0.013509 0.000000
0.241088 -0.935190 -0.022457 1.000000
0.142489 -0.510107 0.026550 0.000000
0.221440 -0.048202 -0.045806 0.000000
0.155010 -0.212101 -0.129671 0.000000
0.043014 -0.791508 0.016730 0.000000
0.181373 -1.182059 0.048241 0.000000
0.213514 -1.038566 0.035154 0.000000
0.296253 0.151189 -0.007931 0.000000
0.214783 -0.883140 0.014601 0.000000
0.099695 -0.588977 0.026979 0.000000
0.264090 -0.451604 0.017806 0.000000
0.323478 0.241183 0.057838 0.000000
0.029242 -0.111380 -0.110146 0.000000
0.101983 -0.604248 0.023736 0.000000
0.204508 -1.003546 0.019747 0.000000
0.240798 -0.731630 0.010934 0.000000
-0.005107 -0.864589 0.019043 0.000000
0.162648 -0.467928 0.021606 0.000000
0.337504 0.169544 -0.000913 0.000000
0.185987 -1.108586 0.033539 0.000000
0.195258 -1.077097 0.024607 0.000000
0.426964 0.051731 -0.009086 0.000000
0.191251 -1.252994 -0.274229 1.000000
0.199961 -0.399073 0.017248 0.000000
0.213620 -0.982531 -0.053687 1.000000
0.223968 -0.778505 0.015917 0.000000
0.439926 -0.254628 0.104343 0.000000
-0.013287 -0.919574 -0.001516 0.000000
0.266119 -0.338647 0.018953 0.000000
0.180556 -1.207197 0.057179 0.000000
0.180226 -1.169963 0.026277 0.000000
0.284684 -0.174999 0.029014 0.000000
0.193270 -1.200239 -0.224438 1.000000
0.363817 0.352093 0.043705 0.000000
0.197227 -1.073244 -0.126410 1.000000
0.320127 0.007086 -0.010739 0.000000
0.334490 0.109836 -0.007438 0.000000
-0.025981 -0.939066 0.007940 0.000000
0.277964 -0.234932 0.022747 0.000000
0.077881 -0.642022 0.028583 0.000000
0.246768 -0.578148 0.011763 0.000000
0.319193 0.212203 0.049811 0.000000
0.570647 -0.181005 -0.101732 0.000000
0.450910 -0.008374 -0.010040 0.000000
0.335637 0.084210 -0.003634 0.000000
0.306366 0.165775 -0.006139 0.000000
0.235386 -0.688474 0.012801 0.000000
0.249893 -0.599106 0.016397 0.000000
0.021273 -0.129795 -0.121586 0.000000
0.360251 0.058757 -0.015565 0.000000
0.189643 -0.433197 0.031482 0.000000
0.248388 -0.640138 0.009519 0.000000
0.096558 -0.644649 0.031753 0.000000
0.176490 -1.331372 -0.352906 1.000000
0.293754 0.158339 -0.003066 0.000000
0.465851 -0.265621 0.101142 0.000000
0.217654 -0.974301 -0.037386 1.000000
0.094432 -0.619696 0.028573 0.000000
0.690104 -0.127873 -0.076269 0.000000
0.392814 0.249745 0.016276 0.000000
0.325954 0.048651 -0.000818 0.000000
0.240227 -0.627266 0.022008 0.000000
0.218590 -0.943370 -0.023439 1.000000
0.176814 -1.214415 0.036282 0.000000
0.227804 -0.350668 0.031152 0.000000
0.183840 -1.251638 0.061335 0.000000
0.044196 -0.095857 -0.111932 0.000000
0.195397 -0.409654 0.019223 0.000000
0.184909 -1.252086 -0.281629 1.000000
0.448781 0.183798 0.014237 0.000000
0.200112 -0.085826 -0.064951 0.000000
0.359964 0.048338 -0.029184 0.000000
0.239942 -0.637451 0.021715 0.000000
0.212597 -1.040785 0.020222 0.000000
0.189337 -1.070808 0.027918 0.000000
0.081568 -0.281904 -0.216793 0.000000
0.325085 0.063207 -0.013724 0.000000
0.174184 -1.301099 -0.324486 1.000000
0.263843 -0.354635 0.019161 0.000000
0.081079 -0.708293 0.030039 0.000000
0.340564 0.386140 0.055990 0.000000
0.334371 0.186973 0.008589 0.000000
0.084826 -1.357829 0.082414 0.000000
0.231036 0.183800 -0.014443 0.000000
0.314797 0.016016 0.041037 0.000000
0.423431 -0.158377 0.090400 0.000000
0.458218 -0.233352 0.096068 0.000000
0.147248 -1.154800 0.039238 0.000000
0.432032 0.238475 0.021277 0.000000
0.303703 -0.007946 0.046777 0.000000
0.164097 -1.209947 0.055554 0.000000
0.341070 0.410423 0.059331 0.000000
0.334943 0.260245 0.013545 0.000000
0.299637 -0.094097 0.030944 0.000000
0.193345 -1.169252 -0.203050 1.000000
0.133194 0.032184 -0.044740 0.000000
0.202163 -1.058298 -0.116674 1.000000
0.295616 -0.138099 0.033868 0.000000
0.458489 -0.245827 0.102832 0.000000
0.495695 -0.105913 -0.038721 0.000000
0.115311 -0.612619 0.031139 0.000000
0.271113 -0.356406 0.013351 0.000000
0.361255 -0.004242 0.055064 0.000000
0.193429 -1.092223 -0.132721 1.000000
-0.061384 -1.018843 -0.002924 0.000000
0.463817 -0.054936 -0.024588 0.000000
0.268737 0.234857 0.004071 0.000000
0.238917 0.188769 0.006483 0.000000
0.758430 -0.166627 -0.095478 0.000000
0.399944 0.131056 -0.000749 0.000000
0.329541 0.030282 -0.007595 0.000000
0.470113 -0.273679 0.101254 0.000000
0.256366 -0.491014 0.014025 0.000000
0.307792 0.180115 -0.000628 0.000000
0.269265 -0.297054 0.020847 0.000000
0.257747 -0.515188 0.007250 0.000000
0.441124 -0.204842 0.094595 0.000000
0.225682 -0.826789 0.011727 0.000000
0.169127 -1.238194 0.031680 0.000000
0.227243 -0.847121 0.010068 0.000000
0.346497 0.392843 0.038113 0.000000
0.235291 -0.945738 -0.035828 1.000000
0.180323 -1.276475 -0.299805 1.000000
0.401277 0.143951 0.009853 0.000000
0.230014 -0.793022 0.007173 0.000000
0.340831 0.363961 0.030113 0.000000
0.323668 0.166262 0.043197 0.000000
0.561182 -0.167617 -0.086769 0.000000
0.280495 -0.294996 0.025594 0.000000
0.120657 -0.586922 0.032815 0.000000
0.305046 -0.052627 0.042902 0.000000
0.234952 -0.736942 0.006981 0.000000
0.372372 -0.020808 0.080880 0.000000
0.325891 0.043954 0.009074 0.000000
0.181470 -1.158077 0.045264 0.000000
0.072420 -0.287236 -0.220826 0.000000
0.081320 -0.624196 0.027716 0.000000
0.187842 -1.165108 0.051605 0.000000
0.354846 0.447988 0.039115 0.000000
0.128300 -1.270098 0.037052 0.000000
0.212093 -1.087801 -0.138853 1.000000
-0.016955 -0.909482 0.006445 0.000000
0.437186 0.213082 0.022655 0.000000
0.176485 -1.322320 -0.347661 1.000000
0.137158 -1.192504 0.072827 0.000000
0.146093 -1.161472 0.033913 0.000000
0.165434 -1.154654 0.043595 0.000000
0.208103 -1.044422 0.038392 0.000000
0.078468 -0.667801 0.027760 0.000000
0.206447 -1.042878 -0.104643 1.000000
0.059104 -0.745349 0.024409 0.000000
0.253080 -0.494040 0.022315 0.000000
0.261367 0.221319 0.008620 0.000000
0.375632 -0.048771 0.062782 0.000000
0.438582 0.017173 -0.011181 0.000000
0.489213 -0.319626 0.104177 0.000000
0.395083 0.159627 0.005846 0.000000
0.201708 -0.910805 -0.001832 1.000000
0.380374 -0.042870 0.079975 0.000000
0.396701 -0.066326 -0.075789 0.000000
0.190384 -1.279238 -0.311193 1.000000
0.151934 -1.238762 0.049899 0.000000
0.334103 0.275763 0.053470 0.000000
0.331529 0.202973 0.051708 0.000000
0.185109 -1.233087 0.055938 0.000000
0.181438 -1.253954 -0.289714 1.000000
0.071562 -0.053088 -0.087112 0.000000
0.159425 -0.192047 -0.107582 0.000000
0.158089 0.084479 -0.041994 0.000000
0.188862 -1.146487 0.034314 0.000000
0.193043 -1.145069 0.025330 0.000000
0.247694 -0.584286 0.018942 0.000000
0.423225 -0.173829 0.090013 0.000000
0.479910 0.130126 0.012202 0.000000
0.138418 -1.218344 0.054243 0.000000
0.393837 0.424156 0.043403 0.000000
0.212199 -0.970682 -0.042889 1.000000
0.304391 -0.066908 0.046857 0.000000
0.469690 0.143452 0.011428 0.000000
0.298859 -0.121202 0.031180 0.000000
0.436735 -0.140091 -0.123684 0.000000
0.036882 -0.096435 -0.106182 0.000000
0.398482 0.306272 0.030777 0.000000
0.261692 -0.478573 0.007756 0.000000
0.644244 -0.487769 0.156467 0.000000
0.089925 -0.635939 0.028486 0.000000
0.167839 -1.213660 0.038606 0.000000
0.347385 0.314351 0.025565 0.000000
0.122039 -1.243624 0.073960 0.000000
0.146993 0.060640 -0.040129 0.000000
0.278586 0.251431 0.028152 0.000000
0.290767 0.276206 0.029213 0.000000
0.545011 -0.432404 0.125294 0.000000
-0.089953 -1.085913 -0.026993 0.000000
0.398538 0.353291 0.032347 0.000000
0.132198 -1.231484 0.036140 0.000000
0.177177 -1.257830 0.058315 0.000000
0.193129 -1.210832 -0.223578 1.000000
0.192763 -1.003533 0.030813 0.000000
0.297979 -0.133848 0.040817 0.000000
0.405997 0.136934 -0.003241 0.000000
0.328385 0.007105 -0.003447 0.000000
0.393884 -0.052481 -0.066651 0.000000
0.184748 -1.294584 -0.320867 1.000000
0.345027 -0.076895 0.022269 0.000000
0.235641 -0.670043 0.011356 0.000000
0.263012 -0.395555 0.018835 0.000000
0.395774 0.303467 0.057395 0.000000
0.434801 0.029927 -0.012511 0.000000
0.195204 -1.144889 -0.189832 1.000000
0.225562 -0.770544 0.012661 0.000000
0.323676 0.175310 0.045508 0.000000
0.402453 0.128245 0.010199 0.000000
0.002602 -0.869054 0.010394 0.000000
0.237902 -0.707699 0.018581 0.000000
0.435151 -0.160171 -0.121875 0.000000
0.487409 -0.077688 -0.024894 0.000000
0.202755 -0.940792 -0.017034 1.000000
0.324211 0.020962 0.005114 0.000000
-0.081845 -1.060950 -0.035035 0.000000
0.349414 0.373680 0.025843 0.000000
0.467913 -0.288760 0.107758 0.000000
0.448900 -0.232773 0.098920 0.000000
0.636062 -0.086830 -0.058712 0.000000
0.038771 -0.109029 -0.115093 0.000000
0.087224 -0.033505 -0.073043 0.000000
0.324424 -0.016597 -0.000053 0.000000
0.534819 -0.144908 -0.063448 0.000000
0.167822 -1.362850 -0.373435 1.000000
0.254204 -0.478914 0.022233 0.000000
0.184580 -1.125809 0.039498 0.000000
0.237986 -0.726991 0.023025 0.000000
0.486419 -0.246444 -0.152194 0.000000
0.125182 -1.277908 0.046063 0.000000
0.261035 0.082382 -0.028547 0.000000
0.136984 -1.182405 0.048153 0.000000
0.241580 0.033990 -0.032876 0.000000
0.190588 -1.121117 0.028537 0.000000
0.199005 -1.091233 0.033973 0.000000
0.439011 0.222365 0.092561 0.000000
0.232800 -0.759327 0.014832 0.000000
0.069541 -0.707102 0.027405 0.000000
0.267374 -0.402283 0.012430 0.000000
0.175008 -1.293929 0.031862 0.000000
0.422537 0.085974 0.007279 0.000000
0.166628 -1.167802 0.042099 0.000000
0.336026 -0.076520 0.007417 0.000000
0.316165 0.179209 0.047328 0.000000
0.217597 -0.837387 0.014010 0.000000
0.220861 -0.854395 0.014455 0.000000
0.223287 -0.351328 0.016882 0.000000
0.570580 -0.196790 -0.114777 0.000000
0.266573 -0.317813 0.020882 0.000000
0.349322 0.080284 -0.012033 0.000000
-0.108305 -1.120965 -0.036626 0.000000
0.421526 -0.185096 0.093689 0.000000
0.313015 0.121957 0.045080 0.000000
0.321694 0.201905 0.009119 0.000000
0.320802 0.089306 0.041382 0.000000
0.334717 0.215060 0.009805 0.000000
0.220385 -0.017796 -0.043111 0.000000
0.175874 -1.174560 0.038085 0.000000
0.281160 -0.245215 0.027877 0.000000
0.347586 0.369360 0.033792 0.000000
0.252371 -0.534293 0.020365 0.000000
0.302350 -0.081296 0.035463 0.000000
0.375670 -0.059631 0.061298 0.000000
0.340957 0.225654 0.007711 0.000000
0.113229 -1.230491 0.033283 0.000000
0.396003 0.390709 0.035950 0.000000
0.282638 -0.269585 0.026619 0.000000
0.150243 -1.163991 0.058201 0.000000
0.195405 -1.104487 0.014698 0.000000
0.534732 -0.408663 0.112373 0.000000
0.277000 -0.254169 0.025701 0.000000
0.386915 0.228614 0.017274 0.000000
0.337967 0.078330 0.048717 0.000000
0.212461 -0.986541 0.027215 0.000000
0.014258 -0.820587 0.021309 0.000000
0.456112 -0.183814 -0.141189 0.000000
0.395015 0.283971 0.028397 0.000000
0.526456 -0.403294 0.131131 0.000000
0.052938 -0.287534 -0.228801 0.000000
0.418573 -0.114292 -0.101287 0.000000
0.011924 -0.830308 0.025790 0.000000
0.034698 -0.298318 -0.237386 0.000000
0.393162 0.432441 0.044326 0.000000
0.411704 0.116757 -0.001790 0.000000
0.065995 -0.700142 0.024511 0.000000
0.391226 0.342946 0.031349 0.000000
0.704589 -0.136935 -0.067842 0.000000
0.165764 -1.344425 -0.351323 1.000000
0.260010 -0.290272 0.020278 0.000000
0.300512 -0.061772 0.030701 0.000000
0.341719 0.274635 0.013753 0.000000
0.514883 -0.123641 -0.049269 0.000000
0.100319 -0.271931 -0.200007 0.000000
0.305064 -0.036413 0.048934 0.000000
0.132968 -1.220977 0.040804 0.000000
0.489517 -0.256129 -0.157714 0.000000
0.393783 0.260136 0.017626 0.000000
0.405648 -0.143709 0.080202 0.000000
0.212532 -0.972982 0.017614 0.000000
0.178508 -1.247095 0.055354 0.000000
0.232055 -0.740613 0.016116 0.000000
0.167512 -1.089021 0.023385 0.000000
0.332170 0.285828 0.057576 0.000000
0.411006 0.096770 0.001872 0.000000
0.313711 -0.000682 0.038331 0.000000
-0.031806 -0.935801 0.012771 0.000000
0.333054 0.077991 0.002951 0.000000
0.226988 -0.961054 -0.035977 1.000000
0.204219 -1.080374 0.038948 0.000000
0.435540 -0.197396 0.093430 0.000000
0.172504 -0.431679 0.018292 0.000000
0.449563 -0.200117 0.088497 0.000000
0.329438 0.061086 0.004051 0.000000
0.371192 -0.132007 -0.003395 0.000000
0.195157 -1.012504 -0.065848 1.000000
0.334079 0.369147 0.049448 0.000000
0.274336 -0.344230 0.025516 0.000000
0.176433 -1.101251 0.038587 0.000000
0.429879 -0.153251 -0.117135 0.000000
0.294403 -0.195401 0.027276 0.000000
0.234664 -0.338183 0.038985 0.000000
0.195956 -1.119894 -0.183773 1.000000
0.317441 0.132930 0.046951 0.000000
0.275255 -0.317331 0.019245 0.000000
0.171048 -1.184663 0.047883 0.000000
0.597481 -0.042634 -0.044297 0.000000
0.157384 -0.485807 0.029473 0.000000
0.487792 0.091778 0.170950 0.000000
-0.074869 -1.048358 -0.030243 0.000000
0.389787 0.406614 0.040856 0.000000
0.202556 -1.172278 -0.201411 1.000000
0.257972 -0.462977 0.014288 0.000000
0.151204 -1.219563 0.052282 0.000000
0.207057 -0.995246 0.019099 0.000000
0.145152 -0.483364 0.021894 0.000000
0.258910 -0.538629 0.015634 0.000000
0.319994 0.322269 0.049360 0.000000
0.471949 -0.063854 -0.027867 0.000000
0.155414 -1.230229 0.051119 0.000000
0.399545 0.168960 0.003985 0.000000
-0.048730 -0.977487 -0.002467 0.000000
0.073446 -0.657359 0.029434 0.000000
0.256818 -0.473552 0.012690 0.000000
0.197166 -1.088614 0.017281 0.000000
0.307196 0.008334 0.042496 0.000000
0.373229 0.022738 -0.031707 0.000000
0.436085 -0.189260 0.092803 0.000000
0.264716 0.081831 -0.014665 0.000000
0.096467 -0.017847 -0.069286 0.000000
0.161176 -0.493911 0.037830 0.000000
0.335283 -0.060401 0.011412 0.000000
0.458488 -0.280436 0.108670 0.000000
-0.034195 -0.946501 -0.003076 0.000000
0.047205 -0.751309 0.024219 0.000000
0.224641 -0.873739 0.008603 0.000000
0.255827 -0.443065 0.021816 0.000000
0.390522 0.460897 0.046471 0.000000
0.194177 -0.409534 0.028153 0.000000
0.224531 -0.968381 -0.055190 1.000000
0.222546 -0.978127 -0.055047 1.000000
0.130640 -0.530435 0.025781 0.000000
0.326516 0.217593 0.049684 0.000000
0.199171 -1.134595 -0.178165 1.000000
0.267130 -0.442146 0.012019 0.000000
0.183617 -1.191090 0.023194 0.000000
0.348337 -0.101718 0.021941 0.000000
0.180980 -1.295143 -0.311415 1.000000
0.272309 -0.368256 0.020845 0.000000
0.132025 -0.559460 0.034181 0.000000
0.210838 -0.922535 -0.009255 1.000000
0.220764 -0.933035 -0.017319 1.000000
0.168484 0.077778 -0.026868 0.000000
0.417456 0.089049 -0.012393 0.000000
0.258699 -0.434459 0.024074 0.000000
0.409930 -0.157112 0.086850 0.000000
0.467508 -0.222149 -0.146450 0.000000
0.229013 -0.718780 0.013238 0.000000
0.406401 0.156132 -0.005897 0.000000
0.626453 -0.475412 0.154684 0.000000
0.322219 0.119270 0.043829 0.000000
0.561235 0.011353 -0.017175 0.000000
0.171641 -0.452400 0.027197 0.000000
0.131382 -1.157975 0.032606 0.000000
0.464014 -0.249415 0.097271 0.000000
0.457069 0.168826 0.006235 0.000000
-0.007077 -0.889972 0.003104 0.000000
0.318874 0.196068 0.052576 0.000000
0.119026 -0.570305 0.028543 0.000000
0.160480 -1.105156 0.026689 0.000000
0.201283 -1.147889 0.022676 0.000000
0.329724 0.347317 0.059343 0.000000
0.265814 0.228816 0.019998 0.000000
0.249072 -0.616408 0.015465 0.000000
0.488986 0.110006 0.004866 0.000000
0.302826 0.291482 0.040787 0.000000
0.149527 -0.221651 -0.137099 0.000000
0.411364 0.281831 0.023320 0.000000
0.396421 0.220228 0.008862 0.000000
0.165930 -1.315041 -0.331959 1.000000
0.192478 -1.176443 0.050384 0.000000
0.246717 -0.628971 0.005882 0.000000
0.321187 0.172578 0.056753 0.000000
0.387613 0.445537 0.046937 0.000000
0.347285 0.458229 0.064373 0.000000
0.209349 -0.381354 0.031152 0.000000
0.241977 -0.722371 0.008761 0.000000
0.158361 -1.132678 0.051400 0.000000
0.208942 -0.077660 -0.064885 0.000000
0.324836 0.130158 0.045561 0.000000
0.178860 -0.150940 -0.090585 0.000000
0.335966 0.317164 0.023899 0.000000
0.054776 -0.072835 -0.094914 0.000000
0.311834 0.189654 0.002581 0.000000
0.342512 0.243901 0.011281 0.000000
0.201763 -1.048296 0.021194 0.000000
0.481467 0.125080 0.141152 0.000000
0.180031 -1.224263 0.029985 0.000000
0.234386 -0.782156 0.015419 0.000000
0.263825 -0.285307 0.029160 0.000000
0.206568 -0.977126 -0.041773 1.000000
0.201633 -1.050849 -0.111536 1.000000
0.501145 0.074487 0.186108 0.000000
0.422665 0.245956 0.082980 0.000000
0.431769 0.223352 0.017038 0.000000
0.339412 0.451262 0.057587 0.000000
0.191386 -1.100221 0.022516 0.000000
0.086709 -0.672675 0.033097 0.000000
0.199067 -0.407084 0.034105 0.000000
0.351064 0.088897 -0.013193 0.000000
0.118111 -0.602986 0.033805 0.000000
0.496466 -0.355843 0.119625 0.000000
0.411655 -0.108933 0.089296 0.000000
0.220481 -0.816006 0.015094 0.000000
-0.024748 -0.928812 0.001803 0.000000
0.351623 0.424682 0.034400 0.000000
0.196380 -1.104086 0.033738 0.000000
0.161820 -1.179146 0.044996 0.000000
0.334839 0.268226 0.051007 0.000000
0.143413 -1.164320 0.045245 0.000000
0.424343 -0.149251 -0.122106 0.000000
0.450744 -0.247280 0.101731 0.000000
0.254144 0.067873 -0.022819 0.000000
0.219289 -0.026887 -0.042730 0.000000
0.389502 0.198609 0.014519 0.000000
0.053446 -0.710223 0.028965 0.000000
0.453327 0.175998 0.014554 0.000000
-0.093930 -1.102364 -0.026069 0.000000
0.499904 0.084631 0.174493 0.000000
0.422558 0.064458 -0.004591 0.000000
0.286915 -0.190117 0.030712 0.000000
0.182846 -1.081158 0.032642 0.000000
0.255361 -0.520557 0.021174 0.000000
0.051719 -0.770766 0.023460 0.000000
0.250414 -0.558913 0.019833 0.000000
0.223780 -0.885843 0.006953 0.000000
0.384891 -0.012450 -0.043682 0.000000
0.621406 -0.074796 -0.052033 0.000000
0.220204 -0.866222 0.008785 0.000000
0.181480 0.107803 -0.026967 0.000000
0.034104 -0.786511 0.021401 0.000000
0.223497 -0.933350 0.018145 0.000000
0.252757 -0.570402 0.019638 0.000000
0.184078 -1.196131 -0.240021 1.000000
0.212102 -1.031660 0.039303 0.000000
0.145241 -1.211193 0.044263 0.000000
0.540797 -0.420234 0.136407 0.000000
0.547476 -0.144868 -0.062584 0.000000
0.173901 -0.169176 -0.100893 0.000000
0.171721 -1.051569 0.023092 0.000000
0.312481 -0.018307 0.042779 0.000000
0.204817 -0.375752 0.012442 0.000000
0.388396 -0.085052 0.083195 0.000000
0.386737 -0.045364 0.088910 0.000000
0.396647 0.392940 0.043477 0.000000
0.228838 0.173880 0.000647 0.000000
0.353973 0.019272 0.068565 0.000000
0.445263 -0.222269 0.096082 0.000000
0.172981 -0.162068 -0.095661 0.000000
0.478577 -0.301149 0.105413 0.000000
0.441193 -0.167074 -0.131612 0.000000
0.177392 -1.266176 0.022582 0.000000
0.384103 0.012258 -0.034878 0.000000
0.196634 -1.216173 -0.245057 1.000000
0.218712 -0.904103 0.001422 1.000000
0.169179 -1.322399 -0.339537 1.000000
0.168326 -1.172064 0.032794 0.000000
0.179504 -1.316773 -0.340641 1.000000
0.269284 -0.386383 0.013604 0.000000
0.586246 -0.026202 -0.038746 0.000000
0.240517 -0.643386 0.011143 0.000000
0.197366 -0.074533 -0.058659 0.000000
-0.028118 -0.951586 -0.012200 0.000000
0.157476 -1.379918 -0.391065 1.000000
0.325138 0.158504 0.057564 0.000000
0.204237 -0.986340 0.024879 0.000000
0.290217 0.266907 0.029847 0.000000
0.305768 0.156489 -0.004231 0.000000
0.183463 -1.189746 0.045304 0.000000
0.295826 -0.117132 0.038794 0.000000
0.190302 -0.416562 0.027662 0.000000
0.153607 -0.489508 0.022689 0.000000
0.419376 0.071155 -0.012094 0.000000
0.231226 -0.933770 -0.019304 1.000000
0.316183 0.082903 0.043282 0.000000
0.546277 0.010704 -0.021643 0.000000
0.145276 -1.163673 0.064455 0.000000
0.456724 0.159894 0.008027 0.000000
0.428167 0.231950 0.026043 0.000000
0.295801 0.152165 0.008705 0.000000
0.211398 -1.013900 -0.071196 1.000000
0.018601 -0.148811 -0.132605 0.000000
0.234510 -0.904575 0.000369 1.000000
0.659973 -0.108560 -0.061067 0.000000
0.147309 -1.172894 0.046005 0.000000
0.137505 -0.555157 0.044090 0.000000
0.031453 -0.774026 0.025210 0.000000
0.119596 -1.248385 0.033954 0.000000
0.109350 -1.248605 0.035721 0.000000
0.049520 -0.089279 -0.103967 0.000000
0.417774 0.253375 0.086186 0.000000
0.307008 -0.013469 0.039272 0.000000
0.242794 -0.598873 0.022756 0.000000
0.334235 0.231825 0.013311 0.000000
0.347357 0.036944 0.050338 0.000000
0.217812 -1.003454 -0.072893 1.000000
0.246586 -0.626761 0.015327 0.000000
0.256578 -0.547773 0.014482 0.000000
-0.053703 -0.988282 -0.003965 0.000000
0.182716 -1.142293 0.026876 0.000000
0.169838 -1.250166 0.033291 0.000000
0.259128 -0.554743 0.009407 0.000000
0.262616 -0.497263 0.009431 0.000000
0.200200 -0.972519 -0.032433 1.000000
0.237678 0.185962 -0.001278 0.000000
0.144661 -1.190682 0.053649 0.000000
0.388777 0.213406 0.015083 0.000000
-0.086350 -1.091605 -0.033228 0.000000
0.104790 -0.640759 0.032699 0.000000
0.338988 0.210046 0.003564 0.000000
0.475586 -0.233761 -0.152001 0.000000
0.203655 -1.121787 -0.179269 1.000000
0.339929 -0.083197 0.012124 0.000000
0.344556 0.401038 0.035142 0.000000
0.201023 -1.021169 -0.079097 1.000000
0.258884 -0.426385 0.019102 0.000000
0.258652 -0.384130 0.023377 0.000000
0.354617 -0.116543 0.007849 0.000000
0.206231 -0.086785 -0.060073 0.000000
0.338726 0.116199 -0.003074 0.000000
0.390945 0.383593 0.038117 0.000000
0.251760 -0.524705 0.015052 0.000000
0.424601 -0.148644 0.091136 0.000000
0.315543 0.114655 0.044715 0.000000
0.514625 0.069313 -0.003532 0.000000
0.368726 0.343073 0.045546 0.000000
0.286221 -0.246605 0.021551 0.000000
0.590646 -0.462714 0.144279 0.000000
0.462113 0.177113 0.111509 0.000000
0.211421 -0.961208 0.023323 0.000000
0.272546 -0.331683 0.019984 0.000000
0.273070 0.090416 0.000058 0.000000
0.204103 -0.388476 0.025597 0.000000
0.211455 -0.989711 -0.055582 1.000000
0.147086 -0.498304 0.025596 0.000000
0.009608 -0.836367 0.018854 0.000000
0.258387 0.217564 0.024361 0.000000
0.242902 -0.699033 0.011463 0.000000
-0.010614 -0.892077 0.009684 0.000000
0.257435 -0.486120 0.020322 0.000000
0.110646 -0.574146 0.027024 0.000000
0.201319 -0.408094 0.025632 0.000000
0.364306 -0.005091 0.075203 0.000000
0.335249 -0.033554 0.007354 0.000000
0.342025 0.394289 0.054425 0.000000
0.216282 0.156596 -0.016748 0.000000
0.197768 -1.198606 -0.231451 1.000000
0.612845 -0.470114 0.146269 0.000000
0.337163 0.168386 0.010895 0.000000
0.332520 -0.022595 0.008919 0.000000
0.196454 -1.030898 -0.090470 1.000000
0.305777 -0.024240 0.042501 0.000000
0.171926 -1.057796 0.027691 0.000000
0.447854 -0.208632 0.100138 0.000000
0.260253 -0.301568 0.031310 0.000000
0.268365 -0.484359 0.021703 0.000000
0.537523 -0.154078 -0.070837 0.000000
0.413026 -0.134311 0.090331 0.000000
0.518713 0.058786 -0.008473 0.000000
0.431948 0.208102 0.091856 0.000000
0.304086 -0.045275 0.036643 0.000000
0.364555 -0.128142 0.004600 0.000000
0.265121 -0.428361 0.029575 0.000000
-0.031275 -0.946759 0.006931 0.000000
0.410209 -0.167180 0.084241 0.000000
0.533270 -0.412998 0.125124 0.000000
0.230464 -0.730987 0.020206 0.000000
0.208435 -0.979791 0.021233 0.000000
0.435776 -0.152436 -0.125144 0.000000
0.126025 -0.581206 0.034799 0.000000
0.095274 -0.665422 0.030155 0.000000
0.522429 -0.389625 0.114887 0.000000
0.428069 0.236537 0.013489 0.000000
-0.100854 -1.110177 -0.035886 0.000000
0.437037 0.210282 0.083218 0.000000
0.328853 0.361446 0.059801 0.000000
0.332397 -0.045793 0.007404 0.000000
0.570661 -0.445550 0.127316 0.000000
0.252701 -0.509861 0.021853 0.000000
0.411205 -0.091847 -0.088257 0.000000
0.113727 -0.581088 0.028578 0.000000
0.184137 -1.203183 0.022986 0.000000
0.235148 -0.765433 0.009473 0.000000
0.313167 0.065747 0.041820 0.000000
0.229953 -0.822413 0.018811 0.000000
0.281178 0.122504 -0.010769 0.000000
0.324531 0.034430 0.008876 0.000000
0.397762 0.316165 0.031583 0.000000
0.414709 0.266001 0.027992 0.000000
0.209322 -0.093412 -0.062807 0.000000
0.410467 0.110843 -0.006916 0.000000
0.174355 -1.200953 0.050205 0.000000
0.034126 -0.116954 -0.111959 0.000000
0.637288 -0.491464 0.146562 0.000000
0.405729 0.300073 0.029074 0.000000
0.333047 -0.064666 0.002234 0.000000
0.285055 -0.207064 0.030886 0.000000
0.042391 -0.763762 0.024041 0.000000
0.418436 0.256856 0.026834 0.000000
0.245856 -0.644955 0.024865 0.000000
0.300241 -0.074167 0.037071 0.000000
0.218450 -0.366626 0.032419 0.000000
0.345499 0.342284 0.025498 0.000000
0.308021 0.020089 0.039369 0.000000
0.385398 0.307083 0.061415 0.000000
0.250049 0.042163 -0.024650 0.000000
0.196594 -0.088024 -0.058279 0.000000
0.198198 -1.016574 0.014137 0.000000
0.357279 0.012521 0.076313 0.000000
0.188678 -1.205449 0.055510 0.000000
0.259942 0.224210 0.018610 0.000000
0.124029 -1.193907 0.035356 0.000000
0.186040 -1.217647 0.034416 0.000000
0.205117 -1.036765 -0.095093 1.000000
0.193717 -1.086069 -0.126644 1.000000
0.348776 0.377563 0.032642 0.000000
0.341296 0.097388 -0.004681 0.000000
0.394403 0.327353 0.034296 0.000000
0.194763 -1.137890 -0.164197 1.000000
0.294811 -0.155095 0.030760 0.000000
0.189631 -1.117379 0.039223 0.000000
0.162700 -1.221959 0.048904 0.000000
0.470394 -0.225799 -0.156563 0.000000
0.168845 -1.334222 -0.349890 1.000000
0.231098 -0.750678 0.012702 0.000000
0.128104 0.044165 -0.050361 0.000000
0.294204 0.144883 0.007423 0.000000
0.196329 -1.004589 0.021240 0.000000
0.425573 -0.199976 0.092696 0.000000
0.195934 -0.100091 -0.066439 0.000000
0.348923 0.327855 0.024872 0.000000
0.392284 -0.098634 0.072423 0.000000
0.394013 -0.077716 0.086628 0.000000
0.093180 -1.321717 0.083645 0.000000
0.111123 0.027820 -0.056942 0.000000
0.510273 0.044226 0.208836 0.000000
0.333646 0.199131 0.007818 0.000000
0.226854 -0.852438 0.019142 0.000000
0.211618 -0.998831 -0.068499 1.000000
0.676970 -0.516062 0.158713 0.000000
0.044855 -0.738620 0.028082 0.000000
0.387932 0.000428 -0.041116 0.000000
0.266375 0.231941 0.026891 0.000000
0.082355 -0.663495 0.022929 0.000000
0.190499 0.120050 -0.021402 0.000000
0.342161 0.287628 0.022170 0.000000
0.324241 -0.004800 -0.005399 0.000000
0.146813 -1.181827 0.049385 0.000000
0.630257 -0.481054 0.150289 0.000000
0.422393 -0.122681 -0.104393 0.000000
0.248857 -0.607708 0.020328 0.000000
0.407568 0.144733 -0.008318 0.000000
0.236409 -0.717433 0.013817 0.000000
-0.037102 -0.960678 -0.003783 0.000000
0.058858 -0.081576 -0.097209 0.000000
0.233335 -0.020112 -0.037898 0.000000
0.287531 0.262135 0.020772 0.000000
0.189517 -1.132214 0.021416 0.000000
0.316182 0.096924 0.047049 0.000000
0.435788 -0.158349 0.091640 0.000000
0.248800 -0.591660 0.016277 0.000000
0.226929 -0.839918 0.013054 0.000000
0.261679 0.069114 -0.012124 0.000000
0.388209 0.490592 0.049789 0.000000
0.124127 -0.544831 0.027642 0.000000
0.209031 -0.912505 -0.001818 1.000000
0.025481 -0.837835 0.008849 0.000000
0.478788 0.145831 0.015937 0.000000
0.327978 0.331669 0.050304 0.000000
0.423255 0.242751 0.026427 0.000000
0.152368 -1.113439 0.022725 0.000000
0.267779 -0.281160 0.024309 0.000000
0.517547 -0.397582 0.128989 0.000000
0.334935 0.063051 0.060266 0.000000
0.347793 0.472564 0.060316 0.000000
0.217395 -0.923206 0.013044 0.000000
0.241984 -0.654918 0.014653 0.000000
0.183822 -1.106619 0.041185 0.000000
0.204959 -1.005397 -0.071137 1.000000
-0.078346 -1.055199 -0.031740 0.000000
0.453580 -0.199064 -0.143826 0.000000
0.199643 -0.394351 0.024252 0.000000
0.210896 -1.033513 0.014310 0.000000
0.242643 -0.326693 0.018637 0.000000
0.286704 -0.220623 0.026346 0.000000
0.198952 -1.090842 -0.140882 1.000000
0.325259 0.198286 0.046265 0.000000
0.195535 -1.013462 0.032069 0.000000
0.349736 0.415255 0.029604 0.000000
0.161046 -0.479337 0.030279 0.000000
0.185314 0.115151 -0.028880 0.000000
0.305546 0.294416 0.034472 0.000000
0.290288 0.146521 -0.004340 0.000000
0.459473 -0.237771 0.102398 0.000000
0.212330 -1.025343 -0.086326 1.000000
0.168883 -1.100208 0.036275 0.000000
0.333427 0.252053 0.014319 0.000000
0.356702 0.010990 0.060382 0.000000
0.332578 0.415429 0.060420 0.000000
0.624495 -0.476668 0.147293 0.000000
0.204492 -1.037519 0.021414 0.000000
0.316675 0.060453 0.048916 0.000000
0.328620 0.218388 0.007108 0.000000
0.448386 0.190408 0.100938 0.000000
0.341334 0.295470 0.014156 0.000000
0.201439 -1.102120 0.020268 0.000000
0.495913 0.083575 0.180694 0.000000
0.193133 -1.217120 -0.235418 1.000000
0.227400 -0.347983 0.022993 0.000000
0.720006 -0.149388 -0.080897 0.000000
0.471681 -0.306359 0.112697 0.000000
0.540624 0.033195 -0.014678 0.000000
0.161037 -1.309148 0.038725 0.000000
0.138825 -0.232310 -0.138393 0.000000
0.327597 -0.007462 0.006228 0.000000
0.040888 -0.293249 -0.238466 0.000000
0.332388 -0.003473 -0.001239 0.000000
0.170796 -1.334040 0.064212 0.000000
0.267150 -0.373875 0.019975 0.000000
0.567513 -0.001603 -0.027900 0.000000
0.275658 -0.301999 0.017086 0.000000
0.144266 -1.226202 0.044895 0.000000
0.171551 -1.181338 0.033600 0.000000
0.261366 -0.478661 0.015581 0.000000
0.319517 0.182062 0.005706 0.000000
0.212477 -0.933385 -0.014464 1.000000
0.236183 -0.765353 0.023032 0.000000
-0.003363 -0.850072 0.025278 0.000000
0.235219 -0.688560 0.021126 0.000000
0.236079 -0.659788 0.010873 0.000000
0.123349 -0.555496 0.028777 0.000000
0.207508 -0.385286 0.017986 0.000000
0.322849 0.013423 -0.005327 0.000000
0.234689 0.184182 0.010731 0.000000
0.201354 -1.030870 0.034189 0.000000
0.205616 -1.077286 -0.138511 1.000000
0.058174 -0.779260 0.018036 0.000000
0.328470 0.068632 -0.003930 0.000000
0.154687 -0.522333 0.034676 0.000000
0.567483 -0.186014 -0.106670 0.000000
0.432466 0.230417 0.088916 0.000000
0.157387 -1.158712 0.047046 0.000000
0.350547 0.424351 0.043278 0.000000
0.331199 0.222622 0.053549 0.000000
0.310133 0.043901 0.047715 0.000000
0.685345 -0.130759 -0.071076 0.000000
0.401925 -0.060841 -0.069965 0.000000
0.264880 -0.366729 0.023742 0.000000
0.602351 -0.464930 0.139597 0.000000
0.134749 -1.152593 0.036870 0.000000
0.655339 -0.104567 -0.066384 0.000000
0.346049 0.364995 0.024243 0.000000
0.188078 -1.177839 0.022766 0.000000
0.217407 0.157792 -0.009554 0.000000
0.168401 0.095626 -0.037244 0.000000
0.199773 -1.003700 0.011851 0.000000
0.235624 -0.726760 0.006163 0.000000
0.394155 0.294898 0.055112 0.000000
0.342138 0.259743 0.018327 0.000000
0.355550 0.005347 0.053435 0.000000
-0.024775 -0.917791 0.008978 0.000000
0.267737 -0.446800 0.026812 0.000000
0.254952 -0.538594 0.007062 0.000000
0.534283 -0.415009 0.136897 0.000000
0.398449 0.305418 0.021635 0.000000
0.232933 -0.941357 -0.023475 1.000000
0.558517 -0.437878 0.123997 0.000000
0.319055 0.153372 0.044328 0.000000
0.198539 -1.027635 0.027236 0.000000
0.341032 0.324119 0.016005 0.000000
-0.055066 -0.999583 -0.009031 0.000000
0.174366 -1.329950 -0.341513 1.000000
0.144693 -0.525894 0.033410 0.000000
0.178590 -1.283232 -0.302128 1.000000
0.238435 -0.708961 0.008431 0.000000
0.171376 -1.261105 0.036900 0.000000
0.269630 0.234290 0.013753 0.000000
0.113168 -0.592840 0.025610 0.000000
0.264272 -0.419281 0.029708 0.000000
0.087626 -0.276148 -0.201513 0.000000
0.201776 -1.020774 0.032444 0.000000
0.186981 -0.434457 0.038204 0.000000
0.307251 -0.061060 0.043471 0.000000
0.264991 -0.460142 0.016316 0.000000
0.223943 -0.983443 -0.060022 1.000000
0.190682 -1.135044 -0.174061 1.000000
0.339081 -0.066668 0.017056 0.000000
0.047825 -0.776162 0.020403 0.000000
0.352836 0.407681 0.031368 0.000000
0.211518 0.149700 -0.005903 0.000000
0.296128 0.271918 0.022526 0.000000
0.164679 -1.095090 0.039811 0.000000
0.178912 -1.273730 0.059150 0.000000
0.127825 -0.572040 0.032983 0.000000
0.025538 -0.132397 -0.127995 0.000000
0.331853 0.078157 0.052902 0.000000
0.221375 0.163506 -0.002451 0.000000
0.226876 -0.898730 0.008616 0.000000
0.306180 -0.034484 0.041451 0.000000
0.176876 -1.189558 0.048458 0.000000
0.092888 -0.591643 0.027265 0.000000
0.180242 -1.268867 0.015994 0.000000
0.349053 0.034757 0.061821 0.000000
0.206443 -1.057363 0.027840 0.000000
0.188304 -0.146467 -0.089892 0.000000
0.262725 -0.502198 0.016273 0.000000
0.230462 -0.811478 0.007757 0.000000
0.327391 0.248257 0.051918 0.000000
0.231541 -0.745544 0.007544 0.000000
0.140007 -1.169745 0.039370 0.000000
0.172329 -1.175984 0.054439 0.000000
0.384052 0.498041 0.050147 0.000000
0.270509 0.086036 -0.005523 0.000000
-0.023537 -0.938490 -0.004169 0.000000
0.224811 -0.906818 0.017068 0.000000
0.477009 -0.054437 -0.013281 0.000000
0.218352 -0.949635 0.019556 0.000000
0.410314 -0.130214 0.084962 0.000000
0.229903 -0.979400 -0.055101 1.000000
0.211699 -0.038804 -0.048288 0.000000
0.192168 -1.012784 0.021069 0.000000
0.195828 -1.115500 -0.162923 1.000000
0.270823 -0.258436 0.021919 0.000000
0.138003 -1.227913 0.039464 0.000000
0.204612 -1.038770 -0.082352 1.000000
0.351677 0.459753 0.044542 0.000000
0.321492 0.095395 0.061104 0.000000
0.215206 -1.014209 -0.082861 1.000000
0.169308 -0.470052 0.033935 0.000000
0.211158 -0.894991 0.007287 0.000000
0.493950 0.104426 0.008365 0.000000
0.130309 -1.203074 0.064018 0.000000
0.334746 0.192123 0.003491 0.000000
0.075936 -0.046869 -0.083254 0.000000
0.329050 0.274421 0.048441 0.000000
0.197130 -1.078035 0.038794 0.000000
0.434193 0.216802 0.015080 0.000000
0.400677 -0.054814 -0.065653 0.000000
0.298551 -0.098676 0.036470 0.000000
0.214657 -0.916964 0.016860 0.000000
0.387432 -0.078977 0.072612 0.000000
0.271834 -0.343530 0.013486 0.000000
0.203859 -1.148655 -0.198715 1.000000
0.336942 0.144489 -0.001878 0.000000
0.201472 -0.991716 -0.055464 1.000000
0.405414 -0.069970 -0.083485 0.000000
0.472779 -0.210942 -0.147620 0.000000
0.406614 -0.122940 0.080572 0.000000
0.399689 0.284647 0.065005 0.000000
0.068784 -0.659898 0.024278 0.000000
0.605963 -0.054056 -0.047649 0.000000
0.065621 -0.748633 0.020986 0.000000
0.278032 -0.272700 0.034582 0.000000
0.311515 -0.000994 0.046021 0.000000
0.607207 -0.043747 -0.054247 0.000000
0.326737 0.106019 0.039435 0.000000
0.394096 0.178696 0.001736 0.000000
0.268698 -0.325067 0.025931 0.000000
0.148092 -0.471159 0.022224 0.000000
0.514846 -0.116997 -0.045571 0.000000
0.108827 -1.301342 0.035151 0.000000
0.080295 -1.354202 0.086685 0.000000
0.214822 -0.868621 0.015995 0.000000
0.076307 -0.056321 -0.078492 0.000000
0.379118 0.017886 -0.030186 0.000000
0.446801 -0.161631 -0.135607 0.000000
0.183943 -0.432135 0.027225 0.000000
0.319224 0.179613 0.054746 0.000000
0.173918 -1.206107 0.037933 0.000000
-0.028482 -0.950612 -0.004544 0.000000
0.340193 0.055244 0.059410 0.000000
0.478177 -0.318333 0.114210 0.000000
0.185782 -1.245475 -0.269848 1.000000
0.327970 0.240337 0.051552 0.000000
-0.078912 -1.058944 -0.018466 0.000000
0.531445 0.037670 -0.018562 0.000000
0.317673 0.071901 0.044903 0.000000
0.195628 -1.200057 -0.241385 1.000000
0.401680 -0.095837 0.084247 0.000000
0.430901 0.039563 -0.008011 0.000000
0.506051 0.081211 -0.001712 0.000000
0.024617 -0.296781 -0.249603 0.000000
0.138506 -1.148656 0.043090 0.000000
0.322516 0.258204 0.047381 0.000000
0.352896 -0.110608 0.011698 0.000000
0.318873 0.080915 0.050632 0.000000
0.215062 -0.897435 0.015302 0.000000
0.198673 -1.083109 0.022734 0.000000
0.316695 0.169396 0.041028 0.000000
0.224010 -0.860579 0.012695 0.000000
0.188591 -1.189545 0.054674 0.000000
0.188935 -1.131843 0.041046 0.000000
0.466244 0.151133 0.012639 0.000000
0.137970 -1.215431 0.040530 0.000000
0.289514 -0.221968 0.032783 0.000000
0.394759 0.399233 0.039549 0.000000
0.140066 -0.516681 0.025126 0.000000
0.742436 -0.161881 -0.089531 0.000000
0.505563 -0.357180 0.108411 0.000000
0.157090 -0.473226 0.019460 0.000000
0.441708 0.003233 -0.017483 0.000000
0.267723 -0.430975 0.021556 0.000000
0.231017 -0.775849 0.015866 0.000000
0.302660 0.173021 -0.000918 0.000000
0.398719 0.189962 0.004516 0.000000
0.190622 -1.111944 0.028421 0.000000
0.389401 -0.090467 0.078669 0.000000
0.025867 -0.124893 -0.117780 0.000000
0.341739 0.437409 0.063069 0.000000
0.414011 -0.095392 -0.094395 0.000000
0.012706 -0.299872 -0.254179 0.000000
0.149065 -1.155565 0.054230 0.000000
0.361526 -0.010270 0.058842 0.000000
0.324136 0.034299 -0.004699 0.000000
0.096841 -0.597751 0.021549 0.000000
0.189481 -1.012056 0.027655 0.000000
0.507515 -0.375557 0.122381 0.000000
0.265919 -0.416752 0.018590 0.000000
0.188772 -0.139285 -0.085865 0.000000
0.411726 0.274414 0.029310 0.000000
0.329711 0.357529 0.048795 0.000000
0.261758 -0.466421 0.024426 0.000000
0.291008 -0.144249 0.037746 0.000000
0.055460 -0.703464 0.029844 0.000000
0.205596 0.132653 -0.004898 0.000000
0.299329 -0.090927 0.037333 0.000000
0.061377 -0.060523 -0.094154 0.000000
0.009619 -0.850638 0.013456 0.000000
0.015761 -0.827943 0.015935 0.000000
0.193450 -1.242784 -0.272556 1.000000
0.312839 0.305119 0.036139 0.000000
0.418750 0.248338 0.029818 0.000000
0.210300 -0.374074 0.016615 0.000000
0.551739 -0.429921 0.136561 0.000000
0.583571 -0.019781 -0.037396 0.000000
0.193944 -1.261249 -0.275874 1.000000
0.254234 -0.586690 0.009825 0.000000
0.182499 -1.208583 0.031928 0.000000
0.401423 0.157397 0.008523 0.000000
0.339587 0.274885 0.020832 0.000000
0.142687 -1.204713 0.042992 0.000000
0.414173 -0.145819 0.086710 0.000000
0.192306 -1.096665 0.033522 0.000000
0.332060 0.096281 -0.005759 0.000000
0.414345 0.089050 0.003601 0.000000
0.242231 -0.676033 0.024202 0.000000
0.344939 0.320622 0.023400 0.000000
0.172764 -0.136950 -0.086538 0.000000
0.376566 -0.036404 0.077548 0.000000
0.050274 -0.731782 0.027216 0.000000
0.404263 0.215571 0.000239 0.000000
0.181982 -1.199253 0.056602 0.000000
0.267047 0.101016 -0.022956 0.000000
0.086630 -0.658820 0.030511 0.000000
0.276932 -0.285415 0.021962 0.000000
0.225727 -0.969597 -0.041665 1.000000
0.127152 -0.562636 0.026485 0.000000
0.180517 -0.137420 -0.083567 0.000000
0.293501 -0.131654 0.035796 0.000000
0.273331 -0.271521 0.028862 0.000000
0.111917 -0.559900 0.024101 0.000000
0.105606 0.013571 -0.058932 0.000000
0.321302 0.191099 0.046398 0.000000
0.167490 -1.194533 0.036218 0.000000
0.189253 -1.040747 0.031993 0.000000
0.354569 0.394438 0.032231 0.000000
0.278937 -0.260507 0.029044 0.000000
0.508971 -0.366630 0.110757 0.000000
0.183105 -1.210146 0.022483 0.000000
0.332648 0.293999 0.048974 0.000000
0.226720 -0.891608 0.009772 0.000000
0.199265 -1.070498 0.026257 0.000000
0.040596 -0.102658 -0.108056 0.000000
0.210638 -1.093277 -0.145122 1.000000
0.471306 0.134080 0.134934 0.000000
0.610463 -0.065101 -0.046938 0.000000
0.383902 0.458748 0.048067 0.000000
0.327162 0.168519 0.048859 0.000000
0.117804 0.029784 -0.054122 0.000000
0.398327 0.206774 0.005620 0.000000
0.299158 -0.077994 0.028327 0.000000
0.254282 -0.304710 0.033234 0.000000
0.397432 0.339692 0.031026 0.000000
0.102751 -0.268966 -0.185561 0.000000
0.352293 0.024586 0.057173 0.000000
0.441131 0.199265 0.012661 0.000000
0.331135 0.234089 0.052132 0.000000
0.185626 -0.423287 0.024706 0.000000
0.391182 0.298325 0.062140 0.000000
0.348536 0.447389 0.056196 0.000000
0.178015 -1.296416 -0.319995 1.000000
0.339642 0.352799 0.024880 0.000000
0.223123 -0.909839 -0.006248 1.000000
0.699733 -0.136489 -0.072870 0.000000
0.536236 -0.413162 0.118783 0.000000
0.273225 -0.276792 0.019663 0.000000
0.039520 -0.772706 0.022223 0.000000
0.230772 -0.786991 0.010645 0.000000
0.176622 -1.046194 0.033970 0.000000
0.415740 0.257863 0.076549 0.000000
0.339297 0.403588 0.059873 0.000000
0.089885 -0.650055 0.029378 0.000000
0.148708 -0.512677 0.031476 0.000000
0.398398 0.248422 0.010827 0.000000
0.453386 0.187319 0.021301 0.000000
0.204666 -1.034415 -0.087818 1.000000
0.173547 -1.218516 0.029909 0.000000
0.309314 -0.030375 0.036744 0.000000
0.351603 0.482288 0.044695 0.000000
0.327007 0.087168 -0.005524 0.000000
0.347888 0.311664 0.019145 0.000000
0.307528 0.063575 0.038343 0.000000
0.449712 0.180525 0.105599 0.000000
0.137655 -1.190049 0.066130 0.000000
0.235022 0.176732 0.008948 0.000000
0.292991 -0.143948 0.023095 0.000000
0.428864 0.047152 -0.003212 0.000000
0.373911 0.029879 -0.022750 0.000000
0.407228 -0.118787 0.090753 0.000000
0.180813 -1.141607 0.036276 0.000000
0.495709 -0.262654 -0.152465 0.000000
0.181137 -0.157075 -0.094893 0.000000
0.332322 -0.034428 0.015933 0.000000
-0.083605 -1.073019 -0.017510 0.000000
0.188873 -1.199110 -0.230841 1.000000
0.770777 -0.172055 -0.096028 0.000000
0.117045 0.016417 -0.053579 0.000000
0.122533 0.029053 -0.048390 0.000000
0.243893 -0.319835 0.015507 0.000000
0.143453 -0.224549 -0.138846 0.000000
0.336544 0.383642 0.050736 0.000000
0.389253 -0.013795 -0.051919 0.000000
0.577367 -0.195109 -0.120579 0.000000
0.172329 -1.211918 0.053223 0.000000
0.467334 0.143232 0.004896 0.000000
0.307896 0.062158 0.050067 0.000000
0.335021 0.231711 0.006201 0.000000
0.273234 -0.363098 0.014936 0.000000
0.282282 -0.232663 0.027676 0.000000
0.272670 -0.307886 0.029573 0.000000
0.290542 0.275012 0.038849 0.000000
0.390233 -0.069881 0.081475 0.000000
0.248047 0.028597 -0.020286 0.000000
0.227266 -0.763121 0.012279 0.000000
0.465043 -0.280100 0.106452 0.000000
0.435329 0.015738 -0.017126 0.000000
0.386954 0.283543 0.028611 0.000000
0.299416 -0.100090 0.044742 0.000000
0.412131 0.102687 -0.006105 0.000000
0.201153 -1.064393 0.019556 0.000000
0.316362 0.112688 0.054094 0.000000
0.264957 -0.380518 0.015595 0.000000
0.164490 -1.186819 0.048280 0.000000
0.418155 0.077132 -0.016238 0.000000
0.268522 -0.374745 0.012554 0.000000
0.197660 -1.154504 -0.195147 1.000000
0.175015 -0.442645 0.026664 0.000000
-0.063582 -1.024997 -0.018606 0.000000
0.435868 -0.210063 0.093706 0.000000
0.066342 -0.691913 0.027604 0.000000
0.235498 -0.731910 0.015356 0.000000
0.163253 -1.356724 -0.373550 1.000000
0.451636 -0.261708 0.102367 0.000000
0.291340 -0.152235 0.036721 0.000000
0.220485 -0.848372 0.017807 0.000000
0.389069 0.273186 0.025683 0.000000
0.202705 -1.053287 0.036706 0.000000
0.190979 -1.048863 0.018000 0.000000
0.217819 0.148077 -0.008184 0.000000
0.083800 -0.683177 0.028910 0.000000
0.201042 -1.148713 -0.190345 1.000000
0.418705 -0.107611 -0.099609 0.000000
0.077309 -0.648884 0.028783 0.000000
0.153331 -1.214719 0.046116 0.000000
0.168788 -1.344310 -0.357510 1.000000
0.407601 0.112446 0.004589 0.000000
0.194959 -0.424030 0.041947 0.000000
0.161515 -1.368350 -0.375390 1.000000
0.083226 -0.637719 0.029003 0.000000
0.177074 -1.046028 0.013466 0.000000
0.233349 0.017198 -0.032993 0.000000
0.394276 0.271013 0.018763 0.000000
-0.038653 -0.952925 -0.003662 0.000000
0.596380 -0.459978 0.141684 0.000000
0.464433 0.150437 0.123244 0.000000
0.266984 -0.464149 0.011115 0.000000
0.207711 -1.000510 0.025561 0.000000
0.327001 0.186901 0.052969 0.000000
0.205556 -1.010607 0.025771 0.000000
0.263731 -0.353696 0.025949 0.000000
0.230767 -0.795264 0.017532 0.000000
0.197428 -1.189765 -0.222848 1.000000
0.183725 -1.166991 0.034552 0.000000
0.478604 -0.284694 0.098339 0.000000
0.413517 -0.140919 0.092678 0.000000
0.203526 -1.045156 0.031400 0.000000
0.112086 -0.259073 -0.185965 0.000000
0.154097 -1.153977 0.039094 0.000000
0.391719 0.290806 0.027795 0.000000
0.353621 0.431164 0.037217 0.000000
0.580078 -0.449025 0.144514 0.000000
0.356890 0.052059 -0.020754 0.000000
0.254515 -0.612676 0.012642 0.000000
0.246564 -0.551309 0.020571 0.000000
0.325244 0.209042 0.050125 0.000000
0.334399 0.268686 0.017849 0.000000
0.465833 0.140460 0.131396 0.000000
0.304204 0.165578 0.001911 0.000000
0.089134 -0.681844 0.033997 0.000000
0.306675 -0.042572 0.046378 0.000000
0.267410 -0.292334 0.025412 0.000000
0.205275 -1.056248 -0.106901 1.000000
0.200338 -0.410052 0.040113 0.000000
0.181703 -1.176486 0.043495 0.000000
0.215165 -0.049646 -0.048049 0.000000
0.343389 0.300676 0.021556 0.000000
0.228637 -0.778640 0.009369 0.000000
0.323994 0.225014 0.050287 0.000000
0.326901 0.055383 -0.000346 0.000000
0.135164 -0.564656 0.037837 0.000000
0.418208 -0.180743 0.088270 0.000000
0.170031 -0.451726 0.020159 0.000000
0.389920 0.243796 0.017887 0.000000
0.174244 -1.177630 0.048116 0.000000
0.196903 -1.143273 -0.196568 1.000000
-0.019025 -0.903762 0.011478 0.000000
0.420616 0.078790 -0.006931 0.000000
0.192766 -1.063256 0.022394 0.000000
0.130788 -0.544613 0.029017 0.000000
0.341589 0.099708 0.003828 0.000000
0.326316 0.334280 0.057792 0.000000
0.647509 -0.495313 0.153023 0.000000
0.452782 -0.029012 -0.024167 0.000000
0.336248 0.364171 0.059694 0.000000
0.179981 -1.130663 0.040727 0.000000
0.198528 -1.022892 0.021532 0.000000
0.207445 -0.073160 -0.056461 0.000000
0.158877 -1.234952 0.044848 0.000000
0.117332 0.007201 -0.053711 0.000000
0.178847 -1.053620 0.017894 0.000000
0.330846 0.375555 0.060478 0.000000
0.178394 -1.290401 -0.315631 1.000000
0.444107 0.209178 0.096757 0.000000
0.206235 -0.927302 -0.010712 1.000000
0.177043 -0.156701 -0.087501 0.000000
0.106028 0.001913 -0.059064 0.000000
0.323191 0.138876 0.047247 0.000000
0.110716 -0.599297 0.031928 0.000000
0.122302 -1.256171 0.059646 0.000000
0.221755 -0.362785 0.036968 0.000000
0.714874 -0.144162 -0.075885 0.000000
0.206152 -1.030793 0.020961 0.000000
0.296610 -0.063022 0.036380 0.000000
0.341438 0.309739 0.019878 0.000000
0.325074 0.208258 0.010106 0.000000
0.638241 -0.086823 -0.049204 0.000000
0.184231 -1.132533 0.029222 0.000000
0.472658 0.140433 0.131596 0.000000
0.212225 -1.043563 -0.110460 1.000000
0.497142 -0.345920 0.110743 0.000000
0.467956 -0.047601 -0.019121 0.000000
0.416192 0.085898 -0.005790 0.000000
0.109758 -0.007850 -0.058779 0.000000
0.178631 -1.161990 0.039689 0.000000
0.223055 0.167858 -0.010885 0.000000
0.236675 -0.772430 0.019836 0.000000
0.257200 -0.453634 0.011192 0.000000
0.431623 -0.147132 0.093183 0.000000
0.482228 -0.232810 -0.151309 0.000000
0.197311 -1.053313 -0.106981 1.000000
0.345963 0.437224 0.056375 0.000000
0.031866 -0.755558 0.028669 0.000000
0.523500 -0.394904 0.119164 0.000000
-0.006079 -0.897008 0.004058 0.000000
0.356654 0.016478 0.054649 0.000000
0.349502 0.080945 -0.020132 0.000000
0.314256 0.023072 0.045119 0.000000
0.218014 -0.985413 -0.049464 1.000000
0.359129 0.005395 0.066222 0.000000
0.170228 -1.048076 0.035913 0.000000
0.340723 0.281618 0.019350 0.000000
0.371681 -0.031422 0.066037 0.000000
0.241091 -0.663704 0.013071 0.000000
0.201377 -1.092761 0.020732 0.000000
0.500219 0.085667 -0.003123 0.000000
0.387086 0.444076 0.040393 0.000000
0.399543 0.322408 0.029839 0.000000
0.381293 0.315269 0.056666 0.000000
0.434571 -0.219784 0.099576 0.000000
0.245673 -0.311623 0.024432 0.000000
0.118194 -0.258038 -0.174220 0.000000
0.164541 -0.178343 -0.103260 0.000000
0.233003 -0.943767 -0.029785 1.000000
0.307800 -0.004506 0.040127 0.000000
0.495153 -0.088339 -0.030142 0.000000
0.236854 -0.680671 0.009366 0.000000
0.268747 -0.410687 0.019138 0.000000
0.178124 -1.090402 0.037515 0.000000
0.315130 0.162452 0.051480 0.000000
0.212364 -0.916740 -0.005823 1.000000
0.019616 -0.840894 0.014917 0.000000
0.416408 0.083254 0.007007 0.000000
0.171794 -0.180933 -0.108762 0.000000
0.518338 0.039669 0.216636 0.000000
-0.037862 -0.973011 -0.011995 0.000000
0.531210 -0.403300 0.114744 0.000000
0.155356 0.070453 -0.036132 0.000000
0.209196 -0.080799 -0.056312 0.000000
0.404776 0.199576 -0.000275 0.000000
0.359062 0.356785 0.044178 0.000000
0.674791 -0.123441 -0.068321 0.000000
0.516578 0.046257 0.202223 0.000000
-0.073864 -1.048918 -0.023649 0.000000
0.240236 -0.658116 0.020545 0.000000
0.686615 -0.524560 0.162003 0.000000
0.207706 -1.054562 -0.116487 1.000000
0.669100 -0.120994 -0.065275 0.000000
0.312874 0.313075 0.047852 0.000000
0.501040 -0.360599 0.122307 0.000000
0.232973 -0.952049 -0.036152 1.000000
0.196719 -1.066389 0.014367 0.000000
0.127243 -1.251681 0.059182 0.000000
0.270736 -0.421216 0.017353 0.000000
0.423508 -0.126530 -0.110560 0.000000
0.445924 -0.241120 0.100462 0.000000
0.277514 -0.319232 0.025716 0.000000
0.278142 -0.269893 0.021691 0.000000
0.163380 -0.492694 0.031646 0.000000
0.147585 -1.154817 0.030179 0.000000
0.254310 0.033828 -0.015490 0.000000
0.210678 0.148304 -0.020254 0.000000
0.251318 0.214342 0.015715 0.000000
0.197585 -1.083685 0.033167 0.000000
0.232038 -0.836815 0.016013 0.000000
0.230479 -0.807298 0.014106 0.000000
0.391648 0.300648 0.021392 0.000000
0.196930 -1.186234 -0.229326 1.000000
0.324401 0.213713 0.054805 0.000000
0.616380 -0.060912 -0.053649 0.000000
0.336982 0.341577 0.056712 0.000000
0.307351 0.178938 0.006500 0.000000
0.195515 -0.984967 -0.050901 1.000000
0.497918 -0.336194 0.102420 0.000000
0.117010 -1.250332 0.058895 0.000000
0.007498 -0.881128 0.005163 0.000000
0.270762 0.102175 -0.015809 0.000000
0.489842 -0.342619 0.117498 0.000000
0.079099 -0.695455 0.026462 0.000000
0.182095 -1.229911 0.027125 0.000000
0.250212 0.204196 0.012711 0.000000
0.319240 0.189823 -0.000045 0.000000
0.204766 -1.089831 -0.135980 1.000000
0.203904 -1.136261 -0.169288 1.000000
0.316230 0.011478 0.045677 0.000000
0.245496 -0.677362 0.011863 0.000000
0.190468 -1.207252 -0.240022 1.000000
0.151371 -1.293952 0.053331 0.000000
0.220439 -0.875124 0.013646 0.000000
0.183159 -0.442785 0.037314 0.000000
0.356733 0.443186 0.034917 0.000000
0.640192 -0.092748 -0.057919 0.000000
0.358092 -0.127649 -0.000102 0.000000
-0.069511 -1.034956 -0.016071 0.000000
0.059394 -0.727254 0.024358 0.000000
0.168244 -1.213773 0.048155 0.000000
0.262972 -0.487667 0.024962 0.000000
0.123858 0.017225 -0.050168 0.000000
0.229612 -0.863417 0.014820 0.000000
0.268532 -0.389824 0.019218 0.000000
0.448951 0.191189 0.018261 0.000000
0.183112 -1.328513 -0.346600 1.000000
0.563111 -0.439628 0.130735 0.000000
0.284066 0.255807 0.025630 0.000000
0.487339 -0.337396 0.112531 0.000000
0.292550 -0.175018 0.039064 0.000000
0.141227 -0.537774 0.034482 0.000000
0.193950 -1.146600 -0.182376 1.000000
0.213216 -0.972484 0.024774 0.000000
0.584553 -0.453222 0.138612 0.000000
0.273517 -0.285706 0.013155 0.000000
0.192453 -1.200762 0.051740 0.000000
0.273647 -0.292484 0.031232 0.000000
0.404689 -0.136239 0.079836 0.000000
0.099708 -0.000246 -0.061970 0.000000
0.311272 0.304810 0.042550 0.000000
0.027759 -0.805709 0.017624 0.000000
0.194422 -1.141292 -0.177803 1.000000
0.194038 -0.417799 0.036451 0.000000
0.338289 0.219556 0.013067 0.000000
0.193476 -0.401474 0.020849 0.000000
0.280958 -0.214498 0.027323 0.000000
0.266526 -0.496591 0.017580 0.000000
0.238396 -0.703320 0.013668 0.000000
0.218996 -0.822062 0.012939 0.000000
0.103417 -0.608108 0.028890 0.000000
0.213182 -0.902975 0.012256 0.000000
0.209595 -0.066787 -0.054123 0.000000
0.184764 -1.046528 0.020841 0.000000
0.024130 -0.816570 0.015830 0.000000
0.387554 0.318161 0.055219 0.000000
0.210073 -1.078804 -0.144818 1.000000
0.260500 -0.517378 0.018545 0.000000
0.341888 0.261215 0.011908 0.000000
0.237031 0.038751 -0.033091 0.000000
0.258639 -0.531894 0.022054 0.000000
0.392243 0.181842 0.010956 0.000000
0.119609 -1.247335 0.069094 0.000000
0.368082 0.043664 -0.029607 0.000000
0.364363 0.049546 -0.017357 0.000000
0.223313 -0.917284 0.016807 0.000000
0.591208 -0.457795 0.134245 0.000000
0.478902 -0.063119 -0.027863 0.000000
0.440337 0.206263 0.022657 0.000000
0.476849 -0.311884 0.111584 0.000000
0.443631 0.005560 -0.011569 0.000000
0.303139 -0.058796 0.038863 0.000000
0.233589 -0.694925 0.020863 0.000000
0.212959 -1.032101 -0.096360 1.000000
0.474636 -0.226473 -0.151108 0.000000
0.570843 -0.018658 -0.038714 0.000000
0.208121 -0.052314 -0.051046 0.000000
0.275650 -0.240721 0.024821 0.000000
0.186297 -1.258028 0.059320 0.000000
0.377578 0.005626 -0.043222 0.000000
0.639692 -0.487354 0.151753 0.000000
0.325128 0.020269 -0.003871 0.000000
0.399943 0.176732 0.007889 0.000000
0.258611 -0.451670 0.021423 0.000000
0.278904 -0.197414 0.030556 0.000000
0.091250 -0.021858 -0.069242 0.000000
0.335533 0.378777 0.056593 0.000000
0.193161 -1.194700 -0.228572 1.000000
0.248609 0.035970 -0.021643 0.000000
0.056316 -0.739391 0.024621 0.000000
0.320955 0.146196 0.048181 0.000000
0.182645 -1.172591 0.020785 0.000000
0.425483 0.069784 -0.002147 0.000000
0.293418 -0.164936 0.035184 0.000000
0.156539 -1.103778 0.021646 0.000000
0.201799 -1.017276 0.023943 0.000000
0.405148 0.150553 -0.002712 0.000000
0.198051 -1.074383 0.017751 0.000000
0.268961 -0.408630 0.011682 0.000000
0.365622 0.038394 -0.023555 0.000000
0.342926 0.331239 0.020154 0.000000
0.396423 0.355529 0.038109 0.000000
0.288219 0.262866 0.035038 0.000000
0.351748 0.080764 -0.004335 0.000000
-0.083223 -1.077989 -0.025314 0.000000
0.382978 -0.071577 0.066553 0.000000
0.679305 -0.518714 0.164201 0.000000
0.265163 -0.403766 0.018386 0.000000
0.197549 -1.221751 -0.234147 1.000000
0.441106 0.220098 0.098807 0.000000
0.528392 -0.405215 0.124991 0.000000
0.240566 -0.324760 0.026617 0.000000
0.333134 0.402039 0.061339 0.000000
0.280906 0.258263 0.031417 0.000000
0.206771 -1.114758 -0.167930 1.000000
-0.095566 -1.106758 -0.032514 0.000000
0.173079 -1.211608 0.041896 0.000000
0.448904 0.006852 -0.006344 0.000000
0.335929 0.386368 0.060564 0.000000
0.226522 -0.891464 0.018333 0.000000
0.211424 -0.388578 0.041203 0.000000
0.265893 -0.513571 0.008858 0.000000
0.443066 -0.190190 0.093196 0.000000
0.243597 -0.704241 0.019666 0.000000
0.074974 -0.689239 0.023980 0.000000
0.174671 -1.249418 0.060882 0.000000
0.233639 -0.026601 -0.036642 0.000000
0.440816 0.214547 0.014432 0.000000
0.334307 0.347978 0.054774 0.000000
0.135452 0.045169 -0.042702 0.000000
0.063597 -0.066175 -0.090593 0.000000
-0.027293 -0.925701 0.012027 0.000000
0.242798 -0.712450 0.022151 0.000000
0.240637 -0.680810 0.015145 0.000000
0.433197 -0.136381 -0.118963 0.000000
0.328027 0.325903 0.055807 0.000000
0.254211 -0.561445 0.015205 0.000000
0.138054 -0.506099 0.023732 0.000000
0.312673 0.107141 0.043194 0.000000
0.369194 -0.018410 0.074218 0.000000
0.550794 -0.429829 0.126760 0.000000
0.325089 0.025550 -0.007728 0.000000
0.095572 -0.012681 -0.065450 0.000000
0.164807 0.089448 -0.036689 0.000000
0.254612 -0.543343 0.018807 0.000000
0.516469 -0.386447 0.112618 0.000000
0.080845 -0.036510 -0.076746 0.000000
0.216586 -1.020566 -0.087443 1.000000
0.247663 -0.623082 0.021634 0.000000
0.297092 -0.147762 0.026382 0.000000
0.445369 -0.172329 -0.135559 0.000000
0.150707 -1.158690 0.043119 0.000000
0.419077 -0.168928 0.089045 0.000000
0.173480 -1.219853 0.037476 0.000000
0.296413 -0.167113 0.027625 0.000000
0.188022 -1.136767 0.026093 0.000000
0.351006 0.387495 0.033080 0.000000
0.275052 0.106750 -0.007262 0.000000
0.262278 -0.524319 0.011586 0.000000
0.308404 -0.063988 0.034818 0.000000
0.202646 -1.127772 -0.165603 1.000000
0.343206 0.338335 0.030300 0.000000
0.030780 -0.112485 -0.116345 0.000000
0.091857 -0.670355 0.027709 0.000000
0.179283 -1.257686 -0.277982 1.000000
0.083323 -0.017106 -0.070979 0.000000
0.404841 0.306600 0.031957 0.000000
0.149281 -0.518960 0.035827 0.000000
0.116980 -1.280965 0.058347 0.000000
0.211052 -1.074907 -0.131994 1.000000
0.223747 -1.007995 -0.075501 1.000000
0.251184 -0.306685 0.027907 0.000000
0.532468 0.048460 -0.008476 0.000000
0.549364 -0.427619 0.119438 0.000000
0.312792 0.026511 0.050501 0.000000
0.388907 0.212284 0.008721 0.000000
0.191889 -1.115803 0.050981 0.000000
0.328499 -0.055593 0.000065 0.000000
0.339239 0.403249 0.052819 0.000000
0.367772 -0.028670 0.071832 0.000000
0.208793 -1.013312 -0.077143 1.000000
0.237502 -0.637707 0.010596 0.000000
0.335860 0.225507 0.012485 0.000000
0.183761 -1.204745 0.037540 0.000000
0.537017 -0.146227 -0.069368 0.000000
0.398156 0.237850 0.009217 0.000000
0.391613 -0.091795 0.069581 0.000000
0.247964 -0.571278 0.013369 0.000000
0.298400 -0.108161 0.033212 0.000000
0.618645 -0.474143 0.146258 0.000000
0.218378 -1.035638 -0.103872 1.000000
0.573193 -0.451573 0.135314 0.000000
0.211554 -1.012684 0.023658 0.000000
0.245968 -0.312714 0.015795 0.000000
0.204422 -1.087803 -0.128721 1.000000
0.198523 -1.080720 -0.135036 1.000000
0.199565 -1.091102 0.041392 0.000000
0.183804 -1.241791 -0.274745 1.000000
0.504307 -0.104801 -0.037977 0.000000
0.245485 -0.578050 0.020262 0.000000
0.213145 -0.855271 0.014434 0.000000
0.242921 0.193596 0.007925 0.000000
0.081353 -0.045593 -0.079229 0.000000
0.445903 -0.211011 0.094438 0.000000
0.184320 -1.285423 0.059723 0.000000
0.206946 -1.083176 -0.135153 1.000000
0.352852 0.455112 0.038176 0.000000
0.201093 -1.040661 0.035956 0.000000
0.491754 0.095707 0.164558 0.000000
0.651107 -0.499949 0.157547 0.000000
0.224504 -0.812011 0.012072 0.000000
0.191821 -1.172820 -0.208169 1.000000
0.315131 0.191102 0.013253 0.000000
0.263478 -0.466249 0.017597 0.000000
0.345983 0.093191 -0.005959 0.000000
0.240175 0.028422 -0.028803 0.000000
0.053460 -0.716373 0.027136 0.000000
0.325046 0.033596 0.002535 0.000000
0.722977 -0.154350 -0.083675 0.000000
0.292185 -0.208967 0.026076 0.000000
0.262715 -0.485056 0.016362 0.000000
0.322501 0.133354 0.040512 0.000000
0.235829 -0.913073 -0.003227 1.000000
0.158258 -0.195349 -0.113628 0.000000
0.266454 -0.440630 0.029765 0.000000
0.117238 0.036022 -0.055484 0.000000
0.043589 -0.089846 -0.106329 0.000000
0.347110 0.486457 0.056682 0.000000
0.197690 -1.099552 0.024784 0.000000
0.257639 0.212915 0.009481 0.000000
0.462554 -0.208556 -0.148011 0.000000
0.299278 0.153081 0.003406 0.000000
0.199050 -1.009840 0.018433 0.000000
0.208521 -1.051325 0.028311 0.000000
0.332171 -0.039125 0.008043 0.000000
0.081882 -0.673506 0.028975 0.000000
0.216485 -0.937355 -0.020265 1.000000
0.062754 -0.287060 -0.222280 0.000000
0.173573 -0.474784 0.034531 0.000000
0.195684 -1.175064 -0.201763 1.000000
0.337746 0.180201 0.008884 0.000000
0.211638 0.150739 0.000403 0.000000
0.383578 -0.016692 -0.048430 0.000000
-0.060934 -1.018667 -0.016960 0.000000
0.421283 0.249464 0.024060 0.000000
0.242024 -0.582784 0.012613 0.000000
0.435755 -0.177099 0.092196 0.000000
0.311991 -0.010421 0.032395 0.000000
0.394530 0.166209 0.006829 0.000000
0.289520 -0.180404 0.035451 0.000000
0.231295 -0.721209 0.007790 0.000000
0.035189 -0.294433 -0.242430 0.000000
0.162227 0.077863 -0.028141 0.000000
0.141124 -0.496692 0.023624 0.000000
0.097927 -0.624999 0.029217 0.000000
0.193330 -1.205369 -0.228934 1.000000
0.315049 0.040027 0.038036 0.000000
0.498902 -0.093293 -0.034726 0.000000
0.178361 -1.163884 0.028720 0.000000
0.129167 -0.554062 0.031310 0.000000
-0.015803 -0.895553 0.012805 0.000000
0.270292 -0.291503 0.017881 0.000000
0.183068 -1.112935 0.037173 0.000000
0.335068 0.168012 0.004775 0.000000
0.224139 -0.924686 -0.010122 1.000000
0.386939 0.421180 0.042512 0.000000
0.675620 -0.514075 0.166989 0.000000
0.190110 -1.183279 0.051898 0.000000
0.239361 -0.328878 0.032361 0.000000
0.188650 -1.154978 0.039365 0.000000
0.206654 -1.034575 0.033826 0.000000
0.224464 -0.789148 0.012546 0.000000
0.317634 0.095693 0.053159 0.000000
0.359894 0.464927 0.043301 0.000000
0.178768 -1.251823 -0.283283 1.000000
0.187945 -1.203396 0.048098 0.000000
0.449850 -0.017243 -0.019783 0.000000
0.180358 -1.116727 0.029627 0.000000
0.157699 -0.205153 -0.125518 0.000000
0.327359 0.158016 0.051627 0.000000
0.252281 -0.580128 0.017093 0.000000
0.301968 0.161553 -0.003658 0.000000
0.175185 -1.157149 0.045138 0.000000
0.301081 0.281373 0.029606 0.000000
0.298066 -0.071748 0.042525 0.000000
0.220017 -0.365305 0.023222 0.000000
0.282650 -0.252078 0.022964 0.000000
0.221262 -0.832444 0.017317 0.000000
0.462194 -0.032634 -0.014720 0.000000
0.425156 -0.141590 -0.116573 0.000000
0.011198 -0.841600 0.015645 0.000000
0.395016 0.291967 0.062017 0.000000
0.153993 -1.153999 0.050559 0.000000
0.345558 0.352331 0.027800 0.000000
0.053187 -0.076830 -0.099599 0.000000
0.265468 0.088174 -0.016530 0.000000
0.279112 -0.224847 0.023152 0.000000
0.408754 -0.152308 0.080114 0.000000
0.459621 0.154218 0.004662 0.000000
0.253748 -0.496759 0.011943 0.000000
0.096203 -0.651266 0.032196 0.000000
-0.016493 -0.915032 0.002655 0.000000
0.040807 -0.783222 0.020002 0.000000
0.339267 0.401792 0.065946 0.000000
-0.003017 -0.878119 0.010487 0.000000
0.407027 0.293555 0.027204 0.000000
0.221649 -1.012399 -0.083020 1.000000
0.077776 -0.053280 -0.085913 0.000000
0.228009 -0.934453 -0.013545 1.000000
0.402412 0.193650 0.000858 0.000000
0.562335 -0.174263 -0.089834 0.000000
0.084466 -0.630816 0.028514 0.000000
0.572950 -0.188715 -0.104989 0.000000
0.101849 -0.018773 -0.066058 0.000000
0.360143 0.043612 -0.035236 0.000000
0.396515 0.283257 0.019889 0.000000
0.131225 -1.199948 0.070248 0.000000
0.400858 -0.048720 -0.071463 0.000000
0.242459 -0.647972 0.005984 0.000000
0.198302 -1.056143 0.021083 0.000000
0.199034 -1.136755 -0.188208 1.000000
0.338664 0.416226 0.057755 0.000000
0.162457 -1.198859 0.052126 0.000000
0.302648 -0.052047 0.035566 0.000000
0.319556 0.317412 0.043201 0.000000
0.198426 -1.124161 -0.169392 1.000000
0.578602 -0.205819 -0.121986 0.000000
0.736521 -0.155944 -0.080249 0.000000
0.313333 0.092200 0.050139 0.000000
0.651182 -0.099383 -0.061823 0.000000
0.246759 -0.663783 0.023618 0.000000
0.448894 0.197367 0.098964 0.000000
0.357819 -0.001973 0.064224 0.000000
0.307904 0.015256 0.043416 0.000000
0.188012 -1.127670 0.034007 0.000000
0.324952 0.100096 0.049446 0.000000
0.314401 0.071230 0.037370 0.000000
0.607056 -0.051004 -0.053052 0.000000
0.494850 0.091210 0.176747 0.000000
0.234310 -0.331576 0.017371 0.000000
0.034021 -0.798900 0.018023 0.000000
0.566354 -0.441318 0.138908 0.000000
0.025254 -0.775169 0.028130 0.000000
0.291702 -0.120611 0.035547 0.000000
0.459911 -0.243335 0.097227 0.000000
0.030818 -0.780358 0.025777 0.000000
0.370994 0.014072 -0.040359 0.000000
0.262647 -0.491376 0.014186 0.000000
0.002305 -0.858847 0.019041 0.000000
0.381847 -0.020406 -0.057075 0.000000
0.488894 -0.325000 0.107431 0.000000
0.138094 -0.559722 0.032550 0.000000
0.171213 -1.194420 0.056224 0.000000
-0.032651 -0.961705 -0.009604 0.000000
-0.092384 -1.091915 -0.031486 0.000000
0.491215 -0.258005 -0.151958 0.000000
0.250681 0.048513 -0.021646 0.000000
0.283192 -0.200481 0.024818 0.000000
-0.011565 -0.905036 0.003696 0.000000
0.317139 0.181610 -0.000094 0.000000
0.190348 -1.137270 0.043877 0.000000
0.340746 0.442834 0.057204 0.000000
0.254529 0.058663 -0.019133 0.000000
0.173426 -1.221038 0.054560 0.000000
0.176489 -1.174136 0.029528 0.000000
0.396257 0.153657 0.003200 0.000000
0.294886 -0.177418 0.026792 0.000000
0.592513 -0.034252 -0.041690 0.000000
0.501748 0.074805 0.179288 0.000000
0.376745 -0.050382 0.074887 0.000000
0.324744 0.046787 -0.008216 0.000000
0.030966 -0.815421 0.010248 0.000000
0.243353 0.037540 -0.027620 0.000000
0.420578 0.261335 0.080277 0.000000
0.176039 -1.280904 0.056492 0.000000
0.333047 0.138158 0.004952 0.000000
0.275723 -0.281733 0.030188 0.000000
0.311756 0.089482 0.043775 0.000000
0.230265 -0.761632 0.020081 0.000000
0.344925 0.399843 0.053921 0.000000
0.377694 0.010820 -0.038283 0.000000
0.143977 -0.223464 -0.129214 0.000000
0.172512 -1.288145 0.034951 0.000000
0.201119 -1.060355 0.025836 0.000000
0.264308 -0.343597 0.015567 0.000000
0.051970 -0.089032 -0.098209 0.000000
0.232782 -0.344007 0.040302 0.000000
0.238497 -0.670207 0.022685 0.000000
0.152820 -0.499299 0.030135 0.000000
0.201027 -1.087077 -0.145429 1.000000
0.285144 -0.201451 0.039112 0.000000
0.296970 -0.055599 0.039174 0.000000
0.298565 -0.064114 0.042684 0.000000
0.559234 -0.436152 0.136857 0.000000
0.428661 0.228420 0.082328 0.000000
0.439418 -0.224898 0.095542 0.000000
0.331699 0.088910 0.048336 0.000000
0.206651 -0.391857 0.035152 0.000000
0.491902 -0.353177 0.122950 0.000000
0.416862 0.252841 0.072967 0.000000
0.389914 0.332233 0.030933 0.000000
0.190756 -1.258523 -0.281249 1.000000
0.092975 -0.659653 0.030779 0.000000
0.405389 0.128789 0.003073 0.000000
0.322870 0.106479 0.044313 0.000000
0.236367 -0.749954 0.021968 0.000000
0.126790 -1.252675 0.066593 0.000000
0.233579 -0.962327 -0.044182 1.000000
0.666363 -0.112557 -0.060384 0.000000
0.185296 -1.226892 0.056620 0.000000
0.334478 0.112114 -0.001040 0.000000
0.387907 0.203462 0.010243 0.000000
0.265822 -0.507120 0.021411 0.000000
0.261666 -0.335025 0.021372 0.000000
0.333194 0.156717 0.003861 0.000000
0.240558 -0.649748 0.018278 0.000000
0.140559 -1.152525 0.048013 0.000000
0.269511 0.093752 -0.011835 0.000000
0.335834 0.076454 0.043179 0.000000
0.367624 -0.019990 0.064090 0.000000
0.191043 -1.113584 0.034451 0.000000
0.206986 -1.022133 -0.085000 1.000000
0.451980 -0.190446 -0.140321 0.000000
0.337737 0.286913 0.013015 0.000000
0.206807 -1.047605 0.017487 0.000000
0.244893 -0.593360 0.011745 0.000000
0.383080 0.463852 0.043384 0.000000
0.125998 -1.191169 0.071162 0.000000
0.439624 0.211182 0.092626 0.000000
-0.040113 -0.967642 -0.005152 0.000000
0.514880 -0.392649 0.132317 0.000000
0.225236 -0.943849 -0.025886 1.000000
0.288048 -0.186320 0.021843 0.000000
0.434351 0.218826 0.021137 0.000000
0.540971 -0.143808 -0.065128 0.000000
0.380865 -0.002233 -0.045835 0.000000
0.165958 -1.227295 0.031709 0.000000
0.407366 0.131741 0.008713 0.000000
0.460951 -0.039178 -0.021309 0.000000
-0.083638 -1.065642 -0.021589 0.000000
0.255530 -0.463558 0.023746 0.000000
0.331292 0.399001 0.056250 0.000000
0.191285 -1.040390 0.026140 0.000000
0.181110 -1.319048 0.062364 0.000000
0.234559 -0.743975 0.020691 0.000000
0.337075 0.126562 0.000395 0.000000
0.414358 0.260702 0.024176 0.000000
0.356600 0.475876 0.042235 0.000000
0.462877 0.161286 0.017769 0.000000
0.614639 -0.476778 0.140246 0.000000
0.063226 -0.686455 0.029224 0.000000
0.177206 -0.143236 -0.084961 0.000000
0.244532 -0.696573 0.021843 0.000000
0.235657 -0.694916 0.013267 0.000000
0.285196 0.128376 -0.005011 0.000000
0.335587 0.375094 0.050327 0.000000
-0.060699 -1.015481 -0.009847 0.000000
0.205679 -0.945222 -0.020227 1.000000
0.135675 0.037627 -0.043139 0.000000
0.194414 -1.040982 0.038179 0.000000
0.326357 0.090053 0.054482 0.000000
0.222212 -0.937582 0.022477 0.000000
0.119093 -0.542290 0.024268 0.000000
0.487350 0.105246 0.157708 0.000000
0.328265 0.099858 0.041896 0.000000
0.207979 -0.907459 0.001604 1.000000
0.351461 0.416528 0.039618 0.000000
0.147201 -1.180657 0.042961 0.000000
0.346529 0.425725 0.038782 0.000000
0.518252 -0.377872 0.105654 0.000000
0.258832 -0.498578 0.019433 0.000000
0.180843 -0.441591 0.024232 0.000000
0.357057 0.008950 0.048644 0.000000
0.317954 0.158163 0.055247 0.000000
0.329263 0.288808 0.046886 0.000000
0.558849 0.002316 -0.026200 0.000000
0.558258 0.010495 -0.022522 0.000000
0.121889 -1.241785 0.032243 0.000000
0.213951 -0.383181 0.027456 0.000000
0.172046 -1.230366 0.054708 0.000000
0.085026 -0.693116 0.029188 0.000000
0.239359 -0.700484 0.006616 0.000000
0.425102 0.057326 -0.005521 0.000000
0.497741 -0.105003 -0.032966 0.000000
0.326110 -0.005989 0.000420 0.000000
0.428626 -0.130440 -0.112538 0.000000
0.342774 0.050468 0.055900 0.000000
0.414023 0.104093 0.000049 0.000000
0.449496 0.002323 -0.002140 0.000000
-0.061454 -1.023151 -0.027992 0.000000
0.157374 0.080493 -0.048193 0.000000
0.173103 -1.298397 0.022009 0.000000
0.333531 0.351527 0.064083 0.000000
0.330446 -0.015053 -0.004077 0.000000
0.019946 -0.818366 0.022133 0.000000
0.394913 -0.042032 -0.059757 0.000000
0.182793 -1.123160 0.028901 0.000000
0.251189 -0.594508 0.024401 0.000000
0.173407 -1.224665 0.029656 0.000000
0.138946 -0.546817 0.032250 0.000000
0.327908 -0.024340 0.002376 0.000000
0.244877 -0.613816 0.022502 0.000000
0.305109 0.004375 0.047639 0.000000
0.220807 -0.896646 0.011778 0.000000
0.328060 0.245153 0.058861 0.000000
0.201613 -1.127380 -0.176423 1.000000
0.390667 0.353569 0.032811 0.000000
0.128548 0.033665 -0.048481 0.000000
0.203064 -1.095912 -0.142548 1.000000
0.170694 -1.258324 0.056863 0.000000
0.297018 -0.155706 0.036587 0.000000
0.516738 -0.391327 0.126491 0.000000
0.445745 -0.182523 -0.137527 0.000000
0.076255 -0.704566 0.029298 0.000000
0.179513 -1.242942 -0.281623 1.000000
0.232100 -0.888384 0.009288 0.000000
0.291862 -0.113358 0.033042 0.000000
0.320199 0.219162 0.053289 0.000000
0.421718 -0.135763 0.090558 0.000000
0.437605 -0.175580 -0.132160 0.000000
0.209410 -1.063231 0.027267 0.000000
0.151221 -0.485718 0.018498 0.000000
0.273251 0.092867 -0.005562 0.000000
0.215304 -0.373931 0.037889 0.000000
0.457548 0.171020 0.111359 0.000000
0.221339 -0.033184 -0.043575 0.000000
0.234746 0.006255 -0.031914 0.000000
0.138106 -0.240192 -0.161101 0.000000
0.167009 -1.224619 0.037679 0.000000
0.206742 0.139093 -0.008833 0.000000
0.114061 -0.617752 0.034236 0.000000
0.164166 -1.233339 0.051550 0.000000
0.431124 0.034467 -0.014342 0.000000
0.273357 -0.396628 0.023677 0.000000
0.030820 -0.120406 -0.121942 0.000000
0.177779 0.102010 -0.027117 0.000000
0.140661 -0.234858 -0.149424 0.000000
0.202522 -1.043639 -0.100012 1.000000
0.208956 -1.039943 -0.098641 1.000000
0.248727 -0.547064 0.024587 0.000000
0.256195 -0.567693 0.014260 0.000000
0.175469 -1.272061 0.054279 0.000000
-0.048364 -0.985336 -0.004412 0.000000
0.112114 -0.603779 0.026397 0.000000
0.145475 -1.199859 0.045717 0.000000
0.253420 -0.619336 0.018598 0.000000
0.568249 -0.019624 -0.031546 0.000000
-0.025185 -0.923844 0.006205 0.000000
0.396663 0.364448 0.032905 0.000000
0.143365 -0.553840 0.040084 0.000000
0.119197 -1.331587 0.036957 0.000000
0.130647 -0.584160 0.037472 0.000000
0.055620 -0.734395 0.028559 0.000000
0.237775 -0.948039 -0.030756 1.000000
0.456067 -0.251364 0.102019 0.000000
0.162639 -1.355396 -0.383068 1.000000
0.116930 -1.247434 0.075060 0.000000
0.074701 -0.033773 -0.077716 0.000000
0.292568 -0.097899 0.035605 0.000000
0.241806 -0.643212 0.020111 0.000000
0.336183 0.428057 0.053617 0.000000
0.256887 -0.468687 0.016358 0.000000
0.188055 -1.105662 0.026502 0.000000
0.465887 -0.199755 -0.147917 0.000000
0.184365 -1.271137 0.058362 0.000000
0.307346 -0.001076 0.035117 0.000000
0.078088 -0.658889 0.024750 0.000000
0.280868 -0.281759 0.024826 0.000000
0.488248 -0.252149 -0.153272 0.000000
0.185116 -1.191851 0.059110 0.000000
0.068797 -0.283618 -0.217534 0.000000
0.413091 0.085247 -0.014272 0.000000
0.158128 -1.219416 0.045797 0.000000
0.391491 -0.022222 -0.049913 0.000000
0.186335 -1.068286 0.033520 0.000000
0.234593 -0.798620 0.020862 0.000000
0.336936 0.315008 0.053727 0.000000
0.225177 -0.887234 0.013703 0.000000
0.039091 -0.768819 0.026878 0.000000
-0.030882 -0.935981 0.006093 0.000000
0.340170 0.056085 0.052785 0.000000
0.341301 0.418980 0.051443 0.000000
0.333738 0.242035 0.054110 0.000000
0.375219 -0.043746 0.066274 0.000000
0.479247 -0.308392 0.107231 0.000000
0.258384 -0.391142 0.018565 0.000000
0.201953 -0.974391 -0.038924 1.000000
0.267173 -0.310087 0.023385 0.000000
0.269145 -0.344498 0.022378 0.000000
0.395310 0.347435 0.031467 0.000000
0.235888 -0.710742 0.013731 0.000000
0.346390 -0.082635 0.020655 0.000000
-0.089228 -1.073900 -0.028748 0.000000
0.604625 -0.469555 0.136393 0.000000
0.210625 -1.028650 -0.091952 1.000000
0.143696 -1.164525 0.038575 0.000000
0.244358 0.025760 -0.025310 0.000000
0.171266 -1.290290 -0.313573 1.000000
0.343101 0.348511 0.021830 0.000000
0.341312 0.166231 0.002956 0.000000
0.206327 -1.117537 -0.161279 1.000000
0.099555 -0.600411 0.027778 0.000000
0.155818 -1.144948 0.045250 0.000000
0.547904 -0.421272 0.118783 0.000000
0.446476 -0.202011 0.094451 0.000000
0.344067 0.290131 0.013320 0.000000
0.661346 -0.105177 -0.065929 0.000000
0.170976 -1.255064 0.036981 0.000000
0.080898 -0.276510 -0.214127 0.000000
0.383378 -0.056808 0.077381 0.000000
0.433220 0.223441 0.091177 0.000000
0.391043 0.297739 0.068160 0.000000
0.508706 0.054870 0.199752 0.000000
0.635578 -0.485163 0.146616 0.000000
0.264873 -0.510812 0.015660 0.000000
-0.090215 -1.080997 -0.035714 0.000000
0.187896 -1.286809 -0.304883 1.000000
0.472917 0.144980 0.017689 0.000000
0.533312 -0.135578 -0.061409 0.000000
0.318706 0.059859 0.042212 0.000000
0.333429 0.410558 0.050127 0.000000
0.486744 -0.305591 0.098049 0.000000
0.385832 -0.066845 0.075471 0.000000
0.437480 0.204006 0.011846 0.000000
0.211042 -0.967181 0.022516 0.000000
0.625835 -0.483070 0.143232 0.000000
0.511903 0.049525 0.204885 0.000000
-0.088903 -1.087749 -0.021337 0.000000
0.228431 -0.831967 0.013474 0.000000
0.335031 0.392231 0.056847 0.000000
0.220960 -0.842702 0.009149 0.000000
0.330450 -0.030375 0.009167 0.000000
0.213720 -1.039245 -0.106439 1.000000
0.201365 -1.084491 0.044661 0.000000
0.312477 0.051693 0.042953 0.000000
0.514277 -0.374736 0.110608 0.000000
0.163347 -0.201512 -0.123431 0.000000
0.575509 -0.197315 -0.111339 0.000000
0.188104 -1.049068 0.029149 0.000000
0.138616 -1.160459 0.030574 0.000000
0.213969 -0.948140 -0.024725 1.000000
0.212714 -0.372389 0.026508 0.000000
0.422770 -0.194015 0.091143 0.000000
0.176076 -1.193743 0.036752 0.000000
0.413619 0.094972 -0.009481 0.000000
0.383476 -0.046487 0.083971 0.000000
-0.042304 -0.965643 0.000572 0.000000
-0.041711 -0.961767 0.005255 0.000000
0.191791 -1.003091 -0.067046 1.000000
0.269389 -0.362463 0.025865 0.000000
0.209044 -0.982188 -0.049791 1.000000
0.219034 -0.862365 0.017288 0.000000
0.344102 0.427788 0.059717 0.000000
0.426164 0.238453 0.022603 0.000000
0.201879 -0.100231 -0.067334 0.000000
0.192945 -1.240343 -0.266415 1.000000
0.193990 -0.390130 0.017358 0.000000
0.249541 -0.603942 0.012618 0.000000
0.167927 -1.178175 0.043205 0.000000
0.329162 0.233512 0.046482 0.000000
0.537820 0.044913 -0.008481 0.000000
-0.052325 -0.993049 -0.007497 0.000000
0.528340 -0.401807 0.120039 0.000000
0.271135 -0.445931 0.021484 0.000000
0.344166 0.335527 0.024177 0.000000
0.195974 -1.205931 -0.242602 1.000000
0.173387 -1.201036 0.042139 0.000000
0.470715 0.132691 0.003105 0.000000
0.276628 -0.311497 0.019644 0.000000
0.179501 -0.168962 -0.103124 0.000000
0.539400 -0.418741 0.121274 0.000000
0.214726 -0.888211 0.011385 0.000000
0.323858 0.230160 0.054855 0.000000
0.385567 0.477616 0.045926 0.000000
0.372331 0.334249 0.048943 0.000000
0.290766 0.270221 0.034818 0.000000
0.263858 -0.475382 0.025646 0.000000
0.195783 -1.034351 0.029628 0.000000
0.301479 0.285657 0.040302 0.000000
0.329725 0.308419 0.052775 0.000000
0.449128 -0.002602 -0.008510 0.000000
0.058195 -0.286361 -0.226108 0.000000
0.395336 0.327706 0.027334 0.000000
0.352492 -0.092955 0.022275 0.000000
0.210951 -1.036914 0.028910 0.000000
0.191802 -1.115756 0.023369 0.000000
0.023928 -0.119853 -0.120443 0.000000
0.558446 -0.430879 0.139591 0.000000
0.399954 0.162624 0.004059 0.000000
0.181017 -1.172298 0.033119 0.000000
0.233870 -0.781385 0.008378 0.000000
0.268643 -0.355668 0.022615 0.000000
0.205656 -0.398970 0.035539 0.000000
0.340010 0.248396 0.014348 0.000000
0.171362 -1.356663 -0.371727 1.000000
0.333395 -0.014546 0.003670 0.000000
0.094915 -0.270222 -0.197331 0.000000
0.336188 -0.027988 0.009347 0.000000
0.201180 -1.073142 0.041887 0.000000
0.186096 -1.208531 0.059938 0.000000
0.467464 -0.213253 -0.149091 0.000000
0.307098 0.302374 0.049981 0.000000
0.216113 -0.013617 -0.043273 0.000000
0.226443 0.167623 0.000898 0.000000
0.693343 -0.133249 -0.071828 0.000000
0.208804 -1.021706 0.033429 0.000000
0.265431 -0.408398 0.024641 0.000000
0.563063 -0.181379 -0.099055 0.000000
0.190819 -1.190461 -0.232065 1.000000
0.283097 -0.207729 0.025285 0.000000
0.264681 -0.274790 0.022632 0.000000
0.331104 0.352689 0.056821 0.000000
0.461713 -0.271796 0.111344 0.000000
0.012016 -0.827386 0.020589 0.000000
-0.031924 -0.942079 0.003288 0.000000
0.172568 -1.057714 0.035108 0.000000
0.156296 -0.513864 0.035094 0.000000
0.325462 0.053100 -0.007016 0.000000
0.226366 -0.914871 -0.005857 1.000000
0.527067 0.027244 0.229536 0.000000
0.570601 0.008824 -0.025527 0.000000
0.349056 0.404002 0.027768 0.000000
0.287659 -0.231344 0.032439 0.000000
0.347341 0.284903 0.017442 0.000000
0.335228 -0.054473 0.011983 0.000000
0.327476 -0.010719 0.012989 0.000000
0.107460 -0.580746 0.023983 0.000000
0.373707 -0.054149 0.060075 0.000000
0.371321 -0.034348 0.060870 0.000000
0.483970 -0.322187 0.110549 0.000000
0.186543 -1.013854 0.016741 0.000000
0.411931 0.262728 0.072359 0.000000
0.173333 -1.316245 -0.337456 1.000000
0.231222 -0.894617 0.007312 0.000000
0.247126 -0.651934 0.014771 0.000000
0.195073 -1.063056 0.029208 0.000000
0.477635 0.127997 0.007137 0.000000
0.227111 -0.820578 0.013923 0.000000
0.364699 0.058780 -0.010976 0.000000
0.267422 -0.324666 0.017806 0.000000
0.124696 -0.250582 -0.167548 0.000000
0.180921 -1.308218 0.066294 0.000000
0.399085 0.231047 0.008179 0.000000
0.334909 0.281090 0.050972 0.000000
0.420389 0.078239 0.004396 0.000000
0.182750 -1.278736 -0.304730 1.000000
0.330391 0.253694 0.054286 0.000000
0.200145 0.131954 -0.008500 0.000000
0.263995 -0.400799 0.023653 0.000000
0.392530 0.217275 0.012230 0.000000
0.078370 -0.662280 0.029931 0.000000
0.175158 -1.320806 -0.340823 1.000000
0.168846 -1.201164 0.052390 0.000000
0.222041 -0.848855 0.007811 0.000000
0.178920 -1.179595 0.037382 0.000000
0.201616 -0.384580 0.018325 0.000000
0.087014 -1.354265 0.086833 0.000000
0.138987 0.032710 -0.043615 0.000000
0.304962 -0.029464 0.045169 0.000000
0.445904 -0.022989 -0.017483 0.000000
0.219434 -0.976734 -0.050095 1.000000
0.216105 -0.902185 0.018681 0.000000
0.411587 -0.115192 0.088295 0.000000
0.318653 0.174465 0.049846 0.000000
0.381926 -0.076082 0.070242 0.000000
0.234832 -0.011748 -0.037013 0.000000
0.138765 -0.526479 0.031018 0.000000
0.423820 -0.142979 0.093331 0.000000
0.435388 0.023895 -0.014524 0.000000
0.663875 -0.113183 -0.066602 0.000000
0.352920 0.026860 0.070007 0.000000
0.254002 -0.509714 0.015128 0.000000
0.412985 -0.151298 0.084835 0.000000
0.182833 -1.095888 0.037018 0.000000
0.107762 -0.022787 -0.066792 0.000000
0.254757 -0.588856 0.015659 0.000000
0.255427 -0.294977 0.025165 0.000000
0.460092 -0.199606 -0.145704 0.000000
0.190734 -0.410920 0.023559 0.000000
0.495179 0.080925 0.175241 0.000000
0.483114 -0.245968 -0.157065 0.000000
0.259683 -0.506098 0.022527 0.000000
0.187084 -1.113154 0.044212 0.000000
0.217008 -0.044321 -0.046286 0.000000
0.402988 -0.076638 -0.082823 0.000000
0.100097 -0.643003 0.027117 0.000000
0.317075 0.199659 0.006057 0.000000
0.365306 0.044854 -0.013902 0.000000
0.259393 -0.293784 0.037214 0.000000
0.182017 -1.043773 0.015769 0.000000
0.179803 -1.175282 0.051069 0.000000
0.205587 -1.006450 0.030413 0.000000
0.331899 0.073225 -0.000901 0.000000
0.233135 -0.676039 0.009777 0.000000
0.382798 -0.008158 -0.048207 0.000000
0.191330 -1.142298 0.019807 0.000000
0.427088 0.044375 0.003229 0.000000
0.174204 -1.236223 0.033933 0.000000
0.334866 0.365177 0.054054 0.000000
0.314274 0.146864 0.046091 0.000000
0.301102 0.162287 0.007541 0.000000
0.424603 -0.183969 0.088798 0.000000
0.321519 0.166854 0.049053 0.000000
0.458417 -0.023092 -0.011864 0.000000
0.183858 -1.188118 0.050947 0.000000
0.260929 -0.516248 0.027188 0.000000
0.394861 -0.031368 -0.056459 0.000000
0.245261 0.017163 -0.023999 0.000000
0.226314 -0.868075 0.013391 0.000000
0.218516 -0.983234 -0.056871 1.000000
0.415791 -0.156924 0.086389 0.000000
0.445626 -0.250687 0.102875 0.000000
0.119329 -1.189954 0.035931 0.000000
0.301910 -0.152004 0.035037 0.000000
0.332969 0.205899 0.008446 0.000000
0.339321 0.447111 0.062072 0.000000
0.173114 -1.166525 0.040632 0.000000
0.395024 -0.047197 -0.069157 0.000000
0.225479 -0.950691 -0.030454 1.000000
0.454715 -0.023900 -0.018265 0.000000
-0.044689 -0.972788 -0.002383 0.000000
0.194690 -1.251301 -0.278682 1.000000
0.149366 -0.492960 0.026466 0.000000
0.204349 -1.132518 -0.175637 1.000000
0.389750 -0.009603 -0.045788 0.000000
0.160382 -1.103216 0.034451 0.000000
0.185711 -0.443418 0.030720 0.000000
0.634306 -0.476829 0.153857 0.000000
0.455799 -0.268686 0.109306 0.000000
0.228673 0.175183 0.006583 0.000000
0.152120 -0.205919 -0.116691 0.000000
-0.001003 -0.865444 0.014938 0.000000
0.139446 -1.162693 0.066387 0.000000
0.193217 -0.428607 0.030733 0.000000
0.453180 0.183548 0.026079 0.000000
0.445988 -0.229204 0.095291 0.000000
0.267709 -0.438249 0.022628 0.000000
0.329483 0.371582 0.052156 0.000000
0.511265 -0.377634 0.116657 0.000000
0.400468 0.184396 0.002009 0.000000
0.560796 0.017092 -0.016069 0.000000
0.241061 -0.669618 0.013542 0.000000
0.351930 -0.100128 0.017477 0.000000
0.363719 0.046850 -0.023391 0.000000
0.136924 -0.239278 -0.153422 0.000000
0.218099 -0.966510 -0.037353 1.000000
0.054369 -0.757959 0.021865 0.000000
0.339095 0.064461 0.048655 0.000000
0.033637 -0.823968 0.010835 0.000000
0.264684 -0.438964 0.017565 0.000000
0.409515 0.102152 0.003625 0.000000
0.178684 -1.186970 0.042152 0.000000
0.344832 0.377770 0.028323 0.000000
0.269668 -0.265879 0.022008 0.000000
0.242800 -0.629201 0.010223 0.000000
0.483927 -0.075571 -0.029093 0.000000
0.279217 -0.253183 0.031025 0.000000
0.612274 -0.053438 -0.052022 0.000000
0.325442 0.006687 0.005190 0.000000
0.328555 0.015540 -0.004173 0.000000
0.427253 -0.153839 0.090655 0.000000
0.351520 0.473490 0.043878 0.000000
0.168710 -1.311591 0.037411 0.000000
0.268118 -0.470657 0.020096 0.000000
0.271773 -0.429149 0.025356 0.000000
0.213077 0.149692 -0.025400 0.000000
0.075885 -0.674413 0.031468 0.000000
0.234217 0.179010 -0.011558 0.000000
0.457785 0.184434 0.018760 0.000000
0.198602 -1.079089 0.029432 0.000000
0.189925 -1.175085 -0.203132 1.000000
0.318521 0.124541 0.043997 0.000000
0.177701 -1.107778 0.034770 0.000000
0.109300 -1.300131 0.044444 0.000000
0.245249 -0.316924 0.027332 0.000000
0.060896 -0.072217 -0.097861 0.000000
0.478898 -0.220671 -0.147751 0.000000
0.168865 -1.215694 0.033007 0.000000
0.324357 0.002910 -0.004835 0.000000
0.461337 -0.261421 0.101734 0.000000
0.205466 -0.892234 0.009586 0.000000
0.071411 -0.701582 0.027581 0.000000
0.263848 -0.341622 0.023740 0.000000
0.310026 0.081107 0.039001 0.000000
0.306229 0.036637 0.045398 0.000000
0.278190 0.102668 -0.001182 0.000000
0.273434 -0.275436 0.036894 0.000000
0.418866 -0.093066 -0.096627 0.000000
0.179465 -1.053027 0.040670 0.000000
0.300503 -0.068926 0.033810 0.000000
0.325350 0.036034 -0.011635 0.000000
0.333916 0.101460 -0.003844 0.000000
0.181379 -1.165753 0.047751 0.000000
0.491732 -0.318668 0.098405 0.000000
0.047889 -0.079240 -0.099811 0.000000
0.226177 -0.961716 -0.041706 1.000000
0.398570 0.169476 0.009703 0.000000
0.276582 -0.260879 0.019429 0.000000
0.333313 0.411775 0.055947 0.000000
0.208830 -1.007555 -0.074960 1.000000
0.468961 -0.057593 -0.025187 0.000000
0.413344 0.100691 -0.011562 0.000000
-0.068160 -1.030644 -0.026363 0.000000
0.398051 -0.053769 -0.070738 0.000000
0.306388 0.297040 0.040988 0.000000
0.213920 -0.080180 -0.059831 0.000000
0.245688 0.046412 -0.026256 0.000000
0.178607 -1.232416 0.057879 0.000000
0.222926 -0.013629 -0.039951 0.000000
0.342169 0.433167 0.058088 0.000000
0.214839 -0.910875 0.015374 0.000000
0.060825 -0.702162 0.026237 0.000000
0.173866 -1.061912 0.024079 0.000000
0.190531 -1.122213 0.036130 0.000000
0.088637 -0.621919 0.025184 0.000000
0.580272 -0.452824 0.130867 0.000000
0.300453 0.291146 0.034358 0.000000
0.256383 -0.471746 0.023562 0.000000
0.326160 0.083133 0.057809 0.000000
0.228424 -0.001854 -0.035763 0.000000
0.196431 -1.212367 -0.240683 1.000000
0.185174 -1.146833 0.038797 0.000000
0.395448 0.380607 0.036004 0.000000
0.021426 -0.835200 0.012433 0.000000
0.392578 -0.095767 0.065467 0.000000
0.237241 -0.721471 0.019449 0.000000
0.709193 -0.144733 -0.078405 0.000000
0.159113 -0.475229 0.026674 0.000000
0.343281 0.238883 0.015195 0.000000
0.259431 -0.291531 0.014650 0.000000
0.243317 -0.318782 0.008344 0.000000
0.029593 -0.831154 0.005786 0.000000
0.749108 -0.162306 -0.091508 0.000000
0.226892 -0.882173 0.010806 0.000000
0.196942 -1.002272 -0.064525 1.000000
0.430987 0.226636 0.023912 0.000000
0.104687 -1.295976 0.039617 0.000000
0.393970 0.292186 0.022640 0.000000
0.158602 -0.486808 0.023824 0.000000
0.393275 0.303214 0.027798 0.000000
0.151527 -1.134733 0.050791 0.000000
0.190932 -1.201192 -0.237429 1.000000
0.306820 -0.082359 0.038983 0.000000
0.297393 0.153661 -0.002822 0.000000
0.036321 -0.750250 0.028378 0.000000
0.168403 -1.327407 -0.336717 1.000000
0.197214 -0.091001 -0.064256 0.000000
0.253993 -0.618437 0.012750 0.000000
0.400792 0.140526 0.003623 0.000000
0.352497 0.356229 0.028079 0.000000
0.206223 0.144167 -0.020789 0.000000
0.137733 -0.555793 0.037306 0.000000
0.394721 0.244317 0.013550 0.000000
0.727483 -0.149258 -0.080298 0.000000
0.081031 -1.353122 0.081054 0.000000
0.397390 0.413059 0.043332 0.000000
0.206766 -1.030846 0.027928 0.000000
0.334984 -0.042019 0.016775 0.000000
0.229564 -0.771921 0.008727 0.000000
0.325027 0.215953 0.044349 0.000000
0.195890 -1.103669 0.040810 0.000000
0.329536 0.083002 -0.002424 0.000000
0.194466 -0.078656 -0.061658 0.000000
0.256520 -0.533266 0.015499 0.000000
0.158782 -1.094305 0.035533 0.000000
0.294023 -0.086973 0.034309 0.000000
0.044832 -0.773191 0.024424 0.000000
0.218900 -0.961565 0.024569 0.000000
0.217222 -0.967909 -0.043492 1.000000
0.234104 -0.745047 0.013048 0.000000
0.347055 0.443738 0.039147 0.000000
0.371718 0.020503 -0.037255 0.000000
0.357045 0.415406 0.036103 0.000000
0.340082 0.213116 0.010636 0.000000
0.148154 -1.222655 0.048103 0.000000
0.435085 -0.183631 0.093544 0.000000
0.324346 0.027969 0.004814 0.000000
0.398977 -0.090666 0.082830 0.000000
0.174903 -1.191024 0.027137 0.000000
0.312765 0.027547 0.041804 0.000000
0.129645 -1.198876 0.032625 0.000000
0.391050 0.363300 0.039405 0.000000
0.317189 0.103045 0.043097 0.000000
0.021113 -0.824528 0.020924 0.000000
0.258548 0.069721 -0.017193 0.000000
0.238967 -0.700569 0.019448 0.000000
0.249790 -0.548240 0.013490 0.000000
0.158072 -1.210324 0.050185 0.000000
-0.073885 -1.046200 -0.017019 0.000000
0.487581 -0.082349 -0.028269 0.000000
-0.080183 -1.065526 -0.031966 0.000000
0.388994 -0.025232 -0.055512 0.000000
0.408669 0.285311 0.027024 0.000000
-0.079256 -1.049638 -0.021780 0.000000
0.346488 0.397350 0.031108 0.000000
0.192847 -1.017202 0.017451 0.000000
0.229253 -0.799627 0.012344 0.000000
0.313729 0.127667 0.044572 0.000000
0.389572 0.303265 0.056779 0.000000
0.371771 -0.023381 0.075515 0.000000
0.243725 -0.633438 0.020102 0.000000
0.266339 -0.283838 0.037294 0.000000
0.288853 -0.139630 0.035096 0.000000
