0.393133 0.311727 0.027418 0.000000
0.157319 -1.380841 -0.393540 1.000000
0.111670 -0.564155 0.026377 0.000000
0.779971 -0.176566 -0.105338 0.000000
-0.083451 -1.068711 -0.020061 0.000000
0.058220 -0.062803 -0.089351 0.000000
0.691646 -0.528767 0.167688 0.000000
0.414756 -0.175002 0.089502 0.000000
0.177999 -1.335808 0.063767 0.000000
0.239433 -0.905461 -0.003773 1.000000
0.193961 -1.149953 -0.189329 1.000000
0.009365 -0.302828 -0.256211 0.000000
0.499137 0.084660 0.179375 0.000000
0.503002 -0.277455 -0.154726 0.000000
0.268268 0.079091 -0.006471 0.000000
0.583925 -0.024085 -0.037897 0.000000
0.230608 -0.337940 0.018886 0.000000
0.006367 -0.825714 0.021695 0.000000
0.508452 -0.386405 0.127867 0.000000
0.156044 -1.109587 0.031783 0.000000
0.410685 -0.105195 -0.099071 0.000000
0.243232 -0.710614 0.018982 0.000000
0.383475 0.505266 0.049374 0.000000
0.150160 -0.225058 -0.144851 0.000000
0.467334 0.143232 0.004896 0.000000
0.268864 -0.500437 0.012753 0.000000
0.299158 -0.077994 0.028327 0.000000
0.204966 -1.028780 -0.092102 1.000000
0.264111 0.228965 0.026009 0.000000
0.176545 -1.260584 -0.285560 1.000000
0.557977 -0.163549 -0.079819 0.000000
0.198086 -0.106948 -0.070878 0.000000
0.444450 0.003002 -0.011975 0.000000
0.082558 -0.704023 0.028359 0.000000
0.133588 0.048926 -0.047674 0.000000
0.287980 -0.214480 0.031294 0.000000
-0.027229 -0.950065 -0.007133 0.000000
0.113229 -1.230491 0.033283 0.000000
0.675804 -0.118613 -0.062484 0.000000
0.353999 0.024773 0.075979 0.000000
0.441106 0.220098 0.098807 0.000000
0.597861 -0.462569 0.137707 0.000000
0.477296 -0.277494 0.096300 0.000000
0.164501 -0.447821 0.020912 0.000000
0.333134 0.402039 0.061339 0.000000
0.211471 -1.011722 0.024111 0.000000
0.011200 -0.151088 -0.131754 0.000000
0.496989 -0.090550 -0.031232 0.000000
0.326486 0.146621 0.051670 0.000000
0.246169 -0.604678 0.018835 0.000000
0.079260 -1.363434 0.086313 0.000000
0.391354 -0.073066 0.082317 0.000000
0.223146 -0.009516 -0.039572 0.000000
0.376082 -0.138359 -0.005219 0.000000
0.457800 -0.185514 -0.142933 0.000000
0.526296 0.061460 -0.002309 0.000000
0.388907 0.212284 0.008721 0.000000
0.220841 -0.808595 0.012370 0.000000
0.087626 -0.276148 -0.201513 0.000000
0.360595 0.052077 -0.027667 0.000000
0.213125 0.156376 -0.023926 0.000000
0.190645 -1.192168 0.057653 0.000000
0.306692 0.308310 0.049391 0.000000
0.530669 0.022969 0.233089 0.000000
0.270455 -0.414738 0.013490 0.000000
0.467064 0.144345 0.127947 0.000000
0.182831 -1.321142 -0.342180 1.000000
0.384697 -0.025296 -0.059440 0.000000
0.180242 -1.268867 0.015994 0.000000
0.208735 -1.083875 -0.148810 1.000000
0.227720 -0.968303 -0.048480 1.000000
0.323352 -0.006383 0.009767 0.000000
0.411923 0.092068 0.009562 0.000000
0.107520 -1.304758 0.041362 0.000000
0.333111 0.238451 0.051751 0.000000
0.197101 -1.205381 -0.238247 1.000000
0.173631 -0.170419 -0.101562 0.000000
0.081582 -0.630827 0.028092 0.000000
0.031866 -0.755558 0.028669 0.000000
0.278368 -0.284710 0.028527 0.000000
0.399097 0.380879 0.041418 0.000000
0.293543 0.144621 -0.011739 0.000000
0.097059 -0.008958 -0.066119 0.000000
0.319675 0.077249 0.044298 0.000000
0.155938 -0.513376 0.041740 0.000000
0.580669 -0.207976 -0.127547 0.000000
0.298405 -0.145754 0.040379 0.000000
-0.110420 -1.129714 -0.035554 0.000000
0.002122 -0.889651 0.001125 0.000000
0.178193 0.098996 -0.021645 0.000000
0.626585 -0.073145 -0.058192 0.000000
0.204487 -0.396648 0.037303 0.000000
-0.058591 -1.008479 -0.004449 0.000000
0.133668 -1.159969 0.068504 0.000000
0.726685 -0.151838 -0.082149 0.000000
0.344690 0.351792 0.022905 0.000000
0.388681 0.442874 0.046231 0.000000
0.405333 0.152793 -0.004436 0.000000
0.322889 0.200621 0.003273 0.000000
0.203163 -1.072015 0.023536 0.000000
0.426127 0.257365 0.025235 0.000000
0.452236 -0.222027 0.095947 0.000000
0.550365 -0.429096 0.124262 0.000000
0.647796 -0.490313 0.157587 0.000000
0.336354 0.104315 -0.005786 0.000000
0.492130 -0.332952 0.109388 0.000000
0.215232 -0.953951 0.019012 0.000000
0.443842 0.195363 0.015380 0.000000
0.201283 -1.147889 0.022676 0.000000
0.402871 0.278840 0.072751 0.000000
0.343199 0.283945 0.013272 0.000000
0.353887 -0.093680 0.021426 0.000000
0.367038 -0.026705 0.057461 0.000000
0.548190 0.014647 -0.021906 0.000000
0.463673 -0.047657 -0.023654 0.000000
0.031988 -0.103611 -0.114631 0.000000
0.245336 -0.549103 0.019928 0.000000
0.339897 0.462069 0.058941 0.000000
0.413514 -0.121406 0.087730 0.000000
0.215451 -0.861560 0.014997 0.000000
0.251899 0.029679 -0.017529 0.000000
0.240592 -0.658078 0.011992 0.000000
0.525254 -0.128967 -0.054059 0.000000
0.471734 -0.235515 -0.150339 0.000000
0.426427 -0.150406 -0.121405 0.000000
0.239753 0.187309 0.007409 0.000000
0.293578 0.270365 0.017495 0.000000
0.162575 -1.234177 0.050124 0.000000
0.308504 0.025447 0.046537 0.000000
0.227426 -0.758219 0.010257 0.000000
0.274889 -0.362744 0.019362 0.000000
0.498657 0.102327 0.009349 0.000000
0.153204 -1.287735 0.054795 0.000000
0.426325 0.049857 -0.014406 0.000000
0.216000 -0.057917 -0.049800 0.000000
0.050890 -0.290934 -0.231692 0.000000
0.120442 -0.253667 -0.172205 0.000000
0.299283 -0.031818 0.044528 0.000000
0.339339 0.153811 0.001543 0.000000
0.326231 0.043631 0.005930 0.000000
0.330973 -0.052778 0.002954 0.000000
0.117591 -1.253467 0.074485 0.000000
0.094353 -1.318285 0.084637 0.000000
0.122484 -0.609159 0.036348 0.000000
0.405101 -0.064599 -0.076160 0.000000
0.321419 0.192340 0.051638 0.000000
0.042475 -0.797857 0.014857 0.000000
0.127237 -1.204802 0.070959 0.000000
0.384103 0.012258 -0.034878 0.000000
0.266468 -0.458288 0.027482 0.000000
0.171500 -1.041849 0.030980 0.000000
0.511879 0.048820 0.202429 0.000000
0.188948 -1.214627 0.020093 0.000000
0.447255 0.177356 0.104594 0.000000
0.341932 0.239040 0.008609 0.000000
0.196997 -0.947571 -0.019623 1.000000
0.333531 0.351527 0.064083 0.000000
0.196883 -1.113838 0.047383 0.000000
0.186748 -1.290050 -0.313989 1.000000
0.350972 0.427986 0.033366 0.000000
0.153850 -1.155408 0.032405 0.000000
0.118490 -1.187209 0.034756 0.000000
0.194646 -1.005592 -0.060171 1.000000
0.207651 -1.123247 -0.162169 1.000000
0.199991 -0.905196 0.004439 1.000000
0.091669 -1.341077 0.034892 0.000000
0.368649 0.336678 0.051551 0.000000
0.269944 -0.322667 0.018905 0.000000
0.151909 -0.201931 -0.111205 0.000000
0.386941 0.254222 0.021749 0.000000
0.203844 -1.059639 -0.118270 1.000000
0.332261 0.278809 0.053773 0.000000
0.184856 -1.264781 0.059345 0.000000
0.160127 -1.351145 -0.351780 1.000000
0.125251 -1.267054 0.037593 0.000000
0.068241 -0.667035 0.028364 0.000000
0.157374 0.080493 -0.048193 0.000000
0.419573 0.244356 0.072484 0.000000
0.195221 -0.141415 -0.087311 0.000000
0.241585 -0.936657 -0.025795 1.000000
0.066412 -0.740456 0.023605 0.000000
0.354439 0.387560 0.031241 0.000000
-0.023390 -0.915682 0.010960 0.000000
0.202104 0.126611 -0.003553 0.000000
0.464459 -0.306756 0.116281 0.000000
0.166880 -1.316486 0.033491 0.000000
0.145152 -0.483364 0.021894 0.000000
0.207903 -0.368503 0.012682 0.000000
0.142442 -0.547830 0.039547 0.000000
0.122713 0.012002 -0.050651 0.000000
0.271324 -0.248855 0.028663 0.000000
0.084593 -0.041656 -0.076350 0.000000
0.189849 -0.429485 0.041059 0.000000
0.293486 -0.179644 0.024178 0.000000
0.439926 -0.254628 0.104343 0.000000
0.275556 0.113029 -0.014726 0.000000
0.092380 -0.594059 0.024630 0.000000
0.335966 0.317164 0.023899 0.000000
0.341740 0.051547 0.055299 0.000000
0.316362 0.112688 0.054094 0.000000
-0.002708 -0.862526 0.023306 0.000000
0.185151 -1.179542 0.021968 0.000000
0.383127 -0.038017 0.086611 0.000000
0.385398 0.307083 0.061415 0.000000
0.395310 0.347435 0.031467 0.000000
0.600377 -0.055745 -0.043059 0.000000
0.568701 -0.189591 -0.100296 0.000000
0.296532 -0.113030 0.029073 0.000000
0.048394 -0.708516 0.029853 0.000000
0.645767 -0.101708 -0.056919 0.000000
-0.041138 -0.981479 -0.016600 0.000000
-0.095184 -1.099082 -0.030933 0.000000
0.171101 -1.081142 0.043553 0.000000
0.195405 -1.104487 0.014698 0.000000
0.171749 -0.475054 0.041364 0.000000
0.327286 0.071729 -0.013121 0.000000
0.308358 0.170189 0.007187 0.000000
0.352923 0.490957 0.046002 0.000000
0.158159 -1.186808 0.044008 0.000000
0.205286 -1.041266 0.039124 0.000000
0.180921 -1.160437 0.053800 0.000000
0.100738 -0.661134 0.033393 0.000000
0.431543 0.224632 0.027239 0.000000
0.394971 0.179822 0.011984 0.000000
0.409601 0.119740 -0.008514 0.000000
0.509489 -0.362599 0.105010 0.000000
0.443777 -0.190180 0.092736 0.000000
-0.071643 -1.039309 -0.011541 0.000000
0.195044 -0.973680 -0.039122 1.000000
0.223747 -1.007995 -0.075501 1.000000
0.390633 -0.103918 0.072516 0.000000
0.192945 -1.240343 -0.266415 1.000000
0.532612 -0.404332 0.113802 0.000000
0.698835 -0.137666 -0.074304 0.000000
0.487350 0.105246 0.157708 0.000000
0.431623 -0.147132 0.093183 0.000000
0.120016 -1.284296 0.063904 0.000000
0.357057 0.008950 0.048644 0.000000
0.390175 0.411616 0.041590 0.000000
0.407788 0.281961 0.032769 0.000000
0.752030 -0.166040 -0.094180 0.000000
0.224056 -0.365979 0.039464 0.000000
0.250204 0.061246 -0.024787 0.000000
0.121630 -1.332332 0.033653 0.000000
0.223199 -0.923796 0.017760 0.000000
0.137485 -1.213321 0.042854 0.000000
0.187051 -1.180375 -0.222898 1.000000
0.154333 -1.131797 0.053209 0.000000
0.334407 0.319236 0.057270 0.000000
0.354481 -0.119754 0.005635 0.000000
0.569596 -0.447996 0.138315 0.000000
0.622538 -0.473292 0.151837 0.000000
0.254602 -0.302576 0.035742 0.000000
0.307882 -0.003356 0.036933 0.000000
0.022326 -0.847346 0.007602 0.000000
0.325675 0.017139 -0.009185 0.000000
0.380334 -0.053888 0.057451 0.000000
0.355471 0.078074 -0.004258 0.000000
0.132961 -0.522714 0.024822 0.000000
0.194466 -0.078656 -0.061658 0.000000
0.232070 -0.836793 0.017821 0.000000
0.254918 -0.576974 0.011739 0.000000
0.182437 -1.294569 0.059291 0.000000
0.179763 -1.013466 0.027492 0.000000
0.341717 0.431823 0.061355 0.000000
0.206581 -0.982303 0.020920 0.000000
0.283715 0.249712 0.036318 0.000000
0.500370 0.075509 -0.005096 0.000000
0.416908 0.077821 -0.015766 0.000000
0.670117 -0.508973 0.161503 0.000000
0.363636 -0.003204 0.074487 0.000000
0.226522 -0.891464 0.018333 0.000000
0.162987 -1.354637 -0.382103 1.000000
0.218711 -0.924826 -0.010909 1.000000
0.529145 0.036600 -0.016770 0.000000
0.186862 -0.414547 0.016530 0.000000
0.486744 -0.305591 0.098049 0.000000
0.254337 -0.522124 0.024891 0.000000
0.456765 0.169718 0.014605 0.000000
0.531598 -0.154259 -0.065948 0.000000
0.233964 -0.783697 0.021624 0.000000
0.052967 -0.087688 -0.103572 0.000000
0.449373 -0.023077 -0.022281 0.000000
0.571813 -0.000068 -0.028902 0.000000
0.054406 -0.768572 0.017530 0.000000
0.251538 -0.631559 0.011765 0.000000
0.133350 -0.578071 0.037823 0.000000
0.198961 -1.085738 0.047859 0.000000
0.208039 -1.043701 0.011235 0.000000
0.342830 -0.067996 0.023983 0.000000
0.258027 0.216580 0.001560 0.000000
0.466755 -0.245963 0.094561 0.000000
0.385567 0.477616 0.045926 0.000000
0.266865 -0.389486 0.024378 0.000000
0.024455 -0.129548 -0.120497 0.000000
0.229819 0.177031 -0.016357 0.000000
0.190260 0.123236 -0.028242 0.000000
0.195051 -1.088794 -0.125400 1.000000
0.335587 0.375094 0.050327 0.000000
0.244099 -0.315021 0.012476 0.000000
0.233393 0.016970 -0.032997 0.000000
0.446801 -0.161631 -0.135607 0.000000
0.172512 -1.288145 0.034951 0.000000
0.405323 -0.145845 0.079543 0.000000
0.203457 -1.172285 -0.203133 1.000000
0.259879 -0.292515 0.010612 0.000000
0.170395 -1.256886 0.037877 0.000000
0.481374 0.125568 0.140657 0.000000
0.024652 -0.781265 0.026669 0.000000
0.236542 -0.032417 -0.036360 0.000000
0.235105 -0.686810 0.009998 0.000000
0.357173 0.456611 0.039358 0.000000
0.425499 -0.124216 -0.110331 0.000000
0.312477 0.051693 0.042953 0.000000
0.031326 -0.822679 0.011733 0.000000
0.478796 -0.069347 -0.025294 0.000000
0.338967 0.179462 0.008111 0.000000
0.303923 -0.059134 0.046289 0.000000
0.231743 -0.734353 0.021317 0.000000
0.133064 -1.234061 0.058649 0.000000
0.494262 -0.356549 0.125752 0.000000
0.509719 -0.111177 -0.041747 0.000000
0.184118 -1.128434 0.027574 0.000000
0.428007 0.023510 -0.014076 0.000000
0.172830 -1.208774 0.039982 0.000000
0.464983 -0.210217 -0.148516 0.000000
0.334218 -0.084477 0.005505 0.000000
0.489311 -0.255167 -0.153121 0.000000
0.215018 -0.990415 -0.055030 1.000000
0.304127 0.286652 0.034470 0.000000
0.252868 -0.478970 0.020346 0.000000
0.316695 0.169396 0.041028 0.000000
0.362957 0.359792 0.039094 0.000000
0.300426 -0.095268 0.047032 0.000000
0.219818 -0.952682 -0.030001 1.000000
0.258699 -0.434459 0.024074 0.000000
0.152248 0.059835 -0.034637 0.000000
-0.061454 -1.023151 -0.027992 0.000000
0.322405 0.216529 0.044618 0.000000
0.481800 0.122881 0.008056 0.000000
0.336188 -0.027988 0.009347 0.000000
0.428795 -0.210233 0.094385 0.000000
0.211638 0.150739 0.000403 0.000000
0.128939 -1.153710 0.032500 0.000000
0.031972 -0.296215 -0.247081 0.000000
0.040984 -0.732253 0.029307 0.000000
0.138106 -0.240192 -0.161101 0.000000
0.534283 -0.415009 0.136897 0.000000
0.204139 -1.118565 -0.186294 1.000000
0.071786 -0.283372 -0.219205 0.000000
0.185296 -1.226892 0.056620 0.000000
0.455695 -0.273102 0.108949 0.000000
0.219472 -1.039325 -0.109044 1.000000
0.243392 -0.324437 0.037885 0.000000
0.365558 0.028385 -0.035385 0.000000
0.104729 -0.266067 -0.186370 0.000000
0.168032 0.076981 -0.025290 0.000000
0.404856 -0.092455 0.088849 0.000000
0.214078 -0.032275 -0.046129 0.000000
0.331683 0.219328 0.018399 0.000000
0.088238 -0.680608 0.026960 0.000000
0.172101 -0.147780 -0.088501 0.000000
0.117585 -0.541071 0.023366 0.000000
0.335160 0.259716 0.018185 0.000000
0.336884 0.130217 0.002920 0.000000
0.176587 -1.154778 0.026064 0.000000
0.412964 -0.084294 -0.088516 0.000000
0.398582 -0.045091 -0.064772 0.000000
0.178196 -1.102453 0.036654 0.000000
0.398156 0.237850 0.009217 0.000000
0.261035 0.082382 -0.028547 0.000000
0.193990 -0.390130 0.017358 0.000000
0.156021 -1.157264 0.055675 0.000000
0.387586 -0.009976 -0.041405 0.000000
-0.018119 -0.893703 0.016573 0.000000
0.062403 -0.689484 0.029182 0.000000
-0.044076 -0.964801 -0.000827 0.000000
0.116819 0.035275 -0.055736 0.000000
0.174958 -1.231697 0.026617 0.000000
0.225244 0.168833 0.004635 0.000000
0.461276 0.163141 0.116001 0.000000
0.302328 0.148241 0.010351 0.000000
0.161315 -1.324434 -0.335225 1.000000
0.322516 0.258204 0.047381 0.000000
0.189393 -1.136235 -0.166519 1.000000
0.114695 -0.588872 0.029394 0.000000
0.262912 -0.343751 0.023848 0.000000
0.441699 0.197512 0.095780 0.000000
0.170599 -1.064126 0.027273 0.000000
0.403459 0.196979 -0.000011 0.000000
0.285268 0.127048 0.000060 0.000000
0.190086 -1.220181 -0.253763 1.000000
0.506436 0.064508 0.186413 0.000000
0.331269 0.096246 0.047983 0.000000
0.316471 0.129764 0.039444 0.000000
0.422389 0.065821 0.002325 0.000000
0.232782 -0.344007 0.040302 0.000000
0.183252 -0.449583 0.033890 0.000000
0.139847 0.029506 -0.038617 0.000000
0.141392 -1.171443 0.041553 0.000000
0.214467 -0.088301 -0.060585 0.000000
0.602293 -0.033646 -0.045892 0.000000
0.518503 0.035707 0.219628 0.000000
0.370158 0.438664 0.030372 0.000000
0.142838 -1.194603 0.057990 0.000000
0.195928 -1.265324 -0.276062 1.000000
0.237031 0.038751 -0.033091 0.000000
0.172221 -1.280431 -0.300442 1.000000
0.184272 -1.045249 0.013454 0.000000
0.102746 -0.639347 0.032041 0.000000
-0.031806 -0.935801 0.012771 0.000000
0.163380 -0.492694 0.031646 0.000000
0.262398 -0.538963 0.010947 0.000000
0.402453 0.128245 0.010199 0.000000
0.190555 -1.224239 -0.229642 1.000000
0.167512 -1.089021 0.023385 0.000000
0.390673 0.290024 0.022297 0.000000
0.428867 0.227717 0.082650 0.000000
0.520886 -0.386152 0.110209 0.000000
0.349343 0.031352 0.055368 0.000000
0.399720 0.271519 0.015844 0.000000
0.329765 0.085827 0.002868 0.000000
0.168167 -0.187775 -0.112831 0.000000
0.317750 0.307777 0.031083 0.000000
0.413344 0.098445 -0.011343 0.000000
0.456747 -0.012876 -0.004722 0.000000
0.268737 0.234857 0.004071 0.000000
0.345040 0.407778 0.030027 0.000000
0.279413 -0.190946 0.035471 0.000000
-0.075789 -1.051572 -0.030044 0.000000
0.066513 -0.718719 0.025747 0.000000
0.275600 0.097699 0.000422 0.000000
0.163158 -0.205360 -0.128783 0.000000
0.103186 0.010358 -0.060110 0.000000
0.161182 -0.468507 0.023606 0.000000
0.308717 0.094714 0.039772 0.000000
0.184302 -1.140100 0.045068 0.000000
0.169038 -1.198179 0.057866 0.000000
0.371756 -0.022700 0.077980 0.000000
0.194769 -1.017519 -0.077370 1.000000
0.178329 -1.181660 0.042079 0.000000
0.128865 -1.243853 0.036938 0.000000
0.143470 -0.504702 0.023951 0.000000
0.192407 -1.055080 0.030507 0.000000
0.337248 0.298715 0.056909 0.000000
0.415219 0.261264 0.083531 0.000000
0.121374 -1.252212 0.054223 0.000000
0.251366 0.208755 0.019362 0.000000
-0.049356 -0.984437 0.001983 0.000000
0.194313 -1.000456 0.021165 0.000000
0.109488 -1.250463 0.036457 0.000000
0.179620 -1.315885 0.067986 0.000000
0.267895 -0.446556 0.010437 0.000000
0.331377 0.063337 0.005844 0.000000
0.179423 -0.432173 0.023500 0.000000
0.432870 0.048844 0.006178 0.000000
0.083102 -0.651068 0.028852 0.000000
0.284890 -0.233410 0.024623 0.000000
0.342559 0.371330 0.028783 0.000000
0.333292 0.069834 0.057382 0.000000
0.217914 -0.904949 -0.004934 1.000000
0.323250 0.049790 -0.013001 0.000000
0.349015 0.331937 0.027883 0.000000
0.268406 -0.267907 0.023024 0.000000
0.210697 -0.377772 0.030251 0.000000
0.554414 -0.434001 0.143206 0.000000
0.277845 -0.304454 0.025920 0.000000
0.221341 -0.355460 0.020214 0.000000
0.171070 -1.334579 -0.351765 1.000000
0.287220 0.268965 0.039548 0.000000
0.174184 -1.301099 -0.324486 1.000000
0.200162 -1.048928 -0.102090 1.000000
0.433107 -0.172957 0.096278 0.000000
0.438511 -0.235558 0.099957 0.000000
0.180024 -1.245676 0.055207 0.000000
0.659467 -0.110083 -0.069037 0.000000
0.242406 -0.643204 0.024513 0.000000
0.213239 -0.884557 0.005804 0.000000
-0.010983 -0.906455 -0.000950 0.000000
0.319157 0.323921 0.046092 0.000000
0.021938 -0.808531 0.021257 0.000000
0.167556 0.094329 -0.037207 0.000000
0.208261 -1.074839 -0.131653 1.000000
0.440732 -0.179916 -0.133595 0.000000
0.084258 -0.022810 -0.071913 0.000000
0.396123 0.159451 0.011242 0.000000
-0.090215 -1.080997 -0.035714 0.000000
0.290405 -0.162167 0.031894 0.000000
-0.022994 -0.931218 -0.006134 0.000000
0.613716 -0.048045 -0.054731 0.000000
0.302723 0.161489 -0.009724 0.000000
0.198539 -1.027635 0.027236 0.000000
0.105014 -0.613309 0.029351 0.000000
0.257747 -0.515188 0.007250 0.000000
0.435931 0.212849 0.012687 0.000000
0.315522 0.184733 -0.004641 0.000000
0.242231 -0.676033 0.024202 0.000000
0.185973 -1.075904 0.032737 0.000000
0.424458 -0.191298 0.091469 0.000000
0.336752 0.337892 0.051163 0.000000
0.337718 0.417015 0.050055 0.000000
0.157089 -1.214615 0.048973 0.000000
0.177581 -1.196865 0.023863 0.000000
0.521816 -0.400238 0.128883 0.000000
0.479121 -0.318330 0.113059 0.000000
0.165587 -1.167736 0.042713 0.000000
0.231295 -0.721209 0.007790 0.000000
0.375146 -0.040437 0.069614 0.000000
0.197410 -1.089970 0.026566 0.000000
0.383378 -0.056808 0.077381 0.000000
0.547476 -0.144868 -0.062584 0.000000
0.362670 -0.008665 0.054828 0.000000
0.192541 -1.094596 -0.143010 1.000000
0.338988 0.210046 0.003564 0.000000
0.004787 -0.846061 0.018740 0.000000
0.229787 -0.984152 -0.064548 1.000000
0.264799 0.099079 -0.021219 0.000000
0.322947 0.022015 0.008568 0.000000
0.467913 -0.288760 0.107758 0.000000
0.439982 0.207684 0.030073 0.000000
0.383884 -0.076224 0.065600 0.000000
0.162309 -1.370887 -0.373175 1.000000
0.428069 0.236537 0.013489 0.000000
0.437037 0.210282 0.083218 0.000000
0.294467 -0.127702 0.041047 0.000000
0.195903 -0.988477 -0.053346 1.000000
0.631293 -0.089960 -0.052194 0.000000
0.177295 -1.242778 -0.275899 1.000000
0.364699 0.058780 -0.010976 0.000000
0.131818 -0.560717 0.031711 0.000000
0.345316 0.085616 -0.017654 0.000000
0.194084 -1.008314 0.037874 0.000000
0.239691 -0.014793 -0.032018 0.000000
0.370148 0.038068 -0.020430 0.000000
0.267754 -0.471770 0.012360 0.000000
0.214864 -0.841252 0.013243 0.000000
0.204346 -1.139826 -0.176489 1.000000
0.453180 0.183548 0.026079 0.000000
0.182345 -1.196689 -0.229781 1.000000
0.147395 -0.529201 0.034042 0.000000
0.172157 -1.277923 0.060409 0.000000
0.394308 0.329147 0.032868 0.000000
0.399477 -0.122240 0.076078 0.000000
0.437866 0.037477 -0.007569 0.000000
0.391050 0.363300 0.039405 0.000000
0.343389 0.300676 0.021556 0.000000
0.633364 -0.486917 0.146409 0.000000
0.477009 -0.054437 -0.013281 0.000000
0.292991 -0.143948 0.023095 0.000000
0.048515 -0.749183 0.025041 0.000000
0.068421 -0.048979 -0.083490 0.000000
0.199951 -1.193356 -0.225013 1.000000
0.217105 -0.906894 0.013012 0.000000
0.260084 -0.559800 0.009757 0.000000
0.344715 0.479373 0.059599 0.000000
0.566696 0.015614 -0.021841 0.000000
0.213427 -0.940191 -0.018487 1.000000
0.395016 0.291967 0.062017 0.000000
0.331589 -0.000010 -0.004818 0.000000
0.200352 -1.067301 0.040898 0.000000
0.140559 -1.152525 0.048013 0.000000
0.000058 -0.874236 0.010069 0.000000
0.352248 0.473172 0.044555 0.000000
0.404263 0.215571 0.000239 0.000000
0.324519 0.168145 0.056999 0.000000
0.263383 -0.287036 0.037892 0.000000
0.211775 -0.976200 -0.044695 1.000000
0.475177 0.141979 0.020834 0.000000
0.322725 0.111705 0.037494 0.000000
0.385004 0.459792 0.042167 0.000000
0.172396 -1.126627 0.040824 0.000000
0.300906 -0.095665 0.029007 0.000000
0.198018 -0.416393 0.030199 0.000000
0.467336 -0.263182 0.099353 0.000000
0.190422 0.113418 -0.013526 0.000000
0.292084 -0.197224 0.022956 0.000000
0.251419 -0.497642 0.012323 0.000000
0.230014 -0.793022 0.007173 0.000000
0.576578 -0.197645 -0.113859 0.000000
0.613232 -0.066363 -0.048694 0.000000
0.416427 -0.157559 0.088151 0.000000
0.403020 0.169900 -0.001188 0.000000
0.563788 -0.440073 0.121502 0.000000
0.193507 -1.113778 0.029851 0.000000
0.462194 -0.032634 -0.014720 0.000000
0.107762 -0.022787 -0.066792 0.000000
0.485643 0.107702 -0.001032 0.000000
-0.055003 -0.991955 -0.012767 0.000000
0.568249 -0.019624 -0.031546 0.000000
0.325654 -0.024235 -0.003971 0.000000
0.146977 -1.171088 0.061096 0.000000
0.128957 -1.201057 0.033795 0.000000
-0.102783 -1.114091 -0.035265 0.000000
0.132938 -1.187358 0.070248 0.000000
0.582647 -0.454327 0.128811 0.000000
0.188319 -1.209256 0.055847 0.000000
0.406001 0.300341 0.029232 0.000000
0.185970 -1.221670 0.035577 0.000000
0.234251 -0.953924 -0.041505 1.000000
0.041752 -0.779902 0.020584 0.000000
0.348536 0.447389 0.056196 0.000000
0.388645 0.394432 0.039417 0.000000
0.192478 -1.176443 0.050384 0.000000
0.375856 0.001011 -0.047564 0.000000
0.204581 0.139713 -0.014393 0.000000
0.198198 -1.016574 0.014137 0.000000
0.192785 -1.115210 -0.165050 1.000000
0.459977 0.160549 0.000500 0.000000
0.264272 -0.419281 0.029708 0.000000
0.309736 -0.021881 0.035309 0.000000
0.161908 -1.095024 0.039691 0.000000
0.416318 0.271998 0.019751 0.000000
0.236183 -0.765353 0.023032 0.000000
0.207125 -1.005573 -0.071749 1.000000
0.232826 -0.818602 0.019141 0.000000
0.324355 0.087696 0.060906 0.000000
0.260206 -0.371050 0.021158 0.000000
0.369416 -0.126246 0.010351 0.000000
0.207166 -0.963707 -0.032324 1.000000
0.449030 -0.205491 0.097603 0.000000
0.160596 -1.301727 0.038804 0.000000
0.143977 -0.223464 -0.129214 0.000000
0.356726 0.011174 0.066341 0.000000
0.146120 -1.227439 0.048372 0.000000
0.329711 0.357529 0.048795 0.000000
0.406702 0.135950 -0.005155 0.000000
0.313260 0.187343 0.011798 0.000000
0.336264 -0.049919 0.018605 0.000000
0.391742 0.196230 0.012715 0.000000
0.249874 -0.588400 0.022834 0.000000
0.262396 -0.507596 0.026424 0.000000
0.478898 -0.220671 -0.147751 0.000000
0.335249 -0.068128 0.008647 0.000000
0.185134 -0.155378 -0.095582 0.000000
0.386915 0.228614 0.017274 0.000000
0.188319 -1.277314 -0.303091 1.000000
0.336010 0.078866 0.041805 0.000000
0.253993 0.047288 -0.016643 0.000000
0.511936 0.082817 0.004284 0.000000
0.216488 -0.824749 0.012846 0.000000
0.179465 -1.053027 0.040670 0.000000
0.242754 -0.621779 0.021873 0.000000
0.419146 -0.137677 0.087736 0.000000
0.310990 -0.044216 0.044868 0.000000
0.510006 -0.374255 0.116726 0.000000
0.173103 -1.298397 0.022009 0.000000
0.188650 -1.154978 0.039365 0.000000
0.560493 -0.176193 -0.090139 0.000000
0.182086 -1.030755 0.024934 0.000000
0.340644 0.063188 0.043690 0.000000
0.170258 -1.150863 0.045754 0.000000
0.379373 0.025727 -0.026761 0.000000
0.343176 -0.097843 0.008678 0.000000
0.610937 -0.472128 0.140116 0.000000
0.347055 0.443738 0.039147 0.000000
0.543188 0.040865 -0.009556 0.000000
0.325540 0.033441 -0.009910 0.000000
0.501849 -0.343706 0.101932 0.000000
0.214886 -0.969403 0.026377 0.000000
0.386196 0.427401 0.041345 0.000000
0.212581 -1.017061 -0.083810 1.000000
0.285720 -0.176257 0.038477 0.000000
0.205113 -0.918068 -0.005168 1.000000
-0.056983 -1.009200 -0.021002 0.000000
0.171033 -1.173685 0.027381 0.000000
0.203897 -0.066898 -0.055758 0.000000
0.541120 -0.417993 0.115464 0.000000
0.300512 -0.061772 0.030701 0.000000
0.047234 -0.073945 -0.097387 0.000000
0.686327 -0.128322 -0.069892 0.000000
0.213355 -1.034400 0.026989 0.000000
0.222043 0.164160 -0.010436 0.000000
0.318180 0.034503 0.037399 0.000000
0.189198 -1.177499 -0.197783 1.000000
0.492711 0.092561 0.166002 0.000000
0.260938 0.066325 -0.012908 0.000000
0.257505 -0.459404 0.012383 0.000000
0.303468 -0.075092 0.044567 0.000000
0.486467 -0.343452 0.120715 0.000000
0.223987 -0.875590 0.013644 0.000000
0.327252 0.207940 0.057235 0.000000
0.256087 -0.559629 0.025359 0.000000
0.316230 0.011478 0.045677 0.000000
0.764438 -0.172626 -0.101795 0.000000
0.394191 -0.088403 0.077710 0.000000
-0.088903 -1.087749 -0.021337 0.000000
0.283309 -0.273256 0.018624 0.000000
0.191759 -1.249683 -0.279246 1.000000
0.442081 -0.151276 -0.123949 0.000000
0.423525 0.241970 0.027987 0.000000
0.231312 -0.777223 0.007258 0.000000
0.492415 -0.320385 0.098134 0.000000
0.216267 -0.937770 0.020448 0.000000
0.465764 0.154723 0.015667 0.000000
0.102255 -0.579515 0.026592 0.000000
0.238720 -0.748398 0.015322 0.000000
0.229706 -0.890894 0.002874 1.000000
0.257524 -0.401698 0.020804 0.000000
0.433197 -0.136381 -0.118963 0.000000
0.170694 -1.258324 0.056863 0.000000
0.401277 0.143951 0.009853 0.000000
0.193095 -1.098690 0.040060 0.000000
0.250478 -0.595951 0.006480 0.000000
0.316094 0.148229 0.039977 0.000000
0.269516 -0.280243 0.012554 0.000000
0.084994 -1.348814 0.085688 0.000000
0.268365 -0.484359 0.021703 0.000000
0.341951 0.416181 0.065125 0.000000
0.102024 -1.329972 0.038725 0.000000
0.740735 -0.157602 -0.087366 0.000000
-0.064366 -1.025606 -0.010168 0.000000
0.038458 -0.117119 -0.118839 0.000000
0.331628 0.381289 0.064030 0.000000
0.207760 -1.052104 0.028283 0.000000
0.344675 0.041083 0.066501 0.000000
0.453589 0.191701 0.103849 0.000000
0.055334 -0.729630 0.023492 0.000000
0.171266 -1.290290 -0.313573 1.000000
0.146557 0.069422 -0.045371 0.000000
0.134709 -0.540201 0.028530 0.000000
0.155818 -1.144948 0.045250 0.000000
0.127446 0.026807 -0.048403 0.000000
0.199744 -0.093152 -0.064153 0.000000
0.231710 -0.801047 0.020314 0.000000
0.713095 -0.145690 -0.078199 0.000000
0.453237 -0.240004 0.098939 0.000000
0.656844 -0.502876 0.156605 0.000000
0.207651 -1.095265 -0.138510 1.000000
0.337206 0.195050 0.006549 0.000000
0.181389 -0.136166 -0.083090 0.000000
0.237502 -0.637707 0.010596 0.000000
0.167009 -1.224619 0.037679 0.000000
0.228028 -0.850181 0.011553 0.000000
0.020470 -0.833253 0.013972 0.000000
0.453411 -0.200122 -0.144036 0.000000
-0.082660 -1.067030 -0.035236 0.000000
0.495695 -0.105913 -0.038721 0.000000
0.401813 -0.106202 0.082680 0.000000
0.137771 -1.218364 0.057392 0.000000
0.383116 0.317403 0.050404 0.000000
0.254278 -0.616161 0.012903 0.000000
0.273695 0.239001 0.019672 0.000000
0.408711 0.107229 0.000230 0.000000
0.417081 0.079799 -0.000557 0.000000
0.138873 -0.234309 -0.140605 0.000000
0.109552 -0.004603 -0.058640 0.000000
0.523530 0.049790 -0.011621 0.000000
0.274209 -0.222816 0.026620 0.000000
0.271013 -0.431692 0.015655 0.000000
0.227800 -0.935283 -0.019746 1.000000
0.064360 -0.075648 -0.094286 0.000000
0.045557 -0.099454 -0.109347 0.000000
0.296882 -0.048419 0.036539 0.000000
0.289126 -0.202258 0.039945 0.000000
0.166928 -1.356322 -0.367716 1.000000
0.172289 -1.220160 0.053435 0.000000
0.679636 -0.519852 0.166824 0.000000
0.192182 -1.211017 -0.222796 1.000000
0.362886 -0.131867 -0.001901 0.000000
0.532953 -0.139855 -0.062116 0.000000
0.233472 -0.000844 -0.033087 0.000000
0.283965 -0.256704 0.027641 0.000000
0.222076 -0.045229 -0.044895 0.000000
0.196662 -1.125841 -0.175662 1.000000
0.245261 0.017163 -0.023999 0.000000
0.344431 0.094045 0.001359 0.000000
0.132331 -1.225560 0.036125 0.000000
0.354300 -0.107017 0.014836 0.000000
0.335674 0.058158 0.067167 0.000000
0.557685 0.003294 -0.025674 0.000000
0.172329 -1.175984 0.054439 0.000000
0.412635 0.259176 0.031180 0.000000
0.236602 0.188036 -0.007089 0.000000
0.166638 -1.241574 0.033903 0.000000
0.335304 0.260134 0.054566 0.000000
0.231408 -0.917904 -0.007828 1.000000
0.186366 -1.202519 0.034287 0.000000
0.477683 -0.303693 0.110507 0.000000
0.398089 0.255603 0.012217 0.000000
0.194125 -0.403831 0.023551 0.000000
0.239359 -0.700484 0.006616 0.000000
0.072833 -0.032841 -0.075992 0.000000
0.490072 -0.079412 -0.024583 0.000000
0.462113 0.177113 0.111509 0.000000
0.331289 0.118206 -0.003385 0.000000
0.234952 -0.736942 0.006981 0.000000
0.331531 0.223279 0.053866 0.000000
0.067976 -0.703602 0.027109 0.000000
0.365564 0.345450 0.037974 0.000000
0.308716 0.067837 0.042158 0.000000
0.389069 0.273186 0.025683 0.000000
0.495869 0.070508 0.178104 0.000000
0.187200 -1.142432 0.030168 0.000000
0.240448 -0.326789 0.020238 0.000000
0.413328 -0.120421 -0.103326 0.000000
0.151576 -0.212138 -0.123185 0.000000
0.092904 -0.621731 0.027796 0.000000
0.246674 -0.314430 0.027884 0.000000
0.087590 -0.665709 0.029294 0.000000
0.392110 0.300250 0.050474 0.000000
0.345356 -0.081615 0.019708 0.000000
0.273918 -0.336786 0.017490 0.000000
0.186411 -1.121238 0.040627 0.000000
0.342986 0.393278 0.055369 0.000000
0.513865 0.070531 -0.003105 0.000000
0.234643 -0.672379 0.010560 0.000000
0.456593 -0.253870 0.101934 0.000000
0.272473 -0.378629 0.016690 0.000000
0.499619 0.089360 -0.001132 0.000000
0.254172 -0.445681 0.015278 0.000000
0.278384 -0.204130 0.028419 0.000000
0.167490 -1.194533 0.036218 0.000000
0.225409 -0.023879 -0.039586 0.000000
0.244532 -0.696573 0.021843 0.000000
0.076706 -0.690609 0.028295 0.000000
0.207508 -0.385286 0.017986 0.000000
0.288776 0.260649 0.027933 0.000000
0.302457 -0.109188 0.041583 0.000000
0.332985 0.226390 0.005993 0.000000
0.370994 0.014072 -0.040359 0.000000
0.324412 0.007996 0.011064 0.000000
0.333395 -0.014546 0.003670 0.000000
0.394412 -0.055363 -0.074010 0.000000
0.272065 -0.402934 0.021368 0.000000
0.207279 -1.046229 -0.114824 1.000000
0.258557 -0.535703 0.025957 0.000000
0.043239 -0.766517 0.026145 0.000000
0.114808 -1.239570 0.075936 0.000000
0.423121 -0.108536 -0.105156 0.000000
0.147358 -1.203802 0.046685 0.000000
0.142051 -1.181714 0.051394 0.000000
0.357045 0.415406 0.036103 0.000000
0.414665 0.258196 0.069644 0.000000
0.262103 -0.286166 0.023118 0.000000
0.380775 0.491339 0.048917 0.000000
0.189253 -1.040747 0.031993 0.000000
0.156542 -0.214882 -0.136930 0.000000
0.191072 -1.199885 0.020897 0.000000
0.189772 -1.193767 -0.241518 1.000000
0.172836 -1.051438 0.018887 0.000000
0.121106 -0.575515 0.031353 0.000000
0.242024 -0.582784 0.012613 0.000000
0.067454 -0.653011 0.028930 0.000000
0.438256 -0.221637 0.097294 0.000000
0.497860 -0.351089 0.113334 0.000000
0.334990 0.443966 0.059449 0.000000
0.207126 -0.897049 0.013324 0.000000
0.536999 0.052769 -0.004776 0.000000
0.328893 -0.039139 0.000619 0.000000
0.401410 -0.077516 0.090957 0.000000
0.303665 0.009791 0.039775 0.000000
0.204612 -1.038770 -0.082352 1.000000
0.180614 -1.166015 0.033980 0.000000
0.355276 0.373963 0.034166 0.000000
0.522368 -0.115391 -0.045791 0.000000
0.205149 -1.141877 -0.191242 1.000000
0.113483 0.021765 -0.056213 0.000000
0.366523 -0.015473 0.066341 0.000000
0.249869 -0.647821 0.011024 0.000000
0.020333 -0.140595 -0.127785 0.000000
0.342295 0.362655 0.051537 0.000000
0.402979 -0.076611 -0.082705 0.000000
0.343785 0.394622 0.036519 0.000000
0.270922 -0.273834 0.035231 0.000000
0.029811 -0.792999 0.021555 0.000000
0.478101 0.136655 0.133120 0.000000
0.183601 0.111309 -0.026315 0.000000
0.218918 -0.996914 -0.068860 1.000000
0.396767 0.223632 0.008548 0.000000
0.266364 0.223482 0.013568 0.000000
0.281912 0.125168 -0.013372 0.000000
0.125182 -1.277908 0.046063 0.000000
0.641568 -0.090783 -0.064108 0.000000
0.318114 0.099762 0.049733 0.000000
0.320143 0.246254 0.053679 0.000000
0.245491 0.047917 -0.027381 0.000000
0.191916 -1.053930 -0.111832 1.000000
0.483232 -0.242516 -0.152852 0.000000
0.248058 -0.565323 0.015840 0.000000
0.439204 0.016472 -0.010605 0.000000
0.215361 -0.074333 -0.055624 0.000000
0.127930 -0.590591 0.038070 0.000000
0.177841 -1.194477 0.048122 0.000000
0.207599 -0.997511 0.020476 0.000000
-0.033049 -0.962143 -0.009441 0.000000
0.104973 -0.598218 0.027737 0.000000
0.335761 0.167270 0.003046 0.000000
-0.009543 -0.883917 0.012686 0.000000
0.306251 -0.016334 0.047191 0.000000
0.252305 -0.305857 0.019003 0.000000
0.143108 -0.516576 0.031543 0.000000
0.245617 0.199074 0.010653 0.000000
0.450375 -0.009709 -0.016231 0.000000
0.241298 -0.661599 0.025034 0.000000
0.236115 -0.334295 0.031507 0.000000
0.148974 -1.104546 0.021429 0.000000
0.380803 -0.012680 -0.052775 0.000000
0.209463 -0.046046 -0.049598 0.000000
-0.016950 -0.919099 -0.000385 0.000000
0.343051 0.249216 0.021220 0.000000
0.333127 0.272446 0.014241 0.000000
0.157998 0.071969 -0.033528 0.000000
0.229612 -0.863417 0.014820 0.000000
0.100319 -0.271931 -0.200007 0.000000
0.060599 -0.753826 0.021357 0.000000
0.256430 -0.421345 0.018985 0.000000
0.478649 -0.292075 0.100388 0.000000
0.190884 -1.156214 0.020915 0.000000
0.208564 -1.038107 -0.101304 1.000000
0.187373 -1.102580 0.025260 0.000000
0.322011 0.181362 0.043844 0.000000
0.339181 0.335192 0.019397 0.000000
0.217716 -0.370192 0.021731 0.000000
0.162813 -0.479202 0.032314 0.000000
0.208804 -1.021706 0.033429 0.000000
0.238355 -0.928433 -0.015224 1.000000
0.177502 -1.087128 0.032062 0.000000
0.270907 -0.393826 0.011665 0.000000
0.352069 0.361962 0.028706 0.000000
0.262590 -0.525228 0.014592 0.000000
0.129083 -1.247469 0.064033 0.000000
0.151062 -1.162608 0.044054 0.000000
0.418866 -0.093066 -0.096627 0.000000
0.516259 -0.374756 0.105001 0.000000
0.506491 -0.099176 -0.034697 0.000000
0.331906 0.090235 -0.009433 0.000000
0.401360 0.183510 0.000991 0.000000
0.348913 0.312526 0.023596 0.000000
0.267739 -0.299618 0.018540 0.000000
0.464627 -0.223383 -0.149773 0.000000
0.172360 -1.306815 0.061677 0.000000
0.295389 0.277109 0.028718 0.000000
0.427781 0.239993 0.087417 0.000000
0.269658 0.092175 -0.010006 0.000000
0.345445 0.406015 0.052963 0.000000
-0.074736 -1.053708 -0.017075 0.000000
0.321889 -0.011877 -0.006550 0.000000
0.306739 0.301936 0.037865 0.000000
0.544342 -0.423084 0.134335 0.000000
0.405440 -0.132334 0.082028 0.000000
0.238589 -0.723359 0.023447 0.000000
0.120386 -0.554517 0.027983 0.000000
0.331294 0.058754 -0.007892 0.000000
-0.031490 -0.939070 -0.000037 0.000000
0.500830 -0.367704 0.123972 0.000000
0.321246 0.158425 0.046473 0.000000
0.496148 -0.266458 -0.153070 0.000000
0.257551 0.088521 -0.017555 0.000000
0.150618 -0.494710 0.028362 0.000000
0.589312 -0.455103 0.144087 0.000000
0.435041 -0.169901 -0.127528 0.000000
0.326530 0.213812 0.003545 0.000000
0.428557 -0.161506 0.092119 0.000000
0.080659 -0.052980 -0.081387 0.000000
0.300025 0.158657 0.002971 0.000000
0.330899 0.366502 0.058828 0.000000
0.229583 -0.347796 0.027243 0.000000
0.581801 -0.011658 -0.034889 0.000000
0.019944 -0.300947 -0.247970 0.000000
0.018619 -0.820803 0.018766 0.000000
0.191191 -1.135981 0.019681 0.000000
0.225562 -0.745553 0.012092 0.000000
0.192116 -1.073182 0.016913 0.000000
0.411874 -0.108483 0.090454 0.000000
0.475623 0.133952 0.010531 0.000000
0.321398 0.134759 0.052136 0.000000
0.172559 -1.329218 -0.339400 1.000000
0.265657 -0.445475 0.026122 0.000000
0.222546 -0.978127 -0.055047 1.000000
0.328150 0.307530 0.054484 0.000000
0.199247 -1.218052 -0.237262 1.000000
0.326316 0.334280 0.057792 0.000000
0.221252 -0.960170 -0.040906 1.000000
0.448750 0.183814 0.012676 0.000000
0.323114 0.231437 0.047833 0.000000
0.232394 0.178951 0.000900 0.000000
0.208566 -0.950766 -0.024232 1.000000
0.479437 -0.080821 -0.031531 0.000000
-0.008359 -0.895990 0.005867 0.000000
0.160955 -0.197127 -0.118805 0.000000
0.237775 -0.948039 -0.030756 1.000000
0.251845 -0.531962 0.012374 0.000000
0.291163 -0.102534 0.033903 0.000000
0.532331 -0.410533 0.125137 0.000000
0.059923 -0.287650 -0.223346 0.000000
0.228216 -0.823190 0.008172 0.000000
-0.030353 -0.925976 0.004838 0.000000
0.089981 -0.640288 0.028644 0.000000
0.336244 0.141867 -0.001982 0.000000
0.277698 -0.291772 0.018052 0.000000
0.325502 0.184066 0.060290 0.000000
0.360840 0.039331 -0.031170 0.000000
0.272474 -0.234915 0.029788 0.000000
0.141016 -1.157352 0.032309 0.000000
0.205499 -1.138249 -0.164044 1.000000
0.126163 -0.249015 -0.162005 0.000000
0.164841 -0.179109 -0.103892 0.000000
0.608175 -0.464217 0.149491 0.000000
0.148092 -0.471159 0.022224 0.000000
0.204052 -1.031195 0.016538 0.000000
0.264525 -0.486846 0.010030 0.000000
0.294901 -0.129794 0.028704 0.000000
0.288853 -0.139630 0.035096 0.000000
-0.069132 -1.041236 -0.027744 0.000000
0.329263 0.288808 0.046886 0.000000
0.187375 -1.291884 -0.301636 1.000000
0.363274 -0.116395 0.014989 0.000000
0.387127 -0.091211 0.067800 0.000000
0.437141 -0.200711 0.093736 0.000000
0.144930 -1.156519 0.061364 0.000000
0.080898 -0.276510 -0.214127 0.000000
0.199194 -1.085627 -0.137452 1.000000
0.301522 -0.086695 0.037652 0.000000
0.390365 -0.036091 -0.062114 0.000000
0.180358 -1.116727 0.029627 0.000000
0.258396 -0.492421 0.021236 0.000000
0.389433 0.241727 0.017234 0.000000
0.169638 -1.326669 0.062413 0.000000
0.320802 0.089306 0.041382 0.000000
0.634306 -0.476829 0.153857 0.000000
0.041126 -0.294645 -0.238469 0.000000
0.075363 -0.677201 0.027761 0.000000
0.408345 0.289261 0.022740 0.000000
0.253692 -0.508616 0.017642 0.000000
0.186907 -0.441650 0.042674 0.000000
0.213820 0.149314 -0.013773 0.000000
0.258878 -0.467074 0.022004 0.000000
0.190891 -1.258027 -0.288346 1.000000
0.156964 -0.503373 0.034558 0.000000
0.258387 0.217564 0.024361 0.000000
0.170209 -0.457306 0.026325 0.000000
0.197227 -1.073244 -0.126410 1.000000
0.229290 -0.709997 0.012487 0.000000
0.033010 -0.808263 0.015869 0.000000
0.273708 -0.349075 0.018134 0.000000
0.203537 -1.115263 -0.171000 1.000000
0.188099 -0.423762 0.025730 0.000000
0.109369 -1.293232 0.037592 0.000000
0.199415 -0.408868 0.039775 0.000000
0.562780 -0.438865 0.133655 0.000000
0.184356 -1.278812 0.061116 0.000000
0.312670 0.118260 0.043829 0.000000
0.186543 -1.013854 0.016741 0.000000
-0.038653 -0.952925 -0.003662 0.000000
0.421387 0.066391 -0.009857 0.000000
0.239903 0.026987 -0.028943 0.000000
0.200155 -1.101608 0.030510 0.000000
0.329902 -0.018932 0.014640 0.000000
0.113456 -0.258917 -0.180758 0.000000
0.329790 0.074385 -0.001432 0.000000
0.420615 -0.135157 -0.112717 0.000000
0.390892 -0.019050 -0.050261 0.000000
0.620731 -0.479600 0.141560 0.000000
0.120038 -0.621009 0.034936 0.000000
0.312524 0.039300 0.047062 0.000000
0.256497 -0.549091 0.015060 0.000000
0.251204 -0.574815 0.023129 0.000000
0.272799 -0.314783 0.029915 0.000000
0.512388 -0.121917 -0.048217 0.000000
0.053885 -0.780635 0.020043 0.000000
0.170584 -1.268955 0.039361 0.000000
0.408079 -0.161114 0.080055 0.000000
0.218915 -0.895063 0.008001 0.000000
0.191083 -1.132064 0.037748 0.000000
0.209951 -1.054655 0.016100 0.000000
0.206784 -1.079133 0.041440 0.000000
0.333345 0.386964 0.050131 0.000000
0.335229 0.292388 0.018400 0.000000
0.356936 0.436704 0.039157 0.000000
0.307921 -0.053249 0.036575 0.000000
0.094442 -0.029218 -0.072372 0.000000
0.190369 -1.186387 0.043944 0.000000
0.168291 -1.053973 0.033291 0.000000
0.194885 -1.138564 -0.183802 1.000000
0.173737 -1.232363 0.054199 0.000000
0.538878 -0.146629 -0.071712 0.000000
0.650420 -0.098218 -0.067436 0.000000
0.245496 -0.677362 0.011863 0.000000
0.188559 -1.204286 -0.247189 1.000000
0.286221 -0.246605 0.021551 0.000000
0.507296 0.058550 0.196802 0.000000
0.143134 0.043917 -0.042391 0.000000
0.320373 0.065273 0.044316 0.000000
0.168304 -1.208980 0.051739 0.000000
0.204847 -0.933334 -0.013690 1.000000
0.137972 -1.202223 0.066381 0.000000
0.008219 -0.879672 -0.001300 0.000000
0.471188 -0.058115 -0.023039 0.000000
0.264869 -0.356507 0.021174 0.000000
0.321573 0.103946 0.060366 0.000000
0.311276 0.172911 -0.004055 0.000000
0.466666 -0.277486 0.104146 0.000000
0.027055 -0.118214 -0.115601 0.000000
0.173841 -1.214162 0.029418 0.000000
0.279138 0.113513 -0.003396 0.000000
0.425400 0.056114 -0.004340 0.000000
0.213987 -0.383386 0.040186 0.000000
0.305861 0.034195 0.038670 0.000000
0.172327 -1.317135 -0.338380 1.000000
0.357819 -0.001973 0.064224 0.000000
0.207579 -1.088862 -0.128537 1.000000
0.201427 -1.002286 0.030790 0.000000
0.283764 -0.188917 0.024442 0.000000
0.527443 0.032470 0.226699 0.000000
0.096792 -0.650211 0.031059 0.000000
0.151580 -1.238166 0.048341 0.000000
0.126571 0.039242 -0.050362 0.000000
0.327440 0.137854 0.042462 0.000000
0.160132 -1.339888 -0.355348 1.000000
0.193117 -1.050097 0.019572 0.000000
0.175015 -0.442645 0.026664 0.000000
0.031654 -0.768710 0.026247 0.000000
0.353838 0.018406 0.054906 0.000000
0.199622 -1.114622 0.018990 0.000000
0.331458 0.249354 0.057369 0.000000
0.289944 0.137993 -0.002687 0.000000
0.212102 -1.031660 0.039303 0.000000
0.227428 -0.835040 0.007152 0.000000
0.205107 -1.130017 -0.183779 1.000000
0.197506 -1.077632 0.034377 0.000000
0.163733 -1.373037 -0.387524 1.000000
-0.050966 -0.980427 -0.010237 0.000000
0.054955 -0.718694 0.027891 0.000000
0.381911 -0.064501 0.068618 0.000000
0.208942 -0.077660 -0.064885 0.000000
0.380619 0.000835 -0.036826 0.000000
0.202301 -0.392442 0.025710 0.000000
0.399062 0.306456 0.036467 0.000000
0.194315 -1.192766 -0.214729 1.000000
0.241218 -0.623821 0.010415 0.000000
0.457371 -0.021877 -0.012230 0.000000
0.333406 -0.041091 0.011424 0.000000
0.585867 -0.035599 -0.039021 0.000000
0.187488 -1.254610 0.053838 0.000000
0.159307 -0.191670 -0.106232 0.000000
0.366529 0.048308 -0.015887 0.000000
0.290395 -0.186990 0.038406 0.000000
0.191821 -1.172820 -0.208169 1.000000
0.341032 0.324119 0.016005 0.000000
0.323361 0.203736 0.047061 0.000000
0.310026 0.081107 0.039001 0.000000
0.506596 0.074967 0.178774 0.000000
0.302996 -0.037798 0.035283 0.000000
0.398058 0.205207 0.007719 0.000000
0.320127 0.007086 -0.010739 0.000000
0.339821 0.096864 -0.014681 0.000000
0.295660 0.148214 0.000573 0.000000
0.178018 -0.177468 -0.109610 0.000000
-0.086350 -1.091605 -0.033228 0.000000
0.119071 -1.237145 0.040707 0.000000
0.348508 0.074529 -0.018054 0.000000
0.179364 -1.170602 0.045228 0.000000
0.389793 0.301518 0.022613 0.000000
0.468067 0.155637 0.125859 0.000000
0.140429 -0.560615 0.039372 0.000000
0.414236 0.270124 0.034399 0.000000
0.444107 0.209178 0.096757 0.000000
0.340353 0.359580 0.030173 0.000000
0.331089 0.085027 0.051976 0.000000
0.264873 -0.510812 0.015660 0.000000
0.403890 -0.091096 -0.090352 0.000000
0.181893 -1.047761 0.026645 0.000000
0.349802 0.463568 0.064536 0.000000
0.095820 -0.673146 0.032205 0.000000
0.202837 -1.154496 -0.194984 1.000000
0.523892 -0.397504 0.116760 0.000000
0.185506 -1.261162 -0.278441 1.000000
0.184448 -0.145472 -0.089034 0.000000
0.132765 -0.508623 0.023051 0.000000
0.349458 0.030018 0.066898 0.000000
0.223968 -0.778505 0.015917 0.000000
0.216167 -1.026900 -0.093310 1.000000
0.187633 -1.120787 0.019887 0.000000
0.486087 -0.089920 -0.034466 0.000000
0.448374 -0.261872 0.106700 0.000000
0.422537 0.085974 0.007279 0.000000
-0.067158 -1.032880 -0.019774 0.000000
0.276582 -0.260879 0.019429 0.000000
0.188464 -0.435373 0.031445 0.000000
0.192766 -1.063256 0.022394 0.000000
0.132911 -1.164813 0.035057 0.000000
0.339550 0.253003 0.010150 0.000000
0.513222 0.043791 0.213669 0.000000
0.279756 -0.247224 0.036074 0.000000
0.666363 -0.112557 -0.060384 0.000000
0.196951 -0.420247 0.040802 0.000000
0.172982 -1.343262 -0.358782 1.000000
0.197018 -1.016539 0.025572 0.000000
-0.019025 -0.903762 0.011478 0.000000
0.240276 -0.727198 0.012947 0.000000
0.149618 -1.180724 0.039784 0.000000
0.164260 0.084278 -0.033237 0.000000
0.516818 -0.388665 0.120622 0.000000
0.209410 -1.063231 0.027267 0.000000
0.094982 -0.608547 0.027320 0.000000
0.311234 -0.029587 0.043415 0.000000
0.199773 -1.003700 0.011851 0.000000
0.010225 -0.836187 0.018602 0.000000
0.408261 0.118058 0.003305 0.000000
0.235219 -0.688560 0.021126 0.000000
0.314840 0.310592 0.041964 0.000000
0.307784 0.181591 0.002907 0.000000
0.435151 -0.160171 -0.121875 0.000000
0.345526 0.418502 0.035985 0.000000
0.255427 -0.294977 0.025165 0.000000
0.247520 -0.631574 0.024623 0.000000
0.378535 -0.051574 0.068292 0.000000
0.389999 -0.062434 0.085665 0.000000
0.450029 -0.187395 -0.135054 0.000000
0.332319 0.089146 0.039218 0.000000
0.135215 -0.239943 -0.149591 0.000000
0.000991 -0.860055 0.013007 0.000000
0.196612 -1.027230 -0.082667 1.000000
0.206251 0.147670 -0.022371 0.000000
0.271070 -0.333739 0.027883 0.000000
0.172102 -1.158939 0.038226 0.000000
-0.003363 -0.850072 0.025278 0.000000
0.199213 -1.222993 -0.247928 1.000000
0.324344 0.118750 0.046037 0.000000
-0.064160 -1.012960 -0.013291 0.000000
0.311116 0.018986 0.037793 0.000000
0.159543 -1.111685 0.021375 0.000000
0.204640 -1.041446 0.027085 0.000000
0.309696 -0.076172 0.035365 0.000000
0.163957 -1.327668 -0.346653 1.000000
0.342611 0.451075 0.064901 0.000000
0.416522 0.090212 -0.004520 0.000000
0.667474 -0.117638 -0.070825 0.000000
0.312673 0.107141 0.043194 0.000000
0.213185 -1.048140 -0.105577 1.000000
0.166236 -1.178949 0.045601 0.000000
0.342994 0.342696 0.029100 0.000000
0.219622 -0.362318 0.029347 0.000000
0.175079 -0.160102 -0.095211 0.000000
0.394594 -0.028324 -0.055142 0.000000
0.155891 -0.479001 0.023622 0.000000
0.325832 0.008172 0.000008 0.000000
0.594167 -0.027166 -0.042008 0.000000
0.204805 -1.057539 -0.107301 1.000000
0.426659 -0.180445 0.091175 0.000000
0.214128 -0.887749 0.016374 0.000000
0.404051 -0.054851 -0.068575 0.000000
0.449496 0.002323 -0.002140 0.000000
0.228212 -0.943708 -0.026914 1.000000
0.580078 -0.449025 0.144514 0.000000
0.230462 -0.811478 0.007757 0.000000
0.179627 -1.282043 -0.308482 1.000000
0.448021 -0.230406 0.102212 0.000000
0.324137 0.030765 0.000716 0.000000
0.245420 0.036984 -0.025949 0.000000
0.206119 -0.914428 0.005188 1.000000
0.325472 0.270141 0.053371 0.000000
0.149290 -1.145709 0.054075 0.000000
0.468566 -0.041560 -0.013933 0.000000
0.226794 -0.035572 -0.042633 0.000000
0.451929 -0.176752 -0.139879 0.000000
0.214657 -0.916964 0.016860 0.000000
0.655908 -0.105426 -0.058865 0.000000
0.598290 -0.043797 -0.044745 0.000000
0.252598 0.208739 0.008469 0.000000
0.230330 -0.768223 0.013617 0.000000
0.330316 -0.063043 -0.000772 0.000000
0.333688 0.096097 0.001464 0.000000
0.330161 0.346622 0.048891 0.000000
0.181647 -1.111711 0.042963 0.000000
0.440450 0.204878 0.019462 0.000000
0.390315 0.266218 0.017304 0.000000
0.053794 -0.699062 0.029534 0.000000
0.332037 0.424176 0.055971 0.000000
0.268343 -0.430795 0.027538 0.000000
0.138044 -1.198848 0.044017 0.000000
0.223115 -0.945683 0.023396 0.000000
0.315880 0.316292 0.053088 0.000000
0.078132 -0.641418 0.028604 0.000000
-0.086032 -1.077869 -0.025241 0.000000
0.574843 -0.446150 0.129019 0.000000
0.353746 0.398226 0.034266 0.000000
0.195039 -0.966537 -0.030982 1.000000
0.159144 0.089661 -0.042176 0.000000
0.393997 0.168890 0.006396 0.000000
-0.054681 -0.995872 -0.002691 0.000000
0.202958 -0.982020 -0.046982 1.000000
0.151541 -1.222592 0.040375 0.000000
0.171954 -1.185943 0.031427 0.000000
0.457768 0.151925 0.006616 0.000000
0.231524 -0.699483 0.013979 0.000000
0.620583 -0.075040 -0.049432 0.000000
0.210838 -0.903114 0.002998 1.000000
0.064843 -0.678309 0.029836 0.000000
0.274709 0.104416 -0.007960 0.000000
0.435970 0.007641 -0.016738 0.000000
0.316878 0.197226 0.014094 0.000000
0.297024 -0.151765 0.029306 0.000000
0.337814 0.352081 0.054222 0.000000
0.428327 0.039289 -0.014638 0.000000
0.074815 -0.711878 0.025731 0.000000
0.218863 0.161527 -0.000506 0.000000
0.348211 0.086219 -0.004967 0.000000
0.597946 -0.460964 0.148968 0.000000
0.260223 0.077073 -0.019242 0.000000
0.207023 -1.022461 0.022038 0.000000
0.434855 0.221940 0.089436 0.000000
0.129962 -0.549623 0.030516 0.000000
0.208283 -1.128345 -0.171590 1.000000
0.380467 -0.045060 0.078966 0.000000
0.193583 -1.201127 -0.228774 1.000000
0.348106 0.489146 0.062414 0.000000
0.213490 -1.013810 -0.069237 1.000000
0.259524 -0.382628 0.020671 0.000000
0.359362 0.481144 0.043993 0.000000
0.473849 0.126141 0.001687 0.000000
0.443654 -0.244972 0.101658 0.000000
0.330814 -0.074028 0.000914 0.000000
0.183071 -1.192326 0.031827 0.000000
0.151537 -1.297326 0.059199 0.000000
0.337497 -0.060848 0.016128 0.000000
0.176240 -0.424070 0.017327 0.000000
0.182548 0.116189 -0.035748 0.000000
0.303914 0.296950 0.046861 0.000000
0.333381 0.327755 0.050943 0.000000
0.112222 -0.605974 0.032130 0.000000
0.136113 -1.223817 0.048081 0.000000
0.162556 -1.196194 0.046410 0.000000
0.181773 -1.186462 0.056363 0.000000
0.484214 -0.312866 0.105365 0.000000
0.119596 -1.248385 0.033954 0.000000
0.041657 -0.107981 -0.114477 0.000000
0.267888 -0.374247 0.027735 0.000000
0.390391 0.375434 0.038775 0.000000
0.180127 -1.325174 0.062455 0.000000
0.195656 -1.005896 -0.070713 1.000000
0.389266 0.282821 0.030069 0.000000
0.449563 -0.200117 0.088497 0.000000
0.215310 -1.029773 -0.110921 1.000000
0.217323 -0.851981 0.010913 0.000000
0.181982 -1.199253 0.056602 0.000000
0.295826 -0.117132 0.038794 0.000000
0.040233 -0.757578 0.021366 0.000000
0.608981 -0.056260 -0.049174 0.000000
0.350547 0.424351 0.043278 0.000000
0.429790 0.044195 -0.002794 0.000000
0.352851 0.446679 0.030820 0.000000
0.204680 -1.094576 -0.148621 1.000000
0.278196 -0.267487 0.027504 0.000000
0.076678 -0.660850 0.026965 0.000000
0.178203 -1.040575 0.039028 0.000000
0.174403 -1.219227 0.043164 0.000000
0.323913 0.034429 0.010575 0.000000
0.167480 -0.469570 0.031963 0.000000
0.465887 -0.199755 -0.147917 0.000000
0.311540 0.042371 0.035250 0.000000
0.471696 0.128778 0.138104 0.000000
0.224257 -0.347022 0.014669 0.000000
0.174461 -1.252955 -0.278639 1.000000
0.505704 -0.364236 0.115342 0.000000
0.191519 -1.190430 -0.231718 1.000000
0.029593 -0.831154 0.005786 0.000000
0.201912 -1.059649 0.033895 0.000000
0.201809 -1.008217 0.021361 0.000000
0.263989 0.225905 0.001444 0.000000
0.373720 0.017227 -0.029037 0.000000
0.182472 -1.173567 0.055252 0.000000
0.386981 0.206096 0.016921 0.000000
0.143758 -0.232445 -0.149652 0.000000
0.295277 -0.169356 0.024347 0.000000
0.454109 0.170528 0.110287 0.000000
0.405303 -0.116914 0.082883 0.000000
0.051432 -0.738976 0.025911 0.000000
0.212055 -1.084065 -0.136614 1.000000
0.363740 0.345815 0.050783 0.000000
0.249669 -0.518114 0.016321 0.000000
0.174745 -1.267748 0.058555 0.000000
0.239828 -0.647346 0.013719 0.000000
0.143052 -1.168954 0.051711 0.000000
0.316051 0.124467 0.051448 0.000000
0.202430 -1.113945 -0.160758 1.000000
0.346730 0.039943 0.050155 0.000000
-0.031275 -0.946759 0.006931 0.000000
0.394889 0.280808 0.020067 0.000000
0.326394 0.053050 0.001595 0.000000
-0.046792 -0.974962 -0.002494 0.000000
0.198180 -1.089878 0.038137 0.000000
0.300539 -0.017718 0.037603 0.000000
0.396757 0.404125 0.044367 0.000000
0.441196 -0.211500 0.094501 0.000000
-0.061384 -1.018843 -0.002924 0.000000
0.263858 -0.475382 0.025646 0.000000
0.481680 -0.232388 -0.151459 0.000000
0.539821 -0.418204 0.126419 0.000000
0.532521 0.044798 -0.010627 0.000000
0.638908 -0.493797 0.153635 0.000000
0.457940 -0.283138 0.109862 0.000000
0.353808 0.014881 0.078912 0.000000
0.522953 0.070599 0.001770 0.000000
0.327879 0.173318 0.046518 0.000000
0.247831 -0.539669 0.023245 0.000000
0.493729 0.099275 0.000829 0.000000
0.192453 -1.200762 0.051740 0.000000
0.371681 -0.031422 0.066037 0.000000
0.254814 -0.606117 0.010714 0.000000
0.431769 0.223352 0.017038 0.000000
0.632577 -0.079939 -0.063055 0.000000
0.207094 -1.046698 -0.094833 1.000000
0.189240 -1.170370 0.024159 0.000000
0.145670 -1.150573 0.038468 0.000000
0.185949 -1.246700 -0.270438 1.000000
0.288719 -0.228874 0.032997 0.000000
0.567335 -0.179910 -0.097176 0.000000
0.431948 0.208102 0.091856 0.000000
0.222970 -0.798742 0.014271 0.000000
0.181692 -1.178027 0.031500 0.000000
0.226287 -0.902345 0.000377 1.000000
0.056597 -0.076882 -0.100864 0.000000
0.338741 0.061886 0.053901 0.000000
0.394371 0.308690 0.055808 0.000000
0.111126 -1.240362 0.034973 0.000000
0.307904 -0.063973 0.037416 0.000000
0.092311 -0.017857 -0.067785 0.000000
0.190790 -1.017780 0.035915 0.000000
0.216077 -0.372346 0.039210 0.000000
0.397523 -0.098174 0.078064 0.000000
0.319517 0.182062 0.005706 0.000000
0.201106 -1.205653 -0.223573 1.000000
0.244250 -0.614138 0.009432 0.000000
0.414223 -0.146591 0.087397 0.000000
0.245105 -0.652618 0.021708 0.000000
0.399611 0.159337 0.000875 0.000000
-0.079888 -1.061856 -0.026916 0.000000
-0.037862 -0.973011 -0.011995 0.000000
0.427901 0.233536 0.023911 0.000000
0.315506 0.184062 0.051331 0.000000
0.256818 -0.473552 0.012690 0.000000
0.410725 0.109700 -0.009682 0.000000
0.341142 0.382908 0.055245 0.000000
0.058800 -0.709284 0.028035 0.000000
0.333225 0.241699 0.013118 0.000000
0.038665 -0.748029 0.028327 0.000000
0.316543 0.192719 0.003408 0.000000
0.518713 0.058786 -0.008473 0.000000
0.043612 -0.084793 -0.100978 0.000000
0.278016 0.087705 -0.006431 0.000000
0.238392 -0.323018 0.010011 0.000000
0.367602 -0.012325 0.076388 0.000000
0.418193 0.252821 0.077855 0.000000
0.238642 0.009069 -0.029484 0.000000
0.495108 0.111630 0.011107 0.000000
0.345244 0.383534 0.032353 0.000000
0.221262 -0.832444 0.017317 0.000000
0.694674 -0.132409 -0.065965 0.000000
0.353349 0.020585 0.065006 0.000000
0.184806 -1.004746 0.027136 0.000000
0.334249 0.407907 0.052603 0.000000
0.311515 -0.000994 0.046021 0.000000
0.251591 -0.597799 0.026002 0.000000
0.241049 -0.712010 0.009256 0.000000
0.163068 -1.224345 0.048044 0.000000
0.389631 0.300697 0.067933 0.000000
0.433872 -0.189176 0.094285 0.000000
0.396487 0.296878 0.028504 0.000000
0.318433 0.026629 0.045543 0.000000
0.346673 0.279256 0.021450 0.000000
0.290087 -0.206908 0.024680 0.000000
0.154687 -0.522333 0.034676 0.000000
0.196595 -1.124239 0.034731 0.000000
0.205002 -0.085301 -0.059173 0.000000
0.214499 -0.914602 -0.004539 1.000000
0.172252 0.093541 -0.028387 0.000000
0.331760 0.203352 0.007903 0.000000
0.212248 -1.033705 -0.087087 1.000000
0.575767 -0.188707 -0.109415 0.000000
0.110731 -0.574097 0.027117 0.000000
0.569410 -0.009658 -0.030497 0.000000
0.052128 -0.081410 -0.092851 0.000000
0.213304 -0.966978 -0.039525 1.000000
0.337946 -0.077512 0.011651 0.000000
0.112342 0.011121 -0.056141 0.000000
0.099708 -0.000246 -0.061970 0.000000
0.514880 -0.392649 0.132317 0.000000
0.405964 0.127340 0.000385 0.000000
0.248448 -0.663297 0.018266 0.000000
0.265038 -0.439739 0.017152 0.000000
0.318996 0.100605 0.039074 0.000000
0.126132 -1.194902 0.071577 0.000000
0.224306 -0.885646 0.010532 0.000000
0.268116 -0.309586 0.018695 0.000000
0.210800 -0.389863 0.030249 0.000000
0.496632 0.066064 0.187353 0.000000
0.257958 0.216762 0.014434 0.000000
0.339326 0.436878 0.053114 0.000000
0.473904 0.121344 0.145710 0.000000
0.320420 0.154846 0.055728 0.000000
0.187234 -1.117223 0.049691 0.000000
0.417875 0.253957 0.020878 0.000000
0.261926 -0.452489 0.020160 0.000000
0.235862 -0.757892 0.015882 0.000000
0.267514 -0.277548 0.025228 0.000000
0.337255 0.218220 0.009684 0.000000
0.254234 -0.586690 0.009825 0.000000
0.494118 -0.341900 0.113458 0.000000
0.343215 -0.088959 0.013390 0.000000
0.320741 0.220507 0.053552 0.000000
0.196903 -1.143273 -0.196568 1.000000
0.105746 -0.013621 -0.063604 0.000000
0.314536 0.167255 0.050459 0.000000
0.493633 0.084004 0.171166 0.000000
0.183827 -1.210677 0.029278 0.000000
0.435589 0.026850 -0.008653 0.000000
0.274126 -0.241303 0.022410 0.000000
0.391343 0.338287 0.030519 0.000000
0.157260 -1.173058 0.043147 0.000000
0.270735 -0.463187 0.016263 0.000000
0.236483 -0.938141 -0.015241 1.000000
0.407780 0.205870 0.000191 0.000000
0.428404 -0.219688 0.097230 0.000000
0.420610 -0.166603 0.089203 0.000000
0.227816 -0.986476 -0.054846 1.000000
0.137863 -0.529185 0.030444 0.000000
0.449589 0.201065 0.100532 0.000000
0.201481 -0.407167 0.029227 0.000000
0.219307 -1.005955 -0.084078 1.000000
0.287556 -0.195623 0.032447 0.000000
0.185987 -1.108586 0.033539 0.000000
0.515757 -0.104248 -0.038207 0.000000
0.404801 0.291334 0.033242 0.000000
0.435587 0.022667 -0.020306 0.000000
0.268154 -0.258169 0.028681 0.000000
0.202044 -1.033071 0.034645 0.000000
0.014005 -0.845404 0.012469 0.000000
0.332578 0.415429 0.060420 0.000000
0.232866 -0.010399 -0.037556 0.000000
0.204851 -1.021432 -0.079603 1.000000
0.193764 0.122583 -0.014654 0.000000
0.199961 -0.399073 0.017248 0.000000
0.223381 -0.914171 0.020379 0.000000
0.253150 -0.619596 0.022024 0.000000
0.324700 0.044788 -0.003687 0.000000
0.325331 0.354195 0.056907 0.000000
-0.007495 -0.873660 0.016289 0.000000
0.214664 -0.022596 -0.047564 0.000000
0.230367 -0.749418 0.020340 0.000000
0.207260 0.143820 -0.004975 0.000000
0.278586 0.251431 0.028152 0.000000
-0.038188 -0.960382 0.005631 0.000000
0.104150 -0.588975 0.024610 0.000000
0.135675 0.037627 -0.043139 0.000000
0.215820 -0.978472 0.022826 0.000000
0.348337 -0.101718 0.021941 0.000000
0.226435 0.171088 -0.005115 0.000000
0.307896 0.062158 0.050067 0.000000
0.165571 -1.365931 -0.380939 1.000000
0.325904 0.109121 0.046531 0.000000
0.376760 -0.033320 0.080884 0.000000
0.284448 -0.179250 0.029273 0.000000
0.215074 -0.874813 0.009742 0.000000
0.435379 0.216395 0.023682 0.000000
0.152079 -1.376541 -0.386524 1.000000
0.455335 0.182461 0.106528 0.000000
0.254383 -0.488353 0.012419 0.000000
-0.076179 -1.043048 -0.021256 0.000000
0.208737 -0.375757 0.019608 0.000000
0.242588 -0.692864 0.013047 0.000000
0.047751 -0.725243 0.028120 0.000000
0.264961 -0.424229 0.014104 0.000000
0.458792 -0.264194 0.103898 0.000000
0.168764 -1.100727 0.035072 0.000000
0.036882 -0.096435 -0.106182 0.000000
0.395129 0.318484 0.034105 0.000000
0.149639 -0.509052 0.031659 0.000000
0.175807 -1.199477 0.037027 0.000000
0.387880 -0.080663 0.073253 0.000000
0.444658 -0.171087 -0.135145 0.000000
0.181938 -1.129767 0.041821 0.000000
0.469642 0.134994 0.128168 0.000000
0.067896 -0.063142 -0.088728 0.000000
0.224628 -0.356648 0.036872 0.000000
0.323387 0.237467 0.056166 0.000000
0.393012 0.356838 0.032459 0.000000
0.272312 0.104351 -0.018126 0.000000
0.231319 -0.802058 0.010657 0.000000
0.265786 -0.410389 0.020764 0.000000
0.401578 0.282216 0.063776 0.000000
0.314702 0.004576 0.038787 0.000000
0.073208 -0.042723 -0.077889 0.000000
0.197773 -1.079897 0.022054 0.000000
0.486387 -0.070267 -0.019390 0.000000
0.341406 0.270766 0.018926 0.000000
0.316252 0.141499 0.047515 0.000000
0.374427 0.022973 -0.036764 0.000000
0.326110 -0.005989 0.000420 0.000000
0.297655 -0.155374 0.040375 0.000000
0.206080 -0.992380 0.028503 0.000000
0.205048 -1.078873 -0.141454 1.000000
0.300840 -0.070442 0.034840 0.000000
0.329546 0.343126 0.059715 0.000000
0.316432 0.090307 0.050143 0.000000
0.084572 -0.032033 -0.074580 0.000000
0.555504 -0.432768 0.131492 0.000000
0.201277 -1.096275 0.020448 0.000000
0.359894 0.464927 0.043301 0.000000
0.314129 -0.010488 0.038415 0.000000
0.387706 0.468551 0.048202 0.000000
0.124174 -0.565109 0.027949 0.000000
0.255483 0.057994 -0.017491 0.000000
0.126404 -0.536180 0.025977 0.000000
0.540624 0.033195 -0.014678 0.000000
0.145611 0.060559 -0.041486 0.000000
0.190976 -1.108805 0.041695 0.000000
0.457053 -0.034081 -0.022649 0.000000
0.348458 -0.112337 0.005790 0.000000
0.266530 -0.457834 0.009563 0.000000
-0.055378 -1.001705 -0.010364 0.000000
0.398449 0.305418 0.021635 0.000000
0.051875 -0.757678 0.021445 0.000000
0.231380 -0.959796 -0.034563 1.000000
0.141349 -0.536984 0.034679 0.000000
0.260086 -0.501582 0.018387 0.000000
0.205927 -0.972981 -0.037892 1.000000
0.339001 0.311783 0.016643 0.000000
0.386645 0.449733 0.039940 0.000000
0.173418 -1.247954 0.035913 0.000000
0.198323 -1.133444 -0.168250 1.000000
0.292984 -0.173324 0.032681 0.000000
0.339484 0.119511 0.001262 0.000000
0.410421 0.097612 -0.002334 0.000000
0.606200 -0.047114 -0.048990 0.000000
0.273647 -0.292484 0.031232 0.000000
0.157521 -1.155668 0.043801 0.000000
0.359853 0.005454 0.075269 0.000000
0.141388 -1.162146 0.043379 0.000000
0.337384 0.281232 0.020241 0.000000
0.299824 -0.041272 0.044776 0.000000
0.627386 -0.081399 -0.053628 0.000000
0.373891 0.336978 0.043678 0.000000
0.426852 -0.200329 0.092970 0.000000
0.156100 -0.487007 0.028712 0.000000
0.448970 -0.252233 0.107281 0.000000
0.422603 -0.149766 0.090406 0.000000
0.416007 0.073943 0.006783 0.000000
0.178449 -1.294293 -0.318212 1.000000
0.216677 -0.353538 0.012235 0.000000
0.225514 -0.865236 0.006517 0.000000
0.641165 -0.484650 0.153147 0.000000
0.295506 -0.093929 0.038319 0.000000
0.224998 -0.976030 -0.064512 1.000000
0.173965 -1.230950 0.035958 0.000000
0.403132 0.145184 0.000700 0.000000
0.268736 0.232512 0.014815 0.000000
0.131841 -0.570105 0.030998 0.000000
0.302209 -0.104660 0.033333 0.000000
0.216735 -1.048158 -0.114292 1.000000
0.395940 0.188680 0.008975 0.000000
0.041293 -0.789016 0.017820 0.000000
0.085599 -0.693524 0.029048 0.000000
0.303478 -0.005837 0.044844 0.000000
0.338211 0.230934 0.012317 0.000000
0.200522 -1.146008 -0.183015 1.000000
0.211354 -1.041073 0.020561 0.000000
0.250330 -0.595379 0.016610 0.000000
0.444792 0.189631 0.099775 0.000000
0.498981 0.084535 -0.009125 0.000000
0.247052 -0.638795 0.007896 0.000000
0.244747 -0.669617 0.006678 0.000000
0.468254 -0.299455 0.111842 0.000000
0.676970 -0.516062 0.158713 0.000000
0.356379 0.003989 0.057179 0.000000
0.396009 -0.080959 0.084168 0.000000
0.324877 0.151246 0.041752 0.000000
0.232086 -0.750644 0.007462 0.000000
0.172764 -0.136950 -0.086538 0.000000
0.223734 -0.913342 -0.004712 1.000000
0.239480 -0.919417 -0.003418 1.000000
0.328321 0.196684 0.056151 0.000000
0.196414 -1.036140 -0.085919 1.000000
0.194705 -1.035855 0.025109 0.000000
-0.094645 -1.089837 -0.028369 0.000000
0.011830 -0.142135 -0.134224 0.000000
0.202691 -0.075929 -0.058216 0.000000
0.178220 -1.286553 0.061417 0.000000
0.165930 -1.315041 -0.331959 1.000000
0.158101 -0.205999 -0.120683 0.000000
0.176209 -1.327394 -0.347752 1.000000
0.181476 -1.310329 0.060771 0.000000
0.187903 -0.397010 0.018760 0.000000
0.190625 -1.096306 0.031428 0.000000
-0.097780 -1.107964 -0.030141 0.000000
0.224599 -0.786210 0.010400 0.000000
0.505933 -0.376135 0.124842 0.000000
0.566945 0.007047 -0.025361 0.000000
0.395622 -0.064463 -0.075247 0.000000
0.590871 -0.460156 0.132130 0.000000
0.211421 -0.961208 0.023323 0.000000
0.176967 -1.043034 0.020391 0.000000
0.197166 -1.088614 0.017281 0.000000
0.528152 -0.396274 0.108639 0.000000
0.195245 -1.186115 -0.221702 1.000000
0.325136 0.020760 -0.000694 0.000000
0.472964 -0.310876 0.113916 0.000000
0.121151 -1.196245 0.034962 0.000000
0.140456 -1.167696 0.066693 0.000000
0.263451 -0.336118 0.018683 0.000000
0.301305 -0.028605 0.036114 0.000000
0.470394 -0.225799 -0.156563 0.000000
0.370056 0.029755 -0.027443 0.000000
0.181438 -1.253954 -0.289714 1.000000
0.557978 0.012031 -0.022720 0.000000
0.419234 0.252727 0.031291 0.000000
0.407568 0.144733 -0.008318 0.000000
0.190134 -0.413449 0.025073 0.000000
0.182254 -1.136370 0.021889 0.000000
0.298266 0.153611 -0.008014 0.000000
0.033060 -0.782061 0.022992 0.000000
0.440094 -0.159521 -0.129666 0.000000
0.388913 -0.004204 -0.048443 0.000000
0.267374 -0.402283 0.012430 0.000000
0.171259 -1.134701 0.045068 0.000000
0.238173 -0.332490 0.040280 0.000000
0.417366 0.262939 0.022760 0.000000
0.328735 0.211371 0.014877 0.000000
0.201560 -1.057878 0.024745 0.000000
0.385990 0.298820 0.057460 0.000000
0.168126 -1.306008 0.035774 0.000000
0.029658 -0.114644 -0.123643 0.000000
0.302660 0.173021 -0.000918 0.000000
0.474185 -0.284272 0.102196 0.000000
0.216511 -0.929733 0.015749 0.000000
-0.061790 -1.020933 -0.019105 0.000000
0.170949 -1.168689 0.035341 0.000000
0.090646 -0.657203 0.030811 0.000000
0.199753 -1.048644 0.031088 0.000000
0.149836 -0.221066 -0.136126 0.000000
0.096101 -0.272691 -0.191917 0.000000
0.690524 -0.134255 -0.076060 0.000000
0.228481 -0.733987 0.012742 0.000000
0.501145 0.074487 0.186108 0.000000
0.418115 -0.183589 0.090264 0.000000
0.113053 -0.615320 0.033340 0.000000
0.092373 -0.631473 0.028127 0.000000
0.197905 -1.019198 -0.086848 1.000000
0.401614 0.135257 0.002412 0.000000
0.181573 -0.164137 -0.100207 0.000000
0.319781 0.175995 0.051084 0.000000
0.424388 0.243712 0.019065 0.000000
0.271113 -0.356406 0.013351 0.000000
-0.046603 -0.987932 -0.013161 0.000000
0.707930 -0.137250 -0.073658 0.000000
0.387136 -0.070367 0.074698 0.000000
0.193477 -1.079756 -0.131572 1.000000
0.212697 -1.010318 -0.077678 1.000000
0.195999 -1.106548 0.024084 0.000000
0.186640 -1.163721 0.040941 0.000000
0.243419 -0.600182 0.010382 0.000000
0.274262 -0.272846 0.017686 0.000000
0.324991 0.066657 -0.001134 0.000000
0.393162 0.432441 0.044326 0.000000
0.187524 -1.111884 0.021754 0.000000
-0.000957 -0.882881 0.006366 0.000000
0.396647 0.392940 0.043477 0.000000
0.653031 -0.497902 0.150015 0.000000
0.458905 0.162434 0.009603 0.000000
0.193874 -0.100261 -0.066388 0.000000
0.200450 0.132392 -0.010360 0.000000
0.352127 0.463868 0.037291 0.000000
0.324339 0.058760 -0.013860 0.000000
0.212129 -0.981034 -0.052368 1.000000
0.155206 -1.228666 0.049405 0.000000
0.281584 -0.242599 0.028485 0.000000
0.233621 -0.773784 0.019980 0.000000
0.242978 -0.612608 0.021860 0.000000
0.312078 0.300455 0.030688 0.000000
0.298437 -0.142873 0.030343 0.000000
0.219053 -0.972346 -0.048461 1.000000
0.627482 -0.479891 0.147588 0.000000
0.487282 0.113292 0.005896 0.000000
0.199386 -1.121987 -0.165612 1.000000
0.146577 -1.164266 0.034044 0.000000
0.265202 0.084996 -0.014280 0.000000
0.235563 -0.719851 0.015636 0.000000
0.283605 -0.224191 0.027207 0.000000
0.433988 -0.145556 -0.120451 0.000000
0.015854 -0.853574 0.008565 0.000000
0.154510 0.076602 -0.040568 0.000000
0.288193 0.262884 0.019209 0.000000
0.392183 0.385035 0.037374 0.000000
0.233338 -0.893907 0.012948 0.000000
0.422665 0.245956 0.082980 0.000000
0.344939 0.320622 0.023400 0.000000
0.230379 -0.809466 0.017363 0.000000
0.259756 -0.514929 0.021886 0.000000
0.329216 -0.030347 0.002600 0.000000
0.180787 -1.054115 0.015588 0.000000
0.233439 -0.020160 -0.037871 0.000000
0.029242 -0.111380 -0.110146 0.000000
0.175128 -0.455716 0.033707 0.000000
0.123119 -0.584072 0.033339 0.000000
0.126949 -1.269077 0.046319 0.000000
0.503698 -0.269444 -0.149164 0.000000
0.447630 0.191744 0.022699 0.000000
0.171118 -1.199881 0.045549 0.000000
0.219635 -0.945016 -0.024516 1.000000
0.241373 -0.323015 0.028356 0.000000
0.472258 0.148499 0.015358 0.000000
0.058701 -0.745072 0.023255 0.000000
0.344186 0.440345 0.062795 0.000000
0.172331 -1.250066 0.053708 0.000000
0.347895 0.451649 0.043319 0.000000
0.385359 0.003260 -0.044058 0.000000
0.028142 -0.297796 -0.239115 0.000000
0.201763 -1.048296 0.021194 0.000000
0.178578 -1.155085 0.043103 0.000000
0.639864 -0.089731 -0.055358 0.000000
0.411043 -0.100994 -0.091149 0.000000
0.221506 -0.986474 -0.061227 1.000000
0.336139 0.138887 0.006482 0.000000
0.409361 -0.163767 0.088521 0.000000
0.251184 -0.306685 0.027907 0.000000
0.231927 -0.910330 -0.002717 1.000000
0.243799 -0.633869 0.015669 0.000000
0.268376 -0.365779 0.024874 0.000000
0.192440 -1.032795 0.034579 0.000000
0.363817 0.352093 0.043705 0.000000
0.240881 -0.670314 0.016627 0.000000
0.591713 -0.018747 -0.040250 0.000000
0.216113 -0.013617 -0.043273 0.000000
0.498463 -0.328444 0.104969 0.000000
0.196473 -1.077614 0.045075 0.000000
0.298304 -0.064518 0.041889 0.000000
0.346165 0.469598 0.059031 0.000000
0.527990 -0.402604 0.122844 0.000000
0.415935 0.086449 -0.013685 0.000000
0.202191 -1.081869 -0.129868 1.000000
-0.108305 -1.120965 -0.036626 0.000000
0.177253 -1.264092 0.035976 0.000000
0.335637 0.084210 -0.003634 0.000000
0.255780 -0.568111 0.011901 0.000000
0.162164 -0.456379 0.021670 0.000000
0.335160 0.185674 0.002998 0.000000
0.296473 -0.102600 0.041601 0.000000
0.339887 0.407983 0.059615 0.000000
0.286765 0.133534 -0.009678 0.000000
0.198630 -1.036244 0.042199 0.000000
0.180813 -1.141607 0.036276 0.000000
0.344497 0.168817 0.003251 0.000000
0.321890 0.095829 0.056735 0.000000
0.353996 0.055478 -0.022811 0.000000
0.184804 -1.201197 0.047282 0.000000
0.189364 -1.012170 0.028731 0.000000
0.139973 -1.211246 0.051096 0.000000
0.162569 -1.086208 0.039174 0.000000
0.136666 -0.553363 0.034925 0.000000
0.274336 -0.344230 0.025516 0.000000
0.362782 0.442397 0.033537 0.000000
0.183840 -1.251638 0.061335 0.000000
0.334839 0.268226 0.051007 0.000000
0.321661 0.318569 0.039503 0.000000
0.206560 -0.971685 0.024439 0.000000
0.275986 -0.326262 0.024272 0.000000
0.258384 -0.391142 0.018565 0.000000
0.233579 -0.962327 -0.044182 1.000000
0.181319 -0.448782 0.042483 0.000000
0.229682 -0.927276 -0.013982 1.000000
0.357728 -0.102367 0.021522 0.000000
0.238659 -0.702558 0.019057 0.000000
0.210516 -0.946647 0.020539 0.000000
0.771326 -0.173719 -0.107207 0.000000
0.449381 -0.003772 -0.009204 0.000000
0.347442 0.432183 0.040661 0.000000
0.192239 -1.063761 0.032057 0.000000
0.181620 -0.440466 0.033674 0.000000
0.084826 -1.357829 0.082414 0.000000
0.136263 -1.148827 0.032803 0.000000
0.488894 -0.325000 0.107431 0.000000
0.216382 0.156477 -0.009349 0.000000
0.371691 -0.042651 0.061830 0.000000
0.440499 -0.182017 0.092679 0.000000
0.251190 -0.542971 0.011635 0.000000
0.458218 -0.233352 0.096068 0.000000
0.410920 -0.138677 0.084799 0.000000
0.472125 -0.270946 0.099059 0.000000
0.226876 -0.898730 0.008616 0.000000
0.277647 -0.276086 0.025116 0.000000
0.149808 -1.210513 0.051794 0.000000
0.217654 -0.974301 -0.037386 1.000000
0.276628 -0.311497 0.019644 0.000000
0.496608 -0.256804 -0.148534 0.000000
0.170094 -1.188193 0.041693 0.000000
0.425156 -0.141590 -0.116573 0.000000
0.328080 0.076441 0.059834 0.000000
0.390948 0.219064 0.013886 0.000000
0.104638 -0.647957 0.034247 0.000000
0.392814 0.249745 0.016276 0.000000
0.298859 -0.121202 0.031180 0.000000
0.235022 0.176732 0.008948 0.000000
0.120073 0.026933 -0.053116 0.000000
0.401648 0.312837 0.025739 0.000000
0.343530 0.291932 0.021794 0.000000
0.394096 0.178696 0.001736 0.000000
0.397501 0.287414 0.069505 0.000000
0.212461 -0.986541 0.027215 0.000000
0.389293 0.483643 0.051042 0.000000
0.251328 0.039277 -0.018901 0.000000
0.167160 -0.167262 -0.096622 0.000000
0.340257 0.422967 0.058651 0.000000
0.184351 -1.209995 0.038312 0.000000
0.228897 -0.828436 0.018652 0.000000
0.159666 -1.241864 0.047199 0.000000
0.272676 0.239850 0.010043 0.000000
0.336866 0.307783 0.054577 0.000000
0.269969 -0.287739 0.017958 0.000000
0.341888 0.261215 0.011908 0.000000
0.285419 -0.169574 0.030529 0.000000
0.614636 -0.470437 0.147812 0.000000
0.071001 -0.695067 0.023465 0.000000
0.006095 -0.856137 0.018863 0.000000
0.576450 -0.021937 -0.034006 0.000000
0.324836 0.130158 0.045561 0.000000
0.438405 0.213919 0.091610 0.000000
0.457785 0.184434 0.018760 0.000000
0.236967 0.191328 0.014588 0.000000
0.180323 -1.276475 -0.299805 1.000000
0.419238 -0.102584 -0.100165 0.000000
0.389878 -0.042446 0.083418 0.000000
0.686615 -0.524560 0.162003 0.000000
0.269891 -0.369403 0.016927 0.000000
0.421208 0.075722 -0.008530 0.000000
0.561182 -0.167617 -0.086769 0.000000
0.280495 -0.294996 0.025594 0.000000
0.195956 -1.119894 -0.183773 1.000000
0.180226 -1.169963 0.026277 0.000000
0.198601 -1.067465 0.017372 0.000000
0.192329 -1.144513 0.020588 0.000000
0.350215 0.079704 -0.011330 0.000000
0.388396 -0.085052 0.083195 0.000000
0.191664 -1.127891 -0.168903 1.000000
0.177043 -0.156701 -0.087501 0.000000
0.259794 -0.483943 0.018882 0.000000
0.428648 -0.154466 0.097144 0.000000
0.399969 0.247666 0.009345 0.000000
0.474716 -0.296395 0.106944 0.000000
0.241774 -0.740569 0.010862 0.000000
0.189482 -1.283244 -0.309418 1.000000
0.450483 -0.213481 0.094651 0.000000
0.179648 -1.096256 0.030816 0.000000
0.307676 0.006120 0.033065 0.000000
0.329354 0.292898 0.054490 0.000000
0.187842 -1.165108 0.051605 0.000000
0.354846 0.447988 0.039115 0.000000
0.223643 -0.858193 0.011143 0.000000
0.333359 0.076723 0.051359 0.000000
0.192763 -1.003533 0.030813 0.000000
0.329884 -0.022553 0.006810 0.000000
0.301869 -0.049565 0.043625 0.000000
0.326244 0.001248 0.006044 0.000000
0.156775 -1.359322 -0.378423 1.000000
0.502602 -0.110975 -0.036910 0.000000
0.336255 0.105585 0.002725 0.000000
0.205528 -0.943452 -0.019492 1.000000
0.478948 -0.060874 -0.018645 0.000000
0.164713 -1.332738 -0.339320 1.000000
0.173753 -1.054876 0.026705 0.000000
0.248235 -0.555994 0.024158 0.000000
0.340914 0.048778 0.065859 0.000000
0.770777 -0.172055 -0.096028 0.000000
0.201708 -0.910805 -0.001832 1.000000
0.351139 -0.085980 0.024312 0.000000
0.368082 0.043664 -0.029607 0.000000
0.124655 -1.276142 0.037683 0.000000
0.138109 -0.515791 0.024616 0.000000
0.329372 0.253867 0.050169 0.000000
0.215449 -0.898463 0.015070 0.000000
0.492460 -0.350010 0.119904 0.000000
0.390712 0.420290 0.039769 0.000000
0.191038 -0.092341 -0.064751 0.000000
0.162192 -1.090916 0.032026 0.000000
0.286001 -0.206164 0.032172 0.000000
0.578344 -0.202949 -0.121014 0.000000
0.432400 -0.128123 -0.116839 0.000000
0.025204 -0.799830 0.019224 0.000000
0.261692 -0.478573 0.007756 0.000000
0.255231 -0.298331 0.016158 0.000000
0.180031 -1.224263 0.029985 0.000000
0.515550 -0.381647 0.115156 0.000000
0.398890 0.289114 0.020089 0.000000
-0.020153 -0.923492 0.009642 0.000000
0.334941 0.374941 0.058858 0.000000
0.175017 -1.293718 0.028911 0.000000
0.185261 -1.180346 0.047965 0.000000
0.506051 0.081211 -0.001712 0.000000
0.362284 -0.126026 0.004317 0.000000
0.138951 -1.205967 0.038748 0.000000
0.345536 0.455906 0.057122 0.000000
0.290301 -0.186852 0.029547 0.000000
0.134076 -1.225520 0.060256 0.000000
0.322711 0.025393 -0.009397 0.000000
0.296122 -0.135363 0.037641 0.000000
0.351394 0.408707 0.035664 0.000000
0.423498 0.057981 -0.012453 0.000000
0.470246 -0.050155 -0.018810 0.000000
0.172504 -0.431679 0.018292 0.000000
0.194688 -1.071775 0.024921 0.000000
0.340925 0.328129 0.023892 0.000000
0.174978 -1.185050 0.049148 0.000000
0.122039 -1.243624 0.073960 0.000000
0.204637 -1.013104 -0.074866 1.000000
0.255990 -0.529418 0.019363 0.000000
0.305109 0.004375 0.047639 0.000000
0.369947 -0.022988 0.069668 0.000000
0.312633 0.060143 0.041967 0.000000
0.255401 -0.294696 0.038834 0.000000
0.313689 0.068501 0.049020 0.000000
0.464463 -0.254420 0.098772 0.000000
0.514346 0.052027 0.209900 0.000000
0.341804 0.364321 0.023276 0.000000
0.276831 -0.252493 0.020755 0.000000
0.188509 -1.181494 0.057802 0.000000
0.265137 -0.399103 0.024440 0.000000
0.230814 -0.793201 0.017195 0.000000
0.043402 -0.740130 0.023423 0.000000
0.230748 0.178060 -0.007985 0.000000
0.381289 0.314305 0.058089 0.000000
0.266893 -0.420930 0.021810 0.000000
0.470131 -0.216929 -0.149646 0.000000
0.327619 0.179390 0.053537 0.000000
0.343083 0.093178 -0.007780 0.000000
0.386510 0.437186 0.040338 0.000000
0.191119 -1.134702 0.029697 0.000000
0.191845 -1.091841 -0.135031 1.000000
-0.017210 -0.912452 0.004855 0.000000
0.196620 -1.256418 -0.280880 1.000000
0.323632 0.246347 0.045971 0.000000
0.267410 -0.292334 0.025412 0.000000
0.396663 0.364448 0.032905 0.000000
0.044993 -0.095412 -0.101946 0.000000
0.443286 0.010120 -0.006840 0.000000
0.209757 -1.006091 0.030154 0.000000
0.736521 -0.155944 -0.080249 0.000000
0.112156 -0.597156 0.032023 0.000000
0.245356 -0.590570 0.011797 0.000000
0.148672 -1.216810 0.046310 0.000000
0.142267 -0.224225 -0.138043 0.000000
0.025481 -0.837835 0.008849 0.000000
0.324424 -0.016597 -0.000053 0.000000
0.167822 -1.362850 -0.373435 1.000000
0.400959 0.166310 0.010353 0.000000
0.196669 -1.134173 -0.176833 1.000000
0.196594 -0.088024 -0.058279 0.000000
0.323378 0.256080 0.055637 0.000000
0.270821 -0.299953 0.026958 0.000000
0.583934 -0.452822 0.138042 0.000000
0.425938 0.234602 0.032013 0.000000
0.228373 -0.849071 0.019875 0.000000
0.217072 -0.371988 0.030880 0.000000
0.275658 -0.301999 0.017086 0.000000
0.387554 0.310303 0.051011 0.000000
0.478459 -0.046646 -0.016031 0.000000
0.560796 0.017092 -0.016069 0.000000
0.217581 -0.965670 0.019372 0.000000
0.545829 -0.424355 0.119047 0.000000
0.183617 -1.191090 0.023194 0.000000
0.458879 -0.246396 0.098939 0.000000
0.301401 0.001732 0.040616 0.000000
0.223173 -0.842019 0.012603 0.000000
0.315630 0.074718 0.037424 0.000000
0.046797 -0.773382 0.019153 0.000000
0.192796 -1.090923 0.045599 0.000000
0.345131 0.042061 0.058086 0.000000
-0.076906 -1.061728 -0.018042 0.000000
0.417774 0.253375 0.086186 0.000000
0.123851 -0.545748 0.026317 0.000000
0.305361 -0.094009 0.035881 0.000000
0.312217 0.017657 0.049617 0.000000
0.141124 -0.496692 0.023624 0.000000
0.148793 -0.490802 0.020812 0.000000
0.186197 -0.428410 0.019060 0.000000
0.331529 0.202973 0.051708 0.000000
0.131481 -0.244406 -0.157528 0.000000
0.375670 -0.059631 0.061298 0.000000
0.492831 -0.260820 -0.158234 0.000000
0.210838 -0.922535 -0.009255 1.000000
0.150243 -1.163991 0.058201 0.000000
0.100933 -0.018795 -0.069398 0.000000
0.456825 -0.209904 -0.146887 0.000000
0.187014 -1.206076 -0.227047 1.000000
0.152490 -0.503990 0.025710 0.000000
0.401587 -0.087012 0.082997 0.000000
0.201027 -1.087077 -0.145429 1.000000
0.190998 -1.122785 0.027217 0.000000
0.349736 0.415255 0.029604 0.000000
0.334771 0.359564 0.056142 0.000000
0.182941 -1.251827 -0.281830 1.000000
0.193217 -0.428607 0.030733 0.000000
0.141942 -1.180514 0.042924 0.000000
0.171795 -1.059667 0.018952 0.000000
0.415844 -0.111576 -0.100283 0.000000
0.163634 -1.162333 0.048694 0.000000
0.011924 -0.830308 0.025790 0.000000
0.281910 0.121128 -0.005140 0.000000
0.654231 -0.495332 0.158965 0.000000
0.165764 -1.344425 -0.351323 1.000000
0.361259 0.053999 -0.018773 0.000000
0.396924 0.214139 0.007894 0.000000
0.263753 -0.328542 0.021982 0.000000
0.305064 -0.036413 0.048934 0.000000
0.334164 0.147688 0.003559 0.000000
0.448567 -0.195520 -0.139170 0.000000
0.177687 -1.282541 0.031769 0.000000
0.055066 -0.071738 -0.094580 0.000000
0.493743 -0.098249 -0.036338 0.000000
0.494850 0.091210 0.176747 0.000000
0.175775 -0.447980 0.020407 0.000000
0.323206 0.041422 -0.011077 0.000000
0.212532 -0.972982 0.017614 0.000000
0.163501 -1.083484 0.028000 0.000000
0.487016 0.098062 0.161745 0.000000
0.209773 -1.022288 -0.089537 1.000000
0.203619 -1.084922 0.028548 0.000000
-0.025981 -0.939066 0.007940 0.000000
0.068784 -0.659898 0.024278 0.000000
0.099306 -0.598864 0.021789 0.000000
0.257109 -0.537428 0.017784 0.000000
0.126575 -1.186393 0.036116 0.000000
0.747995 -0.160823 -0.085175 0.000000
-0.004510 -0.894257 -0.001201 0.000000
0.349341 0.394514 0.028385 0.000000
-0.024458 -0.939315 -0.004296 0.000000
0.223497 -0.933350 0.018145 0.000000
0.232947 -0.741936 0.013198 0.000000
0.371192 -0.132007 -0.003395 0.000000
0.195157 -1.012504 -0.065848 1.000000
-0.026123 -0.933123 0.001806 0.000000
0.437480 0.204006 0.011846 0.000000
-0.040717 -0.966252 -0.008291 0.000000
0.334111 -0.058333 0.009075 0.000000
0.326136 0.238602 0.044850 0.000000
0.343332 0.343644 0.020947 0.000000
0.191149 -1.082190 0.031679 0.000000
0.207950 -0.093419 -0.064110 0.000000
0.130137 -1.200969 0.064275 0.000000
0.518351 0.042422 0.207414 0.000000
0.161201 -0.495535 0.039027 0.000000
0.252646 -0.546305 0.022978 0.000000
0.187376 -1.048119 0.035060 0.000000
0.293754 0.158339 -0.003066 0.000000
0.259942 0.224210 0.018610 0.000000
0.351619 0.482984 0.047380 0.000000
0.242459 -0.647972 0.005984 0.000000
0.140557 0.051693 -0.042586 0.000000
0.070652 -0.685589 0.025997 0.000000
0.224811 -0.906818 0.017068 0.000000
0.034412 -0.793504 0.014799 0.000000
0.679424 -0.123675 -0.067808 0.000000
0.220485 -0.848372 0.017807 0.000000
0.481536 -0.310503 0.112906 0.000000
0.338141 0.070855 0.045079 0.000000
0.411915 -0.091891 -0.092471 0.000000
0.351677 0.459753 0.044542 0.000000
0.298920 -0.078082 0.038458 0.000000
0.471686 0.141118 0.011489 0.000000
0.213514 -1.038566 0.035154 0.000000
0.497918 -0.336194 0.102420 0.000000
0.251611 -0.470959 0.019325 0.000000
0.221202 0.165808 -0.018392 0.000000
0.294023 -0.086973 0.034309 0.000000
0.313842 0.175665 0.045492 0.000000
0.287730 -0.218205 0.023493 0.000000
0.378167 0.008686 -0.039194 0.000000
0.263570 -0.428699 0.020964 0.000000
0.335031 0.392231 0.056847 0.000000
0.160382 -1.103216 0.034451 0.000000
0.415262 0.086774 0.003260 0.000000
0.159459 -1.217535 0.056210 0.000000
0.205600 -1.032925 0.024947 0.000000
0.264308 -0.343597 0.015567 0.000000
0.179381 -1.258796 0.058596 0.000000
0.527827 0.054604 -0.006430 0.000000
0.662322 -0.507334 0.163206 0.000000
0.269363 -0.479179 0.015329 0.000000
0.291860 0.269979 0.030441 0.000000
0.175874 -1.174560 0.038085 0.000000
0.340441 -0.072102 0.017180 0.000000
0.319579 0.202647 0.054168 0.000000
0.397291 0.196154 0.006096 0.000000
0.212891 -0.932676 -0.015464 1.000000
0.332322 -0.034428 0.015933 0.000000
0.149933 -0.205558 -0.118192 0.000000
0.327659 0.100120 0.041834 0.000000
0.131138 -1.193310 0.032767 0.000000
0.304204 0.165578 0.001911 0.000000
0.145725 -1.185303 0.057660 0.000000
0.481815 -0.301538 0.103037 0.000000
0.261816 -0.554520 0.017852 0.000000
0.277971 -0.185796 0.029158 0.000000
0.759295 -0.168282 -0.096956 0.000000
0.025538 -0.132397 -0.127995 0.000000
0.318519 0.082549 0.051118 0.000000
0.180556 -1.207197 0.057179 0.000000
0.229049 -0.764184 0.005041 0.000000
0.220380 -0.868351 0.013566 0.000000
0.551254 -0.428808 0.137880 0.000000
0.426835 -0.137596 0.090214 0.000000
0.219269 -0.817186 0.013285 0.000000
0.280958 -0.214498 0.027323 0.000000
0.231529 -0.726350 0.020333 0.000000
0.292778 -0.150241 0.036522 0.000000
0.302826 0.291482 0.040787 0.000000
0.420463 -0.119010 -0.106791 0.000000
0.337163 0.168386 0.010895 0.000000
0.233817 -0.742156 0.021199 0.000000
0.014957 -0.829094 0.018432 0.000000
0.484948 -0.073347 -0.028604 0.000000
0.201879 -0.100231 -0.067334 0.000000
0.341334 0.295470 0.014156 0.000000
0.169104 -1.321778 -0.344781 1.000000
0.411364 0.281831 0.023320 0.000000
0.259761 -0.293142 0.031681 0.000000
0.407091 -0.124791 0.084256 0.000000
0.246717 -0.628971 0.005882 0.000000
0.211294 -1.032743 -0.095882 1.000000
0.249808 -0.621697 0.009180 0.000000
0.292689 -0.194681 0.038662 0.000000
0.305768 0.156489 -0.004231 0.000000
0.464600 -0.269725 0.103674 0.000000
0.336194 0.309206 0.024848 0.000000
0.397444 0.263532 0.014815 0.000000
0.399274 0.153024 0.007636 0.000000
0.171010 -1.205100 0.033100 0.000000
0.616380 -0.060912 -0.053649 0.000000
0.327359 0.158016 0.051627 0.000000
0.261426 -0.507550 0.009214 0.000000
0.200724 -1.098441 0.042464 0.000000
0.680924 -0.511845 0.164248 0.000000
0.160480 -1.105156 0.026689 0.000000
0.201633 -1.050849 -0.111536 1.000000
0.391550 -0.095289 0.073591 0.000000
0.718721 -0.151205 -0.081769 0.000000
0.313230 0.086812 0.043594 0.000000
-0.086350 -1.074057 -0.034331 0.000000
0.086709 -0.672675 0.033097 0.000000
0.518061 -0.126710 -0.051152 0.000000
-0.016091 -0.895412 0.009042 0.000000
0.332170 0.285828 0.057576 0.000000
0.351064 0.088897 -0.013193 0.000000
0.247346 0.024638 -0.022139 0.000000
0.235637 0.182645 -0.012881 0.000000
0.302336 -0.084449 0.045252 0.000000
0.264826 -0.284343 0.030376 0.000000
0.160133 -1.318938 -0.340865 1.000000
0.270683 0.232388 0.023099 0.000000
0.182669 -1.202943 0.027252 0.000000
0.254144 0.067873 -0.022819 0.000000
0.208284 -0.388548 0.038159 0.000000
0.419556 -0.130053 0.089956 0.000000
0.212686 -1.075065 -0.138255 1.000000
0.327448 0.210396 0.048518 0.000000
0.076649 -0.703632 0.023056 0.000000
0.323668 0.166262 0.043197 0.000000
0.077384 -0.669635 0.029080 0.000000
0.367644 0.050641 -0.023385 0.000000
0.166017 -1.061494 0.034368 0.000000
0.352124 0.382287 0.036692 0.000000
0.120235 -0.593542 0.032612 0.000000
0.200200 -0.972519 -0.032433 1.000000
0.393884 -0.052481 -0.066651 0.000000
0.280906 0.258263 0.031417 0.000000
0.550828 0.007330 -0.023385 0.000000
0.218616 -0.946823 0.016989 0.000000
0.564248 -0.004193 -0.028044 0.000000
0.435788 -0.158349 0.091640 0.000000
0.226781 -0.883220 0.017635 0.000000
0.199827 -1.076533 -0.136002 1.000000
0.495706 -0.361494 0.119762 0.000000
0.189223 -0.135482 -0.083793 0.000000
0.218014 -0.985413 -0.049464 1.000000
0.240133 -0.681822 0.015544 0.000000
0.190864 -1.128027 0.021325 0.000000
0.165053 -1.176801 0.038105 0.000000
0.269724 -0.438730 0.025719 0.000000
0.527662 -0.405294 0.130449 0.000000
0.312481 -0.018307 0.042779 0.000000
0.330924 -0.012783 -0.003607 0.000000
0.204817 -0.375752 0.012442 0.000000
0.178985 -1.288728 -0.312608 1.000000
0.332321 0.245936 0.049418 0.000000
0.465043 0.149616 0.008901 0.000000
0.373393 -0.030838 0.073700 0.000000
0.492334 0.105431 0.005842 0.000000
0.155006 -1.204109 0.044866 0.000000
0.408652 -0.156077 0.087036 0.000000
0.169595 -1.297816 -0.319007 1.000000
0.327721 0.186505 0.045508 0.000000
0.269284 -0.386383 0.013604 0.000000
0.219402 -0.037871 -0.044208 0.000000
0.490561 -0.085316 -0.029938 0.000000
0.403992 -0.100157 0.087581 0.000000
0.201079 -1.035732 -0.101432 1.000000
0.062026 -0.697241 0.028016 0.000000
0.214695 -1.004009 -0.073130 1.000000
0.275828 -0.257548 0.027160 0.000000
0.232768 -0.757778 0.023091 0.000000
0.413766 -0.115323 0.093797 0.000000
0.165867 -1.227422 0.054693 0.000000
0.348329 -0.099298 0.014482 0.000000
-0.034195 -0.946501 -0.003076 0.000000
0.259118 -0.451739 0.012724 0.000000
0.196634 -1.216173 -0.245057 1.000000
0.524608 -0.122313 -0.049970 0.000000
0.427949 -0.169225 0.090922 0.000000
0.305841 -0.010865 0.039322 0.000000
0.199450 -0.399608 0.028933 0.000000
0.431234 0.232402 0.088464 0.000000
0.510712 -0.369236 0.110760 0.000000
0.603549 -0.464977 0.142512 0.000000
0.268118 -0.470657 0.020096 0.000000
0.349414 0.373680 0.025843 0.000000
-0.027293 -0.925701 0.012027 0.000000
0.261334 -0.299776 0.039128 0.000000
0.239544 -0.734631 0.021687 0.000000
0.258633 -0.494912 0.013545 0.000000
0.195684 -1.175064 -0.201763 1.000000
0.291496 -0.153604 0.024107 0.000000
0.304391 -0.066908 0.046857 0.000000
0.202917 -1.107513 0.020609 0.000000
0.183463 -1.189746 0.045304 0.000000
0.191173 -0.406911 0.017026 0.000000
0.462110 -0.292123 0.111731 0.000000
0.339807 0.349809 0.029038 0.000000
0.246392 -0.580906 0.022418 0.000000
0.295801 0.152165 0.008705 0.000000
0.018601 -0.148811 -0.132605 0.000000
0.209253 -1.089179 -0.143101 1.000000
0.328068 -0.012565 0.010219 0.000000
0.463146 -0.040339 -0.019392 0.000000
0.247150 -0.644167 0.017341 0.000000
0.383299 -0.070151 0.081470 0.000000
0.137505 -0.555157 0.044090 0.000000
0.157925 -1.162452 0.040007 0.000000
0.413517 -0.140919 0.092678 0.000000
0.726474 -0.144254 -0.083881 0.000000
0.416988 0.094386 0.004128 0.000000
0.099675 -0.632324 0.030679 0.000000
0.336700 0.208507 0.010996 0.000000
0.341108 0.400694 0.056786 0.000000
0.242794 -0.598873 0.022756 0.000000
0.220764 -0.933035 -0.017319 1.000000
0.344539 0.256219 0.017242 0.000000
0.230941 -0.680760 0.012548 0.000000
0.171711 -0.449667 0.027114 0.000000
0.264588 0.090979 -0.019764 0.000000
-0.009209 -0.914017 -0.001268 0.000000
0.263242 -0.546620 0.011967 0.000000
0.235107 -0.332781 0.022558 0.000000
0.272502 -0.439454 0.015034 0.000000
-0.053703 -0.988282 -0.003965 0.000000
0.391261 0.234392 0.014469 0.000000
0.178821 -1.274890 0.020667 0.000000
0.188177 0.116898 -0.023505 0.000000
0.029111 -0.814932 0.015273 0.000000
0.151743 0.069839 -0.037996 0.000000
0.251975 -0.583362 0.016445 0.000000
0.113727 -0.581088 0.028578 0.000000
0.203655 -1.121787 -0.179269 1.000000
0.428186 -0.132160 -0.111749 0.000000
0.139604 -1.155173 0.067192 0.000000
0.457745 -0.193713 -0.143742 0.000000
0.249198 -0.608981 0.024701 0.000000
0.318716 0.111822 0.044401 0.000000
0.193716 -1.099075 0.022556 0.000000
0.368726 0.343073 0.045546 0.000000
0.178135 -1.177642 0.049262 0.000000
0.191603 -1.200042 -0.237229 1.000000
0.590646 -0.462714 0.144279 0.000000
0.209763 -0.989260 0.019829 0.000000
0.328781 0.217799 0.009769 0.000000
0.329520 0.378057 0.054082 0.000000
0.181061 -0.422030 0.023075 0.000000
0.262703 -0.541191 0.022453 0.000000
0.273070 0.090416 0.000058 0.000000
0.604625 -0.469555 0.136393 0.000000
0.180569 -1.262674 0.020586 0.000000
0.236049 -0.664802 0.010205 0.000000
0.198475 -1.140358 0.022705 0.000000
0.220298 -0.832749 0.009003 0.000000
0.253156 0.220640 0.019601 0.000000
0.039520 -0.772706 0.022223 0.000000
0.405296 0.189720 -0.001850 0.000000
0.173444 -1.240368 0.037311 0.000000
0.577504 -0.448754 0.136835 0.000000
0.482391 -0.253539 -0.150155 0.000000
0.339412 0.451262 0.057587 0.000000
0.393198 0.321609 0.027340 0.000000
0.075489 -0.281532 -0.211940 0.000000
0.276036 -0.233292 0.023160 0.000000
0.177206 -0.143236 -0.084961 0.000000
0.305777 -0.024240 0.042501 0.000000
0.197179 -1.195471 -0.233028 1.000000
0.570843 -0.018658 -0.038714 0.000000
0.392981 0.257556 0.017613 0.000000
0.488473 0.089534 0.172804 0.000000
0.073838 -0.647787 0.028738 0.000000
0.231629 -0.342675 0.032824 0.000000
0.324687 0.003244 -0.005901 0.000000
0.438991 0.205045 0.091845 0.000000
0.241761 -0.682823 0.007968 0.000000
0.304086 -0.045275 0.036643 0.000000
0.339267 0.401792 0.065946 0.000000
0.273468 -0.282185 0.021931 0.000000
-0.036990 -0.941650 0.007241 0.000000
0.363554 0.041609 -0.018152 0.000000
0.412456 0.273091 0.027552 0.000000
0.092865 -0.270246 -0.199359 0.000000
0.090302 -0.687687 0.030659 0.000000
0.233719 -0.945953 -0.022074 1.000000
0.144802 -1.145332 0.043997 0.000000
0.445096 -0.001012 -0.018473 0.000000
0.095274 -0.665422 0.030155 0.000000
0.440722 -0.227426 0.101662 0.000000
0.262146 -0.476459 0.018259 0.000000
0.219734 -0.027908 -0.042760 0.000000
0.296970 -0.055599 0.039174 0.000000
0.187507 -1.119077 0.033372 0.000000
0.246586 -0.626761 0.015327 0.000000
0.204492 -1.040184 0.017016 0.000000
0.148754 -1.169426 0.041255 0.000000
0.164490 -1.186819 0.048280 0.000000
0.263556 -0.498499 0.007626 0.000000
0.263234 -0.320944 0.022452 0.000000
0.536236 -0.413162 0.118783 0.000000
0.034126 -0.116954 -0.111959 0.000000
0.122985 0.020354 -0.050587 0.000000
0.170037 -0.476765 0.032223 0.000000
0.382115 -0.004166 -0.044990 0.000000
0.220847 -0.918794 0.012509 0.000000
0.078500 -0.697849 0.030239 0.000000
0.427973 -0.156974 -0.124953 0.000000
0.537523 -0.154078 -0.070837 0.000000
0.435329 0.015738 -0.017126 0.000000
0.316675 0.060453 0.048916 0.000000
0.050232 -0.081056 -0.100483 0.000000
0.212317 -0.891655 0.009688 0.000000
0.248359 -0.572879 0.014946 0.000000
0.389612 0.401778 0.043201 0.000000
0.238324 -0.649168 0.021659 0.000000
0.199067 -0.940972 -0.016333 1.000000
0.118206 0.030092 -0.061127 0.000000
0.221876 -0.967519 -0.042759 1.000000
0.205992 -1.045928 -0.106659 1.000000
0.019616 -0.840894 0.014917 0.000000
0.168180 -1.217122 0.037224 0.000000
0.132274 -1.199082 0.073184 0.000000
0.260420 -0.433707 0.016194 0.000000
0.384409 -0.019325 -0.054215 0.000000
0.271119 -0.322107 0.028810 0.000000
0.235274 -0.694397 0.009748 0.000000
0.333627 0.215612 0.001542 0.000000
0.267734 -0.280826 0.037553 0.000000
0.236868 -0.772037 0.013072 0.000000
0.195079 -0.413067 0.019123 0.000000
0.265975 -0.378748 0.021599 0.000000
0.224060 0.172419 -0.014606 0.000000
0.186335 -1.068286 0.033520 0.000000
0.203598 -1.066552 0.031261 0.000000
0.338975 0.368049 0.055694 0.000000
0.163376 -1.376628 -0.395259 1.000000
0.174671 -1.249418 0.060882 0.000000
0.148486 -1.157602 0.038325 0.000000
0.202391 -1.152679 -0.186065 1.000000
0.294204 0.144883 0.007423 0.000000
0.210896 -1.033513 0.014310 0.000000
0.397390 0.413059 0.043332 0.000000
0.211201 -0.081955 -0.056429 0.000000
0.107924 0.004771 -0.058247 0.000000
0.211618 -0.998831 -0.068499 1.000000
0.173523 -1.094522 0.034881 0.000000
0.121203 -1.231990 0.035628 0.000000
0.151168 -1.130239 0.046542 0.000000
0.219279 -0.901617 0.003067 1.000000
0.168846 -1.324067 -0.335106 1.000000
0.471949 -0.063854 -0.027867 0.000000
0.301910 -0.152004 0.035037 0.000000
0.342003 0.054904 0.048562 0.000000
0.306102 0.012948 0.046159 0.000000
0.557409 -0.436569 0.123415 0.000000
0.298235 0.282009 0.035081 0.000000
0.567881 -0.444702 0.126555 0.000000
0.340957 0.225654 0.007711 0.000000
0.389294 0.456715 0.047525 0.000000
0.371829 0.007166 -0.043220 0.000000
0.340117 0.346501 0.058709 0.000000
0.475314 -0.228408 -0.151022 0.000000
0.239118 0.019134 -0.028628 0.000000
0.222444 -0.052381 -0.047191 0.000000
0.374390 -0.051819 0.062024 0.000000
0.633555 -0.084941 -0.057534 0.000000
0.268792 -0.406989 0.026779 0.000000
0.192152 -1.007101 0.023941 0.000000
0.318299 0.177091 0.038905 0.000000
0.194414 -1.040982 0.038179 0.000000
0.152368 -1.113439 0.022725 0.000000
0.398861 -0.109291 0.076508 0.000000
0.334935 0.063051 0.060266 0.000000
0.505563 -0.357180 0.108411 0.000000
0.083266 -0.658549 0.030542 0.000000
0.327001 0.186901 0.052969 0.000000
0.326500 0.278609 0.048965 0.000000
0.408638 -0.072463 -0.080040 0.000000
-0.088772 -1.084245 -0.028092 0.000000
0.147666 -1.173375 0.047539 0.000000
0.334365 -0.051216 0.011421 0.000000
0.253738 -0.560443 0.016169 0.000000
0.117976 -0.559908 0.023370 0.000000
0.400858 -0.048720 -0.071463 0.000000
0.319060 0.149799 0.046673 0.000000
0.167473 -1.217478 0.048368 0.000000
0.176814 -1.214415 0.036282 0.000000
0.203895 -1.014265 0.027452 0.000000
0.319193 0.212203 0.049811 0.000000
0.254692 -0.554191 0.020414 0.000000
0.166294 -0.483160 0.037623 0.000000
0.172882 -1.191679 0.026716 0.000000
0.178961 -1.042036 0.031477 0.000000
0.413313 -0.131716 0.086190 0.000000
0.392578 -0.095767 0.065467 0.000000
0.305546 0.294416 0.034472 0.000000
0.235680 -0.706160 0.013047 0.000000
0.139010 -0.544462 0.033824 0.000000
0.235170 -0.941405 -0.028383 1.000000
0.271834 -0.343530 0.013486 0.000000
0.290288 0.146521 -0.004340 0.000000
0.459473 -0.237771 0.102398 0.000000
0.462877 0.161286 0.017769 0.000000
0.211162 -1.044723 0.028678 0.000000
0.333427 0.252053 0.014319 0.000000
0.665963 -0.503015 0.158323 0.000000
0.328027 0.325903 0.055807 0.000000
0.333865 0.156973 0.005516 0.000000
0.222615 -0.355676 0.027714 0.000000
-0.038332 -0.960377 -0.003381 0.000000
0.288219 0.262866 0.035038 0.000000
0.316340 0.033034 0.048751 0.000000
0.334569 0.410132 0.065284 0.000000
0.090285 -0.672715 0.026549 0.000000
0.450744 -0.247280 0.101731 0.000000
0.457069 0.168826 0.006235 0.000000
0.444352 -0.197516 0.093923 0.000000
0.186957 -1.244075 0.057425 0.000000
0.313786 0.053682 0.050078 0.000000
0.082355 -0.663495 0.022929 0.000000
0.407228 -0.118787 0.090753 0.000000
0.319347 0.159595 0.039366 0.000000
0.231731 -0.780790 0.013774 0.000000
0.161037 -1.309148 0.038725 0.000000
0.335366 0.283017 0.048491 0.000000
0.224531 -0.968381 -0.055190 1.000000
0.170796 -1.334040 0.064212 0.000000
0.284726 -0.197705 0.023868 0.000000
0.157122 -1.237598 0.053833 0.000000
0.101573 -0.604765 0.028613 0.000000
0.420169 0.071682 -0.002387 0.000000
0.189582 -1.207650 0.022544 0.000000
0.355416 -0.114389 0.010677 0.000000
0.198528 -1.022892 0.021532 0.000000
0.182017 0.104980 -0.019506 0.000000
0.202224 -0.390474 0.018385 0.000000
0.339086 0.054757 0.061435 0.000000
0.212338 0.148807 -0.026449 0.000000
0.265893 -0.513571 0.008858 0.000000
0.144453 -1.205679 0.053487 0.000000
0.257441 -0.458326 0.021005 0.000000
0.151229 -0.525341 0.040498 0.000000
0.567483 -0.186014 -0.106670 0.000000
0.166687 0.084843 -0.026261 0.000000
0.316433 0.095073 0.043278 0.000000
0.357194 0.423904 0.040046 0.000000
0.156752 -0.496155 0.032920 0.000000
0.434634 -0.153330 -0.124653 0.000000
0.194668 -1.244578 -0.274745 1.000000
0.216282 0.156596 -0.016748 0.000000
0.392439 -0.014654 -0.044459 0.000000
0.411412 0.138538 -0.010242 0.000000
0.062567 -0.734135 0.023469 0.000000
0.470715 0.132691 0.003105 0.000000
0.173102 -1.224145 0.033187 0.000000
0.333166 0.125057 -0.001323 0.000000
0.363069 -0.007158 0.063716 0.000000
0.225826 -0.922131 -0.010205 1.000000
0.226510 -0.816446 0.011991 0.000000
0.042727 -0.293845 -0.245642 0.000000
0.227459 -0.869701 0.018053 0.000000
-0.076949 -1.055584 -0.023866 0.000000
0.655339 -0.104567 -0.066384 0.000000
0.229903 -0.979400 -0.055101 1.000000
0.200112 -0.085826 -0.064951 0.000000
0.233682 -0.833029 0.010505 0.000000
0.295421 -0.163069 0.037224 0.000000
0.331549 0.076143 -0.009033 0.000000
0.195479 -1.009556 0.013126 0.000000
0.408696 -0.078071 -0.087125 0.000000
0.394155 0.294898 0.055112 0.000000
0.260607 -0.518154 0.015184 0.000000
0.132485 0.031392 -0.045428 0.000000
0.425938 0.055799 0.003002 0.000000
0.191350 -1.103701 0.032267 0.000000
0.347586 0.369360 0.033792 0.000000
0.254952 -0.538594 0.007062 0.000000
0.449559 -0.016204 -0.019660 0.000000
0.279522 -0.249638 0.029086 0.000000
0.172370 -1.285282 -0.308295 1.000000
0.270509 0.086036 -0.005523 0.000000
0.261367 0.221319 0.008620 0.000000
0.345963 0.437224 0.056375 0.000000
0.083182 -0.623648 0.028050 0.000000
-0.003823 -0.866211 0.017040 0.000000
-0.093333 -1.092786 -0.035206 0.000000
0.306269 -0.091165 0.045271 0.000000
0.271433 -0.267910 0.030906 0.000000
0.254469 -0.523611 0.015117 0.000000
0.383436 -0.014333 -0.045621 0.000000
0.495734 0.078638 0.181848 0.000000
0.397208 -0.038700 -0.061421 0.000000
0.314060 0.185821 0.002474 0.000000
0.213696 -1.035290 -0.105732 1.000000
0.324971 0.037958 -0.000485 0.000000
0.408754 -0.152308 0.080114 0.000000
0.247206 -0.312277 0.020887 0.000000
0.463817 -0.054936 -0.024588 0.000000
0.155010 -0.212101 -0.129671 0.000000
0.277514 -0.319232 0.025716 0.000000
0.437510 0.226709 0.094339 0.000000
0.277830 -0.271944 0.033641 0.000000
0.434189 -0.215617 0.095287 0.000000
0.097302 -0.640229 0.027212 0.000000
0.074588 -0.052891 -0.085494 0.000000
0.337780 0.304295 0.018530 0.000000
0.031439 -0.747756 0.029503 0.000000
0.215008 -0.050663 -0.048338 0.000000
0.079076 -0.036546 -0.076954 0.000000
0.185125 -1.128454 0.035362 0.000000
0.264775 0.105777 -0.018263 0.000000
0.518808 -0.393849 0.126258 0.000000
0.346539 0.400871 0.033887 0.000000
0.004670 -0.878339 0.004959 0.000000
0.134762 -1.154515 0.037149 0.000000
0.178912 -1.273730 0.059150 0.000000
0.192137 -1.148568 -0.182383 1.000000
0.445988 -0.229204 0.095291 0.000000
0.342296 0.246340 0.008515 0.000000
0.306180 -0.034484 0.041451 0.000000
0.149065 -1.155565 0.054230 0.000000
0.268420 -0.393919 0.018789 0.000000
0.432434 -0.152496 0.088300 0.000000
0.169589 -1.172460 0.048677 0.000000
0.384052 0.498041 0.050147 0.000000
0.191536 -0.419077 0.032163 0.000000
0.335485 0.336585 0.058218 0.000000
0.592513 -0.034252 -0.041690 0.000000
0.473509 0.141412 0.130065 0.000000
-0.044510 -0.970710 0.003408 0.000000
0.223382 -0.016902 -0.040046 0.000000
0.425928 0.233666 0.079657 0.000000
0.330169 0.227604 0.048171 0.000000
0.154735 -0.195743 -0.113793 0.000000
0.407769 0.128226 -0.006608 0.000000
0.211699 -0.038804 -0.048288 0.000000
0.061369 -0.068471 -0.092987 0.000000
0.080614 -0.684717 0.030008 0.000000
0.224366 -0.823426 0.014339 0.000000
0.212566 -0.365473 0.017361 0.000000
0.334478 0.112114 -0.001040 0.000000
0.409260 0.113760 -0.003838 0.000000
0.340779 0.415326 0.058007 0.000000
0.161708 -0.192523 -0.113239 0.000000
0.178631 -1.161990 0.039689 0.000000
0.185174 -1.146833 0.038797 0.000000
0.196930 -1.186234 -0.229326 1.000000
0.260253 -0.301568 0.031310 0.000000
0.131702 -0.529846 0.025202 0.000000
0.179162 -0.150484 -0.090573 0.000000
0.487339 -0.337396 0.112531 0.000000
0.192940 -1.149585 -0.196497 1.000000
-0.087492 -1.071065 -0.027273 0.000000
0.188668 -1.206742 -0.240371 1.000000
0.144495 -0.229244 -0.143152 0.000000
0.234834 0.024431 -0.033442 0.000000
0.325121 0.193525 0.045527 0.000000
0.184281 -1.241084 -0.275014 1.000000
0.535632 0.038286 -0.013413 0.000000
0.177074 -1.046028 0.013466 0.000000
0.387907 0.203462 0.010243 0.000000
0.139877 -0.237345 -0.154687 0.000000
0.117411 -0.569873 0.028727 0.000000
0.497263 -0.272751 -0.149283 0.000000
0.255827 -0.443065 0.021816 0.000000
0.065621 -0.748633 0.020986 0.000000
0.463063 0.169771 0.113731 0.000000
0.201382 -1.037746 -0.090922 1.000000
0.503163 0.068789 0.177247 0.000000
0.511846 -0.381110 0.121342 0.000000
0.168672 -1.195252 0.050531 0.000000
0.331094 0.349844 0.057203 0.000000
0.577367 -0.195109 -0.120579 0.000000
0.351965 0.025912 0.060324 0.000000
0.318521 0.124541 0.043997 0.000000
0.235624 -0.726760 0.006163 0.000000
0.197503 -1.008571 0.028567 0.000000
0.180760 -1.233178 0.055675 0.000000
0.043589 -0.089846 -0.106329 0.000000
0.153654 -0.467015 0.020226 0.000000
0.330742 0.300419 0.054299 0.000000
0.271289 -0.315355 0.022886 0.000000
0.185405 -1.016830 0.024515 0.000000
0.298425 -0.139203 0.043395 0.000000
0.390441 0.343314 0.035611 0.000000
0.345878 0.358752 0.025365 0.000000
-0.063397 -1.030291 -0.025354 0.000000
0.116952 -1.247054 0.040526 0.000000
0.108827 -1.301342 0.035151 0.000000
0.209158 -1.056723 -0.114372 1.000000
0.080295 -1.354202 0.086685 0.000000
0.330110 0.056508 0.007754 0.000000
0.421120 -0.177601 0.087373 0.000000
0.038223 -0.101684 -0.111598 0.000000
0.385522 -0.044380 0.088968 0.000000
0.200537 -0.995361 0.025017 0.000000
0.121889 -1.241785 0.032243 0.000000
0.424429 0.250598 0.023484 0.000000
0.274449 -0.328736 0.017695 0.000000
0.271135 -0.445931 0.021484 0.000000
0.066239 -0.281837 -0.223517 0.000000
0.325462 0.053100 -0.007016 0.000000
0.162483 -0.185411 -0.107781 0.000000
0.139987 -1.165408 0.037130 0.000000
0.533532 0.031012 -0.015703 0.000000
0.454654 0.178346 0.020937 0.000000
0.333641 0.175707 0.005096 0.000000
0.331266 -0.044707 0.004480 0.000000
0.537189 -0.140292 -0.068793 0.000000
0.306049 0.166993 -0.004878 0.000000
0.323858 0.230160 0.054855 0.000000
0.171794 -0.180933 -0.108762 0.000000
0.255857 -0.554536 0.007335 0.000000
0.100333 -0.266506 -0.192018 0.000000
0.367458 -0.021297 0.062263 0.000000
0.356112 0.015642 0.046252 0.000000
0.177307 -1.256867 0.035980 0.000000
0.288052 0.133046 0.002818 0.000000
0.247037 -0.664053 0.010565 0.000000
0.397892 0.172688 0.011449 0.000000
0.416549 0.083508 -0.007038 0.000000
0.201776 -1.020774 0.032444 0.000000
0.268435 -0.453743 0.015119 0.000000
0.247806 -0.613712 0.016694 0.000000
0.342793 0.427626 0.053847 0.000000
0.116980 -1.280965 0.058347 0.000000
0.261754 -0.288314 0.016092 0.000000
0.334494 0.223821 0.013596 0.000000
0.235471 -0.933885 -0.020898 1.000000
0.063802 -0.659135 0.029474 0.000000
0.216627 -0.880039 0.014368 0.000000
0.339230 0.161072 0.002239 0.000000
0.182855 -1.287135 -0.304475 1.000000
0.388209 0.490592 0.049789 0.000000
0.180389 -1.080315 0.032118 0.000000
0.157090 -0.473226 0.019460 0.000000
0.137158 -1.192504 0.072827 0.000000
0.238086 -0.667805 0.022695 0.000000
0.343116 0.175818 0.003323 0.000000
0.500805 0.078406 0.176376 0.000000
0.317561 0.135649 0.043654 0.000000
0.235498 -0.731910 0.015356 0.000000
0.326357 0.090053 0.054482 0.000000
0.354007 0.017924 0.071587 0.000000
0.324771 -0.004619 -0.006446 0.000000
0.376304 -0.049987 0.074872 0.000000
-0.000968 -0.856516 0.019895 0.000000
0.322039 0.168147 0.049872 0.000000
0.237404 -0.715986 0.021326 0.000000
0.706042 -0.145360 -0.079118 0.000000
0.262972 -0.487667 0.024962 0.000000
0.195006 -1.118658 -0.170865 1.000000
0.325404 0.049106 0.010400 0.000000
0.240381 -0.636498 0.021324 0.000000
0.349651 0.391214 0.038645 0.000000
0.260670 -0.349062 0.019693 0.000000
0.205596 0.132653 -0.004898 0.000000
0.242231 0.033982 -0.032260 0.000000
0.396282 0.333614 0.027709 0.000000
0.272365 0.226940 0.017305 0.000000
0.171259 -1.281389 0.036731 0.000000
0.047814 -0.783116 0.017336 0.000000
0.210040 -1.025947 -0.081345 1.000000
0.312839 0.305119 0.036139 0.000000
0.210962 0.152630 -0.006872 0.000000
0.199558 -1.171107 -0.208940 1.000000
0.619249 -0.069079 -0.053035 0.000000
0.481973 0.113382 0.001103 0.000000
-0.012531 -0.903699 0.005397 0.000000
0.090181 -0.648512 0.029151 0.000000
0.183112 -1.328513 -0.346600 1.000000
0.080106 -0.044971 -0.080721 0.000000
0.445421 -0.238342 0.099896 0.000000
0.254577 -0.481348 0.013458 0.000000
0.334251 0.400895 0.053593 0.000000
0.579989 -0.034221 -0.035323 0.000000
0.127752 -0.576250 0.033889 0.000000
0.478788 0.145831 0.015937 0.000000
0.450103 0.185616 0.019385 0.000000
0.332060 0.096281 -0.005759 0.000000
0.202160 -0.966992 -0.037961 1.000000
0.154811 -0.513296 0.034758 0.000000
0.327854 0.363110 0.052723 0.000000
0.329199 0.263023 0.052472 0.000000
0.174745 -0.135815 -0.079846 0.000000
0.397253 0.230852 0.008801 0.000000
0.278904 -0.197414 0.030556 0.000000
0.207297 -1.036549 0.031432 0.000000
0.430901 0.039563 -0.008011 0.000000
0.288761 -0.144664 0.028705 0.000000
0.324708 0.214243 0.055317 0.000000
0.219986 -0.918737 -0.007294 1.000000
0.236860 -0.695985 0.020886 0.000000
0.186701 -1.047369 0.020641 0.000000
0.140942 0.036485 -0.038594 0.000000
0.318771 0.054788 0.042236 0.000000
0.337433 0.246754 0.017748 0.000000
0.151204 -1.219563 0.052282 0.000000
0.267612 -0.517413 0.015373 0.000000
0.147470 -0.521647 0.033758 0.000000
0.262003 -0.469304 0.015595 0.000000
0.185382 -1.173310 0.048277 0.000000
-0.067845 -1.031036 -0.013011 0.000000
0.312335 0.030339 0.043225 0.000000
0.433755 0.040081 0.001320 0.000000
0.207050 -1.015677 0.020156 0.000000
0.453087 -0.015275 -0.012880 0.000000
0.284066 0.255807 0.025630 0.000000
0.194769 -0.409115 0.030040 0.000000
-0.006295 -0.888252 0.008197 0.000000
0.306229 0.036637 0.045398 0.000000
0.478961 0.136854 0.017852 0.000000
0.028811 -0.776465 0.023309 0.000000
0.440197 -0.166970 -0.131306 0.000000
0.146224 -1.196188 0.052035 0.000000
0.188267 -1.131103 0.044566 0.000000
0.151797 -1.162690 0.051479 0.000000
0.204349 -1.132518 -0.175637 1.000000
0.351942 0.011653 0.054675 0.000000
0.724734 -0.151246 -0.075435 0.000000
0.080737 -0.279204 -0.207650 0.000000
0.387649 0.484138 0.044240 0.000000
0.329081 0.073035 0.005415 0.000000
0.261456 -0.293362 0.021852 0.000000
0.336032 -0.037845 0.005791 0.000000
0.247803 -0.654506 0.010647 0.000000
0.203859 -1.148655 -0.198715 1.000000
0.152343 -1.233804 0.042911 0.000000
0.179061 -1.110051 0.036668 0.000000
0.203665 -0.403312 0.039432 0.000000
0.311624 0.100217 0.043146 0.000000
0.202705 -1.053287 0.036706 0.000000
0.335929 0.386368 0.060564 0.000000
0.492091 -0.326918 0.101507 0.000000
0.130495 0.020712 -0.046809 0.000000
0.638241 -0.086823 -0.049204 0.000000
0.206260 -1.026591 0.037740 0.000000
0.138003 -1.227913 0.039464 0.000000
0.176940 -1.201001 0.050459 0.000000
0.268463 -0.340053 0.025932 0.000000
0.396003 0.390709 0.035950 0.000000
0.309314 -0.030375 0.036744 0.000000
0.217819 0.148077 -0.008184 0.000000
0.182833 -1.095888 0.037018 0.000000
0.445263 -0.222269 0.096082 0.000000
0.327007 0.087168 -0.005524 0.000000
0.174405 -1.209845 0.048465 0.000000
0.644722 -0.095571 -0.060069 0.000000
0.306820 -0.082359 0.038983 0.000000
0.450064 -0.269249 0.107509 0.000000
0.497815 -0.342288 0.107558 0.000000
0.221874 -0.939129 -0.021529 1.000000
0.412679 -0.098108 -0.097277 0.000000
0.217621 -0.983431 -0.056309 1.000000
0.400631 -0.126185 0.081701 0.000000
0.244300 -0.706584 0.012174 0.000000
0.331499 0.313504 0.053231 0.000000
0.401481 -0.059172 -0.073391 0.000000
0.184529 -1.135764 0.036995 0.000000
0.121871 -1.325449 0.034663 0.000000
0.396845 0.374204 0.036481 0.000000
0.228389 -0.751790 0.013331 0.000000
0.331584 -0.027618 0.014707 0.000000
0.432032 0.238475 0.021277 0.000000
0.349053 0.034757 0.061821 0.000000
0.423272 -0.175641 0.094895 0.000000
0.289514 -0.221968 0.032783 0.000000
0.303139 -0.058796 0.038863 0.000000
0.183989 -1.258619 -0.284730 1.000000
0.228673 0.175183 0.006583 0.000000
0.117045 0.016417 -0.053579 0.000000
0.348776 0.377563 0.032642 0.000000
0.196454 -1.030898 -0.090470 1.000000
0.235148 -0.765433 0.009473 0.000000
0.230047 -0.030827 -0.038752 0.000000
0.296847 0.275514 0.022124 0.000000
0.335401 -0.077656 0.005047 0.000000
0.221649 -1.012399 -0.083020 1.000000
0.317261 0.200084 0.007784 0.000000
0.294094 -0.109568 0.034568 0.000000
0.327943 0.338329 0.052399 0.000000
0.153312 -1.138459 0.054846 0.000000
0.290542 0.275012 0.038849 0.000000
0.352512 0.420650 0.035978 0.000000
0.453327 0.175998 0.014554 0.000000
0.337961 0.070709 0.052003 0.000000
0.195095 -1.141156 -0.190221 1.000000
0.404841 0.306600 0.031957 0.000000
0.403999 0.121503 0.009916 0.000000
0.436735 -0.140091 -0.123684 0.000000
0.303800 -0.099485 0.042709 0.000000
0.189442 -1.185258 -0.227621 1.000000
0.242882 0.194533 0.016198 0.000000
0.311394 0.116587 0.051275 0.000000
0.344166 0.335527 0.024177 0.000000
0.259069 -0.440862 0.013848 0.000000
0.268522 -0.374745 0.012554 0.000000
0.324891 0.325979 0.042826 0.000000
0.423820 -0.142979 0.093331 0.000000
0.429790 0.032607 -0.013642 0.000000
0.448304 0.184695 0.103105 0.000000
0.329554 0.358495 0.060547 0.000000
0.163253 -1.356724 -0.373550 1.000000
0.400292 0.299772 0.033490 0.000000
0.540676 -0.144891 -0.065000 0.000000
0.272670 -0.307886 0.029573 0.000000
0.316228 0.046601 0.045726 0.000000
0.261001 -0.522113 0.026696 0.000000
0.012545 -0.821821 0.021888 0.000000
0.387671 -0.065103 0.079133 0.000000
0.213951 -0.383181 0.027456 0.000000
0.009619 -0.850638 0.013456 0.000000
0.401902 0.277165 0.019156 0.000000
0.399746 0.189805 0.003306 0.000000
0.307492 -0.053830 0.043702 0.000000
0.340258 0.098814 -0.004356 0.000000
0.034079 -0.110986 -0.115411 0.000000
0.145241 -1.211193 0.044263 0.000000
0.359905 -0.120232 0.009859 0.000000
0.387718 0.261047 0.021266 0.000000
0.099584 -0.593320 0.027379 0.000000
0.445745 -0.182523 -0.137527 0.000000
0.278786 0.118965 -0.013438 0.000000
0.028946 -0.126574 -0.124771 0.000000
0.338420 0.279015 0.013635 0.000000
0.074168 -0.045407 -0.084684 0.000000
0.279067 0.245683 0.031885 0.000000
0.051719 -0.770766 0.023460 0.000000
0.185906 -0.427228 0.031239 0.000000
0.469694 0.134632 0.135026 0.000000
0.074570 -0.654726 0.029248 0.000000
0.399543 0.322408 0.029839 0.000000
-0.033670 -0.955271 -0.007758 0.000000
0.508746 -0.104510 -0.038380 0.000000
0.154310 -1.212759 0.042979 0.000000
0.482366 0.126496 0.013863 0.000000
0.464433 0.150437 0.123244 0.000000
0.285802 -0.238935 0.020658 0.000000
0.169477 0.079120 -0.018935 0.000000
0.622806 -0.482153 0.152068 0.000000
0.201715 -1.074538 0.041878 0.000000
0.183105 -1.210146 0.022483 0.000000
0.472779 -0.210942 -0.147620 0.000000
0.574039 -0.014565 -0.031706 0.000000
0.265625 -0.447471 0.017314 0.000000
0.324952 0.100096 0.049446 0.000000
0.310843 0.179958 -0.003139 0.000000
0.370777 0.437437 0.037083 0.000000
0.423051 0.062547 -0.004349 0.000000
0.143921 -0.229500 -0.132448 0.000000
0.242995 0.041269 -0.030864 0.000000
0.314741 0.024781 0.038161 0.000000
0.574237 -0.445467 0.144271 0.000000
0.184748 -1.294584 -0.320867 1.000000
0.273357 -0.396628 0.023677 0.000000
0.566391 -0.441429 0.138866 0.000000
0.201287 -0.977553 -0.042084 1.000000
0.585824 -0.016923 -0.037300 0.000000
0.245787 -0.607130 0.012467 0.000000
0.089134 -0.681844 0.033997 0.000000
0.532551 -0.147995 -0.073888 0.000000
0.154157 -1.150866 0.054186 0.000000
0.189053 -1.185138 0.022241 0.000000
0.161879 0.077433 -0.034821 0.000000
0.034067 -0.294313 -0.240870 0.000000
-0.074150 -1.049415 -0.023038 0.000000
0.180980 -1.295143 -0.311415 1.000000
0.328561 0.233777 0.058646 0.000000
-0.058678 -1.003145 -0.016155 0.000000
0.339553 0.394403 0.061462 0.000000
0.234689 0.184182 0.010731 0.000000
0.335274 0.288762 0.052159 0.000000
0.137655 -1.190049 0.066130 0.000000
0.109239 -0.584443 0.024616 0.000000
0.325970 0.013267 0.004529 0.000000
0.118111 -0.602986 0.033805 0.000000
0.135164 -0.564656 0.037837 0.000000
0.296096 -0.137881 0.026343 0.000000
0.170031 -0.451726 0.020159 0.000000
0.429415 0.048239 -0.008260 0.000000
0.171695 -0.154570 -0.091136 0.000000
0.360835 0.001383 0.069903 0.000000
0.411555 0.150035 -0.004535 0.000000
0.345060 0.309003 0.018015 0.000000
0.394759 0.399233 0.039549 0.000000
0.158409 0.082010 -0.039209 0.000000
0.409990 -0.113919 0.086822 0.000000
0.167194 -1.340271 -0.356826 1.000000
0.341589 0.099708 0.003828 0.000000
0.452782 -0.029012 -0.024167 0.000000
0.230940 -0.972645 -0.052603 1.000000
0.245030 -0.319694 0.023686 0.000000
0.396224 -0.074600 0.086805 0.000000
0.390855 0.351160 0.035511 0.000000
0.402166 0.176895 -0.000349 0.000000
0.117332 0.007201 -0.053711 0.000000
0.294661 0.276490 0.014764 0.000000
0.486554 -0.248977 -0.153579 0.000000
0.446229 0.215355 0.094905 0.000000
0.179283 -1.257686 -0.277982 1.000000
0.413501 -0.168702 0.086387 0.000000
0.206235 -0.927302 -0.010712 1.000000
0.244893 0.030033 -0.025501 0.000000
0.151227 -0.485427 0.024160 0.000000
0.219634 -0.857301 0.018220 0.000000
0.201472 -0.991716 -0.055464 1.000000
0.255281 -0.503204 0.012698 0.000000
0.122302 -1.256171 0.059646 0.000000
0.647509 -0.495313 0.153023 0.000000
0.248569 -0.524677 0.022417 0.000000
0.402780 0.209477 0.002997 0.000000
0.182165 -1.116499 0.036640 0.000000
0.325074 0.208258 0.010106 0.000000
0.226351 -0.859961 0.019639 0.000000
0.217161 0.153787 -0.003189 0.000000
0.161200 -0.486571 0.033515 0.000000
0.438259 0.210198 0.024038 0.000000
0.274483 -0.295935 0.022646 0.000000
0.212225 -1.043563 -0.110460 1.000000
0.308099 0.002626 0.040434 0.000000
0.262587 -0.397306 0.018360 0.000000
0.514055 -0.375337 0.111363 0.000000
-0.048112 -0.981392 -0.004188 0.000000
0.170584 -1.179855 0.035712 0.000000
0.329483 0.371582 0.052156 0.000000
0.033989 -0.761622 0.026584 0.000000
0.544223 -0.423239 0.127364 0.000000
0.338863 0.266938 0.013975 0.000000
0.274214 0.095724 -0.006504 0.000000
0.218900 -0.961565 0.024569 0.000000
-0.022112 -0.908510 0.007304 0.000000
0.458771 -0.203442 -0.146446 0.000000
0.055620 -0.734395 0.028559 0.000000
0.147806 -0.217988 -0.130142 0.000000
0.197311 -1.053313 -0.106981 1.000000
0.200790 -1.148231 -0.190876 1.000000
0.349502 0.080945 -0.020132 0.000000
0.232100 -0.888384 0.009288 0.000000
0.221555 -0.954906 -0.036710 1.000000
0.478902 -0.063119 -0.027863 0.000000
0.363414 0.038825 -0.024286 0.000000
0.170228 -1.048076 0.035913 0.000000
0.173568 -1.100413 0.030360 0.000000
0.193618 -1.206998 -0.232711 1.000000
-0.059136 -1.014739 -0.017833 0.000000
0.454715 -0.023900 -0.018265 0.000000
0.270823 -0.258436 0.021919 0.000000
0.409907 0.103234 -0.007995 0.000000
0.016426 -0.300740 -0.253708 0.000000
0.516032 -0.114361 -0.043763 0.000000
0.271483 -0.423423 0.015559 0.000000
0.396423 0.355529 0.038109 0.000000
0.450995 -0.008836 -0.005080 0.000000
0.209747 -1.017579 0.027270 0.000000
0.205609 -1.085079 -0.134979 1.000000
0.202986 -1.025034 -0.084968 1.000000
0.343281 0.238883 0.015195 0.000000
0.463263 -0.240313 0.095618 0.000000
0.221895 -0.940603 0.018097 0.000000
0.392295 0.369552 0.033212 0.000000
0.399675 -0.115410 0.079165 0.000000
0.178158 0.102703 -0.027248 0.000000
0.133021 -1.159397 0.031089 0.000000
0.704589 -0.136935 -0.067842 0.000000
0.205158 -0.386535 0.027119 0.000000
0.236427 -0.717256 0.006035 0.000000
0.414409 0.258906 0.076312 0.000000
0.147803 -1.156985 0.029965 0.000000
0.283097 -0.207729 0.025285 0.000000
0.227137 -0.869800 0.011157 0.000000
0.208200 0.145675 -0.014151 0.000000
0.208314 -0.908921 0.000795 1.000000
0.248862 0.053287 -0.025208 0.000000
0.327978 0.331669 0.050304 0.000000
0.198086 -1.138548 -0.163916 1.000000
0.359062 0.356785 0.044178 0.000000
0.331910 -0.004031 0.003136 0.000000
0.395452 0.243042 0.012470 0.000000
0.176142 -1.267709 0.021160 0.000000
0.205419 -1.033903 -0.086873 1.000000
0.238188 -0.912689 -0.002662 1.000000
0.090582 -0.008910 -0.064446 0.000000
0.265041 -0.412420 0.027875 0.000000
0.280365 -0.260045 0.032185 0.000000
0.417391 0.080330 0.008203 0.000000
0.227421 -0.355427 0.023069 0.000000
0.552786 0.018809 -0.019400 0.000000
0.242921 0.193596 0.007925 0.000000
0.669100 -0.120994 -0.065275 0.000000
0.196819 -1.153829 0.022859 0.000000
0.312874 0.313075 0.047852 0.000000
0.127243 -1.251681 0.059182 0.000000
0.299901 -0.099185 0.036392 0.000000
0.414727 0.266000 0.028081 0.000000
0.450811 -0.217495 0.100642 0.000000
0.199130 -1.095165 -0.143929 1.000000
0.038266 -0.804466 0.014279 0.000000
0.504225 0.068964 0.190864 0.000000
0.395016 0.305333 0.027743 0.000000
0.298066 -0.071748 0.042525 0.000000
0.113424 -0.615273 0.026677 0.000000
0.231346 0.010757 -0.034310 0.000000
0.251318 0.214342 0.015715 0.000000
0.130647 -0.584160 0.037472 0.000000
0.535846 -0.414593 0.130427 0.000000
0.264083 -0.465093 0.025673 0.000000
0.145276 -1.163673 0.064455 0.000000
0.117010 -1.250332 0.058895 0.000000
0.393719 -0.067774 0.087086 0.000000
0.477635 0.127997 0.007137 0.000000
0.402330 0.153109 0.001499 0.000000
0.334731 0.203777 0.001959 0.000000
0.241590 -0.660860 0.006025 0.000000
0.182095 -1.229911 0.027125 0.000000
0.250212 0.204196 0.012711 0.000000
0.182231 -1.227374 0.035445 0.000000
0.186493 -1.194807 -0.234634 1.000000
0.190682 -1.135044 -0.174061 1.000000
0.264854 -0.381742 0.015765 0.000000
0.339870 0.343560 0.052748 0.000000
0.269285 -0.384964 0.020102 0.000000
0.393030 0.207657 0.011317 0.000000
0.368536 0.022672 -0.033697 0.000000
0.370635 -0.033637 0.059857 0.000000
0.151371 -1.293952 0.053331 0.000000
0.340001 -0.085798 0.008509 0.000000
0.004818 -0.839097 0.021137 0.000000
0.202646 -1.127772 -0.165603 1.000000
0.358765 0.004850 0.063311 0.000000
0.185577 -1.246795 -0.278406 1.000000
0.179842 -0.437140 0.028220 0.000000
0.124652 0.032898 -0.050148 0.000000
0.320325 0.032162 -0.006019 0.000000
0.671223 -0.110393 -0.064341 0.000000
0.324252 0.009847 -0.006316 0.000000
0.165958 -1.227295 0.031709 0.000000
0.254986 -0.610099 0.016006 0.000000
0.270668 0.097935 -0.018023 0.000000
0.478491 -0.238569 -0.150441 0.000000
0.260904 0.083381 -0.021142 0.000000
0.416357 -0.087217 -0.093986 0.000000
0.292550 -0.175018 0.039064 0.000000
0.270979 -0.407533 0.014231 0.000000
0.426150 -0.155960 0.089429 0.000000
0.228881 -0.774674 0.013417 0.000000
-0.092945 -1.098557 -0.024732 0.000000
0.241277 -0.662709 0.018514 0.000000
0.241977 -0.722371 0.008761 0.000000
0.519735 0.066493 -0.002292 0.000000
0.326516 0.217593 0.049684 0.000000
0.273381 -0.289322 0.025434 0.000000
0.284735 0.127188 -0.006525 0.000000
0.055347 -0.287195 -0.228092 0.000000
0.461713 -0.271796 0.111344 0.000000
0.311272 0.304810 0.042550 0.000000
0.194422 -1.141292 -0.177803 1.000000
0.346566 0.366182 0.027748 0.000000
0.427088 0.044375 0.003229 0.000000
0.389261 0.304409 0.056170 0.000000
0.164880 -1.201477 0.053941 0.000000
0.083157 -0.656892 0.024154 0.000000
0.266526 -0.496591 0.017580 0.000000
0.252175 -0.554227 0.012803 0.000000
0.189652 -1.255539 -0.281436 1.000000
0.345730 0.458545 0.063229 0.000000
0.271109 -0.354535 0.021991 0.000000
0.163347 -0.201512 -0.123431 0.000000
0.205068 -1.035627 -0.095963 1.000000
0.326725 0.286482 0.052509 0.000000
0.387554 0.318161 0.055219 0.000000
-0.041757 -0.972923 -0.006678 0.000000
0.347042 0.306068 0.023574 0.000000
0.138506 -1.148656 0.043090 0.000000
0.225524 -0.981333 -0.060311 1.000000
0.393220 -0.088687 0.085817 0.000000
0.155717 0.065320 -0.033523 0.000000
0.303030 -0.072163 0.028873 0.000000
0.091427 -0.024238 -0.069295 0.000000
0.119609 -1.247335 0.069094 0.000000
0.433811 -0.226466 0.097812 0.000000
0.132968 -1.220977 0.040804 0.000000
0.271527 0.100072 -0.011745 0.000000
0.203909 -0.989538 0.022819 0.000000
0.267336 -0.464944 0.010911 0.000000
0.232855 -0.332523 0.015904 0.000000
0.218610 -0.888938 0.010580 0.000000
0.237943 -0.682235 0.021732 0.000000
0.178091 -0.446043 0.031870 0.000000
0.261448 -0.531400 0.012633 0.000000
0.462118 -0.216116 -0.148990 0.000000
0.081160 -0.710262 0.026314 0.000000
0.117872 -0.548272 0.025282 0.000000
0.208121 -0.052314 -0.051046 0.000000
0.046143 -0.291020 -0.236235 0.000000
0.186297 -1.258028 0.059320 0.000000
0.241665 0.192157 -0.006421 0.000000
0.392372 0.272176 0.020104 0.000000
0.185506 -1.100385 0.031870 0.000000
0.375240 0.016290 -0.035877 0.000000
0.200985 -1.090921 0.031983 0.000000
0.027679 -0.806208 0.019090 0.000000
0.250049 0.042163 -0.024650 0.000000
0.158765 -1.234322 0.044789 0.000000
0.217236 -0.864699 0.009120 0.000000
0.356870 0.010184 0.059267 0.000000
0.627689 -0.476384 0.154451 0.000000
0.182645 -1.172591 0.020785 0.000000
0.434807 -0.207679 0.093883 0.000000
0.241059 -0.321064 0.017117 0.000000
0.333054 0.077991 0.002951 0.000000
0.156539 -1.103778 0.021646 0.000000
0.270483 -0.342755 0.019844 0.000000
0.190348 -1.137270 0.043877 0.000000
0.486799 -0.329330 0.111868 0.000000
0.069222 -0.673501 0.029115 0.000000
0.111123 0.027820 -0.056942 0.000000
0.200135 -1.000301 0.018194 0.000000
0.200980 -1.088182 -0.128678 1.000000
0.221302 -0.911847 0.013764 0.000000
0.175468 -0.438406 0.021713 0.000000
0.398538 0.353291 0.032347 0.000000
0.359317 -0.121363 0.000843 0.000000
0.211386 -0.975667 0.026711 0.000000
0.156411 -1.221595 0.048911 0.000000
0.162227 0.077863 -0.028141 0.000000
0.188951 -0.435431 0.038525 0.000000
0.265163 -0.403766 0.018386 0.000000
0.514502 -0.388969 0.126716 0.000000
-0.074994 -1.047536 -0.014976 0.000000
0.506106 0.086467 0.002151 0.000000
0.342403 0.314673 0.021398 0.000000
0.201996 -1.122499 -0.173003 1.000000
0.332648 0.293999 0.048974 0.000000
0.268032 -0.451985 0.026926 0.000000
-0.085050 -1.077400 -0.018817 0.000000
0.214774 -0.949581 -0.025814 1.000000
0.176976 -1.170883 0.053007 0.000000
0.143139 -0.511351 0.027652 0.000000
0.197897 -1.083163 0.037797 0.000000
0.305300 0.020105 0.040504 0.000000
0.463029 0.157754 0.119215 0.000000
0.203561 -1.042878 -0.101445 1.000000
0.523162 -0.390494 0.114494 0.000000
0.321665 0.195359 0.006976 0.000000
0.129811 0.040284 -0.044093 0.000000
0.309974 0.009186 0.041256 0.000000
0.165434 -1.154654 0.043595 0.000000
0.135452 0.045169 -0.042702 0.000000
0.534615 -0.147579 -0.066894 0.000000
0.167497 -0.172388 -0.100677 0.000000
0.264991 -0.460142 0.016316 0.000000
0.238199 -0.328723 0.026587 0.000000
0.434929 0.028946 -0.015204 0.000000
0.316137 0.106101 0.048594 0.000000
0.250660 -0.568263 0.021019 0.000000
0.182498 -1.154943 0.037276 0.000000
0.193033 -1.122640 -0.164416 1.000000
0.048106 -0.767023 0.017875 0.000000
0.204938 -1.035041 0.041226 0.000000
0.234510 -0.904575 0.000369 1.000000
0.258743 0.070607 -0.017268 0.000000
0.312748 0.072780 0.043370 0.000000
0.389238 0.299149 0.028631 0.000000
0.310346 0.042328 0.041631 0.000000
0.260546 -0.416327 0.018952 0.000000
0.192207 -1.021620 -0.084901 1.000000
0.342061 0.102123 -0.011610 0.000000
0.025764 -0.298029 -0.247602 0.000000
0.182132 -1.216800 0.027965 0.000000
0.209935 -0.986853 -0.056909 1.000000
0.388655 -0.089458 0.074506 0.000000
0.323191 0.138876 0.047247 0.000000
0.275159 -0.275398 0.011806 0.000000
0.483970 -0.322187 0.110549 0.000000
0.163828 -1.186678 0.040890 0.000000
0.227209 -0.840764 0.019397 0.000000
0.190914 -1.125583 0.038981 0.000000
0.205120 -1.000697 0.025720 0.000000
0.237256 -0.712798 0.014437 0.000000
-0.061463 -1.013688 -0.007456 0.000000
0.026643 -0.829416 0.011275 0.000000
0.034844 -0.786984 0.019194 0.000000
0.402418 0.202287 0.003941 0.000000
0.418293 -0.189288 0.087217 0.000000
0.159591 -1.366809 -0.368961 1.000000
0.276896 -0.265570 0.034163 0.000000
0.294182 -0.144034 0.035395 0.000000
0.632468 -0.482335 0.151017 0.000000
0.550145 -0.428073 0.130635 0.000000
0.222041 -0.848855 0.007811 0.000000
0.193133 -1.217120 -0.235418 1.000000
0.226425 -0.830394 0.013021 0.000000
0.273192 -0.263545 0.026477 0.000000
0.319112 0.189392 0.008303 0.000000
0.501560 -0.095427 -0.032891 0.000000
0.315077 0.017059 0.042652 0.000000
0.349199 0.475494 0.062142 0.000000
0.391182 0.298325 0.062140 0.000000
0.300036 -0.091191 0.042050 0.000000
0.460401 -0.277648 0.107541 0.000000
0.198106 -1.101020 0.036596 0.000000
0.323994 0.225014 0.050287 0.000000
0.204776 -0.393521 0.031673 0.000000
0.269739 -0.416513 0.025541 0.000000
0.216586 -1.020566 -0.087443 1.000000
0.353848 0.467124 0.042938 0.000000
0.348863 -0.090152 0.019468 0.000000
0.442893 -0.166449 -0.139249 0.000000
0.343479 0.090844 -0.013769 0.000000
0.238340 -0.698542 0.013605 0.000000
0.601645 -0.049262 -0.044173 0.000000
0.195391 -1.167254 -0.205901 1.000000
0.326737 0.106019 0.039435 0.000000
0.293004 -0.155499 0.032659 0.000000
0.217206 -0.360190 0.018840 0.000000
0.184320 -1.285423 0.059723 0.000000
0.352713 0.433485 0.030531 0.000000
0.217676 -0.375459 0.025506 0.000000
0.394832 0.336747 0.035688 0.000000
0.248421 0.033729 -0.021296 0.000000
0.364410 0.034380 -0.033167 0.000000
0.193341 -0.084806 -0.063124 0.000000
0.059083 -0.723466 0.026700 0.000000
0.176580 -1.048306 0.036827 0.000000
0.187436 -1.202909 0.055454 0.000000
0.234996 -0.338256 0.038504 0.000000
0.236498 -0.764276 0.016105 0.000000
0.391679 0.186503 0.013253 0.000000
0.353444 0.438813 0.034207 0.000000
0.329942 0.081499 -0.004943 0.000000
0.210953 -1.005358 0.023545 0.000000
0.138094 -0.559722 0.032550 0.000000
0.347110 0.486457 0.056682 0.000000
0.197529 -0.396642 0.022652 0.000000
0.195072 -1.201866 -0.222588 1.000000
0.266776 -0.348711 0.022647 0.000000
0.212141 -0.370462 0.024866 0.000000
0.176490 -1.331372 -0.352906 1.000000
0.155250 -1.149000 0.040330 0.000000
0.690104 -0.127873 -0.076269 0.000000
0.219350 -1.003702 -0.077508 1.000000
0.266544 -0.490939 0.020574 0.000000
0.332733 -0.006681 -0.002972 0.000000
0.511842 0.077625 0.000552 0.000000
0.083449 -0.638082 0.027387 0.000000
0.197685 -1.144239 0.027724 0.000000
0.432140 -0.196746 0.093371 0.000000
0.178124 -1.090402 0.037515 0.000000
0.435755 -0.177099 0.092196 0.000000
0.311991 -0.010421 0.032395 0.000000
0.179195 -1.225544 0.057949 0.000000
0.276855 0.110407 -0.008501 0.000000
0.289520 -0.180404 0.035451 0.000000
0.322233 0.175579 0.056968 0.000000
-0.004608 -0.900432 0.000429 0.000000
0.383867 -0.047629 0.083724 0.000000
0.223148 0.166253 -0.000825 0.000000
0.189621 -1.114060 0.036710 0.000000
0.229013 -0.718780 0.013238 0.000000
0.263319 0.077685 -0.013690 0.000000
-0.063070 -1.019683 -0.012980 0.000000
0.428137 0.050135 -0.001150 0.000000
0.383726 -0.070616 0.068776 0.000000
0.242433 -0.642018 0.010891 0.000000
0.545011 -0.432404 0.125294 0.000000
0.252821 0.052725 -0.019908 0.000000
0.144635 -1.219324 0.042061 0.000000
0.213145 -0.855271 0.014434 0.000000
0.392560 -0.041702 -0.064587 0.000000
0.675620 -0.514075 0.166989 0.000000
0.190110 -1.183279 0.051898 0.000000
0.263783 -0.520034 0.009989 0.000000
0.186013 -1.113794 0.029467 0.000000
-0.098091 -1.103069 -0.034962 0.000000
0.192168 -1.012784 0.021069 0.000000
0.661902 -0.108642 -0.062687 0.000000
0.341425 -0.081944 0.014612 0.000000
0.318849 0.322779 0.052347 0.000000
0.058858 -0.081576 -0.097209 0.000000
0.399343 0.172818 0.003639 0.000000
0.354168 0.478518 0.041425 0.000000
0.314233 0.154004 0.041887 0.000000
0.367585 -0.131645 0.002381 0.000000
0.200565 -1.135713 -0.183581 1.000000
0.234176 -0.026279 -0.036299 0.000000
0.453032 -0.189067 -0.140680 0.000000
0.246768 -0.578148 0.011763 0.000000
0.225613 -0.778981 0.009795 0.000000
0.264565 -0.284098 0.011541 0.000000
0.508870 0.048983 0.208834 0.000000
0.184459 -1.193392 0.056867 0.000000
0.469610 -0.257948 0.096563 0.000000
0.330650 0.220862 0.003520 0.000000
0.217966 -0.020213 -0.042702 0.000000
0.505163 0.062963 0.192689 0.000000
0.732576 -0.155854 -0.085214 0.000000
0.190979 -0.145224 -0.090089 0.000000
0.357861 0.011456 0.074795 0.000000
0.405659 -0.150245 0.085246 0.000000
0.181703 -1.176486 0.043495 0.000000
0.280277 -0.267070 0.021534 0.000000
0.331554 0.086906 0.045944 0.000000
0.024096 -0.123711 -0.118063 0.000000
0.096823 -0.600054 0.027492 0.000000
0.384155 0.449641 0.045763 0.000000
0.407027 0.293555 0.027204 0.000000
0.747009 -0.163356 -0.091407 0.000000
0.181613 -1.164755 0.046144 0.000000
0.695824 -0.131041 -0.077345 0.000000
0.233268 -0.822537 0.011929 0.000000
0.195535 -1.013462 0.032069 0.000000
0.266025 0.229101 0.019980 0.000000
0.139316 -0.521596 0.026825 0.000000
0.214206 0.162563 -0.004661 0.000000
0.204202 -1.063249 0.022701 0.000000
0.305079 -0.079409 0.032501 0.000000
0.076255 -0.704566 0.029298 0.000000
0.607207 -0.043747 -0.054247 0.000000
0.379999 -0.058559 0.067615 0.000000
0.491205 -0.091566 -0.037791 0.000000
0.398168 0.313835 0.031095 0.000000
0.205466 -0.892234 0.009586 0.000000
0.360727 -0.002669 0.055207 0.000000
0.325498 0.065686 -0.013440 0.000000
0.173374 -1.052397 0.042195 0.000000
0.375928 -0.046175 0.066325 0.000000
0.265185 -0.382825 0.026348 0.000000
0.273517 -0.285706 0.013155 0.000000
0.367772 -0.028670 0.071832 0.000000
0.490672 -0.261930 -0.152415 0.000000
0.358092 -0.127649 -0.000102 0.000000
0.345215 0.079383 -0.015747 0.000000
0.204186 -1.084798 0.042386 0.000000
0.188101 -1.237931 -0.271119 1.000000
0.167678 -1.200594 0.040321 0.000000
0.619892 -0.474872 0.146344 0.000000
0.034021 -0.798900 0.018023 0.000000
0.206807 -1.047605 0.017487 0.000000
0.202768 -1.090811 -0.137378 1.000000
0.291702 -0.120611 0.035547 0.000000
0.335284 0.235700 0.009425 0.000000
0.011336 -0.846553 0.018053 0.000000
0.173568 -1.048833 0.028458 0.000000
0.531129 -0.410217 0.132281 0.000000
0.446077 0.189428 0.013645 0.000000
0.204325 -1.053369 -0.118037 1.000000
0.331458 -0.032910 0.009887 0.000000
0.429047 0.230736 0.018395 0.000000
0.337059 0.321780 0.052164 0.000000
0.489213 -0.319626 0.104177 0.000000
0.134355 -1.216490 0.052452 0.000000
0.226720 -0.891608 0.009772 0.000000
0.272936 -0.277848 0.030826 0.000000
0.166013 -0.461354 0.021652 0.000000
0.225390 -0.853317 0.016322 0.000000
0.322501 0.133354 0.040512 0.000000
0.094788 -0.655145 0.026552 0.000000
0.236753 -0.691196 0.014952 0.000000
0.146771 -0.499394 0.023074 0.000000
0.068198 -0.691785 0.028402 0.000000
0.290418 -0.137831 0.040910 0.000000
0.340601 0.375583 0.054081 0.000000
0.200321 -1.034281 0.028071 0.000000
0.481001 -0.226519 -0.149143 0.000000
0.340746 0.442834 0.057204 0.000000
0.447247 0.195263 0.101078 0.000000
0.257639 0.212915 0.009481 0.000000
0.339025 0.287747 0.016540 0.000000
0.253589 -0.514083 0.013530 0.000000
0.212499 -1.006880 -0.067999 1.000000
0.389300 0.279688 0.022692 0.000000
0.465358 -0.283081 0.106985 0.000000
0.420578 0.261335 0.080277 0.000000
0.176039 -1.280904 0.056492 0.000000
0.315234 0.160044 0.047195 0.000000
0.114263 -0.261221 -0.174988 0.000000
0.407716 0.122036 -0.002449 0.000000
0.237678 0.185962 -0.001278 0.000000
0.228009 -0.934453 -0.013545 1.000000
0.074043 -0.685175 0.031239 0.000000
0.229301 -0.959588 -0.040531 1.000000
0.319356 0.317825 0.047483 0.000000
0.369194 -0.018410 0.074218 0.000000
0.046190 -0.734948 0.027129 0.000000
0.404580 0.163133 0.000983 0.000000
0.343112 0.217600 0.007590 0.000000
0.192087 -1.246842 -0.269264 1.000000
0.558446 -0.430879 0.139591 0.000000
0.033223 -0.816846 0.010534 0.000000
0.580428 -0.193046 -0.112107 0.000000
0.184339 -1.041003 0.037933 0.000000
0.325138 0.158504 0.057564 0.000000
0.270365 -0.331145 0.022246 0.000000
0.183803 -0.443054 0.028428 0.000000
0.512912 -0.367819 0.105088 0.000000
0.236367 -0.749954 0.021968 0.000000
0.178590 -1.283232 -0.302128 1.000000
0.157065 -1.127510 0.049591 0.000000
0.325121 0.144736 0.045882 0.000000
0.126790 -1.252675 0.066593 0.000000
0.282650 -0.252078 0.022964 0.000000
0.663606 -0.117890 -0.062072 0.000000
-0.093980 -1.104768 -0.026369 0.000000
0.251278 -0.301109 0.022909 0.000000
0.353414 0.431509 0.039021 0.000000
0.230772 -0.786991 0.010645 0.000000
0.241368 -0.674807 0.007325 0.000000
0.325346 0.199361 0.051022 0.000000
0.346077 0.046808 0.054171 0.000000
0.292389 -0.186631 0.023690 0.000000
0.163308 -0.489698 0.038578 0.000000
0.451999 -0.233406 0.095958 0.000000
0.190665 -0.104620 -0.069449 0.000000
0.183865 -1.184062 0.040576 0.000000
0.000241 -0.850293 0.018467 0.000000
0.521056 -0.391979 0.132546 0.000000
0.170475 -0.176187 -0.104593 0.000000
0.158951 -1.167131 0.043967 0.000000
0.344695 0.285812 0.019009 0.000000
0.275408 -0.317962 0.019030 0.000000
0.142309 -1.157555 0.039002 0.000000
0.305913 -0.040287 0.044017 0.000000
0.311901 0.007479 0.047641 0.000000
0.407366 0.131741 0.008713 0.000000
0.244532 -0.319266 0.032169 0.000000
0.389113 -0.024721 -0.055113 0.000000
0.254617 0.034653 -0.014995 0.000000
0.189337 -1.070808 0.027918 0.000000
0.469081 -0.229901 -0.150336 0.000000
0.448904 0.006852 -0.006344 0.000000
0.196937 -1.084178 0.030636 0.000000
0.254757 -0.588856 0.015659 0.000000
0.497029 0.081352 -0.004166 0.000000
0.290514 0.267030 0.023203 0.000000
0.350505 0.454879 0.038706 0.000000
0.201836 -1.041588 0.033976 0.000000
0.181110 -1.319048 0.062364 0.000000
0.301081 0.281373 0.029606 0.000000
0.076307 -0.056321 -0.078492 0.000000
0.221477 -0.361870 0.035604 0.000000
0.182008 -1.250430 -0.273437 1.000000
0.125931 -1.196959 0.030265 0.000000
0.395763 0.294540 0.022811 0.000000
0.208487 -0.074178 -0.056899 0.000000
0.165546 -1.319048 -0.337855 1.000000
0.041870 -0.100637 -0.104513 0.000000
0.201720 -1.127745 -0.178685 1.000000
0.320664 0.188184 0.047114 0.000000
0.265995 0.228181 0.009557 0.000000
0.186263 -0.417695 0.022774 0.000000
0.471770 -0.223339 -0.150835 0.000000
0.160059 -1.179276 0.045478 0.000000
0.439010 -0.194416 0.093581 0.000000
0.284097 -0.274470 0.024638 0.000000
0.346529 0.425725 0.038782 0.000000
0.061377 -0.060523 -0.094154 0.000000
0.429879 -0.153251 -0.117135 0.000000
0.237010 -0.778225 0.011837 0.000000
0.232503 -0.709151 0.017698 0.000000
-0.025695 -0.921066 0.008266 0.000000
0.214959 -0.835096 0.012722 0.000000
0.061829 -0.291223 -0.228012 0.000000
0.388777 0.213406 0.015083 0.000000
0.497741 -0.105003 -0.032966 0.000000
0.401486 0.158955 0.008222 0.000000
0.337661 0.201601 0.008366 0.000000
0.172931 -1.303675 0.025206 0.000000
0.414023 0.104093 0.000049 0.000000
0.241813 -0.606578 0.022772 0.000000
0.177871 -1.253894 -0.284675 1.000000
0.225397 -0.805792 0.009295 0.000000
0.452281 -0.003118 -0.002968 0.000000
0.398433 -0.093204 0.081600 0.000000
0.223574 -0.350022 0.022079 0.000000
0.259516 -0.507752 0.019478 0.000000
0.151510 0.081313 -0.046472 0.000000
0.172471 -1.292390 0.023253 0.000000
0.185449 -1.130308 0.019459 0.000000
0.214539 -0.870202 0.014231 0.000000
0.378867 0.003611 -0.042617 0.000000
0.263606 -0.388458 0.016699 0.000000
0.285011 -0.186194 0.032635 0.000000
0.204662 -1.092208 -0.124265 1.000000
0.097927 -0.624999 0.029217 0.000000
0.209164 -1.026772 0.025880 0.000000
0.423853 -0.184774 0.094536 0.000000
0.393837 0.424156 0.043403 0.000000
0.203526 -1.007735 0.027253 0.000000
0.219480 -0.907651 0.001868 1.000000
0.263921 -0.369609 0.015446 0.000000
0.252371 -0.534293 0.020365 0.000000
0.563039 -0.441052 0.127593 0.000000
0.173383 -1.226475 0.055939 0.000000
0.228828 -0.348774 0.033267 0.000000
0.412911 0.092239 0.000025 0.000000
0.336183 0.428057 0.053617 0.000000
0.273719 -0.271451 0.026081 0.000000
0.567636 -0.442720 0.132367 0.000000
0.457420 -0.029470 -0.018606 0.000000
0.200215 -1.102189 0.023109 0.000000
0.329162 0.233512 0.046482 0.000000
0.112114 -0.603779 0.026397 0.000000
0.179513 -1.242942 -0.281623 1.000000
0.211329 -0.968300 0.021399 0.000000
-0.081845 -1.060950 -0.035035 0.000000
0.210536 0.152679 -0.019767 0.000000
0.107427 -0.592802 0.029253 0.000000
0.126006 -0.555817 0.030066 0.000000
0.220619 -0.901034 0.013006 0.000000
0.299894 0.158862 -0.003155 0.000000
0.333185 0.342594 0.052825 0.000000
0.025254 -0.775169 0.028130 0.000000
0.593279 -0.458424 0.140781 0.000000
0.570580 -0.196790 -0.114777 0.000000
0.418436 0.256856 0.026834 0.000000
0.290543 -0.200944 0.031892 0.000000
0.410082 -0.082140 -0.082759 0.000000
0.413537 -0.156632 0.082828 0.000000
0.168668 0.089418 -0.031159 0.000000
0.529491 -0.398861 0.114026 0.000000
-0.018391 -0.899804 0.016979 0.000000
0.030820 -0.120406 -0.121942 0.000000
0.289899 -0.164675 0.026335 0.000000
0.045214 -0.755850 0.024472 0.000000
0.174530 -1.184319 0.037099 0.000000
0.229499 0.171869 0.001456 0.000000
0.175469 -1.272061 0.054279 0.000000
0.283058 0.255749 0.037035 0.000000
0.343156 0.047546 0.060306 0.000000
0.198051 -1.074383 0.017751 0.000000
0.392146 -0.098809 0.080902 0.000000
0.207320 -0.899577 0.007762 0.000000
0.173114 -1.166525 0.040632 0.000000
0.357952 0.020116 0.076000 0.000000
0.308742 -0.008917 0.045177 0.000000
0.335993 0.243842 0.053825 0.000000
0.373769 0.024800 -0.029004 0.000000
0.178361 -1.163884 0.028720 0.000000
0.143365 -0.553840 0.040084 0.000000
0.129885 0.044169 -0.048962 0.000000
0.321333 0.185019 0.054207 0.000000
0.692665 -0.139641 -0.074162 0.000000
0.336879 0.179681 0.001793 0.000000
0.170542 -1.329647 -0.347751 1.000000
0.235291 -0.945738 -0.035828 1.000000
0.397432 0.339692 0.031026 0.000000
0.395015 0.283971 0.028397 0.000000
0.116930 -1.247434 0.075060 0.000000
0.324259 0.027428 0.005815 0.000000
0.197942 -1.096859 0.027395 0.000000
0.566475 -0.174583 -0.094341 0.000000
0.327420 0.070931 -0.007083 0.000000
0.468495 -0.205203 -0.148709 0.000000
0.265822 -0.507120 0.021411 0.000000
0.184365 -1.271137 0.058362 0.000000
0.326118 0.246269 0.052512 0.000000
0.279112 -0.224847 0.023152 0.000000
0.249878 -0.561129 0.021332 0.000000
0.608761 -0.467832 0.144630 0.000000
0.324624 0.152807 0.050087 0.000000
0.319848 0.175147 0.044700 0.000000
-0.030882 -0.935981 0.006093 0.000000
0.176914 -1.197106 0.042721 0.000000
0.410368 -0.091033 -0.086656 0.000000
0.267780 -0.423688 0.027152 0.000000
0.493002 0.098280 0.162764 0.000000
0.333349 0.414220 0.054516 0.000000
0.373911 0.029879 -0.022750 0.000000
0.268987 -0.362354 0.017979 0.000000
0.414573 0.092527 -0.010739 0.000000
0.320199 0.149312 0.053235 0.000000
0.409515 0.102152 0.003625 0.000000
0.392377 0.369961 0.040496 0.000000
0.001832 -0.869041 0.007480 0.000000
0.245793 -0.586959 0.016656 0.000000
0.461197 -0.259322 0.101194 0.000000
0.574910 -0.007346 -0.031605 0.000000
0.282934 -0.218693 0.031235 0.000000
0.394818 0.183483 0.006061 0.000000
0.306320 -0.018792 0.039247 0.000000
0.167742 -1.221399 0.032519 0.000000
0.325808 0.208754 0.042922 0.000000
0.334490 0.109836 -0.007438 0.000000
0.344067 0.290131 0.013320 0.000000
0.347685 0.343445 0.025346 0.000000
0.136984 -1.182405 0.048153 0.000000
0.081568 -0.281904 -0.216793 0.000000
0.183488 -1.086622 0.032804 0.000000
0.196061 -1.042494 0.032405 0.000000
0.224714 -0.908096 -0.001859 1.000000
0.355374 0.006514 0.069956 0.000000
0.174513 -1.322016 -0.342081 1.000000
0.083415 -0.644170 0.027547 0.000000
0.184078 -1.196131 -0.240021 1.000000
0.206226 -1.115911 -0.165621 1.000000
-0.020515 -0.918646 0.004481 0.000000
-0.092036 -1.086889 -0.035565 0.000000
0.210073 -1.078804 -0.144818 1.000000
0.060896 -0.072217 -0.097861 0.000000
0.640214 -0.489073 0.149138 0.000000
0.223519 -0.928601 -0.014276 1.000000
0.240227 -0.627266 0.022008 0.000000
0.356865 0.016703 0.061997 0.000000
0.243134 -0.653911 0.015546 0.000000
0.320549 0.004641 0.007860 0.000000
0.341660 0.251173 0.015604 0.000000
0.332475 -0.063772 0.004816 0.000000
0.362542 0.047012 -0.025029 0.000000
0.238914 -0.707837 0.022152 0.000000
0.191251 -1.252994 -0.274229 1.000000
0.188104 -1.049068 0.029149 0.000000
0.267236 -0.371344 0.021978 0.000000
0.168019 -1.173342 0.042924 0.000000
0.417951 -0.118762 -0.099835 0.000000
0.280961 -0.191904 0.029246 0.000000
0.141574 -1.203634 0.044983 0.000000
0.011174 -0.304457 -0.250701 0.000000
0.286605 -0.227340 0.023041 0.000000
0.254150 -0.301760 0.029700 0.000000
0.191791 -1.003091 -0.067046 1.000000
0.480911 -0.306908 0.105604 0.000000
0.103621 -0.019052 -0.062115 0.000000
0.189778 -1.194034 0.051996 0.000000
0.383496 -0.009154 -0.048687 0.000000
0.191948 -1.140694 0.026904 0.000000
0.476863 0.131957 0.136673 0.000000
0.225479 -0.950691 -0.030454 1.000000
0.197914 -1.073923 0.029524 0.000000
0.184068 -0.431750 0.027301 0.000000
-0.080621 -1.065973 -0.015514 0.000000
0.106583 -0.602859 0.031341 0.000000
0.197130 -1.092986 -0.137664 1.000000
0.162979 -1.213621 0.047319 0.000000
0.430731 -0.184869 0.091091 0.000000
0.403144 -0.085808 0.088678 0.000000
-0.052325 -0.993049 -0.007497 0.000000
0.387980 -0.085563 0.069774 0.000000
0.165439 -1.217225 0.055691 0.000000
0.272081 -0.447885 0.015880 0.000000
0.437848 0.225569 0.100229 0.000000
0.237432 -0.731324 0.009631 0.000000
0.285469 -0.207009 0.039555 0.000000
0.233244 -0.726557 0.013822 0.000000
0.179501 -0.168962 -0.103124 0.000000
0.188903 -1.042094 0.015614 0.000000
0.118092 -1.278662 0.064688 0.000000
0.105377 -0.002031 -0.062825 0.000000
0.165304 -1.257114 0.034701 0.000000
0.023390 -0.824447 0.018760 0.000000
0.466909 -0.045140 -0.018457 0.000000
0.253746 -0.513274 0.021424 0.000000
0.262046 -0.480983 0.024484 0.000000
0.374990 -0.038184 0.075172 0.000000
0.327740 0.062416 -0.004739 0.000000
0.301479 0.285657 0.040302 0.000000
0.206742 0.139093 -0.008833 0.000000
0.328555 0.015540 -0.004173 0.000000
0.200486 -1.141858 -0.187473 1.000000
0.353190 0.073508 -0.007406 0.000000
0.284511 -0.201359 0.028910 0.000000
0.468568 -0.310686 0.118186 0.000000
0.141912 -0.523256 0.032188 0.000000
0.325198 0.206151 0.003091 0.000000
0.351278 0.439476 0.039758 0.000000
0.197901 -0.984390 -0.049444 1.000000
0.173640 -1.279177 -0.306127 1.000000
0.191802 -1.115756 0.023369 0.000000
0.181017 -1.172298 0.033119 0.000000
0.649224 -0.099284 -0.061419 0.000000
0.215396 -0.971133 -0.043877 1.000000
0.171362 -1.356663 -0.371727 1.000000
0.609036 -0.061884 -0.047116 0.000000
0.319889 0.184401 -0.000558 0.000000
0.332296 -0.019972 0.001392 0.000000
0.171613 -1.179150 0.029750 0.000000
0.202831 -1.120161 -0.160422 1.000000
0.265784 -0.313214 0.023842 0.000000
0.325660 0.058782 0.000044 0.000000
0.278682 -0.238220 0.025281 0.000000
0.339750 0.406630 0.050630 0.000000
0.419986 -0.143588 0.088784 0.000000
0.307098 0.302374 0.049981 0.000000
0.417063 0.253248 0.071989 0.000000
0.187345 -1.187201 0.059143 0.000000
0.319259 0.140571 0.052596 0.000000
0.313238 0.088291 0.037802 0.000000
0.110073 -0.619712 0.030592 0.000000
0.322149 0.120980 0.051130 0.000000
0.501040 -0.360599 0.122307 0.000000
0.200324 -1.188158 -0.219308 1.000000
0.402069 -0.131961 0.077109 0.000000
-0.071738 -1.045650 -0.030812 0.000000
0.195333 -1.051690 0.034460 0.000000
0.337462 -0.045067 0.013272 0.000000
0.254369 -0.597821 0.010608 0.000000
0.197717 -1.157558 -0.194696 1.000000
0.475366 0.125459 0.141448 0.000000
0.172568 -1.057714 0.035108 0.000000
0.212863 -0.897377 0.007889 0.000000
0.313675 -0.003628 0.038318 0.000000
0.586997 -0.455053 0.133440 0.000000
0.532387 -0.407169 0.120218 0.000000
0.527067 0.027244 0.229536 0.000000
0.395024 -0.047197 -0.069157 0.000000
0.349056 0.404002 0.027768 0.000000
0.184041 -1.198686 0.023318 0.000000
0.225025 -0.973495 -0.049600 1.000000
0.415394 -0.105834 -0.095480 0.000000
0.572028 -0.185331 -0.102797 0.000000
0.333349 0.154228 0.000257 0.000000
0.296610 -0.063022 0.036380 0.000000
0.203417 -1.136813 -0.171440 1.000000
0.302195 -0.051629 0.036529 0.000000
0.339370 0.146142 0.000732 0.000000
0.287475 -0.172439 0.025735 0.000000
0.391564 -0.083015 0.077290 0.000000
0.234621 -0.789117 0.019258 0.000000
0.411931 0.262728 0.072359 0.000000
0.309194 0.024977 0.040297 0.000000
0.183915 -1.216145 0.036368 0.000000
0.231222 -0.894617 0.007312 0.000000
0.138987 0.032710 -0.043615 0.000000
0.144661 -1.190682 0.053649 0.000000
0.108005 -0.261115 -0.186057 0.000000
0.614639 -0.476778 0.140246 0.000000
0.360143 0.043612 -0.035236 0.000000
0.501753 -0.102069 -0.036822 0.000000
0.366556 0.053324 -0.012433 0.000000
0.124696 -0.250582 -0.167548 0.000000
0.229048 -0.842078 0.011712 0.000000
0.044230 -0.761965 0.021087 0.000000
0.276281 -0.245143 0.026943 0.000000
0.116531 -0.609532 0.034148 0.000000
0.025794 -0.820575 0.011235 0.000000
0.285200 -0.238603 0.030981 0.000000
0.180921 -1.308218 0.066294 0.000000
0.204803 -1.053374 0.021686 0.000000
0.454663 0.176186 0.108571 0.000000
0.499144 0.085290 0.173471 0.000000
0.164776 -1.101266 0.039438 0.000000
0.312792 0.026511 0.050501 0.000000
0.351712 0.476901 0.049141 0.000000
0.081882 -0.673506 0.028975 0.000000
0.227005 -0.791827 0.012856 0.000000
0.301102 0.162287 0.007541 0.000000
0.163181 -0.472260 0.028881 0.000000
-0.003969 -0.888578 0.000428 0.000000
0.522328 0.032286 0.222604 0.000000
0.194154 -1.077507 0.026348 0.000000
0.251280 -0.602091 0.013325 0.000000
0.209595 -0.066787 -0.054123 0.000000
0.234831 0.182866 0.004625 0.000000
0.528969 0.049501 -0.009223 0.000000
0.424075 0.238100 0.023533 0.000000
0.092007 -0.677436 0.030731 0.000000
0.298289 -0.058204 0.044704 0.000000
0.201616 -0.384580 0.018325 0.000000
0.496168 -0.354523 0.118911 0.000000
0.087014 -1.354265 0.086833 0.000000
0.132198 -1.231484 0.036140 0.000000
0.206281 -0.381095 0.021987 0.000000
0.304962 -0.029464 0.045169 0.000000
0.445904 -0.022989 -0.017483 0.000000
0.167069 -1.092470 0.029050 0.000000
0.544273 -0.147298 -0.069367 0.000000
0.223280 -0.880359 0.008081 0.000000
0.195941 -1.222070 -0.233800 1.000000
0.200931 -1.003614 -0.069310 1.000000
0.663875 -0.113183 -0.066602 0.000000
-0.010614 -0.892077 0.009684 0.000000
0.240044 -0.702401 0.024801 0.000000
0.102288 -0.024984 -0.067169 0.000000
-0.021292 -0.928732 -0.001049 0.000000
0.433622 0.216686 0.087028 0.000000
0.383404 0.465306 0.045780 0.000000
0.527185 0.044611 -0.013155 0.000000
0.151223 -1.224191 0.047797 0.000000
0.333955 0.253852 0.053895 0.000000
0.200086 -0.403018 0.033709 0.000000
0.332350 0.384308 0.055307 0.000000
0.338911 0.351475 0.061658 0.000000
0.223871 -0.353207 0.015384 0.000000
0.072473 -0.699450 0.027129 0.000000
0.336248 0.364171 0.059694 0.000000
0.451379 -0.183511 -0.139588 0.000000
0.037417 -0.780098 0.016589 0.000000
0.279279 -0.281239 0.022756 0.000000
0.231974 -0.923208 -0.010342 1.000000
0.327539 0.169676 0.051351 0.000000
0.182750 -1.278736 -0.304730 1.000000
0.353418 -0.099716 0.018496 0.000000
-0.045993 -0.979641 0.001316 0.000000
0.132481 -1.194363 0.069657 0.000000
0.231025 -0.764545 0.018274 0.000000
0.260308 -0.427178 0.016195 0.000000
0.118660 -0.615938 0.031634 0.000000
0.239361 -0.328878 0.032361 0.000000
0.227692 -0.940852 -0.021787 1.000000
0.326702 -0.011055 0.004691 0.000000
0.265930 -0.282857 0.020102 0.000000
0.517744 -0.119644 -0.047315 0.000000
0.334073 0.081807 0.047464 0.000000
0.183858 -1.188118 0.050947 0.000000
0.191432 0.121415 -0.021595 0.000000
0.255825 -0.519270 0.018852 0.000000
0.255180 -0.543628 0.016802 0.000000
0.409358 -0.144325 0.084277 0.000000
0.256460 0.063776 -0.017962 0.000000
0.478604 -0.284694 0.098339 0.000000
0.176489 -1.174136 0.029528 0.000000
0.329668 -0.068212 0.002175 0.000000
0.415762 -0.163285 0.086709 0.000000
0.151602 -0.503513 0.031532 0.000000
0.339321 0.447111 0.062072 0.000000
0.137295 -1.219340 0.044462 0.000000
0.471720 -0.303978 0.113280 0.000000
0.245007 -0.591303 0.024390 0.000000
0.588324 -0.030309 -0.039731 0.000000
0.509657 0.053979 0.200710 0.000000
0.321961 0.086800 0.048974 0.000000
0.052522 -0.775063 0.018777 0.000000
0.157914 -1.099377 0.038147 0.000000
0.194713 -1.206619 -0.226019 1.000000
0.257548 -0.582764 0.014699 0.000000
0.286825 0.132629 -0.003879 0.000000
0.335162 0.346306 0.061850 0.000000
0.312378 0.032081 0.037621 0.000000
-0.087411 -1.078809 -0.030865 0.000000
0.276369 -0.312833 0.025689 0.000000
0.088443 -0.028825 -0.071561 0.000000
0.261922 -0.489257 0.017382 0.000000
0.334079 0.369147 0.049448 0.000000
0.146465 -1.166903 0.047407 0.000000
0.297636 0.153648 -0.000385 0.000000
0.561235 0.011353 -0.017175 0.000000
0.306739 0.014622 0.038527 0.000000
0.234170 -0.754995 0.011077 0.000000
0.508412 -0.116357 -0.044155 0.000000
0.068780 -0.035928 -0.078881 0.000000
0.338399 0.173646 0.008502 0.000000
0.185682 0.116080 -0.028999 0.000000
0.177880 -1.190305 0.043627 0.000000
0.305409 -0.066378 0.032696 0.000000
0.083323 -0.017106 -0.070979 0.000000
0.209047 -1.037671 0.024729 0.000000
0.438850 0.219467 0.093424 0.000000
0.512880 0.044421 0.206822 0.000000
0.344832 0.377770 0.028323 0.000000
0.495836 -0.364308 0.124891 0.000000
0.392101 0.228847 0.012800 0.000000
0.240340 -0.675708 0.014078 0.000000
0.358876 0.458763 0.044524 0.000000
0.410752 0.114594 -0.012885 0.000000
-0.028640 -0.944610 -0.008704 0.000000
0.461985 0.157861 0.012493 0.000000
0.192014 -1.119163 0.046936 0.000000
0.338682 0.189435 0.005856 0.000000
0.168710 -1.311591 0.037411 0.000000
0.265862 -0.481043 0.011033 0.000000
0.126627 -0.550752 0.025142 0.000000
0.336398 0.427270 0.059504 0.000000
0.307528 0.063575 0.038343 0.000000
0.048773 -0.702694 0.029587 0.000000
0.444339 0.202634 0.096738 0.000000
0.189925 -1.175085 -0.203132 1.000000
0.109300 -1.300131 0.044444 0.000000
0.129049 -0.543945 0.029517 0.000000
0.138854 -1.156920 0.043948 0.000000
0.378521 -0.003882 -0.040402 0.000000
0.318019 0.168460 0.054982 0.000000
0.204954 -1.079172 -0.134242 1.000000
0.223370 -0.870817 0.006821 0.000000
0.120086 -0.256753 -0.167268 0.000000
0.208271 -0.889336 0.013798 0.000000
0.089118 -0.035659 -0.074141 0.000000
0.212933 -0.983072 0.020707 0.000000
0.278190 0.102668 -0.001182 0.000000
0.185746 -1.138478 0.026141 0.000000
0.094315 -0.644325 0.030083 0.000000
0.360251 0.058757 -0.015565 0.000000
0.058961 -0.739297 0.023975 0.000000
0.172772 -1.235720 0.032835 0.000000
0.406392 -0.109345 0.087071 0.000000
0.334559 0.325051 0.056284 0.000000
0.429889 -0.179485 0.095926 0.000000
-0.076881 -1.057289 -0.029917 0.000000
0.216251 -0.943505 0.021448 0.000000
0.171090 -1.174317 0.033859 0.000000
0.190914 -1.263697 -0.273592 1.000000
0.403342 -0.070145 -0.079369 0.000000
0.317359 0.040261 0.037190 0.000000
0.520793 -0.393788 0.120788 0.000000
0.215034 -0.373573 0.017828 0.000000
0.168415 -0.472455 0.037367 0.000000
0.306388 0.297040 0.040988 0.000000
0.209136 -1.031235 0.034317 0.000000
0.193070 -0.399599 0.019414 0.000000
0.183822 -1.106619 0.041185 0.000000
0.188862 -1.146487 0.034314 0.000000
0.386153 -0.096747 0.071990 0.000000
0.445419 -0.250444 0.103040 0.000000
0.232973 -0.952049 -0.036152 1.000000
0.331937 0.274937 0.049448 0.000000
0.552198 -0.430033 0.118827 0.000000
0.126280 -1.198101 0.038023 0.000000
0.395336 0.327706 0.027334 0.000000
0.188188 -1.008476 0.018202 0.000000
0.178327 -1.251522 0.056889 0.000000
0.300453 0.291146 0.034358 0.000000
0.247203 -0.625392 0.020957 0.000000
0.148052 -1.232572 0.050271 0.000000
0.004235 -0.883520 0.002379 0.000000
0.158245 -0.201573 -0.116242 0.000000
0.544909 -0.141681 -0.067335 0.000000
0.441124 -0.204842 0.094595 0.000000
0.326160 0.083133 0.057809 0.000000
0.228424 -0.001854 -0.035763 0.000000
0.196431 -1.212367 -0.240683 1.000000
0.188971 -1.149370 0.042375 0.000000
0.643914 -0.490744 0.153281 0.000000
0.189022 -1.193105 0.023779 0.000000
0.281512 -0.229546 0.027952 0.000000
0.173480 -1.219853 0.037476 0.000000
0.303319 -0.069444 0.041698 0.000000
0.407601 0.112446 0.004589 0.000000
0.033770 -0.829671 0.009519 0.000000
0.034677 -0.775534 0.023675 0.000000
0.196942 -1.002272 -0.064525 1.000000
0.360064 -0.013771 0.055662 0.000000
0.104687 -1.295976 0.039617 0.000000
0.022272 -0.134679 -0.122067 0.000000
0.182760 -1.124850 0.044764 0.000000
0.383902 0.458748 0.048067 0.000000
0.337089 0.087642 0.042132 0.000000
0.032056 -0.115971 -0.117545 0.000000
0.195628 -1.200057 -0.241385 1.000000
0.144232 -1.199904 0.056140 0.000000
0.293679 0.274345 0.033770 0.000000
0.352497 0.356229 0.028079 0.000000
0.212970 -0.944653 -0.022137 1.000000
0.330004 0.094595 0.042587 0.000000
0.081031 -1.353122 0.081054 0.000000
0.263777 -0.505139 0.015483 0.000000
0.604734 -0.041606 -0.048027 0.000000
0.418606 0.089050 0.010193 0.000000
0.172814 -1.205379 0.044651 0.000000
0.542092 -0.419894 0.120828 0.000000
0.191285 -1.040390 0.026140 0.000000
0.124037 -1.190959 0.033660 0.000000
0.312372 0.183237 0.007350 0.000000
0.317298 0.129871 0.049853 0.000000
0.293453 0.271929 0.025249 0.000000
0.294404 -0.081382 0.032930 0.000000
0.270981 -0.309721 0.024095 0.000000
0.387442 -0.013192 -0.049879 0.000000
0.270914 -0.412304 0.018940 0.000000
0.421800 0.241108 0.076700 0.000000
0.356087 0.418725 0.031484 0.000000
0.613926 -0.052682 -0.051309 0.000000
0.481636 -0.296933 0.099535 0.000000
0.328824 -0.024747 0.001287 0.000000
0.428791 -0.204024 0.096947 0.000000
0.399943 0.176732 0.007889 0.000000
0.400898 0.306027 0.027793 0.000000
0.274209 0.107451 -0.013655 0.000000
0.137061 -1.162796 0.064804 0.000000
0.350638 -0.109486 0.011135 0.000000
0.339378 0.242790 0.013554 0.000000
0.187084 -1.113154 0.044212 0.000000
0.164097 -1.209947 0.055554 0.000000
