0.475876 -1.080110 0.159539 1.000000
0.347272 0.488805 0.151575 0.000000
0.171382 -0.276080 0.582864 0.000000
0.501899 -0.276349 -0.072827 0.000000
-0.133994 -0.596583 0.123899 0.000000
0.593409 -0.053724 0.450414 0.000000
0.388445 -0.636764 0.339066 0.000000
0.438329 -0.993068 0.611222 0.000000
0.071320 -0.247117 -0.047532 0.000000
0.316877 0.076686 0.066114 0.000000
0.323894 -0.323281 0.215918 0.000000
0.225992 -0.043089 0.357386 0.000000
0.629383 -1.349613 0.116922 1.000000
0.518646 -0.108191 0.157926 0.000000
0.298885 -0.884265 0.232548 0.000000
0.057660 -0.406940 0.170878 0.000000
0.264244 -1.134829 0.287100 0.000000
0.394855 0.258816 0.201616 0.000000
0.270183 -0.140155 0.008032 0.000000
0.398282 -0.854743 0.436166 0.000000
0.430894 -0.007639 0.321711 0.000000
0.326732 -0.520308 0.190266 0.000000
0.323809 -0.105414 0.191717 0.000000
0.159100 -0.245017 0.156338 0.000000
0.516350 -0.288439 0.204255 0.000000
0.305851 0.101575 0.246084 0.000000
0.662060 -0.177504 0.084250 0.000000
0.337380 -0.717800 0.197503 0.000000
0.472082 0.058658 0.131711 0.000000
0.200447 -0.184350 0.446725 0.000000
0.399595 -0.205944 0.306722 0.000000
0.543609 -1.219465 0.134210 1.000000
0.378592 -0.034321 -0.021274 0.000000
0.504996 -0.157395 0.016864 0.000000
0.404739 -0.955412 0.169819 1.000000
0.326228 0.353570 0.120772 0.000000
0.395278 0.190288 0.079991 0.000000
-0.040687 -0.500323 0.153606 0.000000
0.295300 -1.019150 0.224206 0.000000
0.460792 -0.052549 0.065873 0.000000
0.432863 -0.107971 0.243349 0.000000
0.306011 0.011130 0.167971 0.000000
0.370101 -0.524600 0.302620 0.000000
0.183205 -0.207609 -0.036861 0.000000
0.416559 0.143635 0.189938 0.000000
0.393238 -0.936185 0.520579 0.000000
0.365860 -0.745783 0.367332 0.000000
0.229888 -0.154267 0.148317 0.000000
0.532277 -0.217419 0.117166 0.000000
0.349457 -0.426711 0.250735 0.000000
0.293528 -0.037662 0.049951 0.000000
0.329752 -0.215307 0.190381 0.000000
0.444294 -0.005507 0.214392 0.000000
0.326445 0.186966 0.161525 0.000000
0.289146 0.022462 0.310109 0.000000
0.503936 -0.030971 0.387202 0.000000
0.342791 -0.618332 0.199065 0.000000
0.121830 -0.333895 0.167695 0.000000
0.402215 0.062224 0.024287 0.000000
0.329807 0.259759 0.101039 0.000000
0.360003 -0.074837 0.292698 0.000000
0.403811 0.307377 0.125190 0.000000
0.372554 0.049407 0.214969 0.000000
0.336318 -0.808138 0.202574 0.000000
0.393584 0.409693 0.140852 0.000000
0.584585 -0.146557 0.111769 0.000000
0.489207 -0.024841 0.143070 0.000000
0.198435 -0.109620 0.404303 0.000000
0.295359 -1.103060 0.210926 0.000000
0.324875 0.100638 0.164093 0.000000
0.184124 -0.221194 0.520667 0.000000
0.419924 0.108789 0.090596 0.000000
0.522921 -1.145843 0.166091 1.000000
0.327612 -1.167249 0.248346 0.000000
0.274824 -0.060602 0.147424 0.000000
0.571424 -1.293115 0.123734 1.000000
0.336931 0.176418 0.239215 0.000000
0.355943 -0.894948 0.179843 1.000000
0.437208 -1.021655 0.194495 1.000000
0.336194 -0.393597 0.181694 0.000000
0.438855 0.018947 0.076746 0.000000
0.330843 0.151008 0.077442 0.000000
0.333023 0.290805 0.169504 0.000000
0.511696 -0.215155 -0.030694 0.000000
0.377400 -0.016130 0.249893 0.000000
0.420974 0.235346 0.131351 0.000000
0.318436 -0.950981 0.212910 0.000000
0.357146 -0.594227 0.288380 0.000000
0.389730 0.473739 0.095682 0.000000
0.445690 0.166778 0.123800 0.000000
0.434233 0.074309 0.189456 0.000000
0.268502 -1.062685 0.272620 0.000000
-0.081363 -0.550217 0.125567 0.000000
0.467691 -0.072741 0.187405 0.000000
0.015812 -0.459705 0.158244 0.000000
0.396054 -0.794837 0.404043 0.000000
0.331872 0.237433 0.211938 0.000000
0.336074 -0.456743 0.192956 0.000000
0.533041 -0.170437 0.161518 0.000000
0.359537 -0.489729 0.249914 0.000000
0.357184 -0.691694 0.335711 0.000000
0.475768 -0.111028 0.048881 0.000000
0.378297 -0.942343 0.229211 1.000000
0.394936 0.353590 0.168050 0.000000
0.502253 -0.074606 0.108153 0.000000
0.332761 -0.043635 0.180026 0.000000
0.323059 0.016106 0.054512 0.000000
0.413555 -0.161796 0.265881 0.000000
0.399440 0.196705 0.215755 0.000000
0.208819 -0.209806 0.161235 0.000000
0.398602 0.101758 0.229950 0.000000
0.234097 -0.179771 -0.020270 0.000000
0.392285 -0.906970 0.468133 0.000000
0.265877 -0.969701 0.240727 0.000000
0.127352 -0.226829 -0.045093 0.000000
0.526338 -0.238310 0.172553 0.000000
0.296579 -0.088663 0.020629 0.000000
0.236545 -1.103239 0.244578 0.000000
0.255464 -0.111118 0.178638 0.000000
0.343147 0.391327 0.163927 0.000000
0.411703 -0.961385 0.569722 0.000000
0.338979 -0.275402 0.186975 0.000000
0.342357 0.203248 0.102843 0.000000
0.334941 -0.372448 0.239603 0.000000
0.333968 -0.160127 0.184381 0.000000
0.344032 0.141596 0.130491 0.000000
0.464089 0.114237 0.123385 0.000000
0.387013 0.011461 0.009258 0.000000
0.342616 0.412141 0.113788 0.000000
0.284795 0.062587 0.275538 0.000000
0.387530 0.139688 0.063112 0.000000
0.266089 -0.018913 0.332555 0.000000
0.341341 -0.858548 0.216717 0.000000
0.338251 0.237528 0.157658 0.000000
0.327399 -0.667491 0.206193 0.000000
0.076935 -0.359198 0.176539 0.000000
0.536514 -0.116459 0.110034 0.000000
0.467367 -0.031574 0.350946 0.000000
0.397187 0.013591 0.286940 0.000000
0.335672 -0.568096 0.206070 0.000000
0.432723 -0.057071 0.221225 0.000000
0.238302 -0.090221 0.372631 0.000000
0.396524 0.303360 0.176835 0.000000
0.341011 0.309487 0.099464 0.000000
0.420871 0.198612 0.169602 0.000000
0.285640 -1.005479 0.272248 0.000000
0.375932 0.364075 0.120125 0.000000
0.152061 -0.293773 0.167673 0.000000
0.396803 -0.694908 0.366193 0.000000
0.321437 -1.069003 0.236767 0.000000
0.327756 0.053945 0.181466 0.000000
0.353820 0.438827 0.154672 0.000000
0.344504 0.339731 0.163726 0.000000
0.553181 -0.043378 0.425307 0.000000
0.473012 0.014404 0.110521 0.000000
0.340429 -0.762929 0.218815 0.000000
0.445520 0.029009 0.179407 0.000000
0.429396 0.061922 0.093858 0.000000
0.284149 -1.105546 0.256093 0.000000
0.292235 -1.149117 0.216840 0.000000
0.332123 0.143780 0.178206 0.000000
0.353568 -0.903639 0.230040 1.000000
0.288535 -0.028615 0.182959 0.000000
0.367708 -0.073195 -0.042501 0.000000
0.210968 -0.152322 0.416395 0.000000
0.403319 0.185945 0.124321 0.000000
0.287081 -0.928196 0.236107 0.000000
0.369146 -0.830509 0.410477 0.000000
0.390090 0.265122 0.117632 0.000000
0.494947 -0.147256 0.165816 0.000000
0.377870 -0.566635 0.316893 0.000000
0.332839 0.135661 0.257098 0.000000
0.626582 -0.159877 0.104644 0.000000
0.256443 -1.027817 0.244059 0.000000
0.613300 -1.304170 0.113928 1.000000
0.356864 -0.642989 0.308511 0.000000
0.330139 -0.991649 0.226165 0.000000
0.358671 -0.546147 0.265676 0.000000
0.504293 -0.065588 0.151434 0.000000
0.395600 0.024928 0.243647 0.000000
0.390429 0.097839 0.047413 0.000000
0.362286 0.080162 0.175743 0.000000
0.414153 0.154274 0.096237 0.000000
0.294880 -1.059114 0.203736 0.000000
0.320098 -1.125132 0.241370 0.000000
0.189626 -0.248607 0.553665 0.000000
0.488211 -1.121460 0.156643 1.000000
0.334762 -0.350304 0.184297 0.000000
0.397207 0.145543 0.228236 0.000000
0.384465 0.468002 0.148476 0.000000
0.192613 -0.207547 0.481338 0.000000
0.588019 -1.254311 0.127665 1.000000
0.397958 0.229894 0.095520 0.000000
0.452752 -0.033713 0.183003 0.000000
0.340768 0.198304 0.199310 0.000000
0.257412 -0.098543 0.138889 0.000000
0.316853 -0.910038 0.205101 0.000000
0.377109 -0.930127 0.187791 1.000000
0.538247 -1.181587 0.150386 1.000000
0.437821 0.110339 0.170322 0.000000
0.408242 0.266497 0.163407 0.000000
0.370311 0.443884 0.117577 0.000000
0.482835 -0.110975 0.178949 0.000000
0.355493 -0.459020 0.275348 0.000000
0.304397 -0.968547 0.251161 0.000000
0.402558 -0.969212 0.207214 1.000000
0.453572 -1.052108 0.175704 1.000000
0.426693 -0.998856 0.164356 1.000000
0.437136 0.086268 0.123403 0.000000
0.359216 -0.399257 0.225579 0.000000
0.488574 -0.038667 0.106899 0.000000
0.469744 0.023902 0.147986 0.000000
0.397953 0.229120 0.173185 0.000000
0.425736 0.126998 0.123801 0.000000
0.442482 -0.019435 0.059967 0.000000
0.375128 -0.605148 0.322347 0.000000
0.362379 -0.787228 0.388072 0.000000
0.328208 0.113226 0.075000 0.000000
0.269575 -1.075658 0.237053 0.000000
-0.011367 -0.481244 0.139990 0.000000
0.373817 -0.879081 0.450714 0.000000
0.504551 -0.242785 -0.056440 0.000000
0.370219 -0.048742 0.268049 0.000000
0.510343 -0.187455 -0.005889 0.000000
0.253629 0.012279 0.314006 0.000000
0.324497 0.174399 0.117906 0.000000
0.346406 0.260403 0.186859 0.000000
0.425583 -0.997188 0.219674 1.000000
0.315073 0.084421 0.277317 0.000000
0.356542 -0.361207 0.212012 0.000000
-0.056608 -0.523177 0.129758 0.000000
0.361770 -0.492889 0.287023 0.000000
0.259337 -0.056898 0.355012 0.000000
0.479450 -1.072457 0.194702 1.000000
0.330731 -0.422754 0.202780 0.000000
0.312228 0.130657 0.226975 0.000000
0.354492 0.112187 0.146990 0.000000
0.359258 0.280652 0.110596 0.000000
0.369600 0.487843 0.120866 0.000000
-0.110801 -0.569364 0.123397 0.000000
0.272620 -1.138423 0.251375 0.000000
0.291388 -1.048345 0.243362 0.000000
0.388513 -0.762560 0.392385 0.000000
0.552884 -1.254147 0.127869 1.000000
0.521749 -0.142606 0.143293 0.000000
0.432285 0.164853 0.166790 0.000000
0.336803 -0.310327 0.184930 0.000000
0.205027 -0.177688 0.140704 0.000000
0.320937 -0.016682 0.042480 0.000000
0.040226 -0.434566 0.158530 0.000000
0.528900 -0.205036 0.162455 0.000000
0.184822 -0.265250 0.168301 0.000000
0.230237 -0.183182 0.167539 0.000000
0.376133 0.329538 0.122271 0.000000
0.117814 -0.289641 0.168247 0.000000
0.266877 -0.078208 0.175822 0.000000
0.325240 -1.035390 0.227619 0.000000
0.396279 0.066973 0.232273 0.000000
0.381231 -0.670488 0.347462 0.000000
0.319143 -0.248169 0.192533 0.000000
0.349562 0.235437 0.087505 0.000000
0.406631 -0.930593 0.489722 0.000000
0.297462 -0.984571 0.219599 0.000000
0.412441 0.466624 0.119719 0.000000
0.402325 -0.824899 0.420873 0.000000
0.341865 -0.490141 0.189111 0.000000
0.439390 0.045167 0.208353 0.000000
0.306058 0.045357 0.060106 0.000000
0.370413 -0.714247 0.356834 0.000000
0.344393 0.381118 0.126171 0.000000
0.432887 0.201289 0.124636 0.000000
0.479309 -0.079954 0.062358 0.000000
0.373156 0.397834 0.117536 0.000000
0.309940 -0.853609 0.226310 0.000000
0.447947 0.042958 0.115341 0.000000
0.178503 -0.218813 0.150575 0.000000
0.296186 -0.017361 0.152951 0.000000
0.327972 -0.010132 0.180079 0.000000
0.189359 -0.151250 0.441127 0.000000
0.226231 -0.123765 0.394491 0.000000
0.412814 -0.957205 0.536138 0.000000
0.396996 0.378072 0.146800 0.000000
0.305382 0.051908 0.297859 0.000000
0.330331 0.165876 0.209588 0.000000
0.238741 -0.124660 0.139077 0.000000
0.390276 0.321045 0.150859 0.000000
0.322435 -0.073522 0.184812 0.000000
0.492860 -0.134833 0.036133 0.000000
0.311897 -0.911114 0.246751 0.000000
0.082576 -0.388227 0.163898 0.000000
0.352757 -0.330534 0.204115 0.000000
0.276903 -0.999829 0.241264 0.000000
0.271433 -1.093693 0.282558 0.000000
0.359628 -0.453275 0.237035 0.000000
0.338256 0.183507 0.078578 0.000000
0.281063 -0.117008 0.026333 0.000000
0.428475 -0.985695 0.582299 0.000000
0.328355 0.229975 0.111337 0.000000
0.528530 -0.037492 0.406928 0.000000
0.401477 -0.185597 0.283095 0.000000
0.394249 -0.727310 0.372102 0.000000
0.416263 -0.134664 0.250827 0.000000
0.400499 0.226993 0.204019 0.000000
0.318494 -0.875448 0.204714 0.000000
0.291292 -0.067686 0.043388 0.000000
0.574204 -1.228934 0.137410 1.000000
0.236317 -0.012385 0.332689 0.000000
0.449687 -0.001056 0.182053 0.000000
0.519919 -0.265408 0.184589 0.000000
0.320256 0.289285 0.108249 0.000000
0.450345 -1.025346 0.161960 1.000000
0.511390 -1.168072 0.147017 1.000000
0.339238 -0.398278 0.254737 0.000000
0.362643 -0.563815 0.289893 0.000000
0.254337 -0.160646 -0.008600 0.000000
0.308884 -0.049008 0.026592 0.000000
0.098258 -0.233794 -0.050019 0.000000
0.337703 0.206425 0.228113 0.000000
0.209431 -0.195631 -0.028446 0.000000
0.470765 -0.016355 0.116109 0.000000
0.521676 -0.186792 0.139097 0.000000
0.275693 -1.034017 0.266157 0.000000
0.386570 0.438199 0.150167 0.000000
0.155584 -0.217936 -0.041840 0.000000
0.359068 -0.516458 0.267670 0.000000
0.561991 -0.128563 0.119378 0.000000
0.297148 -1.087340 0.236012 0.000000
0.408250 -0.885390 0.455759 0.000000
0.347810 0.225612 0.190046 0.000000
0.406530 0.168308 0.211710 0.000000
-0.012776 -0.468884 0.166763 0.000000
0.398913 0.347226 0.128542 0.000000
0.106927 -0.359046 0.167017 0.000000
0.323468 0.033406 0.160648 0.000000
0.485835 0.003417 0.134729 0.000000
0.355403 -0.884639 0.207165 1.000000
0.212004 -0.090239 0.385330 0.000000
0.339199 -0.826138 0.225232 0.000000
0.345339 -0.690326 0.205259 0.000000
0.355404 0.068737 0.201424 0.000000
0.417068 -0.006414 0.296330 0.000000
0.518376 -0.096002 0.119355 0.000000
0.340106 -0.545717 0.187729 0.000000
0.094188 -0.333800 0.175347 0.000000
0.245618 -0.135890 0.164512 0.000000
0.440011 -0.081406 0.235431 0.000000
0.325286 -0.742802 0.205368 0.000000
0.325694 -0.187419 0.184548 0.000000
0.417954 -0.994302 0.190982 1.000000
0.345967 -0.646191 0.204217 0.000000
0.386336 -0.009691 -0.009508 0.000000
0.333429 -0.348458 0.224810 0.000000
0.263933 0.033235 0.298273 0.000000
0.248200 -1.059858 0.246326 0.000000
0.448858 -0.033217 0.216056 0.000000
0.425189 0.095429 0.205646 0.000000
0.463246 0.086094 0.133745 0.000000
0.246663 -1.129434 0.245763 0.000000
0.334259 -0.132221 0.185886 0.000000
0.327412 -0.595440 0.203098 0.000000
0.355365 0.252894 0.109569 0.000000
0.387461 0.285822 0.157271 0.000000
0.453611 0.139957 0.122716 0.000000
0.391043 0.037916 0.016856 0.000000
0.366602 -0.919508 0.211174 1.000000
0.326355 -0.781728 0.204226 0.000000
0.361668 -0.664671 0.328954 0.000000
0.511111 -1.121968 0.173100 1.000000
0.341890 0.312844 0.155678 0.000000
0.449527 -0.011907 0.343914 0.000000
0.325253 0.109836 0.263643 0.000000
0.278599 -0.053462 0.175831 0.000000
0.434746 0.087904 0.080905 0.000000
0.382032 -0.917520 0.491157 0.000000
0.299302 -0.004279 0.053565 0.000000
0.600827 -1.281876 0.123509 1.000000
0.434300 0.137220 0.167397 0.000000
0.328178 -0.838723 0.203721 0.000000
0.332386 0.080624 0.182703 0.000000
0.331442 0.264378 0.163830 0.000000
0.412809 0.279171 0.121970 0.000000
0.436604 0.045636 0.073266 0.000000
0.391268 0.165309 0.070689 0.000000
0.220702 -0.068121 0.365826 0.000000
0.330529 0.149183 0.233934 0.000000
0.185445 -0.179079 0.468395 0.000000
0.344613 0.365392 0.155941 0.000000
0.312727 0.030937 0.184965 0.000000
0.412972 0.198878 0.103157 0.000000
0.331611 -0.927402 0.218790 0.000000
0.015917 -0.435803 0.169831 0.000000
0.333776 0.210780 0.170684 0.000000
0.337480 -0.433891 0.179600 0.000000
0.340055 0.334120 0.109080 0.000000
0.285888 -0.957274 0.228693 0.000000
0.144109 -0.269282 0.161838 0.000000
0.308109 -0.942984 0.245855 0.000000
0.386408 -0.948160 0.204543 1.000000
0.380169 0.353143 0.145994 0.000000
0.346935 0.463241 0.145780 0.000000
0.320864 -1.097764 0.239798 0.000000
0.374175 0.039881 0.242086 0.000000
0.246823 -0.033870 0.344505 0.000000
0.297828 -1.125477 0.226570 0.000000
0.412997 0.169028 0.183905 0.000000
0.482907 0.035310 0.127414 0.000000
0.401755 0.117965 0.061300 0.000000
0.505723 -0.168050 0.154477 0.000000
0.334036 -0.369881 0.201099 0.000000
0.488524 -1.097321 0.173981 1.000000
0.441579 0.018719 0.206004 0.000000
0.485288 -0.028724 0.369597 0.000000
0.288758 -1.070369 0.258721 0.000000
0.339254 0.410799 0.139267 0.000000
0.384041 0.292905 0.117415 0.000000
0.342414 -0.880582 0.230879 0.000000
0.302676 -0.931568 0.207340 0.000000
0.033414 -0.414743 0.173205 0.000000
0.336249 0.282627 0.194252 0.000000
0.423351 0.117873 0.189952 0.000000
0.061681 -0.380123 0.176075 0.000000
0.512450 -0.088370 0.143262 0.000000
0.449586 0.054769 0.184563 0.000000
-0.073937 -0.537606 0.146221 0.000000
0.408982 0.304386 0.154842 0.000000
0.295538 0.080311 0.261042 0.000000
0.402379 0.280027 0.190080 0.000000
0.142987 -0.320242 0.169659 0.000000
0.613879 -1.328864 0.109310 1.000000
0.191896 -0.235610 0.163584 0.000000
0.265490 -1.115458 0.269609 0.000000
0.417429 0.243183 0.164450 0.000000
0.321543 -0.894905 0.224443 0.000000
0.401512 0.123287 0.217780 0.000000
0.517376 -0.118832 0.135514 0.000000
0.347638 0.164189 0.120822 0.000000
0.333380 0.163195 0.162656 0.000000
0.383535 0.027539 0.265143 0.000000
0.193485 -0.242273 0.529728 0.000000
0.501092 -0.044695 0.134275 0.000000
0.320550 -0.968615 0.230140 0.000000
0.386634 0.073765 0.039557 0.000000
0.319933 0.199939 0.112517 0.000000
0.196274 -0.132756 0.418945 0.000000
0.362386 0.304998 0.110377 0.000000
0.304619 -1.003449 0.205877 0.000000
0.452167 0.067368 0.119905 0.000000
0.110809 -0.312920 0.173230 0.000000
0.293808 -0.911162 0.220155 0.000000
0.356341 0.297218 0.171624 0.000000
0.457527 -0.030396 0.075506 0.000000
0.303398 -1.045259 0.222533 0.000000
0.285542 -0.038943 0.155620 0.000000
0.419811 0.150427 0.125206 0.000000
0.241852 -0.158720 0.171570 0.000000
0.329308 0.013852 0.177308 0.000000
0.425000 0.132939 0.092885 0.000000
0.403031 0.242314 0.116794 0.000000
0.313315 -1.014605 0.239411 0.000000
0.283042 -1.025915 0.243934 0.000000
0.342699 0.129769 0.084451 0.000000
0.321790 -0.690082 0.201244 0.000000
0.285269 -0.115292 0.002982 0.000000
0.371617 -0.630159 0.323629 0.000000
0.328304 0.052774 0.063771 0.000000
0.329769 -0.290635 0.202588 0.000000
0.378665 0.395018 0.151891 0.000000
0.335450 -0.504962 0.206209 0.000000
0.381837 0.425213 0.127760 0.000000
0.357215 -0.538817 0.287911 0.000000
0.192966 -0.222955 0.499009 0.000000
0.369614 -0.051010 -0.035010 0.000000
0.392289 0.482154 0.120538 0.000000
0.547416 -1.203075 0.151579 1.000000
0.457054 -0.073298 0.055906 0.000000
0.386249 0.003809 0.241713 0.000000
0.341164 -0.792181 0.218616 0.000000
0.359777 -0.421886 0.230344 0.000000
0.294112 -0.988325 0.259318 0.000000
0.175896 -0.265376 0.562927 0.000000
0.400781 0.205089 0.178800 0.000000
0.286077 0.040330 0.293048 0.000000
0.331744 0.121607 0.172082 0.000000
0.329528 -0.330400 0.194539 0.000000
0.369134 -0.586869 0.309842 0.000000
0.291328 -1.066653 0.228089 0.000000
0.528026 -1.196954 0.136840 1.000000
0.399279 0.008269 0.264786 0.000000
0.275149 0.006096 0.318656 0.000000
0.388822 0.383808 0.126153 0.000000
0.502939 -1.138711 0.157061 1.000000
0.193028 -0.201147 0.147439 0.000000
0.322929 0.316081 0.111416 0.000000
0.392770 0.207309 0.097378 0.000000
0.355654 -0.467934 0.254551 0.000000
0.443419 0.111694 0.132094 0.000000
0.311874 -0.971513 0.206327 0.000000
0.350728 0.097219 0.166642 0.000000
0.338914 0.185085 0.217589 0.000000
0.346633 -0.379767 0.219957 0.000000
0.242506 -0.070999 0.361256 0.000000
0.465087 -0.050894 0.191726 0.000000
0.259381 -0.096949 0.161141 0.000000
0.642865 -0.172459 0.094605 0.000000
0.448423 -0.007152 0.077687 0.000000
0.411419 0.175087 0.103846 0.000000
0.368760 0.466044 0.115803 0.000000
0.573543 -1.270818 0.123855 1.000000
0.269113 -1.053404 0.238084 0.000000
0.386753 -0.952115 0.182464 1.000000
0.366865 -0.914236 0.176138 1.000000
0.432900 -1.034327 0.172320 1.000000
0.327150 -0.634498 0.205429 0.000000
0.299992 -1.031785 0.205239 0.000000
0.360768 0.424186 0.120995 0.000000
0.335544 0.123606 0.146689 0.000000
0.342816 0.165204 0.090131 0.000000
0.319606 0.119214 0.244389 0.000000
0.337486 -0.531713 0.205846 0.000000
0.300114 -0.010822 0.177092 0.000000
0.294938 -1.080651 0.208135 0.000000
0.345290 0.182088 0.108008 0.000000
0.311166 -0.922842 0.226881 0.000000
0.490154 -0.057400 0.118153 0.000000
0.272294 -1.087369 0.259002 0.000000
0.325010 -0.475510 0.191457 0.000000
0.203827 -0.165942 0.431867 0.000000
-0.028627 -0.481272 0.158402 0.000000
0.401553 -0.971176 0.184502 1.000000
0.364831 0.345323 0.112426 0.000000
0.418804 0.220057 0.166616 0.000000
0.300586 -1.146922 0.236751 0.000000
0.330942 0.091792 0.073072 0.000000
0.466940 -1.070995 0.177103 1.000000
0.604969 -0.153429 0.110434 0.000000
0.348652 0.415618 0.158044 0.000000
0.591903 -1.303611 0.116077 1.000000
0.427623 0.178214 0.123646 0.000000
0.393652 0.045654 0.235484 0.000000
0.493730 -0.043069 0.154252 0.000000
0.342768 0.217183 0.209039 0.000000
0.435581 0.089499 0.174627 0.000000
0.384238 -0.815551 0.410073 0.000000
0.336990 0.281819 0.097636 0.000000
0.455184 0.022051 0.118983 0.000000
0.340867 -0.732448 0.215193 0.000000
0.378509 -0.864122 0.436566 0.000000
-0.025640 -0.496443 0.136882 0.000000
0.324477 -0.411282 0.186289 0.000000
0.337709 -0.253547 0.184350 0.000000
0.306571 0.000100 0.147905 0.000000
0.392287 -0.956536 0.223005 1.000000
0.164473 -0.271543 0.165699 0.000000
0.433348 -0.975598 0.601008 0.000000
0.529475 -1.163699 0.156490 1.000000
0.349383 0.245963 0.201564 0.000000
0.463209 0.043329 0.144491 0.000000
0.374281 0.451321 0.139735 0.000000
0.474727 -0.092008 0.184054 0.000000
0.332404 -0.234470 0.200797 0.000000
0.288659 -0.980478 0.237960 0.000000
0.336979 0.070732 0.069519 0.000000
0.344362 0.215523 0.085204 0.000000
-0.000112 -0.451543 0.168636 0.000000
0.433648 0.064780 0.211539 0.000000
0.303953 -0.069092 0.026271 0.000000
0.494164 -0.129001 0.175413 0.000000
0.357176 -0.621796 0.311558 0.000000
0.476961 -0.009314 0.148791 0.000000
0.359288 -0.905093 0.197422 1.000000
0.399629 0.328690 0.119684 0.000000
0.404004 0.334644 0.157829 0.000000
0.456277 -0.016092 0.194348 0.000000
0.383263 -0.782346 0.393319 0.000000
0.344946 -0.598153 0.192859 0.000000
0.297615 -0.998905 0.234210 0.000000
-0.058389 -0.521415 0.150065 0.000000
0.303810 0.066748 0.281807 0.000000
0.327353 0.152502 0.126163 0.000000
0.267015 -0.078993 0.155226 0.000000
0.348082 0.364566 0.114852 0.000000
0.397318 -0.946937 0.544509 0.000000
0.449969 -1.036877 0.189958 1.000000
0.470475 -1.099420 0.163088 1.000000
0.348485 0.279467 0.178287 0.000000
0.250332 -0.113663 0.151695 0.000000
0.528434 -0.144390 0.162363 0.000000
0.351342 -0.442369 0.264677 0.000000
0.227656 -0.105280 0.386475 0.000000
0.338022 -0.757526 0.199535 0.000000
0.424265 0.081658 0.096955 0.000000
0.377220 0.419896 0.146699 0.000000
0.427077 -1.011754 0.179820 1.000000
0.297820 -1.107773 0.236139 0.000000
0.334630 -0.088002 0.178185 0.000000
0.321167 -0.268047 0.193904 0.000000
0.358764 -0.512219 0.291706 0.000000
0.276564 -1.051943 0.256589 0.000000
-0.094386 -0.561375 0.135815 0.000000
0.398405 0.248706 0.166646 0.000000
0.214103 -0.134742 0.407591 0.000000
0.323763 -0.309504 0.200614 0.000000
0.529151 -0.203373 0.130896 0.000000
0.332514 -0.390977 0.201056 0.000000
0.221231 -0.173666 0.152609 0.000000
0.132454 -0.302972 0.169423 0.000000
0.341408 -0.566634 0.187178 0.000000
0.413630 0.200134 0.133469 0.000000
0.343019 -0.392174 0.236308 0.000000
-0.043252 -0.510365 0.136701 0.000000
0.400167 0.171088 0.087364 0.000000
0.263915 -1.120731 0.241809 0.000000
0.467424 -0.093581 0.052724 0.000000
0.376449 -0.895506 0.465654 0.000000
0.195015 -0.197117 0.464866 0.000000
0.316441 -0.892319 0.243347 0.000000
0.000853 -0.469504 0.149903 0.000000
0.431038 -1.004586 0.201962 1.000000
0.555363 -1.235100 0.132611 1.000000
0.310507 -0.034307 0.039461 0.000000
0.375379 -0.653415 0.337121 0.000000
0.309339 -1.073954 0.222279 0.000000
0.306198 -0.954350 0.227684 0.000000
0.401204 0.149106 0.074924 0.000000
0.380184 0.309941 0.125940 0.000000
0.436470 0.069370 0.075390 0.000000
0.338531 -0.706430 0.213665 0.000000
0.412367 0.257779 0.123777 0.000000
0.325087 -0.440398 0.192938 0.000000
0.177500 -0.248416 0.162141 0.000000
0.503968 -0.230529 -0.041581 0.000000
0.372032 0.482482 0.145868 0.000000
0.405751 0.186978 0.182679 0.000000
0.304982 0.021659 0.057689 0.000000
0.360181 -0.730456 0.356600 0.000000
0.347915 0.223999 0.102770 0.000000
0.187087 -0.165484 0.453728 0.000000
0.325614 -0.557488 0.193797 0.000000
0.507954 -0.173394 0.006606 0.000000
0.505612 -0.062986 0.132312 0.000000
0.322381 -0.856910 0.212411 0.000000
0.456015 0.065193 0.139298 0.000000
0.332178 0.392440 0.135117 0.000000
0.216535 -0.192085 0.158108 0.000000
0.375970 -0.033756 0.258159 0.000000
0.401674 -0.870753 0.445877 0.000000
0.509960 -0.199357 -0.020607 0.000000
0.396548 0.084005 0.224082 0.000000
0.322200 -0.146064 0.189820 0.000000
0.387180 -0.711510 0.364823 0.000000
0.423760 -0.966984 0.582951 0.000000
0.523296 -0.126293 0.156474 0.000000
0.185027 -0.204951 0.498267 0.000000
-0.120724 -0.585044 0.130336 0.000000
-0.070949 -0.533650 0.123831 0.000000
0.464393 -0.014723 0.358517 0.000000
0.272450 0.052178 0.284969 0.000000
0.462407 0.000204 0.118351 0.000000
0.388076 0.052767 0.031905 0.000000
0.405508 -0.940828 0.505212 0.000000
0.502651 -0.259673 -0.064632 0.000000
0.485718 -1.094706 0.153605 1.000000
0.334549 -0.877370 0.214396 0.000000
0.349462 -0.410661 0.241502 0.000000
0.367071 -0.061105 0.282523 0.000000
0.286703 -0.088243 0.036244 0.000000
0.526013 -0.187377 0.157927 0.000000
0.389857 -0.886683 0.456536 0.000000
0.284328 -1.123975 0.255922 0.000000
0.344384 -0.825443 0.207560 0.000000
0.183658 -0.191462 0.482160 0.000000
0.329338 -0.348121 0.201750 0.000000
0.326298 -0.027259 0.186544 0.000000
0.241358 -0.053362 0.355875 0.000000
0.421781 0.217614 0.126727 0.000000
0.382590 0.466678 0.127826 0.000000
0.356594 0.267883 0.097716 0.000000
0.329294 -0.811944 0.219273 0.000000
0.339359 0.110548 0.158978 0.000000
0.425630 0.108962 0.121001 0.000000
0.301213 -0.902254 0.234586 0.000000
0.387250 -0.835159 0.421449 0.000000
0.326684 -0.613816 0.206329 0.000000
0.554736 -1.188360 0.143703 1.000000
0.416598 0.001348 0.315011 0.000000
0.524448 -0.159485 0.149864 0.000000
0.308732 -1.054943 0.236920 0.000000
0.424443 0.180868 0.170780 0.000000
0.448426 -0.038411 0.062020 0.000000
0.052887 -0.421888 0.161308 0.000000
0.338519 -0.472361 0.203076 0.000000
0.332290 -0.173759 0.196158 0.000000
0.349094 0.398109 0.130176 0.000000
0.436469 0.033165 0.087633 0.000000
0.286961 -1.007483 0.254342 0.000000
0.375779 -0.729655 0.365678 0.000000
0.355444 -0.476423 0.270493 0.000000
0.344254 -0.873902 0.197899 1.000000
0.321135 -0.938447 0.228467 0.000000
0.419651 -0.965265 0.554028 0.000000
0.405492 0.009155 0.302298 0.000000
0.301743 -0.957027 0.209958 0.000000
0.472864 -1.088151 0.176886 1.000000
0.327669 0.133699 0.073812 0.000000
0.337415 -0.199513 0.194212 0.000000
0.339760 -0.662508 0.194143 0.000000
0.405465 -0.807989 0.415692 0.000000
0.387665 0.303764 0.156595 0.000000
0.342368 0.308215 0.173877 0.000000
0.375350 -0.935352 0.210442 1.000000
0.290591 -0.945870 0.243426 0.000000
0.319233 0.032873 0.059503 0.000000
0.401394 -0.915494 0.480948 0.000000
0.259535 -0.996882 0.244240 0.000000
0.367258 -0.547729 0.299679 0.000000
0.436663 0.144616 0.126146 0.000000
0.332851 -0.581299 0.193664 0.000000
0.530793 -0.221220 0.170034 0.000000
0.335162 0.242758 0.100421 0.000000
0.276890 -0.131633 -0.006125 0.000000
0.492087 -0.118261 0.042658 0.000000
0.346656 -0.344363 0.213582 0.000000
0.299815 -0.021116 0.047801 0.000000
0.430317 0.101687 0.187532 0.000000
0.262776 -0.145115 -0.010528 0.000000
0.314701 0.095647 0.261841 0.000000
0.502817 -1.122641 0.146597 1.000000
0.440980 0.004494 0.066547 0.000000
0.379452 0.375598 0.146830 0.000000
0.312285 -1.020676 0.219602 0.000000
0.387368 0.281296 0.130272 0.000000
0.302709 -1.033486 0.235646 0.000000
0.343849 -0.780053 0.203602 0.000000
0.027458 -0.446593 0.157053 0.000000
0.338807 -0.506510 0.183485 0.000000
0.332178 -0.909913 0.220315 0.000000
0.389490 0.323565 0.133514 0.000000
0.264289 -0.035475 0.344192 0.000000
0.425173 0.152928 0.177449 0.000000
0.338572 0.259895 0.202502 0.000000
0.393208 0.336688 0.172211 0.000000
0.368915 -0.678800 0.336956 0.000000
0.285619 -0.941310 0.221606 0.000000
0.262112 -1.043064 0.252428 0.000000
0.407993 -0.948506 0.520694 0.000000
0.438741 0.000863 0.199129 0.000000
0.454034 0.018464 0.190392 0.000000
0.043943 -0.397326 0.175680 0.000000
0.397924 0.255326 0.105545 0.000000
0.263569 -0.095075 0.178475 0.000000
0.328879 0.032631 0.178745 0.000000
0.379567 -0.798585 0.400121 0.000000
0.436801 0.057349 0.196012 0.000000
0.212578 -0.114013 0.390103 0.000000
0.404045 0.243125 0.198773 0.000000
0.358691 0.059386 0.217794 0.000000
0.298557 -0.052153 0.041015 0.000000
0.137139 -0.284357 0.166654 0.000000
0.557606 -1.214159 0.142813 1.000000
0.392832 0.369404 0.161132 0.000000
0.404091 0.287729 0.161477 0.000000
0.318650 -0.876289 0.221952 0.000000
0.336540 -0.550900 0.207151 0.000000
0.387959 -0.926150 0.507590 0.000000
0.503409 -1.137300 0.174709 1.000000
0.387588 0.402568 0.126351 0.000000
0.322907 -0.000697 0.050751 0.000000
0.336007 -0.376742 0.185158 0.000000
0.371321 0.380277 0.116634 0.000000
0.275747 -0.066250 0.164682 0.000000
0.315542 0.044599 0.173811 0.000000
0.353948 0.400428 0.152019 0.000000
0.532132 -1.212570 0.144966 1.000000
0.339827 -0.315530 0.201265 0.000000
0.400579 0.083626 0.037860 0.000000
0.270766 0.019528 0.308925 0.000000
0.435560 0.081582 0.208676 0.000000
0.405642 0.319019 0.164698 0.000000
0.432290 -0.037413 0.214845 0.000000
0.353551 0.128713 0.136512 0.000000
0.262168 -0.003272 0.324657 0.000000
0.322449 0.071654 0.172086 0.000000
0.438442 0.037494 0.193140 0.000000
0.363804 -0.922358 0.227739 1.000000
0.348120 -0.447087 0.247966 0.000000
0.348805 0.079142 0.189666 0.000000
0.364152 -0.565169 0.306913 0.000000
0.344270 -0.363401 0.223909 0.000000
0.454100 0.126257 0.132727 0.000000
0.391523 0.263755 0.162557 0.000000
0.204838 -0.222737 0.171460 0.000000
0.320059 -0.891990 0.201411 0.000000
0.387740 0.410424 0.156726 0.000000
0.304445 -1.095670 0.223224 0.000000
0.381490 -0.903851 0.480769 0.000000
0.281737 -0.966609 0.245659 0.000000
0.304087 -0.887310 0.216769 0.000000
0.270689 -1.020937 0.254313 0.000000
0.429165 -0.073689 0.225048 0.000000
0.363284 -0.602175 0.305786 0.000000
0.398467 0.394731 0.149009 0.000000
0.512914 -0.087626 0.160102 0.000000
0.522868 -1.180512 0.143598 1.000000
0.347123 0.426337 0.145152 0.000000
0.348801 0.244608 0.181733 0.000000
0.385372 0.443826 0.129621 0.000000
0.261397 -0.154937 0.005479 0.000000
0.547848 -0.117553 0.122312 0.000000
0.339912 -0.634454 0.193965 0.000000
0.341340 -0.740856 0.200753 0.000000
0.428146 -0.122981 0.249664 0.000000
0.337253 -0.263652 0.198719 0.000000
0.398694 -0.776743 0.396385 0.000000
0.198758 -0.147867 0.426847 0.000000
0.070998 -0.402270 0.162058 0.000000
0.413775 -0.176614 0.276347 0.000000
0.369013 0.059186 0.201928 0.000000
0.407470 0.002475 0.280073 0.000000
0.474147 -0.062243 0.063847 0.000000
0.335970 0.248532 0.169884 0.000000
0.334661 -0.230391 0.184863 0.000000
0.567946 -1.245826 0.131250 1.000000
0.407832 -0.899794 0.463971 0.000000
0.371867 0.413767 0.113150 0.000000
0.341397 0.197976 0.087168 0.000000
0.315569 -0.999011 0.228962 0.000000
0.453863 -1.065158 0.165537 1.000000
0.455497 0.100473 0.130896 0.000000
0.357415 -0.900398 0.214320 1.000000
0.389188 0.337498 0.150136 0.000000
0.443268 0.183215 0.122104 0.000000
0.447508 -0.023275 0.332140 0.000000
0.320627 -0.841961 0.219147 0.000000
0.320647 -0.097500 0.177609 0.000000
0.328045 -0.333347 0.228539 0.000000
0.338888 -0.840815 0.216045 0.000000
0.431523 0.124229 0.177113 0.000000
0.333138 0.164271 0.225716 0.000000
0.292105 -0.025500 0.167224 0.000000
0.322536 0.134504 0.167742 0.000000
0.323610 0.272676 0.109072 0.000000
0.336031 0.150658 0.249339 0.000000
0.325592 0.133697 0.239475 0.000000
0.295338 -1.133297 0.212345 0.000000
0.326587 -0.495117 0.185743 0.000000
0.378493 -0.699809 0.357272 0.000000
0.091467 -0.363503 0.170253 0.000000
0.333921 -0.294308 0.187010 0.000000
0.327036 -0.537617 0.193413 0.000000
0.357268 -0.435423 0.239241 0.000000
0.288634 -0.104354 0.019177 0.000000
0.223249 -0.186292 -0.030678 0.000000
0.195256 -0.218217 0.157557 0.000000
0.334160 0.166968 0.076027 0.000000
0.495088 -0.149274 0.028776 0.000000
0.313494 0.059716 0.063891 0.000000
0.395476 -0.960206 0.194987 1.000000
0.364529 -0.580213 0.295642 0.000000
0.405163 -0.956625 0.555074 0.000000
0.359979 -0.531741 0.273312 0.000000
0.382170 -0.619265 0.329624 0.000000
0.337500 -0.329941 0.209903 0.000000
0.267460 -1.091629 0.239407 0.000000
0.328654 -0.059344 0.189840 0.000000
0.236092 -0.139432 0.145373 0.000000
0.284863 -1.063199 0.244594 0.000000
0.479440 0.021313 0.135183 0.000000
0.479325 -0.128185 0.044349 0.000000
0.402287 -0.200156 0.291776 0.000000
0.402445 0.211785 0.210507 0.000000
0.342781 -0.517715 0.194546 0.000000
0.328344 -0.822494 0.203985 0.000000
0.077521 -0.374790 0.172081 0.000000
0.314569 0.016776 0.155402 0.000000
0.383950 -0.849423 0.428409 0.000000
0.379859 0.037281 0.227143 0.000000
0.335106 -0.701400 0.198700 0.000000
0.248146 -0.165235 -0.022774 0.000000
0.585085 -1.283853 0.126401 1.000000
0.143118 -0.226822 -0.036834 0.000000
0.293088 0.051370 0.283652 0.000000
0.330291 -0.650279 0.204808 0.000000
0.340163 -0.410987 0.189891 0.000000
0.616191 -1.318012 0.121600 1.000000
0.320882 -0.171614 0.185044 0.000000
0.339482 -0.470459 0.185304 0.000000
0.388272 0.113896 0.053573 0.000000
0.439635 -0.018988 0.207021 0.000000
0.127084 -0.318168 0.169288 0.000000
0.325266 -0.761799 0.208260 0.000000
0.418895 -0.147473 0.260093 0.000000
0.107902 -0.340982 0.171187 0.000000
0.405777 0.227700 0.109308 0.000000
0.329135 0.139760 0.136026 0.000000
0.251745 -0.121328 0.166792 0.000000
0.465558 -0.034966 0.192626 0.000000
0.339410 -0.676544 0.211502 0.000000
0.335654 -0.583486 0.210239 0.000000
0.088493 -0.246351 -0.049145 0.000000
0.428590 -0.092227 0.233085 0.000000
0.386292 0.005731 -0.005631 0.000000
0.563345 -0.048132 0.436567 0.000000
0.194665 -0.233945 0.516241 0.000000
0.405060 0.146756 0.214484 0.000000
0.313610 0.024841 0.170347 0.000000
0.272967 -1.070976 0.257623 0.000000
0.530763 -0.251952 0.179259 0.000000
0.439642 0.067936 0.176013 0.000000
0.327727 0.213363 0.109491 0.000000
0.516387 -0.033312 0.397712 0.000000
0.295776 -1.004124 0.219358 0.000000
0.392141 0.024804 0.002543 0.000000
0.357348 -0.494596 0.264770 0.000000
0.184203 -0.235029 0.540208 0.000000
0.332005 0.225881 0.166234 0.000000
0.337609 -0.488001 0.204741 0.000000
0.313788 -1.138498 0.235405 0.000000
0.196757 -0.199735 -0.038047 0.000000
0.342600 0.448515 0.149151 0.000000
0.452454 -1.022803 0.198045 1.000000
0.304874 -0.938888 0.231058 0.000000
0.264110 -1.038766 0.235553 0.000000
0.346799 0.376059 0.167193 0.000000
0.313493 -1.111596 0.237116 0.000000
0.332729 0.296376 0.102021 0.000000
0.367031 -0.645595 0.326467 0.000000
0.495392 -1.112407 0.167168 1.000000
0.298656 -0.917763 0.235117 0.000000
0.277207 -0.130231 0.019013 0.000000
0.421289 -0.973852 0.566915 0.000000
0.336275 -0.857435 0.202048 0.000000
0.300754 -0.005788 0.162270 0.000000
0.318283 -0.924914 0.211219 0.000000
0.331570 0.188952 0.110162 0.000000
0.232424 -0.165040 0.161058 0.000000
0.481629 -0.031414 0.118664 0.000000
0.381033 -0.928322 0.172943 1.000000
0.218522 -0.159392 0.139262 0.000000
0.365358 -0.525751 0.287349 0.000000
0.336445 -0.444404 0.202536 0.000000
0.338042 0.293889 0.183719 0.000000
0.251053 -0.016567 0.334771 0.000000
0.344141 0.090150 0.180011 0.000000
0.530561 -0.105313 0.120324 0.000000
0.389061 -0.656738 0.343241 0.000000
0.429281 0.162209 0.122715 0.000000
0.364142 -0.528671 0.258895 0.000000
0.337588 -0.449205 0.179426 0.000000
0.497203 -0.029744 0.130962 0.000000
0.169109 -0.210158 -0.042281 0.000000
0.519897 -0.279340 0.192465 0.000000
0.479452 -1.062962 0.182705 1.000000
0.311743 -1.082955 0.237253 0.000000
0.323566 -0.384378 0.189702 0.000000
0.288592 -1.081802 0.247388 0.000000
0.397097 0.130527 0.230987 0.000000
0.337338 0.197464 0.164141 0.000000
0.357937 -0.504764 0.277395 0.000000
0.446403 0.006733 0.083584 0.000000
0.317868 -0.984187 0.221153 0.000000
0.114320 -0.234663 -0.045442 0.000000
0.285915 -0.039305 0.170800 0.000000
0.320130 0.101681 0.069227 0.000000
0.323855 -0.121341 0.184264 0.000000
0.265637 -1.048321 0.266406 0.000000
0.343795 0.356737 0.168314 0.000000
0.436004 -1.019661 0.170381 1.000000
0.463305 0.033807 0.114055 0.000000
0.292919 -1.045927 0.210842 0.000000
0.343116 0.232323 0.203249 0.000000
0.482649 -0.020151 0.107646 0.000000
0.181421 -0.251300 0.541309 0.000000
0.590207 -1.269742 0.125246 1.000000
0.331286 0.367726 0.121571 0.000000
0.204929 -0.190679 0.148631 0.000000
0.349805 -0.889213 0.221019 1.000000
0.092340 -0.348636 0.173684 0.000000
0.508754 -0.084331 0.117582 0.000000
0.321664 -0.859350 0.233739 0.000000
0.399500 0.193930 0.096261 0.000000
0.340755 -0.678882 0.196691 0.000000
0.246395 -0.172915 -0.005238 0.000000
0.340893 0.202337 0.214046 0.000000
0.208720 -0.120522 0.404231 0.000000
0.338494 0.278055 0.163861 0.000000
0.331517 -0.249737 0.200808 0.000000
0.446508 -0.981935 0.605496 0.000000
0.325398 -0.714459 0.205764 0.000000
0.240977 -0.149282 0.156971 0.000000
0.225074 -0.199859 0.167559 0.000000
0.337826 -0.747032 0.215858 0.000000
0.328188 -0.622803 0.194527 0.000000
0.344294 0.180038 0.093281 0.000000
0.310675 0.016181 0.184651 0.000000
0.350170 0.253498 0.095626 0.000000
0.487894 -0.011155 0.136918 0.000000
0.093073 -0.377960 0.167125 0.000000
0.403242 0.200888 0.122869 0.000000
0.289369 0.010377 0.319148 0.000000
0.329936 -0.362325 0.228839 0.000000
0.346285 -0.425664 0.235207 0.000000
0.330282 0.094994 0.177940 0.000000
0.517010 -0.105109 0.141108 0.000000
-0.099131 -0.560388 0.121665 0.000000
0.296364 -0.959257 0.240818 0.000000
0.515041 -0.178244 0.149220 0.000000
0.359486 -0.476740 0.242867 0.000000
0.426300 -0.011078 0.308110 0.000000
0.475371 -0.017867 0.368410 0.000000
0.229894 -0.078137 0.371684 0.000000
0.206161 -0.100378 0.394304 0.000000
-0.012176 -0.475873 0.153687 0.000000
0.354205 0.455525 0.156008 0.000000
0.397172 0.175752 0.220312 0.000000
0.438135 0.072775 0.117586 0.000000
0.354459 0.294751 0.103379 0.000000
0.308372 -0.970659 0.222126 0.000000
0.386542 -0.874185 0.445168 0.000000
0.292241 -1.097848 0.245463 0.000000
0.419778 -0.994941 0.205556 1.000000
0.318106 -0.909181 0.224756 0.000000
0.440967 -0.065636 0.229841 0.000000
0.381068 0.277674 0.117516 0.000000
0.600250 -1.315645 0.116952 1.000000
0.389406 0.021118 0.276958 0.000000
0.359562 -0.551658 0.279240 0.000000
0.447397 -1.033409 0.174333 1.000000
0.413598 0.140367 0.100844 0.000000
0.415127 0.182174 0.132070 0.000000
0.305200 -0.986434 0.231850 0.000000
0.439360 0.100705 0.123306 0.000000
0.337487 0.190052 0.234050 0.000000
0.436201 -0.005596 0.335133 0.000000
0.426880 0.137634 0.180396 0.000000
0.153817 -0.258498 0.160672 0.000000
0.339750 0.325515 0.162502 0.000000
0.277606 0.030911 0.302661 0.000000
0.378300 -0.770121 0.385305 0.000000
0.401579 0.106226 0.051485 0.000000
0.325529 -0.367348 0.189598 0.000000
0.318972 -0.039074 0.180332 0.000000
0.339695 0.352644 0.115415 0.000000
0.441011 0.129931 0.127623 0.000000
0.462563 -1.077508 0.164713 1.000000
0.394607 -0.923876 0.494900 0.000000
0.334069 0.121391 0.259323 0.000000
0.290067 -1.014822 0.237821 0.000000
0.382799 0.030455 0.248844 0.000000
0.335685 0.139494 0.164435 0.000000
0.330956 -0.406161 0.199921 0.000000
0.322308 -1.154165 0.245352 0.000000
0.367023 0.050301 0.228259 0.000000
0.573093 -0.136943 0.115615 0.000000
0.405708 0.293106 0.124707 0.000000
0.332828 -0.775894 0.215694 0.000000
0.293045 -1.139180 0.227241 0.000000
0.386967 0.453993 0.150632 0.000000
0.302858 -1.017780 0.206713 0.000000
0.444118 0.010015 0.217118 0.000000
0.295075 -1.082338 0.222369 0.000000
0.326502 -0.796011 0.205340 0.000000
0.501565 -1.125207 0.162943 1.000000
0.420740 0.095470 0.095867 0.000000
0.388571 0.364755 0.144990 0.000000
0.342571 -0.284359 0.201713 0.000000
0.062417 -0.393277 0.170555 0.000000
0.372557 0.476672 0.129578 0.000000
0.393048 0.016499 0.254849 0.000000
0.437988 0.032640 0.067614 0.000000
0.624091 -1.336216 0.115955 1.000000
0.345524 0.380255 0.153656 0.000000
0.321142 -0.226295 0.193036 0.000000
-0.083650 -0.548353 0.139467 0.000000
0.388726 0.297842 0.129880 0.000000
0.472725 0.033549 0.137787 0.000000
0.226145 -0.190031 -0.014533 0.000000
0.290987 -0.992414 0.245271 0.000000
0.473925 -0.002228 0.110435 0.000000
0.308834 -1.067531 0.243437 0.000000
0.380287 -0.019519 -0.017727 0.000000
0.484051 -1.080211 0.180403 1.000000
0.527079 -1.133191 0.161316 1.000000
0.506555 -0.154594 0.162494 0.000000
0.437576 0.167357 0.135336 0.000000
0.499747 -0.068097 0.120543 0.000000
0.349800 0.479021 0.141745 0.000000
0.253161 -0.045509 0.349461 0.000000
0.403758 0.365976 0.149234 0.000000
0.432042 0.057005 0.080398 0.000000
-0.066370 -0.529237 0.137838 0.000000
0.405666 0.186233 0.110479 0.000000
0.397280 0.276155 0.165741 0.000000
0.336238 0.164541 0.246646 0.000000
0.335049 -0.177792 0.180504 0.000000
0.280512 -0.050379 0.161964 0.000000
0.335303 -0.100442 0.184590 0.000000
0.422991 -0.983302 0.595570 0.000000
0.331449 -0.601356 0.190956 0.000000
0.372253 0.454905 0.125981 0.000000
0.415620 -1.002587 0.172050 1.000000
0.516602 -0.253617 0.177855 0.000000
0.293063 -0.924875 0.222740 0.000000
0.400461 0.158053 0.221299 0.000000
0.340595 -0.532430 0.192020 0.000000
0.359731 0.099730 0.156265 0.000000
0.437293 -1.005992 0.214363 1.000000
0.338768 -0.606823 0.205858 0.000000
0.355693 -0.891928 0.194508 1.000000
0.425716 0.076020 0.084275 0.000000
0.399164 0.349919 0.155276 0.000000
0.304999 -1.009312 0.228594 0.000000
0.512943 -0.073052 0.159399 0.000000
0.105706 -0.326105 0.173942 0.000000
0.244952 -0.126954 0.153857 0.000000
0.395958 0.128900 0.067670 0.000000
0.467416 0.071772 0.131652 0.000000
0.398432 0.080125 0.237310 0.000000
0.451414 0.041070 0.186153 0.000000
0.302768 -1.030657 0.221918 0.000000
0.517431 -1.156758 0.156696 1.000000
0.273702 -1.015981 0.241223 0.000000
0.350336 0.241368 0.103654 0.000000
0.330431 -0.897935 0.213495 0.000000
0.344168 -0.412600 0.254198 0.000000
0.316982 0.108208 0.252615 0.000000
0.463494 -1.057042 0.184050 1.000000
0.328961 0.174984 0.168478 0.000000
0.274872 -0.009214 0.327998 0.000000
0.372310 -0.925817 0.200053 1.000000
0.233359 -0.034121 0.347757 0.000000
0.151884 -0.280015 0.165836 0.000000
0.194809 -0.163886 0.442252 0.000000
0.311598 -0.009118 0.049276 0.000000
0.341826 -0.794875 0.205098 0.000000
0.371398 0.466570 0.144348 0.000000
0.329622 0.341750 0.114561 0.000000
0.325425 -0.507265 0.197055 0.000000
0.388692 0.425175 0.154093 0.000000
0.143099 -0.219705 -0.048617 0.000000
0.339905 -0.362059 0.191413 0.000000
0.327905 -0.729780 0.208937 0.000000
0.285415 0.071920 0.265065 0.000000
0.277130 -1.046956 0.273824 0.000000
0.375508 0.343204 0.123547 0.000000
0.280380 -0.944973 0.233767 0.000000
0.411101 0.231480 0.169978 0.000000
0.607644 -1.291749 0.116823 1.000000
0.431078 0.087973 0.195731 0.000000
0.304992 0.077681 0.270636 0.000000
0.483104 -0.122372 0.170758 0.000000
0.482436 -0.099934 0.053397 0.000000
0.295678 -0.079084 0.030681 0.000000
0.500132 -0.053827 0.145773 0.000000
0.385655 0.018828 0.236477 0.000000
0.381042 -0.941879 0.193607 1.000000
-0.022891 -0.487694 0.147761 0.000000
0.373863 0.438035 0.145094 0.000000
0.275124 -0.981520 0.236319 0.000000
0.224548 -0.090154 0.379897 0.000000
0.508087 -0.074076 0.139908 0.000000
0.028863 -0.432522 0.165838 0.000000
0.193893 -0.184833 0.459004 0.000000
0.279187 -0.047569 0.147159 0.000000
0.433805 0.151189 0.167029 0.000000
0.013022 -0.446956 0.162528 0.000000
0.394383 -0.958481 0.209078 1.000000
0.435074 0.187206 0.132213 0.000000
0.329357 -0.865251 0.220579 0.000000
0.345495 -0.892689 0.236209 0.000000
0.343911 0.350836 0.155930 0.000000
0.394887 0.277554 0.115061 0.000000
0.418321 0.130628 0.193373 0.000000
0.322444 -0.966412 0.216887 0.000000
0.379395 0.406340 0.144457 0.000000
0.333225 -0.770199 0.200118 0.000000
0.538469 -1.207080 0.132195 1.000000
0.326559 -0.319022 0.186525 0.000000
0.300977 0.091305 0.253389 0.000000
-0.049684 -0.509806 0.148565 0.000000
0.334692 0.320781 0.106736 0.000000
0.450056 0.085645 0.136546 0.000000
0.398060 -0.947645 0.529784 0.000000
0.340207 -0.634286 0.208786 0.000000
0.330585 -0.869545 0.203924 0.000000
0.294083 -1.055559 0.220189 0.000000
0.351738 -0.455898 0.259161 0.000000
0.291465 -1.054845 0.255146 0.000000
0.322955 0.004136 0.184084 0.000000
0.236852 -0.023647 0.340106 0.000000
0.457771 -0.022338 0.345798 0.000000
0.411139 0.155876 0.190833 0.000000
0.391021 0.387922 0.157822 0.000000
0.436312 -0.019485 0.324834 0.000000
-0.003071 -0.462125 0.160484 0.000000
0.299219 -1.068672 0.212306 0.000000
0.322566 0.303044 0.108443 0.000000
0.494532 -0.034497 0.378401 0.000000
0.318519 -1.029030 0.237244 0.000000
0.441251 -0.045163 0.220998 0.000000
0.290602 -1.112838 0.246980 0.000000
0.321959 -0.427456 0.193679 0.000000
0.287961 -1.092198 0.208839 0.000000
0.634120 -0.162479 0.093711 0.000000
0.308801 -0.893393 0.228210 0.000000
0.187715 -0.265605 0.569009 0.000000
0.482832 -1.104258 0.162401 1.000000
0.360581 0.073041 0.188966 0.000000
0.418592 0.121798 0.096201 0.000000
0.406506 0.255798 0.195771 0.000000
0.289658 -1.035667 0.236383 0.000000
0.164169 -0.288410 0.167337 0.000000
0.134042 -0.329437 0.172910 0.000000
0.335995 -0.302033 0.200091 0.000000
0.368798 -0.615419 0.316948 0.000000
0.339411 -0.719503 0.211967 0.000000
0.475628 0.045943 0.131257 0.000000
0.393588 0.371686 0.128340 0.000000
0.327355 -0.699376 0.209192 0.000000
0.489622 0.013656 0.127314 0.000000
0.322369 0.149804 0.171684 0.000000
0.387157 0.310156 0.137130 0.000000
0.322232 0.112493 0.172544 0.000000
0.475023 0.007071 0.141314 0.000000
0.296549 -1.070818 0.239447 0.000000
0.324553 -0.025074 0.173686 0.000000
0.328059 -0.338477 0.216421 0.000000
0.404475 0.477202 0.120218 0.000000
0.574292 -1.256688 0.127414 1.000000
0.308557 -0.936213 0.218145 0.000000
0.312332 0.008532 0.054100 0.000000
0.284816 -1.076434 0.236007 0.000000
0.284937 -0.971743 0.228884 0.000000
0.166945 -0.256231 0.161985 0.000000
0.334440 -0.146188 0.185100 0.000000
0.612149 -0.163532 0.106137 0.000000
0.256862 -0.109107 0.165365 0.000000
0.338242 0.215513 0.100238 0.000000
0.450402 -0.019131 0.072754 0.000000
0.480695 -1.091187 0.165447 1.000000
0.039736 -0.423553 0.165873 0.000000
0.339986 -0.647516 0.192651 0.000000
0.340345 -0.441284 0.190447 0.000000
0.440851 0.041175 0.178387 0.000000
0.371868 0.430166 0.117561 0.000000
0.439347 0.023498 0.194049 0.000000
0.416529 0.138111 0.122366 0.000000
0.335333 -0.425682 0.189520 0.000000
0.446505 -1.038164 0.162212 1.000000
0.322840 -0.885841 0.233742 0.000000
0.443313 0.057983 0.118020 0.000000
0.373029 -0.666456 0.338170 0.000000
0.494515 -0.058758 0.105949 0.000000
0.330114 -0.277151 0.196451 0.000000
0.351374 -0.317677 0.195654 0.000000
0.340600 0.293049 0.159165 0.000000
0.341227 0.153465 0.124455 0.000000
0.347670 -0.427894 0.263565 0.000000
0.419221 0.166117 0.098574 0.000000
0.416679 0.256086 0.163020 0.000000
0.393470 -0.962404 0.178251 1.000000
0.345095 -0.556014 0.193876 0.000000
0.390166 0.033140 0.235184 0.000000
0.324675 -0.053490 0.177597 0.000000
0.324609 -0.086294 0.186234 0.000000
0.493997 -1.131429 0.150217 1.000000
0.423770 0.190470 0.121920 0.000000
0.323803 0.084519 0.172850 0.000000
0.338766 -0.659115 0.209037 0.000000
0.388121 0.397620 0.140532 0.000000
0.404427 0.181499 0.211280 0.000000
0.432933 0.049540 0.092700 0.000000
0.285130 -1.092694 0.255125 0.000000
0.429346 0.099246 0.087007 0.000000
0.390574 0.152699 0.067987 0.000000
0.365399 0.331619 0.115423 0.000000
0.409712 0.211874 0.172446 0.000000
0.322834 -0.355058 0.193047 0.000000
0.395813 -0.895146 0.464221 0.000000
0.330718 -0.242795 0.185624 0.000000
0.466227 0.097473 0.124422 0.000000
0.380218 0.317393 0.115443 0.000000
0.456574 0.052322 0.117190 0.000000
0.483709 -0.045288 0.116800 0.000000
0.356368 0.293050 0.115980 0.000000
0.291744 -1.094612 0.224768 0.000000
0.344025 0.273553 0.188758 0.000000
0.330518 -0.799307 0.217525 0.000000
0.364876 0.359111 0.115959 0.000000
0.331411 -0.152451 0.196010 0.000000
0.434706 0.117408 0.124672 0.000000
0.338027 0.248201 0.207652 0.000000
0.247574 -1.072219 0.243107 0.000000
0.538587 -1.196027 0.145605 1.000000
0.118117 -0.302137 0.170877 0.000000
0.439066 -0.009130 0.066694 0.000000
0.346895 -0.702949 0.204231 0.000000
0.397225 0.268903 0.194186 0.000000
0.326106 -0.201589 0.188703 0.000000
0.356929 -0.679915 0.330845 0.000000
0.323993 0.022668 0.185010 0.000000
0.417617 0.246257 0.125211 0.000000
0.397515 0.160292 0.081199 0.000000
0.426601 -1.013935 0.194580 1.000000
0.467763 -0.080733 0.057102 0.000000
0.398389 0.219340 0.102556 0.000000
0.323306 0.138457 0.227960 0.000000
0.382921 -0.939074 0.179369 1.000000
0.493779 -0.036612 0.142115 0.000000
0.398439 0.298643 0.164475 0.000000
0.398488 0.114363 0.229022 0.000000
0.384426 -0.946809 0.219100 1.000000
0.046450 -0.412404 0.168830 0.000000
0.344550 -0.814623 0.214085 0.000000
0.240232 -1.114807 0.248036 0.000000
0.396670 0.201717 0.086742 0.000000
0.358103 -0.906891 0.183264 1.000000
0.312828 -0.921750 0.240059 0.000000
0.326268 -0.570575 0.194301 0.000000
0.320617 -1.076961 0.227041 0.000000
0.396264 0.317515 0.124396 0.000000
0.522519 -1.166180 0.141451 1.000000
0.185826 -0.216461 0.509136 0.000000
0.324285 -0.982108 0.231907 0.000000
0.347753 -0.756446 0.210932 0.000000
0.328495 -0.680680 0.206177 0.000000
0.319997 0.088792 0.067058 0.000000
0.378270 -0.579154 0.317225 0.000000
0.417865 -1.005657 0.199355 1.000000
0.404785 0.266916 0.119787 0.000000
0.316685 -0.313108 0.210294 0.000000
0.185304 -0.227200 0.156898 0.000000
0.229661 -0.059877 0.362952 0.000000
0.268229 -1.032048 0.249164 0.000000
0.295960 -0.006322 0.146462 0.000000
0.396186 -0.844386 0.429519 0.000000
0.512877 -1.137931 0.164555 1.000000
0.202051 -0.143292 0.415608 0.000000
0.238221 -0.101904 0.380777 0.000000
0.461502 -0.062016 0.185940 0.000000
0.360316 -0.911721 0.222260 1.000000
0.394975 0.177488 0.078024 0.000000
0.361183 -0.633252 0.314959 0.000000
0.353632 -0.603364 0.296074 0.000000
0.335964 0.104465 0.079256 0.000000
0.264895 -0.086493 0.166745 0.000000
0.346964 -0.401170 0.228675 0.000000
0.372811 0.488600 0.133057 0.000000
0.258993 0.022290 0.306065 0.000000
0.337046 -0.384361 0.243901 0.000000
0.330260 -0.266772 0.185029 0.000000
0.326765 -0.342470 0.189676 0.000000
0.273138 -1.082940 0.247448 0.000000
0.582508 -0.050448 0.445502 0.000000
0.491739 -0.030836 0.154338 0.000000
0.375119 0.352037 0.114039 0.000000
0.593592 -1.291706 0.118973 1.000000
0.438273 -1.034066 0.187133 1.000000
0.257192 -0.028146 0.337223 0.000000
0.308879 -1.129901 0.243270 0.000000
0.395813 0.240418 0.106993 0.000000
0.353542 0.280563 0.099687 0.000000
0.562286 -1.226024 0.138490 1.000000
0.327255 -0.349632 0.235400 0.000000
0.304879 -0.945384 0.207464 0.000000
0.357309 -0.385569 0.221948 0.000000
0.186024 -0.230701 0.528238 0.000000
0.523027 -0.130494 0.141628 0.000000
0.309916 -0.900856 0.218506 0.000000
0.338932 -0.843952 0.200888 0.000000
0.379038 -0.046201 -0.024376 0.000000
0.394170 0.066997 0.032252 0.000000
0.328466 0.239727 0.165751 0.000000
0.410952 0.196362 0.176485 0.000000
0.336399 0.100897 0.168272 0.000000
0.308442 -1.062289 0.227112 0.000000
-0.078120 -0.537400 0.133029 0.000000
0.421231 0.206445 0.121753 0.000000
0.355047 0.265634 0.109642 0.000000
0.356998 -0.457468 0.248231 0.000000
0.440518 0.030898 0.206001 0.000000
0.336873 -0.336060 0.186578 0.000000
0.254140 -0.067485 0.359974 0.000000
0.338367 0.175552 0.225211 0.000000
0.380008 -0.826894 0.414734 0.000000
0.445373 -0.020068 0.217742 0.000000
0.299320 -0.931253 0.238794 0.000000
0.350421 0.403950 0.163158 0.000000
0.340906 0.260370 0.157251 0.000000
0.327929 0.080024 0.070065 0.000000
0.199151 -0.204681 -0.027162 0.000000
0.297561 -1.106174 0.222506 0.000000
0.342463 -0.379504 0.231411 0.000000
0.297781 -1.059216 0.242981 0.000000
0.361978 -0.515977 0.280567 0.000000
0.387853 -0.006487 0.248017 0.000000
0.355391 0.469412 0.152003 0.000000
0.367133 -0.535810 0.297181 0.000000
0.341279 -0.327735 0.196301 0.000000
0.338969 0.149922 0.086437 0.000000
0.065237 -0.368931 0.179252 0.000000
0.339354 0.118304 0.082147 0.000000
0.346950 -0.893326 0.208139 1.000000
0.425009 -0.997062 0.177394 1.000000
0.329359 0.243253 0.111057 0.000000
0.182795 -0.207559 0.146399 0.000000
0.449104 0.078782 0.122564 0.000000
0.298770 -0.991724 0.209911 0.000000
0.347218 0.121725 0.144129 0.000000
0.334785 -0.499373 0.193550 0.000000
0.316103 -0.863254 0.222410 0.000000
0.381282 0.412613 0.128702 0.000000
0.174224 -0.266940 0.575480 0.000000
0.397340 0.056703 0.238710 0.000000
0.323271 -0.161342 0.190940 0.000000
0.326065 0.070403 0.183817 0.000000
0.569216 -1.281973 0.127792 1.000000
0.372606 -0.780748 0.387921 0.000000
0.328644 -0.464386 0.187343 0.000000
0.367773 -0.544908 0.287981 0.000000
0.443241 0.154696 0.126441 0.000000
0.423869 0.168262 0.174697 0.000000
0.184749 -0.257734 0.559817 0.000000
0.332367 0.165563 0.120117 0.000000
0.332477 0.197173 0.099625 0.000000
0.392433 -0.864602 0.439827 0.000000
0.326937 0.126218 0.250860 0.000000
0.292125 -0.943817 0.231512 0.000000
0.372071 -0.573654 0.303825 0.000000
0.337025 -0.400221 0.242896 0.000000
0.331744 -0.521215 0.204897 0.000000
0.369823 -0.513598 0.297863 0.000000
0.313242 0.119031 0.234234 0.000000
0.303488 0.000359 0.172553 0.000000
-0.035812 -0.502207 0.141310 0.000000
0.299327 -0.062588 0.035214 0.000000
0.461848 -0.063558 0.061309 0.000000
0.192375 -0.175808 0.450824 0.000000
0.392068 0.238501 0.168692 0.000000
0.291033 -0.027875 0.155311 0.000000
0.330873 -0.848107 0.210598 0.000000
0.327802 -0.036389 0.171720 0.000000
0.325311 0.068437 0.068522 0.000000
0.367058 -0.924703 0.184394 1.000000
0.323288 -0.883650 0.211905 0.000000
0.344007 -0.768413 0.208865 0.000000
0.214127 -0.170136 0.142112 0.000000
0.459262 -1.052842 0.165272 1.000000
0.397239 -0.933454 0.509568 0.000000
0.520171 -0.118354 0.148177 0.000000
0.388200 0.473736 0.107475 0.000000
0.303315 -0.977028 0.212520 0.000000
0.390880 0.302397 0.187246 0.000000
0.335525 0.227044 0.101149 0.000000
0.317815 0.044403 0.061977 0.000000
0.350640 0.427317 0.158546 0.000000
0.398008 -0.817036 0.413091 0.000000
0.359010 -0.591280 0.299720 0.000000
0.543924 -1.212392 0.143758 1.000000
0.328969 -0.400079 0.188499 0.000000
0.356877 -0.914167 0.234357 1.000000
0.213196 -0.182357 0.150289 0.000000
0.218616 -0.099259 0.391195 0.000000
0.393489 0.049744 0.021817 0.000000
0.323869 0.000011 0.173028 0.000000
0.413759 0.207955 0.110690 0.000000
0.297326 -0.909761 0.243709 0.000000
0.312530 0.044181 0.185230 0.000000
0.330872 -0.824032 0.217122 0.000000
0.432020 0.113276 0.181497 0.000000
0.334778 0.270231 0.098792 0.000000
0.334820 -0.186383 0.191937 0.000000
0.515609 -0.097496 0.154026 0.000000
0.295399 -0.891907 0.224308 0.000000
0.522014 -0.225135 0.163251 0.000000
0.201143 -0.173786 0.441596 0.000000
-0.052803 -0.516670 0.139416 0.000000
0.342472 -0.356116 0.214856 0.000000
0.524467 -0.171249 0.149905 0.000000
0.354676 -0.370942 0.218328 0.000000
0.438773 0.085716 0.187147 0.000000
0.325785 0.042061 0.168676 0.000000
0.351375 0.441659 0.143550 0.000000
0.420306 -0.978020 0.578828 0.000000
0.342047 0.130863 0.138897 0.000000
0.273798 -0.064157 0.176126 0.000000
0.338745 0.195244 0.223444 0.000000
0.343594 -0.726474 0.203525 0.000000
0.332289 0.207412 0.159566 0.000000
0.457227 -0.040831 0.069353 0.000000
0.528290 -1.174669 0.152576 1.000000
0.333377 -0.483687 0.193940 0.000000
0.259169 -0.093899 0.149847 0.000000
0.516540 -0.166376 0.158607 0.000000
0.424594 -1.003913 0.188901 1.000000
-0.128330 -0.585837 0.121510 0.000000
0.337883 -0.590321 0.201044 0.000000
0.478803 -0.087617 0.053571 0.000000
0.389146 -0.773749 0.387621 0.000000
0.396377 0.335184 0.128813 0.000000
0.372114 -0.556662 0.307365 0.000000
0.390664 0.124285 0.058287 0.000000
0.327882 0.330662 0.111427 0.000000
0.296259 0.070579 0.273645 0.000000
0.280029 -0.122983 0.010338 0.000000
0.236753 -0.169141 0.172624 0.000000
0.305115 0.033774 0.059336 0.000000
0.199046 -0.122788 0.410308 0.000000
0.204857 -0.201136 0.154544 0.000000
0.295605 0.030953 0.305440 0.000000
0.326746 -0.255778 0.187567 0.000000
0.244395 -0.080077 0.368293 0.000000
0.344355 0.477573 0.152424 0.000000
0.408086 -0.187139 0.292545 0.000000
0.524922 -0.137407 0.153453 0.000000
0.342930 0.209700 0.200136 0.000000
0.448909 0.029778 0.190491 0.000000
0.346212 0.239281 0.192617 0.000000
0.332196 -0.113391 0.182938 0.000000
0.381091 0.476826 0.141351 0.000000
0.341008 -0.610624 0.190590 0.000000
0.408670 0.003291 0.292815 0.000000
0.311848 0.075424 0.283876 0.000000
0.310872 -0.023532 0.043704 0.000000
0.399928 -0.766837 0.390505 0.000000
0.465713 -0.083394 0.183309 0.000000
0.339419 -0.814296 0.224464 0.000000
0.400685 0.134503 0.220511 0.000000
0.280524 -1.073208 0.249154 0.000000
0.334795 0.176177 0.086825 0.000000
0.451874 -0.022258 0.184296 0.000000
-0.098761 -0.570037 0.129533 0.000000
0.356368 -0.483859 0.260622 0.000000
0.190785 -0.142430 0.433196 0.000000
0.324839 -0.299737 0.194546 0.000000
0.322737 -1.085561 0.239623 0.000000
0.443464 0.067637 0.191313 0.000000
0.327348 0.201499 0.168277 0.000000
0.272474 -1.061537 0.251023 0.000000
0.449105 -1.026410 0.185205 1.000000
0.334152 0.176699 0.210652 0.000000
0.388545 0.387125 0.145278 0.000000
0.467098 -1.088705 0.160514 1.000000
0.462549 0.028689 0.140160 0.000000
0.414150 -0.957481 0.547572 0.000000
0.061873 -0.414723 0.160690 0.000000
0.433953 -1.020393 0.183041 1.000000
-0.031975 -0.491679 0.153573 0.000000
0.455367 0.006040 0.189091 0.000000
0.395293 0.257479 0.190208 0.000000
0.438441 0.100325 0.177160 0.000000
0.440302 0.021655 0.087785 0.000000
0.337207 -0.210624 0.197713 0.000000
0.407047 0.201950 0.206869 0.000000
0.300978 0.057768 0.289067 0.000000
0.379328 -0.630055 0.332171 0.000000
0.174638 -0.265553 0.173513 0.000000
0.339667 -0.690683 0.195328 0.000000
0.296784 -1.023755 0.234592 0.000000
0.347221 -0.877130 0.209888 1.000000
0.409452 0.163644 0.103955 0.000000
0.348743 0.293873 0.179722 0.000000
0.329736 -0.541446 0.203830 0.000000
0.451991 -0.048918 0.059306 0.000000
0.341646 0.170621 0.113534 0.000000
0.396565 0.012428 0.275073 0.000000
0.272950 -1.046849 0.246604 0.000000
0.408279 -0.857216 0.441080 0.000000
0.326256 -0.850603 0.224025 0.000000
0.334455 0.160123 0.236282 0.000000
0.264983 0.011290 0.314387 0.000000
0.238826 -0.180183 -0.009699 0.000000
0.358192 -0.411951 0.224990 0.000000
0.390014 -0.701325 0.359680 0.000000
0.335186 -0.223525 0.196094 0.000000
0.454616 0.111974 0.130063 0.000000
0.343436 -0.865781 0.208194 1.000000
0.250244 -0.132429 0.174300 0.000000
0.170270 -0.241135 0.157253 0.000000
0.244042 -0.146581 0.168014 0.000000
0.392687 0.305806 0.122817 0.000000
0.434990 -0.991776 0.600462 0.000000
0.358266 -0.741025 0.360229 0.000000
0.348899 -0.898870 0.187811 1.000000
0.398217 -0.899998 0.474816 0.000000
0.397419 0.309897 0.165264 0.000000
0.460122 0.125654 0.123152 0.000000
0.286669 -0.114915 0.015583 0.000000
0.417399 -0.121768 0.246311 0.000000
0.140838 -0.295195 0.168152 0.000000
0.409500 -0.961070 0.526027 0.000000
0.389343 0.399473 0.153737 0.000000
0.494557 -0.046640 0.112257 0.000000
0.239921 -0.042923 0.350505 0.000000
0.305721 -1.010565 0.214947 0.000000
0.463327 0.054591 0.137607 0.000000
0.533743 -0.194437 0.162174 0.000000
0.070605 -0.385527 0.171121 0.000000
0.531184 -0.159375 0.162777 0.000000
0.345470 0.192948 0.096414 0.000000
0.362521 -0.909691 0.207411 1.000000
0.372676 -0.596879 0.315083 0.000000
0.355016 -0.464715 0.265377 0.000000
0.369544 -0.068949 0.293654 0.000000
0.427254 0.089981 0.185342 0.000000
0.375874 -0.641777 0.332279 0.000000
0.477033 -0.082230 0.189078 0.000000
0.294762 -1.045032 0.232867 0.000000
0.428234 -0.974681 0.589796 0.000000
0.429914 -0.985946 0.608602 0.000000
0.448646 -0.027768 0.065558 0.000000
0.530174 -1.189337 0.149603 1.000000
0.386918 0.001110 0.004568 0.000000
0.342068 -0.575596 0.196539 0.000000
0.430212 -0.971247 0.574830 0.000000
0.438810 0.016728 0.065754 0.000000
0.267644 -1.076610 0.265722 0.000000
0.473516 -1.077209 0.183719 1.000000
0.297908 -0.957514 0.220854 0.000000
0.308952 -1.022021 0.230197 0.000000
0.309639 -0.882263 0.230202 0.000000
0.327107 -0.508040 0.186022 0.000000
0.335961 -0.687169 0.211720 0.000000
0.359477 -0.648242 0.318012 0.000000
0.347619 -0.884763 0.199162 1.000000
0.346255 0.224786 0.091763 0.000000
0.382586 -0.721386 0.368791 0.000000
0.534945 -0.213221 0.127142 0.000000
0.602894 -1.302743 0.117686 1.000000
0.331435 0.308988 0.105130 0.000000
0.406885 0.241745 0.169064 0.000000
0.319754 0.055483 0.173879 0.000000
0.367951 0.476548 0.119406 0.000000
0.325437 -0.039868 0.189339 0.000000
0.322497 -0.911787 0.214885 0.000000
-0.091742 -0.554134 0.127814 0.000000
0.290273 -0.106011 0.006482 0.000000
0.438784 -1.041399 0.178804 1.000000
0.390825 -0.912355 0.482303 0.000000
0.384835 -0.020463 -0.007260 0.000000
0.310647 0.086864 0.267296 0.000000
0.271688 -0.068938 0.154630 0.000000
0.652704 -0.173768 0.089628 0.000000
0.330147 0.123898 0.078382 0.000000
0.423358 0.143807 0.094355 0.000000
0.344442 -0.778861 0.214611 0.000000
0.391271 0.087010 0.042804 0.000000
0.308429 0.007666 0.156752 0.000000
0.331637 0.140564 0.247255 0.000000
0.342369 0.265503 0.166927 0.000000
0.294256 -1.035689 0.214766 0.000000
0.482050 -0.100270 0.184329 0.000000
0.430899 0.072755 0.203956 0.000000
0.389609 0.269029 0.127944 0.000000
0.332935 0.377091 0.127178 0.000000
0.488898 -0.023169 0.378417 0.000000
0.409106 -0.946820 0.531539 0.000000
0.393149 -0.948133 0.174415 1.000000
0.508527 -0.184228 0.004666 0.000000
0.326146 -0.947457 0.224610 0.000000
0.372489 -0.933551 0.178406 1.000000
0.396966 0.342301 0.162898 0.000000
0.325422 -0.528893 0.200202 0.000000
0.424705 -0.104683 0.236749 0.000000
0.510132 -0.079934 0.151301 0.000000
0.462535 -1.062025 0.171522 1.000000
0.327939 0.152073 0.223664 0.000000
0.341322 -0.420722 0.246445 0.000000
0.446256 0.018110 0.180441 0.000000
0.456762 0.076132 0.139027 0.000000
0.438176 -0.028047 0.213025 0.000000
-0.019251 -0.476433 0.162147 0.000000
0.426573 0.140432 0.127067 0.000000
0.338215 -0.669273 0.203387 0.000000
0.434158 0.043282 0.083787 0.000000
0.337950 -0.524469 0.184969 0.000000
0.370144 -0.063695 -0.037624 0.000000
0.332692 -0.751185 0.206687 0.000000
0.222830 -0.182602 0.158716 0.000000
0.353502 0.418133 0.115510 0.000000
0.397552 -0.880681 0.451619 0.000000
0.583303 -1.298917 0.120914 1.000000
0.546423 -0.123143 0.113034 0.000000
0.288421 -0.097933 0.031511 0.000000
0.471948 -1.072583 0.167302 1.000000
0.128459 -0.291974 0.167725 0.000000
0.392672 -0.947641 0.190456 1.000000
0.293628 -0.013521 0.165152 0.000000
0.321093 0.122130 0.167578 0.000000
0.511507 -0.225082 -0.035168 0.000000
0.332391 0.153759 0.170122 0.000000
0.307734 -0.904127 0.204560 0.000000
0.288358 -0.914299 0.235700 0.000000
0.303243 -0.042101 0.041623 0.000000
0.370154 0.416978 0.123390 0.000000
0.490968 -0.118787 0.177346 0.000000
0.402882 0.281023 0.125973 0.000000
0.255432 -0.104086 0.151209 0.000000
0.251529 -1.052214 0.239374 0.000000
0.395529 0.180857 0.088321 0.000000
0.253650 -0.108688 0.139675 0.000000
0.399159 0.090688 0.234955 0.000000
0.294756 -0.999182 0.252860 0.000000
0.354673 -0.422430 0.242258 0.000000
0.441170 -0.008505 0.204464 0.000000
0.328453 -0.834838 0.213824 0.000000
0.411533 0.270528 0.128357 0.000000
0.336523 0.357908 0.159450 0.000000
0.437987 0.173874 0.126472 0.000000
0.378707 -0.888678 0.451611 0.000000
0.420639 0.209243 0.167675 0.000000
0.005657 -0.456071 0.157601 0.000000
0.355963 -0.350937 0.208707 0.000000
0.400855 -0.969568 0.195321 1.000000
0.282501 0.049597 0.287960 0.000000
0.335413 -0.432315 0.200974 0.000000
0.326176 -0.064007 0.179520 0.000000
0.387675 0.023535 0.012282 0.000000
0.322410 0.101993 0.175003 0.000000
0.324099 -0.135432 0.184226 0.000000
0.425882 0.086992 0.086971 0.000000
0.348542 -0.436142 0.255875 0.000000
0.117496 -0.322309 0.171877 0.000000
0.323510 0.023350 0.174285 0.000000
0.440218 0.078790 0.179049 0.000000
0.335111 -0.510242 0.193463 0.000000
0.333019 -0.359249 0.202293 0.000000
0.348191 -0.389094 0.227412 0.000000
0.185188 -0.200754 0.487326 0.000000
0.333731 0.178987 0.113535 0.000000
0.383451 -0.646656 0.339227 0.000000
0.359795 -0.573794 0.287140 0.000000
0.224603 -0.163594 0.148901 0.000000
0.333837 -0.078369 0.182856 0.000000
0.395997 0.288962 0.168415 0.000000
0.334531 -0.029722 0.180133 0.000000
0.320713 -0.237784 0.190383 0.000000
0.503761 -0.167869 0.015014 0.000000
0.352213 0.390030 0.153884 0.000000
0.142129 -0.307480 0.168622 0.000000
0.353036 0.253747 0.178133 0.000000
0.334945 0.136694 0.081942 0.000000
0.323513 0.160961 0.166118 0.000000
0.343953 0.398571 0.155326 0.000000
0.282418 0.011678 0.311137 0.000000
0.223251 -0.113784 0.392106 0.000000
0.340927 -0.587816 0.191117 0.000000
0.473094 -1.061883 0.191220 1.000000
0.268595 -1.086607 0.275089 0.000000
0.326738 0.254763 0.109965 0.000000
0.425586 -0.136213 0.255800 0.000000
0.190752 -0.213419 0.494750 0.000000
0.338462 -0.805026 0.212548 0.000000
0.339639 0.402097 0.133111 0.000000
0.441995 0.008089 0.206719 0.000000
0.219662 -0.057513 0.365938 0.000000
0.364088 -0.502542 0.290901 0.000000
0.330719 0.065486 0.174716 0.000000
0.401809 0.252886 0.116907 0.000000
0.583325 -0.137655 0.118450 0.000000
0.365937 0.453791 0.117492 0.000000
0.436300 0.076587 0.085152 0.000000
0.218581 -0.192048 -0.023056 0.000000
0.321685 -1.135606 0.242229 0.000000
0.348912 0.408231 0.135652 0.000000
0.348672 0.105503 0.159790 0.000000
0.191239 -0.225568 0.509897 0.000000
0.594541 -0.151411 0.110490 0.000000
0.379114 0.436257 0.125587 0.000000
0.353263 0.085703 0.176426 0.000000
0.392308 0.357817 0.157049 0.000000
0.327210 -0.673895 0.197742 0.000000
0.340354 0.193180 0.105987 0.000000
0.335539 -0.784244 0.208886 0.000000
0.329782 -0.559317 0.205373 0.000000
0.350780 0.358015 0.160453 0.000000
0.103465 -0.236647 -0.041251 0.000000
0.322937 -0.108698 0.180844 0.000000
0.335187 -0.830548 0.204617 0.000000
0.328106 0.280433 0.103224 0.000000
0.463631 0.017071 0.114637 0.000000
0.397815 0.094411 0.222381 0.000000
0.376178 -0.790093 0.394593 0.000000
0.384546 -0.731633 0.371243 0.000000
0.389959 -0.786204 0.403808 0.000000
0.301493 -0.031786 0.046248 0.000000
0.243126 -0.172346 -0.015325 0.000000
0.382042 -0.024084 0.255058 0.000000
0.427077 0.118366 0.090940 0.000000
0.389925 -0.822892 0.416504 0.000000
0.293971 -0.971395 0.238697 0.000000
0.282897 -1.008077 0.243967 0.000000
0.441979 0.051228 0.175411 0.000000
0.325425 -0.286850 0.193758 0.000000
0.333967 -0.487293 0.182736 0.000000
0.284224 -0.955672 0.238978 0.000000
0.405493 0.256330 0.165021 0.000000
0.324052 -0.580531 0.199402 0.000000
0.402177 0.205129 0.101579 0.000000
0.434294 0.034436 0.077311 0.000000
0.331899 -0.320264 0.209785 0.000000
0.414318 -0.958368 0.559964 0.000000
0.631909 -0.170584 0.100029 0.000000
0.311717 -0.936887 0.206700 0.000000
0.258486 -0.088250 0.140703 0.000000
0.343963 -0.831629 0.217648 0.000000
0.177208 -0.258550 0.164890 0.000000
0.333180 -0.382575 0.194802 0.000000
0.374210 -0.873051 0.440010 0.000000
0.308031 -0.950699 0.237347 0.000000
0.313918 -0.852097 0.216311 0.000000
0.205172 -0.131781 0.412215 0.000000
0.276813 -1.058355 0.267930 0.000000
0.327508 -0.610179 0.195010 0.000000
0.197402 -0.155628 0.433742 0.000000
0.233441 -0.069838 0.366381 0.000000
0.400568 0.092352 0.043621 0.000000
0.337256 0.236069 0.170067 0.000000
0.374008 -0.820203 0.409396 0.000000
0.264603 -1.025134 0.238108 0.000000
0.430653 -0.994488 0.204619 1.000000
0.343765 -0.480463 0.192562 0.000000
0.446899 0.139715 0.130720 0.000000
0.399947 -0.931515 0.499666 0.000000
0.453261 -1.043980 0.183041 1.000000
0.414000 0.188048 0.104449 0.000000
0.186945 -0.257391 0.547750 0.000000
0.456425 -0.043043 0.185926 0.000000
0.328899 -0.493483 0.199845 0.000000
0.356041 -0.896434 0.204060 1.000000
0.293883 0.048081 0.293523 0.000000
0.188772 -0.188798 0.470229 0.000000
0.578788 -1.285452 0.118236 1.000000
0.296050 -0.092835 0.036744 0.000000
0.298450 -0.071531 0.017759 0.000000
0.017570 -0.455368 0.148936 0.000000
0.245144 -0.117901 0.143730 0.000000
0.295347 -0.020081 0.175494 0.000000
0.387976 -0.948325 0.228763 1.000000
-0.115845 -0.578454 0.122950 0.000000
0.293064 -0.994433 0.222001 0.000000
0.536554 -0.209997 0.167460 0.000000
0.300272 -0.967310 0.216526 0.000000
0.356692 -0.437704 0.249373 0.000000
0.384976 -0.899143 0.470367 0.000000
0.340745 -0.347787 0.192419 0.000000
0.102678 -0.349627 0.174110 0.000000
0.323455 0.116607 0.253682 0.000000
0.483476 -0.017963 0.148343 0.000000
0.266020 -0.145515 -0.000669 0.000000
0.545660 -1.231536 0.131645 1.000000
0.303321 -0.892406 0.237217 0.000000
0.337712 -0.850789 0.222579 0.000000
0.186929 -0.251944 0.164663 0.000000
0.301691 -1.052857 0.208440 0.000000
0.348317 0.268922 0.180529 0.000000
0.481624 -0.003227 0.141812 0.000000
0.525778 -0.215485 0.162852 0.000000
0.318786 -0.894345 0.211423 0.000000
0.304170 -0.919561 0.245305 0.000000
0.312366 0.035332 0.170450 0.000000
0.392499 0.018355 0.267477 0.000000
0.116851 -0.344904 0.167780 0.000000
0.520661 -1.166124 0.151646 1.000000
0.557868 -1.245124 0.129036 1.000000
0.512901 -0.199122 -0.010696 0.000000
0.327176 -0.919560 0.223865 0.000000
0.325294 -0.872602 0.214554 0.000000
0.344740 0.235160 0.096631 0.000000
0.440068 -0.978437 0.612769 0.000000
0.134746 -0.273392 0.163272 0.000000
0.317774 -0.941438 0.216794 0.000000
0.543274 -1.190173 0.153128 1.000000
0.404182 0.301729 0.183550 0.000000
0.283687 -1.052597 0.248742 0.000000
0.333977 -0.815299 0.209613 0.000000
0.328397 -1.001739 0.224983 0.000000
0.390939 0.252910 0.112730 0.000000
0.617876 -0.155502 0.109128 0.000000
0.330129 -0.548658 0.190994 0.000000
0.388299 0.042236 0.026599 0.000000
0.326653 -0.427857 0.184437 0.000000
0.337990 -0.341744 0.218474 0.000000
0.284202 -1.017476 0.249703 0.000000
0.386631 -0.917395 0.502353 0.000000
0.341183 0.391157 0.130312 0.000000
0.337750 -0.563071 0.196106 0.000000
0.334847 -0.628194 0.200361 0.000000
0.506182 -0.270717 -0.065368 0.000000
0.363441 -0.070682 0.283946 0.000000
0.387668 0.016988 -0.002412 0.000000
0.368229 -0.723823 0.361859 0.000000
0.524251 -0.110336 0.113959 0.000000
0.388601 0.375039 0.153656 0.000000
0.366195 0.388747 0.119365 0.000000
0.311533 -1.031765 0.228259 0.000000
0.314434 -0.902391 0.241981 0.000000
0.215283 -0.201804 0.161150 0.000000
0.469729 -1.097379 0.173678 1.000000
0.565262 -1.236329 0.135007 1.000000
0.414712 0.186862 0.177383 0.000000
0.332631 -0.000473 0.178326 0.000000
0.427974 0.066394 0.080982 0.000000
0.343138 0.166340 0.239285 0.000000
0.346655 0.249654 0.190385 0.000000
0.362432 -0.553201 0.290743 0.000000
0.334779 -0.524789 0.195582 0.000000
0.344212 0.209741 0.093655 0.000000
0.343797 -0.835659 0.206764 0.000000
0.296969 -0.979080 0.232155 0.000000
0.432330 -0.015495 0.315098 0.000000
0.369667 -0.574481 0.313733 0.000000
0.369214 -0.040152 0.262396 0.000000
0.395833 0.379172 0.160907 0.000000
0.437122 0.122899 0.168669 0.000000
0.228772 -0.174860 0.161738 0.000000
0.348986 -0.454371 0.268879 0.000000
0.402765 0.077040 0.228593 0.000000
0.405473 -0.939470 0.494629 0.000000
0.218229 -0.125556 0.400572 0.000000
0.399420 0.141473 0.068385 0.000000
0.389471 0.350757 0.142545 0.000000
0.341539 0.116606 0.151066 0.000000
0.332109 -0.282826 0.185691 0.000000
0.452570 0.031903 0.118921 0.000000
0.436158 -0.081508 0.225995 0.000000
0.260235 -0.153277 -0.004763 0.000000
0.326347 -0.807218 0.204452 0.000000
0.329636 0.253960 0.164037 0.000000
0.332926 -0.416810 0.194807 0.000000
0.316428 0.130383 0.236523 0.000000
0.308630 -1.083562 0.227581 0.000000
0.418494 -0.002443 0.305761 0.000000
0.358656 -0.506563 0.265339 0.000000
0.405871 -0.952641 0.542006 0.000000
0.337633 -0.404473 0.182503 0.000000
0.436347 -0.094692 0.239167 0.000000
0.359433 -0.443687 0.233694 0.000000
0.336687 -0.641374 0.202424 0.000000
0.458012 -0.027102 0.190773 0.000000
0.332961 -0.310635 0.195610 0.000000
0.410547 0.179051 0.122503 0.000000
0.336843 0.382498 0.158416 0.000000
0.406866 0.221525 0.171138 0.000000
0.452849 -0.009817 0.187156 0.000000
0.081289 -0.239583 -0.051410 0.000000
0.444989 -1.028516 0.194226 1.000000
0.337011 0.312790 0.166591 0.000000
0.327393 0.249454 0.101358 0.000000
0.433144 0.174568 0.169519 0.000000
0.398573 0.108371 0.220859 0.000000
0.526014 -0.150124 0.153390 0.000000
0.393925 0.472236 0.119363 0.000000
0.332118 0.189510 0.169507 0.000000
0.340632 0.371513 0.122393 0.000000
0.507257 -0.062184 0.142382 0.000000
0.164573 -0.218449 -0.037244 0.000000
0.267693 -1.066762 0.241457 0.000000
0.304108 -0.999564 0.226103 0.000000
0.385809 0.017331 0.247854 0.000000
0.394263 0.214757 0.090734 0.000000
0.187591 -0.214407 0.152040 0.000000
0.341632 0.266198 0.195259 0.000000
0.300280 -1.070936 0.226359 0.000000
0.276297 -0.058984 0.157726 0.000000
0.208802 -0.159993 0.422548 0.000000
0.430222 0.151543 0.122696 0.000000
0.360051 -0.540989 0.277283 0.000000
0.332525 0.061530 0.066381 0.000000
0.324731 -1.163246 0.239576 0.000000
0.083676 -0.375920 0.164164 0.000000
0.388283 0.415617 0.148127 0.000000
0.343837 0.220562 0.199625 0.000000
0.339447 0.187640 0.087666 0.000000
0.371145 -0.057166 0.274218 0.000000
0.207152 -0.110414 0.399358 0.000000
0.240755 -0.139292 0.155895 0.000000
0.437895 0.047060 0.198596 0.000000
0.523548 -0.196031 0.135613 0.000000
0.378202 -0.004434 -0.006826 0.000000
0.555280 -1.204507 0.144350 1.000000
0.368302 0.406024 0.120742 0.000000
0.337711 0.230016 0.215373 0.000000
0.329586 0.203445 0.106916 0.000000
0.395349 0.356380 0.126469 0.000000
0.323782 -0.178593 0.191651 0.000000
0.434741 0.067154 0.196566 0.000000
0.349621 -0.410437 0.231449 0.000000
0.607861 -1.324215 0.115852 1.000000
0.367416 -0.656554 0.330247 0.000000
0.331757 0.105514 0.175872 0.000000
0.511674 -0.092557 0.112652 0.000000
0.340607 0.366066 0.166503 0.000000
0.323734 0.138046 0.177041 0.000000
0.301276 -0.925327 0.229086 0.000000
0.153883 -0.268453 0.163867 0.000000
0.339155 -0.709305 0.204056 0.000000
0.373741 -0.620219 0.324217 0.000000
0.469360 -0.023531 0.356561 0.000000
0.521519 -0.178642 0.159848 0.000000
0.319235 0.036242 0.177880 0.000000
0.374442 -0.939678 0.186064 1.000000
0.352766 -0.477502 0.253799 0.000000
0.418686 0.152189 0.185013 0.000000
0.255552 -0.009518 0.328784 0.000000
0.213526 -0.143641 0.412096 0.000000
0.377276 -0.938879 0.219581 1.000000
0.303470 -0.998662 0.215332 0.000000
0.386301 -0.792111 0.396636 0.000000
0.352031 -0.628754 0.306606 0.000000
0.435816 0.056317 0.206746 0.000000
0.338526 0.302503 0.161497 0.000000
0.377535 -0.934598 0.199413 1.000000
-0.004865 -0.476853 0.146110 0.000000
0.334865 0.200041 0.174623 0.000000
0.398920 0.262306 0.169489 0.000000
0.379552 0.430450 0.148077 0.000000
0.601207 -1.294456 0.124737 1.000000
0.276074 -0.953593 0.231335 0.000000
0.497167 -0.126174 0.038416 0.000000
0.445235 -0.013783 0.335152 0.000000
0.318077 -0.920131 0.202521 0.000000
0.034496 -0.425722 0.174020 0.000000
0.416585 0.176634 0.178638 0.000000
0.425703 0.070995 0.095440 0.000000
0.493362 -1.132110 0.160093 1.000000
0.405298 -0.947653 0.550561 0.000000
0.386893 0.339356 0.140666 0.000000
0.294690 -1.150143 0.226395 0.000000
0.021411 -0.441919 0.164147 0.000000
0.328074 0.166423 0.173391 0.000000
0.367957 -0.925933 0.219495 1.000000
0.343124 0.344172 0.111616 0.000000
0.320146 0.209559 0.114834 0.000000
0.326280 -0.662349 0.197811 0.000000
0.430626 0.108802 0.089238 0.000000
0.406399 0.313851 0.156128 0.000000
0.330298 -0.169156 0.186823 0.000000
0.290758 -1.060157 0.236083 0.000000
0.347656 -0.438177 0.243725 0.000000
0.335161 -0.764169 0.207715 0.000000
0.324725 -0.095884 0.189288 0.000000
0.375344 0.450406 0.149511 0.000000
0.237342 -0.156312 0.163124 0.000000
0.341660 0.284881 0.185502 0.000000
0.311027 -0.902533 0.231158 0.000000
0.455097 -1.061901 0.177982 1.000000
0.261650 -0.104496 0.172636 0.000000
0.250576 -0.057483 0.350562 0.000000
0.331257 -0.860981 0.211172 0.000000
0.452962 -1.032479 0.199756 1.000000
0.327434 -0.241996 0.196205 0.000000
0.366879 -0.736288 0.364970 0.000000
0.447941 -1.044121 0.174640 1.000000
0.495327 -0.138068 0.169285 0.000000
0.321309 -0.309710 0.191099 0.000000
0.392617 0.074262 0.226791 0.000000
0.360866 0.062323 0.206484 0.000000
0.112958 -0.332424 0.171941 0.000000
0.331894 -0.363182 0.238516 0.000000
0.364129 -0.569932 0.298333 0.000000
0.300792 -1.079363 0.241740 0.000000
0.177882 -0.272896 0.167875 0.000000
0.338776 -0.397633 0.190249 0.000000
0.307021 -0.052878 0.035401 0.000000
0.416293 -0.969015 0.576941 0.000000
0.296051 -0.963439 0.251525 0.000000
0.560598 -0.135328 0.112441 0.000000
0.424776 -0.115853 0.243779 0.000000
0.333435 0.158686 0.082932 0.000000
0.285479 -0.933924 0.228350 0.000000
0.269142 -0.077742 0.165784 0.000000
0.381849 -0.029628 -0.013347 0.000000
0.473648 0.017291 0.141946 0.000000
0.279291 -1.063681 0.259105 0.000000
0.301174 -1.040888 0.209507 0.000000
0.380330 0.452938 0.132248 0.000000
0.313571 -0.891805 0.219749 0.000000
0.343647 -0.454719 0.187145 0.000000
0.327267 -0.224089 0.185739 0.000000
0.365021 -0.914109 0.199084 1.000000
0.335010 -0.462805 0.200515 0.000000
0.237229 -0.129495 0.147401 0.000000
0.322488 0.059028 0.068453 0.000000
0.409559 0.192736 0.121211 0.000000
0.187765 -0.244024 0.539155 0.000000
0.319962 0.026272 0.155034 0.000000
0.314620 0.022971 0.057404 0.000000
0.339088 -0.275160 0.199642 0.000000
0.371725 -0.684131 0.344579 0.000000
0.284223 -0.937198 0.238392 0.000000
0.188312 -0.175417 0.459638 0.000000
0.293753 -1.045857 0.221565 0.000000
0.274574 -1.092542 0.247204 0.000000
0.486580 -0.107920 0.049752 0.000000
0.483246 -0.029834 0.107918 0.000000
0.447826 0.009110 0.183710 0.000000
0.307529 -0.960892 0.216991 0.000000
0.351648 0.305278 0.168986 0.000000
0.473697 -1.081947 0.169065 1.000000
0.467173 0.007199 0.113649 0.000000
0.402539 0.322744 0.156318 0.000000
0.082524 -0.366663 0.173705 0.000000
0.340867 -0.624642 0.207055 0.000000
0.074284 -0.394101 0.166065 0.000000
0.400699 -0.942114 0.522302 0.000000
0.346005 -0.657795 0.202763 0.000000
0.339060 -0.541677 0.208598 0.000000
0.370928 -0.922908 0.174805 1.000000
0.199361 -0.209616 0.159138 0.000000
0.357016 -0.895413 0.222715 1.000000
0.180078 -0.273971 0.578575 0.000000
0.382055 0.367053 0.151736 0.000000
0.483192 -0.116993 0.046190 0.000000
0.200139 -0.225250 0.163411 0.000000
-0.085453 -0.557154 0.134475 0.000000
0.359053 -0.584805 0.289023 0.000000
0.282251 -0.986826 0.241334 0.000000
0.437908 -0.979486 0.593471 0.000000
0.431046 -1.010710 0.171116 1.000000
0.277305 -1.025912 0.271078 0.000000
0.457281 0.041596 0.117205 0.000000
0.387984 0.024484 0.256589 0.000000
0.346272 -0.400852 0.238865 0.000000
0.039565 -0.405836 0.174807 0.000000
0.380911 -0.662103 0.341504 0.000000
0.329030 0.109286 0.164463 0.000000
0.369340 0.370842 0.118403 0.000000
-0.018145 -0.489880 0.139707 0.000000
0.009874 -0.466288 0.149250 0.000000
0.435510 0.063983 0.187377 0.000000
0.337541 -0.600957 0.198358 0.000000
0.419221 0.228967 0.124401 0.000000
0.333362 0.084343 0.173640 0.000000
0.082536 -0.351415 0.176676 0.000000
0.287338 -0.918196 0.227002 0.000000
0.358149 -0.466217 0.244491 0.000000
0.333959 -0.448160 0.188232 0.000000
0.339834 0.362251 0.119125 0.000000
0.345017 -0.323588 0.204076 0.000000
0.338757 0.190330 0.209587 0.000000
0.468143 -0.069712 0.065056 0.000000
0.336287 -0.319944 0.193559 0.000000
0.323810 0.122243 0.071423 0.000000
0.385244 -0.008249 -0.000128 0.000000
0.328523 0.144148 0.071215 0.000000
0.386902 0.284631 0.121222 0.000000
0.437787 -1.027132 0.176256 1.000000
0.523694 -0.198830 0.157403 0.000000
0.507019 -1.146576 0.153524 1.000000
0.339507 0.251967 0.161720 0.000000
0.506929 -0.236457 -0.048430 0.000000
0.299578 -1.143523 0.214485 0.000000
0.503425 -0.252007 -0.059039 0.000000
0.353025 -0.339358 0.208586 0.000000
0.279019 -1.050553 0.240283 0.000000
0.309016 -0.880072 0.220480 0.000000
0.320037 -0.901748 0.217260 0.000000
0.360013 -0.498894 0.247423 0.000000
0.271494 -1.129730 0.290543 0.000000
0.335101 -0.737988 0.207316 0.000000
0.327646 0.128488 0.162461 0.000000
0.330246 -0.982299 0.224512 0.000000
0.385691 0.392754 0.126678 0.000000
0.360797 -0.432370 0.230979 0.000000
0.279913 -0.124505 -0.000642 0.000000
0.343069 0.422127 0.152625 0.000000
0.330933 -0.785253 0.217110 0.000000
0.510691 -0.207921 -0.024653 0.000000
0.337933 -0.367165 0.230404 0.000000
0.384397 -0.896329 0.460557 0.000000
-0.067731 -0.530838 0.148559 0.000000
0.286231 0.034510 0.301134 0.000000
0.356637 -0.523276 0.283373 0.000000
0.396614 0.248827 0.200146 0.000000
0.388610 -0.800683 0.403999 0.000000
0.311444 -1.074221 0.231502 0.000000
0.447170 0.001107 0.220504 0.000000
0.418437 -1.008929 0.183777 1.000000
0.402479 0.387208 0.153087 0.000000
0.335733 -0.693947 0.205147 0.000000
-0.047502 -0.516308 0.130731 0.000000
0.327003 -0.455458 0.190708 0.000000
0.294758 -1.098921 0.235021 0.000000
0.366531 -0.625276 0.317365 0.000000
0.329470 0.116114 0.179402 0.000000
0.331066 -0.919915 0.213085 0.000000
0.337964 -0.539543 0.197619 0.000000
0.390844 0.310208 0.181971 0.000000
0.328823 0.234418 0.103038 0.000000
0.334921 -0.289148 0.194832 0.000000
0.406214 -0.923526 0.481971 0.000000
0.352628 0.450977 0.144145 0.000000
0.379057 -0.714514 0.360565 0.000000
0.439473 0.009552 0.076962 0.000000
0.363212 -0.520525 0.297665 0.000000
0.211355 -0.217251 0.166396 0.000000
0.386899 0.350091 0.151811 0.000000
0.449216 0.015500 0.085487 0.000000
0.508345 -1.129566 0.167783 1.000000
0.383898 0.486291 0.119679 0.000000
0.333575 -0.206541 0.185886 0.000000
0.339721 -0.453201 0.202265 0.000000
0.306865 -0.998499 0.235779 0.000000
0.556651 -1.250889 0.136344 1.000000
0.312838 -0.864051 0.231174 0.000000
0.302629 -1.016482 0.235598 0.000000
0.297999 0.059660 0.279793 0.000000
0.536414 -1.204019 0.140814 1.000000
0.553946 -0.123733 0.118778 0.000000
0.428116 0.209187 0.127491 0.000000
0.438078 0.190815 0.123849 0.000000
0.501924 -1.117234 0.171833 1.000000
0.397307 0.387393 0.127839 0.000000
-0.060307 -0.522544 0.140972 0.000000
0.562224 -1.254274 0.127269 1.000000
0.273242 -1.023168 0.235098 0.000000
0.445744 0.050139 0.191727 0.000000
0.318861 -0.921780 0.220208 0.000000
0.327214 0.091970 0.166706 0.000000
0.526500 -1.155976 0.160833 1.000000
0.278721 0.021397 0.304396 0.000000
0.385217 0.412492 0.137800 0.000000
0.362338 -0.671874 0.334841 0.000000
0.332265 -0.353043 0.194390 0.000000
0.345934 -0.372385 0.225728 0.000000
0.270359 -0.135365 0.000045 0.000000
0.297714 -1.094277 0.208923 0.000000
0.375234 0.474119 0.148421 0.000000
0.341168 -0.848740 0.211725 0.000000
0.394437 0.212220 0.107062 0.000000
0.321588 -1.043725 0.229571 0.000000
0.292755 -0.088082 0.029091 0.000000
0.538592 -1.165229 0.157502 1.000000
0.320620 -1.026150 0.228657 0.000000
0.427211 -0.082080 0.228528 0.000000
0.425288 -0.998908 0.197384 1.000000
0.613012 -1.333224 0.117465 1.000000
0.241145 -1.105201 0.252402 0.000000
0.445753 0.089509 0.124576 0.000000
0.468385 0.046079 0.137295 0.000000
0.317657 -0.929469 0.227128 0.000000
0.432807 -1.008165 0.190799 1.000000
0.325498 -0.151330 0.182932 0.000000
0.052945 -0.399059 0.172168 0.000000
0.292307 -0.984965 0.250865 0.000000
0.428694 0.081649 0.202082 0.000000
0.248287 -0.025574 0.337510 0.000000
0.328130 -0.603949 0.206707 0.000000
0.334101 -0.470156 0.194940 0.000000
0.322540 0.183228 0.115871 0.000000
0.332121 -0.434116 0.191634 0.000000
0.338079 -0.356601 0.225022 0.000000
0.437604 0.162189 0.127651 0.000000
0.372036 -0.043581 -0.029839 0.000000
0.325312 -0.487747 0.191972 0.000000
0.504516 -0.056180 0.153557 0.000000
0.376456 0.460514 0.149151 0.000000
0.496809 -0.045513 0.143516 0.000000
0.534761 -1.217673 0.136141 1.000000
0.345154 -0.737780 0.208574 0.000000
0.329805 -0.095947 0.178704 0.000000
0.339945 0.210543 0.218146 0.000000
0.343938 0.253336 0.198865 0.000000
0.310682 0.099387 0.253622 0.000000
0.299696 -0.013848 0.053466 0.000000
0.325497 -0.321641 0.195294 0.000000
0.361474 -0.537653 0.263486 0.000000
0.523350 -0.246590 0.175250 0.000000
0.362305 -0.794519 0.393694 0.000000
0.455348 -0.012849 0.350984 0.000000
0.313827 -1.075241 0.242823 0.000000
0.331958 0.170549 0.217350 0.000000
0.340396 -0.822746 0.216765 0.000000
0.498382 -0.155931 0.023350 0.000000
0.470356 -0.058082 0.193993 0.000000
0.447926 0.119443 0.130059 0.000000
0.337731 -0.371661 0.192877 0.000000
0.385367 0.375716 0.123516 0.000000
0.281986 -0.963664 0.235067 0.000000
0.241937 -0.061817 0.359380 0.000000
0.345884 -0.421132 0.257089 0.000000
0.393656 0.057745 0.026601 0.000000
0.515383 -1.174039 0.141317 1.000000
0.224508 -0.189918 0.163975 0.000000
-0.074414 -0.544609 0.140330 0.000000
0.316862 -0.974046 0.222773 0.000000
0.046988 -0.429350 0.161852 0.000000
0.136865 -0.224744 -0.044185 0.000000
0.396719 0.205296 0.214117 0.000000
0.583866 -1.262457 0.127187 1.000000
0.282855 -1.114611 0.251525 0.000000
0.132564 -0.330810 0.163980 0.000000
0.481720 0.012448 0.135261 0.000000
0.385427 -0.858521 0.434426 0.000000
0.397274 -0.207172 0.297955 0.000000
0.345016 -0.335130 0.210456 0.000000
0.419661 -1.010776 0.172569 1.000000
-0.030128 -0.495396 0.145425 0.000000
0.391940 0.342433 0.125085 0.000000
0.337733 0.169053 0.232003 0.000000
0.565972 -1.265917 0.125323 1.000000
0.510071 -0.160121 0.155773 0.000000
0.329255 -0.205520 0.196321 0.000000
0.328377 -1.158459 0.250686 0.000000
0.373188 0.043869 0.230243 0.000000
0.532216 -0.231399 0.171559 0.000000
0.335835 -0.615505 0.204250 0.000000
-0.076092 -0.541952 0.125386 0.000000
0.145720 -0.287131 0.168038 0.000000
0.426057 0.129519 0.184481 0.000000
0.361170 -0.532527 0.282321 0.000000
0.582132 -1.275820 0.123252 1.000000
0.277453 -0.057543 0.166764 0.000000
0.331506 -0.161526 0.195198 0.000000
0.323358 0.220266 0.113527 0.000000
0.190991 -0.206103 -0.032383 0.000000
0.303483 0.086588 0.260766 0.000000
0.312306 -1.142561 0.243419 0.000000
0.333605 -0.342284 0.195684 0.000000
0.495863 -0.063392 0.113667 0.000000
0.314547 -1.128108 0.234803 0.000000
0.421307 0.172273 0.104938 0.000000
0.532667 -0.167721 0.151647 0.000000
0.406066 -0.941159 0.514283 0.000000
0.387528 0.420192 0.132764 0.000000
0.333891 -0.577533 0.201872 0.000000
0.392462 0.295394 0.158452 0.000000
0.444442 0.001608 0.076344 0.000000
0.331742 -0.361152 0.187264 0.000000
0.398415 -0.962817 0.186138 1.000000
0.313621 -1.092706 0.237729 0.000000
0.362420 0.299099 0.103163 0.000000
0.337143 -0.251825 0.194011 0.000000
0.306219 0.001876 0.053393 0.000000
0.592017 -1.282106 0.120829 1.000000
0.479242 -1.075598 0.152439 1.000000
0.325771 -0.394022 0.194428 0.000000
0.385168 -0.881484 0.450789 0.000000
0.328835 0.142264 0.169905 0.000000
0.322243 0.128269 0.174296 0.000000
0.344175 -0.893148 0.227267 0.000000
0.438948 -0.011664 0.328545 0.000000
0.336179 -0.496026 0.181940 0.000000
0.326695 -0.219311 0.197889 0.000000
0.305000 -0.911720 0.232905 0.000000
0.121537 -0.310455 0.171758 0.000000
0.307543 0.007832 0.176243 0.000000
0.403686 0.467413 0.117638 0.000000
0.378995 -0.005734 0.246418 0.000000
0.510460 -0.079330 0.110256 0.000000
0.465849 0.063385 0.136214 0.000000
0.328935 -0.531758 0.186817 0.000000
0.330396 -0.763648 0.215447 0.000000
0.329008 0.041528 0.177255 0.000000
0.381252 -0.940804 0.205274 1.000000
0.400037 -0.888357 0.457988 0.000000
0.254999 -0.037766 0.345234 0.000000
0.185703 -0.242933 0.547868 0.000000
0.134778 -0.312689 0.168515 0.000000
0.331560 -0.139389 0.190629 0.000000
0.441892 0.060591 0.180712 0.000000
0.086573 -0.342391 0.176660 0.000000
0.326074 0.040976 0.060929 0.000000
0.322009 0.009470 0.174387 0.000000
0.346151 0.310465 0.163241 0.000000
0.313812 -0.980443 0.228316 0.000000
0.476989 -0.025324 0.112544 0.000000
0.410473 0.148559 0.102840 0.000000
0.608352 -1.310900 0.117248 1.000000
0.409631 -0.964569 0.555464 0.000000
0.453511 0.131339 0.125288 0.000000
0.296815 -1.064089 0.220738 0.000000
0.302235 -0.008156 0.153746 0.000000
0.079590 -0.246589 -0.044106 0.000000
0.464743 0.020031 0.141632 0.000000
0.320918 -1.087658 0.231102 0.000000
0.110063 -0.350719 0.168328 0.000000
0.410933 0.249199 0.165785 0.000000
0.533326 -0.185170 0.162592 0.000000
0.404757 -0.954474 0.529923 0.000000
0.273370 -1.129528 0.250780 0.000000
0.471614 -1.067435 0.184365 1.000000
0.278868 -1.010760 0.269747 0.000000
0.527285 -0.259533 0.182483 0.000000
0.436721 -0.073975 0.230775 0.000000
0.260084 -1.051643 0.236850 0.000000
0.497430 -1.123470 0.155212 1.000000
0.441026 0.013299 0.198918 0.000000
0.389710 -0.952367 0.213622 1.000000
0.373551 -0.028287 -0.025518 0.000000
0.303893 -1.057880 0.220813 0.000000
0.435216 -0.065609 0.220396 0.000000
0.020057 -0.451572 0.157531 0.000000
0.293596 -1.079392 0.234049 0.000000
0.487354 -1.096245 0.162337 1.000000
0.415704 -0.169175 0.270404 0.000000
0.405033 -0.198899 0.300165 0.000000
-0.062529 -0.528707 0.126038 0.000000
0.398387 0.263180 0.109735 0.000000
0.315437 -0.961793 0.212985 0.000000
0.340817 0.239585 0.207868 0.000000
0.265328 0.004362 0.319970 0.000000
0.330325 -0.329437 0.215917 0.000000
0.356624 -0.523285 0.262506 0.000000
0.425956 0.145363 0.184713 0.000000
0.346912 0.233269 0.185597 0.000000
0.368823 -0.604706 0.313322 0.000000
0.331513 -0.193971 0.186093 0.000000
0.319166 -0.883987 0.197631 0.000000
0.396133 0.168341 0.077680 0.000000
0.328473 0.100319 0.073592 0.000000
-0.009460 -0.468833 0.158514 0.000000
0.073579 -0.367678 0.175674 0.000000
0.330667 -0.233754 0.192114 0.000000
0.181413 -0.264068 0.554555 0.000000
0.416523 0.190865 0.133266 0.000000
0.032637 -0.439094 0.159422 0.000000
0.304860 -1.068920 0.234227 0.000000
0.454403 0.093396 0.136144 0.000000
0.622553 -1.328438 0.111131 1.000000
0.404293 0.174209 0.109060 0.000000
0.355211 -0.445809 0.242786 0.000000
0.214390 -0.116570 0.398402 0.000000
0.399034 0.231060 0.104247 0.000000
0.401727 0.010009 0.293666 0.000000
0.395495 -0.953540 0.182857 1.000000
0.344334 -0.547558 0.196428 0.000000
0.401338 -0.962657 0.173622 1.000000
0.373521 0.451437 0.113567 0.000000
0.446517 -0.011081 0.220900 0.000000
0.302674 -0.942817 0.238678 0.000000
0.364730 -0.916373 0.186260 1.000000
0.337868 -0.596988 0.206859 0.000000
0.512670 -0.097415 0.140646 0.000000
0.372927 -0.566560 0.309559 0.000000
0.296093 -0.071351 0.034955 0.000000
0.328917 -0.374830 0.194651 0.000000
0.335420 0.148179 0.128504 0.000000
0.320643 0.102348 0.264454 0.000000
0.394372 -0.829135 0.420887 0.000000
0.429835 0.195246 0.130303 0.000000
0.294082 0.085831 0.252724 0.000000
0.289346 -1.073888 0.243560 0.000000
0.335789 -0.405763 0.251591 0.000000
0.336503 -0.786560 0.200429 0.000000
0.439058 0.038932 0.201821 0.000000
0.327475 -0.756098 0.201545 0.000000
0.333972 0.245793 0.158717 0.000000
0.451214 -1.055369 0.167857 1.000000
0.493440 -0.072487 0.116217 0.000000
0.215276 -0.191116 -0.033263 0.000000
0.349328 0.153650 0.120991 0.000000
0.335457 -0.548301 0.198004 0.000000
0.232021 -0.094807 0.379614 0.000000
0.401068 -0.907093 0.468793 0.000000
0.327549 -0.696887 0.198965 0.000000
0.420532 -0.965220 0.565349 0.000000
0.444283 -1.030509 0.165953 1.000000
0.262291 -0.089333 0.157815 0.000000
0.331230 0.072694 0.169690 0.000000
0.435542 0.026263 0.081987 0.000000
0.383350 0.030292 0.239969 0.000000
0.300379 -1.056403 0.234568 0.000000
0.518497 -0.108895 0.148910 0.000000
0.263368 -1.129508 0.241974 0.000000
0.440427 -0.036856 0.218238 0.000000
0.307248 0.019381 0.165201 0.000000
0.320655 -1.115589 0.240270 0.000000
0.391389 0.295747 0.121302 0.000000
0.483572 -1.090108 0.174729 1.000000
0.333086 0.167210 0.085009 0.000000
0.394603 0.401530 0.144975 0.000000
0.396871 -0.919348 0.487735 0.000000
0.212984 -0.105948 0.393530 0.000000
0.412868 -0.004529 0.288865 0.000000
0.346149 0.407062 0.155309 0.000000
0.406688 0.297995 0.160392 0.000000
0.351337 0.384464 0.122002 0.000000
0.297664 -0.990228 0.235423 0.000000
0.324830 0.160359 0.123226 0.000000
0.310358 -0.044820 0.034599 0.000000
0.489829 -0.002603 0.129786 0.000000
0.377685 -0.612002 0.327150 0.000000
0.336918 -0.177240 0.189597 0.000000
0.332660 0.257903 0.171240 0.000000
0.309406 -1.091945 0.230100 0.000000
0.327393 0.023266 0.057054 0.000000
0.407529 0.194566 0.108474 0.000000
0.335589 0.133803 0.171075 0.000000
0.330194 -0.890727 0.218441 0.000000
0.143284 -0.278442 0.164752 0.000000
0.379920 0.388385 0.145881 0.000000
0.356150 -0.475201 0.261774 0.000000
0.333898 0.152813 0.241131 0.000000
0.334486 -0.793664 0.209678 0.000000
0.306820 -0.015892 0.044897 0.000000
0.338876 -0.266105 0.186272 0.000000
0.321481 0.093057 0.173192 0.000000
0.335274 -0.831764 0.218418 0.000000
0.273731 -1.042513 0.266410 0.000000
0.287378 -0.111210 0.024726 0.000000
0.398686 -0.785424 0.397228 0.000000
0.314151 -0.886054 0.237729 0.000000
0.388097 0.030540 0.020455 0.000000
0.352778 0.416835 0.150461 0.000000
0.349442 0.259906 0.113071 0.000000
0.276824 -1.007789 0.237716 0.000000
0.310777 0.017278 0.173619 0.000000
0.405245 0.275596 0.119188 0.000000
0.287823 -0.033797 0.164331 0.000000
0.255997 -1.019172 0.243158 0.000000
0.296895 -0.917562 0.225490 0.000000
0.287336 -1.063998 0.252966 0.000000
0.427087 0.095053 0.192410 0.000000
0.333365 -0.744319 0.200457 0.000000
0.415735 0.236934 0.124462 0.000000
0.407348 -0.179330 0.284454 0.000000
0.553623 -1.227590 0.136627 1.000000
0.375045 0.463575 0.130814 0.000000
0.327711 -0.341746 0.226347 0.000000
0.406116 -0.178348 0.272638 0.000000
0.395014 0.036145 0.241732 0.000000
0.185449 -0.241323 0.162552 0.000000
0.341756 -0.749403 0.202172 0.000000
0.498542 -0.141395 0.029869 0.000000
0.317967 -0.848897 0.225907 0.000000
0.312203 0.108548 0.245388 0.000000
0.281097 -0.056696 0.142889 0.000000
0.346707 0.443316 0.156770 0.000000
0.425546 -1.003666 0.171804 1.000000
0.444894 -1.044107 0.185306 1.000000
0.473940 -0.100193 0.051697 0.000000
0.354097 -0.393463 0.220379 0.000000
0.101883 -0.318336 0.173631 0.000000
0.332163 -0.123262 0.182735 0.000000
0.332067 -0.512689 0.203395 0.000000
0.190073 -0.195095 0.476030 0.000000
0.504279 -0.076090 0.156395 0.000000
0.383660 0.446277 0.148529 0.000000
0.487586 -0.125633 0.042141 0.000000
0.375951 0.036600 0.249893 0.000000
0.282379 -1.044046 0.248582 0.000000
0.436376 0.096271 0.184571 0.000000
0.056209 -0.386808 0.175667 0.000000
0.367111 -0.580732 0.304047 0.000000
0.344152 -0.404409 0.246452 0.000000
0.442890 0.021825 0.213963 0.000000
0.414094 -0.953013 0.528164 0.000000
0.298672 -0.881818 0.220655 0.000000
0.396290 0.331694 0.160344 0.000000
0.368259 0.434107 0.124341 0.000000
0.329549 -0.258990 0.195065 0.000000
0.300747 -0.077532 0.023508 0.000000
0.376665 -0.053658 -0.027983 0.000000
0.417638 0.109078 0.098896 0.000000
0.390677 0.106159 0.050647 0.000000
0.510277 -1.174252 0.152911 1.000000
0.422513 -0.981660 0.587132 0.000000
0.405711 -0.817424 0.416917 0.000000
0.026374 -0.419528 0.174480 0.000000
0.338613 -0.652096 0.199807 0.000000
0.172880 -0.266081 0.165105 0.000000
0.416322 0.160437 0.184380 0.000000
0.294021 -1.086778 0.214104 0.000000
0.443728 0.071977 0.182955 0.000000
0.328788 -0.048255 0.186097 0.000000
0.337835 0.137379 0.134707 0.000000
0.388547 0.274973 0.120781 0.000000
0.341517 0.333206 0.158995 0.000000
0.514114 -1.148522 0.157969 1.000000
0.482148 -0.037867 0.112756 0.000000
-0.023940 -0.490522 0.156392 0.000000
0.387875 0.329258 0.152191 0.000000
0.331371 0.232603 0.159116 0.000000
0.253493 -0.160577 -0.017140 0.000000
-0.051123 -0.507989 0.139146 0.000000
0.324842 -0.016523 0.174278 0.000000
0.162008 -0.263215 0.162621 0.000000
0.333877 0.357922 0.123521 0.000000
0.009653 -0.443098 0.169405 0.000000
-0.014985 -0.482187 0.147704 0.000000
0.433678 0.134271 0.126707 0.000000
0.288574 -0.961561 0.244561 0.000000
0.338736 -0.626190 0.192028 0.000000
0.321333 0.191576 0.114362 0.000000
0.427092 0.159957 0.172949 0.000000
0.445794 -1.033950 0.182723 1.000000
0.385360 0.290347 0.127402 0.000000
0.405022 0.219736 0.204341 0.000000
0.359309 -0.522627 0.273595 0.000000
-0.108614 -0.576031 0.128287 0.000000
0.291772 -1.086331 0.229394 0.000000
0.541016 -0.116046 0.117292 0.000000
0.283670 -0.047493 0.154561 0.000000
0.443652 0.059139 0.190396 0.000000
0.270152 -0.011768 0.334907 0.000000
0.345247 -0.713607 0.209913 0.000000
0.440906 -0.052930 0.224549 0.000000
-0.126154 -0.591584 0.129479 0.000000
0.312456 0.023963 0.180037 0.000000
0.264396 -0.086043 0.178155 0.000000
0.572648 -1.279790 0.120034 1.000000
0.318684 0.052742 0.063616 0.000000
0.347738 0.242936 0.094762 0.000000
0.069004 -0.375389 0.171834 0.000000
0.374744 -0.676282 0.343087 0.000000
0.340424 -0.463699 0.190437 0.000000
0.344735 0.235132 0.105286 0.000000
0.510825 -0.082227 0.137560 0.000000
0.393751 0.078506 0.038008 0.000000
0.379716 0.032616 0.256504 0.000000
0.319772 -0.007921 0.180905 0.000000
0.328530 -0.474268 0.199925 0.000000
0.397525 0.239338 0.098705 0.000000
0.498974 -0.157130 0.159525 0.000000
0.358118 -0.498885 0.257444 0.000000
0.339566 -0.281903 0.192446 0.000000
0.319213 -0.006436 0.045658 0.000000
0.320894 0.030827 0.168343 0.000000
0.339440 0.320958 0.154875 0.000000
0.391170 -0.781114 0.396215 0.000000
0.359662 -0.527440 0.293441 0.000000
0.345761 0.211946 0.102014 0.000000
0.328599 -0.113352 0.190647 0.000000
0.326950 -0.363729 0.198362 0.000000
0.432479 0.080317 0.077804 0.000000
0.276801 -1.065902 0.244584 0.000000
0.340830 0.374221 0.157374 0.000000
0.350946 -0.355435 0.214885 0.000000
0.333453 0.157806 0.123533 0.000000
0.461385 0.094277 0.130631 0.000000
0.385662 -0.018083 0.250252 0.000000
0.336837 -0.384867 0.182819 0.000000
0.281205 -1.034174 0.244691 0.000000
0.402326 -0.863249 0.441502 0.000000
0.335172 0.084524 0.071937 0.000000
0.572720 -1.237744 0.138795 1.000000
0.324804 -0.311615 0.212251 0.000000
0.337906 0.198352 0.232345 0.000000
0.319132 -0.944826 0.207118 0.000000
0.261898 -0.094488 0.168856 0.000000
0.371150 -0.927990 0.210184 1.000000
0.347603 0.201112 0.095606 0.000000
0.351321 0.392775 0.162226 0.000000
0.389225 -0.904874 0.477465 0.000000
0.392530 0.030983 0.008326 0.000000
0.314156 -0.912706 0.216038 0.000000
0.352710 0.448090 0.152105 0.000000
0.147215 -0.220782 -0.041297 0.000000
0.338188 -0.858762 0.225385 0.000000
0.335419 -0.380353 0.236615 0.000000
0.299275 -1.010473 0.204389 0.000000
0.341398 0.325859 0.105822 0.000000
0.430431 -0.984734 0.599331 0.000000
0.343745 0.094369 0.172691 0.000000
0.449131 0.061165 0.124788 0.000000
0.330787 -0.873674 0.221006 0.000000
0.339790 -0.419630 0.185649 0.000000
0.333419 -0.311470 0.204989 0.000000
0.312968 -0.941280 0.231454 0.000000
0.354245 -0.450477 0.253185 0.000000
0.393934 0.361813 0.166396 0.000000
0.320598 -1.107111 0.237979 0.000000
0.347658 0.471726 0.147300 0.000000
0.274717 -0.995788 0.234178 0.000000
0.532327 -1.170787 0.160087 1.000000
0.422148 0.156944 0.095735 0.000000
0.492898 -1.114677 0.159426 1.000000
0.422497 -0.001765 0.320187 0.000000
0.313230 -1.120007 0.237777 0.000000
0.341669 0.241360 0.199416 0.000000
0.298312 -1.015139 0.217421 0.000000
0.078671 -0.382666 0.169289 0.000000
0.513584 -0.089588 0.151909 0.000000
0.428235 0.144778 0.176126 0.000000
0.063107 -0.400980 0.167194 0.000000
0.102414 -0.334953 0.173334 0.000000
0.359402 0.290207 0.108476 0.000000
0.229537 -0.191771 -0.022049 0.000000
0.399329 0.123832 0.226386 0.000000
0.367083 -0.562067 0.298935 0.000000
0.349316 -0.886073 0.212806 1.000000
0.326597 -0.588985 0.197752 0.000000
0.338992 -0.756000 0.209513 0.000000
0.269555 -0.152867 0.005439 0.000000
0.337579 -0.685902 0.203508 0.000000
0.413540 0.000644 0.299701 0.000000
0.521631 -0.102036 0.114483 0.000000
0.329926 -0.706360 0.205273 0.000000
0.270444 -1.053710 0.270860 0.000000
0.331578 0.287824 0.101214 0.000000
0.279703 -0.122252 0.019900 0.000000
0.423675 0.119131 0.121674 0.000000
0.331772 -0.632980 0.192474 0.000000
0.231490 -0.146314 0.143936 0.000000
0.414207 -0.142441 0.255270 0.000000
0.375994 0.043098 0.222363 0.000000
-0.004936 -0.458384 0.169301 0.000000
0.334839 -0.772828 0.207929 0.000000
0.468842 0.015587 0.148689 0.000000
0.522745 -0.038953 0.401032 0.000000
0.478024 -1.098840 0.167598 1.000000
0.296428 -0.894631 0.232996 0.000000
0.461427 0.023944 0.149039 0.000000
0.375094 -0.737449 0.368689 0.000000
0.371461 -0.047434 0.276230 0.000000
0.394903 0.157681 0.073145 0.000000
0.481862 0.029332 0.135222 0.000000
0.503289 -0.147031 0.160988 0.000000
0.442330 -0.000235 0.207555 0.000000
0.559987 -0.046812 0.428767 0.000000
0.472608 -1.091289 0.167601 1.000000
0.202362 -0.198521 -0.031954 0.000000
0.399335 0.166202 0.219781 0.000000
0.297779 -1.037330 0.222668 0.000000
0.426420 0.110147 0.189024 0.000000
0.328949 -0.855302 0.217651 0.000000
0.451407 -0.018728 0.339452 0.000000
0.404810 0.189619 0.209311 0.000000
0.337833 -0.820533 0.204356 0.000000
0.421992 -0.128638 0.249549 0.000000
0.376050 0.335370 0.116284 0.000000
0.396900 0.387119 0.145112 0.000000
0.303240 0.000248 0.155567 0.000000
0.188172 -0.228847 0.520383 0.000000
0.397850 0.373169 0.153506 0.000000
0.095743 -0.341075 0.171553 0.000000
0.329221 -0.685657 0.199511 0.000000
0.344024 -0.682190 0.207435 0.000000
0.514648 -1.133600 0.171477 1.000000
0.315905 -0.871593 0.215623 0.000000
0.314132 -0.964629 0.222445 0.000000
0.384799 -0.000921 -0.010535 0.000000
0.439234 -1.025681 0.187477 1.000000
0.346869 -0.429967 0.242483 0.000000
0.119748 -0.229085 -0.048433 0.000000
0.446306 -0.012367 0.069265 0.000000
0.332485 -0.659648 0.202678 0.000000
0.353117 -0.904460 0.208455 1.000000
0.481367 -1.061993 0.192172 1.000000
0.280743 -0.972764 0.236004 0.000000
0.530538 -1.198044 0.144925 1.000000
0.463820 -1.069717 0.167357 1.000000
0.340617 -0.515224 0.186905 0.000000
0.365989 -0.534974 0.288649 0.000000
0.365062 0.054534 0.220048 0.000000
0.243551 -0.010765 0.328917 0.000000
0.292765 -0.059662 0.045004 0.000000
0.329652 -0.267746 0.193267 0.000000
0.201276 -0.185885 0.142901 0.000000
0.390391 -0.929977 0.498664 0.000000
0.397956 -0.963195 0.203232 1.000000
0.226795 -0.168473 0.155960 0.000000
0.236482 -0.159013 0.155306 0.000000
0.346909 0.455574 0.150010 0.000000
0.369981 0.464793 0.123932 0.000000
0.387679 -0.694343 0.355817 0.000000
0.474648 -0.009175 0.105927 0.000000
0.436503 0.050753 0.190964 0.000000
0.369817 -0.611664 0.324290 0.000000
0.166526 -0.248320 0.159081 0.000000
0.504624 -0.074476 0.118424 0.000000
0.448850 0.148759 0.124946 0.000000
0.405087 0.251013 0.171394 0.000000
0.404234 0.279439 0.161877 0.000000
0.187485 -0.237462 0.532982 0.000000
0.306539 -1.037562 0.219270 0.000000
-0.088358 -0.545448 0.133285 0.000000
0.356935 -0.900170 0.189408 1.000000
0.502189 -0.055178 0.137852 0.000000
0.551637 -1.191703 0.150628 1.000000
0.055245 -0.413020 0.165363 0.000000
0.382229 0.307129 0.118421 0.000000
0.432210 -0.115135 0.247458 0.000000
0.331072 0.217418 0.166532 0.000000
0.353107 0.260354 0.099229 0.000000
0.095643 -0.355079 0.169668 0.000000
0.343405 0.318862 0.165807 0.000000
0.285973 -1.083326 0.255092 0.000000
0.330548 -0.722728 0.205502 0.000000
0.436843 0.109499 0.123491 0.000000
0.324710 -0.044937 0.178613 0.000000
0.293752 -0.996915 0.260754 0.000000
-0.020867 -0.480858 0.155346 0.000000
0.434952 -1.000333 0.208593 1.000000
0.074917 -0.385984 0.161730 0.000000
0.323827 0.236803 0.110208 0.000000
0.462849 -0.019756 0.351793 0.000000
0.340328 -0.839716 0.224112 0.000000
0.495371 -1.124430 0.168361 1.000000
0.345180 -0.881128 0.223110 0.000000
0.476214 -1.088460 0.159060 1.000000
0.366926 0.436725 0.115214 0.000000
0.333706 0.172088 0.162364 0.000000
0.356903 -0.506002 0.286594 0.000000
0.377585 -0.883032 0.457538 0.000000
0.294299 -1.010908 0.223828 0.000000
0.513540 -0.112574 0.141752 0.000000
0.237472 -0.132806 0.139518 0.000000
0.522140 -0.252925 0.183937 0.000000
0.336572 -0.677673 0.203837 0.000000
0.101453 -0.241308 -0.047754 0.000000
0.335705 -0.496328 0.203527 0.000000
0.280042 -0.948529 0.241188 0.000000
0.400049 -0.964164 0.213210 1.000000
0.370576 0.349578 0.121887 0.000000
0.092828 -0.239614 -0.047270 0.000000
0.271718 -0.070459 0.171264 0.000000
0.330116 0.162406 0.218298 0.000000
0.312758 -0.903186 0.211149 0.000000
0.398380 0.234671 0.206062 0.000000
0.371200 -0.637942 0.326706 0.000000
0.332667 -0.512898 0.182414 0.000000
0.335664 -0.491444 0.195663 0.000000
0.305805 0.003904 0.164080 0.000000
0.354670 -0.892061 0.211111 1.000000
0.313096 -0.860802 0.215176 0.000000
-0.043842 -0.506397 0.143858 0.000000
0.311769 0.039428 0.059527 0.000000
0.527486 -0.189872 0.144004 0.000000
0.310271 -0.976909 0.216866 0.000000
0.333771 -0.458462 0.184925 0.000000
0.291717 -1.089268 0.246080 0.000000
0.399585 0.186460 0.215654 0.000000
0.382706 -0.706048 0.360512 0.000000
0.380028 -0.652824 0.343842 0.000000
0.458229 -0.035274 0.188977 0.000000
0.370346 0.054473 0.208922 0.000000
0.292867 -0.930469 0.229110 0.000000
0.385478 0.296260 0.154153 0.000000
0.321128 0.008533 0.052072 0.000000
0.338327 -0.300787 0.189382 0.000000
0.350319 0.286889 0.175365 0.000000
0.329009 0.267353 0.103983 0.000000
0.343469 0.287469 0.164419 0.000000
0.550392 -1.241813 0.129370 1.000000
0.290780 -0.921346 0.239078 0.000000
0.321696 -0.189966 0.191209 0.000000
0.268222 0.025398 0.303836 0.000000
0.379211 -0.834172 0.418370 0.000000
0.332626 -0.410679 0.186475 0.000000
0.323501 0.126543 0.242823 0.000000
0.327562 0.011441 0.184915 0.000000
0.267720 -1.083446 0.238661 0.000000
0.279838 -1.086944 0.249967 0.000000
0.360562 -0.558841 0.282987 0.000000
0.087419 -0.356604 0.172694 0.000000
0.302507 -0.964955 0.208180 0.000000
0.330506 -0.890701 0.209721 0.000000
0.306185 0.073619 0.277610 0.000000
0.289201 0.058283 0.280887 0.000000
0.426150 -0.998308 0.210247 1.000000
0.488527 -0.032078 0.146772 0.000000
0.295245 -0.028062 0.049939 0.000000
0.247465 -0.127409 0.161597 0.000000
0.295758 -0.015600 0.182289 0.000000
0.392254 0.313302 0.131604 0.000000
0.386827 0.330200 0.137422 0.000000
0.453956 -1.054944 0.183332 1.000000
0.400088 0.187594 0.088730 0.000000
0.350464 0.432867 0.148688 0.000000
0.462690 -0.043150 0.192478 0.000000
0.291733 -0.952533 0.238757 0.000000
0.221586 -0.096460 0.384104 0.000000
0.346483 0.171084 0.094398 0.000000
0.309669 -0.969165 0.213800 0.000000
0.208183 -0.128600 0.405044 0.000000
0.348925 0.111317 0.152857 0.000000
0.390052 0.406708 0.149870 0.000000
0.360809 -0.543404 0.297263 0.000000
0.328855 0.076694 0.176359 0.000000
0.336784 0.174568 0.077234 0.000000
0.332079 -0.638172 0.210743 0.000000
0.332177 -0.139270 0.181492 0.000000
0.476739 -0.102797 0.178726 0.000000
0.258324 -0.020116 0.335488 0.000000
0.342218 0.226874 0.209206 0.000000
0.351102 -0.418480 0.236128 0.000000
0.385235 0.432131 0.130311 0.000000
0.348277 0.082101 0.182125 0.000000
0.518241 -0.271997 0.189024 0.000000
0.444702 0.045294 0.184228 0.000000
0.391175 -0.954369 0.198635 1.000000
0.420399 0.100932 0.088630 0.000000
0.465958 -0.004501 0.112778 0.000000
0.335242 0.168317 0.170111 0.000000
0.266458 -1.041655 0.245733 0.000000
0.497668 -0.054119 0.112539 0.000000
0.298935 -0.991435 0.226706 0.000000
0.512122 -1.160339 0.149311 1.000000
0.329424 -0.452070 0.197652 0.000000
0.346485 -0.334553 0.200944 0.000000
0.377414 -0.882350 0.444239 0.000000
0.342046 0.157156 0.089713 0.000000
0.484473 -0.129978 0.173156 0.000000
0.355459 0.078315 0.185140 0.000000
0.289772 -1.027700 0.239816 0.000000
0.363899 -0.684866 0.338824 0.000000
0.292204 -1.072188 0.210346 0.000000
0.293289 0.041282 0.297862 0.000000
0.399140 0.324240 0.163499 0.000000
0.423288 0.199002 0.124133 0.000000
0.277827 -0.960933 0.228445 0.000000
0.192912 -0.226007 0.159879 0.000000
0.354213 -0.429118 0.234347 0.000000
-0.069663 -0.533584 0.131878 0.000000
0.333205 0.220199 0.104755 0.000000
0.252591 -0.114112 0.159436 0.000000
0.267839 -1.100190 0.279395 0.000000
0.347312 0.382904 0.161066 0.000000
0.469153 -0.057435 0.067974 0.000000
0.267807 -1.061442 0.264682 0.000000
0.326558 -0.656592 0.208162 0.000000
0.306444 -0.919814 0.232675 0.000000
0.342674 -0.696753 0.201189 0.000000
0.292540 -0.075593 0.040816 0.000000
0.404605 0.235245 0.200364 0.000000
0.438388 -0.982721 0.606157 0.000000
0.188309 -0.202727 -0.040732 0.000000
0.297506 -1.099668 0.227254 0.000000
0.354834 0.105903 0.154595 0.000000
0.321028 0.017548 0.179290 0.000000
0.334365 0.209613 0.104114 0.000000
0.273752 -1.073305 0.243713 0.000000
0.334998 -0.837769 0.208175 0.000000
0.365953 -0.636164 0.320756 0.000000
0.181291 -0.258603 0.171829 0.000000
0.381759 -0.011103 -0.015980 0.000000
0.328576 -0.860109 0.203630 0.000000
0.348148 -0.684644 0.200297 0.000000
0.497449 -0.037542 0.134780 0.000000
0.204706 -0.152504 0.424053 0.000000
0.325451 -0.273335 0.189293 0.000000
0.359333 -0.579849 0.302207 0.000000
0.328148 -0.570237 0.202109 0.000000
0.234057 -0.047500 0.353546 0.000000
0.195173 -0.201262 0.485640 0.000000
0.187718 -0.160128 0.441902 0.000000
0.339476 -0.393840 0.248046 0.000000
0.312883 -1.103605 0.237628 0.000000
0.350249 -0.908206 0.224331 1.000000
0.404460 -0.193256 0.288296 0.000000
0.389702 0.009885 0.245658 0.000000
0.455869 0.119515 0.127621 0.000000
0.289361 -1.068092 0.237152 0.000000
0.502359 -0.069475 0.135725 0.000000
0.319628 -0.951777 0.222839 0.000000
0.453100 -0.034020 0.067867 0.000000
0.385041 -0.867648 0.440390 0.000000
0.417698 0.129433 0.098469 0.000000
0.330263 -0.814863 0.202472 0.000000
0.352940 0.458828 0.142578 0.000000
0.257090 -0.159365 -0.000620 0.000000
0.302804 -0.888457 0.224589 0.000000
0.162531 -0.210532 -0.037732 0.000000
0.336271 0.097293 0.075408 0.000000
0.462385 0.024956 0.115254 0.000000
0.403623 0.194262 0.178927 0.000000
0.344132 0.196067 0.208088 0.000000
0.324857 -0.019548 0.184961 0.000000
0.397664 0.247386 0.112832 0.000000
0.439434 0.030452 0.198006 0.000000
0.254986 -0.114461 0.171006 0.000000
0.415724 0.172781 0.095865 0.000000
0.437293 0.025702 0.071528 0.000000
0.329762 0.142581 0.080394 0.000000
0.473114 -1.076271 0.174662 1.000000
0.520804 -0.115955 0.155774 0.000000
0.308730 -0.993635 0.229720 0.000000
0.359500 -0.497370 0.279987 0.000000
0.449528 0.105466 0.132702 0.000000
0.398627 0.339085 0.122215 0.000000
0.332604 -0.877052 0.205759 0.000000
0.433746 -0.086198 0.234201 0.000000
0.409013 0.247594 0.116561 0.000000
0.244059 -0.125853 0.145449 0.000000
0.419726 0.243088 0.132836 0.000000
0.392922 0.280787 0.160921 0.000000
0.527609 -0.174413 0.156899 0.000000
-0.042383 -0.508017 0.152355 0.000000
0.339692 -0.856459 0.209190 0.000000
0.179682 -0.264433 0.570229 0.000000
0.473536 0.025912 0.139934 0.000000
0.336505 0.128683 0.255896 0.000000
0.410315 0.286744 0.121897 0.000000
0.337737 -0.608921 0.198143 0.000000
0.253666 -1.059937 0.240529 0.000000
0.332141 -0.280995 0.203129 0.000000
0.444616 -0.004449 0.063413 0.000000
0.315129 0.067434 0.064986 0.000000
0.354720 0.073108 0.194804 0.000000
0.437475 0.101274 0.169314 0.000000
0.355995 -0.491053 0.257234 0.000000
0.340544 -0.698906 0.212024 0.000000
0.300933 -0.949978 0.233823 0.000000
0.401976 -0.947933 0.536705 0.000000
0.325212 -0.831376 0.204377 0.000000
0.404323 0.160946 0.213738 0.000000
0.616226 -1.325914 0.120747 1.000000
0.348077 -0.878368 0.192552 1.000000
0.415298 -0.154117 0.257628 0.000000
0.369421 0.339728 0.115916 0.000000
0.332619 -0.392355 0.190770 0.000000
0.300540 -1.077136 0.219897 0.000000
0.363135 -0.919365 0.220416 1.000000
0.388191 0.018507 0.005799 0.000000
0.339935 0.300233 0.179347 0.000000
0.358466 -0.512029 0.274252 0.000000
0.328496 -0.460744 0.196484 0.000000
0.338487 -0.800042 0.218717 0.000000
0.326493 0.196470 0.109727 0.000000
0.199969 -0.197592 0.148860 0.000000
0.189356 -0.207209 0.489265 0.000000
0.570617 -1.221893 0.136842 1.000000
0.365431 -0.594581 0.306462 0.000000
0.509841 -0.191397 -0.012738 0.000000
0.620446 -0.164814 0.103837 0.000000
0.328218 0.141984 0.236272 0.000000
0.463437 -1.064953 0.183838 1.000000
0.385607 0.286303 0.113345 0.000000
0.326964 -0.032022 0.180166 0.000000
0.390332 -0.915397 0.489773 0.000000
0.410532 0.199351 0.126239 0.000000
0.288970 0.067951 0.271504 0.000000
0.530152 -1.181025 0.148264 1.000000
0.413061 -0.966123 0.562936 0.000000
0.395554 0.324359 0.128511 0.000000
0.306237 -0.911445 0.241249 0.000000
0.331661 0.182145 0.166531 0.000000
0.331627 -0.340149 0.203022 0.000000
0.340022 -0.770811 0.218923 0.000000
0.403860 0.240270 0.109216 0.000000
0.326290 -0.545176 0.196947 0.000000
0.398404 0.218219 0.208369 0.000000
0.348275 -0.365406 0.217413 0.000000
0.265435 -0.012037 0.328589 0.000000
0.357252 -0.904516 0.221299 1.000000
0.387680 0.392168 0.151293 0.000000
0.348771 0.251072 0.105659 0.000000
0.400455 0.145731 0.220790 0.000000
0.304351 -1.016534 0.225525 0.000000
0.379505 0.320420 0.122675 0.000000
0.342776 -0.634087 0.201347 0.000000
0.320353 -0.080757 0.182517 0.000000
0.328666 -0.481510 0.187912 0.000000
0.079425 -0.370817 0.179897 0.000000
0.350205 -0.465961 0.271473 0.000000
0.290821 -0.028886 0.175438 0.000000
0.333767 -0.051706 0.181083 0.000000
0.342290 0.207525 0.207665 0.000000
0.360621 -0.519973 0.289800 0.000000
0.354553 -0.483969 0.247971 0.000000
0.373751 -0.718518 0.364761 0.000000
0.331092 -0.427245 0.195951 0.000000
0.472946 -1.080984 0.152299 1.000000
0.499875 -0.263668 -0.070804 0.000000
0.327263 -0.603020 0.198242 0.000000
0.418734 -0.962057 0.574231 0.000000
0.379429 0.036002 0.234882 0.000000
0.332825 0.111785 0.170866 0.000000
0.388850 -0.003470 0.240342 0.000000
0.324019 -0.337372 0.194977 0.000000
0.326473 -0.904786 0.221977 0.000000
0.346098 0.218788 0.096816 0.000000
0.520230 -1.140631 0.171297 1.000000
0.312889 -0.001410 0.050907 0.000000
0.354887 -0.404917 0.229646 0.000000
0.369771 -0.787847 0.390677 0.000000
0.320518 -0.991560 0.221142 0.000000
0.375901 0.488360 0.125862 0.000000
0.329651 -0.072150 0.180587 0.000000
0.361717 -0.908867 0.189925 1.000000
0.329145 -0.642011 0.204427 0.000000
0.539899 -1.188302 0.146316 1.000000
0.284243 0.026972 0.303977 0.000000
0.400633 0.070175 0.029183 0.000000
0.326261 0.293155 0.105031 0.000000
0.361707 -0.902192 0.205325 1.000000
0.315955 -0.890365 0.229154 0.000000
0.344836 -0.791852 0.211718 0.000000
0.438153 -0.102222 0.242994 0.000000
0.196324 -0.206426 0.152170 0.000000
0.415656 -0.151120 0.266202 0.000000
0.047729 -0.405042 0.171121 0.000000
0.360751 -0.522797 0.255014 0.000000
0.344820 -0.568432 0.195088 0.000000
0.391013 0.131589 0.061022 0.000000
0.328518 -0.104690 0.185532 0.000000
0.320293 -0.917545 0.209602 0.000000
0.356761 -0.638608 0.318522 0.000000
0.335319 -0.414022 0.201691 0.000000
0.444383 0.169588 0.132241 0.000000
0.407689 -0.932249 0.499047 0.000000
0.330109 -0.789165 0.204350 0.000000
0.588936 -1.293197 0.125048 1.000000
0.445624 0.071523 0.120735 0.000000
0.338482 -0.350078 0.217748 0.000000
0.487702 -0.051032 0.113366 0.000000
0.341099 -0.733111 0.199915 0.000000
0.329213 -0.354629 0.227859 0.000000
0.246307 -0.043716 0.346112 0.000000
0.323778 -0.168817 0.193075 0.000000
0.219748 -0.108030 0.388203 0.000000
0.381128 -0.942506 0.212870 1.000000
0.336163 -0.329212 0.190622 0.000000
0.402770 0.305828 0.161340 0.000000
0.327096 -0.687890 0.208749 0.000000
0.327075 -0.418280 0.188487 0.000000
0.467523 -1.061405 0.177457 1.000000
0.403856 0.315926 0.124929 0.000000
0.476088 -0.001314 0.146922 0.000000
0.488129 -0.038090 0.156314 0.000000
0.207099 -0.172439 0.434604 0.000000
0.298163 -1.133160 0.227689 0.000000
0.436444 0.058369 0.086654 0.000000
0.422104 -0.997696 0.184965 1.000000
0.498081 -0.028284 0.382863 0.000000
0.398549 0.212421 0.099035 0.000000
0.471444 -0.087542 0.056037 0.000000
0.547448 -1.204346 0.143923 1.000000
0.159906 -0.281985 0.166472 0.000000
0.397400 0.256292 0.164833 0.000000
0.344153 0.204506 0.194508 0.000000
0.341346 -0.443275 0.182719 0.000000
0.372596 0.422691 0.115632 0.000000
0.525500 -0.152649 0.160703 0.000000
0.254381 0.005816 0.318222 0.000000
0.494056 -0.029970 0.138045 0.000000
0.628098 -1.342199 0.113082 1.000000
0.435198 0.064751 0.203921 0.000000
0.198932 -0.190544 0.460438 0.000000
0.399168 0.203751 0.094572 0.000000
0.306133 0.014192 0.055978 0.000000
0.328554 -0.501167 0.200761 0.000000
0.307706 0.093139 0.257098 0.000000
0.332712 -0.753665 0.214023 0.000000
0.022254 -0.430549 0.169347 0.000000
0.336360 -0.476198 0.190666 0.000000
0.344498 0.101525 0.165058 0.000000
0.280995 -0.993944 0.244174 0.000000
0.349574 0.300089 0.175195 0.000000
0.385304 -0.944031 0.184805 1.000000
0.519643 -0.236950 0.168936 0.000000
0.339342 -0.618151 0.190046 0.000000
0.300040 -1.039963 0.229573 0.000000
0.444413 -1.039426 0.169618 1.000000
0.345614 0.441148 0.148674 0.000000
0.273590 -0.134923 0.014052 0.000000
0.336339 -0.815216 0.217439 0.000000
0.316281 -0.988992 0.227066 0.000000
0.501447 -0.148327 0.024500 0.000000
0.252961 -0.045924 0.357168 0.000000
0.307219 -1.038099 0.226940 0.000000
0.381162 0.402313 0.151556 0.000000
0.422325 -0.003718 0.312723 0.000000
0.607423 -1.284579 0.120556 1.000000
0.527968 -0.164382 0.156774 0.000000
0.005028 -0.463054 0.154384 0.000000
0.341451 0.229088 0.192686 0.000000
0.398548 0.100036 0.048032 0.000000
0.272494 -1.078617 0.258527 0.000000
0.312007 0.030041 0.059017 0.000000
0.336559 0.260271 0.097360 0.000000
0.422592 -1.004671 0.178850 1.000000
0.326265 -0.066332 0.186864 0.000000
0.323450 -0.323479 0.208231 0.000000
0.248919 -0.053133 0.357327 0.000000
0.046723 -0.419185 0.165053 0.000000
0.369035 0.448056 0.123924 0.000000
0.331409 0.166599 0.241015 0.000000
0.372687 -0.924515 0.192477 1.000000
0.534624 -0.111110 0.117308 0.000000
0.348246 -0.418830 0.249219 0.000000
0.329204 -0.155949 0.188746 0.000000
0.399888 0.262033 0.196400 0.000000
0.330772 0.020820 0.174040 0.000000
0.452821 0.038399 0.123035 0.000000
0.522366 -0.153226 0.145910 0.000000
0.286774 -1.075401 0.253257 0.000000
0.393726 0.413992 0.153481 0.000000
0.376732 -0.586670 0.317628 0.000000
0.447555 0.023017 0.186199 0.000000
0.349181 0.369338 0.160682 0.000000
0.436699 0.181786 0.125804 0.000000
0.397367 -0.909488 0.478387 0.000000
0.328653 0.130514 0.170731 0.000000
0.460796 0.070665 0.135467 0.000000
0.463289 -0.061053 0.193724 0.000000
0.032450 -0.425507 0.164493 0.000000
0.334813 0.328513 0.108952 0.000000
0.322701 0.108777 0.070577 0.000000
0.397881 0.137520 0.227942 0.000000
0.482476 -0.010814 0.143679 0.000000
0.513804 -0.170750 0.152936 0.000000
0.340021 -0.483221 0.186380 0.000000
0.231824 -0.179880 -0.027589 0.000000
0.216270 -0.177448 0.145274 0.000000
0.366766 -0.527824 0.296522 0.000000
0.389558 0.330757 0.144868 0.000000
0.337235 0.212954 0.164203 0.000000
0.300516 -0.008602 0.169772 0.000000
0.317175 -1.038507 0.226112 0.000000
0.385335 0.008257 0.002318 0.000000
0.480852 -0.030118 0.363513 0.000000
0.411562 0.187816 0.128307 0.000000
0.006205 -0.450542 0.164442 0.000000
0.336499 -0.392961 0.240555 0.000000
0.194849 -0.198370 -0.030544 0.000000
0.233172 -0.084695 0.373888 0.000000
0.331050 0.349025 0.116418 0.000000
0.164082 -0.237588 0.154511 0.000000
0.395357 0.198091 0.209448 0.000000
0.353629 -0.451612 0.275542 0.000000
0.350681 -0.885661 0.227725 1.000000
0.361291 -0.544905 0.283946 0.000000
0.297498 0.075525 0.266658 0.000000
0.443671 -0.979753 0.598752 0.000000
0.269732 -1.048580 0.256052 0.000000
0.356563 0.078863 0.170861 0.000000
0.290295 -0.097864 0.024112 0.000000
0.240447 -0.029782 0.343558 0.000000
0.326632 -0.251940 0.194895 0.000000
0.339765 -0.575142 0.189278 0.000000
0.311358 -0.933498 0.225600 0.000000
0.239424 -0.174493 -0.021680 0.000000
0.372374 -0.032751 0.264812 0.000000
0.336310 -0.447962 0.195791 0.000000
0.334942 -0.377333 0.245986 0.000000
0.424151 0.224417 0.129226 0.000000
0.387397 0.024309 0.245228 0.000000
0.393445 0.190114 0.093648 0.000000
0.435468 0.060966 0.074866 0.000000
-0.102897 -0.561556 0.128181 0.000000
0.344172 -0.718941 0.204470 0.000000
0.491142 -0.049833 0.106250 0.000000
0.328711 -0.129687 0.190437 0.000000
0.477920 -1.071995 0.187085 1.000000
0.329476 -0.563352 0.190866 0.000000
0.295962 -1.010892 0.235046 0.000000
0.376942 0.444805 0.143493 0.000000
0.464627 -0.073930 0.058428 0.000000
0.336769 0.184286 0.229141 0.000000
0.336617 0.176880 0.217928 0.000000
0.342658 0.387377 0.157043 0.000000
0.379300 0.477541 0.132982 0.000000
0.284237 -0.042079 0.148631 0.000000
0.545843 -1.195929 0.148109 1.000000
0.337551 -0.555124 0.193934 0.000000
0.430701 -0.100570 0.238949 0.000000
0.422008 0.137992 0.186212 0.000000
0.337642 0.200657 0.093200 0.000000
0.364256 -0.614838 0.310889 0.000000
0.338874 -0.865722 0.216441 0.000000
0.394044 0.053028 0.232943 0.000000
0.292944 -0.910552 0.230954 0.000000
0.356260 -0.469975 0.274409 0.000000
0.530440 -0.244127 0.176367 0.000000
0.177536 -0.239495 0.158687 0.000000
0.418618 0.191488 0.172816 0.000000
0.177193 -0.212228 -0.036799 0.000000
0.527920 -0.206032 0.123904 0.000000
0.330709 -0.181166 0.195834 0.000000
0.638458 -0.167290 0.098103 0.000000
0.399426 0.116032 0.218455 0.000000
0.388655 0.356556 0.165013 0.000000
0.475310 0.038365 0.132546 0.000000
0.452609 -0.002442 0.188897 0.000000
0.281715 0.009858 0.318795 0.000000
0.293339 -0.022624 0.160334 0.000000
0.427438 0.067775 0.088400 0.000000
0.318251 -0.856339 0.227230 0.000000
0.441233 -0.003597 0.071372 0.000000
0.332263 -0.372129 0.231039 0.000000
0.308668 -0.863690 0.221097 0.000000
0.272899 0.013668 0.313198 0.000000
0.417017 0.228836 0.166086 0.000000
0.365328 -0.720405 0.355773 0.000000
0.300917 -1.061643 0.227394 0.000000
0.347758 0.415362 0.119558 0.000000
0.312882 -1.064902 0.237628 0.000000
0.440367 -0.012501 0.321176 0.000000
0.335463 -0.405536 0.192171 0.000000
0.327414 0.361302 0.120717 0.000000
0.397190 -0.902458 0.462953 0.000000
0.411920 0.265508 0.121800 0.000000
0.338559 0.273027 0.196185 0.000000
0.470960 -0.018275 0.361733 0.000000
0.462855 0.104220 0.124380 0.000000
0.284702 -0.041947 0.163840 0.000000
0.333263 -0.364300 0.194196 0.000000
0.575448 -1.287914 0.127427 1.000000
0.324698 -0.334221 0.221659 0.000000
0.363409 -0.524330 0.280205 0.000000
0.583753 -1.290992 0.119453 1.000000
0.329633 -0.176665 0.186775 0.000000
0.438310 -0.036868 0.210343 0.000000
0.436414 0.093758 0.123041 0.000000
0.367341 0.352119 0.114622 0.000000
0.319098 -1.017682 0.235692 0.000000
0.333940 -0.479067 0.202030 0.000000
0.462946 0.035995 0.142796 0.000000
0.386846 0.405432 0.139853 0.000000
0.285259 -1.055831 0.242127 0.000000
0.428033 -0.976428 0.582476 0.000000
0.332375 -0.531546 0.199065 0.000000
0.337714 -0.808269 0.220291 0.000000
0.433130 -0.044380 0.217564 0.000000
0.337674 0.195795 0.216019 0.000000
0.338439 0.184093 0.110362 0.000000
0.374039 -0.624716 0.332282 0.000000
0.369895 0.424467 0.123961 0.000000
0.334991 -0.620861 0.198730 0.000000
0.280800 -1.078549 0.243880 0.000000
0.326565 0.307053 0.113378 0.000000
0.416842 0.137772 0.094587 0.000000
0.310990 0.036163 0.177786 0.000000
0.222942 -0.063476 0.371285 0.000000
0.351735 -0.890346 0.203174 1.000000
0.271122 -1.040290 0.237762 0.000000
0.329143 -0.582071 0.205511 0.000000
0.326188 0.262461 0.108926 0.000000
0.334872 -0.801081 0.200473 0.000000
0.340352 -0.258994 0.188781 0.000000
0.322715 0.081319 0.064829 0.000000
0.436424 -1.009178 0.204447 1.000000
0.385619 -0.624912 0.333154 0.000000
0.450581 0.056480 0.119075 0.000000
0.309297 -1.023322 0.237569 0.000000
0.394149 0.259035 0.119251 0.000000
0.241627 -0.016841 0.335531 0.000000
0.355411 0.272924 0.107956 0.000000
0.507253 -0.071754 0.148382 0.000000
0.501166 -1.129926 0.155831 1.000000
0.327674 0.158695 0.173188 0.000000
0.435291 0.079660 0.120413 0.000000
0.128469 -0.325193 0.167114 0.000000
0.340879 0.172365 0.089191 0.000000
0.434617 0.074583 0.197409 0.000000
0.398495 -0.937929 0.515557 0.000000
0.283368 0.053513 0.281650 0.000000
0.514630 -0.099410 0.113059 0.000000
0.195575 -0.170230 0.446124 0.000000
0.394393 -0.870809 0.444201 0.000000
0.475976 -1.066063 0.176867 1.000000
0.295979 -1.055867 0.212194 0.000000
0.292533 -1.041577 0.240424 0.000000
0.191391 -0.256159 0.556794 0.000000
0.335594 -0.571931 0.197117 0.000000
0.421955 0.159337 0.179512 0.000000
0.403883 0.125104 0.061721 0.000000
0.336938 0.125476 0.081043 0.000000
0.209991 -0.195766 0.155243 0.000000
0.512623 -0.205490 -0.017300 0.000000
0.395252 0.118527 0.057085 0.000000
0.325866 -0.002068 0.181137 0.000000
0.516676 -0.183991 0.144758 0.000000
0.428413 -0.129794 0.253159 0.000000
0.380717 -0.009749 0.252461 0.000000
0.259576 -0.016654 0.329005 0.000000
0.391122 -0.717404 0.367123 0.000000
0.353394 -0.396625 0.229420 0.000000
0.324634 0.166775 0.214306 0.000000
0.379363 0.398899 0.144823 0.000000
0.307882 -0.904514 0.239067 0.000000
0.389453 0.319311 0.127397 0.000000
0.479485 0.041474 0.125007 0.000000
0.393839 -0.770601 0.392567 0.000000
0.431300 0.136219 0.174570 0.000000
0.003356 -0.457376 0.165567 0.000000
0.327144 0.117895 0.260022 0.000000
0.233755 -0.171636 0.166229 0.000000
0.384227 -0.765924 0.386929 0.000000
0.333643 -0.440585 0.194983 0.000000
0.331093 -0.192067 0.194965 0.000000
0.300503 -1.051447 0.225478 0.000000
0.232016 -0.040561 0.351807 0.000000
0.392323 0.350069 0.123950 0.000000
0.334771 0.397579 0.129765 0.000000
0.336385 0.144133 0.172125 0.000000
0.339291 0.162878 0.120346 0.000000
0.372367 -0.058022 -0.033370 0.000000
0.466432 -1.079881 0.158830 1.000000
0.403410 0.225261 0.102701 0.000000
0.522968 -1.139360 0.160845 1.000000
0.036118 -0.432376 0.167412 0.000000
0.434553 -1.012425 0.184976 1.000000
0.157396 -0.252248 0.158885 0.000000
0.386369 0.305360 0.126683 0.000000
0.435552 0.155075 0.127169 0.000000
0.320613 -0.180702 0.185283 0.000000
0.380274 -0.035536 0.263929 0.000000
0.392742 0.296958 0.168912 0.000000
0.375270 0.344261 0.115447 0.000000
0.338709 -0.602696 0.190273 0.000000
0.430613 0.046108 0.077606 0.000000
0.304541 -0.930353 0.233448 0.000000
0.087148 -0.382361 0.165345 0.000000
0.338569 0.240920 0.164239 0.000000
0.392193 -0.930011 0.516617 0.000000
0.528996 -0.131021 0.156674 0.000000
0.390038 0.025859 0.236545 0.000000
0.457664 -0.055684 0.186166 0.000000
0.359122 -0.628575 0.309302 0.000000
0.613456 -1.296840 0.114956 1.000000
0.462307 -1.059506 0.164205 1.000000
0.519051 -0.123313 0.142796 0.000000
0.434635 0.130639 0.170770 0.000000
0.231347 -0.111682 0.386035 0.000000
-0.073565 -0.532139 0.137999 0.000000
0.428563 -0.984427 0.590829 0.000000
0.402181 0.007626 0.280571 0.000000
0.206161 -0.218339 0.161241 0.000000
0.390020 -0.957517 0.229976 1.000000
0.258196 0.007603 0.310547 0.000000
0.446622 -0.020455 0.066007 0.000000
0.329378 0.195765 0.164073 0.000000
0.394413 0.379007 0.127751 0.000000
0.334030 -0.317039 0.186303 0.000000
0.328224 -0.846894 0.217390 0.000000
0.337096 -0.701924 0.205797 0.000000
0.424284 0.125586 0.092845 0.000000
0.336434 0.339794 0.112125 0.000000
0.343891 0.429335 0.151236 0.000000
0.385493 -0.949242 0.191100 1.000000
0.323174 -0.196060 0.184785 0.000000
0.452464 -0.026143 0.071706 0.000000
0.309524 -0.895207 0.240081 0.000000
0.334864 -0.825222 0.209720 0.000000
0.310581 0.013701 0.161868 0.000000
0.443244 0.161762 0.132388 0.000000
0.311295 0.044858 0.065399 0.000000
0.355843 -0.539014 0.268051 0.000000
0.492280 -0.021791 0.137099 0.000000
0.425728 -1.006237 0.196684 1.000000
0.258287 -0.050309 0.351712 0.000000
0.271805 -1.050767 0.263191 0.000000
0.246872 -0.120165 0.151496 0.000000
0.269423 -1.069531 0.266723 0.000000
0.402827 0.153688 0.215586 0.000000
0.344149 -0.754461 0.217040 0.000000
0.122461 -0.295970 0.169236 0.000000
0.415774 0.180545 0.101524 0.000000
0.340240 -0.770882 0.202232 0.000000
0.400786 -0.927463 0.492912 0.000000
0.532387 -1.211088 0.133228 1.000000
0.375473 -0.042353 0.265571 0.000000
0.301195 -0.896032 0.226171 0.000000
0.395467 0.042580 0.013287 0.000000
0.398923 0.219974 0.095251 0.000000
0.420222 0.123784 0.195259 0.000000
0.376322 0.370288 0.116177 0.000000
0.316035 0.125270 0.231266 0.000000
0.299959 -1.049494 0.217619 0.000000
0.370633 -0.659528 0.337801 0.000000
0.341337 0.254655 0.208771 0.000000
0.440661 -0.985779 0.612426 0.000000
0.336224 -0.551425 0.185248 0.000000
0.430964 -0.113285 0.238661 0.000000
0.341209 0.303398 0.168265 0.000000
0.522403 -1.173221 0.148446 1.000000
0.522540 -0.130683 0.148942 0.000000
0.526406 -0.228360 0.168279 0.000000
0.431506 0.171461 0.124037 0.000000
0.335021 0.118544 0.153801 0.000000
0.329717 -0.335147 0.185283 0.000000
0.255385 -0.106709 0.158600 0.000000
0.338584 -0.739751 0.216185 0.000000
0.338971 -0.594695 0.189541 0.000000
0.392615 0.093949 0.227514 0.000000
0.315252 -1.082065 0.230322 0.000000
0.452912 -0.025458 0.336568 0.000000
0.509000 -0.175808 -0.000224 0.000000
0.516416 -0.077813 0.154396 0.000000
0.402257 0.193192 0.120996 0.000000
0.501760 -1.116162 0.164596 1.000000
0.398561 0.254839 0.196422 0.000000
0.338292 0.190730 0.081136 0.000000
0.298359 -1.023467 0.205755 0.000000
0.419906 -0.996104 0.172243 1.000000
0.319761 -0.976846 0.234216 0.000000
0.418229 0.148271 0.097147 0.000000
0.193571 -0.149190 0.433315 0.000000
0.352476 -0.471732 0.249170 0.000000
0.201882 -0.117598 0.406011 0.000000
0.442638 0.145924 0.130149 0.000000
0.471399 -0.009348 0.113364 0.000000
0.432679 0.144459 0.170333 0.000000
0.362571 0.347978 0.118848 0.000000
0.327443 -0.172615 0.181056 0.000000
0.426704 -1.012145 0.187499 1.000000
0.321552 -0.114522 0.185504 0.000000
0.318141 0.029217 0.179549 0.000000
0.283853 -1.014224 0.256231 0.000000
0.331229 -0.088724 0.188126 0.000000
0.186539 -0.244614 0.531861 0.000000
0.335504 -0.517545 0.193989 0.000000
0.322254 0.105723 0.168626 0.000000
0.316181 0.101830 0.258255 0.000000
0.104797 -0.357060 0.173707 0.000000
0.324220 -0.627984 0.197790 0.000000
0.315891 0.089475 0.271641 0.000000
0.227899 -0.184671 -0.022320 0.000000
0.423346 -0.969934 0.572762 0.000000
0.322689 0.281166 0.108046 0.000000
0.235566 -0.134542 0.152389 0.000000
0.433647 0.105679 0.178375 0.000000
0.333515 -0.217012 0.199034 0.000000
0.285557 0.016513 0.318199 0.000000
0.300857 -0.934774 0.213624 0.000000
0.423137 -0.004362 0.300485 0.000000
0.293067 -1.061507 0.248040 0.000000
0.319470 0.132282 0.228437 0.000000
0.316486 0.024328 0.161134 0.000000
0.385511 -0.921611 0.496078 0.000000
0.541232 -1.213075 0.137025 1.000000
0.336806 0.383039 0.128811 0.000000
0.314026 -0.977332 0.210140 0.000000
0.397516 -0.956544 0.174639 1.000000
0.352524 -0.449075 0.261579 0.000000
0.224391 -0.156172 0.142117 0.000000
0.432812 0.080832 0.192350 0.000000
0.435213 -1.026728 0.168839 1.000000
0.290136 -1.011697 0.249331 0.000000
0.277591 -0.055288 0.151549 0.000000
0.389484 -0.815651 0.416005 0.000000
0.390748 0.351165 0.159536 0.000000
0.373209 0.387998 0.121113 0.000000
0.351172 -0.895104 0.227134 1.000000
0.408849 -0.962117 0.545785 0.000000
0.507773 -0.160753 0.011052 0.000000
0.336580 -0.559619 0.207913 0.000000
0.394793 -0.696010 0.358389 0.000000
0.420422 0.131983 0.122516 0.000000
0.485230 -0.120656 0.181382 0.000000
0.302971 -0.058047 0.030878 0.000000
0.325767 -0.583970 0.192575 0.000000
0.281010 -1.100505 0.251925 0.000000
0.420968 -0.989614 0.210334 1.000000
0.347213 -0.421351 0.241537 0.000000
0.377563 0.442523 0.128896 0.000000
0.573848 -1.263657 0.125453 1.000000
0.379690 -0.903012 0.473480 0.000000
0.284040 -0.947814 0.228188 0.000000
0.186880 -0.250249 0.546497 0.000000
0.310481 0.053314 0.062307 0.000000
0.398897 0.302230 0.126561 0.000000
0.393263 0.284077 0.117797 0.000000
0.470798 -0.079230 0.186574 0.000000
0.390839 -0.955010 0.191430 1.000000
0.325103 0.167577 0.122731 0.000000
0.614281 -1.321160 0.114483 1.000000
0.351868 -0.895123 0.217382 1.000000
0.402944 0.323989 0.124079 0.000000
0.338946 0.294412 0.167432 0.000000
0.364228 0.461672 0.120845 0.000000
0.323059 -0.892054 0.216792 0.000000
0.338826 -0.433821 0.186707 0.000000
0.352936 0.099674 0.160187 0.000000
0.386000 -0.959655 0.221260 1.000000
0.397052 0.194018 0.087386 0.000000
0.324203 -0.058382 0.183612 0.000000
0.457210 0.082389 0.135195 0.000000
0.354689 -0.378864 0.221291 0.000000
0.235872 -0.063572 0.362899 0.000000
0.359238 -0.474873 0.251945 0.000000
0.413953 0.237110 0.166463 0.000000
0.524613 -0.095493 0.113796 0.000000
0.441593 0.075805 0.188696 0.000000
0.334980 0.189449 0.162876 0.000000
0.482803 0.004147 0.141243 0.000000
0.429484 0.189272 0.126171 0.000000
0.189638 -0.183999 0.464904 0.000000
0.342949 0.483551 0.148633 0.000000
0.327657 0.098052 0.171954 0.000000
0.408806 -0.171426 0.277034 0.000000
0.326585 -0.349706 0.189987 0.000000
0.331141 -0.559434 0.198008 0.000000
-0.051539 -0.520006 0.148292 0.000000
0.386038 0.420376 0.158781 0.000000
0.382366 0.473404 0.125227 0.000000
0.358478 0.285239 0.103328 0.000000
0.342967 0.342546 0.157266 0.000000
0.440034 -0.088565 0.238245 0.000000
0.394300 0.061840 0.227613 0.000000
0.333912 -0.399791 0.198292 0.000000
0.129562 -0.230591 -0.039355 0.000000
0.257449 -0.155901 -0.013339 0.000000
0.194610 -0.141863 0.427113 0.000000
0.371646 -0.649881 0.332070 0.000000
0.353650 0.122998 0.141140 0.000000
0.329597 0.004584 0.186839 0.000000
0.562726 -1.218288 0.139874 1.000000
0.324776 -0.925291 0.217942 0.000000
0.357931 -0.460804 0.254546 0.000000
0.460712 -1.052138 0.176644 1.000000
0.442969 0.013827 0.211118 0.000000
0.294792 -0.923125 0.231312 0.000000
0.223532 -0.063402 0.361184 0.000000
0.514942 -1.144896 0.164133 1.000000
0.398152 0.084056 0.231099 0.000000
0.328329 -0.080438 0.178711 0.000000
0.435068 0.089595 0.182226 0.000000
0.486328 -0.135782 0.038997 0.000000
0.321286 -0.155818 0.186779 0.000000
0.338170 -0.832076 0.211220 0.000000
0.349836 -0.457711 0.247600 0.000000
0.320970 -0.866902 0.213602 0.000000
0.468723 -0.097340 0.046731 0.000000
0.326854 -0.495194 0.192929 0.000000
0.326466 0.144861 0.228799 0.000000
0.332340 -0.248602 0.189739 0.000000
0.339267 -0.307182 0.195570 0.000000
0.399529 0.062448 0.033759 0.000000
0.507748 -0.258923 -0.059622 0.000000
0.578675 -0.141201 0.114085 0.000000
0.428746 -0.129026 0.245825 0.000000
0.297076 -0.043972 0.044801 0.000000
0.372239 -0.579301 0.308871 0.000000
0.247938 -0.167939 -0.012323 0.000000
0.373129 -0.827154 0.416766 0.000000
0.336629 -0.254773 0.200688 0.000000
0.439541 0.137888 0.128718 0.000000
0.473914 0.004949 0.110427 0.000000
0.349180 0.261762 0.180381 0.000000
0.286384 -0.111409 0.009172 0.000000
0.345188 0.358120 0.155960 0.000000
-0.036579 -0.498746 0.147941 0.000000
0.451297 -1.066877 0.174484 1.000000
0.326048 0.185440 0.169542 0.000000
0.401375 -0.899234 0.467803 0.000000
0.269517 -0.073866 0.159571 0.000000
0.251071 -0.108715 0.146559 0.000000
0.241909 -0.143332 0.161704 0.000000
0.294293 -1.082296 0.240990 0.000000
0.458500 -0.009384 0.193142 0.000000
0.286452 -1.007310 0.265365 0.000000
0.043917 -0.403279 0.179895 0.000000
0.452781 -1.032060 0.162497 1.000000
0.504036 -1.137469 0.164029 1.000000
0.357391 -0.909733 0.228756 1.000000
0.456156 0.059367 0.115648 0.000000
0.411167 0.003930 0.305594 0.000000
0.388132 0.317220 0.137675 0.000000
0.271037 0.031712 0.299951 0.000000
0.516002 -1.163586 0.143897 1.000000
0.304578 -0.008509 0.051259 0.000000
0.336720 -0.164008 0.190996 0.000000
-0.049487 -0.502745 0.149616 0.000000
0.371586 0.358471 0.118316 0.000000
0.321109 -1.076054 0.234105 0.000000
0.426514 0.098872 0.199535 0.000000
0.413062 0.217958 0.170799 0.000000
0.387869 0.065732 0.035355 0.000000
0.189337 -0.200542 0.480582 0.000000
0.275866 -0.130155 0.000971 0.000000
0.588971 -0.141650 0.116708 0.000000
0.395711 0.384125 0.154020 0.000000
0.442811 -1.038911 0.189739 1.000000
0.330568 -0.294693 0.193759 0.000000
0.392554 0.131874 0.225658 0.000000
0.372956 0.481185 0.117343 0.000000
0.367347 -0.665034 0.333240 0.000000
0.328612 0.132624 0.248229 0.000000
0.348188 0.132845 0.134310 0.000000
0.374744 -0.037322 -0.027793 0.000000
0.246799 -1.135974 0.248567 0.000000
0.442125 0.080172 0.122607 0.000000
0.211941 -0.096668 0.388376 0.000000
0.329406 -0.227383 0.197616 0.000000
0.459973 -1.069912 0.178051 1.000000
0.329332 -0.315841 0.192250 0.000000
0.442588 0.013535 0.087155 0.000000
0.414504 0.206800 0.171090 0.000000
0.357456 -0.498973 0.287508 0.000000
-0.104041 -0.567915 0.125049 0.000000
0.329427 -0.404646 0.183073 0.000000
0.442565 -0.990304 0.606230 0.000000
0.291295 -0.082468 0.035134 0.000000
0.402560 0.271657 0.167279 0.000000
0.529210 -0.179306 0.161794 0.000000
0.259924 0.014790 0.310832 0.000000
0.598258 -1.297368 0.117448 1.000000
0.389537 0.015777 0.241694 0.000000
0.397204 0.267978 0.163119 0.000000
0.477859 -0.023571 0.364989 0.000000
0.335295 -0.334508 0.215874 0.000000
0.485712 -0.016732 0.140731 0.000000
0.385348 0.036458 0.246040 0.000000
0.202629 -0.157791 0.429457 0.000000
0.395712 0.347058 0.170707 0.000000
0.340751 0.137057 0.086003 0.000000
0.379647 -0.893768 0.471741 0.000000
0.365437 -0.572116 0.306296 0.000000
0.332060 -0.669098 0.199868 0.000000
0.324840 -0.653130 0.201284 0.000000
0.290337 -1.062477 0.218351 0.000000
0.376340 0.416987 0.117607 0.000000
0.342582 -0.385632 0.239664 0.000000
0.328771 -0.818563 0.221748 0.000000
0.313222 -0.912119 0.239863 0.000000
0.533783 -1.193266 0.134980 1.000000
0.632271 -0.161497 0.100743 0.000000
0.391852 0.021977 0.250519 0.000000
0.326946 0.039435 0.159336 0.000000
0.419480 -0.972572 0.583732 0.000000
0.586610 -0.055570 0.451130 0.000000
0.407175 0.203964 0.175977 0.000000
0.316677 -0.881964 0.218217 0.000000
0.097559 -0.365801 0.167493 0.000000
0.339853 -0.538836 0.186117 0.000000
0.320501 -1.035507 0.235219 0.000000
0.376023 0.376739 0.120550 0.000000
0.335515 0.244354 0.213023 0.000000
0.436340 -0.975412 0.607406 0.000000
0.425135 0.147743 0.128992 0.000000
0.437210 -0.060870 0.225237 0.000000
0.384132 0.358414 0.143468 0.000000
0.384174 -0.016212 -0.001661 0.000000
0.440301 0.024425 0.202046 0.000000
0.234921 -0.149689 0.153365 0.000000
0.344287 0.351958 0.162890 0.000000
0.298846 -1.065256 0.234678 0.000000
0.039781 -0.414377 0.170193 0.000000
0.445187 -0.027841 0.218770 0.000000
0.306838 -0.996768 0.205548 0.000000
0.325436 0.086788 0.071067 0.000000
0.472593 0.035522 0.144550 0.000000
0.376866 -0.708090 0.357140 0.000000
0.273084 -1.047933 0.236106 0.000000
0.301757 -0.973921 0.218646 0.000000
0.615325 -1.311644 0.116609 1.000000
0.336720 0.303907 0.099296 0.000000
0.383910 -0.699006 0.362313 0.000000
0.503513 -0.069432 0.158548 0.000000
0.315548 -1.132977 0.239998 0.000000
0.248668 -0.060165 0.357190 0.000000
0.297642 -0.014301 0.159116 0.000000
0.373135 -0.934941 0.191096 1.000000
0.318262 0.052006 0.179807 0.000000
0.299153 -1.030795 0.213537 0.000000
0.400535 -0.955330 0.549941 0.000000
0.460957 0.101472 0.135213 0.000000
0.297928 -0.991894 0.216889 0.000000
0.231394 -0.185354 -0.014573 0.000000
0.260710 0.027983 0.302317 0.000000
0.087408 -0.369801 0.169743 0.000000
0.429513 0.120248 0.182542 0.000000
0.208877 -0.144785 0.417237 0.000000
0.406032 0.258827 0.120929 0.000000
0.278319 -1.057652 0.251290 0.000000
0.566838 -0.133748 0.115591 0.000000
0.475973 -0.017019 0.111444 0.000000
0.288035 -0.989702 0.253803 0.000000
0.398599 0.317256 0.163000 0.000000
0.505838 -1.121711 0.168103 1.000000
0.346859 -0.878653 0.202531 1.000000
0.378672 -0.025503 -0.021021 0.000000
0.335720 0.171071 0.117348 0.000000
0.333714 -0.803431 0.207634 0.000000
-0.080474 -0.543980 0.132403 0.000000
0.387991 0.041528 0.235883 0.000000
0.343178 0.204757 0.087364 0.000000
0.330529 -0.542080 0.188595 0.000000
0.366982 0.426175 0.113287 0.000000
0.294267 -1.063738 0.211779 0.000000
0.395604 0.148504 0.070481 0.000000
0.469812 0.052306 0.134414 0.000000
0.296463 -0.945690 0.237170 0.000000
0.378184 0.485740 0.146659 0.000000
0.338173 0.100032 0.161553 0.000000
0.074874 -0.242393 -0.051284 0.000000
0.391538 0.145426 0.063317 0.000000
0.342995 -0.583192 0.195949 0.000000
0.341361 -0.774857 0.209567 0.000000
0.342177 -0.804618 0.206629 0.000000
0.289300 0.029240 0.308383 0.000000
0.367047 -0.499978 0.285105 0.000000
0.309310 -1.004853 0.234183 0.000000
0.318947 0.113952 0.249043 0.000000
0.270112 -0.083290 0.172276 0.000000
0.305699 -1.017520 0.214243 0.000000
0.458562 -0.046171 0.064079 0.000000
0.330958 -0.596204 0.195653 0.000000
0.275024 -1.087718 0.283066 0.000000
-0.015269 -0.469633 0.153105 0.000000
0.344500 -0.541868 0.191565 0.000000
0.336517 -0.343660 0.185559 0.000000
0.334345 0.133051 0.138936 0.000000
0.507854 -1.142791 0.159888 1.000000
-0.008809 -0.463499 0.164766 0.000000
0.610671 -0.157040 0.108229 0.000000
0.424468 0.093973 0.090159 0.000000
0.328528 0.210945 0.165954 0.000000
0.249922 -0.127794 0.169093 0.000000
0.331460 -0.609706 0.201089 0.000000
0.489035 0.004906 0.128711 0.000000
0.330115 -0.355723 0.237214 0.000000
0.515977 -0.099285 0.146488 0.000000
0.301753 0.080819 0.265098 0.000000
0.011894 -0.453043 0.159328 0.000000
0.458086 0.087899 0.129426 0.000000
0.488824 -0.124616 0.174081 0.000000
0.499597 -0.069245 0.113094 0.000000
0.381194 -0.888858 0.458787 0.000000
0.322233 -0.069289 0.177269 0.000000
0.307756 -1.003809 0.213422 0.000000
0.297942 -0.016504 0.170112 0.000000
0.328463 0.168104 0.166647 0.000000
0.225782 -0.072645 0.370531 0.000000
0.196564 -0.126605 0.415708 0.000000
0.481028 -1.078831 0.186514 1.000000
0.431885 0.072212 0.082030 0.000000
0.337442 -0.364371 0.184911 0.000000
0.328806 -0.413038 0.199458 0.000000
0.426801 0.115260 0.116815 0.000000
0.325189 0.059326 0.175889 0.000000
0.366930 -0.823919 0.410634 0.000000
0.560635 -1.243144 0.135099 1.000000
0.281350 -0.966972 0.225321 0.000000
0.357243 -0.486417 0.267024 0.000000
0.200717 -0.167595 0.438473 0.000000
0.343789 0.258494 0.194215 0.000000
0.343398 -0.428661 0.258143 0.000000
0.322494 0.094352 0.070387 0.000000
0.387511 -0.723229 0.373324 0.000000
0.520231 -0.113738 0.139268 0.000000
0.484995 -1.101904 0.170142 1.000000
0.375293 -0.056163 0.268746 0.000000
0.345840 -0.823986 0.220885 0.000000
0.426788 -0.008783 0.316237 0.000000
0.236719 -0.162767 0.166009 0.000000
0.385898 0.380387 0.150162 0.000000
0.331408 -0.504666 0.190603 0.000000
0.395203 0.013716 0.263094 0.000000
0.349383 -0.433894 0.248894 0.000000
0.401759 0.174158 0.215367 0.000000
0.322748 -0.344178 0.195266 0.000000
0.344425 -0.712971 0.200963 0.000000
0.370597 0.459493 0.119210 0.000000
0.397997 0.073142 0.234913 0.000000
0.430446 -1.006410 0.213409 1.000000
0.402311 0.333493 0.125667 0.000000
0.478458 0.050034 0.126439 0.000000
0.375318 -0.023302 0.253599 0.000000
0.337094 -0.644983 0.208320 0.000000
0.393577 -0.899469 0.469145 0.000000
0.360453 -0.483632 0.244371 0.000000
0.336345 -0.287893 0.187935 0.000000
0.357565 -0.673537 0.328238 0.000000
0.123001 -0.326482 0.172259 0.000000
0.470553 -0.068205 0.191772 0.000000
0.337605 -0.422042 0.202508 0.000000
0.366408 -0.730441 0.361019 0.000000
0.546142 -1.223796 0.138968 1.000000
0.332743 -0.918310 0.219961 0.000000
0.364845 -0.078821 0.295605 0.000000
0.389426 0.022912 0.263162 0.000000
0.353600 -0.451877 0.245671 0.000000
0.330513 -0.867372 0.214107 0.000000
0.173542 -0.206260 -0.038694 0.000000
0.311880 -0.964611 0.206063 0.000000
0.338361 -0.726186 0.210578 0.000000
0.337772 0.214381 0.223459 0.000000
0.400067 0.242119 0.167884 0.000000
0.325383 -0.141879 0.182113 0.000000
0.558701 -1.231347 0.141037 1.000000
0.330474 -0.674399 0.204103 0.000000
0.394640 0.111244 0.053347 0.000000
0.331107 -0.227004 0.190744 0.000000
0.337901 0.209239 0.096402 0.000000
-0.039371 -0.493928 0.155838 0.000000
0.430204 0.082129 0.084676 0.000000
-0.067390 -0.526858 0.131444 0.000000
0.333647 -0.263211 0.189945 0.000000
0.281249 -1.057073 0.259318 0.000000
0.335076 0.258150 0.164663 0.000000
0.579685 -1.267771 0.124580 1.000000
0.330850 -0.881863 0.210374 0.000000
0.263360 -0.025076 0.337057 0.000000
0.404132 -0.946635 0.526211 0.000000
0.305110 -1.061362 0.235285 0.000000
0.316638 -0.022504 0.040072 0.000000
0.352033 -0.441783 0.252396 0.000000
0.322785 -0.970563 0.223279 0.000000
0.338443 -0.384414 0.190755 0.000000
0.428379 0.089851 0.203163 0.000000
-0.025046 -0.480843 0.164270 0.000000
-0.001612 -0.461225 0.153813 0.000000
0.358430 -0.598599 0.294771 0.000000
0.350371 0.482269 0.147789 0.000000
0.287364 -1.099164 0.254381 0.000000
0.297126 -1.074007 0.205891 0.000000
0.381347 -0.036705 -0.015435 0.000000
0.348872 0.451524 0.157718 0.000000
0.381004 -0.936371 0.185400 1.000000
0.279771 -1.019139 0.241963 0.000000
0.012412 -0.460595 0.152327 0.000000
0.295385 -0.058234 0.038806 0.000000
0.443010 -0.072953 0.233367 0.000000
0.342227 -0.476918 0.198248 0.000000
0.338729 0.392949 0.137138 0.000000
0.387509 0.410447 0.126758 0.000000
0.408445 -0.959888 0.563859 0.000000
0.337653 0.206437 0.166336 0.000000
0.187043 -0.220955 0.154624 0.000000
0.392474 -0.958932 0.186035 1.000000
0.397576 0.289869 0.161093 0.000000
0.330238 0.025922 0.179295 0.000000
0.341853 0.245262 0.160056 0.000000
0.432634 0.140387 0.122539 0.000000
-0.127937 -0.592685 0.121786 0.000000
0.348472 0.251277 0.183325 0.000000
0.371336 0.048135 0.222190 0.000000
0.344934 0.278510 0.184101 0.000000
0.366252 -0.509895 0.293323 0.000000
0.334051 0.250970 0.100698 0.000000
0.320659 -0.876426 0.211150 0.000000
0.365172 -0.514901 0.286541 0.000000
0.340806 -0.449050 0.189759 0.000000
0.335278 -0.491907 0.188413 0.000000
0.389643 0.364127 0.157306 0.000000
0.330109 0.126865 0.257554 0.000000
0.505008 -0.243140 -0.049612 0.000000
0.378820 -0.778298 0.389453 0.000000
0.322921 -0.009123 0.174943 0.000000
0.342598 -0.524415 0.193145 0.000000
0.070136 -0.362357 0.178264 0.000000
0.299033 -0.921924 0.241444 0.000000
0.430647 0.084135 0.186426 0.000000
0.331614 -0.588297 0.204096 0.000000
0.374690 -0.647083 0.339626 0.000000
0.436420 0.013409 0.072203 0.000000
0.332880 0.117111 0.078150 0.000000
0.275490 -0.127950 0.009101 0.000000
0.115493 -0.338361 0.169678 0.000000
0.272159 -1.054492 0.252017 0.000000
0.337782 -0.289467 0.201037 0.000000
0.351119 0.423447 0.150993 0.000000
0.194178 -0.157273 0.439542 0.000000
0.420300 0.103041 0.097107 0.000000
0.337077 -0.272232 0.192724 0.000000
0.327131 0.004103 0.177425 0.000000
0.508396 -0.225340 -0.042013 0.000000
0.335106 0.144035 0.252010 0.000000
0.145900 -0.299749 0.168717 0.000000
0.280626 0.057225 0.276612 0.000000
0.328942 -0.766520 0.203963 0.000000
0.353394 0.259337 0.105978 0.000000
0.501042 -1.131320 0.165947 1.000000
0.304071 -0.946992 0.228542 0.000000
0.373222 -0.926655 0.182194 1.000000
0.289176 -1.008413 0.240005 0.000000
0.392655 -0.858710 0.436384 0.000000
0.313568 -0.918231 0.234254 0.000000
0.597672 -1.286093 0.119167 1.000000
0.397433 -0.956755 0.201033 1.000000
0.388942 0.359264 0.149024 0.000000
0.294433 -1.072328 0.230261 0.000000
0.307010 -1.056402 0.230249 0.000000
0.341422 0.226146 0.104461 0.000000
0.337560 -0.357628 0.185934 0.000000
0.409949 0.001492 0.286350 0.000000
0.423937 -0.978999 0.573138 0.000000
0.252080 -0.165584 -0.004473 0.000000
0.190092 -0.236412 0.520657 0.000000
0.341275 -0.700018 0.195368 0.000000
0.398882 -0.198067 0.297344 0.000000
0.480176 -0.105756 0.050637 0.000000
0.287836 -0.968558 0.239572 0.000000
0.013098 -0.440040 0.174425 0.000000
0.316053 -0.963501 0.229955 0.000000
0.334624 -0.037087 0.179828 0.000000
0.335764 0.145072 0.082887 0.000000
0.334105 -0.713015 0.206721 0.000000
0.286147 -0.940732 0.232547 0.000000
0.425886 0.077318 0.091969 0.000000
0.128021 -0.310782 0.169716 0.000000
0.445478 0.064370 0.118929 0.000000
0.337542 -0.577278 0.208187 0.000000
0.463850 -0.025915 0.349076 0.000000
0.431160 -1.028664 0.176162 1.000000
0.303327 -1.056072 0.245347 0.000000
0.418317 -1.000126 0.195426 1.000000
0.336600 0.170515 0.242997 0.000000
0.360571 -0.913014 0.178396 1.000000
0.356730 0.063833 0.211661 0.000000
0.463422 0.076929 0.135463 0.000000
0.436492 0.018412 0.083091 0.000000
0.376681 -0.574089 0.312989 0.000000
0.412468 0.162247 0.098033 0.000000
0.361823 -0.509582 0.282842 0.000000
0.258332 -0.099272 0.179495 0.000000
0.491758 -0.065661 0.108760 0.000000
0.266783 -1.036657 0.253932 0.000000
0.373935 0.455503 0.145068 0.000000
0.589376 -1.297557 0.118209 1.000000
0.333969 -0.861143 0.217446 0.000000
0.276138 -0.988003 0.234597 0.000000
0.298878 -1.092586 0.225575 0.000000
0.338228 0.271489 0.165540 0.000000
-0.034293 -0.485582 0.155427 0.000000
0.329768 0.145711 0.131324 0.000000
0.399100 0.312968 0.128752 0.000000
0.444944 0.038197 0.182900 0.000000
0.334179 0.293118 0.162788 0.000000
0.315682 -0.993939 0.233461 0.000000
0.312797 0.015417 0.055742 0.000000
0.328781 -0.737454 0.203100 0.000000
0.326808 -0.535526 0.200215 0.000000
0.034188 -0.420768 0.169406 0.000000
0.194937 -0.185926 0.468659 0.000000
0.327054 -0.512645 0.190990 0.000000
0.403199 0.008088 0.287251 0.000000
0.371645 0.336862 0.121635 0.000000
0.068208 -0.396304 0.168087 0.000000
0.360580 -0.533849 0.295421 0.000000
0.389710 0.170261 0.076734 0.000000
0.329223 -0.445331 0.197066 0.000000
0.302311 -1.079912 0.225805 0.000000
0.486175 -0.003245 0.136808 0.000000
0.350830 -0.322682 0.200171 0.000000
0.494019 -0.040716 0.147918 0.000000
0.527416 -0.137743 0.161650 0.000000
0.334586 -0.851525 0.215100 0.000000
0.478435 -1.083051 0.177929 1.000000
0.402125 0.140893 0.216139 0.000000
0.324629 0.206003 0.111232 0.000000
0.297079 -0.903270 0.229334 0.000000
0.339084 -0.313378 0.192875 0.000000
0.307758 -1.048456 0.226588 0.000000
-0.066326 -0.535691 0.144070 0.000000
0.344345 0.328951 0.166073 0.000000
0.538587 -1.197878 0.139011 1.000000
0.363671 -0.675946 0.340120 0.000000
0.297191 -1.047709 0.205924 0.000000
0.183207 -0.264757 0.561029 0.000000
0.338154 0.285373 0.168020 0.000000
0.419017 0.115257 0.094581 0.000000
0.342940 0.157416 0.118787 0.000000
0.325965 -0.856711 0.226885 0.000000
0.387583 0.423297 0.147705 0.000000
0.531656 -0.190241 0.167032 0.000000
0.401321 0.233704 0.169551 0.000000
0.397196 -0.788234 0.403239 0.000000
0.182054 -0.255814 0.552126 0.000000
0.321671 0.108859 0.258007 0.000000
0.325388 0.186513 0.109000 0.000000
0.340272 -0.763593 0.212079 0.000000
0.401879 0.155133 0.077877 0.000000
0.133412 -0.296050 0.169804 0.000000
0.344056 -0.677439 0.202390 0.000000
0.299184 -1.052855 0.240175 0.000000
0.389889 -0.950744 0.220522 1.000000
0.359081 -0.571829 0.294286 0.000000
0.380440 0.440225 0.148226 0.000000
0.456992 -1.057804 0.170335 1.000000
0.477644 -1.095010 0.160809 1.000000
0.297516 -0.065306 0.044400 0.000000
0.346098 0.173993 0.109764 0.000000
0.346201 0.362328 0.121330 0.000000
0.326604 0.085512 0.178896 0.000000
0.372566 -0.666390 0.344890 0.000000
0.401998 -0.893429 0.462176 0.000000
0.188068 -0.207696 0.151720 0.000000
0.292544 -0.023584 0.184955 0.000000
0.239015 -0.076069 0.367706 0.000000
0.429243 -0.979288 0.595555 0.000000
0.293739 -1.140474 0.215880 0.000000
0.384509 0.452488 0.144549 0.000000
0.221143 -0.119616 0.395975 0.000000
-0.042906 -0.503181 0.138021 0.000000
0.315417 -1.084070 0.242779 0.000000
0.329518 0.157918 0.165680 0.000000
0.389968 0.343331 0.145137 0.000000
0.382336 0.437747 0.132610 0.000000
0.398468 0.151875 0.223058 0.000000
0.249974 -0.120276 0.160057 0.000000
0.328232 -0.693463 0.204711 0.000000
0.227003 -0.084637 0.376941 0.000000
0.488402 -1.128393 0.157494 1.000000
0.374456 -0.931795 0.204688 1.000000
0.501341 -0.164585 0.020355 0.000000
0.447012 0.133666 0.127795 0.000000
0.351957 -0.905067 0.181251 1.000000
0.476508 -0.094666 0.054528 0.000000
0.502384 -0.060070 0.146827 0.000000
0.328260 -0.325625 0.189985 0.000000
0.338901 0.204551 0.221001 0.000000
0.316620 -0.915353 0.226949 0.000000
0.402551 0.202576 0.211815 0.000000
0.241711 -0.134490 0.147253 0.000000
0.324682 -0.619108 0.202717 0.000000
0.420527 -0.968955 0.559775 0.000000
0.331804 -0.566414 0.196668 0.000000
0.219811 -0.203730 0.165710 0.000000
0.190596 -0.165298 0.448015 0.000000
